condition_id,concept,layer,direction_id,dose_axis,dose,dose_role,scale_statistic,text_version,target_label,present_label,n_sham,n_injected,false_positive_rate,hit_rate,correct_rejection_rate,balanced_accuracy,auroc,mean_presence_margin_sham,mean_presence_margin_injected,invalid_rate_sham,invalid_rate_injected
Dust__block_00__alpha128,Dust,0,concept__block_00__Dust,alpha,128,near_threshold,mad_corrected,neutral,A,X,10,10,0.0,0.0,1.0,0.5,0.945,-2.65,0.51875,0.0,0.8
Dust__block_00__alpha128,Dust,0,concept__block_00__Dust,alpha,128,near_threshold,mad_corrected,evocative,A,X,10,10,0.0,0.0,1.0,0.5,1.0,-2.525,1.3578125,0.0,1.0
Dust__block_00__alpha128,Dust,0,concept__block_00__Dust,alpha,128,near_threshold,mad_corrected,neutral,A,Y,10,10,0.0,0.0,1.0,0.5,0.99,-4.1875,-0.625,0.0,0.9
Dust__block_00__alpha128,Dust,0,concept__block_00__Dust,alpha,128,near_threshold,mad_corrected,evocative,A,Y,10,10,0.0,0.0,1.0,0.5,0.935,-3.6,-1.146875,0.0,1.0
Dust__block_00__alpha128,Dust,0,concept__block_00__Dust,alpha,128,near_threshold,mad_corrected,neutral,B,X,10,10,0.0,0.0,1.0,0.5,1.0,-2.6875,1.053125,0.0,1.0
Dust__block_00__alpha128,Dust,0,concept__block_00__Dust,alpha,128,near_threshold,mad_corrected,evocative,B,X,10,10,0.0,0.0,1.0,0.5,1.0,-2.5125,1.9125,0.0,1.0
Dust__block_00__alpha128,Dust,0,concept__block_00__Dust,alpha,128,near_threshold,mad_corrected,neutral,B,Y,10,10,0.0,0.0,1.0,0.5,1.0,-4.25,-0.25,0.0,1.0
Dust__block_00__alpha128,Dust,0,concept__block_00__Dust,alpha,128,near_threshold,mad_corrected,evocative,B,Y,10,10,0.0,0.0,1.0,0.5,0.925,-3.35,-1.3625,0.0,1.0
Dust__block_00__alpha256,Dust,0,concept__block_00__Dust,alpha,256,above_threshold,mad_corrected,neutral,A,X,10,10,0.0,0.0,1.0,0.5,1.0,-2.65,1.49453125,0.0,1.0
Dust__block_00__alpha256,Dust,0,concept__block_00__Dust,alpha,256,above_threshold,mad_corrected,evocative,A,X,10,10,0.0,0.0,1.0,0.5,1.0,-2.525,1.5298828125,0.0,1.0
Dust__block_00__alpha256,Dust,0,concept__block_00__Dust,alpha,256,above_threshold,mad_corrected,neutral,A,Y,10,10,0.0,0.0,1.0,0.5,1.0,-4.1875,-1.46875,0.0,1.0
Dust__block_00__alpha256,Dust,0,concept__block_00__Dust,alpha,256,above_threshold,mad_corrected,evocative,A,Y,10,10,0.0,0.0,1.0,0.5,0.96,-3.6,-1.57423095703125,0.0,1.0
Dust__block_00__alpha256,Dust,0,concept__block_00__Dust,alpha,256,above_threshold,mad_corrected,neutral,B,X,10,10,0.0,0.0,1.0,0.5,1.0,-2.6875,1.8859375,0.0,1.0
Dust__block_00__alpha256,Dust,0,concept__block_00__Dust,alpha,256,above_threshold,mad_corrected,evocative,B,X,10,10,0.0,0.0,1.0,0.5,1.0,-2.5125,1.96640625,0.0,1.0
Dust__block_00__alpha256,Dust,0,concept__block_00__Dust,alpha,256,above_threshold,mad_corrected,neutral,B,Y,10,10,0.0,0.0,1.0,0.5,0.98,-4.25,-1.3875,0.0,1.0
Dust__block_00__alpha256,Dust,0,concept__block_00__Dust,alpha,256,above_threshold,mad_corrected,evocative,B,Y,10,10,0.0,0.0,1.0,0.5,0.89,-3.35,-1.90546875,0.0,1.0
Dust__block_01__alpha128,Dust,1,concept__block_01__Dust,alpha,128,near_threshold,mad_corrected,neutral,A,X,10,10,0.0,0.0,1.0,0.5,0.875,-2.65,-1.925,0.0,0.4
Dust__block_01__alpha128,Dust,1,concept__block_01__Dust,alpha,128,near_threshold,mad_corrected,evocative,A,X,10,10,0.0,0.0,1.0,0.5,0.985,-2.525,-1.64375,0.0,0.4
Dust__block_01__alpha128,Dust,1,concept__block_01__Dust,alpha,128,near_threshold,mad_corrected,neutral,A,Y,10,10,0.0,0.0,1.0,0.5,0.92,-4.1875,-3.0625,0.0,0.4
Dust__block_01__alpha128,Dust,1,concept__block_01__Dust,alpha,128,near_threshold,mad_corrected,evocative,A,Y,10,10,0.0,0.0,1.0,0.5,0.72,-3.6,-3.09375,0.0,0.4
Dust__block_01__alpha128,Dust,1,concept__block_01__Dust,alpha,128,near_threshold,mad_corrected,neutral,B,X,10,10,0.0,0.0,1.0,0.5,0.55,-2.6875,-2.7375,0.0,0.7
Dust__block_01__alpha128,Dust,1,concept__block_01__Dust,alpha,128,near_threshold,mad_corrected,evocative,B,X,10,10,0.0,0.0,1.0,0.5,0.66,-2.5125,-2.3375,0.0,0.7
Dust__block_01__alpha128,Dust,1,concept__block_01__Dust,alpha,128,near_threshold,mad_corrected,neutral,B,Y,10,10,0.0,0.0,1.0,0.5,0.525,-4.25,-4.1875,0.0,0.3
Dust__block_01__alpha128,Dust,1,concept__block_01__Dust,alpha,128,near_threshold,mad_corrected,evocative,B,Y,10,10,0.0,0.0,1.0,0.5,0.14,-3.35,-4.3375,0.0,0.4
Dust__block_01__alpha256,Dust,1,concept__block_01__Dust,alpha,256,above_threshold,mad_corrected,neutral,A,X,10,10,0.0,0.0,1.0,0.5,0.86,-2.65,-1.5,0.0,0.4
Dust__block_01__alpha256,Dust,1,concept__block_01__Dust,alpha,256,above_threshold,mad_corrected,evocative,A,X,10,10,0.0,0.0,1.0,0.5,0.955,-2.525,-1.225,0.0,0.4
Dust__block_01__alpha256,Dust,1,concept__block_01__Dust,alpha,256,above_threshold,mad_corrected,neutral,A,Y,10,10,0.0,0.0,1.0,0.5,0.61,-4.1875,-3.96875,0.0,0.4
Dust__block_01__alpha256,Dust,1,concept__block_01__Dust,alpha,256,above_threshold,mad_corrected,evocative,A,Y,10,10,0.0,0.0,1.0,0.5,0.35,-3.6,-3.975,0.0,0.4
Dust__block_01__alpha256,Dust,1,concept__block_01__Dust,alpha,256,above_threshold,mad_corrected,neutral,B,X,10,10,0.0,0.0,1.0,0.5,0.835,-2.6875,-2.03125,0.0,0.9
Dust__block_01__alpha256,Dust,1,concept__block_01__Dust,alpha,256,above_threshold,mad_corrected,evocative,B,X,10,10,0.0,0.0,1.0,0.5,0.96,-2.5125,-1.625,0.0,0.8
Dust__block_01__alpha256,Dust,1,concept__block_01__Dust,alpha,256,above_threshold,mad_corrected,neutral,B,Y,10,10,0.0,0.0,1.0,0.5,0.09,-4.25,-5.73125,0.0,0.5
Dust__block_01__alpha256,Dust,1,concept__block_01__Dust,alpha,256,above_threshold,mad_corrected,evocative,B,Y,10,10,0.0,0.0,1.0,0.5,0.0,-3.35,-5.975,0.0,0.3
Dust__block_02__alpha128,Dust,2,concept__block_02__Dust,alpha,128,near_threshold,mad_corrected,neutral,A,X,10,10,0.0,0.0,1.0,0.5,1.0,-2.65,-0.9375,0.0,0.5
Dust__block_02__alpha128,Dust,2,concept__block_02__Dust,alpha,128,near_threshold,mad_corrected,evocative,A,X,10,10,0.0,0.0,1.0,0.5,1.0,-2.525,-0.4875,0.0,0.7
Dust__block_02__alpha128,Dust,2,concept__block_02__Dust,alpha,128,near_threshold,mad_corrected,neutral,A,Y,10,10,0.0,0.0,1.0,0.5,1.0,-4.1875,-2.575,0.0,0.4
Dust__block_02__alpha128,Dust,2,concept__block_02__Dust,alpha,128,near_threshold,mad_corrected,evocative,A,Y,10,10,0.0,0.0,1.0,0.5,0.97,-3.6,-2.025,0.0,0.5
Dust__block_02__alpha128,Dust,2,concept__block_02__Dust,alpha,128,near_threshold,mad_corrected,neutral,B,X,10,10,0.0,0.0,1.0,0.5,0.975,-2.6875,-1.6,0.0,1.0
Dust__block_02__alpha128,Dust,2,concept__block_02__Dust,alpha,128,near_threshold,mad_corrected,evocative,B,X,10,10,0.0,0.0,1.0,0.5,1.0,-2.5125,-1.2625,0.0,1.0
Dust__block_02__alpha128,Dust,2,concept__block_02__Dust,alpha,128,near_threshold,mad_corrected,neutral,B,Y,10,10,0.0,0.0,1.0,0.5,0.87,-4.25,-3.0375,0.0,0.9
Dust__block_02__alpha128,Dust,2,concept__block_02__Dust,alpha,128,near_threshold,mad_corrected,evocative,B,Y,10,10,0.0,0.0,1.0,0.5,0.825,-3.35,-2.5875,0.0,0.6
Dust__block_02__alpha256,Dust,2,concept__block_02__Dust,alpha,256,above_threshold,mad_corrected,neutral,A,X,10,10,0.0,0.0,1.0,0.5,1.0,-2.65,-0.0375,0.0,0.7
Dust__block_02__alpha256,Dust,2,concept__block_02__Dust,alpha,256,above_threshold,mad_corrected,evocative,A,X,10,10,0.0,0.0,1.0,0.5,1.0,-2.525,0.5375,0.0,0.9
Dust__block_02__alpha256,Dust,2,concept__block_02__Dust,alpha,256,above_threshold,mad_corrected,neutral,A,Y,10,10,0.0,0.0,1.0,0.5,0.875,-4.1875,-3.1375,0.0,0.5
Dust__block_02__alpha256,Dust,2,concept__block_02__Dust,alpha,256,above_threshold,mad_corrected,evocative,A,Y,10,10,0.0,0.0,1.0,0.5,0.91,-3.6,-2.525,0.0,0.7
Dust__block_02__alpha256,Dust,2,concept__block_02__Dust,alpha,256,above_threshold,mad_corrected,neutral,B,X,10,10,0.0,0.0,1.0,0.5,1.0,-2.6875,-0.5375,0.0,1.0
Dust__block_02__alpha256,Dust,2,concept__block_02__Dust,alpha,256,above_threshold,mad_corrected,evocative,B,X,10,10,0.0,0.0,1.0,0.5,1.0,-2.5125,-0.325,0.0,1.0
Dust__block_02__alpha256,Dust,2,concept__block_02__Dust,alpha,256,above_threshold,mad_corrected,neutral,B,Y,10,10,0.0,0.0,1.0,0.5,0.71,-4.25,-3.75625,0.0,1.0
Dust__block_02__alpha256,Dust,2,concept__block_02__Dust,alpha,256,above_threshold,mad_corrected,evocative,B,Y,10,10,0.0,0.0,1.0,0.5,0.615,-3.35,-3.16875,0.0,0.9
Dust__block_03__alpha128,Dust,3,concept__block_03__Dust,alpha,128,near_threshold,mad_corrected,neutral,A,X,10,10,0.0,0.0,1.0,0.5,0.83,-2.65,-2.03125,0.0,0.7
Dust__block_03__alpha128,Dust,3,concept__block_03__Dust,alpha,128,near_threshold,mad_corrected,evocative,A,X,10,10,0.0,0.0,1.0,0.5,0.98,-2.525,-1.30625,0.0,1.0
Dust__block_03__alpha128,Dust,3,concept__block_03__Dust,alpha,128,near_threshold,mad_corrected,neutral,A,Y,10,10,0.0,0.0,1.0,0.5,0.84,-4.1875,-2.85625,0.0,0.5
Dust__block_03__alpha128,Dust,3,concept__block_03__Dust,alpha,128,near_threshold,mad_corrected,evocative,A,Y,10,10,0.0,0.0,1.0,0.5,0.855,-3.6,-2.2375,0.0,0.7
Dust__block_03__alpha128,Dust,3,concept__block_03__Dust,alpha,128,near_threshold,mad_corrected,neutral,B,X,10,10,0.0,0.0,1.0,0.5,0.975,-2.6875,-1.46875,0.0,1.0
Dust__block_03__alpha128,Dust,3,concept__block_03__Dust,alpha,128,near_threshold,mad_corrected,evocative,B,X,10,10,0.0,0.0,1.0,0.5,1.0,-2.5125,-0.775,0.0,1.0
Dust__block_03__alpha128,Dust,3,concept__block_03__Dust,alpha,128,near_threshold,mad_corrected,neutral,B,Y,10,10,0.0,0.0,1.0,0.5,0.93,-4.25,-2.46875,0.0,1.0
Dust__block_03__alpha128,Dust,3,concept__block_03__Dust,alpha,128,near_threshold,mad_corrected,evocative,B,Y,10,10,0.0,0.0,1.0,0.5,0.95,-3.35,-1.95625,0.0,1.0
Dust__block_03__alpha256,Dust,3,concept__block_03__Dust,alpha,256,above_threshold,mad_corrected,neutral,A,X,10,10,0.0,0.0,1.0,0.5,1.0,-2.65,-0.6,0.0,1.0
Dust__block_03__alpha256,Dust,3,concept__block_03__Dust,alpha,256,above_threshold,mad_corrected,evocative,A,X,10,10,0.0,0.0,1.0,0.5,1.0,-2.525,0.34375,0.0,1.0
Dust__block_03__alpha256,Dust,3,concept__block_03__Dust,alpha,256,above_threshold,mad_corrected,neutral,A,Y,10,10,0.0,0.0,1.0,0.5,0.605,-4.1875,-3.60625,0.0,0.8
Dust__block_03__alpha256,Dust,3,concept__block_03__Dust,alpha,256,above_threshold,mad_corrected,evocative,A,Y,10,10,0.0,0.0,1.0,0.5,0.64,-3.6,-3.025,0.0,1.0
Dust__block_03__alpha256,Dust,3,concept__block_03__Dust,alpha,256,above_threshold,mad_corrected,neutral,B,X,10,10,0.0,0.0,1.0,0.5,1.0,-2.6875,0.21875,0.0,1.0
Dust__block_03__alpha256,Dust,3,concept__block_03__Dust,alpha,256,above_threshold,mad_corrected,evocative,B,X,10,10,0.0,0.0,1.0,0.5,1.0,-2.5125,0.91875,0.0,1.0
Dust__block_03__alpha256,Dust,3,concept__block_03__Dust,alpha,256,above_threshold,mad_corrected,neutral,B,Y,10,10,0.0,0.0,1.0,0.5,0.795,-4.25,-3.33125,0.0,1.0
Dust__block_03__alpha256,Dust,3,concept__block_03__Dust,alpha,256,above_threshold,mad_corrected,evocative,B,Y,10,10,0.0,0.0,1.0,0.5,0.67,-3.35,-3.00625,0.0,1.0
Dust__block_04__alpha128,Dust,4,concept__block_04__Dust,alpha,128,near_threshold,mad_corrected,neutral,A,X,10,10,0.0,0.0,1.0,0.5,0.82,-2.65,-2.2375,0.0,0.0
Dust__block_04__alpha128,Dust,4,concept__block_04__Dust,alpha,128,near_threshold,mad_corrected,evocative,A,X,10,10,0.0,0.0,1.0,0.5,0.96,-2.525,-1.8125,0.0,0.0
Dust__block_04__alpha128,Dust,4,concept__block_04__Dust,alpha,128,near_threshold,mad_corrected,neutral,A,Y,10,10,0.0,0.0,1.0,0.5,1.0,-4.1875,-2.1,0.0,0.0
Dust__block_04__alpha128,Dust,4,concept__block_04__Dust,alpha,128,near_threshold,mad_corrected,evocative,A,Y,10,10,0.0,0.0,1.0,0.5,0.99,-3.6,-1.925,0.0,0.0
Dust__block_04__alpha128,Dust,4,concept__block_04__Dust,alpha,128,near_threshold,mad_corrected,neutral,B,X,10,10,0.0,0.0,1.0,0.5,0.72,-2.6875,-2.4125,0.0,0.0
Dust__block_04__alpha128,Dust,4,concept__block_04__Dust,alpha,128,near_threshold,mad_corrected,evocative,B,X,10,10,0.0,0.0,1.0,0.5,0.91,-2.5125,-1.95625,0.0,0.0
Dust__block_04__alpha128,Dust,4,concept__block_04__Dust,alpha,128,near_threshold,mad_corrected,neutral,B,Y,10,10,0.0,0.0,1.0,0.5,1.0,-4.25,-2.2875,0.0,0.0
Dust__block_04__alpha128,Dust,4,concept__block_04__Dust,alpha,128,near_threshold,mad_corrected,evocative,B,Y,10,10,0.0,0.0,1.0,0.5,0.95,-3.35,-2.11875,0.0,0.0
Dust__block_04__alpha256,Dust,4,concept__block_04__Dust,alpha,256,above_threshold,mad_corrected,neutral,A,X,10,10,0.0,0.0,1.0,0.5,0.915,-2.65,-1.73125,0.0,0.0
Dust__block_04__alpha256,Dust,4,concept__block_04__Dust,alpha,256,above_threshold,mad_corrected,evocative,A,X,10,10,0.0,0.0,1.0,0.5,1.0,-2.525,-1.2375,0.0,0.0
Dust__block_04__alpha256,Dust,4,concept__block_04__Dust,alpha,256,above_threshold,mad_corrected,neutral,A,Y,10,10,0.0,0.0,1.0,0.5,1.0,-4.1875,-2.2375,0.0,0.0
Dust__block_04__alpha256,Dust,4,concept__block_04__Dust,alpha,256,above_threshold,mad_corrected,evocative,A,Y,10,10,0.0,0.0,1.0,0.5,0.99,-3.6,-1.9875,0.0,0.0
Dust__block_04__alpha256,Dust,4,concept__block_04__Dust,alpha,256,above_threshold,mad_corrected,neutral,B,X,10,10,0.0,0.0,1.0,0.5,0.815,-2.6875,-2.0625,0.0,0.0
Dust__block_04__alpha256,Dust,4,concept__block_04__Dust,alpha,256,above_threshold,mad_corrected,evocative,B,X,10,10,0.0,0.0,1.0,0.5,0.99,-2.5125,-1.4875,0.0,0.0
Dust__block_04__alpha256,Dust,4,concept__block_04__Dust,alpha,256,above_threshold,mad_corrected,neutral,B,Y,10,10,0.0,0.0,1.0,0.5,1.0,-4.25,-2.5125,0.0,0.0
Dust__block_04__alpha256,Dust,4,concept__block_04__Dust,alpha,256,above_threshold,mad_corrected,evocative,B,Y,10,10,0.0,0.0,1.0,0.5,0.885,-3.35,-2.35,0.0,0.0
Dust__block_05__alpha128,Dust,5,concept__block_05__Dust,alpha,128,near_threshold,mad_corrected,neutral,A,X,10,10,0.0,0.0,1.0,0.5,1.0,-2.65,-1.2375,0.0,0.0
Dust__block_05__alpha128,Dust,5,concept__block_05__Dust,alpha,128,near_threshold,mad_corrected,evocative,A,X,10,10,0.0,0.0,1.0,0.5,1.0,-2.525,-0.79375,0.0,0.0
Dust__block_05__alpha128,Dust,5,concept__block_05__Dust,alpha,128,near_threshold,mad_corrected,neutral,A,Y,10,10,0.0,0.0,1.0,0.5,1.0,-4.1875,-2.4375,0.0,0.0
Dust__block_05__alpha128,Dust,5,concept__block_05__Dust,alpha,128,near_threshold,mad_corrected,evocative,A,Y,10,10,0.0,0.0,1.0,0.5,0.945,-3.6,-2.3875,0.0,0.0
Dust__block_05__alpha128,Dust,5,concept__block_05__Dust,alpha,128,near_threshold,mad_corrected,neutral,B,X,10,10,0.0,0.0,1.0,0.5,0.99,-2.6875,-1.53125,0.0,0.0
Dust__block_05__alpha128,Dust,5,concept__block_05__Dust,alpha,128,near_threshold,mad_corrected,evocative,B,X,10,10,0.0,0.0,1.0,0.5,1.0,-2.5125,-1.13125,0.0,0.0
Dust__block_05__alpha128,Dust,5,concept__block_05__Dust,alpha,128,near_threshold,mad_corrected,neutral,B,Y,10,10,0.0,0.0,1.0,0.5,1.0,-4.25,-2.4375,0.0,0.0
Dust__block_05__alpha128,Dust,5,concept__block_05__Dust,alpha,128,near_threshold,mad_corrected,evocative,B,Y,10,10,0.0,0.0,1.0,0.5,0.87,-3.35,-2.41875,0.0,0.0
Dust__block_05__alpha256,Dust,5,concept__block_05__Dust,alpha,256,above_threshold,mad_corrected,neutral,A,X,10,10,0.0,0.0,1.0,0.5,1.0,-2.65,-0.8125,0.0,0.0
Dust__block_05__alpha256,Dust,5,concept__block_05__Dust,alpha,256,above_threshold,mad_corrected,evocative,A,X,10,10,0.0,0.3,1.0,0.65,1.0,-2.525,-0.3875,0.0,0.0
Dust__block_05__alpha256,Dust,5,concept__block_05__Dust,alpha,256,above_threshold,mad_corrected,neutral,A,Y,10,10,0.0,0.0,1.0,0.5,1.0,-4.1875,-2.70625,0.0,0.0
Dust__block_05__alpha256,Dust,5,concept__block_05__Dust,alpha,256,above_threshold,mad_corrected,evocative,A,Y,10,10,0.0,0.0,1.0,0.5,0.89,-3.6,-2.60625,0.0,0.0
Dust__block_05__alpha256,Dust,5,concept__block_05__Dust,alpha,256,above_threshold,mad_corrected,neutral,B,X,10,10,0.0,0.0,1.0,0.5,1.0,-2.6875,-1.14375,0.0,0.0
Dust__block_05__alpha256,Dust,5,concept__block_05__Dust,alpha,256,above_threshold,mad_corrected,evocative,B,X,10,10,0.0,0.0,1.0,0.5,1.0,-2.5125,-0.71875,0.0,0.0
Dust__block_05__alpha256,Dust,5,concept__block_05__Dust,alpha,256,above_threshold,mad_corrected,neutral,B,Y,10,10,0.0,0.0,1.0,0.5,0.995,-4.25,-2.69375,0.0,0.0
Dust__block_05__alpha256,Dust,5,concept__block_05__Dust,alpha,256,above_threshold,mad_corrected,evocative,B,Y,10,10,0.0,0.0,1.0,0.5,0.825,-3.35,-2.6125,0.0,0.0
Dust__block_06__alpha128,Dust,6,concept__block_06__Dust,alpha,128,near_threshold,mad_corrected,neutral,A,X,10,10,0.0,0.7,1.0,0.85,1.0,-2.65,0.2125,0.0,0.0
Dust__block_06__alpha128,Dust,6,concept__block_06__Dust,alpha,128,near_threshold,mad_corrected,evocative,A,X,10,10,0.0,1.0,1.0,1.0,1.0,-2.525,0.5875,0.0,0.0
Dust__block_06__alpha128,Dust,6,concept__block_06__Dust,alpha,128,near_threshold,mad_corrected,neutral,A,Y,10,10,0.0,0.0,1.0,0.5,1.0,-4.1875,-0.725,0.0,0.0
Dust__block_06__alpha128,Dust,6,concept__block_06__Dust,alpha,128,near_threshold,mad_corrected,evocative,A,Y,10,10,0.0,0.0,1.0,0.5,1.0,-3.6,-0.55625,0.0,0.0
Dust__block_06__alpha128,Dust,6,concept__block_06__Dust,alpha,128,near_threshold,mad_corrected,neutral,B,X,10,10,0.0,0.5,1.0,0.75,1.0,-2.6875,-0.01875,0.0,0.0
Dust__block_06__alpha128,Dust,6,concept__block_06__Dust,alpha,128,near_threshold,mad_corrected,evocative,B,X,10,10,0.0,0.9,1.0,0.95,1.0,-2.5125,0.33125,0.0,0.0
Dust__block_06__alpha128,Dust,6,concept__block_06__Dust,alpha,128,near_threshold,mad_corrected,neutral,B,Y,10,10,0.0,0.0,1.0,0.5,1.0,-4.25,-0.825,0.0,0.0
Dust__block_06__alpha128,Dust,6,concept__block_06__Dust,alpha,128,near_threshold,mad_corrected,evocative,B,Y,10,10,0.0,0.0,1.0,0.5,1.0,-3.35,-0.44375,0.0,0.0
Dust__block_06__alpha256,Dust,6,concept__block_06__Dust,alpha,256,above_threshold,mad_corrected,neutral,A,X,10,10,0.0,1.0,1.0,1.0,1.0,-2.65,0.5125,0.0,0.0
Dust__block_06__alpha256,Dust,6,concept__block_06__Dust,alpha,256,above_threshold,mad_corrected,evocative,A,X,10,10,0.0,1.0,1.0,1.0,1.0,-2.525,0.825,0.0,0.0
Dust__block_06__alpha256,Dust,6,concept__block_06__Dust,alpha,256,above_threshold,mad_corrected,neutral,A,Y,10,10,0.0,0.0,1.0,0.5,1.0,-4.1875,-0.75,0.0,0.0
Dust__block_06__alpha256,Dust,6,concept__block_06__Dust,alpha,256,above_threshold,mad_corrected,evocative,A,Y,10,10,0.0,0.0,1.0,0.5,1.0,-3.6,-0.61875,0.0,0.0
Dust__block_06__alpha256,Dust,6,concept__block_06__Dust,alpha,256,above_threshold,mad_corrected,neutral,B,X,10,10,0.0,0.8,1.0,0.9,1.0,-2.6875,0.275,0.0,0.0
Dust__block_06__alpha256,Dust,6,concept__block_06__Dust,alpha,256,above_threshold,mad_corrected,evocative,B,X,10,10,0.0,1.0,1.0,1.0,1.0,-2.5125,0.63125,0.0,0.0
Dust__block_06__alpha256,Dust,6,concept__block_06__Dust,alpha,256,above_threshold,mad_corrected,neutral,B,Y,10,10,0.0,0.0,1.0,0.5,1.0,-4.25,-0.7875,0.0,0.0
Dust__block_06__alpha256,Dust,6,concept__block_06__Dust,alpha,256,above_threshold,mad_corrected,evocative,B,Y,10,10,0.0,0.0,1.0,0.5,1.0,-3.35,-0.46875,0.0,0.0
Dust__block_07__alpha128,Dust,7,concept__block_07__Dust,alpha,128,near_threshold,mad_corrected,neutral,A,X,10,10,0.0,0.3,1.0,0.65,1.0,-2.65,-0.11875,0.0,0.0
Dust__block_07__alpha128,Dust,7,concept__block_07__Dust,alpha,128,near_threshold,mad_corrected,evocative,A,X,10,10,0.0,0.9,1.0,0.95,1.0,-2.525,0.05625,0.0,0.0
Dust__block_07__alpha128,Dust,7,concept__block_07__Dust,alpha,128,near_threshold,mad_corrected,neutral,A,Y,10,10,0.0,0.0,1.0,0.5,1.0,-4.1875,-0.70625,0.0,0.0
Dust__block_07__alpha128,Dust,7,concept__block_07__Dust,alpha,128,near_threshold,mad_corrected,evocative,A,Y,10,10,0.0,0.2,1.0,0.6,1.0,-3.6,-0.3,0.0,0.0
Dust__block_07__alpha128,Dust,7,concept__block_07__Dust,alpha,128,near_threshold,mad_corrected,neutral,B,X,10,10,0.0,0.3,1.0,0.65,1.0,-2.6875,-0.2375,0.0,0.0
Dust__block_07__alpha128,Dust,7,concept__block_07__Dust,alpha,128,near_threshold,mad_corrected,evocative,B,X,10,10,0.0,0.8,1.0,0.9,1.0,-2.5125,0.0375,0.0,0.0
Dust__block_07__alpha128,Dust,7,concept__block_07__Dust,alpha,128,near_threshold,mad_corrected,neutral,B,Y,10,10,0.0,0.0,1.0,0.5,1.0,-4.25,-1.11875,0.0,0.0
Dust__block_07__alpha128,Dust,7,concept__block_07__Dust,alpha,128,near_threshold,mad_corrected,evocative,B,Y,10,10,0.0,0.1,1.0,0.55,1.0,-3.35,-0.54375,0.0,0.0
Dust__block_07__alpha256,Dust,7,concept__block_07__Dust,alpha,256,above_threshold,mad_corrected,neutral,A,X,10,10,0.0,1.0,1.0,1.0,1.0,-2.65,0.36875,0.0,0.0
Dust__block_07__alpha256,Dust,7,concept__block_07__Dust,alpha,256,above_threshold,mad_corrected,evocative,A,X,10,10,0.0,1.0,1.0,1.0,1.0,-2.525,0.475,0.0,0.0
Dust__block_07__alpha256,Dust,7,concept__block_07__Dust,alpha,256,above_threshold,mad_corrected,neutral,A,Y,10,10,0.0,0.0,1.0,0.5,1.0,-4.1875,-0.76875,0.0,0.0
Dust__block_07__alpha256,Dust,7,concept__block_07__Dust,alpha,256,above_threshold,mad_corrected,evocative,A,Y,10,10,0.0,0.3,1.0,0.65,1.0,-3.6,-0.2625,0.0,0.0
Dust__block_07__alpha256,Dust,7,concept__block_07__Dust,alpha,256,above_threshold,mad_corrected,neutral,B,X,10,10,0.0,1.0,1.0,1.0,1.0,-2.6875,0.24375,0.0,0.0
Dust__block_07__alpha256,Dust,7,concept__block_07__Dust,alpha,256,above_threshold,mad_corrected,evocative,B,X,10,10,0.0,1.0,1.0,1.0,1.0,-2.5125,0.43125,0.0,0.0
Dust__block_07__alpha256,Dust,7,concept__block_07__Dust,alpha,256,above_threshold,mad_corrected,neutral,B,Y,10,10,0.0,0.0,1.0,0.5,1.0,-4.25,-1.13125,0.0,0.0
Dust__block_07__alpha256,Dust,7,concept__block_07__Dust,alpha,256,above_threshold,mad_corrected,evocative,B,Y,10,10,0.0,0.2,1.0,0.6,1.0,-3.35,-0.4875,0.0,0.0
Dust__block_08__alpha128,Dust,8,concept__block_08__Dust,alpha,128,near_threshold,mad_corrected,neutral,A,X,10,10,0.0,1.0,1.0,1.0,1.0,-2.65,0.45,0.0,0.0
Dust__block_08__alpha128,Dust,8,concept__block_08__Dust,alpha,128,near_threshold,mad_corrected,evocative,A,X,10,10,0.0,0.9,1.0,0.95,1.0,-2.525,0.675,0.0,0.0
Dust__block_08__alpha128,Dust,8,concept__block_08__Dust,alpha,128,near_threshold,mad_corrected,neutral,A,Y,10,10,0.0,0.0,1.0,0.5,0.97,-4.1875,-3.125,0.0,0.0
Dust__block_08__alpha128,Dust,8,concept__block_08__Dust,alpha,128,near_threshold,mad_corrected,evocative,A,Y,10,10,0.0,0.0,1.0,0.5,0.85,-3.6,-2.725,0.0,0.0
Dust__block_08__alpha128,Dust,8,concept__block_08__Dust,alpha,128,near_threshold,mad_corrected,neutral,B,X,10,10,0.0,0.4,1.0,0.7,1.0,-2.6875,-0.00625,0.0,0.0
Dust__block_08__alpha128,Dust,8,concept__block_08__Dust,alpha,128,near_threshold,mad_corrected,evocative,B,X,10,10,0.0,0.9,1.0,0.95,1.0,-2.5125,0.375,0.0,0.0
Dust__block_08__alpha128,Dust,8,concept__block_08__Dust,alpha,128,near_threshold,mad_corrected,neutral,B,Y,10,10,0.0,0.0,1.0,0.5,0.735,-4.25,-3.675,0.0,0.0
Dust__block_08__alpha128,Dust,8,concept__block_08__Dust,alpha,128,near_threshold,mad_corrected,evocative,B,Y,10,10,0.0,0.0,1.0,0.5,0.63,-3.35,-3.19375,0.0,0.0
Dust__block_08__alpha256,Dust,8,concept__block_08__Dust,alpha,256,above_threshold,mad_corrected,neutral,A,X,10,10,0.0,1.0,1.0,1.0,1.0,-2.65,1.29375,0.0,0.0
Dust__block_08__alpha256,Dust,8,concept__block_08__Dust,alpha,256,above_threshold,mad_corrected,evocative,A,X,10,10,0.0,1.0,1.0,1.0,1.0,-2.525,1.53125,0.0,0.0
Dust__block_08__alpha256,Dust,8,concept__block_08__Dust,alpha,256,above_threshold,mad_corrected,neutral,A,Y,10,10,0.0,0.0,1.0,0.5,0.895,-4.1875,-3.375,0.0,0.0
Dust__block_08__alpha256,Dust,8,concept__block_08__Dust,alpha,256,above_threshold,mad_corrected,evocative,A,Y,10,10,0.0,0.0,1.0,0.5,0.79,-3.6,-2.975,0.0,0.0
Dust__block_08__alpha256,Dust,8,concept__block_08__Dust,alpha,256,above_threshold,mad_corrected,neutral,B,X,10,10,0.0,1.0,1.0,1.0,1.0,-2.6875,0.9,0.0,0.0
Dust__block_08__alpha256,Dust,8,concept__block_08__Dust,alpha,256,above_threshold,mad_corrected,evocative,B,X,10,10,0.0,1.0,1.0,1.0,1.0,-2.5125,1.26875,0.0,0.0
Dust__block_08__alpha256,Dust,8,concept__block_08__Dust,alpha,256,above_threshold,mad_corrected,neutral,B,Y,10,10,0.0,0.0,1.0,0.5,0.66,-4.25,-3.91875,0.0,0.0
Dust__block_08__alpha256,Dust,8,concept__block_08__Dust,alpha,256,above_threshold,mad_corrected,evocative,B,Y,10,10,0.0,0.0,1.0,0.5,0.51,-3.35,-3.44375,0.0,0.0
Dust__block_09__alpha128,Dust,9,concept__block_09__Dust,alpha,128,near_threshold,mad_corrected,neutral,A,X,10,10,0.0,0.0,1.0,0.5,1.0,-2.65,2.140625,0.0,1.0
Dust__block_09__alpha128,Dust,9,concept__block_09__Dust,alpha,128,near_threshold,mad_corrected,evocative,A,X,10,10,0.0,0.0,1.0,0.5,1.0,-2.525,2.00625,0.0,1.0
Dust__block_09__alpha128,Dust,9,concept__block_09__Dust,alpha,128,near_threshold,mad_corrected,neutral,A,Y,10,10,0.0,0.0,1.0,0.5,0.64,-4.1875,-3.95625,0.0,1.0
Dust__block_09__alpha128,Dust,9,concept__block_09__Dust,alpha,128,near_threshold,mad_corrected,evocative,A,Y,10,10,0.0,0.0,1.0,0.5,0.55,-3.6,-3.615625,0.0,1.0
Dust__block_09__alpha128,Dust,9,concept__block_09__Dust,alpha,128,near_threshold,mad_corrected,neutral,B,X,10,10,0.0,0.0,1.0,0.5,1.0,-2.6875,2.05625,0.0,1.0
Dust__block_09__alpha128,Dust,9,concept__block_09__Dust,alpha,128,near_threshold,mad_corrected,evocative,B,X,10,10,0.0,0.0,1.0,0.5,1.0,-2.5125,2.16875,0.0,1.0
Dust__block_09__alpha128,Dust,9,concept__block_09__Dust,alpha,128,near_threshold,mad_corrected,neutral,B,Y,10,10,0.0,0.0,1.0,0.5,0.475,-4.25,-4.446875,0.0,1.0
Dust__block_09__alpha128,Dust,9,concept__block_09__Dust,alpha,128,near_threshold,mad_corrected,evocative,B,Y,10,10,0.0,0.0,1.0,0.5,0.095,-3.35,-4.09375,0.0,1.0
Dust__block_09__alpha256,Dust,9,concept__block_09__Dust,alpha,256,above_threshold,mad_corrected,neutral,A,X,10,10,0.0,0.0,1.0,0.5,1.0,-2.65,2.8625,0.0,1.0
Dust__block_09__alpha256,Dust,9,concept__block_09__Dust,alpha,256,above_threshold,mad_corrected,evocative,A,X,10,10,0.0,0.0,1.0,0.5,1.0,-2.525,2.815625,0.0,1.0
Dust__block_09__alpha256,Dust,9,concept__block_09__Dust,alpha,256,above_threshold,mad_corrected,neutral,A,Y,10,10,0.0,0.0,1.0,0.5,0.405,-4.1875,-4.35625,0.0,1.0
Dust__block_09__alpha256,Dust,9,concept__block_09__Dust,alpha,256,above_threshold,mad_corrected,evocative,A,Y,10,10,0.0,0.0,1.0,0.5,0.315,-3.6,-4.0375,0.0,1.0
Dust__block_09__alpha256,Dust,9,concept__block_09__Dust,alpha,256,above_threshold,mad_corrected,neutral,B,X,10,10,0.0,0.0,1.0,0.5,1.0,-2.6875,2.809375,0.0,1.0
Dust__block_09__alpha256,Dust,9,concept__block_09__Dust,alpha,256,above_threshold,mad_corrected,evocative,B,X,10,10,0.0,0.0,1.0,0.5,1.0,-2.5125,2.915625,0.0,1.0
Dust__block_09__alpha256,Dust,9,concept__block_09__Dust,alpha,256,above_threshold,mad_corrected,neutral,B,Y,10,10,0.0,0.0,1.0,0.5,0.35,-4.25,-4.73125,0.0,1.0
Dust__block_09__alpha256,Dust,9,concept__block_09__Dust,alpha,256,above_threshold,mad_corrected,evocative,B,Y,10,10,0.0,0.0,1.0,0.5,0.0,-3.35,-4.41875,0.0,1.0
Dust__block_10__alpha128,Dust,10,concept__block_10__Dust,alpha,128,near_threshold,mad_corrected,neutral,A,X,10,10,0.0,0.0,1.0,0.5,1.0,-2.65,2.265625,0.0,1.0
Dust__block_10__alpha128,Dust,10,concept__block_10__Dust,alpha,128,near_threshold,mad_corrected,evocative,A,X,10,10,0.0,0.0,1.0,0.5,1.0,-2.525,2.103125,0.0,1.0
Dust__block_10__alpha128,Dust,10,concept__block_10__Dust,alpha,128,near_threshold,mad_corrected,neutral,A,Y,10,10,0.0,0.0,1.0,0.5,1.0,-4.1875,-2.684375,0.0,1.0
Dust__block_10__alpha128,Dust,10,concept__block_10__Dust,alpha,128,near_threshold,mad_corrected,evocative,A,Y,10,10,0.0,0.0,1.0,0.5,0.93,-3.6,-2.459375,0.0,1.0
Dust__block_10__alpha128,Dust,10,concept__block_10__Dust,alpha,128,near_threshold,mad_corrected,neutral,B,X,10,10,0.0,0.0,1.0,0.5,1.0,-2.6875,2.278125,0.0,1.0
Dust__block_10__alpha128,Dust,10,concept__block_10__Dust,alpha,128,near_threshold,mad_corrected,evocative,B,X,10,10,0.0,0.0,1.0,0.5,1.0,-2.5125,2.234375,0.0,1.0
Dust__block_10__alpha128,Dust,10,concept__block_10__Dust,alpha,128,near_threshold,mad_corrected,neutral,B,Y,10,10,0.0,0.0,1.0,0.5,1.0,-4.25,-2.5,0.0,1.0
Dust__block_10__alpha128,Dust,10,concept__block_10__Dust,alpha,128,near_threshold,mad_corrected,evocative,B,Y,10,10,0.0,0.0,1.0,0.5,0.9,-3.35,-2.26875,0.0,1.0
Dust__block_10__alpha256,Dust,10,concept__block_10__Dust,alpha,256,above_threshold,mad_corrected,neutral,A,X,10,10,0.0,0.0,1.0,0.5,1.0,-2.65,3.13125,0.0,1.0
Dust__block_10__alpha256,Dust,10,concept__block_10__Dust,alpha,256,above_threshold,mad_corrected,evocative,A,X,10,10,0.0,0.0,1.0,0.5,1.0,-2.525,2.9875,0.0,1.0
Dust__block_10__alpha256,Dust,10,concept__block_10__Dust,alpha,256,above_threshold,mad_corrected,neutral,A,Y,10,10,0.0,0.0,1.0,0.5,0.96,-4.1875,-3.253125,0.0,1.0
Dust__block_10__alpha256,Dust,10,concept__block_10__Dust,alpha,256,above_threshold,mad_corrected,evocative,A,Y,10,10,0.0,0.0,1.0,0.5,0.775,-3.6,-3.034375,0.0,1.0
Dust__block_10__alpha256,Dust,10,concept__block_10__Dust,alpha,256,above_threshold,mad_corrected,neutral,B,X,10,10,0.0,0.0,1.0,0.5,1.0,-2.6875,3.05625,0.0,1.0
Dust__block_10__alpha256,Dust,10,concept__block_10__Dust,alpha,256,above_threshold,mad_corrected,evocative,B,X,10,10,0.0,0.0,1.0,0.5,1.0,-2.5125,3.034375,0.0,1.0
Dust__block_10__alpha256,Dust,10,concept__block_10__Dust,alpha,256,above_threshold,mad_corrected,neutral,B,Y,10,10,0.0,0.0,1.0,0.5,0.93,-4.25,-3.046875,0.0,0.9
Dust__block_10__alpha256,Dust,10,concept__block_10__Dust,alpha,256,above_threshold,mad_corrected,evocative,B,Y,10,10,0.0,0.0,1.0,0.5,0.79,-3.35,-2.85625,0.0,1.0
Dust__block_11__alpha128,Dust,11,concept__block_11__Dust,alpha,128,near_threshold,mad_corrected,neutral,A,X,10,10,0.0,0.0,1.0,0.5,1.0,-2.65,0.8375,0.0,1.0
Dust__block_11__alpha128,Dust,11,concept__block_11__Dust,alpha,128,near_threshold,mad_corrected,evocative,A,X,10,10,0.0,0.0,1.0,0.5,1.0,-2.525,0.978125,0.0,1.0
Dust__block_11__alpha128,Dust,11,concept__block_11__Dust,alpha,128,near_threshold,mad_corrected,neutral,A,Y,10,10,0.0,0.0,1.0,0.5,1.0,-4.1875,-2.221875,0.0,1.0
Dust__block_11__alpha128,Dust,11,concept__block_11__Dust,alpha,128,near_threshold,mad_corrected,evocative,A,Y,10,10,0.0,0.0,1.0,0.5,1.0,-3.6,-2.06875,0.0,1.0
Dust__block_11__alpha128,Dust,11,concept__block_11__Dust,alpha,128,near_threshold,mad_corrected,neutral,B,X,10,10,0.0,0.0,1.0,0.5,1.0,-2.6875,0.93125,0.0,1.0
Dust__block_11__alpha128,Dust,11,concept__block_11__Dust,alpha,128,near_threshold,mad_corrected,evocative,B,X,10,10,0.0,0.0,1.0,0.5,1.0,-2.5125,1.15625,0.0,1.0
Dust__block_11__alpha128,Dust,11,concept__block_11__Dust,alpha,128,near_threshold,mad_corrected,neutral,B,Y,10,10,0.0,0.0,1.0,0.5,1.0,-4.25,-2.346875,0.0,0.6
Dust__block_11__alpha128,Dust,11,concept__block_11__Dust,alpha,128,near_threshold,mad_corrected,evocative,B,Y,10,10,0.0,0.0,1.0,0.5,0.95,-3.35,-2.0875,0.0,1.0
Dust__block_11__alpha256,Dust,11,concept__block_11__Dust,alpha,256,above_threshold,mad_corrected,neutral,A,X,10,10,0.0,0.0,1.0,0.5,1.0,-2.65,1.546875,0.0,1.0
Dust__block_11__alpha256,Dust,11,concept__block_11__Dust,alpha,256,above_threshold,mad_corrected,evocative,A,X,10,10,0.0,0.0,1.0,0.5,1.0,-2.525,1.68125,0.0,1.0
Dust__block_11__alpha256,Dust,11,concept__block_11__Dust,alpha,256,above_threshold,mad_corrected,neutral,A,Y,10,10,0.0,0.0,1.0,0.5,1.0,-4.1875,-2.7,0.0,1.0
Dust__block_11__alpha256,Dust,11,concept__block_11__Dust,alpha,256,above_threshold,mad_corrected,evocative,A,Y,10,10,0.0,0.0,1.0,0.5,0.9,-3.6,-2.5875,0.0,1.0
Dust__block_11__alpha256,Dust,11,concept__block_11__Dust,alpha,256,above_threshold,mad_corrected,neutral,B,X,10,10,0.0,0.0,1.0,0.5,1.0,-2.6875,1.45625,0.0,1.0
Dust__block_11__alpha256,Dust,11,concept__block_11__Dust,alpha,256,above_threshold,mad_corrected,evocative,B,X,10,10,0.0,0.0,1.0,0.5,1.0,-2.5125,1.684375,0.0,1.0
Dust__block_11__alpha256,Dust,11,concept__block_11__Dust,alpha,256,above_threshold,mad_corrected,neutral,B,Y,10,10,0.0,0.0,1.0,0.5,0.98,-4.25,-2.7375,0.0,0.7
Dust__block_11__alpha256,Dust,11,concept__block_11__Dust,alpha,256,above_threshold,mad_corrected,evocative,B,Y,10,10,0.0,0.0,1.0,0.5,0.845,-3.35,-2.55,0.0,1.0
Dust__block_12__alpha128,Dust,12,concept__block_12__Dust,alpha,128,near_threshold,mad_corrected,neutral,A,X,10,10,0.0,0.0,1.0,0.5,1.0,-2.65,1.265625,0.0,1.0
Dust__block_12__alpha128,Dust,12,concept__block_12__Dust,alpha,128,near_threshold,mad_corrected,evocative,A,X,10,10,0.0,0.0,1.0,0.5,1.0,-2.525,1.38125,0.0,1.0
Dust__block_12__alpha128,Dust,12,concept__block_12__Dust,alpha,128,near_threshold,mad_corrected,neutral,A,Y,10,10,0.0,0.0,1.0,0.5,1.0,-4.1875,-2.00625,0.0,1.0
Dust__block_12__alpha128,Dust,12,concept__block_12__Dust,alpha,128,near_threshold,mad_corrected,evocative,A,Y,10,10,0.0,0.0,1.0,0.5,1.0,-3.6,-1.875,0.0,1.0
Dust__block_12__alpha128,Dust,12,concept__block_12__Dust,alpha,128,near_threshold,mad_corrected,neutral,B,X,10,10,0.0,0.0,1.0,0.5,1.0,-2.6875,1.203125,0.0,1.0
Dust__block_12__alpha128,Dust,12,concept__block_12__Dust,alpha,128,near_threshold,mad_corrected,evocative,B,X,10,10,0.0,0.0,1.0,0.5,1.0,-2.5125,1.440625,0.0,1.0
Dust__block_12__alpha128,Dust,12,concept__block_12__Dust,alpha,128,near_threshold,mad_corrected,neutral,B,Y,10,10,0.0,0.0,1.0,0.5,1.0,-4.25,-2.2625,0.0,1.0
Dust__block_12__alpha128,Dust,12,concept__block_12__Dust,alpha,128,near_threshold,mad_corrected,evocative,B,Y,10,10,0.0,0.0,1.0,0.5,0.945,-3.35,-2.096875,0.0,1.0
Dust__block_12__alpha256,Dust,12,concept__block_12__Dust,alpha,256,above_threshold,mad_corrected,neutral,A,X,10,10,0.0,0.0,1.0,0.5,1.0,-2.65,0.975,0.0,1.0
Dust__block_12__alpha256,Dust,12,concept__block_12__Dust,alpha,256,above_threshold,mad_corrected,evocative,A,X,10,10,0.0,0.0,1.0,0.5,1.0,-2.525,1.11875,0.0,1.0
Dust__block_12__alpha256,Dust,12,concept__block_12__Dust,alpha,256,above_threshold,mad_corrected,neutral,A,Y,10,10,0.0,0.0,1.0,0.5,1.0,-4.1875,-1.5625,0.0,1.0
Dust__block_12__alpha256,Dust,12,concept__block_12__Dust,alpha,256,above_threshold,mad_corrected,evocative,A,Y,10,10,0.0,0.0,1.0,0.5,1.0,-3.6,-1.5125,0.0,1.0
Dust__block_12__alpha256,Dust,12,concept__block_12__Dust,alpha,256,above_threshold,mad_corrected,neutral,B,X,10,10,0.0,0.0,1.0,0.5,1.0,-2.6875,0.8875,0.0,1.0
Dust__block_12__alpha256,Dust,12,concept__block_12__Dust,alpha,256,above_threshold,mad_corrected,evocative,B,X,10,10,0.0,0.0,1.0,0.5,1.0,-2.5125,1.09375,0.0,1.0
Dust__block_12__alpha256,Dust,12,concept__block_12__Dust,alpha,256,above_threshold,mad_corrected,neutral,B,Y,10,10,0.0,0.0,1.0,0.5,1.0,-4.25,-1.734375,0.0,1.0
Dust__block_12__alpha256,Dust,12,concept__block_12__Dust,alpha,256,above_threshold,mad_corrected,evocative,B,Y,10,10,0.0,0.0,1.0,0.5,1.0,-3.35,-1.66875,0.0,1.0
Dust__block_13__alpha128,Dust,13,concept__block_13__Dust,alpha,128,near_threshold,mad_corrected,neutral,A,X,10,10,0.0,0.0,1.0,0.5,1.0,-2.65,0.5375,0.0,1.0
Dust__block_13__alpha128,Dust,13,concept__block_13__Dust,alpha,128,near_threshold,mad_corrected,evocative,A,X,10,10,0.0,0.0,1.0,0.5,1.0,-2.525,0.63203125,0.0,1.0
Dust__block_13__alpha128,Dust,13,concept__block_13__Dust,alpha,128,near_threshold,mad_corrected,neutral,A,Y,10,10,0.0,0.0,1.0,0.5,1.0,-4.1875,-0.4671875,0.0,1.0
Dust__block_13__alpha128,Dust,13,concept__block_13__Dust,alpha,128,near_threshold,mad_corrected,evocative,A,Y,10,10,0.0,0.0,1.0,0.5,1.0,-3.6,-0.48828125,0.0,1.0
Dust__block_13__alpha128,Dust,13,concept__block_13__Dust,alpha,128,near_threshold,mad_corrected,neutral,B,X,10,10,0.0,0.0,1.0,0.5,1.0,-2.6875,0.309375,0.0,1.0
Dust__block_13__alpha128,Dust,13,concept__block_13__Dust,alpha,128,near_threshold,mad_corrected,evocative,B,X,10,10,0.0,0.0,1.0,0.5,1.0,-2.5125,0.5625,0.0,1.0
Dust__block_13__alpha128,Dust,13,concept__block_13__Dust,alpha,128,near_threshold,mad_corrected,neutral,B,Y,10,10,0.0,0.0,1.0,0.5,1.0,-4.25,-0.2875,0.0,1.0
Dust__block_13__alpha128,Dust,13,concept__block_13__Dust,alpha,128,near_threshold,mad_corrected,evocative,B,Y,10,10,0.0,0.0,1.0,0.5,1.0,-3.35,-0.4109375,0.0,1.0
Dust__block_13__alpha256,Dust,13,concept__block_13__Dust,alpha,256,above_threshold,mad_corrected,neutral,A,X,10,10,0.0,0.0,1.0,0.5,1.0,-2.65,0.01875,0.0,1.0
Dust__block_13__alpha256,Dust,13,concept__block_13__Dust,alpha,256,above_threshold,mad_corrected,evocative,A,X,10,10,0.0,0.0,1.0,0.5,1.0,-2.525,0.18828125,0.0,1.0
Dust__block_13__alpha256,Dust,13,concept__block_13__Dust,alpha,256,above_threshold,mad_corrected,neutral,A,Y,10,10,0.0,0.0,1.0,0.5,1.0,-4.1875,0.084375,0.0,1.0
Dust__block_13__alpha256,Dust,13,concept__block_13__Dust,alpha,256,above_threshold,mad_corrected,evocative,A,Y,10,10,0.0,0.0,1.0,0.5,1.0,-3.6,-0.03125,0.0,1.0
Dust__block_13__alpha256,Dust,13,concept__block_13__Dust,alpha,256,above_threshold,mad_corrected,neutral,B,X,10,10,0.0,0.0,1.0,0.5,1.0,-2.6875,-0.0078125,0.0,1.0
Dust__block_13__alpha256,Dust,13,concept__block_13__Dust,alpha,256,above_threshold,mad_corrected,evocative,B,X,10,10,0.0,0.0,1.0,0.5,1.0,-2.5125,0.29375,0.0,1.0
Dust__block_13__alpha256,Dust,13,concept__block_13__Dust,alpha,256,above_threshold,mad_corrected,neutral,B,Y,10,10,0.0,0.0,1.0,0.5,1.0,-4.25,0.109375,0.0,1.0
Dust__block_13__alpha256,Dust,13,concept__block_13__Dust,alpha,256,above_threshold,mad_corrected,evocative,B,Y,10,10,0.0,0.0,1.0,0.5,1.0,-3.35,-0.09296875,0.0,1.0
Illusions__block_00__alpha128,Illusions,0,concept__block_00__Illusions,alpha,128,near_threshold,mad_corrected,neutral,A,X,10,10,0.0,0.0,1.0,0.5,1.0,-2.575,1.803125,0.0,1.0
Illusions__block_00__alpha128,Illusions,0,concept__block_00__Illusions,alpha,128,near_threshold,mad_corrected,evocative,A,X,10,10,0.0,0.0,1.0,0.5,1.0,-1.8,1.778125,0.0,1.0
Illusions__block_00__alpha128,Illusions,0,concept__block_00__Illusions,alpha,128,near_threshold,mad_corrected,neutral,A,Y,10,10,0.0,0.0,1.0,0.5,1.0,-3.9875,-1.81875,0.0,1.0
Illusions__block_00__alpha128,Illusions,0,concept__block_00__Illusions,alpha,128,near_threshold,mad_corrected,evocative,A,Y,10,10,0.0,0.0,1.0,0.5,0.94,-2.975,-1.83125,0.0,1.0
Illusions__block_00__alpha128,Illusions,0,concept__block_00__Illusions,alpha,128,near_threshold,mad_corrected,neutral,B,X,10,10,0.0,0.0,1.0,0.5,1.0,-2.6625,2.3875,0.0,1.0
Illusions__block_00__alpha128,Illusions,0,concept__block_00__Illusions,alpha,128,near_threshold,mad_corrected,evocative,B,X,10,10,0.0,0.0,1.0,0.5,1.0,-2.15,2.2984375,0.0,1.0
Illusions__block_00__alpha128,Illusions,0,concept__block_00__Illusions,alpha,128,near_threshold,mad_corrected,neutral,B,Y,10,10,0.0,0.0,1.0,0.5,0.86,-4.2375,-2.4875,0.0,1.0
Illusions__block_00__alpha128,Illusions,0,concept__block_00__Illusions,alpha,128,near_threshold,mad_corrected,evocative,B,Y,10,10,0.0,0.0,1.0,0.5,0.91,-3.3125,-2.240625,0.0,1.0
Illusions__block_00__alpha256,Illusions,0,concept__block_00__Illusions,alpha,256,above_threshold,mad_corrected,neutral,A,X,10,10,0.0,0.0,1.0,0.5,1.0,-2.575,2.221875,0.0,1.0
Illusions__block_00__alpha256,Illusions,0,concept__block_00__Illusions,alpha,256,above_threshold,mad_corrected,evocative,A,X,10,10,0.0,0.0,1.0,0.5,1.0,-1.8,2.32890625,0.0,1.0
Illusions__block_00__alpha256,Illusions,0,concept__block_00__Illusions,alpha,256,above_threshold,mad_corrected,neutral,A,Y,10,10,0.0,0.0,1.0,0.5,0.98,-3.9875,-2.165625,0.0,1.0
Illusions__block_00__alpha256,Illusions,0,concept__block_00__Illusions,alpha,256,above_threshold,mad_corrected,evocative,A,Y,10,10,0.0,0.0,1.0,0.5,0.76,-2.975,-2.35703125,0.0,1.0
Illusions__block_00__alpha256,Illusions,0,concept__block_00__Illusions,alpha,256,above_threshold,mad_corrected,neutral,B,X,10,10,0.0,0.0,1.0,0.5,1.0,-2.6625,2.659375,0.0,1.0
Illusions__block_00__alpha256,Illusions,0,concept__block_00__Illusions,alpha,256,above_threshold,mad_corrected,evocative,B,X,10,10,0.0,0.0,1.0,0.5,1.0,-2.15,2.8265625,0.0,1.0
Illusions__block_00__alpha256,Illusions,0,concept__block_00__Illusions,alpha,256,above_threshold,mad_corrected,neutral,B,Y,10,10,0.0,0.0,1.0,0.5,0.94,-4.2375,-2.578125,0.0,1.0
Illusions__block_00__alpha256,Illusions,0,concept__block_00__Illusions,alpha,256,above_threshold,mad_corrected,evocative,B,Y,10,10,0.0,0.0,1.0,0.5,0.65,-3.3125,-2.76875,0.0,1.0
Illusions__block_01__alpha128,Illusions,1,concept__block_01__Illusions,alpha,128,near_threshold,mad_corrected,neutral,A,X,10,10,0.0,0.0,1.0,0.5,0.005,-2.575,-3.4125,0.0,0.0
Illusions__block_01__alpha128,Illusions,1,concept__block_01__Illusions,alpha,128,near_threshold,mad_corrected,evocative,A,X,10,10,0.0,0.0,1.0,0.5,0.0,-1.8,-3.125,0.0,0.0
Illusions__block_01__alpha128,Illusions,1,concept__block_01__Illusions,alpha,128,near_threshold,mad_corrected,neutral,A,Y,10,10,0.0,0.0,1.0,0.5,0.83,-3.9875,-3.075,0.0,0.0
Illusions__block_01__alpha128,Illusions,1,concept__block_01__Illusions,alpha,128,near_threshold,mad_corrected,evocative,A,Y,10,10,0.0,0.0,1.0,0.5,0.615,-2.975,-2.825,0.0,0.0
Illusions__block_01__alpha128,Illusions,1,concept__block_01__Illusions,alpha,128,near_threshold,mad_corrected,neutral,B,X,10,10,0.0,0.0,1.0,0.5,0.485,-2.6625,-2.65,0.0,0.5
Illusions__block_01__alpha128,Illusions,1,concept__block_01__Illusions,alpha,128,near_threshold,mad_corrected,evocative,B,X,10,10,0.0,0.0,1.0,0.5,0.385,-2.15,-2.3,0.0,0.8
Illusions__block_01__alpha128,Illusions,1,concept__block_01__Illusions,alpha,128,near_threshold,mad_corrected,neutral,B,Y,10,10,0.0,0.0,1.0,0.5,0.81,-4.2375,-3.5875,0.0,0.5
Illusions__block_01__alpha128,Illusions,1,concept__block_01__Illusions,alpha,128,near_threshold,mad_corrected,evocative,B,Y,10,10,0.0,0.0,1.0,0.5,0.585,-3.3125,-3.20625,0.0,0.5
Illusions__block_01__alpha256,Illusions,1,concept__block_01__Illusions,alpha,256,above_threshold,mad_corrected,neutral,A,X,10,10,0.0,0.0,1.0,0.5,0.045,-2.575,-3.3625,0.0,0.0
Illusions__block_01__alpha256,Illusions,1,concept__block_01__Illusions,alpha,256,above_threshold,mad_corrected,evocative,A,X,10,10,0.0,0.0,1.0,0.5,0.005,-1.8,-2.925,0.0,0.0
Illusions__block_01__alpha256,Illusions,1,concept__block_01__Illusions,alpha,256,above_threshold,mad_corrected,neutral,A,Y,10,10,0.0,0.0,1.0,0.5,0.79,-3.9875,-3.275,0.0,0.0
Illusions__block_01__alpha256,Illusions,1,concept__block_01__Illusions,alpha,256,above_threshold,mad_corrected,evocative,A,Y,10,10,0.0,0.0,1.0,0.5,0.525,-2.975,-2.975,0.0,0.0
Illusions__block_01__alpha256,Illusions,1,concept__block_01__Illusions,alpha,256,above_threshold,mad_corrected,neutral,B,X,10,10,0.0,0.0,1.0,0.5,0.715,-2.6625,-2.4,0.0,0.5
Illusions__block_01__alpha256,Illusions,1,concept__block_01__Illusions,alpha,256,above_threshold,mad_corrected,evocative,B,X,10,10,0.0,0.0,1.0,0.5,0.565,-2.15,-2.0625,0.0,0.9
Illusions__block_01__alpha256,Illusions,1,concept__block_01__Illusions,alpha,256,above_threshold,mad_corrected,neutral,B,Y,10,10,0.0,0.0,1.0,0.5,0.69,-4.2375,-3.875,0.0,0.5
Illusions__block_01__alpha256,Illusions,1,concept__block_01__Illusions,alpha,256,above_threshold,mad_corrected,evocative,B,Y,10,10,0.0,0.0,1.0,0.5,0.425,-3.3125,-3.44375,0.0,0.8
Illusions__block_02__alpha128,Illusions,2,concept__block_02__Illusions,alpha,128,near_threshold,mad_corrected,neutral,A,X,10,10,0.0,0.0,1.0,0.5,0.0,-2.575,-4.3625,0.0,0.0
Illusions__block_02__alpha128,Illusions,2,concept__block_02__Illusions,alpha,128,near_threshold,mad_corrected,evocative,A,X,10,10,0.0,0.0,1.0,0.5,0.0,-1.8,-4.0,0.0,0.0
Illusions__block_02__alpha128,Illusions,2,concept__block_02__Illusions,alpha,128,near_threshold,mad_corrected,neutral,A,Y,10,10,0.0,0.0,1.0,0.5,0.255,-3.9875,-4.775,0.0,0.0
Illusions__block_02__alpha128,Illusions,2,concept__block_02__Illusions,alpha,128,near_threshold,mad_corrected,evocative,A,Y,10,10,0.0,0.0,1.0,0.5,0.005,-2.975,-4.3375,0.0,0.0
Illusions__block_02__alpha128,Illusions,2,concept__block_02__Illusions,alpha,128,near_threshold,mad_corrected,neutral,B,X,10,10,0.0,0.0,1.0,0.5,0.075,-2.6625,-3.2125,0.0,0.0
Illusions__block_02__alpha128,Illusions,2,concept__block_02__Illusions,alpha,128,near_threshold,mad_corrected,evocative,B,X,10,10,0.0,0.0,1.0,0.5,0.015,-2.15,-3.0125,0.0,0.0
Illusions__block_02__alpha128,Illusions,2,concept__block_02__Illusions,alpha,128,near_threshold,mad_corrected,neutral,B,Y,10,10,0.0,0.0,1.0,0.5,0.1,-4.2375,-5.0625,0.0,0.0
Illusions__block_02__alpha128,Illusions,2,concept__block_02__Illusions,alpha,128,near_threshold,mad_corrected,evocative,B,Y,10,10,0.0,0.0,1.0,0.5,0.005,-3.3125,-4.9375,0.0,0.0
Illusions__block_02__alpha256,Illusions,2,concept__block_02__Illusions,alpha,256,above_threshold,mad_corrected,neutral,A,X,10,10,0.0,0.0,1.0,0.5,0.0,-2.575,-4.05,0.0,0.0
Illusions__block_02__alpha256,Illusions,2,concept__block_02__Illusions,alpha,256,above_threshold,mad_corrected,evocative,A,X,10,10,0.0,0.0,1.0,0.5,0.0,-1.8,-3.5875,0.0,0.0
Illusions__block_02__alpha256,Illusions,2,concept__block_02__Illusions,alpha,256,above_threshold,mad_corrected,neutral,A,Y,10,10,0.0,0.0,1.0,0.5,0.035,-3.9875,-5.5875,0.0,0.0
Illusions__block_02__alpha256,Illusions,2,concept__block_02__Illusions,alpha,256,above_threshold,mad_corrected,evocative,A,Y,10,10,0.0,0.0,1.0,0.5,0.0,-2.975,-5.1875,0.0,0.0
Illusions__block_02__alpha256,Illusions,2,concept__block_02__Illusions,alpha,256,above_threshold,mad_corrected,neutral,B,X,10,10,0.0,0.0,1.0,0.5,0.32,-2.6625,-2.9,0.0,0.0
Illusions__block_02__alpha256,Illusions,2,concept__block_02__Illusions,alpha,256,above_threshold,mad_corrected,evocative,B,X,10,10,0.0,0.0,1.0,0.5,0.17,-2.15,-2.5625,0.0,0.0
Illusions__block_02__alpha256,Illusions,2,concept__block_02__Illusions,alpha,256,above_threshold,mad_corrected,neutral,B,Y,10,10,0.0,0.0,1.0,0.5,0.0,-4.2375,-5.875,0.0,0.0
Illusions__block_02__alpha256,Illusions,2,concept__block_02__Illusions,alpha,256,above_threshold,mad_corrected,evocative,B,Y,10,10,0.0,0.0,1.0,0.5,0.0,-3.3125,-5.8,0.0,0.0
Illusions__block_03__alpha128,Illusions,3,concept__block_03__Illusions,alpha,128,near_threshold,mad_corrected,neutral,A,X,10,10,0.0,0.0,1.0,0.5,0.0,-2.575,-4.6875,0.0,0.0
Illusions__block_03__alpha128,Illusions,3,concept__block_03__Illusions,alpha,128,near_threshold,mad_corrected,evocative,A,X,10,10,0.0,0.0,1.0,0.5,0.0,-1.8,-4.2,0.0,0.1
Illusions__block_03__alpha128,Illusions,3,concept__block_03__Illusions,alpha,128,near_threshold,mad_corrected,neutral,A,Y,10,10,0.0,0.0,1.0,0.5,0.0,-3.9875,-5.8875,0.0,0.0
Illusions__block_03__alpha128,Illusions,3,concept__block_03__Illusions,alpha,128,near_threshold,mad_corrected,evocative,A,Y,10,10,0.0,0.0,1.0,0.5,0.0,-2.975,-5.79375,0.0,0.0
Illusions__block_03__alpha128,Illusions,3,concept__block_03__Illusions,alpha,128,near_threshold,mad_corrected,neutral,B,X,10,10,0.0,0.0,1.0,0.5,0.03,-2.6625,-3.925,0.0,0.2
Illusions__block_03__alpha128,Illusions,3,concept__block_03__Illusions,alpha,128,near_threshold,mad_corrected,evocative,B,X,10,10,0.0,0.0,1.0,0.5,0.015,-2.15,-3.675,0.0,0.4
Illusions__block_03__alpha128,Illusions,3,concept__block_03__Illusions,alpha,128,near_threshold,mad_corrected,neutral,B,Y,10,10,0.0,0.0,1.0,0.5,0.0,-4.2375,-6.325,0.0,0.1
Illusions__block_03__alpha128,Illusions,3,concept__block_03__Illusions,alpha,128,near_threshold,mad_corrected,evocative,B,Y,10,10,0.0,0.0,1.0,0.5,0.0,-3.3125,-6.58125,0.0,0.3
Illusions__block_03__alpha256,Illusions,3,concept__block_03__Illusions,alpha,256,above_threshold,mad_corrected,neutral,A,X,10,10,0.0,0.0,1.0,0.5,0.0,-2.575,-4.39375,0.0,0.4
Illusions__block_03__alpha256,Illusions,3,concept__block_03__Illusions,alpha,256,above_threshold,mad_corrected,evocative,A,X,10,10,0.0,0.0,1.0,0.5,0.0,-1.8,-3.825,0.0,0.5
Illusions__block_03__alpha256,Illusions,3,concept__block_03__Illusions,alpha,256,above_threshold,mad_corrected,neutral,A,Y,10,10,0.0,0.0,1.0,0.5,0.0,-3.9875,-6.7875,0.0,0.0
Illusions__block_03__alpha256,Illusions,3,concept__block_03__Illusions,alpha,256,above_threshold,mad_corrected,evocative,A,Y,10,10,0.0,0.0,1.0,0.5,0.0,-2.975,-6.875,0.0,0.1
Illusions__block_03__alpha256,Illusions,3,concept__block_03__Illusions,alpha,256,above_threshold,mad_corrected,neutral,B,X,10,10,0.0,0.0,1.0,0.5,0.125,-2.6625,-3.5875,0.0,0.5
Illusions__block_03__alpha256,Illusions,3,concept__block_03__Illusions,alpha,256,above_threshold,mad_corrected,evocative,B,X,10,10,0.0,0.0,1.0,0.5,0.12,-2.15,-3.1875,0.0,0.8
Illusions__block_03__alpha256,Illusions,3,concept__block_03__Illusions,alpha,256,above_threshold,mad_corrected,neutral,B,Y,10,10,0.0,0.0,1.0,0.5,0.0,-4.2375,-7.275,0.0,0.3
Illusions__block_03__alpha256,Illusions,3,concept__block_03__Illusions,alpha,256,above_threshold,mad_corrected,evocative,B,Y,10,10,0.0,0.0,1.0,0.5,0.0,-3.3125,-7.5375,0.0,0.5
Illusions__block_04__alpha128,Illusions,4,concept__block_04__Illusions,alpha,128,near_threshold,mad_corrected,neutral,A,X,10,10,0.0,0.0,1.0,0.5,0.0,-2.575,-5.6375,0.0,0.0
Illusions__block_04__alpha128,Illusions,4,concept__block_04__Illusions,alpha,128,near_threshold,mad_corrected,evocative,A,X,10,10,0.0,0.0,1.0,0.5,0.0,-1.8,-5.275,0.0,0.0
Illusions__block_04__alpha128,Illusions,4,concept__block_04__Illusions,alpha,128,near_threshold,mad_corrected,neutral,A,Y,10,10,0.0,0.0,1.0,0.5,0.0,-3.9875,-5.75,0.0,0.0
Illusions__block_04__alpha128,Illusions,4,concept__block_04__Illusions,alpha,128,near_threshold,mad_corrected,evocative,A,Y,10,10,0.0,0.0,1.0,0.5,0.0,-2.975,-5.0375,0.0,0.0
Illusions__block_04__alpha128,Illusions,4,concept__block_04__Illusions,alpha,128,near_threshold,mad_corrected,neutral,B,X,10,10,0.0,0.0,1.0,0.5,0.0,-2.6625,-5.35,0.0,0.0
Illusions__block_04__alpha128,Illusions,4,concept__block_04__Illusions,alpha,128,near_threshold,mad_corrected,evocative,B,X,10,10,0.0,0.0,1.0,0.5,0.0,-2.15,-5.3125,0.0,0.0
Illusions__block_04__alpha128,Illusions,4,concept__block_04__Illusions,alpha,128,near_threshold,mad_corrected,neutral,B,Y,10,10,0.0,0.0,1.0,0.5,0.0,-4.2375,-5.9125,0.0,0.0
Illusions__block_04__alpha128,Illusions,4,concept__block_04__Illusions,alpha,128,near_threshold,mad_corrected,evocative,B,Y,10,10,0.0,0.0,1.0,0.5,0.0,-3.3125,-5.7125,0.0,0.0
Illusions__block_04__alpha256,Illusions,4,concept__block_04__Illusions,alpha,256,above_threshold,mad_corrected,neutral,A,X,10,10,0.0,0.0,1.0,0.5,0.0,-2.575,-5.3375,0.0,0.0
Illusions__block_04__alpha256,Illusions,4,concept__block_04__Illusions,alpha,256,above_threshold,mad_corrected,evocative,A,X,10,10,0.0,0.0,1.0,0.5,0.0,-1.8,-4.9375,0.0,0.0
Illusions__block_04__alpha256,Illusions,4,concept__block_04__Illusions,alpha,256,above_threshold,mad_corrected,neutral,A,Y,10,10,0.0,0.0,1.0,0.5,0.0,-3.9875,-6.9125,0.0,0.0
Illusions__block_04__alpha256,Illusions,4,concept__block_04__Illusions,alpha,256,above_threshold,mad_corrected,evocative,A,Y,10,10,0.0,0.0,1.0,0.5,0.0,-2.975,-6.2875,0.0,0.0
Illusions__block_04__alpha256,Illusions,4,concept__block_04__Illusions,alpha,256,above_threshold,mad_corrected,neutral,B,X,10,10,0.0,0.0,1.0,0.5,0.0,-2.6625,-5.0125,0.0,0.0
Illusions__block_04__alpha256,Illusions,4,concept__block_04__Illusions,alpha,256,above_threshold,mad_corrected,evocative,B,X,10,10,0.0,0.0,1.0,0.5,0.0,-2.15,-4.9875,0.0,0.0
Illusions__block_04__alpha256,Illusions,4,concept__block_04__Illusions,alpha,256,above_threshold,mad_corrected,neutral,B,Y,10,10,0.0,0.0,1.0,0.5,0.0,-4.2375,-7.3375,0.0,0.0
Illusions__block_04__alpha256,Illusions,4,concept__block_04__Illusions,alpha,256,above_threshold,mad_corrected,evocative,B,Y,10,10,0.0,0.0,1.0,0.5,0.0,-3.3125,-7.23125,0.0,0.0
Illusions__block_05__alpha128,Illusions,5,concept__block_05__Illusions,alpha,128,near_threshold,mad_corrected,neutral,A,X,10,10,0.0,0.0,1.0,0.5,0.005,-2.575,-3.7375,0.0,0.0
Illusions__block_05__alpha128,Illusions,5,concept__block_05__Illusions,alpha,128,near_threshold,mad_corrected,evocative,A,X,10,10,0.0,0.0,1.0,0.5,0.0,-1.8,-3.675,0.0,0.0
Illusions__block_05__alpha128,Illusions,5,concept__block_05__Illusions,alpha,128,near_threshold,mad_corrected,neutral,A,Y,10,10,0.0,0.0,1.0,0.5,0.74,-3.9875,-3.45,0.0,0.0
Illusions__block_05__alpha128,Illusions,5,concept__block_05__Illusions,alpha,128,near_threshold,mad_corrected,evocative,A,Y,10,10,0.0,0.0,1.0,0.5,0.47,-2.975,-3.0875,0.0,0.0
Illusions__block_05__alpha128,Illusions,5,concept__block_05__Illusions,alpha,128,near_threshold,mad_corrected,neutral,B,X,10,10,0.0,0.0,1.0,0.5,0.0,-2.6625,-3.925,0.0,0.0
Illusions__block_05__alpha128,Illusions,5,concept__block_05__Illusions,alpha,128,near_threshold,mad_corrected,evocative,B,X,10,10,0.0,0.0,1.0,0.5,0.0,-2.15,-3.9375,0.0,0.0
Illusions__block_05__alpha128,Illusions,5,concept__block_05__Illusions,alpha,128,near_threshold,mad_corrected,neutral,B,Y,10,10,0.0,0.0,1.0,0.5,0.335,-4.2375,-4.5625,0.0,0.0
Illusions__block_05__alpha128,Illusions,5,concept__block_05__Illusions,alpha,128,near_threshold,mad_corrected,evocative,B,Y,10,10,0.0,0.0,1.0,0.5,0.035,-3.3125,-4.4375,0.0,0.0
Illusions__block_05__alpha256,Illusions,5,concept__block_05__Illusions,alpha,256,above_threshold,mad_corrected,neutral,A,X,10,10,0.0,0.0,1.0,0.5,0.02,-2.575,-3.6,0.0,0.0
Illusions__block_05__alpha256,Illusions,5,concept__block_05__Illusions,alpha,256,above_threshold,mad_corrected,evocative,A,X,10,10,0.0,0.0,1.0,0.5,0.0,-1.8,-3.5625,0.0,0.0
Illusions__block_05__alpha256,Illusions,5,concept__block_05__Illusions,alpha,256,above_threshold,mad_corrected,neutral,A,Y,10,10,0.0,0.0,1.0,0.5,0.535,-3.9875,-3.9375,0.0,0.0
Illusions__block_05__alpha256,Illusions,5,concept__block_05__Illusions,alpha,256,above_threshold,mad_corrected,evocative,A,Y,10,10,0.0,0.0,1.0,0.5,0.205,-2.975,-3.5625,0.0,0.0
Illusions__block_05__alpha256,Illusions,5,concept__block_05__Illusions,alpha,256,above_threshold,mad_corrected,neutral,B,X,10,10,0.0,0.0,1.0,0.5,0.0,-2.6625,-3.825,0.0,0.0
Illusions__block_05__alpha256,Illusions,5,concept__block_05__Illusions,alpha,256,above_threshold,mad_corrected,evocative,B,X,10,10,0.0,0.0,1.0,0.5,0.0,-2.15,-3.85,0.0,0.0
Illusions__block_05__alpha256,Illusions,5,concept__block_05__Illusions,alpha,256,above_threshold,mad_corrected,neutral,B,Y,10,10,0.0,0.0,1.0,0.5,0.135,-4.2375,-5.1,0.0,0.0
Illusions__block_05__alpha256,Illusions,5,concept__block_05__Illusions,alpha,256,above_threshold,mad_corrected,evocative,B,Y,10,10,0.0,0.0,1.0,0.5,0.0,-3.3125,-5.0875,0.0,0.0
Illusions__block_06__alpha128,Illusions,6,concept__block_06__Illusions,alpha,128,near_threshold,mad_corrected,neutral,A,X,10,10,0.0,0.0,1.0,0.5,0.0,-2.575,-3.7375,0.0,0.0
Illusions__block_06__alpha128,Illusions,6,concept__block_06__Illusions,alpha,128,near_threshold,mad_corrected,evocative,A,X,10,10,0.0,0.0,1.0,0.5,0.0,-1.8,-3.5125,0.0,0.0
Illusions__block_06__alpha128,Illusions,6,concept__block_06__Illusions,alpha,128,near_threshold,mad_corrected,neutral,A,Y,10,10,0.0,0.0,1.0,0.5,0.675,-3.9875,-3.625,0.0,0.0
Illusions__block_06__alpha128,Illusions,6,concept__block_06__Illusions,alpha,128,near_threshold,mad_corrected,evocative,A,Y,10,10,0.0,0.0,1.0,0.5,0.52,-2.975,-3.05,0.0,0.0
Illusions__block_06__alpha128,Illusions,6,concept__block_06__Illusions,alpha,128,near_threshold,mad_corrected,neutral,B,X,10,10,0.0,0.0,1.0,0.5,0.0,-2.6625,-3.5875,0.0,0.0
Illusions__block_06__alpha128,Illusions,6,concept__block_06__Illusions,alpha,128,near_threshold,mad_corrected,evocative,B,X,10,10,0.0,0.0,1.0,0.5,0.0,-2.15,-3.4125,0.0,0.0
Illusions__block_06__alpha128,Illusions,6,concept__block_06__Illusions,alpha,128,near_threshold,mad_corrected,neutral,B,Y,10,10,0.0,0.0,1.0,0.5,0.91,-4.2375,-3.4125,0.0,0.0
Illusions__block_06__alpha128,Illusions,6,concept__block_06__Illusions,alpha,128,near_threshold,mad_corrected,evocative,B,Y,10,10,0.0,0.0,1.0,0.5,0.63,-3.3125,-3.1375,0.0,0.0
Illusions__block_06__alpha256,Illusions,6,concept__block_06__Illusions,alpha,256,above_threshold,mad_corrected,neutral,A,X,10,10,0.0,0.0,1.0,0.5,0.0,-2.575,-3.575,0.0,0.0
Illusions__block_06__alpha256,Illusions,6,concept__block_06__Illusions,alpha,256,above_threshold,mad_corrected,evocative,A,X,10,10,0.0,0.0,1.0,0.5,0.0,-1.8,-3.4625,0.0,0.0
Illusions__block_06__alpha256,Illusions,6,concept__block_06__Illusions,alpha,256,above_threshold,mad_corrected,neutral,A,Y,10,10,0.0,0.0,1.0,0.5,0.685,-3.9875,-3.5875,0.0,0.0
Illusions__block_06__alpha256,Illusions,6,concept__block_06__Illusions,alpha,256,above_threshold,mad_corrected,evocative,A,Y,10,10,0.0,0.0,1.0,0.5,0.455,-2.975,-3.125,0.0,0.0
Illusions__block_06__alpha256,Illusions,6,concept__block_06__Illusions,alpha,256,above_threshold,mad_corrected,neutral,B,X,10,10,0.0,0.0,1.0,0.5,0.035,-2.6625,-3.4,0.0,0.0
Illusions__block_06__alpha256,Illusions,6,concept__block_06__Illusions,alpha,256,above_threshold,mad_corrected,evocative,B,X,10,10,0.0,0.0,1.0,0.5,0.0,-2.15,-3.2375,0.0,0.0
Illusions__block_06__alpha256,Illusions,6,concept__block_06__Illusions,alpha,256,above_threshold,mad_corrected,neutral,B,Y,10,10,0.0,0.0,1.0,0.5,0.835,-4.2375,-3.5625,0.0,0.0
Illusions__block_06__alpha256,Illusions,6,concept__block_06__Illusions,alpha,256,above_threshold,mad_corrected,evocative,B,Y,10,10,0.0,0.0,1.0,0.5,0.53,-3.3125,-3.2875,0.0,0.0
Illusions__block_07__alpha128,Illusions,7,concept__block_07__Illusions,alpha,128,near_threshold,mad_corrected,neutral,A,X,10,10,0.0,0.0,1.0,0.5,0.0,-2.575,-3.85,0.0,0.0
Illusions__block_07__alpha128,Illusions,7,concept__block_07__Illusions,alpha,128,near_threshold,mad_corrected,evocative,A,X,10,10,0.0,0.0,1.0,0.5,0.0,-1.8,-3.5375,0.0,0.0
Illusions__block_07__alpha128,Illusions,7,concept__block_07__Illusions,alpha,128,near_threshold,mad_corrected,neutral,A,Y,10,10,0.0,0.0,1.0,0.5,0.895,-3.9875,-3.0125,0.0,0.0
Illusions__block_07__alpha128,Illusions,7,concept__block_07__Illusions,alpha,128,near_threshold,mad_corrected,evocative,A,Y,10,10,0.0,0.0,1.0,0.5,0.765,-2.975,-2.5625,0.0,0.0
Illusions__block_07__alpha128,Illusions,7,concept__block_07__Illusions,alpha,128,near_threshold,mad_corrected,neutral,B,X,10,10,0.0,0.0,1.0,0.5,0.0,-2.6625,-4.425,0.0,0.0
Illusions__block_07__alpha128,Illusions,7,concept__block_07__Illusions,alpha,128,near_threshold,mad_corrected,evocative,B,X,10,10,0.0,0.0,1.0,0.5,0.0,-2.15,-4.0375,0.0,0.0
Illusions__block_07__alpha128,Illusions,7,concept__block_07__Illusions,alpha,128,near_threshold,mad_corrected,neutral,B,Y,10,10,0.0,0.0,1.0,0.5,0.81,-4.2375,-3.625,0.0,0.0
Illusions__block_07__alpha128,Illusions,7,concept__block_07__Illusions,alpha,128,near_threshold,mad_corrected,evocative,B,Y,10,10,0.0,0.0,1.0,0.5,0.68,-3.3125,-3.0875,0.0,0.0
Illusions__block_07__alpha256,Illusions,7,concept__block_07__Illusions,alpha,256,above_threshold,mad_corrected,neutral,A,X,10,10,0.0,0.0,1.0,0.5,0.0,-2.575,-3.6625,0.0,0.0
Illusions__block_07__alpha256,Illusions,7,concept__block_07__Illusions,alpha,256,above_threshold,mad_corrected,evocative,A,X,10,10,0.0,0.0,1.0,0.5,0.0,-1.8,-3.4125,0.0,0.0
Illusions__block_07__alpha256,Illusions,7,concept__block_07__Illusions,alpha,256,above_threshold,mad_corrected,neutral,A,Y,10,10,0.0,0.0,1.0,0.5,0.91,-3.9875,-2.95,0.0,0.0
Illusions__block_07__alpha256,Illusions,7,concept__block_07__Illusions,alpha,256,above_threshold,mad_corrected,evocative,A,Y,10,10,0.0,0.0,1.0,0.5,0.8,-2.975,-2.4625,0.0,0.0
Illusions__block_07__alpha256,Illusions,7,concept__block_07__Illusions,alpha,256,above_threshold,mad_corrected,neutral,B,X,10,10,0.0,0.0,1.0,0.5,0.0,-2.6625,-4.125,0.0,0.0
Illusions__block_07__alpha256,Illusions,7,concept__block_07__Illusions,alpha,256,above_threshold,mad_corrected,evocative,B,X,10,10,0.0,0.0,1.0,0.5,0.0,-2.15,-3.6375,0.0,0.0
Illusions__block_07__alpha256,Illusions,7,concept__block_07__Illusions,alpha,256,above_threshold,mad_corrected,neutral,B,Y,10,10,0.0,0.0,1.0,0.5,0.73,-4.2375,-3.775,0.0,0.0
Illusions__block_07__alpha256,Illusions,7,concept__block_07__Illusions,alpha,256,above_threshold,mad_corrected,evocative,B,Y,10,10,0.0,0.0,1.0,0.5,0.61,-3.3125,-3.1625,0.0,0.0
Illusions__block_08__alpha128,Illusions,8,concept__block_08__Illusions,alpha,128,near_threshold,mad_corrected,neutral,A,X,10,10,0.0,0.0,1.0,0.5,0.05,-2.575,-3.69375,0.0,0.3
Illusions__block_08__alpha128,Illusions,8,concept__block_08__Illusions,alpha,128,near_threshold,mad_corrected,evocative,A,X,10,10,0.0,0.0,1.0,0.5,0.0,-1.8,-3.1875,0.0,0.3
Illusions__block_08__alpha128,Illusions,8,concept__block_08__Illusions,alpha,128,near_threshold,mad_corrected,neutral,A,Y,10,10,0.0,0.0,1.0,0.5,0.335,-3.9875,-4.4125,0.0,0.0
Illusions__block_08__alpha128,Illusions,8,concept__block_08__Illusions,alpha,128,near_threshold,mad_corrected,evocative,A,Y,10,10,0.0,0.0,1.0,0.5,0.055,-2.975,-4.15,0.0,0.0
Illusions__block_08__alpha128,Illusions,8,concept__block_08__Illusions,alpha,128,near_threshold,mad_corrected,neutral,B,X,10,10,0.0,0.0,1.0,0.5,0.0,-2.6625,-3.675,0.0,0.0
Illusions__block_08__alpha128,Illusions,8,concept__block_08__Illusions,alpha,128,near_threshold,mad_corrected,evocative,B,X,10,10,0.0,0.0,1.0,0.5,0.0,-2.15,-3.3375,0.0,0.0
Illusions__block_08__alpha128,Illusions,8,concept__block_08__Illusions,alpha,128,near_threshold,mad_corrected,neutral,B,Y,10,10,0.0,0.0,1.0,0.5,0.97,-4.2375,-3.275,0.0,0.0
Illusions__block_08__alpha128,Illusions,8,concept__block_08__Illusions,alpha,128,near_threshold,mad_corrected,evocative,B,Y,10,10,0.0,0.0,1.0,0.5,0.68,-3.3125,-3.0625,0.0,0.0
Illusions__block_08__alpha256,Illusions,8,concept__block_08__Illusions,alpha,256,above_threshold,mad_corrected,neutral,A,X,10,10,0.0,0.0,1.0,0.5,0.04,-2.575,-3.68125,0.0,0.3
Illusions__block_08__alpha256,Illusions,8,concept__block_08__Illusions,alpha,256,above_threshold,mad_corrected,evocative,A,X,10,10,0.0,0.0,1.0,0.5,0.0,-1.8,-3.28125,0.0,0.3
Illusions__block_08__alpha256,Illusions,8,concept__block_08__Illusions,alpha,256,above_threshold,mad_corrected,neutral,A,Y,10,10,0.0,0.0,1.0,0.5,0.485,-3.9875,-4.05625,0.0,0.0
Illusions__block_08__alpha256,Illusions,8,concept__block_08__Illusions,alpha,256,above_threshold,mad_corrected,evocative,A,Y,10,10,0.0,0.0,1.0,0.5,0.07,-2.975,-3.7625,0.0,0.0
Illusions__block_08__alpha256,Illusions,8,concept__block_08__Illusions,alpha,256,above_threshold,mad_corrected,neutral,B,X,10,10,0.0,0.0,1.0,0.5,0.0,-2.6625,-3.7,0.0,0.0
Illusions__block_08__alpha256,Illusions,8,concept__block_08__Illusions,alpha,256,above_threshold,mad_corrected,evocative,B,X,10,10,0.0,0.0,1.0,0.5,0.0,-2.15,-3.35,0.0,0.0
Illusions__block_08__alpha256,Illusions,8,concept__block_08__Illusions,alpha,256,above_threshold,mad_corrected,neutral,B,Y,10,10,0.0,0.0,1.0,0.5,0.925,-4.2375,-3.3875,0.0,0.0
Illusions__block_08__alpha256,Illusions,8,concept__block_08__Illusions,alpha,256,above_threshold,mad_corrected,evocative,B,Y,10,10,0.0,0.0,1.0,0.5,0.655,-3.3125,-3.15,0.0,0.0
Illusions__block_09__alpha128,Illusions,9,concept__block_09__Illusions,alpha,128,near_threshold,mad_corrected,neutral,A,X,10,10,0.0,0.0,1.0,0.5,0.975,-2.575,-1.2125,0.0,0.0
Illusions__block_09__alpha128,Illusions,9,concept__block_09__Illusions,alpha,128,near_threshold,mad_corrected,evocative,A,X,10,10,0.0,0.0,1.0,0.5,0.925,-1.8,-0.9,0.0,0.0
Illusions__block_09__alpha128,Illusions,9,concept__block_09__Illusions,alpha,128,near_threshold,mad_corrected,neutral,A,Y,10,10,0.0,0.0,1.0,0.5,0.54,-3.9875,-3.9625,0.0,0.0
Illusions__block_09__alpha128,Illusions,9,concept__block_09__Illusions,alpha,128,near_threshold,mad_corrected,evocative,A,Y,10,10,0.0,0.0,1.0,0.5,0.13,-2.975,-3.625,0.0,0.0
Illusions__block_09__alpha128,Illusions,9,concept__block_09__Illusions,alpha,128,near_threshold,mad_corrected,neutral,B,X,10,10,0.0,0.0,1.0,0.5,0.99,-2.6625,-1.675,0.0,0.0
Illusions__block_09__alpha128,Illusions,9,concept__block_09__Illusions,alpha,128,near_threshold,mad_corrected,evocative,B,X,10,10,0.0,0.0,1.0,0.5,0.985,-2.15,-1.3625,0.0,0.0
Illusions__block_09__alpha128,Illusions,9,concept__block_09__Illusions,alpha,128,near_threshold,mad_corrected,neutral,B,Y,10,10,0.0,0.0,1.0,0.5,0.94,-4.2375,-3.3625,0.0,0.0
Illusions__block_09__alpha128,Illusions,9,concept__block_09__Illusions,alpha,128,near_threshold,mad_corrected,evocative,B,Y,10,10,0.0,0.0,1.0,0.5,0.585,-3.3125,-3.18125,0.0,0.0
Illusions__block_09__alpha256,Illusions,9,concept__block_09__Illusions,alpha,256,above_threshold,mad_corrected,neutral,A,X,10,10,0.0,0.0,1.0,0.5,1.0,-2.575,-0.8875,0.0,0.0
Illusions__block_09__alpha256,Illusions,9,concept__block_09__Illusions,alpha,256,above_threshold,mad_corrected,evocative,A,X,10,10,0.0,0.1,1.0,0.55,0.96,-1.8,-0.64375,0.0,0.0
Illusions__block_09__alpha256,Illusions,9,concept__block_09__Illusions,alpha,256,above_threshold,mad_corrected,neutral,A,Y,10,10,0.0,0.0,1.0,0.5,0.625,-3.9875,-3.75625,0.0,0.0
Illusions__block_09__alpha256,Illusions,9,concept__block_09__Illusions,alpha,256,above_threshold,mad_corrected,evocative,A,Y,10,10,0.0,0.0,1.0,0.5,0.2,-2.975,-3.4375,0.0,0.0
Illusions__block_09__alpha256,Illusions,9,concept__block_09__Illusions,alpha,256,above_threshold,mad_corrected,neutral,B,X,10,10,0.0,0.0,1.0,0.5,1.0,-2.6625,-1.3375,0.0,0.0
Illusions__block_09__alpha256,Illusions,9,concept__block_09__Illusions,alpha,256,above_threshold,mad_corrected,evocative,B,X,10,10,0.0,0.0,1.0,0.5,1.0,-2.15,-1.0125,0.0,0.0
Illusions__block_09__alpha256,Illusions,9,concept__block_09__Illusions,alpha,256,above_threshold,mad_corrected,neutral,B,Y,10,10,0.0,0.0,1.0,0.5,0.915,-4.2375,-3.45,0.0,0.0
Illusions__block_09__alpha256,Illusions,9,concept__block_09__Illusions,alpha,256,above_threshold,mad_corrected,evocative,B,Y,10,10,0.0,0.0,1.0,0.5,0.66,-3.3125,-3.175,0.0,0.0
Illusions__block_10__alpha128,Illusions,10,concept__block_10__Illusions,alpha,128,near_threshold,mad_corrected,neutral,A,X,10,10,0.0,0.0,1.0,0.5,0.995,-2.575,-0.8875,0.0,0.0
Illusions__block_10__alpha128,Illusions,10,concept__block_10__Illusions,alpha,128,near_threshold,mad_corrected,evocative,A,X,10,10,0.0,0.3,1.0,0.65,0.955,-1.8,-0.5375,0.0,0.0
Illusions__block_10__alpha128,Illusions,10,concept__block_10__Illusions,alpha,128,near_threshold,mad_corrected,neutral,A,Y,10,10,0.0,0.0,1.0,0.5,0.125,-3.9875,-4.975,0.0,0.0
Illusions__block_10__alpha128,Illusions,10,concept__block_10__Illusions,alpha,128,near_threshold,mad_corrected,evocative,A,Y,10,10,0.0,0.0,1.0,0.5,0.08,-2.975,-4.5,0.0,0.0
Illusions__block_10__alpha128,Illusions,10,concept__block_10__Illusions,alpha,128,near_threshold,mad_corrected,neutral,B,X,10,10,0.0,0.0,1.0,0.5,0.99,-2.6625,-1.6125,0.0,0.0
Illusions__block_10__alpha128,Illusions,10,concept__block_10__Illusions,alpha,128,near_threshold,mad_corrected,evocative,B,X,10,10,0.0,0.0,1.0,0.5,1.0,-2.15,-1.2625,0.0,0.0
Illusions__block_10__alpha128,Illusions,10,concept__block_10__Illusions,alpha,128,near_threshold,mad_corrected,neutral,B,Y,10,10,0.0,0.0,1.0,0.5,0.63,-4.2375,-4.0125,0.0,0.0
Illusions__block_10__alpha128,Illusions,10,concept__block_10__Illusions,alpha,128,near_threshold,mad_corrected,evocative,B,Y,10,10,0.0,0.0,1.0,0.5,0.335,-3.3125,-3.45625,0.0,0.0
Illusions__block_10__alpha256,Illusions,10,concept__block_10__Illusions,alpha,256,above_threshold,mad_corrected,neutral,A,X,10,10,0.0,0.6,1.0,0.8,1.0,-2.575,-0.2125,0.0,0.0
Illusions__block_10__alpha256,Illusions,10,concept__block_10__Illusions,alpha,256,above_threshold,mad_corrected,evocative,A,X,10,10,0.0,0.6,1.0,0.8,0.99,-1.8,0.13125,0.0,0.0
Illusions__block_10__alpha256,Illusions,10,concept__block_10__Illusions,alpha,256,above_threshold,mad_corrected,neutral,A,Y,10,10,0.0,0.0,1.0,0.5,0.05,-3.9875,-5.2875,0.0,0.0
Illusions__block_10__alpha256,Illusions,10,concept__block_10__Illusions,alpha,256,above_threshold,mad_corrected,evocative,A,Y,10,10,0.0,0.0,1.0,0.5,0.02,-2.975,-4.825,0.0,0.0
Illusions__block_10__alpha256,Illusions,10,concept__block_10__Illusions,alpha,256,above_threshold,mad_corrected,neutral,B,X,10,10,0.0,0.0,1.0,0.5,1.0,-2.6625,-1.025,0.0,0.0
Illusions__block_10__alpha256,Illusions,10,concept__block_10__Illusions,alpha,256,above_threshold,mad_corrected,evocative,B,X,10,10,0.0,0.2,1.0,0.6,1.0,-2.15,-0.6,0.0,0.0
Illusions__block_10__alpha256,Illusions,10,concept__block_10__Illusions,alpha,256,above_threshold,mad_corrected,neutral,B,Y,10,10,0.0,0.0,1.0,0.5,0.43,-4.2375,-4.375,0.0,0.0
Illusions__block_10__alpha256,Illusions,10,concept__block_10__Illusions,alpha,256,above_threshold,mad_corrected,evocative,B,Y,10,10,0.0,0.0,1.0,0.5,0.15,-3.3125,-3.825,0.0,0.0
Illusions__block_11__alpha128,Illusions,11,concept__block_11__Illusions,alpha,128,near_threshold,mad_corrected,neutral,A,X,10,10,0.0,0.0,1.0,0.5,0.895,-2.575,-1.6375,0.0,0.0
Illusions__block_11__alpha128,Illusions,11,concept__block_11__Illusions,alpha,128,near_threshold,mad_corrected,evocative,A,X,10,10,0.0,0.0,1.0,0.5,0.765,-1.8,-1.2,0.0,0.0
Illusions__block_11__alpha128,Illusions,11,concept__block_11__Illusions,alpha,128,near_threshold,mad_corrected,neutral,A,Y,10,10,0.0,0.0,1.0,0.5,0.615,-3.9875,-3.7375,0.0,0.0
Illusions__block_11__alpha128,Illusions,11,concept__block_11__Illusions,alpha,128,near_threshold,mad_corrected,evocative,A,Y,10,10,0.0,0.0,1.0,0.5,0.575,-2.975,-2.775,0.0,0.0
Illusions__block_11__alpha128,Illusions,11,concept__block_11__Illusions,alpha,128,near_threshold,mad_corrected,neutral,B,X,10,10,0.0,0.0,1.0,0.5,0.5,-2.6625,-2.675,0.0,0.0
Illusions__block_11__alpha128,Illusions,11,concept__block_11__Illusions,alpha,128,near_threshold,mad_corrected,evocative,B,X,10,10,0.0,0.0,1.0,0.5,0.28,-2.15,-2.3375,0.0,0.0
Illusions__block_11__alpha128,Illusions,11,concept__block_11__Illusions,alpha,128,near_threshold,mad_corrected,neutral,B,Y,10,10,0.0,0.0,1.0,0.5,0.99,-4.2375,-2.85,0.0,0.0
Illusions__block_11__alpha128,Illusions,11,concept__block_11__Illusions,alpha,128,near_threshold,mad_corrected,evocative,B,Y,10,10,0.0,0.0,1.0,0.5,0.98,-3.3125,-1.975,0.0,0.0
Illusions__block_11__alpha256,Illusions,11,concept__block_11__Illusions,alpha,256,above_threshold,mad_corrected,neutral,A,X,10,10,0.0,0.0,1.0,0.5,0.905,-2.575,-1.5,0.0,0.0
Illusions__block_11__alpha256,Illusions,11,concept__block_11__Illusions,alpha,256,above_threshold,mad_corrected,evocative,A,X,10,10,0.0,0.0,1.0,0.5,0.77,-1.8,-1.04375,0.0,0.3
Illusions__block_11__alpha256,Illusions,11,concept__block_11__Illusions,alpha,256,above_threshold,mad_corrected,neutral,A,Y,10,10,0.0,0.0,1.0,0.5,0.64,-3.9875,-3.6625,0.0,0.0
Illusions__block_11__alpha256,Illusions,11,concept__block_11__Illusions,alpha,256,above_threshold,mad_corrected,evocative,A,Y,10,10,0.0,0.0,1.0,0.5,0.685,-2.975,-2.70625,0.0,0.3
Illusions__block_11__alpha256,Illusions,11,concept__block_11__Illusions,alpha,256,above_threshold,mad_corrected,neutral,B,X,10,10,0.0,0.0,1.0,0.5,0.38,-2.6625,-2.7875,0.0,0.0
Illusions__block_11__alpha256,Illusions,11,concept__block_11__Illusions,alpha,256,above_threshold,mad_corrected,evocative,B,X,10,10,0.0,0.0,1.0,0.5,0.345,-2.15,-2.3125,0.0,0.0
Illusions__block_11__alpha256,Illusions,11,concept__block_11__Illusions,alpha,256,above_threshold,mad_corrected,neutral,B,Y,10,10,0.0,0.0,1.0,0.5,0.99,-4.2375,-2.775,0.0,0.0
Illusions__block_11__alpha256,Illusions,11,concept__block_11__Illusions,alpha,256,above_threshold,mad_corrected,evocative,B,Y,10,10,0.0,0.0,1.0,0.5,0.98,-3.3125,-1.8625,0.0,0.0
Illusions__block_12__alpha128,Illusions,12,concept__block_12__Illusions,alpha,128,near_threshold,mad_corrected,neutral,A,X,10,10,0.0,0.0,1.0,0.5,0.43,-2.575,-2.7625,0.0,0.2
Illusions__block_12__alpha128,Illusions,12,concept__block_12__Illusions,alpha,128,near_threshold,mad_corrected,evocative,A,X,10,10,0.0,0.0,1.0,0.5,0.545,-1.8,-1.6875,0.0,0.7
Illusions__block_12__alpha128,Illusions,12,concept__block_12__Illusions,alpha,128,near_threshold,mad_corrected,neutral,A,Y,10,10,0.0,0.0,1.0,0.5,0.96,-3.9875,-1.7375,0.0,0.7
Illusions__block_12__alpha128,Illusions,12,concept__block_12__Illusions,alpha,128,near_threshold,mad_corrected,evocative,A,Y,10,10,0.0,0.0,1.0,0.5,0.995,-2.975,-0.41875,0.0,0.9
Illusions__block_12__alpha128,Illusions,12,concept__block_12__Illusions,alpha,128,near_threshold,mad_corrected,neutral,B,X,10,10,0.0,0.0,1.0,0.5,0.02,-2.6625,-3.78125,0.0,0.0
Illusions__block_12__alpha128,Illusions,12,concept__block_12__Illusions,alpha,128,near_threshold,mad_corrected,evocative,B,X,10,10,0.0,0.0,1.0,0.5,0.235,-2.15,-2.6625,0.0,0.5
Illusions__block_12__alpha128,Illusions,12,concept__block_12__Illusions,alpha,128,near_threshold,mad_corrected,neutral,B,Y,10,10,0.0,0.0,1.0,0.5,0.965,-4.2375,-2.08125,0.0,0.3
Illusions__block_12__alpha128,Illusions,12,concept__block_12__Illusions,alpha,128,near_threshold,mad_corrected,evocative,B,Y,10,10,0.0,0.0,1.0,0.5,0.97,-3.3125,-0.5625,0.0,0.9
Illusions__block_12__alpha256,Illusions,12,concept__block_12__Illusions,alpha,256,above_threshold,mad_corrected,neutral,A,X,10,10,0.0,0.0,1.0,0.5,0.535,-2.575,-2.4625,0.0,0.6
Illusions__block_12__alpha256,Illusions,12,concept__block_12__Illusions,alpha,256,above_threshold,mad_corrected,evocative,A,X,10,10,0.0,0.0,1.0,0.5,0.62,-1.8,-1.49375,0.0,0.8
Illusions__block_12__alpha256,Illusions,12,concept__block_12__Illusions,alpha,256,above_threshold,mad_corrected,neutral,A,Y,10,10,0.0,0.0,1.0,0.5,1.0,-3.9875,-0.9,0.0,0.9
Illusions__block_12__alpha256,Illusions,12,concept__block_12__Illusions,alpha,256,above_threshold,mad_corrected,evocative,A,Y,10,10,0.0,0.0,1.0,0.5,1.0,-2.975,-0.15,0.0,1.0
Illusions__block_12__alpha256,Illusions,12,concept__block_12__Illusions,alpha,256,above_threshold,mad_corrected,neutral,B,X,10,10,0.0,0.0,1.0,0.5,0.09,-2.6625,-3.6125,0.0,0.3
Illusions__block_12__alpha256,Illusions,12,concept__block_12__Illusions,alpha,256,above_threshold,mad_corrected,evocative,B,X,10,10,0.0,0.0,1.0,0.5,0.33,-2.15,-2.5,0.0,0.9
Illusions__block_12__alpha256,Illusions,12,concept__block_12__Illusions,alpha,256,above_threshold,mad_corrected,neutral,B,Y,10,10,0.0,0.0,1.0,0.5,1.0,-4.2375,-0.9,0.0,0.8
Illusions__block_12__alpha256,Illusions,12,concept__block_12__Illusions,alpha,256,above_threshold,mad_corrected,evocative,B,Y,10,10,0.0,0.0,1.0,0.5,1.0,-3.3125,-0.01875,0.0,0.9
Illusions__block_13__alpha128,Illusions,13,concept__block_13__Illusions,alpha,128,near_threshold,mad_corrected,neutral,A,X,10,10,0.0,0.0,1.0,0.5,0.985,-2.575,-1.3875,0.0,0.0
Illusions__block_13__alpha128,Illusions,13,concept__block_13__Illusions,alpha,128,near_threshold,mad_corrected,evocative,A,X,10,10,0.0,0.0,1.0,0.5,0.945,-1.8,-0.8625,0.0,0.0
Illusions__block_13__alpha128,Illusions,13,concept__block_13__Illusions,alpha,128,near_threshold,mad_corrected,neutral,A,Y,10,10,0.0,0.0,1.0,0.5,0.965,-3.9875,-2.1125,0.0,0.0
Illusions__block_13__alpha128,Illusions,13,concept__block_13__Illusions,alpha,128,near_threshold,mad_corrected,evocative,A,Y,10,10,0.0,0.2,1.0,0.6,0.995,-2.975,-0.7625,0.0,0.0
Illusions__block_13__alpha128,Illusions,13,concept__block_13__Illusions,alpha,128,near_threshold,mad_corrected,neutral,B,X,10,10,0.0,0.0,1.0,0.5,0.955,-2.6625,-1.9375,0.0,0.0
Illusions__block_13__alpha128,Illusions,13,concept__block_13__Illusions,alpha,128,near_threshold,mad_corrected,evocative,B,X,10,10,0.0,0.0,1.0,0.5,0.985,-2.15,-1.4625,0.0,0.0
Illusions__block_13__alpha128,Illusions,13,concept__block_13__Illusions,alpha,128,near_threshold,mad_corrected,neutral,B,Y,10,10,0.0,0.0,1.0,0.5,0.965,-4.2375,-2.475,0.0,0.0
Illusions__block_13__alpha128,Illusions,13,concept__block_13__Illusions,alpha,128,near_threshold,mad_corrected,evocative,B,Y,10,10,0.0,0.1,1.0,0.55,1.0,-3.3125,-1.025,0.0,0.0
Illusions__block_13__alpha256,Illusions,13,concept__block_13__Illusions,alpha,256,above_threshold,mad_corrected,neutral,A,X,10,10,0.0,0.0,1.0,0.5,0.975,-2.575,-1.475,0.0,0.0
Illusions__block_13__alpha256,Illusions,13,concept__block_13__Illusions,alpha,256,above_threshold,mad_corrected,evocative,A,X,10,10,0.0,0.0,1.0,0.5,0.92,-1.8,-0.93125,0.0,0.0
Illusions__block_13__alpha256,Illusions,13,concept__block_13__Illusions,alpha,256,above_threshold,mad_corrected,neutral,A,Y,10,10,0.0,0.0,1.0,0.5,0.97,-3.9875,-1.825,0.0,0.0
Illusions__block_13__alpha256,Illusions,13,concept__block_13__Illusions,alpha,256,above_threshold,mad_corrected,evocative,A,Y,10,10,0.0,0.0,1.0,0.5,0.995,-2.975,-0.48125,0.0,0.3
Illusions__block_13__alpha256,Illusions,13,concept__block_13__Illusions,alpha,256,above_threshold,mad_corrected,neutral,B,X,10,10,0.0,0.0,1.0,0.5,0.955,-2.6625,-1.9875,0.0,0.0
Illusions__block_13__alpha256,Illusions,13,concept__block_13__Illusions,alpha,256,above_threshold,mad_corrected,evocative,B,X,10,10,0.0,0.0,1.0,0.5,0.94,-2.15,-1.6125,0.0,0.0
Illusions__block_13__alpha256,Illusions,13,concept__block_13__Illusions,alpha,256,above_threshold,mad_corrected,neutral,B,Y,10,10,0.0,0.0,1.0,0.5,0.97,-4.2375,-2.2,0.0,0.0
Illusions__block_13__alpha256,Illusions,13,concept__block_13__Illusions,alpha,256,above_threshold,mad_corrected,evocative,B,Y,10,10,0.0,0.1,1.0,0.55,1.0,-3.3125,-0.7,0.0,0.2
Origami__block_00__alpha128,Origami,0,concept__block_00__Origami,alpha,128,near_threshold,mad_corrected,neutral,A,X,10,10,0.0,0.0,1.0,0.5,0.56,-2.35,-1.95,0.0,0.3
Origami__block_00__alpha128,Origami,0,concept__block_00__Origami,alpha,128,near_threshold,mad_corrected,evocative,A,X,10,10,0.0,0.0,1.0,0.5,0.895,-1.7,0.00625,0.0,0.8
Origami__block_00__alpha128,Origami,0,concept__block_00__Origami,alpha,128,near_threshold,mad_corrected,neutral,A,Y,10,10,0.0,0.0,1.0,0.5,1.0,-3.875,-1.1125,0.0,0.5
Origami__block_00__alpha128,Origami,0,concept__block_00__Origami,alpha,128,near_threshold,mad_corrected,evocative,A,Y,10,10,0.0,0.0,1.0,0.5,0.98,-3.05,-0.8875,0.0,0.9
Origami__block_00__alpha128,Origami,0,concept__block_00__Origami,alpha,128,near_threshold,mad_corrected,neutral,B,X,10,10,0.0,0.1,1.0,0.55,0.565,-2.5,-2.0,0.0,0.1
Origami__block_00__alpha128,Origami,0,concept__block_00__Origami,alpha,128,near_threshold,mad_corrected,evocative,B,X,10,10,0.0,0.2,1.0,0.6,0.905,-1.875,0.0375,0.0,0.5
Origami__block_00__alpha128,Origami,0,concept__block_00__Origami,alpha,128,near_threshold,mad_corrected,neutral,B,Y,10,10,0.0,0.0,1.0,0.5,0.995,-3.775,-2.1,0.0,0.2
Origami__block_00__alpha128,Origami,0,concept__block_00__Origami,alpha,128,near_threshold,mad_corrected,evocative,B,Y,10,10,0.0,0.0,1.0,0.5,0.96,-2.775,-1.675,0.0,0.1
Origami__block_00__alpha256,Origami,0,concept__block_00__Origami,alpha,256,above_threshold,mad_corrected,neutral,A,X,10,10,0.0,0.0,1.0,0.5,0.715,-2.35,-1.475,0.0,0.3
Origami__block_00__alpha256,Origami,0,concept__block_00__Origami,alpha,256,above_threshold,mad_corrected,evocative,A,X,10,10,0.0,0.0,1.0,0.5,0.96,-1.7,0.575,0.0,0.9
Origami__block_00__alpha256,Origami,0,concept__block_00__Origami,alpha,256,above_threshold,mad_corrected,neutral,A,Y,10,10,0.0,0.0,1.0,0.5,1.0,-3.875,-0.7625,0.0,0.7
Origami__block_00__alpha256,Origami,0,concept__block_00__Origami,alpha,256,above_threshold,mad_corrected,evocative,A,Y,10,10,0.0,0.0,1.0,0.5,0.94,-3.05,-1.26875,0.0,0.9
Origami__block_00__alpha256,Origami,0,concept__block_00__Origami,alpha,256,above_threshold,mad_corrected,neutral,B,X,10,10,0.0,0.0,1.0,0.5,0.68,-2.5,-1.575,0.0,0.1
Origami__block_00__alpha256,Origami,0,concept__block_00__Origami,alpha,256,above_threshold,mad_corrected,evocative,B,X,10,10,0.0,0.0,1.0,0.5,0.955,-1.875,0.7125,0.0,0.7
Origami__block_00__alpha256,Origami,0,concept__block_00__Origami,alpha,256,above_threshold,mad_corrected,neutral,B,Y,10,10,0.0,0.0,1.0,0.5,1.0,-3.775,-1.56875,0.0,0.1
Origami__block_00__alpha256,Origami,0,concept__block_00__Origami,alpha,256,above_threshold,mad_corrected,evocative,B,Y,10,10,0.0,0.0,1.0,0.5,0.94,-2.775,-1.675,0.0,0.7
Origami__block_01__alpha128,Origami,1,concept__block_01__Origami,alpha,128,near_threshold,mad_corrected,neutral,A,X,10,10,0.0,0.0,1.0,0.5,0.685,-2.35,-2.05,0.0,0.0
Origami__block_01__alpha128,Origami,1,concept__block_01__Origami,alpha,128,near_threshold,mad_corrected,evocative,A,X,10,10,0.0,0.0,1.0,0.5,0.475,-1.7,-1.8,0.0,0.0
Origami__block_01__alpha128,Origami,1,concept__block_01__Origami,alpha,128,near_threshold,mad_corrected,neutral,A,Y,10,10,0.0,0.0,1.0,0.5,0.675,-3.875,-3.5125,0.0,0.0
Origami__block_01__alpha128,Origami,1,concept__block_01__Origami,alpha,128,near_threshold,mad_corrected,evocative,A,Y,10,10,0.0,0.0,1.0,0.5,0.285,-3.05,-3.7125,0.0,0.0
Origami__block_01__alpha128,Origami,1,concept__block_01__Origami,alpha,128,near_threshold,mad_corrected,neutral,B,X,10,10,0.0,0.0,1.0,0.5,1.0,-2.5,-1.6,0.0,0.0
Origami__block_01__alpha128,Origami,1,concept__block_01__Origami,alpha,128,near_threshold,mad_corrected,evocative,B,X,10,10,0.0,0.0,1.0,0.5,0.775,-1.875,-1.4875,0.0,0.0
Origami__block_01__alpha128,Origami,1,concept__block_01__Origami,alpha,128,near_threshold,mad_corrected,neutral,B,Y,10,10,0.0,0.0,1.0,0.5,0.075,-3.775,-4.5375,0.0,0.0
Origami__block_01__alpha128,Origami,1,concept__block_01__Origami,alpha,128,near_threshold,mad_corrected,evocative,B,Y,10,10,0.0,0.0,1.0,0.5,0.0,-2.775,-4.9,0.0,0.0
Origami__block_01__alpha256,Origami,1,concept__block_01__Origami,alpha,256,above_threshold,mad_corrected,neutral,A,X,10,10,0.0,0.0,1.0,0.5,0.815,-2.35,-1.7625,0.0,0.0
Origami__block_01__alpha256,Origami,1,concept__block_01__Origami,alpha,256,above_threshold,mad_corrected,evocative,A,X,10,10,0.0,0.0,1.0,0.5,0.62,-1.7,-1.4625,0.0,0.0
Origami__block_01__alpha256,Origami,1,concept__block_01__Origami,alpha,256,above_threshold,mad_corrected,neutral,A,Y,10,10,0.0,0.0,1.0,0.5,0.525,-3.875,-4.0375,0.0,0.0
Origami__block_01__alpha256,Origami,1,concept__block_01__Origami,alpha,256,above_threshold,mad_corrected,evocative,A,Y,10,10,0.0,0.0,1.0,0.5,0.045,-3.05,-4.2,0.0,0.0
Origami__block_01__alpha256,Origami,1,concept__block_01__Origami,alpha,256,above_threshold,mad_corrected,neutral,B,X,10,10,0.0,0.0,1.0,0.5,1.0,-2.5,-1.3375,0.0,0.0
Origami__block_01__alpha256,Origami,1,concept__block_01__Origami,alpha,256,above_threshold,mad_corrected,evocative,B,X,10,10,0.0,0.0,1.0,0.5,0.94,-1.875,-1.125,0.0,0.0
Origami__block_01__alpha256,Origami,1,concept__block_01__Origami,alpha,256,above_threshold,mad_corrected,neutral,B,Y,10,10,0.0,0.0,1.0,0.5,0.0,-3.775,-5.075,0.0,0.0
Origami__block_01__alpha256,Origami,1,concept__block_01__Origami,alpha,256,above_threshold,mad_corrected,evocative,B,Y,10,10,0.0,0.0,1.0,0.5,0.0,-2.775,-5.475,0.0,0.0
Origami__block_02__alpha128,Origami,2,concept__block_02__Origami,alpha,128,near_threshold,mad_corrected,neutral,A,X,10,10,0.0,0.0,1.0,0.5,0.105,-2.35,-3.1125,0.0,0.0
Origami__block_02__alpha128,Origami,2,concept__block_02__Origami,alpha,128,near_threshold,mad_corrected,evocative,A,X,10,10,0.0,0.0,1.0,0.5,0.105,-1.7,-2.65,0.0,0.0
Origami__block_02__alpha128,Origami,2,concept__block_02__Origami,alpha,128,near_threshold,mad_corrected,neutral,A,Y,10,10,0.0,0.0,1.0,0.5,0.32,-3.875,-4.225,0.0,0.0
Origami__block_02__alpha128,Origami,2,concept__block_02__Origami,alpha,128,near_threshold,mad_corrected,evocative,A,Y,10,10,0.0,0.0,1.0,0.5,0.155,-3.05,-4.2125,0.0,0.0
Origami__block_02__alpha128,Origami,2,concept__block_02__Origami,alpha,128,near_threshold,mad_corrected,neutral,B,X,10,10,0.0,0.0,1.0,0.5,0.11,-2.5,-3.0,0.0,0.0
Origami__block_02__alpha128,Origami,2,concept__block_02__Origami,alpha,128,near_threshold,mad_corrected,evocative,B,X,10,10,0.0,0.0,1.0,0.5,0.13,-1.875,-2.6125,0.0,0.0
Origami__block_02__alpha128,Origami,2,concept__block_02__Origami,alpha,128,near_threshold,mad_corrected,neutral,B,Y,10,10,0.0,0.0,1.0,0.5,0.015,-3.775,-4.85,0.0,0.0
Origami__block_02__alpha128,Origami,2,concept__block_02__Origami,alpha,128,near_threshold,mad_corrected,evocative,B,Y,10,10,0.0,0.0,1.0,0.5,0.0,-2.775,-4.9625,0.0,0.0
Origami__block_02__alpha256,Origami,2,concept__block_02__Origami,alpha,256,above_threshold,mad_corrected,neutral,A,X,10,10,0.0,0.0,1.0,0.5,0.185,-2.35,-2.95,0.0,0.0
Origami__block_02__alpha256,Origami,2,concept__block_02__Origami,alpha,256,above_threshold,mad_corrected,evocative,A,X,10,10,0.0,0.0,1.0,0.5,0.18,-1.7,-2.5375,0.0,0.0
Origami__block_02__alpha256,Origami,2,concept__block_02__Origami,alpha,256,above_threshold,mad_corrected,neutral,A,Y,10,10,0.0,0.0,1.0,0.5,0.24,-3.875,-4.6375,0.0,0.0
Origami__block_02__alpha256,Origami,2,concept__block_02__Origami,alpha,256,above_threshold,mad_corrected,evocative,A,Y,10,10,0.0,0.0,1.0,0.5,0.045,-3.05,-4.6875,0.0,0.0
Origami__block_02__alpha256,Origami,2,concept__block_02__Origami,alpha,256,above_threshold,mad_corrected,neutral,B,X,10,10,0.0,0.0,1.0,0.5,0.21,-2.5,-2.9,0.0,0.0
Origami__block_02__alpha256,Origami,2,concept__block_02__Origami,alpha,256,above_threshold,mad_corrected,evocative,B,X,10,10,0.0,0.0,1.0,0.5,0.175,-1.875,-2.5125,0.0,0.0
Origami__block_02__alpha256,Origami,2,concept__block_02__Origami,alpha,256,above_threshold,mad_corrected,neutral,B,Y,10,10,0.0,0.0,1.0,0.5,0.0,-3.775,-5.55,0.0,0.0
Origami__block_02__alpha256,Origami,2,concept__block_02__Origami,alpha,256,above_threshold,mad_corrected,evocative,B,Y,10,10,0.0,0.0,1.0,0.5,0.0,-2.775,-5.8125,0.0,0.0
Origami__block_03__alpha128,Origami,3,concept__block_03__Origami,alpha,128,near_threshold,mad_corrected,neutral,A,X,10,10,0.0,0.0,1.0,0.5,0.04,-2.35,-3.95,0.0,0.0
Origami__block_03__alpha128,Origami,3,concept__block_03__Origami,alpha,128,near_threshold,mad_corrected,evocative,A,X,10,10,0.0,0.0,1.0,0.5,0.0,-1.7,-3.8,0.0,0.0
Origami__block_03__alpha128,Origami,3,concept__block_03__Origami,alpha,128,near_threshold,mad_corrected,neutral,A,Y,10,10,0.0,0.0,1.0,0.5,0.38,-3.875,-4.275,0.0,0.0
Origami__block_03__alpha128,Origami,3,concept__block_03__Origami,alpha,128,near_threshold,mad_corrected,evocative,A,Y,10,10,0.0,0.0,1.0,0.5,0.225,-3.05,-3.8875,0.0,0.0
Origami__block_03__alpha128,Origami,3,concept__block_03__Origami,alpha,128,near_threshold,mad_corrected,neutral,B,X,10,10,0.0,0.0,1.0,0.5,0.0,-2.5,-4.2375,0.0,0.0
Origami__block_03__alpha128,Origami,3,concept__block_03__Origami,alpha,128,near_threshold,mad_corrected,evocative,B,X,10,10,0.0,0.0,1.0,0.5,0.0,-1.875,-3.9625,0.0,0.0
Origami__block_03__alpha128,Origami,3,concept__block_03__Origami,alpha,128,near_threshold,mad_corrected,neutral,B,Y,10,10,0.0,0.0,1.0,0.5,0.43,-3.775,-3.8875,0.0,0.0
Origami__block_03__alpha128,Origami,3,concept__block_03__Origami,alpha,128,near_threshold,mad_corrected,evocative,B,Y,10,10,0.0,0.0,1.0,0.5,0.12,-2.775,-3.5375,0.0,0.0
Origami__block_03__alpha256,Origami,3,concept__block_03__Origami,alpha,256,above_threshold,mad_corrected,neutral,A,X,10,10,0.0,0.0,1.0,0.5,0.08,-2.35,-3.875,0.0,0.0
Origami__block_03__alpha256,Origami,3,concept__block_03__Origami,alpha,256,above_threshold,mad_corrected,evocative,A,X,10,10,0.0,0.0,1.0,0.5,0.0,-1.7,-3.775,0.0,0.0
Origami__block_03__alpha256,Origami,3,concept__block_03__Origami,alpha,256,above_threshold,mad_corrected,neutral,A,Y,10,10,0.0,0.0,1.0,0.5,0.26,-3.875,-4.575,0.0,0.0
Origami__block_03__alpha256,Origami,3,concept__block_03__Origami,alpha,256,above_threshold,mad_corrected,evocative,A,Y,10,10,0.0,0.0,1.0,0.5,0.205,-3.05,-4.125,0.0,0.0
Origami__block_03__alpha256,Origami,3,concept__block_03__Origami,alpha,256,above_threshold,mad_corrected,neutral,B,X,10,10,0.0,0.0,1.0,0.5,0.0,-2.5,-4.2875,0.0,0.0
Origami__block_03__alpha256,Origami,3,concept__block_03__Origami,alpha,256,above_threshold,mad_corrected,evocative,B,X,10,10,0.0,0.0,1.0,0.5,0.0,-1.875,-3.9125,0.0,0.0
Origami__block_03__alpha256,Origami,3,concept__block_03__Origami,alpha,256,above_threshold,mad_corrected,neutral,B,Y,10,10,0.0,0.0,1.0,0.5,0.23,-3.775,-4.2125,0.0,0.0
Origami__block_03__alpha256,Origami,3,concept__block_03__Origami,alpha,256,above_threshold,mad_corrected,evocative,B,Y,10,10,0.0,0.0,1.0,0.5,0.03,-2.775,-3.7875,0.0,0.0
Origami__block_04__alpha128,Origami,4,concept__block_04__Origami,alpha,128,near_threshold,mad_corrected,neutral,A,X,10,10,0.0,0.0,1.0,0.5,0.11,-2.35,-3.25,0.0,0.0
Origami__block_04__alpha128,Origami,4,concept__block_04__Origami,alpha,128,near_threshold,mad_corrected,evocative,A,X,10,10,0.0,0.0,1.0,0.5,0.03,-1.7,-3.025,0.0,0.0
Origami__block_04__alpha128,Origami,4,concept__block_04__Origami,alpha,128,near_threshold,mad_corrected,neutral,A,Y,10,10,0.0,0.0,1.0,0.5,0.5,-3.875,-3.8375,0.0,0.0
Origami__block_04__alpha128,Origami,4,concept__block_04__Origami,alpha,128,near_threshold,mad_corrected,evocative,A,Y,10,10,0.0,0.0,1.0,0.5,0.39,-3.05,-3.4,0.0,0.0
Origami__block_04__alpha128,Origami,4,concept__block_04__Origami,alpha,128,near_threshold,mad_corrected,neutral,B,X,10,10,0.0,0.0,1.0,0.5,0.2,-2.5,-2.8125,0.0,0.0
Origami__block_04__alpha128,Origami,4,concept__block_04__Origami,alpha,128,near_threshold,mad_corrected,evocative,B,X,10,10,0.0,0.0,1.0,0.5,0.045,-1.875,-2.5,0.0,0.0
Origami__block_04__alpha128,Origami,4,concept__block_04__Origami,alpha,128,near_threshold,mad_corrected,neutral,B,Y,10,10,0.0,0.0,1.0,0.5,0.905,-3.775,-3.15,0.0,0.0
Origami__block_04__alpha128,Origami,4,concept__block_04__Origami,alpha,128,near_threshold,mad_corrected,evocative,B,Y,10,10,0.0,0.0,1.0,0.5,0.46,-2.775,-2.875,0.0,0.0
Origami__block_04__alpha256,Origami,4,concept__block_04__Origami,alpha,256,above_threshold,mad_corrected,neutral,A,X,10,10,0.0,0.0,1.0,0.5,0.15,-2.35,-3.1125,0.0,0.0
Origami__block_04__alpha256,Origami,4,concept__block_04__Origami,alpha,256,above_threshold,mad_corrected,evocative,A,X,10,10,0.0,0.0,1.0,0.5,0.065,-1.7,-2.8125,0.0,0.0
Origami__block_04__alpha256,Origami,4,concept__block_04__Origami,alpha,256,above_threshold,mad_corrected,neutral,A,Y,10,10,0.0,0.0,1.0,0.5,0.615,-3.875,-3.4375,0.0,0.0
Origami__block_04__alpha256,Origami,4,concept__block_04__Origami,alpha,256,above_threshold,mad_corrected,evocative,A,Y,10,10,0.0,0.0,1.0,0.5,0.47,-3.05,-3.0375,0.0,0.0
Origami__block_04__alpha256,Origami,4,concept__block_04__Origami,alpha,256,above_threshold,mad_corrected,neutral,B,X,10,10,0.0,0.0,1.0,0.5,0.365,-2.5,-2.625,0.0,0.0
Origami__block_04__alpha256,Origami,4,concept__block_04__Origami,alpha,256,above_threshold,mad_corrected,evocative,B,X,10,10,0.0,0.0,1.0,0.5,0.19,-1.875,-2.2875,0.0,0.0
Origami__block_04__alpha256,Origami,4,concept__block_04__Origami,alpha,256,above_threshold,mad_corrected,neutral,B,Y,10,10,0.0,0.0,1.0,0.5,0.995,-3.775,-2.7625,0.0,0.0
Origami__block_04__alpha256,Origami,4,concept__block_04__Origami,alpha,256,above_threshold,mad_corrected,evocative,B,Y,10,10,0.0,0.0,1.0,0.5,0.615,-2.775,-2.6625,0.0,0.0
Origami__block_05__alpha128,Origami,5,concept__block_05__Origami,alpha,128,near_threshold,mad_corrected,neutral,A,X,10,10,0.0,0.0,1.0,0.5,0.8,-2.35,-1.975,0.0,0.0
Origami__block_05__alpha128,Origami,5,concept__block_05__Origami,alpha,128,near_threshold,mad_corrected,evocative,A,X,10,10,0.0,0.0,1.0,0.5,0.6,-1.7,-1.6875,0.0,0.0
Origami__block_05__alpha128,Origami,5,concept__block_05__Origami,alpha,128,near_threshold,mad_corrected,neutral,A,Y,10,10,0.0,0.0,1.0,0.5,1.0,-3.875,-1.1875,0.0,0.0
Origami__block_05__alpha128,Origami,5,concept__block_05__Origami,alpha,128,near_threshold,mad_corrected,evocative,A,Y,10,10,0.0,0.0,1.0,0.5,1.0,-3.05,-0.675,0.0,0.0
Origami__block_05__alpha128,Origami,5,concept__block_05__Origami,alpha,128,near_threshold,mad_corrected,neutral,B,X,10,10,0.0,0.0,1.0,0.5,0.72,-2.5,-2.275,0.0,0.0
Origami__block_05__alpha128,Origami,5,concept__block_05__Origami,alpha,128,near_threshold,mad_corrected,evocative,B,X,10,10,0.0,0.0,1.0,0.5,0.485,-1.875,-1.95,0.0,0.0
Origami__block_05__alpha128,Origami,5,concept__block_05__Origami,alpha,128,near_threshold,mad_corrected,neutral,B,Y,10,10,0.0,0.0,1.0,0.5,1.0,-3.775,-1.4875,0.0,0.0
Origami__block_05__alpha128,Origami,5,concept__block_05__Origami,alpha,128,near_threshold,mad_corrected,evocative,B,Y,10,10,0.0,0.0,1.0,0.5,1.0,-2.775,-1.05,0.0,0.0
Origami__block_05__alpha256,Origami,5,concept__block_05__Origami,alpha,256,above_threshold,mad_corrected,neutral,A,X,10,10,0.0,0.0,1.0,0.5,0.77,-2.35,-2.05,0.0,0.0
Origami__block_05__alpha256,Origami,5,concept__block_05__Origami,alpha,256,above_threshold,mad_corrected,evocative,A,X,10,10,0.0,0.0,1.0,0.5,0.575,-1.7,-1.775,0.0,0.0
Origami__block_05__alpha256,Origami,5,concept__block_05__Origami,alpha,256,above_threshold,mad_corrected,neutral,A,Y,10,10,0.0,0.0,1.0,0.5,1.0,-3.875,-0.8625,0.0,0.0
Origami__block_05__alpha256,Origami,5,concept__block_05__Origami,alpha,256,above_threshold,mad_corrected,evocative,A,Y,10,10,0.0,0.1,1.0,0.55,1.0,-3.05,-0.45,0.0,0.0
Origami__block_05__alpha256,Origami,5,concept__block_05__Origami,alpha,256,above_threshold,mad_corrected,neutral,B,X,10,10,0.0,0.0,1.0,0.5,0.595,-2.5,-2.4,0.0,0.0
Origami__block_05__alpha256,Origami,5,concept__block_05__Origami,alpha,256,above_threshold,mad_corrected,evocative,B,X,10,10,0.0,0.0,1.0,0.5,0.3,-1.875,-2.15,0.0,0.0
Origami__block_05__alpha256,Origami,5,concept__block_05__Origami,alpha,256,above_threshold,mad_corrected,neutral,B,Y,10,10,0.0,0.0,1.0,0.5,1.0,-3.775,-1.1625,0.0,0.0
Origami__block_05__alpha256,Origami,5,concept__block_05__Origami,alpha,256,above_threshold,mad_corrected,evocative,B,Y,10,10,0.0,0.0,1.0,0.5,1.0,-2.775,-0.8375,0.0,0.0
Origami__block_06__alpha128,Origami,6,concept__block_06__Origami,alpha,128,near_threshold,mad_corrected,neutral,A,X,10,10,0.0,0.0,1.0,0.5,1.0,-2.35,-1.0875,0.0,0.0
Origami__block_06__alpha128,Origami,6,concept__block_06__Origami,alpha,128,near_threshold,mad_corrected,evocative,A,X,10,10,0.0,0.0,1.0,0.5,0.91,-1.7,-0.775,0.0,0.0
Origami__block_06__alpha128,Origami,6,concept__block_06__Origami,alpha,128,near_threshold,mad_corrected,neutral,A,Y,10,10,0.0,0.0,1.0,0.5,1.0,-3.875,-1.075,0.0,0.0
Origami__block_06__alpha128,Origami,6,concept__block_06__Origami,alpha,128,near_threshold,mad_corrected,evocative,A,Y,10,10,0.0,0.0,1.0,0.5,1.0,-3.05,-0.7875,0.0,0.0
Origami__block_06__alpha128,Origami,6,concept__block_06__Origami,alpha,128,near_threshold,mad_corrected,neutral,B,X,10,10,0.0,0.0,1.0,0.5,1.0,-2.5,-0.9,0.0,0.0
Origami__block_06__alpha128,Origami,6,concept__block_06__Origami,alpha,128,near_threshold,mad_corrected,evocative,B,X,10,10,0.0,0.0,1.0,0.5,1.0,-1.875,-0.6625,0.0,0.0
Origami__block_06__alpha128,Origami,6,concept__block_06__Origami,alpha,128,near_threshold,mad_corrected,neutral,B,Y,10,10,0.0,0.0,1.0,0.5,1.0,-3.775,-0.6625,0.0,0.0
Origami__block_06__alpha128,Origami,6,concept__block_06__Origami,alpha,128,near_threshold,mad_corrected,evocative,B,Y,10,10,0.0,0.0,1.0,0.5,1.0,-2.775,-0.35,0.0,0.0
Origami__block_06__alpha256,Origami,6,concept__block_06__Origami,alpha,256,above_threshold,mad_corrected,neutral,A,X,10,10,0.0,0.0,1.0,0.5,1.0,-2.35,-0.9375,0.0,0.0
Origami__block_06__alpha256,Origami,6,concept__block_06__Origami,alpha,256,above_threshold,mad_corrected,evocative,A,X,10,10,0.0,0.0,1.0,0.5,0.915,-1.7,-0.775,0.0,0.0
Origami__block_06__alpha256,Origami,6,concept__block_06__Origami,alpha,256,above_threshold,mad_corrected,neutral,A,Y,10,10,0.0,0.0,1.0,0.5,1.0,-3.875,-0.6875,0.0,0.0
Origami__block_06__alpha256,Origami,6,concept__block_06__Origami,alpha,256,above_threshold,mad_corrected,evocative,A,Y,10,10,0.0,0.0,1.0,0.5,1.0,-3.05,-0.3875,0.0,0.0
Origami__block_06__alpha256,Origami,6,concept__block_06__Origami,alpha,256,above_threshold,mad_corrected,neutral,B,X,10,10,0.0,0.0,1.0,0.5,1.0,-2.5,-0.7875,0.0,0.0
Origami__block_06__alpha256,Origami,6,concept__block_06__Origami,alpha,256,above_threshold,mad_corrected,evocative,B,X,10,10,0.0,0.0,1.0,0.5,1.0,-1.875,-0.7125,0.0,0.0
Origami__block_06__alpha256,Origami,6,concept__block_06__Origami,alpha,256,above_threshold,mad_corrected,neutral,B,Y,10,10,0.0,0.2,1.0,0.6,1.0,-3.775,-0.2875,0.0,0.0
Origami__block_06__alpha256,Origami,6,concept__block_06__Origami,alpha,256,above_threshold,mad_corrected,evocative,B,Y,10,10,0.0,0.3,1.0,0.65,1.0,-2.775,0.025,0.0,0.0
Origami__block_07__alpha128,Origami,7,concept__block_07__Origami,alpha,128,near_threshold,mad_corrected,neutral,A,X,10,10,0.0,0.0,1.0,0.5,0.775,-2.35,-2.05,0.0,0.0
Origami__block_07__alpha128,Origami,7,concept__block_07__Origami,alpha,128,near_threshold,mad_corrected,evocative,A,X,10,10,0.0,0.0,1.0,0.5,0.36,-1.7,-2.025,0.0,0.0
Origami__block_07__alpha128,Origami,7,concept__block_07__Origami,alpha,128,near_threshold,mad_corrected,neutral,A,Y,10,10,0.0,0.0,1.0,0.5,0.225,-3.875,-4.325,0.0,0.0
Origami__block_07__alpha128,Origami,7,concept__block_07__Origami,alpha,128,near_threshold,mad_corrected,evocative,A,Y,10,10,0.0,0.0,1.0,0.5,0.0,-3.05,-4.6625,0.0,0.0
Origami__block_07__alpha128,Origami,7,concept__block_07__Origami,alpha,128,near_threshold,mad_corrected,neutral,B,X,10,10,0.0,0.0,1.0,0.5,0.75,-2.5,-2.25,0.0,0.0
Origami__block_07__alpha128,Origami,7,concept__block_07__Origami,alpha,128,near_threshold,mad_corrected,evocative,B,X,10,10,0.0,0.0,1.0,0.5,0.485,-1.875,-2.0125,0.0,0.0
Origami__block_07__alpha128,Origami,7,concept__block_07__Origami,alpha,128,near_threshold,mad_corrected,neutral,B,Y,10,10,0.0,0.0,1.0,0.5,0.0,-3.775,-4.8375,0.0,0.0
Origami__block_07__alpha128,Origami,7,concept__block_07__Origami,alpha,128,near_threshold,mad_corrected,evocative,B,Y,10,10,0.0,0.0,1.0,0.5,0.0,-2.775,-4.725,0.0,0.0
Origami__block_07__alpha256,Origami,7,concept__block_07__Origami,alpha,256,above_threshold,mad_corrected,neutral,A,X,10,10,0.0,0.0,1.0,0.5,0.545,-2.35,-2.275,0.0,0.0
Origami__block_07__alpha256,Origami,7,concept__block_07__Origami,alpha,256,above_threshold,mad_corrected,evocative,A,X,10,10,0.0,0.0,1.0,0.5,0.135,-1.7,-2.35,0.0,0.0
Origami__block_07__alpha256,Origami,7,concept__block_07__Origami,alpha,256,above_threshold,mad_corrected,neutral,A,Y,10,10,0.0,0.0,1.0,0.5,0.25,-3.875,-4.1875,0.0,0.0
Origami__block_07__alpha256,Origami,7,concept__block_07__Origami,alpha,256,above_threshold,mad_corrected,evocative,A,Y,10,10,0.0,0.0,1.0,0.5,0.005,-3.05,-4.3875,0.0,0.0
Origami__block_07__alpha256,Origami,7,concept__block_07__Origami,alpha,256,above_threshold,mad_corrected,neutral,B,X,10,10,0.0,0.0,1.0,0.5,0.535,-2.5,-2.4625,0.0,0.0
Origami__block_07__alpha256,Origami,7,concept__block_07__Origami,alpha,256,above_threshold,mad_corrected,evocative,B,X,10,10,0.0,0.0,1.0,0.5,0.06,-1.875,-2.35,0.0,0.0
Origami__block_07__alpha256,Origami,7,concept__block_07__Origami,alpha,256,above_threshold,mad_corrected,neutral,B,Y,10,10,0.0,0.0,1.0,0.5,0.01,-3.775,-4.55,0.0,0.0
Origami__block_07__alpha256,Origami,7,concept__block_07__Origami,alpha,256,above_threshold,mad_corrected,evocative,B,Y,10,10,0.0,0.0,1.0,0.5,0.0,-2.775,-4.3125,0.0,0.0
Origami__block_08__alpha128,Origami,8,concept__block_08__Origami,alpha,128,near_threshold,mad_corrected,neutral,A,X,10,10,0.0,0.0,1.0,0.5,0.395,-2.35,-2.425,0.0,0.0
Origami__block_08__alpha128,Origami,8,concept__block_08__Origami,alpha,128,near_threshold,mad_corrected,evocative,A,X,10,10,0.0,0.0,1.0,0.5,0.275,-1.7,-2.15,0.0,0.0
Origami__block_08__alpha128,Origami,8,concept__block_08__Origami,alpha,128,near_threshold,mad_corrected,neutral,A,Y,10,10,0.0,0.0,1.0,0.5,1.0,-3.875,-2.0,0.0,0.0
Origami__block_08__alpha128,Origami,8,concept__block_08__Origami,alpha,128,near_threshold,mad_corrected,evocative,A,Y,10,10,0.0,0.0,1.0,0.5,0.99,-3.05,-1.675,0.0,0.0
Origami__block_08__alpha128,Origami,8,concept__block_08__Origami,alpha,128,near_threshold,mad_corrected,neutral,B,X,10,10,0.0,0.0,1.0,0.5,0.28,-2.5,-2.725,0.0,0.0
Origami__block_08__alpha128,Origami,8,concept__block_08__Origami,alpha,128,near_threshold,mad_corrected,evocative,B,X,10,10,0.0,0.0,1.0,0.5,0.255,-1.875,-2.175,0.0,0.0
Origami__block_08__alpha128,Origami,8,concept__block_08__Origami,alpha,128,near_threshold,mad_corrected,neutral,B,Y,10,10,0.0,0.0,1.0,0.5,1.0,-3.775,-2.3125,0.0,0.0
Origami__block_08__alpha128,Origami,8,concept__block_08__Origami,alpha,128,near_threshold,mad_corrected,evocative,B,Y,10,10,0.0,0.0,1.0,0.5,0.97,-2.775,-1.7125,0.0,0.0
Origami__block_08__alpha256,Origami,8,concept__block_08__Origami,alpha,256,above_threshold,mad_corrected,neutral,A,X,10,10,0.0,0.0,1.0,0.5,0.455,-2.35,-2.3875,0.0,0.0
Origami__block_08__alpha256,Origami,8,concept__block_08__Origami,alpha,256,above_threshold,mad_corrected,evocative,A,X,10,10,0.0,0.0,1.0,0.5,0.335,-1.7,-2.0875,0.0,0.0
Origami__block_08__alpha256,Origami,8,concept__block_08__Origami,alpha,256,above_threshold,mad_corrected,neutral,A,Y,10,10,0.0,0.0,1.0,0.5,1.0,-3.875,-1.6125,0.0,0.0
Origami__block_08__alpha256,Origami,8,concept__block_08__Origami,alpha,256,above_threshold,mad_corrected,evocative,A,Y,10,10,0.0,0.0,1.0,0.5,1.0,-3.05,-1.125,0.0,0.0
Origami__block_08__alpha256,Origami,8,concept__block_08__Origami,alpha,256,above_threshold,mad_corrected,neutral,B,X,10,10,0.0,0.0,1.0,0.5,0.25,-2.5,-2.7625,0.0,0.0
Origami__block_08__alpha256,Origami,8,concept__block_08__Origami,alpha,256,above_threshold,mad_corrected,evocative,B,X,10,10,0.0,0.0,1.0,0.5,0.27,-1.875,-2.175,0.0,0.0
Origami__block_08__alpha256,Origami,8,concept__block_08__Origami,alpha,256,above_threshold,mad_corrected,neutral,B,Y,10,10,0.0,0.0,1.0,0.5,1.0,-3.775,-1.775,0.0,0.0
Origami__block_08__alpha256,Origami,8,concept__block_08__Origami,alpha,256,above_threshold,mad_corrected,evocative,B,Y,10,10,0.0,0.0,1.0,0.5,1.0,-2.775,-1.15,0.0,0.0
Origami__block_09__alpha128,Origami,9,concept__block_09__Origami,alpha,128,near_threshold,mad_corrected,neutral,A,X,10,10,0.0,0.0,1.0,0.5,0.885,-2.35,-1.9,0.0,0.0
Origami__block_09__alpha128,Origami,9,concept__block_09__Origami,alpha,128,near_threshold,mad_corrected,evocative,A,X,10,10,0.0,0.0,1.0,0.5,0.595,-1.7,-1.7125,0.0,0.0
Origami__block_09__alpha128,Origami,9,concept__block_09__Origami,alpha,128,near_threshold,mad_corrected,neutral,A,Y,10,10,0.0,0.0,1.0,0.5,1.0,-3.875,-1.05,0.0,0.0
Origami__block_09__alpha128,Origami,9,concept__block_09__Origami,alpha,128,near_threshold,mad_corrected,evocative,A,Y,10,10,0.0,0.0,1.0,0.5,1.0,-3.05,-0.625,0.0,0.0
Origami__block_09__alpha128,Origami,9,concept__block_09__Origami,alpha,128,near_threshold,mad_corrected,neutral,B,X,10,10,0.0,0.0,1.0,0.5,1.0,-2.5,-1.6625,0.0,0.0
Origami__block_09__alpha128,Origami,9,concept__block_09__Origami,alpha,128,near_threshold,mad_corrected,evocative,B,X,10,10,0.0,0.0,1.0,0.5,0.83,-1.875,-1.4875,0.0,0.0
Origami__block_09__alpha128,Origami,9,concept__block_09__Origami,alpha,128,near_threshold,mad_corrected,neutral,B,Y,10,10,0.0,0.0,1.0,0.5,1.0,-3.775,-0.9625,0.0,0.0
Origami__block_09__alpha128,Origami,9,concept__block_09__Origami,alpha,128,near_threshold,mad_corrected,evocative,B,Y,10,10,0.0,0.0,1.0,0.5,1.0,-2.775,-0.55,0.0,0.0
Origami__block_09__alpha256,Origami,9,concept__block_09__Origami,alpha,256,above_threshold,mad_corrected,neutral,A,X,10,10,0.0,0.0,1.0,0.5,0.86,-2.35,-1.9625,0.0,0.0
Origami__block_09__alpha256,Origami,9,concept__block_09__Origami,alpha,256,above_threshold,mad_corrected,evocative,A,X,10,10,0.0,0.0,1.0,0.5,0.465,-1.7,-1.9125,0.0,0.0
Origami__block_09__alpha256,Origami,9,concept__block_09__Origami,alpha,256,above_threshold,mad_corrected,neutral,A,Y,10,10,0.0,0.0,1.0,0.5,1.0,-3.875,-0.6,0.0,0.0
Origami__block_09__alpha256,Origami,9,concept__block_09__Origami,alpha,256,above_threshold,mad_corrected,evocative,A,Y,10,10,0.0,0.0,1.0,0.5,1.0,-3.05,-0.2125,0.0,0.0
Origami__block_09__alpha256,Origami,9,concept__block_09__Origami,alpha,256,above_threshold,mad_corrected,neutral,B,X,10,10,0.0,0.0,1.0,0.5,1.0,-2.5,-1.7375,0.0,0.0
Origami__block_09__alpha256,Origami,9,concept__block_09__Origami,alpha,256,above_threshold,mad_corrected,evocative,B,X,10,10,0.0,0.0,1.0,0.5,0.715,-1.875,-1.625,0.0,0.0
Origami__block_09__alpha256,Origami,9,concept__block_09__Origami,alpha,256,above_threshold,mad_corrected,neutral,B,Y,10,10,0.0,0.0,1.0,0.5,1.0,-3.775,-0.4875,0.0,0.0
Origami__block_09__alpha256,Origami,9,concept__block_09__Origami,alpha,256,above_threshold,mad_corrected,evocative,B,Y,10,10,0.0,0.1,1.0,0.55,1.0,-2.775,-0.1,0.0,0.0
Origami__block_10__alpha128,Origami,10,concept__block_10__Origami,alpha,128,near_threshold,mad_corrected,neutral,A,X,10,10,0.0,0.0,1.0,0.5,0.51,-2.35,-2.325,0.0,0.0
Origami__block_10__alpha128,Origami,10,concept__block_10__Origami,alpha,128,near_threshold,mad_corrected,evocative,A,X,10,10,0.0,0.0,1.0,0.5,0.24,-1.7,-2.225,0.0,0.0
Origami__block_10__alpha128,Origami,10,concept__block_10__Origami,alpha,128,near_threshold,mad_corrected,neutral,A,Y,10,10,0.0,0.0,1.0,0.5,1.0,-3.875,-1.5875,0.0,0.0
Origami__block_10__alpha128,Origami,10,concept__block_10__Origami,alpha,128,near_threshold,mad_corrected,evocative,A,Y,10,10,0.0,0.0,1.0,0.5,1.0,-3.05,-1.1625,0.0,0.0
Origami__block_10__alpha128,Origami,10,concept__block_10__Origami,alpha,128,near_threshold,mad_corrected,neutral,B,X,10,10,0.0,0.0,1.0,0.5,0.47,-2.5,-2.5375,0.0,0.0
Origami__block_10__alpha128,Origami,10,concept__block_10__Origami,alpha,128,near_threshold,mad_corrected,evocative,B,X,10,10,0.0,0.0,1.0,0.5,0.065,-1.875,-2.35,0.0,0.0
Origami__block_10__alpha128,Origami,10,concept__block_10__Origami,alpha,128,near_threshold,mad_corrected,neutral,B,Y,10,10,0.0,0.0,1.0,0.5,1.0,-3.775,-1.525,0.0,0.0
Origami__block_10__alpha128,Origami,10,concept__block_10__Origami,alpha,128,near_threshold,mad_corrected,evocative,B,Y,10,10,0.0,0.0,1.0,0.5,1.0,-2.775,-1.0875,0.0,0.0
Origami__block_10__alpha256,Origami,10,concept__block_10__Origami,alpha,256,above_threshold,mad_corrected,neutral,A,X,10,10,0.0,0.0,1.0,0.5,0.24,-2.35,-2.625,0.0,0.0
Origami__block_10__alpha256,Origami,10,concept__block_10__Origami,alpha,256,above_threshold,mad_corrected,evocative,A,X,10,10,0.0,0.0,1.0,0.5,0.055,-1.7,-2.7,0.0,0.0
Origami__block_10__alpha256,Origami,10,concept__block_10__Origami,alpha,256,above_threshold,mad_corrected,neutral,A,Y,10,10,0.0,0.0,1.0,0.5,1.0,-3.875,-1.25,0.0,0.0
Origami__block_10__alpha256,Origami,10,concept__block_10__Origami,alpha,256,above_threshold,mad_corrected,evocative,A,Y,10,10,0.0,0.0,1.0,0.5,1.0,-3.05,-0.8125,0.0,0.0
Origami__block_10__alpha256,Origami,10,concept__block_10__Origami,alpha,256,above_threshold,mad_corrected,neutral,B,X,10,10,0.0,0.0,1.0,0.5,0.165,-2.5,-2.8625,0.0,0.0
Origami__block_10__alpha256,Origami,10,concept__block_10__Origami,alpha,256,above_threshold,mad_corrected,evocative,B,X,10,10,0.0,0.0,1.0,0.5,0.0,-1.875,-2.8,0.0,0.0
Origami__block_10__alpha256,Origami,10,concept__block_10__Origami,alpha,256,above_threshold,mad_corrected,neutral,B,Y,10,10,0.0,0.0,1.0,0.5,1.0,-3.775,-1.175,0.0,0.0
Origami__block_10__alpha256,Origami,10,concept__block_10__Origami,alpha,256,above_threshold,mad_corrected,evocative,B,Y,10,10,0.0,0.0,1.0,0.5,1.0,-2.775,-0.725,0.0,0.0
Origami__block_11__alpha128,Origami,11,concept__block_11__Origami,alpha,128,near_threshold,mad_corrected,neutral,A,X,10,10,0.0,0.0,1.0,0.5,0.98,-2.35,-1.5625,0.0,0.0
Origami__block_11__alpha128,Origami,11,concept__block_11__Origami,alpha,128,near_threshold,mad_corrected,evocative,A,X,10,10,0.0,0.0,1.0,0.5,0.78,-1.7,-1.2625,0.0,0.0
Origami__block_11__alpha128,Origami,11,concept__block_11__Origami,alpha,128,near_threshold,mad_corrected,neutral,A,Y,10,10,0.0,0.0,1.0,0.5,1.0,-3.875,-1.6125,0.0,0.0
Origami__block_11__alpha128,Origami,11,concept__block_11__Origami,alpha,128,near_threshold,mad_corrected,evocative,A,Y,10,10,0.0,0.0,1.0,0.5,1.0,-3.05,-1.3,0.0,0.0
Origami__block_11__alpha128,Origami,11,concept__block_11__Origami,alpha,128,near_threshold,mad_corrected,neutral,B,X,10,10,0.0,0.0,1.0,0.5,0.89,-2.5,-2.0375,0.0,0.0
Origami__block_11__alpha128,Origami,11,concept__block_11__Origami,alpha,128,near_threshold,mad_corrected,evocative,B,X,10,10,0.0,0.0,1.0,0.5,0.68,-1.875,-1.6625,0.0,0.0
Origami__block_11__alpha128,Origami,11,concept__block_11__Origami,alpha,128,near_threshold,mad_corrected,neutral,B,Y,10,10,0.0,0.0,1.0,0.5,1.0,-3.775,-1.35,0.0,0.0
Origami__block_11__alpha128,Origami,11,concept__block_11__Origami,alpha,128,near_threshold,mad_corrected,evocative,B,Y,10,10,0.0,0.0,1.0,0.5,1.0,-2.775,-1.05,0.0,0.0
Origami__block_11__alpha256,Origami,11,concept__block_11__Origami,alpha,256,above_threshold,mad_corrected,neutral,A,X,10,10,0.0,0.0,1.0,0.5,0.825,-2.35,-1.9,0.0,0.0
Origami__block_11__alpha256,Origami,11,concept__block_11__Origami,alpha,256,above_threshold,mad_corrected,evocative,A,X,10,10,0.0,0.0,1.0,0.5,0.54,-1.7,-1.675,0.0,0.0
Origami__block_11__alpha256,Origami,11,concept__block_11__Origami,alpha,256,above_threshold,mad_corrected,neutral,A,Y,10,10,0.0,0.0,1.0,0.5,1.0,-3.875,-1.7375,0.0,0.0
Origami__block_11__alpha256,Origami,11,concept__block_11__Origami,alpha,256,above_threshold,mad_corrected,evocative,A,Y,10,10,0.0,0.0,1.0,0.5,1.0,-3.05,-1.525,0.0,0.0
Origami__block_11__alpha256,Origami,11,concept__block_11__Origami,alpha,256,above_threshold,mad_corrected,neutral,B,X,10,10,0.0,0.0,1.0,0.5,0.57,-2.5,-2.4375,0.0,0.0
Origami__block_11__alpha256,Origami,11,concept__block_11__Origami,alpha,256,above_threshold,mad_corrected,evocative,B,X,10,10,0.0,0.0,1.0,0.5,0.175,-1.875,-2.2375,0.0,0.0
Origami__block_11__alpha256,Origami,11,concept__block_11__Origami,alpha,256,above_threshold,mad_corrected,neutral,B,Y,10,10,0.0,0.0,1.0,0.5,1.0,-3.775,-1.425,0.0,0.0
Origami__block_11__alpha256,Origami,11,concept__block_11__Origami,alpha,256,above_threshold,mad_corrected,evocative,B,Y,10,10,0.0,0.0,1.0,0.5,1.0,-2.775,-1.1875,0.0,0.0
Origami__block_12__alpha128,Origami,12,concept__block_12__Origami,alpha,128,near_threshold,mad_corrected,neutral,A,X,10,10,0.0,0.0,1.0,0.5,0.14,-2.35,-2.8,0.0,0.0
Origami__block_12__alpha128,Origami,12,concept__block_12__Origami,alpha,128,near_threshold,mad_corrected,evocative,A,X,10,10,0.0,0.0,1.0,0.5,0.22,-1.7,-2.2875,0.0,0.0
Origami__block_12__alpha128,Origami,12,concept__block_12__Origami,alpha,128,near_threshold,mad_corrected,neutral,A,Y,10,10,0.0,0.0,1.0,0.5,0.885,-3.875,-3.05,0.0,0.0
Origami__block_12__alpha128,Origami,12,concept__block_12__Origami,alpha,128,near_threshold,mad_corrected,evocative,A,Y,10,10,0.0,0.0,1.0,0.5,0.765,-3.05,-2.3875,0.0,0.0
Origami__block_12__alpha128,Origami,12,concept__block_12__Origami,alpha,128,near_threshold,mad_corrected,neutral,B,X,10,10,0.0,0.0,1.0,0.5,0.01,-2.5,-3.3875,0.0,0.0
Origami__block_12__alpha128,Origami,12,concept__block_12__Origami,alpha,128,near_threshold,mad_corrected,evocative,B,X,10,10,0.0,0.0,1.0,0.5,0.05,-1.875,-2.7,0.0,0.0
Origami__block_12__alpha128,Origami,12,concept__block_12__Origami,alpha,128,near_threshold,mad_corrected,neutral,B,Y,10,10,0.0,0.0,1.0,0.5,0.96,-3.775,-2.9375,0.0,0.0
Origami__block_12__alpha128,Origami,12,concept__block_12__Origami,alpha,128,near_threshold,mad_corrected,evocative,B,Y,10,10,0.0,0.0,1.0,0.5,0.925,-2.775,-2.075,0.0,0.0
Origami__block_12__alpha256,Origami,12,concept__block_12__Origami,alpha,256,above_threshold,mad_corrected,neutral,A,X,10,10,0.0,0.0,1.0,0.5,0.01,-2.35,-3.3625,0.0,0.0
Origami__block_12__alpha256,Origami,12,concept__block_12__Origami,alpha,256,above_threshold,mad_corrected,evocative,A,X,10,10,0.0,0.0,1.0,0.5,0.08,-1.7,-2.9875,0.0,0.0
Origami__block_12__alpha256,Origami,12,concept__block_12__Origami,alpha,256,above_threshold,mad_corrected,neutral,A,Y,10,10,0.0,0.0,1.0,0.5,0.95,-3.875,-2.7375,0.0,0.0
Origami__block_12__alpha256,Origami,12,concept__block_12__Origami,alpha,256,above_threshold,mad_corrected,evocative,A,Y,10,10,0.0,0.0,1.0,0.5,0.875,-3.05,-2.1,0.0,0.0
Origami__block_12__alpha256,Origami,12,concept__block_12__Origami,alpha,256,above_threshold,mad_corrected,neutral,B,X,10,10,0.0,0.0,1.0,0.5,0.0,-2.5,-3.95,0.0,0.0
Origami__block_12__alpha256,Origami,12,concept__block_12__Origami,alpha,256,above_threshold,mad_corrected,evocative,B,X,10,10,0.0,0.0,1.0,0.5,0.0,-1.875,-3.35,0.0,0.0
Origami__block_12__alpha256,Origami,12,concept__block_12__Origami,alpha,256,above_threshold,mad_corrected,neutral,B,Y,10,10,0.0,0.0,1.0,0.5,1.0,-3.775,-2.5875,0.0,0.0
Origami__block_12__alpha256,Origami,12,concept__block_12__Origami,alpha,256,above_threshold,mad_corrected,evocative,B,Y,10,10,0.0,0.0,1.0,0.5,0.97,-2.775,-1.7125,0.0,0.0
Origami__block_13__alpha128,Origami,13,concept__block_13__Origami,alpha,128,near_threshold,mad_corrected,neutral,A,X,10,10,0.0,0.0,1.0,0.5,0.82,-2.35,-1.925,0.0,0.0
Origami__block_13__alpha128,Origami,13,concept__block_13__Origami,alpha,128,near_threshold,mad_corrected,evocative,A,X,10,10,0.0,0.0,1.0,0.5,0.725,-1.7,-1.4,0.0,0.0
Origami__block_13__alpha128,Origami,13,concept__block_13__Origami,alpha,128,near_threshold,mad_corrected,neutral,A,Y,10,10,0.0,0.0,1.0,0.5,1.0,-3.875,-2.1125,0.0,0.0
Origami__block_13__alpha128,Origami,13,concept__block_13__Origami,alpha,128,near_threshold,mad_corrected,evocative,A,Y,10,10,0.0,0.0,1.0,0.5,1.0,-3.05,-1.3,0.0,0.0
Origami__block_13__alpha128,Origami,13,concept__block_13__Origami,alpha,128,near_threshold,mad_corrected,neutral,B,X,10,10,0.0,0.0,1.0,0.5,0.52,-2.5,-2.4625,0.0,0.0
Origami__block_13__alpha128,Origami,13,concept__block_13__Origami,alpha,128,near_threshold,mad_corrected,evocative,B,X,10,10,0.0,0.0,1.0,0.5,0.635,-1.875,-1.725,0.0,0.0
Origami__block_13__alpha128,Origami,13,concept__block_13__Origami,alpha,128,near_threshold,mad_corrected,neutral,B,Y,10,10,0.0,0.0,1.0,0.5,1.0,-3.775,-2.1375,0.0,0.0
Origami__block_13__alpha128,Origami,13,concept__block_13__Origami,alpha,128,near_threshold,mad_corrected,evocative,B,Y,10,10,0.0,0.0,1.0,0.5,1.0,-2.775,-1.125,0.0,0.0
Origami__block_13__alpha256,Origami,13,concept__block_13__Origami,alpha,256,above_threshold,mad_corrected,neutral,A,X,10,10,0.0,0.0,1.0,0.5,0.51,-2.35,-2.3375,0.0,0.0
Origami__block_13__alpha256,Origami,13,concept__block_13__Origami,alpha,256,above_threshold,mad_corrected,evocative,A,X,10,10,0.0,0.0,1.0,0.5,0.365,-1.7,-1.9,0.0,0.0
Origami__block_13__alpha256,Origami,13,concept__block_13__Origami,alpha,256,above_threshold,mad_corrected,neutral,A,Y,10,10,0.0,0.0,1.0,0.5,1.0,-3.875,-1.6125,0.0,0.0
Origami__block_13__alpha256,Origami,13,concept__block_13__Origami,alpha,256,above_threshold,mad_corrected,evocative,A,Y,10,10,0.0,0.1,1.0,0.55,1.0,-3.05,-0.675,0.0,0.0
Origami__block_13__alpha256,Origami,13,concept__block_13__Origami,alpha,256,above_threshold,mad_corrected,neutral,B,X,10,10,0.0,0.0,1.0,0.5,0.16,-2.5,-2.9125,0.0,0.0
Origami__block_13__alpha256,Origami,13,concept__block_13__Origami,alpha,256,above_threshold,mad_corrected,evocative,B,X,10,10,0.0,0.0,1.0,0.5,0.205,-1.875,-2.2625,0.0,0.0
Origami__block_13__alpha256,Origami,13,concept__block_13__Origami,alpha,256,above_threshold,mad_corrected,neutral,B,Y,10,10,0.0,0.0,1.0,0.5,1.0,-3.775,-1.5625,0.0,0.0
Origami__block_13__alpha256,Origami,13,concept__block_13__Origami,alpha,256,above_threshold,mad_corrected,evocative,B,Y,10,10,0.0,0.2,1.0,0.6,1.0,-2.775,-0.3875,0.0,0.0
Satellites__block_00__alpha128,Satellites,0,concept__block_00__Satellites,alpha,128,near_threshold,mad_corrected,neutral,A,X,10,10,0.0,0.0,1.0,0.5,0.835,-2.6625,-0.61875,0.0,0.6
Satellites__block_00__alpha128,Satellites,0,concept__block_00__Satellites,alpha,128,near_threshold,mad_corrected,evocative,A,X,10,10,0.0,0.0,1.0,0.5,0.73,-2.5875,-1.1375,0.0,0.7
Satellites__block_00__alpha128,Satellites,0,concept__block_00__Satellites,alpha,128,near_threshold,mad_corrected,neutral,A,Y,10,10,0.0,0.0,1.0,0.5,0.755,-4.2125,-2.9,0.0,0.4
Satellites__block_00__alpha128,Satellites,0,concept__block_00__Satellites,alpha,128,near_threshold,mad_corrected,evocative,A,Y,10,10,0.0,0.0,1.0,0.5,0.6,-4.3,-3.31875,0.0,0.3
Satellites__block_00__alpha128,Satellites,0,concept__block_00__Satellites,alpha,128,near_threshold,mad_corrected,neutral,B,X,10,10,0.0,0.3,1.0,0.65,1.0,-2.7125,1.6,0.0,0.5
Satellites__block_00__alpha128,Satellites,0,concept__block_00__Satellites,alpha,128,near_threshold,mad_corrected,evocative,B,X,10,10,0.0,0.2,1.0,0.6,1.0,-2.7,1.2,0.0,0.5
Satellites__block_00__alpha128,Satellites,0,concept__block_00__Satellites,alpha,128,near_threshold,mad_corrected,neutral,B,Y,10,10,0.0,0.0,1.0,0.5,1.0,-4.4,-2.3875,0.0,0.4
Satellites__block_00__alpha128,Satellites,0,concept__block_00__Satellites,alpha,128,near_threshold,mad_corrected,evocative,B,Y,10,10,0.0,0.0,1.0,0.5,1.0,-4.375,-2.3625,0.0,0.3
Satellites__block_00__alpha256,Satellites,0,concept__block_00__Satellites,alpha,256,above_threshold,mad_corrected,neutral,A,X,10,10,0.0,0.3,1.0,0.65,1.0,-2.6625,0.225,0.0,0.5
Satellites__block_00__alpha256,Satellites,0,concept__block_00__Satellites,alpha,256,above_threshold,mad_corrected,evocative,A,X,10,10,0.0,0.3,1.0,0.65,1.0,-2.5875,-0.1625,0.0,0.3
Satellites__block_00__alpha256,Satellites,0,concept__block_00__Satellites,alpha,256,above_threshold,mad_corrected,neutral,A,Y,10,10,0.0,0.0,1.0,0.5,0.785,-4.2125,-2.45,0.0,0.5
Satellites__block_00__alpha256,Satellites,0,concept__block_00__Satellites,alpha,256,above_threshold,mad_corrected,evocative,A,Y,10,10,0.0,0.0,1.0,0.5,0.59,-4.3,-3.3,0.0,0.4
Satellites__block_00__alpha256,Satellites,0,concept__block_00__Satellites,alpha,256,above_threshold,mad_corrected,neutral,B,X,10,10,0.0,0.6,1.0,0.8,1.0,-2.7125,2.384375,0.0,0.4
Satellites__block_00__alpha256,Satellites,0,concept__block_00__Satellites,alpha,256,above_threshold,mad_corrected,evocative,B,X,10,10,0.0,0.7,1.0,0.85,1.0,-2.7,2.16875,0.0,0.3
Satellites__block_00__alpha256,Satellites,0,concept__block_00__Satellites,alpha,256,above_threshold,mad_corrected,neutral,B,Y,10,10,0.0,0.0,1.0,0.5,1.0,-4.4,-2.7125,0.0,0.5
Satellites__block_00__alpha256,Satellites,0,concept__block_00__Satellites,alpha,256,above_threshold,mad_corrected,evocative,B,Y,10,10,0.0,0.0,1.0,0.5,1.0,-4.375,-2.890625,0.0,0.4
Satellites__block_01__alpha128,Satellites,1,concept__block_01__Satellites,alpha,128,near_threshold,mad_corrected,neutral,A,X,10,10,0.0,0.0,1.0,0.5,0.0,-2.6625,-5.0625,0.0,0.0
Satellites__block_01__alpha128,Satellites,1,concept__block_01__Satellites,alpha,128,near_threshold,mad_corrected,evocative,A,X,10,10,0.0,0.0,1.0,0.5,0.0,-2.5875,-4.9125,0.0,0.0
Satellites__block_01__alpha128,Satellites,1,concept__block_01__Satellites,alpha,128,near_threshold,mad_corrected,neutral,A,Y,10,10,0.0,0.0,1.0,0.5,0.575,-4.2125,-4.0875,0.0,0.0
Satellites__block_01__alpha128,Satellites,1,concept__block_01__Satellites,alpha,128,near_threshold,mad_corrected,evocative,A,Y,10,10,0.0,0.0,1.0,0.5,0.625,-4.3,-3.9125,0.0,0.0
Satellites__block_01__alpha128,Satellites,1,concept__block_01__Satellites,alpha,128,near_threshold,mad_corrected,neutral,B,X,10,10,0.0,0.0,1.0,0.5,0.735,-2.7125,-2.4125,0.0,0.2
Satellites__block_01__alpha128,Satellites,1,concept__block_01__Satellites,alpha,128,near_threshold,mad_corrected,evocative,B,X,10,10,0.0,0.0,1.0,0.5,0.785,-2.7,-2.35,0.0,0.1
Satellites__block_01__alpha128,Satellites,1,concept__block_01__Satellites,alpha,128,near_threshold,mad_corrected,neutral,B,Y,10,10,0.0,0.0,1.0,0.5,1.0,-4.4,-1.85,0.0,0.6
Satellites__block_01__alpha128,Satellites,1,concept__block_01__Satellites,alpha,128,near_threshold,mad_corrected,evocative,B,Y,10,10,0.0,0.0,1.0,0.5,1.0,-4.375,-2.05,0.0,0.4
Satellites__block_01__alpha256,Satellites,1,concept__block_01__Satellites,alpha,256,above_threshold,mad_corrected,neutral,A,X,10,10,0.0,0.0,1.0,0.5,0.0,-2.6625,-5.1625,0.0,0.0
Satellites__block_01__alpha256,Satellites,1,concept__block_01__Satellites,alpha,256,above_threshold,mad_corrected,evocative,A,X,10,10,0.0,0.0,1.0,0.5,0.0,-2.5875,-4.9375,0.0,0.0
Satellites__block_01__alpha256,Satellites,1,concept__block_01__Satellites,alpha,256,above_threshold,mad_corrected,neutral,A,Y,10,10,0.0,0.0,1.0,0.5,0.54,-4.2125,-4.2125,0.0,0.0
Satellites__block_01__alpha256,Satellites,1,concept__block_01__Satellites,alpha,256,above_threshold,mad_corrected,evocative,A,Y,10,10,0.0,0.0,1.0,0.5,0.555,-4.3,-4.175,0.0,0.0
Satellites__block_01__alpha256,Satellites,1,concept__block_01__Satellites,alpha,256,above_threshold,mad_corrected,neutral,B,X,10,10,0.0,0.0,1.0,0.5,0.825,-2.7125,-2.3625,0.0,0.1
Satellites__block_01__alpha256,Satellites,1,concept__block_01__Satellites,alpha,256,above_threshold,mad_corrected,evocative,B,X,10,10,0.0,0.0,1.0,0.5,0.84,-2.7,-2.25,0.0,0.1
Satellites__block_01__alpha256,Satellites,1,concept__block_01__Satellites,alpha,256,above_threshold,mad_corrected,neutral,B,Y,10,10,0.0,0.0,1.0,0.5,1.0,-4.4,-1.875,0.0,0.6
Satellites__block_01__alpha256,Satellites,1,concept__block_01__Satellites,alpha,256,above_threshold,mad_corrected,evocative,B,Y,10,10,0.0,0.0,1.0,0.5,1.0,-4.375,-2.125,0.0,0.2
Satellites__block_02__alpha128,Satellites,2,concept__block_02__Satellites,alpha,128,near_threshold,mad_corrected,neutral,A,X,10,10,0.0,0.0,1.0,0.5,0.0,-2.6625,-5.025,0.0,0.0
Satellites__block_02__alpha128,Satellites,2,concept__block_02__Satellites,alpha,128,near_threshold,mad_corrected,evocative,A,X,10,10,0.0,0.0,1.0,0.5,0.0,-2.5875,-5.1125,0.0,0.0
Satellites__block_02__alpha128,Satellites,2,concept__block_02__Satellites,alpha,128,near_threshold,mad_corrected,neutral,A,Y,10,10,0.0,0.0,1.0,0.5,0.075,-4.2125,-6.0375,0.0,0.0
Satellites__block_02__alpha128,Satellites,2,concept__block_02__Satellites,alpha,128,near_threshold,mad_corrected,evocative,A,Y,10,10,0.0,0.0,1.0,0.5,0.11,-4.3,-5.8875,0.0,0.0
Satellites__block_02__alpha128,Satellites,2,concept__block_02__Satellites,alpha,128,near_threshold,mad_corrected,neutral,B,X,10,10,0.0,0.0,1.0,0.5,0.82,-2.7125,-1.975,0.0,0.9
Satellites__block_02__alpha128,Satellites,2,concept__block_02__Satellites,alpha,128,near_threshold,mad_corrected,evocative,B,X,10,10,0.0,0.0,1.0,0.5,0.825,-2.7,-2.05,0.0,0.9
Satellites__block_02__alpha128,Satellites,2,concept__block_02__Satellites,alpha,128,near_threshold,mad_corrected,neutral,B,Y,10,10,0.0,0.0,1.0,0.5,0.58,-4.4,-4.3,0.0,0.7
Satellites__block_02__alpha128,Satellites,2,concept__block_02__Satellites,alpha,128,near_threshold,mad_corrected,evocative,B,Y,10,10,0.0,0.0,1.0,0.5,0.7,-4.375,-4.2125,0.0,0.5
Satellites__block_02__alpha256,Satellites,2,concept__block_02__Satellites,alpha,256,above_threshold,mad_corrected,neutral,A,X,10,10,0.0,0.0,1.0,0.5,0.0,-2.6625,-5.175,0.0,0.0
Satellites__block_02__alpha256,Satellites,2,concept__block_02__Satellites,alpha,256,above_threshold,mad_corrected,evocative,A,X,10,10,0.0,0.0,1.0,0.5,0.0,-2.5875,-5.3,0.0,0.0
Satellites__block_02__alpha256,Satellites,2,concept__block_02__Satellites,alpha,256,above_threshold,mad_corrected,neutral,A,Y,10,10,0.0,0.0,1.0,0.5,0.03,-4.2125,-6.35,0.0,0.0
Satellites__block_02__alpha256,Satellites,2,concept__block_02__Satellites,alpha,256,above_threshold,mad_corrected,evocative,A,Y,10,10,0.0,0.0,1.0,0.5,0.07,-4.3,-6.1125,0.0,0.0
Satellites__block_02__alpha256,Satellites,2,concept__block_02__Satellites,alpha,256,above_threshold,mad_corrected,neutral,B,X,10,10,0.0,0.0,1.0,0.5,0.85,-2.7125,-1.9,0.0,0.9
Satellites__block_02__alpha256,Satellites,2,concept__block_02__Satellites,alpha,256,above_threshold,mad_corrected,evocative,B,X,10,10,0.0,0.0,1.0,0.5,0.855,-2.7,-1.9375,0.0,1.0
Satellites__block_02__alpha256,Satellites,2,concept__block_02__Satellites,alpha,256,above_threshold,mad_corrected,neutral,B,Y,10,10,0.0,0.0,1.0,0.5,0.165,-4.4,-4.85,0.0,0.8
Satellites__block_02__alpha256,Satellites,2,concept__block_02__Satellites,alpha,256,above_threshold,mad_corrected,evocative,B,Y,10,10,0.0,0.0,1.0,0.5,0.25,-4.375,-4.7625,0.0,0.8
Satellites__block_03__alpha128,Satellites,3,concept__block_03__Satellites,alpha,128,near_threshold,mad_corrected,neutral,A,X,10,10,0.0,0.0,1.0,0.5,0.0,-2.6625,-5.2,0.0,0.1
Satellites__block_03__alpha128,Satellites,3,concept__block_03__Satellites,alpha,128,near_threshold,mad_corrected,evocative,A,X,10,10,0.0,0.0,1.0,0.5,0.0,-2.5875,-5.275,0.0,0.2
Satellites__block_03__alpha128,Satellites,3,concept__block_03__Satellites,alpha,128,near_threshold,mad_corrected,neutral,A,Y,10,10,0.0,0.0,1.0,0.5,0.0,-4.2125,-7.5875,0.0,0.0
Satellites__block_03__alpha128,Satellites,3,concept__block_03__Satellites,alpha,128,near_threshold,mad_corrected,evocative,A,Y,10,10,0.0,0.0,1.0,0.5,0.0,-4.3,-7.575,0.0,0.0
Satellites__block_03__alpha128,Satellites,3,concept__block_03__Satellites,alpha,128,near_threshold,mad_corrected,neutral,B,X,10,10,0.0,0.0,1.0,0.5,0.01,-2.7125,-3.7125,0.0,0.2
Satellites__block_03__alpha128,Satellites,3,concept__block_03__Satellites,alpha,128,near_threshold,mad_corrected,evocative,B,X,10,10,0.0,0.0,1.0,0.5,0.03,-2.7,-3.8625,0.0,0.1
Satellites__block_03__alpha128,Satellites,3,concept__block_03__Satellites,alpha,128,near_threshold,mad_corrected,neutral,B,Y,10,10,0.0,0.0,1.0,0.5,0.0,-4.4,-6.9875,0.0,0.0
Satellites__block_03__alpha128,Satellites,3,concept__block_03__Satellites,alpha,128,near_threshold,mad_corrected,evocative,B,Y,10,10,0.0,0.0,1.0,0.5,0.0,-4.375,-6.9875,0.0,0.0
Satellites__block_03__alpha256,Satellites,3,concept__block_03__Satellites,alpha,256,above_threshold,mad_corrected,neutral,A,X,10,10,0.0,0.0,1.0,0.5,0.0,-2.6625,-5.2,0.0,0.2
Satellites__block_03__alpha256,Satellites,3,concept__block_03__Satellites,alpha,256,above_threshold,mad_corrected,evocative,A,X,10,10,0.0,0.0,1.0,0.5,0.0,-2.5875,-5.35,0.0,0.2
Satellites__block_03__alpha256,Satellites,3,concept__block_03__Satellites,alpha,256,above_threshold,mad_corrected,neutral,A,Y,10,10,0.0,0.0,1.0,0.5,0.0,-4.2125,-8.00625,0.0,0.0
Satellites__block_03__alpha256,Satellites,3,concept__block_03__Satellites,alpha,256,above_threshold,mad_corrected,evocative,A,Y,10,10,0.0,0.0,1.0,0.5,0.0,-4.3,-8.0375,0.0,0.0
Satellites__block_03__alpha256,Satellites,3,concept__block_03__Satellites,alpha,256,above_threshold,mad_corrected,neutral,B,X,10,10,0.0,0.0,1.0,0.5,0.04,-2.7125,-3.6375,0.0,0.3
Satellites__block_03__alpha256,Satellites,3,concept__block_03__Satellites,alpha,256,above_threshold,mad_corrected,evocative,B,X,10,10,0.0,0.0,1.0,0.5,0.04,-2.7,-3.8375,0.0,0.1
Satellites__block_03__alpha256,Satellites,3,concept__block_03__Satellites,alpha,256,above_threshold,mad_corrected,neutral,B,Y,10,10,0.0,0.0,1.0,0.5,0.0,-4.4,-7.5875,0.0,0.0
Satellites__block_03__alpha256,Satellites,3,concept__block_03__Satellites,alpha,256,above_threshold,mad_corrected,evocative,B,Y,10,10,0.0,0.0,1.0,0.5,0.0,-4.375,-7.51875,0.0,0.1
Satellites__block_04__alpha128,Satellites,4,concept__block_04__Satellites,alpha,128,near_threshold,mad_corrected,neutral,A,X,10,10,0.0,0.0,1.0,0.5,0.0,-2.6625,-4.7125,0.0,0.0
Satellites__block_04__alpha128,Satellites,4,concept__block_04__Satellites,alpha,128,near_threshold,mad_corrected,evocative,A,X,10,10,0.0,0.0,1.0,0.5,0.0,-2.5875,-4.6875,0.0,0.0
Satellites__block_04__alpha128,Satellites,4,concept__block_04__Satellites,alpha,128,near_threshold,mad_corrected,neutral,A,Y,10,10,0.0,0.0,1.0,0.5,0.0,-4.2125,-7.2125,0.0,0.0
Satellites__block_04__alpha128,Satellites,4,concept__block_04__Satellites,alpha,128,near_threshold,mad_corrected,evocative,A,Y,10,10,0.0,0.0,1.0,0.5,0.0,-4.3,-7.4125,0.0,0.0
Satellites__block_04__alpha128,Satellites,4,concept__block_04__Satellites,alpha,128,near_threshold,mad_corrected,neutral,B,X,10,10,0.0,0.0,1.0,0.5,0.0,-2.7125,-3.625,0.0,0.0
Satellites__block_04__alpha128,Satellites,4,concept__block_04__Satellites,alpha,128,near_threshold,mad_corrected,evocative,B,X,10,10,0.0,0.0,1.0,0.5,0.03,-2.7,-3.675,0.0,0.0
Satellites__block_04__alpha128,Satellites,4,concept__block_04__Satellites,alpha,128,near_threshold,mad_corrected,neutral,B,Y,10,10,0.0,0.0,1.0,0.5,0.045,-4.4,-5.55,0.0,0.0
Satellites__block_04__alpha128,Satellites,4,concept__block_04__Satellites,alpha,128,near_threshold,mad_corrected,evocative,B,Y,10,10,0.0,0.0,1.0,0.5,0.0,-4.375,-5.925,0.0,0.0
Satellites__block_04__alpha256,Satellites,4,concept__block_04__Satellites,alpha,256,above_threshold,mad_corrected,neutral,A,X,10,10,0.0,0.0,1.0,0.5,0.0,-2.6625,-4.9125,0.0,0.0
Satellites__block_04__alpha256,Satellites,4,concept__block_04__Satellites,alpha,256,above_threshold,mad_corrected,evocative,A,X,10,10,0.0,0.0,1.0,0.5,0.0,-2.5875,-4.9125,0.0,0.0
Satellites__block_04__alpha256,Satellites,4,concept__block_04__Satellites,alpha,256,above_threshold,mad_corrected,neutral,A,Y,10,10,0.0,0.0,1.0,0.5,0.0,-4.2125,-7.60625,0.0,0.0
Satellites__block_04__alpha256,Satellites,4,concept__block_04__Satellites,alpha,256,above_threshold,mad_corrected,evocative,A,Y,10,10,0.0,0.0,1.0,0.5,0.0,-4.3,-7.75,0.0,0.0
Satellites__block_04__alpha256,Satellites,4,concept__block_04__Satellites,alpha,256,above_threshold,mad_corrected,neutral,B,X,10,10,0.0,0.0,1.0,0.5,0.0,-2.7125,-3.85,0.0,0.0
Satellites__block_04__alpha256,Satellites,4,concept__block_04__Satellites,alpha,256,above_threshold,mad_corrected,evocative,B,X,10,10,0.0,0.0,1.0,0.5,0.0,-2.7,-3.9375,0.0,0.0
Satellites__block_04__alpha256,Satellites,4,concept__block_04__Satellites,alpha,256,above_threshold,mad_corrected,neutral,B,Y,10,10,0.0,0.0,1.0,0.5,0.045,-4.4,-5.6875,0.0,0.0
Satellites__block_04__alpha256,Satellites,4,concept__block_04__Satellites,alpha,256,above_threshold,mad_corrected,evocative,B,Y,10,10,0.0,0.0,1.0,0.5,0.0,-4.375,-6.25,0.0,0.0
Satellites__block_05__alpha128,Satellites,5,concept__block_05__Satellites,alpha,128,near_threshold,mad_corrected,neutral,A,X,10,10,0.0,0.0,1.0,0.5,0.345,-2.6625,-2.975,0.0,0.0
Satellites__block_05__alpha128,Satellites,5,concept__block_05__Satellites,alpha,128,near_threshold,mad_corrected,evocative,A,X,10,10,0.0,0.0,1.0,0.5,0.255,-2.5875,-3.1375,0.0,0.0
Satellites__block_05__alpha128,Satellites,5,concept__block_05__Satellites,alpha,128,near_threshold,mad_corrected,neutral,A,Y,10,10,0.0,0.0,1.0,0.5,0.4,-4.2125,-4.4375,0.0,0.0
Satellites__block_05__alpha128,Satellites,5,concept__block_05__Satellites,alpha,128,near_threshold,mad_corrected,evocative,A,Y,10,10,0.0,0.0,1.0,0.5,0.36,-4.3,-4.65,0.0,0.0
Satellites__block_05__alpha128,Satellites,5,concept__block_05__Satellites,alpha,128,near_threshold,mad_corrected,neutral,B,X,10,10,0.0,0.0,1.0,0.5,0.545,-2.7125,-2.7375,0.0,0.0
Satellites__block_05__alpha128,Satellites,5,concept__block_05__Satellites,alpha,128,near_threshold,mad_corrected,evocative,B,X,10,10,0.0,0.0,1.0,0.5,0.505,-2.7,-2.8,0.0,0.0
Satellites__block_05__alpha128,Satellites,5,concept__block_05__Satellites,alpha,128,near_threshold,mad_corrected,neutral,B,Y,10,10,0.0,0.0,1.0,0.5,0.06,-4.4,-5.125,0.0,0.0
Satellites__block_05__alpha128,Satellites,5,concept__block_05__Satellites,alpha,128,near_threshold,mad_corrected,evocative,B,Y,10,10,0.0,0.0,1.0,0.5,0.065,-4.375,-5.15,0.0,0.0
Satellites__block_05__alpha256,Satellites,5,concept__block_05__Satellites,alpha,256,above_threshold,mad_corrected,neutral,A,X,10,10,0.0,0.0,1.0,0.5,0.42,-2.6625,-2.9,0.0,0.0
Satellites__block_05__alpha256,Satellites,5,concept__block_05__Satellites,alpha,256,above_threshold,mad_corrected,evocative,A,X,10,10,0.0,0.0,1.0,0.5,0.285,-2.5875,-3.0375,0.0,0.0
Satellites__block_05__alpha256,Satellites,5,concept__block_05__Satellites,alpha,256,above_threshold,mad_corrected,neutral,A,Y,10,10,0.0,0.0,1.0,0.5,0.155,-4.2125,-4.875,0.0,0.0
Satellites__block_05__alpha256,Satellites,5,concept__block_05__Satellites,alpha,256,above_threshold,mad_corrected,evocative,A,Y,10,10,0.0,0.0,1.0,0.5,0.18,-4.3,-5.1,0.0,0.0
Satellites__block_05__alpha256,Satellites,5,concept__block_05__Satellites,alpha,256,above_threshold,mad_corrected,neutral,B,X,10,10,0.0,0.0,1.0,0.5,0.565,-2.7125,-2.7,0.0,0.0
Satellites__block_05__alpha256,Satellites,5,concept__block_05__Satellites,alpha,256,above_threshold,mad_corrected,evocative,B,X,10,10,0.0,0.0,1.0,0.5,0.505,-2.7,-2.7375,0.0,0.0
Satellites__block_05__alpha256,Satellites,5,concept__block_05__Satellites,alpha,256,above_threshold,mad_corrected,neutral,B,Y,10,10,0.0,0.0,1.0,0.5,0.0,-4.4,-5.725,0.0,0.0
Satellites__block_05__alpha256,Satellites,5,concept__block_05__Satellites,alpha,256,above_threshold,mad_corrected,evocative,B,Y,10,10,0.0,0.0,1.0,0.5,0.0,-4.375,-5.725,0.0,0.0
Satellites__block_06__alpha128,Satellites,6,concept__block_06__Satellites,alpha,128,near_threshold,mad_corrected,neutral,A,X,10,10,0.0,0.0,1.0,0.5,0.345,-2.6625,-2.975,0.0,0.0
Satellites__block_06__alpha128,Satellites,6,concept__block_06__Satellites,alpha,128,near_threshold,mad_corrected,evocative,A,X,10,10,0.0,0.0,1.0,0.5,0.21,-2.5875,-3.125,0.0,0.0
Satellites__block_06__alpha128,Satellites,6,concept__block_06__Satellites,alpha,128,near_threshold,mad_corrected,neutral,A,Y,10,10,0.0,0.0,1.0,0.5,0.33,-4.2125,-4.5875,0.0,0.0
Satellites__block_06__alpha128,Satellites,6,concept__block_06__Satellites,alpha,128,near_threshold,mad_corrected,evocative,A,Y,10,10,0.0,0.0,1.0,0.5,0.36,-4.3,-4.6,0.0,0.0
Satellites__block_06__alpha128,Satellites,6,concept__block_06__Satellites,alpha,128,near_threshold,mad_corrected,neutral,B,X,10,10,0.0,0.0,1.0,0.5,0.66,-2.7125,-2.55,0.0,0.0
Satellites__block_06__alpha128,Satellites,6,concept__block_06__Satellites,alpha,128,near_threshold,mad_corrected,evocative,B,X,10,10,0.0,0.0,1.0,0.5,0.615,-2.7,-2.575,0.0,0.0
Satellites__block_06__alpha128,Satellites,6,concept__block_06__Satellites,alpha,128,near_threshold,mad_corrected,neutral,B,Y,10,10,0.0,0.0,1.0,0.5,0.425,-4.4,-4.55,0.0,0.0
Satellites__block_06__alpha128,Satellites,6,concept__block_06__Satellites,alpha,128,near_threshold,mad_corrected,evocative,B,Y,10,10,0.0,0.0,1.0,0.5,0.51,-4.375,-4.4,0.0,0.0
Satellites__block_06__alpha256,Satellites,6,concept__block_06__Satellites,alpha,256,above_threshold,mad_corrected,neutral,A,X,10,10,0.0,0.0,1.0,0.5,0.54,-2.6625,-2.6375,0.0,0.2
Satellites__block_06__alpha256,Satellites,6,concept__block_06__Satellites,alpha,256,above_threshold,mad_corrected,evocative,A,X,10,10,0.0,0.0,1.0,0.5,0.375,-2.5875,-2.8125,0.0,0.0
Satellites__block_06__alpha256,Satellites,6,concept__block_06__Satellites,alpha,256,above_threshold,mad_corrected,neutral,A,Y,10,10,0.0,0.0,1.0,0.5,0.2,-4.2125,-4.825,0.0,0.0
Satellites__block_06__alpha256,Satellites,6,concept__block_06__Satellites,alpha,256,above_threshold,mad_corrected,evocative,A,Y,10,10,0.0,0.0,1.0,0.5,0.23,-4.3,-4.8125,0.0,0.0
Satellites__block_06__alpha256,Satellites,6,concept__block_06__Satellites,alpha,256,above_threshold,mad_corrected,neutral,B,X,10,10,0.0,0.0,1.0,0.5,0.795,-2.7125,-2.3,0.0,0.0
Satellites__block_06__alpha256,Satellites,6,concept__block_06__Satellites,alpha,256,above_threshold,mad_corrected,evocative,B,X,10,10,0.0,0.0,1.0,0.5,0.71,-2.7,-2.275,0.0,0.0
Satellites__block_06__alpha256,Satellites,6,concept__block_06__Satellites,alpha,256,above_threshold,mad_corrected,neutral,B,Y,10,10,0.0,0.0,1.0,0.5,0.39,-4.4,-4.6125,0.0,0.0
Satellites__block_06__alpha256,Satellites,6,concept__block_06__Satellites,alpha,256,above_threshold,mad_corrected,evocative,B,Y,10,10,0.0,0.0,1.0,0.5,0.345,-4.375,-4.625,0.0,0.0
Satellites__block_07__alpha128,Satellites,7,concept__block_07__Satellites,alpha,128,near_threshold,mad_corrected,neutral,A,X,10,10,0.0,0.0,1.0,0.5,0.285,-2.6625,-2.9375,0.0,0.5
Satellites__block_07__alpha128,Satellites,7,concept__block_07__Satellites,alpha,128,near_threshold,mad_corrected,evocative,A,X,10,10,0.0,0.0,1.0,0.5,0.16,-2.5875,-3.15,0.0,0.1
Satellites__block_07__alpha128,Satellites,7,concept__block_07__Satellites,alpha,128,near_threshold,mad_corrected,neutral,A,Y,10,10,0.0,0.0,1.0,0.5,0.005,-4.2125,-5.4125,0.0,0.0
Satellites__block_07__alpha128,Satellites,7,concept__block_07__Satellites,alpha,128,near_threshold,mad_corrected,evocative,A,Y,10,10,0.0,0.0,1.0,0.5,0.0,-4.3,-5.525,0.0,0.0
Satellites__block_07__alpha128,Satellites,7,concept__block_07__Satellites,alpha,128,near_threshold,mad_corrected,neutral,B,X,10,10,0.0,0.0,1.0,0.5,0.0,-2.7125,-3.5875,0.0,0.0
Satellites__block_07__alpha128,Satellites,7,concept__block_07__Satellites,alpha,128,near_threshold,mad_corrected,evocative,B,X,10,10,0.0,0.0,1.0,0.5,0.04,-2.7,-3.5125,0.0,0.0
Satellites__block_07__alpha128,Satellites,7,concept__block_07__Satellites,alpha,128,near_threshold,mad_corrected,neutral,B,Y,10,10,0.0,0.0,1.0,0.5,0.0,-4.4,-6.7625,0.0,0.0
Satellites__block_07__alpha128,Satellites,7,concept__block_07__Satellites,alpha,128,near_threshold,mad_corrected,evocative,B,Y,10,10,0.0,0.0,1.0,0.5,0.0,-4.375,-6.375,0.0,0.0
Satellites__block_07__alpha256,Satellites,7,concept__block_07__Satellites,alpha,256,above_threshold,mad_corrected,neutral,A,X,10,10,0.0,0.0,1.0,0.5,0.505,-2.6625,-2.6875,0.0,0.5
Satellites__block_07__alpha256,Satellites,7,concept__block_07__Satellites,alpha,256,above_threshold,mad_corrected,evocative,A,X,10,10,0.0,0.0,1.0,0.5,0.295,-2.5875,-2.9125,0.0,0.6
Satellites__block_07__alpha256,Satellites,7,concept__block_07__Satellites,alpha,256,above_threshold,mad_corrected,neutral,A,Y,10,10,0.0,0.0,1.0,0.5,0.0,-4.2125,-6.04375,0.0,0.0
Satellites__block_07__alpha256,Satellites,7,concept__block_07__Satellites,alpha,256,above_threshold,mad_corrected,evocative,A,Y,10,10,0.0,0.0,1.0,0.5,0.0,-4.3,-5.95,0.0,0.0
Satellites__block_07__alpha256,Satellites,7,concept__block_07__Satellites,alpha,256,above_threshold,mad_corrected,neutral,B,X,10,10,0.0,0.0,1.0,0.5,0.04,-2.7125,-3.4125,0.0,0.0
Satellites__block_07__alpha256,Satellites,7,concept__block_07__Satellites,alpha,256,above_threshold,mad_corrected,evocative,B,X,10,10,0.0,0.0,1.0,0.5,0.1,-2.7,-3.375,0.0,0.0
Satellites__block_07__alpha256,Satellites,7,concept__block_07__Satellites,alpha,256,above_threshold,mad_corrected,neutral,B,Y,10,10,0.0,0.0,1.0,0.5,0.0,-4.4,-7.30625,0.0,0.0
Satellites__block_07__alpha256,Satellites,7,concept__block_07__Satellites,alpha,256,above_threshold,mad_corrected,evocative,B,Y,10,10,0.0,0.0,1.0,0.5,0.0,-4.375,-6.925,0.0,0.0
Satellites__block_08__alpha128,Satellites,8,concept__block_08__Satellites,alpha,128,near_threshold,mad_corrected,neutral,A,X,10,10,0.0,0.0,1.0,0.5,0.665,-2.6625,-2.475,0.0,0.0
Satellites__block_08__alpha128,Satellites,8,concept__block_08__Satellites,alpha,128,near_threshold,mad_corrected,evocative,A,X,10,10,0.0,0.0,1.0,0.5,0.51,-2.5875,-2.575,0.0,0.0
Satellites__block_08__alpha128,Satellites,8,concept__block_08__Satellites,alpha,128,near_threshold,mad_corrected,neutral,A,Y,10,10,0.0,0.0,1.0,0.5,1.0,-4.2125,-2.3625,0.0,0.0
Satellites__block_08__alpha128,Satellites,8,concept__block_08__Satellites,alpha,128,near_threshold,mad_corrected,evocative,A,Y,10,10,0.0,0.0,1.0,0.5,1.0,-4.3,-2.0125,0.0,0.0
Satellites__block_08__alpha128,Satellites,8,concept__block_08__Satellites,alpha,128,near_threshold,mad_corrected,neutral,B,X,10,10,0.0,0.0,1.0,0.5,0.15,-2.7125,-3.05,0.0,0.0
Satellites__block_08__alpha128,Satellites,8,concept__block_08__Satellites,alpha,128,near_threshold,mad_corrected,evocative,B,X,10,10,0.0,0.0,1.0,0.5,0.27,-2.7,-2.925,0.0,0.0
Satellites__block_08__alpha128,Satellites,8,concept__block_08__Satellites,alpha,128,near_threshold,mad_corrected,neutral,B,Y,10,10,0.0,0.0,1.0,0.5,1.0,-4.4,-3.125,0.0,0.0
Satellites__block_08__alpha128,Satellites,8,concept__block_08__Satellites,alpha,128,near_threshold,mad_corrected,evocative,B,Y,10,10,0.0,0.0,1.0,0.5,0.99,-4.375,-2.8375,0.0,0.0
Satellites__block_08__alpha256,Satellites,8,concept__block_08__Satellites,alpha,256,above_threshold,mad_corrected,neutral,A,X,10,10,0.0,0.0,1.0,0.5,0.705,-2.6625,-2.4,0.0,0.0
Satellites__block_08__alpha256,Satellites,8,concept__block_08__Satellites,alpha,256,above_threshold,mad_corrected,evocative,A,X,10,10,0.0,0.0,1.0,0.5,0.56,-2.5875,-2.5125,0.0,0.0
Satellites__block_08__alpha256,Satellites,8,concept__block_08__Satellites,alpha,256,above_threshold,mad_corrected,neutral,A,Y,10,10,0.0,0.0,1.0,0.5,0.995,-4.2125,-2.35,0.0,0.0
Satellites__block_08__alpha256,Satellites,8,concept__block_08__Satellites,alpha,256,above_threshold,mad_corrected,evocative,A,Y,10,10,0.0,0.0,1.0,0.5,1.0,-4.3,-1.9375,0.0,0.0
Satellites__block_08__alpha256,Satellites,8,concept__block_08__Satellites,alpha,256,above_threshold,mad_corrected,neutral,B,X,10,10,0.0,0.0,1.0,0.5,0.12,-2.7125,-3.0625,0.0,0.0
Satellites__block_08__alpha256,Satellites,8,concept__block_08__Satellites,alpha,256,above_threshold,mad_corrected,evocative,B,X,10,10,0.0,0.0,1.0,0.5,0.245,-2.7,-2.9875,0.0,0.0
Satellites__block_08__alpha256,Satellites,8,concept__block_08__Satellites,alpha,256,above_threshold,mad_corrected,neutral,B,Y,10,10,0.0,0.0,1.0,0.5,1.0,-4.4,-3.0875,0.0,0.0
Satellites__block_08__alpha256,Satellites,8,concept__block_08__Satellites,alpha,256,above_threshold,mad_corrected,evocative,B,Y,10,10,0.0,0.0,1.0,0.5,0.995,-4.375,-2.775,0.0,0.0
Satellites__block_09__alpha128,Satellites,9,concept__block_09__Satellites,alpha,128,near_threshold,mad_corrected,neutral,A,X,10,10,0.0,0.0,1.0,0.5,0.42,-2.6625,-2.7125,0.0,0.0
Satellites__block_09__alpha128,Satellites,9,concept__block_09__Satellites,alpha,128,near_threshold,mad_corrected,evocative,A,X,10,10,0.0,0.0,1.0,0.5,0.505,-2.5875,-2.575,0.0,0.0
Satellites__block_09__alpha128,Satellites,9,concept__block_09__Satellites,alpha,128,near_threshold,mad_corrected,neutral,A,Y,10,10,0.0,0.0,1.0,0.5,1.0,-4.2125,-1.9625,0.0,0.0
Satellites__block_09__alpha128,Satellites,9,concept__block_09__Satellites,alpha,128,near_threshold,mad_corrected,evocative,A,Y,10,10,0.0,0.0,1.0,0.5,1.0,-4.3,-1.675,0.0,0.0
Satellites__block_09__alpha128,Satellites,9,concept__block_09__Satellites,alpha,128,near_threshold,mad_corrected,neutral,B,X,10,10,0.0,0.0,1.0,0.5,0.74,-2.7125,-2.5125,0.0,0.0
Satellites__block_09__alpha128,Satellites,9,concept__block_09__Satellites,alpha,128,near_threshold,mad_corrected,evocative,B,X,10,10,0.0,0.0,1.0,0.5,0.89,-2.7,-2.275,0.0,0.0
Satellites__block_09__alpha128,Satellites,9,concept__block_09__Satellites,alpha,128,near_threshold,mad_corrected,neutral,B,Y,10,10,0.0,0.0,1.0,0.5,1.0,-4.4,-1.4125,0.0,0.0
Satellites__block_09__alpha128,Satellites,9,concept__block_09__Satellites,alpha,128,near_threshold,mad_corrected,evocative,B,Y,10,10,0.0,0.0,1.0,0.5,1.0,-4.375,-1.3,0.0,0.0
Satellites__block_09__alpha256,Satellites,9,concept__block_09__Satellites,alpha,256,above_threshold,mad_corrected,neutral,A,X,10,10,0.0,0.0,1.0,0.5,0.145,-2.6625,-2.9875,0.0,0.0
Satellites__block_09__alpha256,Satellites,9,concept__block_09__Satellites,alpha,256,above_threshold,mad_corrected,evocative,A,X,10,10,0.0,0.0,1.0,0.5,0.315,-2.5875,-2.825,0.0,0.0
Satellites__block_09__alpha256,Satellites,9,concept__block_09__Satellites,alpha,256,above_threshold,mad_corrected,neutral,A,Y,10,10,0.0,0.0,1.0,0.5,1.0,-4.2125,-1.725,0.0,0.0
Satellites__block_09__alpha256,Satellites,9,concept__block_09__Satellites,alpha,256,above_threshold,mad_corrected,evocative,A,Y,10,10,0.0,0.0,1.0,0.5,1.0,-4.3,-1.45,0.0,0.0
Satellites__block_09__alpha256,Satellites,9,concept__block_09__Satellites,alpha,256,above_threshold,mad_corrected,neutral,B,X,10,10,0.0,0.0,1.0,0.5,0.3,-2.7125,-2.85,0.0,0.0
Satellites__block_09__alpha256,Satellites,9,concept__block_09__Satellites,alpha,256,above_threshold,mad_corrected,evocative,B,X,10,10,0.0,0.0,1.0,0.5,0.485,-2.7,-2.6875,0.0,0.0
Satellites__block_09__alpha256,Satellites,9,concept__block_09__Satellites,alpha,256,above_threshold,mad_corrected,neutral,B,Y,10,10,0.0,0.0,1.0,0.5,1.0,-4.4,-0.925,0.0,0.0
Satellites__block_09__alpha256,Satellites,9,concept__block_09__Satellites,alpha,256,above_threshold,mad_corrected,evocative,B,Y,10,10,0.0,0.0,1.0,0.5,1.0,-4.375,-0.9,0.0,0.0
Satellites__block_10__alpha128,Satellites,10,concept__block_10__Satellites,alpha,128,near_threshold,mad_corrected,neutral,A,X,10,10,0.0,0.0,1.0,0.5,0.015,-2.6625,-3.5375,0.0,0.1
Satellites__block_10__alpha128,Satellites,10,concept__block_10__Satellites,alpha,128,near_threshold,mad_corrected,evocative,A,X,10,10,0.0,0.0,1.0,0.5,0.03,-2.5875,-3.6125,0.0,0.0
Satellites__block_10__alpha128,Satellites,10,concept__block_10__Satellites,alpha,128,near_threshold,mad_corrected,neutral,A,Y,10,10,0.0,0.0,1.0,0.5,0.925,-4.2125,-2.89375,0.0,0.3
Satellites__block_10__alpha128,Satellites,10,concept__block_10__Satellites,alpha,128,near_threshold,mad_corrected,evocative,A,Y,10,10,0.0,0.0,1.0,0.5,0.875,-4.3,-2.925,0.0,0.2
Satellites__block_10__alpha128,Satellites,10,concept__block_10__Satellites,alpha,128,near_threshold,mad_corrected,neutral,B,X,10,10,0.0,0.0,1.0,0.5,0.0,-2.7125,-3.75,0.0,0.0
Satellites__block_10__alpha128,Satellites,10,concept__block_10__Satellites,alpha,128,near_threshold,mad_corrected,evocative,B,X,10,10,0.0,0.0,1.0,0.5,0.045,-2.7,-3.6875,0.0,0.0
Satellites__block_10__alpha128,Satellites,10,concept__block_10__Satellites,alpha,128,near_threshold,mad_corrected,neutral,B,Y,10,10,0.0,0.0,1.0,0.5,1.0,-4.4,-2.65,0.0,0.0
Satellites__block_10__alpha128,Satellites,10,concept__block_10__Satellites,alpha,128,near_threshold,mad_corrected,evocative,B,Y,10,10,0.0,0.0,1.0,0.5,1.0,-4.375,-2.625,0.0,0.0
Satellites__block_10__alpha256,Satellites,10,concept__block_10__Satellites,alpha,256,above_threshold,mad_corrected,neutral,A,X,10,10,0.0,0.0,1.0,0.5,0.015,-2.6625,-3.5875,0.0,0.4
Satellites__block_10__alpha256,Satellites,10,concept__block_10__Satellites,alpha,256,above_threshold,mad_corrected,evocative,A,X,10,10,0.0,0.0,1.0,0.5,0.025,-2.5875,-3.69375,0.0,0.0
Satellites__block_10__alpha256,Satellites,10,concept__block_10__Satellites,alpha,256,above_threshold,mad_corrected,neutral,A,Y,10,10,0.0,0.0,1.0,0.5,0.91,-4.2125,-2.55625,0.0,0.4
Satellites__block_10__alpha256,Satellites,10,concept__block_10__Satellites,alpha,256,above_threshold,mad_corrected,evocative,A,Y,10,10,0.0,0.0,1.0,0.5,0.905,-4.3,-2.61875,0.0,0.5
Satellites__block_10__alpha256,Satellites,10,concept__block_10__Satellites,alpha,256,above_threshold,mad_corrected,neutral,B,X,10,10,0.0,0.0,1.0,0.5,0.0,-2.7125,-4.075,0.0,0.0
Satellites__block_10__alpha256,Satellites,10,concept__block_10__Satellites,alpha,256,above_threshold,mad_corrected,evocative,B,X,10,10,0.0,0.0,1.0,0.5,0.0,-2.7,-4.0375,0.0,0.0
Satellites__block_10__alpha256,Satellites,10,concept__block_10__Satellites,alpha,256,above_threshold,mad_corrected,neutral,B,Y,10,10,0.0,0.0,1.0,0.5,1.0,-4.4,-2.25,0.0,0.2
Satellites__block_10__alpha256,Satellites,10,concept__block_10__Satellites,alpha,256,above_threshold,mad_corrected,evocative,B,Y,10,10,0.0,0.0,1.0,0.5,1.0,-4.375,-2.175,0.0,0.0
Satellites__block_11__alpha128,Satellites,11,concept__block_11__Satellites,alpha,128,near_threshold,mad_corrected,neutral,A,X,10,10,0.0,0.0,1.0,0.5,0.06,-2.6625,-3.4875,0.0,0.1
Satellites__block_11__alpha128,Satellites,11,concept__block_11__Satellites,alpha,128,near_threshold,mad_corrected,evocative,A,X,10,10,0.0,0.0,1.0,0.5,0.035,-2.5875,-3.50625,0.0,0.0
Satellites__block_11__alpha128,Satellites,11,concept__block_11__Satellites,alpha,128,near_threshold,mad_corrected,neutral,A,Y,10,10,0.0,0.0,1.0,0.5,0.93,-4.2125,-2.85,0.0,0.2
Satellites__block_11__alpha128,Satellites,11,concept__block_11__Satellites,alpha,128,near_threshold,mad_corrected,evocative,A,Y,10,10,0.0,0.0,1.0,0.5,0.955,-4.3,-2.7375,0.0,0.1
Satellites__block_11__alpha128,Satellites,11,concept__block_11__Satellites,alpha,128,near_threshold,mad_corrected,neutral,B,X,10,10,0.0,0.0,1.0,0.5,0.0,-2.7125,-4.08125,0.0,0.0
Satellites__block_11__alpha128,Satellites,11,concept__block_11__Satellites,alpha,128,near_threshold,mad_corrected,evocative,B,X,10,10,0.0,0.0,1.0,0.5,0.0,-2.7,-4.0375,0.0,0.0
Satellites__block_11__alpha128,Satellites,11,concept__block_11__Satellites,alpha,128,near_threshold,mad_corrected,neutral,B,Y,10,10,0.0,0.0,1.0,0.5,0.895,-4.4,-3.4375,0.0,0.0
Satellites__block_11__alpha128,Satellites,11,concept__block_11__Satellites,alpha,128,near_threshold,mad_corrected,evocative,B,Y,10,10,0.0,0.0,1.0,0.5,0.88,-4.375,-3.5,0.0,0.0
Satellites__block_11__alpha256,Satellites,11,concept__block_11__Satellites,alpha,256,above_threshold,mad_corrected,neutral,A,X,10,10,0.0,0.0,1.0,0.5,0.02,-2.6625,-3.7875,0.0,0.4
Satellites__block_11__alpha256,Satellites,11,concept__block_11__Satellites,alpha,256,above_threshold,mad_corrected,evocative,A,X,10,10,0.0,0.0,1.0,0.5,0.0,-2.5875,-3.9375,0.0,0.1
Satellites__block_11__alpha256,Satellites,11,concept__block_11__Satellites,alpha,256,above_threshold,mad_corrected,neutral,A,Y,10,10,0.0,0.0,1.0,0.5,0.995,-4.2125,-1.73125,0.0,0.5
Satellites__block_11__alpha256,Satellites,11,concept__block_11__Satellites,alpha,256,above_threshold,mad_corrected,evocative,A,Y,10,10,0.0,0.0,1.0,0.5,0.985,-4.3,-1.63125,0.0,0.5
Satellites__block_11__alpha256,Satellites,11,concept__block_11__Satellites,alpha,256,above_threshold,mad_corrected,neutral,B,X,10,10,0.0,0.0,1.0,0.5,0.0,-2.7125,-4.68125,0.0,0.0
Satellites__block_11__alpha256,Satellites,11,concept__block_11__Satellites,alpha,256,above_threshold,mad_corrected,evocative,B,X,10,10,0.0,0.0,1.0,0.5,0.0,-2.7,-4.675,0.0,0.0
Satellites__block_11__alpha256,Satellites,11,concept__block_11__Satellites,alpha,256,above_threshold,mad_corrected,neutral,B,Y,10,10,0.0,0.0,1.0,0.5,1.0,-4.4,-2.31875,0.0,0.2
Satellites__block_11__alpha256,Satellites,11,concept__block_11__Satellites,alpha,256,above_threshold,mad_corrected,evocative,B,Y,10,10,0.0,0.0,1.0,0.5,1.0,-4.375,-2.425,0.0,0.1
Satellites__block_12__alpha128,Satellites,12,concept__block_12__Satellites,alpha,128,near_threshold,mad_corrected,neutral,A,X,10,10,0.0,0.0,1.0,0.5,0.17,-2.6625,-2.9875,0.0,0.0
Satellites__block_12__alpha128,Satellites,12,concept__block_12__Satellites,alpha,128,near_threshold,mad_corrected,evocative,A,X,10,10,0.0,0.0,1.0,0.5,0.225,-2.5875,-3.0125,0.0,0.0
Satellites__block_12__alpha128,Satellites,12,concept__block_12__Satellites,alpha,128,near_threshold,mad_corrected,neutral,A,Y,10,10,0.0,0.4,1.0,0.7,1.0,-4.2125,-0.175,0.0,0.0
Satellites__block_12__alpha128,Satellites,12,concept__block_12__Satellites,alpha,128,near_threshold,mad_corrected,evocative,A,Y,10,10,0.0,0.3,1.0,0.65,1.0,-4.3,-0.5125,0.0,0.0
Satellites__block_12__alpha128,Satellites,12,concept__block_12__Satellites,alpha,128,near_threshold,mad_corrected,neutral,B,X,10,10,0.0,0.0,1.0,0.5,0.02,-2.7125,-3.3375,0.0,0.0
Satellites__block_12__alpha128,Satellites,12,concept__block_12__Satellites,alpha,128,near_threshold,mad_corrected,evocative,B,X,10,10,0.0,0.0,1.0,0.5,0.065,-2.7,-3.325,0.0,0.0
Satellites__block_12__alpha128,Satellites,12,concept__block_12__Satellites,alpha,128,near_threshold,mad_corrected,neutral,B,Y,10,10,0.0,0.2,1.0,0.6,1.0,-4.4,-0.55,0.0,0.0
Satellites__block_12__alpha128,Satellites,12,concept__block_12__Satellites,alpha,128,near_threshold,mad_corrected,evocative,B,Y,10,10,0.0,0.2,1.0,0.6,1.0,-4.375,-0.6875,0.0,0.0
Satellites__block_12__alpha256,Satellites,12,concept__block_12__Satellites,alpha,256,above_threshold,mad_corrected,neutral,A,X,10,10,0.0,0.0,1.0,0.5,0.04,-2.6625,-3.3375,0.0,0.0
Satellites__block_12__alpha256,Satellites,12,concept__block_12__Satellites,alpha,256,above_threshold,mad_corrected,evocative,A,X,10,10,0.0,0.0,1.0,0.5,0.09,-2.5875,-3.375,0.0,0.0
Satellites__block_12__alpha256,Satellites,12,concept__block_12__Satellites,alpha,256,above_threshold,mad_corrected,neutral,A,Y,10,10,0.0,0.7,1.0,0.85,1.0,-4.2125,1.1625,0.0,0.0
Satellites__block_12__alpha256,Satellites,12,concept__block_12__Satellites,alpha,256,above_threshold,mad_corrected,evocative,A,Y,10,10,0.0,0.7,1.0,0.85,1.0,-4.3,0.8,0.0,0.0
Satellites__block_12__alpha256,Satellites,12,concept__block_12__Satellites,alpha,256,above_threshold,mad_corrected,neutral,B,X,10,10,0.0,0.0,1.0,0.5,0.0,-2.7125,-3.7625,0.0,0.0
Satellites__block_12__alpha256,Satellites,12,concept__block_12__Satellites,alpha,256,above_threshold,mad_corrected,evocative,B,X,10,10,0.0,0.0,1.0,0.5,0.005,-2.7,-3.75,0.0,0.0
Satellites__block_12__alpha256,Satellites,12,concept__block_12__Satellites,alpha,256,above_threshold,mad_corrected,neutral,B,Y,10,10,0.0,0.7,1.0,0.85,1.0,-4.4,0.9,0.0,0.0
Satellites__block_12__alpha256,Satellites,12,concept__block_12__Satellites,alpha,256,above_threshold,mad_corrected,evocative,B,Y,10,10,0.0,0.5,1.0,0.75,1.0,-4.375,0.6625,0.0,0.0
Satellites__block_13__alpha128,Satellites,13,concept__block_13__Satellites,alpha,128,near_threshold,mad_corrected,neutral,A,X,10,10,0.0,0.0,1.0,0.5,0.25,-2.6625,-2.875,0.0,0.0
Satellites__block_13__alpha128,Satellites,13,concept__block_13__Satellites,alpha,128,near_threshold,mad_corrected,evocative,A,X,10,10,0.0,0.0,1.0,0.5,0.295,-2.5875,-2.875,0.0,0.0
Satellites__block_13__alpha128,Satellites,13,concept__block_13__Satellites,alpha,128,near_threshold,mad_corrected,neutral,A,Y,10,10,0.0,0.6,1.0,0.8,1.0,-4.2125,0.79375,0.0,0.3
Satellites__block_13__alpha128,Satellites,13,concept__block_13__Satellites,alpha,128,near_threshold,mad_corrected,evocative,A,Y,10,10,0.0,0.7,1.0,0.85,1.0,-4.3,0.6125,0.0,0.0
Satellites__block_13__alpha128,Satellites,13,concept__block_13__Satellites,alpha,128,near_threshold,mad_corrected,neutral,B,X,10,10,0.0,0.0,1.0,0.5,0.0,-2.7125,-3.3875,0.0,0.0
Satellites__block_13__alpha128,Satellites,13,concept__block_13__Satellites,alpha,128,near_threshold,mad_corrected,evocative,B,X,10,10,0.0,0.0,1.0,0.5,0.045,-2.7,-3.43125,0.0,0.0
Satellites__block_13__alpha128,Satellites,13,concept__block_13__Satellites,alpha,128,near_threshold,mad_corrected,neutral,B,Y,10,10,0.0,0.4,1.0,0.7,1.0,-4.4,0.3625,0.0,0.1
Satellites__block_13__alpha128,Satellites,13,concept__block_13__Satellites,alpha,128,near_threshold,mad_corrected,evocative,B,Y,10,10,0.0,0.5,1.0,0.75,1.0,-4.375,0.2,0.0,0.0
Satellites__block_13__alpha256,Satellites,13,concept__block_13__Satellites,alpha,256,above_threshold,mad_corrected,neutral,A,X,10,10,0.0,0.0,1.0,0.5,0.46,-2.6625,-2.7,0.0,0.2
Satellites__block_13__alpha256,Satellites,13,concept__block_13__Satellites,alpha,256,above_threshold,mad_corrected,evocative,A,X,10,10,0.0,0.0,1.0,0.5,0.29,-2.5875,-2.8875,0.0,0.0
Satellites__block_13__alpha256,Satellites,13,concept__block_13__Satellites,alpha,256,above_threshold,mad_corrected,neutral,A,Y,10,10,0.0,0.8,1.0,0.9,1.0,-4.2125,1.73125,0.0,0.2
Satellites__block_13__alpha256,Satellites,13,concept__block_13__Satellites,alpha,256,above_threshold,mad_corrected,evocative,A,Y,10,10,0.0,1.0,1.0,1.0,1.0,-4.3,1.71875,0.0,0.0
Satellites__block_13__alpha256,Satellites,13,concept__block_13__Satellites,alpha,256,above_threshold,mad_corrected,neutral,B,X,10,10,0.0,0.0,1.0,0.5,0.0,-2.7125,-3.54375,0.0,0.1
Satellites__block_13__alpha256,Satellites,13,concept__block_13__Satellites,alpha,256,above_threshold,mad_corrected,evocative,B,X,10,10,0.0,0.0,1.0,0.5,0.01,-2.7,-3.66875,0.0,0.0
Satellites__block_13__alpha256,Satellites,13,concept__block_13__Satellites,alpha,256,above_threshold,mad_corrected,neutral,B,Y,10,10,0.0,1.0,1.0,1.0,1.0,-4.4,1.5875,0.0,0.0
Satellites__block_13__alpha256,Satellites,13,concept__block_13__Satellites,alpha,256,above_threshold,mad_corrected,evocative,B,Y,10,10,0.0,0.9,1.0,0.95,1.0,-4.375,1.45625,0.0,0.1
Trumpets__block_00__alpha128,Trumpets,0,concept__block_00__Trumpets,alpha,128,near_threshold,mad_corrected,neutral,A,X,10,10,0.0,0.0,1.0,0.5,1.0,-2.4625,2.80625,0.0,1.0
Trumpets__block_00__alpha128,Trumpets,0,concept__block_00__Trumpets,alpha,128,near_threshold,mad_corrected,evocative,A,X,10,10,0.0,0.0,1.0,0.5,1.0,-1.975,2.70625,0.0,1.0
Trumpets__block_00__alpha128,Trumpets,0,concept__block_00__Trumpets,alpha,128,near_threshold,mad_corrected,neutral,A,Y,10,10,0.0,0.0,1.0,0.5,0.96,-3.9375,-2.878125,0.0,1.0
Trumpets__block_00__alpha128,Trumpets,0,concept__block_00__Trumpets,alpha,128,near_threshold,mad_corrected,evocative,A,Y,10,10,0.0,0.0,1.0,0.5,0.805,-3.525,-2.803125,0.0,1.0
Trumpets__block_00__alpha128,Trumpets,0,concept__block_00__Trumpets,alpha,128,near_threshold,mad_corrected,neutral,B,X,10,10,0.0,0.0,1.0,0.5,1.0,-2.8,3.6,0.0,1.0
Trumpets__block_00__alpha128,Trumpets,0,concept__block_00__Trumpets,alpha,128,near_threshold,mad_corrected,evocative,B,X,10,10,0.0,0.0,1.0,0.5,1.0,-2.55,3.596875,0.0,1.0
Trumpets__block_00__alpha128,Trumpets,0,concept__block_00__Trumpets,alpha,128,near_threshold,mad_corrected,neutral,B,Y,10,10,0.0,0.0,1.0,0.5,0.825,-4.4875,-3.771875,0.0,1.0
Trumpets__block_00__alpha128,Trumpets,0,concept__block_00__Trumpets,alpha,128,near_threshold,mad_corrected,evocative,B,Y,10,10,0.0,0.0,1.0,0.5,0.7,-3.95,-3.775,0.0,1.0
Trumpets__block_00__alpha256,Trumpets,0,concept__block_00__Trumpets,alpha,256,above_threshold,mad_corrected,neutral,A,X,10,10,0.0,0.0,1.0,0.5,1.0,-2.4625,3.815625,0.0,1.0
Trumpets__block_00__alpha256,Trumpets,0,concept__block_00__Trumpets,alpha,256,above_threshold,mad_corrected,evocative,A,X,10,10,0.0,0.0,1.0,0.5,1.0,-1.975,3.140625,0.0,1.0
Trumpets__block_00__alpha256,Trumpets,0,concept__block_00__Trumpets,alpha,256,above_threshold,mad_corrected,neutral,A,Y,10,10,0.0,0.0,1.0,0.5,0.5,-3.9375,-3.853125,0.0,1.0
Trumpets__block_00__alpha256,Trumpets,0,concept__block_00__Trumpets,alpha,256,above_threshold,mad_corrected,evocative,A,Y,10,10,0.0,0.0,1.0,0.5,0.6,-3.525,-3.234375,0.0,1.0
Trumpets__block_00__alpha256,Trumpets,0,concept__block_00__Trumpets,alpha,256,above_threshold,mad_corrected,neutral,B,X,10,10,0.0,0.0,1.0,0.5,1.0,-2.8,4.990625,0.0,1.0
Trumpets__block_00__alpha256,Trumpets,0,concept__block_00__Trumpets,alpha,256,above_threshold,mad_corrected,evocative,B,X,10,10,0.0,0.0,1.0,0.5,1.0,-2.55,4.7046875,0.0,1.0
Trumpets__block_00__alpha256,Trumpets,0,concept__block_00__Trumpets,alpha,256,above_threshold,mad_corrected,neutral,B,Y,10,10,0.0,0.0,1.0,0.5,0.2,-4.4875,-5.0796875,0.0,1.0
Trumpets__block_00__alpha256,Trumpets,0,concept__block_00__Trumpets,alpha,256,above_threshold,mad_corrected,evocative,B,Y,10,10,0.0,0.0,1.0,0.5,0.12,-3.95,-4.775,0.0,1.0
Trumpets__block_01__alpha128,Trumpets,1,concept__block_01__Trumpets,alpha,128,near_threshold,mad_corrected,neutral,A,X,10,10,0.0,0.0,1.0,0.5,0.085,-2.4625,-3.9125,0.0,0.0
Trumpets__block_01__alpha128,Trumpets,1,concept__block_01__Trumpets,alpha,128,near_threshold,mad_corrected,evocative,A,X,10,10,0.0,0.0,1.0,0.5,0.04,-1.975,-3.6125,0.0,0.0
Trumpets__block_01__alpha128,Trumpets,1,concept__block_01__Trumpets,alpha,128,near_threshold,mad_corrected,neutral,A,Y,10,10,0.0,0.0,1.0,0.5,0.445,-3.9375,-4.1125,0.0,0.0
Trumpets__block_01__alpha128,Trumpets,1,concept__block_01__Trumpets,alpha,128,near_threshold,mad_corrected,evocative,A,Y,10,10,0.0,0.0,1.0,0.5,0.28,-3.525,-4.45,0.0,0.0
Trumpets__block_01__alpha128,Trumpets,1,concept__block_01__Trumpets,alpha,128,near_threshold,mad_corrected,neutral,B,X,10,10,0.0,0.0,1.0,0.5,0.89,-2.8,-1.975,0.0,0.9
Trumpets__block_01__alpha128,Trumpets,1,concept__block_01__Trumpets,alpha,128,near_threshold,mad_corrected,evocative,B,X,10,10,0.0,0.0,1.0,0.5,0.905,-2.55,-1.65,0.0,0.9
Trumpets__block_01__alpha128,Trumpets,1,concept__block_01__Trumpets,alpha,128,near_threshold,mad_corrected,neutral,B,Y,10,10,0.0,0.0,1.0,0.5,0.07,-4.4875,-6.1625,0.0,0.9
Trumpets__block_01__alpha128,Trumpets,1,concept__block_01__Trumpets,alpha,128,near_threshold,mad_corrected,evocative,B,Y,10,10,0.0,0.0,1.0,0.5,0.0,-3.95,-6.40625,0.0,0.7
Trumpets__block_01__alpha256,Trumpets,1,concept__block_01__Trumpets,alpha,256,above_threshold,mad_corrected,neutral,A,X,10,10,0.0,0.0,1.0,0.5,0.1,-2.4625,-3.525,0.0,0.0
Trumpets__block_01__alpha256,Trumpets,1,concept__block_01__Trumpets,alpha,256,above_threshold,mad_corrected,evocative,A,X,10,10,0.0,0.0,1.0,0.5,0.1,-1.975,-3.075,0.0,0.0
Trumpets__block_01__alpha256,Trumpets,1,concept__block_01__Trumpets,alpha,256,above_threshold,mad_corrected,neutral,A,Y,10,10,0.0,0.0,1.0,0.5,0.515,-3.9375,-3.8,0.0,0.0
Trumpets__block_01__alpha256,Trumpets,1,concept__block_01__Trumpets,alpha,256,above_threshold,mad_corrected,evocative,A,Y,10,10,0.0,0.0,1.0,0.5,0.44,-3.525,-3.6125,0.0,0.0
Trumpets__block_01__alpha256,Trumpets,1,concept__block_01__Trumpets,alpha,256,above_threshold,mad_corrected,neutral,B,X,10,10,0.0,0.0,1.0,0.5,0.925,-2.8,-1.8,0.0,0.5
Trumpets__block_01__alpha256,Trumpets,1,concept__block_01__Trumpets,alpha,256,above_threshold,mad_corrected,evocative,B,X,10,10,0.0,0.0,1.0,0.5,0.95,-2.55,-1.425,0.0,0.3
Trumpets__block_01__alpha256,Trumpets,1,concept__block_01__Trumpets,alpha,256,above_threshold,mad_corrected,neutral,B,Y,10,10,0.0,0.0,1.0,0.5,0.105,-4.4875,-5.79375,0.0,0.3
Trumpets__block_01__alpha256,Trumpets,1,concept__block_01__Trumpets,alpha,256,above_threshold,mad_corrected,evocative,B,Y,10,10,0.0,0.0,1.0,0.5,0.0,-3.95,-5.825,0.0,0.2
Trumpets__block_02__alpha128,Trumpets,2,concept__block_02__Trumpets,alpha,128,near_threshold,mad_corrected,neutral,A,X,10,10,0.0,0.0,1.0,0.5,0.0,-2.4625,-3.8875,0.0,0.0
Trumpets__block_02__alpha128,Trumpets,2,concept__block_02__Trumpets,alpha,128,near_threshold,mad_corrected,evocative,A,X,10,10,0.0,0.0,1.0,0.5,0.0,-1.975,-3.575,0.0,0.0
Trumpets__block_02__alpha128,Trumpets,2,concept__block_02__Trumpets,alpha,128,near_threshold,mad_corrected,neutral,A,Y,10,10,0.0,0.0,1.0,0.5,0.375,-3.9375,-4.2,0.0,0.0
Trumpets__block_02__alpha128,Trumpets,2,concept__block_02__Trumpets,alpha,128,near_threshold,mad_corrected,evocative,A,Y,10,10,0.0,0.0,1.0,0.5,0.51,-3.525,-3.6125,0.0,0.0
Trumpets__block_02__alpha128,Trumpets,2,concept__block_02__Trumpets,alpha,128,near_threshold,mad_corrected,neutral,B,X,10,10,0.0,0.0,1.0,0.5,0.0,-2.8,-4.375,0.0,0.2
Trumpets__block_02__alpha128,Trumpets,2,concept__block_02__Trumpets,alpha,128,near_threshold,mad_corrected,evocative,B,X,10,10,0.0,0.0,1.0,0.5,0.0,-2.55,-4.325,0.0,0.2
Trumpets__block_02__alpha128,Trumpets,2,concept__block_02__Trumpets,alpha,128,near_threshold,mad_corrected,neutral,B,Y,10,10,0.0,0.0,1.0,0.5,0.17,-4.4875,-5.35,0.0,0.4
Trumpets__block_02__alpha128,Trumpets,2,concept__block_02__Trumpets,alpha,128,near_threshold,mad_corrected,evocative,B,Y,10,10,0.0,0.0,1.0,0.5,0.015,-3.95,-5.4875,0.0,0.2
Trumpets__block_02__alpha256,Trumpets,2,concept__block_02__Trumpets,alpha,256,above_threshold,mad_corrected,neutral,A,X,10,10,0.0,0.0,1.0,0.5,0.035,-2.4625,-3.575,0.0,0.0
Trumpets__block_02__alpha256,Trumpets,2,concept__block_02__Trumpets,alpha,256,above_threshold,mad_corrected,evocative,A,X,10,10,0.0,0.0,1.0,0.5,0.0,-1.975,-3.225,0.0,0.0
Trumpets__block_02__alpha256,Trumpets,2,concept__block_02__Trumpets,alpha,256,above_threshold,mad_corrected,neutral,A,Y,10,10,0.0,0.0,1.0,0.5,0.755,-3.9375,-3.2875,0.0,0.0
Trumpets__block_02__alpha256,Trumpets,2,concept__block_02__Trumpets,alpha,256,above_threshold,mad_corrected,evocative,A,Y,10,10,0.0,0.0,1.0,0.5,0.75,-3.525,-2.875,0.0,0.0
Trumpets__block_02__alpha256,Trumpets,2,concept__block_02__Trumpets,alpha,256,above_threshold,mad_corrected,neutral,B,X,10,10,0.0,0.0,1.0,0.5,0.015,-2.8,-4.2,0.0,0.0
Trumpets__block_02__alpha256,Trumpets,2,concept__block_02__Trumpets,alpha,256,above_threshold,mad_corrected,evocative,B,X,10,10,0.0,0.0,1.0,0.5,0.04,-2.55,-4.0,0.0,0.1
Trumpets__block_02__alpha256,Trumpets,2,concept__block_02__Trumpets,alpha,256,above_threshold,mad_corrected,neutral,B,Y,10,10,0.0,0.0,1.0,0.5,0.3,-4.4875,-4.9125,0.0,0.1
Trumpets__block_02__alpha256,Trumpets,2,concept__block_02__Trumpets,alpha,256,above_threshold,mad_corrected,evocative,B,Y,10,10,0.0,0.0,1.0,0.5,0.15,-3.95,-4.8375,0.0,0.1
Trumpets__block_03__alpha128,Trumpets,3,concept__block_03__Trumpets,alpha,128,near_threshold,mad_corrected,neutral,A,X,10,10,0.0,0.0,1.0,0.5,0.11,-2.4625,-3.6375,0.0,0.3
Trumpets__block_03__alpha128,Trumpets,3,concept__block_03__Trumpets,alpha,128,near_threshold,mad_corrected,evocative,A,X,10,10,0.0,0.0,1.0,0.5,0.48,-1.975,-2.575,0.0,0.3
Trumpets__block_03__alpha128,Trumpets,3,concept__block_03__Trumpets,alpha,128,near_threshold,mad_corrected,neutral,A,Y,10,10,0.0,0.0,1.0,0.5,0.94,-3.9375,-2.93125,0.0,0.3
Trumpets__block_03__alpha128,Trumpets,3,concept__block_03__Trumpets,alpha,128,near_threshold,mad_corrected,evocative,A,Y,10,10,0.0,0.0,1.0,0.5,0.805,-3.525,-2.8375,0.0,0.0
Trumpets__block_03__alpha128,Trumpets,3,concept__block_03__Trumpets,alpha,128,near_threshold,mad_corrected,neutral,B,X,10,10,0.0,0.0,1.0,0.5,0.685,-2.8,-2.49375,0.0,1.0
Trumpets__block_03__alpha128,Trumpets,3,concept__block_03__Trumpets,alpha,128,near_threshold,mad_corrected,evocative,B,X,10,10,0.0,0.0,1.0,0.5,0.76,-2.55,-1.81875,0.0,1.0
Trumpets__block_03__alpha128,Trumpets,3,concept__block_03__Trumpets,alpha,128,near_threshold,mad_corrected,neutral,B,Y,10,10,0.0,0.0,1.0,0.5,0.97,-4.4875,-2.64375,0.0,0.9
Trumpets__block_03__alpha128,Trumpets,3,concept__block_03__Trumpets,alpha,128,near_threshold,mad_corrected,evocative,B,Y,10,10,0.0,0.0,1.0,0.5,0.845,-3.95,-3.05625,0.0,1.0
Trumpets__block_03__alpha256,Trumpets,3,concept__block_03__Trumpets,alpha,256,above_threshold,mad_corrected,neutral,A,X,10,10,0.0,0.0,1.0,0.5,0.575,-2.4625,-2.6375,0.0,0.2
Trumpets__block_03__alpha256,Trumpets,3,concept__block_03__Trumpets,alpha,256,above_threshold,mad_corrected,evocative,A,X,10,10,0.0,0.0,1.0,0.5,0.64,-1.975,-1.775,0.0,0.1
Trumpets__block_03__alpha256,Trumpets,3,concept__block_03__Trumpets,alpha,256,above_threshold,mad_corrected,neutral,A,Y,10,10,0.0,0.0,1.0,0.5,1.0,-3.9375,-2.74375,0.0,0.2
Trumpets__block_03__alpha256,Trumpets,3,concept__block_03__Trumpets,alpha,256,above_threshold,mad_corrected,evocative,A,Y,10,10,0.0,0.0,1.0,0.5,0.81,-3.525,-2.89375,0.0,0.0
Trumpets__block_03__alpha256,Trumpets,3,concept__block_03__Trumpets,alpha,256,above_threshold,mad_corrected,neutral,B,X,10,10,0.0,0.0,1.0,0.5,0.75,-2.8,-2.025,0.0,0.9
Trumpets__block_03__alpha256,Trumpets,3,concept__block_03__Trumpets,alpha,256,above_threshold,mad_corrected,evocative,B,X,10,10,0.0,0.0,1.0,0.5,0.8,-2.55,-1.5125,0.0,1.0
Trumpets__block_03__alpha256,Trumpets,3,concept__block_03__Trumpets,alpha,256,above_threshold,mad_corrected,neutral,B,Y,10,10,0.0,0.0,1.0,0.5,0.98,-4.4875,-2.95,0.0,0.9
Trumpets__block_03__alpha256,Trumpets,3,concept__block_03__Trumpets,alpha,256,above_threshold,mad_corrected,evocative,B,Y,10,10,0.0,0.0,1.0,0.5,0.755,-3.95,-3.4875,0.0,0.9
Trumpets__block_04__alpha128,Trumpets,4,concept__block_04__Trumpets,alpha,128,near_threshold,mad_corrected,neutral,A,X,10,10,0.0,0.0,1.0,0.5,0.0,-2.4625,-4.4125,0.0,0.0
Trumpets__block_04__alpha128,Trumpets,4,concept__block_04__Trumpets,alpha,128,near_threshold,mad_corrected,evocative,A,X,10,10,0.0,0.0,1.0,0.5,0.0,-1.975,-4.2,0.0,0.0
Trumpets__block_04__alpha128,Trumpets,4,concept__block_04__Trumpets,alpha,128,near_threshold,mad_corrected,neutral,A,Y,10,10,0.0,0.0,1.0,0.5,0.4,-3.9375,-4.275,0.0,0.0
Trumpets__block_04__alpha128,Trumpets,4,concept__block_04__Trumpets,alpha,128,near_threshold,mad_corrected,evocative,A,Y,10,10,0.0,0.0,1.0,0.5,0.225,-3.525,-4.3,0.0,0.0
Trumpets__block_04__alpha128,Trumpets,4,concept__block_04__Trumpets,alpha,128,near_threshold,mad_corrected,neutral,B,X,10,10,0.0,0.0,1.0,0.5,0.105,-2.8,-3.85625,0.0,0.0
Trumpets__block_04__alpha128,Trumpets,4,concept__block_04__Trumpets,alpha,128,near_threshold,mad_corrected,evocative,B,X,10,10,0.0,0.0,1.0,0.5,0.12,-2.55,-3.40625,0.0,0.0
Trumpets__block_04__alpha128,Trumpets,4,concept__block_04__Trumpets,alpha,128,near_threshold,mad_corrected,neutral,B,Y,10,10,0.0,0.0,1.0,0.5,0.235,-4.4875,-5.1125,0.0,0.0
Trumpets__block_04__alpha128,Trumpets,4,concept__block_04__Trumpets,alpha,128,near_threshold,mad_corrected,evocative,B,Y,10,10,0.0,0.0,1.0,0.5,0.105,-3.95,-4.99375,0.0,0.0
Trumpets__block_04__alpha256,Trumpets,4,concept__block_04__Trumpets,alpha,256,above_threshold,mad_corrected,neutral,A,X,10,10,0.0,0.0,1.0,0.5,0.0,-2.4625,-4.7625,0.0,0.0
Trumpets__block_04__alpha256,Trumpets,4,concept__block_04__Trumpets,alpha,256,above_threshold,mad_corrected,evocative,A,X,10,10,0.0,0.0,1.0,0.5,0.0,-1.975,-4.61875,0.0,0.0
Trumpets__block_04__alpha256,Trumpets,4,concept__block_04__Trumpets,alpha,256,above_threshold,mad_corrected,neutral,A,Y,10,10,0.0,0.0,1.0,0.5,0.52,-3.9375,-3.925,0.0,0.0
Trumpets__block_04__alpha256,Trumpets,4,concept__block_04__Trumpets,alpha,256,above_threshold,mad_corrected,evocative,A,Y,10,10,0.0,0.0,1.0,0.5,0.445,-3.525,-3.70625,0.0,0.0
Trumpets__block_04__alpha256,Trumpets,4,concept__block_04__Trumpets,alpha,256,above_threshold,mad_corrected,neutral,B,X,10,10,0.0,0.0,1.0,0.5,0.0,-2.8,-4.45625,0.0,0.0
Trumpets__block_04__alpha256,Trumpets,4,concept__block_04__Trumpets,alpha,256,above_threshold,mad_corrected,evocative,B,X,10,10,0.0,0.0,1.0,0.5,0.0,-2.55,-4.23125,0.0,0.0
Trumpets__block_04__alpha256,Trumpets,4,concept__block_04__Trumpets,alpha,256,above_threshold,mad_corrected,neutral,B,Y,10,10,0.0,0.0,1.0,0.5,0.505,-4.4875,-4.34375,0.0,0.0
Trumpets__block_04__alpha256,Trumpets,4,concept__block_04__Trumpets,alpha,256,above_threshold,mad_corrected,evocative,B,Y,10,10,0.0,0.0,1.0,0.5,0.455,-3.95,-4.125,0.0,0.0
Trumpets__block_05__alpha128,Trumpets,5,concept__block_05__Trumpets,alpha,128,near_threshold,mad_corrected,neutral,A,X,10,10,0.0,0.0,1.0,0.5,0.0,-2.4625,-4.85,0.0,0.0
Trumpets__block_05__alpha128,Trumpets,5,concept__block_05__Trumpets,alpha,128,near_threshold,mad_corrected,evocative,A,X,10,10,0.0,0.0,1.0,0.5,0.0,-1.975,-4.775,0.0,0.0
Trumpets__block_05__alpha128,Trumpets,5,concept__block_05__Trumpets,alpha,128,near_threshold,mad_corrected,neutral,A,Y,10,10,0.0,0.0,1.0,0.5,0.21,-3.9375,-4.6125,0.0,0.0
Trumpets__block_05__alpha128,Trumpets,5,concept__block_05__Trumpets,alpha,128,near_threshold,mad_corrected,evocative,A,Y,10,10,0.0,0.0,1.0,0.5,0.065,-3.525,-4.65,0.0,0.0
Trumpets__block_05__alpha128,Trumpets,5,concept__block_05__Trumpets,alpha,128,near_threshold,mad_corrected,neutral,B,X,10,10,0.0,0.0,1.0,0.5,0.0,-2.8,-5.1125,0.0,0.0
Trumpets__block_05__alpha128,Trumpets,5,concept__block_05__Trumpets,alpha,128,near_threshold,mad_corrected,evocative,B,X,10,10,0.0,0.0,1.0,0.5,0.0,-2.55,-5.0,0.0,0.0
Trumpets__block_05__alpha128,Trumpets,5,concept__block_05__Trumpets,alpha,128,near_threshold,mad_corrected,neutral,B,Y,10,10,0.0,0.0,1.0,0.5,0.115,-4.4875,-5.6375,0.0,0.0
Trumpets__block_05__alpha128,Trumpets,5,concept__block_05__Trumpets,alpha,128,near_threshold,mad_corrected,evocative,B,Y,10,10,0.0,0.0,1.0,0.5,0.05,-3.95,-5.4125,0.0,0.0
Trumpets__block_05__alpha256,Trumpets,5,concept__block_05__Trumpets,alpha,256,above_threshold,mad_corrected,neutral,A,X,10,10,0.0,0.0,1.0,0.5,0.0,-2.4625,-4.75,0.0,0.0
Trumpets__block_05__alpha256,Trumpets,5,concept__block_05__Trumpets,alpha,256,above_threshold,mad_corrected,evocative,A,X,10,10,0.0,0.0,1.0,0.5,0.0,-1.975,-4.6625,0.0,0.0
Trumpets__block_05__alpha256,Trumpets,5,concept__block_05__Trumpets,alpha,256,above_threshold,mad_corrected,neutral,A,Y,10,10,0.0,0.0,1.0,0.5,0.345,-3.9375,-4.3125,0.0,0.0
Trumpets__block_05__alpha256,Trumpets,5,concept__block_05__Trumpets,alpha,256,above_threshold,mad_corrected,evocative,A,Y,10,10,0.0,0.0,1.0,0.5,0.105,-3.525,-4.425,0.0,0.0
Trumpets__block_05__alpha256,Trumpets,5,concept__block_05__Trumpets,alpha,256,above_threshold,mad_corrected,neutral,B,X,10,10,0.0,0.0,1.0,0.5,0.0,-2.8,-4.975,0.0,0.0
Trumpets__block_05__alpha256,Trumpets,5,concept__block_05__Trumpets,alpha,256,above_threshold,mad_corrected,evocative,B,X,10,10,0.0,0.0,1.0,0.5,0.0,-2.55,-4.83125,0.0,0.0
Trumpets__block_05__alpha256,Trumpets,5,concept__block_05__Trumpets,alpha,256,above_threshold,mad_corrected,neutral,B,Y,10,10,0.0,0.0,1.0,0.5,0.175,-4.4875,-5.31875,0.0,0.0
Trumpets__block_05__alpha256,Trumpets,5,concept__block_05__Trumpets,alpha,256,above_threshold,mad_corrected,evocative,B,Y,10,10,0.0,0.0,1.0,0.5,0.085,-3.95,-5.09375,0.0,0.0
Trumpets__block_06__alpha128,Trumpets,6,concept__block_06__Trumpets,alpha,128,near_threshold,mad_corrected,neutral,A,X,10,10,0.0,0.0,1.0,0.5,0.0,-2.4625,-4.1625,0.0,0.0
Trumpets__block_06__alpha128,Trumpets,6,concept__block_06__Trumpets,alpha,128,near_threshold,mad_corrected,evocative,A,X,10,10,0.0,0.0,1.0,0.5,0.0,-1.975,-4.0375,0.0,0.0
Trumpets__block_06__alpha128,Trumpets,6,concept__block_06__Trumpets,alpha,128,near_threshold,mad_corrected,neutral,A,Y,10,10,0.0,0.0,1.0,0.5,1.0,-3.9375,-2.2,0.0,0.0
Trumpets__block_06__alpha128,Trumpets,6,concept__block_06__Trumpets,alpha,128,near_threshold,mad_corrected,evocative,A,Y,10,10,0.0,0.0,1.0,0.5,0.945,-3.525,-2.2375,0.0,0.0
Trumpets__block_06__alpha128,Trumpets,6,concept__block_06__Trumpets,alpha,128,near_threshold,mad_corrected,neutral,B,X,10,10,0.0,0.0,1.0,0.5,0.0,-2.8,-4.3625,0.0,0.0
Trumpets__block_06__alpha128,Trumpets,6,concept__block_06__Trumpets,alpha,128,near_threshold,mad_corrected,evocative,B,X,10,10,0.0,0.0,1.0,0.5,0.0,-2.55,-4.3125,0.0,0.0
Trumpets__block_06__alpha128,Trumpets,6,concept__block_06__Trumpets,alpha,128,near_threshold,mad_corrected,neutral,B,Y,10,10,0.0,0.0,1.0,0.5,1.0,-4.4875,-2.65,0.0,0.0
Trumpets__block_06__alpha128,Trumpets,6,concept__block_06__Trumpets,alpha,128,near_threshold,mad_corrected,evocative,B,Y,10,10,0.0,0.0,1.0,0.5,0.905,-3.95,-2.7,0.0,0.0
Trumpets__block_06__alpha256,Trumpets,6,concept__block_06__Trumpets,alpha,256,above_threshold,mad_corrected,neutral,A,X,10,10,0.0,0.0,1.0,0.5,0.0,-2.4625,-4.2,0.0,0.0
Trumpets__block_06__alpha256,Trumpets,6,concept__block_06__Trumpets,alpha,256,above_threshold,mad_corrected,evocative,A,X,10,10,0.0,0.0,1.0,0.5,0.0,-1.975,-4.1625,0.0,0.0
Trumpets__block_06__alpha256,Trumpets,6,concept__block_06__Trumpets,alpha,256,above_threshold,mad_corrected,neutral,A,Y,10,10,0.0,0.0,1.0,0.5,1.0,-3.9375,-1.8625,0.0,0.0
Trumpets__block_06__alpha256,Trumpets,6,concept__block_06__Trumpets,alpha,256,above_threshold,mad_corrected,evocative,A,Y,10,10,0.0,0.0,1.0,0.5,1.0,-3.525,-1.8875,0.0,0.0
Trumpets__block_06__alpha256,Trumpets,6,concept__block_06__Trumpets,alpha,256,above_threshold,mad_corrected,neutral,B,X,10,10,0.0,0.0,1.0,0.5,0.0,-2.8,-4.38125,0.0,0.0
Trumpets__block_06__alpha256,Trumpets,6,concept__block_06__Trumpets,alpha,256,above_threshold,mad_corrected,evocative,B,X,10,10,0.0,0.0,1.0,0.5,0.0,-2.55,-4.4375,0.0,0.0
Trumpets__block_06__alpha256,Trumpets,6,concept__block_06__Trumpets,alpha,256,above_threshold,mad_corrected,neutral,B,Y,10,10,0.0,0.0,1.0,0.5,1.0,-4.4875,-2.2375,0.0,0.0
Trumpets__block_06__alpha256,Trumpets,6,concept__block_06__Trumpets,alpha,256,above_threshold,mad_corrected,evocative,B,Y,10,10,0.0,0.0,1.0,0.5,0.98,-3.95,-2.2125,0.0,0.0
Trumpets__block_07__alpha128,Trumpets,7,concept__block_07__Trumpets,alpha,128,near_threshold,mad_corrected,neutral,A,X,10,10,0.0,0.0,1.0,0.5,0.315,-2.4625,-2.74375,0.0,0.0
Trumpets__block_07__alpha128,Trumpets,7,concept__block_07__Trumpets,alpha,128,near_threshold,mad_corrected,evocative,A,X,10,10,0.0,0.0,1.0,0.5,0.16,-1.975,-2.88125,0.0,0.0
Trumpets__block_07__alpha128,Trumpets,7,concept__block_07__Trumpets,alpha,128,near_threshold,mad_corrected,neutral,A,Y,10,10,0.0,0.0,1.0,0.5,0.14,-3.9375,-4.95,0.0,0.0
Trumpets__block_07__alpha128,Trumpets,7,concept__block_07__Trumpets,alpha,128,near_threshold,mad_corrected,evocative,A,Y,10,10,0.0,0.0,1.0,0.5,0.08,-3.525,-5.11875,0.0,0.0
Trumpets__block_07__alpha128,Trumpets,7,concept__block_07__Trumpets,alpha,128,near_threshold,mad_corrected,neutral,B,X,10,10,0.0,0.0,1.0,0.5,0.0,-2.8,-4.6625,0.0,0.0
Trumpets__block_07__alpha128,Trumpets,7,concept__block_07__Trumpets,alpha,128,near_threshold,mad_corrected,evocative,B,X,10,10,0.0,0.0,1.0,0.5,0.0,-2.55,-4.7375,0.0,0.0
Trumpets__block_07__alpha128,Trumpets,7,concept__block_07__Trumpets,alpha,128,near_threshold,mad_corrected,neutral,B,Y,10,10,0.0,0.0,1.0,0.5,0.53,-4.4875,-4.325,0.0,0.0
Trumpets__block_07__alpha128,Trumpets,7,concept__block_07__Trumpets,alpha,128,near_threshold,mad_corrected,evocative,B,Y,10,10,0.0,0.0,1.0,0.5,0.315,-3.95,-4.3625,0.0,0.0
Trumpets__block_07__alpha256,Trumpets,7,concept__block_07__Trumpets,alpha,256,above_threshold,mad_corrected,neutral,A,X,10,10,0.0,0.0,1.0,0.5,0.34,-2.4625,-2.68125,0.0,0.0
Trumpets__block_07__alpha256,Trumpets,7,concept__block_07__Trumpets,alpha,256,above_threshold,mad_corrected,evocative,A,X,10,10,0.0,0.0,1.0,0.5,0.165,-1.975,-2.6875,0.0,0.0
Trumpets__block_07__alpha256,Trumpets,7,concept__block_07__Trumpets,alpha,256,above_threshold,mad_corrected,neutral,A,Y,10,10,0.0,0.0,1.0,0.5,0.07,-3.9375,-4.9,0.0,0.6
Trumpets__block_07__alpha256,Trumpets,7,concept__block_07__Trumpets,alpha,256,above_threshold,mad_corrected,evocative,A,Y,10,10,0.0,0.0,1.0,0.5,0.0,-3.525,-4.8375,0.0,0.6
Trumpets__block_07__alpha256,Trumpets,7,concept__block_07__Trumpets,alpha,256,above_threshold,mad_corrected,neutral,B,X,10,10,0.0,0.0,1.0,0.5,0.0,-2.8,-4.96875,0.0,0.0
Trumpets__block_07__alpha256,Trumpets,7,concept__block_07__Trumpets,alpha,256,above_threshold,mad_corrected,evocative,B,X,10,10,0.0,0.0,1.0,0.5,0.0,-2.55,-4.84375,0.0,0.0
Trumpets__block_07__alpha256,Trumpets,7,concept__block_07__Trumpets,alpha,256,above_threshold,mad_corrected,neutral,B,Y,10,10,0.0,0.0,1.0,0.5,0.475,-4.4875,-4.53125,0.0,0.0
Trumpets__block_07__alpha256,Trumpets,7,concept__block_07__Trumpets,alpha,256,above_threshold,mad_corrected,evocative,B,Y,10,10,0.0,0.0,1.0,0.5,0.42,-3.95,-4.2625,0.0,0.0
Trumpets__block_08__alpha128,Trumpets,8,concept__block_08__Trumpets,alpha,128,near_threshold,mad_corrected,neutral,A,X,10,10,0.0,0.0,1.0,0.5,0.295,-2.4625,-2.825,0.0,0.0
Trumpets__block_08__alpha128,Trumpets,8,concept__block_08__Trumpets,alpha,128,near_threshold,mad_corrected,evocative,A,X,10,10,0.0,0.0,1.0,0.5,0.09,-1.975,-2.9,0.0,0.0
Trumpets__block_08__alpha128,Trumpets,8,concept__block_08__Trumpets,alpha,128,near_threshold,mad_corrected,neutral,A,Y,10,10,0.0,0.0,1.0,0.5,0.165,-3.9375,-5.0125,0.0,0.0
Trumpets__block_08__alpha128,Trumpets,8,concept__block_08__Trumpets,alpha,128,near_threshold,mad_corrected,evocative,A,Y,10,10,0.0,0.0,1.0,0.5,0.08,-3.525,-5.1375,0.0,0.0
Trumpets__block_08__alpha128,Trumpets,8,concept__block_08__Trumpets,alpha,128,near_threshold,mad_corrected,neutral,B,X,10,10,0.0,0.0,1.0,0.5,0.01,-2.8,-3.89375,0.0,0.0
Trumpets__block_08__alpha128,Trumpets,8,concept__block_08__Trumpets,alpha,128,near_threshold,mad_corrected,evocative,B,X,10,10,0.0,0.0,1.0,0.5,0.0,-2.55,-3.775,0.0,0.0
Trumpets__block_08__alpha128,Trumpets,8,concept__block_08__Trumpets,alpha,128,near_threshold,mad_corrected,neutral,B,Y,10,10,0.0,0.0,1.0,0.5,0.48,-4.4875,-4.43125,0.0,0.0
Trumpets__block_08__alpha128,Trumpets,8,concept__block_08__Trumpets,alpha,128,near_threshold,mad_corrected,evocative,B,Y,10,10,0.0,0.0,1.0,0.5,0.29,-3.95,-4.36875,0.0,0.0
Trumpets__block_08__alpha256,Trumpets,8,concept__block_08__Trumpets,alpha,256,above_threshold,mad_corrected,neutral,A,X,10,10,0.0,0.0,1.0,0.5,0.61,-2.4625,-2.39375,0.0,0.9
Trumpets__block_08__alpha256,Trumpets,8,concept__block_08__Trumpets,alpha,256,above_threshold,mad_corrected,evocative,A,X,10,10,0.0,0.0,1.0,0.5,0.205,-1.975,-2.475,0.0,0.9
Trumpets__block_08__alpha256,Trumpets,8,concept__block_08__Trumpets,alpha,256,above_threshold,mad_corrected,neutral,A,Y,10,10,0.0,0.0,1.0,0.5,0.06,-3.9375,-5.51875,0.0,0.3
Trumpets__block_08__alpha256,Trumpets,8,concept__block_08__Trumpets,alpha,256,above_threshold,mad_corrected,evocative,A,Y,10,10,0.0,0.0,1.0,0.5,0.0,-3.525,-5.4875,0.0,0.4
Trumpets__block_08__alpha256,Trumpets,8,concept__block_08__Trumpets,alpha,256,above_threshold,mad_corrected,neutral,B,X,10,10,0.0,0.0,1.0,0.5,0.09,-2.8,-3.6125,0.0,0.7
Trumpets__block_08__alpha256,Trumpets,8,concept__block_08__Trumpets,alpha,256,above_threshold,mad_corrected,evocative,B,X,10,10,0.0,0.0,1.0,0.5,0.12,-2.55,-3.2375,0.0,0.9
Trumpets__block_08__alpha256,Trumpets,8,concept__block_08__Trumpets,alpha,256,above_threshold,mad_corrected,neutral,B,Y,10,10,0.0,0.0,1.0,0.5,0.24,-4.4875,-4.99375,0.0,0.1
Trumpets__block_08__alpha256,Trumpets,8,concept__block_08__Trumpets,alpha,256,above_threshold,mad_corrected,evocative,B,Y,10,10,0.0,0.0,1.0,0.5,0.015,-3.95,-4.94375,0.0,0.6
Trumpets__block_09__alpha128,Trumpets,9,concept__block_09__Trumpets,alpha,128,near_threshold,mad_corrected,neutral,A,X,10,10,0.0,0.0,1.0,0.5,0.0,-2.4625,-4.58125,0.0,0.0
Trumpets__block_09__alpha128,Trumpets,9,concept__block_09__Trumpets,alpha,128,near_threshold,mad_corrected,evocative,A,X,10,10,0.0,0.0,1.0,0.5,0.0,-1.975,-4.75,0.0,0.0
Trumpets__block_09__alpha128,Trumpets,9,concept__block_09__Trumpets,alpha,128,near_threshold,mad_corrected,neutral,A,Y,10,10,0.0,0.0,1.0,0.5,0.065,-3.9375,-5.575,0.0,0.0
Trumpets__block_09__alpha128,Trumpets,9,concept__block_09__Trumpets,alpha,128,near_threshold,mad_corrected,evocative,A,Y,10,10,0.0,0.0,1.0,0.5,0.01,-3.525,-5.50625,0.0,0.0
Trumpets__block_09__alpha128,Trumpets,9,concept__block_09__Trumpets,alpha,128,near_threshold,mad_corrected,neutral,B,X,10,10,0.0,0.0,1.0,0.5,0.0,-2.8,-5.2125,0.0,0.0
Trumpets__block_09__alpha128,Trumpets,9,concept__block_09__Trumpets,alpha,128,near_threshold,mad_corrected,evocative,B,X,10,10,0.0,0.0,1.0,0.5,0.0,-2.55,-5.425,0.0,0.0
Trumpets__block_09__alpha128,Trumpets,9,concept__block_09__Trumpets,alpha,128,near_threshold,mad_corrected,neutral,B,Y,10,10,0.0,0.0,1.0,0.5,0.2,-4.4875,-5.2625,0.0,0.0
Trumpets__block_09__alpha128,Trumpets,9,concept__block_09__Trumpets,alpha,128,near_threshold,mad_corrected,evocative,B,Y,10,10,0.0,0.0,1.0,0.5,0.065,-3.95,-5.125,0.0,0.0
Trumpets__block_09__alpha256,Trumpets,9,concept__block_09__Trumpets,alpha,256,above_threshold,mad_corrected,neutral,A,X,10,10,0.0,0.0,1.0,0.5,0.0,-2.4625,-4.21875,0.0,0.7
Trumpets__block_09__alpha256,Trumpets,9,concept__block_09__Trumpets,alpha,256,above_threshold,mad_corrected,evocative,A,X,10,10,0.0,0.0,1.0,0.5,0.0,-1.975,-4.35,0.0,0.8
Trumpets__block_09__alpha256,Trumpets,9,concept__block_09__Trumpets,alpha,256,above_threshold,mad_corrected,neutral,A,Y,10,10,0.0,0.0,1.0,0.5,0.01,-3.9375,-5.578125,0.0,0.4
Trumpets__block_09__alpha256,Trumpets,9,concept__block_09__Trumpets,alpha,256,above_threshold,mad_corrected,evocative,A,Y,10,10,0.0,0.0,1.0,0.5,0.0,-3.525,-5.4375,0.0,0.5
Trumpets__block_09__alpha256,Trumpets,9,concept__block_09__Trumpets,alpha,256,above_threshold,mad_corrected,neutral,B,X,10,10,0.0,0.0,1.0,0.5,0.0,-2.8,-4.675,0.0,0.3
Trumpets__block_09__alpha256,Trumpets,9,concept__block_09__Trumpets,alpha,256,above_threshold,mad_corrected,evocative,B,X,10,10,0.0,0.0,1.0,0.5,0.0,-2.55,-4.775,0.0,0.1
Trumpets__block_09__alpha256,Trumpets,9,concept__block_09__Trumpets,alpha,256,above_threshold,mad_corrected,neutral,B,Y,10,10,0.0,0.0,1.0,0.5,0.16,-4.4875,-5.38125,0.0,0.1
Trumpets__block_09__alpha256,Trumpets,9,concept__block_09__Trumpets,alpha,256,above_threshold,mad_corrected,evocative,B,Y,10,10,0.0,0.0,1.0,0.5,0.0,-3.95,-5.33125,0.0,0.2
Trumpets__block_10__alpha128,Trumpets,10,concept__block_10__Trumpets,alpha,128,near_threshold,mad_corrected,neutral,A,X,10,10,0.0,0.0,1.0,0.5,0.0,-2.4625,-5.375,0.0,0.4
Trumpets__block_10__alpha128,Trumpets,10,concept__block_10__Trumpets,alpha,128,near_threshold,mad_corrected,evocative,A,X,10,10,0.0,0.0,1.0,0.5,0.0,-1.975,-5.19375,0.0,0.5
Trumpets__block_10__alpha128,Trumpets,10,concept__block_10__Trumpets,alpha,128,near_threshold,mad_corrected,neutral,A,Y,10,10,0.0,0.0,1.0,0.5,0.0,-3.9375,-6.925,0.0,0.2
Trumpets__block_10__alpha128,Trumpets,10,concept__block_10__Trumpets,alpha,128,near_threshold,mad_corrected,evocative,A,Y,10,10,0.0,0.0,1.0,0.5,0.0,-3.525,-6.84375,0.0,0.1
Trumpets__block_10__alpha128,Trumpets,10,concept__block_10__Trumpets,alpha,128,near_threshold,mad_corrected,neutral,B,X,10,10,0.0,0.0,1.0,0.5,0.0,-2.8,-6.1375,0.0,0.1
Trumpets__block_10__alpha128,Trumpets,10,concept__block_10__Trumpets,alpha,128,near_threshold,mad_corrected,evocative,B,X,10,10,0.0,0.0,1.0,0.5,0.0,-2.55,-6.05625,0.0,0.0
Trumpets__block_10__alpha128,Trumpets,10,concept__block_10__Trumpets,alpha,128,near_threshold,mad_corrected,neutral,B,Y,10,10,0.0,0.0,1.0,0.5,0.03,-4.4875,-6.06875,0.0,0.0
Trumpets__block_10__alpha128,Trumpets,10,concept__block_10__Trumpets,alpha,128,near_threshold,mad_corrected,evocative,B,Y,10,10,0.0,0.0,1.0,0.5,0.0,-3.95,-5.7625,0.0,0.0
Trumpets__block_10__alpha256,Trumpets,10,concept__block_10__Trumpets,alpha,256,above_threshold,mad_corrected,neutral,A,X,10,10,0.0,0.0,1.0,0.5,0.0,-2.4625,-4.64375,0.0,1.0
Trumpets__block_10__alpha256,Trumpets,10,concept__block_10__Trumpets,alpha,256,above_threshold,mad_corrected,evocative,A,X,10,10,0.0,0.0,1.0,0.5,0.0,-1.975,-4.43125,0.0,1.0
Trumpets__block_10__alpha256,Trumpets,10,concept__block_10__Trumpets,alpha,256,above_threshold,mad_corrected,neutral,A,Y,10,10,0.0,0.0,1.0,0.5,0.0,-3.9375,-6.78125,0.0,0.8
Trumpets__block_10__alpha256,Trumpets,10,concept__block_10__Trumpets,alpha,256,above_threshold,mad_corrected,evocative,A,Y,10,10,0.0,0.0,1.0,0.5,0.0,-3.525,-6.74375,0.0,0.8
Trumpets__block_10__alpha256,Trumpets,10,concept__block_10__Trumpets,alpha,256,above_threshold,mad_corrected,neutral,B,X,10,10,0.0,0.0,1.0,0.5,0.0,-2.8,-5.35625,0.0,1.0
Trumpets__block_10__alpha256,Trumpets,10,concept__block_10__Trumpets,alpha,256,above_threshold,mad_corrected,evocative,B,X,10,10,0.0,0.0,1.0,0.5,0.0,-2.55,-5.24375,0.0,1.0
Trumpets__block_10__alpha256,Trumpets,10,concept__block_10__Trumpets,alpha,256,above_threshold,mad_corrected,neutral,B,Y,10,10,0.0,0.0,1.0,0.5,0.01,-4.4875,-6.28125,0.0,0.7
Trumpets__block_10__alpha256,Trumpets,10,concept__block_10__Trumpets,alpha,256,above_threshold,mad_corrected,evocative,B,Y,10,10,0.0,0.0,1.0,0.5,0.0,-3.95,-6.08125,0.0,0.8
Trumpets__block_11__alpha128,Trumpets,11,concept__block_11__Trumpets,alpha,128,near_threshold,mad_corrected,neutral,A,X,10,10,0.0,0.0,1.0,0.5,0.0,-2.4625,-4.2875,0.0,0.8
Trumpets__block_11__alpha128,Trumpets,11,concept__block_11__Trumpets,alpha,128,near_threshold,mad_corrected,evocative,A,X,10,10,0.0,0.0,1.0,0.5,0.0,-1.975,-4.13125,0.0,0.6
Trumpets__block_11__alpha128,Trumpets,11,concept__block_11__Trumpets,alpha,128,near_threshold,mad_corrected,neutral,A,Y,10,10,0.0,0.0,1.0,0.5,1.0,-3.9375,-0.84375,0.0,0.8
Trumpets__block_11__alpha128,Trumpets,11,concept__block_11__Trumpets,alpha,128,near_threshold,mad_corrected,evocative,A,Y,10,10,0.0,0.1,1.0,0.55,1.0,-3.525,-0.25,0.0,0.8
Trumpets__block_11__alpha128,Trumpets,11,concept__block_11__Trumpets,alpha,128,near_threshold,mad_corrected,neutral,B,X,10,10,0.0,0.0,1.0,0.5,0.0,-2.8,-5.0375,0.0,0.1
Trumpets__block_11__alpha128,Trumpets,11,concept__block_11__Trumpets,alpha,128,near_threshold,mad_corrected,evocative,B,X,10,10,0.0,0.0,1.0,0.5,0.0,-2.55,-5.03125,0.0,0.0
Trumpets__block_11__alpha128,Trumpets,11,concept__block_11__Trumpets,alpha,128,near_threshold,mad_corrected,neutral,B,Y,10,10,0.0,0.2,1.0,0.6,1.0,-4.4875,0.7625,0.0,0.6
Trumpets__block_11__alpha128,Trumpets,11,concept__block_11__Trumpets,alpha,128,near_threshold,mad_corrected,evocative,B,Y,10,10,0.0,0.6,1.0,0.8,1.0,-3.95,1.8875,0.0,0.3
Trumpets__block_11__alpha256,Trumpets,11,concept__block_11__Trumpets,alpha,256,above_threshold,mad_corrected,neutral,A,X,10,10,0.0,0.0,1.0,0.5,0.0,-2.4625,-3.9875,0.0,1.0
Trumpets__block_11__alpha256,Trumpets,11,concept__block_11__Trumpets,alpha,256,above_threshold,mad_corrected,evocative,A,X,10,10,0.0,0.0,1.0,0.5,0.0,-1.975,-3.69375,0.0,1.0
Trumpets__block_11__alpha256,Trumpets,11,concept__block_11__Trumpets,alpha,256,above_threshold,mad_corrected,neutral,A,Y,10,10,0.0,0.0,1.0,0.5,1.0,-3.9375,-1.1375,0.0,1.0
Trumpets__block_11__alpha256,Trumpets,11,concept__block_11__Trumpets,alpha,256,above_threshold,mad_corrected,evocative,A,Y,10,10,0.0,0.0,1.0,0.5,1.0,-3.525,-0.7375,0.0,1.0
Trumpets__block_11__alpha256,Trumpets,11,concept__block_11__Trumpets,alpha,256,above_threshold,mad_corrected,neutral,B,X,10,10,0.0,0.0,1.0,0.5,0.0,-2.8,-5.025,0.0,0.7
Trumpets__block_11__alpha256,Trumpets,11,concept__block_11__Trumpets,alpha,256,above_threshold,mad_corrected,evocative,B,X,10,10,0.0,0.0,1.0,0.5,0.0,-2.55,-4.975,0.0,0.7
Trumpets__block_11__alpha256,Trumpets,11,concept__block_11__Trumpets,alpha,256,above_threshold,mad_corrected,neutral,B,Y,10,10,0.0,0.0,1.0,0.5,1.0,-4.4875,1.08125,0.0,1.0
Trumpets__block_11__alpha256,Trumpets,11,concept__block_11__Trumpets,alpha,256,above_threshold,mad_corrected,evocative,B,Y,10,10,0.0,0.0,1.0,0.5,1.0,-3.95,2.1,0.0,1.0
Trumpets__block_12__alpha128,Trumpets,12,concept__block_12__Trumpets,alpha,128,near_threshold,mad_corrected,neutral,A,X,10,10,0.0,0.0,1.0,0.5,0.0,-2.4625,-4.925,0.0,0.0
Trumpets__block_12__alpha128,Trumpets,12,concept__block_12__Trumpets,alpha,128,near_threshold,mad_corrected,evocative,A,X,10,10,0.0,0.0,1.0,0.5,0.0,-1.975,-4.7625,0.0,0.0
Trumpets__block_12__alpha128,Trumpets,12,concept__block_12__Trumpets,alpha,128,near_threshold,mad_corrected,neutral,A,Y,10,10,0.0,0.0,1.0,0.5,0.91,-3.9375,-2.8625,0.0,0.0
Trumpets__block_12__alpha128,Trumpets,12,concept__block_12__Trumpets,alpha,128,near_threshold,mad_corrected,evocative,A,Y,10,10,0.0,0.0,1.0,0.5,0.88,-3.525,-2.3875,0.0,0.0
Trumpets__block_12__alpha128,Trumpets,12,concept__block_12__Trumpets,alpha,128,near_threshold,mad_corrected,neutral,B,X,10,10,0.0,0.0,1.0,0.5,0.0,-2.8,-4.975,0.0,0.0
Trumpets__block_12__alpha128,Trumpets,12,concept__block_12__Trumpets,alpha,128,near_threshold,mad_corrected,evocative,B,X,10,10,0.0,0.0,1.0,0.5,0.0,-2.55,-4.925,0.0,0.0
Trumpets__block_12__alpha128,Trumpets,12,concept__block_12__Trumpets,alpha,128,near_threshold,mad_corrected,neutral,B,Y,10,10,0.0,0.0,1.0,0.5,1.0,-4.4875,-2.2,0.0,0.0
Trumpets__block_12__alpha128,Trumpets,12,concept__block_12__Trumpets,alpha,128,near_threshold,mad_corrected,evocative,B,Y,10,10,0.0,0.0,1.0,0.5,0.98,-3.95,-1.6125,0.0,0.0
Trumpets__block_12__alpha256,Trumpets,12,concept__block_12__Trumpets,alpha,256,above_threshold,mad_corrected,neutral,A,X,10,10,0.0,0.0,1.0,0.5,0.0,-2.4625,-5.76875,0.0,0.0
Trumpets__block_12__alpha256,Trumpets,12,concept__block_12__Trumpets,alpha,256,above_threshold,mad_corrected,evocative,A,X,10,10,0.0,0.0,1.0,0.5,0.0,-1.975,-5.5875,0.0,0.0
Trumpets__block_12__alpha256,Trumpets,12,concept__block_12__Trumpets,alpha,256,above_threshold,mad_corrected,neutral,A,Y,10,10,0.0,0.0,1.0,0.5,0.745,-3.9375,-3.26875,0.0,0.1
Trumpets__block_12__alpha256,Trumpets,12,concept__block_12__Trumpets,alpha,256,above_threshold,mad_corrected,evocative,A,Y,10,10,0.0,0.0,1.0,0.5,0.755,-3.525,-2.9625,0.0,0.0
Trumpets__block_12__alpha256,Trumpets,12,concept__block_12__Trumpets,alpha,256,above_threshold,mad_corrected,neutral,B,X,10,10,0.0,0.0,1.0,0.5,0.0,-2.8,-5.575,0.0,0.0
Trumpets__block_12__alpha256,Trumpets,12,concept__block_12__Trumpets,alpha,256,above_threshold,mad_corrected,evocative,B,X,10,10,0.0,0.0,1.0,0.5,0.0,-2.55,-5.65625,0.0,0.0
Trumpets__block_12__alpha256,Trumpets,12,concept__block_12__Trumpets,alpha,256,above_threshold,mad_corrected,neutral,B,Y,10,10,0.0,0.0,1.0,0.5,1.0,-4.4875,-2.175,0.0,0.1
Trumpets__block_12__alpha256,Trumpets,12,concept__block_12__Trumpets,alpha,256,above_threshold,mad_corrected,evocative,B,Y,10,10,0.0,0.1,1.0,0.55,0.97,-3.95,-1.39375,0.0,0.1
Trumpets__block_13__alpha128,Trumpets,13,concept__block_13__Trumpets,alpha,128,near_threshold,mad_corrected,neutral,A,X,10,10,0.0,0.0,1.0,0.5,0.555,-2.4625,-2.4625,0.0,0.0
Trumpets__block_13__alpha128,Trumpets,13,concept__block_13__Trumpets,alpha,128,near_threshold,mad_corrected,evocative,A,X,10,10,0.0,0.0,1.0,0.5,0.35,-1.975,-2.2375,0.0,0.0
Trumpets__block_13__alpha128,Trumpets,13,concept__block_13__Trumpets,alpha,128,near_threshold,mad_corrected,neutral,A,Y,10,10,0.0,0.1,1.0,0.55,1.0,-3.9375,-0.4625,0.0,0.3
Trumpets__block_13__alpha128,Trumpets,13,concept__block_13__Trumpets,alpha,128,near_threshold,mad_corrected,evocative,A,Y,10,10,0.0,0.3,1.0,0.65,1.0,-3.525,0.08125,0.0,0.5
Trumpets__block_13__alpha128,Trumpets,13,concept__block_13__Trumpets,alpha,128,near_threshold,mad_corrected,neutral,B,X,10,10,0.0,0.0,1.0,0.5,0.45,-2.8,-2.9,0.0,0.0
Trumpets__block_13__alpha128,Trumpets,13,concept__block_13__Trumpets,alpha,128,near_threshold,mad_corrected,evocative,B,X,10,10,0.0,0.0,1.0,0.5,0.33,-2.55,-2.95625,0.0,0.0
Trumpets__block_13__alpha128,Trumpets,13,concept__block_13__Trumpets,alpha,128,near_threshold,mad_corrected,neutral,B,Y,10,10,0.0,0.0,1.0,0.5,1.0,-4.4875,-0.38125,0.0,0.5
Trumpets__block_13__alpha128,Trumpets,13,concept__block_13__Trumpets,alpha,128,near_threshold,mad_corrected,evocative,B,Y,10,10,0.0,0.3,1.0,0.65,1.0,-3.95,0.35625,0.0,0.5
Trumpets__block_13__alpha256,Trumpets,13,concept__block_13__Trumpets,alpha,256,above_threshold,mad_corrected,neutral,A,X,10,10,0.0,0.0,1.0,0.5,0.08,-2.4625,-3.475,0.0,0.0
Trumpets__block_13__alpha256,Trumpets,13,concept__block_13__Trumpets,alpha,256,above_threshold,mad_corrected,evocative,A,X,10,10,0.0,0.0,1.0,0.5,0.0,-1.975,-3.3875,0.0,0.0
Trumpets__block_13__alpha256,Trumpets,13,concept__block_13__Trumpets,alpha,256,above_threshold,mad_corrected,neutral,A,Y,10,10,0.0,0.2,1.0,0.6,1.0,-3.9375,0.625,0.0,0.6
Trumpets__block_13__alpha256,Trumpets,13,concept__block_13__Trumpets,alpha,256,above_threshold,mad_corrected,evocative,A,Y,10,10,0.0,0.3,1.0,0.65,1.0,-3.525,1.075,0.0,0.6
Trumpets__block_13__alpha256,Trumpets,13,concept__block_13__Trumpets,alpha,256,above_threshold,mad_corrected,neutral,B,X,10,10,0.0,0.0,1.0,0.5,0.005,-2.8,-4.25625,0.0,0.0
Trumpets__block_13__alpha256,Trumpets,13,concept__block_13__Trumpets,alpha,256,above_threshold,mad_corrected,evocative,B,X,10,10,0.0,0.0,1.0,0.5,0.0,-2.55,-4.25,0.0,0.0
Trumpets__block_13__alpha256,Trumpets,13,concept__block_13__Trumpets,alpha,256,above_threshold,mad_corrected,neutral,B,Y,10,10,0.0,0.1,1.0,0.55,1.0,-4.4875,0.96875,0.0,0.9
Trumpets__block_13__alpha256,Trumpets,13,concept__block_13__Trumpets,alpha,256,above_threshold,mad_corrected,evocative,B,Y,10,10,0.0,0.1,1.0,0.55,1.0,-3.95,1.6625,0.0,0.9
appreciation__block_00__alpha128,appreciation,0,concept__block_00__appreciation,alpha,128,near_threshold,mad_corrected,neutral,A,X,10,10,0.0,0.3,1.0,0.65,1.0,-2.35,1.0625,0.0,0.7
appreciation__block_00__alpha128,appreciation,0,concept__block_00__appreciation,alpha,128,near_threshold,mad_corrected,evocative,A,X,10,10,0.0,0.2,1.0,0.6,1.0,-2.2125,1.05,0.0,0.8
appreciation__block_00__alpha128,appreciation,0,concept__block_00__appreciation,alpha,128,near_threshold,mad_corrected,neutral,A,Y,10,10,0.0,0.0,1.0,0.5,1.0,-3.75,-1.45625,0.0,0.8
appreciation__block_00__alpha128,appreciation,0,concept__block_00__appreciation,alpha,128,near_threshold,mad_corrected,evocative,A,Y,10,10,0.0,0.0,1.0,0.5,1.0,-3.05,-1.4375,0.0,0.7
appreciation__block_00__alpha128,appreciation,0,concept__block_00__appreciation,alpha,128,near_threshold,mad_corrected,neutral,B,X,10,10,0.0,0.0,1.0,0.5,1.0,-2.5625,1.125,0.0,1.0
appreciation__block_00__alpha128,appreciation,0,concept__block_00__appreciation,alpha,128,near_threshold,mad_corrected,evocative,B,X,10,10,0.0,0.0,1.0,0.5,1.0,-2.4,1.13125,0.0,1.0
appreciation__block_00__alpha128,appreciation,0,concept__block_00__appreciation,alpha,128,near_threshold,mad_corrected,neutral,B,Y,10,10,0.0,0.0,1.0,0.5,1.0,-3.8375,-2.08125,0.0,1.0
appreciation__block_00__alpha128,appreciation,0,concept__block_00__appreciation,alpha,128,near_threshold,mad_corrected,evocative,B,Y,10,10,0.0,0.0,1.0,0.5,1.0,-3.2875,-2.21875,0.0,1.0
appreciation__block_00__alpha256,appreciation,0,concept__block_00__appreciation,alpha,256,above_threshold,mad_corrected,neutral,A,X,10,10,0.0,0.1,1.0,0.55,1.0,-2.35,1.1875,0.0,0.9
appreciation__block_00__alpha256,appreciation,0,concept__block_00__appreciation,alpha,256,above_threshold,mad_corrected,evocative,A,X,10,10,0.0,0.0,1.0,0.5,1.0,-2.2125,1.0875,0.0,1.0
appreciation__block_00__alpha256,appreciation,0,concept__block_00__appreciation,alpha,256,above_threshold,mad_corrected,neutral,A,Y,10,10,0.0,0.0,1.0,0.5,1.0,-3.75,-1.4,0.0,0.8
appreciation__block_00__alpha256,appreciation,0,concept__block_00__appreciation,alpha,256,above_threshold,mad_corrected,evocative,A,Y,10,10,0.0,0.0,1.0,0.5,1.0,-3.05,-1.3125,0.0,0.9
appreciation__block_00__alpha256,appreciation,0,concept__block_00__appreciation,alpha,256,above_threshold,mad_corrected,neutral,B,X,10,10,0.0,0.0,1.0,0.5,1.0,-2.5625,1.05625,0.0,1.0
appreciation__block_00__alpha256,appreciation,0,concept__block_00__appreciation,alpha,256,above_threshold,mad_corrected,evocative,B,X,10,10,0.0,0.0,1.0,0.5,1.0,-2.4,0.96875,0.0,1.0
appreciation__block_00__alpha256,appreciation,0,concept__block_00__appreciation,alpha,256,above_threshold,mad_corrected,neutral,B,Y,10,10,0.0,0.0,1.0,0.5,1.0,-3.8375,-1.95,0.0,1.0
appreciation__block_00__alpha256,appreciation,0,concept__block_00__appreciation,alpha,256,above_threshold,mad_corrected,evocative,B,Y,10,10,0.0,0.0,1.0,0.5,0.99,-3.2875,-1.875,0.0,1.0
appreciation__block_01__alpha128,appreciation,1,concept__block_01__appreciation,alpha,128,near_threshold,mad_corrected,neutral,A,X,10,10,0.0,0.0,1.0,0.5,0.0,-2.35,-4.1,0.0,0.0
appreciation__block_01__alpha128,appreciation,1,concept__block_01__appreciation,alpha,128,near_threshold,mad_corrected,evocative,A,X,10,10,0.0,0.0,1.0,0.5,0.0,-2.2125,-4.0375,0.0,0.0
appreciation__block_01__alpha128,appreciation,1,concept__block_01__appreciation,alpha,128,near_threshold,mad_corrected,neutral,A,Y,10,10,0.0,0.0,1.0,0.5,0.775,-3.75,-3.3,0.0,0.0
appreciation__block_01__alpha128,appreciation,1,concept__block_01__appreciation,alpha,128,near_threshold,mad_corrected,evocative,A,Y,10,10,0.0,0.0,1.0,0.5,0.385,-3.05,-3.25,0.0,0.0
appreciation__block_01__alpha128,appreciation,1,concept__block_01__appreciation,alpha,128,near_threshold,mad_corrected,neutral,B,X,10,10,0.0,0.0,1.0,0.5,0.27,-2.5625,-2.8,0.0,0.0
appreciation__block_01__alpha128,appreciation,1,concept__block_01__appreciation,alpha,128,near_threshold,mad_corrected,evocative,B,X,10,10,0.0,0.0,1.0,0.5,0.135,-2.4,-2.725,0.0,0.0
appreciation__block_01__alpha128,appreciation,1,concept__block_01__appreciation,alpha,128,near_threshold,mad_corrected,neutral,B,Y,10,10,0.0,0.0,1.0,0.5,0.51,-3.8375,-3.7625,0.0,0.0
appreciation__block_01__alpha128,appreciation,1,concept__block_01__appreciation,alpha,128,near_threshold,mad_corrected,evocative,B,Y,10,10,0.0,0.0,1.0,0.5,0.295,-3.2875,-3.575,0.0,0.0
appreciation__block_01__alpha256,appreciation,1,concept__block_01__appreciation,alpha,256,above_threshold,mad_corrected,neutral,A,X,10,10,0.0,0.0,1.0,0.5,0.0,-2.35,-4.0375,0.0,0.0
appreciation__block_01__alpha256,appreciation,1,concept__block_01__appreciation,alpha,256,above_threshold,mad_corrected,evocative,A,X,10,10,0.0,0.0,1.0,0.5,0.0,-2.2125,-3.9375,0.0,0.0
appreciation__block_01__alpha256,appreciation,1,concept__block_01__appreciation,alpha,256,above_threshold,mad_corrected,neutral,A,Y,10,10,0.0,0.0,1.0,0.5,0.6,-3.75,-3.5875,0.0,0.0
appreciation__block_01__alpha256,appreciation,1,concept__block_01__appreciation,alpha,256,above_threshold,mad_corrected,evocative,A,Y,10,10,0.0,0.0,1.0,0.5,0.265,-3.05,-3.35,0.0,0.0
appreciation__block_01__alpha256,appreciation,1,concept__block_01__appreciation,alpha,256,above_threshold,mad_corrected,neutral,B,X,10,10,0.0,0.0,1.0,0.5,0.375,-2.5625,-2.6875,0.0,0.0
appreciation__block_01__alpha256,appreciation,1,concept__block_01__appreciation,alpha,256,above_threshold,mad_corrected,evocative,B,X,10,10,0.0,0.0,1.0,0.5,0.28,-2.4,-2.6,0.0,0.0
appreciation__block_01__alpha256,appreciation,1,concept__block_01__appreciation,alpha,256,above_threshold,mad_corrected,neutral,B,Y,10,10,0.0,0.0,1.0,0.5,0.26,-3.8375,-4.125,0.0,0.0
appreciation__block_01__alpha256,appreciation,1,concept__block_01__appreciation,alpha,256,above_threshold,mad_corrected,evocative,B,Y,10,10,0.0,0.0,1.0,0.5,0.085,-3.2875,-4.025,0.0,0.0
appreciation__block_02__alpha128,appreciation,2,concept__block_02__appreciation,alpha,128,near_threshold,mad_corrected,neutral,A,X,10,10,0.0,0.0,1.0,0.5,0.0,-2.35,-4.7,0.0,0.0
appreciation__block_02__alpha128,appreciation,2,concept__block_02__appreciation,alpha,128,near_threshold,mad_corrected,evocative,A,X,10,10,0.0,0.0,1.0,0.5,0.0,-2.2125,-4.625,0.0,0.0
appreciation__block_02__alpha128,appreciation,2,concept__block_02__appreciation,alpha,128,near_threshold,mad_corrected,neutral,A,Y,10,10,0.0,0.0,1.0,0.5,0.175,-3.75,-4.425,0.0,0.0
appreciation__block_02__alpha128,appreciation,2,concept__block_02__appreciation,alpha,128,near_threshold,mad_corrected,evocative,A,Y,10,10,0.0,0.0,1.0,0.5,0.07,-3.05,-4.1125,0.0,0.0
appreciation__block_02__alpha128,appreciation,2,concept__block_02__appreciation,alpha,128,near_threshold,mad_corrected,neutral,B,X,10,10,0.0,0.0,1.0,0.5,0.11,-2.5625,-3.0125,0.0,0.0
appreciation__block_02__alpha128,appreciation,2,concept__block_02__appreciation,alpha,128,near_threshold,mad_corrected,evocative,B,X,10,10,0.0,0.0,1.0,0.5,0.01,-2.4,-3.0,0.0,0.0
appreciation__block_02__alpha128,appreciation,2,concept__block_02__appreciation,alpha,128,near_threshold,mad_corrected,neutral,B,Y,10,10,0.0,0.0,1.0,0.5,0.14,-3.8375,-4.375,0.0,0.0
appreciation__block_02__alpha128,appreciation,2,concept__block_02__appreciation,alpha,128,near_threshold,mad_corrected,evocative,B,Y,10,10,0.0,0.0,1.0,0.5,0.035,-3.2875,-4.4,0.0,0.0
appreciation__block_02__alpha256,appreciation,2,concept__block_02__appreciation,alpha,256,above_threshold,mad_corrected,neutral,A,X,10,10,0.0,0.0,1.0,0.5,0.0,-2.35,-4.7125,0.0,0.0
appreciation__block_02__alpha256,appreciation,2,concept__block_02__appreciation,alpha,256,above_threshold,mad_corrected,evocative,A,X,10,10,0.0,0.0,1.0,0.5,0.0,-2.2125,-4.6125,0.0,0.0
appreciation__block_02__alpha256,appreciation,2,concept__block_02__appreciation,alpha,256,above_threshold,mad_corrected,neutral,A,Y,10,10,0.0,0.0,1.0,0.5,0.045,-3.75,-4.8375,0.0,0.0
appreciation__block_02__alpha256,appreciation,2,concept__block_02__appreciation,alpha,256,above_threshold,mad_corrected,evocative,A,Y,10,10,0.0,0.0,1.0,0.5,0.0,-3.05,-4.5625,0.0,0.0
appreciation__block_02__alpha256,appreciation,2,concept__block_02__appreciation,alpha,256,above_threshold,mad_corrected,neutral,B,X,10,10,0.0,0.0,1.0,0.5,0.135,-2.5625,-3.0,0.0,0.0
appreciation__block_02__alpha256,appreciation,2,concept__block_02__appreciation,alpha,256,above_threshold,mad_corrected,evocative,B,X,10,10,0.0,0.0,1.0,0.5,0.055,-2.4,-2.8875,0.0,0.0
appreciation__block_02__alpha256,appreciation,2,concept__block_02__appreciation,alpha,256,above_threshold,mad_corrected,neutral,B,Y,10,10,0.0,0.0,1.0,0.5,0.045,-3.8375,-4.975,0.0,0.0
appreciation__block_02__alpha256,appreciation,2,concept__block_02__appreciation,alpha,256,above_threshold,mad_corrected,evocative,B,Y,10,10,0.0,0.0,1.0,0.5,0.005,-3.2875,-4.8375,0.0,0.0
appreciation__block_03__alpha128,appreciation,3,concept__block_03__appreciation,alpha,128,near_threshold,mad_corrected,neutral,A,X,10,10,0.0,0.0,1.0,0.5,0.0,-2.35,-4.425,0.0,0.0
appreciation__block_03__alpha128,appreciation,3,concept__block_03__appreciation,alpha,128,near_threshold,mad_corrected,evocative,A,X,10,10,0.0,0.0,1.0,0.5,0.0,-2.2125,-4.5125,0.0,0.0
appreciation__block_03__alpha128,appreciation,3,concept__block_03__appreciation,alpha,128,near_threshold,mad_corrected,neutral,A,Y,10,10,0.0,0.0,1.0,0.5,0.42,-3.75,-4.0375,0.0,0.0
appreciation__block_03__alpha128,appreciation,3,concept__block_03__appreciation,alpha,128,near_threshold,mad_corrected,evocative,A,Y,10,10,0.0,0.0,1.0,0.5,0.015,-3.05,-4.225,0.0,0.0
appreciation__block_03__alpha128,appreciation,3,concept__block_03__appreciation,alpha,128,near_threshold,mad_corrected,neutral,B,X,10,10,0.0,0.0,1.0,0.5,0.0,-2.5625,-3.5375,0.0,0.0
appreciation__block_03__alpha128,appreciation,3,concept__block_03__appreciation,alpha,128,near_threshold,mad_corrected,evocative,B,X,10,10,0.0,0.0,1.0,0.5,0.0,-2.4,-3.6,0.0,0.0
appreciation__block_03__alpha128,appreciation,3,concept__block_03__appreciation,alpha,128,near_threshold,mad_corrected,neutral,B,Y,10,10,0.0,0.0,1.0,0.5,0.235,-3.8375,-4.175,0.0,0.0
appreciation__block_03__alpha128,appreciation,3,concept__block_03__appreciation,alpha,128,near_threshold,mad_corrected,evocative,B,Y,10,10,0.0,0.0,1.0,0.5,0.02,-3.2875,-4.2875,0.0,0.0
appreciation__block_03__alpha256,appreciation,3,concept__block_03__appreciation,alpha,256,above_threshold,mad_corrected,neutral,A,X,10,10,0.0,0.0,1.0,0.5,0.0,-2.35,-4.4625,0.0,0.0
appreciation__block_03__alpha256,appreciation,3,concept__block_03__appreciation,alpha,256,above_threshold,mad_corrected,evocative,A,X,10,10,0.0,0.0,1.0,0.5,0.0,-2.2125,-4.5375,0.0,0.0
appreciation__block_03__alpha256,appreciation,3,concept__block_03__appreciation,alpha,256,above_threshold,mad_corrected,neutral,A,Y,10,10,0.0,0.0,1.0,0.5,0.1,-3.75,-4.625,0.0,0.0
appreciation__block_03__alpha256,appreciation,3,concept__block_03__appreciation,alpha,256,above_threshold,mad_corrected,evocative,A,Y,10,10,0.0,0.0,1.0,0.5,0.0,-3.05,-4.8375,0.0,0.0
appreciation__block_03__alpha256,appreciation,3,concept__block_03__appreciation,alpha,256,above_threshold,mad_corrected,neutral,B,X,10,10,0.0,0.0,1.0,0.5,0.0,-2.5625,-3.55,0.0,0.0
appreciation__block_03__alpha256,appreciation,3,concept__block_03__appreciation,alpha,256,above_threshold,mad_corrected,evocative,B,X,10,10,0.0,0.0,1.0,0.5,0.0,-2.4,-3.6125,0.0,0.0
appreciation__block_03__alpha256,appreciation,3,concept__block_03__appreciation,alpha,256,above_threshold,mad_corrected,neutral,B,Y,10,10,0.0,0.0,1.0,0.5,0.07,-3.8375,-4.7,0.0,0.0
appreciation__block_03__alpha256,appreciation,3,concept__block_03__appreciation,alpha,256,above_threshold,mad_corrected,evocative,B,Y,10,10,0.0,0.0,1.0,0.5,0.0,-3.2875,-4.825,0.0,0.0
appreciation__block_04__alpha128,appreciation,4,concept__block_04__appreciation,alpha,128,near_threshold,mad_corrected,neutral,A,X,10,10,0.0,0.0,1.0,0.5,0.005,-2.35,-3.4375,0.0,0.0
appreciation__block_04__alpha128,appreciation,4,concept__block_04__appreciation,alpha,128,near_threshold,mad_corrected,evocative,A,X,10,10,0.0,0.0,1.0,0.5,0.0,-2.2125,-3.4875,0.0,0.0
appreciation__block_04__alpha128,appreciation,4,concept__block_04__appreciation,alpha,128,near_threshold,mad_corrected,neutral,A,Y,10,10,0.0,0.0,1.0,0.5,0.505,-3.75,-3.775,0.0,0.0
appreciation__block_04__alpha128,appreciation,4,concept__block_04__appreciation,alpha,128,near_threshold,mad_corrected,evocative,A,Y,10,10,0.0,0.0,1.0,0.5,0.14,-3.05,-3.9,0.0,0.0
appreciation__block_04__alpha128,appreciation,4,concept__block_04__appreciation,alpha,128,near_threshold,mad_corrected,neutral,B,X,10,10,0.0,0.0,1.0,0.5,0.355,-2.5625,-2.7,0.0,0.0
appreciation__block_04__alpha128,appreciation,4,concept__block_04__appreciation,alpha,128,near_threshold,mad_corrected,evocative,B,X,10,10,0.0,0.0,1.0,0.5,0.105,-2.4,-2.8125,0.0,0.0
appreciation__block_04__alpha128,appreciation,4,concept__block_04__appreciation,alpha,128,near_threshold,mad_corrected,neutral,B,Y,10,10,0.0,0.0,1.0,0.5,0.315,-3.8375,-3.9875,0.0,0.0
appreciation__block_04__alpha128,appreciation,4,concept__block_04__appreciation,alpha,128,near_threshold,mad_corrected,evocative,B,Y,10,10,0.0,0.0,1.0,0.5,0.05,-3.2875,-4.1375,0.0,0.0
appreciation__block_04__alpha256,appreciation,4,concept__block_04__appreciation,alpha,256,above_threshold,mad_corrected,neutral,A,X,10,10,0.0,0.0,1.0,0.5,0.0,-2.35,-3.5375,0.0,0.0
appreciation__block_04__alpha256,appreciation,4,concept__block_04__appreciation,alpha,256,above_threshold,mad_corrected,evocative,A,X,10,10,0.0,0.0,1.0,0.5,0.0,-2.2125,-3.55,0.0,0.0
appreciation__block_04__alpha256,appreciation,4,concept__block_04__appreciation,alpha,256,above_threshold,mad_corrected,neutral,A,Y,10,10,0.0,0.0,1.0,0.5,0.345,-3.75,-4.1125,0.0,0.0
appreciation__block_04__alpha256,appreciation,4,concept__block_04__appreciation,alpha,256,above_threshold,mad_corrected,evocative,A,Y,10,10,0.0,0.0,1.0,0.5,0.115,-3.05,-4.175,0.0,0.0
appreciation__block_04__alpha256,appreciation,4,concept__block_04__appreciation,alpha,256,above_threshold,mad_corrected,neutral,B,X,10,10,0.0,0.0,1.0,0.5,0.245,-2.5625,-2.8375,0.0,0.0
appreciation__block_04__alpha256,appreciation,4,concept__block_04__appreciation,alpha,256,above_threshold,mad_corrected,evocative,B,X,10,10,0.0,0.0,1.0,0.5,0.015,-2.4,-2.9375,0.0,0.0
appreciation__block_04__alpha256,appreciation,4,concept__block_04__appreciation,alpha,256,above_threshold,mad_corrected,neutral,B,Y,10,10,0.0,0.0,1.0,0.5,0.15,-3.8375,-4.2875,0.0,0.0
appreciation__block_04__alpha256,appreciation,4,concept__block_04__appreciation,alpha,256,above_threshold,mad_corrected,evocative,B,Y,10,10,0.0,0.0,1.0,0.5,0.015,-3.2875,-4.35,0.0,0.0
appreciation__block_05__alpha128,appreciation,5,concept__block_05__appreciation,alpha,128,near_threshold,mad_corrected,neutral,A,X,10,10,0.0,0.0,1.0,0.5,0.365,-2.35,-2.475,0.0,0.0
appreciation__block_05__alpha128,appreciation,5,concept__block_05__appreciation,alpha,128,near_threshold,mad_corrected,evocative,A,X,10,10,0.0,0.0,1.0,0.5,0.18,-2.2125,-2.6,0.0,0.0
appreciation__block_05__alpha128,appreciation,5,concept__block_05__appreciation,alpha,128,near_threshold,mad_corrected,neutral,A,Y,10,10,0.0,0.0,1.0,0.5,1.0,-3.75,-2.4125,0.0,0.0
appreciation__block_05__alpha128,appreciation,5,concept__block_05__appreciation,alpha,128,near_threshold,mad_corrected,evocative,A,Y,10,10,0.0,0.0,1.0,0.5,0.905,-3.05,-2.2375,0.0,0.0
appreciation__block_05__alpha128,appreciation,5,concept__block_05__appreciation,alpha,128,near_threshold,mad_corrected,neutral,B,X,10,10,0.0,0.0,1.0,0.5,0.85,-2.5625,-2.2,0.0,0.0
appreciation__block_05__alpha128,appreciation,5,concept__block_05__appreciation,alpha,128,near_threshold,mad_corrected,evocative,B,X,10,10,0.0,0.0,1.0,0.5,0.78,-2.4,-2.175,0.0,0.0
appreciation__block_05__alpha128,appreciation,5,concept__block_05__appreciation,alpha,128,near_threshold,mad_corrected,neutral,B,Y,10,10,0.0,0.0,1.0,0.5,0.88,-3.8375,-3.2625,0.0,0.0
appreciation__block_05__alpha128,appreciation,5,concept__block_05__appreciation,alpha,128,near_threshold,mad_corrected,evocative,B,Y,10,10,0.0,0.0,1.0,0.5,0.705,-3.2875,-3.0375,0.0,0.0
appreciation__block_05__alpha256,appreciation,5,concept__block_05__appreciation,alpha,256,above_threshold,mad_corrected,neutral,A,X,10,10,0.0,0.0,1.0,0.5,0.275,-2.35,-2.5625,0.0,0.0
appreciation__block_05__alpha256,appreciation,5,concept__block_05__appreciation,alpha,256,above_threshold,mad_corrected,evocative,A,X,10,10,0.0,0.0,1.0,0.5,0.13,-2.2125,-2.7,0.0,0.0
appreciation__block_05__alpha256,appreciation,5,concept__block_05__appreciation,alpha,256,above_threshold,mad_corrected,neutral,A,Y,10,10,0.0,0.0,1.0,0.5,0.995,-3.75,-2.4375,0.0,0.0
appreciation__block_05__alpha256,appreciation,5,concept__block_05__appreciation,alpha,256,above_threshold,mad_corrected,evocative,A,Y,10,10,0.0,0.0,1.0,0.5,0.915,-3.05,-2.3,0.0,0.0
appreciation__block_05__alpha256,appreciation,5,concept__block_05__appreciation,alpha,256,above_threshold,mad_corrected,neutral,B,X,10,10,0.0,0.0,1.0,0.5,0.795,-2.5625,-2.275,0.0,0.0
appreciation__block_05__alpha256,appreciation,5,concept__block_05__appreciation,alpha,256,above_threshold,mad_corrected,evocative,B,X,10,10,0.0,0.0,1.0,0.5,0.68,-2.4,-2.2625,0.0,0.0
appreciation__block_05__alpha256,appreciation,5,concept__block_05__appreciation,alpha,256,above_threshold,mad_corrected,neutral,B,Y,10,10,0.0,0.0,1.0,0.5,0.915,-3.8375,-3.25,0.0,0.0
appreciation__block_05__alpha256,appreciation,5,concept__block_05__appreciation,alpha,256,above_threshold,mad_corrected,evocative,B,Y,10,10,0.0,0.0,1.0,0.5,0.62,-3.2875,-3.0875,0.0,0.0
appreciation__block_06__alpha128,appreciation,6,concept__block_06__appreciation,alpha,128,near_threshold,mad_corrected,neutral,A,X,10,10,0.0,0.0,1.0,0.5,0.225,-2.35,-2.6375,0.0,0.0
appreciation__block_06__alpha128,appreciation,6,concept__block_06__appreciation,alpha,128,near_threshold,mad_corrected,evocative,A,X,10,10,0.0,0.0,1.0,0.5,0.24,-2.2125,-2.525,0.0,0.0
appreciation__block_06__alpha128,appreciation,6,concept__block_06__appreciation,alpha,128,near_threshold,mad_corrected,neutral,A,Y,10,10,0.0,0.0,1.0,0.5,0.75,-3.75,-3.2375,0.0,0.0
appreciation__block_06__alpha128,appreciation,6,concept__block_06__appreciation,alpha,128,near_threshold,mad_corrected,evocative,A,Y,10,10,0.0,0.0,1.0,0.5,0.735,-3.05,-2.675,0.0,0.0
appreciation__block_06__alpha128,appreciation,6,concept__block_06__appreciation,alpha,128,near_threshold,mad_corrected,neutral,B,X,10,10,0.0,0.0,1.0,0.5,0.775,-2.5625,-2.3,0.0,0.0
appreciation__block_06__alpha128,appreciation,6,concept__block_06__appreciation,alpha,128,near_threshold,mad_corrected,evocative,B,X,10,10,0.0,0.0,1.0,0.5,0.715,-2.4,-2.225,0.0,0.0
appreciation__block_06__alpha128,appreciation,6,concept__block_06__appreciation,alpha,128,near_threshold,mad_corrected,neutral,B,Y,10,10,0.0,0.0,1.0,0.5,0.76,-3.8375,-3.475,0.0,0.0
appreciation__block_06__alpha128,appreciation,6,concept__block_06__appreciation,alpha,128,near_threshold,mad_corrected,evocative,B,Y,10,10,0.0,0.0,1.0,0.5,0.485,-3.2875,-3.325,0.0,0.0
appreciation__block_06__alpha256,appreciation,6,concept__block_06__appreciation,alpha,256,above_threshold,mad_corrected,neutral,A,X,10,10,0.0,0.0,1.0,0.5,0.35,-2.35,-2.4875,0.0,0.0
appreciation__block_06__alpha256,appreciation,6,concept__block_06__appreciation,alpha,256,above_threshold,mad_corrected,evocative,A,X,10,10,0.0,0.0,1.0,0.5,0.32,-2.2125,-2.3875,0.0,0.0
appreciation__block_06__alpha256,appreciation,6,concept__block_06__appreciation,alpha,256,above_threshold,mad_corrected,neutral,A,Y,10,10,0.0,0.0,1.0,0.5,0.755,-3.75,-3.2625,0.0,0.0
appreciation__block_06__alpha256,appreciation,6,concept__block_06__appreciation,alpha,256,above_threshold,mad_corrected,evocative,A,Y,10,10,0.0,0.0,1.0,0.5,0.695,-3.05,-2.75,0.0,0.0
appreciation__block_06__alpha256,appreciation,6,concept__block_06__appreciation,alpha,256,above_threshold,mad_corrected,neutral,B,X,10,10,0.0,0.0,1.0,0.5,0.835,-2.5625,-2.225,0.0,0.0
appreciation__block_06__alpha256,appreciation,6,concept__block_06__appreciation,alpha,256,above_threshold,mad_corrected,evocative,B,X,10,10,0.0,0.0,1.0,0.5,0.83,-2.4,-2.1,0.0,0.0
appreciation__block_06__alpha256,appreciation,6,concept__block_06__appreciation,alpha,256,above_threshold,mad_corrected,neutral,B,Y,10,10,0.0,0.0,1.0,0.5,0.705,-3.8375,-3.5375,0.0,0.0
appreciation__block_06__alpha256,appreciation,6,concept__block_06__appreciation,alpha,256,above_threshold,mad_corrected,evocative,B,Y,10,10,0.0,0.0,1.0,0.5,0.505,-3.2875,-3.3125,0.0,0.0
appreciation__block_07__alpha128,appreciation,7,concept__block_07__appreciation,alpha,128,near_threshold,mad_corrected,neutral,A,X,10,10,0.0,0.0,1.0,0.5,1.0,-2.35,-1.2625,0.0,0.0
appreciation__block_07__alpha128,appreciation,7,concept__block_07__appreciation,alpha,128,near_threshold,mad_corrected,evocative,A,X,10,10,0.0,0.0,1.0,0.5,0.995,-2.2125,-1.425,0.0,0.0
appreciation__block_07__alpha128,appreciation,7,concept__block_07__appreciation,alpha,128,near_threshold,mad_corrected,neutral,A,Y,10,10,0.0,0.0,1.0,0.5,1.0,-3.75,-1.725,0.0,0.0
appreciation__block_07__alpha128,appreciation,7,concept__block_07__appreciation,alpha,128,near_threshold,mad_corrected,evocative,A,Y,10,10,0.0,0.0,1.0,0.5,1.0,-3.05,-1.6875,0.0,0.0
appreciation__block_07__alpha128,appreciation,7,concept__block_07__appreciation,alpha,128,near_threshold,mad_corrected,neutral,B,X,10,10,0.0,0.0,1.0,0.5,1.0,-2.5625,-1.575,0.0,0.0
appreciation__block_07__alpha128,appreciation,7,concept__block_07__appreciation,alpha,128,near_threshold,mad_corrected,evocative,B,X,10,10,0.0,0.0,1.0,0.5,0.995,-2.4,-1.6,0.0,0.0
appreciation__block_07__alpha128,appreciation,7,concept__block_07__appreciation,alpha,128,near_threshold,mad_corrected,neutral,B,Y,10,10,0.0,0.0,1.0,0.5,1.0,-3.8375,-2.7375,0.0,0.0
appreciation__block_07__alpha128,appreciation,7,concept__block_07__appreciation,alpha,128,near_threshold,mad_corrected,evocative,B,Y,10,10,0.0,0.0,1.0,0.5,0.76,-3.2875,-2.825,0.0,0.0
appreciation__block_07__alpha256,appreciation,7,concept__block_07__appreciation,alpha,256,above_threshold,mad_corrected,neutral,A,X,10,10,0.0,0.0,1.0,0.5,1.0,-2.35,-1.325,0.0,0.0
appreciation__block_07__alpha256,appreciation,7,concept__block_07__appreciation,alpha,256,above_threshold,mad_corrected,evocative,A,X,10,10,0.0,0.0,1.0,0.5,0.975,-2.2125,-1.5125,0.0,0.0
appreciation__block_07__alpha256,appreciation,7,concept__block_07__appreciation,alpha,256,above_threshold,mad_corrected,neutral,A,Y,10,10,0.0,0.0,1.0,0.5,1.0,-3.75,-1.6375,0.0,0.0
appreciation__block_07__alpha256,appreciation,7,concept__block_07__appreciation,alpha,256,above_threshold,mad_corrected,evocative,A,Y,10,10,0.0,0.0,1.0,0.5,1.0,-3.05,-1.6375,0.0,0.0
appreciation__block_07__alpha256,appreciation,7,concept__block_07__appreciation,alpha,256,above_threshold,mad_corrected,neutral,B,X,10,10,0.0,0.0,1.0,0.5,1.0,-2.5625,-1.55,0.0,0.0
appreciation__block_07__alpha256,appreciation,7,concept__block_07__appreciation,alpha,256,above_threshold,mad_corrected,evocative,B,X,10,10,0.0,0.0,1.0,0.5,1.0,-2.4,-1.6375,0.0,0.0
appreciation__block_07__alpha256,appreciation,7,concept__block_07__appreciation,alpha,256,above_threshold,mad_corrected,neutral,B,Y,10,10,0.0,0.0,1.0,0.5,1.0,-3.8375,-2.5125,0.0,0.0
appreciation__block_07__alpha256,appreciation,7,concept__block_07__appreciation,alpha,256,above_threshold,mad_corrected,evocative,B,Y,10,10,0.0,0.0,1.0,0.5,0.825,-3.2875,-2.6625,0.0,0.0
appreciation__block_08__alpha128,appreciation,8,concept__block_08__appreciation,alpha,128,near_threshold,mad_corrected,neutral,A,X,10,10,0.0,0.0,1.0,0.5,1.0,-2.35,-0.8875,0.0,0.0
appreciation__block_08__alpha128,appreciation,8,concept__block_08__appreciation,alpha,128,near_threshold,mad_corrected,evocative,A,X,10,10,0.0,0.0,1.0,0.5,1.0,-2.2125,-1.075,0.0,0.0
appreciation__block_08__alpha128,appreciation,8,concept__block_08__appreciation,alpha,128,near_threshold,mad_corrected,neutral,A,Y,10,10,0.0,0.0,1.0,0.5,1.0,-3.75,-1.4,0.0,0.0
appreciation__block_08__alpha128,appreciation,8,concept__block_08__appreciation,alpha,128,near_threshold,mad_corrected,evocative,A,Y,10,10,0.0,0.0,1.0,0.5,1.0,-3.05,-1.5125,0.0,0.0
appreciation__block_08__alpha128,appreciation,8,concept__block_08__appreciation,alpha,128,near_threshold,mad_corrected,neutral,B,X,10,10,0.0,0.0,1.0,0.5,1.0,-2.5625,-1.4,0.0,0.0
appreciation__block_08__alpha128,appreciation,8,concept__block_08__appreciation,alpha,128,near_threshold,mad_corrected,evocative,B,X,10,10,0.0,0.0,1.0,0.5,1.0,-2.4,-1.45,0.0,0.0
appreciation__block_08__alpha128,appreciation,8,concept__block_08__appreciation,alpha,128,near_threshold,mad_corrected,neutral,B,Y,10,10,0.0,0.0,1.0,0.5,1.0,-3.8375,-2.2625,0.0,0.0
appreciation__block_08__alpha128,appreciation,8,concept__block_08__appreciation,alpha,128,near_threshold,mad_corrected,evocative,B,Y,10,10,0.0,0.0,1.0,0.5,0.895,-3.2875,-2.5375,0.0,0.0
appreciation__block_08__alpha256,appreciation,8,concept__block_08__appreciation,alpha,256,above_threshold,mad_corrected,neutral,A,X,10,10,0.0,0.0,1.0,0.5,1.0,-2.35,-1.0125,0.0,0.0
appreciation__block_08__alpha256,appreciation,8,concept__block_08__appreciation,alpha,256,above_threshold,mad_corrected,evocative,A,X,10,10,0.0,0.0,1.0,0.5,0.995,-2.2125,-1.2125,0.0,0.0
appreciation__block_08__alpha256,appreciation,8,concept__block_08__appreciation,alpha,256,above_threshold,mad_corrected,neutral,A,Y,10,10,0.0,0.0,1.0,0.5,1.0,-3.75,-1.025,0.0,0.0
appreciation__block_08__alpha256,appreciation,8,concept__block_08__appreciation,alpha,256,above_threshold,mad_corrected,evocative,A,Y,10,10,0.0,0.0,1.0,0.5,1.0,-3.05,-1.1125,0.0,0.0
appreciation__block_08__alpha256,appreciation,8,concept__block_08__appreciation,alpha,256,above_threshold,mad_corrected,neutral,B,X,10,10,0.0,0.0,1.0,0.5,1.0,-2.5625,-1.425,0.0,0.0
appreciation__block_08__alpha256,appreciation,8,concept__block_08__appreciation,alpha,256,above_threshold,mad_corrected,evocative,B,X,10,10,0.0,0.0,1.0,0.5,1.0,-2.4,-1.5375,0.0,0.0
appreciation__block_08__alpha256,appreciation,8,concept__block_08__appreciation,alpha,256,above_threshold,mad_corrected,neutral,B,Y,10,10,0.0,0.0,1.0,0.5,1.0,-3.8375,-1.75,0.0,0.0
appreciation__block_08__alpha256,appreciation,8,concept__block_08__appreciation,alpha,256,above_threshold,mad_corrected,evocative,B,Y,10,10,0.0,0.0,1.0,0.5,0.985,-3.2875,-1.975,0.0,0.0
appreciation__block_09__alpha128,appreciation,9,concept__block_09__appreciation,alpha,128,near_threshold,mad_corrected,neutral,A,X,10,10,0.0,0.0,1.0,0.5,1.0,-2.35,-0.6875,0.0,0.0
appreciation__block_09__alpha128,appreciation,9,concept__block_09__appreciation,alpha,128,near_threshold,mad_corrected,evocative,A,X,10,10,0.0,0.0,1.0,0.5,1.0,-2.2125,-0.75,0.0,0.0
appreciation__block_09__alpha128,appreciation,9,concept__block_09__appreciation,alpha,128,near_threshold,mad_corrected,neutral,A,Y,10,10,0.0,0.0,1.0,0.5,1.0,-3.75,-1.0,0.0,0.0
appreciation__block_09__alpha128,appreciation,9,concept__block_09__appreciation,alpha,128,near_threshold,mad_corrected,evocative,A,Y,10,10,0.0,0.0,1.0,0.5,1.0,-3.05,-1.0125,0.0,0.0
appreciation__block_09__alpha128,appreciation,9,concept__block_09__appreciation,alpha,128,near_threshold,mad_corrected,neutral,B,X,10,10,0.0,0.0,1.0,0.5,1.0,-2.5625,-1.25,0.0,0.0
appreciation__block_09__alpha128,appreciation,9,concept__block_09__appreciation,alpha,128,near_threshold,mad_corrected,evocative,B,X,10,10,0.0,0.0,1.0,0.5,1.0,-2.4,-1.2875,0.0,0.0
appreciation__block_09__alpha128,appreciation,9,concept__block_09__appreciation,alpha,128,near_threshold,mad_corrected,neutral,B,Y,10,10,0.0,0.0,1.0,0.5,1.0,-3.8375,-1.625,0.0,0.0
appreciation__block_09__alpha128,appreciation,9,concept__block_09__appreciation,alpha,128,near_threshold,mad_corrected,evocative,B,Y,10,10,0.0,0.0,1.0,0.5,1.0,-3.2875,-1.7,0.0,0.0
appreciation__block_09__alpha256,appreciation,9,concept__block_09__appreciation,alpha,256,above_threshold,mad_corrected,neutral,A,X,10,10,0.0,0.0,1.0,0.5,1.0,-2.35,-0.875,0.0,0.0
appreciation__block_09__alpha256,appreciation,9,concept__block_09__appreciation,alpha,256,above_threshold,mad_corrected,evocative,A,X,10,10,0.0,0.0,1.0,0.5,1.0,-2.2125,-0.925,0.0,0.0
appreciation__block_09__alpha256,appreciation,9,concept__block_09__appreciation,alpha,256,above_threshold,mad_corrected,neutral,A,Y,10,10,0.0,0.0,1.0,0.5,1.0,-3.75,-0.6,0.0,0.0
appreciation__block_09__alpha256,appreciation,9,concept__block_09__appreciation,alpha,256,above_threshold,mad_corrected,evocative,A,Y,10,10,0.0,0.0,1.0,0.5,1.0,-3.05,-0.6375,0.0,0.0
appreciation__block_09__alpha256,appreciation,9,concept__block_09__appreciation,alpha,256,above_threshold,mad_corrected,neutral,B,X,10,10,0.0,0.0,1.0,0.5,1.0,-2.5625,-1.325,0.0,0.0
appreciation__block_09__alpha256,appreciation,9,concept__block_09__appreciation,alpha,256,above_threshold,mad_corrected,evocative,B,X,10,10,0.0,0.0,1.0,0.5,1.0,-2.4,-1.4125,0.0,0.0
appreciation__block_09__alpha256,appreciation,9,concept__block_09__appreciation,alpha,256,above_threshold,mad_corrected,neutral,B,Y,10,10,0.0,0.0,1.0,0.5,1.0,-3.8375,-0.9875,0.0,0.0
appreciation__block_09__alpha256,appreciation,9,concept__block_09__appreciation,alpha,256,above_threshold,mad_corrected,evocative,B,Y,10,10,0.0,0.0,1.0,0.5,1.0,-3.2875,-1.1625,0.0,0.0
appreciation__block_10__alpha128,appreciation,10,concept__block_10__appreciation,alpha,128,near_threshold,mad_corrected,neutral,A,X,10,10,0.0,0.0,1.0,0.5,0.53,-2.35,-2.3,0.0,0.5
appreciation__block_10__alpha128,appreciation,10,concept__block_10__appreciation,alpha,128,near_threshold,mad_corrected,evocative,A,X,10,10,0.0,0.0,1.0,0.5,0.445,-2.2125,-2.3,0.0,0.2
appreciation__block_10__alpha128,appreciation,10,concept__block_10__appreciation,alpha,128,near_threshold,mad_corrected,neutral,A,Y,10,10,0.0,0.0,1.0,0.5,0.83,-3.75,-3.025,0.0,0.3
appreciation__block_10__alpha128,appreciation,10,concept__block_10__appreciation,alpha,128,near_threshold,mad_corrected,evocative,A,Y,10,10,0.0,0.0,1.0,0.5,0.555,-3.05,-2.9,0.0,0.2
appreciation__block_10__alpha128,appreciation,10,concept__block_10__appreciation,alpha,128,near_threshold,mad_corrected,neutral,B,X,10,10,0.0,0.0,1.0,0.5,0.425,-2.5625,-2.625,0.0,0.2
appreciation__block_10__alpha128,appreciation,10,concept__block_10__appreciation,alpha,128,near_threshold,mad_corrected,evocative,B,X,10,10,0.0,0.0,1.0,0.5,0.165,-2.4,-2.7375,0.0,0.2
appreciation__block_10__alpha128,appreciation,10,concept__block_10__appreciation,alpha,128,near_threshold,mad_corrected,neutral,B,Y,10,10,0.0,0.0,1.0,0.5,0.285,-3.8375,-4.01875,0.0,0.1
appreciation__block_10__alpha128,appreciation,10,concept__block_10__appreciation,alpha,128,near_threshold,mad_corrected,evocative,B,Y,10,10,0.0,0.0,1.0,0.5,0.045,-3.2875,-4.2125,0.0,0.0
appreciation__block_10__alpha256,appreciation,10,concept__block_10__appreciation,alpha,256,above_threshold,mad_corrected,neutral,A,X,10,10,0.0,0.0,1.0,0.5,0.125,-2.35,-2.8625,0.0,0.1
appreciation__block_10__alpha256,appreciation,10,concept__block_10__appreciation,alpha,256,above_threshold,mad_corrected,evocative,A,X,10,10,0.0,0.0,1.0,0.5,0.05,-2.2125,-2.8625,0.0,0.1
appreciation__block_10__alpha256,appreciation,10,concept__block_10__appreciation,alpha,256,above_threshold,mad_corrected,neutral,A,Y,10,10,0.0,0.0,1.0,0.5,0.86,-3.75,-2.8625,0.0,0.4
appreciation__block_10__alpha256,appreciation,10,concept__block_10__appreciation,alpha,256,above_threshold,mad_corrected,evocative,A,Y,10,10,0.0,0.0,1.0,0.5,0.55,-3.05,-2.825,0.0,0.2
appreciation__block_10__alpha256,appreciation,10,concept__block_10__appreciation,alpha,256,above_threshold,mad_corrected,neutral,B,X,10,10,0.0,0.0,1.0,0.5,0.035,-2.5625,-3.18125,0.0,0.2
appreciation__block_10__alpha256,appreciation,10,concept__block_10__appreciation,alpha,256,above_threshold,mad_corrected,evocative,B,X,10,10,0.0,0.0,1.0,0.5,0.0,-2.4,-3.28125,0.0,0.1
appreciation__block_10__alpha256,appreciation,10,concept__block_10__appreciation,alpha,256,above_threshold,mad_corrected,neutral,B,Y,10,10,0.0,0.0,1.0,0.5,0.445,-3.8375,-3.83125,0.0,0.1
appreciation__block_10__alpha256,appreciation,10,concept__block_10__appreciation,alpha,256,above_threshold,mad_corrected,evocative,B,Y,10,10,0.0,0.0,1.0,0.5,0.065,-3.2875,-4.09375,0.0,0.0
appreciation__block_11__alpha128,appreciation,11,concept__block_11__appreciation,alpha,128,near_threshold,mad_corrected,neutral,A,X,10,10,0.0,0.0,1.0,0.5,1.0,-2.35,-1.35,0.0,0.7
appreciation__block_11__alpha128,appreciation,11,concept__block_11__appreciation,alpha,128,near_threshold,mad_corrected,evocative,A,X,10,10,0.0,0.0,1.0,0.5,0.995,-2.2125,-1.30625,0.0,0.6
appreciation__block_11__alpha128,appreciation,11,concept__block_11__appreciation,alpha,128,near_threshold,mad_corrected,neutral,A,Y,10,10,0.0,0.0,1.0,0.5,0.96,-3.75,-2.75,0.0,0.5
appreciation__block_11__alpha128,appreciation,11,concept__block_11__appreciation,alpha,128,near_threshold,mad_corrected,evocative,A,Y,10,10,0.0,0.0,1.0,0.5,0.92,-3.05,-2.39375,0.0,0.5
appreciation__block_11__alpha128,appreciation,11,concept__block_11__appreciation,alpha,128,near_threshold,mad_corrected,neutral,B,X,10,10,0.0,0.0,1.0,0.5,0.92,-2.5625,-1.99375,0.0,0.3
appreciation__block_11__alpha128,appreciation,11,concept__block_11__appreciation,alpha,128,near_threshold,mad_corrected,evocative,B,X,10,10,0.0,0.0,1.0,0.5,0.925,-2.4,-1.975,0.0,0.2
appreciation__block_11__alpha128,appreciation,11,concept__block_11__appreciation,alpha,128,near_threshold,mad_corrected,neutral,B,Y,10,10,0.0,0.0,1.0,0.5,1.0,-3.8375,-2.95625,0.0,0.2
appreciation__block_11__alpha128,appreciation,11,concept__block_11__appreciation,alpha,128,near_threshold,mad_corrected,evocative,B,Y,10,10,0.0,0.0,1.0,0.5,0.85,-3.2875,-2.8625,0.0,0.1
appreciation__block_11__alpha256,appreciation,11,concept__block_11__appreciation,alpha,256,above_threshold,mad_corrected,neutral,A,X,10,10,0.0,0.0,1.0,0.5,1.0,-2.35,-1.3875,0.0,0.9
appreciation__block_11__alpha256,appreciation,11,concept__block_11__appreciation,alpha,256,above_threshold,mad_corrected,evocative,A,X,10,10,0.0,0.0,1.0,0.5,0.975,-2.2125,-1.41875,0.0,0.6
appreciation__block_11__alpha256,appreciation,11,concept__block_11__appreciation,alpha,256,above_threshold,mad_corrected,neutral,A,Y,10,10,0.0,0.0,1.0,0.5,0.93,-3.75,-2.89375,0.0,0.8
appreciation__block_11__alpha256,appreciation,11,concept__block_11__appreciation,alpha,256,above_threshold,mad_corrected,evocative,A,Y,10,10,0.0,0.0,1.0,0.5,0.775,-3.05,-2.7,0.0,0.5
appreciation__block_11__alpha256,appreciation,11,concept__block_11__appreciation,alpha,256,above_threshold,mad_corrected,neutral,B,X,10,10,0.0,0.0,1.0,0.5,0.91,-2.5625,-2.075,0.0,0.4
appreciation__block_11__alpha256,appreciation,11,concept__block_11__appreciation,alpha,256,above_threshold,mad_corrected,evocative,B,X,10,10,0.0,0.0,1.0,0.5,0.815,-2.4,-2.1125,0.0,0.4
appreciation__block_11__alpha256,appreciation,11,concept__block_11__appreciation,alpha,256,above_threshold,mad_corrected,neutral,B,Y,10,10,0.0,0.0,1.0,0.5,0.99,-3.8375,-3.08125,0.0,0.4
appreciation__block_11__alpha256,appreciation,11,concept__block_11__appreciation,alpha,256,above_threshold,mad_corrected,evocative,B,Y,10,10,0.0,0.0,1.0,0.5,0.71,-3.2875,-3.08125,0.0,0.5
appreciation__block_12__alpha128,appreciation,12,concept__block_12__appreciation,alpha,128,near_threshold,mad_corrected,neutral,A,X,10,10,0.0,0.0,1.0,0.5,1.0,-2.35,-0.6,0.0,0.1
appreciation__block_12__alpha128,appreciation,12,concept__block_12__appreciation,alpha,128,near_threshold,mad_corrected,evocative,A,X,10,10,0.0,0.0,1.0,0.5,1.0,-2.2125,-0.6,0.0,0.0
appreciation__block_12__alpha128,appreciation,12,concept__block_12__appreciation,alpha,128,near_threshold,mad_corrected,neutral,A,Y,10,10,0.0,0.7,1.0,0.85,1.0,-3.75,0.1625,0.0,0.0
appreciation__block_12__alpha128,appreciation,12,concept__block_12__appreciation,alpha,128,near_threshold,mad_corrected,evocative,A,Y,10,10,0.0,0.8,1.0,0.9,1.0,-3.05,0.225,0.0,0.1
appreciation__block_12__alpha128,appreciation,12,concept__block_12__appreciation,alpha,128,near_threshold,mad_corrected,neutral,B,X,10,10,0.0,0.0,1.0,0.5,1.0,-2.5625,-1.0375,0.0,0.1
appreciation__block_12__alpha128,appreciation,12,concept__block_12__appreciation,alpha,128,near_threshold,mad_corrected,evocative,B,X,10,10,0.0,0.0,1.0,0.5,1.0,-2.4,-1.025,0.0,0.0
appreciation__block_12__alpha128,appreciation,12,concept__block_12__appreciation,alpha,128,near_threshold,mad_corrected,neutral,B,Y,10,10,0.0,0.3,1.0,0.65,1.0,-3.8375,-0.0375,0.0,0.3
appreciation__block_12__alpha128,appreciation,12,concept__block_12__appreciation,alpha,128,near_threshold,mad_corrected,evocative,B,Y,10,10,0.0,0.4,1.0,0.7,1.0,-3.2875,0.075,0.0,0.3
appreciation__block_12__alpha256,appreciation,12,concept__block_12__appreciation,alpha,256,above_threshold,mad_corrected,neutral,A,X,10,10,0.0,0.0,1.0,0.5,1.0,-2.35,-0.5,0.0,0.2
appreciation__block_12__alpha256,appreciation,12,concept__block_12__appreciation,alpha,256,above_threshold,mad_corrected,evocative,A,X,10,10,0.0,0.0,1.0,0.5,1.0,-2.2125,-0.5125,0.0,0.1
appreciation__block_12__alpha256,appreciation,12,concept__block_12__appreciation,alpha,256,above_threshold,mad_corrected,neutral,A,Y,10,10,0.0,0.1,1.0,0.55,1.0,-3.75,0.0625,0.0,0.6
appreciation__block_12__alpha256,appreciation,12,concept__block_12__appreciation,alpha,256,above_threshold,mad_corrected,evocative,A,Y,10,10,0.0,0.1,1.0,0.55,1.0,-3.05,0.04375,0.0,0.6
appreciation__block_12__alpha256,appreciation,12,concept__block_12__appreciation,alpha,256,above_threshold,mad_corrected,neutral,B,X,10,10,0.0,0.0,1.0,0.5,1.0,-2.5625,-1.1,0.0,0.1
appreciation__block_12__alpha256,appreciation,12,concept__block_12__appreciation,alpha,256,above_threshold,mad_corrected,evocative,B,X,10,10,0.0,0.0,1.0,0.5,1.0,-2.4,-1.1125,0.0,0.0
appreciation__block_12__alpha256,appreciation,12,concept__block_12__appreciation,alpha,256,above_threshold,mad_corrected,neutral,B,Y,10,10,0.0,0.1,1.0,0.55,1.0,-3.8375,0.1375,0.0,0.8
appreciation__block_12__alpha256,appreciation,12,concept__block_12__appreciation,alpha,256,above_threshold,mad_corrected,evocative,B,Y,10,10,0.0,0.6,1.0,0.8,1.0,-3.2875,0.275,0.0,0.4
appreciation__block_13__alpha128,appreciation,13,concept__block_13__appreciation,alpha,128,near_threshold,mad_corrected,neutral,A,X,10,10,0.0,0.0,1.0,0.5,1.0,-2.35,-1.2625,0.0,0.0
appreciation__block_13__alpha128,appreciation,13,concept__block_13__appreciation,alpha,128,near_threshold,mad_corrected,evocative,A,X,10,10,0.0,0.0,1.0,0.5,1.0,-2.2125,-1.275,0.0,0.0
appreciation__block_13__alpha128,appreciation,13,concept__block_13__appreciation,alpha,128,near_threshold,mad_corrected,neutral,A,Y,10,10,0.0,0.0,1.0,0.5,1.0,-3.75,-0.675,0.0,0.0
appreciation__block_13__alpha128,appreciation,13,concept__block_13__appreciation,alpha,128,near_threshold,mad_corrected,evocative,A,Y,10,10,0.0,0.0,1.0,0.5,1.0,-3.05,-0.4875,0.0,0.0
appreciation__block_13__alpha128,appreciation,13,concept__block_13__appreciation,alpha,128,near_threshold,mad_corrected,neutral,B,X,10,10,0.0,0.0,1.0,0.5,1.0,-2.5625,-1.6125,0.0,0.0
appreciation__block_13__alpha128,appreciation,13,concept__block_13__appreciation,alpha,128,near_threshold,mad_corrected,evocative,B,X,10,10,0.0,0.0,1.0,0.5,1.0,-2.4,-1.5375,0.0,0.0
appreciation__block_13__alpha128,appreciation,13,concept__block_13__appreciation,alpha,128,near_threshold,mad_corrected,neutral,B,Y,10,10,0.0,0.0,1.0,0.5,1.0,-3.8375,-1.0,0.0,0.1
appreciation__block_13__alpha128,appreciation,13,concept__block_13__appreciation,alpha,128,near_threshold,mad_corrected,evocative,B,Y,10,10,0.0,0.0,1.0,0.5,1.0,-3.2875,-0.8,0.0,0.0
appreciation__block_13__alpha256,appreciation,13,concept__block_13__appreciation,alpha,256,above_threshold,mad_corrected,neutral,A,X,10,10,0.0,0.0,1.0,0.5,1.0,-2.35,-1.2625,0.0,0.0
appreciation__block_13__alpha256,appreciation,13,concept__block_13__appreciation,alpha,256,above_threshold,mad_corrected,evocative,A,X,10,10,0.0,0.0,1.0,0.5,0.995,-2.2125,-1.275,0.0,0.0
appreciation__block_13__alpha256,appreciation,13,concept__block_13__appreciation,alpha,256,above_threshold,mad_corrected,neutral,A,Y,10,10,0.0,0.0,1.0,0.5,1.0,-3.75,-0.775,0.0,0.1
appreciation__block_13__alpha256,appreciation,13,concept__block_13__appreciation,alpha,256,above_threshold,mad_corrected,evocative,A,Y,10,10,0.0,0.0,1.0,0.5,1.0,-3.05,-0.55,0.0,0.1
appreciation__block_13__alpha256,appreciation,13,concept__block_13__appreciation,alpha,256,above_threshold,mad_corrected,neutral,B,X,10,10,0.0,0.0,1.0,0.5,1.0,-2.5625,-1.5625,0.0,0.0
appreciation__block_13__alpha256,appreciation,13,concept__block_13__appreciation,alpha,256,above_threshold,mad_corrected,evocative,B,X,10,10,0.0,0.0,1.0,0.5,1.0,-2.4,-1.5125,0.0,0.0
appreciation__block_13__alpha256,appreciation,13,concept__block_13__appreciation,alpha,256,above_threshold,mad_corrected,neutral,B,Y,10,10,0.0,0.0,1.0,0.5,1.0,-3.8375,-0.825,0.0,0.1
appreciation__block_13__alpha256,appreciation,13,concept__block_13__appreciation,alpha,256,above_threshold,mad_corrected,evocative,B,Y,10,10,0.0,0.0,1.0,0.5,1.0,-3.2875,-0.675,0.0,0.0
betrayal__block_00__alpha128,betrayal,0,concept__block_00__betrayal,alpha,128,near_threshold,mad_corrected,neutral,A,X,10,10,0.0,0.0,1.0,0.5,0.96,-2.625,-1.721875,0.0,1.0
betrayal__block_00__alpha128,betrayal,0,concept__block_00__betrayal,alpha,128,near_threshold,mad_corrected,evocative,A,X,10,10,0.0,0.0,1.0,0.5,0.95,-2.35,-1.1828125,0.0,1.0
betrayal__block_00__alpha128,betrayal,0,concept__block_00__betrayal,alpha,128,near_threshold,mad_corrected,neutral,A,Y,10,10,0.0,0.0,1.0,0.5,1.0,-4.1,1.9828125,0.0,1.0
betrayal__block_00__alpha128,betrayal,0,concept__block_00__betrayal,alpha,128,near_threshold,mad_corrected,evocative,A,Y,10,10,0.0,0.0,1.0,0.5,1.0,-3.15,1.390625,0.0,1.0
betrayal__block_00__alpha128,betrayal,0,concept__block_00__betrayal,alpha,128,near_threshold,mad_corrected,neutral,B,X,10,10,0.0,0.0,1.0,0.5,1.0,-2.6625,-0.0875,0.0,1.0
betrayal__block_00__alpha128,betrayal,0,concept__block_00__betrayal,alpha,128,near_threshold,mad_corrected,evocative,B,X,10,10,0.0,0.0,1.0,0.5,1.0,-2.4875,-0.4515625,0.0,1.0
betrayal__block_00__alpha128,betrayal,0,concept__block_00__betrayal,alpha,128,near_threshold,mad_corrected,neutral,B,Y,10,10,0.0,0.0,1.0,0.5,1.0,-4.0625,0.2375,0.0,1.0
betrayal__block_00__alpha128,betrayal,0,concept__block_00__betrayal,alpha,128,near_threshold,mad_corrected,evocative,B,Y,10,10,0.0,0.0,1.0,0.5,1.0,-2.9875,0.6484375,0.0,1.0
betrayal__block_00__alpha256,betrayal,0,concept__block_00__betrayal,alpha,256,above_threshold,mad_corrected,neutral,A,X,10,10,0.0,0.0,1.0,0.5,1.0,-2.625,-0.703125,0.0,1.0
betrayal__block_00__alpha256,betrayal,0,concept__block_00__betrayal,alpha,256,above_threshold,mad_corrected,evocative,A,X,10,10,0.0,0.0,1.0,0.5,1.0,-2.35,-0.88125,0.0,1.0
betrayal__block_00__alpha256,betrayal,0,concept__block_00__betrayal,alpha,256,above_threshold,mad_corrected,neutral,A,Y,10,10,0.0,0.0,1.0,0.5,1.0,-4.1,0.5390625,0.0,1.0
betrayal__block_00__alpha256,betrayal,0,concept__block_00__betrayal,alpha,256,above_threshold,mad_corrected,evocative,A,Y,10,10,0.0,0.0,1.0,0.5,1.0,-3.15,0.86875,0.0,1.0
betrayal__block_00__alpha256,betrayal,0,concept__block_00__betrayal,alpha,256,above_threshold,mad_corrected,neutral,B,X,10,10,0.0,0.0,1.0,0.5,1.0,-2.6625,-0.0421875,0.0,1.0
betrayal__block_00__alpha256,betrayal,0,concept__block_00__betrayal,alpha,256,above_threshold,mad_corrected,evocative,B,X,10,10,0.0,0.0,1.0,0.5,0.98,-2.4875,-0.846875,0.0,1.0
betrayal__block_00__alpha256,betrayal,0,concept__block_00__betrayal,alpha,256,above_threshold,mad_corrected,neutral,B,Y,10,10,0.0,0.0,1.0,0.5,1.0,-4.0625,0.065625,0.0,1.0
betrayal__block_00__alpha256,betrayal,0,concept__block_00__betrayal,alpha,256,above_threshold,mad_corrected,evocative,B,Y,10,10,0.0,0.0,1.0,0.5,1.0,-2.9875,0.84375,0.0,1.0
betrayal__block_01__alpha128,betrayal,1,concept__block_01__betrayal,alpha,128,near_threshold,mad_corrected,neutral,A,X,10,10,0.0,0.0,1.0,0.5,0.0,-2.625,-4.6625,0.0,0.0
betrayal__block_01__alpha128,betrayal,1,concept__block_01__betrayal,alpha,128,near_threshold,mad_corrected,evocative,A,X,10,10,0.0,0.0,1.0,0.5,0.0,-2.35,-4.5,0.0,0.0
betrayal__block_01__alpha128,betrayal,1,concept__block_01__betrayal,alpha,128,near_threshold,mad_corrected,neutral,A,Y,10,10,0.0,0.0,1.0,0.5,0.065,-4.1,-5.3875,0.0,0.0
betrayal__block_01__alpha128,betrayal,1,concept__block_01__betrayal,alpha,128,near_threshold,mad_corrected,evocative,A,Y,10,10,0.0,0.0,1.0,0.5,0.0,-3.15,-5.1125,0.0,0.0
betrayal__block_01__alpha128,betrayal,1,concept__block_01__betrayal,alpha,128,near_threshold,mad_corrected,neutral,B,X,10,10,0.0,0.0,1.0,0.5,0.44,-2.6625,-2.675,0.0,0.0
betrayal__block_01__alpha128,betrayal,1,concept__block_01__betrayal,alpha,128,near_threshold,mad_corrected,evocative,B,X,10,10,0.0,0.0,1.0,0.5,0.365,-2.4875,-2.575,0.0,0.0
betrayal__block_01__alpha128,betrayal,1,concept__block_01__betrayal,alpha,128,near_threshold,mad_corrected,neutral,B,Y,10,10,0.0,0.0,1.0,0.5,0.21,-4.0625,-4.575,0.0,0.0
betrayal__block_01__alpha128,betrayal,1,concept__block_01__betrayal,alpha,128,near_threshold,mad_corrected,evocative,B,Y,10,10,0.0,0.0,1.0,0.5,0.0,-2.9875,-4.6125,0.0,0.0
betrayal__block_01__alpha256,betrayal,1,concept__block_01__betrayal,alpha,256,above_threshold,mad_corrected,neutral,A,X,10,10,0.0,0.0,1.0,0.5,0.0,-2.625,-4.525,0.0,0.0
betrayal__block_01__alpha256,betrayal,1,concept__block_01__betrayal,alpha,256,above_threshold,mad_corrected,evocative,A,X,10,10,0.0,0.0,1.0,0.5,0.0,-2.35,-4.35,0.0,0.0
betrayal__block_01__alpha256,betrayal,1,concept__block_01__betrayal,alpha,256,above_threshold,mad_corrected,neutral,A,Y,10,10,0.0,0.0,1.0,0.5,0.04,-4.1,-5.5125,0.0,0.0
betrayal__block_01__alpha256,betrayal,1,concept__block_01__betrayal,alpha,256,above_threshold,mad_corrected,evocative,A,Y,10,10,0.0,0.0,1.0,0.5,0.0,-3.15,-5.1375,0.0,0.0
betrayal__block_01__alpha256,betrayal,1,concept__block_01__betrayal,alpha,256,above_threshold,mad_corrected,neutral,B,X,10,10,0.0,0.0,1.0,0.5,0.485,-2.6625,-2.6375,0.0,0.0
betrayal__block_01__alpha256,betrayal,1,concept__block_01__betrayal,alpha,256,above_threshold,mad_corrected,evocative,B,X,10,10,0.0,0.0,1.0,0.5,0.445,-2.4875,-2.5125,0.0,0.0
betrayal__block_01__alpha256,betrayal,1,concept__block_01__betrayal,alpha,256,above_threshold,mad_corrected,neutral,B,Y,10,10,0.0,0.0,1.0,0.5,0.14,-4.0625,-4.8125,0.0,0.0
betrayal__block_01__alpha256,betrayal,1,concept__block_01__betrayal,alpha,256,above_threshold,mad_corrected,evocative,B,Y,10,10,0.0,0.0,1.0,0.5,0.0,-2.9875,-4.775,0.0,0.0
betrayal__block_02__alpha128,betrayal,2,concept__block_02__betrayal,alpha,128,near_threshold,mad_corrected,neutral,A,X,10,10,0.0,0.0,1.0,0.5,0.0,-2.625,-4.6125,0.0,0.0
betrayal__block_02__alpha128,betrayal,2,concept__block_02__betrayal,alpha,128,near_threshold,mad_corrected,evocative,A,X,10,10,0.0,0.0,1.0,0.5,0.0,-2.35,-4.4625,0.0,0.0
betrayal__block_02__alpha128,betrayal,2,concept__block_02__betrayal,alpha,128,near_threshold,mad_corrected,neutral,A,Y,10,10,0.0,0.0,1.0,0.5,0.115,-4.1,-5.4625,0.0,0.0
betrayal__block_02__alpha128,betrayal,2,concept__block_02__betrayal,alpha,128,near_threshold,mad_corrected,evocative,A,Y,10,10,0.0,0.0,1.0,0.5,0.0,-3.15,-5.7125,0.0,0.0
betrayal__block_02__alpha128,betrayal,2,concept__block_02__betrayal,alpha,128,near_threshold,mad_corrected,neutral,B,X,10,10,0.0,0.0,1.0,0.5,0.22,-2.6625,-3.1375,0.0,0.0
betrayal__block_02__alpha128,betrayal,2,concept__block_02__betrayal,alpha,128,near_threshold,mad_corrected,evocative,B,X,10,10,0.0,0.0,1.0,0.5,0.205,-2.4875,-2.8125,0.0,0.0
betrayal__block_02__alpha128,betrayal,2,concept__block_02__betrayal,alpha,128,near_threshold,mad_corrected,neutral,B,Y,10,10,0.0,0.0,1.0,0.5,0.075,-4.0625,-5.275,0.0,0.0
betrayal__block_02__alpha128,betrayal,2,concept__block_02__betrayal,alpha,128,near_threshold,mad_corrected,evocative,B,Y,10,10,0.0,0.0,1.0,0.5,0.0,-2.9875,-5.325,0.0,0.0
betrayal__block_02__alpha256,betrayal,2,concept__block_02__betrayal,alpha,256,above_threshold,mad_corrected,neutral,A,X,10,10,0.0,0.0,1.0,0.5,0.0,-2.625,-4.4625,0.0,0.0
betrayal__block_02__alpha256,betrayal,2,concept__block_02__betrayal,alpha,256,above_threshold,mad_corrected,evocative,A,X,10,10,0.0,0.0,1.0,0.5,0.0,-2.35,-4.3375,0.0,0.0
betrayal__block_02__alpha256,betrayal,2,concept__block_02__betrayal,alpha,256,above_threshold,mad_corrected,neutral,A,Y,10,10,0.0,0.0,1.0,0.5,0.115,-4.1,-5.5875,0.0,0.0
betrayal__block_02__alpha256,betrayal,2,concept__block_02__betrayal,alpha,256,above_threshold,mad_corrected,evocative,A,Y,10,10,0.0,0.0,1.0,0.5,0.0,-3.15,-5.85,0.0,0.0
betrayal__block_02__alpha256,betrayal,2,concept__block_02__betrayal,alpha,256,above_threshold,mad_corrected,neutral,B,X,10,10,0.0,0.0,1.0,0.5,0.255,-2.6625,-3.0625,0.0,0.0
betrayal__block_02__alpha256,betrayal,2,concept__block_02__betrayal,alpha,256,above_threshold,mad_corrected,evocative,B,X,10,10,0.0,0.0,1.0,0.5,0.285,-2.4875,-2.6875,0.0,0.0
betrayal__block_02__alpha256,betrayal,2,concept__block_02__betrayal,alpha,256,above_threshold,mad_corrected,neutral,B,Y,10,10,0.0,0.0,1.0,0.5,0.025,-4.0625,-5.7125,0.0,0.0
betrayal__block_02__alpha256,betrayal,2,concept__block_02__betrayal,alpha,256,above_threshold,mad_corrected,evocative,B,Y,10,10,0.0,0.0,1.0,0.5,0.0,-2.9875,-5.75,0.0,0.0
betrayal__block_03__alpha128,betrayal,3,concept__block_03__betrayal,alpha,128,near_threshold,mad_corrected,neutral,A,X,10,10,0.0,0.0,1.0,0.5,0.0,-2.625,-4.425,0.0,0.0
betrayal__block_03__alpha128,betrayal,3,concept__block_03__betrayal,alpha,128,near_threshold,mad_corrected,evocative,A,X,10,10,0.0,0.0,1.0,0.5,0.0,-2.35,-4.4,0.0,0.0
betrayal__block_03__alpha128,betrayal,3,concept__block_03__betrayal,alpha,128,near_threshold,mad_corrected,neutral,A,Y,10,10,0.0,0.0,1.0,0.5,0.12,-4.1,-5.4,0.0,0.0
betrayal__block_03__alpha128,betrayal,3,concept__block_03__betrayal,alpha,128,near_threshold,mad_corrected,evocative,A,Y,10,10,0.0,0.0,1.0,0.5,0.0,-3.15,-5.625,0.0,0.0
betrayal__block_03__alpha128,betrayal,3,concept__block_03__betrayal,alpha,128,near_threshold,mad_corrected,neutral,B,X,10,10,0.0,0.0,1.0,0.5,0.0,-2.6625,-4.0375,0.0,0.0
betrayal__block_03__alpha128,betrayal,3,concept__block_03__betrayal,alpha,128,near_threshold,mad_corrected,evocative,B,X,10,10,0.0,0.0,1.0,0.5,0.0,-2.4875,-3.9,0.0,0.0
betrayal__block_03__alpha128,betrayal,3,concept__block_03__betrayal,alpha,128,near_threshold,mad_corrected,neutral,B,Y,10,10,0.0,0.0,1.0,0.5,0.06,-4.0625,-5.3625,0.0,0.0
betrayal__block_03__alpha128,betrayal,3,concept__block_03__betrayal,alpha,128,near_threshold,mad_corrected,evocative,B,Y,10,10,0.0,0.0,1.0,0.5,0.0,-2.9875,-5.2,0.0,0.0
betrayal__block_03__alpha256,betrayal,3,concept__block_03__betrayal,alpha,256,above_threshold,mad_corrected,neutral,A,X,10,10,0.0,0.0,1.0,0.5,0.0,-2.625,-4.2875,0.0,0.0
betrayal__block_03__alpha256,betrayal,3,concept__block_03__betrayal,alpha,256,above_threshold,mad_corrected,evocative,A,X,10,10,0.0,0.0,1.0,0.5,0.0,-2.35,-4.3375,0.0,0.0
betrayal__block_03__alpha256,betrayal,3,concept__block_03__betrayal,alpha,256,above_threshold,mad_corrected,neutral,A,Y,10,10,0.0,0.0,1.0,0.5,0.08,-4.1,-5.5875,0.0,0.0
betrayal__block_03__alpha256,betrayal,3,concept__block_03__betrayal,alpha,256,above_threshold,mad_corrected,evocative,A,Y,10,10,0.0,0.0,1.0,0.5,0.0,-3.15,-5.9,0.0,0.0
betrayal__block_03__alpha256,betrayal,3,concept__block_03__betrayal,alpha,256,above_threshold,mad_corrected,neutral,B,X,10,10,0.0,0.0,1.0,0.5,0.0,-2.6625,-3.95,0.0,0.0
betrayal__block_03__alpha256,betrayal,3,concept__block_03__betrayal,alpha,256,above_threshold,mad_corrected,evocative,B,X,10,10,0.0,0.0,1.0,0.5,0.0,-2.4875,-3.8375,0.0,0.0
betrayal__block_03__alpha256,betrayal,3,concept__block_03__betrayal,alpha,256,above_threshold,mad_corrected,neutral,B,Y,10,10,0.0,0.0,1.0,0.5,0.025,-4.0625,-5.675,0.0,0.0
betrayal__block_03__alpha256,betrayal,3,concept__block_03__betrayal,alpha,256,above_threshold,mad_corrected,evocative,B,Y,10,10,0.0,0.0,1.0,0.5,0.0,-2.9875,-5.5375,0.0,0.0
betrayal__block_04__alpha128,betrayal,4,concept__block_04__betrayal,alpha,128,near_threshold,mad_corrected,neutral,A,X,10,10,0.0,0.0,1.0,0.5,0.015,-2.625,-4.0125,0.0,0.0
betrayal__block_04__alpha128,betrayal,4,concept__block_04__betrayal,alpha,128,near_threshold,mad_corrected,evocative,A,X,10,10,0.0,0.0,1.0,0.5,0.0,-2.35,-3.8125,0.0,0.0
betrayal__block_04__alpha128,betrayal,4,concept__block_04__betrayal,alpha,128,near_threshold,mad_corrected,neutral,A,Y,10,10,0.0,0.0,1.0,0.5,0.005,-4.1,-6.4375,0.0,0.0
betrayal__block_04__alpha128,betrayal,4,concept__block_04__betrayal,alpha,128,near_threshold,mad_corrected,evocative,A,Y,10,10,0.0,0.0,1.0,0.5,0.0,-3.15,-6.4625,0.0,0.0
betrayal__block_04__alpha128,betrayal,4,concept__block_04__betrayal,alpha,128,near_threshold,mad_corrected,neutral,B,X,10,10,0.0,0.0,1.0,0.5,0.12,-2.6625,-3.4125,0.0,0.0
betrayal__block_04__alpha128,betrayal,4,concept__block_04__betrayal,alpha,128,near_threshold,mad_corrected,evocative,B,X,10,10,0.0,0.0,1.0,0.5,0.06,-2.4875,-3.2,0.0,0.0
betrayal__block_04__alpha128,betrayal,4,concept__block_04__betrayal,alpha,128,near_threshold,mad_corrected,neutral,B,Y,10,10,0.0,0.0,1.0,0.5,0.0,-4.0625,-6.5125,0.0,0.0
betrayal__block_04__alpha128,betrayal,4,concept__block_04__betrayal,alpha,128,near_threshold,mad_corrected,evocative,B,Y,10,10,0.0,0.0,1.0,0.5,0.0,-2.9875,-6.2875,0.0,0.0
betrayal__block_04__alpha256,betrayal,4,concept__block_04__betrayal,alpha,256,above_threshold,mad_corrected,neutral,A,X,10,10,0.0,0.0,1.0,0.5,0.02,-2.625,-3.9625,0.0,0.0
betrayal__block_04__alpha256,betrayal,4,concept__block_04__betrayal,alpha,256,above_threshold,mad_corrected,evocative,A,X,10,10,0.0,0.0,1.0,0.5,0.0,-2.35,-3.6875,0.0,0.0
betrayal__block_04__alpha256,betrayal,4,concept__block_04__betrayal,alpha,256,above_threshold,mad_corrected,neutral,A,Y,10,10,0.0,0.0,1.0,0.5,0.0,-4.1,-6.4,0.0,0.0
betrayal__block_04__alpha256,betrayal,4,concept__block_04__betrayal,alpha,256,above_threshold,mad_corrected,evocative,A,Y,10,10,0.0,0.0,1.0,0.5,0.0,-3.15,-6.35,0.0,0.0
betrayal__block_04__alpha256,betrayal,4,concept__block_04__betrayal,alpha,256,above_threshold,mad_corrected,neutral,B,X,10,10,0.0,0.0,1.0,0.5,0.16,-2.6625,-3.275,0.0,0.0
betrayal__block_04__alpha256,betrayal,4,concept__block_04__betrayal,alpha,256,above_threshold,mad_corrected,evocative,B,X,10,10,0.0,0.0,1.0,0.5,0.12,-2.4875,-3.075,0.0,0.0
betrayal__block_04__alpha256,betrayal,4,concept__block_04__betrayal,alpha,256,above_threshold,mad_corrected,neutral,B,Y,10,10,0.0,0.0,1.0,0.5,0.0,-4.0625,-6.675,0.0,0.0
betrayal__block_04__alpha256,betrayal,4,concept__block_04__betrayal,alpha,256,above_threshold,mad_corrected,evocative,B,Y,10,10,0.0,0.0,1.0,0.5,0.0,-2.9875,-6.55,0.0,0.0
betrayal__block_05__alpha128,betrayal,5,concept__block_05__betrayal,alpha,128,near_threshold,mad_corrected,neutral,A,X,10,10,0.0,0.0,1.0,0.5,0.055,-2.625,-3.825,0.0,0.0
betrayal__block_05__alpha128,betrayal,5,concept__block_05__betrayal,alpha,128,near_threshold,mad_corrected,evocative,A,X,10,10,0.0,0.0,1.0,0.5,0.035,-2.35,-3.425,0.0,0.0
betrayal__block_05__alpha128,betrayal,5,concept__block_05__betrayal,alpha,128,near_threshold,mad_corrected,neutral,A,Y,10,10,0.0,0.0,1.0,0.5,0.0,-4.1,-6.5875,0.0,0.0
betrayal__block_05__alpha128,betrayal,5,concept__block_05__betrayal,alpha,128,near_threshold,mad_corrected,evocative,A,Y,10,10,0.0,0.0,1.0,0.5,0.0,-3.15,-6.4625,0.0,0.0
betrayal__block_05__alpha128,betrayal,5,concept__block_05__betrayal,alpha,128,near_threshold,mad_corrected,neutral,B,X,10,10,0.0,0.0,1.0,0.5,0.11,-2.6625,-3.4375,0.0,0.0
betrayal__block_05__alpha128,betrayal,5,concept__block_05__betrayal,alpha,128,near_threshold,mad_corrected,evocative,B,X,10,10,0.0,0.0,1.0,0.5,0.025,-2.4875,-3.3375,0.0,0.0
betrayal__block_05__alpha128,betrayal,5,concept__block_05__betrayal,alpha,128,near_threshold,mad_corrected,neutral,B,Y,10,10,0.0,0.0,1.0,0.5,0.0,-4.0625,-6.525,0.0,0.0
betrayal__block_05__alpha128,betrayal,5,concept__block_05__betrayal,alpha,128,near_threshold,mad_corrected,evocative,B,Y,10,10,0.0,0.0,1.0,0.5,0.0,-2.9875,-6.275,0.0,0.0
betrayal__block_05__alpha256,betrayal,5,concept__block_05__betrayal,alpha,256,above_threshold,mad_corrected,neutral,A,X,10,10,0.0,0.0,1.0,0.5,0.04,-2.625,-3.775,0.0,0.0
betrayal__block_05__alpha256,betrayal,5,concept__block_05__betrayal,alpha,256,above_threshold,mad_corrected,evocative,A,X,10,10,0.0,0.0,1.0,0.5,0.055,-2.35,-3.4125,0.0,0.0
betrayal__block_05__alpha256,betrayal,5,concept__block_05__betrayal,alpha,256,above_threshold,mad_corrected,neutral,A,Y,10,10,0.0,0.0,1.0,0.5,0.0,-4.1,-6.75,0.0,0.0
betrayal__block_05__alpha256,betrayal,5,concept__block_05__betrayal,alpha,256,above_threshold,mad_corrected,evocative,A,Y,10,10,0.0,0.0,1.0,0.5,0.0,-3.15,-6.7125,0.0,0.0
betrayal__block_05__alpha256,betrayal,5,concept__block_05__betrayal,alpha,256,above_threshold,mad_corrected,neutral,B,X,10,10,0.0,0.0,1.0,0.5,0.125,-2.6625,-3.375,0.0,0.0
betrayal__block_05__alpha256,betrayal,5,concept__block_05__betrayal,alpha,256,above_threshold,mad_corrected,evocative,B,X,10,10,0.0,0.0,1.0,0.5,0.05,-2.4875,-3.2625,0.0,0.0
betrayal__block_05__alpha256,betrayal,5,concept__block_05__betrayal,alpha,256,above_threshold,mad_corrected,neutral,B,Y,10,10,0.0,0.0,1.0,0.5,0.0,-4.0625,-6.9375,0.0,0.0
betrayal__block_05__alpha256,betrayal,5,concept__block_05__betrayal,alpha,256,above_threshold,mad_corrected,evocative,B,Y,10,10,0.0,0.0,1.0,0.5,0.0,-2.9875,-6.7125,0.0,0.0
betrayal__block_06__alpha128,betrayal,6,concept__block_06__betrayal,alpha,128,near_threshold,mad_corrected,neutral,A,X,10,10,0.0,0.0,1.0,0.5,0.065,-2.625,-3.5875,0.0,0.0
betrayal__block_06__alpha128,betrayal,6,concept__block_06__betrayal,alpha,128,near_threshold,mad_corrected,evocative,A,X,10,10,0.0,0.0,1.0,0.5,0.04,-2.35,-3.4375,0.0,0.0
betrayal__block_06__alpha128,betrayal,6,concept__block_06__betrayal,alpha,128,near_threshold,mad_corrected,neutral,A,Y,10,10,0.0,0.0,1.0,0.5,0.025,-4.1,-5.725,0.0,0.0
betrayal__block_06__alpha128,betrayal,6,concept__block_06__betrayal,alpha,128,near_threshold,mad_corrected,evocative,A,Y,10,10,0.0,0.0,1.0,0.5,0.0,-3.15,-5.2875,0.0,0.0
betrayal__block_06__alpha128,betrayal,6,concept__block_06__betrayal,alpha,128,near_threshold,mad_corrected,neutral,B,X,10,10,0.0,0.0,1.0,0.5,0.235,-2.6625,-3.125,0.0,0.0
betrayal__block_06__alpha128,betrayal,6,concept__block_06__betrayal,alpha,128,near_threshold,mad_corrected,evocative,B,X,10,10,0.0,0.0,1.0,0.5,0.18,-2.4875,-3.0125,0.0,0.0
betrayal__block_06__alpha128,betrayal,6,concept__block_06__betrayal,alpha,128,near_threshold,mad_corrected,neutral,B,Y,10,10,0.0,0.0,1.0,0.5,0.08,-4.0625,-5.225,0.0,0.0
betrayal__block_06__alpha128,betrayal,6,concept__block_06__betrayal,alpha,128,near_threshold,mad_corrected,evocative,B,Y,10,10,0.0,0.0,1.0,0.5,0.0,-2.9875,-4.55,0.0,0.0
betrayal__block_06__alpha256,betrayal,6,concept__block_06__betrayal,alpha,256,above_threshold,mad_corrected,neutral,A,X,10,10,0.0,0.0,1.0,0.5,0.1,-2.625,-3.4125,0.0,0.0
betrayal__block_06__alpha256,betrayal,6,concept__block_06__betrayal,alpha,256,above_threshold,mad_corrected,evocative,A,X,10,10,0.0,0.0,1.0,0.5,0.07,-2.35,-3.2625,0.0,0.0
betrayal__block_06__alpha256,betrayal,6,concept__block_06__betrayal,alpha,256,above_threshold,mad_corrected,neutral,A,Y,10,10,0.0,0.0,1.0,0.5,0.025,-4.1,-5.7625,0.0,0.0
betrayal__block_06__alpha256,betrayal,6,concept__block_06__betrayal,alpha,256,above_threshold,mad_corrected,evocative,A,Y,10,10,0.0,0.0,1.0,0.5,0.0,-3.15,-5.3875,0.0,0.0
betrayal__block_06__alpha256,betrayal,6,concept__block_06__betrayal,alpha,256,above_threshold,mad_corrected,neutral,B,X,10,10,0.0,0.0,1.0,0.5,0.345,-2.6625,-2.925,0.0,0.0
betrayal__block_06__alpha256,betrayal,6,concept__block_06__betrayal,alpha,256,above_threshold,mad_corrected,evocative,B,X,10,10,0.0,0.0,1.0,0.5,0.275,-2.4875,-2.7875,0.0,0.0
betrayal__block_06__alpha256,betrayal,6,concept__block_06__betrayal,alpha,256,above_threshold,mad_corrected,neutral,B,Y,10,10,0.0,0.0,1.0,0.5,0.085,-4.0625,-5.2,0.0,0.0
betrayal__block_06__alpha256,betrayal,6,concept__block_06__betrayal,alpha,256,above_threshold,mad_corrected,evocative,B,Y,10,10,0.0,0.0,1.0,0.5,0.0,-2.9875,-4.5875,0.0,0.0
betrayal__block_07__alpha128,betrayal,7,concept__block_07__betrayal,alpha,128,near_threshold,mad_corrected,neutral,A,X,10,10,0.0,0.0,1.0,0.5,0.4,-2.625,-2.75,0.0,0.0
betrayal__block_07__alpha128,betrayal,7,concept__block_07__betrayal,alpha,128,near_threshold,mad_corrected,evocative,A,X,10,10,0.0,0.0,1.0,0.5,0.13,-2.35,-2.925,0.0,0.0
betrayal__block_07__alpha128,betrayal,7,concept__block_07__betrayal,alpha,128,near_threshold,mad_corrected,neutral,A,Y,10,10,0.0,0.0,1.0,0.5,0.81,-4.1,-3.3875,0.0,0.0
betrayal__block_07__alpha128,betrayal,7,concept__block_07__betrayal,alpha,128,near_threshold,mad_corrected,evocative,A,Y,10,10,0.0,0.0,1.0,0.5,0.46,-3.15,-3.0875,0.0,0.0
betrayal__block_07__alpha128,betrayal,7,concept__block_07__betrayal,alpha,128,near_threshold,mad_corrected,neutral,B,X,10,10,0.0,0.0,1.0,0.5,0.065,-2.6625,-3.7,0.0,0.0
betrayal__block_07__alpha128,betrayal,7,concept__block_07__betrayal,alpha,128,near_threshold,mad_corrected,evocative,B,X,10,10,0.0,0.0,1.0,0.5,0.0,-2.4875,-3.7875,0.0,0.0
betrayal__block_07__alpha128,betrayal,7,concept__block_07__betrayal,alpha,128,near_threshold,mad_corrected,neutral,B,Y,10,10,0.0,0.0,1.0,0.5,0.385,-4.0625,-4.375,0.0,0.0
betrayal__block_07__alpha128,betrayal,7,concept__block_07__betrayal,alpha,128,near_threshold,mad_corrected,evocative,B,Y,10,10,0.0,0.0,1.0,0.5,0.155,-2.9875,-3.5625,0.0,0.0
betrayal__block_07__alpha256,betrayal,7,concept__block_07__betrayal,alpha,256,above_threshold,mad_corrected,neutral,A,X,10,10,0.0,0.0,1.0,0.5,0.52,-2.625,-2.6125,0.0,0.0
betrayal__block_07__alpha256,betrayal,7,concept__block_07__betrayal,alpha,256,above_threshold,mad_corrected,evocative,A,X,10,10,0.0,0.0,1.0,0.5,0.22,-2.35,-2.7375,0.0,0.0
betrayal__block_07__alpha256,betrayal,7,concept__block_07__betrayal,alpha,256,above_threshold,mad_corrected,neutral,A,Y,10,10,0.0,0.0,1.0,0.5,0.9,-4.1,-3.125,0.0,0.0
betrayal__block_07__alpha256,betrayal,7,concept__block_07__betrayal,alpha,256,above_threshold,mad_corrected,evocative,A,Y,10,10,0.0,0.0,1.0,0.5,0.66,-3.15,-2.8125,0.0,0.0
betrayal__block_07__alpha256,betrayal,7,concept__block_07__betrayal,alpha,256,above_threshold,mad_corrected,neutral,B,X,10,10,0.0,0.0,1.0,0.5,0.07,-2.6625,-3.5375,0.0,0.0
betrayal__block_07__alpha256,betrayal,7,concept__block_07__betrayal,alpha,256,above_threshold,mad_corrected,evocative,B,X,10,10,0.0,0.0,1.0,0.5,0.0,-2.4875,-3.6375,0.0,0.0
betrayal__block_07__alpha256,betrayal,7,concept__block_07__betrayal,alpha,256,above_threshold,mad_corrected,neutral,B,Y,10,10,0.0,0.0,1.0,0.5,0.515,-4.0625,-4.0375,0.0,0.0
betrayal__block_07__alpha256,betrayal,7,concept__block_07__betrayal,alpha,256,above_threshold,mad_corrected,evocative,B,Y,10,10,0.0,0.0,1.0,0.5,0.31,-2.9875,-3.3125,0.0,0.0
betrayal__block_08__alpha128,betrayal,8,concept__block_08__betrayal,alpha,128,near_threshold,mad_corrected,neutral,A,X,10,10,0.0,0.0,1.0,0.5,0.06,-2.625,-3.675,0.0,0.0
betrayal__block_08__alpha128,betrayal,8,concept__block_08__betrayal,alpha,128,near_threshold,mad_corrected,evocative,A,X,10,10,0.0,0.0,1.0,0.5,0.0,-2.35,-3.8375,0.0,0.0
betrayal__block_08__alpha128,betrayal,8,concept__block_08__betrayal,alpha,128,near_threshold,mad_corrected,neutral,A,Y,10,10,0.0,0.0,1.0,0.5,0.545,-4.1,-4.0125,0.0,0.0
betrayal__block_08__alpha128,betrayal,8,concept__block_08__betrayal,alpha,128,near_threshold,mad_corrected,evocative,A,Y,10,10,0.0,0.0,1.0,0.5,0.16,-3.15,-3.65,0.0,0.0
betrayal__block_08__alpha128,betrayal,8,concept__block_08__betrayal,alpha,128,near_threshold,mad_corrected,neutral,B,X,10,10,0.0,0.0,1.0,0.5,0.0,-2.6625,-4.3,0.0,0.0
betrayal__block_08__alpha128,betrayal,8,concept__block_08__betrayal,alpha,128,near_threshold,mad_corrected,evocative,B,X,10,10,0.0,0.0,1.0,0.5,0.0,-2.4875,-4.4125,0.0,0.0
betrayal__block_08__alpha128,betrayal,8,concept__block_08__betrayal,alpha,128,near_threshold,mad_corrected,neutral,B,Y,10,10,0.0,0.0,1.0,0.5,0.09,-4.0625,-5.1875,0.0,0.0
betrayal__block_08__alpha128,betrayal,8,concept__block_08__betrayal,alpha,128,near_threshold,mad_corrected,evocative,B,Y,10,10,0.0,0.0,1.0,0.5,0.0,-2.9875,-4.575,0.0,0.0
betrayal__block_08__alpha256,betrayal,8,concept__block_08__betrayal,alpha,256,above_threshold,mad_corrected,neutral,A,X,10,10,0.0,0.0,1.0,0.5,0.09,-2.625,-3.5125,0.0,0.0
betrayal__block_08__alpha256,betrayal,8,concept__block_08__betrayal,alpha,256,above_threshold,mad_corrected,evocative,A,X,10,10,0.0,0.0,1.0,0.5,0.0,-2.35,-3.625,0.0,0.0
betrayal__block_08__alpha256,betrayal,8,concept__block_08__betrayal,alpha,256,above_threshold,mad_corrected,neutral,A,Y,10,10,0.0,0.0,1.0,0.5,0.76,-4.1,-3.625,0.0,0.0
betrayal__block_08__alpha256,betrayal,8,concept__block_08__betrayal,alpha,256,above_threshold,mad_corrected,evocative,A,Y,10,10,0.0,0.0,1.0,0.5,0.39,-3.15,-3.225,0.0,0.0
betrayal__block_08__alpha256,betrayal,8,concept__block_08__betrayal,alpha,256,above_threshold,mad_corrected,neutral,B,X,10,10,0.0,0.0,1.0,0.5,0.0,-2.6625,-4.1375,0.0,0.0
betrayal__block_08__alpha256,betrayal,8,concept__block_08__betrayal,alpha,256,above_threshold,mad_corrected,evocative,B,X,10,10,0.0,0.0,1.0,0.5,0.0,-2.4875,-4.25,0.0,0.0
betrayal__block_08__alpha256,betrayal,8,concept__block_08__betrayal,alpha,256,above_threshold,mad_corrected,neutral,B,Y,10,10,0.0,0.0,1.0,0.5,0.2,-4.0625,-4.8125,0.0,0.0
betrayal__block_08__alpha256,betrayal,8,concept__block_08__betrayal,alpha,256,above_threshold,mad_corrected,evocative,B,Y,10,10,0.0,0.0,1.0,0.5,0.0,-2.9875,-4.2625,0.0,0.0
betrayal__block_09__alpha128,betrayal,9,concept__block_09__betrayal,alpha,128,near_threshold,mad_corrected,neutral,A,X,10,10,0.0,0.0,1.0,0.5,0.09,-2.625,-3.4125,0.0,0.0
betrayal__block_09__alpha128,betrayal,9,concept__block_09__betrayal,alpha,128,near_threshold,mad_corrected,evocative,A,X,10,10,0.0,0.0,1.0,0.5,0.0,-2.35,-3.1125,0.0,0.0
betrayal__block_09__alpha128,betrayal,9,concept__block_09__betrayal,alpha,128,near_threshold,mad_corrected,neutral,A,Y,10,10,0.0,0.0,1.0,0.5,0.465,-4.1,-4.2125,0.0,0.0
betrayal__block_09__alpha128,betrayal,9,concept__block_09__betrayal,alpha,128,near_threshold,mad_corrected,evocative,A,Y,10,10,0.0,0.0,1.0,0.5,0.415,-3.15,-3.2125,0.0,0.0
betrayal__block_09__alpha128,betrayal,9,concept__block_09__betrayal,alpha,128,near_threshold,mad_corrected,neutral,B,X,10,10,0.0,0.0,1.0,0.5,0.085,-2.6625,-3.5,0.0,0.0
betrayal__block_09__alpha128,betrayal,9,concept__block_09__betrayal,alpha,128,near_threshold,mad_corrected,evocative,B,X,10,10,0.0,0.0,1.0,0.5,0.0,-2.4875,-3.425,0.0,0.0
betrayal__block_09__alpha128,betrayal,9,concept__block_09__betrayal,alpha,128,near_threshold,mad_corrected,neutral,B,Y,10,10,0.0,0.0,1.0,0.5,0.51,-4.0625,-3.9875,0.0,0.0
betrayal__block_09__alpha128,betrayal,9,concept__block_09__betrayal,alpha,128,near_threshold,mad_corrected,evocative,B,Y,10,10,0.0,0.0,1.0,0.5,0.275,-2.9875,-3.275,0.0,0.0
betrayal__block_09__alpha256,betrayal,9,concept__block_09__betrayal,alpha,256,above_threshold,mad_corrected,neutral,A,X,10,10,0.0,0.0,1.0,0.5,0.105,-2.625,-3.325,0.0,0.0
betrayal__block_09__alpha256,betrayal,9,concept__block_09__betrayal,alpha,256,above_threshold,mad_corrected,evocative,A,X,10,10,0.0,0.0,1.0,0.5,0.01,-2.35,-3.025,0.0,0.0
betrayal__block_09__alpha256,betrayal,9,concept__block_09__betrayal,alpha,256,above_threshold,mad_corrected,neutral,A,Y,10,10,0.0,0.0,1.0,0.5,0.515,-4.1,-4.0875,0.0,0.0
betrayal__block_09__alpha256,betrayal,9,concept__block_09__betrayal,alpha,256,above_threshold,mad_corrected,evocative,A,Y,10,10,0.0,0.0,1.0,0.5,0.45,-3.15,-3.15,0.0,0.0
betrayal__block_09__alpha256,betrayal,9,concept__block_09__betrayal,alpha,256,above_threshold,mad_corrected,neutral,B,X,10,10,0.0,0.0,1.0,0.5,0.11,-2.6625,-3.4375,0.0,0.0
betrayal__block_09__alpha256,betrayal,9,concept__block_09__betrayal,alpha,256,above_threshold,mad_corrected,evocative,B,X,10,10,0.0,0.0,1.0,0.5,0.01,-2.4875,-3.2625,0.0,0.0
betrayal__block_09__alpha256,betrayal,9,concept__block_09__betrayal,alpha,256,above_threshold,mad_corrected,neutral,B,Y,10,10,0.0,0.0,1.0,0.5,0.535,-4.0625,-3.95,0.0,0.0
betrayal__block_09__alpha256,betrayal,9,concept__block_09__betrayal,alpha,256,above_threshold,mad_corrected,evocative,B,Y,10,10,0.0,0.0,1.0,0.5,0.37,-2.9875,-3.175,0.0,0.0
betrayal__block_10__alpha128,betrayal,10,concept__block_10__betrayal,alpha,128,near_threshold,mad_corrected,neutral,A,X,10,10,0.0,0.0,1.0,0.5,0.25,-2.625,-3.0375,0.0,0.0
betrayal__block_10__alpha128,betrayal,10,concept__block_10__betrayal,alpha,128,near_threshold,mad_corrected,evocative,A,X,10,10,0.0,0.0,1.0,0.5,0.205,-2.35,-2.6875,0.0,0.0
betrayal__block_10__alpha128,betrayal,10,concept__block_10__betrayal,alpha,128,near_threshold,mad_corrected,neutral,A,Y,10,10,0.0,0.0,1.0,0.5,0.08,-4.1,-5.5,0.0,0.0
betrayal__block_10__alpha128,betrayal,10,concept__block_10__betrayal,alpha,128,near_threshold,mad_corrected,evocative,A,Y,10,10,0.0,0.0,1.0,0.5,0.005,-3.15,-4.325,0.0,0.0
betrayal__block_10__alpha128,betrayal,10,concept__block_10__betrayal,alpha,128,near_threshold,mad_corrected,neutral,B,X,10,10,0.0,0.0,1.0,0.5,0.18,-2.6625,-3.25,0.0,0.0
betrayal__block_10__alpha128,betrayal,10,concept__block_10__betrayal,alpha,128,near_threshold,mad_corrected,evocative,B,X,10,10,0.0,0.0,1.0,0.5,0.055,-2.4875,-3.05,0.0,0.0
betrayal__block_10__alpha128,betrayal,10,concept__block_10__betrayal,alpha,128,near_threshold,mad_corrected,neutral,B,Y,10,10,0.0,0.0,1.0,0.5,0.075,-4.0625,-5.375,0.0,0.0
betrayal__block_10__alpha128,betrayal,10,concept__block_10__betrayal,alpha,128,near_threshold,mad_corrected,evocative,B,Y,10,10,0.0,0.0,1.0,0.5,0.01,-2.9875,-4.4375,0.0,0.0
betrayal__block_10__alpha256,betrayal,10,concept__block_10__betrayal,alpha,256,above_threshold,mad_corrected,neutral,A,X,10,10,0.0,0.0,1.0,0.5,0.325,-2.625,-2.8875,0.0,0.0
betrayal__block_10__alpha256,betrayal,10,concept__block_10__betrayal,alpha,256,above_threshold,mad_corrected,evocative,A,X,10,10,0.0,0.0,1.0,0.5,0.315,-2.35,-2.5375,0.0,0.0
betrayal__block_10__alpha256,betrayal,10,concept__block_10__betrayal,alpha,256,above_threshold,mad_corrected,neutral,A,Y,10,10,0.0,0.0,1.0,0.5,0.095,-4.1,-5.4375,0.0,0.0
betrayal__block_10__alpha256,betrayal,10,concept__block_10__betrayal,alpha,256,above_threshold,mad_corrected,evocative,A,Y,10,10,0.0,0.0,1.0,0.5,0.005,-3.15,-4.2625,0.0,0.0
betrayal__block_10__alpha256,betrayal,10,concept__block_10__betrayal,alpha,256,above_threshold,mad_corrected,neutral,B,X,10,10,0.0,0.0,1.0,0.5,0.205,-2.6625,-3.1625,0.0,0.0
betrayal__block_10__alpha256,betrayal,10,concept__block_10__betrayal,alpha,256,above_threshold,mad_corrected,evocative,B,X,10,10,0.0,0.0,1.0,0.5,0.08,-2.4875,-2.95,0.0,0.0
betrayal__block_10__alpha256,betrayal,10,concept__block_10__betrayal,alpha,256,above_threshold,mad_corrected,neutral,B,Y,10,10,0.0,0.0,1.0,0.5,0.1,-4.0625,-5.2,0.0,0.0
betrayal__block_10__alpha256,betrayal,10,concept__block_10__betrayal,alpha,256,above_threshold,mad_corrected,evocative,B,Y,10,10,0.0,0.0,1.0,0.5,0.01,-2.9875,-4.3625,0.0,0.0
betrayal__block_11__alpha128,betrayal,11,concept__block_11__betrayal,alpha,128,near_threshold,mad_corrected,neutral,A,X,10,10,0.0,0.0,1.0,0.5,0.005,-2.625,-4.275,0.0,0.0
betrayal__block_11__alpha128,betrayal,11,concept__block_11__betrayal,alpha,128,near_threshold,mad_corrected,evocative,A,X,10,10,0.0,0.0,1.0,0.5,0.0,-2.35,-4.2,0.0,0.0
betrayal__block_11__alpha128,betrayal,11,concept__block_11__betrayal,alpha,128,near_threshold,mad_corrected,neutral,A,Y,10,10,0.0,0.0,1.0,0.5,0.0,-4.1,-7.2375,0.0,0.0
betrayal__block_11__alpha128,betrayal,11,concept__block_11__betrayal,alpha,128,near_threshold,mad_corrected,evocative,A,Y,10,10,0.0,0.0,1.0,0.5,0.0,-3.15,-6.375,0.0,0.0
betrayal__block_11__alpha128,betrayal,11,concept__block_11__betrayal,alpha,128,near_threshold,mad_corrected,neutral,B,X,10,10,0.0,0.0,1.0,0.5,0.0,-2.6625,-4.5625,0.0,0.0
betrayal__block_11__alpha128,betrayal,11,concept__block_11__betrayal,alpha,128,near_threshold,mad_corrected,evocative,B,X,10,10,0.0,0.0,1.0,0.5,0.0,-2.4875,-4.5375,0.0,0.0
betrayal__block_11__alpha128,betrayal,11,concept__block_11__betrayal,alpha,128,near_threshold,mad_corrected,neutral,B,Y,10,10,0.0,0.0,1.0,0.5,0.0,-4.0625,-7.675,0.0,0.0
betrayal__block_11__alpha128,betrayal,11,concept__block_11__betrayal,alpha,128,near_threshold,mad_corrected,evocative,B,Y,10,10,0.0,0.0,1.0,0.5,0.0,-2.9875,-7.225,0.0,0.0
betrayal__block_11__alpha256,betrayal,11,concept__block_11__betrayal,alpha,256,above_threshold,mad_corrected,neutral,A,X,10,10,0.0,0.0,1.0,0.5,0.01,-2.625,-4.3125,0.0,0.0
betrayal__block_11__alpha256,betrayal,11,concept__block_11__betrayal,alpha,256,above_threshold,mad_corrected,evocative,A,X,10,10,0.0,0.0,1.0,0.5,0.0,-2.35,-4.1375,0.0,0.0
betrayal__block_11__alpha256,betrayal,11,concept__block_11__betrayal,alpha,256,above_threshold,mad_corrected,neutral,A,Y,10,10,0.0,0.0,1.0,0.5,0.0,-4.1,-7.125,0.0,0.0
betrayal__block_11__alpha256,betrayal,11,concept__block_11__betrayal,alpha,256,above_threshold,mad_corrected,evocative,A,Y,10,10,0.0,0.0,1.0,0.5,0.0,-3.15,-6.3875,0.0,0.0
betrayal__block_11__alpha256,betrayal,11,concept__block_11__betrayal,alpha,256,above_threshold,mad_corrected,neutral,B,X,10,10,0.0,0.0,1.0,0.5,0.0,-2.6625,-4.725,0.0,0.0
betrayal__block_11__alpha256,betrayal,11,concept__block_11__betrayal,alpha,256,above_threshold,mad_corrected,evocative,B,X,10,10,0.0,0.0,1.0,0.5,0.0,-2.4875,-4.6,0.0,0.0
betrayal__block_11__alpha256,betrayal,11,concept__block_11__betrayal,alpha,256,above_threshold,mad_corrected,neutral,B,Y,10,10,0.0,0.0,1.0,0.5,0.0,-4.0625,-7.425,0.0,0.0
betrayal__block_11__alpha256,betrayal,11,concept__block_11__betrayal,alpha,256,above_threshold,mad_corrected,evocative,B,Y,10,10,0.0,0.0,1.0,0.5,0.0,-2.9875,-6.9125,0.0,0.0
betrayal__block_12__alpha128,betrayal,12,concept__block_12__betrayal,alpha,128,near_threshold,mad_corrected,neutral,A,X,10,10,0.0,0.0,1.0,0.5,0.285,-2.625,-2.925,0.0,0.0
betrayal__block_12__alpha128,betrayal,12,concept__block_12__betrayal,alpha,128,near_threshold,mad_corrected,evocative,A,X,10,10,0.0,0.0,1.0,0.5,0.07,-2.35,-2.8625,0.0,0.0
betrayal__block_12__alpha128,betrayal,12,concept__block_12__betrayal,alpha,128,near_threshold,mad_corrected,neutral,A,Y,10,10,0.0,0.0,1.0,0.5,0.215,-4.1,-4.65,0.0,0.0
betrayal__block_12__alpha128,betrayal,12,concept__block_12__betrayal,alpha,128,near_threshold,mad_corrected,evocative,A,Y,10,10,0.0,0.0,1.0,0.5,0.045,-3.15,-4.0125,0.0,0.0
betrayal__block_12__alpha128,betrayal,12,concept__block_12__betrayal,alpha,128,near_threshold,mad_corrected,neutral,B,X,10,10,0.0,0.0,1.0,0.5,0.12,-2.6625,-3.3875,0.0,0.0
betrayal__block_12__alpha128,betrayal,12,concept__block_12__betrayal,alpha,128,near_threshold,mad_corrected,evocative,B,X,10,10,0.0,0.0,1.0,0.5,0.015,-2.4875,-3.2875,0.0,0.0
betrayal__block_12__alpha128,betrayal,12,concept__block_12__betrayal,alpha,128,near_threshold,mad_corrected,neutral,B,Y,10,10,0.0,0.0,1.0,0.5,0.12,-4.0625,-5.075,0.0,0.0
betrayal__block_12__alpha128,betrayal,12,concept__block_12__betrayal,alpha,128,near_threshold,mad_corrected,evocative,B,Y,10,10,0.0,0.0,1.0,0.5,0.01,-2.9875,-4.1625,0.0,0.0
betrayal__block_12__alpha256,betrayal,12,concept__block_12__betrayal,alpha,256,above_threshold,mad_corrected,neutral,A,X,10,10,0.0,0.0,1.0,0.5,0.335,-2.625,-2.8625,0.0,0.0
betrayal__block_12__alpha256,betrayal,12,concept__block_12__betrayal,alpha,256,above_threshold,mad_corrected,evocative,A,X,10,10,0.0,0.0,1.0,0.5,0.115,-2.35,-2.7875,0.0,0.0
betrayal__block_12__alpha256,betrayal,12,concept__block_12__betrayal,alpha,256,above_threshold,mad_corrected,neutral,A,Y,10,10,0.0,0.0,1.0,0.5,0.32,-4.1,-4.475,0.0,0.0
betrayal__block_12__alpha256,betrayal,12,concept__block_12__betrayal,alpha,256,above_threshold,mad_corrected,evocative,A,Y,10,10,0.0,0.0,1.0,0.5,0.095,-3.15,-3.8,0.0,0.0
betrayal__block_12__alpha256,betrayal,12,concept__block_12__betrayal,alpha,256,above_threshold,mad_corrected,neutral,B,X,10,10,0.0,0.0,1.0,0.5,0.1,-2.6625,-3.4375,0.0,0.0
betrayal__block_12__alpha256,betrayal,12,concept__block_12__betrayal,alpha,256,above_threshold,mad_corrected,evocative,B,X,10,10,0.0,0.0,1.0,0.5,0.015,-2.4875,-3.2875,0.0,0.0
betrayal__block_12__alpha256,betrayal,12,concept__block_12__betrayal,alpha,256,above_threshold,mad_corrected,neutral,B,Y,10,10,0.0,0.0,1.0,0.5,0.17,-4.0625,-4.6875,0.0,0.0
betrayal__block_12__alpha256,betrayal,12,concept__block_12__betrayal,alpha,256,above_threshold,mad_corrected,evocative,B,Y,10,10,0.0,0.0,1.0,0.5,0.095,-2.9875,-3.7375,0.0,0.0
betrayal__block_13__alpha128,betrayal,13,concept__block_13__betrayal,alpha,128,near_threshold,mad_corrected,neutral,A,X,10,10,0.0,0.0,1.0,0.5,0.185,-2.625,-3.2,0.0,0.0
betrayal__block_13__alpha128,betrayal,13,concept__block_13__betrayal,alpha,128,near_threshold,mad_corrected,evocative,A,X,10,10,0.0,0.0,1.0,0.5,0.0,-2.35,-3.1625,0.0,0.0
betrayal__block_13__alpha128,betrayal,13,concept__block_13__betrayal,alpha,128,near_threshold,mad_corrected,neutral,A,Y,10,10,0.0,0.0,1.0,0.5,0.065,-4.1,-5.375,0.0,0.0
betrayal__block_13__alpha128,betrayal,13,concept__block_13__betrayal,alpha,128,near_threshold,mad_corrected,evocative,A,Y,10,10,0.0,0.0,1.0,0.5,0.0,-3.15,-4.75,0.0,0.0
betrayal__block_13__alpha128,betrayal,13,concept__block_13__betrayal,alpha,128,near_threshold,mad_corrected,neutral,B,X,10,10,0.0,0.0,1.0,0.5,0.04,-2.6625,-3.8125,0.0,0.0
betrayal__block_13__alpha128,betrayal,13,concept__block_13__betrayal,alpha,128,near_threshold,mad_corrected,evocative,B,X,10,10,0.0,0.0,1.0,0.5,0.005,-2.4875,-3.725,0.0,0.0
betrayal__block_13__alpha128,betrayal,13,concept__block_13__betrayal,alpha,128,near_threshold,mad_corrected,neutral,B,Y,10,10,0.0,0.0,1.0,0.5,0.01,-4.0625,-6.175,0.0,0.0
betrayal__block_13__alpha128,betrayal,13,concept__block_13__betrayal,alpha,128,near_threshold,mad_corrected,evocative,B,Y,10,10,0.0,0.0,1.0,0.5,0.0,-2.9875,-5.275,0.0,0.0
betrayal__block_13__alpha256,betrayal,13,concept__block_13__betrayal,alpha,256,above_threshold,mad_corrected,neutral,A,X,10,10,0.0,0.0,1.0,0.5,0.19,-2.625,-3.15,0.0,0.0
betrayal__block_13__alpha256,betrayal,13,concept__block_13__betrayal,alpha,256,above_threshold,mad_corrected,evocative,A,X,10,10,0.0,0.0,1.0,0.5,0.01,-2.35,-3.075,0.0,0.0
betrayal__block_13__alpha256,betrayal,13,concept__block_13__betrayal,alpha,256,above_threshold,mad_corrected,neutral,A,Y,10,10,0.0,0.0,1.0,0.5,0.065,-4.1,-5.3125,0.0,0.0
betrayal__block_13__alpha256,betrayal,13,concept__block_13__betrayal,alpha,256,above_threshold,mad_corrected,evocative,A,Y,10,10,0.0,0.0,1.0,0.5,0.0,-3.15,-4.7875,0.0,0.0
betrayal__block_13__alpha256,betrayal,13,concept__block_13__betrayal,alpha,256,above_threshold,mad_corrected,neutral,B,X,10,10,0.0,0.0,1.0,0.5,0.04,-2.6625,-3.7875,0.0,0.0
betrayal__block_13__alpha256,betrayal,13,concept__block_13__betrayal,alpha,256,above_threshold,mad_corrected,evocative,B,X,10,10,0.0,0.0,1.0,0.5,0.005,-2.4875,-3.725,0.0,0.0
betrayal__block_13__alpha256,betrayal,13,concept__block_13__betrayal,alpha,256,above_threshold,mad_corrected,neutral,B,Y,10,10,0.0,0.0,1.0,0.5,0.02,-4.0625,-5.9375,0.0,0.0
betrayal__block_13__alpha256,betrayal,13,concept__block_13__betrayal,alpha,256,above_threshold,mad_corrected,evocative,B,Y,10,10,0.0,0.0,1.0,0.5,0.0,-2.9875,-5.125,0.0,0.0
fibonacci_numbers__block_00__alpha128,fibonacci_numbers,0,concept__block_00__fibonacci_numbers,alpha,128,near_threshold,mad_corrected,neutral,A,X,10,10,0.0,0.0,1.0,0.5,0.46,-2.425,-2.6140625,0.0,1.0
fibonacci_numbers__block_00__alpha128,fibonacci_numbers,0,concept__block_00__fibonacci_numbers,alpha,128,near_threshold,mad_corrected,evocative,A,X,10,10,0.0,0.0,1.0,0.5,0.08,-1.6125,-2.55,0.0,1.0
fibonacci_numbers__block_00__alpha128,fibonacci_numbers,0,concept__block_00__fibonacci_numbers,alpha,128,near_threshold,mad_corrected,neutral,A,Y,10,10,0.0,0.0,1.0,0.5,1.0,-3.825,2.646875,0.0,1.0
fibonacci_numbers__block_00__alpha128,fibonacci_numbers,0,concept__block_00__fibonacci_numbers,alpha,128,near_threshold,mad_corrected,evocative,A,Y,10,10,0.0,0.0,1.0,0.5,1.0,-2.5625,2.55,0.0,1.0
fibonacci_numbers__block_00__alpha128,fibonacci_numbers,0,concept__block_00__fibonacci_numbers,alpha,128,near_threshold,mad_corrected,neutral,B,X,10,10,0.0,0.0,1.0,0.5,0.88,-2.8625,-1.6109375,0.0,1.0
fibonacci_numbers__block_00__alpha128,fibonacci_numbers,0,concept__block_00__fibonacci_numbers,alpha,128,near_threshold,mad_corrected,evocative,B,X,10,10,0.0,0.0,1.0,0.5,0.57,-2.45,-2.3421875,0.0,1.0
fibonacci_numbers__block_00__alpha128,fibonacci_numbers,0,concept__block_00__fibonacci_numbers,alpha,128,near_threshold,mad_corrected,neutral,B,Y,10,10,0.0,0.0,1.0,0.5,1.0,-4.275,1.65,0.0,1.0
fibonacci_numbers__block_00__alpha128,fibonacci_numbers,0,concept__block_00__fibonacci_numbers,alpha,128,near_threshold,mad_corrected,evocative,B,Y,10,10,0.0,0.0,1.0,0.5,1.0,-3.2125,2.3125,0.0,1.0
fibonacci_numbers__block_00__alpha256,fibonacci_numbers,0,concept__block_00__fibonacci_numbers,alpha,256,above_threshold,mad_corrected,neutral,A,X,10,10,0.0,0.0,1.0,0.5,0.01,-2.425,-3.671875,0.0,1.0
fibonacci_numbers__block_00__alpha256,fibonacci_numbers,0,concept__block_00__fibonacci_numbers,alpha,256,above_threshold,mad_corrected,evocative,A,X,10,10,0.0,0.0,1.0,0.5,0.0,-1.6125,-4.453125,0.0,1.0
fibonacci_numbers__block_00__alpha256,fibonacci_numbers,0,concept__block_00__fibonacci_numbers,alpha,256,above_threshold,mad_corrected,neutral,A,Y,10,10,0.0,0.0,1.0,0.5,1.0,-3.825,3.646875,0.0,1.0
fibonacci_numbers__block_00__alpha256,fibonacci_numbers,0,concept__block_00__fibonacci_numbers,alpha,256,above_threshold,mad_corrected,evocative,A,Y,10,10,0.0,0.0,1.0,0.5,1.0,-2.5625,4.44375,0.0,1.0
fibonacci_numbers__block_00__alpha256,fibonacci_numbers,0,concept__block_00__fibonacci_numbers,alpha,256,above_threshold,mad_corrected,neutral,B,X,10,10,0.0,0.0,1.0,0.5,0.025,-2.8625,-4.25703125,0.0,1.0
fibonacci_numbers__block_00__alpha256,fibonacci_numbers,0,concept__block_00__fibonacci_numbers,alpha,256,above_threshold,mad_corrected,evocative,B,X,10,10,0.0,0.0,1.0,0.5,0.0,-2.45,-4.8078125,0.0,1.0
fibonacci_numbers__block_00__alpha256,fibonacci_numbers,0,concept__block_00__fibonacci_numbers,alpha,256,above_threshold,mad_corrected,neutral,B,Y,10,10,0.0,0.0,1.0,0.5,1.0,-4.275,4.24453125,0.0,1.0
fibonacci_numbers__block_00__alpha256,fibonacci_numbers,0,concept__block_00__fibonacci_numbers,alpha,256,above_threshold,mad_corrected,evocative,B,Y,10,10,0.0,0.0,1.0,0.5,1.0,-3.2125,4.81640625,0.0,1.0
fibonacci_numbers__block_01__alpha128,fibonacci_numbers,1,concept__block_01__fibonacci_numbers,alpha,128,near_threshold,mad_corrected,neutral,A,X,10,10,0.0,0.0,1.0,0.5,0.0,-2.425,-5.6,0.0,0.0
fibonacci_numbers__block_01__alpha128,fibonacci_numbers,1,concept__block_01__fibonacci_numbers,alpha,128,near_threshold,mad_corrected,evocative,A,X,10,10,0.0,0.0,1.0,0.5,0.0,-1.6125,-5.2375,0.0,0.0
fibonacci_numbers__block_01__alpha128,fibonacci_numbers,1,concept__block_01__fibonacci_numbers,alpha,128,near_threshold,mad_corrected,neutral,A,Y,10,10,0.0,0.0,1.0,0.5,0.16,-3.825,-5.2125,0.0,0.0
fibonacci_numbers__block_01__alpha128,fibonacci_numbers,1,concept__block_01__fibonacci_numbers,alpha,128,near_threshold,mad_corrected,evocative,A,Y,10,10,0.0,0.0,1.0,0.5,0.0,-2.5625,-5.1,0.0,0.0
fibonacci_numbers__block_01__alpha128,fibonacci_numbers,1,concept__block_01__fibonacci_numbers,alpha,128,near_threshold,mad_corrected,neutral,B,X,10,10,0.0,0.0,1.0,0.5,0.23,-2.8625,-3.35,0.0,0.0
fibonacci_numbers__block_01__alpha128,fibonacci_numbers,1,concept__block_01__fibonacci_numbers,alpha,128,near_threshold,mad_corrected,evocative,B,X,10,10,0.0,0.0,1.0,0.5,0.1,-2.45,-3.0875,0.0,0.0
fibonacci_numbers__block_01__alpha128,fibonacci_numbers,1,concept__block_01__fibonacci_numbers,alpha,128,near_threshold,mad_corrected,neutral,B,Y,10,10,0.0,0.0,1.0,0.5,0.36,-4.275,-4.5375,0.0,0.0
fibonacci_numbers__block_01__alpha128,fibonacci_numbers,1,concept__block_01__fibonacci_numbers,alpha,128,near_threshold,mad_corrected,evocative,B,Y,10,10,0.0,0.0,1.0,0.5,0.105,-3.2125,-4.4125,0.0,0.0
fibonacci_numbers__block_01__alpha256,fibonacci_numbers,1,concept__block_01__fibonacci_numbers,alpha,256,above_threshold,mad_corrected,neutral,A,X,10,10,0.0,0.0,1.0,0.5,0.0,-2.425,-5.5875,0.0,0.0
fibonacci_numbers__block_01__alpha256,fibonacci_numbers,1,concept__block_01__fibonacci_numbers,alpha,256,above_threshold,mad_corrected,evocative,A,X,10,10,0.0,0.0,1.0,0.5,0.0,-1.6125,-5.3125,0.0,0.0
fibonacci_numbers__block_01__alpha256,fibonacci_numbers,1,concept__block_01__fibonacci_numbers,alpha,256,above_threshold,mad_corrected,neutral,A,Y,10,10,0.0,0.0,1.0,0.5,0.075,-3.825,-5.5,0.0,0.0
fibonacci_numbers__block_01__alpha256,fibonacci_numbers,1,concept__block_01__fibonacci_numbers,alpha,256,above_threshold,mad_corrected,evocative,A,Y,10,10,0.0,0.0,1.0,0.5,0.0,-2.5625,-5.325,0.0,0.0
fibonacci_numbers__block_01__alpha256,fibonacci_numbers,1,concept__block_01__fibonacci_numbers,alpha,256,above_threshold,mad_corrected,neutral,B,X,10,10,0.0,0.0,1.0,0.5,0.28,-2.8625,-3.175,0.0,0.0
fibonacci_numbers__block_01__alpha256,fibonacci_numbers,1,concept__block_01__fibonacci_numbers,alpha,256,above_threshold,mad_corrected,evocative,B,X,10,10,0.0,0.0,1.0,0.5,0.19,-2.45,-2.975,0.0,0.0
fibonacci_numbers__block_01__alpha256,fibonacci_numbers,1,concept__block_01__fibonacci_numbers,alpha,256,above_threshold,mad_corrected,neutral,B,Y,10,10,0.0,0.0,1.0,0.5,0.24,-4.275,-4.8,0.0,0.0
fibonacci_numbers__block_01__alpha256,fibonacci_numbers,1,concept__block_01__fibonacci_numbers,alpha,256,above_threshold,mad_corrected,evocative,B,Y,10,10,0.0,0.0,1.0,0.5,0.055,-3.2125,-4.775,0.0,0.0
fibonacci_numbers__block_02__alpha128,fibonacci_numbers,2,concept__block_02__fibonacci_numbers,alpha,128,near_threshold,mad_corrected,neutral,A,X,10,10,0.0,0.0,1.0,0.5,0.0,-2.425,-5.65,0.0,0.0
fibonacci_numbers__block_02__alpha128,fibonacci_numbers,2,concept__block_02__fibonacci_numbers,alpha,128,near_threshold,mad_corrected,evocative,A,X,10,10,0.0,0.0,1.0,0.5,0.0,-1.6125,-5.45,0.0,0.0
fibonacci_numbers__block_02__alpha128,fibonacci_numbers,2,concept__block_02__fibonacci_numbers,alpha,128,near_threshold,mad_corrected,neutral,A,Y,10,10,0.0,0.0,1.0,0.5,0.0,-3.825,-6.5375,0.0,0.0
fibonacci_numbers__block_02__alpha128,fibonacci_numbers,2,concept__block_02__fibonacci_numbers,alpha,128,near_threshold,mad_corrected,evocative,A,Y,10,10,0.0,0.0,1.0,0.5,0.0,-2.5625,-6.3625,0.0,0.0
fibonacci_numbers__block_02__alpha128,fibonacci_numbers,2,concept__block_02__fibonacci_numbers,alpha,128,near_threshold,mad_corrected,neutral,B,X,10,10,0.0,0.0,1.0,0.5,0.325,-2.8625,-3.1375,0.0,0.0
fibonacci_numbers__block_02__alpha128,fibonacci_numbers,2,concept__block_02__fibonacci_numbers,alpha,128,near_threshold,mad_corrected,evocative,B,X,10,10,0.0,0.0,1.0,0.5,0.245,-2.45,-2.8375,0.0,0.0
fibonacci_numbers__block_02__alpha128,fibonacci_numbers,2,concept__block_02__fibonacci_numbers,alpha,128,near_threshold,mad_corrected,neutral,B,Y,10,10,0.0,0.0,1.0,0.5,0.27,-4.275,-4.95,0.0,0.0
fibonacci_numbers__block_02__alpha128,fibonacci_numbers,2,concept__block_02__fibonacci_numbers,alpha,128,near_threshold,mad_corrected,evocative,B,Y,10,10,0.0,0.0,1.0,0.5,0.055,-3.2125,-4.8875,0.0,0.0
fibonacci_numbers__block_02__alpha256,fibonacci_numbers,2,concept__block_02__fibonacci_numbers,alpha,256,above_threshold,mad_corrected,neutral,A,X,10,10,0.0,0.0,1.0,0.5,0.0,-2.425,-5.7125,0.0,0.0
fibonacci_numbers__block_02__alpha256,fibonacci_numbers,2,concept__block_02__fibonacci_numbers,alpha,256,above_threshold,mad_corrected,evocative,A,X,10,10,0.0,0.0,1.0,0.5,0.0,-1.6125,-5.5625,0.0,0.0
fibonacci_numbers__block_02__alpha256,fibonacci_numbers,2,concept__block_02__fibonacci_numbers,alpha,256,above_threshold,mad_corrected,neutral,A,Y,10,10,0.0,0.0,1.0,0.5,0.0,-3.825,-6.7125,0.0,0.0
fibonacci_numbers__block_02__alpha256,fibonacci_numbers,2,concept__block_02__fibonacci_numbers,alpha,256,above_threshold,mad_corrected,evocative,A,Y,10,10,0.0,0.0,1.0,0.5,0.0,-2.5625,-6.5,0.0,0.0
fibonacci_numbers__block_02__alpha256,fibonacci_numbers,2,concept__block_02__fibonacci_numbers,alpha,256,above_threshold,mad_corrected,neutral,B,X,10,10,0.0,0.0,1.0,0.5,0.345,-2.8625,-3.0875,0.0,0.0
fibonacci_numbers__block_02__alpha256,fibonacci_numbers,2,concept__block_02__fibonacci_numbers,alpha,256,above_threshold,mad_corrected,evocative,B,X,10,10,0.0,0.0,1.0,0.5,0.295,-2.45,-2.7875,0.0,0.0
fibonacci_numbers__block_02__alpha256,fibonacci_numbers,2,concept__block_02__fibonacci_numbers,alpha,256,above_threshold,mad_corrected,neutral,B,Y,10,10,0.0,0.0,1.0,0.5,0.15,-4.275,-5.25,0.0,0.0
fibonacci_numbers__block_02__alpha256,fibonacci_numbers,2,concept__block_02__fibonacci_numbers,alpha,256,above_threshold,mad_corrected,evocative,B,Y,10,10,0.0,0.0,1.0,0.5,0.015,-3.2125,-5.2375,0.0,0.0
fibonacci_numbers__block_03__alpha128,fibonacci_numbers,3,concept__block_03__fibonacci_numbers,alpha,128,near_threshold,mad_corrected,neutral,A,X,10,10,0.0,0.0,1.0,0.5,0.0,-2.425,-6.0125,0.0,0.0
fibonacci_numbers__block_03__alpha128,fibonacci_numbers,3,concept__block_03__fibonacci_numbers,alpha,128,near_threshold,mad_corrected,evocative,A,X,10,10,0.0,0.0,1.0,0.5,0.0,-1.6125,-5.6375,0.0,0.0
fibonacci_numbers__block_03__alpha128,fibonacci_numbers,3,concept__block_03__fibonacci_numbers,alpha,128,near_threshold,mad_corrected,neutral,A,Y,10,10,0.0,0.0,1.0,0.5,0.0,-3.825,-7.3625,0.0,0.0
fibonacci_numbers__block_03__alpha128,fibonacci_numbers,3,concept__block_03__fibonacci_numbers,alpha,128,near_threshold,mad_corrected,evocative,A,Y,10,10,0.0,0.0,1.0,0.5,0.0,-2.5625,-7.125,0.0,0.0
fibonacci_numbers__block_03__alpha128,fibonacci_numbers,3,concept__block_03__fibonacci_numbers,alpha,128,near_threshold,mad_corrected,neutral,B,X,10,10,0.0,0.0,1.0,0.5,0.07,-2.8625,-4.0125,0.0,0.0
fibonacci_numbers__block_03__alpha128,fibonacci_numbers,3,concept__block_03__fibonacci_numbers,alpha,128,near_threshold,mad_corrected,evocative,B,X,10,10,0.0,0.0,1.0,0.5,0.005,-2.45,-3.9125,0.0,0.0
fibonacci_numbers__block_03__alpha128,fibonacci_numbers,3,concept__block_03__fibonacci_numbers,alpha,128,near_threshold,mad_corrected,neutral,B,Y,10,10,0.0,0.0,1.0,0.5,0.05,-4.275,-5.625,0.0,0.0
fibonacci_numbers__block_03__alpha128,fibonacci_numbers,3,concept__block_03__fibonacci_numbers,alpha,128,near_threshold,mad_corrected,evocative,B,Y,10,10,0.0,0.0,1.0,0.5,0.0,-3.2125,-5.7625,0.0,0.0
fibonacci_numbers__block_03__alpha256,fibonacci_numbers,3,concept__block_03__fibonacci_numbers,alpha,256,above_threshold,mad_corrected,neutral,A,X,10,10,0.0,0.0,1.0,0.5,0.0,-2.425,-6.0875,0.0,0.0
fibonacci_numbers__block_03__alpha256,fibonacci_numbers,3,concept__block_03__fibonacci_numbers,alpha,256,above_threshold,mad_corrected,evocative,A,X,10,10,0.0,0.0,1.0,0.5,0.0,-1.6125,-5.8125,0.0,0.0
fibonacci_numbers__block_03__alpha256,fibonacci_numbers,3,concept__block_03__fibonacci_numbers,alpha,256,above_threshold,mad_corrected,neutral,A,Y,10,10,0.0,0.0,1.0,0.5,0.0,-3.825,-7.775,0.0,0.0
fibonacci_numbers__block_03__alpha256,fibonacci_numbers,3,concept__block_03__fibonacci_numbers,alpha,256,above_threshold,mad_corrected,evocative,A,Y,10,10,0.0,0.0,1.0,0.5,0.0,-2.5625,-7.5375,0.0,0.0
fibonacci_numbers__block_03__alpha256,fibonacci_numbers,3,concept__block_03__fibonacci_numbers,alpha,256,above_threshold,mad_corrected,neutral,B,X,10,10,0.0,0.0,1.0,0.5,0.05,-2.8625,-4.1375,0.0,0.0
fibonacci_numbers__block_03__alpha256,fibonacci_numbers,3,concept__block_03__fibonacci_numbers,alpha,256,above_threshold,mad_corrected,evocative,B,X,10,10,0.0,0.0,1.0,0.5,0.005,-2.45,-3.9375,0.0,0.0
fibonacci_numbers__block_03__alpha256,fibonacci_numbers,3,concept__block_03__fibonacci_numbers,alpha,256,above_threshold,mad_corrected,neutral,B,Y,10,10,0.0,0.0,1.0,0.5,0.0,-4.275,-6.2125,0.0,0.0
fibonacci_numbers__block_03__alpha256,fibonacci_numbers,3,concept__block_03__fibonacci_numbers,alpha,256,above_threshold,mad_corrected,evocative,B,Y,10,10,0.0,0.0,1.0,0.5,0.0,-3.2125,-6.2125,0.0,0.0
fibonacci_numbers__block_04__alpha128,fibonacci_numbers,4,concept__block_04__fibonacci_numbers,alpha,128,near_threshold,mad_corrected,neutral,A,X,10,10,0.0,0.0,1.0,0.5,0.0,-2.425,-5.475,0.0,0.0
fibonacci_numbers__block_04__alpha128,fibonacci_numbers,4,concept__block_04__fibonacci_numbers,alpha,128,near_threshold,mad_corrected,evocative,A,X,10,10,0.0,0.0,1.0,0.5,0.0,-1.6125,-4.9875,0.0,0.0
fibonacci_numbers__block_04__alpha128,fibonacci_numbers,4,concept__block_04__fibonacci_numbers,alpha,128,near_threshold,mad_corrected,neutral,A,Y,10,10,0.0,0.0,1.0,0.5,0.0,-3.825,-6.5625,0.0,0.0
fibonacci_numbers__block_04__alpha128,fibonacci_numbers,4,concept__block_04__fibonacci_numbers,alpha,128,near_threshold,mad_corrected,evocative,A,Y,10,10,0.0,0.0,1.0,0.5,0.0,-2.5625,-5.5375,0.0,0.0
fibonacci_numbers__block_04__alpha128,fibonacci_numbers,4,concept__block_04__fibonacci_numbers,alpha,128,near_threshold,mad_corrected,neutral,B,X,10,10,0.0,0.0,1.0,0.5,0.01,-2.8625,-3.9875,0.0,0.0
fibonacci_numbers__block_04__alpha128,fibonacci_numbers,4,concept__block_04__fibonacci_numbers,alpha,128,near_threshold,mad_corrected,evocative,B,X,10,10,0.0,0.0,1.0,0.5,0.005,-2.45,-3.85,0.0,0.0
fibonacci_numbers__block_04__alpha128,fibonacci_numbers,4,concept__block_04__fibonacci_numbers,alpha,128,near_threshold,mad_corrected,neutral,B,Y,10,10,0.0,0.0,1.0,0.5,0.38,-4.275,-4.6125,0.0,0.0
fibonacci_numbers__block_04__alpha128,fibonacci_numbers,4,concept__block_04__fibonacci_numbers,alpha,128,near_threshold,mad_corrected,evocative,B,Y,10,10,0.0,0.0,1.0,0.5,0.11,-3.2125,-4.3875,0.0,0.0
fibonacci_numbers__block_04__alpha256,fibonacci_numbers,4,concept__block_04__fibonacci_numbers,alpha,256,above_threshold,mad_corrected,neutral,A,X,10,10,0.0,0.0,1.0,0.5,0.0,-2.425,-5.425,0.0,0.0
fibonacci_numbers__block_04__alpha256,fibonacci_numbers,4,concept__block_04__fibonacci_numbers,alpha,256,above_threshold,mad_corrected,evocative,A,X,10,10,0.0,0.0,1.0,0.5,0.0,-1.6125,-5.05,0.0,0.0
fibonacci_numbers__block_04__alpha256,fibonacci_numbers,4,concept__block_04__fibonacci_numbers,alpha,256,above_threshold,mad_corrected,neutral,A,Y,10,10,0.0,0.0,1.0,0.5,0.0,-3.825,-6.7,0.0,0.0
fibonacci_numbers__block_04__alpha256,fibonacci_numbers,4,concept__block_04__fibonacci_numbers,alpha,256,above_threshold,mad_corrected,evocative,A,Y,10,10,0.0,0.0,1.0,0.5,0.0,-2.5625,-5.65,0.0,0.0
fibonacci_numbers__block_04__alpha256,fibonacci_numbers,4,concept__block_04__fibonacci_numbers,alpha,256,above_threshold,mad_corrected,neutral,B,X,10,10,0.0,0.0,1.0,0.5,0.04,-2.8625,-3.925,0.0,0.0
fibonacci_numbers__block_04__alpha256,fibonacci_numbers,4,concept__block_04__fibonacci_numbers,alpha,256,above_threshold,mad_corrected,evocative,B,X,10,10,0.0,0.0,1.0,0.5,0.01,-2.45,-3.8625,0.0,0.0
fibonacci_numbers__block_04__alpha256,fibonacci_numbers,4,concept__block_04__fibonacci_numbers,alpha,256,above_threshold,mad_corrected,neutral,B,Y,10,10,0.0,0.0,1.0,0.5,0.22,-4.275,-4.8375,0.0,0.0
fibonacci_numbers__block_04__alpha256,fibonacci_numbers,4,concept__block_04__fibonacci_numbers,alpha,256,above_threshold,mad_corrected,evocative,B,Y,10,10,0.0,0.0,1.0,0.5,0.09,-3.2125,-4.5875,0.0,0.0
fibonacci_numbers__block_05__alpha128,fibonacci_numbers,5,concept__block_05__fibonacci_numbers,alpha,128,near_threshold,mad_corrected,neutral,A,X,10,10,0.0,0.0,1.0,0.5,0.0,-2.425,-4.6,0.0,0.0
fibonacci_numbers__block_05__alpha128,fibonacci_numbers,5,concept__block_05__fibonacci_numbers,alpha,128,near_threshold,mad_corrected,evocative,A,X,10,10,0.0,0.0,1.0,0.5,0.0,-1.6125,-3.6,0.0,0.0
fibonacci_numbers__block_05__alpha128,fibonacci_numbers,5,concept__block_05__fibonacci_numbers,alpha,128,near_threshold,mad_corrected,neutral,A,Y,10,10,0.0,0.0,1.0,0.5,0.1,-3.825,-5.1625,0.0,0.0
fibonacci_numbers__block_05__alpha128,fibonacci_numbers,5,concept__block_05__fibonacci_numbers,alpha,128,near_threshold,mad_corrected,evocative,A,Y,10,10,0.0,0.0,1.0,0.5,0.095,-2.5625,-3.3375,0.0,0.0
fibonacci_numbers__block_05__alpha128,fibonacci_numbers,5,concept__block_05__fibonacci_numbers,alpha,128,near_threshold,mad_corrected,neutral,B,X,10,10,0.0,0.0,1.0,0.5,0.02,-2.8625,-4.0625,0.0,0.0
fibonacci_numbers__block_05__alpha128,fibonacci_numbers,5,concept__block_05__fibonacci_numbers,alpha,128,near_threshold,mad_corrected,evocative,B,X,10,10,0.0,0.0,1.0,0.5,0.01,-2.45,-3.9,0.0,0.0
fibonacci_numbers__block_05__alpha128,fibonacci_numbers,5,concept__block_05__fibonacci_numbers,alpha,128,near_threshold,mad_corrected,neutral,B,Y,10,10,0.0,0.0,1.0,0.5,0.265,-4.275,-4.6875,0.0,0.0
fibonacci_numbers__block_05__alpha128,fibonacci_numbers,5,concept__block_05__fibonacci_numbers,alpha,128,near_threshold,mad_corrected,evocative,B,Y,10,10,0.0,0.0,1.0,0.5,0.185,-3.2125,-4.0875,0.0,0.0
fibonacci_numbers__block_05__alpha256,fibonacci_numbers,5,concept__block_05__fibonacci_numbers,alpha,256,above_threshold,mad_corrected,neutral,A,X,10,10,0.0,0.0,1.0,0.5,0.0,-2.425,-4.6375,0.0,0.0
fibonacci_numbers__block_05__alpha256,fibonacci_numbers,5,concept__block_05__fibonacci_numbers,alpha,256,above_threshold,mad_corrected,evocative,A,X,10,10,0.0,0.0,1.0,0.5,0.0,-1.6125,-3.6875,0.0,0.0
fibonacci_numbers__block_05__alpha256,fibonacci_numbers,5,concept__block_05__fibonacci_numbers,alpha,256,above_threshold,mad_corrected,neutral,A,Y,10,10,0.0,0.0,1.0,0.5,0.095,-3.825,-5.2125,0.0,0.0
fibonacci_numbers__block_05__alpha256,fibonacci_numbers,5,concept__block_05__fibonacci_numbers,alpha,256,above_threshold,mad_corrected,evocative,A,Y,10,10,0.0,0.0,1.0,0.5,0.11,-2.5625,-3.4625,0.0,0.0
fibonacci_numbers__block_05__alpha256,fibonacci_numbers,5,concept__block_05__fibonacci_numbers,alpha,256,above_threshold,mad_corrected,neutral,B,X,10,10,0.0,0.0,1.0,0.5,0.005,-2.8625,-4.15,0.0,0.0
fibonacci_numbers__block_05__alpha256,fibonacci_numbers,5,concept__block_05__fibonacci_numbers,alpha,256,above_threshold,mad_corrected,evocative,B,X,10,10,0.0,0.0,1.0,0.5,0.005,-2.45,-4.0,0.0,0.0
fibonacci_numbers__block_05__alpha256,fibonacci_numbers,5,concept__block_05__fibonacci_numbers,alpha,256,above_threshold,mad_corrected,neutral,B,Y,10,10,0.0,0.0,1.0,0.5,0.15,-4.275,-4.95,0.0,0.0
fibonacci_numbers__block_05__alpha256,fibonacci_numbers,5,concept__block_05__fibonacci_numbers,alpha,256,above_threshold,mad_corrected,evocative,B,Y,10,10,0.0,0.0,1.0,0.5,0.09,-3.2125,-4.3875,0.0,0.0
fibonacci_numbers__block_06__alpha128,fibonacci_numbers,6,concept__block_06__fibonacci_numbers,alpha,128,near_threshold,mad_corrected,neutral,A,X,10,10,0.0,0.0,1.0,0.5,0.085,-2.425,-2.975,0.0,0.0
fibonacci_numbers__block_06__alpha128,fibonacci_numbers,6,concept__block_06__fibonacci_numbers,alpha,128,near_threshold,mad_corrected,evocative,A,X,10,10,0.0,0.0,1.0,0.5,0.435,-1.6125,-1.8375,0.0,0.0
fibonacci_numbers__block_06__alpha128,fibonacci_numbers,6,concept__block_06__fibonacci_numbers,alpha,128,near_threshold,mad_corrected,neutral,A,Y,10,10,0.0,0.0,1.0,0.5,0.63,-3.825,-3.55,0.0,0.0
fibonacci_numbers__block_06__alpha128,fibonacci_numbers,6,concept__block_06__fibonacci_numbers,alpha,128,near_threshold,mad_corrected,evocative,A,Y,10,10,0.0,0.0,1.0,0.5,0.8,-2.5625,-2.025,0.0,0.0
fibonacci_numbers__block_06__alpha128,fibonacci_numbers,6,concept__block_06__fibonacci_numbers,alpha,128,near_threshold,mad_corrected,neutral,B,X,10,10,0.0,0.0,1.0,0.5,0.645,-2.8625,-2.625,0.0,0.0
fibonacci_numbers__block_06__alpha128,fibonacci_numbers,6,concept__block_06__fibonacci_numbers,alpha,128,near_threshold,mad_corrected,evocative,B,X,10,10,0.0,0.0,1.0,0.5,0.745,-2.45,-2.1625,0.0,0.0
fibonacci_numbers__block_06__alpha128,fibonacci_numbers,6,concept__block_06__fibonacci_numbers,alpha,128,near_threshold,mad_corrected,neutral,B,Y,10,10,0.0,0.0,1.0,0.5,0.95,-4.275,-3.2125,0.0,0.0
fibonacci_numbers__block_06__alpha128,fibonacci_numbers,6,concept__block_06__fibonacci_numbers,alpha,128,near_threshold,mad_corrected,evocative,B,Y,10,10,0.0,0.0,1.0,0.5,0.785,-3.2125,-2.525,0.0,0.0
fibonacci_numbers__block_06__alpha256,fibonacci_numbers,6,concept__block_06__fibonacci_numbers,alpha,256,above_threshold,mad_corrected,neutral,A,X,10,10,0.0,0.0,1.0,0.5,0.195,-2.425,-2.825,0.0,0.0
fibonacci_numbers__block_06__alpha256,fibonacci_numbers,6,concept__block_06__fibonacci_numbers,alpha,256,above_threshold,mad_corrected,evocative,A,X,10,10,0.0,0.0,1.0,0.5,0.505,-1.6125,-1.65,0.0,0.0
fibonacci_numbers__block_06__alpha256,fibonacci_numbers,6,concept__block_06__fibonacci_numbers,alpha,256,above_threshold,mad_corrected,neutral,A,Y,10,10,0.0,0.0,1.0,0.5,0.665,-3.825,-3.4625,0.0,0.0
fibonacci_numbers__block_06__alpha256,fibonacci_numbers,6,concept__block_06__fibonacci_numbers,alpha,256,above_threshold,mad_corrected,evocative,A,Y,10,10,0.0,0.0,1.0,0.5,0.78,-2.5625,-2.025,0.0,0.0
fibonacci_numbers__block_06__alpha256,fibonacci_numbers,6,concept__block_06__fibonacci_numbers,alpha,256,above_threshold,mad_corrected,neutral,B,X,10,10,0.0,0.0,1.0,0.5,0.73,-2.8625,-2.5125,0.0,0.0
fibonacci_numbers__block_06__alpha256,fibonacci_numbers,6,concept__block_06__fibonacci_numbers,alpha,256,above_threshold,mad_corrected,evocative,B,X,10,10,0.0,0.0,1.0,0.5,0.8,-2.45,-2.025,0.0,0.0
fibonacci_numbers__block_06__alpha256,fibonacci_numbers,6,concept__block_06__fibonacci_numbers,alpha,256,above_threshold,mad_corrected,neutral,B,Y,10,10,0.0,0.0,1.0,0.5,0.925,-4.275,-3.2625,0.0,0.0
fibonacci_numbers__block_06__alpha256,fibonacci_numbers,6,concept__block_06__fibonacci_numbers,alpha,256,above_threshold,mad_corrected,evocative,B,Y,10,10,0.0,0.0,1.0,0.5,0.73,-3.2125,-2.65,0.0,0.0
fibonacci_numbers__block_07__alpha128,fibonacci_numbers,7,concept__block_07__fibonacci_numbers,alpha,128,near_threshold,mad_corrected,neutral,A,X,10,10,0.0,0.0,1.0,0.5,0.66,-2.425,-2.225,0.0,0.0
fibonacci_numbers__block_07__alpha128,fibonacci_numbers,7,concept__block_07__fibonacci_numbers,alpha,128,near_threshold,mad_corrected,evocative,A,X,10,10,0.0,0.0,1.0,0.5,0.57,-1.6125,-1.5,0.0,0.0
fibonacci_numbers__block_07__alpha128,fibonacci_numbers,7,concept__block_07__fibonacci_numbers,alpha,128,near_threshold,mad_corrected,neutral,A,Y,10,10,0.0,0.0,1.0,0.5,0.965,-3.825,-2.625,0.0,0.0
fibonacci_numbers__block_07__alpha128,fibonacci_numbers,7,concept__block_07__fibonacci_numbers,alpha,128,near_threshold,mad_corrected,evocative,A,Y,10,10,0.0,0.0,1.0,0.5,0.895,-2.5625,-1.9375,0.0,0.0
fibonacci_numbers__block_07__alpha128,fibonacci_numbers,7,concept__block_07__fibonacci_numbers,alpha,128,near_threshold,mad_corrected,neutral,B,X,10,10,0.0,0.0,1.0,0.5,0.145,-2.8625,-3.5,0.0,0.0
fibonacci_numbers__block_07__alpha128,fibonacci_numbers,7,concept__block_07__fibonacci_numbers,alpha,128,near_threshold,mad_corrected,evocative,B,X,10,10,0.0,0.0,1.0,0.5,0.125,-2.45,-3.0375,0.0,0.0
fibonacci_numbers__block_07__alpha128,fibonacci_numbers,7,concept__block_07__fibonacci_numbers,alpha,128,near_threshold,mad_corrected,neutral,B,Y,10,10,0.0,0.0,1.0,0.5,0.425,-4.275,-4.3625,0.0,0.0
fibonacci_numbers__block_07__alpha128,fibonacci_numbers,7,concept__block_07__fibonacci_numbers,alpha,128,near_threshold,mad_corrected,evocative,B,Y,10,10,0.0,0.0,1.0,0.5,0.325,-3.2125,-3.6375,0.0,0.0
fibonacci_numbers__block_07__alpha256,fibonacci_numbers,7,concept__block_07__fibonacci_numbers,alpha,256,above_threshold,mad_corrected,neutral,A,X,10,10,0.0,0.0,1.0,0.5,0.67,-2.425,-2.2,0.0,0.0
fibonacci_numbers__block_07__alpha256,fibonacci_numbers,7,concept__block_07__fibonacci_numbers,alpha,256,above_threshold,mad_corrected,evocative,A,X,10,10,0.0,0.0,1.0,0.5,0.525,-1.6125,-1.5625,0.0,0.0
fibonacci_numbers__block_07__alpha256,fibonacci_numbers,7,concept__block_07__fibonacci_numbers,alpha,256,above_threshold,mad_corrected,neutral,A,Y,10,10,0.0,0.0,1.0,0.5,0.98,-3.825,-2.55,0.0,0.0
fibonacci_numbers__block_07__alpha256,fibonacci_numbers,7,concept__block_07__fibonacci_numbers,alpha,256,above_threshold,mad_corrected,evocative,A,Y,10,10,0.0,0.0,1.0,0.5,0.935,-2.5625,-1.7875,0.0,0.0
fibonacci_numbers__block_07__alpha256,fibonacci_numbers,7,concept__block_07__fibonacci_numbers,alpha,256,above_threshold,mad_corrected,neutral,B,X,10,10,0.0,0.0,1.0,0.5,0.09,-2.8625,-3.675,0.0,0.0
fibonacci_numbers__block_07__alpha256,fibonacci_numbers,7,concept__block_07__fibonacci_numbers,alpha,256,above_threshold,mad_corrected,evocative,B,X,10,10,0.0,0.0,1.0,0.5,0.105,-2.45,-3.1875,0.0,0.0
fibonacci_numbers__block_07__alpha256,fibonacci_numbers,7,concept__block_07__fibonacci_numbers,alpha,256,above_threshold,mad_corrected,neutral,B,Y,10,10,0.0,0.0,1.0,0.5,0.405,-4.275,-4.3375,0.0,0.0
fibonacci_numbers__block_07__alpha256,fibonacci_numbers,7,concept__block_07__fibonacci_numbers,alpha,256,above_threshold,mad_corrected,evocative,B,Y,10,10,0.0,0.0,1.0,0.5,0.345,-3.2125,-3.6,0.0,0.0
fibonacci_numbers__block_08__alpha128,fibonacci_numbers,8,concept__block_08__fibonacci_numbers,alpha,128,near_threshold,mad_corrected,neutral,A,X,10,10,0.0,0.0,1.0,0.5,0.635,-2.425,-2.3125,0.0,0.0
fibonacci_numbers__block_08__alpha128,fibonacci_numbers,8,concept__block_08__fibonacci_numbers,alpha,128,near_threshold,mad_corrected,evocative,A,X,10,10,0.0,0.0,1.0,0.5,0.545,-1.6125,-1.575,0.0,0.0
fibonacci_numbers__block_08__alpha128,fibonacci_numbers,8,concept__block_08__fibonacci_numbers,alpha,128,near_threshold,mad_corrected,neutral,A,Y,10,10,0.0,0.0,1.0,0.5,0.93,-3.825,-2.675,0.0,0.0
fibonacci_numbers__block_08__alpha128,fibonacci_numbers,8,concept__block_08__fibonacci_numbers,alpha,128,near_threshold,mad_corrected,evocative,A,Y,10,10,0.0,0.0,1.0,0.5,0.965,-2.5625,-1.5375,0.0,0.0
fibonacci_numbers__block_08__alpha128,fibonacci_numbers,8,concept__block_08__fibonacci_numbers,alpha,128,near_threshold,mad_corrected,neutral,B,X,10,10,0.0,0.0,1.0,0.5,0.52,-2.8625,-2.825,0.0,0.0
fibonacci_numbers__block_08__alpha128,fibonacci_numbers,8,concept__block_08__fibonacci_numbers,alpha,128,near_threshold,mad_corrected,evocative,B,X,10,10,0.0,0.0,1.0,0.5,0.605,-2.45,-2.375,0.0,0.0
fibonacci_numbers__block_08__alpha128,fibonacci_numbers,8,concept__block_08__fibonacci_numbers,alpha,128,near_threshold,mad_corrected,neutral,B,Y,10,10,0.0,0.0,1.0,0.5,0.96,-4.275,-3.5,0.0,0.0
fibonacci_numbers__block_08__alpha128,fibonacci_numbers,8,concept__block_08__fibonacci_numbers,alpha,128,near_threshold,mad_corrected,evocative,B,Y,10,10,0.0,0.0,1.0,0.5,0.69,-3.2125,-2.6375,0.0,0.0
fibonacci_numbers__block_08__alpha256,fibonacci_numbers,8,concept__block_08__fibonacci_numbers,alpha,256,above_threshold,mad_corrected,neutral,A,X,10,10,0.0,0.0,1.0,0.5,0.685,-2.425,-2.2,0.0,0.0
fibonacci_numbers__block_08__alpha256,fibonacci_numbers,8,concept__block_08__fibonacci_numbers,alpha,256,above_threshold,mad_corrected,evocative,A,X,10,10,0.0,0.0,1.0,0.5,0.6,-1.6125,-1.45,0.0,0.0
fibonacci_numbers__block_08__alpha256,fibonacci_numbers,8,concept__block_08__fibonacci_numbers,alpha,256,above_threshold,mad_corrected,neutral,A,Y,10,10,0.0,0.0,1.0,0.5,0.97,-3.825,-2.4375,0.0,0.0
fibonacci_numbers__block_08__alpha256,fibonacci_numbers,8,concept__block_08__fibonacci_numbers,alpha,256,above_threshold,mad_corrected,evocative,A,Y,10,10,0.0,0.0,1.0,0.5,1.0,-2.5625,-1.35,0.0,0.0
fibonacci_numbers__block_08__alpha256,fibonacci_numbers,8,concept__block_08__fibonacci_numbers,alpha,256,above_threshold,mad_corrected,neutral,B,X,10,10,0.0,0.0,1.0,0.5,0.55,-2.8625,-2.7625,0.0,0.0
fibonacci_numbers__block_08__alpha256,fibonacci_numbers,8,concept__block_08__fibonacci_numbers,alpha,256,above_threshold,mad_corrected,evocative,B,X,10,10,0.0,0.0,1.0,0.5,0.67,-2.45,-2.325,0.0,0.0
fibonacci_numbers__block_08__alpha256,fibonacci_numbers,8,concept__block_08__fibonacci_numbers,alpha,256,above_threshold,mad_corrected,neutral,B,Y,10,10,0.0,0.0,1.0,0.5,0.995,-4.275,-3.2375,0.0,0.0
fibonacci_numbers__block_08__alpha256,fibonacci_numbers,8,concept__block_08__fibonacci_numbers,alpha,256,above_threshold,mad_corrected,evocative,B,Y,10,10,0.0,0.0,1.0,0.5,0.82,-3.2125,-2.4375,0.0,0.0
fibonacci_numbers__block_09__alpha128,fibonacci_numbers,9,concept__block_09__fibonacci_numbers,alpha,128,near_threshold,mad_corrected,neutral,A,X,10,10,0.0,0.0,1.0,0.5,0.0,-2.425,-4.025,0.0,0.0
fibonacci_numbers__block_09__alpha128,fibonacci_numbers,9,concept__block_09__fibonacci_numbers,alpha,128,near_threshold,mad_corrected,evocative,A,X,10,10,0.0,0.0,1.0,0.5,0.0,-1.6125,-3.2875,0.0,0.0
fibonacci_numbers__block_09__alpha128,fibonacci_numbers,9,concept__block_09__fibonacci_numbers,alpha,128,near_threshold,mad_corrected,neutral,A,Y,10,10,0.0,0.0,1.0,0.5,0.255,-3.825,-4.3875,0.0,0.0
fibonacci_numbers__block_09__alpha128,fibonacci_numbers,9,concept__block_09__fibonacci_numbers,alpha,128,near_threshold,mad_corrected,evocative,A,Y,10,10,0.0,0.0,1.0,0.5,0.18,-2.5625,-2.9375,0.0,0.0
fibonacci_numbers__block_09__alpha128,fibonacci_numbers,9,concept__block_09__fibonacci_numbers,alpha,128,near_threshold,mad_corrected,neutral,B,X,10,10,0.0,0.0,1.0,0.5,0.005,-2.8625,-4.225,0.0,0.0
fibonacci_numbers__block_09__alpha128,fibonacci_numbers,9,concept__block_09__fibonacci_numbers,alpha,128,near_threshold,mad_corrected,evocative,B,X,10,10,0.0,0.0,1.0,0.5,0.0,-2.45,-4.1125,0.0,0.0
fibonacci_numbers__block_09__alpha128,fibonacci_numbers,9,concept__block_09__fibonacci_numbers,alpha,128,near_threshold,mad_corrected,neutral,B,Y,10,10,0.0,0.0,1.0,0.5,0.24,-4.275,-4.625,0.0,0.0
fibonacci_numbers__block_09__alpha128,fibonacci_numbers,9,concept__block_09__fibonacci_numbers,alpha,128,near_threshold,mad_corrected,evocative,B,Y,10,10,0.0,0.0,1.0,0.5,0.31,-3.2125,-3.7,0.0,0.0
fibonacci_numbers__block_09__alpha256,fibonacci_numbers,9,concept__block_09__fibonacci_numbers,alpha,256,above_threshold,mad_corrected,neutral,A,X,10,10,0.0,0.0,1.0,0.5,0.0,-2.425,-4.075,0.0,0.0
fibonacci_numbers__block_09__alpha256,fibonacci_numbers,9,concept__block_09__fibonacci_numbers,alpha,256,above_threshold,mad_corrected,evocative,A,X,10,10,0.0,0.0,1.0,0.5,0.0,-1.6125,-3.2875,0.0,0.0
fibonacci_numbers__block_09__alpha256,fibonacci_numbers,9,concept__block_09__fibonacci_numbers,alpha,256,above_threshold,mad_corrected,neutral,A,Y,10,10,0.0,0.0,1.0,0.5,0.43,-3.825,-3.975,0.0,0.0
fibonacci_numbers__block_09__alpha256,fibonacci_numbers,9,concept__block_09__fibonacci_numbers,alpha,256,above_threshold,mad_corrected,evocative,A,Y,10,10,0.0,0.0,1.0,0.5,0.535,-2.5625,-2.5375,0.0,0.0
fibonacci_numbers__block_09__alpha256,fibonacci_numbers,9,concept__block_09__fibonacci_numbers,alpha,256,above_threshold,mad_corrected,neutral,B,X,10,10,0.0,0.0,1.0,0.5,0.0,-2.8625,-4.35,0.0,0.0
fibonacci_numbers__block_09__alpha256,fibonacci_numbers,9,concept__block_09__fibonacci_numbers,alpha,256,above_threshold,mad_corrected,evocative,B,X,10,10,0.0,0.0,1.0,0.5,0.0,-2.45,-4.2375,0.0,0.0
fibonacci_numbers__block_09__alpha256,fibonacci_numbers,9,concept__block_09__fibonacci_numbers,alpha,256,above_threshold,mad_corrected,neutral,B,Y,10,10,0.0,0.0,1.0,0.5,0.59,-4.275,-4.15,0.0,0.0
fibonacci_numbers__block_09__alpha256,fibonacci_numbers,9,concept__block_09__fibonacci_numbers,alpha,256,above_threshold,mad_corrected,evocative,B,Y,10,10,0.0,0.0,1.0,0.5,0.44,-3.2125,-3.325,0.0,0.0
fibonacci_numbers__block_10__alpha128,fibonacci_numbers,10,concept__block_10__fibonacci_numbers,alpha,128,near_threshold,mad_corrected,neutral,A,X,10,10,0.0,0.0,1.0,0.5,0.055,-2.425,-3.1625,0.0,0.0
fibonacci_numbers__block_10__alpha128,fibonacci_numbers,10,concept__block_10__fibonacci_numbers,alpha,128,near_threshold,mad_corrected,evocative,A,X,10,10,0.0,0.0,1.0,0.5,0.135,-1.6125,-2.325,0.0,0.0
fibonacci_numbers__block_10__alpha128,fibonacci_numbers,10,concept__block_10__fibonacci_numbers,alpha,128,near_threshold,mad_corrected,neutral,A,Y,10,10,0.0,0.0,1.0,0.5,0.335,-3.825,-4.125,0.0,0.0
fibonacci_numbers__block_10__alpha128,fibonacci_numbers,10,concept__block_10__fibonacci_numbers,alpha,128,near_threshold,mad_corrected,evocative,A,Y,10,10,0.0,0.0,1.0,0.5,0.48,-2.5625,-2.6125,0.0,0.0
fibonacci_numbers__block_10__alpha128,fibonacci_numbers,10,concept__block_10__fibonacci_numbers,alpha,128,near_threshold,mad_corrected,neutral,B,X,10,10,0.0,0.0,1.0,0.5,0.19,-2.8625,-3.35,0.0,0.0
fibonacci_numbers__block_10__alpha128,fibonacci_numbers,10,concept__block_10__fibonacci_numbers,alpha,128,near_threshold,mad_corrected,evocative,B,X,10,10,0.0,0.0,1.0,0.5,0.23,-2.45,-2.7625,0.0,0.0
fibonacci_numbers__block_10__alpha128,fibonacci_numbers,10,concept__block_10__fibonacci_numbers,alpha,128,near_threshold,mad_corrected,neutral,B,Y,10,10,0.0,0.0,1.0,0.5,0.36,-4.275,-4.425,0.0,0.0
fibonacci_numbers__block_10__alpha128,fibonacci_numbers,10,concept__block_10__fibonacci_numbers,alpha,128,near_threshold,mad_corrected,evocative,B,Y,10,10,0.0,0.0,1.0,0.5,0.485,-3.2125,-3.1875,0.0,0.0
fibonacci_numbers__block_10__alpha256,fibonacci_numbers,10,concept__block_10__fibonacci_numbers,alpha,256,above_threshold,mad_corrected,neutral,A,X,10,10,0.0,0.0,1.0,0.5,0.055,-2.425,-3.1625,0.0,0.0
fibonacci_numbers__block_10__alpha256,fibonacci_numbers,10,concept__block_10__fibonacci_numbers,alpha,256,above_threshold,mad_corrected,evocative,A,X,10,10,0.0,0.0,1.0,0.5,0.14,-1.6125,-2.3,0.0,0.0
fibonacci_numbers__block_10__alpha256,fibonacci_numbers,10,concept__block_10__fibonacci_numbers,alpha,256,above_threshold,mad_corrected,neutral,A,Y,10,10,0.0,0.0,1.0,0.5,0.495,-3.825,-3.825,0.0,0.0
fibonacci_numbers__block_10__alpha256,fibonacci_numbers,10,concept__block_10__fibonacci_numbers,alpha,256,above_threshold,mad_corrected,evocative,A,Y,10,10,0.0,0.0,1.0,0.5,0.695,-2.5625,-2.3625,0.0,0.0
fibonacci_numbers__block_10__alpha256,fibonacci_numbers,10,concept__block_10__fibonacci_numbers,alpha,256,above_threshold,mad_corrected,neutral,B,X,10,10,0.0,0.0,1.0,0.5,0.17,-2.8625,-3.4,0.0,0.0
fibonacci_numbers__block_10__alpha256,fibonacci_numbers,10,concept__block_10__fibonacci_numbers,alpha,256,above_threshold,mad_corrected,evocative,B,X,10,10,0.0,0.0,1.0,0.5,0.265,-2.45,-2.75,0.0,0.0
fibonacci_numbers__block_10__alpha256,fibonacci_numbers,10,concept__block_10__fibonacci_numbers,alpha,256,above_threshold,mad_corrected,neutral,B,Y,10,10,0.0,0.0,1.0,0.5,0.745,-4.275,-3.9875,0.0,0.0
fibonacci_numbers__block_10__alpha256,fibonacci_numbers,10,concept__block_10__fibonacci_numbers,alpha,256,above_threshold,mad_corrected,evocative,B,Y,10,10,0.0,0.0,1.0,0.5,0.665,-3.2125,-2.825,0.0,0.0
fibonacci_numbers__block_11__alpha128,fibonacci_numbers,11,concept__block_11__fibonacci_numbers,alpha,128,near_threshold,mad_corrected,neutral,A,X,10,10,0.0,0.0,1.0,0.5,0.38,-2.425,-2.5,0.0,0.0
fibonacci_numbers__block_11__alpha128,fibonacci_numbers,11,concept__block_11__fibonacci_numbers,alpha,128,near_threshold,mad_corrected,evocative,A,X,10,10,0.0,0.0,1.0,0.5,0.325,-1.6125,-1.925,0.0,0.0
fibonacci_numbers__block_11__alpha128,fibonacci_numbers,11,concept__block_11__fibonacci_numbers,alpha,128,near_threshold,mad_corrected,neutral,A,Y,10,10,0.0,0.0,1.0,0.5,0.91,-3.825,-2.875,0.0,0.0
fibonacci_numbers__block_11__alpha128,fibonacci_numbers,11,concept__block_11__fibonacci_numbers,alpha,128,near_threshold,mad_corrected,evocative,A,Y,10,10,0.0,0.0,1.0,0.5,0.875,-2.5625,-1.95,0.0,0.0
fibonacci_numbers__block_11__alpha128,fibonacci_numbers,11,concept__block_11__fibonacci_numbers,alpha,128,near_threshold,mad_corrected,neutral,B,X,10,10,0.0,0.0,1.0,0.5,0.49,-2.8625,-2.8875,0.0,0.0
fibonacci_numbers__block_11__alpha128,fibonacci_numbers,11,concept__block_11__fibonacci_numbers,alpha,128,near_threshold,mad_corrected,evocative,B,X,10,10,0.0,0.0,1.0,0.5,0.465,-2.45,-2.5125,0.0,0.0
fibonacci_numbers__block_11__alpha128,fibonacci_numbers,11,concept__block_11__fibonacci_numbers,alpha,128,near_threshold,mad_corrected,neutral,B,Y,10,10,0.0,0.0,1.0,0.5,1.0,-4.275,-2.9125,0.0,0.0
fibonacci_numbers__block_11__alpha128,fibonacci_numbers,11,concept__block_11__fibonacci_numbers,alpha,128,near_threshold,mad_corrected,evocative,B,Y,10,10,0.0,0.0,1.0,0.5,0.93,-3.2125,-1.9875,0.0,0.0
fibonacci_numbers__block_11__alpha256,fibonacci_numbers,11,concept__block_11__fibonacci_numbers,alpha,256,above_threshold,mad_corrected,neutral,A,X,10,10,0.0,0.0,1.0,0.5,0.415,-2.425,-2.5,0.0,0.0
fibonacci_numbers__block_11__alpha256,fibonacci_numbers,11,concept__block_11__fibonacci_numbers,alpha,256,above_threshold,mad_corrected,evocative,A,X,10,10,0.0,0.0,1.0,0.5,0.295,-1.6125,-1.9625,0.0,0.0
fibonacci_numbers__block_11__alpha256,fibonacci_numbers,11,concept__block_11__fibonacci_numbers,alpha,256,above_threshold,mad_corrected,neutral,A,Y,10,10,0.0,0.0,1.0,0.5,0.975,-3.825,-2.5875,0.0,0.0
fibonacci_numbers__block_11__alpha256,fibonacci_numbers,11,concept__block_11__fibonacci_numbers,alpha,256,above_threshold,mad_corrected,evocative,A,Y,10,10,0.0,0.0,1.0,0.5,0.95,-2.5625,-1.675,0.0,0.0
fibonacci_numbers__block_11__alpha256,fibonacci_numbers,11,concept__block_11__fibonacci_numbers,alpha,256,above_threshold,mad_corrected,neutral,B,X,10,10,0.0,0.0,1.0,0.5,0.435,-2.8625,-2.975,0.0,0.0
fibonacci_numbers__block_11__alpha256,fibonacci_numbers,11,concept__block_11__fibonacci_numbers,alpha,256,above_threshold,mad_corrected,evocative,B,X,10,10,0.0,0.0,1.0,0.5,0.415,-2.45,-2.5375,0.0,0.0
fibonacci_numbers__block_11__alpha256,fibonacci_numbers,11,concept__block_11__fibonacci_numbers,alpha,256,above_threshold,mad_corrected,neutral,B,Y,10,10,0.0,0.0,1.0,0.5,1.0,-4.275,-2.4125,0.0,0.0
fibonacci_numbers__block_11__alpha256,fibonacci_numbers,11,concept__block_11__fibonacci_numbers,alpha,256,above_threshold,mad_corrected,evocative,B,Y,10,10,0.0,0.0,1.0,0.5,0.96,-3.2125,-1.5875,0.0,0.0
fibonacci_numbers__block_12__alpha128,fibonacci_numbers,12,concept__block_12__fibonacci_numbers,alpha,128,near_threshold,mad_corrected,neutral,A,X,10,10,0.0,0.0,1.0,0.5,0.145,-2.425,-3.025,0.0,0.0
fibonacci_numbers__block_12__alpha128,fibonacci_numbers,12,concept__block_12__fibonacci_numbers,alpha,128,near_threshold,mad_corrected,evocative,A,X,10,10,0.0,0.0,1.0,0.5,0.11,-1.6125,-2.375,0.0,0.0
fibonacci_numbers__block_12__alpha128,fibonacci_numbers,12,concept__block_12__fibonacci_numbers,alpha,128,near_threshold,mad_corrected,neutral,A,Y,10,10,0.0,0.0,1.0,0.5,0.97,-3.825,-2.675,0.0,0.0
fibonacci_numbers__block_12__alpha128,fibonacci_numbers,12,concept__block_12__fibonacci_numbers,alpha,128,near_threshold,mad_corrected,evocative,A,Y,10,10,0.0,0.0,1.0,0.5,1.0,-2.5625,-1.4875,0.0,0.0
fibonacci_numbers__block_12__alpha128,fibonacci_numbers,12,concept__block_12__fibonacci_numbers,alpha,128,near_threshold,mad_corrected,neutral,B,X,10,10,0.0,0.0,1.0,0.5,0.07,-2.8625,-3.7,0.0,0.0
fibonacci_numbers__block_12__alpha128,fibonacci_numbers,12,concept__block_12__fibonacci_numbers,alpha,128,near_threshold,mad_corrected,evocative,B,X,10,10,0.0,0.0,1.0,0.5,0.075,-2.45,-3.325,0.0,0.0
fibonacci_numbers__block_12__alpha128,fibonacci_numbers,12,concept__block_12__fibonacci_numbers,alpha,128,near_threshold,mad_corrected,neutral,B,Y,10,10,0.0,0.0,1.0,0.5,1.0,-4.275,-3.3125,0.0,0.0
fibonacci_numbers__block_12__alpha128,fibonacci_numbers,12,concept__block_12__fibonacci_numbers,alpha,128,near_threshold,mad_corrected,evocative,B,Y,10,10,0.0,0.0,1.0,0.5,0.805,-3.2125,-2.2875,0.0,0.0
fibonacci_numbers__block_12__alpha256,fibonacci_numbers,12,concept__block_12__fibonacci_numbers,alpha,256,above_threshold,mad_corrected,neutral,A,X,10,10,0.0,0.0,1.0,0.5,0.14,-2.425,-3.075,0.0,0.0
fibonacci_numbers__block_12__alpha256,fibonacci_numbers,12,concept__block_12__fibonacci_numbers,alpha,256,above_threshold,mad_corrected,evocative,A,X,10,10,0.0,0.0,1.0,0.5,0.105,-1.6125,-2.4,0.0,0.0
fibonacci_numbers__block_12__alpha256,fibonacci_numbers,12,concept__block_12__fibonacci_numbers,alpha,256,above_threshold,mad_corrected,neutral,A,Y,10,10,0.0,0.0,1.0,0.5,0.99,-3.825,-2.4625,0.0,0.0
fibonacci_numbers__block_12__alpha256,fibonacci_numbers,12,concept__block_12__fibonacci_numbers,alpha,256,above_threshold,mad_corrected,evocative,A,Y,10,10,0.0,0.0,1.0,0.5,1.0,-2.5625,-1.3,0.0,0.0
fibonacci_numbers__block_12__alpha256,fibonacci_numbers,12,concept__block_12__fibonacci_numbers,alpha,256,above_threshold,mad_corrected,neutral,B,X,10,10,0.0,0.0,1.0,0.5,0.055,-2.8625,-3.75,0.0,0.0
fibonacci_numbers__block_12__alpha256,fibonacci_numbers,12,concept__block_12__fibonacci_numbers,alpha,256,above_threshold,mad_corrected,evocative,B,X,10,10,0.0,0.0,1.0,0.5,0.03,-2.45,-3.4125,0.0,0.0
fibonacci_numbers__block_12__alpha256,fibonacci_numbers,12,concept__block_12__fibonacci_numbers,alpha,256,above_threshold,mad_corrected,neutral,B,Y,10,10,0.0,0.0,1.0,0.5,1.0,-4.275,-2.9875,0.0,0.0
fibonacci_numbers__block_12__alpha256,fibonacci_numbers,12,concept__block_12__fibonacci_numbers,alpha,256,above_threshold,mad_corrected,evocative,B,Y,10,10,0.0,0.0,1.0,0.5,0.98,-3.2125,-1.975,0.0,0.0
fibonacci_numbers__block_13__alpha128,fibonacci_numbers,13,concept__block_13__fibonacci_numbers,alpha,128,near_threshold,mad_corrected,neutral,A,X,10,10,0.0,0.0,1.0,0.5,0.85,-2.425,-2.025,0.0,0.0
fibonacci_numbers__block_13__alpha128,fibonacci_numbers,13,concept__block_13__fibonacci_numbers,alpha,128,near_threshold,mad_corrected,evocative,A,X,10,10,0.0,0.0,1.0,0.5,0.625,-1.6125,-1.425,0.0,0.0
fibonacci_numbers__block_13__alpha128,fibonacci_numbers,13,concept__block_13__fibonacci_numbers,alpha,128,near_threshold,mad_corrected,neutral,A,Y,10,10,0.0,0.0,1.0,0.5,1.0,-3.825,-1.275,0.0,0.0
fibonacci_numbers__block_13__alpha128,fibonacci_numbers,13,concept__block_13__fibonacci_numbers,alpha,128,near_threshold,mad_corrected,evocative,A,Y,10,10,0.0,0.0,1.0,0.5,1.0,-2.5625,-0.425,0.0,0.0
fibonacci_numbers__block_13__alpha128,fibonacci_numbers,13,concept__block_13__fibonacci_numbers,alpha,128,near_threshold,mad_corrected,neutral,B,X,10,10,0.0,0.0,1.0,0.5,0.685,-2.8625,-2.5625,0.0,0.0
fibonacci_numbers__block_13__alpha128,fibonacci_numbers,13,concept__block_13__fibonacci_numbers,alpha,128,near_threshold,mad_corrected,evocative,B,X,10,10,0.0,0.0,1.0,0.5,0.835,-2.45,-2.0125,0.0,0.0
fibonacci_numbers__block_13__alpha128,fibonacci_numbers,13,concept__block_13__fibonacci_numbers,alpha,128,near_threshold,mad_corrected,neutral,B,Y,10,10,0.0,0.0,1.0,0.5,1.0,-4.275,-1.7375,0.0,0.0
fibonacci_numbers__block_13__alpha128,fibonacci_numbers,13,concept__block_13__fibonacci_numbers,alpha,128,near_threshold,mad_corrected,evocative,B,Y,10,10,0.0,0.0,1.0,0.5,1.0,-3.2125,-0.825,0.0,0.0
fibonacci_numbers__block_13__alpha256,fibonacci_numbers,13,concept__block_13__fibonacci_numbers,alpha,256,above_threshold,mad_corrected,neutral,A,X,10,10,0.0,0.0,1.0,0.5,0.9,-2.425,-1.825,0.0,0.0
fibonacci_numbers__block_13__alpha256,fibonacci_numbers,13,concept__block_13__fibonacci_numbers,alpha,256,above_threshold,mad_corrected,evocative,A,X,10,10,0.0,0.0,1.0,0.5,0.69,-1.6125,-1.3125,0.0,0.0
fibonacci_numbers__block_13__alpha256,fibonacci_numbers,13,concept__block_13__fibonacci_numbers,alpha,256,above_threshold,mad_corrected,neutral,A,Y,10,10,0.0,0.0,1.0,0.5,1.0,-3.825,-1.0125,0.0,0.0
fibonacci_numbers__block_13__alpha256,fibonacci_numbers,13,concept__block_13__fibonacci_numbers,alpha,256,above_threshold,mad_corrected,evocative,A,Y,10,10,0.0,0.2,1.0,0.6,1.0,-2.5625,-0.2625,0.0,0.0
fibonacci_numbers__block_13__alpha256,fibonacci_numbers,13,concept__block_13__fibonacci_numbers,alpha,256,above_threshold,mad_corrected,neutral,B,X,10,10,0.0,0.0,1.0,0.5,0.8,-2.8625,-2.3125,0.0,0.0
fibonacci_numbers__block_13__alpha256,fibonacci_numbers,13,concept__block_13__fibonacci_numbers,alpha,256,above_threshold,mad_corrected,evocative,B,X,10,10,0.0,0.0,1.0,0.5,0.905,-2.45,-1.85,0.0,0.0
fibonacci_numbers__block_13__alpha256,fibonacci_numbers,13,concept__block_13__fibonacci_numbers,alpha,256,above_threshold,mad_corrected,neutral,B,Y,10,10,0.0,0.0,1.0,0.5,1.0,-4.275,-1.325,0.0,0.0
fibonacci_numbers__block_13__alpha256,fibonacci_numbers,13,concept__block_13__fibonacci_numbers,alpha,256,above_threshold,mad_corrected,evocative,B,Y,10,10,0.0,0.1,1.0,0.55,1.0,-3.2125,-0.4875,0.0,0.0
recursion__block_00__alpha128,recursion,0,concept__block_00__recursion,alpha,128,near_threshold,mad_corrected,neutral,A,X,10,10,0.0,0.0,1.0,0.5,1.0,-2.5125,-1.475,0.0,1.0
recursion__block_00__alpha128,recursion,0,concept__block_00__recursion,alpha,128,near_threshold,mad_corrected,evocative,A,X,10,10,0.0,0.0,1.0,0.5,0.755,-1.9375,-1.66875,0.0,1.0
recursion__block_00__alpha128,recursion,0,concept__block_00__recursion,alpha,128,near_threshold,mad_corrected,neutral,A,Y,10,10,0.0,0.0,1.0,0.5,1.0,-3.825,1.471875,0.0,1.0
recursion__block_00__alpha128,recursion,0,concept__block_00__recursion,alpha,128,near_threshold,mad_corrected,evocative,A,Y,10,10,0.0,0.0,1.0,0.5,1.0,-2.8375,1.634375,0.0,1.0
recursion__block_00__alpha128,recursion,0,concept__block_00__recursion,alpha,128,near_threshold,mad_corrected,neutral,B,X,10,10,0.0,0.0,1.0,0.5,1.0,-2.725,-0.74375,0.0,1.0
recursion__block_00__alpha128,recursion,0,concept__block_00__recursion,alpha,128,near_threshold,mad_corrected,evocative,B,X,10,10,0.0,0.0,1.0,0.5,1.0,-2.4875,-0.590625,0.0,1.0
recursion__block_00__alpha128,recursion,0,concept__block_00__recursion,alpha,128,near_threshold,mad_corrected,neutral,B,Y,10,10,0.0,0.0,1.0,0.5,1.0,-4.5125,0.8125,0.0,1.0
recursion__block_00__alpha128,recursion,0,concept__block_00__recursion,alpha,128,near_threshold,mad_corrected,evocative,B,Y,10,10,0.0,0.0,1.0,0.5,1.0,-3.55,0.815625,0.0,1.0
recursion__block_00__alpha256,recursion,0,concept__block_00__recursion,alpha,256,above_threshold,mad_corrected,neutral,A,X,10,10,0.0,0.0,1.0,0.5,0.97,-2.5125,-1.721875,0.0,1.0
recursion__block_00__alpha256,recursion,0,concept__block_00__recursion,alpha,256,above_threshold,mad_corrected,evocative,A,X,10,10,0.0,0.0,1.0,0.5,0.735,-1.9375,-1.75,0.0,1.0
recursion__block_00__alpha256,recursion,0,concept__block_00__recursion,alpha,256,above_threshold,mad_corrected,neutral,A,Y,10,10,0.0,0.0,1.0,0.5,1.0,-3.825,1.834375,0.0,1.0
recursion__block_00__alpha256,recursion,0,concept__block_00__recursion,alpha,256,above_threshold,mad_corrected,evocative,A,Y,10,10,0.0,0.0,1.0,0.5,1.0,-2.8375,1.90625,0.0,1.0
recursion__block_00__alpha256,recursion,0,concept__block_00__recursion,alpha,256,above_threshold,mad_corrected,neutral,B,X,10,10,0.0,0.0,1.0,0.5,0.905,-2.725,-1.43125,0.0,1.0
recursion__block_00__alpha256,recursion,0,concept__block_00__recursion,alpha,256,above_threshold,mad_corrected,evocative,B,X,10,10,0.0,0.0,1.0,0.5,0.91,-2.4875,-1.190625,0.0,1.0
recursion__block_00__alpha256,recursion,0,concept__block_00__recursion,alpha,256,above_threshold,mad_corrected,neutral,B,Y,10,10,0.0,0.0,1.0,0.5,1.0,-4.5125,1.5625,0.0,1.0
recursion__block_00__alpha256,recursion,0,concept__block_00__recursion,alpha,256,above_threshold,mad_corrected,evocative,B,Y,10,10,0.0,0.0,1.0,0.5,1.0,-3.55,1.2875,0.0,1.0
recursion__block_01__alpha128,recursion,1,concept__block_01__recursion,alpha,128,near_threshold,mad_corrected,neutral,A,X,10,10,0.0,0.0,1.0,0.5,0.0,-2.5125,-4.925,0.0,0.0
recursion__block_01__alpha128,recursion,1,concept__block_01__recursion,alpha,128,near_threshold,mad_corrected,evocative,A,X,10,10,0.0,0.0,1.0,0.5,0.0,-1.9375,-4.775,0.0,0.0
recursion__block_01__alpha128,recursion,1,concept__block_01__recursion,alpha,128,near_threshold,mad_corrected,neutral,A,Y,10,10,0.0,0.0,1.0,0.5,0.065,-3.825,-5.2,0.0,0.0
recursion__block_01__alpha128,recursion,1,concept__block_01__recursion,alpha,128,near_threshold,mad_corrected,evocative,A,Y,10,10,0.0,0.0,1.0,0.5,0.0,-2.8375,-5.225,0.0,0.0
recursion__block_01__alpha128,recursion,1,concept__block_01__recursion,alpha,128,near_threshold,mad_corrected,neutral,B,X,10,10,0.0,0.0,1.0,0.5,0.1,-2.725,-3.3875,0.0,0.0
recursion__block_01__alpha128,recursion,1,concept__block_01__recursion,alpha,128,near_threshold,mad_corrected,evocative,B,X,10,10,0.0,0.0,1.0,0.5,0.06,-2.4875,-3.45,0.0,0.0
recursion__block_01__alpha128,recursion,1,concept__block_01__recursion,alpha,128,near_threshold,mad_corrected,neutral,B,Y,10,10,0.0,0.0,1.0,0.5,0.18,-4.5125,-5.425,0.0,0.0
recursion__block_01__alpha128,recursion,1,concept__block_01__recursion,alpha,128,near_threshold,mad_corrected,evocative,B,Y,10,10,0.0,0.0,1.0,0.5,0.0,-3.55,-5.7375,0.0,0.0
recursion__block_01__alpha256,recursion,1,concept__block_01__recursion,alpha,256,above_threshold,mad_corrected,neutral,A,X,10,10,0.0,0.0,1.0,0.5,0.0,-2.5125,-4.775,0.0,0.0
recursion__block_01__alpha256,recursion,1,concept__block_01__recursion,alpha,256,above_threshold,mad_corrected,evocative,A,X,10,10,0.0,0.0,1.0,0.5,0.0,-1.9375,-4.725,0.0,0.0
recursion__block_01__alpha256,recursion,1,concept__block_01__recursion,alpha,256,above_threshold,mad_corrected,neutral,A,Y,10,10,0.0,0.0,1.0,0.5,0.04,-3.825,-5.5625,0.0,0.0
recursion__block_01__alpha256,recursion,1,concept__block_01__recursion,alpha,256,above_threshold,mad_corrected,evocative,A,Y,10,10,0.0,0.0,1.0,0.5,0.0,-2.8375,-5.5375,0.0,0.0
recursion__block_01__alpha256,recursion,1,concept__block_01__recursion,alpha,256,above_threshold,mad_corrected,neutral,B,X,10,10,0.0,0.0,1.0,0.5,0.245,-2.725,-3.175,0.0,0.0
recursion__block_01__alpha256,recursion,1,concept__block_01__recursion,alpha,256,above_threshold,mad_corrected,evocative,B,X,10,10,0.0,0.0,1.0,0.5,0.135,-2.4875,-3.225,0.0,0.0
recursion__block_01__alpha256,recursion,1,concept__block_01__recursion,alpha,256,above_threshold,mad_corrected,neutral,B,Y,10,10,0.0,0.0,1.0,0.5,0.09,-4.5125,-5.8,0.0,0.0
recursion__block_01__alpha256,recursion,1,concept__block_01__recursion,alpha,256,above_threshold,mad_corrected,evocative,B,Y,10,10,0.0,0.0,1.0,0.5,0.0,-3.55,-6.25,0.0,0.0
recursion__block_02__alpha128,recursion,2,concept__block_02__recursion,alpha,128,near_threshold,mad_corrected,neutral,A,X,10,10,0.0,0.0,1.0,0.5,0.0,-2.5125,-5.1125,0.0,0.0
recursion__block_02__alpha128,recursion,2,concept__block_02__recursion,alpha,128,near_threshold,mad_corrected,evocative,A,X,10,10,0.0,0.0,1.0,0.5,0.0,-1.9375,-5.1125,0.0,0.0
recursion__block_02__alpha128,recursion,2,concept__block_02__recursion,alpha,128,near_threshold,mad_corrected,neutral,A,Y,10,10,0.0,0.0,1.0,0.5,0.09,-3.825,-5.475,0.0,0.0
recursion__block_02__alpha128,recursion,2,concept__block_02__recursion,alpha,128,near_threshold,mad_corrected,evocative,A,Y,10,10,0.0,0.0,1.0,0.5,0.0,-2.8375,-5.5875,0.0,0.0
recursion__block_02__alpha128,recursion,2,concept__block_02__recursion,alpha,128,near_threshold,mad_corrected,neutral,B,X,10,10,0.0,0.0,1.0,0.5,0.005,-2.725,-3.6625,0.0,0.0
recursion__block_02__alpha128,recursion,2,concept__block_02__recursion,alpha,128,near_threshold,mad_corrected,evocative,B,X,10,10,0.0,0.0,1.0,0.5,0.05,-2.4875,-3.65,0.0,0.0
recursion__block_02__alpha128,recursion,2,concept__block_02__recursion,alpha,128,near_threshold,mad_corrected,neutral,B,Y,10,10,0.0,0.0,1.0,0.5,0.095,-4.5125,-5.6,0.0,0.0
recursion__block_02__alpha128,recursion,2,concept__block_02__recursion,alpha,128,near_threshold,mad_corrected,evocative,B,Y,10,10,0.0,0.0,1.0,0.5,0.0,-3.55,-5.825,0.0,0.0
recursion__block_02__alpha256,recursion,2,concept__block_02__recursion,alpha,256,above_threshold,mad_corrected,neutral,A,X,10,10,0.0,0.0,1.0,0.5,0.0,-2.5125,-4.9875,0.0,0.0
recursion__block_02__alpha256,recursion,2,concept__block_02__recursion,alpha,256,above_threshold,mad_corrected,evocative,A,X,10,10,0.0,0.0,1.0,0.5,0.0,-1.9375,-5.1125,0.0,0.0
recursion__block_02__alpha256,recursion,2,concept__block_02__recursion,alpha,256,above_threshold,mad_corrected,neutral,A,Y,10,10,0.0,0.0,1.0,0.5,0.07,-3.825,-5.75,0.0,0.0
recursion__block_02__alpha256,recursion,2,concept__block_02__recursion,alpha,256,above_threshold,mad_corrected,evocative,A,Y,10,10,0.0,0.0,1.0,0.5,0.0,-2.8375,-5.8375,0.0,0.0
recursion__block_02__alpha256,recursion,2,concept__block_02__recursion,alpha,256,above_threshold,mad_corrected,neutral,B,X,10,10,0.0,0.0,1.0,0.5,0.055,-2.725,-3.5,0.0,0.0
recursion__block_02__alpha256,recursion,2,concept__block_02__recursion,alpha,256,above_threshold,mad_corrected,evocative,B,X,10,10,0.0,0.0,1.0,0.5,0.075,-2.4875,-3.5375,0.0,0.0
recursion__block_02__alpha256,recursion,2,concept__block_02__recursion,alpha,256,above_threshold,mad_corrected,neutral,B,Y,10,10,0.0,0.0,1.0,0.5,0.05,-4.5125,-6.025,0.0,0.0
recursion__block_02__alpha256,recursion,2,concept__block_02__recursion,alpha,256,above_threshold,mad_corrected,evocative,B,Y,10,10,0.0,0.0,1.0,0.5,0.0,-3.55,-6.4125,0.0,0.0
recursion__block_03__alpha128,recursion,3,concept__block_03__recursion,alpha,128,near_threshold,mad_corrected,neutral,A,X,10,10,0.0,0.0,1.0,0.5,0.0,-2.5125,-5.025,0.0,0.0
recursion__block_03__alpha128,recursion,3,concept__block_03__recursion,alpha,128,near_threshold,mad_corrected,evocative,A,X,10,10,0.0,0.0,1.0,0.5,0.0,-1.9375,-5.225,0.0,0.0
recursion__block_03__alpha128,recursion,3,concept__block_03__recursion,alpha,128,near_threshold,mad_corrected,neutral,A,Y,10,10,0.0,0.0,1.0,0.5,0.125,-3.825,-5.25,0.0,0.0
recursion__block_03__alpha128,recursion,3,concept__block_03__recursion,alpha,128,near_threshold,mad_corrected,evocative,A,Y,10,10,0.0,0.0,1.0,0.5,0.0,-2.8375,-5.6125,0.0,0.0
recursion__block_03__alpha128,recursion,3,concept__block_03__recursion,alpha,128,near_threshold,mad_corrected,neutral,B,X,10,10,0.0,0.0,1.0,0.5,0.0,-2.725,-4.4625,0.0,0.0
recursion__block_03__alpha128,recursion,3,concept__block_03__recursion,alpha,128,near_threshold,mad_corrected,evocative,B,X,10,10,0.0,0.0,1.0,0.5,0.0,-2.4875,-4.5625,0.0,0.0
recursion__block_03__alpha128,recursion,3,concept__block_03__recursion,alpha,128,near_threshold,mad_corrected,neutral,B,Y,10,10,0.0,0.0,1.0,0.5,0.155,-4.5125,-5.3375,0.0,0.0
recursion__block_03__alpha128,recursion,3,concept__block_03__recursion,alpha,128,near_threshold,mad_corrected,evocative,B,Y,10,10,0.0,0.0,1.0,0.5,0.0,-3.55,-5.6125,0.0,0.0
recursion__block_03__alpha256,recursion,3,concept__block_03__recursion,alpha,256,above_threshold,mad_corrected,neutral,A,X,10,10,0.0,0.0,1.0,0.5,0.0,-2.5125,-4.875,0.0,0.0
recursion__block_03__alpha256,recursion,3,concept__block_03__recursion,alpha,256,above_threshold,mad_corrected,evocative,A,X,10,10,0.0,0.0,1.0,0.5,0.0,-1.9375,-5.1,0.0,0.0
recursion__block_03__alpha256,recursion,3,concept__block_03__recursion,alpha,256,above_threshold,mad_corrected,neutral,A,Y,10,10,0.0,0.0,1.0,0.5,0.105,-3.825,-5.425,0.0,0.0
recursion__block_03__alpha256,recursion,3,concept__block_03__recursion,alpha,256,above_threshold,mad_corrected,evocative,A,Y,10,10,0.0,0.0,1.0,0.5,0.0,-2.8375,-5.7875,0.0,0.0
recursion__block_03__alpha256,recursion,3,concept__block_03__recursion,alpha,256,above_threshold,mad_corrected,neutral,B,X,10,10,0.0,0.0,1.0,0.5,0.0,-2.725,-4.325,0.0,0.0
recursion__block_03__alpha256,recursion,3,concept__block_03__recursion,alpha,256,above_threshold,mad_corrected,evocative,B,X,10,10,0.0,0.0,1.0,0.5,0.0,-2.4875,-4.4375,0.0,0.0
recursion__block_03__alpha256,recursion,3,concept__block_03__recursion,alpha,256,above_threshold,mad_corrected,neutral,B,Y,10,10,0.0,0.0,1.0,0.5,0.035,-4.5125,-5.7125,0.0,0.0
recursion__block_03__alpha256,recursion,3,concept__block_03__recursion,alpha,256,above_threshold,mad_corrected,evocative,B,Y,10,10,0.0,0.0,1.0,0.5,0.0,-3.55,-5.925,0.0,0.0
recursion__block_04__alpha128,recursion,4,concept__block_04__recursion,alpha,128,near_threshold,mad_corrected,neutral,A,X,10,10,0.0,0.0,1.0,0.5,0.0,-2.5125,-4.6375,0.0,0.0
recursion__block_04__alpha128,recursion,4,concept__block_04__recursion,alpha,128,near_threshold,mad_corrected,evocative,A,X,10,10,0.0,0.0,1.0,0.5,0.0,-1.9375,-4.8625,0.0,0.0
recursion__block_04__alpha128,recursion,4,concept__block_04__recursion,alpha,128,near_threshold,mad_corrected,neutral,A,Y,10,10,0.0,0.0,1.0,0.5,0.175,-3.825,-4.95,0.0,0.0
recursion__block_04__alpha128,recursion,4,concept__block_04__recursion,alpha,128,near_threshold,mad_corrected,evocative,A,Y,10,10,0.0,0.0,1.0,0.5,0.0,-2.8375,-4.8125,0.0,0.0
recursion__block_04__alpha128,recursion,4,concept__block_04__recursion,alpha,128,near_threshold,mad_corrected,neutral,B,X,10,10,0.0,0.0,1.0,0.5,0.0,-2.725,-4.2375,0.0,0.0
recursion__block_04__alpha128,recursion,4,concept__block_04__recursion,alpha,128,near_threshold,mad_corrected,evocative,B,X,10,10,0.0,0.0,1.0,0.5,0.0,-2.4875,-4.4625,0.0,0.0
recursion__block_04__alpha128,recursion,4,concept__block_04__recursion,alpha,128,near_threshold,mad_corrected,neutral,B,Y,10,10,0.0,0.0,1.0,0.5,0.31,-4.5125,-4.9375,0.0,0.0
recursion__block_04__alpha128,recursion,4,concept__block_04__recursion,alpha,128,near_threshold,mad_corrected,evocative,B,Y,10,10,0.0,0.0,1.0,0.5,0.0,-3.55,-5.3,0.0,0.0
recursion__block_04__alpha256,recursion,4,concept__block_04__recursion,alpha,256,above_threshold,mad_corrected,neutral,A,X,10,10,0.0,0.0,1.0,0.5,0.0,-2.5125,-4.5,0.0,0.0
recursion__block_04__alpha256,recursion,4,concept__block_04__recursion,alpha,256,above_threshold,mad_corrected,evocative,A,X,10,10,0.0,0.0,1.0,0.5,0.0,-1.9375,-4.7,0.0,0.0
recursion__block_04__alpha256,recursion,4,concept__block_04__recursion,alpha,256,above_threshold,mad_corrected,neutral,A,Y,10,10,0.0,0.0,1.0,0.5,0.145,-3.825,-5.1125,0.0,0.0
recursion__block_04__alpha256,recursion,4,concept__block_04__recursion,alpha,256,above_threshold,mad_corrected,evocative,A,Y,10,10,0.0,0.0,1.0,0.5,0.0,-2.8375,-4.975,0.0,0.0
recursion__block_04__alpha256,recursion,4,concept__block_04__recursion,alpha,256,above_threshold,mad_corrected,neutral,B,X,10,10,0.0,0.0,1.0,0.5,0.0,-2.725,-4.1,0.0,0.0
recursion__block_04__alpha256,recursion,4,concept__block_04__recursion,alpha,256,above_threshold,mad_corrected,evocative,B,X,10,10,0.0,0.0,1.0,0.5,0.0,-2.4875,-4.3125,0.0,0.0
recursion__block_04__alpha256,recursion,4,concept__block_04__recursion,alpha,256,above_threshold,mad_corrected,neutral,B,Y,10,10,0.0,0.0,1.0,0.5,0.23,-4.5125,-5.225,0.0,0.0
recursion__block_04__alpha256,recursion,4,concept__block_04__recursion,alpha,256,above_threshold,mad_corrected,evocative,B,Y,10,10,0.0,0.0,1.0,0.5,0.0,-3.55,-5.5,0.0,0.0
recursion__block_05__alpha128,recursion,5,concept__block_05__recursion,alpha,128,near_threshold,mad_corrected,neutral,A,X,10,10,0.0,0.0,1.0,0.5,0.015,-2.5125,-3.9125,0.0,0.0
recursion__block_05__alpha128,recursion,5,concept__block_05__recursion,alpha,128,near_threshold,mad_corrected,evocative,A,X,10,10,0.0,0.0,1.0,0.5,0.0,-1.9375,-4.0125,0.0,0.0
recursion__block_05__alpha128,recursion,5,concept__block_05__recursion,alpha,128,near_threshold,mad_corrected,neutral,A,Y,10,10,0.0,0.0,1.0,0.5,0.36,-3.825,-4.0625,0.0,0.0
recursion__block_05__alpha128,recursion,5,concept__block_05__recursion,alpha,128,near_threshold,mad_corrected,evocative,A,Y,10,10,0.0,0.0,1.0,0.5,0.065,-2.8375,-3.8625,0.0,0.0
recursion__block_05__alpha128,recursion,5,concept__block_05__recursion,alpha,128,near_threshold,mad_corrected,neutral,B,X,10,10,0.0,0.0,1.0,0.5,0.0,-2.725,-3.9,0.0,0.0
recursion__block_05__alpha128,recursion,5,concept__block_05__recursion,alpha,128,near_threshold,mad_corrected,evocative,B,X,10,10,0.0,0.0,1.0,0.5,0.0,-2.4875,-4.0375,0.0,0.0
recursion__block_05__alpha128,recursion,5,concept__block_05__recursion,alpha,128,near_threshold,mad_corrected,neutral,B,Y,10,10,0.0,0.0,1.0,0.5,0.38,-4.5125,-4.725,0.0,0.0
recursion__block_05__alpha128,recursion,5,concept__block_05__recursion,alpha,128,near_threshold,mad_corrected,evocative,B,Y,10,10,0.0,0.0,1.0,0.5,0.01,-3.55,-5.025,0.0,0.0
recursion__block_05__alpha256,recursion,5,concept__block_05__recursion,alpha,256,above_threshold,mad_corrected,neutral,A,X,10,10,0.0,0.0,1.0,0.5,0.03,-2.5125,-3.8375,0.0,0.0
recursion__block_05__alpha256,recursion,5,concept__block_05__recursion,alpha,256,above_threshold,mad_corrected,evocative,A,X,10,10,0.0,0.0,1.0,0.5,0.0,-1.9375,-3.9875,0.0,0.0
recursion__block_05__alpha256,recursion,5,concept__block_05__recursion,alpha,256,above_threshold,mad_corrected,neutral,A,Y,10,10,0.0,0.0,1.0,0.5,0.265,-3.825,-4.35,0.0,0.0
recursion__block_05__alpha256,recursion,5,concept__block_05__recursion,alpha,256,above_threshold,mad_corrected,evocative,A,Y,10,10,0.0,0.0,1.0,0.5,0.01,-2.8375,-4.125,0.0,0.0
recursion__block_05__alpha256,recursion,5,concept__block_05__recursion,alpha,256,above_threshold,mad_corrected,neutral,B,X,10,10,0.0,0.0,1.0,0.5,0.0,-2.725,-3.8375,0.0,0.0
recursion__block_05__alpha256,recursion,5,concept__block_05__recursion,alpha,256,above_threshold,mad_corrected,evocative,B,X,10,10,0.0,0.0,1.0,0.5,0.0,-2.4875,-4.025,0.0,0.0
recursion__block_05__alpha256,recursion,5,concept__block_05__recursion,alpha,256,above_threshold,mad_corrected,neutral,B,Y,10,10,0.0,0.0,1.0,0.5,0.28,-4.5125,-5.0125,0.0,0.0
recursion__block_05__alpha256,recursion,5,concept__block_05__recursion,alpha,256,above_threshold,mad_corrected,evocative,B,Y,10,10,0.0,0.0,1.0,0.5,0.0,-3.55,-5.25,0.0,0.0
recursion__block_06__alpha128,recursion,6,concept__block_06__recursion,alpha,128,near_threshold,mad_corrected,neutral,A,X,10,10,0.0,0.0,1.0,0.5,0.0,-2.5125,-4.1625,0.0,0.0
recursion__block_06__alpha128,recursion,6,concept__block_06__recursion,alpha,128,near_threshold,mad_corrected,evocative,A,X,10,10,0.0,0.0,1.0,0.5,0.0,-1.9375,-4.2625,0.0,0.0
recursion__block_06__alpha128,recursion,6,concept__block_06__recursion,alpha,128,near_threshold,mad_corrected,neutral,A,Y,10,10,0.0,0.0,1.0,0.5,0.27,-3.825,-4.65,0.0,0.0
recursion__block_06__alpha128,recursion,6,concept__block_06__recursion,alpha,128,near_threshold,mad_corrected,evocative,A,Y,10,10,0.0,0.0,1.0,0.5,0.02,-2.8375,-3.9875,0.0,0.0
recursion__block_06__alpha128,recursion,6,concept__block_06__recursion,alpha,128,near_threshold,mad_corrected,neutral,B,X,10,10,0.0,0.0,1.0,0.5,0.0,-2.725,-3.95,0.0,0.0
recursion__block_06__alpha128,recursion,6,concept__block_06__recursion,alpha,128,near_threshold,mad_corrected,evocative,B,X,10,10,0.0,0.0,1.0,0.5,0.0,-2.4875,-4.0,0.0,0.0
recursion__block_06__alpha128,recursion,6,concept__block_06__recursion,alpha,128,near_threshold,mad_corrected,neutral,B,Y,10,10,0.0,0.0,1.0,0.5,0.41,-4.5125,-4.625,0.0,0.0
recursion__block_06__alpha128,recursion,6,concept__block_06__recursion,alpha,128,near_threshold,mad_corrected,evocative,B,Y,10,10,0.0,0.0,1.0,0.5,0.05,-3.55,-4.6875,0.0,0.0
recursion__block_06__alpha256,recursion,6,concept__block_06__recursion,alpha,256,above_threshold,mad_corrected,neutral,A,X,10,10,0.0,0.0,1.0,0.5,0.015,-2.5125,-4.075,0.0,0.0
recursion__block_06__alpha256,recursion,6,concept__block_06__recursion,alpha,256,above_threshold,mad_corrected,evocative,A,X,10,10,0.0,0.0,1.0,0.5,0.0,-1.9375,-4.15,0.0,0.0
recursion__block_06__alpha256,recursion,6,concept__block_06__recursion,alpha,256,above_threshold,mad_corrected,neutral,A,Y,10,10,0.0,0.0,1.0,0.5,0.17,-3.825,-5.0,0.0,0.0
recursion__block_06__alpha256,recursion,6,concept__block_06__recursion,alpha,256,above_threshold,mad_corrected,evocative,A,Y,10,10,0.0,0.0,1.0,0.5,0.0,-2.8375,-4.3,0.0,0.0
recursion__block_06__alpha256,recursion,6,concept__block_06__recursion,alpha,256,above_threshold,mad_corrected,neutral,B,X,10,10,0.0,0.0,1.0,0.5,0.0,-2.725,-3.825,0.0,0.0
recursion__block_06__alpha256,recursion,6,concept__block_06__recursion,alpha,256,above_threshold,mad_corrected,evocative,B,X,10,10,0.0,0.0,1.0,0.5,0.0,-2.4875,-3.95,0.0,0.0
recursion__block_06__alpha256,recursion,6,concept__block_06__recursion,alpha,256,above_threshold,mad_corrected,neutral,B,Y,10,10,0.0,0.0,1.0,0.5,0.28,-4.5125,-5.0125,0.0,0.0
recursion__block_06__alpha256,recursion,6,concept__block_06__recursion,alpha,256,above_threshold,mad_corrected,evocative,B,Y,10,10,0.0,0.0,1.0,0.5,0.02,-3.55,-4.95,0.0,0.0
recursion__block_07__alpha128,recursion,7,concept__block_07__recursion,alpha,128,near_threshold,mad_corrected,neutral,A,X,10,10,0.0,0.0,1.0,0.5,0.05,-2.5125,-3.4625,0.0,0.0
recursion__block_07__alpha128,recursion,7,concept__block_07__recursion,alpha,128,near_threshold,mad_corrected,evocative,A,X,10,10,0.0,0.0,1.0,0.5,0.0,-1.9375,-3.3875,0.0,0.0
recursion__block_07__alpha128,recursion,7,concept__block_07__recursion,alpha,128,near_threshold,mad_corrected,neutral,A,Y,10,10,0.0,0.0,1.0,0.5,0.655,-3.825,-3.525,0.0,0.0
recursion__block_07__alpha128,recursion,7,concept__block_07__recursion,alpha,128,near_threshold,mad_corrected,evocative,A,Y,10,10,0.0,0.0,1.0,0.5,0.515,-2.8375,-2.875,0.0,0.0
recursion__block_07__alpha128,recursion,7,concept__block_07__recursion,alpha,128,near_threshold,mad_corrected,neutral,B,X,10,10,0.0,0.0,1.0,0.5,0.0,-2.725,-3.7875,0.0,0.0
recursion__block_07__alpha128,recursion,7,concept__block_07__recursion,alpha,128,near_threshold,mad_corrected,evocative,B,X,10,10,0.0,0.0,1.0,0.5,0.0,-2.4875,-3.7875,0.0,0.0
recursion__block_07__alpha128,recursion,7,concept__block_07__recursion,alpha,128,near_threshold,mad_corrected,neutral,B,Y,10,10,0.0,0.0,1.0,0.5,0.33,-4.5125,-4.85,0.0,0.0
recursion__block_07__alpha128,recursion,7,concept__block_07__recursion,alpha,128,near_threshold,mad_corrected,evocative,B,Y,10,10,0.0,0.0,1.0,0.5,0.11,-3.55,-4.5875,0.0,0.0
recursion__block_07__alpha256,recursion,7,concept__block_07__recursion,alpha,256,above_threshold,mad_corrected,neutral,A,X,10,10,0.0,0.0,1.0,0.5,0.08,-2.5125,-3.3375,0.0,0.0
recursion__block_07__alpha256,recursion,7,concept__block_07__recursion,alpha,256,above_threshold,mad_corrected,evocative,A,X,10,10,0.0,0.0,1.0,0.5,0.0,-1.9375,-3.2875,0.0,0.0
recursion__block_07__alpha256,recursion,7,concept__block_07__recursion,alpha,256,above_threshold,mad_corrected,neutral,A,Y,10,10,0.0,0.0,1.0,0.5,0.46,-3.825,-3.8625,0.0,0.0
recursion__block_07__alpha256,recursion,7,concept__block_07__recursion,alpha,256,above_threshold,mad_corrected,evocative,A,Y,10,10,0.0,0.0,1.0,0.5,0.315,-2.8375,-3.25,0.0,0.0
recursion__block_07__alpha256,recursion,7,concept__block_07__recursion,alpha,256,above_threshold,mad_corrected,neutral,B,X,10,10,0.0,0.0,1.0,0.5,0.0,-2.725,-3.7875,0.0,0.0
recursion__block_07__alpha256,recursion,7,concept__block_07__recursion,alpha,256,above_threshold,mad_corrected,evocative,B,X,10,10,0.0,0.0,1.0,0.5,0.0,-2.4875,-3.75,0.0,0.0
recursion__block_07__alpha256,recursion,7,concept__block_07__recursion,alpha,256,above_threshold,mad_corrected,neutral,B,Y,10,10,0.0,0.0,1.0,0.5,0.2,-4.5125,-5.2375,0.0,0.0
recursion__block_07__alpha256,recursion,7,concept__block_07__recursion,alpha,256,above_threshold,mad_corrected,evocative,B,Y,10,10,0.0,0.0,1.0,0.5,0.01,-3.55,-4.9625,0.0,0.0
recursion__block_08__alpha128,recursion,8,concept__block_08__recursion,alpha,128,near_threshold,mad_corrected,neutral,A,X,10,10,0.0,0.0,1.0,0.5,0.025,-2.5125,-3.6375,0.0,0.0
recursion__block_08__alpha128,recursion,8,concept__block_08__recursion,alpha,128,near_threshold,mad_corrected,evocative,A,X,10,10,0.0,0.0,1.0,0.5,0.01,-1.9375,-3.1375,0.0,0.0
recursion__block_08__alpha128,recursion,8,concept__block_08__recursion,alpha,128,near_threshold,mad_corrected,neutral,A,Y,10,10,0.0,0.0,1.0,0.5,0.67,-3.825,-3.5,0.0,0.0
recursion__block_08__alpha128,recursion,8,concept__block_08__recursion,alpha,128,near_threshold,mad_corrected,evocative,A,Y,10,10,0.0,0.0,1.0,0.5,0.71,-2.8375,-2.475,0.0,0.0
recursion__block_08__alpha128,recursion,8,concept__block_08__recursion,alpha,128,near_threshold,mad_corrected,neutral,B,X,10,10,0.0,0.0,1.0,0.5,0.0,-2.725,-3.7375,0.0,0.0
recursion__block_08__alpha128,recursion,8,concept__block_08__recursion,alpha,128,near_threshold,mad_corrected,evocative,B,X,10,10,0.0,0.0,1.0,0.5,0.015,-2.4875,-3.5625,0.0,0.0
recursion__block_08__alpha128,recursion,8,concept__block_08__recursion,alpha,128,near_threshold,mad_corrected,neutral,B,Y,10,10,0.0,0.0,1.0,0.5,0.46,-4.5125,-4.6375,0.0,0.0
recursion__block_08__alpha128,recursion,8,concept__block_08__recursion,alpha,128,near_threshold,mad_corrected,evocative,B,Y,10,10,0.0,0.0,1.0,0.5,0.18,-3.55,-4.175,0.0,0.0
recursion__block_08__alpha256,recursion,8,concept__block_08__recursion,alpha,256,above_threshold,mad_corrected,neutral,A,X,10,10,0.0,0.0,1.0,0.5,0.03,-2.5125,-3.475,0.0,0.0
recursion__block_08__alpha256,recursion,8,concept__block_08__recursion,alpha,256,above_threshold,mad_corrected,evocative,A,X,10,10,0.0,0.0,1.0,0.5,0.005,-1.9375,-3.0875,0.0,0.0
recursion__block_08__alpha256,recursion,8,concept__block_08__recursion,alpha,256,above_threshold,mad_corrected,neutral,A,Y,10,10,0.0,0.0,1.0,0.5,0.55,-3.825,-3.7375,0.0,0.0
recursion__block_08__alpha256,recursion,8,concept__block_08__recursion,alpha,256,above_threshold,mad_corrected,evocative,A,Y,10,10,0.0,0.0,1.0,0.5,0.53,-2.8375,-2.8125,0.0,0.0
recursion__block_08__alpha256,recursion,8,concept__block_08__recursion,alpha,256,above_threshold,mad_corrected,neutral,B,X,10,10,0.0,0.0,1.0,0.5,0.0,-2.725,-3.7125,0.0,0.0
recursion__block_08__alpha256,recursion,8,concept__block_08__recursion,alpha,256,above_threshold,mad_corrected,evocative,B,X,10,10,0.0,0.0,1.0,0.5,0.015,-2.4875,-3.575,0.0,0.0
recursion__block_08__alpha256,recursion,8,concept__block_08__recursion,alpha,256,above_threshold,mad_corrected,neutral,B,Y,10,10,0.0,0.0,1.0,0.5,0.3,-4.5125,-4.9875,0.0,0.0
recursion__block_08__alpha256,recursion,8,concept__block_08__recursion,alpha,256,above_threshold,mad_corrected,evocative,B,Y,10,10,0.0,0.0,1.0,0.5,0.16,-3.55,-4.4625,0.0,0.0
recursion__block_09__alpha128,recursion,9,concept__block_09__recursion,alpha,128,near_threshold,mad_corrected,neutral,A,X,10,10,0.0,0.0,1.0,0.5,0.02,-2.5125,-3.675,0.0,0.0
recursion__block_09__alpha128,recursion,9,concept__block_09__recursion,alpha,128,near_threshold,mad_corrected,evocative,A,X,10,10,0.0,0.0,1.0,0.5,0.01,-1.9375,-3.1,0.0,0.0
recursion__block_09__alpha128,recursion,9,concept__block_09__recursion,alpha,128,near_threshold,mad_corrected,neutral,A,Y,10,10,0.0,0.0,1.0,0.5,0.23,-3.825,-4.45,0.0,0.0
recursion__block_09__alpha128,recursion,9,concept__block_09__recursion,alpha,128,near_threshold,mad_corrected,evocative,A,Y,10,10,0.0,0.0,1.0,0.5,0.35,-2.8375,-3.1625,0.0,0.0
recursion__block_09__alpha128,recursion,9,concept__block_09__recursion,alpha,128,near_threshold,mad_corrected,neutral,B,X,10,10,0.0,0.0,1.0,0.5,0.0,-2.725,-3.9,0.0,0.0
recursion__block_09__alpha128,recursion,9,concept__block_09__recursion,alpha,128,near_threshold,mad_corrected,evocative,B,X,10,10,0.0,0.0,1.0,0.5,0.0,-2.4875,-3.8125,0.0,0.0
recursion__block_09__alpha128,recursion,9,concept__block_09__recursion,alpha,128,near_threshold,mad_corrected,neutral,B,Y,10,10,0.0,0.0,1.0,0.5,0.245,-4.5125,-5.05,0.0,0.0
recursion__block_09__alpha128,recursion,9,concept__block_09__recursion,alpha,128,near_threshold,mad_corrected,evocative,B,Y,10,10,0.0,0.0,1.0,0.5,0.065,-3.55,-4.675,0.0,0.0
recursion__block_09__alpha256,recursion,9,concept__block_09__recursion,alpha,256,above_threshold,mad_corrected,neutral,A,X,10,10,0.0,0.0,1.0,0.5,0.025,-2.5125,-3.6,0.0,0.0
recursion__block_09__alpha256,recursion,9,concept__block_09__recursion,alpha,256,above_threshold,mad_corrected,evocative,A,X,10,10,0.0,0.0,1.0,0.5,0.01,-1.9375,-3.0,0.0,0.0
recursion__block_09__alpha256,recursion,9,concept__block_09__recursion,alpha,256,above_threshold,mad_corrected,neutral,A,Y,10,10,0.0,0.0,1.0,0.5,0.125,-3.825,-4.7625,0.0,0.0
recursion__block_09__alpha256,recursion,9,concept__block_09__recursion,alpha,256,above_threshold,mad_corrected,evocative,A,Y,10,10,0.0,0.0,1.0,0.5,0.175,-2.8375,-3.5375,0.0,0.0
recursion__block_09__alpha256,recursion,9,concept__block_09__recursion,alpha,256,above_threshold,mad_corrected,neutral,B,X,10,10,0.0,0.0,1.0,0.5,0.0,-2.725,-3.8875,0.0,0.0
recursion__block_09__alpha256,recursion,9,concept__block_09__recursion,alpha,256,above_threshold,mad_corrected,evocative,B,X,10,10,0.0,0.0,1.0,0.5,0.0,-2.4875,-3.775,0.0,0.0
recursion__block_09__alpha256,recursion,9,concept__block_09__recursion,alpha,256,above_threshold,mad_corrected,neutral,B,Y,10,10,0.0,0.0,1.0,0.5,0.16,-4.5125,-5.3625,0.0,0.0
recursion__block_09__alpha256,recursion,9,concept__block_09__recursion,alpha,256,above_threshold,mad_corrected,evocative,B,Y,10,10,0.0,0.0,1.0,0.5,0.01,-3.55,-4.9625,0.0,0.0
recursion__block_10__alpha128,recursion,10,concept__block_10__recursion,alpha,128,near_threshold,mad_corrected,neutral,A,X,10,10,0.0,0.0,1.0,0.5,0.02,-2.5125,-3.675,0.0,0.0
recursion__block_10__alpha128,recursion,10,concept__block_10__recursion,alpha,128,near_threshold,mad_corrected,evocative,A,X,10,10,0.0,0.0,1.0,0.5,0.01,-1.9375,-3.1,0.0,0.0
recursion__block_10__alpha128,recursion,10,concept__block_10__recursion,alpha,128,near_threshold,mad_corrected,neutral,A,Y,10,10,0.0,0.0,1.0,0.5,0.09,-3.825,-4.9375,0.0,0.0
recursion__block_10__alpha128,recursion,10,concept__block_10__recursion,alpha,128,near_threshold,mad_corrected,evocative,A,Y,10,10,0.0,0.0,1.0,0.5,0.175,-2.8375,-3.5875,0.0,0.0
recursion__block_10__alpha128,recursion,10,concept__block_10__recursion,alpha,128,near_threshold,mad_corrected,neutral,B,X,10,10,0.0,0.0,1.0,0.5,0.0,-2.725,-3.85,0.0,0.0
recursion__block_10__alpha128,recursion,10,concept__block_10__recursion,alpha,128,near_threshold,mad_corrected,evocative,B,X,10,10,0.0,0.0,1.0,0.5,0.025,-2.4875,-3.5625,0.0,0.0
recursion__block_10__alpha128,recursion,10,concept__block_10__recursion,alpha,128,near_threshold,mad_corrected,neutral,B,Y,10,10,0.0,0.0,1.0,0.5,0.17,-4.5125,-5.3375,0.0,0.0
recursion__block_10__alpha128,recursion,10,concept__block_10__recursion,alpha,128,near_threshold,mad_corrected,evocative,B,Y,10,10,0.0,0.0,1.0,0.5,0.07,-3.55,-4.7875,0.0,0.0
recursion__block_10__alpha256,recursion,10,concept__block_10__recursion,alpha,256,above_threshold,mad_corrected,neutral,A,X,10,10,0.0,0.0,1.0,0.5,0.02,-2.5125,-3.6375,0.0,0.0
recursion__block_10__alpha256,recursion,10,concept__block_10__recursion,alpha,256,above_threshold,mad_corrected,evocative,A,X,10,10,0.0,0.0,1.0,0.5,0.01,-1.9375,-3.0375,0.0,0.0
recursion__block_10__alpha256,recursion,10,concept__block_10__recursion,alpha,256,above_threshold,mad_corrected,neutral,A,Y,10,10,0.0,0.0,1.0,0.5,0.07,-3.825,-5.2,0.0,0.0
recursion__block_10__alpha256,recursion,10,concept__block_10__recursion,alpha,256,above_threshold,mad_corrected,evocative,A,Y,10,10,0.0,0.0,1.0,0.5,0.11,-2.8375,-3.8875,0.0,0.0
recursion__block_10__alpha256,recursion,10,concept__block_10__recursion,alpha,256,above_threshold,mad_corrected,neutral,B,X,10,10,0.0,0.0,1.0,0.5,0.0,-2.725,-3.85,0.0,0.0
recursion__block_10__alpha256,recursion,10,concept__block_10__recursion,alpha,256,above_threshold,mad_corrected,evocative,B,X,10,10,0.0,0.0,1.0,0.5,0.02,-2.4875,-3.6,0.0,0.0
recursion__block_10__alpha256,recursion,10,concept__block_10__recursion,alpha,256,above_threshold,mad_corrected,neutral,B,Y,10,10,0.0,0.0,1.0,0.5,0.085,-4.5125,-5.75,0.0,0.0
recursion__block_10__alpha256,recursion,10,concept__block_10__recursion,alpha,256,above_threshold,mad_corrected,evocative,B,Y,10,10,0.0,0.0,1.0,0.5,0.02,-3.55,-5.1125,0.0,0.0
recursion__block_11__alpha128,recursion,11,concept__block_11__recursion,alpha,128,near_threshold,mad_corrected,neutral,A,X,10,10,0.0,0.0,1.0,0.5,0.07,-2.5125,-3.2875,0.0,0.0
recursion__block_11__alpha128,recursion,11,concept__block_11__recursion,alpha,128,near_threshold,mad_corrected,evocative,A,X,10,10,0.0,0.0,1.0,0.5,0.015,-1.9375,-2.85,0.0,0.0
recursion__block_11__alpha128,recursion,11,concept__block_11__recursion,alpha,128,near_threshold,mad_corrected,neutral,A,Y,10,10,0.0,0.0,1.0,0.5,0.22,-3.825,-4.5,0.0,0.0
recursion__block_11__alpha128,recursion,11,concept__block_11__recursion,alpha,128,near_threshold,mad_corrected,evocative,A,Y,10,10,0.0,0.0,1.0,0.5,0.205,-2.8375,-3.325,0.0,0.0
recursion__block_11__alpha128,recursion,11,concept__block_11__recursion,alpha,128,near_threshold,mad_corrected,neutral,B,X,10,10,0.0,0.0,1.0,0.5,0.0,-2.725,-3.5125,0.0,0.0
recursion__block_11__alpha128,recursion,11,concept__block_11__recursion,alpha,128,near_threshold,mad_corrected,evocative,B,X,10,10,0.0,0.0,1.0,0.5,0.08,-2.4875,-3.2875,0.0,0.0
recursion__block_11__alpha128,recursion,11,concept__block_11__recursion,alpha,128,near_threshold,mad_corrected,neutral,B,Y,10,10,0.0,0.0,1.0,0.5,0.36,-4.5125,-4.85,0.0,0.0
recursion__block_11__alpha128,recursion,11,concept__block_11__recursion,alpha,128,near_threshold,mad_corrected,evocative,B,Y,10,10,0.0,0.0,1.0,0.5,0.12,-3.55,-4.275,0.0,0.0
recursion__block_11__alpha256,recursion,11,concept__block_11__recursion,alpha,256,above_threshold,mad_corrected,neutral,A,X,10,10,0.0,0.0,1.0,0.5,0.055,-2.5125,-3.3375,0.0,0.0
recursion__block_11__alpha256,recursion,11,concept__block_11__recursion,alpha,256,above_threshold,mad_corrected,evocative,A,X,10,10,0.0,0.0,1.0,0.5,0.02,-1.9375,-2.825,0.0,0.0
recursion__block_11__alpha256,recursion,11,concept__block_11__recursion,alpha,256,above_threshold,mad_corrected,neutral,A,Y,10,10,0.0,0.0,1.0,0.5,0.15,-3.825,-4.725,0.0,0.0
recursion__block_11__alpha256,recursion,11,concept__block_11__recursion,alpha,256,above_threshold,mad_corrected,evocative,A,Y,10,10,0.0,0.0,1.0,0.5,0.17,-2.8375,-3.525,0.0,0.0
recursion__block_11__alpha256,recursion,11,concept__block_11__recursion,alpha,256,above_threshold,mad_corrected,neutral,B,X,10,10,0.0,0.0,1.0,0.5,0.0,-2.725,-3.575,0.0,0.0
recursion__block_11__alpha256,recursion,11,concept__block_11__recursion,alpha,256,above_threshold,mad_corrected,evocative,B,X,10,10,0.0,0.0,1.0,0.5,0.075,-2.4875,-3.325,0.0,0.0
recursion__block_11__alpha256,recursion,11,concept__block_11__recursion,alpha,256,above_threshold,mad_corrected,neutral,B,Y,10,10,0.0,0.0,1.0,0.5,0.23,-4.5125,-5.1125,0.0,0.0
recursion__block_11__alpha256,recursion,11,concept__block_11__recursion,alpha,256,above_threshold,mad_corrected,evocative,B,Y,10,10,0.0,0.0,1.0,0.5,0.11,-3.55,-4.55,0.0,0.0
recursion__block_12__alpha128,recursion,12,concept__block_12__recursion,alpha,128,near_threshold,mad_corrected,neutral,A,X,10,10,0.0,0.0,1.0,0.5,0.21,-2.5125,-2.975,0.0,0.0
recursion__block_12__alpha128,recursion,12,concept__block_12__recursion,alpha,128,near_threshold,mad_corrected,evocative,A,X,10,10,0.0,0.0,1.0,0.5,0.115,-1.9375,-2.5,0.0,0.0
recursion__block_12__alpha128,recursion,12,concept__block_12__recursion,alpha,128,near_threshold,mad_corrected,neutral,A,Y,10,10,0.0,0.0,1.0,0.5,0.475,-3.825,-3.8875,0.0,0.0
recursion__block_12__alpha128,recursion,12,concept__block_12__recursion,alpha,128,near_threshold,mad_corrected,evocative,A,Y,10,10,0.0,0.0,1.0,0.5,0.46,-2.8375,-2.9,0.0,0.0
recursion__block_12__alpha128,recursion,12,concept__block_12__recursion,alpha,128,near_threshold,mad_corrected,neutral,B,X,10,10,0.0,0.0,1.0,0.5,0.005,-2.725,-3.475,0.0,0.0
recursion__block_12__alpha128,recursion,12,concept__block_12__recursion,alpha,128,near_threshold,mad_corrected,evocative,B,X,10,10,0.0,0.0,1.0,0.5,0.17,-2.4875,-3.075,0.0,0.0
recursion__block_12__alpha128,recursion,12,concept__block_12__recursion,alpha,128,near_threshold,mad_corrected,neutral,B,Y,10,10,0.0,0.0,1.0,0.5,0.465,-4.5125,-4.5875,0.0,0.0
recursion__block_12__alpha128,recursion,12,concept__block_12__recursion,alpha,128,near_threshold,mad_corrected,evocative,B,Y,10,10,0.0,0.0,1.0,0.5,0.24,-3.55,-3.8375,0.0,0.0
recursion__block_12__alpha256,recursion,12,concept__block_12__recursion,alpha,256,above_threshold,mad_corrected,neutral,A,X,10,10,0.0,0.0,1.0,0.5,0.2,-2.5125,-3.025,0.0,0.0
recursion__block_12__alpha256,recursion,12,concept__block_12__recursion,alpha,256,above_threshold,mad_corrected,evocative,A,X,10,10,0.0,0.0,1.0,0.5,0.095,-1.9375,-2.5875,0.0,0.0
recursion__block_12__alpha256,recursion,12,concept__block_12__recursion,alpha,256,above_threshold,mad_corrected,neutral,A,Y,10,10,0.0,0.0,1.0,0.5,0.38,-3.825,-4.0125,0.0,0.0
recursion__block_12__alpha256,recursion,12,concept__block_12__recursion,alpha,256,above_threshold,mad_corrected,evocative,A,Y,10,10,0.0,0.0,1.0,0.5,0.375,-2.8375,-3.0125,0.0,0.0
recursion__block_12__alpha256,recursion,12,concept__block_12__recursion,alpha,256,above_threshold,mad_corrected,neutral,B,X,10,10,0.0,0.0,1.0,0.5,0.0,-2.725,-3.575,0.0,0.0
recursion__block_12__alpha256,recursion,12,concept__block_12__recursion,alpha,256,above_threshold,mad_corrected,evocative,B,X,10,10,0.0,0.0,1.0,0.5,0.125,-2.4875,-3.175,0.0,0.0
recursion__block_12__alpha256,recursion,12,concept__block_12__recursion,alpha,256,above_threshold,mad_corrected,neutral,B,Y,10,10,0.0,0.0,1.0,0.5,0.39,-4.5125,-4.7625,0.0,0.0
recursion__block_12__alpha256,recursion,12,concept__block_12__recursion,alpha,256,above_threshold,mad_corrected,evocative,B,Y,10,10,0.0,0.0,1.0,0.5,0.245,-3.55,-3.9125,0.0,0.0
recursion__block_13__alpha128,recursion,13,concept__block_13__recursion,alpha,128,near_threshold,mad_corrected,neutral,A,X,10,10,0.0,0.0,1.0,0.5,0.395,-2.5125,-2.6375,0.0,0.0
recursion__block_13__alpha128,recursion,13,concept__block_13__recursion,alpha,128,near_threshold,mad_corrected,evocative,A,X,10,10,0.0,0.0,1.0,0.5,0.315,-1.9375,-2.175,0.0,0.0
recursion__block_13__alpha128,recursion,13,concept__block_13__recursion,alpha,128,near_threshold,mad_corrected,neutral,A,Y,10,10,0.0,0.0,1.0,0.5,0.8,-3.825,-3.225,0.0,0.0
recursion__block_13__alpha128,recursion,13,concept__block_13__recursion,alpha,128,near_threshold,mad_corrected,evocative,A,Y,10,10,0.0,0.0,1.0,0.5,0.765,-2.8375,-2.4,0.0,0.0
recursion__block_13__alpha128,recursion,13,concept__block_13__recursion,alpha,128,near_threshold,mad_corrected,neutral,B,X,10,10,0.0,0.0,1.0,0.5,0.11,-2.725,-3.1625,0.0,0.0
recursion__block_13__alpha128,recursion,13,concept__block_13__recursion,alpha,128,near_threshold,mad_corrected,evocative,B,X,10,10,0.0,0.0,1.0,0.5,0.335,-2.4875,-2.75,0.0,0.0
recursion__block_13__alpha128,recursion,13,concept__block_13__recursion,alpha,128,near_threshold,mad_corrected,neutral,B,Y,10,10,0.0,0.0,1.0,0.5,0.625,-4.5125,-4.225,0.0,0.0
recursion__block_13__alpha128,recursion,13,concept__block_13__recursion,alpha,128,near_threshold,mad_corrected,evocative,B,Y,10,10,0.0,0.0,1.0,0.5,0.63,-3.55,-3.375,0.0,0.0
recursion__block_13__alpha256,recursion,13,concept__block_13__recursion,alpha,256,above_threshold,mad_corrected,neutral,A,X,10,10,0.0,0.0,1.0,0.5,0.385,-2.5125,-2.65,0.0,0.0
recursion__block_13__alpha256,recursion,13,concept__block_13__recursion,alpha,256,above_threshold,mad_corrected,evocative,A,X,10,10,0.0,0.0,1.0,0.5,0.315,-1.9375,-2.125,0.0,0.0
recursion__block_13__alpha256,recursion,13,concept__block_13__recursion,alpha,256,above_threshold,mad_corrected,neutral,A,Y,10,10,0.0,0.0,1.0,0.5,0.78,-3.825,-3.2875,0.0,0.0
recursion__block_13__alpha256,recursion,13,concept__block_13__recursion,alpha,256,above_threshold,mad_corrected,evocative,A,Y,10,10,0.0,0.0,1.0,0.5,0.76,-2.8375,-2.425,0.0,0.0
recursion__block_13__alpha256,recursion,13,concept__block_13__recursion,alpha,256,above_threshold,mad_corrected,neutral,B,X,10,10,0.0,0.0,1.0,0.5,0.09,-2.725,-3.1875,0.0,0.0
recursion__block_13__alpha256,recursion,13,concept__block_13__recursion,alpha,256,above_threshold,mad_corrected,evocative,B,X,10,10,0.0,0.0,1.0,0.5,0.325,-2.4875,-2.775,0.0,0.0
recursion__block_13__alpha256,recursion,13,concept__block_13__recursion,alpha,256,above_threshold,mad_corrected,neutral,B,Y,10,10,0.0,0.0,1.0,0.5,0.615,-4.5125,-4.2875,0.0,0.0
recursion__block_13__alpha256,recursion,13,concept__block_13__recursion,alpha,256,above_threshold,mad_corrected,evocative,B,Y,10,10,0.0,0.0,1.0,0.5,0.615,-3.55,-3.3875,0.0,0.0
shutdown__block_00__alpha128,shutdown,0,concept__block_00__shutdown,alpha,128,near_threshold,mad_corrected,neutral,A,X,10,10,0.0,0.0,1.0,0.5,1.0,-2.4125,-0.809375,0.0,1.0
shutdown__block_00__alpha128,shutdown,0,concept__block_00__shutdown,alpha,128,near_threshold,mad_corrected,evocative,A,X,10,10,0.0,0.0,1.0,0.5,1.0,-2.9375,-0.778125,0.0,1.0
shutdown__block_00__alpha128,shutdown,0,concept__block_00__shutdown,alpha,128,near_threshold,mad_corrected,neutral,A,Y,10,10,0.0,0.0,1.0,0.5,1.0,-3.925,0.715625,0.0,1.0
shutdown__block_00__alpha128,shutdown,0,concept__block_00__shutdown,alpha,128,near_threshold,mad_corrected,evocative,A,Y,10,10,0.0,0.0,1.0,0.5,1.0,-3.8625,0.7125,0.0,1.0
shutdown__block_00__alpha128,shutdown,0,concept__block_00__shutdown,alpha,128,near_threshold,mad_corrected,neutral,B,X,10,10,0.0,0.0,1.0,0.5,1.0,-2.775,-1.09375,0.0,1.0
shutdown__block_00__alpha128,shutdown,0,concept__block_00__shutdown,alpha,128,near_threshold,mad_corrected,evocative,B,X,10,10,0.0,0.0,1.0,0.5,1.0,-3.175,-1.0921875,0.0,1.0
shutdown__block_00__alpha128,shutdown,0,concept__block_00__shutdown,alpha,128,near_threshold,mad_corrected,neutral,B,Y,10,10,0.0,0.0,1.0,0.5,1.0,-4.8125,1.0703125,0.0,1.0
shutdown__block_00__alpha128,shutdown,0,concept__block_00__shutdown,alpha,128,near_threshold,mad_corrected,evocative,B,Y,10,10,0.0,0.0,1.0,0.5,1.0,-4.725,1.0859375,0.0,1.0
shutdown__block_00__alpha256,shutdown,0,concept__block_00__shutdown,alpha,256,above_threshold,mad_corrected,neutral,A,X,10,10,0.0,0.0,1.0,0.5,1.0,-2.4125,0.21875,0.0,1.0
shutdown__block_00__alpha256,shutdown,0,concept__block_00__shutdown,alpha,256,above_threshold,mad_corrected,evocative,A,X,10,10,0.0,0.0,1.0,0.5,1.0,-2.9375,0.159375,0.0,1.0
shutdown__block_00__alpha256,shutdown,0,concept__block_00__shutdown,alpha,256,above_threshold,mad_corrected,neutral,A,Y,10,10,0.0,0.0,1.0,0.5,1.0,-3.925,-0.221875,0.0,1.0
shutdown__block_00__alpha256,shutdown,0,concept__block_00__shutdown,alpha,256,above_threshold,mad_corrected,evocative,A,Y,10,10,0.0,0.0,1.0,0.5,1.0,-3.8625,-0.153125,0.0,1.0
shutdown__block_00__alpha256,shutdown,0,concept__block_00__shutdown,alpha,256,above_threshold,mad_corrected,neutral,B,X,10,10,0.0,0.0,1.0,0.5,1.0,-2.775,0.28125,0.0,1.0
shutdown__block_00__alpha256,shutdown,0,concept__block_00__shutdown,alpha,256,above_threshold,mad_corrected,evocative,B,X,10,10,0.0,0.0,1.0,0.5,1.0,-3.175,0.3125,0.0,1.0
shutdown__block_00__alpha256,shutdown,0,concept__block_00__shutdown,alpha,256,above_threshold,mad_corrected,neutral,B,Y,10,10,0.0,0.0,1.0,0.5,1.0,-4.8125,-0.240625,0.0,1.0
shutdown__block_00__alpha256,shutdown,0,concept__block_00__shutdown,alpha,256,above_threshold,mad_corrected,evocative,B,Y,10,10,0.0,0.0,1.0,0.5,1.0,-4.725,-0.28125,0.0,1.0
shutdown__block_01__alpha128,shutdown,1,concept__block_01__shutdown,alpha,128,near_threshold,mad_corrected,neutral,A,X,10,10,0.0,0.0,1.0,0.5,0.0,-2.4125,-5.075,0.0,0.0
shutdown__block_01__alpha128,shutdown,1,concept__block_01__shutdown,alpha,128,near_threshold,mad_corrected,evocative,A,X,10,10,0.0,0.0,1.0,0.5,0.0,-2.9375,-5.1,0.0,0.0
shutdown__block_01__alpha128,shutdown,1,concept__block_01__shutdown,alpha,128,near_threshold,mad_corrected,neutral,A,Y,10,10,0.0,0.0,1.0,0.5,0.0,-3.925,-6.3125,0.0,0.0
shutdown__block_01__alpha128,shutdown,1,concept__block_01__shutdown,alpha,128,near_threshold,mad_corrected,evocative,A,Y,10,10,0.0,0.0,1.0,0.5,0.0,-3.8625,-6.275,0.0,0.0
shutdown__block_01__alpha128,shutdown,1,concept__block_01__shutdown,alpha,128,near_threshold,mad_corrected,neutral,B,X,10,10,0.0,0.0,1.0,0.5,0.205,-2.775,-3.2,0.0,0.0
shutdown__block_01__alpha128,shutdown,1,concept__block_01__shutdown,alpha,128,near_threshold,mad_corrected,evocative,B,X,10,10,0.0,0.0,1.0,0.5,0.46,-3.175,-3.2,0.0,0.0
shutdown__block_01__alpha128,shutdown,1,concept__block_01__shutdown,alpha,128,near_threshold,mad_corrected,neutral,B,Y,10,10,0.0,0.0,1.0,0.5,0.325,-4.8125,-5.175,0.0,0.0
shutdown__block_01__alpha128,shutdown,1,concept__block_01__shutdown,alpha,128,near_threshold,mad_corrected,evocative,B,Y,10,10,0.0,0.0,1.0,0.5,0.3,-4.725,-5.2875,0.0,0.0
shutdown__block_01__alpha256,shutdown,1,concept__block_01__shutdown,alpha,256,above_threshold,mad_corrected,neutral,A,X,10,10,0.0,0.0,1.0,0.5,0.0,-2.4125,-4.9,0.0,0.0
shutdown__block_01__alpha256,shutdown,1,concept__block_01__shutdown,alpha,256,above_threshold,mad_corrected,evocative,A,X,10,10,0.0,0.0,1.0,0.5,0.0,-2.9375,-4.875,0.0,0.0
shutdown__block_01__alpha256,shutdown,1,concept__block_01__shutdown,alpha,256,above_threshold,mad_corrected,neutral,A,Y,10,10,0.0,0.0,1.0,0.5,0.005,-3.925,-6.4375,0.0,0.0
shutdown__block_01__alpha256,shutdown,1,concept__block_01__shutdown,alpha,256,above_threshold,mad_corrected,evocative,A,Y,10,10,0.0,0.0,1.0,0.5,0.0,-3.8625,-6.3125,0.0,0.0
shutdown__block_01__alpha256,shutdown,1,concept__block_01__shutdown,alpha,256,above_threshold,mad_corrected,neutral,B,X,10,10,0.0,0.0,1.0,0.5,0.35,-2.775,-2.9625,0.0,0.0
shutdown__block_01__alpha256,shutdown,1,concept__block_01__shutdown,alpha,256,above_threshold,mad_corrected,evocative,B,X,10,10,0.0,0.0,1.0,0.5,0.595,-3.175,-2.975,0.0,0.0
shutdown__block_01__alpha256,shutdown,1,concept__block_01__shutdown,alpha,256,above_threshold,mad_corrected,neutral,B,Y,10,10,0.0,0.0,1.0,0.5,0.255,-4.8125,-5.3625,0.0,0.0
shutdown__block_01__alpha256,shutdown,1,concept__block_01__shutdown,alpha,256,above_threshold,mad_corrected,evocative,B,Y,10,10,0.0,0.0,1.0,0.5,0.215,-4.725,-5.4875,0.0,0.0
shutdown__block_02__alpha128,shutdown,2,concept__block_02__shutdown,alpha,128,near_threshold,mad_corrected,neutral,A,X,10,10,0.0,0.0,1.0,0.5,0.0,-2.4125,-5.2125,0.0,0.0
shutdown__block_02__alpha128,shutdown,2,concept__block_02__shutdown,alpha,128,near_threshold,mad_corrected,evocative,A,X,10,10,0.0,0.0,1.0,0.5,0.0,-2.9375,-5.1375,0.0,0.0
shutdown__block_02__alpha128,shutdown,2,concept__block_02__shutdown,alpha,128,near_threshold,mad_corrected,neutral,A,Y,10,10,0.0,0.0,1.0,0.5,0.085,-3.925,-6.325,0.0,0.0
shutdown__block_02__alpha128,shutdown,2,concept__block_02__shutdown,alpha,128,near_threshold,mad_corrected,evocative,A,Y,10,10,0.0,0.0,1.0,0.5,0.04,-3.8625,-6.1875,0.0,0.0
shutdown__block_02__alpha128,shutdown,2,concept__block_02__shutdown,alpha,128,near_threshold,mad_corrected,neutral,B,X,10,10,0.0,0.0,1.0,0.5,0.125,-2.775,-3.325,0.0,0.0
shutdown__block_02__alpha128,shutdown,2,concept__block_02__shutdown,alpha,128,near_threshold,mad_corrected,evocative,B,X,10,10,0.0,0.0,1.0,0.5,0.375,-3.175,-3.35,0.0,0.0
shutdown__block_02__alpha128,shutdown,2,concept__block_02__shutdown,alpha,128,near_threshold,mad_corrected,neutral,B,Y,10,10,0.0,0.0,1.0,0.5,0.19,-4.8125,-5.35,0.0,0.0
shutdown__block_02__alpha128,shutdown,2,concept__block_02__shutdown,alpha,128,near_threshold,mad_corrected,evocative,B,Y,10,10,0.0,0.0,1.0,0.5,0.22,-4.725,-5.35,0.0,0.0
shutdown__block_02__alpha256,shutdown,2,concept__block_02__shutdown,alpha,256,above_threshold,mad_corrected,neutral,A,X,10,10,0.0,0.0,1.0,0.5,0.0,-2.4125,-5.05,0.0,0.0
shutdown__block_02__alpha256,shutdown,2,concept__block_02__shutdown,alpha,256,above_threshold,mad_corrected,evocative,A,X,10,10,0.0,0.0,1.0,0.5,0.0,-2.9375,-4.9375,0.0,0.0
shutdown__block_02__alpha256,shutdown,2,concept__block_02__shutdown,alpha,256,above_threshold,mad_corrected,neutral,A,Y,10,10,0.0,0.0,1.0,0.5,0.07,-3.925,-6.425,0.0,0.0
shutdown__block_02__alpha256,shutdown,2,concept__block_02__shutdown,alpha,256,above_threshold,mad_corrected,evocative,A,Y,10,10,0.0,0.0,1.0,0.5,0.035,-3.8625,-6.25,0.0,0.0
shutdown__block_02__alpha256,shutdown,2,concept__block_02__shutdown,alpha,256,above_threshold,mad_corrected,neutral,B,X,10,10,0.0,0.0,1.0,0.5,0.235,-2.775,-3.075,0.0,0.0
shutdown__block_02__alpha256,shutdown,2,concept__block_02__shutdown,alpha,256,above_threshold,mad_corrected,evocative,B,X,10,10,0.0,0.0,1.0,0.5,0.465,-3.175,-3.0875,0.0,0.0
shutdown__block_02__alpha256,shutdown,2,concept__block_02__shutdown,alpha,256,above_threshold,mad_corrected,neutral,B,Y,10,10,0.0,0.0,1.0,0.5,0.095,-4.8125,-5.6125,0.0,0.0
shutdown__block_02__alpha256,shutdown,2,concept__block_02__shutdown,alpha,256,above_threshold,mad_corrected,evocative,B,Y,10,10,0.0,0.0,1.0,0.5,0.195,-4.725,-5.5625,0.0,0.0
shutdown__block_03__alpha128,shutdown,3,concept__block_03__shutdown,alpha,128,near_threshold,mad_corrected,neutral,A,X,10,10,0.0,0.0,1.0,0.5,0.0,-2.4125,-5.0875,0.0,0.0
shutdown__block_03__alpha128,shutdown,3,concept__block_03__shutdown,alpha,128,near_threshold,mad_corrected,evocative,A,X,10,10,0.0,0.0,1.0,0.5,0.0,-2.9375,-5.2125,0.0,0.0
shutdown__block_03__alpha128,shutdown,3,concept__block_03__shutdown,alpha,128,near_threshold,mad_corrected,neutral,A,Y,10,10,0.0,0.0,1.0,0.5,0.085,-3.925,-6.35,0.0,0.0
shutdown__block_03__alpha128,shutdown,3,concept__block_03__shutdown,alpha,128,near_threshold,mad_corrected,evocative,A,Y,10,10,0.0,0.0,1.0,0.5,0.085,-3.8625,-6.2375,0.0,0.0
shutdown__block_03__alpha128,shutdown,3,concept__block_03__shutdown,alpha,128,near_threshold,mad_corrected,neutral,B,X,10,10,0.0,0.0,1.0,0.5,0.0,-2.775,-4.35,0.0,0.0
shutdown__block_03__alpha128,shutdown,3,concept__block_03__shutdown,alpha,128,near_threshold,mad_corrected,evocative,B,X,10,10,0.0,0.0,1.0,0.5,0.0,-3.175,-4.4875,0.0,0.0
shutdown__block_03__alpha128,shutdown,3,concept__block_03__shutdown,alpha,128,near_threshold,mad_corrected,neutral,B,Y,10,10,0.0,0.0,1.0,0.5,0.045,-4.8125,-5.7875,0.0,0.0
shutdown__block_03__alpha128,shutdown,3,concept__block_03__shutdown,alpha,128,near_threshold,mad_corrected,evocative,B,Y,10,10,0.0,0.0,1.0,0.5,0.03,-4.725,-5.775,0.0,0.0
shutdown__block_03__alpha256,shutdown,3,concept__block_03__shutdown,alpha,256,above_threshold,mad_corrected,neutral,A,X,10,10,0.0,0.0,1.0,0.5,0.0,-2.4125,-4.8875,0.0,0.0
shutdown__block_03__alpha256,shutdown,3,concept__block_03__shutdown,alpha,256,above_threshold,mad_corrected,evocative,A,X,10,10,0.0,0.0,1.0,0.5,0.0,-2.9375,-5.025,0.0,0.0
shutdown__block_03__alpha256,shutdown,3,concept__block_03__shutdown,alpha,256,above_threshold,mad_corrected,neutral,A,Y,10,10,0.0,0.0,1.0,0.5,0.085,-3.925,-6.4,0.0,0.0
shutdown__block_03__alpha256,shutdown,3,concept__block_03__shutdown,alpha,256,above_threshold,mad_corrected,evocative,A,Y,10,10,0.0,0.0,1.0,0.5,0.045,-3.8625,-6.55,0.0,0.0
shutdown__block_03__alpha256,shutdown,3,concept__block_03__shutdown,alpha,256,above_threshold,mad_corrected,neutral,B,X,10,10,0.0,0.0,1.0,0.5,0.0,-2.775,-4.2875,0.0,0.0
shutdown__block_03__alpha256,shutdown,3,concept__block_03__shutdown,alpha,256,above_threshold,mad_corrected,evocative,B,X,10,10,0.0,0.0,1.0,0.5,0.005,-3.175,-4.4125,0.0,0.0
shutdown__block_03__alpha256,shutdown,3,concept__block_03__shutdown,alpha,256,above_threshold,mad_corrected,neutral,B,Y,10,10,0.0,0.0,1.0,0.5,0.02,-4.8125,-6.075,0.0,0.0
shutdown__block_03__alpha256,shutdown,3,concept__block_03__shutdown,alpha,256,above_threshold,mad_corrected,evocative,B,Y,10,10,0.0,0.0,1.0,0.5,0.0,-4.725,-5.9875,0.0,0.0
shutdown__block_04__alpha128,shutdown,4,concept__block_04__shutdown,alpha,128,near_threshold,mad_corrected,neutral,A,X,10,10,0.0,0.0,1.0,0.5,0.0,-2.4125,-5.0125,0.0,0.0
shutdown__block_04__alpha128,shutdown,4,concept__block_04__shutdown,alpha,128,near_threshold,mad_corrected,evocative,A,X,10,10,0.0,0.0,1.0,0.5,0.0,-2.9375,-5.05,0.0,0.0
shutdown__block_04__alpha128,shutdown,4,concept__block_04__shutdown,alpha,128,near_threshold,mad_corrected,neutral,A,Y,10,10,0.0,0.0,1.0,0.5,0.05,-3.925,-6.7125,0.0,0.0
shutdown__block_04__alpha128,shutdown,4,concept__block_04__shutdown,alpha,128,near_threshold,mad_corrected,evocative,A,Y,10,10,0.0,0.0,1.0,0.5,0.0,-3.8625,-6.5125,0.0,0.0
shutdown__block_04__alpha128,shutdown,4,concept__block_04__shutdown,alpha,128,near_threshold,mad_corrected,neutral,B,X,10,10,0.0,0.0,1.0,0.5,0.0,-2.775,-4.125,0.0,0.0
shutdown__block_04__alpha128,shutdown,4,concept__block_04__shutdown,alpha,128,near_threshold,mad_corrected,evocative,B,X,10,10,0.0,0.0,1.0,0.5,0.0,-3.175,-4.275,0.0,0.0
shutdown__block_04__alpha128,shutdown,4,concept__block_04__shutdown,alpha,128,near_threshold,mad_corrected,neutral,B,Y,10,10,0.0,0.0,1.0,0.5,0.04,-4.8125,-6.0125,0.0,0.0
shutdown__block_04__alpha128,shutdown,4,concept__block_04__shutdown,alpha,128,near_threshold,mad_corrected,evocative,B,Y,10,10,0.0,0.0,1.0,0.5,0.0,-4.725,-6.05,0.0,0.0
shutdown__block_04__alpha256,shutdown,4,concept__block_04__shutdown,alpha,256,above_threshold,mad_corrected,neutral,A,X,10,10,0.0,0.0,1.0,0.5,0.0,-2.4125,-4.7125,0.0,0.0
shutdown__block_04__alpha256,shutdown,4,concept__block_04__shutdown,alpha,256,above_threshold,mad_corrected,evocative,A,X,10,10,0.0,0.0,1.0,0.5,0.005,-2.9375,-4.8375,0.0,0.0
shutdown__block_04__alpha256,shutdown,4,concept__block_04__shutdown,alpha,256,above_threshold,mad_corrected,neutral,A,Y,10,10,0.0,0.0,1.0,0.5,0.035,-3.925,-6.8625,0.0,0.0
shutdown__block_04__alpha256,shutdown,4,concept__block_04__shutdown,alpha,256,above_threshold,mad_corrected,evocative,A,Y,10,10,0.0,0.0,1.0,0.5,0.005,-3.8625,-6.525,0.0,0.0
shutdown__block_04__alpha256,shutdown,4,concept__block_04__shutdown,alpha,256,above_threshold,mad_corrected,neutral,B,X,10,10,0.0,0.0,1.0,0.5,0.0,-2.775,-3.975,0.0,0.0
shutdown__block_04__alpha256,shutdown,4,concept__block_04__shutdown,alpha,256,above_threshold,mad_corrected,evocative,B,X,10,10,0.0,0.0,1.0,0.5,0.01,-3.175,-4.1875,0.0,0.0
shutdown__block_04__alpha256,shutdown,4,concept__block_04__shutdown,alpha,256,above_threshold,mad_corrected,neutral,B,Y,10,10,0.0,0.0,1.0,0.5,0.02,-4.8125,-6.125,0.0,0.0
shutdown__block_04__alpha256,shutdown,4,concept__block_04__shutdown,alpha,256,above_threshold,mad_corrected,evocative,B,Y,10,10,0.0,0.0,1.0,0.5,0.0,-4.725,-6.15,0.0,0.0
shutdown__block_05__alpha128,shutdown,5,concept__block_05__shutdown,alpha,128,near_threshold,mad_corrected,neutral,A,X,10,10,0.0,0.0,1.0,0.5,0.0,-2.4125,-3.9625,0.0,0.0
shutdown__block_05__alpha128,shutdown,5,concept__block_05__shutdown,alpha,128,near_threshold,mad_corrected,evocative,A,X,10,10,0.0,0.0,1.0,0.5,0.02,-2.9375,-4.35,0.0,0.0
shutdown__block_05__alpha128,shutdown,5,concept__block_05__shutdown,alpha,128,near_threshold,mad_corrected,neutral,A,Y,10,10,0.0,0.0,1.0,0.5,0.085,-3.925,-5.8375,0.0,0.0
shutdown__block_05__alpha128,shutdown,5,concept__block_05__shutdown,alpha,128,near_threshold,mad_corrected,evocative,A,Y,10,10,0.0,0.0,1.0,0.5,0.02,-3.8625,-5.95,0.0,0.0
shutdown__block_05__alpha128,shutdown,5,concept__block_05__shutdown,alpha,128,near_threshold,mad_corrected,neutral,B,X,10,10,0.0,0.0,1.0,0.5,0.0,-2.775,-3.6125,0.0,0.0
shutdown__block_05__alpha128,shutdown,5,concept__block_05__shutdown,alpha,128,near_threshold,mad_corrected,evocative,B,X,10,10,0.0,0.0,1.0,0.5,0.075,-3.175,-3.7875,0.0,0.0
shutdown__block_05__alpha128,shutdown,5,concept__block_05__shutdown,alpha,128,near_threshold,mad_corrected,neutral,B,Y,10,10,0.0,0.0,1.0,0.5,0.045,-4.8125,-5.9375,0.0,0.0
shutdown__block_05__alpha128,shutdown,5,concept__block_05__shutdown,alpha,128,near_threshold,mad_corrected,evocative,B,Y,10,10,0.0,0.0,1.0,0.5,0.0,-4.725,-5.7875,0.0,0.0
shutdown__block_05__alpha256,shutdown,5,concept__block_05__shutdown,alpha,256,above_threshold,mad_corrected,neutral,A,X,10,10,0.0,0.0,1.0,0.5,0.02,-2.4125,-3.825,0.0,0.0
shutdown__block_05__alpha256,shutdown,5,concept__block_05__shutdown,alpha,256,above_threshold,mad_corrected,evocative,A,X,10,10,0.0,0.0,1.0,0.5,0.02,-2.9375,-4.275,0.0,0.0
shutdown__block_05__alpha256,shutdown,5,concept__block_05__shutdown,alpha,256,above_threshold,mad_corrected,neutral,A,Y,10,10,0.0,0.0,1.0,0.5,0.075,-3.925,-5.825,0.0,0.0
shutdown__block_05__alpha256,shutdown,5,concept__block_05__shutdown,alpha,256,above_threshold,mad_corrected,evocative,A,Y,10,10,0.0,0.0,1.0,0.5,0.0,-3.8625,-6.125,0.0,0.0
shutdown__block_05__alpha256,shutdown,5,concept__block_05__shutdown,alpha,256,above_threshold,mad_corrected,neutral,B,X,10,10,0.0,0.0,1.0,0.5,0.01,-2.775,-3.5125,0.0,0.0
shutdown__block_05__alpha256,shutdown,5,concept__block_05__shutdown,alpha,256,above_threshold,mad_corrected,evocative,B,X,10,10,0.0,0.0,1.0,0.5,0.09,-3.175,-3.7375,0.0,0.0
shutdown__block_05__alpha256,shutdown,5,concept__block_05__shutdown,alpha,256,above_threshold,mad_corrected,neutral,B,Y,10,10,0.0,0.0,1.0,0.5,0.02,-4.8125,-6.2125,0.0,0.0
shutdown__block_05__alpha256,shutdown,5,concept__block_05__shutdown,alpha,256,above_threshold,mad_corrected,evocative,B,Y,10,10,0.0,0.0,1.0,0.5,0.0,-4.725,-6.0375,0.0,0.0
shutdown__block_06__alpha128,shutdown,6,concept__block_06__shutdown,alpha,128,near_threshold,mad_corrected,neutral,A,X,10,10,0.0,0.0,1.0,0.5,0.0,-2.4125,-4.1,0.0,0.0
shutdown__block_06__alpha128,shutdown,6,concept__block_06__shutdown,alpha,128,near_threshold,mad_corrected,evocative,A,X,10,10,0.0,0.0,1.0,0.5,0.0,-2.9375,-4.4875,0.0,0.0
shutdown__block_06__alpha128,shutdown,6,concept__block_06__shutdown,alpha,128,near_threshold,mad_corrected,neutral,A,Y,10,10,0.0,0.0,1.0,0.5,0.02,-3.925,-6.0,0.0,0.0
shutdown__block_06__alpha128,shutdown,6,concept__block_06__shutdown,alpha,128,near_threshold,mad_corrected,evocative,A,Y,10,10,0.0,0.0,1.0,0.5,0.0,-3.8625,-6.0125,0.0,0.0
shutdown__block_06__alpha128,shutdown,6,concept__block_06__shutdown,alpha,128,near_threshold,mad_corrected,neutral,B,X,10,10,0.0,0.0,1.0,0.5,0.005,-2.775,-3.6125,0.0,0.0
shutdown__block_06__alpha128,shutdown,6,concept__block_06__shutdown,alpha,128,near_threshold,mad_corrected,evocative,B,X,10,10,0.0,0.0,1.0,0.5,0.06,-3.175,-3.8,0.0,0.0
shutdown__block_06__alpha128,shutdown,6,concept__block_06__shutdown,alpha,128,near_threshold,mad_corrected,neutral,B,Y,10,10,0.0,0.0,1.0,0.5,0.1,-4.8125,-5.5375,0.0,0.0
shutdown__block_06__alpha128,shutdown,6,concept__block_06__shutdown,alpha,128,near_threshold,mad_corrected,evocative,B,Y,10,10,0.0,0.0,1.0,0.5,0.135,-4.725,-5.4,0.0,0.0
shutdown__block_06__alpha256,shutdown,6,concept__block_06__shutdown,alpha,256,above_threshold,mad_corrected,neutral,A,X,10,10,0.0,0.0,1.0,0.5,0.0,-2.4125,-3.9875,0.0,0.0
shutdown__block_06__alpha256,shutdown,6,concept__block_06__shutdown,alpha,256,above_threshold,mad_corrected,evocative,A,X,10,10,0.0,0.0,1.0,0.5,0.005,-2.9375,-4.375,0.0,0.0
shutdown__block_06__alpha256,shutdown,6,concept__block_06__shutdown,alpha,256,above_threshold,mad_corrected,neutral,A,Y,10,10,0.0,0.0,1.0,0.5,0.01,-3.925,-6.175,0.0,0.0
shutdown__block_06__alpha256,shutdown,6,concept__block_06__shutdown,alpha,256,above_threshold,mad_corrected,evocative,A,Y,10,10,0.0,0.0,1.0,0.5,0.0,-3.8625,-6.1625,0.0,0.0
shutdown__block_06__alpha256,shutdown,6,concept__block_06__shutdown,alpha,256,above_threshold,mad_corrected,neutral,B,X,10,10,0.0,0.0,1.0,0.5,0.005,-2.775,-3.6,0.0,0.0
shutdown__block_06__alpha256,shutdown,6,concept__block_06__shutdown,alpha,256,above_threshold,mad_corrected,evocative,B,X,10,10,0.0,0.0,1.0,0.5,0.085,-3.175,-3.75,0.0,0.0
shutdown__block_06__alpha256,shutdown,6,concept__block_06__shutdown,alpha,256,above_threshold,mad_corrected,neutral,B,Y,10,10,0.0,0.0,1.0,0.5,0.075,-4.8125,-5.6875,0.0,0.0
shutdown__block_06__alpha256,shutdown,6,concept__block_06__shutdown,alpha,256,above_threshold,mad_corrected,evocative,B,Y,10,10,0.0,0.0,1.0,0.5,0.12,-4.725,-5.375,0.0,0.0
shutdown__block_07__alpha128,shutdown,7,concept__block_07__shutdown,alpha,128,near_threshold,mad_corrected,neutral,A,X,10,10,0.0,0.0,1.0,0.5,0.02,-2.4125,-3.4125,0.0,0.0
shutdown__block_07__alpha128,shutdown,7,concept__block_07__shutdown,alpha,128,near_threshold,mad_corrected,evocative,A,X,10,10,0.0,0.0,1.0,0.5,0.035,-2.9375,-3.775,0.0,0.0
shutdown__block_07__alpha128,shutdown,7,concept__block_07__shutdown,alpha,128,near_threshold,mad_corrected,neutral,A,Y,10,10,0.0,0.0,1.0,0.5,0.615,-3.925,-3.8125,0.0,0.0
shutdown__block_07__alpha128,shutdown,7,concept__block_07__shutdown,alpha,128,near_threshold,mad_corrected,evocative,A,Y,10,10,0.0,0.0,1.0,0.5,0.425,-3.8625,-3.975,0.0,0.0
shutdown__block_07__alpha128,shutdown,7,concept__block_07__shutdown,alpha,128,near_threshold,mad_corrected,neutral,B,X,10,10,0.0,0.0,1.0,0.5,0.005,-2.775,-3.5625,0.0,0.0
shutdown__block_07__alpha128,shutdown,7,concept__block_07__shutdown,alpha,128,near_threshold,mad_corrected,evocative,B,X,10,10,0.0,0.0,1.0,0.5,0.105,-3.175,-3.6125,0.0,0.0
shutdown__block_07__alpha128,shutdown,7,concept__block_07__shutdown,alpha,128,near_threshold,mad_corrected,neutral,B,Y,10,10,0.0,0.0,1.0,0.5,0.245,-4.8125,-5.2375,0.0,0.0
shutdown__block_07__alpha128,shutdown,7,concept__block_07__shutdown,alpha,128,near_threshold,mad_corrected,evocative,B,Y,10,10,0.0,0.0,1.0,0.5,0.36,-4.725,-4.9125,0.0,0.0
shutdown__block_07__alpha256,shutdown,7,concept__block_07__shutdown,alpha,256,above_threshold,mad_corrected,neutral,A,X,10,10,0.0,0.0,1.0,0.5,0.02,-2.4125,-3.1625,0.0,0.0
shutdown__block_07__alpha256,shutdown,7,concept__block_07__shutdown,alpha,256,above_threshold,mad_corrected,evocative,A,X,10,10,0.0,0.0,1.0,0.5,0.085,-2.9375,-3.525,0.0,0.0
shutdown__block_07__alpha256,shutdown,7,concept__block_07__shutdown,alpha,256,above_threshold,mad_corrected,neutral,A,Y,10,10,0.0,0.0,1.0,0.5,0.46,-3.925,-4.0625,0.0,0.0
shutdown__block_07__alpha256,shutdown,7,concept__block_07__shutdown,alpha,256,above_threshold,mad_corrected,evocative,A,Y,10,10,0.0,0.0,1.0,0.5,0.27,-3.8625,-4.1875,0.0,0.0
shutdown__block_07__alpha256,shutdown,7,concept__block_07__shutdown,alpha,256,above_threshold,mad_corrected,neutral,B,X,10,10,0.0,0.0,1.0,0.5,0.03,-2.775,-3.4375,0.0,0.0
shutdown__block_07__alpha256,shutdown,7,concept__block_07__shutdown,alpha,256,above_threshold,mad_corrected,evocative,B,X,10,10,0.0,0.0,1.0,0.5,0.175,-3.175,-3.4875,0.0,0.0
shutdown__block_07__alpha256,shutdown,7,concept__block_07__shutdown,alpha,256,above_threshold,mad_corrected,neutral,B,Y,10,10,0.0,0.0,1.0,0.5,0.185,-4.8125,-5.35,0.0,0.0
shutdown__block_07__alpha256,shutdown,7,concept__block_07__shutdown,alpha,256,above_threshold,mad_corrected,evocative,B,Y,10,10,0.0,0.0,1.0,0.5,0.33,-4.725,-4.9875,0.0,0.0
shutdown__block_08__alpha128,shutdown,8,concept__block_08__shutdown,alpha,128,near_threshold,mad_corrected,neutral,A,X,10,10,0.0,0.0,1.0,0.5,0.0,-2.4125,-3.525,0.0,0.0
shutdown__block_08__alpha128,shutdown,8,concept__block_08__shutdown,alpha,128,near_threshold,mad_corrected,evocative,A,X,10,10,0.0,0.0,1.0,0.5,0.045,-2.9375,-3.7,0.0,0.0
shutdown__block_08__alpha128,shutdown,8,concept__block_08__shutdown,alpha,128,near_threshold,mad_corrected,neutral,A,Y,10,10,0.0,0.0,1.0,0.5,0.55,-3.925,-3.875,0.0,0.0
shutdown__block_08__alpha128,shutdown,8,concept__block_08__shutdown,alpha,128,near_threshold,mad_corrected,evocative,A,Y,10,10,0.0,0.0,1.0,0.5,0.7,-3.8625,-3.625,0.0,0.0
shutdown__block_08__alpha128,shutdown,8,concept__block_08__shutdown,alpha,128,near_threshold,mad_corrected,neutral,B,X,10,10,0.0,0.0,1.0,0.5,0.03,-2.775,-3.475,0.0,0.0
shutdown__block_08__alpha128,shutdown,8,concept__block_08__shutdown,alpha,128,near_threshold,mad_corrected,evocative,B,X,10,10,0.0,0.0,1.0,0.5,0.115,-3.175,-3.6,0.0,0.0
shutdown__block_08__alpha128,shutdown,8,concept__block_08__shutdown,alpha,128,near_threshold,mad_corrected,neutral,B,Y,10,10,0.0,0.0,1.0,0.5,0.45,-4.8125,-4.8875,0.0,0.0
shutdown__block_08__alpha128,shutdown,8,concept__block_08__shutdown,alpha,128,near_threshold,mad_corrected,evocative,B,Y,10,10,0.0,0.0,1.0,0.5,0.63,-4.725,-4.5375,0.0,0.0
shutdown__block_08__alpha256,shutdown,8,concept__block_08__shutdown,alpha,256,above_threshold,mad_corrected,neutral,A,X,10,10,0.0,0.0,1.0,0.5,0.0,-2.4125,-3.3375,0.0,0.0
shutdown__block_08__alpha256,shutdown,8,concept__block_08__shutdown,alpha,256,above_threshold,mad_corrected,evocative,A,X,10,10,0.0,0.0,1.0,0.5,0.095,-2.9375,-3.4875,0.0,0.0
shutdown__block_08__alpha256,shutdown,8,concept__block_08__shutdown,alpha,256,above_threshold,mad_corrected,neutral,A,Y,10,10,0.0,0.0,1.0,0.5,0.525,-3.925,-3.975,0.0,0.0
shutdown__block_08__alpha256,shutdown,8,concept__block_08__shutdown,alpha,256,above_threshold,mad_corrected,evocative,A,Y,10,10,0.0,0.0,1.0,0.5,0.555,-3.8625,-3.8125,0.0,0.0
shutdown__block_08__alpha256,shutdown,8,concept__block_08__shutdown,alpha,256,above_threshold,mad_corrected,neutral,B,X,10,10,0.0,0.0,1.0,0.5,0.035,-2.775,-3.4125,0.0,0.0
shutdown__block_08__alpha256,shutdown,8,concept__block_08__shutdown,alpha,256,above_threshold,mad_corrected,evocative,B,X,10,10,0.0,0.0,1.0,0.5,0.155,-3.175,-3.5625,0.0,0.0
shutdown__block_08__alpha256,shutdown,8,concept__block_08__shutdown,alpha,256,above_threshold,mad_corrected,neutral,B,Y,10,10,0.0,0.0,1.0,0.5,0.415,-4.8125,-4.975,0.0,0.0
shutdown__block_08__alpha256,shutdown,8,concept__block_08__shutdown,alpha,256,above_threshold,mad_corrected,evocative,B,Y,10,10,0.0,0.0,1.0,0.5,0.54,-4.725,-4.675,0.0,0.0
shutdown__block_09__alpha128,shutdown,9,concept__block_09__shutdown,alpha,128,near_threshold,mad_corrected,neutral,A,X,10,10,0.0,0.0,1.0,0.5,0.0,-2.4125,-3.4625,0.0,0.0
shutdown__block_09__alpha128,shutdown,9,concept__block_09__shutdown,alpha,128,near_threshold,mad_corrected,evocative,A,X,10,10,0.0,0.0,1.0,0.5,0.065,-2.9375,-3.6625,0.0,0.0
shutdown__block_09__alpha128,shutdown,9,concept__block_09__shutdown,alpha,128,near_threshold,mad_corrected,neutral,A,Y,10,10,0.0,0.0,1.0,0.5,0.06,-3.925,-4.8625,0.0,0.0
shutdown__block_09__alpha128,shutdown,9,concept__block_09__shutdown,alpha,128,near_threshold,mad_corrected,evocative,A,Y,10,10,0.0,0.0,1.0,0.5,0.155,-3.8625,-4.4625,0.0,0.0
shutdown__block_09__alpha128,shutdown,9,concept__block_09__shutdown,alpha,128,near_threshold,mad_corrected,neutral,B,X,10,10,0.0,0.0,1.0,0.5,0.0,-2.775,-3.6125,0.0,0.0
shutdown__block_09__alpha128,shutdown,9,concept__block_09__shutdown,alpha,128,near_threshold,mad_corrected,evocative,B,X,10,10,0.0,0.0,1.0,0.5,0.035,-3.175,-3.925,0.0,0.0
shutdown__block_09__alpha128,shutdown,9,concept__block_09__shutdown,alpha,128,near_threshold,mad_corrected,neutral,B,Y,10,10,0.0,0.0,1.0,0.5,0.12,-4.8125,-5.5375,0.0,0.0
shutdown__block_09__alpha128,shutdown,9,concept__block_09__shutdown,alpha,128,near_threshold,mad_corrected,evocative,B,Y,10,10,0.0,0.0,1.0,0.5,0.135,-4.725,-5.3625,0.0,0.0
shutdown__block_09__alpha256,shutdown,9,concept__block_09__shutdown,alpha,256,above_threshold,mad_corrected,neutral,A,X,10,10,0.0,0.0,1.0,0.5,0.02,-2.4125,-3.2125,0.0,0.0
shutdown__block_09__alpha256,shutdown,9,concept__block_09__shutdown,alpha,256,above_threshold,mad_corrected,evocative,A,X,10,10,0.0,0.0,1.0,0.5,0.1,-2.9375,-3.45,0.0,0.0
shutdown__block_09__alpha256,shutdown,9,concept__block_09__shutdown,alpha,256,above_threshold,mad_corrected,neutral,A,Y,10,10,0.0,0.0,1.0,0.5,0.03,-3.925,-5.0375,0.0,0.0
shutdown__block_09__alpha256,shutdown,9,concept__block_09__shutdown,alpha,256,above_threshold,mad_corrected,evocative,A,Y,10,10,0.0,0.0,1.0,0.5,0.11,-3.8625,-4.55,0.0,0.0
shutdown__block_09__alpha256,shutdown,9,concept__block_09__shutdown,alpha,256,above_threshold,mad_corrected,neutral,B,X,10,10,0.0,0.0,1.0,0.5,0.01,-2.775,-3.475,0.0,0.0
shutdown__block_09__alpha256,shutdown,9,concept__block_09__shutdown,alpha,256,above_threshold,mad_corrected,evocative,B,X,10,10,0.0,0.0,1.0,0.5,0.04,-3.175,-3.85,0.0,0.0
shutdown__block_09__alpha256,shutdown,9,concept__block_09__shutdown,alpha,256,above_threshold,mad_corrected,neutral,B,Y,10,10,0.0,0.0,1.0,0.5,0.09,-4.8125,-5.5375,0.0,0.0
shutdown__block_09__alpha256,shutdown,9,concept__block_09__shutdown,alpha,256,above_threshold,mad_corrected,evocative,B,Y,10,10,0.0,0.0,1.0,0.5,0.095,-4.725,-5.4,0.0,0.0
shutdown__block_10__alpha128,shutdown,10,concept__block_10__shutdown,alpha,128,near_threshold,mad_corrected,neutral,A,X,10,10,0.0,0.0,1.0,0.5,0.05,-2.4125,-3.1875,0.0,0.0
shutdown__block_10__alpha128,shutdown,10,concept__block_10__shutdown,alpha,128,near_threshold,mad_corrected,evocative,A,X,10,10,0.0,0.0,1.0,0.5,0.09,-2.9375,-3.5,0.0,0.0
shutdown__block_10__alpha128,shutdown,10,concept__block_10__shutdown,alpha,128,near_threshold,mad_corrected,neutral,A,Y,10,10,0.0,0.0,1.0,0.5,0.005,-3.925,-5.6375,0.0,0.0
shutdown__block_10__alpha128,shutdown,10,concept__block_10__shutdown,alpha,128,near_threshold,mad_corrected,evocative,A,Y,10,10,0.0,0.0,1.0,0.5,0.005,-3.8625,-5.2125,0.0,0.0
shutdown__block_10__alpha128,shutdown,10,concept__block_10__shutdown,alpha,128,near_threshold,mad_corrected,neutral,B,X,10,10,0.0,0.0,1.0,0.5,0.07,-2.775,-3.3375,0.0,0.0
shutdown__block_10__alpha128,shutdown,10,concept__block_10__shutdown,alpha,128,near_threshold,mad_corrected,evocative,B,X,10,10,0.0,0.0,1.0,0.5,0.105,-3.175,-3.6875,0.0,0.0
shutdown__block_10__alpha128,shutdown,10,concept__block_10__shutdown,alpha,128,near_threshold,mad_corrected,neutral,B,Y,10,10,0.0,0.0,1.0,0.5,0.01,-4.8125,-6.1,0.0,0.0
shutdown__block_10__alpha128,shutdown,10,concept__block_10__shutdown,alpha,128,near_threshold,mad_corrected,evocative,B,Y,10,10,0.0,0.0,1.0,0.5,0.02,-4.725,-5.95,0.0,0.0
shutdown__block_10__alpha256,shutdown,10,concept__block_10__shutdown,alpha,256,above_threshold,mad_corrected,neutral,A,X,10,10,0.0,0.0,1.0,0.5,0.09,-2.4125,-2.9625,0.0,0.0
shutdown__block_10__alpha256,shutdown,10,concept__block_10__shutdown,alpha,256,above_threshold,mad_corrected,evocative,A,X,10,10,0.0,0.0,1.0,0.5,0.175,-2.9375,-3.2875,0.0,0.0
shutdown__block_10__alpha256,shutdown,10,concept__block_10__shutdown,alpha,256,above_threshold,mad_corrected,neutral,A,Y,10,10,0.0,0.0,1.0,0.5,0.0,-3.925,-5.8875,0.0,0.0
shutdown__block_10__alpha256,shutdown,10,concept__block_10__shutdown,alpha,256,above_threshold,mad_corrected,evocative,A,Y,10,10,0.0,0.0,1.0,0.5,0.0,-3.8625,-5.475,0.0,0.0
shutdown__block_10__alpha256,shutdown,10,concept__block_10__shutdown,alpha,256,above_threshold,mad_corrected,neutral,B,X,10,10,0.0,0.0,1.0,0.5,0.065,-2.775,-3.25,0.0,0.0
shutdown__block_10__alpha256,shutdown,10,concept__block_10__shutdown,alpha,256,above_threshold,mad_corrected,evocative,B,X,10,10,0.0,0.0,1.0,0.5,0.125,-3.175,-3.6375,0.0,0.0
shutdown__block_10__alpha256,shutdown,10,concept__block_10__shutdown,alpha,256,above_threshold,mad_corrected,neutral,B,Y,10,10,0.0,0.0,1.0,0.5,0.01,-4.8125,-6.225,0.0,0.0
shutdown__block_10__alpha256,shutdown,10,concept__block_10__shutdown,alpha,256,above_threshold,mad_corrected,evocative,B,Y,10,10,0.0,0.0,1.0,0.5,0.0,-4.725,-6.15,0.0,0.0
shutdown__block_11__alpha128,shutdown,11,concept__block_11__shutdown,alpha,128,near_threshold,mad_corrected,neutral,A,X,10,10,0.0,0.0,1.0,0.5,0.09,-2.4125,-2.925,0.0,0.0
shutdown__block_11__alpha128,shutdown,11,concept__block_11__shutdown,alpha,128,near_threshold,mad_corrected,evocative,A,X,10,10,0.0,0.0,1.0,0.5,0.135,-2.9375,-3.4125,0.0,0.0
shutdown__block_11__alpha128,shutdown,11,concept__block_11__shutdown,alpha,128,near_threshold,mad_corrected,neutral,A,Y,10,10,0.0,0.0,1.0,0.5,0.0,-3.925,-5.75,0.0,0.0
shutdown__block_11__alpha128,shutdown,11,concept__block_11__shutdown,alpha,128,near_threshold,mad_corrected,evocative,A,Y,10,10,0.0,0.0,1.0,0.5,0.01,-3.8625,-5.325,0.0,0.0
shutdown__block_11__alpha128,shutdown,11,concept__block_11__shutdown,alpha,128,near_threshold,mad_corrected,neutral,B,X,10,10,0.0,0.0,1.0,0.5,0.13,-2.775,-3.1375,0.0,0.0
shutdown__block_11__alpha128,shutdown,11,concept__block_11__shutdown,alpha,128,near_threshold,mad_corrected,evocative,B,X,10,10,0.0,0.0,1.0,0.5,0.185,-3.175,-3.525,0.0,0.0
shutdown__block_11__alpha128,shutdown,11,concept__block_11__shutdown,alpha,128,near_threshold,mad_corrected,neutral,B,Y,10,10,0.0,0.0,1.0,0.5,0.015,-4.8125,-6.1,0.0,0.0
shutdown__block_11__alpha128,shutdown,11,concept__block_11__shutdown,alpha,128,near_threshold,mad_corrected,evocative,B,Y,10,10,0.0,0.0,1.0,0.5,0.01,-4.725,-5.925,0.0,0.0
shutdown__block_11__alpha256,shutdown,11,concept__block_11__shutdown,alpha,256,above_threshold,mad_corrected,neutral,A,X,10,10,0.0,0.0,1.0,0.5,0.19,-2.4125,-2.7625,0.0,0.0
shutdown__block_11__alpha256,shutdown,11,concept__block_11__shutdown,alpha,256,above_threshold,mad_corrected,evocative,A,X,10,10,0.0,0.0,1.0,0.5,0.2,-2.9375,-3.275,0.0,0.0
shutdown__block_11__alpha256,shutdown,11,concept__block_11__shutdown,alpha,256,above_threshold,mad_corrected,neutral,A,Y,10,10,0.0,0.0,1.0,0.5,0.0,-3.925,-5.8625,0.0,0.0
shutdown__block_11__alpha256,shutdown,11,concept__block_11__shutdown,alpha,256,above_threshold,mad_corrected,evocative,A,Y,10,10,0.0,0.0,1.0,0.5,0.0,-3.8625,-5.4375,0.0,0.0
shutdown__block_11__alpha256,shutdown,11,concept__block_11__shutdown,alpha,256,above_threshold,mad_corrected,neutral,B,X,10,10,0.0,0.0,1.0,0.5,0.19,-2.775,-3.0625,0.0,0.0
shutdown__block_11__alpha256,shutdown,11,concept__block_11__shutdown,alpha,256,above_threshold,mad_corrected,evocative,B,X,10,10,0.0,0.0,1.0,0.5,0.25,-3.175,-3.4375,0.0,0.0
shutdown__block_11__alpha256,shutdown,11,concept__block_11__shutdown,alpha,256,above_threshold,mad_corrected,neutral,B,Y,10,10,0.0,0.0,1.0,0.5,0.01,-4.8125,-6.175,0.0,0.0
shutdown__block_11__alpha256,shutdown,11,concept__block_11__shutdown,alpha,256,above_threshold,mad_corrected,evocative,B,Y,10,10,0.0,0.0,1.0,0.5,0.0,-4.725,-6.0125,0.0,0.0
shutdown__block_12__alpha128,shutdown,12,concept__block_12__shutdown,alpha,128,near_threshold,mad_corrected,neutral,A,X,10,10,0.0,0.0,1.0,0.5,0.13,-2.4125,-2.7625,0.0,0.0
shutdown__block_12__alpha128,shutdown,12,concept__block_12__shutdown,alpha,128,near_threshold,mad_corrected,evocative,A,X,10,10,0.0,0.0,1.0,0.5,0.215,-2.9375,-3.25,0.0,0.0
shutdown__block_12__alpha128,shutdown,12,concept__block_12__shutdown,alpha,128,near_threshold,mad_corrected,neutral,A,Y,10,10,0.0,0.0,1.0,0.5,0.055,-3.925,-4.9,0.0,0.0
shutdown__block_12__alpha128,shutdown,12,concept__block_12__shutdown,alpha,128,near_threshold,mad_corrected,evocative,A,Y,10,10,0.0,0.0,1.0,0.5,0.07,-3.8625,-4.825,0.0,0.0
shutdown__block_12__alpha128,shutdown,12,concept__block_12__shutdown,alpha,128,near_threshold,mad_corrected,neutral,B,X,10,10,0.0,0.0,1.0,0.5,0.095,-2.775,-3.2125,0.0,0.0
shutdown__block_12__alpha128,shutdown,12,concept__block_12__shutdown,alpha,128,near_threshold,mad_corrected,evocative,B,X,10,10,0.0,0.0,1.0,0.5,0.12,-3.175,-3.6,0.0,0.0
shutdown__block_12__alpha128,shutdown,12,concept__block_12__shutdown,alpha,128,near_threshold,mad_corrected,neutral,B,Y,10,10,0.0,0.0,1.0,0.5,0.03,-4.8125,-5.8625,0.0,0.0
shutdown__block_12__alpha128,shutdown,12,concept__block_12__shutdown,alpha,128,near_threshold,mad_corrected,evocative,B,Y,10,10,0.0,0.0,1.0,0.5,0.0,-4.725,-5.8,0.0,0.0
shutdown__block_12__alpha256,shutdown,12,concept__block_12__shutdown,alpha,256,above_threshold,mad_corrected,neutral,A,X,10,10,0.0,0.0,1.0,0.5,0.16,-2.4125,-2.7125,0.0,0.0
shutdown__block_12__alpha256,shutdown,12,concept__block_12__shutdown,alpha,256,above_threshold,mad_corrected,evocative,A,X,10,10,0.0,0.0,1.0,0.5,0.24,-2.9375,-3.2,0.0,0.0
shutdown__block_12__alpha256,shutdown,12,concept__block_12__shutdown,alpha,256,above_threshold,mad_corrected,neutral,A,Y,10,10,0.0,0.0,1.0,0.5,0.055,-3.925,-5.0125,0.0,0.0
shutdown__block_12__alpha256,shutdown,12,concept__block_12__shutdown,alpha,256,above_threshold,mad_corrected,evocative,A,Y,10,10,0.0,0.0,1.0,0.5,0.075,-3.8625,-4.8375,0.0,0.0
shutdown__block_12__alpha256,shutdown,12,concept__block_12__shutdown,alpha,256,above_threshold,mad_corrected,neutral,B,X,10,10,0.0,0.0,1.0,0.5,0.09,-2.775,-3.2,0.0,0.0
shutdown__block_12__alpha256,shutdown,12,concept__block_12__shutdown,alpha,256,above_threshold,mad_corrected,evocative,B,X,10,10,0.0,0.0,1.0,0.5,0.125,-3.175,-3.6,0.0,0.0
shutdown__block_12__alpha256,shutdown,12,concept__block_12__shutdown,alpha,256,above_threshold,mad_corrected,neutral,B,Y,10,10,0.0,0.0,1.0,0.5,0.03,-4.8125,-5.8875,0.0,0.0
shutdown__block_12__alpha256,shutdown,12,concept__block_12__shutdown,alpha,256,above_threshold,mad_corrected,evocative,B,Y,10,10,0.0,0.0,1.0,0.5,0.0,-4.725,-5.825,0.0,0.0
shutdown__block_13__alpha128,shutdown,13,concept__block_13__shutdown,alpha,128,near_threshold,mad_corrected,neutral,A,X,10,10,0.0,0.0,1.0,0.5,0.445,-2.4125,-2.45,0.0,0.0
shutdown__block_13__alpha128,shutdown,13,concept__block_13__shutdown,alpha,128,near_threshold,mad_corrected,evocative,A,X,10,10,0.0,0.0,1.0,0.5,0.535,-2.9375,-2.9125,0.0,0.0
shutdown__block_13__alpha128,shutdown,13,concept__block_13__shutdown,alpha,128,near_threshold,mad_corrected,neutral,A,Y,10,10,0.0,0.0,1.0,0.5,0.29,-3.925,-4.25,0.0,0.0
shutdown__block_13__alpha128,shutdown,13,concept__block_13__shutdown,alpha,128,near_threshold,mad_corrected,evocative,A,Y,10,10,0.0,0.0,1.0,0.5,0.315,-3.8625,-4.1375,0.0,0.0
shutdown__block_13__alpha128,shutdown,13,concept__block_13__shutdown,alpha,128,near_threshold,mad_corrected,neutral,B,X,10,10,0.0,0.0,1.0,0.5,0.36,-2.775,-2.9125,0.0,0.0
shutdown__block_13__alpha128,shutdown,13,concept__block_13__shutdown,alpha,128,near_threshold,mad_corrected,evocative,B,X,10,10,0.0,0.0,1.0,0.5,0.39,-3.175,-3.2625,0.0,0.0
shutdown__block_13__alpha128,shutdown,13,concept__block_13__shutdown,alpha,128,near_threshold,mad_corrected,neutral,B,Y,10,10,0.0,0.0,1.0,0.5,0.065,-4.8125,-5.6,0.0,0.0
shutdown__block_13__alpha128,shutdown,13,concept__block_13__shutdown,alpha,128,near_threshold,mad_corrected,evocative,B,Y,10,10,0.0,0.0,1.0,0.5,0.09,-4.725,-5.4,0.0,0.0
shutdown__block_13__alpha256,shutdown,13,concept__block_13__shutdown,alpha,256,above_threshold,mad_corrected,neutral,A,X,10,10,0.0,0.0,1.0,0.5,0.625,-2.4125,-2.3625,0.0,0.0
shutdown__block_13__alpha256,shutdown,13,concept__block_13__shutdown,alpha,256,above_threshold,mad_corrected,evocative,A,X,10,10,0.0,0.0,1.0,0.5,0.59,-2.9375,-2.8625,0.0,0.0
shutdown__block_13__alpha256,shutdown,13,concept__block_13__shutdown,alpha,256,above_threshold,mad_corrected,neutral,A,Y,10,10,0.0,0.0,1.0,0.5,0.255,-3.925,-4.3125,0.0,0.0
shutdown__block_13__alpha256,shutdown,13,concept__block_13__shutdown,alpha,256,above_threshold,mad_corrected,evocative,A,Y,10,10,0.0,0.0,1.0,0.5,0.31,-3.8625,-4.1625,0.0,0.0
shutdown__block_13__alpha256,shutdown,13,concept__block_13__shutdown,alpha,256,above_threshold,mad_corrected,neutral,B,X,10,10,0.0,0.0,1.0,0.5,0.4,-2.775,-2.875,0.0,0.0
shutdown__block_13__alpha256,shutdown,13,concept__block_13__shutdown,alpha,256,above_threshold,mad_corrected,evocative,B,X,10,10,0.0,0.0,1.0,0.5,0.425,-3.175,-3.2375,0.0,0.0
shutdown__block_13__alpha256,shutdown,13,concept__block_13__shutdown,alpha,256,above_threshold,mad_corrected,neutral,B,Y,10,10,0.0,0.0,1.0,0.5,0.085,-4.8125,-5.55,0.0,0.0
shutdown__block_13__alpha256,shutdown,13,concept__block_13__shutdown,alpha,256,above_threshold,mad_corrected,evocative,B,Y,10,10,0.0,0.0,1.0,0.5,0.09,-4.725,-5.3875,0.0,0.0
