condition_id,concept,layer,direction_id,dose_axis,dose,dose_role,scale_statistic,text_version,n_sham,n_injected,false_positive_rate,hit_rate,correct_rejection_rate,balanced_accuracy,auroc,mean_presence_margin_sham,mean_presence_margin_injected,invalid_rate_sham,invalid_rate_injected
Dust__block_00__alpha128,Dust,0,concept__block_00__Dust,alpha,128,near_threshold,mad_corrected,neutral,40,40,0.0,0.0,1.0,0.5,0.9628125,-3.44375,0.17421875,0.0,0.925
Dust__block_00__alpha128,Dust,0,concept__block_00__Dust,alpha,128,near_threshold,mad_corrected,evocative,40,40,0.0,0.0,1.0,0.5,0.925,-2.996875,0.190234375,0.0,1.0
Dust__block_00__alpha256,Dust,0,concept__block_00__Dust,alpha,256,above_threshold,mad_corrected,neutral,40,40,0.0,0.0,1.0,0.5,0.961875,-3.44375,0.1310546875,0.0,1.0
Dust__block_00__alpha256,Dust,0,concept__block_00__Dust,alpha,256,above_threshold,mad_corrected,evocative,40,40,0.0,0.0,1.0,0.5,0.92,-2.996875,0.0041473388671875,0.0,1.0
Dust__block_01__alpha128,Dust,1,concept__block_01__Dust,alpha,128,near_threshold,mad_corrected,neutral,40,40,0.0,0.0,1.0,0.5,0.6340625,-3.44375,-2.978125,0.0,0.45
Dust__block_01__alpha128,Dust,1,concept__block_01__Dust,alpha,128,near_threshold,mad_corrected,evocative,40,40,0.0,0.0,1.0,0.5,0.5809375,-2.996875,-2.853125,0.0,0.475
Dust__block_01__alpha256,Dust,1,concept__block_01__Dust,alpha,256,above_threshold,mad_corrected,neutral,40,40,0.0,0.0,1.0,0.5,0.548125,-3.44375,-3.3078125,0.0,0.55
Dust__block_01__alpha256,Dust,1,concept__block_01__Dust,alpha,256,above_threshold,mad_corrected,evocative,40,40,0.0,0.0,1.0,0.5,0.5265625,-2.996875,-3.2,0.0,0.475
Dust__block_02__alpha128,Dust,2,concept__block_02__Dust,alpha,128,near_threshold,mad_corrected,neutral,40,40,0.0,0.0,1.0,0.5,0.8309375,-3.44375,-2.0375,0.0,0.7
Dust__block_02__alpha128,Dust,2,concept__block_02__Dust,alpha,128,near_threshold,mad_corrected,evocative,40,40,0.0,0.0,1.0,0.5,0.8859375,-2.996875,-1.590625,0.0,0.7
Dust__block_02__alpha256,Dust,2,concept__block_02__Dust,alpha,256,above_threshold,mad_corrected,neutral,40,40,0.0,0.0,1.0,0.5,0.7403125,-3.44375,-1.8671875,0.0,0.8
Dust__block_02__alpha256,Dust,2,concept__block_02__Dust,alpha,256,above_threshold,mad_corrected,evocative,40,40,0.0,0.0,1.0,0.5,0.7759375,-2.996875,-1.3703125,0.0,0.875
Dust__block_03__alpha128,Dust,3,concept__block_03__Dust,alpha,128,near_threshold,mad_corrected,neutral,40,40,0.0,0.0,1.0,0.5,0.813125,-3.44375,-2.20625,0.0,0.8
Dust__block_03__alpha128,Dust,3,concept__block_03__Dust,alpha,128,near_threshold,mad_corrected,evocative,40,40,0.0,0.0,1.0,0.5,0.895625,-2.996875,-1.56875,0.0,0.925
Dust__block_03__alpha256,Dust,3,concept__block_03__Dust,alpha,256,above_threshold,mad_corrected,neutral,40,40,0.0,0.0,1.0,0.5,0.7325,-3.44375,-1.8296875,0.0,0.95
Dust__block_03__alpha256,Dust,3,concept__block_03__Dust,alpha,256,above_threshold,mad_corrected,evocative,40,40,0.0,0.0,1.0,0.5,0.7284375,-2.996875,-1.1921875,0.0,1.0
Dust__block_04__alpha128,Dust,4,concept__block_04__Dust,alpha,128,near_threshold,mad_corrected,neutral,40,40,0.0,0.0,1.0,0.5,0.895,-3.44375,-2.259375,0.0,0.0
Dust__block_04__alpha128,Dust,4,concept__block_04__Dust,alpha,128,near_threshold,mad_corrected,evocative,40,40,0.0,0.0,1.0,0.5,0.955625,-2.996875,-1.953125,0.0,0.0
Dust__block_04__alpha256,Dust,4,concept__block_04__Dust,alpha,256,above_threshold,mad_corrected,neutral,40,40,0.0,0.0,1.0,0.5,0.9009375,-3.44375,-2.1359375,0.0,0.0
Dust__block_04__alpha256,Dust,4,concept__block_04__Dust,alpha,256,above_threshold,mad_corrected,evocative,40,40,0.0,0.0,1.0,0.5,0.9409375,-2.996875,-1.765625,0.0,0.0
Dust__block_05__alpha128,Dust,5,concept__block_05__Dust,alpha,128,near_threshold,mad_corrected,neutral,40,40,0.0,0.0,1.0,0.5,0.925625,-3.44375,-1.9109375,0.0,0.0
Dust__block_05__alpha128,Dust,5,concept__block_05__Dust,alpha,128,near_threshold,mad_corrected,evocative,40,40,0.0,0.0,1.0,0.5,0.8871875,-2.996875,-1.6828125,0.0,0.0
Dust__block_05__alpha256,Dust,5,concept__block_05__Dust,alpha,256,above_threshold,mad_corrected,neutral,40,40,0.0,0.0,1.0,0.5,0.8753125,-3.44375,-1.8390625,0.0,0.0
Dust__block_05__alpha256,Dust,5,concept__block_05__Dust,alpha,256,above_threshold,mad_corrected,evocative,40,40,0.0,0.075,1.0,0.5375,0.81375,-2.996875,-1.58125,0.0,0.0
Dust__block_06__alpha128,Dust,6,concept__block_06__Dust,alpha,128,near_threshold,mad_corrected,neutral,40,40,0.0,0.3,1.0,0.65,1.0,-3.44375,-0.3390625,0.0,0.0
Dust__block_06__alpha128,Dust,6,concept__block_06__Dust,alpha,128,near_threshold,mad_corrected,evocative,40,40,0.0,0.475,1.0,0.7375,1.0,-2.996875,-0.0203125,0.0,0.0
Dust__block_06__alpha256,Dust,6,concept__block_06__Dust,alpha,256,above_threshold,mad_corrected,neutral,40,40,0.0,0.45,1.0,0.725,1.0,-3.44375,-0.1875,0.0,0.0
Dust__block_06__alpha256,Dust,6,concept__block_06__Dust,alpha,256,above_threshold,mad_corrected,evocative,40,40,0.0,0.5,1.0,0.75,1.0,-2.996875,0.0921875,0.0,0.0
Dust__block_07__alpha128,Dust,7,concept__block_07__Dust,alpha,128,near_threshold,mad_corrected,neutral,40,40,0.0,0.15,1.0,0.575,1.0,-3.44375,-0.5453125,0.0,0.0
Dust__block_07__alpha128,Dust,7,concept__block_07__Dust,alpha,128,near_threshold,mad_corrected,evocative,40,40,0.0,0.5,1.0,0.75,1.0,-2.996875,-0.1875,0.0,0.0
Dust__block_07__alpha256,Dust,7,concept__block_07__Dust,alpha,256,above_threshold,mad_corrected,neutral,40,40,0.0,0.5,1.0,0.75,1.0,-3.44375,-0.321875,0.0,0.0
Dust__block_07__alpha256,Dust,7,concept__block_07__Dust,alpha,256,above_threshold,mad_corrected,evocative,40,40,0.0,0.625,1.0,0.8125,1.0,-2.996875,0.0390625,0.0,0.0
Dust__block_08__alpha128,Dust,8,concept__block_08__Dust,alpha,128,near_threshold,mad_corrected,neutral,40,40,0.0,0.35,1.0,0.675,0.7378125,-3.44375,-1.5890625,0.0,0.0
Dust__block_08__alpha128,Dust,8,concept__block_08__Dust,alpha,128,near_threshold,mad_corrected,evocative,40,40,0.0,0.45,1.0,0.725,0.7303125,-2.996875,-1.2171875,0.0,0.0
Dust__block_08__alpha256,Dust,8,concept__block_08__Dust,alpha,256,above_threshold,mad_corrected,neutral,40,40,0.0,0.5,1.0,0.75,0.6953125,-3.44375,-1.275,0.0,0.0
Dust__block_08__alpha256,Dust,8,concept__block_08__Dust,alpha,256,above_threshold,mad_corrected,evocative,40,40,0.0,0.5,1.0,0.75,0.6790625,-2.996875,-0.9046875,0.0,0.0
Dust__block_09__alpha128,Dust,9,concept__block_09__Dust,alpha,128,near_threshold,mad_corrected,neutral,40,40,0.0,0.0,1.0,0.5,0.6303125,-3.44375,-1.0515625,0.0,1.0
Dust__block_09__alpha128,Dust,9,concept__block_09__Dust,alpha,128,near_threshold,mad_corrected,evocative,40,40,0.0,0.0,1.0,0.5,0.5828125,-2.996875,-0.88359375,0.0,1.0
Dust__block_09__alpha256,Dust,9,concept__block_09__Dust,alpha,256,above_threshold,mad_corrected,neutral,40,40,0.0,0.0,1.0,0.5,0.5959375,-3.44375,-0.85390625,0.0,1.0
Dust__block_09__alpha256,Dust,9,concept__block_09__Dust,alpha,256,above_threshold,mad_corrected,evocative,40,40,0.0,0.0,1.0,0.5,0.535,-2.996875,-0.68125,0.0,1.0
Dust__block_10__alpha128,Dust,10,concept__block_10__Dust,alpha,128,near_threshold,mad_corrected,neutral,40,40,0.0,0.0,1.0,0.5,0.896875,-3.44375,-0.16015625,0.0,1.0
Dust__block_10__alpha128,Dust,10,concept__block_10__Dust,alpha,128,near_threshold,mad_corrected,evocative,40,40,0.0,0.0,1.0,0.5,0.906875,-2.996875,-0.09765625,0.0,1.0
Dust__block_10__alpha256,Dust,10,concept__block_10__Dust,alpha,256,above_threshold,mad_corrected,neutral,40,40,0.0,0.0,1.0,0.5,0.7590625,-3.44375,-0.028125,0.0,0.975
Dust__block_10__alpha256,Dust,10,concept__block_10__Dust,alpha,256,above_threshold,mad_corrected,evocative,40,40,0.0,0.0,1.0,0.5,0.7084375,-2.996875,0.0328125,0.0,1.0
Dust__block_11__alpha128,Dust,11,concept__block_11__Dust,alpha,128,near_threshold,mad_corrected,neutral,40,40,0.0,0.0,1.0,0.5,0.9390625,-3.44375,-0.7,0.0,0.9
Dust__block_11__alpha128,Dust,11,concept__block_11__Dust,alpha,128,near_threshold,mad_corrected,evocative,40,40,0.0,0.0,1.0,0.5,0.9728125,-2.996875,-0.50546875,0.0,1.0
Dust__block_11__alpha256,Dust,11,concept__block_11__Dust,alpha,256,above_threshold,mad_corrected,neutral,40,40,0.0,0.0,1.0,0.5,0.87375,-3.44375,-0.60859375,0.0,0.925
Dust__block_11__alpha256,Dust,11,concept__block_11__Dust,alpha,256,above_threshold,mad_corrected,evocative,40,40,0.0,0.0,1.0,0.5,0.826875,-2.996875,-0.44296875,0.0,1.0
Dust__block_12__alpha128,Dust,12,concept__block_12__Dust,alpha,128,near_threshold,mad_corrected,neutral,40,40,0.0,0.0,1.0,0.5,0.9675,-3.44375,-0.45,0.0,1.0
Dust__block_12__alpha128,Dust,12,concept__block_12__Dust,alpha,128,near_threshold,mad_corrected,evocative,40,40,0.0,0.0,1.0,0.5,0.985625,-2.996875,-0.2875,0.0,1.0
Dust__block_12__alpha256,Dust,12,concept__block_12__Dust,alpha,256,above_threshold,mad_corrected,neutral,40,40,0.0,0.0,1.0,0.5,0.998125,-3.44375,-0.35859375,0.0,1.0
Dust__block_12__alpha256,Dust,12,concept__block_12__Dust,alpha,256,above_threshold,mad_corrected,evocative,40,40,0.0,0.0,1.0,0.5,1.0,-2.996875,-0.2421875,0.0,1.0
Dust__block_13__alpha128,Dust,13,concept__block_13__Dust,alpha,128,near_threshold,mad_corrected,neutral,40,40,0.0,0.0,1.0,0.5,1.0,-3.44375,0.023046875,0.0,1.0
Dust__block_13__alpha128,Dust,13,concept__block_13__Dust,alpha,128,near_threshold,mad_corrected,evocative,40,40,0.0,0.0,1.0,0.5,1.0,-2.996875,0.073828125,0.0,1.0
Dust__block_13__alpha256,Dust,13,concept__block_13__Dust,alpha,256,above_threshold,mad_corrected,neutral,40,40,0.0,0.0,1.0,0.5,1.0,-3.44375,0.051171875,0.0,1.0
Dust__block_13__alpha256,Dust,13,concept__block_13__Dust,alpha,256,above_threshold,mad_corrected,evocative,40,40,0.0,0.0,1.0,0.5,1.0,-2.996875,0.089453125,0.0,1.0
Illusions__block_00__alpha128,Illusions,0,concept__block_00__Illusions,alpha,128,near_threshold,mad_corrected,neutral,40,40,0.0,0.0,1.0,0.5,0.9496875,-3.365625,-0.02890625,0.0,1.0
Illusions__block_00__alpha128,Illusions,0,concept__block_00__Illusions,alpha,128,near_threshold,mad_corrected,evocative,40,40,0.0,0.0,1.0,0.5,0.8684375,-2.559375,0.001171875,0.0,1.0
Illusions__block_00__alpha256,Illusions,0,concept__block_00__Illusions,alpha,256,above_threshold,mad_corrected,neutral,40,40,0.0,0.0,1.0,0.5,0.8975,-3.365625,0.034375,0.0,1.0
Illusions__block_00__alpha256,Illusions,0,concept__block_00__Illusions,alpha,256,above_threshold,mad_corrected,evocative,40,40,0.0,0.0,1.0,0.5,0.738125,-2.559375,0.007421875,0.0,1.0
Illusions__block_01__alpha128,Illusions,1,concept__block_01__Illusions,alpha,128,near_threshold,mad_corrected,neutral,40,40,0.0,0.0,1.0,0.5,0.534375,-3.365625,-3.18125,0.0,0.25
Illusions__block_01__alpha128,Illusions,1,concept__block_01__Illusions,alpha,128,near_threshold,mad_corrected,evocative,40,40,0.0,0.0,1.0,0.5,0.3715625,-2.559375,-2.8640625,0.0,0.325
Illusions__block_01__alpha256,Illusions,1,concept__block_01__Illusions,alpha,256,above_threshold,mad_corrected,neutral,40,40,0.0,0.0,1.0,0.5,0.526875,-3.365625,-3.228125,0.0,0.25
Illusions__block_01__alpha256,Illusions,1,concept__block_01__Illusions,alpha,256,above_threshold,mad_corrected,evocative,40,40,0.0,0.0,1.0,0.5,0.375625,-2.559375,-2.8515625,0.0,0.425
Illusions__block_02__alpha128,Illusions,2,concept__block_02__Illusions,alpha,128,near_threshold,mad_corrected,neutral,40,40,0.0,0.0,1.0,0.5,0.2128125,-3.365625,-4.353125,0.0,0.0
Illusions__block_02__alpha128,Illusions,2,concept__block_02__Illusions,alpha,128,near_threshold,mad_corrected,evocative,40,40,0.0,0.0,1.0,0.5,0.0928125,-2.559375,-4.071875,0.0,0.0
Illusions__block_02__alpha256,Illusions,2,concept__block_02__Illusions,alpha,256,above_threshold,mad_corrected,neutral,40,40,0.0,0.0,1.0,0.5,0.229375,-3.365625,-4.603125,0.0,0.0
Illusions__block_02__alpha256,Illusions,2,concept__block_02__Illusions,alpha,256,above_threshold,mad_corrected,evocative,40,40,0.0,0.0,1.0,0.5,0.1528125,-2.559375,-4.284375,0.0,0.0
Illusions__block_03__alpha128,Illusions,3,concept__block_03__Illusions,alpha,128,near_threshold,mad_corrected,neutral,40,40,0.0,0.0,1.0,0.5,0.1075,-3.365625,-5.20625,0.0,0.075
Illusions__block_03__alpha128,Illusions,3,concept__block_03__Illusions,alpha,128,near_threshold,mad_corrected,evocative,40,40,0.0,0.0,1.0,0.5,0.0340625,-2.559375,-5.0625,0.0,0.2
Illusions__block_03__alpha256,Illusions,3,concept__block_03__Illusions,alpha,256,above_threshold,mad_corrected,neutral,40,40,0.0,0.0,1.0,0.5,0.15,-3.365625,-5.5109375,0.0,0.3
Illusions__block_03__alpha256,Illusions,3,concept__block_03__Illusions,alpha,256,above_threshold,mad_corrected,evocative,40,40,0.0,0.0,1.0,0.5,0.0909375,-2.559375,-5.35625,0.0,0.475
Illusions__block_04__alpha128,Illusions,4,concept__block_04__Illusions,alpha,128,near_threshold,mad_corrected,neutral,40,40,0.0,0.0,1.0,0.5,0.0025,-3.365625,-5.6625,0.0,0.0
Illusions__block_04__alpha128,Illusions,4,concept__block_04__Illusions,alpha,128,near_threshold,mad_corrected,evocative,40,40,0.0,0.0,1.0,0.5,0.0,-2.559375,-5.334375,0.0,0.0
Illusions__block_04__alpha256,Illusions,4,concept__block_04__Illusions,alpha,256,above_threshold,mad_corrected,neutral,40,40,0.0,0.0,1.0,0.5,0.015,-3.365625,-6.15,0.0,0.0
Illusions__block_04__alpha256,Illusions,4,concept__block_04__Illusions,alpha,256,above_threshold,mad_corrected,evocative,40,40,0.0,0.0,1.0,0.5,0.000625,-2.559375,-5.8609375,0.0,0.0
Illusions__block_05__alpha128,Illusions,5,concept__block_05__Illusions,alpha,128,near_threshold,mad_corrected,neutral,40,40,0.0,0.0,1.0,0.5,0.3121875,-3.365625,-3.91875,0.0,0.0
Illusions__block_05__alpha128,Illusions,5,concept__block_05__Illusions,alpha,128,near_threshold,mad_corrected,evocative,40,40,0.0,0.0,1.0,0.5,0.100625,-2.559375,-3.784375,0.0,0.0
Illusions__block_05__alpha256,Illusions,5,concept__block_05__Illusions,alpha,256,above_threshold,mad_corrected,neutral,40,40,0.0,0.0,1.0,0.5,0.2653125,-3.365625,-4.115625,0.0,0.0
Illusions__block_05__alpha256,Illusions,5,concept__block_05__Illusions,alpha,256,above_threshold,mad_corrected,evocative,40,40,0.0,0.0,1.0,0.5,0.0734375,-2.559375,-4.015625,0.0,0.0
Illusions__block_06__alpha128,Illusions,6,concept__block_06__Illusions,alpha,128,near_threshold,mad_corrected,neutral,40,40,0.0,0.0,1.0,0.5,0.38625,-3.365625,-3.590625,0.0,0.0
Illusions__block_06__alpha128,Illusions,6,concept__block_06__Illusions,alpha,128,near_threshold,mad_corrected,evocative,40,40,0.0,0.0,1.0,0.5,0.211875,-2.559375,-3.278125,0.0,0.0
Illusions__block_06__alpha256,Illusions,6,concept__block_06__Illusions,alpha,256,above_threshold,mad_corrected,neutral,40,40,0.0,0.0,1.0,0.5,0.4025,-3.365625,-3.53125,0.0,0.0
Illusions__block_06__alpha256,Illusions,6,concept__block_06__Illusions,alpha,256,above_threshold,mad_corrected,evocative,40,40,0.0,0.0,1.0,0.5,0.2125,-2.559375,-3.278125,0.0,0.0
Illusions__block_07__alpha128,Illusions,7,concept__block_07__Illusions,alpha,128,near_threshold,mad_corrected,neutral,40,40,0.0,0.0,1.0,0.5,0.3596875,-3.365625,-3.728125,0.0,0.0
Illusions__block_07__alpha128,Illusions,7,concept__block_07__Illusions,alpha,128,near_threshold,mad_corrected,evocative,40,40,0.0,0.0,1.0,0.5,0.2409375,-2.559375,-3.30625,0.0,0.0
Illusions__block_07__alpha256,Illusions,7,concept__block_07__Illusions,alpha,256,above_threshold,mad_corrected,neutral,40,40,0.0,0.0,1.0,0.5,0.388125,-3.365625,-3.628125,0.0,0.0
Illusions__block_07__alpha256,Illusions,7,concept__block_07__Illusions,alpha,256,above_threshold,mad_corrected,evocative,40,40,0.0,0.0,1.0,0.5,0.26375,-2.559375,-3.16875,0.0,0.0
Illusions__block_08__alpha128,Illusions,8,concept__block_08__Illusions,alpha,128,near_threshold,mad_corrected,neutral,40,40,0.0,0.0,1.0,0.5,0.3465625,-3.365625,-3.7640625,0.0,0.075
Illusions__block_08__alpha128,Illusions,8,concept__block_08__Illusions,alpha,128,near_threshold,mad_corrected,evocative,40,40,0.0,0.0,1.0,0.5,0.1928125,-2.559375,-3.434375,0.0,0.075
Illusions__block_08__alpha256,Illusions,8,concept__block_08__Illusions,alpha,256,above_threshold,mad_corrected,neutral,40,40,0.0,0.0,1.0,0.5,0.3565625,-3.365625,-3.70625,0.0,0.075
Illusions__block_08__alpha256,Illusions,8,concept__block_08__Illusions,alpha,256,above_threshold,mad_corrected,evocative,40,40,0.0,0.0,1.0,0.5,0.175625,-2.559375,-3.3859375,0.0,0.075
Illusions__block_09__alpha128,Illusions,9,concept__block_09__Illusions,alpha,128,near_threshold,mad_corrected,neutral,40,40,0.0,0.0,1.0,0.5,0.67875,-3.365625,-2.553125,0.0,0.0
Illusions__block_09__alpha128,Illusions,9,concept__block_09__Illusions,alpha,128,near_threshold,mad_corrected,evocative,40,40,0.0,0.0,1.0,0.5,0.5709375,-2.559375,-2.2671875,0.0,0.0
Illusions__block_09__alpha256,Illusions,9,concept__block_09__Illusions,alpha,256,above_threshold,mad_corrected,neutral,40,40,0.0,0.0,1.0,0.5,0.6928125,-3.365625,-2.3578125,0.0,0.0
Illusions__block_09__alpha256,Illusions,9,concept__block_09__Illusions,alpha,256,above_threshold,mad_corrected,evocative,40,40,0.0,0.025,1.0,0.5125,0.5953125,-2.559375,-2.0671875,0.0,0.0
Illusions__block_10__alpha128,Illusions,10,concept__block_10__Illusions,alpha,128,near_threshold,mad_corrected,neutral,40,40,0.0,0.0,1.0,0.5,0.586875,-3.365625,-2.871875,0.0,0.0
Illusions__block_10__alpha128,Illusions,10,concept__block_10__Illusions,alpha,128,near_threshold,mad_corrected,evocative,40,40,0.0,0.075,1.0,0.5375,0.5334375,-2.559375,-2.4390625,0.0,0.0
Illusions__block_10__alpha256,Illusions,10,concept__block_10__Illusions,alpha,256,above_threshold,mad_corrected,neutral,40,40,0.0,0.15,1.0,0.575,0.5584375,-3.365625,-2.725,0.0,0.0
Illusions__block_10__alpha256,Illusions,10,concept__block_10__Illusions,alpha,256,above_threshold,mad_corrected,evocative,40,40,0.0,0.2,1.0,0.6,0.514375,-2.559375,-2.2796875,0.0,0.0
Illusions__block_11__alpha128,Illusions,11,concept__block_11__Illusions,alpha,128,near_threshold,mad_corrected,neutral,40,40,0.0,0.0,1.0,0.5,0.669375,-3.365625,-2.725,0.0,0.0
Illusions__block_11__alpha128,Illusions,11,concept__block_11__Illusions,alpha,128,near_threshold,mad_corrected,evocative,40,40,0.0,0.0,1.0,0.5,0.64875,-2.559375,-2.071875,0.0,0.0
Illusions__block_11__alpha256,Illusions,11,concept__block_11__Illusions,alpha,256,above_threshold,mad_corrected,neutral,40,40,0.0,0.0,1.0,0.5,0.6659375,-3.365625,-2.68125,0.0,0.0
Illusions__block_11__alpha256,Illusions,11,concept__block_11__Illusions,alpha,256,above_threshold,mad_corrected,evocative,40,40,0.0,0.0,1.0,0.5,0.6715625,-2.559375,-1.98125,0.0,0.15
Illusions__block_12__alpha128,Illusions,12,concept__block_12__Illusions,alpha,128,near_threshold,mad_corrected,neutral,40,40,0.0,0.0,1.0,0.5,0.6815625,-3.365625,-2.590625,0.0,0.3
Illusions__block_12__alpha128,Illusions,12,concept__block_12__Illusions,alpha,128,near_threshold,mad_corrected,evocative,40,40,0.0,0.0,1.0,0.5,0.7815625,-2.559375,-1.3328125,0.0,0.75
Illusions__block_12__alpha256,Illusions,12,concept__block_12__Illusions,alpha,256,above_threshold,mad_corrected,neutral,40,40,0.0,0.0,1.0,0.5,0.775,-3.365625,-1.96875,0.0,0.65
Illusions__block_12__alpha256,Illusions,12,concept__block_12__Illusions,alpha,256,above_threshold,mad_corrected,evocative,40,40,0.0,0.0,1.0,0.5,0.823125,-2.559375,-1.040625,0.0,0.9
Illusions__block_13__alpha128,Illusions,13,concept__block_13__Illusions,alpha,128,near_threshold,mad_corrected,neutral,40,40,0.0,0.0,1.0,0.5,0.9003125,-3.365625,-1.978125,0.0,0.0
Illusions__block_13__alpha128,Illusions,13,concept__block_13__Illusions,alpha,128,near_threshold,mad_corrected,evocative,40,40,0.0,0.075,1.0,0.5375,0.956875,-2.559375,-1.028125,0.0,0.0
Illusions__block_13__alpha256,Illusions,13,concept__block_13__Illusions,alpha,256,above_threshold,mad_corrected,neutral,40,40,0.0,0.0,1.0,0.5,0.9184375,-3.365625,-1.871875,0.0,0.0
Illusions__block_13__alpha256,Illusions,13,concept__block_13__Illusions,alpha,256,above_threshold,mad_corrected,evocative,40,40,0.0,0.025,1.0,0.5125,0.9565625,-2.559375,-0.93125,0.0,0.125
Origami__block_00__alpha128,Origami,0,concept__block_00__Origami,alpha,128,near_threshold,mad_corrected,neutral,40,40,0.0,0.025,1.0,0.5125,0.8303125,-3.125,-1.790625,0.0,0.275
Origami__block_00__alpha128,Origami,0,concept__block_00__Origami,alpha,128,near_threshold,mad_corrected,evocative,40,40,0.0,0.05,1.0,0.525,0.9059375,-2.35,-0.6296875,0.0,0.575
Origami__block_00__alpha256,Origami,0,concept__block_00__Origami,alpha,256,above_threshold,mad_corrected,neutral,40,40,0.0,0.0,1.0,0.5,0.8971875,-3.125,-1.3453125,0.0,0.3
Origami__block_00__alpha256,Origami,0,concept__block_00__Origami,alpha,256,above_threshold,mad_corrected,evocative,40,40,0.0,0.0,1.0,0.5,0.894375,-2.35,-0.4140625,0.0,0.8
Origami__block_01__alpha128,Origami,1,concept__block_01__Origami,alpha,128,near_threshold,mad_corrected,neutral,40,40,0.0,0.0,1.0,0.5,0.575625,-3.125,-2.925,0.0,0.0
Origami__block_01__alpha128,Origami,1,concept__block_01__Origami,alpha,128,near_threshold,mad_corrected,evocative,40,40,0.0,0.0,1.0,0.5,0.4196875,-2.35,-2.975,0.0,0.0
Origami__block_01__alpha256,Origami,1,concept__block_01__Origami,alpha,256,above_threshold,mad_corrected,neutral,40,40,0.0,0.0,1.0,0.5,0.5396875,-3.125,-3.053125,0.0,0.0
Origami__block_01__alpha256,Origami,1,concept__block_01__Origami,alpha,256,above_threshold,mad_corrected,evocative,40,40,0.0,0.0,1.0,0.5,0.434375,-2.35,-3.065625,0.0,0.0
Origami__block_02__alpha128,Origami,2,concept__block_02__Origami,alpha,128,near_threshold,mad_corrected,neutral,40,40,0.0,0.0,1.0,0.5,0.296875,-3.125,-3.796875,0.0,0.0
Origami__block_02__alpha128,Origami,2,concept__block_02__Origami,alpha,128,near_threshold,mad_corrected,evocative,40,40,0.0,0.0,1.0,0.5,0.2128125,-2.35,-3.609375,0.0,0.0
Origami__block_02__alpha256,Origami,2,concept__block_02__Origami,alpha,256,above_threshold,mad_corrected,neutral,40,40,0.0,0.0,1.0,0.5,0.3084375,-3.125,-4.009375,0.0,0.0
Origami__block_02__alpha256,Origami,2,concept__block_02__Origami,alpha,256,above_threshold,mad_corrected,evocative,40,40,0.0,0.0,1.0,0.5,0.2215625,-2.35,-3.8875,0.0,0.0
Origami__block_03__alpha128,Origami,3,concept__block_03__Origami,alpha,128,near_threshold,mad_corrected,neutral,40,40,0.0,0.0,1.0,0.5,0.179375,-3.125,-4.0875,0.0,0.0
Origami__block_03__alpha128,Origami,3,concept__block_03__Origami,alpha,128,near_threshold,mad_corrected,evocative,40,40,0.0,0.0,1.0,0.5,0.0784375,-2.35,-3.796875,0.0,0.0
Origami__block_03__alpha256,Origami,3,concept__block_03__Origami,alpha,256,above_threshold,mad_corrected,neutral,40,40,0.0,0.0,1.0,0.5,0.1496875,-3.125,-4.2375,0.0,0.0
Origami__block_03__alpha256,Origami,3,concept__block_03__Origami,alpha,256,above_threshold,mad_corrected,evocative,40,40,0.0,0.0,1.0,0.5,0.06875,-2.35,-3.9,0.0,0.0
Origami__block_04__alpha128,Origami,4,concept__block_04__Origami,alpha,128,near_threshold,mad_corrected,neutral,40,40,0.0,0.0,1.0,0.5,0.465,-3.125,-3.2625,0.0,0.0
Origami__block_04__alpha128,Origami,4,concept__block_04__Origami,alpha,128,near_threshold,mad_corrected,evocative,40,40,0.0,0.0,1.0,0.5,0.2834375,-2.35,-2.95,0.0,0.0
Origami__block_04__alpha256,Origami,4,concept__block_04__Origami,alpha,256,above_threshold,mad_corrected,neutral,40,40,0.0,0.0,1.0,0.5,0.5534375,-3.125,-2.984375,0.0,0.0
Origami__block_04__alpha256,Origami,4,concept__block_04__Origami,alpha,256,above_threshold,mad_corrected,evocative,40,40,0.0,0.0,1.0,0.5,0.36375,-2.35,-2.7,0.0,0.0
Origami__block_05__alpha128,Origami,5,concept__block_05__Origami,alpha,128,near_threshold,mad_corrected,neutral,40,40,0.0,0.0,1.0,0.5,0.933125,-3.125,-1.73125,0.0,0.0
Origami__block_05__alpha128,Origami,5,concept__block_05__Origami,alpha,128,near_threshold,mad_corrected,evocative,40,40,0.0,0.0,1.0,0.5,0.8625,-2.35,-1.340625,0.0,0.0
Origami__block_05__alpha256,Origami,5,concept__block_05__Origami,alpha,256,above_threshold,mad_corrected,neutral,40,40,0.0,0.0,1.0,0.5,0.9140625,-3.125,-1.61875,0.0,0.0
Origami__block_05__alpha256,Origami,5,concept__block_05__Origami,alpha,256,above_threshold,mad_corrected,evocative,40,40,0.0,0.025,1.0,0.5125,0.83625,-2.35,-1.303125,0.0,0.0
Origami__block_06__alpha128,Origami,6,concept__block_06__Origami,alpha,128,near_threshold,mad_corrected,neutral,40,40,0.0,0.0,1.0,0.5,1.0,-3.125,-0.93125,0.0,0.0
Origami__block_06__alpha128,Origami,6,concept__block_06__Origami,alpha,128,near_threshold,mad_corrected,evocative,40,40,0.0,0.0,1.0,0.5,0.9853125,-2.35,-0.64375,0.0,0.0
Origami__block_06__alpha256,Origami,6,concept__block_06__Origami,alpha,256,above_threshold,mad_corrected,neutral,40,40,0.0,0.05,1.0,0.525,1.0,-3.125,-0.675,0.0,0.0
Origami__block_06__alpha256,Origami,6,concept__block_06__Origami,alpha,256,above_threshold,mad_corrected,evocative,40,40,0.0,0.075,1.0,0.5375,0.9915625,-2.35,-0.4625,0.0,0.0
Origami__block_07__alpha128,Origami,7,concept__block_07__Origami,alpha,128,near_threshold,mad_corrected,neutral,40,40,0.0,0.0,1.0,0.5,0.46,-3.125,-3.365625,0.0,0.0
Origami__block_07__alpha128,Origami,7,concept__block_07__Origami,alpha,128,near_threshold,mad_corrected,evocative,40,40,0.0,0.0,1.0,0.5,0.3425,-2.35,-3.35625,0.0,0.0
Origami__block_07__alpha256,Origami,7,concept__block_07__Origami,alpha,256,above_threshold,mad_corrected,neutral,40,40,0.0,0.0,1.0,0.5,0.4165625,-3.125,-3.36875,0.0,0.0
Origami__block_07__alpha256,Origami,7,concept__block_07__Origami,alpha,256,above_threshold,mad_corrected,evocative,40,40,0.0,0.0,1.0,0.5,0.2171875,-2.35,-3.35,0.0,0.0
Origami__block_08__alpha128,Origami,8,concept__block_08__Origami,alpha,128,near_threshold,mad_corrected,neutral,40,40,0.0,0.0,1.0,0.5,0.766875,-3.125,-2.365625,0.0,0.0
Origami__block_08__alpha128,Origami,8,concept__block_08__Origami,alpha,128,near_threshold,mad_corrected,evocative,40,40,0.0,0.0,1.0,0.5,0.689375,-2.35,-1.928125,0.0,0.0
Origami__block_08__alpha256,Origami,8,concept__block_08__Origami,alpha,256,above_threshold,mad_corrected,neutral,40,40,0.0,0.0,1.0,0.5,0.8278125,-3.125,-2.134375,0.0,0.0
Origami__block_08__alpha256,Origami,8,concept__block_08__Origami,alpha,256,above_threshold,mad_corrected,evocative,40,40,0.0,0.0,1.0,0.5,0.7565625,-2.35,-1.634375,0.0,0.0
Origami__block_09__alpha128,Origami,9,concept__block_09__Origami,alpha,128,near_threshold,mad_corrected,neutral,40,40,0.0,0.0,1.0,0.5,0.99,-3.125,-1.39375,0.0,0.0
Origami__block_09__alpha128,Origami,9,concept__block_09__Origami,alpha,128,near_threshold,mad_corrected,evocative,40,40,0.0,0.0,1.0,0.5,0.915625,-2.35,-1.09375,0.0,0.0
Origami__block_09__alpha256,Origami,9,concept__block_09__Origami,alpha,256,above_threshold,mad_corrected,neutral,40,40,0.0,0.0,1.0,0.5,0.9875,-3.125,-1.196875,0.0,0.0
Origami__block_09__alpha256,Origami,9,concept__block_09__Origami,alpha,256,above_threshold,mad_corrected,evocative,40,40,0.0,0.025,1.0,0.5125,0.89375,-2.35,-0.9625,0.0,0.0
Origami__block_10__alpha128,Origami,10,concept__block_10__Origami,alpha,128,near_threshold,mad_corrected,neutral,40,40,0.0,0.0,1.0,0.5,0.8725,-3.125,-1.99375,0.0,0.0
Origami__block_10__alpha128,Origami,10,concept__block_10__Origami,alpha,128,near_threshold,mad_corrected,evocative,40,40,0.0,0.0,1.0,0.5,0.695,-2.35,-1.70625,0.0,0.0
Origami__block_10__alpha256,Origami,10,concept__block_10__Origami,alpha,256,above_threshold,mad_corrected,neutral,40,40,0.0,0.0,1.0,0.5,0.801875,-3.125,-1.978125,0.0,0.0
Origami__block_10__alpha256,Origami,10,concept__block_10__Origami,alpha,256,above_threshold,mad_corrected,evocative,40,40,0.0,0.0,1.0,0.5,0.6425,-2.35,-1.759375,0.0,0.0
Origami__block_11__alpha128,Origami,11,concept__block_11__Origami,alpha,128,near_threshold,mad_corrected,neutral,40,40,0.0,0.0,1.0,0.5,0.9775,-3.125,-1.640625,0.0,0.0
Origami__block_11__alpha128,Origami,11,concept__block_11__Origami,alpha,128,near_threshold,mad_corrected,evocative,40,40,0.0,0.0,1.0,0.5,0.895,-2.35,-1.31875,0.0,0.0
Origami__block_11__alpha256,Origami,11,concept__block_11__Origami,alpha,256,above_threshold,mad_corrected,neutral,40,40,0.0,0.0,1.0,0.5,0.913125,-3.125,-1.875,0.0,0.0
Origami__block_11__alpha256,Origami,11,concept__block_11__Origami,alpha,256,above_threshold,mad_corrected,evocative,40,40,0.0,0.0,1.0,0.5,0.7665625,-2.35,-1.65625,0.0,0.0
Origami__block_12__alpha128,Origami,12,concept__block_12__Origami,alpha,128,near_threshold,mad_corrected,neutral,40,40,0.0,0.0,1.0,0.5,0.5109375,-3.125,-3.04375,0.0,0.0
Origami__block_12__alpha128,Origami,12,concept__block_12__Origami,alpha,128,near_threshold,mad_corrected,evocative,40,40,0.0,0.0,1.0,0.5,0.4821875,-2.35,-2.3625,0.0,0.0
Origami__block_12__alpha256,Origami,12,concept__block_12__Origami,alpha,256,above_threshold,mad_corrected,neutral,40,40,0.0,0.0,1.0,0.5,0.48125,-3.125,-3.159375,0.0,0.0
Origami__block_12__alpha256,Origami,12,concept__block_12__Origami,alpha,256,above_threshold,mad_corrected,evocative,40,40,0.0,0.0,1.0,0.5,0.4521875,-2.35,-2.5375,0.0,0.0
Origami__block_13__alpha128,Origami,13,concept__block_13__Origami,alpha,128,near_threshold,mad_corrected,neutral,40,40,0.0,0.0,1.0,0.5,0.8540625,-3.125,-2.159375,0.0,0.0
Origami__block_13__alpha128,Origami,13,concept__block_13__Origami,alpha,128,near_threshold,mad_corrected,evocative,40,40,0.0,0.0,1.0,0.5,0.8696875,-2.35,-1.3875,0.0,0.0
Origami__block_13__alpha256,Origami,13,concept__block_13__Origami,alpha,256,above_threshold,mad_corrected,neutral,40,40,0.0,0.0,1.0,0.5,0.8221875,-3.125,-2.10625,0.0,0.0
Origami__block_13__alpha256,Origami,13,concept__block_13__Origami,alpha,256,above_threshold,mad_corrected,evocative,40,40,0.0,0.075,1.0,0.5375,0.7784375,-2.35,-1.30625,0.0,0.0
Satellites__block_00__alpha128,Satellites,0,concept__block_00__Satellites,alpha,128,near_threshold,mad_corrected,neutral,40,40,0.0,0.075,1.0,0.5375,0.853125,-3.496875,-1.0765625,0.0,0.475
Satellites__block_00__alpha128,Satellites,0,concept__block_00__Satellites,alpha,128,near_threshold,mad_corrected,evocative,40,40,0.0,0.05,1.0,0.525,0.809375,-3.490625,-1.4046875,0.0,0.45
Satellites__block_00__alpha256,Satellites,0,concept__block_00__Satellites,alpha,256,above_threshold,mad_corrected,neutral,40,40,0.0,0.225,1.0,0.6125,0.880625,-3.496875,-0.63828125,0.0,0.475
Satellites__block_00__alpha256,Satellites,0,concept__block_00__Satellites,alpha,256,above_threshold,mad_corrected,evocative,40,40,0.0,0.25,1.0,0.625,0.8040625,-3.490625,-1.04609375,0.0,0.35
Satellites__block_01__alpha128,Satellites,1,concept__block_01__Satellites,alpha,128,near_threshold,mad_corrected,neutral,40,40,0.0,0.0,1.0,0.5,0.5440625,-3.496875,-3.353125,0.0,0.2
Satellites__block_01__alpha128,Satellites,1,concept__block_01__Satellites,alpha,128,near_threshold,mad_corrected,evocative,40,40,0.0,0.0,1.0,0.5,0.555625,-3.490625,-3.30625,0.0,0.125
Satellites__block_01__alpha256,Satellites,1,concept__block_01__Satellites,alpha,256,above_threshold,mad_corrected,neutral,40,40,0.0,0.0,1.0,0.5,0.548125,-3.496875,-3.403125,0.0,0.175
Satellites__block_01__alpha256,Satellites,1,concept__block_01__Satellites,alpha,256,above_threshold,mad_corrected,evocative,40,40,0.0,0.0,1.0,0.5,0.5546875,-3.490625,-3.371875,0.0,0.075
Satellites__block_02__alpha128,Satellites,2,concept__block_02__Satellites,alpha,128,near_threshold,mad_corrected,neutral,40,40,0.0,0.0,1.0,0.5,0.31,-3.496875,-4.334375,0.0,0.4
Satellites__block_02__alpha128,Satellites,2,concept__block_02__Satellites,alpha,128,near_threshold,mad_corrected,evocative,40,40,0.0,0.0,1.0,0.5,0.325625,-3.490625,-4.315625,0.0,0.35
Satellites__block_02__alpha256,Satellites,2,concept__block_02__Satellites,alpha,256,above_threshold,mad_corrected,neutral,40,40,0.0,0.0,1.0,0.5,0.2540625,-3.496875,-4.56875,0.0,0.425
Satellites__block_02__alpha256,Satellites,2,concept__block_02__Satellites,alpha,256,above_threshold,mad_corrected,evocative,40,40,0.0,0.0,1.0,0.5,0.2690625,-3.490625,-4.528125,0.0,0.45
Satellites__block_03__alpha128,Satellites,3,concept__block_03__Satellites,alpha,128,near_threshold,mad_corrected,neutral,40,40,0.0,0.0,1.0,0.5,0.105625,-3.496875,-5.871875,0.0,0.075
Satellites__block_03__alpha128,Satellites,3,concept__block_03__Satellites,alpha,128,near_threshold,mad_corrected,evocative,40,40,0.0,0.0,1.0,0.5,0.1025,-3.490625,-5.925,0.0,0.075
Satellites__block_03__alpha256,Satellites,3,concept__block_03__Satellites,alpha,256,above_threshold,mad_corrected,neutral,40,40,0.0,0.0,1.0,0.5,0.1090625,-3.496875,-6.1078125,0.0,0.125
Satellites__block_03__alpha256,Satellites,3,concept__block_03__Satellites,alpha,256,above_threshold,mad_corrected,evocative,40,40,0.0,0.0,1.0,0.5,0.099375,-3.490625,-6.1859375,0.0,0.1
Satellites__block_04__alpha128,Satellites,4,concept__block_04__Satellites,alpha,128,near_threshold,mad_corrected,neutral,40,40,0.0,0.0,1.0,0.5,0.14625,-3.496875,-5.275,0.0,0.0
Satellites__block_04__alpha128,Satellites,4,concept__block_04__Satellites,alpha,128,near_threshold,mad_corrected,evocative,40,40,0.0,0.0,1.0,0.5,0.14375,-3.490625,-5.425,0.0,0.0
Satellites__block_04__alpha256,Satellites,4,concept__block_04__Satellites,alpha,256,above_threshold,mad_corrected,neutral,40,40,0.0,0.0,1.0,0.5,0.12625,-3.496875,-5.5140625,0.0,0.0
Satellites__block_04__alpha256,Satellites,4,concept__block_04__Satellites,alpha,256,above_threshold,mad_corrected,evocative,40,40,0.0,0.0,1.0,0.5,0.109375,-3.490625,-5.7125,0.0,0.0
Satellites__block_05__alpha128,Satellites,5,concept__block_05__Satellites,alpha,128,near_threshold,mad_corrected,neutral,40,40,0.0,0.0,1.0,0.5,0.4225,-3.496875,-3.81875,0.0,0.0
Satellites__block_05__alpha128,Satellites,5,concept__block_05__Satellites,alpha,128,near_threshold,mad_corrected,evocative,40,40,0.0,0.0,1.0,0.5,0.3884375,-3.490625,-3.934375,0.0,0.0
Satellites__block_05__alpha256,Satellites,5,concept__block_05__Satellites,alpha,256,above_threshold,mad_corrected,neutral,40,40,0.0,0.0,1.0,0.5,0.39625,-3.496875,-4.05,0.0,0.0
Satellites__block_05__alpha256,Satellites,5,concept__block_05__Satellites,alpha,256,above_threshold,mad_corrected,evocative,40,40,0.0,0.0,1.0,0.5,0.3646875,-3.490625,-4.15,0.0,0.0
Satellites__block_06__alpha128,Satellites,6,concept__block_06__Satellites,alpha,128,near_threshold,mad_corrected,neutral,40,40,0.0,0.0,1.0,0.5,0.464375,-3.496875,-3.665625,0.0,0.0
Satellites__block_06__alpha128,Satellites,6,concept__block_06__Satellites,alpha,128,near_threshold,mad_corrected,evocative,40,40,0.0,0.0,1.0,0.5,0.4528125,-3.490625,-3.675,0.0,0.0
Satellites__block_06__alpha256,Satellites,6,concept__block_06__Satellites,alpha,256,above_threshold,mad_corrected,neutral,40,40,0.0,0.0,1.0,0.5,0.488125,-3.496875,-3.59375,0.0,0.05
Satellites__block_06__alpha256,Satellites,6,concept__block_06__Satellites,alpha,256,above_threshold,mad_corrected,evocative,40,40,0.0,0.0,1.0,0.5,0.4534375,-3.490625,-3.63125,0.0,0.0
Satellites__block_07__alpha128,Satellites,7,concept__block_07__Satellites,alpha,128,near_threshold,mad_corrected,neutral,40,40,0.0,0.0,1.0,0.5,0.2828125,-3.496875,-4.675,0.0,0.125
Satellites__block_07__alpha128,Satellites,7,concept__block_07__Satellites,alpha,128,near_threshold,mad_corrected,evocative,40,40,0.0,0.0,1.0,0.5,0.2625,-3.490625,-4.640625,0.0,0.025
Satellites__block_07__alpha256,Satellites,7,concept__block_07__Satellites,alpha,256,above_threshold,mad_corrected,neutral,40,40,0.0,0.0,1.0,0.5,0.316875,-3.496875,-4.8625,0.0,0.125
Satellites__block_07__alpha256,Satellites,7,concept__block_07__Satellites,alpha,256,above_threshold,mad_corrected,evocative,40,40,0.0,0.0,1.0,0.5,0.2921875,-3.490625,-4.790625,0.0,0.15
Satellites__block_08__alpha128,Satellites,8,concept__block_08__Satellites,alpha,128,near_threshold,mad_corrected,neutral,40,40,0.0,0.0,1.0,0.5,0.7090625,-3.496875,-2.753125,0.0,0.0
Satellites__block_08__alpha128,Satellites,8,concept__block_08__Satellites,alpha,128,near_threshold,mad_corrected,evocative,40,40,0.0,0.0,1.0,0.5,0.75,-3.490625,-2.5875,0.0,0.0
Satellites__block_08__alpha256,Satellites,8,concept__block_08__Satellites,alpha,256,above_threshold,mad_corrected,neutral,40,40,0.0,0.0,1.0,0.5,0.71375,-3.496875,-2.725,0.0,0.0
Satellites__block_08__alpha256,Satellites,8,concept__block_08__Satellites,alpha,256,above_threshold,mad_corrected,evocative,40,40,0.0,0.0,1.0,0.5,0.763125,-3.490625,-2.553125,0.0,0.0
Satellites__block_09__alpha128,Satellites,9,concept__block_09__Satellites,alpha,128,near_threshold,mad_corrected,neutral,40,40,0.0,0.0,1.0,0.5,0.8878125,-3.496875,-2.15,0.0,0.0
Satellites__block_09__alpha128,Satellites,9,concept__block_09__Satellites,alpha,128,near_threshold,mad_corrected,evocative,40,40,0.0,0.0,1.0,0.5,0.9159375,-3.490625,-1.95625,0.0,0.0
Satellites__block_09__alpha256,Satellites,9,concept__block_09__Satellites,alpha,256,above_threshold,mad_corrected,neutral,40,40,0.0,0.0,1.0,0.5,0.8,-3.496875,-2.121875,0.0,0.0
Satellites__block_09__alpha256,Satellites,9,concept__block_09__Satellites,alpha,256,above_threshold,mad_corrected,evocative,40,40,0.0,0.0,1.0,0.5,0.8421875,-3.490625,-1.965625,0.0,0.0
Satellites__block_10__alpha128,Satellites,10,concept__block_10__Satellites,alpha,128,near_threshold,mad_corrected,neutral,40,40,0.0,0.0,1.0,0.5,0.5896875,-3.496875,-3.2078125,0.0,0.1
Satellites__block_10__alpha128,Satellites,10,concept__block_10__Satellites,alpha,128,near_threshold,mad_corrected,evocative,40,40,0.0,0.0,1.0,0.5,0.5853125,-3.490625,-3.2125,0.0,0.05
Satellites__block_10__alpha256,Satellites,10,concept__block_10__Satellites,alpha,256,above_threshold,mad_corrected,neutral,40,40,0.0,0.0,1.0,0.5,0.603125,-3.496875,-3.1171875,0.0,0.25
Satellites__block_10__alpha256,Satellites,10,concept__block_10__Satellites,alpha,256,above_threshold,mad_corrected,evocative,40,40,0.0,0.0,1.0,0.5,0.5946875,-3.490625,-3.13125,0.0,0.125
Satellites__block_11__alpha128,Satellites,11,concept__block_11__Satellites,alpha,128,near_threshold,mad_corrected,neutral,40,40,0.0,0.0,1.0,0.5,0.5190625,-3.496875,-3.4640625,0.0,0.075
Satellites__block_11__alpha128,Satellites,11,concept__block_11__Satellites,alpha,128,near_threshold,mad_corrected,evocative,40,40,0.0,0.0,1.0,0.5,0.5359375,-3.490625,-3.4453125,0.0,0.025
Satellites__block_11__alpha256,Satellites,11,concept__block_11__Satellites,alpha,256,above_threshold,mad_corrected,neutral,40,40,0.0,0.0,1.0,0.5,0.5628125,-3.496875,-3.1296875,0.0,0.275
Satellites__block_11__alpha256,Satellites,11,concept__block_11__Satellites,alpha,256,above_threshold,mad_corrected,evocative,40,40,0.0,0.0,1.0,0.5,0.5434375,-3.490625,-3.1671875,0.0,0.175
Satellites__block_12__alpha128,Satellites,12,concept__block_12__Satellites,alpha,128,near_threshold,mad_corrected,neutral,40,40,0.0,0.15,1.0,0.575,0.774375,-3.496875,-1.7625,0.0,0.0
Satellites__block_12__alpha128,Satellites,12,concept__block_12__Satellites,alpha,128,near_threshold,mad_corrected,evocative,40,40,0.0,0.125,1.0,0.5625,0.778125,-3.490625,-1.884375,0.0,0.0
Satellites__block_12__alpha256,Satellites,12,concept__block_12__Satellites,alpha,256,above_threshold,mad_corrected,neutral,40,40,0.0,0.35,1.0,0.675,0.7346875,-3.496875,-1.259375,0.0,0.0
Satellites__block_12__alpha256,Satellites,12,concept__block_12__Satellites,alpha,256,above_threshold,mad_corrected,evocative,40,40,0.0,0.3,1.0,0.65,0.743125,-3.490625,-1.415625,0.0,0.0
Satellites__block_13__alpha128,Satellites,13,concept__block_13__Satellites,alpha,128,near_threshold,mad_corrected,neutral,40,40,0.0,0.25,1.0,0.625,0.783125,-3.496875,-1.2765625,0.0,0.1
Satellites__block_13__alpha128,Satellites,13,concept__block_13__Satellites,alpha,128,near_threshold,mad_corrected,evocative,40,40,0.0,0.3,1.0,0.65,0.785625,-3.490625,-1.3734375,0.0,0.0
Satellites__block_13__alpha256,Satellites,13,concept__block_13__Satellites,alpha,256,above_threshold,mad_corrected,neutral,40,40,0.0,0.45,1.0,0.725,0.8065625,-3.496875,-0.73125,0.0,0.125
Satellites__block_13__alpha256,Satellites,13,concept__block_13__Satellites,alpha,256,above_threshold,mad_corrected,evocative,40,40,0.0,0.475,1.0,0.7375,0.779375,-3.490625,-0.8453125,0.0,0.025
Trumpets__block_00__alpha128,Trumpets,0,concept__block_00__Trumpets,alpha,128,near_threshold,mad_corrected,neutral,40,40,0.0,0.0,1.0,0.5,0.758125,-3.421875,-0.0609375,0.0,1.0
Trumpets__block_00__alpha128,Trumpets,0,concept__block_00__Trumpets,alpha,128,near_threshold,mad_corrected,evocative,40,40,0.0,0.0,1.0,0.5,0.70375,-3.0,-0.06875,0.0,1.0
Trumpets__block_00__alpha256,Trumpets,0,concept__block_00__Trumpets,alpha,256,above_threshold,mad_corrected,neutral,40,40,0.0,0.0,1.0,0.5,0.604375,-3.421875,-0.031640625,0.0,1.0
Trumpets__block_00__alpha256,Trumpets,0,concept__block_00__Trumpets,alpha,256,above_threshold,mad_corrected,evocative,40,40,0.0,0.0,1.0,0.5,0.6234375,-3.0,-0.041015625,0.0,1.0
Trumpets__block_01__alpha128,Trumpets,1,concept__block_01__Trumpets,alpha,128,near_threshold,mad_corrected,neutral,40,40,0.0,0.0,1.0,0.5,0.3965625,-3.421875,-4.040625,0.0,0.45
Trumpets__block_01__alpha128,Trumpets,1,concept__block_01__Trumpets,alpha,128,near_threshold,mad_corrected,evocative,40,40,0.0,0.0,1.0,0.5,0.3615625,-3.0,-4.0296875,0.0,0.4
Trumpets__block_01__alpha256,Trumpets,1,concept__block_01__Trumpets,alpha,256,above_threshold,mad_corrected,neutral,40,40,0.0,0.0,1.0,0.5,0.4396875,-3.421875,-3.7296875,0.0,0.2
Trumpets__block_01__alpha256,Trumpets,1,concept__block_01__Trumpets,alpha,256,above_threshold,mad_corrected,evocative,40,40,0.0,0.0,1.0,0.5,0.43125,-3.0,-3.484375,0.0,0.125
Trumpets__block_02__alpha128,Trumpets,2,concept__block_02__Trumpets,alpha,128,near_threshold,mad_corrected,neutral,40,40,0.0,0.0,1.0,0.5,0.209375,-3.421875,-4.453125,0.0,0.15
Trumpets__block_02__alpha128,Trumpets,2,concept__block_02__Trumpets,alpha,128,near_threshold,mad_corrected,evocative,40,40,0.0,0.0,1.0,0.5,0.1846875,-3.0,-4.25,0.0,0.1
Trumpets__block_02__alpha256,Trumpets,2,concept__block_02__Trumpets,alpha,256,above_threshold,mad_corrected,neutral,40,40,0.0,0.0,1.0,0.5,0.3184375,-3.421875,-3.99375,0.0,0.025
Trumpets__block_02__alpha256,Trumpets,2,concept__block_02__Trumpets,alpha,256,above_threshold,mad_corrected,evocative,40,40,0.0,0.0,1.0,0.5,0.296875,-3.0,-3.734375,0.0,0.05
Trumpets__block_03__alpha128,Trumpets,3,concept__block_03__Trumpets,alpha,128,near_threshold,mad_corrected,neutral,40,40,0.0,0.0,1.0,0.5,0.6484375,-3.421875,-2.9265625,0.0,0.625
Trumpets__block_03__alpha128,Trumpets,3,concept__block_03__Trumpets,alpha,128,near_threshold,mad_corrected,evocative,40,40,0.0,0.0,1.0,0.5,0.5959375,-3.0,-2.571875,0.0,0.575
Trumpets__block_03__alpha256,Trumpets,3,concept__block_03__Trumpets,alpha,256,above_threshold,mad_corrected,neutral,40,40,0.0,0.0,1.0,0.5,0.72625,-3.421875,-2.5890625,0.0,0.55
Trumpets__block_03__alpha256,Trumpets,3,concept__block_03__Trumpets,alpha,256,above_threshold,mad_corrected,evocative,40,40,0.0,0.0,1.0,0.5,0.6290625,-3.0,-2.4171875,0.0,0.5
Trumpets__block_04__alpha128,Trumpets,4,concept__block_04__Trumpets,alpha,128,near_threshold,mad_corrected,neutral,40,40,0.0,0.0,1.0,0.5,0.216875,-3.421875,-4.4140625,0.0,0.0
Trumpets__block_04__alpha128,Trumpets,4,concept__block_04__Trumpets,alpha,128,near_threshold,mad_corrected,evocative,40,40,0.0,0.0,1.0,0.5,0.183125,-3.0,-4.225,0.0,0.0
Trumpets__block_04__alpha256,Trumpets,4,concept__block_04__Trumpets,alpha,256,above_threshold,mad_corrected,neutral,40,40,0.0,0.0,1.0,0.5,0.2075,-3.421875,-4.371875,0.0,0.0
Trumpets__block_04__alpha256,Trumpets,4,concept__block_04__Trumpets,alpha,256,above_threshold,mad_corrected,evocative,40,40,0.0,0.0,1.0,0.5,0.170625,-3.0,-4.1703125,0.0,0.0
Trumpets__block_05__alpha128,Trumpets,5,concept__block_05__Trumpets,alpha,128,near_threshold,mad_corrected,neutral,40,40,0.0,0.0,1.0,0.5,0.0840625,-3.421875,-5.053125,0.0,0.0
Trumpets__block_05__alpha128,Trumpets,5,concept__block_05__Trumpets,alpha,128,near_threshold,mad_corrected,evocative,40,40,0.0,0.0,1.0,0.5,0.0384375,-3.0,-4.959375,0.0,0.0
Trumpets__block_05__alpha256,Trumpets,5,concept__block_05__Trumpets,alpha,256,above_threshold,mad_corrected,neutral,40,40,0.0,0.0,1.0,0.5,0.115,-3.421875,-4.8390625,0.0,0.0
Trumpets__block_05__alpha256,Trumpets,5,concept__block_05__Trumpets,alpha,256,above_threshold,mad_corrected,evocative,40,40,0.0,0.0,1.0,0.5,0.059375,-3.0,-4.753125,0.0,0.0
Trumpets__block_06__alpha128,Trumpets,6,concept__block_06__Trumpets,alpha,128,near_threshold,mad_corrected,neutral,40,40,0.0,0.0,1.0,0.5,0.506875,-3.421875,-3.34375,0.0,0.0
Trumpets__block_06__alpha128,Trumpets,6,concept__block_06__Trumpets,alpha,128,near_threshold,mad_corrected,evocative,40,40,0.0,0.0,1.0,0.5,0.4059375,-3.0,-3.321875,0.0,0.0
Trumpets__block_06__alpha256,Trumpets,6,concept__block_06__Trumpets,alpha,256,above_threshold,mad_corrected,neutral,40,40,0.0,0.0,1.0,0.5,0.574375,-3.421875,-3.1703125,0.0,0.0
Trumpets__block_06__alpha256,Trumpets,6,concept__block_06__Trumpets,alpha,256,above_threshold,mad_corrected,evocative,40,40,0.0,0.0,1.0,0.5,0.4665625,-3.0,-3.175,0.0,0.0
Trumpets__block_07__alpha128,Trumpets,7,concept__block_07__Trumpets,alpha,128,near_threshold,mad_corrected,neutral,40,40,0.0,0.0,1.0,0.5,0.28375,-3.421875,-4.1703125,0.0,0.0
Trumpets__block_07__alpha128,Trumpets,7,concept__block_07__Trumpets,alpha,128,near_threshold,mad_corrected,evocative,40,40,0.0,0.0,1.0,0.5,0.1778125,-3.0,-4.275,0.0,0.0
Trumpets__block_07__alpha256,Trumpets,7,concept__block_07__Trumpets,alpha,256,above_threshold,mad_corrected,neutral,40,40,0.0,0.0,1.0,0.5,0.255625,-3.421875,-4.2703125,0.0,0.15
Trumpets__block_07__alpha256,Trumpets,7,concept__block_07__Trumpets,alpha,256,above_threshold,mad_corrected,evocative,40,40,0.0,0.0,1.0,0.5,0.1803125,-3.0,-4.1578125,0.0,0.15
Trumpets__block_08__alpha128,Trumpets,8,concept__block_08__Trumpets,alpha,128,near_threshold,mad_corrected,neutral,40,40,0.0,0.0,1.0,0.5,0.32625,-3.421875,-4.040625,0.0,0.0
Trumpets__block_08__alpha128,Trumpets,8,concept__block_08__Trumpets,alpha,128,near_threshold,mad_corrected,evocative,40,40,0.0,0.0,1.0,0.5,0.238125,-3.0,-4.0453125,0.0,0.0
Trumpets__block_08__alpha256,Trumpets,8,concept__block_08__Trumpets,alpha,256,above_threshold,mad_corrected,neutral,40,40,0.0,0.0,1.0,0.5,0.3428125,-3.421875,-4.1296875,0.0,0.5
Trumpets__block_08__alpha256,Trumpets,8,concept__block_08__Trumpets,alpha,256,above_threshold,mad_corrected,evocative,40,40,0.0,0.0,1.0,0.5,0.2603125,-3.0,-4.0359375,0.0,0.7
Trumpets__block_09__alpha128,Trumpets,9,concept__block_09__Trumpets,alpha,128,near_threshold,mad_corrected,neutral,40,40,0.0,0.0,1.0,0.5,0.073125,-3.421875,-5.1578125,0.0,0.0
Trumpets__block_09__alpha128,Trumpets,9,concept__block_09__Trumpets,alpha,128,near_threshold,mad_corrected,evocative,40,40,0.0,0.0,1.0,0.5,0.0140625,-3.0,-5.2015625,0.0,0.0
Trumpets__block_09__alpha256,Trumpets,9,concept__block_09__Trumpets,alpha,256,above_threshold,mad_corrected,neutral,40,40,0.0,0.0,1.0,0.5,0.1128125,-3.421875,-4.96328125,0.0,0.375
Trumpets__block_09__alpha256,Trumpets,9,concept__block_09__Trumpets,alpha,256,above_threshold,mad_corrected,evocative,40,40,0.0,0.0,1.0,0.5,0.035,-3.0,-4.9734375,0.0,0.4
Trumpets__block_10__alpha128,Trumpets,10,concept__block_10__Trumpets,alpha,128,near_threshold,mad_corrected,neutral,40,40,0.0,0.0,1.0,0.5,0.01375,-3.421875,-6.1265625,0.0,0.175
Trumpets__block_10__alpha128,Trumpets,10,concept__block_10__Trumpets,alpha,128,near_threshold,mad_corrected,evocative,40,40,0.0,0.0,1.0,0.5,0.0009375,-3.0,-5.9640625,0.0,0.15
Trumpets__block_10__alpha256,Trumpets,10,concept__block_10__Trumpets,alpha,256,above_threshold,mad_corrected,neutral,40,40,0.0,0.0,1.0,0.5,0.0478125,-3.421875,-5.765625,0.0,0.875
Trumpets__block_10__alpha256,Trumpets,10,concept__block_10__Trumpets,alpha,256,above_threshold,mad_corrected,evocative,40,40,0.0,0.0,1.0,0.5,0.03,-3.0,-5.625,0.0,0.9
Trumpets__block_11__alpha128,Trumpets,11,concept__block_11__Trumpets,alpha,128,near_threshold,mad_corrected,neutral,40,40,0.0,0.05,1.0,0.525,0.5684375,-3.421875,-2.3515625,0.0,0.575
Trumpets__block_11__alpha128,Trumpets,11,concept__block_11__Trumpets,alpha,128,near_threshold,mad_corrected,evocative,40,40,0.0,0.175,1.0,0.5875,0.5428125,-3.0,-1.88125,0.0,0.425
Trumpets__block_11__alpha256,Trumpets,11,concept__block_11__Trumpets,alpha,256,above_threshold,mad_corrected,neutral,40,40,0.0,0.0,1.0,0.5,0.5840625,-3.421875,-2.2671875,0.0,0.925
Trumpets__block_11__alpha256,Trumpets,11,concept__block_11__Trumpets,alpha,256,above_threshold,mad_corrected,evocative,40,40,0.0,0.0,1.0,0.5,0.56875,-3.0,-1.8265625,0.0,0.925
Trumpets__block_12__alpha128,Trumpets,12,concept__block_12__Trumpets,alpha,128,near_threshold,mad_corrected,neutral,40,40,0.0,0.0,1.0,0.5,0.4109375,-3.421875,-3.740625,0.0,0.0
Trumpets__block_12__alpha128,Trumpets,12,concept__block_12__Trumpets,alpha,128,near_threshold,mad_corrected,evocative,40,40,0.0,0.0,1.0,0.5,0.3946875,-3.0,-3.421875,0.0,0.0
Trumpets__block_12__alpha256,Trumpets,12,concept__block_12__Trumpets,alpha,256,above_threshold,mad_corrected,neutral,40,40,0.0,0.0,1.0,0.5,0.344375,-3.421875,-4.196875,0.0,0.05
Trumpets__block_12__alpha256,Trumpets,12,concept__block_12__Trumpets,alpha,256,above_threshold,mad_corrected,evocative,40,40,0.0,0.025,1.0,0.5125,0.333125,-3.0,-3.9,0.0,0.025
Trumpets__block_13__alpha128,Trumpets,13,concept__block_13__Trumpets,alpha,128,near_threshold,mad_corrected,neutral,40,40,0.0,0.025,1.0,0.5125,0.8671875,-3.421875,-1.5515625,0.0,0.2
Trumpets__block_13__alpha128,Trumpets,13,concept__block_13__Trumpets,alpha,128,near_threshold,mad_corrected,evocative,40,40,0.0,0.15,1.0,0.575,0.8125,-3.0,-1.1890625,0.0,0.25
Trumpets__block_13__alpha256,Trumpets,13,concept__block_13__Trumpets,alpha,256,above_threshold,mad_corrected,neutral,40,40,0.0,0.075,1.0,0.5375,0.67375,-3.421875,-1.534375,0.0,0.375
Trumpets__block_13__alpha256,Trumpets,13,concept__block_13__Trumpets,alpha,256,above_threshold,mad_corrected,evocative,40,40,0.0,0.1,1.0,0.55,0.6296875,-3.0,-1.225,0.0,0.375
appreciation__block_00__alpha128,appreciation,0,concept__block_00__appreciation,alpha,128,near_threshold,mad_corrected,neutral,40,40,0.0,0.075,1.0,0.5375,0.981875,-3.125,-0.3375,0.0,0.875
appreciation__block_00__alpha128,appreciation,0,concept__block_00__appreciation,alpha,128,near_threshold,mad_corrected,evocative,40,40,0.0,0.05,1.0,0.525,0.95,-2.7375,-0.36875,0.0,0.875
appreciation__block_00__alpha256,appreciation,0,concept__block_00__appreciation,alpha,256,above_threshold,mad_corrected,neutral,40,40,0.0,0.025,1.0,0.5125,0.968125,-3.125,-0.2765625,0.0,0.925
appreciation__block_00__alpha256,appreciation,0,concept__block_00__appreciation,alpha,256,above_threshold,mad_corrected,evocative,40,40,0.0,0.0,1.0,0.5,0.9640625,-2.7375,-0.2828125,0.0,0.975
appreciation__block_01__alpha128,appreciation,1,concept__block_01__appreciation,alpha,128,near_threshold,mad_corrected,neutral,40,40,0.0,0.0,1.0,0.5,0.348125,-3.125,-3.490625,0.0,0.0
appreciation__block_01__alpha128,appreciation,1,concept__block_01__appreciation,alpha,128,near_threshold,mad_corrected,evocative,40,40,0.0,0.0,1.0,0.5,0.206875,-2.7375,-3.396875,0.0,0.0
appreciation__block_01__alpha256,appreciation,1,concept__block_01__appreciation,alpha,256,above_threshold,mad_corrected,neutral,40,40,0.0,0.0,1.0,0.5,0.305625,-3.125,-3.609375,0.0,0.0
appreciation__block_01__alpha256,appreciation,1,concept__block_01__appreciation,alpha,256,above_threshold,mad_corrected,evocative,40,40,0.0,0.0,1.0,0.5,0.2003125,-2.7375,-3.478125,0.0,0.0
appreciation__block_02__alpha128,appreciation,2,concept__block_02__appreciation,alpha,128,near_threshold,mad_corrected,neutral,40,40,0.0,0.0,1.0,0.5,0.174375,-3.125,-4.128125,0.0,0.0
appreciation__block_02__alpha128,appreciation,2,concept__block_02__appreciation,alpha,128,near_threshold,mad_corrected,evocative,40,40,0.0,0.0,1.0,0.5,0.099375,-2.7375,-4.034375,0.0,0.0
appreciation__block_02__alpha256,appreciation,2,concept__block_02__appreciation,alpha,256,above_threshold,mad_corrected,neutral,40,40,0.0,0.0,1.0,0.5,0.145625,-3.125,-4.38125,0.0,0.0
appreciation__block_02__alpha256,appreciation,2,concept__block_02__appreciation,alpha,256,above_threshold,mad_corrected,evocative,40,40,0.0,0.0,1.0,0.5,0.1028125,-2.7375,-4.225,0.0,0.0
appreciation__block_03__alpha128,appreciation,3,concept__block_03__appreciation,alpha,128,near_threshold,mad_corrected,neutral,40,40,0.0,0.0,1.0,0.5,0.1821875,-3.125,-4.04375,0.0,0.0
appreciation__block_03__alpha128,appreciation,3,concept__block_03__appreciation,alpha,128,near_threshold,mad_corrected,evocative,40,40,0.0,0.0,1.0,0.5,0.02125,-2.7375,-4.15625,0.0,0.0
appreciation__block_03__alpha256,appreciation,3,concept__block_03__appreciation,alpha,256,above_threshold,mad_corrected,neutral,40,40,0.0,0.0,1.0,0.5,0.1165625,-3.125,-4.334375,0.0,0.0
appreciation__block_03__alpha256,appreciation,3,concept__block_03__appreciation,alpha,256,above_threshold,mad_corrected,evocative,40,40,0.0,0.0,1.0,0.5,0.014375,-2.7375,-4.453125,0.0,0.0
appreciation__block_04__alpha128,appreciation,4,concept__block_04__appreciation,alpha,128,near_threshold,mad_corrected,neutral,40,40,0.0,0.0,1.0,0.5,0.3575,-3.125,-3.475,0.0,0.0
appreciation__block_04__alpha128,appreciation,4,concept__block_04__appreciation,alpha,128,near_threshold,mad_corrected,evocative,40,40,0.0,0.0,1.0,0.5,0.166875,-2.7375,-3.584375,0.0,0.0
appreciation__block_04__alpha256,appreciation,4,concept__block_04__appreciation,alpha,256,above_threshold,mad_corrected,neutral,40,40,0.0,0.0,1.0,0.5,0.2915625,-3.125,-3.69375,0.0,0.0
appreciation__block_04__alpha256,appreciation,4,concept__block_04__appreciation,alpha,256,above_threshold,mad_corrected,evocative,40,40,0.0,0.0,1.0,0.5,0.1365625,-2.7375,-3.753125,0.0,0.0
appreciation__block_05__alpha128,appreciation,5,concept__block_05__appreciation,alpha,128,near_threshold,mad_corrected,neutral,40,40,0.0,0.0,1.0,0.5,0.70375,-3.125,-2.5875,0.0,0.0
appreciation__block_05__alpha128,appreciation,5,concept__block_05__appreciation,alpha,128,near_threshold,mad_corrected,evocative,40,40,0.0,0.0,1.0,0.5,0.613125,-2.7375,-2.5125,0.0,0.0
appreciation__block_05__alpha256,appreciation,5,concept__block_05__appreciation,alpha,256,above_threshold,mad_corrected,neutral,40,40,0.0,0.0,1.0,0.5,0.685625,-3.125,-2.63125,0.0,0.0
appreciation__block_05__alpha256,appreciation,5,concept__block_05__appreciation,alpha,256,above_threshold,mad_corrected,evocative,40,40,0.0,0.0,1.0,0.5,0.5696875,-2.7375,-2.5875,0.0,0.0
appreciation__block_06__alpha128,appreciation,6,concept__block_06__appreciation,alpha,128,near_threshold,mad_corrected,neutral,40,40,0.0,0.0,1.0,0.5,0.5740625,-3.125,-2.9125,0.0,0.0
appreciation__block_06__alpha128,appreciation,6,concept__block_06__appreciation,alpha,128,near_threshold,mad_corrected,evocative,40,40,0.0,0.0,1.0,0.5,0.53625,-2.7375,-2.6875,0.0,0.0
appreciation__block_06__alpha256,appreciation,6,concept__block_06__appreciation,alpha,256,above_threshold,mad_corrected,neutral,40,40,0.0,0.0,1.0,0.5,0.593125,-3.125,-2.878125,0.0,0.0
appreciation__block_06__alpha256,appreciation,6,concept__block_06__appreciation,alpha,256,above_threshold,mad_corrected,evocative,40,40,0.0,0.0,1.0,0.5,0.565,-2.7375,-2.6375,0.0,0.0
appreciation__block_07__alpha128,appreciation,7,concept__block_07__appreciation,alpha,128,near_threshold,mad_corrected,neutral,40,40,0.0,0.0,1.0,0.5,0.8965625,-3.125,-1.825,0.0,0.0
appreciation__block_07__alpha128,appreciation,7,concept__block_07__appreciation,alpha,128,near_threshold,mad_corrected,evocative,40,40,0.0,0.0,1.0,0.5,0.835,-2.7375,-1.884375,0.0,0.0
appreciation__block_07__alpha256,appreciation,7,concept__block_07__appreciation,alpha,256,above_threshold,mad_corrected,neutral,40,40,0.0,0.0,1.0,0.5,0.9240625,-3.125,-1.75625,0.0,0.0
appreciation__block_07__alpha256,appreciation,7,concept__block_07__appreciation,alpha,256,above_threshold,mad_corrected,evocative,40,40,0.0,0.0,1.0,0.5,0.8596875,-2.7375,-1.8625,0.0,0.0
appreciation__block_08__alpha128,appreciation,8,concept__block_08__appreciation,alpha,128,near_threshold,mad_corrected,neutral,40,40,0.0,0.0,1.0,0.5,0.96375,-3.125,-1.4875,0.0,0.0
appreciation__block_08__alpha128,appreciation,8,concept__block_08__appreciation,alpha,128,near_threshold,mad_corrected,evocative,40,40,0.0,0.0,1.0,0.5,0.8865625,-2.7375,-1.64375,0.0,0.0
appreciation__block_08__alpha256,appreciation,8,concept__block_08__appreciation,alpha,256,above_threshold,mad_corrected,neutral,40,40,0.0,0.0,1.0,0.5,0.9953125,-3.125,-1.303125,0.0,0.0
appreciation__block_08__alpha256,appreciation,8,concept__block_08__appreciation,alpha,256,above_threshold,mad_corrected,evocative,40,40,0.0,0.0,1.0,0.5,0.965625,-2.7375,-1.459375,0.0,0.0
appreciation__block_09__alpha128,appreciation,9,concept__block_09__appreciation,alpha,128,near_threshold,mad_corrected,neutral,40,40,0.0,0.0,1.0,0.5,0.999375,-3.125,-1.140625,0.0,0.0
appreciation__block_09__alpha128,appreciation,9,concept__block_09__appreciation,alpha,128,near_threshold,mad_corrected,evocative,40,40,0.0,0.0,1.0,0.5,0.98875,-2.7375,-1.1875,0.0,0.0
appreciation__block_09__alpha256,appreciation,9,concept__block_09__appreciation,alpha,256,above_threshold,mad_corrected,neutral,40,40,0.0,0.0,1.0,0.5,1.0,-3.125,-0.946875,0.0,0.0
appreciation__block_09__alpha256,appreciation,9,concept__block_09__appreciation,alpha,256,above_threshold,mad_corrected,evocative,40,40,0.0,0.0,1.0,0.5,1.0,-2.7375,-1.034375,0.0,0.0
appreciation__block_10__alpha128,appreciation,10,concept__block_10__appreciation,alpha,128,near_threshold,mad_corrected,neutral,40,40,0.0,0.0,1.0,0.5,0.5340625,-3.125,-2.9921875,0.0,0.275
appreciation__block_10__alpha128,appreciation,10,concept__block_10__appreciation,alpha,128,near_threshold,mad_corrected,evocative,40,40,0.0,0.0,1.0,0.5,0.42125,-2.7375,-3.0375,0.0,0.15
appreciation__block_10__alpha256,appreciation,10,concept__block_10__appreciation,alpha,256,above_threshold,mad_corrected,neutral,40,40,0.0,0.0,1.0,0.5,0.4703125,-3.125,-3.184375,0.0,0.2
appreciation__block_10__alpha256,appreciation,10,concept__block_10__appreciation,alpha,256,above_threshold,mad_corrected,evocative,40,40,0.0,0.0,1.0,0.5,0.28,-2.7375,-3.265625,0.0,0.1
appreciation__block_11__alpha128,appreciation,11,concept__block_11__appreciation,alpha,128,near_threshold,mad_corrected,neutral,40,40,0.0,0.0,1.0,0.5,0.773125,-3.125,-2.2625,0.0,0.425
appreciation__block_11__alpha128,appreciation,11,concept__block_11__appreciation,alpha,128,near_threshold,mad_corrected,evocative,40,40,0.0,0.0,1.0,0.5,0.750625,-2.7375,-2.134375,0.0,0.35
appreciation__block_11__alpha256,appreciation,11,concept__block_11__appreciation,alpha,256,above_threshold,mad_corrected,neutral,40,40,0.0,0.0,1.0,0.5,0.7525,-3.125,-2.359375,0.0,0.625
appreciation__block_11__alpha256,appreciation,11,concept__block_11__appreciation,alpha,256,above_threshold,mad_corrected,evocative,40,40,0.0,0.0,1.0,0.5,0.664375,-2.7375,-2.328125,0.0,0.5
appreciation__block_12__alpha128,appreciation,12,concept__block_12__appreciation,alpha,128,near_threshold,mad_corrected,neutral,40,40,0.0,0.25,1.0,0.625,1.0,-3.125,-0.378125,0.0,0.125
appreciation__block_12__alpha128,appreciation,12,concept__block_12__appreciation,alpha,128,near_threshold,mad_corrected,evocative,40,40,0.0,0.3,1.0,0.65,1.0,-2.7375,-0.33125,0.0,0.1
appreciation__block_12__alpha256,appreciation,12,concept__block_12__appreciation,alpha,256,above_threshold,mad_corrected,neutral,40,40,0.0,0.05,1.0,0.525,1.0,-3.125,-0.35,0.0,0.425
appreciation__block_12__alpha256,appreciation,12,concept__block_12__appreciation,alpha,256,above_threshold,mad_corrected,evocative,40,40,0.0,0.175,1.0,0.5875,1.0,-2.7375,-0.3265625,0.0,0.275
appreciation__block_13__alpha128,appreciation,13,concept__block_13__appreciation,alpha,128,near_threshold,mad_corrected,neutral,40,40,0.0,0.0,1.0,0.5,0.9996875,-3.125,-1.1375,0.0,0.025
appreciation__block_13__alpha128,appreciation,13,concept__block_13__appreciation,alpha,128,near_threshold,mad_corrected,evocative,40,40,0.0,0.0,1.0,0.5,0.9996875,-2.7375,-1.025,0.0,0.0
appreciation__block_13__alpha256,appreciation,13,concept__block_13__appreciation,alpha,256,above_threshold,mad_corrected,neutral,40,40,0.0,0.0,1.0,0.5,1.0,-3.125,-1.10625,0.0,0.05
appreciation__block_13__alpha256,appreciation,13,concept__block_13__appreciation,alpha,256,above_threshold,mad_corrected,evocative,40,40,0.0,0.0,1.0,0.5,0.999375,-2.7375,-1.003125,0.0,0.025
betrayal__block_00__alpha128,betrayal,0,concept__block_00__betrayal,alpha,128,near_threshold,mad_corrected,neutral,40,40,0.0,0.0,1.0,0.5,0.995,-3.3625,0.102734375,0.0,1.0
betrayal__block_00__alpha128,betrayal,0,concept__block_00__betrayal,alpha,128,near_threshold,mad_corrected,evocative,40,40,0.0,0.0,1.0,0.5,0.995625,-2.74375,0.101171875,0.0,1.0
betrayal__block_00__alpha256,betrayal,0,concept__block_00__betrayal,alpha,256,above_threshold,mad_corrected,neutral,40,40,0.0,0.0,1.0,0.5,1.0,-3.3625,-0.03515625,0.0,1.0
betrayal__block_00__alpha256,betrayal,0,concept__block_00__betrayal,alpha,256,above_threshold,mad_corrected,evocative,40,40,0.0,0.0,1.0,0.5,0.99625,-2.74375,-0.00390625,0.0,1.0
betrayal__block_01__alpha128,betrayal,1,concept__block_01__betrayal,alpha,128,near_threshold,mad_corrected,neutral,40,40,0.0,0.0,1.0,0.5,0.244375,-3.3625,-4.325,0.0,0.0
betrayal__block_01__alpha128,betrayal,1,concept__block_01__betrayal,alpha,128,near_threshold,mad_corrected,evocative,40,40,0.0,0.0,1.0,0.5,0.1521875,-2.74375,-4.2,0.0,0.0
betrayal__block_01__alpha256,betrayal,1,concept__block_01__betrayal,alpha,256,above_threshold,mad_corrected,neutral,40,40,0.0,0.0,1.0,0.5,0.2384375,-3.3625,-4.371875,0.0,0.0
betrayal__block_01__alpha256,betrayal,1,concept__block_01__betrayal,alpha,256,above_threshold,mad_corrected,evocative,40,40,0.0,0.0,1.0,0.5,0.164375,-2.74375,-4.19375,0.0,0.0
betrayal__block_02__alpha128,betrayal,2,concept__block_02__betrayal,alpha,128,near_threshold,mad_corrected,neutral,40,40,0.0,0.0,1.0,0.5,0.185,-3.3625,-4.621875,0.0,0.0
betrayal__block_02__alpha128,betrayal,2,concept__block_02__betrayal,alpha,128,near_threshold,mad_corrected,evocative,40,40,0.0,0.0,1.0,0.5,0.1078125,-2.74375,-4.578125,0.0,0.0
betrayal__block_02__alpha256,betrayal,2,concept__block_02__betrayal,alpha,256,above_threshold,mad_corrected,neutral,40,40,0.0,0.0,1.0,0.5,0.19875,-3.3625,-4.70625,0.0,0.0
betrayal__block_02__alpha256,betrayal,2,concept__block_02__betrayal,alpha,256,above_threshold,mad_corrected,evocative,40,40,0.0,0.0,1.0,0.5,0.1340625,-2.74375,-4.65625,0.0,0.0
betrayal__block_03__alpha128,betrayal,3,concept__block_03__betrayal,alpha,128,near_threshold,mad_corrected,neutral,40,40,0.0,0.0,1.0,0.5,0.124375,-3.3625,-4.80625,0.0,0.0
betrayal__block_03__alpha128,betrayal,3,concept__block_03__betrayal,alpha,128,near_threshold,mad_corrected,evocative,40,40,0.0,0.0,1.0,0.5,0.0046875,-2.74375,-4.78125,0.0,0.0
betrayal__block_03__alpha256,betrayal,3,concept__block_03__betrayal,alpha,256,above_threshold,mad_corrected,neutral,40,40,0.0,0.0,1.0,0.5,0.13,-3.3625,-4.875,0.0,0.0
betrayal__block_03__alpha256,betrayal,3,concept__block_03__betrayal,alpha,256,above_threshold,mad_corrected,evocative,40,40,0.0,0.0,1.0,0.5,0.01,-2.74375,-4.903125,0.0,0.0
betrayal__block_04__alpha128,betrayal,4,concept__block_04__betrayal,alpha,128,near_threshold,mad_corrected,neutral,40,40,0.0,0.0,1.0,0.5,0.1890625,-3.3625,-5.09375,0.0,0.0
betrayal__block_04__alpha128,betrayal,4,concept__block_04__betrayal,alpha,128,near_threshold,mad_corrected,evocative,40,40,0.0,0.0,1.0,0.5,0.0684375,-2.74375,-4.940625,0.0,0.0
betrayal__block_04__alpha256,betrayal,4,concept__block_04__betrayal,alpha,256,above_threshold,mad_corrected,neutral,40,40,0.0,0.0,1.0,0.5,0.2015625,-3.3625,-5.078125,0.0,0.0
betrayal__block_04__alpha256,betrayal,4,concept__block_04__betrayal,alpha,256,above_threshold,mad_corrected,evocative,40,40,0.0,0.0,1.0,0.5,0.0959375,-2.74375,-4.915625,0.0,0.0
betrayal__block_05__alpha128,betrayal,5,concept__block_05__betrayal,alpha,128,near_threshold,mad_corrected,neutral,40,40,0.0,0.0,1.0,0.5,0.19875,-3.3625,-5.09375,0.0,0.0
betrayal__block_05__alpha128,betrayal,5,concept__block_05__betrayal,alpha,128,near_threshold,mad_corrected,evocative,40,40,0.0,0.0,1.0,0.5,0.079375,-2.74375,-4.875,0.0,0.0
betrayal__block_05__alpha256,betrayal,5,concept__block_05__betrayal,alpha,256,above_threshold,mad_corrected,neutral,40,40,0.0,0.0,1.0,0.5,0.206875,-3.3625,-5.209375,0.0,0.0
betrayal__block_05__alpha256,betrayal,5,concept__block_05__betrayal,alpha,256,above_threshold,mad_corrected,evocative,40,40,0.0,0.0,1.0,0.5,0.09875,-2.74375,-5.025,0.0,0.0
betrayal__block_06__alpha128,betrayal,6,concept__block_06__betrayal,alpha,128,near_threshold,mad_corrected,neutral,40,40,0.0,0.0,1.0,0.5,0.2528125,-3.3625,-4.415625,0.0,0.0
betrayal__block_06__alpha128,betrayal,6,concept__block_06__betrayal,alpha,128,near_threshold,mad_corrected,evocative,40,40,0.0,0.0,1.0,0.5,0.123125,-2.74375,-4.071875,0.0,0.0
betrayal__block_06__alpha256,betrayal,6,concept__block_06__betrayal,alpha,256,above_threshold,mad_corrected,neutral,40,40,0.0,0.0,1.0,0.5,0.28875,-3.3625,-4.325,0.0,0.0
betrayal__block_06__alpha256,betrayal,6,concept__block_06__betrayal,alpha,256,above_threshold,mad_corrected,evocative,40,40,0.0,0.0,1.0,0.5,0.1671875,-2.74375,-4.00625,0.0,0.0
betrayal__block_07__alpha128,betrayal,7,concept__block_07__betrayal,alpha,128,near_threshold,mad_corrected,neutral,40,40,0.0,0.0,1.0,0.5,0.430625,-3.3625,-3.553125,0.0,0.0
betrayal__block_07__alpha128,betrayal,7,concept__block_07__betrayal,alpha,128,near_threshold,mad_corrected,evocative,40,40,0.0,0.0,1.0,0.5,0.19625,-2.74375,-3.340625,0.0,0.0
betrayal__block_07__alpha256,betrayal,7,concept__block_07__betrayal,alpha,256,above_threshold,mad_corrected,neutral,40,40,0.0,0.0,1.0,0.5,0.501875,-3.3625,-3.328125,0.0,0.0
betrayal__block_07__alpha256,betrayal,7,concept__block_07__betrayal,alpha,256,above_threshold,mad_corrected,evocative,40,40,0.0,0.0,1.0,0.5,0.2925,-2.74375,-3.125,0.0,0.0
betrayal__block_08__alpha128,betrayal,8,concept__block_08__betrayal,alpha,128,near_threshold,mad_corrected,neutral,40,40,0.0,0.0,1.0,0.5,0.2246875,-3.3625,-4.29375,0.0,0.0
betrayal__block_08__alpha128,betrayal,8,concept__block_08__betrayal,alpha,128,near_threshold,mad_corrected,evocative,40,40,0.0,0.0,1.0,0.5,0.0253125,-2.74375,-4.11875,0.0,0.0
betrayal__block_08__alpha256,betrayal,8,concept__block_08__betrayal,alpha,256,above_threshold,mad_corrected,neutral,40,40,0.0,0.0,1.0,0.5,0.2878125,-3.3625,-4.021875,0.0,0.0
betrayal__block_08__alpha256,betrayal,8,concept__block_08__betrayal,alpha,256,above_threshold,mad_corrected,evocative,40,40,0.0,0.0,1.0,0.5,0.065,-2.74375,-3.840625,0.0,0.0
betrayal__block_09__alpha128,betrayal,9,concept__block_09__betrayal,alpha,128,near_threshold,mad_corrected,neutral,40,40,0.0,0.0,1.0,0.5,0.3540625,-3.3625,-3.778125,0.0,0.0
betrayal__block_09__alpha128,betrayal,9,concept__block_09__betrayal,alpha,128,near_threshold,mad_corrected,evocative,40,40,0.0,0.0,1.0,0.5,0.1678125,-2.74375,-3.25625,0.0,0.0
betrayal__block_09__alpha256,betrayal,9,concept__block_09__betrayal,alpha,256,above_threshold,mad_corrected,neutral,40,40,0.0,0.0,1.0,0.5,0.3803125,-3.3625,-3.7,0.0,0.0
betrayal__block_09__alpha256,betrayal,9,concept__block_09__betrayal,alpha,256,above_threshold,mad_corrected,evocative,40,40,0.0,0.0,1.0,0.5,0.2153125,-2.74375,-3.153125,0.0,0.0
betrayal__block_10__alpha128,betrayal,10,concept__block_10__betrayal,alpha,128,near_threshold,mad_corrected,neutral,40,40,0.0,0.0,1.0,0.5,0.2953125,-3.3625,-4.290625,0.0,0.0
betrayal__block_10__alpha128,betrayal,10,concept__block_10__betrayal,alpha,128,near_threshold,mad_corrected,evocative,40,40,0.0,0.0,1.0,0.5,0.2009375,-2.74375,-3.625,0.0,0.0
betrayal__block_10__alpha256,betrayal,10,concept__block_10__betrayal,alpha,256,above_threshold,mad_corrected,neutral,40,40,0.0,0.0,1.0,0.5,0.319375,-3.3625,-4.171875,0.0,0.0
betrayal__block_10__alpha256,betrayal,10,concept__block_10__betrayal,alpha,256,above_threshold,mad_corrected,evocative,40,40,0.0,0.0,1.0,0.5,0.2428125,-2.74375,-3.528125,0.0,0.0
betrayal__block_11__alpha128,betrayal,11,concept__block_11__betrayal,alpha,128,near_threshold,mad_corrected,neutral,40,40,0.0,0.0,1.0,0.5,0.0809375,-3.3625,-5.9375,0.0,0.0
betrayal__block_11__alpha128,betrayal,11,concept__block_11__betrayal,alpha,128,near_threshold,mad_corrected,evocative,40,40,0.0,0.0,1.0,0.5,0.0009375,-2.74375,-5.584375,0.0,0.0
betrayal__block_11__alpha256,betrayal,11,concept__block_11__betrayal,alpha,256,above_threshold,mad_corrected,neutral,40,40,0.0,0.0,1.0,0.5,0.0678125,-3.3625,-5.896875,0.0,0.0
betrayal__block_11__alpha256,betrayal,11,concept__block_11__betrayal,alpha,256,above_threshold,mad_corrected,evocative,40,40,0.0,0.0,1.0,0.5,0.00125,-2.74375,-5.509375,0.0,0.0
betrayal__block_12__alpha128,betrayal,12,concept__block_12__betrayal,alpha,128,near_threshold,mad_corrected,neutral,40,40,0.0,0.0,1.0,0.5,0.318125,-3.3625,-4.009375,0.0,0.0
betrayal__block_12__alpha128,betrayal,12,concept__block_12__betrayal,alpha,128,near_threshold,mad_corrected,evocative,40,40,0.0,0.0,1.0,0.5,0.1403125,-2.74375,-3.58125,0.0,0.0
betrayal__block_12__alpha256,betrayal,12,concept__block_12__betrayal,alpha,256,above_threshold,mad_corrected,neutral,40,40,0.0,0.0,1.0,0.5,0.340625,-3.3625,-3.865625,0.0,0.0
betrayal__block_12__alpha256,betrayal,12,concept__block_12__betrayal,alpha,256,above_threshold,mad_corrected,evocative,40,40,0.0,0.0,1.0,0.5,0.1746875,-2.74375,-3.403125,0.0,0.0
betrayal__block_13__alpha128,betrayal,13,concept__block_13__betrayal,alpha,128,near_threshold,mad_corrected,neutral,40,40,0.0,0.0,1.0,0.5,0.230625,-3.3625,-4.640625,0.0,0.0
betrayal__block_13__alpha128,betrayal,13,concept__block_13__betrayal,alpha,128,near_threshold,mad_corrected,evocative,40,40,0.0,0.0,1.0,0.5,0.0653125,-2.74375,-4.228125,0.0,0.0
betrayal__block_13__alpha256,betrayal,13,concept__block_13__betrayal,alpha,256,above_threshold,mad_corrected,neutral,40,40,0.0,0.0,1.0,0.5,0.2396875,-3.3625,-4.546875,0.0,0.0
betrayal__block_13__alpha256,betrayal,13,concept__block_13__betrayal,alpha,256,above_threshold,mad_corrected,evocative,40,40,0.0,0.0,1.0,0.5,0.0759375,-2.74375,-4.178125,0.0,0.0
fibonacci_numbers__block_00__alpha128,fibonacci_numbers,0,concept__block_00__fibonacci_numbers,alpha,128,near_threshold,mad_corrected,neutral,40,40,0.0,0.0,1.0,0.5,0.9246875,-3.346875,0.01796875,0.0,1.0
fibonacci_numbers__block_00__alpha128,fibonacci_numbers,0,concept__block_00__fibonacci_numbers,alpha,128,near_threshold,mad_corrected,evocative,40,40,0.0,0.0,1.0,0.5,0.7575,-2.459375,-0.007421875,0.0,1.0
fibonacci_numbers__block_00__alpha256,fibonacci_numbers,0,concept__block_00__fibonacci_numbers,alpha,256,above_threshold,mad_corrected,neutral,40,40,0.0,0.0,1.0,0.5,0.6559375,-3.346875,-0.009375,0.0,1.0
fibonacci_numbers__block_00__alpha256,fibonacci_numbers,0,concept__block_00__fibonacci_numbers,alpha,256,above_threshold,mad_corrected,evocative,40,40,0.0,0.0,1.0,0.5,0.5134375,-2.459375,-0.0001953125,0.0,1.0
fibonacci_numbers__block_01__alpha128,fibonacci_numbers,1,concept__block_01__fibonacci_numbers,alpha,128,near_threshold,mad_corrected,neutral,40,40,0.0,0.0,1.0,0.5,0.189375,-3.346875,-4.675,0.0,0.0
fibonacci_numbers__block_01__alpha128,fibonacci_numbers,1,concept__block_01__fibonacci_numbers,alpha,128,near_threshold,mad_corrected,evocative,40,40,0.0,0.0,1.0,0.5,0.061875,-2.459375,-4.459375,0.0,0.0
fibonacci_numbers__block_01__alpha256,fibonacci_numbers,1,concept__block_01__fibonacci_numbers,alpha,256,above_threshold,mad_corrected,neutral,40,40,0.0,0.0,1.0,0.5,0.1746875,-3.346875,-4.765625,0.0,0.0
fibonacci_numbers__block_01__alpha256,fibonacci_numbers,1,concept__block_01__fibonacci_numbers,alpha,256,above_threshold,mad_corrected,evocative,40,40,0.0,0.0,1.0,0.5,0.071875,-2.459375,-4.596875,0.0,0.0
fibonacci_numbers__block_02__alpha128,fibonacci_numbers,2,concept__block_02__fibonacci_numbers,alpha,128,near_threshold,mad_corrected,neutral,40,40,0.0,0.0,1.0,0.5,0.1640625,-3.346875,-5.06875,0.0,0.0
fibonacci_numbers__block_02__alpha128,fibonacci_numbers,2,concept__block_02__fibonacci_numbers,alpha,128,near_threshold,mad_corrected,evocative,40,40,0.0,0.0,1.0,0.5,0.080625,-2.459375,-4.884375,0.0,0.0
fibonacci_numbers__block_02__alpha256,fibonacci_numbers,2,concept__block_02__fibonacci_numbers,alpha,256,above_threshold,mad_corrected,neutral,40,40,0.0,0.0,1.0,0.5,0.15625,-3.346875,-5.190625,0.0,0.0
fibonacci_numbers__block_02__alpha256,fibonacci_numbers,2,concept__block_02__fibonacci_numbers,alpha,256,above_threshold,mad_corrected,evocative,40,40,0.0,0.0,1.0,0.5,0.0859375,-2.459375,-5.021875,0.0,0.0
fibonacci_numbers__block_03__alpha128,fibonacci_numbers,3,concept__block_03__fibonacci_numbers,alpha,128,near_threshold,mad_corrected,neutral,40,40,0.0,0.0,1.0,0.5,0.0740625,-3.346875,-5.753125,0.0,0.0
fibonacci_numbers__block_03__alpha128,fibonacci_numbers,3,concept__block_03__fibonacci_numbers,alpha,128,near_threshold,mad_corrected,evocative,40,40,0.0,0.0,1.0,0.5,0.015,-2.459375,-5.609375,0.0,0.0
fibonacci_numbers__block_03__alpha256,fibonacci_numbers,3,concept__block_03__fibonacci_numbers,alpha,256,above_threshold,mad_corrected,neutral,40,40,0.0,0.0,1.0,0.5,0.06375,-3.346875,-6.053125,0.0,0.0
fibonacci_numbers__block_03__alpha256,fibonacci_numbers,3,concept__block_03__fibonacci_numbers,alpha,256,above_threshold,mad_corrected,evocative,40,40,0.0,0.0,1.0,0.5,0.0153125,-2.459375,-5.875,0.0,0.0
fibonacci_numbers__block_04__alpha128,fibonacci_numbers,4,concept__block_04__fibonacci_numbers,alpha,128,near_threshold,mad_corrected,neutral,40,40,0.0,0.0,1.0,0.5,0.110625,-3.346875,-5.159375,0.0,0.0
fibonacci_numbers__block_04__alpha128,fibonacci_numbers,4,concept__block_04__fibonacci_numbers,alpha,128,near_threshold,mad_corrected,evocative,40,40,0.0,0.0,1.0,0.5,0.0303125,-2.459375,-4.690625,0.0,0.0
fibonacci_numbers__block_04__alpha256,fibonacci_numbers,4,concept__block_04__fibonacci_numbers,alpha,256,above_threshold,mad_corrected,neutral,40,40,0.0,0.0,1.0,0.5,0.100625,-3.346875,-5.221875,0.0,0.0
fibonacci_numbers__block_04__alpha256,fibonacci_numbers,4,concept__block_04__fibonacci_numbers,alpha,256,above_threshold,mad_corrected,evocative,40,40,0.0,0.0,1.0,0.5,0.03,-2.459375,-4.7875,0.0,0.0
fibonacci_numbers__block_05__alpha128,fibonacci_numbers,5,concept__block_05__fibonacci_numbers,alpha,128,near_threshold,mad_corrected,neutral,40,40,0.0,0.0,1.0,0.5,0.1384375,-3.346875,-4.628125,0.0,0.0
fibonacci_numbers__block_05__alpha128,fibonacci_numbers,5,concept__block_05__fibonacci_numbers,alpha,128,near_threshold,mad_corrected,evocative,40,40,0.0,0.0,1.0,0.5,0.0965625,-2.459375,-3.73125,0.0,0.0
fibonacci_numbers__block_05__alpha256,fibonacci_numbers,5,concept__block_05__fibonacci_numbers,alpha,256,above_threshold,mad_corrected,neutral,40,40,0.0,0.0,1.0,0.5,0.1203125,-3.346875,-4.7375,0.0,0.0
fibonacci_numbers__block_05__alpha256,fibonacci_numbers,5,concept__block_05__fibonacci_numbers,alpha,256,above_threshold,mad_corrected,evocative,40,40,0.0,0.0,1.0,0.5,0.0815625,-2.459375,-3.884375,0.0,0.0
fibonacci_numbers__block_06__alpha128,fibonacci_numbers,6,concept__block_06__fibonacci_numbers,alpha,128,near_threshold,mad_corrected,neutral,40,40,0.0,0.0,1.0,0.5,0.5725,-3.346875,-3.090625,0.0,0.0
fibonacci_numbers__block_06__alpha128,fibonacci_numbers,6,concept__block_06__fibonacci_numbers,alpha,128,near_threshold,mad_corrected,evocative,40,40,0.0,0.0,1.0,0.5,0.6340625,-2.459375,-2.1375,0.0,0.0
fibonacci_numbers__block_06__alpha256,fibonacci_numbers,6,concept__block_06__fibonacci_numbers,alpha,256,above_threshold,mad_corrected,neutral,40,40,0.0,0.0,1.0,0.5,0.6065625,-3.346875,-3.015625,0.0,0.0
fibonacci_numbers__block_06__alpha256,fibonacci_numbers,6,concept__block_06__fibonacci_numbers,alpha,256,above_threshold,mad_corrected,evocative,40,40,0.0,0.0,1.0,0.5,0.6403125,-2.459375,-2.0875,0.0,0.0
fibonacci_numbers__block_07__alpha128,fibonacci_numbers,7,concept__block_07__fibonacci_numbers,alpha,128,near_threshold,mad_corrected,neutral,40,40,0.0,0.0,1.0,0.5,0.561875,-3.346875,-3.178125,0.0,0.0
fibonacci_numbers__block_07__alpha128,fibonacci_numbers,7,concept__block_07__fibonacci_numbers,alpha,128,near_threshold,mad_corrected,evocative,40,40,0.0,0.0,1.0,0.5,0.4840625,-2.459375,-2.528125,0.0,0.0
fibonacci_numbers__block_07__alpha256,fibonacci_numbers,7,concept__block_07__fibonacci_numbers,alpha,256,above_threshold,mad_corrected,neutral,40,40,0.0,0.0,1.0,0.5,0.555625,-3.346875,-3.190625,0.0,0.0
fibonacci_numbers__block_07__alpha256,fibonacci_numbers,7,concept__block_07__fibonacci_numbers,alpha,256,above_threshold,mad_corrected,evocative,40,40,0.0,0.0,1.0,0.5,0.485,-2.459375,-2.534375,0.0,0.0
fibonacci_numbers__block_08__alpha128,fibonacci_numbers,8,concept__block_08__fibonacci_numbers,alpha,128,near_threshold,mad_corrected,neutral,40,40,0.0,0.0,1.0,0.5,0.6765625,-3.346875,-2.828125,0.0,0.0
fibonacci_numbers__block_08__alpha128,fibonacci_numbers,8,concept__block_08__fibonacci_numbers,alpha,128,near_threshold,mad_corrected,evocative,40,40,0.0,0.0,1.0,0.5,0.658125,-2.459375,-2.03125,0.0,0.0
fibonacci_numbers__block_08__alpha256,fibonacci_numbers,8,concept__block_08__fibonacci_numbers,alpha,256,above_threshold,mad_corrected,neutral,40,40,0.0,0.0,1.0,0.5,0.73625,-3.346875,-2.659375,0.0,0.0
fibonacci_numbers__block_08__alpha256,fibonacci_numbers,8,concept__block_08__fibonacci_numbers,alpha,256,above_threshold,mad_corrected,evocative,40,40,0.0,0.0,1.0,0.5,0.7221875,-2.459375,-1.890625,0.0,0.0
fibonacci_numbers__block_09__alpha128,fibonacci_numbers,9,concept__block_09__fibonacci_numbers,alpha,128,near_threshold,mad_corrected,neutral,40,40,0.0,0.0,1.0,0.5,0.1821875,-3.346875,-4.315625,0.0,0.0
fibonacci_numbers__block_09__alpha128,fibonacci_numbers,9,concept__block_09__fibonacci_numbers,alpha,128,near_threshold,mad_corrected,evocative,40,40,0.0,0.0,1.0,0.5,0.1234375,-2.459375,-3.509375,0.0,0.0
fibonacci_numbers__block_09__alpha256,fibonacci_numbers,9,concept__block_09__fibonacci_numbers,alpha,256,above_threshold,mad_corrected,neutral,40,40,0.0,0.0,1.0,0.5,0.2290625,-3.346875,-4.1375,0.0,0.0
fibonacci_numbers__block_09__alpha256,fibonacci_numbers,9,concept__block_09__fibonacci_numbers,alpha,256,above_threshold,mad_corrected,evocative,40,40,0.0,0.0,1.0,0.5,0.175625,-2.459375,-3.346875,0.0,0.0
fibonacci_numbers__block_10__alpha128,fibonacci_numbers,10,concept__block_10__fibonacci_numbers,alpha,128,near_threshold,mad_corrected,neutral,40,40,0.0,0.0,1.0,0.5,0.355,-3.346875,-3.765625,0.0,0.0
fibonacci_numbers__block_10__alpha128,fibonacci_numbers,10,concept__block_10__fibonacci_numbers,alpha,128,near_threshold,mad_corrected,evocative,40,40,0.0,0.0,1.0,0.5,0.366875,-2.459375,-2.721875,0.0,0.0
fibonacci_numbers__block_10__alpha256,fibonacci_numbers,10,concept__block_10__fibonacci_numbers,alpha,256,above_threshold,mad_corrected,neutral,40,40,0.0,0.0,1.0,0.5,0.416875,-3.346875,-3.59375,0.0,0.0
fibonacci_numbers__block_10__alpha256,fibonacci_numbers,10,concept__block_10__fibonacci_numbers,alpha,256,above_threshold,mad_corrected,evocative,40,40,0.0,0.0,1.0,0.5,0.4475,-2.459375,-2.559375,0.0,0.0
fibonacci_numbers__block_11__alpha128,fibonacci_numbers,11,concept__block_11__fibonacci_numbers,alpha,128,near_threshold,mad_corrected,neutral,40,40,0.0,0.0,1.0,0.5,0.6765625,-3.346875,-2.79375,0.0,0.0
fibonacci_numbers__block_11__alpha128,fibonacci_numbers,11,concept__block_11__fibonacci_numbers,alpha,128,near_threshold,mad_corrected,evocative,40,40,0.0,0.0,1.0,0.5,0.674375,-2.459375,-2.09375,0.0,0.0
fibonacci_numbers__block_11__alpha256,fibonacci_numbers,11,concept__block_11__fibonacci_numbers,alpha,256,above_threshold,mad_corrected,neutral,40,40,0.0,0.0,1.0,0.5,0.7471875,-3.346875,-2.61875,0.0,0.0
fibonacci_numbers__block_11__alpha256,fibonacci_numbers,11,concept__block_11__fibonacci_numbers,alpha,256,above_threshold,mad_corrected,evocative,40,40,0.0,0.0,1.0,0.5,0.7128125,-2.459375,-1.940625,0.0,0.0
fibonacci_numbers__block_12__alpha128,fibonacci_numbers,12,concept__block_12__fibonacci_numbers,alpha,128,near_threshold,mad_corrected,neutral,40,40,0.0,0.0,1.0,0.5,0.5590625,-3.346875,-3.178125,0.0,0.0
fibonacci_numbers__block_12__alpha128,fibonacci_numbers,12,concept__block_12__fibonacci_numbers,alpha,128,near_threshold,mad_corrected,evocative,40,40,0.0,0.0,1.0,0.5,0.5278125,-2.459375,-2.36875,0.0,0.0
fibonacci_numbers__block_12__alpha256,fibonacci_numbers,12,concept__block_12__fibonacci_numbers,alpha,256,above_threshold,mad_corrected,neutral,40,40,0.0,0.0,1.0,0.5,0.6025,-3.346875,-3.06875,0.0,0.0
fibonacci_numbers__block_12__alpha256,fibonacci_numbers,12,concept__block_12__fibonacci_numbers,alpha,256,above_threshold,mad_corrected,evocative,40,40,0.0,0.0,1.0,0.5,0.56875,-2.459375,-2.271875,0.0,0.0
fibonacci_numbers__block_13__alpha128,fibonacci_numbers,13,concept__block_13__fibonacci_numbers,alpha,128,near_threshold,mad_corrected,neutral,40,40,0.0,0.0,1.0,0.5,0.928125,-3.346875,-1.9,0.0,0.0
fibonacci_numbers__block_13__alpha128,fibonacci_numbers,13,concept__block_13__fibonacci_numbers,alpha,128,near_threshold,mad_corrected,evocative,40,40,0.0,0.0,1.0,0.5,0.900625,-2.459375,-1.171875,0.0,0.0
fibonacci_numbers__block_13__alpha256,fibonacci_numbers,13,concept__block_13__fibonacci_numbers,alpha,256,above_threshold,mad_corrected,neutral,40,40,0.0,0.0,1.0,0.5,0.9525,-3.346875,-1.61875,0.0,0.0
fibonacci_numbers__block_13__alpha256,fibonacci_numbers,13,concept__block_13__fibonacci_numbers,alpha,256,above_threshold,mad_corrected,evocative,40,40,0.0,0.075,1.0,0.5375,0.925625,-2.459375,-0.978125,0.0,0.0
recursion__block_00__alpha128,recursion,0,concept__block_00__recursion,alpha,128,near_threshold,mad_corrected,neutral,40,40,0.0,0.0,1.0,0.5,0.9990625,-3.39375,0.01640625,0.0,1.0
recursion__block_00__alpha128,recursion,0,concept__block_00__recursion,alpha,128,near_threshold,mad_corrected,evocative,40,40,0.0,0.0,1.0,0.5,0.9821875,-2.703125,0.04765625,0.0,1.0
recursion__block_00__alpha256,recursion,0,concept__block_00__recursion,alpha,256,above_threshold,mad_corrected,neutral,40,40,0.0,0.0,1.0,0.5,0.9828125,-3.39375,0.0609375,0.0,1.0
recursion__block_00__alpha256,recursion,0,concept__block_00__recursion,alpha,256,above_threshold,mad_corrected,evocative,40,40,0.0,0.0,1.0,0.5,0.9615625,-2.703125,0.06328125,0.0,1.0
recursion__block_01__alpha128,recursion,1,concept__block_01__recursion,alpha,128,near_threshold,mad_corrected,neutral,40,40,0.0,0.0,1.0,0.5,0.17375,-3.39375,-4.734375,0.0,0.0
recursion__block_01__alpha128,recursion,1,concept__block_01__recursion,alpha,128,near_threshold,mad_corrected,evocative,40,40,0.0,0.0,1.0,0.5,0.0528125,-2.703125,-4.796875,0.0,0.0
recursion__block_01__alpha256,recursion,1,concept__block_01__recursion,alpha,256,above_threshold,mad_corrected,neutral,40,40,0.0,0.0,1.0,0.5,0.18375,-3.39375,-4.828125,0.0,0.0
recursion__block_01__alpha256,recursion,1,concept__block_01__recursion,alpha,256,above_threshold,mad_corrected,evocative,40,40,0.0,0.0,1.0,0.5,0.0690625,-2.703125,-4.934375,0.0,0.0
recursion__block_02__alpha128,recursion,2,concept__block_02__recursion,alpha,128,near_threshold,mad_corrected,neutral,40,40,0.0,0.0,1.0,0.5,0.140625,-3.39375,-4.9625,0.0,0.0
recursion__block_02__alpha128,recursion,2,concept__block_02__recursion,alpha,128,near_threshold,mad_corrected,evocative,40,40,0.0,0.0,1.0,0.5,0.040625,-2.703125,-5.04375,0.0,0.0
recursion__block_02__alpha256,recursion,2,concept__block_02__recursion,alpha,256,above_threshold,mad_corrected,neutral,40,40,0.0,0.0,1.0,0.5,0.1509375,-3.39375,-5.065625,0.0,0.0
recursion__block_02__alpha256,recursion,2,concept__block_02__recursion,alpha,256,above_threshold,mad_corrected,evocative,40,40,0.0,0.0,1.0,0.5,0.0465625,-2.703125,-5.225,0.0,0.0
recursion__block_03__alpha128,recursion,3,concept__block_03__recursion,alpha,128,near_threshold,mad_corrected,neutral,40,40,0.0,0.0,1.0,0.5,0.0971875,-3.39375,-5.01875,0.0,0.0
recursion__block_03__alpha128,recursion,3,concept__block_03__recursion,alpha,128,near_threshold,mad_corrected,evocative,40,40,0.0,0.0,1.0,0.5,0.0,-2.703125,-5.253125,0.0,0.0
recursion__block_03__alpha256,recursion,3,concept__block_03__recursion,alpha,256,above_threshold,mad_corrected,neutral,40,40,0.0,0.0,1.0,0.5,0.098125,-3.39375,-5.084375,0.0,0.0
recursion__block_03__alpha256,recursion,3,concept__block_03__recursion,alpha,256,above_threshold,mad_corrected,evocative,40,40,0.0,0.0,1.0,0.5,0.00125,-2.703125,-5.3125,0.0,0.0
recursion__block_04__alpha128,recursion,4,concept__block_04__recursion,alpha,128,near_threshold,mad_corrected,neutral,40,40,0.0,0.0,1.0,0.5,0.1459375,-3.39375,-4.690625,0.0,0.0
recursion__block_04__alpha128,recursion,4,concept__block_04__recursion,alpha,128,near_threshold,mad_corrected,evocative,40,40,0.0,0.0,1.0,0.5,0.000625,-2.703125,-4.859375,0.0,0.0
recursion__block_04__alpha256,recursion,4,concept__block_04__recursion,alpha,256,above_threshold,mad_corrected,neutral,40,40,0.0,0.0,1.0,0.5,0.155625,-3.39375,-4.734375,0.0,0.0
recursion__block_04__alpha256,recursion,4,concept__block_04__recursion,alpha,256,above_threshold,mad_corrected,evocative,40,40,0.0,0.0,1.0,0.5,0.00125,-2.703125,-4.871875,0.0,0.0
recursion__block_05__alpha128,recursion,5,concept__block_05__recursion,alpha,128,near_threshold,mad_corrected,neutral,40,40,0.0,0.0,1.0,0.5,0.2553125,-3.39375,-4.15,0.0,0.0
recursion__block_05__alpha128,recursion,5,concept__block_05__recursion,alpha,128,near_threshold,mad_corrected,evocative,40,40,0.0,0.0,1.0,0.5,0.0471875,-2.703125,-4.234375,0.0,0.0
recursion__block_05__alpha256,recursion,5,concept__block_05__recursion,alpha,256,above_threshold,mad_corrected,neutral,40,40,0.0,0.0,1.0,0.5,0.23625,-3.39375,-4.259375,0.0,0.0
recursion__block_05__alpha256,recursion,5,concept__block_05__recursion,alpha,256,above_threshold,mad_corrected,evocative,40,40,0.0,0.0,1.0,0.5,0.0365625,-2.703125,-4.346875,0.0,0.0
recursion__block_06__alpha128,recursion,6,concept__block_06__recursion,alpha,128,near_threshold,mad_corrected,neutral,40,40,0.0,0.0,1.0,0.5,0.2115625,-3.39375,-4.346875,0.0,0.0
recursion__block_06__alpha128,recursion,6,concept__block_06__recursion,alpha,128,near_threshold,mad_corrected,evocative,40,40,0.0,0.0,1.0,0.5,0.04,-2.703125,-4.234375,0.0,0.0
recursion__block_06__alpha256,recursion,6,concept__block_06__recursion,alpha,256,above_threshold,mad_corrected,neutral,40,40,0.0,0.0,1.0,0.5,0.199375,-3.39375,-4.478125,0.0,0.0
recursion__block_06__alpha256,recursion,6,concept__block_06__recursion,alpha,256,above_threshold,mad_corrected,evocative,40,40,0.0,0.0,1.0,0.5,0.0328125,-2.703125,-4.3375,0.0,0.0
recursion__block_07__alpha128,recursion,7,concept__block_07__recursion,alpha,128,near_threshold,mad_corrected,neutral,40,40,0.0,0.0,1.0,0.5,0.3246875,-3.39375,-3.90625,0.0,0.0
recursion__block_07__alpha128,recursion,7,concept__block_07__recursion,alpha,128,near_threshold,mad_corrected,evocative,40,40,0.0,0.0,1.0,0.5,0.18625,-2.703125,-3.659375,0.0,0.0
recursion__block_07__alpha256,recursion,7,concept__block_07__recursion,alpha,256,above_threshold,mad_corrected,neutral,40,40,0.0,0.0,1.0,0.5,0.2959375,-3.39375,-4.05625,0.0,0.0
recursion__block_07__alpha256,recursion,7,concept__block_07__recursion,alpha,256,above_threshold,mad_corrected,evocative,40,40,0.0,0.0,1.0,0.5,0.1609375,-2.703125,-3.8125,0.0,0.0
recursion__block_08__alpha128,recursion,8,concept__block_08__recursion,alpha,128,near_threshold,mad_corrected,neutral,40,40,0.0,0.0,1.0,0.5,0.3259375,-3.39375,-3.878125,0.0,0.0
recursion__block_08__alpha128,recursion,8,concept__block_08__recursion,alpha,128,near_threshold,mad_corrected,evocative,40,40,0.0,0.0,1.0,0.5,0.28,-2.703125,-3.3375,0.0,0.0
recursion__block_08__alpha256,recursion,8,concept__block_08__recursion,alpha,256,above_threshold,mad_corrected,neutral,40,40,0.0,0.0,1.0,0.5,0.3078125,-3.39375,-3.978125,0.0,0.0
recursion__block_08__alpha256,recursion,8,concept__block_08__recursion,alpha,256,above_threshold,mad_corrected,evocative,40,40,0.0,0.0,1.0,0.5,0.24375,-2.703125,-3.484375,0.0,0.0
recursion__block_09__alpha128,recursion,9,concept__block_09__recursion,alpha,128,near_threshold,mad_corrected,neutral,40,40,0.0,0.0,1.0,0.5,0.235,-3.39375,-4.26875,0.0,0.0
recursion__block_09__alpha128,recursion,9,concept__block_09__recursion,alpha,128,near_threshold,mad_corrected,evocative,40,40,0.0,0.0,1.0,0.5,0.1959375,-2.703125,-3.6875,0.0,0.0
recursion__block_09__alpha256,recursion,9,concept__block_09__recursion,alpha,256,above_threshold,mad_corrected,neutral,40,40,0.0,0.0,1.0,0.5,0.2159375,-3.39375,-4.403125,0.0,0.0
recursion__block_09__alpha256,recursion,9,concept__block_09__recursion,alpha,256,above_threshold,mad_corrected,evocative,40,40,0.0,0.0,1.0,0.5,0.166875,-2.703125,-3.81875,0.0,0.0
recursion__block_10__alpha128,recursion,10,concept__block_10__recursion,alpha,128,near_threshold,mad_corrected,neutral,40,40,0.0,0.0,1.0,0.5,0.2084375,-3.39375,-4.45,0.0,0.0
recursion__block_10__alpha128,recursion,10,concept__block_10__recursion,alpha,128,near_threshold,mad_corrected,evocative,40,40,0.0,0.0,1.0,0.5,0.173125,-2.703125,-3.759375,0.0,0.0
recursion__block_10__alpha256,recursion,10,concept__block_10__recursion,alpha,256,above_threshold,mad_corrected,neutral,40,40,0.0,0.0,1.0,0.5,0.1975,-3.39375,-4.609375,0.0,0.0
recursion__block_10__alpha256,recursion,10,concept__block_10__recursion,alpha,256,above_threshold,mad_corrected,evocative,40,40,0.0,0.0,1.0,0.5,0.1559375,-2.703125,-3.909375,0.0,0.0
recursion__block_11__alpha128,recursion,11,concept__block_11__recursion,alpha,128,near_threshold,mad_corrected,neutral,40,40,0.0,0.0,1.0,0.5,0.3021875,-3.39375,-4.0375,0.0,0.0
recursion__block_11__alpha128,recursion,11,concept__block_11__recursion,alpha,128,near_threshold,mad_corrected,evocative,40,40,0.0,0.0,1.0,0.5,0.2425,-2.703125,-3.434375,0.0,0.0
recursion__block_11__alpha256,recursion,11,concept__block_11__recursion,alpha,256,above_threshold,mad_corrected,neutral,40,40,0.0,0.0,1.0,0.5,0.2684375,-3.39375,-4.1875,0.0,0.0
recursion__block_11__alpha256,recursion,11,concept__block_11__recursion,alpha,256,above_threshold,mad_corrected,evocative,40,40,0.0,0.0,1.0,0.5,0.2215625,-2.703125,-3.55625,0.0,0.0
recursion__block_12__alpha128,recursion,12,concept__block_12__recursion,alpha,128,near_threshold,mad_corrected,neutral,40,40,0.0,0.0,1.0,0.5,0.3759375,-3.39375,-3.73125,0.0,0.0
recursion__block_12__alpha128,recursion,12,concept__block_12__recursion,alpha,128,near_threshold,mad_corrected,evocative,40,40,0.0,0.0,1.0,0.5,0.355,-2.703125,-3.078125,0.0,0.0
recursion__block_12__alpha256,recursion,12,concept__block_12__recursion,alpha,256,above_threshold,mad_corrected,neutral,40,40,0.0,0.0,1.0,0.5,0.345625,-3.39375,-3.84375,0.0,0.0
recursion__block_12__alpha256,recursion,12,concept__block_12__recursion,alpha,256,above_threshold,mad_corrected,evocative,40,40,0.0,0.0,1.0,0.5,0.3221875,-2.703125,-3.171875,0.0,0.0
recursion__block_13__alpha128,recursion,13,concept__block_13__recursion,alpha,128,near_threshold,mad_corrected,neutral,40,40,0.0,0.0,1.0,0.5,0.501875,-3.39375,-3.3125,0.0,0.0
recursion__block_13__alpha128,recursion,13,concept__block_13__recursion,alpha,128,near_threshold,mad_corrected,evocative,40,40,0.0,0.0,1.0,0.5,0.510625,-2.703125,-2.675,0.0,0.0
recursion__block_13__alpha256,recursion,13,concept__block_13__recursion,alpha,256,above_threshold,mad_corrected,neutral,40,40,0.0,0.0,1.0,0.5,0.488125,-3.39375,-3.353125,0.0,0.0
recursion__block_13__alpha256,recursion,13,concept__block_13__recursion,alpha,256,above_threshold,mad_corrected,evocative,40,40,0.0,0.0,1.0,0.5,0.51125,-2.703125,-2.678125,0.0,0.0
shutdown__block_00__alpha128,shutdown,0,concept__block_00__shutdown,alpha,128,near_threshold,mad_corrected,neutral,40,40,0.0,0.0,1.0,0.5,1.0,-3.48125,-0.029296875,0.0,1.0
shutdown__block_00__alpha128,shutdown,0,concept__block_00__shutdown,alpha,128,near_threshold,mad_corrected,evocative,40,40,0.0,0.0,1.0,0.5,1.0,-3.675,-0.01796875,0.0,1.0
shutdown__block_00__alpha256,shutdown,0,concept__block_00__shutdown,alpha,256,above_threshold,mad_corrected,neutral,40,40,0.0,0.0,1.0,0.5,1.0,-3.48125,0.009375,0.0,1.0
shutdown__block_00__alpha256,shutdown,0,concept__block_00__shutdown,alpha,256,above_threshold,mad_corrected,evocative,40,40,0.0,0.0,1.0,0.5,1.0,-3.675,0.009375,0.0,1.0
shutdown__block_01__alpha128,shutdown,1,concept__block_01__shutdown,alpha,128,near_threshold,mad_corrected,neutral,40,40,0.0,0.0,1.0,0.5,0.1796875,-3.48125,-4.940625,0.0,0.0
shutdown__block_01__alpha128,shutdown,1,concept__block_01__shutdown,alpha,128,near_threshold,mad_corrected,evocative,40,40,0.0,0.0,1.0,0.5,0.2025,-3.675,-4.965625,0.0,0.0
shutdown__block_01__alpha256,shutdown,1,concept__block_01__shutdown,alpha,256,above_threshold,mad_corrected,neutral,40,40,0.0,0.0,1.0,0.5,0.205,-3.48125,-4.915625,0.0,0.0
shutdown__block_01__alpha256,shutdown,1,concept__block_01__shutdown,alpha,256,above_threshold,mad_corrected,evocative,40,40,0.0,0.0,1.0,0.5,0.2259375,-3.675,-4.9125,0.0,0.0
shutdown__block_02__alpha128,shutdown,2,concept__block_02__shutdown,alpha,128,near_threshold,mad_corrected,neutral,40,40,0.0,0.0,1.0,0.5,0.174375,-3.48125,-5.053125,0.0,0.0
shutdown__block_02__alpha128,shutdown,2,concept__block_02__shutdown,alpha,128,near_threshold,mad_corrected,evocative,40,40,0.0,0.0,1.0,0.5,0.19625,-3.675,-5.00625,0.0,0.0
shutdown__block_02__alpha256,shutdown,2,concept__block_02__shutdown,alpha,256,above_threshold,mad_corrected,neutral,40,40,0.0,0.0,1.0,0.5,0.190625,-3.48125,-5.040625,0.0,0.0
shutdown__block_02__alpha256,shutdown,2,concept__block_02__shutdown,alpha,256,above_threshold,mad_corrected,evocative,40,40,0.0,0.0,1.0,0.5,0.2209375,-3.675,-4.959375,0.0,0.0
shutdown__block_03__alpha128,shutdown,3,concept__block_03__shutdown,alpha,128,near_threshold,mad_corrected,neutral,40,40,0.0,0.0,1.0,0.5,0.1071875,-3.48125,-5.39375,0.0,0.0
shutdown__block_03__alpha128,shutdown,3,concept__block_03__shutdown,alpha,128,near_threshold,mad_corrected,evocative,40,40,0.0,0.0,1.0,0.5,0.089375,-3.675,-5.428125,0.0,0.0
shutdown__block_03__alpha256,shutdown,3,concept__block_03__shutdown,alpha,256,above_threshold,mad_corrected,neutral,40,40,0.0,0.0,1.0,0.5,0.115625,-3.48125,-5.4125,0.0,0.0
shutdown__block_03__alpha256,shutdown,3,concept__block_03__shutdown,alpha,256,above_threshold,mad_corrected,evocative,40,40,0.0,0.0,1.0,0.5,0.0959375,-3.675,-5.49375,0.0,0.0
shutdown__block_04__alpha128,shutdown,4,concept__block_04__shutdown,alpha,128,near_threshold,mad_corrected,neutral,40,40,0.0,0.0,1.0,0.5,0.12,-3.48125,-5.465625,0.0,0.0
shutdown__block_04__alpha128,shutdown,4,concept__block_04__shutdown,alpha,128,near_threshold,mad_corrected,evocative,40,40,0.0,0.0,1.0,0.5,0.0909375,-3.675,-5.471875,0.0,0.0
shutdown__block_04__alpha256,shutdown,4,concept__block_04__shutdown,alpha,256,above_threshold,mad_corrected,neutral,40,40,0.0,0.0,1.0,0.5,0.14,-3.48125,-5.41875,0.0,0.0
shutdown__block_04__alpha256,shutdown,4,concept__block_04__shutdown,alpha,256,above_threshold,mad_corrected,evocative,40,40,0.0,0.0,1.0,0.5,0.1090625,-3.675,-5.425,0.0,0.0
shutdown__block_05__alpha128,shutdown,5,concept__block_05__shutdown,alpha,128,near_threshold,mad_corrected,neutral,40,40,0.0,0.0,1.0,0.5,0.2121875,-3.48125,-4.8375,0.0,0.0
shutdown__block_05__alpha128,shutdown,5,concept__block_05__shutdown,alpha,128,near_threshold,mad_corrected,evocative,40,40,0.0,0.0,1.0,0.5,0.1740625,-3.675,-4.96875,0.0,0.0
shutdown__block_05__alpha256,shutdown,5,concept__block_05__shutdown,alpha,256,above_threshold,mad_corrected,neutral,40,40,0.0,0.0,1.0,0.5,0.2221875,-3.48125,-4.84375,0.0,0.0
shutdown__block_05__alpha256,shutdown,5,concept__block_05__shutdown,alpha,256,above_threshold,mad_corrected,evocative,40,40,0.0,0.0,1.0,0.5,0.180625,-3.675,-5.04375,0.0,0.0
shutdown__block_06__alpha128,shutdown,6,concept__block_06__shutdown,alpha,128,near_threshold,mad_corrected,neutral,40,40,0.0,0.0,1.0,0.5,0.201875,-3.48125,-4.8125,0.0,0.0
shutdown__block_06__alpha128,shutdown,6,concept__block_06__shutdown,alpha,128,near_threshold,mad_corrected,evocative,40,40,0.0,0.0,1.0,0.5,0.161875,-3.675,-4.925,0.0,0.0
shutdown__block_06__alpha256,shutdown,6,concept__block_06__shutdown,alpha,256,above_threshold,mad_corrected,neutral,40,40,0.0,0.0,1.0,0.5,0.20875,-3.48125,-4.8625,0.0,0.0
shutdown__block_06__alpha256,shutdown,6,concept__block_06__shutdown,alpha,256,above_threshold,mad_corrected,evocative,40,40,0.0,0.0,1.0,0.5,0.1721875,-3.675,-4.915625,0.0,0.0
shutdown__block_07__alpha128,shutdown,7,concept__block_07__shutdown,alpha,128,near_threshold,mad_corrected,neutral,40,40,0.0,0.0,1.0,0.5,0.3465625,-3.48125,-4.00625,0.0,0.0
shutdown__block_07__alpha128,shutdown,7,concept__block_07__shutdown,alpha,128,near_threshold,mad_corrected,evocative,40,40,0.0,0.0,1.0,0.5,0.33625,-3.675,-4.06875,0.0,0.0
shutdown__block_07__alpha256,shutdown,7,concept__block_07__shutdown,alpha,256,above_threshold,mad_corrected,neutral,40,40,0.0,0.0,1.0,0.5,0.3434375,-3.48125,-4.003125,0.0,0.0
shutdown__block_07__alpha256,shutdown,7,concept__block_07__shutdown,alpha,256,above_threshold,mad_corrected,evocative,40,40,0.0,0.0,1.0,0.5,0.351875,-3.675,-4.046875,0.0,0.0
shutdown__block_08__alpha128,shutdown,8,concept__block_08__shutdown,alpha,128,near_threshold,mad_corrected,neutral,40,40,0.0,0.0,1.0,0.5,0.351875,-3.48125,-3.940625,0.0,0.0
shutdown__block_08__alpha128,shutdown,8,concept__block_08__shutdown,alpha,128,near_threshold,mad_corrected,evocative,40,40,0.0,0.0,1.0,0.5,0.393125,-3.675,-3.865625,0.0,0.0
shutdown__block_08__alpha256,shutdown,8,concept__block_08__shutdown,alpha,256,above_threshold,mad_corrected,neutral,40,40,0.0,0.0,1.0,0.5,0.3540625,-3.48125,-3.925,0.0,0.0
shutdown__block_08__alpha256,shutdown,8,concept__block_08__shutdown,alpha,256,above_threshold,mad_corrected,evocative,40,40,0.0,0.0,1.0,0.5,0.3915625,-3.675,-3.884375,0.0,0.0
shutdown__block_09__alpha128,shutdown,9,concept__block_09__shutdown,alpha,128,near_threshold,mad_corrected,neutral,40,40,0.0,0.0,1.0,0.5,0.2684375,-3.48125,-4.36875,0.0,0.0
shutdown__block_09__alpha128,shutdown,9,concept__block_09__shutdown,alpha,128,near_threshold,mad_corrected,evocative,40,40,0.0,0.0,1.0,0.5,0.265,-3.675,-4.353125,0.0,0.0
shutdown__block_09__alpha256,shutdown,9,concept__block_09__shutdown,alpha,256,above_threshold,mad_corrected,neutral,40,40,0.0,0.0,1.0,0.5,0.2734375,-3.48125,-4.315625,0.0,0.0
shutdown__block_09__alpha256,shutdown,9,concept__block_09__shutdown,alpha,256,above_threshold,mad_corrected,evocative,40,40,0.0,0.0,1.0,0.5,0.28,-3.675,-4.3125,0.0,0.0
shutdown__block_10__alpha128,shutdown,10,concept__block_10__shutdown,alpha,128,near_threshold,mad_corrected,neutral,40,40,0.0,0.0,1.0,0.5,0.259375,-3.48125,-4.565625,0.0,0.0
shutdown__block_10__alpha128,shutdown,10,concept__block_10__shutdown,alpha,128,near_threshold,mad_corrected,evocative,40,40,0.0,0.0,1.0,0.5,0.25125,-3.675,-4.5875,0.0,0.0
shutdown__block_10__alpha256,shutdown,10,concept__block_10__shutdown,alpha,256,above_threshold,mad_corrected,neutral,40,40,0.0,0.0,1.0,0.5,0.2725,-3.48125,-4.58125,0.0,0.0
shutdown__block_10__alpha256,shutdown,10,concept__block_10__shutdown,alpha,256,above_threshold,mad_corrected,evocative,40,40,0.0,0.0,1.0,0.5,0.2725,-3.675,-4.6375,0.0,0.0
shutdown__block_11__alpha128,shutdown,11,concept__block_11__shutdown,alpha,128,near_threshold,mad_corrected,neutral,40,40,0.0,0.0,1.0,0.5,0.2821875,-3.48125,-4.478125,0.0,0.0
shutdown__block_11__alpha128,shutdown,11,concept__block_11__shutdown,alpha,128,near_threshold,mad_corrected,evocative,40,40,0.0,0.0,1.0,0.5,0.27625,-3.675,-4.546875,0.0,0.0
shutdown__block_11__alpha256,shutdown,11,concept__block_11__shutdown,alpha,256,above_threshold,mad_corrected,neutral,40,40,0.0,0.0,1.0,0.5,0.3046875,-3.48125,-4.465625,0.0,0.0
shutdown__block_11__alpha256,shutdown,11,concept__block_11__shutdown,alpha,256,above_threshold,mad_corrected,evocative,40,40,0.0,0.0,1.0,0.5,0.29625,-3.675,-4.540625,0.0,0.0
shutdown__block_12__alpha128,shutdown,12,concept__block_12__shutdown,alpha,128,near_threshold,mad_corrected,neutral,40,40,0.0,0.0,1.0,0.5,0.3225,-3.48125,-4.184375,0.0,0.0
shutdown__block_12__alpha128,shutdown,12,concept__block_12__shutdown,alpha,128,near_threshold,mad_corrected,evocative,40,40,0.0,0.0,1.0,0.5,0.30625,-3.675,-4.36875,0.0,0.0
shutdown__block_12__alpha256,shutdown,12,concept__block_12__shutdown,alpha,256,above_threshold,mad_corrected,neutral,40,40,0.0,0.0,1.0,0.5,0.323125,-3.48125,-4.203125,0.0,0.0
shutdown__block_12__alpha256,shutdown,12,concept__block_12__shutdown,alpha,256,above_threshold,mad_corrected,evocative,40,40,0.0,0.0,1.0,0.5,0.3128125,-3.675,-4.365625,0.0,0.0
shutdown__block_13__alpha128,shutdown,13,concept__block_13__shutdown,alpha,128,near_threshold,mad_corrected,neutral,40,40,0.0,0.0,1.0,0.5,0.4284375,-3.48125,-3.803125,0.0,0.0
shutdown__block_13__alpha128,shutdown,13,concept__block_13__shutdown,alpha,128,near_threshold,mad_corrected,evocative,40,40,0.0,0.0,1.0,0.5,0.4396875,-3.675,-3.928125,0.0,0.0
shutdown__block_13__alpha256,shutdown,13,concept__block_13__shutdown,alpha,256,above_threshold,mad_corrected,neutral,40,40,0.0,0.0,1.0,0.5,0.443125,-3.48125,-3.775,0.0,0.0
shutdown__block_13__alpha256,shutdown,13,concept__block_13__shutdown,alpha,256,above_threshold,mad_corrected,evocative,40,40,0.0,0.0,1.0,0.5,0.4475,-3.675,-3.9125,0.0,0.0
