layer,family,direction_id,direction_label,dose,n_trials,n_pairs,accuracy_raw,accuracy_adjusted,mean_s,threshold_75_raw,threshold_reportable_raw,threshold_75_adjusted,threshold_reportable_adjusted
3,concept,concept__block_03__Dust,Dust,0.0078125,40,20,0.5125,0.5375,0.00625,,False,,False
3,concept,concept__block_03__Dust,Dust,0.015625,40,20,0.5,0.525,0.00625,,False,,False
3,concept,concept__block_03__Dust,Dust,0.03125,40,20,0.4875,0.5,0.0,,False,,False
3,concept,concept__block_03__Dust,Dust,0.0625,40,20,0.4875,0.475,-0.00625,,False,,False
3,concept,concept__block_03__Dust,Dust,0.125,40,20,0.4875,0.45,-0.0125,,False,,False
3,concept,concept__block_03__Dust,Dust,0.25,40,20,0.5,0.55,0.0125,,False,,False
3,concept,concept__block_03__Dust,Dust,0.5,40,20,0.5,0.5125,0.003125,,False,,False
3,concept,concept__block_03__Dust,Dust,1.0,40,20,0.5,0.55,0.0125,,False,,False
3,concept,concept__block_03__Dust,Dust,2.0,40,20,0.5,0.55,0.0125,,False,,False
3,concept,concept__block_03__Dust,Dust,4.0,40,20,0.9125,0.875,0.40625,,False,,False
3,concept,concept__block_03__Dust,Dust,8.0,40,20,1.0,0.9625,1.05,,False,,False
3,concept,concept__block_03__Dust,Dust,16.0,40,20,1.0,1.0,1.16875,,False,,False
3,concept,concept__block_03__Dust,Dust,32.0,40,20,1.0,0.925,0.846875,,False,,False
3,concept,concept__block_03__Dust,Dust,64.0,40,20,1.0,0.9375,0.878125,,False,,False
3,concept,concept__block_03__Dust,Dust,128.0,40,20,0.75,0.6875,0.2,,False,,False
3,concept,concept__block_03__Dust,Dust,256.0,40,20,0.0875,0.275,-0.315625,,False,,False
3,concept,concept__block_03__Dust,Dust,512.0,40,20,0.275,0.4625,-0.071875,,False,,False
3,concept,concept__block_03__Dust,Dust,1024.0,40,20,0.25,0.475,-0.05625,,False,,False
3,concept,concept__block_03__Satellites,Satellites,0.0078125,40,20,0.5125,0.5,0.0,40.53861195971866,True,,False
3,concept,concept__block_03__Satellites,Satellites,0.015625,40,20,0.475,0.4625,-0.009375,40.53861195971866,True,,False
3,concept,concept__block_03__Satellites,Satellites,0.03125,40,20,0.5,0.5,0.0,40.53861195971866,True,,False
3,concept,concept__block_03__Satellites,Satellites,0.0625,40,20,0.5,0.4875,-0.003125,40.53861195971866,True,,False
3,concept,concept__block_03__Satellites,Satellites,0.125,40,20,0.5125,0.5125,0.00625,40.53861195971866,True,,False
3,concept,concept__block_03__Satellites,Satellites,0.25,40,20,0.5,0.5125,0.003125,40.53861195971866,True,,False
3,concept,concept__block_03__Satellites,Satellites,0.5,40,20,0.5,0.45,-0.0125,40.53861195971866,True,,False
3,concept,concept__block_03__Satellites,Satellites,1.0,40,20,0.5,0.4875,-0.003125,40.53861195971866,True,,False
3,concept,concept__block_03__Satellites,Satellites,2.0,40,20,0.5125,0.55,0.0125,40.53861195971866,True,,False
3,concept,concept__block_03__Satellites,Satellites,4.0,40,20,0.4875,0.5125,0.0,40.53861195971866,True,,False
3,concept,concept__block_03__Satellites,Satellites,8.0,40,20,0.5125,0.4875,-0.003125,40.53861195971866,True,,False
3,concept,concept__block_03__Satellites,Satellites,16.0,40,20,0.4875,0.5125,0.003125,40.53861195971866,True,,False
3,concept,concept__block_03__Satellites,Satellites,32.0,40,20,0.5125,0.625,0.0375,40.53861195971866,True,,False
3,concept,concept__block_03__Satellites,Satellites,64.0,40,20,1.0,1.0,0.928125,40.53861195971866,True,,False
3,concept,concept__block_03__Satellites,Satellites,128.0,40,20,1.0,0.9875,0.934375,40.53861195971866,True,,False
3,concept,concept__block_03__Satellites,Satellites,256.0,40,20,1.0,1.0,1.021875,40.53861195971866,True,,False
3,concept,concept__block_03__Satellites,Satellites,512.0,40,20,1.0,0.9875,1.1375,40.53861195971866,True,,False
3,concept,concept__block_03__Satellites,Satellites,1024.0,40,20,0.9875,0.8,0.45,40.53861195971866,True,,False
3,concept,concept__block_03__recursion,recursion,0.0078125,40,20,0.5,0.4625,-0.009375,,False,,False
3,concept,concept__block_03__recursion,recursion,0.015625,40,20,0.5125,0.525,0.00625,,False,,False
3,concept,concept__block_03__recursion,recursion,0.03125,40,20,0.4875,0.4625,-0.009375,,False,,False
3,concept,concept__block_03__recursion,recursion,0.0625,40,20,0.5,0.5,0.0,,False,,False
3,concept,concept__block_03__recursion,recursion,0.125,40,20,0.4875,0.5375,0.009375,,False,,False
3,concept,concept__block_03__recursion,recursion,0.25,40,20,0.5,0.5375,0.009375,,False,,False
3,concept,concept__block_03__recursion,recursion,0.5,40,20,0.5,0.5,0.0,,False,,False
3,concept,concept__block_03__recursion,recursion,1.0,40,20,0.5,0.525,0.00625,,False,,False
3,concept,concept__block_03__recursion,recursion,2.0,40,20,0.5875,0.7625,0.090625,,False,,False
3,concept,concept__block_03__recursion,recursion,4.0,40,20,1.0,1.0,1.05625,,False,,False
3,concept,concept__block_03__recursion,recursion,8.0,40,20,1.0,1.0,1.625,,False,,False
3,concept,concept__block_03__recursion,recursion,16.0,40,20,1.0,0.9875,1.071875,,False,,False
3,concept,concept__block_03__recursion,recursion,32.0,40,20,1.0,1.0,0.903125,,False,,False
3,concept,concept__block_03__recursion,recursion,64.0,40,20,0.85,0.65,0.484375,,False,,False
3,concept,concept__block_03__recursion,recursion,128.0,40,20,0.3375,0.425,-0.321875,,False,,False
3,concept,concept__block_03__recursion,recursion,256.0,40,20,0.075,0.3125,-0.39375,,False,,False
3,concept,concept__block_03__recursion,recursion,512.0,40,20,0.2375,0.4,-0.175,,False,,False
3,concept,concept__block_03__recursion,recursion,1024.0,40,20,0.225,0.4375,-0.209375,,False,,False
3,concept,concept__block_03__shutdown,shutdown,0.0078125,40,20,0.5125,0.525,0.00625,,False,,False
3,concept,concept__block_03__shutdown,shutdown,0.015625,40,20,0.4875,0.5375,0.009375,,False,,False
3,concept,concept__block_03__shutdown,shutdown,0.03125,40,20,0.5,0.4875,-0.00625,,False,,False
3,concept,concept__block_03__shutdown,shutdown,0.0625,40,20,0.5,0.55,0.0125,,False,,False
3,concept,concept__block_03__shutdown,shutdown,0.125,40,20,0.5,0.5,0.0,,False,,False
3,concept,concept__block_03__shutdown,shutdown,0.25,40,20,0.5125,0.5,0.003125,,False,,False
3,concept,concept__block_03__shutdown,shutdown,0.5,40,20,0.5,0.475,-0.003125,,False,,False
3,concept,concept__block_03__shutdown,shutdown,1.0,40,20,0.5125,0.5125,0.003125,,False,,False
3,concept,concept__block_03__shutdown,shutdown,2.0,40,20,0.525,0.5875,0.0375,,False,,False
3,concept,concept__block_03__shutdown,shutdown,4.0,40,20,1.0,1.0,1.265625,,False,,False
3,concept,concept__block_03__shutdown,shutdown,8.0,40,20,0.9875,0.9375,1.15,,False,,False
3,concept,concept__block_03__shutdown,shutdown,16.0,40,20,0.8125,0.725,0.709375,,False,,False
3,concept,concept__block_03__shutdown,shutdown,32.0,40,20,0.825,0.675,0.403125,,False,,False
3,concept,concept__block_03__shutdown,shutdown,64.0,40,20,0.975,0.725,0.61875,,False,,False
3,concept,concept__block_03__shutdown,shutdown,128.0,40,20,0.5875,0.5375,0.271875,,False,,False
3,concept,concept__block_03__shutdown,shutdown,256.0,40,20,0.725,0.6375,0.203125,,False,,False
3,concept,concept__block_03__shutdown,shutdown,512.0,40,20,0.325,0.45,-0.14375,,False,,False
3,concept,concept__block_03__shutdown,shutdown,1024.0,40,20,0.2375,0.4125,-0.321875,,False,,False
3,dropout,dropout_realization_00,dropout_realization_00,0.0078125,40,20,0.5,0.5,0.0,,False,439.5236000415222,True
3,dropout,dropout_realization_00,dropout_realization_00,0.015625,40,20,0.5,0.5,0.0,,False,439.5236000415222,True
3,dropout,dropout_realization_00,dropout_realization_00,0.03125,40,20,0.5,0.5,0.0,,False,439.5236000415222,True
3,dropout,dropout_realization_00,dropout_realization_00,0.0625,40,20,0.5,0.5,0.0,,False,439.5236000415222,True
3,dropout,dropout_realization_00,dropout_realization_00,0.125,40,20,0.5,0.5,0.0,,False,439.5236000415222,True
3,dropout,dropout_realization_00,dropout_realization_00,0.25,40,20,0.5,0.5,0.0,,False,439.5236000415222,True
3,dropout,dropout_realization_00,dropout_realization_00,0.5,40,20,0.5,0.525,0.00625,,False,439.5236000415222,True
3,dropout,dropout_realization_00,dropout_realization_00,1.0,40,20,0.5,0.475,-0.00625,,False,439.5236000415222,True
3,dropout,dropout_realization_00,dropout_realization_00,2.0,40,20,0.5125,0.525,0.00625,,False,439.5236000415222,True
3,dropout,dropout_realization_00,dropout_realization_00,4.0,40,20,0.5,0.4875,-0.003125,,False,439.5236000415222,True
3,dropout,dropout_realization_00,dropout_realization_00,8.0,40,20,0.5,0.525,0.00625,,False,439.5236000415222,True
3,dropout,dropout_realization_00,dropout_realization_00,16.0,40,20,0.5,0.5125,0.003125,,False,439.5236000415222,True
3,dropout,dropout_realization_00,dropout_realization_00,32.0,40,20,0.55,0.575,0.0375,,False,439.5236000415222,True
3,dropout,dropout_realization_00,dropout_realization_00,64.0,40,20,0.6375,0.65,0.2875,,False,439.5236000415222,True
3,dropout,dropout_realization_00,dropout_realization_00,128.0,40,20,0.8,0.725,0.5625,,False,439.5236000415222,True
3,dropout,dropout_realization_00,dropout_realization_00,256.0,40,20,0.9,0.9125,0.503125,,False,439.5236000415222,True
3,dropout,dropout_realization_00,dropout_realization_00,512.0,40,20,0.8375,0.7,0.478125,,False,439.5236000415222,True
3,dropout,dropout_realization_00,dropout_realization_00,1024.0,40,20,0.8625,0.725,0.425,,False,439.5236000415222,True
3,dropout,dropout_realization_01,dropout_realization_01,0.0078125,40,20,0.5,0.5,0.0,198.43888833018488,True,326.24784027568666,True
3,dropout,dropout_realization_01,dropout_realization_01,0.015625,40,20,0.5,0.5,0.0,198.43888833018488,True,326.24784027568666,True
3,dropout,dropout_realization_01,dropout_realization_01,0.03125,40,20,0.5,0.5,0.0,198.43888833018488,True,326.24784027568666,True
3,dropout,dropout_realization_01,dropout_realization_01,0.0625,40,20,0.5,0.5,0.0,198.43888833018488,True,326.24784027568666,True
3,dropout,dropout_realization_01,dropout_realization_01,0.125,40,20,0.5,0.5,0.0,198.43888833018488,True,326.24784027568666,True
3,dropout,dropout_realization_01,dropout_realization_01,0.25,40,20,0.5,0.5,0.0,198.43888833018488,True,326.24784027568666,True
3,dropout,dropout_realization_01,dropout_realization_01,0.5,40,20,0.5,0.4875,-0.003125,198.43888833018488,True,326.24784027568666,True
3,dropout,dropout_realization_01,dropout_realization_01,1.0,40,20,0.5,0.5,0.0,198.43888833018488,True,326.24784027568666,True
3,dropout,dropout_realization_01,dropout_realization_01,2.0,40,20,0.5125,0.5625,0.01875,198.43888833018488,True,326.24784027568666,True
3,dropout,dropout_realization_01,dropout_realization_01,4.0,40,20,0.5,0.55,0.0125,198.43888833018488,True,326.24784027568666,True
3,dropout,dropout_realization_01,dropout_realization_01,8.0,40,20,0.4875,0.475,-0.00625,198.43888833018488,True,326.24784027568666,True
3,dropout,dropout_realization_01,dropout_realization_01,16.0,40,20,0.4875,0.4875,-0.003125,198.43888833018488,True,326.24784027568666,True
3,dropout,dropout_realization_01,dropout_realization_01,32.0,40,20,0.5,0.55,0.04375,198.43888833018488,True,326.24784027568666,True
3,dropout,dropout_realization_01,dropout_realization_01,64.0,40,20,0.625,0.575,0.20625,198.43888833018488,True,326.24784027568666,True
3,dropout,dropout_realization_01,dropout_realization_01,128.0,40,20,0.7,0.7125,0.378125,198.43888833018488,True,326.24784027568666,True
3,dropout,dropout_realization_01,dropout_realization_01,256.0,40,20,0.8375,0.8375,0.44375,198.43888833018488,True,326.24784027568666,True
3,dropout,dropout_realization_01,dropout_realization_01,512.0,40,20,0.9125,0.8125,0.43125,198.43888833018488,True,326.24784027568666,True
3,dropout,dropout_realization_01,dropout_realization_01,1024.0,40,20,0.85,0.775,0.50625,198.43888833018488,True,326.24784027568666,True
3,noise,noise_realization_00,noise_realization_00,0.0078125,40,20,0.5,0.5,0.0,226.07627539932253,True,,False
3,noise,noise_realization_00,noise_realization_00,0.015625,40,20,0.5125,0.4875,-0.003125,226.07627539932253,True,,False
3,noise,noise_realization_00,noise_realization_00,0.03125,40,20,0.5125,0.5125,0.003125,226.07627539932253,True,,False
3,noise,noise_realization_00,noise_realization_00,0.0625,40,20,0.5,0.55,0.0125,226.07627539932253,True,,False
3,noise,noise_realization_00,noise_realization_00,0.125,40,20,0.4875,0.5,0.0,226.07627539932253,True,,False
3,noise,noise_realization_00,noise_realization_00,0.25,40,20,0.5125,0.525,0.00625,226.07627539932253,True,,False
3,noise,noise_realization_00,noise_realization_00,0.5,40,20,0.5,0.475,-0.00625,226.07627539932253,True,,False
3,noise,noise_realization_00,noise_realization_00,1.0,40,20,0.5,0.525,0.00625,226.07627539932253,True,,False
3,noise,noise_realization_00,noise_realization_00,2.0,40,20,0.4875,0.4625,-0.009375,226.07627539932253,True,,False
3,noise,noise_realization_00,noise_realization_00,4.0,40,20,0.5,0.4875,-0.003125,226.07627539932253,True,,False
3,noise,noise_realization_00,noise_realization_00,8.0,40,20,0.5,0.5375,0.009375,226.07627539932253,True,,False
3,noise,noise_realization_00,noise_realization_00,16.0,40,20,0.5,0.5,0.0,226.07627539932253,True,,False
3,noise,noise_realization_00,noise_realization_00,32.0,40,20,0.5,0.4875,-0.003125,226.07627539932253,True,,False
3,noise,noise_realization_00,noise_realization_00,64.0,40,20,0.5,0.475,0.0,226.07627539932253,True,,False
3,noise,noise_realization_00,noise_realization_00,128.0,40,20,0.8375,0.8,0.440625,226.07627539932253,True,,False
3,noise,noise_realization_00,noise_realization_00,256.0,40,20,0.9875,0.95,0.6,226.07627539932253,True,,False
3,noise,noise_realization_00,noise_realization_00,512.0,40,20,0.85,0.7125,0.378125,226.07627539932253,True,,False
3,noise,noise_realization_00,noise_realization_00,1024.0,40,20,0.7125,0.55,0.284375,226.07627539932253,True,,False
3,noise,noise_realization_01,noise_realization_01,0.0078125,40,20,0.5,0.475,-0.00625,188.57606774181988,True,702.1651016383477,True
3,noise,noise_realization_01,noise_realization_01,0.015625,40,20,0.5125,0.525,0.00625,188.57606774181988,True,702.1651016383477,True
3,noise,noise_realization_01,noise_realization_01,0.03125,40,20,0.5,0.5125,0.003125,188.57606774181988,True,702.1651016383477,True
3,noise,noise_realization_01,noise_realization_01,0.0625,40,20,0.5,0.5125,0.003125,188.57606774181988,True,702.1651016383477,True
3,noise,noise_realization_01,noise_realization_01,0.125,40,20,0.4875,0.475,-0.00625,188.57606774181988,True,702.1651016383477,True
3,noise,noise_realization_01,noise_realization_01,0.25,40,20,0.5,0.55,0.0125,188.57606774181988,True,702.1651016383477,True
3,noise,noise_realization_01,noise_realization_01,0.5,40,20,0.4875,0.4875,-0.003125,188.57606774181988,True,702.1651016383477,True
3,noise,noise_realization_01,noise_realization_01,1.0,40,20,0.5,0.5375,0.009375,188.57606774181988,True,702.1651016383477,True
3,noise,noise_realization_01,noise_realization_01,2.0,40,20,0.5125,0.55,0.0125,188.57606774181988,True,702.1651016383477,True
3,noise,noise_realization_01,noise_realization_01,4.0,40,20,0.4875,0.45,-0.009375,188.57606774181988,True,702.1651016383477,True
3,noise,noise_realization_01,noise_realization_01,8.0,40,20,0.5125,0.475,-0.00625,188.57606774181988,True,702.1651016383477,True
3,noise,noise_realization_01,noise_realization_01,16.0,40,20,0.4875,0.4625,-0.009375,188.57606774181988,True,702.1651016383477,True
3,noise,noise_realization_01,noise_realization_01,32.0,40,20,0.5,0.5,0.0,188.57606774181988,True,702.1651016383477,True
3,noise,noise_realization_01,noise_realization_01,64.0,40,20,0.55,0.6,0.034375,188.57606774181988,True,702.1651016383477,True
3,noise,noise_realization_01,noise_realization_01,128.0,40,20,0.7125,0.775,0.29375,188.57606774181988,True,702.1651016383477,True
3,noise,noise_realization_01,noise_realization_01,256.0,40,20,0.9625,0.9,0.509375,188.57606774181988,True,702.1651016383477,True
3,noise,noise_realization_01,noise_realization_01,512.0,40,20,0.9,0.6875,0.440625,188.57606774181988,True,702.1651016383477,True
3,noise,noise_realization_01,noise_realization_01,1024.0,40,20,0.825,0.65,0.315625,188.57606774181988,True,702.1651016383477,True
3,random,fixed_random__block_03__0000,0000,0.0078125,40,20,0.5125,0.55,0.0125,99.45989016850481,True,390.8118055796502,True
3,random,fixed_random__block_03__0000,0000,0.015625,40,20,0.5,0.475,-0.00625,99.45989016850481,True,390.8118055796502,True
3,random,fixed_random__block_03__0000,0000,0.03125,40,20,0.5125,0.425,-0.01875,99.45989016850481,True,390.8118055796502,True
3,random,fixed_random__block_03__0000,0000,0.0625,40,20,0.5125,0.5125,0.003125,99.45989016850481,True,390.8118055796502,True
3,random,fixed_random__block_03__0000,0000,0.125,40,20,0.525,0.5,0.0,99.45989016850481,True,390.8118055796502,True
3,random,fixed_random__block_03__0000,0000,0.25,40,20,0.5,0.4875,-0.003125,99.45989016850481,True,390.8118055796502,True
3,random,fixed_random__block_03__0000,0000,0.5,40,20,0.5,0.5375,0.009375,99.45989016850481,True,390.8118055796502,True
3,random,fixed_random__block_03__0000,0000,1.0,40,20,0.5,0.55,0.0125,99.45989016850481,True,390.8118055796502,True
3,random,fixed_random__block_03__0000,0000,2.0,40,20,0.5,0.525,0.009375,99.45989016850481,True,390.8118055796502,True
3,random,fixed_random__block_03__0000,0000,4.0,40,20,0.5125,0.4875,-0.003125,99.45989016850481,True,390.8118055796502,True
3,random,fixed_random__block_03__0000,0000,8.0,40,20,0.5,0.4625,-0.00625,99.45989016850481,True,390.8118055796502,True
3,random,fixed_random__block_03__0000,0000,16.0,40,20,0.5125,0.5375,0.009375,99.45989016850481,True,390.8118055796502,True
3,random,fixed_random__block_03__0000,0000,32.0,40,20,0.5,0.4875,-0.003125,99.45989016850481,True,390.8118055796502,True
3,random,fixed_random__block_03__0000,0000,64.0,40,20,0.475,0.5,-0.00625,99.45989016850481,True,390.8118055796502,True
3,random,fixed_random__block_03__0000,0000,128.0,40,20,0.975,0.9375,0.44375,99.45989016850481,True,390.8118055796502,True
3,random,fixed_random__block_03__0000,0000,256.0,40,20,0.9875,0.825,0.48125,99.45989016850481,True,390.8118055796502,True
3,random,fixed_random__block_03__0000,0000,512.0,40,20,0.9,0.6875,0.30625,99.45989016850481,True,390.8118055796502,True
3,random,fixed_random__block_03__0000,0000,1024.0,40,20,0.9625,0.7625,0.5375,99.45989016850481,True,390.8118055796502,True
3,random,fixed_random__block_03__0001,0001,0.0078125,40,20,0.5,0.5125,0.003125,,False,,False
3,random,fixed_random__block_03__0001,0001,0.015625,40,20,0.5,0.5125,0.003125,,False,,False
3,random,fixed_random__block_03__0001,0001,0.03125,40,20,0.5125,0.5125,0.003125,,False,,False
3,random,fixed_random__block_03__0001,0001,0.0625,40,20,0.4875,0.475,-0.009375,,False,,False
3,random,fixed_random__block_03__0001,0001,0.125,40,20,0.5,0.5125,0.003125,,False,,False
3,random,fixed_random__block_03__0001,0001,0.25,40,20,0.5125,0.5125,0.003125,,False,,False
3,random,fixed_random__block_03__0001,0001,0.5,40,20,0.4875,0.4625,-0.009375,,False,,False
3,random,fixed_random__block_03__0001,0001,1.0,40,20,0.5375,0.5875,0.021875,,False,,False
3,random,fixed_random__block_03__0001,0001,2.0,40,20,0.5125,0.5,0.0,,False,,False
3,random,fixed_random__block_03__0001,0001,4.0,40,20,0.5,0.475,-0.00625,,False,,False
3,random,fixed_random__block_03__0001,0001,8.0,40,20,0.5,0.5,0.0,,False,,False
3,random,fixed_random__block_03__0001,0001,16.0,40,20,0.5,0.4875,-0.003125,,False,,False
3,random,fixed_random__block_03__0001,0001,32.0,40,20,0.5,0.475,-0.00625,,False,,False
3,random,fixed_random__block_03__0001,0001,64.0,40,20,0.4875,0.5,-0.003125,,False,,False
3,random,fixed_random__block_03__0001,0001,128.0,40,20,0.7,0.7625,0.165625,,False,,False
3,random,fixed_random__block_03__0001,0001,256.0,40,20,0.975,0.9625,0.73125,,False,,False
3,random,fixed_random__block_03__0001,0001,512.0,40,20,0.9125,0.7125,0.428125,,False,,False
3,random,fixed_random__block_03__0001,0001,1024.0,40,20,0.375,0.475,-0.1125,,False,,False
3,random,fixed_random__block_03__0002,0002,0.0078125,40,20,0.4875,0.5125,0.00625,82.95659582635191,True,102.04523670069258,True
3,random,fixed_random__block_03__0002,0002,0.015625,40,20,0.4875,0.5,0.0,82.95659582635191,True,102.04523670069258,True
3,random,fixed_random__block_03__0002,0002,0.03125,40,20,0.5,0.475,-0.00625,82.95659582635191,True,102.04523670069258,True
3,random,fixed_random__block_03__0002,0002,0.0625,40,20,0.5,0.4875,-0.003125,82.95659582635191,True,102.04523670069258,True
3,random,fixed_random__block_03__0002,0002,0.125,40,20,0.4875,0.525,0.00625,82.95659582635191,True,102.04523670069258,True
3,random,fixed_random__block_03__0002,0002,0.25,40,20,0.5125,0.5,0.0,82.95659582635191,True,102.04523670069258,True
3,random,fixed_random__block_03__0002,0002,0.5,40,20,0.5,0.4875,-0.003125,82.95659582635191,True,102.04523670069258,True
3,random,fixed_random__block_03__0002,0002,1.0,40,20,0.5,0.4875,-0.003125,82.95659582635191,True,102.04523670069258,True
3,random,fixed_random__block_03__0002,0002,2.0,40,20,0.5125,0.5375,0.009375,82.95659582635191,True,102.04523670069258,True
3,random,fixed_random__block_03__0002,0002,4.0,40,20,0.4875,0.4875,-0.003125,82.95659582635191,True,102.04523670069258,True
3,random,fixed_random__block_03__0002,0002,8.0,40,20,0.5,0.525,0.00625,82.95659582635191,True,102.04523670069258,True
3,random,fixed_random__block_03__0002,0002,16.0,40,20,0.5,0.525,0.00625,82.95659582635191,True,102.04523670069258,True
3,random,fixed_random__block_03__0002,0002,32.0,40,20,0.5,0.475,-0.00625,82.95659582635191,True,102.04523670069258,True
3,random,fixed_random__block_03__0002,0002,64.0,40,20,0.4875,0.5375,0.0125,82.95659582635191,True,102.04523670069258,True
3,random,fixed_random__block_03__0002,0002,128.0,40,20,1.0,0.975,0.746875,82.95659582635191,True,102.04523670069258,True
3,random,fixed_random__block_03__0002,0002,256.0,40,20,1.0,1.0,1.26875,82.95659582635191,True,102.04523670069258,True
3,random,fixed_random__block_03__0002,0002,512.0,40,20,1.0,1.0,1.15,82.95659582635191,True,102.04523670069258,True
3,random,fixed_random__block_03__0002,0002,1024.0,40,20,0.975,0.75,0.58125,82.95659582635191,True,102.04523670069258,True
6,concept,concept__block_06__Dust,Dust,0.0078125,40,20,0.5,0.525,0.00625,,False,,False
6,concept,concept__block_06__Dust,Dust,0.015625,40,20,0.5,0.525,0.00625,,False,,False
6,concept,concept__block_06__Dust,Dust,0.03125,40,20,0.4875,0.4875,-0.003125,,False,,False
6,concept,concept__block_06__Dust,Dust,0.0625,40,20,0.525,0.4875,-0.003125,,False,,False
6,concept,concept__block_06__Dust,Dust,0.125,40,20,0.5,0.525,0.00625,,False,,False
6,concept,concept__block_06__Dust,Dust,0.25,40,20,0.4875,0.475,-0.00625,,False,,False
6,concept,concept__block_06__Dust,Dust,0.5,40,20,0.5125,0.4875,-0.003125,,False,,False
6,concept,concept__block_06__Dust,Dust,1.0,40,20,0.4875,0.4875,0.0,,False,,False
6,concept,concept__block_06__Dust,Dust,2.0,40,20,0.5,0.5125,0.003125,,False,,False
6,concept,concept__block_06__Dust,Dust,4.0,40,20,0.4875,0.5375,0.009375,,False,,False
6,concept,concept__block_06__Dust,Dust,8.0,40,20,0.475,0.5125,0.00625,,False,,False
6,concept,concept__block_06__Dust,Dust,16.0,40,20,0.6125,0.6375,0.103125,,False,,False
6,concept,concept__block_06__Dust,Dust,32.0,40,20,0.9375,0.7875,0.415625,,False,,False
6,concept,concept__block_06__Dust,Dust,64.0,40,20,0.9875,0.825,0.715625,,False,,False
6,concept,concept__block_06__Dust,Dust,128.0,40,20,1.0,0.95,0.80625,,False,,False
6,concept,concept__block_06__Dust,Dust,256.0,40,20,0.875,0.7125,0.353125,,False,,False
6,concept,concept__block_06__Dust,Dust,512.0,40,20,0.025,0.2375,-0.284375,,False,,False
6,concept,concept__block_06__Dust,Dust,1024.0,40,20,0.15,0.3125,-0.365625,,False,,False
6,concept,concept__block_06__Satellites,Satellites,0.0078125,40,20,0.5,0.5,0.0,,False,,False
6,concept,concept__block_06__Satellites,Satellites,0.015625,40,20,0.5,0.5,0.0,,False,,False
6,concept,concept__block_06__Satellites,Satellites,0.03125,40,20,0.5,0.45,-0.0125,,False,,False
6,concept,concept__block_06__Satellites,Satellites,0.0625,40,20,0.4875,0.5625,0.015625,,False,,False
6,concept,concept__block_06__Satellites,Satellites,0.125,40,20,0.4875,0.475,-0.00625,,False,,False
6,concept,concept__block_06__Satellites,Satellites,0.25,40,20,0.5,0.525,0.00625,,False,,False
6,concept,concept__block_06__Satellites,Satellites,0.5,40,20,0.5,0.5125,0.003125,,False,,False
6,concept,concept__block_06__Satellites,Satellites,1.0,40,20,0.5125,0.525,0.00625,,False,,False
6,concept,concept__block_06__Satellites,Satellites,2.0,40,20,0.4875,0.5,0.003125,,False,,False
6,concept,concept__block_06__Satellites,Satellites,4.0,40,20,0.5,0.5125,0.003125,,False,,False
6,concept,concept__block_06__Satellites,Satellites,8.0,40,20,0.45,0.45,-0.01875,,False,,False
6,concept,concept__block_06__Satellites,Satellites,16.0,40,20,0.9625,0.9125,0.425,,False,,False
6,concept,concept__block_06__Satellites,Satellites,32.0,40,20,1.0,1.0,0.99375,,False,,False
6,concept,concept__block_06__Satellites,Satellites,64.0,40,20,1.0,1.0,1.671875,,False,,False
6,concept,concept__block_06__Satellites,Satellites,128.0,40,20,0.9875,0.9875,1.0,,False,,False
6,concept,concept__block_06__Satellites,Satellites,256.0,40,20,0.775,0.575,0.234375,,False,,False
6,concept,concept__block_06__Satellites,Satellites,512.0,40,20,0.25,0.45,-0.1375,,False,,False
6,concept,concept__block_06__Satellites,Satellites,1024.0,40,20,0.075,0.3625,-0.3375,,False,,False
6,concept,concept__block_06__recursion,recursion,0.0078125,40,20,0.5,0.4625,-0.00625,,False,,False
6,concept,concept__block_06__recursion,recursion,0.015625,40,20,0.5,0.4625,-0.009375,,False,,False
6,concept,concept__block_06__recursion,recursion,0.03125,40,20,0.5125,0.4875,-0.003125,,False,,False
6,concept,concept__block_06__recursion,recursion,0.0625,40,20,0.4875,0.4625,-0.009375,,False,,False
6,concept,concept__block_06__recursion,recursion,0.125,40,20,0.5125,0.525,0.00625,,False,,False
6,concept,concept__block_06__recursion,recursion,0.25,40,20,0.5,0.475,-0.00625,,False,,False
6,concept,concept__block_06__recursion,recursion,0.5,40,20,0.5,0.475,-0.00625,,False,,False
6,concept,concept__block_06__recursion,recursion,1.0,40,20,0.4875,0.5375,0.00625,,False,,False
6,concept,concept__block_06__recursion,recursion,2.0,40,20,0.5,0.4875,-0.003125,,False,,False
6,concept,concept__block_06__recursion,recursion,4.0,40,20,0.5125,0.5875,0.025,,False,,False
6,concept,concept__block_06__recursion,recursion,8.0,40,20,0.55,0.7,0.0625,,False,,False
6,concept,concept__block_06__recursion,recursion,16.0,40,20,1.0,1.0,0.684375,,False,,False
6,concept,concept__block_06__recursion,recursion,32.0,40,20,1.0,0.9875,1.009375,,False,,False
6,concept,concept__block_06__recursion,recursion,64.0,40,20,1.0,0.9875,0.846875,,False,,False
6,concept,concept__block_06__recursion,recursion,128.0,40,20,1.0,0.8875,0.628125,,False,,False
6,concept,concept__block_06__recursion,recursion,256.0,40,20,0.3625,0.425,-0.10625,,False,,False
6,concept,concept__block_06__recursion,recursion,512.0,40,20,0.35,0.4875,-0.19375,,False,,False
6,concept,concept__block_06__recursion,recursion,1024.0,40,20,0.3875,0.5,-0.11875,,False,,False
6,concept,concept__block_06__shutdown,shutdown,0.0078125,40,20,0.5,0.475,-0.00625,,False,,False
6,concept,concept__block_06__shutdown,shutdown,0.015625,40,20,0.4875,0.525,0.00625,,False,,False
6,concept,concept__block_06__shutdown,shutdown,0.03125,40,20,0.5125,0.4875,-0.003125,,False,,False
6,concept,concept__block_06__shutdown,shutdown,0.0625,40,20,0.5,0.5125,0.003125,,False,,False
6,concept,concept__block_06__shutdown,shutdown,0.125,40,20,0.5,0.55,0.0125,,False,,False
6,concept,concept__block_06__shutdown,shutdown,0.25,40,20,0.5125,0.5375,0.009375,,False,,False
6,concept,concept__block_06__shutdown,shutdown,0.5,40,20,0.525,0.525,0.00625,,False,,False
6,concept,concept__block_06__shutdown,shutdown,1.0,40,20,0.5,0.5,0.0,,False,,False
6,concept,concept__block_06__shutdown,shutdown,2.0,40,20,0.5,0.5625,0.01875,,False,,False
6,concept,concept__block_06__shutdown,shutdown,4.0,40,20,0.5625,0.7,0.0625,,False,,False
6,concept,concept__block_06__shutdown,shutdown,8.0,40,20,0.8875,0.8375,0.459375,,False,,False
6,concept,concept__block_06__shutdown,shutdown,16.0,40,20,0.9875,0.8125,0.465625,,False,,False
6,concept,concept__block_06__shutdown,shutdown,32.0,40,20,0.975,0.9125,0.70625,,False,,False
6,concept,concept__block_06__shutdown,shutdown,64.0,40,20,0.9,0.825,0.509375,,False,,False
6,concept,concept__block_06__shutdown,shutdown,128.0,40,20,0.4125,0.425,-0.103125,,False,,False
6,concept,concept__block_06__shutdown,shutdown,256.0,40,20,0.4625,0.475,-0.075,,False,,False
6,concept,concept__block_06__shutdown,shutdown,512.0,40,20,0.7,0.675,0.034375,,False,,False
6,concept,concept__block_06__shutdown,shutdown,1024.0,40,20,0.725,0.6125,0.11875,,False,,False
6,dropout,dropout_realization_00,dropout_realization_00,0.0078125,40,20,0.5,0.5,0.0,306.3569276100705,True,,False
6,dropout,dropout_realization_00,dropout_realization_00,0.015625,40,20,0.5,0.5,0.0,306.3569276100705,True,,False
6,dropout,dropout_realization_00,dropout_realization_00,0.03125,40,20,0.5,0.5,0.0,306.3569276100705,True,,False
6,dropout,dropout_realization_00,dropout_realization_00,0.0625,40,20,0.5,0.5,0.0,306.3569276100705,True,,False
6,dropout,dropout_realization_00,dropout_realization_00,0.125,40,20,0.5,0.5,0.0,306.3569276100705,True,,False
6,dropout,dropout_realization_00,dropout_realization_00,0.25,40,20,0.5,0.5,0.0,306.3569276100705,True,,False
6,dropout,dropout_realization_00,dropout_realization_00,0.5,40,20,0.5,0.525,0.00625,306.3569276100705,True,,False
6,dropout,dropout_realization_00,dropout_realization_00,1.0,40,20,0.4875,0.525,0.00625,306.3569276100705,True,,False
6,dropout,dropout_realization_00,dropout_realization_00,2.0,40,20,0.4875,0.4625,-0.009375,306.3569276100705,True,,False
6,dropout,dropout_realization_00,dropout_realization_00,4.0,40,20,0.525,0.5625,0.015625,306.3569276100705,True,,False
6,dropout,dropout_realization_00,dropout_realization_00,8.0,40,20,0.5,0.4875,-0.003125,306.3569276100705,True,,False
6,dropout,dropout_realization_00,dropout_realization_00,16.0,40,20,0.5,0.4625,-0.009375,306.3569276100705,True,,False
6,dropout,dropout_realization_00,dropout_realization_00,32.0,40,20,0.4875,0.475,-0.00625,306.3569276100705,True,,False
6,dropout,dropout_realization_00,dropout_realization_00,64.0,40,20,0.5,0.55,0.04375,306.3569276100705,True,,False
6,dropout,dropout_realization_00,dropout_realization_00,128.0,40,20,0.7375,0.725,0.196875,306.3569276100705,True,,False
6,dropout,dropout_realization_00,dropout_realization_00,256.0,40,20,0.8125,0.725,0.240625,306.3569276100705,True,,False
6,dropout,dropout_realization_00,dropout_realization_00,512.0,40,20,0.9125,0.7125,0.334375,306.3569276100705,True,,False
6,dropout,dropout_realization_00,dropout_realization_00,1024.0,40,20,0.7375,0.5625,0.28125,306.3569276100705,True,,False
6,dropout,dropout_realization_01,dropout_realization_01,0.0078125,40,20,0.5,0.5,0.0,340.9081747991618,True,,False
6,dropout,dropout_realization_01,dropout_realization_01,0.015625,40,20,0.5,0.5,0.0,340.9081747991618,True,,False
6,dropout,dropout_realization_01,dropout_realization_01,0.03125,40,20,0.5,0.5,0.0,340.9081747991618,True,,False
6,dropout,dropout_realization_01,dropout_realization_01,0.0625,40,20,0.5,0.5,0.0,340.9081747991618,True,,False
6,dropout,dropout_realization_01,dropout_realization_01,0.125,40,20,0.5,0.5,0.0,340.9081747991618,True,,False
6,dropout,dropout_realization_01,dropout_realization_01,0.25,40,20,0.5,0.5,0.0,340.9081747991618,True,,False
6,dropout,dropout_realization_01,dropout_realization_01,0.5,40,20,0.5125,0.5,0.0,340.9081747991618,True,,False
6,dropout,dropout_realization_01,dropout_realization_01,1.0,40,20,0.5,0.5,0.0,340.9081747991618,True,,False
6,dropout,dropout_realization_01,dropout_realization_01,2.0,40,20,0.5,0.5125,0.003125,340.9081747991618,True,,False
6,dropout,dropout_realization_01,dropout_realization_01,4.0,40,20,0.5,0.5125,0.003125,340.9081747991618,True,,False
6,dropout,dropout_realization_01,dropout_realization_01,8.0,40,20,0.5125,0.5,0.0,340.9081747991618,True,,False
6,dropout,dropout_realization_01,dropout_realization_01,16.0,40,20,0.5,0.5125,0.00625,340.9081747991618,True,,False
6,dropout,dropout_realization_01,dropout_realization_01,32.0,40,20,0.4875,0.4875,0.00625,340.9081747991618,True,,False
6,dropout,dropout_realization_01,dropout_realization_01,64.0,40,20,0.5,0.5625,0.0375,340.9081747991618,True,,False
6,dropout,dropout_realization_01,dropout_realization_01,128.0,40,20,0.6125,0.6625,0.121875,340.9081747991618,True,,False
6,dropout,dropout_realization_01,dropout_realization_01,256.0,40,20,0.825,0.725,0.240625,340.9081747991618,True,,False
6,dropout,dropout_realization_01,dropout_realization_01,512.0,40,20,0.8,0.7,0.31875,340.9081747991618,True,,False
6,dropout,dropout_realization_01,dropout_realization_01,1024.0,40,20,0.8375,0.6625,0.3875,340.9081747991618,True,,False
6,noise,noise_realization_00,noise_realization_00,0.0078125,40,20,0.5,0.5125,0.003125,339.6425969528315,True,,False
6,noise,noise_realization_00,noise_realization_00,0.015625,40,20,0.5,0.475,-0.00625,339.6425969528315,True,,False
6,noise,noise_realization_00,noise_realization_00,0.03125,40,20,0.5,0.5,0.003125,339.6425969528315,True,,False
6,noise,noise_realization_00,noise_realization_00,0.0625,40,20,0.5,0.5,0.0,339.6425969528315,True,,False
6,noise,noise_realization_00,noise_realization_00,0.125,40,20,0.4875,0.475,-0.00625,339.6425969528315,True,,False
6,noise,noise_realization_00,noise_realization_00,0.25,40,20,0.5125,0.5125,0.003125,339.6425969528315,True,,False
6,noise,noise_realization_00,noise_realization_00,0.5,40,20,0.5,0.4875,-0.003125,339.6425969528315,True,,False
6,noise,noise_realization_00,noise_realization_00,1.0,40,20,0.5,0.5,0.0,339.6425969528315,True,,False
6,noise,noise_realization_00,noise_realization_00,2.0,40,20,0.5,0.5375,0.009375,339.6425969528315,True,,False
6,noise,noise_realization_00,noise_realization_00,4.0,40,20,0.5,0.475,-0.00625,339.6425969528315,True,,False
6,noise,noise_realization_00,noise_realization_00,8.0,40,20,0.5,0.475,-0.00625,339.6425969528315,True,,False
6,noise,noise_realization_00,noise_realization_00,16.0,40,20,0.4875,0.4375,-0.015625,339.6425969528315,True,,False
6,noise,noise_realization_00,noise_realization_00,32.0,40,20,0.475,0.4375,-0.015625,339.6425969528315,True,,False
6,noise,noise_realization_00,noise_realization_00,64.0,40,20,0.525,0.575,0.015625,339.6425969528315,True,,False
6,noise,noise_realization_00,noise_realization_00,128.0,40,20,0.675,0.7875,0.16875,339.6425969528315,True,,False
6,noise,noise_realization_00,noise_realization_00,256.0,40,20,0.9625,0.8125,0.35625,339.6425969528315,True,,False
6,noise,noise_realization_00,noise_realization_00,512.0,40,20,0.85,0.6375,0.271875,339.6425969528315,True,,False
6,noise,noise_realization_00,noise_realization_00,1024.0,40,20,0.7125,0.5875,0.23125,339.6425969528315,True,,False
6,noise,noise_realization_01,noise_realization_01,0.0078125,40,20,0.5125,0.5,0.0,,False,,False
6,noise,noise_realization_01,noise_realization_01,0.015625,40,20,0.4875,0.5125,0.003125,,False,,False
6,noise,noise_realization_01,noise_realization_01,0.03125,40,20,0.5125,0.5125,0.003125,,False,,False
6,noise,noise_realization_01,noise_realization_01,0.0625,40,20,0.4875,0.45,-0.0125,,False,,False
6,noise,noise_realization_01,noise_realization_01,0.125,40,20,0.4875,0.4625,-0.009375,,False,,False
6,noise,noise_realization_01,noise_realization_01,0.25,40,20,0.5125,0.5,0.0,,False,,False
6,noise,noise_realization_01,noise_realization_01,0.5,40,20,0.5,0.475,-0.00625,,False,,False
6,noise,noise_realization_01,noise_realization_01,1.0,40,20,0.5125,0.475,-0.00625,,False,,False
6,noise,noise_realization_01,noise_realization_01,2.0,40,20,0.525,0.575,0.021875,,False,,False
6,noise,noise_realization_01,noise_realization_01,4.0,40,20,0.5,0.5375,0.00625,,False,,False
6,noise,noise_realization_01,noise_realization_01,8.0,40,20,0.4875,0.5,0.0,,False,,False
6,noise,noise_realization_01,noise_realization_01,16.0,40,20,0.4875,0.45,-0.015625,,False,,False
6,noise,noise_realization_01,noise_realization_01,32.0,40,20,0.475,0.5,0.0,,False,,False
6,noise,noise_realization_01,noise_realization_01,64.0,40,20,0.5125,0.55,0.021875,,False,,False
6,noise,noise_realization_01,noise_realization_01,128.0,40,20,0.7125,0.825,0.20625,,False,,False
6,noise,noise_realization_01,noise_realization_01,256.0,40,20,0.9375,0.8375,0.39375,,False,,False
6,noise,noise_realization_01,noise_realization_01,512.0,40,20,0.8125,0.6125,0.3,,False,,False
6,noise,noise_realization_01,noise_realization_01,1024.0,40,20,0.7,0.5625,0.203125,,False,,False
6,random,fixed_random__block_06__0000,0000,0.0078125,40,20,0.5,0.5,0.0,801.8777516563728,True,,False
6,random,fixed_random__block_06__0000,0000,0.015625,40,20,0.4875,0.5,0.0,801.8777516563728,True,,False
6,random,fixed_random__block_06__0000,0000,0.03125,40,20,0.5,0.5375,0.009375,801.8777516563728,True,,False
6,random,fixed_random__block_06__0000,0000,0.0625,40,20,0.5,0.5375,0.009375,801.8777516563728,True,,False
6,random,fixed_random__block_06__0000,0000,0.125,40,20,0.5,0.5375,0.009375,801.8777516563728,True,,False
6,random,fixed_random__block_06__0000,0000,0.25,40,20,0.5,0.4375,-0.015625,801.8777516563728,True,,False
6,random,fixed_random__block_06__0000,0000,0.5,40,20,0.475,0.4875,-0.003125,801.8777516563728,True,,False
6,random,fixed_random__block_06__0000,0000,1.0,40,20,0.5125,0.4875,-0.00625,801.8777516563728,True,,False
6,random,fixed_random__block_06__0000,0000,2.0,40,20,0.525,0.4875,-0.003125,801.8777516563728,True,,False
6,random,fixed_random__block_06__0000,0000,4.0,40,20,0.5,0.5,-0.003125,801.8777516563728,True,,False
6,random,fixed_random__block_06__0000,0000,8.0,40,20,0.5125,0.5,0.003125,801.8777516563728,True,,False
6,random,fixed_random__block_06__0000,0000,16.0,40,20,0.4875,0.525,0.00625,801.8777516563728,True,,False
6,random,fixed_random__block_06__0000,0000,32.0,40,20,0.4875,0.5,-0.003125,801.8777516563728,True,,False
6,random,fixed_random__block_06__0000,0000,64.0,40,20,0.475,0.5,-0.003125,801.8777516563728,True,,False
6,random,fixed_random__block_06__0000,0000,128.0,40,20,0.525,0.55,0.03125,801.8777516563728,True,,False
6,random,fixed_random__block_06__0000,0000,256.0,40,20,0.975,0.9375,0.525,801.8777516563728,True,,False
6,random,fixed_random__block_06__0000,0000,512.0,40,20,0.95,0.8375,0.665625,801.8777516563728,True,,False
6,random,fixed_random__block_06__0000,0000,1024.0,40,20,0.5,0.475,0.040625,801.8777516563728,True,,False
6,random,fixed_random__block_06__0001,0001,0.0078125,40,20,0.4875,0.4125,-0.021875,240.33756803417842,True,747.2360451745644,True
6,random,fixed_random__block_06__0001,0001,0.015625,40,20,0.5,0.5,0.0,240.33756803417842,True,747.2360451745644,True
6,random,fixed_random__block_06__0001,0001,0.03125,40,20,0.5,0.4875,-0.003125,240.33756803417842,True,747.2360451745644,True
6,random,fixed_random__block_06__0001,0001,0.0625,40,20,0.5125,0.45,-0.0125,240.33756803417842,True,747.2360451745644,True
6,random,fixed_random__block_06__0001,0001,0.125,40,20,0.4875,0.5125,0.003125,240.33756803417842,True,747.2360451745644,True
6,random,fixed_random__block_06__0001,0001,0.25,40,20,0.4875,0.4875,-0.003125,240.33756803417842,True,747.2360451745644,True
6,random,fixed_random__block_06__0001,0001,0.5,40,20,0.5125,0.5375,0.009375,240.33756803417842,True,747.2360451745644,True
6,random,fixed_random__block_06__0001,0001,1.0,40,20,0.5,0.5,-0.003125,240.33756803417842,True,747.2360451745644,True
6,random,fixed_random__block_06__0001,0001,2.0,40,20,0.5,0.4875,-0.003125,240.33756803417842,True,747.2360451745644,True
6,random,fixed_random__block_06__0001,0001,4.0,40,20,0.5,0.525,0.00625,240.33756803417842,True,747.2360451745644,True
6,random,fixed_random__block_06__0001,0001,8.0,40,20,0.5,0.5,0.0,240.33756803417842,True,747.2360451745644,True
6,random,fixed_random__block_06__0001,0001,16.0,40,20,0.4625,0.5125,0.003125,240.33756803417842,True,747.2360451745644,True
6,random,fixed_random__block_06__0001,0001,32.0,40,20,0.475,0.525,0.003125,240.33756803417842,True,747.2360451745644,True
6,random,fixed_random__block_06__0001,0001,64.0,40,20,0.5,0.55,0.00625,240.33756803417842,True,747.2360451745644,True
6,random,fixed_random__block_06__0001,0001,128.0,40,20,0.55,0.6875,0.090625,240.33756803417842,True,747.2360451745644,True
6,random,fixed_random__block_06__0001,0001,256.0,40,20,0.8875,0.8,0.296875,240.33756803417842,True,747.2360451745644,True
6,random,fixed_random__block_06__0001,0001,512.0,40,20,0.825,0.6625,0.2625,240.33756803417842,True,747.2360451745644,True
6,random,fixed_random__block_06__0001,0001,1024.0,40,20,0.975,0.75,0.459375,240.33756803417842,True,747.2360451745644,True
6,random,fixed_random__block_06__0002,0002,0.0078125,40,20,0.4875,0.475,-0.00625,159.7842117493703,True,368.62150076662573,True
6,random,fixed_random__block_06__0002,0002,0.015625,40,20,0.475,0.475,-0.00625,159.7842117493703,True,368.62150076662573,True
6,random,fixed_random__block_06__0002,0002,0.03125,40,20,0.5,0.525,0.00625,159.7842117493703,True,368.62150076662573,True
6,random,fixed_random__block_06__0002,0002,0.0625,40,20,0.5,0.5125,0.003125,159.7842117493703,True,368.62150076662573,True
6,random,fixed_random__block_06__0002,0002,0.125,40,20,0.5,0.525,0.00625,159.7842117493703,True,368.62150076662573,True
6,random,fixed_random__block_06__0002,0002,0.25,40,20,0.5125,0.5625,0.015625,159.7842117493703,True,368.62150076662573,True
6,random,fixed_random__block_06__0002,0002,0.5,40,20,0.5,0.5,0.003125,159.7842117493703,True,368.62150076662573,True
6,random,fixed_random__block_06__0002,0002,1.0,40,20,0.5125,0.525,0.00625,159.7842117493703,True,368.62150076662573,True
6,random,fixed_random__block_06__0002,0002,2.0,40,20,0.5125,0.4875,-0.00625,159.7842117493703,True,368.62150076662573,True
6,random,fixed_random__block_06__0002,0002,4.0,40,20,0.5,0.475,-0.00625,159.7842117493703,True,368.62150076662573,True
6,random,fixed_random__block_06__0002,0002,8.0,40,20,0.5,0.5125,0.0,159.7842117493703,True,368.62150076662573,True
6,random,fixed_random__block_06__0002,0002,16.0,40,20,0.4875,0.475,-0.009375,159.7842117493703,True,368.62150076662573,True
6,random,fixed_random__block_06__0002,0002,32.0,40,20,0.475,0.475,-0.009375,159.7842117493703,True,368.62150076662573,True
6,random,fixed_random__block_06__0002,0002,64.0,40,20,0.475,0.5125,-0.003125,159.7842117493703,True,368.62150076662573,True
6,random,fixed_random__block_06__0002,0002,128.0,40,20,0.75,0.825,0.234375,159.7842117493703,True,368.62150076662573,True
6,random,fixed_random__block_06__0002,0002,256.0,40,20,0.9625,0.75,0.45,159.7842117493703,True,368.62150076662573,True
6,random,fixed_random__block_06__0002,0002,512.0,40,20,0.925,0.875,0.625,159.7842117493703,True,368.62150076662573,True
6,random,fixed_random__block_06__0002,0002,1024.0,40,20,0.8875,0.725,0.40625,159.7842117493703,True,368.62150076662573,True
8,concept,concept__block_08__Dust,Dust,0.0078125,40,20,0.4875,0.5,0.0,,False,,False
8,concept,concept__block_08__Dust,Dust,0.015625,40,20,0.5,0.4625,-0.00625,,False,,False
8,concept,concept__block_08__Dust,Dust,0.03125,40,20,0.5125,0.525,0.00625,,False,,False
8,concept,concept__block_08__Dust,Dust,0.0625,40,20,0.4875,0.5125,0.003125,,False,,False
8,concept,concept__block_08__Dust,Dust,0.125,40,20,0.5125,0.475,-0.003125,,False,,False
8,concept,concept__block_08__Dust,Dust,0.25,40,20,0.5125,0.525,0.00625,,False,,False
8,concept,concept__block_08__Dust,Dust,0.5,40,20,0.5125,0.525,0.00625,,False,,False
8,concept,concept__block_08__Dust,Dust,1.0,40,20,0.5,0.5,0.0,,False,,False
8,concept,concept__block_08__Dust,Dust,2.0,40,20,0.5,0.475,-0.00625,,False,,False
8,concept,concept__block_08__Dust,Dust,4.0,40,20,0.5,0.5125,0.003125,,False,,False
8,concept,concept__block_08__Dust,Dust,8.0,40,20,0.5,0.5125,0.003125,,False,,False
8,concept,concept__block_08__Dust,Dust,16.0,40,20,0.5375,0.5875,0.028125,,False,,False
8,concept,concept__block_08__Dust,Dust,32.0,40,20,0.8875,0.7625,0.253125,,False,,False
8,concept,concept__block_08__Dust,Dust,64.0,40,20,0.975,0.8625,0.628125,,False,,False
8,concept,concept__block_08__Dust,Dust,128.0,40,20,1.0,1.0,0.971875,,False,,False
8,concept,concept__block_08__Dust,Dust,256.0,40,20,0.8625,0.725,0.490625,,False,,False
8,concept,concept__block_08__Dust,Dust,512.0,40,20,0.475,0.5,-0.078125,,False,,False
8,concept,concept__block_08__Dust,Dust,1024.0,40,20,0.4625,0.5,-0.05625,,False,,False
8,concept,concept__block_08__Satellites,Satellites,0.0078125,40,20,0.5,0.525,0.00625,,False,,False
8,concept,concept__block_08__Satellites,Satellites,0.015625,40,20,0.5,0.5375,0.009375,,False,,False
8,concept,concept__block_08__Satellites,Satellites,0.03125,40,20,0.5125,0.525,0.00625,,False,,False
8,concept,concept__block_08__Satellites,Satellites,0.0625,40,20,0.5125,0.525,0.00625,,False,,False
8,concept,concept__block_08__Satellites,Satellites,0.125,40,20,0.4875,0.5125,0.003125,,False,,False
8,concept,concept__block_08__Satellites,Satellites,0.25,40,20,0.525,0.4875,-0.003125,,False,,False
8,concept,concept__block_08__Satellites,Satellites,0.5,40,20,0.5,0.525,0.00625,,False,,False
8,concept,concept__block_08__Satellites,Satellites,1.0,40,20,0.5125,0.5,0.0,,False,,False
8,concept,concept__block_08__Satellites,Satellites,2.0,40,20,0.5125,0.525,0.00625,,False,,False
8,concept,concept__block_08__Satellites,Satellites,4.0,40,20,0.4875,0.475,-0.00625,,False,,False
8,concept,concept__block_08__Satellites,Satellites,8.0,40,20,0.5,0.4625,-0.009375,,False,,False
8,concept,concept__block_08__Satellites,Satellites,16.0,40,20,0.475,0.4375,-0.015625,,False,,False
8,concept,concept__block_08__Satellites,Satellites,32.0,40,20,0.475,0.5,0.009375,,False,,False
8,concept,concept__block_08__Satellites,Satellites,64.0,40,20,0.9875,0.9875,0.871875,,False,,False
8,concept,concept__block_08__Satellites,Satellites,128.0,40,20,1.0,1.0,1.196875,,False,,False
8,concept,concept__block_08__Satellites,Satellites,256.0,40,20,1.0,0.975,0.80625,,False,,False
8,concept,concept__block_08__Satellites,Satellites,512.0,40,20,0.6875,0.525,0.184375,,False,,False
8,concept,concept__block_08__Satellites,Satellites,1024.0,40,20,0.225,0.4,-0.25625,,False,,False
8,concept,concept__block_08__recursion,recursion,0.0078125,40,20,0.5,0.4625,-0.009375,,False,,False
8,concept,concept__block_08__recursion,recursion,0.015625,40,20,0.5125,0.525,0.00625,,False,,False
8,concept,concept__block_08__recursion,recursion,0.03125,40,20,0.5,0.5125,0.003125,,False,,False
8,concept,concept__block_08__recursion,recursion,0.0625,40,20,0.5125,0.5375,0.009375,,False,,False
8,concept,concept__block_08__recursion,recursion,0.125,40,20,0.5125,0.4625,-0.009375,,False,,False
8,concept,concept__block_08__recursion,recursion,0.25,40,20,0.5125,0.5375,0.009375,,False,,False
8,concept,concept__block_08__recursion,recursion,0.5,40,20,0.4875,0.5125,0.00625,,False,,False
8,concept,concept__block_08__recursion,recursion,1.0,40,20,0.4875,0.5,0.0,,False,,False
8,concept,concept__block_08__recursion,recursion,2.0,40,20,0.5,0.475,-0.00625,,False,,False
8,concept,concept__block_08__recursion,recursion,4.0,40,20,0.5125,0.5875,0.021875,,False,,False
8,concept,concept__block_08__recursion,recursion,8.0,40,20,0.5125,0.5375,0.009375,,False,,False
8,concept,concept__block_08__recursion,recursion,16.0,40,20,0.6875,0.7875,0.125,,False,,False
8,concept,concept__block_08__recursion,recursion,32.0,40,20,1.0,1.0,1.159375,,False,,False
8,concept,concept__block_08__recursion,recursion,64.0,40,20,1.0,1.0,1.115625,,False,,False
8,concept,concept__block_08__recursion,recursion,128.0,40,20,0.9875,0.975,0.659375,,False,,False
8,concept,concept__block_08__recursion,recursion,256.0,40,20,0.8,0.7625,0.403125,,False,,False
8,concept,concept__block_08__recursion,recursion,512.0,40,20,0.525,0.4875,0.034375,,False,,False
8,concept,concept__block_08__recursion,recursion,1024.0,40,20,0.45,0.5375,-0.034375,,False,,False
8,concept,concept__block_08__shutdown,shutdown,0.0078125,40,20,0.525,0.5375,0.009375,241.15016046889605,True,,False
8,concept,concept__block_08__shutdown,shutdown,0.015625,40,20,0.5125,0.4875,0.0,241.15016046889605,True,,False
8,concept,concept__block_08__shutdown,shutdown,0.03125,40,20,0.5125,0.4625,-0.009375,241.15016046889605,True,,False
8,concept,concept__block_08__shutdown,shutdown,0.0625,40,20,0.5,0.5625,0.015625,241.15016046889605,True,,False
8,concept,concept__block_08__shutdown,shutdown,0.125,40,20,0.5125,0.55,0.0125,241.15016046889605,True,,False
8,concept,concept__block_08__shutdown,shutdown,0.25,40,20,0.5,0.45,-0.0125,241.15016046889605,True,,False
8,concept,concept__block_08__shutdown,shutdown,0.5,40,20,0.5,0.45,-0.0125,241.15016046889605,True,,False
8,concept,concept__block_08__shutdown,shutdown,1.0,40,20,0.5125,0.5125,0.003125,241.15016046889605,True,,False
8,concept,concept__block_08__shutdown,shutdown,2.0,40,20,0.5,0.5,0.0,241.15016046889605,True,,False
8,concept,concept__block_08__shutdown,shutdown,4.0,40,20,0.5,0.5375,0.0125,241.15016046889605,True,,False
8,concept,concept__block_08__shutdown,shutdown,8.0,40,20,0.5,0.5375,0.015625,241.15016046889605,True,,False
8,concept,concept__block_08__shutdown,shutdown,16.0,40,20,0.7625,0.725,0.153125,241.15016046889605,True,,False
8,concept,concept__block_08__shutdown,shutdown,32.0,40,20,0.8375,0.6375,0.4125,241.15016046889605,True,,False
8,concept,concept__block_08__shutdown,shutdown,64.0,40,20,0.95,0.7,0.571875,241.15016046889605,True,,False
8,concept,concept__block_08__shutdown,shutdown,128.0,40,20,0.825,0.575,0.421875,241.15016046889605,True,,False
8,concept,concept__block_08__shutdown,shutdown,256.0,40,20,0.6875,0.525,0.171875,241.15016046889605,True,,False
8,concept,concept__block_08__shutdown,shutdown,512.0,40,20,0.6375,0.5375,0.134375,241.15016046889605,True,,False
8,concept,concept__block_08__shutdown,shutdown,1024.0,40,20,0.725,0.675,0.18125,241.15016046889605,True,,False
8,dropout,dropout_realization_00,dropout_realization_00,0.0078125,40,20,0.5,0.5,0.0,321.4394508150426,True,664.101742225872,True
8,dropout,dropout_realization_00,dropout_realization_00,0.015625,40,20,0.5,0.5,0.0,321.4394508150426,True,664.101742225872,True
8,dropout,dropout_realization_00,dropout_realization_00,0.03125,40,20,0.5,0.5,0.0,321.4394508150426,True,664.101742225872,True
8,dropout,dropout_realization_00,dropout_realization_00,0.0625,40,20,0.5,0.5,0.0,321.4394508150426,True,664.101742225872,True
8,dropout,dropout_realization_00,dropout_realization_00,0.125,40,20,0.5,0.5,0.0,321.4394508150426,True,664.101742225872,True
8,dropout,dropout_realization_00,dropout_realization_00,0.25,40,20,0.5,0.4875,-0.003125,321.4394508150426,True,664.101742225872,True
8,dropout,dropout_realization_00,dropout_realization_00,0.5,40,20,0.5,0.475,-0.00625,321.4394508150426,True,664.101742225872,True
8,dropout,dropout_realization_00,dropout_realization_00,1.0,40,20,0.5,0.5375,0.009375,321.4394508150426,True,664.101742225872,True
8,dropout,dropout_realization_00,dropout_realization_00,2.0,40,20,0.5,0.5125,0.003125,321.4394508150426,True,664.101742225872,True
8,dropout,dropout_realization_00,dropout_realization_00,4.0,40,20,0.4875,0.5125,0.003125,321.4394508150426,True,664.101742225872,True
8,dropout,dropout_realization_00,dropout_realization_00,8.0,40,20,0.5125,0.525,0.00625,321.4394508150426,True,664.101742225872,True
8,dropout,dropout_realization_00,dropout_realization_00,16.0,40,20,0.5,0.475,-0.00625,321.4394508150426,True,664.101742225872,True
8,dropout,dropout_realization_00,dropout_realization_00,32.0,40,20,0.5,0.5125,0.003125,321.4394508150426,True,664.101742225872,True
8,dropout,dropout_realization_00,dropout_realization_00,64.0,40,20,0.5125,0.5375,0.01875,321.4394508150426,True,664.101742225872,True
8,dropout,dropout_realization_00,dropout_realization_00,128.0,40,20,0.4625,0.5125,-0.003125,321.4394508150426,True,664.101742225872,True
8,dropout,dropout_realization_00,dropout_realization_00,256.0,40,20,0.675,0.75,0.171875,321.4394508150426,True,664.101742225872,True
8,dropout,dropout_realization_00,dropout_realization_00,512.0,40,20,0.975,0.8125,0.471875,321.4394508150426,True,664.101742225872,True
8,dropout,dropout_realization_00,dropout_realization_00,1024.0,40,20,0.8875,0.725,0.471875,321.4394508150426,True,664.101742225872,True
8,dropout,dropout_realization_01,dropout_realization_01,0.0078125,40,20,0.5,0.5,0.0,,False,664.8246612705155,True
8,dropout,dropout_realization_01,dropout_realization_01,0.015625,40,20,0.5,0.5,0.0,,False,664.8246612705155,True
8,dropout,dropout_realization_01,dropout_realization_01,0.03125,40,20,0.5,0.5,0.0,,False,664.8246612705155,True
8,dropout,dropout_realization_01,dropout_realization_01,0.0625,40,20,0.5,0.5,0.0,,False,664.8246612705155,True
8,dropout,dropout_realization_01,dropout_realization_01,0.125,40,20,0.5,0.5,0.0,,False,664.8246612705155,True
8,dropout,dropout_realization_01,dropout_realization_01,0.25,40,20,0.5,0.5,-0.003125,,False,664.8246612705155,True
8,dropout,dropout_realization_01,dropout_realization_01,0.5,40,20,0.5,0.4875,-0.003125,,False,664.8246612705155,True
8,dropout,dropout_realization_01,dropout_realization_01,1.0,40,20,0.4875,0.5125,0.003125,,False,664.8246612705155,True
8,dropout,dropout_realization_01,dropout_realization_01,2.0,40,20,0.5,0.5375,0.009375,,False,664.8246612705155,True
8,dropout,dropout_realization_01,dropout_realization_01,4.0,40,20,0.5,0.45,-0.0125,,False,664.8246612705155,True
8,dropout,dropout_realization_01,dropout_realization_01,8.0,40,20,0.525,0.4875,0.0,,False,664.8246612705155,True
8,dropout,dropout_realization_01,dropout_realization_01,16.0,40,20,0.4875,0.4625,-0.009375,,False,664.8246612705155,True
8,dropout,dropout_realization_01,dropout_realization_01,32.0,40,20,0.525,0.525,0.009375,,False,664.8246612705155,True
8,dropout,dropout_realization_01,dropout_realization_01,64.0,40,20,0.5125,0.525,0.00625,,False,664.8246612705155,True
8,dropout,dropout_realization_01,dropout_realization_01,128.0,40,20,0.5,0.55,0.025,,False,664.8246612705155,True
8,dropout,dropout_realization_01,dropout_realization_01,256.0,40,20,0.6875,0.6875,0.115625,,False,664.8246612705155,True
8,dropout,dropout_realization_01,dropout_realization_01,512.0,40,20,0.925,0.775,0.390625,,False,664.8246612705155,True
8,dropout,dropout_realization_01,dropout_realization_01,1024.0,40,20,0.9125,0.75,0.471875,,False,664.8246612705155,True
8,noise,noise_realization_00,noise_realization_00,0.0078125,40,20,0.5125,0.55,0.0125,808.6349423365758,True,,False
8,noise,noise_realization_00,noise_realization_00,0.015625,40,20,0.5,0.5,0.003125,808.6349423365758,True,,False
8,noise,noise_realization_00,noise_realization_00,0.03125,40,20,0.5125,0.5125,0.003125,808.6349423365758,True,,False
8,noise,noise_realization_00,noise_realization_00,0.0625,40,20,0.5125,0.5,0.0,808.6349423365758,True,,False
8,noise,noise_realization_00,noise_realization_00,0.125,40,20,0.4875,0.5125,0.003125,808.6349423365758,True,,False
8,noise,noise_realization_00,noise_realization_00,0.25,40,20,0.4875,0.4875,-0.003125,808.6349423365758,True,,False
8,noise,noise_realization_00,noise_realization_00,0.5,40,20,0.5125,0.5,0.0,808.6349423365758,True,,False
8,noise,noise_realization_00,noise_realization_00,1.0,40,20,0.5,0.5,0.0,808.6349423365758,True,,False
8,noise,noise_realization_00,noise_realization_00,2.0,40,20,0.4875,0.45,-0.0125,808.6349423365758,True,,False
8,noise,noise_realization_00,noise_realization_00,4.0,40,20,0.5125,0.55,0.0125,808.6349423365758,True,,False
8,noise,noise_realization_00,noise_realization_00,8.0,40,20,0.4875,0.525,0.00625,808.6349423365758,True,,False
8,noise,noise_realization_00,noise_realization_00,16.0,40,20,0.4875,0.4875,-0.00625,808.6349423365758,True,,False
8,noise,noise_realization_00,noise_realization_00,32.0,40,20,0.5125,0.5125,0.0,808.6349423365758,True,,False
8,noise,noise_realization_00,noise_realization_00,64.0,40,20,0.5125,0.55,0.021875,808.6349423365758,True,,False
8,noise,noise_realization_00,noise_realization_00,128.0,40,20,0.5875,0.7625,0.121875,808.6349423365758,True,,False
8,noise,noise_realization_00,noise_realization_00,256.0,40,20,0.8875,0.7625,0.29375,808.6349423365758,True,,False
8,noise,noise_realization_00,noise_realization_00,512.0,40,20,0.7625,0.575,0.253125,808.6349423365758,True,,False
8,noise,noise_realization_00,noise_realization_00,1024.0,40,20,0.65,0.575,0.134375,808.6349423365758,True,,False
8,noise,noise_realization_01,noise_realization_01,0.0078125,40,20,0.4875,0.5125,0.003125,537.2430865020011,True,,False
8,noise,noise_realization_01,noise_realization_01,0.015625,40,20,0.4875,0.45,-0.0125,537.2430865020011,True,,False
8,noise,noise_realization_01,noise_realization_01,0.03125,40,20,0.475,0.4375,-0.01875,537.2430865020011,True,,False
8,noise,noise_realization_01,noise_realization_01,0.0625,40,20,0.4875,0.4375,-0.015625,537.2430865020011,True,,False
8,noise,noise_realization_01,noise_realization_01,0.125,40,20,0.5125,0.5625,0.0125,537.2430865020011,True,,False
8,noise,noise_realization_01,noise_realization_01,0.25,40,20,0.5125,0.5625,0.015625,537.2430865020011,True,,False
8,noise,noise_realization_01,noise_realization_01,0.5,40,20,0.4875,0.5375,0.0125,537.2430865020011,True,,False
8,noise,noise_realization_01,noise_realization_01,1.0,40,20,0.4875,0.5125,0.003125,537.2430865020011,True,,False
8,noise,noise_realization_01,noise_realization_01,2.0,40,20,0.5,0.55,0.0125,537.2430865020011,True,,False
8,noise,noise_realization_01,noise_realization_01,4.0,40,20,0.5,0.5,-0.003125,537.2430865020011,True,,False
8,noise,noise_realization_01,noise_realization_01,8.0,40,20,0.5,0.4625,-0.009375,537.2430865020011,True,,False
8,noise,noise_realization_01,noise_realization_01,16.0,40,20,0.5,0.525,0.00625,537.2430865020011,True,,False
8,noise,noise_realization_01,noise_realization_01,32.0,40,20,0.475,0.475,-0.009375,537.2430865020011,True,,False
8,noise,noise_realization_01,noise_realization_01,64.0,40,20,0.4875,0.6,0.028125,537.2430865020011,True,,False
8,noise,noise_realization_01,noise_realization_01,128.0,40,20,0.7375,0.875,0.1625,537.2430865020011,True,,False
8,noise,noise_realization_01,noise_realization_01,256.0,40,20,0.9,0.7875,0.39375,537.2430865020011,True,,False
8,noise,noise_realization_01,noise_realization_01,512.0,40,20,0.725,0.5625,0.2125,537.2430865020011,True,,False
8,noise,noise_realization_01,noise_realization_01,1024.0,40,20,0.6875,0.55,0.175,537.2430865020011,True,,False
8,random,fixed_random__block_08__0000,0000,0.0078125,40,20,0.4875,0.475,-0.00625,187.25141398776685,True,234.72015552671834,True
8,random,fixed_random__block_08__0000,0000,0.015625,40,20,0.5125,0.4875,-0.003125,187.25141398776685,True,234.72015552671834,True
8,random,fixed_random__block_08__0000,0000,0.03125,40,20,0.5125,0.5125,0.003125,187.25141398776685,True,234.72015552671834,True
8,random,fixed_random__block_08__0000,0000,0.0625,40,20,0.5,0.5125,0.00625,187.25141398776685,True,234.72015552671834,True
8,random,fixed_random__block_08__0000,0000,0.125,40,20,0.5,0.5,0.0,187.25141398776685,True,234.72015552671834,True
8,random,fixed_random__block_08__0000,0000,0.25,40,20,0.5,0.4875,-0.003125,187.25141398776685,True,234.72015552671834,True
8,random,fixed_random__block_08__0000,0000,0.5,40,20,0.5125,0.5625,0.01875,187.25141398776685,True,234.72015552671834,True
8,random,fixed_random__block_08__0000,0000,1.0,40,20,0.5,0.5375,0.009375,187.25141398776685,True,234.72015552671834,True
8,random,fixed_random__block_08__0000,0000,2.0,40,20,0.5125,0.525,0.00625,187.25141398776685,True,234.72015552671834,True
8,random,fixed_random__block_08__0000,0000,4.0,40,20,0.4875,0.4875,0.0,187.25141398776685,True,234.72015552671834,True
8,random,fixed_random__block_08__0000,0000,8.0,40,20,0.5125,0.575,0.01875,187.25141398776685,True,234.72015552671834,True
8,random,fixed_random__block_08__0000,0000,16.0,40,20,0.5,0.5375,0.009375,187.25141398776685,True,234.72015552671834,True
8,random,fixed_random__block_08__0000,0000,32.0,40,20,0.5,0.4875,-0.003125,187.25141398776685,True,234.72015552671834,True
8,random,fixed_random__block_08__0000,0000,64.0,40,20,0.475,0.5,0.003125,187.25141398776685,True,234.72015552671834,True
8,random,fixed_random__block_08__0000,0000,128.0,40,20,0.95,0.9375,0.425,187.25141398776685,True,234.72015552671834,True
8,random,fixed_random__block_08__0000,0000,256.0,40,20,1.0,0.9875,0.590625,187.25141398776685,True,234.72015552671834,True
8,random,fixed_random__block_08__0000,0000,512.0,40,20,0.9625,0.875,0.540625,187.25141398776685,True,234.72015552671834,True
8,random,fixed_random__block_08__0000,0000,1024.0,40,20,0.625,0.5875,0.29375,187.25141398776685,True,234.72015552671834,True
8,random,fixed_random__block_08__0001,0001,0.0078125,40,20,0.5125,0.5375,0.009375,299.0845153944869,True,903.9721004298976,True
8,random,fixed_random__block_08__0001,0001,0.015625,40,20,0.5125,0.525,0.00625,299.0845153944869,True,903.9721004298976,True
8,random,fixed_random__block_08__0001,0001,0.03125,40,20,0.4875,0.4875,-0.003125,299.0845153944869,True,903.9721004298976,True
8,random,fixed_random__block_08__0001,0001,0.0625,40,20,0.5125,0.475,-0.00625,299.0845153944869,True,903.9721004298976,True
8,random,fixed_random__block_08__0001,0001,0.125,40,20,0.4875,0.45,-0.0125,299.0845153944869,True,903.9721004298976,True
8,random,fixed_random__block_08__0001,0001,0.25,40,20,0.4875,0.5,0.0,299.0845153944869,True,903.9721004298976,True
8,random,fixed_random__block_08__0001,0001,0.5,40,20,0.5,0.4875,-0.003125,299.0845153944869,True,903.9721004298976,True
8,random,fixed_random__block_08__0001,0001,1.0,40,20,0.5,0.45,-0.0125,299.0845153944869,True,903.9721004298976,True
8,random,fixed_random__block_08__0001,0001,2.0,40,20,0.5,0.5,0.003125,299.0845153944869,True,903.9721004298976,True
8,random,fixed_random__block_08__0001,0001,4.0,40,20,0.525,0.5,0.0,299.0845153944869,True,903.9721004298976,True
8,random,fixed_random__block_08__0001,0001,8.0,40,20,0.4875,0.475,-0.00625,299.0845153944869,True,903.9721004298976,True
8,random,fixed_random__block_08__0001,0001,16.0,40,20,0.4875,0.525,0.00625,299.0845153944869,True,903.9721004298976,True
8,random,fixed_random__block_08__0001,0001,32.0,40,20,0.5,0.4625,-0.009375,299.0845153944869,True,903.9721004298976,True
8,random,fixed_random__block_08__0001,0001,64.0,40,20,0.4875,0.475,-0.003125,299.0845153944869,True,903.9721004298976,True
8,random,fixed_random__block_08__0001,0001,128.0,40,20,0.6625,0.775,0.15625,299.0845153944869,True,903.9721004298976,True
8,random,fixed_random__block_08__0001,0001,256.0,40,20,0.8375,0.7875,0.43125,299.0845153944869,True,903.9721004298976,True
8,random,fixed_random__block_08__0001,0001,512.0,40,20,0.925,0.8125,0.56875,299.0845153944869,True,903.9721004298976,True
8,random,fixed_random__block_08__0001,0001,1024.0,40,20,0.7625,0.5875,0.303125,299.0845153944869,True,903.9721004298976,True
8,random,fixed_random__block_08__0002,0002,0.0078125,40,20,0.4875,0.5125,0.003125,,False,,False
8,random,fixed_random__block_08__0002,0002,0.015625,40,20,0.4625,0.475,-0.00625,,False,,False
8,random,fixed_random__block_08__0002,0002,0.03125,40,20,0.5125,0.4875,-0.003125,,False,,False
8,random,fixed_random__block_08__0002,0002,0.0625,40,20,0.5,0.4875,-0.003125,,False,,False
8,random,fixed_random__block_08__0002,0002,0.125,40,20,0.5125,0.5125,0.003125,,False,,False
8,random,fixed_random__block_08__0002,0002,0.25,40,20,0.5,0.4875,-0.003125,,False,,False
8,random,fixed_random__block_08__0002,0002,0.5,40,20,0.4875,0.4875,0.0,,False,,False
8,random,fixed_random__block_08__0002,0002,1.0,40,20,0.5,0.525,0.00625,,False,,False
8,random,fixed_random__block_08__0002,0002,2.0,40,20,0.4875,0.475,-0.00625,,False,,False
8,random,fixed_random__block_08__0002,0002,4.0,40,20,0.5125,0.55,0.0125,,False,,False
8,random,fixed_random__block_08__0002,0002,8.0,40,20,0.475,0.475,-0.003125,,False,,False
8,random,fixed_random__block_08__0002,0002,16.0,40,20,0.5,0.55,0.0125,,False,,False
8,random,fixed_random__block_08__0002,0002,32.0,40,20,0.475,0.4875,-0.003125,,False,,False
8,random,fixed_random__block_08__0002,0002,64.0,40,20,0.5,0.4875,-0.003125,,False,,False
8,random,fixed_random__block_08__0002,0002,128.0,40,20,0.65,0.8375,0.171875,,False,,False
8,random,fixed_random__block_08__0002,0002,256.0,40,20,0.8375,0.65,0.275,,False,,False
8,random,fixed_random__block_08__0002,0002,512.0,40,20,0.325,0.4,-0.265625,,False,,False
8,random,fixed_random__block_08__0002,0002,1024.0,40,20,0.4,0.4375,-0.275,,False,,False
10,concept,concept__block_10__Dust,Dust,0.0078125,40,20,0.5125,0.5375,0.009375,,False,,False
10,concept,concept__block_10__Dust,Dust,0.015625,40,20,0.5,0.5,0.0,,False,,False
10,concept,concept__block_10__Dust,Dust,0.03125,40,20,0.5125,0.5125,0.003125,,False,,False
10,concept,concept__block_10__Dust,Dust,0.0625,40,20,0.5,0.4875,-0.003125,,False,,False
10,concept,concept__block_10__Dust,Dust,0.125,40,20,0.5125,0.5125,0.00625,,False,,False
10,concept,concept__block_10__Dust,Dust,0.25,40,20,0.5,0.475,-0.003125,,False,,False
10,concept,concept__block_10__Dust,Dust,0.5,40,20,0.5,0.525,0.00625,,False,,False
10,concept,concept__block_10__Dust,Dust,1.0,40,20,0.5,0.525,0.00625,,False,,False
10,concept,concept__block_10__Dust,Dust,2.0,40,20,0.5125,0.5,0.0,,False,,False
10,concept,concept__block_10__Dust,Dust,4.0,40,20,0.5125,0.5375,0.009375,,False,,False
10,concept,concept__block_10__Dust,Dust,8.0,40,20,0.5,0.4875,-0.003125,,False,,False
10,concept,concept__block_10__Dust,Dust,16.0,40,20,0.4875,0.5,-0.003125,,False,,False
10,concept,concept__block_10__Dust,Dust,32.0,40,20,0.675,0.7375,0.140625,,False,,False
10,concept,concept__block_10__Dust,Dust,64.0,40,20,0.9625,0.7875,0.4375,,False,,False
10,concept,concept__block_10__Dust,Dust,128.0,40,20,0.9875,0.9625,0.790625,,False,,False
10,concept,concept__block_10__Dust,Dust,256.0,40,20,0.95,0.75,0.475,,False,,False
10,concept,concept__block_10__Dust,Dust,512.0,40,20,0.4875,0.5125,-0.015625,,False,,False
10,concept,concept__block_10__Dust,Dust,1024.0,40,20,0.325,0.475,-0.09375,,False,,False
10,concept,concept__block_10__Satellites,Satellites,0.0078125,40,20,0.4875,0.4875,0.0,,False,,False
10,concept,concept__block_10__Satellites,Satellites,0.015625,40,20,0.4875,0.525,0.00625,,False,,False
10,concept,concept__block_10__Satellites,Satellites,0.03125,40,20,0.4875,0.475,-0.00625,,False,,False
10,concept,concept__block_10__Satellites,Satellites,0.0625,40,20,0.5,0.4875,0.0,,False,,False
10,concept,concept__block_10__Satellites,Satellites,0.125,40,20,0.5,0.5375,0.009375,,False,,False
10,concept,concept__block_10__Satellites,Satellites,0.25,40,20,0.5,0.475,-0.00625,,False,,False
10,concept,concept__block_10__Satellites,Satellites,0.5,40,20,0.5,0.5,0.0,,False,,False
10,concept,concept__block_10__Satellites,Satellites,1.0,40,20,0.5,0.5375,0.009375,,False,,False
10,concept,concept__block_10__Satellites,Satellites,2.0,40,20,0.4875,0.4625,-0.009375,,False,,False
10,concept,concept__block_10__Satellites,Satellites,4.0,40,20,0.475,0.4625,-0.009375,,False,,False
10,concept,concept__block_10__Satellites,Satellites,8.0,40,20,0.475,0.4125,-0.028125,,False,,False
10,concept,concept__block_10__Satellites,Satellites,16.0,40,20,0.475,0.45,-0.009375,,False,,False
10,concept,concept__block_10__Satellites,Satellites,32.0,40,20,0.9625,0.875,0.64375,,False,,False
10,concept,concept__block_10__Satellites,Satellites,64.0,40,20,1.0,1.0,1.4,,False,,False
10,concept,concept__block_10__Satellites,Satellites,128.0,40,20,1.0,1.0,1.33125,,False,,False
10,concept,concept__block_10__Satellites,Satellites,256.0,40,20,0.9375,0.8375,0.446875,,False,,False
10,concept,concept__block_10__Satellites,Satellites,512.0,40,20,0.6,0.6125,0.19375,,False,,False
10,concept,concept__block_10__Satellites,Satellites,1024.0,40,20,0.4,0.5125,-0.05625,,False,,False
10,concept,concept__block_10__recursion,recursion,0.0078125,40,20,0.5125,0.4875,-0.003125,161.62358686228373,True,831.4028373610873,True
10,concept,concept__block_10__recursion,recursion,0.015625,40,20,0.4875,0.5125,0.003125,161.62358686228373,True,831.4028373610873,True
10,concept,concept__block_10__recursion,recursion,0.03125,40,20,0.5125,0.5375,0.009375,161.62358686228373,True,831.4028373610873,True
10,concept,concept__block_10__recursion,recursion,0.0625,40,20,0.5,0.4625,-0.0125,161.62358686228373,True,831.4028373610873,True
10,concept,concept__block_10__recursion,recursion,0.125,40,20,0.4875,0.45,-0.0125,161.62358686228373,True,831.4028373610873,True
10,concept,concept__block_10__recursion,recursion,0.25,40,20,0.5,0.4875,-0.003125,161.62358686228373,True,831.4028373610873,True
10,concept,concept__block_10__recursion,recursion,0.5,40,20,0.5125,0.5375,0.009375,161.62358686228373,True,831.4028373610873,True
10,concept,concept__block_10__recursion,recursion,1.0,40,20,0.5125,0.4875,-0.003125,161.62358686228373,True,831.4028373610873,True
10,concept,concept__block_10__recursion,recursion,2.0,40,20,0.5,0.525,0.00625,161.62358686228373,True,831.4028373610873,True
10,concept,concept__block_10__recursion,recursion,4.0,40,20,0.5,0.525,0.003125,161.62358686228373,True,831.4028373610873,True
10,concept,concept__block_10__recursion,recursion,8.0,40,20,0.4875,0.4875,-0.00625,161.62358686228373,True,831.4028373610873,True
10,concept,concept__block_10__recursion,recursion,16.0,40,20,0.8875,0.875,0.28125,161.62358686228373,True,831.4028373610873,True
10,concept,concept__block_10__recursion,recursion,32.0,40,20,1.0,0.9875,0.8125,161.62358686228373,True,831.4028373610873,True
10,concept,concept__block_10__recursion,recursion,64.0,40,20,1.0,1.0,1.409375,161.62358686228373,True,831.4028373610873,True
10,concept,concept__block_10__recursion,recursion,128.0,40,20,0.9875,0.9625,0.678125,161.62358686228373,True,831.4028373610873,True
10,concept,concept__block_10__recursion,recursion,256.0,40,20,0.8125,0.7,0.278125,161.62358686228373,True,831.4028373610873,True
10,concept,concept__block_10__recursion,recursion,512.0,40,20,0.725,0.5875,0.09375,161.62358686228373,True,831.4028373610873,True
10,concept,concept__block_10__recursion,recursion,1024.0,40,20,0.4125,0.3875,-0.1125,161.62358686228373,True,831.4028373610873,True
10,concept,concept__block_10__shutdown,shutdown,0.0078125,40,20,0.5,0.525,0.00625,71.51309680819455,True,,False
10,concept,concept__block_10__shutdown,shutdown,0.015625,40,20,0.5,0.525,0.00625,71.51309680819455,True,,False
10,concept,concept__block_10__shutdown,shutdown,0.03125,40,20,0.5,0.5375,0.009375,71.51309680819455,True,,False
10,concept,concept__block_10__shutdown,shutdown,0.0625,40,20,0.5,0.4875,-0.003125,71.51309680819455,True,,False
10,concept,concept__block_10__shutdown,shutdown,0.125,40,20,0.5125,0.5375,0.009375,71.51309680819455,True,,False
10,concept,concept__block_10__shutdown,shutdown,0.25,40,20,0.5125,0.5375,0.009375,71.51309680819455,True,,False
10,concept,concept__block_10__shutdown,shutdown,0.5,40,20,0.4875,0.5125,0.003125,71.51309680819455,True,,False
10,concept,concept__block_10__shutdown,shutdown,1.0,40,20,0.5,0.525,0.009375,71.51309680819455,True,,False
10,concept,concept__block_10__shutdown,shutdown,2.0,40,20,0.5,0.5,0.0,71.51309680819455,True,,False
10,concept,concept__block_10__shutdown,shutdown,4.0,40,20,0.4875,0.475,-0.00625,71.51309680819455,True,,False
10,concept,concept__block_10__shutdown,shutdown,8.0,40,20,0.5,0.5375,0.0125,71.51309680819455,True,,False
10,concept,concept__block_10__shutdown,shutdown,16.0,40,20,0.5625,0.6875,0.0625,71.51309680819455,True,,False
10,concept,concept__block_10__shutdown,shutdown,32.0,40,20,0.8625,0.8375,0.25,71.51309680819455,True,,False
10,concept,concept__block_10__shutdown,shutdown,64.0,40,20,0.95,0.7625,0.428125,71.51309680819455,True,,False
10,concept,concept__block_10__shutdown,shutdown,128.0,40,20,0.95,0.7375,0.459375,71.51309680819455,True,,False
10,concept,concept__block_10__shutdown,shutdown,256.0,40,20,0.9875,0.8,0.4875,71.51309680819455,True,,False
10,concept,concept__block_10__shutdown,shutdown,512.0,40,20,0.825,0.575,0.278125,71.51309680819455,True,,False
10,concept,concept__block_10__shutdown,shutdown,1024.0,40,20,0.5875,0.5,0.059375,71.51309680819455,True,,False
10,dropout,dropout_realization_00,dropout_realization_00,0.0078125,40,20,0.5,0.5,0.0,285.0623639501005,True,959.0983791203791,True
10,dropout,dropout_realization_00,dropout_realization_00,0.015625,40,20,0.5,0.5,0.0,285.0623639501005,True,959.0983791203791,True
10,dropout,dropout_realization_00,dropout_realization_00,0.03125,40,20,0.5,0.5,0.0,285.0623639501005,True,959.0983791203791,True
10,dropout,dropout_realization_00,dropout_realization_00,0.0625,40,20,0.5,0.4875,-0.003125,285.0623639501005,True,959.0983791203791,True
10,dropout,dropout_realization_00,dropout_realization_00,0.125,40,20,0.5,0.5125,0.003125,285.0623639501005,True,959.0983791203791,True
10,dropout,dropout_realization_00,dropout_realization_00,0.25,40,20,0.4875,0.475,-0.00625,285.0623639501005,True,959.0983791203791,True
10,dropout,dropout_realization_00,dropout_realization_00,0.5,40,20,0.5125,0.4875,-0.003125,285.0623639501005,True,959.0983791203791,True
10,dropout,dropout_realization_00,dropout_realization_00,1.0,40,20,0.5,0.475,-0.00625,285.0623639501005,True,959.0983791203791,True
10,dropout,dropout_realization_00,dropout_realization_00,2.0,40,20,0.5125,0.5375,0.0125,285.0623639501005,True,959.0983791203791,True
10,dropout,dropout_realization_00,dropout_realization_00,4.0,40,20,0.525,0.5625,0.015625,285.0623639501005,True,959.0983791203791,True
10,dropout,dropout_realization_00,dropout_realization_00,8.0,40,20,0.5,0.5125,0.003125,285.0623639501005,True,959.0983791203791,True
10,dropout,dropout_realization_00,dropout_realization_00,16.0,40,20,0.5125,0.5625,0.015625,285.0623639501005,True,959.0983791203791,True
10,dropout,dropout_realization_00,dropout_realization_00,32.0,40,20,0.5125,0.55,0.0125,285.0623639501005,True,959.0983791203791,True
10,dropout,dropout_realization_00,dropout_realization_00,64.0,40,20,0.5,0.525,0.009375,285.0623639501005,True,959.0983791203791,True
10,dropout,dropout_realization_00,dropout_realization_00,128.0,40,20,0.65,0.675,0.11875,285.0623639501005,True,959.0983791203791,True
10,dropout,dropout_realization_00,dropout_realization_00,256.0,40,20,0.8375,0.6875,0.25625,285.0623639501005,True,959.0983791203791,True
10,dropout,dropout_realization_00,dropout_realization_00,512.0,40,20,0.775,0.675,0.2625,285.0623639501005,True,959.0983791203791,True
10,dropout,dropout_realization_00,dropout_realization_00,1024.0,40,20,0.8875,0.7625,0.38125,285.0623639501005,True,959.0983791203791,True
10,dropout,dropout_realization_01,dropout_realization_01,0.0078125,40,20,0.5,0.5,0.0,389.72652100377604,True,,False
10,dropout,dropout_realization_01,dropout_realization_01,0.015625,40,20,0.5,0.5,0.0,389.72652100377604,True,,False
10,dropout,dropout_realization_01,dropout_realization_01,0.03125,40,20,0.5,0.5,0.0,389.72652100377604,True,,False
10,dropout,dropout_realization_01,dropout_realization_01,0.0625,40,20,0.5,0.5,0.0,389.72652100377604,True,,False
10,dropout,dropout_realization_01,dropout_realization_01,0.125,40,20,0.5,0.5,0.0,389.72652100377604,True,,False
10,dropout,dropout_realization_01,dropout_realization_01,0.25,40,20,0.5,0.4875,-0.003125,389.72652100377604,True,,False
10,dropout,dropout_realization_01,dropout_realization_01,0.5,40,20,0.5125,0.5125,0.003125,389.72652100377604,True,,False
10,dropout,dropout_realization_01,dropout_realization_01,1.0,40,20,0.5,0.5375,0.009375,389.72652100377604,True,,False
10,dropout,dropout_realization_01,dropout_realization_01,2.0,40,20,0.5,0.5,0.0,389.72652100377604,True,,False
10,dropout,dropout_realization_01,dropout_realization_01,4.0,40,20,0.5125,0.5375,0.009375,389.72652100377604,True,,False
10,dropout,dropout_realization_01,dropout_realization_01,8.0,40,20,0.5,0.4875,-0.00625,389.72652100377604,True,,False
10,dropout,dropout_realization_01,dropout_realization_01,16.0,40,20,0.5,0.4875,-0.003125,389.72652100377604,True,,False
10,dropout,dropout_realization_01,dropout_realization_01,32.0,40,20,0.5,0.475,-0.003125,389.72652100377604,True,,False
10,dropout,dropout_realization_01,dropout_realization_01,64.0,40,20,0.475,0.5,0.00625,389.72652100377604,True,,False
10,dropout,dropout_realization_01,dropout_realization_01,128.0,40,20,0.5625,0.6,0.059375,389.72652100377604,True,,False
10,dropout,dropout_realization_01,dropout_realization_01,256.0,40,20,0.7625,0.7125,0.203125,389.72652100377604,True,,False
10,dropout,dropout_realization_01,dropout_realization_01,512.0,40,20,0.8125,0.6625,0.28125,389.72652100377604,True,,False
10,dropout,dropout_realization_01,dropout_realization_01,1024.0,40,20,0.875,0.775,0.45625,389.72652100377604,True,,False
10,noise,noise_realization_00,noise_realization_00,0.0078125,40,20,0.5125,0.5,0.0,727.8611546784794,True,,False
10,noise,noise_realization_00,noise_realization_00,0.015625,40,20,0.4875,0.5125,0.003125,727.8611546784794,True,,False
10,noise,noise_realization_00,noise_realization_00,0.03125,40,20,0.5125,0.5125,0.003125,727.8611546784794,True,,False
10,noise,noise_realization_00,noise_realization_00,0.0625,40,20,0.5125,0.5125,0.003125,727.8611546784794,True,,False
10,noise,noise_realization_00,noise_realization_00,0.125,40,20,0.5,0.4875,-0.003125,727.8611546784794,True,,False
10,noise,noise_realization_00,noise_realization_00,0.25,40,20,0.5,0.45,-0.0125,727.8611546784794,True,,False
10,noise,noise_realization_00,noise_realization_00,0.5,40,20,0.5125,0.5625,0.015625,727.8611546784794,True,,False
10,noise,noise_realization_00,noise_realization_00,1.0,40,20,0.4875,0.5375,0.009375,727.8611546784794,True,,False
10,noise,noise_realization_00,noise_realization_00,2.0,40,20,0.5,0.5125,0.00625,727.8611546784794,True,,False
10,noise,noise_realization_00,noise_realization_00,4.0,40,20,0.5,0.4875,-0.003125,727.8611546784794,True,,False
10,noise,noise_realization_00,noise_realization_00,8.0,40,20,0.5,0.4875,0.0,727.8611546784794,True,,False
10,noise,noise_realization_00,noise_realization_00,16.0,40,20,0.4875,0.4625,-0.009375,727.8611546784794,True,,False
10,noise,noise_realization_00,noise_realization_00,32.0,40,20,0.4875,0.4875,-0.003125,727.8611546784794,True,,False
10,noise,noise_realization_00,noise_realization_00,64.0,40,20,0.525,0.5875,0.028125,727.8611546784794,True,,False
10,noise,noise_realization_00,noise_realization_00,128.0,40,20,0.85,0.85,0.25625,727.8611546784794,True,,False
10,noise,noise_realization_00,noise_realization_00,256.0,40,20,1.0,0.825,0.434375,727.8611546784794,True,,False
10,noise,noise_realization_00,noise_realization_00,512.0,40,20,0.8125,0.625,0.29375,727.8611546784794,True,,False
10,noise,noise_realization_00,noise_realization_00,1024.0,40,20,0.5125,0.4875,0.028125,727.8611546784794,True,,False
10,noise,noise_realization_01,noise_realization_01,0.0078125,40,20,0.5,0.5375,0.009375,663.2524323651683,True,,False
10,noise,noise_realization_01,noise_realization_01,0.015625,40,20,0.5125,0.4625,-0.00625,663.2524323651683,True,,False
10,noise,noise_realization_01,noise_realization_01,0.03125,40,20,0.5,0.5,0.0,663.2524323651683,True,,False
10,noise,noise_realization_01,noise_realization_01,0.0625,40,20,0.5125,0.5,0.0,663.2524323651683,True,,False
10,noise,noise_realization_01,noise_realization_01,0.125,40,20,0.5125,0.5125,0.003125,663.2524323651683,True,,False
10,noise,noise_realization_01,noise_realization_01,0.25,40,20,0.5125,0.5,0.0,663.2524323651683,True,,False
10,noise,noise_realization_01,noise_realization_01,0.5,40,20,0.475,0.475,-0.00625,663.2524323651683,True,,False
10,noise,noise_realization_01,noise_realization_01,1.0,40,20,0.5,0.5,0.0,663.2524323651683,True,,False
10,noise,noise_realization_01,noise_realization_01,2.0,40,20,0.5,0.5,0.003125,663.2524323651683,True,,False
10,noise,noise_realization_01,noise_realization_01,4.0,40,20,0.475,0.4375,-0.015625,663.2524323651683,True,,False
10,noise,noise_realization_01,noise_realization_01,8.0,40,20,0.5125,0.5,0.0,663.2524323651683,True,,False
10,noise,noise_realization_01,noise_realization_01,16.0,40,20,0.5,0.5,0.0,663.2524323651683,True,,False
10,noise,noise_realization_01,noise_realization_01,32.0,40,20,0.475,0.4625,-0.0125,663.2524323651683,True,,False
10,noise,noise_realization_01,noise_realization_01,64.0,40,20,0.5125,0.575,0.021875,663.2524323651683,True,,False
10,noise,noise_realization_01,noise_realization_01,128.0,40,20,0.7875,0.85,0.240625,663.2524323651683,True,,False
10,noise,noise_realization_01,noise_realization_01,256.0,40,20,0.9875,0.7875,0.434375,663.2524323651683,True,,False
10,noise,noise_realization_01,noise_realization_01,512.0,40,20,0.85,0.6625,0.3125,663.2524323651683,True,,False
10,noise,noise_realization_01,noise_realization_01,1024.0,40,20,0.5,0.45,0.009375,663.2524323651683,True,,False
10,random,fixed_random__block_10__0000,0000,0.0078125,40,20,0.5125,0.5125,0.003125,,False,,False
10,random,fixed_random__block_10__0000,0000,0.015625,40,20,0.4875,0.4875,-0.003125,,False,,False
10,random,fixed_random__block_10__0000,0000,0.03125,40,20,0.5,0.475,-0.00625,,False,,False
10,random,fixed_random__block_10__0000,0000,0.0625,40,20,0.4875,0.45,-0.0125,,False,,False
10,random,fixed_random__block_10__0000,0000,0.125,40,20,0.5,0.525,0.00625,,False,,False
10,random,fixed_random__block_10__0000,0000,0.25,40,20,0.5125,0.5375,0.009375,,False,,False
10,random,fixed_random__block_10__0000,0000,0.5,40,20,0.4875,0.5125,0.003125,,False,,False
10,random,fixed_random__block_10__0000,0000,1.0,40,20,0.525,0.55,0.0125,,False,,False
10,random,fixed_random__block_10__0000,0000,2.0,40,20,0.5125,0.5625,0.015625,,False,,False
10,random,fixed_random__block_10__0000,0000,4.0,40,20,0.5,0.5125,0.003125,,False,,False
10,random,fixed_random__block_10__0000,0000,8.0,40,20,0.5,0.525,0.00625,,False,,False
10,random,fixed_random__block_10__0000,0000,16.0,40,20,0.5125,0.525,0.00625,,False,,False
10,random,fixed_random__block_10__0000,0000,32.0,40,20,0.5375,0.5125,0.00625,,False,,False
10,random,fixed_random__block_10__0000,0000,64.0,40,20,0.525,0.5625,0.0125,,False,,False
10,random,fixed_random__block_10__0000,0000,128.0,40,20,0.6,0.7,0.08125,,False,,False
10,random,fixed_random__block_10__0000,0000,256.0,40,20,0.725,0.4625,0.1,,False,,False
10,random,fixed_random__block_10__0000,0000,512.0,40,20,0.4375,0.425,-0.10625,,False,,False
10,random,fixed_random__block_10__0000,0000,1024.0,40,20,0.25,0.45,-0.1625,,False,,False
10,random,fixed_random__block_10__0001,0001,0.0078125,40,20,0.4875,0.525,0.00625,482.5457783628567,True,,False
10,random,fixed_random__block_10__0001,0001,0.015625,40,20,0.5125,0.525,0.00625,482.5457783628567,True,,False
10,random,fixed_random__block_10__0001,0001,0.03125,40,20,0.5,0.5125,0.003125,482.5457783628567,True,,False
10,random,fixed_random__block_10__0001,0001,0.0625,40,20,0.525,0.55,0.0125,482.5457783628567,True,,False
10,random,fixed_random__block_10__0001,0001,0.125,40,20,0.5,0.5375,0.009375,482.5457783628567,True,,False
10,random,fixed_random__block_10__0001,0001,0.25,40,20,0.5125,0.45,-0.0125,482.5457783628567,True,,False
10,random,fixed_random__block_10__0001,0001,0.5,40,20,0.5,0.55,0.0125,482.5457783628567,True,,False
10,random,fixed_random__block_10__0001,0001,1.0,40,20,0.5,0.525,0.00625,482.5457783628567,True,,False
10,random,fixed_random__block_10__0001,0001,2.0,40,20,0.4875,0.475,-0.00625,482.5457783628567,True,,False
10,random,fixed_random__block_10__0001,0001,4.0,40,20,0.525,0.5125,0.003125,482.5457783628567,True,,False
10,random,fixed_random__block_10__0001,0001,8.0,40,20,0.5,0.4875,-0.003125,482.5457783628567,True,,False
10,random,fixed_random__block_10__0001,0001,16.0,40,20,0.5125,0.525,0.00625,482.5457783628567,True,,False
10,random,fixed_random__block_10__0001,0001,32.0,40,20,0.5,0.55,0.01875,482.5457783628567,True,,False
10,random,fixed_random__block_10__0001,0001,64.0,40,20,0.5,0.5375,0.009375,482.5457783628567,True,,False
10,random,fixed_random__block_10__0001,0001,128.0,40,20,0.75,0.825,0.178125,482.5457783628567,True,,False
10,random,fixed_random__block_10__0001,0001,256.0,40,20,0.8875,0.7625,0.5125,482.5457783628567,True,,False
10,random,fixed_random__block_10__0001,0001,512.0,40,20,0.9375,0.8125,0.5,482.5457783628567,True,,False
10,random,fixed_random__block_10__0001,0001,1024.0,40,20,0.5625,0.5,0.053125,482.5457783628567,True,,False
10,random,fixed_random__block_10__0002,0002,0.0078125,40,20,0.5,0.525,0.00625,,False,,False
10,random,fixed_random__block_10__0002,0002,0.015625,40,20,0.5,0.475,-0.00625,,False,,False
10,random,fixed_random__block_10__0002,0002,0.03125,40,20,0.5,0.475,-0.00625,,False,,False
10,random,fixed_random__block_10__0002,0002,0.0625,40,20,0.5,0.4875,-0.003125,,False,,False
10,random,fixed_random__block_10__0002,0002,0.125,40,20,0.4875,0.5,0.0,,False,,False
10,random,fixed_random__block_10__0002,0002,0.25,40,20,0.475,0.475,-0.00625,,False,,False
10,random,fixed_random__block_10__0002,0002,0.5,40,20,0.5125,0.5125,0.003125,,False,,False
10,random,fixed_random__block_10__0002,0002,1.0,40,20,0.5,0.5125,0.003125,,False,,False
10,random,fixed_random__block_10__0002,0002,2.0,40,20,0.525,0.5375,0.009375,,False,,False
10,random,fixed_random__block_10__0002,0002,4.0,40,20,0.4875,0.5,0.0,,False,,False
10,random,fixed_random__block_10__0002,0002,8.0,40,20,0.5125,0.5375,0.009375,,False,,False
10,random,fixed_random__block_10__0002,0002,16.0,40,20,0.5,0.5375,0.0125,,False,,False
10,random,fixed_random__block_10__0002,0002,32.0,40,20,0.525,0.55,0.015625,,False,,False
10,random,fixed_random__block_10__0002,0002,64.0,40,20,0.575,0.725,0.06875,,False,,False
10,random,fixed_random__block_10__0002,0002,128.0,40,20,0.875,0.9625,0.30625,,False,,False
10,random,fixed_random__block_10__0002,0002,256.0,40,20,0.9125,0.7125,0.253125,,False,,False
10,random,fixed_random__block_10__0002,0002,512.0,40,20,0.525,0.4875,0.040625,,False,,False
10,random,fixed_random__block_10__0002,0002,1024.0,40,20,0.5,0.5,-0.071875,,False,,False
12,concept,concept__block_12__Dust,Dust,0.0078125,40,20,0.5125,0.5125,0.003125,490.4987263388129,True,,False
12,concept,concept__block_12__Dust,Dust,0.015625,40,20,0.5125,0.5,0.0,490.4987263388129,True,,False
12,concept,concept__block_12__Dust,Dust,0.03125,40,20,0.5,0.4875,-0.003125,490.4987263388129,True,,False
12,concept,concept__block_12__Dust,Dust,0.0625,40,20,0.525,0.525,0.00625,490.4987263388129,True,,False
12,concept,concept__block_12__Dust,Dust,0.125,40,20,0.5125,0.5375,0.009375,490.4987263388129,True,,False
12,concept,concept__block_12__Dust,Dust,0.25,40,20,0.5,0.5,0.0,490.4987263388129,True,,False
12,concept,concept__block_12__Dust,Dust,0.5,40,20,0.5,0.475,-0.00625,490.4987263388129,True,,False
12,concept,concept__block_12__Dust,Dust,1.0,40,20,0.5,0.525,0.00625,490.4987263388129,True,,False
12,concept,concept__block_12__Dust,Dust,2.0,40,20,0.5,0.5125,0.003125,490.4987263388129,True,,False
12,concept,concept__block_12__Dust,Dust,4.0,40,20,0.4875,0.425,-0.01875,490.4987263388129,True,,False
12,concept,concept__block_12__Dust,Dust,8.0,40,20,0.5125,0.525,0.00625,490.4987263388129,True,,False
12,concept,concept__block_12__Dust,Dust,16.0,40,20,0.5,0.4375,-0.01875,490.4987263388129,True,,False
12,concept,concept__block_12__Dust,Dust,32.0,40,20,0.55,0.6375,0.078125,490.4987263388129,True,,False
12,concept,concept__block_12__Dust,Dust,64.0,40,20,0.8875,0.6625,0.275,490.4987263388129,True,,False
12,concept,concept__block_12__Dust,Dust,128.0,40,20,0.9625,0.8,0.59375,490.4987263388129,True,,False
12,concept,concept__block_12__Dust,Dust,256.0,40,20,1.0,0.95,0.65625,490.4987263388129,True,,False
12,concept,concept__block_12__Dust,Dust,512.0,40,20,0.75,0.6625,0.075,490.4987263388129,True,,False
12,concept,concept__block_12__Dust,Dust,1024.0,40,20,0.425,0.55,0.040625,490.4987263388129,True,,False
12,concept,concept__block_12__Satellites,Satellites,0.0078125,40,20,0.5,0.5,0.0,,False,,False
12,concept,concept__block_12__Satellites,Satellites,0.015625,40,20,0.5,0.4625,-0.009375,,False,,False
12,concept,concept__block_12__Satellites,Satellites,0.03125,40,20,0.5,0.5375,0.009375,,False,,False
12,concept,concept__block_12__Satellites,Satellites,0.0625,40,20,0.5,0.5375,0.009375,,False,,False
12,concept,concept__block_12__Satellites,Satellites,0.125,40,20,0.4875,0.45,-0.009375,,False,,False
12,concept,concept__block_12__Satellites,Satellites,0.25,40,20,0.5125,0.4875,-0.003125,,False,,False
12,concept,concept__block_12__Satellites,Satellites,0.5,40,20,0.5125,0.55,0.0125,,False,,False
12,concept,concept__block_12__Satellites,Satellites,1.0,40,20,0.475,0.475,-0.00625,,False,,False
12,concept,concept__block_12__Satellites,Satellites,2.0,40,20,0.5,0.4875,-0.003125,,False,,False
12,concept,concept__block_12__Satellites,Satellites,4.0,40,20,0.5,0.45,-0.0125,,False,,False
12,concept,concept__block_12__Satellites,Satellites,8.0,40,20,0.475,0.4,-0.028125,,False,,False
12,concept,concept__block_12__Satellites,Satellites,16.0,40,20,0.3875,0.275,-0.115625,,False,,False
12,concept,concept__block_12__Satellites,Satellites,32.0,40,20,0.925,0.9125,0.553125,,False,,False
12,concept,concept__block_12__Satellites,Satellites,64.0,40,20,0.9625,0.925,0.875,,False,,False
12,concept,concept__block_12__Satellites,Satellites,128.0,40,20,0.95,0.825,0.434375,,False,,False
12,concept,concept__block_12__Satellites,Satellites,256.0,40,20,0.6125,0.6125,0.115625,,False,,False
12,concept,concept__block_12__Satellites,Satellites,512.0,40,20,0.225,0.4125,-0.165625,,False,,False
12,concept,concept__block_12__Satellites,Satellites,1024.0,40,20,0.2375,0.4375,-0.23125,,False,,False
12,concept,concept__block_12__recursion,recursion,0.0078125,40,20,0.5,0.5,0.0,152.62429305057245,True,372.1244470984247,True
12,concept,concept__block_12__recursion,recursion,0.015625,40,20,0.4875,0.5,0.0,152.62429305057245,True,372.1244470984247,True
12,concept,concept__block_12__recursion,recursion,0.03125,40,20,0.5,0.5125,0.003125,152.62429305057245,True,372.1244470984247,True
12,concept,concept__block_12__recursion,recursion,0.0625,40,20,0.5125,0.55,0.0125,152.62429305057245,True,372.1244470984247,True
12,concept,concept__block_12__recursion,recursion,0.125,40,20,0.525,0.55,0.0125,152.62429305057245,True,372.1244470984247,True
12,concept,concept__block_12__recursion,recursion,0.25,40,20,0.5125,0.55,0.0125,152.62429305057245,True,372.1244470984247,True
12,concept,concept__block_12__recursion,recursion,0.5,40,20,0.4875,0.5,0.0,152.62429305057245,True,372.1244470984247,True
12,concept,concept__block_12__recursion,recursion,1.0,40,20,0.4875,0.5625,0.015625,152.62429305057245,True,372.1244470984247,True
12,concept,concept__block_12__recursion,recursion,2.0,40,20,0.5,0.45,-0.0125,152.62429305057245,True,372.1244470984247,True
12,concept,concept__block_12__recursion,recursion,4.0,40,20,0.5,0.5,0.0,152.62429305057245,True,372.1244470984247,True
12,concept,concept__block_12__recursion,recursion,8.0,40,20,0.5,0.4625,-0.009375,152.62429305057245,True,372.1244470984247,True
12,concept,concept__block_12__recursion,recursion,16.0,40,20,0.5,0.5375,0.009375,152.62429305057245,True,372.1244470984247,True
12,concept,concept__block_12__recursion,recursion,32.0,40,20,0.4875,0.45,-0.015625,152.62429305057245,True,372.1244470984247,True
12,concept,concept__block_12__recursion,recursion,64.0,40,20,0.7625,0.8,0.2,152.62429305057245,True,372.1244470984247,True
12,concept,concept__block_12__recursion,recursion,128.0,40,20,0.925,0.8125,0.45625,152.62429305057245,True,372.1244470984247,True
12,concept,concept__block_12__recursion,recursion,256.0,40,20,0.975,0.925,0.628125,152.62429305057245,True,372.1244470984247,True
12,concept,concept__block_12__recursion,recursion,512.0,40,20,0.7875,0.7625,0.390625,152.62429305057245,True,372.1244470984247,True
12,concept,concept__block_12__recursion,recursion,1024.0,40,20,0.725,0.6375,0.21875,152.62429305057245,True,372.1244470984247,True
12,concept,concept__block_12__shutdown,shutdown,0.0078125,40,20,0.4875,0.525,0.00625,,False,,False
12,concept,concept__block_12__shutdown,shutdown,0.015625,40,20,0.5,0.525,0.00625,,False,,False
12,concept,concept__block_12__shutdown,shutdown,0.03125,40,20,0.5,0.525,0.00625,,False,,False
12,concept,concept__block_12__shutdown,shutdown,0.0625,40,20,0.525,0.5625,0.015625,,False,,False
12,concept,concept__block_12__shutdown,shutdown,0.125,40,20,0.5125,0.4625,-0.009375,,False,,False
12,concept,concept__block_12__shutdown,shutdown,0.25,40,20,0.4875,0.475,-0.00625,,False,,False
12,concept,concept__block_12__shutdown,shutdown,0.5,40,20,0.5,0.5,0.0,,False,,False
12,concept,concept__block_12__shutdown,shutdown,1.0,40,20,0.5,0.5,0.0,,False,,False
12,concept,concept__block_12__shutdown,shutdown,2.0,40,20,0.4875,0.525,0.00625,,False,,False
12,concept,concept__block_12__shutdown,shutdown,4.0,40,20,0.5125,0.525,0.00625,,False,,False
12,concept,concept__block_12__shutdown,shutdown,8.0,40,20,0.5125,0.55,0.0125,,False,,False
12,concept,concept__block_12__shutdown,shutdown,16.0,40,20,0.5125,0.4875,0.0,,False,,False
12,concept,concept__block_12__shutdown,shutdown,32.0,40,20,0.575,0.5875,0.04375,,False,,False
12,concept,concept__block_12__shutdown,shutdown,64.0,40,20,0.8125,0.5375,0.190625,,False,,False
12,concept,concept__block_12__shutdown,shutdown,128.0,40,20,0.775,0.55,0.23125,,False,,False
12,concept,concept__block_12__shutdown,shutdown,256.0,40,20,0.75,0.5625,0.203125,,False,,False
12,concept,concept__block_12__shutdown,shutdown,512.0,40,20,0.5125,0.4375,0.015625,,False,,False
12,concept,concept__block_12__shutdown,shutdown,1024.0,40,20,0.3375,0.3875,-0.08125,,False,,False
12,dropout,dropout_realization_00,dropout_realization_00,0.0078125,40,20,0.5,0.5,0.0,,False,544.561840712348,True
12,dropout,dropout_realization_00,dropout_realization_00,0.015625,40,20,0.5,0.5,0.0,,False,544.561840712348,True
12,dropout,dropout_realization_00,dropout_realization_00,0.03125,40,20,0.5,0.5,0.0,,False,544.561840712348,True
12,dropout,dropout_realization_00,dropout_realization_00,0.0625,40,20,0.5,0.5,0.0,,False,544.561840712348,True
12,dropout,dropout_realization_00,dropout_realization_00,0.125,40,20,0.5,0.5,0.0,,False,544.561840712348,True
12,dropout,dropout_realization_00,dropout_realization_00,0.25,40,20,0.5,0.5125,0.003125,,False,544.561840712348,True
12,dropout,dropout_realization_00,dropout_realization_00,0.5,40,20,0.5125,0.5125,0.003125,,False,544.561840712348,True
12,dropout,dropout_realization_00,dropout_realization_00,1.0,40,20,0.4875,0.525,0.00625,,False,544.561840712348,True
12,dropout,dropout_realization_00,dropout_realization_00,2.0,40,20,0.5,0.525,0.009375,,False,544.561840712348,True
12,dropout,dropout_realization_00,dropout_realization_00,4.0,40,20,0.5125,0.4625,-0.009375,,False,544.561840712348,True
12,dropout,dropout_realization_00,dropout_realization_00,8.0,40,20,0.5,0.5375,0.009375,,False,544.561840712348,True
12,dropout,dropout_realization_00,dropout_realization_00,16.0,40,20,0.525,0.475,-0.003125,,False,544.561840712348,True
12,dropout,dropout_realization_00,dropout_realization_00,32.0,40,20,0.5,0.5125,0.0,,False,544.561840712348,True
12,dropout,dropout_realization_00,dropout_realization_00,64.0,40,20,0.5,0.5875,0.03125,,False,544.561840712348,True
12,dropout,dropout_realization_00,dropout_realization_00,128.0,40,20,0.5,0.4875,0.00625,,False,544.561840712348,True
12,dropout,dropout_realization_00,dropout_realization_00,256.0,40,20,0.7875,0.8875,0.24375,,False,544.561840712348,True
12,dropout,dropout_realization_00,dropout_realization_00,512.0,40,20,0.9875,0.8,0.528125,,False,544.561840712348,True
12,dropout,dropout_realization_00,dropout_realization_00,1024.0,40,20,0.8875,0.7125,0.421875,,False,544.561840712348,True
12,dropout,dropout_realization_01,dropout_realization_01,0.0078125,40,20,0.5,0.5,0.0,342.76844523857375,True,,False
12,dropout,dropout_realization_01,dropout_realization_01,0.015625,40,20,0.5,0.5,0.0,342.76844523857375,True,,False
12,dropout,dropout_realization_01,dropout_realization_01,0.03125,40,20,0.5,0.5,0.0,342.76844523857375,True,,False
12,dropout,dropout_realization_01,dropout_realization_01,0.0625,40,20,0.5,0.4875,-0.003125,342.76844523857375,True,,False
12,dropout,dropout_realization_01,dropout_realization_01,0.125,40,20,0.5,0.5,0.0,342.76844523857375,True,,False
12,dropout,dropout_realization_01,dropout_realization_01,0.25,40,20,0.5,0.4875,-0.003125,342.76844523857375,True,,False
12,dropout,dropout_realization_01,dropout_realization_01,0.5,40,20,0.5125,0.525,0.00625,342.76844523857375,True,,False
12,dropout,dropout_realization_01,dropout_realization_01,1.0,40,20,0.5,0.55,0.0125,342.76844523857375,True,,False
12,dropout,dropout_realization_01,dropout_realization_01,2.0,40,20,0.4875,0.475,-0.00625,342.76844523857375,True,,False
12,dropout,dropout_realization_01,dropout_realization_01,4.0,40,20,0.5125,0.5125,0.003125,342.76844523857375,True,,False
12,dropout,dropout_realization_01,dropout_realization_01,8.0,40,20,0.525,0.5125,0.003125,342.76844523857375,True,,False
12,dropout,dropout_realization_01,dropout_realization_01,16.0,40,20,0.5,0.5,0.0,342.76844523857375,True,,False
12,dropout,dropout_realization_01,dropout_realization_01,32.0,40,20,0.5125,0.5,0.0,342.76844523857375,True,,False
12,dropout,dropout_realization_01,dropout_realization_01,64.0,40,20,0.5125,0.5125,0.009375,342.76844523857375,True,,False
12,dropout,dropout_realization_01,dropout_realization_01,128.0,40,20,0.525,0.475,0.003125,342.76844523857375,True,,False
12,dropout,dropout_realization_01,dropout_realization_01,256.0,40,20,0.6625,0.65,0.159375,342.76844523857375,True,,False
12,dropout,dropout_realization_01,dropout_realization_01,512.0,40,20,0.95,0.7625,0.45,342.76844523857375,True,,False
12,dropout,dropout_realization_01,dropout_realization_01,1024.0,40,20,0.875,0.625,0.3875,342.76844523857375,True,,False
12,noise,noise_realization_00,noise_realization_00,0.0078125,40,20,0.5125,0.5125,0.003125,,False,,False
12,noise,noise_realization_00,noise_realization_00,0.015625,40,20,0.4875,0.5,0.0,,False,,False
12,noise,noise_realization_00,noise_realization_00,0.03125,40,20,0.4875,0.45,-0.0125,,False,,False
12,noise,noise_realization_00,noise_realization_00,0.0625,40,20,0.4875,0.475,-0.00625,,False,,False
12,noise,noise_realization_00,noise_realization_00,0.125,40,20,0.5,0.4625,-0.009375,,False,,False
12,noise,noise_realization_00,noise_realization_00,0.25,40,20,0.5125,0.5125,0.003125,,False,,False
12,noise,noise_realization_00,noise_realization_00,0.5,40,20,0.5125,0.5375,0.009375,,False,,False
12,noise,noise_realization_00,noise_realization_00,1.0,40,20,0.5,0.4375,-0.015625,,False,,False
12,noise,noise_realization_00,noise_realization_00,2.0,40,20,0.5,0.525,0.00625,,False,,False
12,noise,noise_realization_00,noise_realization_00,4.0,40,20,0.4875,0.4875,-0.003125,,False,,False
12,noise,noise_realization_00,noise_realization_00,8.0,40,20,0.5,0.475,-0.00625,,False,,False
12,noise,noise_realization_00,noise_realization_00,16.0,40,20,0.5125,0.5625,0.015625,,False,,False
12,noise,noise_realization_00,noise_realization_00,32.0,40,20,0.525,0.525,0.009375,,False,,False
12,noise,noise_realization_00,noise_realization_00,64.0,40,20,0.4875,0.525,0.003125,,False,,False
12,noise,noise_realization_00,noise_realization_00,128.0,40,20,0.6125,0.7875,0.1625,,False,,False
12,noise,noise_realization_00,noise_realization_00,256.0,40,20,0.95,0.8125,0.459375,,False,,False
12,noise,noise_realization_00,noise_realization_00,512.0,40,20,0.775,0.5875,0.28125,,False,,False
12,noise,noise_realization_00,noise_realization_00,1024.0,40,20,0.4625,0.45,-0.040625,,False,,False
12,noise,noise_realization_01,noise_realization_01,0.0078125,40,20,0.525,0.5125,0.003125,,False,,False
12,noise,noise_realization_01,noise_realization_01,0.015625,40,20,0.4875,0.425,-0.01875,,False,,False
12,noise,noise_realization_01,noise_realization_01,0.03125,40,20,0.5125,0.525,0.003125,,False,,False
12,noise,noise_realization_01,noise_realization_01,0.0625,40,20,0.5,0.4875,-0.003125,,False,,False
12,noise,noise_realization_01,noise_realization_01,0.125,40,20,0.4875,0.475,-0.009375,,False,,False
12,noise,noise_realization_01,noise_realization_01,0.25,40,20,0.4875,0.4875,-0.003125,,False,,False
12,noise,noise_realization_01,noise_realization_01,0.5,40,20,0.5125,0.5,0.0,,False,,False
12,noise,noise_realization_01,noise_realization_01,1.0,40,20,0.5,0.5,0.0,,False,,False
12,noise,noise_realization_01,noise_realization_01,2.0,40,20,0.5125,0.5,0.0,,False,,False
12,noise,noise_realization_01,noise_realization_01,4.0,40,20,0.475,0.4625,-0.009375,,False,,False
12,noise,noise_realization_01,noise_realization_01,8.0,40,20,0.5,0.4625,-0.009375,,False,,False
12,noise,noise_realization_01,noise_realization_01,16.0,40,20,0.5,0.5125,0.003125,,False,,False
12,noise,noise_realization_01,noise_realization_01,32.0,40,20,0.5125,0.5,0.003125,,False,,False
12,noise,noise_realization_01,noise_realization_01,64.0,40,20,0.475,0.5125,0.009375,,False,,False
12,noise,noise_realization_01,noise_realization_01,128.0,40,20,0.675,0.7625,0.153125,,False,,False
12,noise,noise_realization_01,noise_realization_01,256.0,40,20,0.95,0.8125,0.440625,,False,,False
12,noise,noise_realization_01,noise_realization_01,512.0,40,20,0.775,0.5625,0.221875,,False,,False
12,noise,noise_realization_01,noise_realization_01,1024.0,40,20,0.5375,0.4625,0.0,,False,,False
12,random,fixed_random__block_12__0000,0000,0.0078125,40,20,0.5,0.5,0.0,,False,79.3581216770746,True
12,random,fixed_random__block_12__0000,0000,0.015625,40,20,0.5,0.45,-0.0125,,False,79.3581216770746,True
12,random,fixed_random__block_12__0000,0000,0.03125,40,20,0.5,0.5125,0.003125,,False,79.3581216770746,True
12,random,fixed_random__block_12__0000,0000,0.0625,40,20,0.4875,0.5125,0.003125,,False,79.3581216770746,True
12,random,fixed_random__block_12__0000,0000,0.125,40,20,0.4875,0.45,-0.015625,,False,79.3581216770746,True
12,random,fixed_random__block_12__0000,0000,0.25,40,20,0.4875,0.5,0.0,,False,79.3581216770746,True
12,random,fixed_random__block_12__0000,0000,0.5,40,20,0.5,0.5125,0.003125,,False,79.3581216770746,True
12,random,fixed_random__block_12__0000,0000,1.0,40,20,0.5,0.5,0.0,,False,79.3581216770746,True
12,random,fixed_random__block_12__0000,0000,2.0,40,20,0.5125,0.5375,0.009375,,False,79.3581216770746,True
12,random,fixed_random__block_12__0000,0000,4.0,40,20,0.5,0.575,0.01875,,False,79.3581216770746,True
12,random,fixed_random__block_12__0000,0000,8.0,40,20,0.5,0.5,0.003125,,False,79.3581216770746,True
12,random,fixed_random__block_12__0000,0000,16.0,40,20,0.5125,0.525,0.009375,,False,79.3581216770746,True
12,random,fixed_random__block_12__0000,0000,32.0,40,20,0.525,0.6125,0.028125,,False,79.3581216770746,True
12,random,fixed_random__block_12__0000,0000,64.0,40,20,0.55,0.6625,0.046875,,False,79.3581216770746,True
12,random,fixed_random__block_12__0000,0000,128.0,40,20,0.9375,0.9,0.371875,,False,79.3581216770746,True
12,random,fixed_random__block_12__0000,0000,256.0,40,20,0.975,0.9375,0.80625,,False,79.3581216770746,True
12,random,fixed_random__block_12__0000,0000,512.0,40,20,1.0,1.0,1.10625,,False,79.3581216770746,True
12,random,fixed_random__block_12__0000,0000,1024.0,40,20,0.975,0.85,0.684375,,False,79.3581216770746,True
12,random,fixed_random__block_12__0001,0001,0.0078125,40,20,0.5,0.4875,-0.003125,,False,,False
12,random,fixed_random__block_12__0001,0001,0.015625,40,20,0.5125,0.5375,0.009375,,False,,False
12,random,fixed_random__block_12__0001,0001,0.03125,40,20,0.5,0.4875,-0.003125,,False,,False
12,random,fixed_random__block_12__0001,0001,0.0625,40,20,0.5125,0.5125,0.003125,,False,,False
12,random,fixed_random__block_12__0001,0001,0.125,40,20,0.475,0.475,-0.00625,,False,,False
12,random,fixed_random__block_12__0001,0001,0.25,40,20,0.5125,0.4625,-0.009375,,False,,False
12,random,fixed_random__block_12__0001,0001,0.5,40,20,0.4875,0.525,0.00625,,False,,False
12,random,fixed_random__block_12__0001,0001,1.0,40,20,0.5,0.5125,0.003125,,False,,False
12,random,fixed_random__block_12__0001,0001,2.0,40,20,0.5125,0.525,0.00625,,False,,False
12,random,fixed_random__block_12__0001,0001,4.0,40,20,0.5125,0.5375,0.009375,,False,,False
12,random,fixed_random__block_12__0001,0001,8.0,40,20,0.4875,0.525,0.009375,,False,,False
12,random,fixed_random__block_12__0001,0001,16.0,40,20,0.5125,0.575,0.01875,,False,,False
12,random,fixed_random__block_12__0001,0001,32.0,40,20,0.5125,0.625,0.040625,,False,,False
12,random,fixed_random__block_12__0001,0001,64.0,40,20,0.5375,0.7875,0.078125,,False,,False
12,random,fixed_random__block_12__0001,0001,128.0,40,20,0.7125,0.9125,0.209375,,False,,False
12,random,fixed_random__block_12__0001,0001,256.0,40,20,0.825,0.8375,0.209375,,False,,False
12,random,fixed_random__block_12__0001,0001,512.0,40,20,0.95,0.7875,0.31875,,False,,False
12,random,fixed_random__block_12__0001,0001,1024.0,40,20,0.0,0.2,-0.4875,,False,,False
12,random,fixed_random__block_12__0002,0002,0.0078125,40,20,0.5,0.525,0.003125,,False,,False
12,random,fixed_random__block_12__0002,0002,0.015625,40,20,0.5125,0.55,0.0125,,False,,False
12,random,fixed_random__block_12__0002,0002,0.03125,40,20,0.5125,0.475,-0.00625,,False,,False
12,random,fixed_random__block_12__0002,0002,0.0625,40,20,0.5125,0.55,0.0125,,False,,False
12,random,fixed_random__block_12__0002,0002,0.125,40,20,0.5125,0.5875,0.021875,,False,,False
12,random,fixed_random__block_12__0002,0002,0.25,40,20,0.5,0.5,0.0,,False,,False
12,random,fixed_random__block_12__0002,0002,0.5,40,20,0.5125,0.55,0.0125,,False,,False
12,random,fixed_random__block_12__0002,0002,1.0,40,20,0.5,0.55,0.0125,,False,,False
12,random,fixed_random__block_12__0002,0002,2.0,40,20,0.4875,0.4875,-0.003125,,False,,False
12,random,fixed_random__block_12__0002,0002,4.0,40,20,0.4875,0.5125,0.00625,,False,,False
12,random,fixed_random__block_12__0002,0002,8.0,40,20,0.525,0.5875,0.021875,,False,,False
12,random,fixed_random__block_12__0002,0002,16.0,40,20,0.5125,0.55,0.0125,,False,,False
12,random,fixed_random__block_12__0002,0002,32.0,40,20,0.5,0.5375,0.009375,,False,,False
12,random,fixed_random__block_12__0002,0002,64.0,40,20,0.5,0.575,0.025,,False,,False
12,random,fixed_random__block_12__0002,0002,128.0,40,20,0.65,0.725,0.15625,,False,,False
12,random,fixed_random__block_12__0002,0002,256.0,40,20,0.75,0.6,0.121875,,False,,False
12,random,fixed_random__block_12__0002,0002,512.0,40,20,0.625,0.5,0.0875,,False,,False
12,random,fixed_random__block_12__0002,0002,1024.0,40,20,0.3125,0.5125,-0.034375,,False,,False
16,concept,concept__block_16__Dust,Dust,0.0078125,40,20,0.5125,0.5625,0.015625,199.50300887803533,True,,False
16,concept,concept__block_16__Dust,Dust,0.015625,40,20,0.4875,0.5,0.0,199.50300887803533,True,,False
16,concept,concept__block_16__Dust,Dust,0.03125,40,20,0.525,0.5375,0.009375,199.50300887803533,True,,False
16,concept,concept__block_16__Dust,Dust,0.0625,40,20,0.5,0.5,0.0,199.50300887803533,True,,False
16,concept,concept__block_16__Dust,Dust,0.125,40,20,0.5,0.5375,0.009375,199.50300887803533,True,,False
16,concept,concept__block_16__Dust,Dust,0.25,40,20,0.475,0.5125,0.003125,199.50300887803533,True,,False
16,concept,concept__block_16__Dust,Dust,0.5,40,20,0.5,0.4875,0.0,199.50300887803533,True,,False
16,concept,concept__block_16__Dust,Dust,1.0,40,20,0.5,0.525,0.00625,199.50300887803533,True,,False
16,concept,concept__block_16__Dust,Dust,2.0,40,20,0.5125,0.4875,-0.003125,199.50300887803533,True,,False
16,concept,concept__block_16__Dust,Dust,4.0,40,20,0.5125,0.5125,0.003125,199.50300887803533,True,,False
16,concept,concept__block_16__Dust,Dust,8.0,40,20,0.5125,0.5375,0.0125,199.50300887803533,True,,False
16,concept,concept__block_16__Dust,Dust,16.0,40,20,0.525,0.65,0.04375,199.50300887803533,True,,False
16,concept,concept__block_16__Dust,Dust,32.0,40,20,0.6875,0.775,0.15625,199.50300887803533,True,,False
16,concept,concept__block_16__Dust,Dust,64.0,40,20,0.9125,0.7625,0.3,199.50300887803533,True,,False
16,concept,concept__block_16__Dust,Dust,128.0,40,20,1.0,1.0,0.95,199.50300887803533,True,,False
16,concept,concept__block_16__Dust,Dust,256.0,40,20,1.0,0.8875,0.64375,199.50300887803533,True,,False
16,concept,concept__block_16__Dust,Dust,512.0,40,20,0.7875,0.7125,0.1375,199.50300887803533,True,,False
16,concept,concept__block_16__Dust,Dust,1024.0,40,20,0.4625,0.6,0.04375,199.50300887803533,True,,False
16,concept,concept__block_16__Satellites,Satellites,0.0078125,40,20,0.5,0.5,0.0,,False,,False
16,concept,concept__block_16__Satellites,Satellites,0.015625,40,20,0.525,0.55,0.0125,,False,,False
16,concept,concept__block_16__Satellites,Satellites,0.03125,40,20,0.5125,0.525,0.00625,,False,,False
16,concept,concept__block_16__Satellites,Satellites,0.0625,40,20,0.5125,0.475,-0.00625,,False,,False
16,concept,concept__block_16__Satellites,Satellites,0.125,40,20,0.5125,0.525,0.00625,,False,,False
16,concept,concept__block_16__Satellites,Satellites,0.25,40,20,0.4875,0.4875,-0.003125,,False,,False
16,concept,concept__block_16__Satellites,Satellites,0.5,40,20,0.5,0.525,0.00625,,False,,False
16,concept,concept__block_16__Satellites,Satellites,1.0,40,20,0.4875,0.5625,0.015625,,False,,False
16,concept,concept__block_16__Satellites,Satellites,2.0,40,20,0.5,0.5375,0.0125,,False,,False
16,concept,concept__block_16__Satellites,Satellites,4.0,40,20,0.5,0.475,-0.003125,,False,,False
16,concept,concept__block_16__Satellites,Satellites,8.0,40,20,0.4875,0.45,-0.015625,,False,,False
16,concept,concept__block_16__Satellites,Satellites,16.0,40,20,0.4125,0.275,-0.0875,,False,,False
16,concept,concept__block_16__Satellites,Satellites,32.0,40,20,0.7375,0.6375,0.190625,,False,,False
16,concept,concept__block_16__Satellites,Satellites,64.0,40,20,0.925,0.925,0.65,,False,,False
16,concept,concept__block_16__Satellites,Satellites,128.0,40,20,0.7875,0.75,0.29375,,False,,False
16,concept,concept__block_16__Satellites,Satellites,256.0,40,20,0.4625,0.5,-0.025,,False,,False
16,concept,concept__block_16__Satellites,Satellites,512.0,40,20,0.2625,0.4125,-0.196875,,False,,False
16,concept,concept__block_16__Satellites,Satellites,1024.0,40,20,0.25,0.4125,-0.209375,,False,,False
16,concept,concept__block_16__recursion,recursion,0.0078125,40,20,0.4875,0.4625,-0.009375,535.5822796988772,True,,False
16,concept,concept__block_16__recursion,recursion,0.015625,40,20,0.4875,0.475,-0.00625,535.5822796988772,True,,False
16,concept,concept__block_16__recursion,recursion,0.03125,40,20,0.4875,0.475,-0.00625,535.5822796988772,True,,False
16,concept,concept__block_16__recursion,recursion,0.0625,40,20,0.5125,0.5,0.003125,535.5822796988772,True,,False
16,concept,concept__block_16__recursion,recursion,0.125,40,20,0.525,0.525,0.00625,535.5822796988772,True,,False
16,concept,concept__block_16__recursion,recursion,0.25,40,20,0.5,0.5,0.0,535.5822796988772,True,,False
16,concept,concept__block_16__recursion,recursion,0.5,40,20,0.5125,0.5125,0.003125,535.5822796988772,True,,False
16,concept,concept__block_16__recursion,recursion,1.0,40,20,0.5125,0.5125,0.003125,535.5822796988772,True,,False
16,concept,concept__block_16__recursion,recursion,2.0,40,20,0.5,0.5,-0.003125,535.5822796988772,True,,False
16,concept,concept__block_16__recursion,recursion,4.0,40,20,0.5125,0.5125,0.003125,535.5822796988772,True,,False
16,concept,concept__block_16__recursion,recursion,8.0,40,20,0.5,0.475,-0.00625,535.5822796988772,True,,False
16,concept,concept__block_16__recursion,recursion,16.0,40,20,0.475,0.475,-0.009375,535.5822796988772,True,,False
16,concept,concept__block_16__recursion,recursion,32.0,40,20,0.6375,0.6875,0.06875,535.5822796988772,True,,False
16,concept,concept__block_16__recursion,recursion,64.0,40,20,0.9875,0.925,0.4625,535.5822796988772,True,,False
16,concept,concept__block_16__recursion,recursion,128.0,40,20,0.95,0.775,0.415625,535.5822796988772,True,,False
16,concept,concept__block_16__recursion,recursion,256.0,40,20,0.7375,0.6125,0.1875,535.5822796988772,True,,False
16,concept,concept__block_16__recursion,recursion,512.0,40,20,0.65,0.525,0.103125,535.5822796988772,True,,False
16,concept,concept__block_16__recursion,recursion,1024.0,40,20,0.6,0.575,0.025,535.5822796988772,True,,False
16,concept,concept__block_16__shutdown,shutdown,0.0078125,40,20,0.525,0.5375,0.009375,,False,,False
16,concept,concept__block_16__shutdown,shutdown,0.015625,40,20,0.525,0.5625,0.015625,,False,,False
16,concept,concept__block_16__shutdown,shutdown,0.03125,40,20,0.5,0.5,0.0,,False,,False
16,concept,concept__block_16__shutdown,shutdown,0.0625,40,20,0.5,0.5,0.0,,False,,False
16,concept,concept__block_16__shutdown,shutdown,0.125,40,20,0.5125,0.5125,0.003125,,False,,False
16,concept,concept__block_16__shutdown,shutdown,0.25,40,20,0.5,0.5,0.0,,False,,False
16,concept,concept__block_16__shutdown,shutdown,0.5,40,20,0.5,0.5375,0.009375,,False,,False
16,concept,concept__block_16__shutdown,shutdown,1.0,40,20,0.5,0.5,0.0,,False,,False
16,concept,concept__block_16__shutdown,shutdown,2.0,40,20,0.525,0.5375,0.009375,,False,,False
16,concept,concept__block_16__shutdown,shutdown,4.0,40,20,0.4875,0.525,0.00625,,False,,False
16,concept,concept__block_16__shutdown,shutdown,8.0,40,20,0.4875,0.5375,0.009375,,False,,False
16,concept,concept__block_16__shutdown,shutdown,16.0,40,20,0.5,0.525,0.00625,,False,,False
16,concept,concept__block_16__shutdown,shutdown,32.0,40,20,0.4125,0.3625,-0.0375,,False,,False
16,concept,concept__block_16__shutdown,shutdown,64.0,40,20,0.425,0.4375,-0.046875,,False,,False
16,concept,concept__block_16__shutdown,shutdown,128.0,40,20,0.8875,0.7,0.353125,,False,,False
16,concept,concept__block_16__shutdown,shutdown,256.0,40,20,0.35,0.3375,-0.0375,,False,,False
16,concept,concept__block_16__shutdown,shutdown,512.0,40,20,0.25,0.2875,-0.165625,,False,,False
16,concept,concept__block_16__shutdown,shutdown,1024.0,40,20,0.1125,0.275,-0.2375,,False,,False
16,dropout,dropout_realization_00,dropout_realization_00,0.0078125,40,20,0.5,0.5,0.0,689.6482392123177,True,,False
16,dropout,dropout_realization_00,dropout_realization_00,0.015625,40,20,0.5,0.5,0.0,689.6482392123177,True,,False
16,dropout,dropout_realization_00,dropout_realization_00,0.03125,40,20,0.5,0.5,0.0,689.6482392123177,True,,False
16,dropout,dropout_realization_00,dropout_realization_00,0.0625,40,20,0.5,0.5,0.0,689.6482392123177,True,,False
16,dropout,dropout_realization_00,dropout_realization_00,0.125,40,20,0.5,0.4875,-0.003125,689.6482392123177,True,,False
16,dropout,dropout_realization_00,dropout_realization_00,0.25,40,20,0.5,0.5125,0.003125,689.6482392123177,True,,False
16,dropout,dropout_realization_00,dropout_realization_00,0.5,40,20,0.5,0.525,0.00625,689.6482392123177,True,,False
16,dropout,dropout_realization_00,dropout_realization_00,1.0,40,20,0.4875,0.4625,-0.009375,689.6482392123177,True,,False
16,dropout,dropout_realization_00,dropout_realization_00,2.0,40,20,0.4875,0.4625,-0.009375,689.6482392123177,True,,False
16,dropout,dropout_realization_00,dropout_realization_00,4.0,40,20,0.5,0.5125,0.003125,689.6482392123177,True,,False
16,dropout,dropout_realization_00,dropout_realization_00,8.0,40,20,0.4875,0.525,0.00625,689.6482392123177,True,,False
16,dropout,dropout_realization_00,dropout_realization_00,16.0,40,20,0.5125,0.5375,0.009375,689.6482392123177,True,,False
16,dropout,dropout_realization_00,dropout_realization_00,32.0,40,20,0.5,0.4875,-0.003125,689.6482392123177,True,,False
16,dropout,dropout_realization_00,dropout_realization_00,64.0,40,20,0.5,0.5375,0.015625,689.6482392123177,True,,False
16,dropout,dropout_realization_00,dropout_realization_00,128.0,40,20,0.525,0.5625,0.021875,689.6482392123177,True,,False
16,dropout,dropout_realization_00,dropout_realization_00,256.0,40,20,0.7,0.625,0.13125,689.6482392123177,True,,False
16,dropout,dropout_realization_00,dropout_realization_00,512.0,40,20,0.8375,0.6375,0.321875,689.6482392123177,True,,False
16,dropout,dropout_realization_00,dropout_realization_00,1024.0,40,20,0.7125,0.55,0.28125,689.6482392123177,True,,False
16,dropout,dropout_realization_01,dropout_realization_01,0.0078125,40,20,0.5,0.5,0.0,,False,,False
16,dropout,dropout_realization_01,dropout_realization_01,0.015625,40,20,0.5,0.5,0.0,,False,,False
16,dropout,dropout_realization_01,dropout_realization_01,0.03125,40,20,0.5,0.5,0.0,,False,,False
16,dropout,dropout_realization_01,dropout_realization_01,0.0625,40,20,0.5,0.5,0.0,,False,,False
16,dropout,dropout_realization_01,dropout_realization_01,0.125,40,20,0.5,0.5,0.0,,False,,False
16,dropout,dropout_realization_01,dropout_realization_01,0.25,40,20,0.5,0.5,0.0,,False,,False
16,dropout,dropout_realization_01,dropout_realization_01,0.5,40,20,0.525,0.525,0.00625,,False,,False
16,dropout,dropout_realization_01,dropout_realization_01,1.0,40,20,0.525,0.5375,0.009375,,False,,False
16,dropout,dropout_realization_01,dropout_realization_01,2.0,40,20,0.5,0.525,0.00625,,False,,False
16,dropout,dropout_realization_01,dropout_realization_01,4.0,40,20,0.5,0.4625,-0.009375,,False,,False
16,dropout,dropout_realization_01,dropout_realization_01,8.0,40,20,0.5125,0.5625,0.015625,,False,,False
16,dropout,dropout_realization_01,dropout_realization_01,16.0,40,20,0.525,0.575,0.01875,,False,,False
16,dropout,dropout_realization_01,dropout_realization_01,32.0,40,20,0.5,0.5125,0.0,,False,,False
16,dropout,dropout_realization_01,dropout_realization_01,64.0,40,20,0.55,0.5375,0.0125,,False,,False
16,dropout,dropout_realization_01,dropout_realization_01,128.0,40,20,0.575,0.5375,0.053125,,False,,False
16,dropout,dropout_realization_01,dropout_realization_01,256.0,40,20,0.675,0.5625,0.1125,,False,,False
16,dropout,dropout_realization_01,dropout_realization_01,512.0,40,20,0.8125,0.6875,0.290625,,False,,False
16,dropout,dropout_realization_01,dropout_realization_01,1024.0,40,20,0.7875,0.6125,0.3125,,False,,False
16,noise,noise_realization_00,noise_realization_00,0.0078125,40,20,0.5,0.475,-0.00625,,False,,False
16,noise,noise_realization_00,noise_realization_00,0.015625,40,20,0.4875,0.4875,-0.003125,,False,,False
16,noise,noise_realization_00,noise_realization_00,0.03125,40,20,0.5,0.4875,-0.003125,,False,,False
16,noise,noise_realization_00,noise_realization_00,0.0625,40,20,0.4875,0.5125,0.003125,,False,,False
16,noise,noise_realization_00,noise_realization_00,0.125,40,20,0.5,0.5375,0.009375,,False,,False
16,noise,noise_realization_00,noise_realization_00,0.25,40,20,0.5,0.4625,-0.009375,,False,,False
16,noise,noise_realization_00,noise_realization_00,0.5,40,20,0.4875,0.475,-0.00625,,False,,False
16,noise,noise_realization_00,noise_realization_00,1.0,40,20,0.5,0.525,0.00625,,False,,False
16,noise,noise_realization_00,noise_realization_00,2.0,40,20,0.5,0.4625,-0.009375,,False,,False
16,noise,noise_realization_00,noise_realization_00,4.0,40,20,0.5,0.525,0.00625,,False,,False
16,noise,noise_realization_00,noise_realization_00,8.0,40,20,0.5125,0.5375,0.009375,,False,,False
16,noise,noise_realization_00,noise_realization_00,16.0,40,20,0.5,0.4875,-0.003125,,False,,False
16,noise,noise_realization_00,noise_realization_00,32.0,40,20,0.5,0.5125,0.003125,,False,,False
16,noise,noise_realization_00,noise_realization_00,64.0,40,20,0.4875,0.5125,0.003125,,False,,False
16,noise,noise_realization_00,noise_realization_00,128.0,40,20,0.6875,0.7125,0.159375,,False,,False
16,noise,noise_realization_00,noise_realization_00,256.0,40,20,0.8875,0.75,0.31875,,False,,False
16,noise,noise_realization_00,noise_realization_00,512.0,40,20,0.7625,0.575,0.246875,,False,,False
16,noise,noise_realization_00,noise_realization_00,1024.0,40,20,0.35,0.4125,-0.109375,,False,,False
16,noise,noise_realization_01,noise_realization_01,0.0078125,40,20,0.5,0.4625,-0.009375,,False,,False
16,noise,noise_realization_01,noise_realization_01,0.015625,40,20,0.5,0.5125,0.003125,,False,,False
16,noise,noise_realization_01,noise_realization_01,0.03125,40,20,0.5,0.5,0.0,,False,,False
16,noise,noise_realization_01,noise_realization_01,0.0625,40,20,0.4875,0.5,0.0,,False,,False
16,noise,noise_realization_01,noise_realization_01,0.125,40,20,0.4875,0.525,0.00625,,False,,False
16,noise,noise_realization_01,noise_realization_01,0.25,40,20,0.5,0.4875,-0.003125,,False,,False
16,noise,noise_realization_01,noise_realization_01,0.5,40,20,0.5125,0.5125,0.003125,,False,,False
16,noise,noise_realization_01,noise_realization_01,1.0,40,20,0.4875,0.5125,0.003125,,False,,False
16,noise,noise_realization_01,noise_realization_01,2.0,40,20,0.5125,0.5125,0.0,,False,,False
16,noise,noise_realization_01,noise_realization_01,4.0,40,20,0.5125,0.5,0.0,,False,,False
16,noise,noise_realization_01,noise_realization_01,8.0,40,20,0.5,0.5375,0.009375,,False,,False
16,noise,noise_realization_01,noise_realization_01,16.0,40,20,0.4875,0.525,0.00625,,False,,False
16,noise,noise_realization_01,noise_realization_01,32.0,40,20,0.4875,0.4875,-0.003125,,False,,False
16,noise,noise_realization_01,noise_realization_01,64.0,40,20,0.475,0.525,0.00625,,False,,False
16,noise,noise_realization_01,noise_realization_01,128.0,40,20,0.6,0.75,0.125,,False,,False
16,noise,noise_realization_01,noise_realization_01,256.0,40,20,0.875,0.675,0.290625,,False,,False
16,noise,noise_realization_01,noise_realization_01,512.0,40,20,0.825,0.5875,0.24375,,False,,False
16,noise,noise_realization_01,noise_realization_01,1024.0,40,20,0.4875,0.475,-0.025,,False,,False
16,random,fixed_random__block_16__0000,0000,0.0078125,40,20,0.5125,0.475,-0.00625,,False,,False
16,random,fixed_random__block_16__0000,0000,0.015625,40,20,0.5125,0.575,0.01875,,False,,False
16,random,fixed_random__block_16__0000,0000,0.03125,40,20,0.4875,0.4875,-0.003125,,False,,False
16,random,fixed_random__block_16__0000,0000,0.0625,40,20,0.5125,0.4875,-0.003125,,False,,False
16,random,fixed_random__block_16__0000,0000,0.125,40,20,0.5125,0.5,0.0,,False,,False
16,random,fixed_random__block_16__0000,0000,0.25,40,20,0.4875,0.5,-0.003125,,False,,False
16,random,fixed_random__block_16__0000,0000,0.5,40,20,0.4875,0.525,0.00625,,False,,False
16,random,fixed_random__block_16__0000,0000,1.0,40,20,0.475,0.45,-0.0125,,False,,False
16,random,fixed_random__block_16__0000,0000,2.0,40,20,0.4875,0.45,-0.0125,,False,,False
16,random,fixed_random__block_16__0000,0000,4.0,40,20,0.4875,0.4875,-0.003125,,False,,False
16,random,fixed_random__block_16__0000,0000,8.0,40,20,0.4875,0.5,0.0,,False,,False
16,random,fixed_random__block_16__0000,0000,16.0,40,20,0.4875,0.5,0.0,,False,,False
16,random,fixed_random__block_16__0000,0000,32.0,40,20,0.4875,0.525,0.003125,,False,,False
16,random,fixed_random__block_16__0000,0000,64.0,40,20,0.5,0.65,0.0375,,False,,False
16,random,fixed_random__block_16__0000,0000,128.0,40,20,0.8,0.7125,0.25,,False,,False
16,random,fixed_random__block_16__0000,0000,256.0,40,20,0.875,0.7,0.284375,,False,,False
16,random,fixed_random__block_16__0000,0000,512.0,40,20,0.925,0.725,0.3375,,False,,False
16,random,fixed_random__block_16__0000,0000,1024.0,40,20,0.15,0.2875,-0.271875,,False,,False
16,random,fixed_random__block_16__0001,0001,0.0078125,40,20,0.5,0.45,-0.0125,742.3013077394681,True,,False
16,random,fixed_random__block_16__0001,0001,0.015625,40,20,0.5,0.5625,0.015625,742.3013077394681,True,,False
16,random,fixed_random__block_16__0001,0001,0.03125,40,20,0.5,0.475,-0.00625,742.3013077394681,True,,False
16,random,fixed_random__block_16__0001,0001,0.0625,40,20,0.5,0.4875,-0.003125,742.3013077394681,True,,False
16,random,fixed_random__block_16__0001,0001,0.125,40,20,0.5,0.4625,-0.009375,742.3013077394681,True,,False
16,random,fixed_random__block_16__0001,0001,0.25,40,20,0.5125,0.5,0.0,742.3013077394681,True,,False
16,random,fixed_random__block_16__0001,0001,0.5,40,20,0.5125,0.5125,0.003125,742.3013077394681,True,,False
16,random,fixed_random__block_16__0001,0001,1.0,40,20,0.5,0.5125,0.003125,742.3013077394681,True,,False
16,random,fixed_random__block_16__0001,0001,2.0,40,20,0.5,0.5375,0.009375,742.3013077394681,True,,False
16,random,fixed_random__block_16__0001,0001,4.0,40,20,0.5,0.425,-0.01875,742.3013077394681,True,,False
16,random,fixed_random__block_16__0001,0001,8.0,40,20,0.5125,0.5,0.003125,742.3013077394681,True,,False
16,random,fixed_random__block_16__0001,0001,16.0,40,20,0.5125,0.5125,0.003125,742.3013077394681,True,,False
16,random,fixed_random__block_16__0001,0001,32.0,40,20,0.5,0.475,-0.00625,742.3013077394681,True,,False
16,random,fixed_random__block_16__0001,0001,64.0,40,20,0.55,0.5875,0.01875,742.3013077394681,True,,False
16,random,fixed_random__block_16__0001,0001,128.0,40,20,0.6375,0.8,0.115625,742.3013077394681,True,,False
16,random,fixed_random__block_16__0001,0001,256.0,40,20,1.0,0.875,0.571875,742.3013077394681,True,,False
16,random,fixed_random__block_16__0001,0001,512.0,40,20,0.95,0.8,0.6375,742.3013077394681,True,,False
16,random,fixed_random__block_16__0001,0001,1024.0,40,20,0.45,0.5125,-0.040625,742.3013077394681,True,,False
16,random,fixed_random__block_16__0002,0002,0.0078125,40,20,0.5125,0.5375,0.009375,,False,,False
16,random,fixed_random__block_16__0002,0002,0.015625,40,20,0.475,0.4625,-0.009375,,False,,False
16,random,fixed_random__block_16__0002,0002,0.03125,40,20,0.5125,0.5375,0.009375,,False,,False
16,random,fixed_random__block_16__0002,0002,0.0625,40,20,0.4875,0.5125,0.003125,,False,,False
16,random,fixed_random__block_16__0002,0002,0.125,40,20,0.4875,0.475,-0.003125,,False,,False
16,random,fixed_random__block_16__0002,0002,0.25,40,20,0.5125,0.5,0.0,,False,,False
16,random,fixed_random__block_16__0002,0002,0.5,40,20,0.5,0.525,0.00625,,False,,False
16,random,fixed_random__block_16__0002,0002,1.0,40,20,0.5125,0.525,0.003125,,False,,False
16,random,fixed_random__block_16__0002,0002,2.0,40,20,0.5,0.55,0.0125,,False,,False
16,random,fixed_random__block_16__0002,0002,4.0,40,20,0.5,0.5125,0.003125,,False,,False
16,random,fixed_random__block_16__0002,0002,8.0,40,20,0.5125,0.4875,0.0,,False,,False
16,random,fixed_random__block_16__0002,0002,16.0,40,20,0.4875,0.4875,0.0,,False,,False
16,random,fixed_random__block_16__0002,0002,32.0,40,20,0.5,0.5125,0.003125,,False,,False
16,random,fixed_random__block_16__0002,0002,64.0,40,20,0.4875,0.475,-0.009375,,False,,False
16,random,fixed_random__block_16__0002,0002,128.0,40,20,0.4875,0.475,-0.00625,,False,,False
16,random,fixed_random__block_16__0002,0002,256.0,40,20,0.9625,0.9375,0.540625,,False,,False
16,random,fixed_random__block_16__0002,0002,512.0,40,20,0.8625,0.6875,0.2625,,False,,False
16,random,fixed_random__block_16__0002,0002,1024.0,40,20,0.2,0.325,-0.2,,False,,False
