layer,family,direction_id,direction_label,dose,n_trials,n_pairs,accuracy_raw,accuracy_adjusted,mean_s,threshold_75_raw,threshold_reportable_raw,threshold_75_adjusted,threshold_reportable_adjusted
0,concept,concept__block_00__Dust,Dust,0.25,40,20,0.5,0.5,-0.00625,,False,,False
0,concept,concept__block_00__Dust,Dust,0.5,40,20,0.5,0.5625,0.00625,,False,,False
0,concept,concept__block_00__Dust,Dust,1.0,40,20,0.5,0.8375,0.36875,,False,,False
0,concept,concept__block_00__Dust,Dust,2.0,40,20,0.8,0.925,1.3625,,False,,False
0,concept,concept__block_00__Dust,Dust,4.0,40,20,0.7375,0.925,1.39375,,False,,False
0,concept,concept__block_00__Dust,Dust,8.0,40,20,0.5,0.9625,1.321875,,False,,False
0,concept,concept__block_00__Dust,Dust,16.0,40,20,0.5,0.9125,0.915625,,False,,False
0,concept,concept__block_00__Dust,Dust,32.0,40,20,0.675,0.6375,0.725,,False,,False
0,concept,concept__block_00__Dust,Dust,64.0,40,20,0.8125,0.575,0.79375,,False,,False
0,concept,concept__block_00__Dust,Dust,128.0,40,20,0.5625,0.625,0.5828125,,False,,False
0,concept,concept__block_00__Illusions,Illusions,0.25,40,20,0.5,0.625,0.046875,,False,,False
0,concept,concept__block_00__Illusions,Illusions,0.5,40,20,0.5,0.65,0.078125,,False,,False
0,concept,concept__block_00__Illusions,Illusions,1.0,40,20,0.525,0.7625,0.478125,,False,,False
0,concept,concept__block_00__Illusions,Illusions,2.0,40,20,0.7375,0.875,1.33125,,False,,False
0,concept,concept__block_00__Illusions,Illusions,4.0,40,20,0.75,0.7625,1.08125,,False,,False
0,concept,concept__block_00__Illusions,Illusions,8.0,40,20,0.675,0.75,0.853125,,False,,False
0,concept,concept__block_00__Illusions,Illusions,16.0,40,20,0.575,0.5375,0.28125,,False,,False
0,concept,concept__block_00__Illusions,Illusions,32.0,40,20,0.5875,0.5375,0.25,,False,,False
0,concept,concept__block_00__Illusions,Illusions,64.0,40,20,0.5125,0.5125,0.1015625,,False,,False
0,concept,concept__block_00__Illusions,Illusions,128.0,40,20,0.5,0.475,0.04765625,,False,,False
0,concept,concept__block_00__Origami,Origami,0.25,40,20,0.5,0.6625,0.0875,,False,,False
0,concept,concept__block_00__Origami,Origami,0.5,40,20,0.5125,0.7125,0.159375,,False,,False
0,concept,concept__block_00__Origami,Origami,1.0,40,20,0.5625,0.825,0.559375,,False,,False
0,concept,concept__block_00__Origami,Origami,2.0,40,20,0.925,0.9,1.50625,,False,,False
0,concept,concept__block_00__Origami,Origami,4.0,40,20,1.0,0.8375,1.553125,,False,,False
0,concept,concept__block_00__Origami,Origami,8.0,40,20,0.75,0.7875,1.359375,,False,,False
0,concept,concept__block_00__Origami,Origami,16.0,40,20,0.875,0.5125,0.475,,False,,False
0,concept,concept__block_00__Origami,Origami,32.0,40,20,0.725,0.5,0.3,,False,,False
0,concept,concept__block_00__Origami,Origami,64.0,40,20,0.7125,0.4875,0.1625,,False,,False
0,concept,concept__block_00__Origami,Origami,128.0,40,20,0.4875,0.5,-0.01875,,False,,False
0,concept,concept__block_00__Satellites,Satellites,0.25,40,20,0.5,0.5,-0.00625,,False,,False
0,concept,concept__block_00__Satellites,Satellites,0.5,40,20,0.5,0.4125,-0.028125,,False,,False
0,concept,concept__block_00__Satellites,Satellites,1.0,40,20,0.5,0.625,0.221875,,False,,False
0,concept,concept__block_00__Satellites,Satellites,2.0,40,20,0.6375,0.8875,1.090625,,False,,False
0,concept,concept__block_00__Satellites,Satellites,4.0,40,20,0.6375,0.8375,0.853125,,False,,False
0,concept,concept__block_00__Satellites,Satellites,8.0,40,20,0.75,0.8,1.059375,,False,,False
0,concept,concept__block_00__Satellites,Satellites,16.0,40,20,0.525,0.9,1.025,,False,,False
0,concept,concept__block_00__Satellites,Satellites,32.0,40,20,0.725,0.7125,0.884375,,False,,False
0,concept,concept__block_00__Satellites,Satellites,64.0,40,20,0.5875,0.525,0.234375,,False,,False
0,concept,concept__block_00__Satellites,Satellites,128.0,40,20,0.4625,0.475,-0.028125,,False,,False
0,concept,concept__block_00__Trumpets,Trumpets,0.25,40,20,0.5,0.4875,-0.00625,,False,,False
0,concept,concept__block_00__Trumpets,Trumpets,0.5,40,20,0.5,0.4625,-0.046875,,False,,False
0,concept,concept__block_00__Trumpets,Trumpets,1.0,40,20,0.5,0.725,0.35,,False,,False
0,concept,concept__block_00__Trumpets,Trumpets,2.0,40,20,0.5875,0.8125,1.115625,,False,,False
0,concept,concept__block_00__Trumpets,Trumpets,4.0,40,20,0.5875,0.925,0.9875,,False,,False
0,concept,concept__block_00__Trumpets,Trumpets,8.0,40,20,0.425,0.5,-0.175,,False,,False
0,concept,concept__block_00__Trumpets,Trumpets,16.0,40,20,0.4875,0.475,-0.0140625,,False,,False
0,concept,concept__block_00__Trumpets,Trumpets,32.0,40,20,0.525,0.5125,-0.05,,False,,False
0,concept,concept__block_00__Trumpets,Trumpets,64.0,40,20,0.475,0.425,-0.18515625,,False,,False
0,concept,concept__block_00__Trumpets,Trumpets,128.0,40,20,0.5,0.475,0.00390625,,False,,False
0,concept,concept__block_00__appreciation,appreciation,0.25,40,20,0.5,0.525,0.021875,,False,,False
0,concept,concept__block_00__appreciation,appreciation,0.5,40,20,0.5,0.4625,-0.028125,,False,,False
0,concept,concept__block_00__appreciation,appreciation,1.0,40,20,0.5,0.5625,0.03125,,False,,False
0,concept,concept__block_00__appreciation,appreciation,2.0,40,20,0.5,0.375,-0.0375,,False,,False
0,concept,concept__block_00__appreciation,appreciation,4.0,40,20,0.5,0.7125,0.346875,,False,,False
0,concept,concept__block_00__appreciation,appreciation,8.0,40,20,0.5875,0.925,1.309375,,False,,False
0,concept,concept__block_00__appreciation,appreciation,16.0,40,20,0.6625,0.875,0.9875,,False,,False
0,concept,concept__block_00__appreciation,appreciation,32.0,40,20,0.575,0.525,0.259375,,False,,False
0,concept,concept__block_00__appreciation,appreciation,64.0,40,20,0.65,0.5,0.0875,,False,,False
0,concept,concept__block_00__appreciation,appreciation,128.0,40,20,0.5,0.5,0.059375,,False,,False
0,concept,concept__block_00__betrayal,betrayal,0.25,40,20,0.5,0.525,0.00625,,False,,False
0,concept,concept__block_00__betrayal,betrayal,0.5,40,20,0.5,0.4125,-0.0375,,False,,False
0,concept,concept__block_00__betrayal,betrayal,1.0,40,20,0.5,0.575,0.078125,,False,,False
0,concept,concept__block_00__betrayal,betrayal,2.0,40,20,0.6375,0.8125,0.7875,,False,,False
0,concept,concept__block_00__betrayal,betrayal,4.0,40,20,0.5625,0.4125,0.2125,,False,,False
0,concept,concept__block_00__betrayal,betrayal,8.0,40,20,0.6875,0.675,0.671875,,False,,False
0,concept,concept__block_00__betrayal,betrayal,16.0,40,20,0.375,0.5,-0.05,,False,,False
0,concept,concept__block_00__betrayal,betrayal,32.0,40,20,0.4625,0.5,-0.18125,,False,,False
0,concept,concept__block_00__betrayal,betrayal,64.0,40,20,0.3375,0.4875,-0.3640625,,False,,False
0,concept,concept__block_00__betrayal,betrayal,128.0,40,20,0.5,0.5,-0.0640625,,False,,False
0,concept,concept__block_00__fibonacci_numbers,fibonacci_numbers,0.25,40,20,0.5,0.475,-0.00625,,False,,False
0,concept,concept__block_00__fibonacci_numbers,fibonacci_numbers,0.5,40,20,0.5,0.4,-0.05625,,False,,False
0,concept,concept__block_00__fibonacci_numbers,fibonacci_numbers,1.0,40,20,0.5,0.6125,0.121875,,False,,False
0,concept,concept__block_00__fibonacci_numbers,fibonacci_numbers,2.0,40,20,0.5875,0.7875,0.784375,,False,,False
0,concept,concept__block_00__fibonacci_numbers,fibonacci_numbers,4.0,40,20,0.5,0.475,0.10625,,False,,False
0,concept,concept__block_00__fibonacci_numbers,fibonacci_numbers,8.0,40,20,0.5625,0.5,0.06875,,False,,False
0,concept,concept__block_00__fibonacci_numbers,fibonacci_numbers,16.0,40,20,0.4375,0.4625,-0.3375,,False,,False
0,concept,concept__block_00__fibonacci_numbers,fibonacci_numbers,32.0,40,20,0.2875,0.5,-0.2015625,,False,,False
0,concept,concept__block_00__fibonacci_numbers,fibonacci_numbers,64.0,40,20,0.6125,0.5,-0.196875,,False,,False
0,concept,concept__block_00__fibonacci_numbers,fibonacci_numbers,128.0,40,20,0.4875,0.5,0.0125,,False,,False
0,concept,concept__block_00__recursion,recursion,0.25,40,20,0.5,0.4625,-0.009375,,False,,False
0,concept,concept__block_00__recursion,recursion,0.5,40,20,0.5,0.475,-0.015625,,False,,False
0,concept,concept__block_00__recursion,recursion,1.0,40,20,0.5,0.65,0.178125,,False,,False
0,concept,concept__block_00__recursion,recursion,2.0,40,20,0.6875,0.9125,1.2,,False,,False
0,concept,concept__block_00__recursion,recursion,4.0,40,20,0.625,0.5,0.4,,False,,False
0,concept,concept__block_00__recursion,recursion,8.0,40,20,0.5,0.725,0.821875,,False,,False
0,concept,concept__block_00__recursion,recursion,16.0,40,20,0.5,0.6,0.221875,,False,,False
0,concept,concept__block_00__recursion,recursion,32.0,40,20,0.425,0.5,-0.015625,,False,,False
0,concept,concept__block_00__recursion,recursion,64.0,40,20,0.575,0.5,-0.0296875,,False,,False
0,concept,concept__block_00__recursion,recursion,128.0,40,20,0.5,0.5,-0.04921875,,False,,False
0,concept,concept__block_00__shutdown,shutdown,0.25,40,20,0.5,0.5,0.00625,,False,,False
0,concept,concept__block_00__shutdown,shutdown,0.5,40,20,0.5,0.425,-0.025,,False,,False
0,concept,concept__block_00__shutdown,shutdown,1.0,40,20,0.5,0.5625,0.075,,False,,False
0,concept,concept__block_00__shutdown,shutdown,2.0,40,20,0.6375,0.875,0.953125,,False,,False
0,concept,concept__block_00__shutdown,shutdown,4.0,40,20,0.7125,0.7875,1.140625,,False,,False
0,concept,concept__block_00__shutdown,shutdown,8.0,40,20,0.2875,0.425,-0.390625,,False,,False
0,concept,concept__block_00__shutdown,shutdown,16.0,40,20,0.2875,0.5,-0.1609375,,False,,False
0,concept,concept__block_00__shutdown,shutdown,32.0,40,20,0.4125,0.5,-0.2390625,,False,,False
0,concept,concept__block_00__shutdown,shutdown,64.0,40,20,0.5,0.5,-0.21328125,,False,,False
0,concept,concept__block_00__shutdown,shutdown,128.0,40,20,0.5375,0.5,-0.01640625,,False,,False
0,dropout,dropout_realization_00,dropout_realization_00,0.25,40,20,0.5,0.525,0.00625,,False,,False
0,dropout,dropout_realization_00,dropout_realization_00,0.5,40,20,0.5,0.5375,0.0,,False,,False
0,dropout,dropout_realization_00,dropout_realization_00,1.0,40,20,0.5,0.6625,0.15625,,False,,False
0,dropout,dropout_realization_00,dropout_realization_00,2.0,40,20,0.55,0.8125,0.721875,,False,,False
0,dropout,dropout_realization_00,dropout_realization_00,4.0,40,20,0.6375,0.7125,0.76875,,False,,False
0,dropout,dropout_realization_00,dropout_realization_00,8.0,40,20,0.6125,0.725,0.79375,,False,,False
0,dropout,dropout_realization_00,dropout_realization_00,16.0,40,20,0.55,0.65,0.61875,,False,,False
0,dropout,dropout_realization_00,dropout_realization_00,32.0,40,20,0.5625,0.5875,0.2625,,False,,False
0,dropout,dropout_realization_00,dropout_realization_00,64.0,40,20,0.5625,0.525,0.10625,,False,,False
0,dropout,dropout_realization_00,dropout_realization_00,128.0,40,20,0.425,0.5,0.0359375,,False,,False
0,dropout,dropout_realization_01,dropout_realization_01,0.25,40,20,0.5,0.5125,0.009375,,False,,False
0,dropout,dropout_realization_01,dropout_realization_01,0.5,40,20,0.5,0.5125,-0.00625,,False,,False
0,dropout,dropout_realization_01,dropout_realization_01,1.0,40,20,0.5,0.575,0.075,,False,,False
0,dropout,dropout_realization_01,dropout_realization_01,2.0,40,20,0.5,0.7875,0.61875,,False,,False
0,dropout,dropout_realization_01,dropout_realization_01,4.0,40,20,0.6125,0.7125,0.6625,,False,,False
0,dropout,dropout_realization_01,dropout_realization_01,8.0,40,20,0.6,0.7125,0.690625,,False,,False
0,dropout,dropout_realization_01,dropout_realization_01,16.0,40,20,0.5875,0.725,0.6125,,False,,False
0,dropout,dropout_realization_01,dropout_realization_01,32.0,40,20,0.65,0.675,0.55,,False,,False
0,dropout,dropout_realization_01,dropout_realization_01,64.0,40,20,0.625,0.525,0.1421875,,False,,False
0,dropout,dropout_realization_01,dropout_realization_01,128.0,40,20,0.525,0.5,0.05625,,False,,False
0,noise,noise_realization_00,noise_realization_00,0.25,40,20,0.5,0.5875,0.01875,,False,,False
0,noise,noise_realization_00,noise_realization_00,0.5,40,20,0.5,0.4875,-0.015625,,False,,False
0,noise,noise_realization_00,noise_realization_00,1.0,40,20,0.5,0.4875,0.025,,False,,False
0,noise,noise_realization_00,noise_realization_00,2.0,40,20,0.5,0.8375,0.5,,False,,False
0,noise,noise_realization_00,noise_realization_00,4.0,40,20,0.575,0.7125,0.675,,False,,False
0,noise,noise_realization_00,noise_realization_00,8.0,40,20,0.65,0.75,0.928125,,False,,False
0,noise,noise_realization_00,noise_realization_00,16.0,40,20,0.525,0.7,0.38125,,False,,False
0,noise,noise_realization_00,noise_realization_00,32.0,40,20,0.5125,0.7,0.43125,,False,,False
0,noise,noise_realization_00,noise_realization_00,64.0,40,20,0.55,0.6375,0.4125,,False,,False
0,noise,noise_realization_00,noise_realization_00,128.0,40,20,0.4875,0.6875,0.421875,,False,,False
0,noise,noise_realization_01,noise_realization_01,0.25,40,20,0.5,0.45,-0.021875,,False,,False
0,noise,noise_realization_01,noise_realization_01,0.5,40,20,0.5,0.525,0.021875,,False,,False
0,noise,noise_realization_01,noise_realization_01,1.0,40,20,0.5,0.6875,0.146875,,False,,False
0,noise,noise_realization_01,noise_realization_01,2.0,40,20,0.5,0.775,0.54375,,False,,False
0,noise,noise_realization_01,noise_realization_01,4.0,40,20,0.625,0.725,0.728125,,False,,False
0,noise,noise_realization_01,noise_realization_01,8.0,40,20,0.65,0.825,0.909375,,False,,False
0,noise,noise_realization_01,noise_realization_01,16.0,40,20,0.5,0.6,0.346875,,False,,False
0,noise,noise_realization_01,noise_realization_01,32.0,40,20,0.4875,0.5625,0.296875,,False,,False
0,noise,noise_realization_01,noise_realization_01,64.0,40,20,0.5875,0.6375,0.434375,,False,,False
0,noise,noise_realization_01,noise_realization_01,128.0,40,20,0.65,0.6625,0.53125,,False,,False
0,random,fixed_random__block_00__0000,0000,0.25,40,20,0.5,0.45,0.01875,,False,,False
0,random,fixed_random__block_00__0000,0000,0.5,40,20,0.5,0.5125,0.015625,,False,,False
0,random,fixed_random__block_00__0000,0000,1.0,40,20,0.5125,0.6625,0.134375,,False,,False
0,random,fixed_random__block_00__0000,0000,2.0,40,20,0.525,0.975,0.896875,,False,,False
0,random,fixed_random__block_00__0000,0000,4.0,40,20,0.55,0.6375,0.61875,,False,,False
0,random,fixed_random__block_00__0000,0000,8.0,40,20,0.575,0.4875,0.165625,,False,,False
0,random,fixed_random__block_00__0000,0000,16.0,40,20,0.5,0.4875,0.1,,False,,False
0,random,fixed_random__block_00__0000,0000,32.0,40,20,0.675,0.5,0.1125,,False,,False
0,random,fixed_random__block_00__0000,0000,64.0,40,20,0.6625,0.5,0.009375,,False,,False
0,random,fixed_random__block_00__0000,0000,128.0,40,20,0.4625,0.475,-0.240625,,False,,False
0,random,fixed_random__block_00__0001,0001,0.25,40,20,0.5,0.475,-0.01875,,False,,False
0,random,fixed_random__block_00__0001,0001,0.5,40,20,0.5,0.5125,-0.028125,,False,,False
0,random,fixed_random__block_00__0001,0001,1.0,40,20,0.5,0.675,0.184375,,False,,False
0,random,fixed_random__block_00__0001,0001,2.0,40,20,0.5875,0.9125,0.86875,,False,,False
0,random,fixed_random__block_00__0001,0001,4.0,40,20,0.5,0.825,0.665625,,False,,False
0,random,fixed_random__block_00__0001,0001,8.0,40,20,0.75,0.525,0.5125,,False,,False
0,random,fixed_random__block_00__0001,0001,16.0,40,20,0.65,0.4875,0.10625,,False,,False
0,random,fixed_random__block_00__0001,0001,32.0,40,20,0.5125,0.4375,-0.1890625,,False,,False
0,random,fixed_random__block_00__0001,0001,64.0,40,20,0.475,0.425,-0.203125,,False,,False
0,random,fixed_random__block_00__0001,0001,128.0,40,20,0.5,0.5,-0.08984375,,False,,False
0,random,fixed_random__block_00__0002,0002,0.25,40,20,0.5,0.5875,0.00625,,False,,False
0,random,fixed_random__block_00__0002,0002,0.5,40,20,0.5,0.5125,-0.003125,,False,,False
0,random,fixed_random__block_00__0002,0002,1.0,40,20,0.5,0.6375,0.153125,,False,,False
0,random,fixed_random__block_00__0002,0002,2.0,40,20,0.5875,0.8875,1.034375,,False,,False
0,random,fixed_random__block_00__0002,0002,4.0,40,20,0.525,0.9125,0.815625,,False,,False
0,random,fixed_random__block_00__0002,0002,8.0,40,20,0.525,0.55,0.190625,,False,,False
0,random,fixed_random__block_00__0002,0002,16.0,40,20,0.5,0.5875,-0.00625,,False,,False
0,random,fixed_random__block_00__0002,0002,32.0,40,20,0.4,0.3875,-0.4265625,,False,,False
0,random,fixed_random__block_00__0002,0002,64.0,40,20,0.25,0.5,-0.1859375,,False,,False
0,random,fixed_random__block_00__0002,0002,128.0,40,20,0.5,0.475,-0.246875,,False,,False
0,random,fixed_random__block_00__0003,0003,0.25,40,20,0.5,0.45,-0.009375,,False,,False
0,random,fixed_random__block_00__0003,0003,0.5,40,20,0.5,0.45,-0.034375,,False,,False
0,random,fixed_random__block_00__0003,0003,1.0,40,20,0.5,0.4375,-0.05,,False,,False
0,random,fixed_random__block_00__0003,0003,2.0,40,20,0.5,0.7625,0.38125,,False,,False
0,random,fixed_random__block_00__0003,0003,4.0,40,20,0.675,0.975,1.609375,,False,,False
0,random,fixed_random__block_00__0003,0003,8.0,40,20,0.5,0.5875,0.5,,False,,False
0,random,fixed_random__block_00__0003,0003,16.0,40,20,0.5,0.45,-0.009375,,False,,False
0,random,fixed_random__block_00__0003,0003,32.0,40,20,0.5,0.4625,0.021875,,False,,False
0,random,fixed_random__block_00__0003,0003,64.0,40,20,0.5,0.475,-0.003125,,False,,False
0,random,fixed_random__block_00__0003,0003,128.0,40,20,0.525,0.4875,0.0375,,False,,False
0,random,fixed_random__block_00__0004,0004,0.25,40,20,0.5,0.3375,-0.05625,,False,,False
0,random,fixed_random__block_00__0004,0004,0.5,40,20,0.5,0.3125,-0.13125,,False,,False
0,random,fixed_random__block_00__0004,0004,1.0,40,20,0.5,0.375,-0.175,,False,,False
0,random,fixed_random__block_00__0004,0004,2.0,40,20,0.55,0.8,0.66875,,False,,False
0,random,fixed_random__block_00__0004,0004,4.0,40,20,0.9,1.0,1.60625,,False,,False
0,random,fixed_random__block_00__0004,0004,8.0,40,20,0.7125,0.6125,0.64375,,False,,False
0,random,fixed_random__block_00__0004,0004,16.0,40,20,0.5,0.5,-0.0125,,False,,False
0,random,fixed_random__block_00__0004,0004,32.0,40,20,0.3625,0.4875,-0.1828125,,False,,False
0,random,fixed_random__block_00__0004,0004,64.0,40,20,0.4375,0.4875,-0.06875,,False,,False
0,random,fixed_random__block_00__0004,0004,128.0,40,20,0.5,0.5,0.0765625,,False,,False
0,random,fixed_random__block_00__0005,0005,0.25,40,20,0.5,0.4625,-0.0125,,False,,False
0,random,fixed_random__block_00__0005,0005,0.5,40,20,0.5,0.4625,0.009375,,False,,False
0,random,fixed_random__block_00__0005,0005,1.0,40,20,0.5,0.5125,0.06875,,False,,False
0,random,fixed_random__block_00__0005,0005,2.0,40,20,0.5,0.7625,0.584375,,False,,False
0,random,fixed_random__block_00__0005,0005,4.0,40,20,0.5,0.775,0.5375,,False,,False
0,random,fixed_random__block_00__0005,0005,8.0,40,20,0.5,0.825,0.78125,,False,,False
0,random,fixed_random__block_00__0005,0005,16.0,40,20,0.5,0.875,0.7375,,False,,False
0,random,fixed_random__block_00__0005,0005,32.0,40,20,0.5,0.7375,0.45,,False,,False
0,random,fixed_random__block_00__0005,0005,64.0,40,20,0.5,0.6875,0.453125,,False,,False
0,random,fixed_random__block_00__0005,0005,128.0,40,20,0.5,0.625,0.478125,,False,,False
0,random,fixed_random__block_00__0006,0006,0.25,40,20,0.5,0.4,-0.0375,,False,,False
0,random,fixed_random__block_00__0006,0006,0.5,40,20,0.5,0.425,-0.05,,False,,False
0,random,fixed_random__block_00__0006,0006,1.0,40,20,0.5,0.725,0.196875,,False,,False
0,random,fixed_random__block_00__0006,0006,2.0,40,20,0.6,0.85,0.875,,False,,False
0,random,fixed_random__block_00__0006,0006,4.0,40,20,0.6875,0.675,0.721875,,False,,False
0,random,fixed_random__block_00__0006,0006,8.0,40,20,0.7375,0.7375,0.834375,,False,,False
0,random,fixed_random__block_00__0006,0006,16.0,40,20,0.6375,0.45,0.146875,,False,,False
0,random,fixed_random__block_00__0006,0006,32.0,40,20,0.475,0.5125,-0.121875,,False,,False
0,random,fixed_random__block_00__0006,0006,64.0,40,20,0.475,0.5,-0.034375,,False,,False
0,random,fixed_random__block_00__0006,0006,128.0,40,20,0.45,0.425,-0.11796875,,False,,False
0,random,fixed_random__block_00__0007,0007,0.25,40,20,0.5,0.55,0.025,,False,,False
0,random,fixed_random__block_00__0007,0007,0.5,40,20,0.5,0.55,0.0,,False,,False
0,random,fixed_random__block_00__0007,0007,1.0,40,20,0.5,0.7125,0.221875,,False,,False
0,random,fixed_random__block_00__0007,0007,2.0,40,20,0.575,0.8125,0.803125,,False,,False
0,random,fixed_random__block_00__0007,0007,4.0,40,20,0.575,0.8875,1.365625,,False,,False
0,random,fixed_random__block_00__0007,0007,8.0,40,20,0.5,0.8,0.509375,,False,,False
0,random,fixed_random__block_00__0007,0007,16.0,40,20,0.425,0.525,0.2,,False,,False
0,random,fixed_random__block_00__0007,0007,32.0,40,20,0.5,0.5,-0.0796875,,False,,False
0,random,fixed_random__block_00__0007,0007,64.0,40,20,0.5,0.4375,-0.1296875,,False,,False
0,random,fixed_random__block_00__0007,0007,128.0,40,20,0.45,0.45,-0.07734375,,False,,False
0,random,fixed_random__block_00__0008,0008,0.25,40,20,0.5,0.35,-0.04375,,False,,False
0,random,fixed_random__block_00__0008,0008,0.5,40,20,0.5,0.3875,-0.053125,,False,,False
0,random,fixed_random__block_00__0008,0008,1.0,40,20,0.5,0.525,0.003125,,False,,False
0,random,fixed_random__block_00__0008,0008,2.0,40,20,0.5,0.9,0.715625,,False,,False
0,random,fixed_random__block_00__0008,0008,4.0,40,20,0.7625,0.9625,1.878125,,False,,False
0,random,fixed_random__block_00__0008,0008,8.0,40,20,0.9875,0.5625,0.85625,,False,,False
0,random,fixed_random__block_00__0008,0008,16.0,40,20,0.6,0.475,0.1125,,False,,False
0,random,fixed_random__block_00__0008,0008,32.0,40,20,0.525,0.525,0.015625,,False,,False
0,random,fixed_random__block_00__0008,0008,64.0,40,20,0.5,0.4625,-0.046875,,False,,False
0,random,fixed_random__block_00__0008,0008,128.0,40,20,0.5,0.525,-0.0421875,,False,,False
0,random,fixed_random__block_00__0009,0009,0.25,40,20,0.5,0.3,-0.084375,,False,,False
0,random,fixed_random__block_00__0009,0009,0.5,40,20,0.5,0.25,-0.146875,,False,,False
0,random,fixed_random__block_00__0009,0009,1.0,40,20,0.5,0.525,0.040625,,False,,False
0,random,fixed_random__block_00__0009,0009,2.0,40,20,0.6,0.8875,0.925,,False,,False
0,random,fixed_random__block_00__0009,0009,4.0,40,20,0.75,0.75,1.0875,,False,,False
0,random,fixed_random__block_00__0009,0009,8.0,40,20,0.7625,0.95,2.303125,,False,,False
0,random,fixed_random__block_00__0009,0009,16.0,40,20,0.775,0.6875,0.78125,,False,,False
0,random,fixed_random__block_00__0009,0009,32.0,40,20,0.675,0.5,0.240625,,False,,False
0,random,fixed_random__block_00__0009,0009,64.0,40,20,0.65,0.5,0.146875,,False,,False
0,random,fixed_random__block_00__0009,0009,128.0,40,20,0.4,0.5,-0.0015625,,False,,False
1,concept,concept__block_01__Dust,Dust,0.25,40,20,0.5,0.425,-0.028125,,False,,False
1,concept,concept__block_01__Dust,Dust,0.5,40,20,0.5,0.375,-0.096875,,False,,False
1,concept,concept__block_01__Dust,Dust,1.0,40,20,0.5,0.375,-0.10625,,False,,False
1,concept,concept__block_01__Dust,Dust,2.0,40,20,0.5,0.5875,0.14375,,False,,False
1,concept,concept__block_01__Dust,Dust,4.0,40,20,0.5,0.65,0.409375,,False,,False
1,concept,concept__block_01__Dust,Dust,8.0,40,20,0.5,0.6,0.315625,,False,,False
1,concept,concept__block_01__Dust,Dust,16.0,40,20,0.5,0.6375,0.38125,,False,,False
1,concept,concept__block_01__Dust,Dust,32.0,40,20,0.5,0.5375,0.13125,,False,,False
1,concept,concept__block_01__Dust,Dust,64.0,40,20,0.4875,0.5,0.109375,,False,,False
1,concept,concept__block_01__Dust,Dust,128.0,40,20,0.5,0.475,0.084375,,False,,False
1,concept,concept__block_01__Illusions,Illusions,0.25,40,20,0.5,0.4875,-0.009375,,False,,False
1,concept,concept__block_01__Illusions,Illusions,0.5,40,20,0.5,0.6,0.034375,,False,,False
1,concept,concept__block_01__Illusions,Illusions,1.0,40,20,0.5,0.6375,0.090625,,False,,False
1,concept,concept__block_01__Illusions,Illusions,2.0,40,20,0.5125,0.9,0.721875,,False,,False
1,concept,concept__block_01__Illusions,Illusions,4.0,40,20,0.75,0.9875,1.375,,False,,False
1,concept,concept__block_01__Illusions,Illusions,8.0,40,20,0.5375,0.6875,0.625,,False,,False
1,concept,concept__block_01__Illusions,Illusions,16.0,40,20,0.5,0.625,0.165625,,False,,False
1,concept,concept__block_01__Illusions,Illusions,32.0,40,20,0.5,0.675,0.303125,,False,,False
1,concept,concept__block_01__Illusions,Illusions,64.0,40,20,0.5,0.675,0.33125,,False,,False
1,concept,concept__block_01__Illusions,Illusions,128.0,40,20,0.5,0.65,0.278125,,False,,False
1,concept,concept__block_01__Origami,Origami,0.25,40,20,0.5,0.5875,0.040625,,False,,False
1,concept,concept__block_01__Origami,Origami,0.5,40,20,0.5,0.7,0.10625,,False,,False
1,concept,concept__block_01__Origami,Origami,1.0,40,20,0.5,0.8125,0.246875,,False,,False
1,concept,concept__block_01__Origami,Origami,2.0,40,20,0.5875,0.95,0.925,,False,,False
1,concept,concept__block_01__Origami,Origami,4.0,40,20,0.875,0.975,1.49375,,False,,False
1,concept,concept__block_01__Origami,Origami,8.0,40,20,0.625,0.9,0.875,,False,,False
1,concept,concept__block_01__Origami,Origami,16.0,40,20,0.5125,0.625,0.565625,,False,,False
1,concept,concept__block_01__Origami,Origami,32.0,40,20,0.575,0.575,0.496875,,False,,False
1,concept,concept__block_01__Origami,Origami,64.0,40,20,0.65,0.5375,0.44375,,False,,False
1,concept,concept__block_01__Origami,Origami,128.0,40,20,0.75,0.525,0.321875,,False,,False
1,concept,concept__block_01__Satellites,Satellites,0.25,40,20,0.5,0.4375,-0.015625,,False,6.470583082178621,True
1,concept,concept__block_01__Satellites,Satellites,0.5,40,20,0.5,0.425,-0.009375,,False,6.470583082178621,True
1,concept,concept__block_01__Satellites,Satellites,1.0,40,20,0.5,0.45,0.0,,False,6.470583082178621,True
1,concept,concept__block_01__Satellites,Satellites,2.0,40,20,0.525,0.7875,0.59375,,False,6.470583082178621,True
1,concept,concept__block_01__Satellites,Satellites,4.0,40,20,0.65,0.925,1.125,,False,6.470583082178621,True
1,concept,concept__block_01__Satellites,Satellites,8.0,40,20,0.5,0.7625,0.571875,,False,6.470583082178621,True
1,concept,concept__block_01__Satellites,Satellites,16.0,40,20,0.5,0.7375,0.371875,,False,6.470583082178621,True
1,concept,concept__block_01__Satellites,Satellites,32.0,40,20,0.5,0.875,0.653125,,False,6.470583082178621,True
1,concept,concept__block_01__Satellites,Satellites,64.0,40,20,0.5,0.9,0.759375,,False,6.470583082178621,True
1,concept,concept__block_01__Satellites,Satellites,128.0,40,20,0.5,0.95,0.890625,,False,6.470583082178621,True
1,concept,concept__block_01__Trumpets,Trumpets,0.25,40,20,0.5,0.4625,-0.015625,,False,,False
1,concept,concept__block_01__Trumpets,Trumpets,0.5,40,20,0.5,0.45,-0.021875,,False,,False
1,concept,concept__block_01__Trumpets,Trumpets,1.0,40,20,0.5,0.4125,-0.05625,,False,,False
1,concept,concept__block_01__Trumpets,Trumpets,2.0,40,20,0.5,0.5875,0.084375,,False,,False
1,concept,concept__block_01__Trumpets,Trumpets,4.0,40,20,0.55,0.7875,0.65,,False,,False
1,concept,concept__block_01__Trumpets,Trumpets,8.0,40,20,0.5,0.5375,0.01875,,False,,False
1,concept,concept__block_01__Trumpets,Trumpets,16.0,40,20,0.5,0.6,0.175,,False,,False
1,concept,concept__block_01__Trumpets,Trumpets,32.0,40,20,0.5,0.85,0.76875,,False,,False
1,concept,concept__block_01__Trumpets,Trumpets,64.0,40,20,0.5,0.8375,0.771875,,False,,False
1,concept,concept__block_01__Trumpets,Trumpets,128.0,40,20,0.5,0.75,0.63125,,False,,False
1,concept,concept__block_01__appreciation,appreciation,0.25,40,20,0.5,0.55,0.0125,,False,7.3979584836711085,True
1,concept,concept__block_01__appreciation,appreciation,0.5,40,20,0.5,0.55,0.028125,,False,7.3979584836711085,True
1,concept,concept__block_01__appreciation,appreciation,1.0,40,20,0.5,0.5375,0.075,,False,7.3979584836711085,True
1,concept,concept__block_01__appreciation,appreciation,2.0,40,20,0.5,0.75,0.38125,,False,7.3979584836711085,True
1,concept,concept__block_01__appreciation,appreciation,4.0,40,20,0.5,0.9375,0.721875,,False,7.3979584836711085,True
1,concept,concept__block_01__appreciation,appreciation,8.0,40,20,0.5,0.75,0.4375,,False,7.3979584836711085,True
1,concept,concept__block_01__appreciation,appreciation,16.0,40,20,0.5,0.8,0.465625,,False,7.3979584836711085,True
1,concept,concept__block_01__appreciation,appreciation,32.0,40,20,0.5,0.825,0.61875,,False,7.3979584836711085,True
1,concept,concept__block_01__appreciation,appreciation,64.0,40,20,0.5,0.825,0.675,,False,7.3979584836711085,True
1,concept,concept__block_01__appreciation,appreciation,128.0,40,20,0.5,0.8,0.65,,False,7.3979584836711085,True
1,concept,concept__block_01__betrayal,betrayal,0.25,40,20,0.5,0.55,0.01875,,False,,False
1,concept,concept__block_01__betrayal,betrayal,0.5,40,20,0.5,0.525,0.009375,,False,,False
1,concept,concept__block_01__betrayal,betrayal,1.0,40,20,0.5125,0.6,0.08125,,False,,False
1,concept,concept__block_01__betrayal,betrayal,2.0,40,20,0.5,0.775,0.328125,,False,,False
1,concept,concept__block_01__betrayal,betrayal,4.0,40,20,0.5625,0.7375,0.7,,False,,False
1,concept,concept__block_01__betrayal,betrayal,8.0,40,20,0.5,0.7,0.384375,,False,,False
1,concept,concept__block_01__betrayal,betrayal,16.0,40,20,0.5,0.75,0.3375,,False,,False
1,concept,concept__block_01__betrayal,betrayal,32.0,40,20,0.5,0.825,0.46875,,False,,False
1,concept,concept__block_01__betrayal,betrayal,64.0,40,20,0.5,0.8125,0.528125,,False,,False
1,concept,concept__block_01__betrayal,betrayal,128.0,40,20,0.5,0.825,0.534375,,False,,False
1,concept,concept__block_01__fibonacci_numbers,fibonacci_numbers,0.25,40,20,0.5,0.5625,0.028125,,False,,False
1,concept,concept__block_01__fibonacci_numbers,fibonacci_numbers,0.5,40,20,0.5,0.625,0.05625,,False,,False
1,concept,concept__block_01__fibonacci_numbers,fibonacci_numbers,1.0,40,20,0.5,0.6125,0.11875,,False,,False
1,concept,concept__block_01__fibonacci_numbers,fibonacci_numbers,2.0,40,20,0.5,0.775,0.34375,,False,,False
1,concept,concept__block_01__fibonacci_numbers,fibonacci_numbers,4.0,40,20,0.5875,0.7875,0.8625,,False,,False
1,concept,concept__block_01__fibonacci_numbers,fibonacci_numbers,8.0,40,20,0.5,0.5875,0.140625,,False,,False
1,concept,concept__block_01__fibonacci_numbers,fibonacci_numbers,16.0,40,20,0.5,0.7125,0.365625,,False,,False
1,concept,concept__block_01__fibonacci_numbers,fibonacci_numbers,32.0,40,20,0.5,0.8,0.553125,,False,,False
1,concept,concept__block_01__fibonacci_numbers,fibonacci_numbers,64.0,40,20,0.5,0.7875,0.615625,,False,,False
1,concept,concept__block_01__fibonacci_numbers,fibonacci_numbers,128.0,40,20,0.5,0.7625,0.590625,,False,,False
1,concept,concept__block_01__recursion,recursion,0.25,40,20,0.5,0.5,0.0,,False,,False
1,concept,concept__block_01__recursion,recursion,0.5,40,20,0.5,0.5875,0.0375,,False,,False
1,concept,concept__block_01__recursion,recursion,1.0,40,20,0.5,0.6625,0.1,,False,,False
1,concept,concept__block_01__recursion,recursion,2.0,40,20,0.5,0.775,0.315625,,False,,False
1,concept,concept__block_01__recursion,recursion,4.0,40,20,0.55,0.825,0.88125,,False,,False
1,concept,concept__block_01__recursion,recursion,8.0,40,20,0.5,0.5625,0.1,,False,,False
1,concept,concept__block_01__recursion,recursion,16.0,40,20,0.5,0.7125,0.403125,,False,,False
1,concept,concept__block_01__recursion,recursion,32.0,40,20,0.5,0.8125,0.6125,,False,,False
1,concept,concept__block_01__recursion,recursion,64.0,40,20,0.5,0.8,0.609375,,False,,False
1,concept,concept__block_01__recursion,recursion,128.0,40,20,0.5,0.8,0.621875,,False,,False
1,concept,concept__block_01__shutdown,shutdown,0.25,40,20,0.5,0.6125,0.05,,False,,False
1,concept,concept__block_01__shutdown,shutdown,0.5,40,20,0.5,0.6,0.046875,,False,,False
1,concept,concept__block_01__shutdown,shutdown,1.0,40,20,0.5,0.6625,0.1,,False,,False
1,concept,concept__block_01__shutdown,shutdown,2.0,40,20,0.5,0.8375,0.375,,False,,False
1,concept,concept__block_01__shutdown,shutdown,4.0,40,20,0.525,0.8125,0.86875,,False,,False
1,concept,concept__block_01__shutdown,shutdown,8.0,40,20,0.5,0.6,0.146875,,False,,False
1,concept,concept__block_01__shutdown,shutdown,16.0,40,20,0.5,0.7,0.346875,,False,,False
1,concept,concept__block_01__shutdown,shutdown,32.0,40,20,0.5,0.825,0.58125,,False,,False
1,concept,concept__block_01__shutdown,shutdown,64.0,40,20,0.5,0.8125,0.615625,,False,,False
1,concept,concept__block_01__shutdown,shutdown,128.0,40,20,0.5,0.7625,0.65625,,False,,False
1,dropout,dropout_realization_00,dropout_realization_00,0.25,40,20,0.5,0.4375,0.009375,,False,,False
1,dropout,dropout_realization_00,dropout_realization_00,0.5,40,20,0.5,0.5125,0.021875,,False,,False
1,dropout,dropout_realization_00,dropout_realization_00,1.0,40,20,0.5,0.55,0.075,,False,,False
1,dropout,dropout_realization_00,dropout_realization_00,2.0,40,20,0.5,0.8,0.5875,,False,,False
1,dropout,dropout_realization_00,dropout_realization_00,4.0,40,20,0.6625,0.8,0.8875,,False,,False
1,dropout,dropout_realization_00,dropout_realization_00,8.0,40,20,0.625,0.725,0.6578125,,False,,False
1,dropout,dropout_realization_00,dropout_realization_00,16.0,40,20,0.6125,0.65,0.525,,False,,False
1,dropout,dropout_realization_00,dropout_realization_00,32.0,40,20,0.4625,0.6125,0.275,,False,,False
1,dropout,dropout_realization_00,dropout_realization_00,64.0,40,20,0.575,0.6875,0.515625,,False,,False
1,dropout,dropout_realization_00,dropout_realization_00,128.0,40,20,0.5625,0.7625,0.640625,,False,,False
1,dropout,dropout_realization_01,dropout_realization_01,0.25,40,20,0.5,0.55,0.01875,,False,,False
1,dropout,dropout_realization_01,dropout_realization_01,0.5,40,20,0.5,0.575,0.025,,False,,False
1,dropout,dropout_realization_01,dropout_realization_01,1.0,40,20,0.5,0.7375,0.165625,,False,,False
1,dropout,dropout_realization_01,dropout_realization_01,2.0,40,20,0.5,0.8375,0.56875,,False,,False
1,dropout,dropout_realization_01,dropout_realization_01,4.0,40,20,0.6,0.8125,0.759375,,False,,False
1,dropout,dropout_realization_01,dropout_realization_01,8.0,40,20,0.6875,0.725,0.68125,,False,,False
1,dropout,dropout_realization_01,dropout_realization_01,16.0,40,20,0.6,0.6125,0.55,,False,,False
1,dropout,dropout_realization_01,dropout_realization_01,32.0,40,20,0.6,0.6375,0.35,,False,,False
1,dropout,dropout_realization_01,dropout_realization_01,64.0,40,20,0.6,0.6875,0.5015625,,False,,False
1,dropout,dropout_realization_01,dropout_realization_01,128.0,40,20,0.6,0.75,0.778125,,False,,False
1,noise,noise_realization_00,noise_realization_00,0.25,40,20,0.5,0.4875,-0.00625,,False,,False
1,noise,noise_realization_00,noise_realization_00,0.5,40,20,0.5,0.475,0.003125,,False,,False
1,noise,noise_realization_00,noise_realization_00,1.0,40,20,0.5,0.575,0.021875,,False,,False
1,noise,noise_realization_00,noise_realization_00,2.0,40,20,0.5,0.75,0.3875,,False,,False
1,noise,noise_realization_00,noise_realization_00,4.0,40,20,0.55,0.75,0.765625,,False,,False
1,noise,noise_realization_00,noise_realization_00,8.0,40,20,0.625,0.85,0.965625,,False,,False
1,noise,noise_realization_00,noise_realization_00,16.0,40,20,0.5125,0.6625,0.39375,,False,,False
1,noise,noise_realization_00,noise_realization_00,32.0,40,20,0.5,0.775,0.53125,,False,,False
1,noise,noise_realization_00,noise_realization_00,64.0,40,20,0.5375,0.7125,0.459375,,False,,False
1,noise,noise_realization_00,noise_realization_00,128.0,40,20,0.5,0.525,0.084375,,False,,False
1,noise,noise_realization_01,noise_realization_01,0.25,40,20,0.5,0.4875,-0.009375,,False,,False
1,noise,noise_realization_01,noise_realization_01,0.5,40,20,0.5,0.3875,-0.0375,,False,,False
1,noise,noise_realization_01,noise_realization_01,1.0,40,20,0.5,0.5875,0.046875,,False,,False
1,noise,noise_realization_01,noise_realization_01,2.0,40,20,0.5,0.825,0.4125,,False,,False
1,noise,noise_realization_01,noise_realization_01,4.0,40,20,0.5375,0.7375,0.475,,False,,False
1,noise,noise_realization_01,noise_realization_01,8.0,40,20,0.5875,0.9,0.984375,,False,,False
1,noise,noise_realization_01,noise_realization_01,16.0,40,20,0.525,0.7625,0.6,,False,,False
1,noise,noise_realization_01,noise_realization_01,32.0,40,20,0.525,0.6125,0.29375,,False,,False
1,noise,noise_realization_01,noise_realization_01,64.0,40,20,0.55,0.6375,0.453125,,False,,False
1,noise,noise_realization_01,noise_realization_01,128.0,40,20,0.575,0.5375,0.2125,,False,,False
1,random,fixed_random__block_01__0000,0000,0.25,40,20,0.5,0.5,-0.003125,,False,,False
1,random,fixed_random__block_01__0000,0000,0.5,40,20,0.5,0.4375,-0.028125,,False,,False
1,random,fixed_random__block_01__0000,0000,1.0,40,20,0.5125,0.6125,0.06875,,False,,False
1,random,fixed_random__block_01__0000,0000,2.0,40,20,0.5,0.775,0.465625,,False,,False
1,random,fixed_random__block_01__0000,0000,4.0,40,20,0.5,0.5,-0.01875,,False,,False
1,random,fixed_random__block_01__0000,0000,8.0,40,20,0.4875,0.4625,0.01875,,False,,False
1,random,fixed_random__block_01__0000,0000,16.0,40,20,0.425,0.5,-0.03125,,False,,False
1,random,fixed_random__block_01__0000,0000,32.0,40,20,0.375,0.5,-0.08125,,False,,False
1,random,fixed_random__block_01__0000,0000,64.0,40,20,0.3375,0.5,-0.121875,,False,,False
1,random,fixed_random__block_01__0000,0000,128.0,40,20,0.525,0.525,-0.0734375,,False,,False
1,random,fixed_random__block_01__0001,0001,0.25,40,20,0.5,0.6,0.0375,,False,,False
1,random,fixed_random__block_01__0001,0001,0.5,40,20,0.5,0.65,0.096875,,False,,False
1,random,fixed_random__block_01__0001,0001,1.0,40,20,0.5,0.7,0.215625,,False,,False
1,random,fixed_random__block_01__0001,0001,2.0,40,20,0.5,0.55,0.1125,,False,,False
1,random,fixed_random__block_01__0001,0001,4.0,40,20,0.5,0.425,-0.028125,,False,,False
1,random,fixed_random__block_01__0001,0001,8.0,40,20,0.5,0.75,0.459375,,False,,False
1,random,fixed_random__block_01__0001,0001,16.0,40,20,0.6125,0.5875,0.54375,,False,,False
1,random,fixed_random__block_01__0001,0001,32.0,40,20,0.475,0.5375,0.128125,,False,,False
1,random,fixed_random__block_01__0001,0001,64.0,40,20,0.4875,0.5375,-0.103125,,False,,False
1,random,fixed_random__block_01__0001,0001,128.0,40,20,0.5,0.4375,-0.2203125,,False,,False
1,random,fixed_random__block_01__0002,0002,0.25,40,20,0.5,0.3375,-0.04375,,False,,False
1,random,fixed_random__block_01__0002,0002,0.5,40,20,0.5,0.3125,-0.071875,,False,,False
1,random,fixed_random__block_01__0002,0002,1.0,40,20,0.5,0.45,-0.0375,,False,,False
1,random,fixed_random__block_01__0002,0002,2.0,40,20,0.5,0.7,0.209375,,False,,False
1,random,fixed_random__block_01__0002,0002,4.0,40,20,0.65,0.65,0.646875,,False,,False
1,random,fixed_random__block_01__0002,0002,8.0,40,20,0.8125,0.525,0.615625,,False,,False
1,random,fixed_random__block_01__0002,0002,16.0,40,20,0.55,0.5,0.04375,,False,,False
1,random,fixed_random__block_01__0002,0002,32.0,40,20,0.55,0.5,0.1375,,False,,False
1,random,fixed_random__block_01__0002,0002,64.0,40,20,0.3375,0.5,-0.375,,False,,False
1,random,fixed_random__block_01__0002,0002,128.0,40,20,0.5375,0.475,-0.1109375,,False,,False
1,random,fixed_random__block_01__0003,0003,0.25,40,20,0.5,0.55,0.015625,,False,,False
1,random,fixed_random__block_01__0003,0003,0.5,40,20,0.5,0.5625,0.025,,False,,False
1,random,fixed_random__block_01__0003,0003,1.0,40,20,0.5,0.6125,0.071875,,False,,False
1,random,fixed_random__block_01__0003,0003,2.0,40,20,0.5,0.6875,0.290625,,False,,False
1,random,fixed_random__block_01__0003,0003,4.0,40,20,0.625,0.925,1.10625,,False,,False
1,random,fixed_random__block_01__0003,0003,8.0,40,20,0.825,0.725,0.896875,,False,,False
1,random,fixed_random__block_01__0003,0003,16.0,40,20,0.6875,0.5,0.265625,,False,,False
1,random,fixed_random__block_01__0003,0003,32.0,40,20,0.6,0.4875,-0.115625,,False,,False
1,random,fixed_random__block_01__0003,0003,64.0,40,20,0.5,0.4625,-0.1390625,,False,,False
1,random,fixed_random__block_01__0003,0003,128.0,40,20,0.5,0.5,0.05859375,,False,,False
1,random,fixed_random__block_01__0004,0004,0.25,40,20,0.5,0.45,-0.021875,,False,,False
1,random,fixed_random__block_01__0004,0004,0.5,40,20,0.5,0.4375,-0.021875,,False,,False
1,random,fixed_random__block_01__0004,0004,1.0,40,20,0.5,0.5375,0.01875,,False,,False
1,random,fixed_random__block_01__0004,0004,2.0,40,20,0.5,0.575,0.13125,,False,,False
1,random,fixed_random__block_01__0004,0004,4.0,40,20,0.5,0.4625,0.040625,,False,,False
1,random,fixed_random__block_01__0004,0004,8.0,40,20,0.725,0.775,1.03125,,False,,False
1,random,fixed_random__block_01__0004,0004,16.0,40,20,0.5,0.5,-0.065625,,False,,False
1,random,fixed_random__block_01__0004,0004,32.0,40,20,0.8375,0.5,0.35,,False,,False
1,random,fixed_random__block_01__0004,0004,64.0,40,20,0.4375,0.5625,0.1609375,,False,,False
1,random,fixed_random__block_01__0004,0004,128.0,40,20,0.5,0.4375,-0.059375,,False,,False
1,random,fixed_random__block_01__0005,0005,0.25,40,20,0.5,0.525,0.01875,,False,,False
1,random,fixed_random__block_01__0005,0005,0.5,40,20,0.5,0.55,0.025,,False,,False
1,random,fixed_random__block_01__0005,0005,1.0,40,20,0.5,0.625,0.078125,,False,,False
1,random,fixed_random__block_01__0005,0005,2.0,40,20,0.5,0.875,0.609375,,False,,False
1,random,fixed_random__block_01__0005,0005,4.0,40,20,0.75,0.8875,1.13125,,False,,False
1,random,fixed_random__block_01__0005,0005,8.0,40,20,0.7375,0.5375,0.69375,,False,,False
1,random,fixed_random__block_01__0005,0005,16.0,40,20,0.325,0.5,-0.071875,,False,,False
1,random,fixed_random__block_01__0005,0005,32.0,40,20,0.425,0.55,0.209375,,False,,False
1,random,fixed_random__block_01__0005,0005,64.0,40,20,0.375,0.5,-0.0578125,,False,,False
1,random,fixed_random__block_01__0005,0005,128.0,40,20,0.3875,0.5,-0.10625,,False,,False
1,random,fixed_random__block_01__0006,0006,0.25,40,20,0.5,0.4625,-0.01875,,False,,False
1,random,fixed_random__block_01__0006,0006,0.5,40,20,0.5,0.5,-0.015625,,False,,False
1,random,fixed_random__block_01__0006,0006,1.0,40,20,0.5,0.6125,0.03125,,False,,False
1,random,fixed_random__block_01__0006,0006,2.0,40,20,0.5,0.5,-0.046875,,False,,False
1,random,fixed_random__block_01__0006,0006,4.0,40,20,0.5,0.6,0.346875,,False,,False
1,random,fixed_random__block_01__0006,0006,8.0,40,20,0.7,0.65,0.584375,,False,,False
1,random,fixed_random__block_01__0006,0006,16.0,40,20,0.5625,0.6875,0.465625,,False,,False
1,random,fixed_random__block_01__0006,0006,32.0,40,20,0.6625,0.575,0.359375,,False,,False
1,random,fixed_random__block_01__0006,0006,64.0,40,20,0.5125,0.5125,0.115625,,False,,False
1,random,fixed_random__block_01__0006,0006,128.0,40,20,0.6125,0.4875,0.053125,,False,,False
1,random,fixed_random__block_01__0007,0007,0.25,40,20,0.5,0.5,0.0,,False,,False
1,random,fixed_random__block_01__0007,0007,0.5,40,20,0.5,0.425,-0.021875,,False,,False
1,random,fixed_random__block_01__0007,0007,1.0,40,20,0.5,0.4875,-0.003125,,False,,False
1,random,fixed_random__block_01__0007,0007,2.0,40,20,0.5,0.7625,0.2375,,False,,False
1,random,fixed_random__block_01__0007,0007,4.0,40,20,0.5375,0.875,1.00625,,False,,False
1,random,fixed_random__block_01__0007,0007,8.0,40,20,0.5,0.575,0.58125,,False,,False
1,random,fixed_random__block_01__0007,0007,16.0,40,20,0.5375,0.7375,0.546875,,False,,False
1,random,fixed_random__block_01__0007,0007,32.0,40,20,0.8125,0.5,0.359375,,False,,False
1,random,fixed_random__block_01__0007,0007,64.0,40,20,0.5625,0.5,0.0125,,False,,False
1,random,fixed_random__block_01__0007,0007,128.0,40,20,0.4,0.4625,-0.1078125,,False,,False
1,random,fixed_random__block_01__0008,0008,0.25,40,20,0.5,0.5,0.003125,,False,,False
1,random,fixed_random__block_01__0008,0008,0.5,40,20,0.5,0.3875,-0.040625,,False,,False
1,random,fixed_random__block_01__0008,0008,1.0,40,20,0.5,0.525,-0.0125,,False,,False
1,random,fixed_random__block_01__0008,0008,2.0,40,20,0.5,0.65,0.209375,,False,,False
1,random,fixed_random__block_01__0008,0008,4.0,40,20,0.7,0.7625,0.81875,,False,,False
1,random,fixed_random__block_01__0008,0008,8.0,40,20,0.75,0.7625,0.9,,False,,False
1,random,fixed_random__block_01__0008,0008,16.0,40,20,0.45,0.55,0.134375,,False,,False
1,random,fixed_random__block_01__0008,0008,32.0,40,20,0.35,0.475,-0.125,,False,,False
1,random,fixed_random__block_01__0008,0008,64.0,40,20,0.5,0.5,-0.0359375,,False,,False
1,random,fixed_random__block_01__0008,0008,128.0,40,20,0.5625,0.5,0.0234375,,False,,False
1,random,fixed_random__block_01__0009,0009,0.25,40,20,0.5,0.4875,-0.0125,,False,,False
1,random,fixed_random__block_01__0009,0009,0.5,40,20,0.5,0.4125,-0.046875,,False,,False
1,random,fixed_random__block_01__0009,0009,1.0,40,20,0.5,0.4375,-0.003125,,False,,False
1,random,fixed_random__block_01__0009,0009,2.0,40,20,0.5,0.85,0.50625,,False,,False
1,random,fixed_random__block_01__0009,0009,4.0,40,20,0.825,0.975,1.365625,,False,,False
1,random,fixed_random__block_01__0009,0009,8.0,40,20,0.575,0.5,0.209375,,False,,False
1,random,fixed_random__block_01__0009,0009,16.0,40,20,0.4875,0.5,0.05,,False,,False
1,random,fixed_random__block_01__0009,0009,32.0,40,20,0.4375,0.4875,-0.1515625,,False,,False
1,random,fixed_random__block_01__0009,0009,64.0,40,20,0.4625,0.5,-0.1359375,,False,,False
1,random,fixed_random__block_01__0009,0009,128.0,40,20,0.5,0.5,-0.1328125,,False,,False
2,concept,concept__block_02__Dust,Dust,0.25,40,20,0.5,0.4125,-0.03125,,False,,False
2,concept,concept__block_02__Dust,Dust,0.5,40,20,0.5,0.425,-0.04375,,False,,False
2,concept,concept__block_02__Dust,Dust,1.0,40,20,0.5,0.475,-0.05,,False,,False
2,concept,concept__block_02__Dust,Dust,2.0,40,20,0.5,0.55,0.125,,False,,False
2,concept,concept__block_02__Dust,Dust,4.0,40,20,0.5,0.4875,0.121875,,False,,False
2,concept,concept__block_02__Dust,Dust,8.0,40,20,0.5,0.45,-0.00625,,False,,False
2,concept,concept__block_02__Dust,Dust,16.0,40,20,0.5,0.6,0.209375,,False,,False
2,concept,concept__block_02__Dust,Dust,32.0,40,20,0.5,0.6125,0.1625,,False,,False
2,concept,concept__block_02__Dust,Dust,64.0,40,20,0.5,0.525,0.075,,False,,False
2,concept,concept__block_02__Dust,Dust,128.0,40,20,0.4875,0.5,0.065625,,False,,False
2,concept,concept__block_02__Illusions,Illusions,0.25,40,20,0.5,0.5125,-0.003125,,False,,False
2,concept,concept__block_02__Illusions,Illusions,0.5,40,20,0.5,0.575,0.028125,,False,,False
2,concept,concept__block_02__Illusions,Illusions,1.0,40,20,0.5,0.6125,0.040625,,False,,False
2,concept,concept__block_02__Illusions,Illusions,2.0,40,20,0.5,0.6875,0.13125,,False,,False
2,concept,concept__block_02__Illusions,Illusions,4.0,40,20,0.7,0.9,1.034375,,False,,False
2,concept,concept__block_02__Illusions,Illusions,8.0,40,20,0.5,0.7875,0.728125,,False,,False
2,concept,concept__block_02__Illusions,Illusions,16.0,40,20,0.5,0.7875,0.615625,,False,,False
2,concept,concept__block_02__Illusions,Illusions,32.0,40,20,0.5,0.75,0.540625,,False,,False
2,concept,concept__block_02__Illusions,Illusions,64.0,40,20,0.5,0.7125,0.49375,,False,,False
2,concept,concept__block_02__Illusions,Illusions,128.0,40,20,0.5,0.6125,0.375,,False,,False
2,concept,concept__block_02__Origami,Origami,0.25,40,20,0.5,0.6,0.034375,,False,,False
2,concept,concept__block_02__Origami,Origami,0.5,40,20,0.5,0.8125,0.1375,,False,,False
2,concept,concept__block_02__Origami,Origami,1.0,40,20,0.5,0.8875,0.284375,,False,,False
2,concept,concept__block_02__Origami,Origami,2.0,40,20,0.525,0.9875,0.65625,,False,,False
2,concept,concept__block_02__Origami,Origami,4.0,40,20,0.775,0.9875,1.90625,,False,,False
2,concept,concept__block_02__Origami,Origami,8.0,40,20,0.65,0.85,1.00625,,False,,False
2,concept,concept__block_02__Origami,Origami,16.0,40,20,0.5,0.8,0.621875,,False,,False
2,concept,concept__block_02__Origami,Origami,32.0,40,20,0.5,0.85,0.625,,False,,False
2,concept,concept__block_02__Origami,Origami,64.0,40,20,0.5,0.8125,0.59375,,False,,False
2,concept,concept__block_02__Origami,Origami,128.0,40,20,0.5,0.675,0.5125,,False,,False
2,concept,concept__block_02__Satellites,Satellites,0.25,40,20,0.5,0.525,0.00625,,False,6.016283504352741,True
2,concept,concept__block_02__Satellites,Satellites,0.5,40,20,0.5,0.5875,0.034375,,False,6.016283504352741,True
2,concept,concept__block_02__Satellites,Satellites,1.0,40,20,0.5,0.6,0.09375,,False,6.016283504352741,True
2,concept,concept__block_02__Satellites,Satellites,2.0,40,20,0.5,0.7625,0.290625,,False,6.016283504352741,True
2,concept,concept__block_02__Satellites,Satellites,4.0,40,20,0.5,0.8125,0.690625,,False,6.016283504352741,True
2,concept,concept__block_02__Satellites,Satellites,8.0,40,20,0.5,0.65,0.346875,,False,6.016283504352741,True
2,concept,concept__block_02__Satellites,Satellites,16.0,40,20,0.5,0.8125,0.63125,,False,6.016283504352741,True
2,concept,concept__block_02__Satellites,Satellites,32.0,40,20,0.5,0.8875,0.9,,False,6.016283504352741,True
2,concept,concept__block_02__Satellites,Satellites,64.0,40,20,0.5,0.925,0.915625,,False,6.016283504352741,True
2,concept,concept__block_02__Satellites,Satellites,128.0,40,20,0.5,0.9125,0.89375,,False,6.016283504352741,True
2,concept,concept__block_02__Trumpets,Trumpets,0.25,40,20,0.5,0.525,0.009375,,False,42.289293975700076,True
2,concept,concept__block_02__Trumpets,Trumpets,0.5,40,20,0.5,0.4625,-0.00625,,False,42.289293975700076,True
2,concept,concept__block_02__Trumpets,Trumpets,1.0,40,20,0.5,0.4875,-0.00625,,False,42.289293975700076,True
2,concept,concept__block_02__Trumpets,Trumpets,2.0,40,20,0.5,0.5,-0.0375,,False,42.289293975700076,True
2,concept,concept__block_02__Trumpets,Trumpets,4.0,40,20,0.5,0.6125,0.340625,,False,42.289293975700076,True
2,concept,concept__block_02__Trumpets,Trumpets,8.0,40,20,0.5,0.5,-0.0875,,False,42.289293975700076,True
2,concept,concept__block_02__Trumpets,Trumpets,16.0,40,20,0.5,0.625,0.215625,,False,42.289293975700076,True
2,concept,concept__block_02__Trumpets,Trumpets,32.0,40,20,0.5,0.85,0.634375,,False,42.289293975700076,True
2,concept,concept__block_02__Trumpets,Trumpets,64.0,40,20,0.5,0.875,0.659375,,False,42.289293975700076,True
2,concept,concept__block_02__Trumpets,Trumpets,128.0,40,20,0.5,0.7375,0.546875,,False,42.289293975700076,True
2,concept,concept__block_02__appreciation,appreciation,0.25,40,20,0.5,0.5,0.015625,,False,,False
2,concept,concept__block_02__appreciation,appreciation,0.5,40,20,0.5,0.65,0.06875,,False,,False
2,concept,concept__block_02__appreciation,appreciation,1.0,40,20,0.5,0.5875,0.121875,,False,,False
2,concept,concept__block_02__appreciation,appreciation,2.0,40,20,0.5,0.775,0.31875,,False,,False
2,concept,concept__block_02__appreciation,appreciation,4.0,40,20,0.5,0.875,0.865625,,False,,False
2,concept,concept__block_02__appreciation,appreciation,8.0,40,20,0.5,0.675,0.29375,,False,,False
2,concept,concept__block_02__appreciation,appreciation,16.0,40,20,0.5,0.7625,0.446875,,False,,False
2,concept,concept__block_02__appreciation,appreciation,32.0,40,20,0.5,0.825,0.6875,,False,,False
2,concept,concept__block_02__appreciation,appreciation,64.0,40,20,0.5,0.8625,0.7625,,False,,False
2,concept,concept__block_02__appreciation,appreciation,128.0,40,20,0.5,0.8625,0.759375,,False,,False
2,concept,concept__block_02__betrayal,betrayal,0.25,40,20,0.5,0.5125,0.003125,,False,,False
2,concept,concept__block_02__betrayal,betrayal,0.5,40,20,0.5,0.4625,-0.003125,,False,,False
2,concept,concept__block_02__betrayal,betrayal,1.0,40,20,0.5,0.575,0.078125,,False,,False
2,concept,concept__block_02__betrayal,betrayal,2.0,40,20,0.5,0.75,0.240625,,False,,False
2,concept,concept__block_02__betrayal,betrayal,4.0,40,20,0.5,0.725,0.48125,,False,,False
2,concept,concept__block_02__betrayal,betrayal,8.0,40,20,0.5,0.7375,0.378125,,False,,False
2,concept,concept__block_02__betrayal,betrayal,16.0,40,20,0.5,0.825,0.525,,False,,False
2,concept,concept__block_02__betrayal,betrayal,32.0,40,20,0.5,0.85,0.75625,,False,,False
2,concept,concept__block_02__betrayal,betrayal,64.0,40,20,0.5,0.875,0.815625,,False,,False
2,concept,concept__block_02__betrayal,betrayal,128.0,40,20,0.5,0.875,0.85625,,False,,False
2,concept,concept__block_02__fibonacci_numbers,fibonacci_numbers,0.25,40,20,0.5,0.6125,0.03125,,False,,False
2,concept,concept__block_02__fibonacci_numbers,fibonacci_numbers,0.5,40,20,0.5,0.625,0.075,,False,,False
2,concept,concept__block_02__fibonacci_numbers,fibonacci_numbers,1.0,40,20,0.5,0.6375,0.128125,,False,,False
2,concept,concept__block_02__fibonacci_numbers,fibonacci_numbers,2.0,40,20,0.5,0.8625,0.375,,False,,False
2,concept,concept__block_02__fibonacci_numbers,fibonacci_numbers,4.0,40,20,0.5125,0.8375,0.753125,,False,,False
2,concept,concept__block_02__fibonacci_numbers,fibonacci_numbers,8.0,40,20,0.5,0.5375,-0.034375,,False,,False
2,concept,concept__block_02__fibonacci_numbers,fibonacci_numbers,16.0,40,20,0.5,0.7375,0.4125,,False,,False
2,concept,concept__block_02__fibonacci_numbers,fibonacci_numbers,32.0,40,20,0.5,0.825,0.671875,,False,,False
2,concept,concept__block_02__fibonacci_numbers,fibonacci_numbers,64.0,40,20,0.5,0.85,0.734375,,False,,False
2,concept,concept__block_02__fibonacci_numbers,fibonacci_numbers,128.0,40,20,0.5,0.85,0.703125,,False,,False
2,concept,concept__block_02__recursion,recursion,0.25,40,20,0.5,0.525,0.015625,,False,,False
2,concept,concept__block_02__recursion,recursion,0.5,40,20,0.5,0.6,0.0625,,False,,False
2,concept,concept__block_02__recursion,recursion,1.0,40,20,0.5,0.7,0.15,,False,,False
2,concept,concept__block_02__recursion,recursion,2.0,40,20,0.5,0.8125,0.3375,,False,,False
2,concept,concept__block_02__recursion,recursion,4.0,40,20,0.5,0.85,0.765625,,False,,False
2,concept,concept__block_02__recursion,recursion,8.0,40,20,0.5,0.5375,0.053125,,False,,False
2,concept,concept__block_02__recursion,recursion,16.0,40,20,0.5,0.75,0.478125,,False,,False
2,concept,concept__block_02__recursion,recursion,32.0,40,20,0.5,0.8375,0.6875,,False,,False
2,concept,concept__block_02__recursion,recursion,64.0,40,20,0.5,0.825,0.690625,,False,,False
2,concept,concept__block_02__recursion,recursion,128.0,40,20,0.5,0.85,0.734375,,False,,False
2,concept,concept__block_02__shutdown,shutdown,0.25,40,20,0.5,0.5,0.003125,,False,,False
2,concept,concept__block_02__shutdown,shutdown,0.5,40,20,0.5,0.625,0.075,,False,,False
2,concept,concept__block_02__shutdown,shutdown,1.0,40,20,0.5,0.675,0.140625,,False,,False
2,concept,concept__block_02__shutdown,shutdown,2.0,40,20,0.5,0.7625,0.346875,,False,,False
2,concept,concept__block_02__shutdown,shutdown,4.0,40,20,0.5,0.8375,0.725,,False,,False
2,concept,concept__block_02__shutdown,shutdown,8.0,40,20,0.5,0.5,-0.0125,,False,,False
2,concept,concept__block_02__shutdown,shutdown,16.0,40,20,0.5,0.725,0.409375,,False,,False
2,concept,concept__block_02__shutdown,shutdown,32.0,40,20,0.5,0.8375,0.69375,,False,,False
2,concept,concept__block_02__shutdown,shutdown,64.0,40,20,0.5,0.8625,0.71875,,False,,False
2,concept,concept__block_02__shutdown,shutdown,128.0,40,20,0.5,0.85,0.75625,,False,,False
2,dropout,dropout_realization_00,dropout_realization_00,0.25,40,20,0.5,0.5125,0.0,,False,,False
2,dropout,dropout_realization_00,dropout_realization_00,0.5,40,20,0.5,0.6125,0.03125,,False,,False
2,dropout,dropout_realization_00,dropout_realization_00,1.0,40,20,0.5,0.7125,0.15625,,False,,False
2,dropout,dropout_realization_00,dropout_realization_00,2.0,40,20,0.5,0.8,0.38125,,False,,False
2,dropout,dropout_realization_00,dropout_realization_00,4.0,40,20,0.575,0.8,0.73125,,False,,False
2,dropout,dropout_realization_00,dropout_realization_00,8.0,40,20,0.5625,0.75,0.684375,,False,,False
2,dropout,dropout_realization_00,dropout_realization_00,16.0,40,20,0.5375,0.775,0.7375,,False,,False
2,dropout,dropout_realization_00,dropout_realization_00,32.0,40,20,0.5125,0.725,0.58125,,False,,False
2,dropout,dropout_realization_00,dropout_realization_00,64.0,40,20,0.6,0.625,0.553125,,False,,False
2,dropout,dropout_realization_00,dropout_realization_00,128.0,40,20,0.675,0.6,0.4359375,,False,,False
2,dropout,dropout_realization_01,dropout_realization_01,0.25,40,20,0.5,0.5375,0.003125,,False,,False
2,dropout,dropout_realization_01,dropout_realization_01,0.5,40,20,0.5,0.4625,-0.009375,,False,,False
2,dropout,dropout_realization_01,dropout_realization_01,1.0,40,20,0.5,0.6,0.1,,False,,False
2,dropout,dropout_realization_01,dropout_realization_01,2.0,40,20,0.525,0.7875,0.309375,,False,,False
2,dropout,dropout_realization_01,dropout_realization_01,4.0,40,20,0.525,0.6875,0.54375,,False,,False
2,dropout,dropout_realization_01,dropout_realization_01,8.0,40,20,0.575,0.7625,0.83125,,False,,False
2,dropout,dropout_realization_01,dropout_realization_01,16.0,40,20,0.5,0.675,0.571875,,False,,False
2,dropout,dropout_realization_01,dropout_realization_01,32.0,40,20,0.5125,0.6875,0.39375,,False,,False
2,dropout,dropout_realization_01,dropout_realization_01,64.0,40,20,0.5875,0.6875,0.5171875,,False,,False
2,dropout,dropout_realization_01,dropout_realization_01,128.0,40,20,0.7375,0.55,0.48125,,False,,False
2,noise,noise_realization_00,noise_realization_00,0.25,40,20,0.5,0.5375,0.00625,,False,,False
2,noise,noise_realization_00,noise_realization_00,0.5,40,20,0.5,0.5,0.003125,,False,,False
2,noise,noise_realization_00,noise_realization_00,1.0,40,20,0.5,0.575,0.01875,,False,,False
2,noise,noise_realization_00,noise_realization_00,2.0,40,20,0.5,0.6875,0.253125,,False,,False
2,noise,noise_realization_00,noise_realization_00,4.0,40,20,0.5375,0.825,0.7125,,False,,False
2,noise,noise_realization_00,noise_realization_00,8.0,40,20,0.6125,0.7875,0.86875,,False,,False
2,noise,noise_realization_00,noise_realization_00,16.0,40,20,0.5,0.7375,0.53125,,False,,False
2,noise,noise_realization_00,noise_realization_00,32.0,40,20,0.5,0.7625,0.590625,,False,,False
2,noise,noise_realization_00,noise_realization_00,64.0,40,20,0.5,0.7,0.56875,,False,,False
2,noise,noise_realization_00,noise_realization_00,128.0,40,20,0.5375,0.6375,0.29375,,False,,False
2,noise,noise_realization_01,noise_realization_01,0.25,40,20,0.5,0.5125,0.003125,,False,,False
2,noise,noise_realization_01,noise_realization_01,0.5,40,20,0.5,0.5,0.01875,,False,,False
2,noise,noise_realization_01,noise_realization_01,1.0,40,20,0.5,0.6,0.05,,False,,False
2,noise,noise_realization_01,noise_realization_01,2.0,40,20,0.5,0.8,0.36875,,False,,False
2,noise,noise_realization_01,noise_realization_01,4.0,40,20,0.5375,0.825,0.64375,,False,,False
2,noise,noise_realization_01,noise_realization_01,8.0,40,20,0.6,0.7875,0.765625,,False,,False
2,noise,noise_realization_01,noise_realization_01,16.0,40,20,0.5,0.7,0.50625,,False,,False
2,noise,noise_realization_01,noise_realization_01,32.0,40,20,0.5125,0.75,0.5625,,False,,False
2,noise,noise_realization_01,noise_realization_01,64.0,40,20,0.6,0.8125,0.715625,,False,,False
2,noise,noise_realization_01,noise_realization_01,128.0,40,20,0.55,0.6125,0.278125,,False,,False
2,random,fixed_random__block_02__0000,0000,0.25,40,20,0.5,0.525,0.00625,,False,,False
2,random,fixed_random__block_02__0000,0000,0.5,40,20,0.5,0.575,0.028125,,False,,False
2,random,fixed_random__block_02__0000,0000,1.0,40,20,0.5,0.5625,0.046875,,False,,False
2,random,fixed_random__block_02__0000,0000,2.0,40,20,0.5,0.65,0.128125,,False,,False
2,random,fixed_random__block_02__0000,0000,4.0,40,20,0.5,0.7625,0.625,,False,,False
2,random,fixed_random__block_02__0000,0000,8.0,40,20,0.7,0.825,0.934375,,False,,False
2,random,fixed_random__block_02__0000,0000,16.0,40,20,0.525,0.7,0.678125,,False,,False
2,random,fixed_random__block_02__0000,0000,32.0,40,20,0.5625,0.6,0.4625,,False,,False
2,random,fixed_random__block_02__0000,0000,64.0,40,20,0.525,0.575,0.353125,,False,,False
2,random,fixed_random__block_02__0000,0000,128.0,40,20,0.725,0.5,0.190625,,False,,False
2,random,fixed_random__block_02__0001,0001,0.25,40,20,0.5,0.5125,0.009375,,False,,False
2,random,fixed_random__block_02__0001,0001,0.5,40,20,0.5,0.4625,-0.0125,,False,,False
2,random,fixed_random__block_02__0001,0001,1.0,40,20,0.5,0.5125,0.0125,,False,,False
2,random,fixed_random__block_02__0001,0001,2.0,40,20,0.5,0.5125,0.065625,,False,,False
2,random,fixed_random__block_02__0001,0001,4.0,40,20,0.5125,0.7125,0.315625,,False,,False
2,random,fixed_random__block_02__0001,0001,8.0,40,20,0.6875,0.7375,0.815625,,False,,False
2,random,fixed_random__block_02__0001,0001,16.0,40,20,0.5,0.9375,0.828125,,False,,False
2,random,fixed_random__block_02__0001,0001,32.0,40,20,0.5,0.525,0.140625,,False,,False
2,random,fixed_random__block_02__0001,0001,64.0,40,20,0.35,0.45,-0.234375,,False,,False
2,random,fixed_random__block_02__0001,0001,128.0,40,20,0.475,0.2875,-0.46875,,False,,False
2,random,fixed_random__block_02__0002,0002,0.25,40,20,0.5,0.5,0.0,,False,,False
2,random,fixed_random__block_02__0002,0002,0.5,40,20,0.5,0.55,0.0125,,False,,False
2,random,fixed_random__block_02__0002,0002,1.0,40,20,0.5,0.65,0.078125,,False,,False
2,random,fixed_random__block_02__0002,0002,2.0,40,20,0.5,0.8375,0.34375,,False,,False
2,random,fixed_random__block_02__0002,0002,4.0,40,20,0.525,0.8,0.74375,,False,,False
2,random,fixed_random__block_02__0002,0002,8.0,40,20,0.5,0.7375,0.453125,,False,,False
2,random,fixed_random__block_02__0002,0002,16.0,40,20,0.5,0.6125,0.390625,,False,,False
2,random,fixed_random__block_02__0002,0002,32.0,40,20,0.5,0.5375,0.328125,,False,,False
2,random,fixed_random__block_02__0002,0002,64.0,40,20,0.5125,0.5375,0.278125,,False,,False
2,random,fixed_random__block_02__0002,0002,128.0,40,20,0.5375,0.5125,0.2125,,False,,False
2,random,fixed_random__block_02__0003,0003,0.25,40,20,0.5,0.625,0.040625,,False,,False
2,random,fixed_random__block_02__0003,0003,0.5,40,20,0.5,0.725,0.084375,,False,,False
2,random,fixed_random__block_02__0003,0003,1.0,40,20,0.5,0.8375,0.221875,,False,,False
2,random,fixed_random__block_02__0003,0003,2.0,40,20,0.5,0.85,0.39375,,False,,False
2,random,fixed_random__block_02__0003,0003,4.0,40,20,0.525,0.875,0.74375,,False,,False
2,random,fixed_random__block_02__0003,0003,8.0,40,20,0.575,0.875,1.0625,,False,,False
2,random,fixed_random__block_02__0003,0003,16.0,40,20,0.5,0.85,0.85,,False,,False
2,random,fixed_random__block_02__0003,0003,32.0,40,20,0.5,0.7125,0.503125,,False,,False
2,random,fixed_random__block_02__0003,0003,64.0,40,20,0.5875,0.625,0.415625,,False,,False
2,random,fixed_random__block_02__0003,0003,128.0,40,20,0.55,0.625,0.50625,,False,,False
2,random,fixed_random__block_02__0004,0004,0.25,40,20,0.5,0.3625,-0.0375,,False,,False
2,random,fixed_random__block_02__0004,0004,0.5,40,20,0.5,0.3625,-0.0375,,False,,False
2,random,fixed_random__block_02__0004,0004,1.0,40,20,0.5,0.4875,0.00625,,False,,False
2,random,fixed_random__block_02__0004,0004,2.0,40,20,0.5,0.65,0.209375,,False,,False
2,random,fixed_random__block_02__0004,0004,4.0,40,20,0.5,0.7875,0.6125,,False,,False
2,random,fixed_random__block_02__0004,0004,8.0,40,20,0.6125,0.875,1.115625,,False,,False
2,random,fixed_random__block_02__0004,0004,16.0,40,20,0.5,0.7,0.4,,False,,False
2,random,fixed_random__block_02__0004,0004,32.0,40,20,0.5,0.6375,0.34375,,False,,False
2,random,fixed_random__block_02__0004,0004,64.0,40,20,0.6125,0.475,0.29375,,False,,False
2,random,fixed_random__block_02__0004,0004,128.0,40,20,0.475,0.475,0.028125,,False,,False
2,random,fixed_random__block_02__0005,0005,0.25,40,20,0.5,0.4125,-0.025,,False,,False
2,random,fixed_random__block_02__0005,0005,0.5,40,20,0.5,0.55,0.01875,,False,,False
2,random,fixed_random__block_02__0005,0005,1.0,40,20,0.5,0.6375,0.08125,,False,,False
2,random,fixed_random__block_02__0005,0005,2.0,40,20,0.5,0.6625,0.215625,,False,,False
2,random,fixed_random__block_02__0005,0005,4.0,40,20,0.7,0.9375,1.01875,,False,,False
2,random,fixed_random__block_02__0005,0005,8.0,40,20,0.775,0.9125,1.390625,,False,,False
2,random,fixed_random__block_02__0005,0005,16.0,40,20,0.525,0.975,1.10625,,False,,False
2,random,fixed_random__block_02__0005,0005,32.0,40,20,0.5,0.825,0.44375,,False,,False
2,random,fixed_random__block_02__0005,0005,64.0,40,20,0.5,0.5875,0.128125,,False,,False
2,random,fixed_random__block_02__0005,0005,128.0,40,20,0.5125,0.475,-0.05625,,False,,False
2,random,fixed_random__block_02__0006,0006,0.25,40,20,0.5,0.4875,0.003125,,False,,False
2,random,fixed_random__block_02__0006,0006,0.5,40,20,0.5,0.55,0.04375,,False,,False
2,random,fixed_random__block_02__0006,0006,1.0,40,20,0.5,0.575,0.075,,False,,False
2,random,fixed_random__block_02__0006,0006,2.0,40,20,0.5,0.475,0.0875,,False,,False
2,random,fixed_random__block_02__0006,0006,4.0,40,20,0.5,0.725,0.38125,,False,,False
2,random,fixed_random__block_02__0006,0006,8.0,40,20,0.55,0.75,0.64375,,False,,False
2,random,fixed_random__block_02__0006,0006,16.0,40,20,0.5,0.575,0.071875,,False,,False
2,random,fixed_random__block_02__0006,0006,32.0,40,20,0.5,0.575,0.140625,,False,,False
2,random,fixed_random__block_02__0006,0006,64.0,40,20,0.5,0.7,0.428125,,False,,False
2,random,fixed_random__block_02__0006,0006,128.0,40,20,0.725,0.5,0.25,,False,,False
2,random,fixed_random__block_02__0007,0007,0.25,40,20,0.5,0.425,-0.01875,,False,,False
2,random,fixed_random__block_02__0007,0007,0.5,40,20,0.5,0.4375,-0.034375,,False,,False
2,random,fixed_random__block_02__0007,0007,1.0,40,20,0.5,0.3,-0.084375,,False,,False
2,random,fixed_random__block_02__0007,0007,2.0,40,20,0.5,0.2625,-0.24375,,False,,False
2,random,fixed_random__block_02__0007,0007,4.0,40,20,0.5,0.3375,-0.165625,,False,,False
2,random,fixed_random__block_02__0007,0007,8.0,40,20,0.525,0.7875,0.834375,,False,,False
2,random,fixed_random__block_02__0007,0007,16.0,40,20,0.5,0.85,0.925,,False,,False
2,random,fixed_random__block_02__0007,0007,32.0,40,20,0.5,0.6125,0.39375,,False,,False
2,random,fixed_random__block_02__0007,0007,64.0,40,20,0.5,0.525,0.2,,False,,False
2,random,fixed_random__block_02__0007,0007,128.0,40,20,0.5,0.4875,0.15,,False,,False
2,random,fixed_random__block_02__0008,0008,0.25,40,20,0.5,0.6,0.034375,,False,,False
2,random,fixed_random__block_02__0008,0008,0.5,40,20,0.5,0.6625,0.065625,,False,,False
2,random,fixed_random__block_02__0008,0008,1.0,40,20,0.5,0.875,0.16875,,False,,False
2,random,fixed_random__block_02__0008,0008,2.0,40,20,0.5,0.8625,0.35,,False,,False
2,random,fixed_random__block_02__0008,0008,4.0,40,20,0.525,0.925,1.084375,,False,,False
2,random,fixed_random__block_02__0008,0008,8.0,40,20,0.6,0.9,1.15,,False,,False
2,random,fixed_random__block_02__0008,0008,16.0,40,20,0.5,0.85,0.809375,,False,,False
2,random,fixed_random__block_02__0008,0008,32.0,40,20,0.5,0.5625,0.378125,,False,,False
2,random,fixed_random__block_02__0008,0008,64.0,40,20,0.5,0.5125,0.15625,,False,,False
2,random,fixed_random__block_02__0008,0008,128.0,40,20,0.4125,0.4875,-0.034375,,False,,False
2,random,fixed_random__block_02__0009,0009,0.25,40,20,0.5,0.375,-0.04375,,False,,False
2,random,fixed_random__block_02__0009,0009,0.5,40,20,0.5,0.3125,-0.06875,,False,,False
2,random,fixed_random__block_02__0009,0009,1.0,40,20,0.5,0.4875,-0.021875,,False,,False
2,random,fixed_random__block_02__0009,0009,2.0,40,20,0.5,0.6625,0.1375,,False,,False
2,random,fixed_random__block_02__0009,0009,4.0,40,20,0.625,0.8875,1.121875,,False,,False
2,random,fixed_random__block_02__0009,0009,8.0,40,20,0.7375,0.8375,1.06875,,False,,False
2,random,fixed_random__block_02__0009,0009,16.0,40,20,0.5875,0.7625,0.7625,,False,,False
2,random,fixed_random__block_02__0009,0009,32.0,40,20,0.5,0.6875,0.45625,,False,,False
2,random,fixed_random__block_02__0009,0009,64.0,40,20,0.45,0.6125,0.359375,,False,,False
2,random,fixed_random__block_02__0009,0009,128.0,40,20,0.4375,0.625,0.3,,False,,False
3,concept,concept__block_03__Dust,Dust,0.25,40,20,0.5,0.5875,0.025,,False,,False
3,concept,concept__block_03__Dust,Dust,0.5,40,20,0.5,0.5375,0.0,,False,,False
3,concept,concept__block_03__Dust,Dust,1.0,40,20,0.5,0.575,0.046875,,False,,False
3,concept,concept__block_03__Dust,Dust,2.0,40,20,0.5,0.8375,0.2625,,False,,False
3,concept,concept__block_03__Dust,Dust,4.0,40,20,0.5375,0.8375,0.584375,,False,,False
3,concept,concept__block_03__Dust,Dust,8.0,40,20,0.5125,0.6375,0.459375,,False,,False
3,concept,concept__block_03__Dust,Dust,16.0,40,20,0.475,0.5,0.05,,False,,False
3,concept,concept__block_03__Dust,Dust,32.0,40,20,0.4625,0.475,-0.028125,,False,,False
3,concept,concept__block_03__Dust,Dust,64.0,40,20,0.5,0.475,0.01875,,False,,False
3,concept,concept__block_03__Dust,Dust,128.0,40,20,0.5875,0.475,0.04375,,False,,False
3,concept,concept__block_03__Illusions,Illusions,0.25,40,20,0.5,0.475,-0.0125,,False,,False
3,concept,concept__block_03__Illusions,Illusions,0.5,40,20,0.5,0.5125,-0.00625,,False,,False
3,concept,concept__block_03__Illusions,Illusions,1.0,40,20,0.5,0.5,-0.00625,,False,,False
3,concept,concept__block_03__Illusions,Illusions,2.0,40,20,0.5,0.625,0.18125,,False,,False
3,concept,concept__block_03__Illusions,Illusions,4.0,40,20,0.65,0.9375,1.146875,,False,,False
3,concept,concept__block_03__Illusions,Illusions,8.0,40,20,0.6625,0.75,0.821875,,False,,False
3,concept,concept__block_03__Illusions,Illusions,16.0,40,20,0.5,0.75,0.634375,,False,,False
3,concept,concept__block_03__Illusions,Illusions,32.0,40,20,0.5,0.7375,0.5875,,False,,False
3,concept,concept__block_03__Illusions,Illusions,64.0,40,20,0.5,0.775,0.703125,,False,,False
3,concept,concept__block_03__Illusions,Illusions,128.0,40,20,0.5,0.775,0.603125,,False,,False
3,concept,concept__block_03__Origami,Origami,0.25,40,20,0.5,0.6375,0.046875,,False,,False
3,concept,concept__block_03__Origami,Origami,0.5,40,20,0.5,0.8,0.096875,,False,,False
3,concept,concept__block_03__Origami,Origami,1.0,40,20,0.5,0.8625,0.19375,,False,,False
3,concept,concept__block_03__Origami,Origami,2.0,40,20,0.5,0.9625,0.471875,,False,,False
3,concept,concept__block_03__Origami,Origami,4.0,40,20,0.7375,0.9875,1.66875,,False,,False
3,concept,concept__block_03__Origami,Origami,8.0,40,20,0.75,0.8,0.94375,,False,,False
3,concept,concept__block_03__Origami,Origami,16.0,40,20,0.5,0.8625,0.8375,,False,,False
3,concept,concept__block_03__Origami,Origami,32.0,40,20,0.5,0.8,0.675,,False,,False
3,concept,concept__block_03__Origami,Origami,64.0,40,20,0.5,0.8,0.715625,,False,,False
3,concept,concept__block_03__Origami,Origami,128.0,40,20,0.55,0.725,0.646875,,False,,False
3,concept,concept__block_03__Satellites,Satellites,0.25,40,20,0.5,0.4375,-0.015625,,False,,False
3,concept,concept__block_03__Satellites,Satellites,0.5,40,20,0.5,0.475,-0.009375,,False,,False
3,concept,concept__block_03__Satellites,Satellites,1.0,40,20,0.5,0.4875,0.00625,,False,,False
3,concept,concept__block_03__Satellites,Satellites,2.0,40,20,0.5,0.5375,0.065625,,False,,False
3,concept,concept__block_03__Satellites,Satellites,4.0,40,20,0.5,0.7875,0.409375,,False,,False
3,concept,concept__block_03__Satellites,Satellites,8.0,40,20,0.5,0.6,0.271875,,False,,False
3,concept,concept__block_03__Satellites,Satellites,16.0,40,20,0.5,0.7625,0.546875,,False,,False
3,concept,concept__block_03__Satellites,Satellites,32.0,40,20,0.5,0.775,0.828125,,False,,False
3,concept,concept__block_03__Satellites,Satellites,64.0,40,20,0.55,0.75,0.884375,,False,,False
3,concept,concept__block_03__Satellites,Satellites,128.0,40,20,0.6375,0.725,0.890625,,False,,False
3,concept,concept__block_03__Trumpets,Trumpets,0.25,40,20,0.5,0.425,-0.01875,,False,,False
3,concept,concept__block_03__Trumpets,Trumpets,0.5,40,20,0.5,0.3375,-0.04375,,False,,False
3,concept,concept__block_03__Trumpets,Trumpets,1.0,40,20,0.5,0.275,-0.109375,,False,,False
3,concept,concept__block_03__Trumpets,Trumpets,2.0,40,20,0.5,0.4,-0.140625,,False,,False
3,concept,concept__block_03__Trumpets,Trumpets,4.0,40,20,0.5,0.575,0.071875,,False,,False
3,concept,concept__block_03__Trumpets,Trumpets,8.0,40,20,0.5,0.475,-0.2125,,False,,False
3,concept,concept__block_03__Trumpets,Trumpets,16.0,40,20,0.5,0.6125,0.271875,,False,,False
3,concept,concept__block_03__Trumpets,Trumpets,32.0,40,20,0.5,0.7125,0.44375,,False,,False
3,concept,concept__block_03__Trumpets,Trumpets,64.0,40,20,0.35,0.625,0.34375,,False,,False
3,concept,concept__block_03__Trumpets,Trumpets,128.0,40,20,0.4,0.5,0.05625,,False,,False
3,concept,concept__block_03__appreciation,appreciation,0.25,40,20,0.5,0.4875,0.0,,False,4.167106587387562,True
3,concept,concept__block_03__appreciation,appreciation,0.5,40,20,0.5,0.625,0.040625,,False,4.167106587387562,True
3,concept,concept__block_03__appreciation,appreciation,1.0,40,20,0.5,0.6625,0.09375,,False,4.167106587387562,True
3,concept,concept__block_03__appreciation,appreciation,2.0,40,20,0.5125,0.7,0.290625,,False,4.167106587387562,True
3,concept,concept__block_03__appreciation,appreciation,4.0,40,20,0.5,0.975,0.85625,,False,4.167106587387562,True
3,concept,concept__block_03__appreciation,appreciation,8.0,40,20,0.5,0.7625,0.45625,,False,4.167106587387562,True
3,concept,concept__block_03__appreciation,appreciation,16.0,40,20,0.5,0.7875,0.54375,,False,4.167106587387562,True
3,concept,concept__block_03__appreciation,appreciation,32.0,40,20,0.5,0.85,0.784375,,False,4.167106587387562,True
3,concept,concept__block_03__appreciation,appreciation,64.0,40,20,0.5,0.85,0.8625,,False,4.167106587387562,True
3,concept,concept__block_03__appreciation,appreciation,128.0,40,20,0.5,0.8875,0.884375,,False,4.167106587387562,True
3,concept,concept__block_03__betrayal,betrayal,0.25,40,20,0.5,0.425,-0.021875,,False,,False
3,concept,concept__block_03__betrayal,betrayal,0.5,40,20,0.5,0.4125,-0.034375,,False,,False
3,concept,concept__block_03__betrayal,betrayal,1.0,40,20,0.5,0.45,-0.025,,False,,False
3,concept,concept__block_03__betrayal,betrayal,2.0,40,20,0.5,0.6375,0.0625,,False,,False
3,concept,concept__block_03__betrayal,betrayal,4.0,40,20,0.5,0.6375,0.253125,,False,,False
3,concept,concept__block_03__betrayal,betrayal,8.0,40,20,0.5,0.55,0.153125,,False,,False
3,concept,concept__block_03__betrayal,betrayal,16.0,40,20,0.5,0.7875,0.528125,,False,,False
3,concept,concept__block_03__betrayal,betrayal,32.0,40,20,0.5,0.7875,0.740625,,False,,False
3,concept,concept__block_03__betrayal,betrayal,64.0,40,20,0.5,0.7875,0.815625,,False,,False
3,concept,concept__block_03__betrayal,betrayal,128.0,40,20,0.5,0.8125,0.809375,,False,,False
3,concept,concept__block_03__fibonacci_numbers,fibonacci_numbers,0.25,40,20,0.5,0.5625,0.009375,,False,,False
3,concept,concept__block_03__fibonacci_numbers,fibonacci_numbers,0.5,40,20,0.5,0.525,0.015625,,False,,False
3,concept,concept__block_03__fibonacci_numbers,fibonacci_numbers,1.0,40,20,0.5,0.6125,0.065625,,False,,False
3,concept,concept__block_03__fibonacci_numbers,fibonacci_numbers,2.0,40,20,0.5,0.7875,0.25625,,False,,False
3,concept,concept__block_03__fibonacci_numbers,fibonacci_numbers,4.0,40,20,0.5,0.825,0.65625,,False,,False
3,concept,concept__block_03__fibonacci_numbers,fibonacci_numbers,8.0,40,20,0.5,0.5375,-0.171875,,False,,False
3,concept,concept__block_03__fibonacci_numbers,fibonacci_numbers,16.0,40,20,0.5,0.75,0.3625,,False,,False
3,concept,concept__block_03__fibonacci_numbers,fibonacci_numbers,32.0,40,20,0.5,0.7875,0.684375,,False,,False
3,concept,concept__block_03__fibonacci_numbers,fibonacci_numbers,64.0,40,20,0.5,0.825,0.76875,,False,,False
3,concept,concept__block_03__fibonacci_numbers,fibonacci_numbers,128.0,40,20,0.5,0.85,0.8,,False,,False
3,concept,concept__block_03__recursion,recursion,0.25,40,20,0.5,0.55,0.01875,,False,,False
3,concept,concept__block_03__recursion,recursion,0.5,40,20,0.5,0.5125,0.003125,,False,,False
3,concept,concept__block_03__recursion,recursion,1.0,40,20,0.5,0.525,-0.003125,,False,,False
3,concept,concept__block_03__recursion,recursion,2.0,40,20,0.5,0.6625,0.146875,,False,,False
3,concept,concept__block_03__recursion,recursion,4.0,40,20,0.5,0.825,0.590625,,False,,False
3,concept,concept__block_03__recursion,recursion,8.0,40,20,0.5,0.5875,0.14375,,False,,False
3,concept,concept__block_03__recursion,recursion,16.0,40,20,0.5,0.7625,0.496875,,False,,False
3,concept,concept__block_03__recursion,recursion,32.0,40,20,0.5,0.775,0.64375,,False,,False
3,concept,concept__block_03__recursion,recursion,64.0,40,20,0.525,0.8125,0.70625,,False,,False
3,concept,concept__block_03__recursion,recursion,128.0,40,20,0.5,0.825,0.759375,,False,,False
3,concept,concept__block_03__shutdown,shutdown,0.25,40,20,0.5,0.5125,-0.003125,,False,,False
3,concept,concept__block_03__shutdown,shutdown,0.5,40,20,0.5,0.525,-0.00625,,False,,False
3,concept,concept__block_03__shutdown,shutdown,1.0,40,20,0.5,0.575,0.015625,,False,,False
3,concept,concept__block_03__shutdown,shutdown,2.0,40,20,0.5,0.6625,0.15,,False,,False
3,concept,concept__block_03__shutdown,shutdown,4.0,40,20,0.5,0.8375,0.55625,,False,,False
3,concept,concept__block_03__shutdown,shutdown,8.0,40,20,0.5,0.525,0.0,,False,,False
3,concept,concept__block_03__shutdown,shutdown,16.0,40,20,0.5,0.75,0.478125,,False,,False
3,concept,concept__block_03__shutdown,shutdown,32.0,40,20,0.5,0.7875,0.665625,,False,,False
3,concept,concept__block_03__shutdown,shutdown,64.0,40,20,0.5125,0.7875,0.728125,,False,,False
3,concept,concept__block_03__shutdown,shutdown,128.0,40,20,0.5,0.825,0.8,,False,,False
3,dropout,dropout_realization_00,dropout_realization_00,0.25,40,20,0.5,0.4875,0.003125,,False,,False
3,dropout,dropout_realization_00,dropout_realization_00,0.5,40,20,0.5,0.5875,0.015625,,False,,False
3,dropout,dropout_realization_00,dropout_realization_00,1.0,40,20,0.5,0.5875,0.0625,,False,,False
3,dropout,dropout_realization_00,dropout_realization_00,2.0,40,20,0.5,0.7,0.18125,,False,,False
3,dropout,dropout_realization_00,dropout_realization_00,4.0,40,20,0.5,0.8625,0.565625,,False,,False
3,dropout,dropout_realization_00,dropout_realization_00,8.0,40,20,0.6,0.8125,0.753125,,False,,False
3,dropout,dropout_realization_00,dropout_realization_00,16.0,40,20,0.5125,0.7375,0.6,,False,,False
3,dropout,dropout_realization_00,dropout_realization_00,32.0,40,20,0.5,0.725,0.528125,,False,,False
3,dropout,dropout_realization_00,dropout_realization_00,64.0,40,20,0.625,0.6625,0.65,,False,,False
3,dropout,dropout_realization_00,dropout_realization_00,128.0,40,20,0.5625,0.5875,0.45,,False,,False
3,dropout,dropout_realization_01,dropout_realization_01,0.25,40,20,0.5,0.4875,-0.00625,,False,,False
3,dropout,dropout_realization_01,dropout_realization_01,0.5,40,20,0.5,0.45,-0.01875,,False,,False
3,dropout,dropout_realization_01,dropout_realization_01,1.0,40,20,0.5,0.5875,0.03125,,False,,False
3,dropout,dropout_realization_01,dropout_realization_01,2.0,40,20,0.5,0.6125,0.059375,,False,,False
3,dropout,dropout_realization_01,dropout_realization_01,4.0,40,20,0.525,0.8625,0.575,,False,,False
3,dropout,dropout_realization_01,dropout_realization_01,8.0,40,20,0.6,0.7875,0.74375,,False,,False
3,dropout,dropout_realization_01,dropout_realization_01,16.0,40,20,0.5375,0.8125,0.721875,,False,,False
3,dropout,dropout_realization_01,dropout_realization_01,32.0,40,20,0.5,0.6875,0.5625,,False,,False
3,dropout,dropout_realization_01,dropout_realization_01,64.0,40,20,0.5125,0.575,0.359375,,False,,False
3,dropout,dropout_realization_01,dropout_realization_01,128.0,40,20,0.625,0.6125,0.353125,,False,,False
3,noise,noise_realization_00,noise_realization_00,0.25,40,20,0.5,0.5125,-0.003125,,False,,False
3,noise,noise_realization_00,noise_realization_00,0.5,40,20,0.5,0.575,0.028125,,False,,False
3,noise,noise_realization_00,noise_realization_00,1.0,40,20,0.5,0.5875,0.03125,,False,,False
3,noise,noise_realization_00,noise_realization_00,2.0,40,20,0.5,0.725,0.190625,,False,,False
3,noise,noise_realization_00,noise_realization_00,4.0,40,20,0.5,0.8625,0.6375,,False,,False
3,noise,noise_realization_00,noise_realization_00,8.0,40,20,0.6375,0.7875,0.875,,False,,False
3,noise,noise_realization_00,noise_realization_00,16.0,40,20,0.5,0.775,0.625,,False,,False
3,noise,noise_realization_00,noise_realization_00,32.0,40,20,0.5,0.8125,0.678125,,False,,False
3,noise,noise_realization_00,noise_realization_00,64.0,40,20,0.5875,0.725,0.6625,,False,,False
3,noise,noise_realization_00,noise_realization_00,128.0,40,20,0.65,0.7125,0.50625,,False,,False
3,noise,noise_realization_01,noise_realization_01,0.25,40,20,0.5,0.5625,0.015625,,False,,False
3,noise,noise_realization_01,noise_realization_01,0.5,40,20,0.5,0.5625,0.00625,,False,,False
3,noise,noise_realization_01,noise_realization_01,1.0,40,20,0.5,0.6,0.034375,,False,,False
3,noise,noise_realization_01,noise_realization_01,2.0,40,20,0.5,0.7625,0.19375,,False,,False
3,noise,noise_realization_01,noise_realization_01,4.0,40,20,0.5,0.8,0.51875,,False,,False
3,noise,noise_realization_01,noise_realization_01,8.0,40,20,0.65,0.7375,0.7625,,False,,False
3,noise,noise_realization_01,noise_realization_01,16.0,40,20,0.5,0.75,0.578125,,False,,False
3,noise,noise_realization_01,noise_realization_01,32.0,40,20,0.5,0.725,0.665625,,False,,False
3,noise,noise_realization_01,noise_realization_01,64.0,40,20,0.6125,0.8125,0.871875,,False,,False
3,noise,noise_realization_01,noise_realization_01,128.0,40,20,0.6125,0.6875,0.671875,,False,,False
3,random,fixed_random__block_03__0000,0000,0.25,40,20,0.5,0.45,-0.009375,,False,,False
3,random,fixed_random__block_03__0000,0000,0.5,40,20,0.5,0.375,-0.05,,False,,False
3,random,fixed_random__block_03__0000,0000,1.0,40,20,0.5,0.375,-0.034375,,False,,False
3,random,fixed_random__block_03__0000,0000,2.0,40,20,0.5,0.3875,-0.040625,,False,,False
3,random,fixed_random__block_03__0000,0000,4.0,40,20,0.4875,0.4875,-0.121875,,False,,False
3,random,fixed_random__block_03__0000,0000,8.0,40,20,0.5,0.75,0.45,,False,,False
3,random,fixed_random__block_03__0000,0000,16.0,40,20,0.5125,0.625,0.521875,,False,,False
3,random,fixed_random__block_03__0000,0000,32.0,40,20,0.5125,0.625,0.525,,False,,False
3,random,fixed_random__block_03__0000,0000,64.0,40,20,0.5,0.7,0.509375,,False,,False
3,random,fixed_random__block_03__0000,0000,128.0,40,20,0.575,0.525,0.40625,,False,,False
3,random,fixed_random__block_03__0001,0001,0.25,40,20,0.5,0.5875,0.021875,,False,,False
3,random,fixed_random__block_03__0001,0001,0.5,40,20,0.5,0.575,0.025,,False,,False
3,random,fixed_random__block_03__0001,0001,1.0,40,20,0.5,0.575,0.059375,,False,,False
3,random,fixed_random__block_03__0001,0001,2.0,40,20,0.5125,0.7125,0.21875,,False,,False
3,random,fixed_random__block_03__0001,0001,4.0,40,20,0.5875,0.9,0.8125,,False,,False
3,random,fixed_random__block_03__0001,0001,8.0,40,20,0.9125,0.975,1.528125,,False,,False
3,random,fixed_random__block_03__0001,0001,16.0,40,20,0.75,0.8125,0.96875,,False,,False
3,random,fixed_random__block_03__0001,0001,32.0,40,20,0.4625,0.725,0.53125,,False,,False
3,random,fixed_random__block_03__0001,0001,64.0,40,20,0.6375,0.55,0.465625,,False,,False
3,random,fixed_random__block_03__0001,0001,128.0,40,20,0.7,0.5,0.390625,,False,,False
3,random,fixed_random__block_03__0002,0002,0.25,40,20,0.5,0.6375,0.028125,,False,,False
3,random,fixed_random__block_03__0002,0002,0.5,40,20,0.5,0.75,0.08125,,False,,False
3,random,fixed_random__block_03__0002,0002,1.0,40,20,0.5,0.8375,0.15625,,False,,False
3,random,fixed_random__block_03__0002,0002,2.0,40,20,0.5125,0.875,0.38125,,False,,False
3,random,fixed_random__block_03__0002,0002,4.0,40,20,0.5,0.9125,0.78125,,False,,False
3,random,fixed_random__block_03__0002,0002,8.0,40,20,0.75,0.9375,1.059375,,False,,False
3,random,fixed_random__block_03__0002,0002,16.0,40,20,0.5,0.6125,0.4,,False,,False
3,random,fixed_random__block_03__0002,0002,32.0,40,20,0.5125,0.55,0.39375,,False,,False
3,random,fixed_random__block_03__0002,0002,64.0,40,20,0.4375,0.5375,0.315625,,False,,False
3,random,fixed_random__block_03__0002,0002,128.0,40,20,0.4625,0.5125,0.215625,,False,,False
3,random,fixed_random__block_03__0003,0003,0.25,40,20,0.5,0.55,0.028125,60.3541360149335,True,,False
3,random,fixed_random__block_03__0003,0003,0.5,40,20,0.5,0.7,0.075,60.3541360149335,True,,False
3,random,fixed_random__block_03__0003,0003,1.0,40,20,0.5,0.8,0.165625,60.3541360149335,True,,False
3,random,fixed_random__block_03__0003,0003,2.0,40,20,0.525,0.8625,0.4375,60.3541360149335,True,,False
3,random,fixed_random__block_03__0003,0003,4.0,40,20,0.5625,0.9625,1.103125,60.3541360149335,True,,False
3,random,fixed_random__block_03__0003,0003,8.0,40,20,0.5375,0.7875,0.725,60.3541360149335,True,,False
3,random,fixed_random__block_03__0003,0003,16.0,40,20,0.5,0.6875,0.378125,60.3541360149335,True,,False
3,random,fixed_random__block_03__0003,0003,32.0,40,20,0.6375,0.7,0.7625,60.3541360149335,True,,False
3,random,fixed_random__block_03__0003,0003,64.0,40,20,0.8,0.725,0.959375,60.3541360149335,True,,False
3,random,fixed_random__block_03__0003,0003,128.0,40,20,0.8625,0.6625,0.746875,60.3541360149335,True,,False
3,random,fixed_random__block_03__0004,0004,0.25,40,20,0.5,0.4875,0.00625,,False,,False
3,random,fixed_random__block_03__0004,0004,0.5,40,20,0.5,0.525,0.021875,,False,,False
3,random,fixed_random__block_03__0004,0004,1.0,40,20,0.5,0.5875,0.0625,,False,,False
3,random,fixed_random__block_03__0004,0004,2.0,40,20,0.5,0.5125,0.05625,,False,,False
3,random,fixed_random__block_03__0004,0004,4.0,40,20,0.5,0.8,0.509375,,False,,False
3,random,fixed_random__block_03__0004,0004,8.0,40,20,0.5125,0.9125,0.93125,,False,,False
3,random,fixed_random__block_03__0004,0004,16.0,40,20,0.5,0.5375,0.190625,,False,,False
3,random,fixed_random__block_03__0004,0004,32.0,40,20,0.525,0.5125,0.278125,,False,,False
3,random,fixed_random__block_03__0004,0004,64.0,40,20,0.575,0.5,-0.078125,,False,,False
3,random,fixed_random__block_03__0004,0004,128.0,40,20,0.55,0.5,-0.25625,,False,,False
3,random,fixed_random__block_03__0005,0005,0.25,40,20,0.5,0.475,-0.00625,,False,,False
3,random,fixed_random__block_03__0005,0005,0.5,40,20,0.5,0.4875,0.003125,,False,,False
3,random,fixed_random__block_03__0005,0005,1.0,40,20,0.5,0.4125,-0.0125,,False,,False
3,random,fixed_random__block_03__0005,0005,2.0,40,20,0.5,0.775,0.13125,,False,,False
3,random,fixed_random__block_03__0005,0005,4.0,40,20,0.5,0.7375,0.478125,,False,,False
3,random,fixed_random__block_03__0005,0005,8.0,40,20,0.625,0.9375,1.175,,False,,False
3,random,fixed_random__block_03__0005,0005,16.0,40,20,0.5125,0.8875,1.01875,,False,,False
3,random,fixed_random__block_03__0005,0005,32.0,40,20,0.5,0.775,0.684375,,False,,False
3,random,fixed_random__block_03__0005,0005,64.0,40,20,0.5,0.6625,0.2625,,False,,False
3,random,fixed_random__block_03__0005,0005,128.0,40,20,0.5,0.55,0.025,,False,,False
3,random,fixed_random__block_03__0006,0006,0.25,40,20,0.5,0.4625,-0.0125,,False,,False
3,random,fixed_random__block_03__0006,0006,0.5,40,20,0.5,0.325,-0.06875,,False,,False
3,random,fixed_random__block_03__0006,0006,1.0,40,20,0.5,0.4625,-0.03125,,False,,False
3,random,fixed_random__block_03__0006,0006,2.0,40,20,0.5125,0.65,0.128125,,False,,False
3,random,fixed_random__block_03__0006,0006,4.0,40,20,0.525,0.8625,0.621875,,False,,False
3,random,fixed_random__block_03__0006,0006,8.0,40,20,0.7,0.675,0.64375,,False,,False
3,random,fixed_random__block_03__0006,0006,16.0,40,20,0.5,0.5875,0.171875,,False,,False
3,random,fixed_random__block_03__0006,0006,32.0,40,20,0.5,0.5125,0.090625,,False,,False
3,random,fixed_random__block_03__0006,0006,64.0,40,20,0.5,0.5,0.06875,,False,,False
3,random,fixed_random__block_03__0006,0006,128.0,40,20,0.5,0.5125,0.034375,,False,,False
3,random,fixed_random__block_03__0007,0007,0.25,40,20,0.5,0.5375,0.009375,,False,,False
3,random,fixed_random__block_03__0007,0007,0.5,40,20,0.5,0.5375,0.025,,False,,False
3,random,fixed_random__block_03__0007,0007,1.0,40,20,0.5,0.5875,0.06875,,False,,False
3,random,fixed_random__block_03__0007,0007,2.0,40,20,0.5,0.6625,0.2125,,False,,False
3,random,fixed_random__block_03__0007,0007,4.0,40,20,0.5375,0.9375,0.740625,,False,,False
3,random,fixed_random__block_03__0007,0007,8.0,40,20,0.525,0.8625,1.053125,,False,,False
3,random,fixed_random__block_03__0007,0007,16.0,40,20,0.7125,0.75,0.903125,,False,,False
3,random,fixed_random__block_03__0007,0007,32.0,40,20,0.5,0.6875,0.559375,,False,,False
3,random,fixed_random__block_03__0007,0007,64.0,40,20,0.65,0.6,0.525,,False,,False
3,random,fixed_random__block_03__0007,0007,128.0,40,20,0.7125,0.6125,0.56875,,False,,False
3,random,fixed_random__block_03__0008,0008,0.25,40,20,0.5,0.375,-0.046875,,False,,False
3,random,fixed_random__block_03__0008,0008,0.5,40,20,0.5,0.2625,-0.075,,False,,False
3,random,fixed_random__block_03__0008,0008,1.0,40,20,0.5,0.3,-0.09375,,False,,False
3,random,fixed_random__block_03__0008,0008,2.0,40,20,0.5,0.425,-0.06875,,False,,False
3,random,fixed_random__block_03__0008,0008,4.0,40,20,0.5,0.675,0.3125,,False,,False
3,random,fixed_random__block_03__0008,0008,8.0,40,20,0.7375,0.575,0.496875,,False,,False
3,random,fixed_random__block_03__0008,0008,16.0,40,20,0.5,0.575,0.41875,,False,,False
3,random,fixed_random__block_03__0008,0008,32.0,40,20,0.5125,0.5375,0.33125,,False,,False
3,random,fixed_random__block_03__0008,0008,64.0,40,20,0.8875,0.55,0.56875,,False,,False
3,random,fixed_random__block_03__0008,0008,128.0,40,20,0.75,0.5,0.525,,False,,False
3,random,fixed_random__block_03__0009,0009,0.25,40,20,0.5,0.6,0.03125,,False,,False
3,random,fixed_random__block_03__0009,0009,0.5,40,20,0.5,0.65,0.059375,,False,,False
3,random,fixed_random__block_03__0009,0009,1.0,40,20,0.5,0.8125,0.1875,,False,,False
3,random,fixed_random__block_03__0009,0009,2.0,40,20,0.5,0.825,0.325,,False,,False
3,random,fixed_random__block_03__0009,0009,4.0,40,20,0.5,0.8875,0.665625,,False,,False
3,random,fixed_random__block_03__0009,0009,8.0,40,20,0.65,0.8,0.80625,,False,,False
3,random,fixed_random__block_03__0009,0009,16.0,40,20,0.5,0.7875,0.5,,False,,False
3,random,fixed_random__block_03__0009,0009,32.0,40,20,0.55,0.775,0.640625,,False,,False
3,random,fixed_random__block_03__0009,0009,64.0,40,20,0.65,0.775,0.890625,,False,,False
3,random,fixed_random__block_03__0009,0009,128.0,40,20,0.65,0.65,0.690625,,False,,False
4,concept,concept__block_04__Dust,Dust,0.25,40,20,0.5,0.5375,0.0125,,False,,False
4,concept,concept__block_04__Dust,Dust,0.5,40,20,0.5,0.6,0.028125,,False,,False
4,concept,concept__block_04__Dust,Dust,1.0,40,20,0.5,0.675,0.08125,,False,,False
4,concept,concept__block_04__Dust,Dust,2.0,40,20,0.5,0.775,0.21875,,False,,False
4,concept,concept__block_04__Dust,Dust,4.0,40,20,0.5,0.8375,0.646875,,False,,False
4,concept,concept__block_04__Dust,Dust,8.0,40,20,0.5875,0.65,0.634375,,False,,False
4,concept,concept__block_04__Dust,Dust,16.0,40,20,0.475,0.5,0.103125,,False,,False
4,concept,concept__block_04__Dust,Dust,32.0,40,20,0.4125,0.475,-0.11875,,False,,False
4,concept,concept__block_04__Dust,Dust,64.0,40,20,0.4625,0.475,-0.071875,,False,,False
4,concept,concept__block_04__Dust,Dust,128.0,40,20,0.5,0.475,-0.0640625,,False,,False
4,concept,concept__block_04__Illusions,Illusions,0.25,40,20,0.5,0.5,0.003125,,False,,False
4,concept,concept__block_04__Illusions,Illusions,0.5,40,20,0.5,0.5375,0.0125,,False,,False
4,concept,concept__block_04__Illusions,Illusions,1.0,40,20,0.5,0.5625,0.021875,,False,,False
4,concept,concept__block_04__Illusions,Illusions,2.0,40,20,0.5,0.65,0.125,,False,,False
4,concept,concept__block_04__Illusions,Illusions,4.0,40,20,0.5,0.6875,0.546875,,False,,False
4,concept,concept__block_04__Illusions,Illusions,8.0,40,20,0.7,0.7,0.7125,,False,,False
4,concept,concept__block_04__Illusions,Illusions,16.0,40,20,0.5125,0.75,0.65625,,False,,False
4,concept,concept__block_04__Illusions,Illusions,32.0,40,20,0.5,0.65,0.4625,,False,,False
4,concept,concept__block_04__Illusions,Illusions,64.0,40,20,0.5,0.6375,0.428125,,False,,False
4,concept,concept__block_04__Illusions,Illusions,128.0,40,20,0.5,0.6625,0.403125,,False,,False
4,concept,concept__block_04__Origami,Origami,0.25,40,20,0.5,0.525,0.0125,,False,,False
4,concept,concept__block_04__Origami,Origami,0.5,40,20,0.5,0.6125,0.0375,,False,,False
4,concept,concept__block_04__Origami,Origami,1.0,40,20,0.5,0.6625,0.084375,,False,,False
4,concept,concept__block_04__Origami,Origami,2.0,40,20,0.5,0.8625,0.325,,False,,False
4,concept,concept__block_04__Origami,Origami,4.0,40,20,0.6125,0.9875,1.234375,,False,,False
4,concept,concept__block_04__Origami,Origami,8.0,40,20,0.5,0.625,0.365625,,False,,False
4,concept,concept__block_04__Origami,Origami,16.0,40,20,0.5,0.7625,0.6625,,False,,False
4,concept,concept__block_04__Origami,Origami,32.0,40,20,0.5,0.7625,0.615625,,False,,False
4,concept,concept__block_04__Origami,Origami,64.0,40,20,0.5,0.75,0.58125,,False,,False
4,concept,concept__block_04__Origami,Origami,128.0,40,20,0.575,0.575,0.49375,,False,,False
4,concept,concept__block_04__Satellites,Satellites,0.25,40,20,0.5,0.5375,0.009375,,False,34.83030695848757,True
4,concept,concept__block_04__Satellites,Satellites,0.5,40,20,0.5,0.475,-0.01875,,False,34.83030695848757,True
4,concept,concept__block_04__Satellites,Satellites,1.0,40,20,0.5,0.3625,-0.05625,,False,34.83030695848757,True
4,concept,concept__block_04__Satellites,Satellites,2.0,40,20,0.5,0.4875,-0.0125,,False,34.83030695848757,True
4,concept,concept__block_04__Satellites,Satellites,4.0,40,20,0.5,0.7,0.228125,,False,34.83030695848757,True
4,concept,concept__block_04__Satellites,Satellites,8.0,40,20,0.5,0.5625,0.125,,False,34.83030695848757,True
4,concept,concept__block_04__Satellites,Satellites,16.0,40,20,0.5,0.7375,0.4375,,False,34.83030695848757,True
4,concept,concept__block_04__Satellites,Satellites,32.0,40,20,0.5,0.75,0.675,,False,34.83030695848757,True
4,concept,concept__block_04__Satellites,Satellites,64.0,40,20,0.5,0.8,0.815625,,False,34.83030695848757,True
4,concept,concept__block_04__Satellites,Satellites,128.0,40,20,0.5,0.8625,0.8625,,False,34.83030695848757,True
4,concept,concept__block_04__Trumpets,Trumpets,0.25,40,20,0.5,0.3625,-0.040625,,False,,False
4,concept,concept__block_04__Trumpets,Trumpets,0.5,40,20,0.5,0.3,-0.090625,,False,,False
4,concept,concept__block_04__Trumpets,Trumpets,1.0,40,20,0.5,0.15,-0.20625,,False,,False
4,concept,concept__block_04__Trumpets,Trumpets,2.0,40,20,0.5,0.2375,-0.2625,,False,,False
4,concept,concept__block_04__Trumpets,Trumpets,4.0,40,20,0.5,0.5375,-0.04375,,False,,False
4,concept,concept__block_04__Trumpets,Trumpets,8.0,40,20,0.5,0.6375,0.1625,,False,,False
4,concept,concept__block_04__Trumpets,Trumpets,16.0,40,20,0.5,0.7625,0.40625,,False,,False
4,concept,concept__block_04__Trumpets,Trumpets,32.0,40,20,0.5,0.775,0.49375,,False,,False
4,concept,concept__block_04__Trumpets,Trumpets,64.0,40,20,0.4875,0.725,0.64375,,False,,False
4,concept,concept__block_04__Trumpets,Trumpets,128.0,40,20,0.4125,0.5875,0.278125,,False,,False
4,concept,concept__block_04__appreciation,appreciation,0.25,40,20,0.5,0.5875,0.028125,,False,2.5932316276902636,True
4,concept,concept__block_04__appreciation,appreciation,0.5,40,20,0.5,0.575,0.0375,,False,2.5932316276902636,True
4,concept,concept__block_04__appreciation,appreciation,1.0,40,20,0.5,0.5625,0.05,,False,2.5932316276902636,True
4,concept,concept__block_04__appreciation,appreciation,2.0,40,20,0.5,0.7625,0.24375,,False,2.5932316276902636,True
4,concept,concept__block_04__appreciation,appreciation,4.0,40,20,0.5,0.9625,0.8375,,False,2.5932316276902636,True
4,concept,concept__block_04__appreciation,appreciation,8.0,40,20,0.5,0.925,0.63125,,False,2.5932316276902636,True
4,concept,concept__block_04__appreciation,appreciation,16.0,40,20,0.5,0.825,0.578125,,False,2.5932316276902636,True
4,concept,concept__block_04__appreciation,appreciation,32.0,40,20,0.5,0.875,0.78125,,False,2.5932316276902636,True
4,concept,concept__block_04__appreciation,appreciation,64.0,40,20,0.5,0.8875,0.884375,,False,2.5932316276902636,True
4,concept,concept__block_04__appreciation,appreciation,128.0,40,20,0.5,0.9,0.921875,,False,2.5932316276902636,True
4,concept,concept__block_04__betrayal,betrayal,0.25,40,20,0.5,0.375,-0.0375,,False,,False
4,concept,concept__block_04__betrayal,betrayal,0.5,40,20,0.5,0.225,-0.09375,,False,,False
4,concept,concept__block_04__betrayal,betrayal,1.0,40,20,0.5,0.2125,-0.159375,,False,,False
4,concept,concept__block_04__betrayal,betrayal,2.0,40,20,0.5,0.2125,-0.28125,,False,,False
4,concept,concept__block_04__betrayal,betrayal,4.0,40,20,0.5,0.3375,-0.2,,False,,False
4,concept,concept__block_04__betrayal,betrayal,8.0,40,20,0.5,0.6625,0.434375,,False,,False
4,concept,concept__block_04__betrayal,betrayal,16.0,40,20,0.5,0.775,0.56875,,False,,False
4,concept,concept__block_04__betrayal,betrayal,32.0,40,20,0.5,0.775,0.6625,,False,,False
4,concept,concept__block_04__betrayal,betrayal,64.0,40,20,0.5,0.8625,0.753125,,False,,False
4,concept,concept__block_04__betrayal,betrayal,128.0,40,20,0.5,0.9,0.840625,,False,,False
4,concept,concept__block_04__fibonacci_numbers,fibonacci_numbers,0.25,40,20,0.5,0.4625,-0.00625,,False,,False
4,concept,concept__block_04__fibonacci_numbers,fibonacci_numbers,0.5,40,20,0.5,0.475,-0.0125,,False,,False
4,concept,concept__block_04__fibonacci_numbers,fibonacci_numbers,1.0,40,20,0.5,0.45,-0.03125,,False,,False
4,concept,concept__block_04__fibonacci_numbers,fibonacci_numbers,2.0,40,20,0.5,0.475,-0.025,,False,,False
4,concept,concept__block_04__fibonacci_numbers,fibonacci_numbers,4.0,40,20,0.5,0.5625,0.115625,,False,,False
4,concept,concept__block_04__fibonacci_numbers,fibonacci_numbers,8.0,40,20,0.5,0.5,0.003125,,False,,False
4,concept,concept__block_04__fibonacci_numbers,fibonacci_numbers,16.0,40,20,0.5,0.75,0.465625,,False,,False
4,concept,concept__block_04__fibonacci_numbers,fibonacci_numbers,32.0,40,20,0.5,0.8125,0.653125,,False,,False
4,concept,concept__block_04__fibonacci_numbers,fibonacci_numbers,64.0,40,20,0.5,0.85,0.721875,,False,,False
4,concept,concept__block_04__fibonacci_numbers,fibonacci_numbers,128.0,40,20,0.5,0.8625,0.70625,,False,,False
4,concept,concept__block_04__recursion,recursion,0.25,40,20,0.5,0.35,-0.046875,,False,,False
4,concept,concept__block_04__recursion,recursion,0.5,40,20,0.5,0.375,-0.040625,,False,,False
4,concept,concept__block_04__recursion,recursion,1.0,40,20,0.5,0.4375,-0.03125,,False,,False
4,concept,concept__block_04__recursion,recursion,2.0,40,20,0.5,0.575,0.0125,,False,,False
4,concept,concept__block_04__recursion,recursion,4.0,40,20,0.5,0.6875,0.334375,,False,,False
4,concept,concept__block_04__recursion,recursion,8.0,40,20,0.5,0.675,0.228125,,False,,False
4,concept,concept__block_04__recursion,recursion,16.0,40,20,0.5,0.7,0.48125,,False,,False
4,concept,concept__block_04__recursion,recursion,32.0,40,20,0.5,0.7875,0.6125,,False,,False
4,concept,concept__block_04__recursion,recursion,64.0,40,20,0.5375,0.7625,0.65,,False,,False
4,concept,concept__block_04__recursion,recursion,128.0,40,20,0.5,0.8,0.69375,,False,,False
4,concept,concept__block_04__shutdown,shutdown,0.25,40,20,0.5,0.4875,0.0,,False,,False
4,concept,concept__block_04__shutdown,shutdown,0.5,40,20,0.5,0.3875,-0.0375,,False,,False
4,concept,concept__block_04__shutdown,shutdown,1.0,40,20,0.5,0.425,-0.053125,,False,,False
4,concept,concept__block_04__shutdown,shutdown,2.0,40,20,0.5,0.5375,0.003125,,False,,False
4,concept,concept__block_04__shutdown,shutdown,4.0,40,20,0.5,0.6875,0.2375,,False,,False
4,concept,concept__block_04__shutdown,shutdown,8.0,40,20,0.5,0.55,0.078125,,False,,False
4,concept,concept__block_04__shutdown,shutdown,16.0,40,20,0.5,0.7,0.459375,,False,,False
4,concept,concept__block_04__shutdown,shutdown,32.0,40,20,0.5,0.7625,0.603125,,False,,False
4,concept,concept__block_04__shutdown,shutdown,64.0,40,20,0.525,0.8125,0.703125,,False,,False
4,concept,concept__block_04__shutdown,shutdown,128.0,40,20,0.5,0.85,0.7875,,False,,False
4,dropout,dropout_realization_00,dropout_realization_00,0.25,40,20,0.5,0.425,-0.01875,,False,,False
4,dropout,dropout_realization_00,dropout_realization_00,0.5,40,20,0.5,0.475,-0.01875,,False,,False
4,dropout,dropout_realization_00,dropout_realization_00,1.0,40,20,0.5,0.4375,-0.015625,,False,,False
4,dropout,dropout_realization_00,dropout_realization_00,2.0,40,20,0.5,0.6625,0.084375,,False,,False
4,dropout,dropout_realization_00,dropout_realization_00,4.0,40,20,0.5,0.7375,0.36875,,False,,False
4,dropout,dropout_realization_00,dropout_realization_00,8.0,40,20,0.525,0.6875,0.525,,False,,False
4,dropout,dropout_realization_00,dropout_realization_00,16.0,40,20,0.5,0.7375,0.540625,,False,,False
4,dropout,dropout_realization_00,dropout_realization_00,32.0,40,20,0.575,0.7125,0.640625,,False,,False
4,dropout,dropout_realization_00,dropout_realization_00,64.0,40,20,0.575,0.725,0.6875,,False,,False
4,dropout,dropout_realization_00,dropout_realization_00,128.0,40,20,0.525,0.6125,0.40234375,,False,,False
4,dropout,dropout_realization_01,dropout_realization_01,0.25,40,20,0.5,0.4625,-0.015625,,False,,False
4,dropout,dropout_realization_01,dropout_realization_01,0.5,40,20,0.5,0.45,-0.0125,,False,,False
4,dropout,dropout_realization_01,dropout_realization_01,1.0,40,20,0.5,0.525,0.015625,,False,,False
4,dropout,dropout_realization_01,dropout_realization_01,2.0,40,20,0.5,0.5125,0.003125,,False,,False
4,dropout,dropout_realization_01,dropout_realization_01,4.0,40,20,0.5,0.725,0.3375,,False,,False
4,dropout,dropout_realization_01,dropout_realization_01,8.0,40,20,0.55,0.6625,0.5125,,False,,False
4,dropout,dropout_realization_01,dropout_realization_01,16.0,40,20,0.5,0.7875,0.6375,,False,,False
4,dropout,dropout_realization_01,dropout_realization_01,32.0,40,20,0.55,0.6,0.371875,,False,,False
4,dropout,dropout_realization_01,dropout_realization_01,64.0,40,20,0.5625,0.675,0.63125,,False,,False
4,dropout,dropout_realization_01,dropout_realization_01,128.0,40,20,0.55,0.6,0.3640625,,False,,False
4,noise,noise_realization_00,noise_realization_00,0.25,40,20,0.5,0.4875,-0.00625,,False,,False
4,noise,noise_realization_00,noise_realization_00,0.5,40,20,0.5,0.45,-0.021875,,False,,False
4,noise,noise_realization_00,noise_realization_00,1.0,40,20,0.5,0.525,-0.009375,,False,,False
4,noise,noise_realization_00,noise_realization_00,2.0,40,20,0.5,0.4875,-0.046875,,False,,False
4,noise,noise_realization_00,noise_realization_00,4.0,40,20,0.5,0.6375,0.20625,,False,,False
4,noise,noise_realization_00,noise_realization_00,8.0,40,20,0.575,0.725,0.546875,,False,,False
4,noise,noise_realization_00,noise_realization_00,16.0,40,20,0.525,0.7,0.625,,False,,False
4,noise,noise_realization_00,noise_realization_00,32.0,40,20,0.5,0.75,0.6,,False,,False
4,noise,noise_realization_00,noise_realization_00,64.0,40,20,0.55,0.575,0.425,,False,,False
4,noise,noise_realization_00,noise_realization_00,128.0,40,20,0.6375,0.6625,0.60625,,False,,False
4,noise,noise_realization_01,noise_realization_01,0.25,40,20,0.5,0.4875,0.003125,,False,,False
4,noise,noise_realization_01,noise_realization_01,0.5,40,20,0.5,0.4875,-0.003125,,False,,False
4,noise,noise_realization_01,noise_realization_01,1.0,40,20,0.5,0.5375,0.009375,,False,,False
4,noise,noise_realization_01,noise_realization_01,2.0,40,20,0.5,0.4125,-0.04375,,False,,False
4,noise,noise_realization_01,noise_realization_01,4.0,40,20,0.5,0.6625,0.196875,,False,,False
4,noise,noise_realization_01,noise_realization_01,8.0,40,20,0.525,0.7125,0.484375,,False,,False
4,noise,noise_realization_01,noise_realization_01,16.0,40,20,0.55,0.75,0.55,,False,,False
4,noise,noise_realization_01,noise_realization_01,32.0,40,20,0.5,0.7125,0.528125,,False,,False
4,noise,noise_realization_01,noise_realization_01,64.0,40,20,0.575,0.6625,0.5125,,False,,False
4,noise,noise_realization_01,noise_realization_01,128.0,40,20,0.575,0.5625,0.425,,False,,False
4,random,fixed_random__block_04__0000,0000,0.25,40,20,0.5,0.5125,0.003125,,False,,False
4,random,fixed_random__block_04__0000,0000,0.5,40,20,0.5,0.5125,-0.003125,,False,,False
4,random,fixed_random__block_04__0000,0000,1.0,40,20,0.5,0.45,-0.021875,,False,,False
4,random,fixed_random__block_04__0000,0000,2.0,40,20,0.5,0.3375,-0.09375,,False,,False
4,random,fixed_random__block_04__0000,0000,4.0,40,20,0.5,0.3875,-0.1375,,False,,False
4,random,fixed_random__block_04__0000,0000,8.0,40,20,0.5,0.8,0.625,,False,,False
4,random,fixed_random__block_04__0000,0000,16.0,40,20,0.5,0.7625,0.58125,,False,,False
4,random,fixed_random__block_04__0000,0000,32.0,40,20,0.5,0.7,0.509375,,False,,False
4,random,fixed_random__block_04__0000,0000,64.0,40,20,0.5,0.675,0.35625,,False,,False
4,random,fixed_random__block_04__0000,0000,128.0,40,20,0.5,0.575,0.25625,,False,,False
4,random,fixed_random__block_04__0001,0001,0.25,40,20,0.5,0.525,0.0,,False,,False
4,random,fixed_random__block_04__0001,0001,0.5,40,20,0.5,0.5125,0.003125,,False,,False
4,random,fixed_random__block_04__0001,0001,1.0,40,20,0.5,0.75,0.084375,,False,,False
4,random,fixed_random__block_04__0001,0001,2.0,40,20,0.5,0.85,0.2,,False,,False
4,random,fixed_random__block_04__0001,0001,4.0,40,20,0.5,0.95,0.59375,,False,,False
4,random,fixed_random__block_04__0001,0001,8.0,40,20,0.6,0.825,0.771875,,False,,False
4,random,fixed_random__block_04__0001,0001,16.0,40,20,0.5375,0.8,0.70625,,False,,False
4,random,fixed_random__block_04__0001,0001,32.0,40,20,0.6,0.7625,0.75625,,False,,False
4,random,fixed_random__block_04__0001,0001,64.0,40,20,0.8,0.5,0.3828125,,False,,False
4,random,fixed_random__block_04__0001,0001,128.0,40,20,0.775,0.525,0.5375,,False,,False
4,random,fixed_random__block_04__0002,0002,0.25,40,20,0.5,0.5625,0.0125,127.94599217476419,True,,False
4,random,fixed_random__block_04__0002,0002,0.5,40,20,0.5,0.5,0.00625,127.94599217476419,True,,False
4,random,fixed_random__block_04__0002,0002,1.0,40,20,0.5,0.4875,0.0,127.94599217476419,True,,False
4,random,fixed_random__block_04__0002,0002,2.0,40,20,0.5,0.375,-0.059375,127.94599217476419,True,,False
4,random,fixed_random__block_04__0002,0002,4.0,40,20,0.5,0.3625,-0.16875,127.94599217476419,True,,False
4,random,fixed_random__block_04__0002,0002,8.0,40,20,0.525,0.5875,0.296875,127.94599217476419,True,,False
4,random,fixed_random__block_04__0002,0002,16.0,40,20,0.5,0.6,0.059375,127.94599217476419,True,,False
4,random,fixed_random__block_04__0002,0002,32.0,40,20,0.5,0.6875,0.653125,127.94599217476419,True,,False
4,random,fixed_random__block_04__0002,0002,64.0,40,20,0.5625,0.7875,0.66875,127.94599217476419,True,,False
4,random,fixed_random__block_04__0002,0002,128.0,40,20,0.75,0.5625,0.471875,127.94599217476419,True,,False
4,random,fixed_random__block_04__0003,0003,0.25,40,20,0.5,0.4875,0.0,,False,76.34120529910045,True
4,random,fixed_random__block_04__0003,0003,0.5,40,20,0.5,0.45,-0.01875,,False,76.34120529910045,True
4,random,fixed_random__block_04__0003,0003,1.0,40,20,0.5,0.45,-0.028125,,False,76.34120529910045,True
4,random,fixed_random__block_04__0003,0003,2.0,40,20,0.5,0.4875,-0.01875,,False,76.34120529910045,True
4,random,fixed_random__block_04__0003,0003,4.0,40,20,0.5,0.575,0.059375,,False,76.34120529910045,True
4,random,fixed_random__block_04__0003,0003,8.0,40,20,0.55,0.8,0.665625,,False,76.34120529910045,True
4,random,fixed_random__block_04__0003,0003,16.0,40,20,0.675,0.9875,1.3,,False,76.34120529910045,True
4,random,fixed_random__block_04__0003,0003,32.0,40,20,0.5,0.8125,1.0625,,False,76.34120529910045,True
4,random,fixed_random__block_04__0003,0003,64.0,40,20,0.5,0.675,0.79375,,False,76.34120529910045,True
4,random,fixed_random__block_04__0003,0003,128.0,40,20,0.5125,0.6,0.503125,,False,76.34120529910045,True
4,random,fixed_random__block_04__0004,0004,0.25,40,20,0.5,0.5625,0.021875,,False,,False
4,random,fixed_random__block_04__0004,0004,0.5,40,20,0.5,0.6,0.034375,,False,,False
4,random,fixed_random__block_04__0004,0004,1.0,40,20,0.5,0.6375,0.059375,,False,,False
4,random,fixed_random__block_04__0004,0004,2.0,40,20,0.5,0.6875,0.184375,,False,,False
4,random,fixed_random__block_04__0004,0004,4.0,40,20,0.5,0.7,0.334375,,False,,False
4,random,fixed_random__block_04__0004,0004,8.0,40,20,0.5,0.625,0.471875,,False,,False
4,random,fixed_random__block_04__0004,0004,16.0,40,20,0.5,0.525,0.3125,,False,,False
4,random,fixed_random__block_04__0004,0004,32.0,40,20,0.5,0.5125,0.259375,,False,,False
4,random,fixed_random__block_04__0004,0004,64.0,40,20,0.6125,0.5125,0.246875,,False,,False
4,random,fixed_random__block_04__0004,0004,128.0,40,20,0.5,0.5125,0.25625,,False,,False
4,random,fixed_random__block_04__0005,0005,0.25,40,20,0.5,0.475,-0.009375,,False,,False
4,random,fixed_random__block_04__0005,0005,0.5,40,20,0.5,0.45,-0.021875,,False,,False
4,random,fixed_random__block_04__0005,0005,1.0,40,20,0.5,0.4125,-0.059375,,False,,False
4,random,fixed_random__block_04__0005,0005,2.0,40,20,0.5,0.4625,-0.121875,,False,,False
4,random,fixed_random__block_04__0005,0005,4.0,40,20,0.5,0.5125,-0.175,,False,,False
4,random,fixed_random__block_04__0005,0005,8.0,40,20,0.5,0.6375,0.3375,,False,,False
4,random,fixed_random__block_04__0005,0005,16.0,40,20,0.65,0.65,0.60625,,False,,False
4,random,fixed_random__block_04__0005,0005,32.0,40,20,0.6,0.65,0.521875,,False,,False
4,random,fixed_random__block_04__0005,0005,64.0,40,20,0.75,0.5,0.346875,,False,,False
4,random,fixed_random__block_04__0005,0005,128.0,40,20,0.7625,0.5,0.246875,,False,,False
4,random,fixed_random__block_04__0006,0006,0.25,40,20,0.5,0.425,-0.01875,,False,,False
4,random,fixed_random__block_04__0006,0006,0.5,40,20,0.5,0.475,-0.015625,,False,,False
4,random,fixed_random__block_04__0006,0006,1.0,40,20,0.5,0.2875,-0.08125,,False,,False
4,random,fixed_random__block_04__0006,0006,2.0,40,20,0.5,0.2875,-0.20625,,False,,False
4,random,fixed_random__block_04__0006,0006,4.0,40,20,0.5,0.4875,0.059375,,False,,False
4,random,fixed_random__block_04__0006,0006,8.0,40,20,0.525,0.7625,0.60625,,False,,False
4,random,fixed_random__block_04__0006,0006,16.0,40,20,0.7125,0.725,0.8,,False,,False
4,random,fixed_random__block_04__0006,0006,32.0,40,20,0.8125,0.7,0.68125,,False,,False
4,random,fixed_random__block_04__0006,0006,64.0,40,20,0.7625,0.525,0.475,,False,,False
4,random,fixed_random__block_04__0006,0006,128.0,40,20,0.5875,0.525,0.4875,,False,,False
4,random,fixed_random__block_04__0007,0007,0.25,40,20,0.5,0.4875,0.0,,False,,False
4,random,fixed_random__block_04__0007,0007,0.5,40,20,0.5,0.45,-0.01875,,False,,False
4,random,fixed_random__block_04__0007,0007,1.0,40,20,0.5,0.3,-0.065625,,False,,False
4,random,fixed_random__block_04__0007,0007,2.0,40,20,0.5,0.4,-0.059375,,False,,False
4,random,fixed_random__block_04__0007,0007,4.0,40,20,0.5,0.8375,0.5125,,False,,False
4,random,fixed_random__block_04__0007,0007,8.0,40,20,0.5375,0.7375,0.521875,,False,,False
4,random,fixed_random__block_04__0007,0007,16.0,40,20,0.7375,0.5625,0.5,,False,,False
4,random,fixed_random__block_04__0007,0007,32.0,40,20,0.425,0.525,0.24375,,False,,False
4,random,fixed_random__block_04__0007,0007,64.0,40,20,0.4,0.5,0.115625,,False,,False
4,random,fixed_random__block_04__0007,0007,128.0,40,20,0.4625,0.5,0.1,,False,,False
4,random,fixed_random__block_04__0008,0008,0.25,40,20,0.5,0.4375,-0.021875,,False,,False
4,random,fixed_random__block_04__0008,0008,0.5,40,20,0.5,0.45,-0.028125,,False,,False
4,random,fixed_random__block_04__0008,0008,1.0,40,20,0.5,0.3375,-0.065625,,False,,False
4,random,fixed_random__block_04__0008,0008,2.0,40,20,0.5,0.375,-0.11875,,False,,False
4,random,fixed_random__block_04__0008,0008,4.0,40,20,0.5,0.525,-0.03125,,False,,False
4,random,fixed_random__block_04__0008,0008,8.0,40,20,0.5,0.5625,0.16875,,False,,False
4,random,fixed_random__block_04__0008,0008,16.0,40,20,0.5,0.5375,0.175,,False,,False
4,random,fixed_random__block_04__0008,0008,32.0,40,20,0.525,0.575,0.38125,,False,,False
4,random,fixed_random__block_04__0008,0008,64.0,40,20,0.5,0.6375,0.478125,,False,,False
4,random,fixed_random__block_04__0008,0008,128.0,40,20,0.6875,0.5375,0.45,,False,,False
4,random,fixed_random__block_04__0009,0009,0.25,40,20,0.5,0.4375,-0.0125,,False,,False
4,random,fixed_random__block_04__0009,0009,0.5,40,20,0.5,0.475,-0.00625,,False,,False
4,random,fixed_random__block_04__0009,0009,1.0,40,20,0.5,0.3375,-0.05,,False,,False
4,random,fixed_random__block_04__0009,0009,2.0,40,20,0.5,0.225,-0.140625,,False,,False
4,random,fixed_random__block_04__0009,0009,4.0,40,20,0.5,0.2375,-0.275,,False,,False
4,random,fixed_random__block_04__0009,0009,8.0,40,20,0.5,0.7375,0.421875,,False,,False
4,random,fixed_random__block_04__0009,0009,16.0,40,20,0.5,0.6375,0.41875,,False,,False
4,random,fixed_random__block_04__0009,0009,32.0,40,20,0.5625,0.6625,0.590625,,False,,False
4,random,fixed_random__block_04__0009,0009,64.0,40,20,0.7125,0.6,0.6125,,False,,False
4,random,fixed_random__block_04__0009,0009,128.0,40,20,0.6625,0.525,0.459375,,False,,False
5,concept,concept__block_05__Dust,Dust,0.25,40,20,0.5,0.625,0.034375,,False,,False
5,concept,concept__block_05__Dust,Dust,0.5,40,20,0.5,0.7,0.075,,False,,False
5,concept,concept__block_05__Dust,Dust,1.0,40,20,0.5,0.7,0.13125,,False,,False
5,concept,concept__block_05__Dust,Dust,2.0,40,20,0.5,0.7625,0.26875,,False,,False
5,concept,concept__block_05__Dust,Dust,4.0,40,20,0.5,0.8125,0.425,,False,,False
5,concept,concept__block_05__Dust,Dust,8.0,40,20,0.5,0.7,0.396875,,False,,False
5,concept,concept__block_05__Dust,Dust,16.0,40,20,0.4875,0.725,0.49375,,False,,False
5,concept,concept__block_05__Dust,Dust,32.0,40,20,0.5,0.5,0.13125,,False,,False
5,concept,concept__block_05__Dust,Dust,64.0,40,20,0.5,0.5125,0.1734375,,False,,False
5,concept,concept__block_05__Dust,Dust,128.0,40,20,0.5,0.5,0.121875,,False,,False
5,concept,concept__block_05__Illusions,Illusions,0.25,40,20,0.5,0.5125,0.00625,,False,,False
5,concept,concept__block_05__Illusions,Illusions,0.5,40,20,0.5,0.6125,0.034375,,False,,False
5,concept,concept__block_05__Illusions,Illusions,1.0,40,20,0.5,0.7,0.090625,,False,,False
5,concept,concept__block_05__Illusions,Illusions,2.0,40,20,0.5,0.8,0.196875,,False,,False
5,concept,concept__block_05__Illusions,Illusions,4.0,40,20,0.5,0.85,0.628125,,False,,False
5,concept,concept__block_05__Illusions,Illusions,8.0,40,20,0.725,0.825,0.8375,,False,,False
5,concept,concept__block_05__Illusions,Illusions,16.0,40,20,0.65,0.8125,0.7875,,False,,False
5,concept,concept__block_05__Illusions,Illusions,32.0,40,20,0.525,0.7875,0.65,,False,,False
5,concept,concept__block_05__Illusions,Illusions,64.0,40,20,0.5875,0.7375,0.6625,,False,,False
5,concept,concept__block_05__Illusions,Illusions,128.0,40,20,0.7375,0.625,0.6,,False,,False
5,concept,concept__block_05__Origami,Origami,0.25,40,20,0.5,0.6,0.034375,117.88596395232948,True,,False
5,concept,concept__block_05__Origami,Origami,0.5,40,20,0.5,0.7375,0.065625,117.88596395232948,True,,False
5,concept,concept__block_05__Origami,Origami,1.0,40,20,0.5,0.725,0.090625,117.88596395232948,True,,False
5,concept,concept__block_05__Origami,Origami,2.0,40,20,0.5,0.8875,0.296875,117.88596395232948,True,,False
5,concept,concept__block_05__Origami,Origami,4.0,40,20,0.5,0.9125,0.7875,117.88596395232948,True,,False
5,concept,concept__block_05__Origami,Origami,8.0,40,20,0.5,0.8,0.66875,117.88596395232948,True,,False
5,concept,concept__block_05__Origami,Origami,16.0,40,20,0.725,0.775,0.875,117.88596395232948,True,,False
5,concept,concept__block_05__Origami,Origami,32.0,40,20,0.5125,0.775,0.6875,117.88596395232948,True,,False
5,concept,concept__block_05__Origami,Origami,64.0,40,20,0.6,0.75,0.71875,117.88596395232948,True,,False
5,concept,concept__block_05__Origami,Origami,128.0,40,20,0.7875,0.575,0.603125,117.88596395232948,True,,False
5,concept,concept__block_05__Satellites,Satellites,0.25,40,20,0.5,0.5875,0.025,,False,,False
5,concept,concept__block_05__Satellites,Satellites,0.5,40,20,0.5,0.4,-0.034375,,False,,False
5,concept,concept__block_05__Satellites,Satellites,1.0,40,20,0.5,0.425,-0.05,,False,,False
5,concept,concept__block_05__Satellites,Satellites,2.0,40,20,0.5,0.3375,-0.115625,,False,,False
5,concept,concept__block_05__Satellites,Satellites,4.0,40,20,0.5,0.4875,0.003125,,False,,False
5,concept,concept__block_05__Satellites,Satellites,8.0,40,20,0.5,0.55,0.05,,False,,False
5,concept,concept__block_05__Satellites,Satellites,16.0,40,20,0.5,0.7375,0.44375,,False,,False
5,concept,concept__block_05__Satellites,Satellites,32.0,40,20,0.5,0.7,0.5875,,False,,False
5,concept,concept__block_05__Satellites,Satellites,64.0,40,20,0.5,0.7375,0.66875,,False,,False
5,concept,concept__block_05__Satellites,Satellites,128.0,40,20,0.5,0.8125,0.75,,False,,False
5,concept,concept__block_05__Trumpets,Trumpets,0.25,40,20,0.5,0.4125,-0.021875,,False,,False
5,concept,concept__block_05__Trumpets,Trumpets,0.5,40,20,0.5,0.3625,-0.046875,,False,,False
5,concept,concept__block_05__Trumpets,Trumpets,1.0,40,20,0.5,0.2,-0.13125,,False,,False
5,concept,concept__block_05__Trumpets,Trumpets,2.0,40,20,0.5,0.2125,-0.2,,False,,False
5,concept,concept__block_05__Trumpets,Trumpets,4.0,40,20,0.5,0.4375,-0.028125,,False,,False
5,concept,concept__block_05__Trumpets,Trumpets,8.0,40,20,0.5,0.4125,-0.1875,,False,,False
5,concept,concept__block_05__Trumpets,Trumpets,16.0,40,20,0.5,0.5125,0.025,,False,,False
5,concept,concept__block_05__Trumpets,Trumpets,32.0,40,20,0.5,0.7125,0.4875,,False,,False
5,concept,concept__block_05__Trumpets,Trumpets,64.0,40,20,0.5,0.8375,0.753125,,False,,False
5,concept,concept__block_05__Trumpets,Trumpets,128.0,40,20,0.5,0.825,0.759375,,False,,False
5,concept,concept__block_05__appreciation,appreciation,0.25,40,20,0.5,0.4125,-0.021875,,False,,False
5,concept,concept__block_05__appreciation,appreciation,0.5,40,20,0.5,0.3875,-0.0375,,False,,False
5,concept,concept__block_05__appreciation,appreciation,1.0,40,20,0.5,0.5,-0.028125,,False,,False
5,concept,concept__block_05__appreciation,appreciation,2.0,40,20,0.5,0.525,-0.034375,,False,,False
5,concept,concept__block_05__appreciation,appreciation,4.0,40,20,0.5,0.6375,0.178125,,False,,False
5,concept,concept__block_05__appreciation,appreciation,8.0,40,20,0.5,0.8,0.471875,,False,,False
5,concept,concept__block_05__appreciation,appreciation,16.0,40,20,0.5,0.85,0.70625,,False,,False
5,concept,concept__block_05__appreciation,appreciation,32.0,40,20,0.5,0.875,0.86875,,False,,False
5,concept,concept__block_05__appreciation,appreciation,64.0,40,20,0.5,0.925,0.9,,False,,False
5,concept,concept__block_05__appreciation,appreciation,128.0,40,20,0.5,0.9,0.95625,,False,,False
5,concept,concept__block_05__betrayal,betrayal,0.25,40,20,0.5,0.35,-0.05,,False,,False
5,concept,concept__block_05__betrayal,betrayal,0.5,40,20,0.5,0.2875,-0.078125,,False,,False
5,concept,concept__block_05__betrayal,betrayal,1.0,40,20,0.5,0.1875,-0.128125,,False,,False
5,concept,concept__block_05__betrayal,betrayal,2.0,40,20,0.5,0.15,-0.2125,,False,,False
5,concept,concept__block_05__betrayal,betrayal,4.0,40,20,0.5,0.2625,-0.16875,,False,,False
5,concept,concept__block_05__betrayal,betrayal,8.0,40,20,0.5,0.5125,0.25,,False,,False
5,concept,concept__block_05__betrayal,betrayal,16.0,40,20,0.5,0.8,0.571875,,False,,False
5,concept,concept__block_05__betrayal,betrayal,32.0,40,20,0.5,0.85,0.728125,,False,,False
5,concept,concept__block_05__betrayal,betrayal,64.0,40,20,0.5,0.9375,0.846875,,False,,False
5,concept,concept__block_05__betrayal,betrayal,128.0,40,20,0.5,0.9375,0.83125,,False,,False
5,concept,concept__block_05__fibonacci_numbers,fibonacci_numbers,0.25,40,20,0.5,0.3875,-0.0375,,False,,False
5,concept,concept__block_05__fibonacci_numbers,fibonacci_numbers,0.5,40,20,0.5,0.2875,-0.078125,,False,,False
5,concept,concept__block_05__fibonacci_numbers,fibonacci_numbers,1.0,40,20,0.5,0.175,-0.15,,False,,False
5,concept,concept__block_05__fibonacci_numbers,fibonacci_numbers,2.0,40,20,0.5,0.1375,-0.303125,,False,,False
5,concept,concept__block_05__fibonacci_numbers,fibonacci_numbers,4.0,40,20,0.5,0.25,-0.35625,,False,,False
5,concept,concept__block_05__fibonacci_numbers,fibonacci_numbers,8.0,40,20,0.5,0.4125,-0.1875,,False,,False
5,concept,concept__block_05__fibonacci_numbers,fibonacci_numbers,16.0,40,20,0.5,0.8375,0.659375,,False,,False
5,concept,concept__block_05__fibonacci_numbers,fibonacci_numbers,32.0,40,20,0.5,0.875,0.74375,,False,,False
5,concept,concept__block_05__fibonacci_numbers,fibonacci_numbers,64.0,40,20,0.5,0.85,0.825,,False,,False
5,concept,concept__block_05__fibonacci_numbers,fibonacci_numbers,128.0,40,20,0.5125,0.8125,0.875,,False,,False
5,concept,concept__block_05__recursion,recursion,0.25,40,20,0.5,0.475,-0.00625,,False,,False
5,concept,concept__block_05__recursion,recursion,0.5,40,20,0.5,0.45,-0.03125,,False,,False
5,concept,concept__block_05__recursion,recursion,1.0,40,20,0.5,0.4375,-0.059375,,False,,False
5,concept,concept__block_05__recursion,recursion,2.0,40,20,0.5,0.4375,-0.096875,,False,,False
5,concept,concept__block_05__recursion,recursion,4.0,40,20,0.5,0.5375,0.053125,,False,,False
5,concept,concept__block_05__recursion,recursion,8.0,40,20,0.5,0.625,0.225,,False,,False
5,concept,concept__block_05__recursion,recursion,16.0,40,20,0.5,0.8,0.590625,,False,,False
5,concept,concept__block_05__recursion,recursion,32.0,40,20,0.5,0.8375,0.6375,,False,,False
5,concept,concept__block_05__recursion,recursion,64.0,40,20,0.55,0.7625,0.665625,,False,,False
5,concept,concept__block_05__recursion,recursion,128.0,40,20,0.5,0.825,0.7,,False,,False
5,concept,concept__block_05__shutdown,shutdown,0.25,40,20,0.5,0.4125,-0.021875,,False,,False
5,concept,concept__block_05__shutdown,shutdown,0.5,40,20,0.5,0.3625,-0.04375,,False,,False
5,concept,concept__block_05__shutdown,shutdown,1.0,40,20,0.5,0.425,-0.065625,,False,,False
5,concept,concept__block_05__shutdown,shutdown,2.0,40,20,0.5,0.4625,-0.115625,,False,,False
5,concept,concept__block_05__shutdown,shutdown,4.0,40,20,0.5,0.4625,-0.046875,,False,,False
5,concept,concept__block_05__shutdown,shutdown,8.0,40,20,0.5,0.5875,0.134375,,False,,False
5,concept,concept__block_05__shutdown,shutdown,16.0,40,20,0.5,0.7625,0.509375,,False,,False
5,concept,concept__block_05__shutdown,shutdown,32.0,40,20,0.5,0.825,0.659375,,False,,False
5,concept,concept__block_05__shutdown,shutdown,64.0,40,20,0.5,0.8375,0.746875,,False,,False
5,concept,concept__block_05__shutdown,shutdown,128.0,40,20,0.5,0.8625,0.809375,,False,,False
5,dropout,dropout_realization_00,dropout_realization_00,0.25,40,20,0.5,0.4875,-0.003125,,False,83.57827752488872,True
5,dropout,dropout_realization_00,dropout_realization_00,0.5,40,20,0.5,0.5,-0.003125,,False,83.57827752488872,True
5,dropout,dropout_realization_00,dropout_realization_00,1.0,40,20,0.5,0.475,-0.0125,,False,83.57827752488872,True
5,dropout,dropout_realization_00,dropout_realization_00,2.0,40,20,0.5,0.5625,0.075,,False,83.57827752488872,True
5,dropout,dropout_realization_00,dropout_realization_00,4.0,40,20,0.5,0.7875,0.36875,,False,83.57827752488872,True
5,dropout,dropout_realization_00,dropout_realization_00,8.0,40,20,0.5375,0.725,0.553125,,False,83.57827752488872,True
5,dropout,dropout_realization_00,dropout_realization_00,16.0,40,20,0.5,0.775,0.60625,,False,83.57827752488872,True
5,dropout,dropout_realization_00,dropout_realization_00,32.0,40,20,0.5,0.7875,0.65625,,False,83.57827752488872,True
5,dropout,dropout_realization_00,dropout_realization_00,64.0,40,20,0.5125,0.7,0.5484375,,False,83.57827752488872,True
5,dropout,dropout_realization_00,dropout_realization_00,128.0,40,20,0.65,0.65,0.559375,,False,83.57827752488872,True
5,dropout,dropout_realization_01,dropout_realization_01,0.25,40,20,0.5,0.525,0.009375,,False,,False
5,dropout,dropout_realization_01,dropout_realization_01,0.5,40,20,0.5,0.4125,-0.021875,,False,,False
5,dropout,dropout_realization_01,dropout_realization_01,1.0,40,20,0.5,0.525,0.05,,False,,False
5,dropout,dropout_realization_01,dropout_realization_01,2.0,40,20,0.5,0.7,0.134375,,False,,False
5,dropout,dropout_realization_01,dropout_realization_01,4.0,40,20,0.5,0.6625,0.2375,,False,,False
5,dropout,dropout_realization_01,dropout_realization_01,8.0,40,20,0.5,0.7125,0.41875,,False,,False
5,dropout,dropout_realization_01,dropout_realization_01,16.0,40,20,0.5125,0.7,0.61875,,False,,False
5,dropout,dropout_realization_01,dropout_realization_01,32.0,40,20,0.5,0.6875,0.496875,,False,,False
5,dropout,dropout_realization_01,dropout_realization_01,64.0,40,20,0.5625,0.7625,0.590625,,False,,False
5,dropout,dropout_realization_01,dropout_realization_01,128.0,40,20,0.6,0.6375,0.4328125,,False,,False
5,noise,noise_realization_00,noise_realization_00,0.25,40,20,0.5,0.4625,-0.0125,,False,,False
5,noise,noise_realization_00,noise_realization_00,0.5,40,20,0.5,0.5,0.0,,False,,False
5,noise,noise_realization_00,noise_realization_00,1.0,40,20,0.5,0.475,0.00625,,False,,False
5,noise,noise_realization_00,noise_realization_00,2.0,40,20,0.5,0.6375,0.1125,,False,,False
5,noise,noise_realization_00,noise_realization_00,4.0,40,20,0.5,0.75,0.2375,,False,,False
5,noise,noise_realization_00,noise_realization_00,8.0,40,20,0.5375,0.7,0.4375,,False,,False
5,noise,noise_realization_00,noise_realization_00,16.0,40,20,0.5,0.725,0.540625,,False,,False
5,noise,noise_realization_00,noise_realization_00,32.0,40,20,0.5,0.6875,0.553125,,False,,False
5,noise,noise_realization_00,noise_realization_00,64.0,40,20,0.5875,0.675,0.575,,False,,False
5,noise,noise_realization_00,noise_realization_00,128.0,40,20,0.625,0.5875,0.56875,,False,,False
5,noise,noise_realization_01,noise_realization_01,0.25,40,20,0.5,0.3875,-0.0375,,False,,False
5,noise,noise_realization_01,noise_realization_01,0.5,40,20,0.5,0.525,0.0125,,False,,False
5,noise,noise_realization_01,noise_realization_01,1.0,40,20,0.5,0.5625,0.021875,,False,,False
5,noise,noise_realization_01,noise_realization_01,2.0,40,20,0.5,0.6,0.046875,,False,,False
5,noise,noise_realization_01,noise_realization_01,4.0,40,20,0.5,0.7375,0.321875,,False,,False
5,noise,noise_realization_01,noise_realization_01,8.0,40,20,0.5,0.775,0.6125,,False,,False
5,noise,noise_realization_01,noise_realization_01,16.0,40,20,0.5125,0.7,0.4875,,False,,False
5,noise,noise_realization_01,noise_realization_01,32.0,40,20,0.5,0.775,0.640625,,False,,False
5,noise,noise_realization_01,noise_realization_01,64.0,40,20,0.575,0.7375,0.58125,,False,,False
5,noise,noise_realization_01,noise_realization_01,128.0,40,20,0.675,0.55,0.48125,,False,,False
5,random,fixed_random__block_05__0000,0000,0.25,40,20,0.5,0.4125,-0.021875,,False,,False
5,random,fixed_random__block_05__0000,0000,0.5,40,20,0.5,0.475,0.003125,,False,,False
5,random,fixed_random__block_05__0000,0000,1.0,40,20,0.5,0.45,-0.00625,,False,,False
5,random,fixed_random__block_05__0000,0000,2.0,40,20,0.5,0.525,0.053125,,False,,False
5,random,fixed_random__block_05__0000,0000,4.0,40,20,0.5,0.5875,0.3125,,False,,False
5,random,fixed_random__block_05__0000,0000,8.0,40,20,0.5,0.6875,0.384375,,False,,False
5,random,fixed_random__block_05__0000,0000,16.0,40,20,0.5,0.7,0.54375,,False,,False
5,random,fixed_random__block_05__0000,0000,32.0,40,20,0.5,0.8125,0.84375,,False,,False
5,random,fixed_random__block_05__0000,0000,64.0,40,20,0.5,0.875,1.075,,False,,False
5,random,fixed_random__block_05__0000,0000,128.0,40,20,0.5125,0.85,1.11875,,False,,False
5,random,fixed_random__block_05__0001,0001,0.25,40,20,0.5,0.55,0.0125,,False,,False
5,random,fixed_random__block_05__0001,0001,0.5,40,20,0.5,0.525,0.015625,,False,,False
5,random,fixed_random__block_05__0001,0001,1.0,40,20,0.5,0.525,0.0125,,False,,False
5,random,fixed_random__block_05__0001,0001,2.0,40,20,0.5,0.6,0.09375,,False,,False
5,random,fixed_random__block_05__0001,0001,4.0,40,20,0.5,0.8625,0.425,,False,,False
5,random,fixed_random__block_05__0001,0001,8.0,40,20,0.6875,0.85,0.771875,,False,,False
5,random,fixed_random__block_05__0001,0001,16.0,40,20,0.7625,0.6375,0.78125,,False,,False
5,random,fixed_random__block_05__0001,0001,32.0,40,20,0.575,0.525,0.41875,,False,,False
5,random,fixed_random__block_05__0001,0001,64.0,40,20,0.6875,0.5,0.296875,,False,,False
5,random,fixed_random__block_05__0001,0001,128.0,40,20,0.6875,0.5,0.1390625,,False,,False
5,random,fixed_random__block_05__0002,0002,0.25,40,20,0.5,0.5,0.003125,,False,,False
5,random,fixed_random__block_05__0002,0002,0.5,40,20,0.5,0.5625,0.015625,,False,,False
5,random,fixed_random__block_05__0002,0002,1.0,40,20,0.5,0.65,0.04375,,False,,False
5,random,fixed_random__block_05__0002,0002,2.0,40,20,0.5,0.7,0.10625,,False,,False
5,random,fixed_random__block_05__0002,0002,4.0,40,20,0.5125,0.8125,0.25625,,False,,False
5,random,fixed_random__block_05__0002,0002,8.0,40,20,0.5,0.825,0.809375,,False,,False
5,random,fixed_random__block_05__0002,0002,16.0,40,20,0.5,0.825,0.765625,,False,,False
5,random,fixed_random__block_05__0002,0002,32.0,40,20,0.5125,0.825,0.840625,,False,,False
5,random,fixed_random__block_05__0002,0002,64.0,40,20,0.6125,0.8,0.840625,,False,,False
5,random,fixed_random__block_05__0002,0002,128.0,40,20,0.8625,0.55,0.625,,False,,False
5,random,fixed_random__block_05__0003,0003,0.25,40,20,0.5,0.525,-0.003125,,False,,False
5,random,fixed_random__block_05__0003,0003,0.5,40,20,0.5,0.5625,0.0125,,False,,False
5,random,fixed_random__block_05__0003,0003,1.0,40,20,0.5,0.625,0.0375,,False,,False
5,random,fixed_random__block_05__0003,0003,2.0,40,20,0.5,0.7375,0.10625,,False,,False
5,random,fixed_random__block_05__0003,0003,4.0,40,20,0.5,0.7,0.3,,False,,False
5,random,fixed_random__block_05__0003,0003,8.0,40,20,0.65,0.825,1.015625,,False,,False
5,random,fixed_random__block_05__0003,0003,16.0,40,20,0.5,0.8625,0.8625,,False,,False
5,random,fixed_random__block_05__0003,0003,32.0,40,20,0.5,0.7875,0.859375,,False,,False
5,random,fixed_random__block_05__0003,0003,64.0,40,20,0.5,0.75,0.703125,,False,,False
5,random,fixed_random__block_05__0003,0003,128.0,40,20,0.5625,0.725,0.640625,,False,,False
5,random,fixed_random__block_05__0004,0004,0.25,40,20,0.5,0.475,-0.00625,,False,,False
5,random,fixed_random__block_05__0004,0004,0.5,40,20,0.5,0.5125,0.003125,,False,,False
5,random,fixed_random__block_05__0004,0004,1.0,40,20,0.5,0.5625,0.025,,False,,False
5,random,fixed_random__block_05__0004,0004,2.0,40,20,0.5,0.4625,-0.003125,,False,,False
5,random,fixed_random__block_05__0004,0004,4.0,40,20,0.5,0.7625,0.290625,,False,,False
5,random,fixed_random__block_05__0004,0004,8.0,40,20,0.6,0.875,0.796875,,False,,False
5,random,fixed_random__block_05__0004,0004,16.0,40,20,0.5,0.6875,0.48125,,False,,False
5,random,fixed_random__block_05__0004,0004,32.0,40,20,0.5,0.575,0.2875,,False,,False
5,random,fixed_random__block_05__0004,0004,64.0,40,20,0.5375,0.6,0.35,,False,,False
5,random,fixed_random__block_05__0004,0004,128.0,40,20,0.5625,0.5875,0.4,,False,,False
5,random,fixed_random__block_05__0005,0005,0.25,40,20,0.5,0.4,-0.025,,False,,False
5,random,fixed_random__block_05__0005,0005,0.5,40,20,0.5,0.2875,-0.065625,,False,,False
5,random,fixed_random__block_05__0005,0005,1.0,40,20,0.5,0.3125,-0.071875,,False,,False
5,random,fixed_random__block_05__0005,0005,2.0,40,20,0.5,0.3,-0.1375,,False,,False
5,random,fixed_random__block_05__0005,0005,4.0,40,20,0.5,0.4125,-0.10625,,False,,False
5,random,fixed_random__block_05__0005,0005,8.0,40,20,0.5,0.5,0.025,,False,,False
5,random,fixed_random__block_05__0005,0005,16.0,40,20,0.5125,0.8,0.703125,,False,,False
5,random,fixed_random__block_05__0005,0005,32.0,40,20,0.5,0.85,1.0875,,False,,False
5,random,fixed_random__block_05__0005,0005,64.0,40,20,0.5,0.7875,1.190625,,False,,False
5,random,fixed_random__block_05__0005,0005,128.0,40,20,0.5,0.7625,0.8609375,,False,,False
5,random,fixed_random__block_05__0006,0006,0.25,40,20,0.5,0.3875,-0.040625,,False,,False
5,random,fixed_random__block_05__0006,0006,0.5,40,20,0.5,0.3625,-0.04375,,False,,False
5,random,fixed_random__block_05__0006,0006,1.0,40,20,0.5,0.3,-0.0875,,False,,False
5,random,fixed_random__block_05__0006,0006,2.0,40,20,0.5,0.275,-0.13125,,False,,False
5,random,fixed_random__block_05__0006,0006,4.0,40,20,0.5,0.35,-0.078125,,False,,False
5,random,fixed_random__block_05__0006,0006,8.0,40,20,0.5,0.55,0.190625,,False,,False
5,random,fixed_random__block_05__0006,0006,16.0,40,20,0.5,0.6875,0.48125,,False,,False
5,random,fixed_random__block_05__0006,0006,32.0,40,20,0.4625,0.6625,0.39375,,False,,False
5,random,fixed_random__block_05__0006,0006,64.0,40,20,0.5125,0.5125,0.253125,,False,,False
5,random,fixed_random__block_05__0006,0006,128.0,40,20,0.675,0.4875,0.11875,,False,,False
5,random,fixed_random__block_05__0007,0007,0.25,40,20,0.5,0.525,0.0125,,False,,False
5,random,fixed_random__block_05__0007,0007,0.5,40,20,0.5,0.6125,0.034375,,False,,False
5,random,fixed_random__block_05__0007,0007,1.0,40,20,0.5,0.625,0.05625,,False,,False
5,random,fixed_random__block_05__0007,0007,2.0,40,20,0.5,0.6375,0.1125,,False,,False
5,random,fixed_random__block_05__0007,0007,4.0,40,20,0.5,0.7875,0.428125,,False,,False
5,random,fixed_random__block_05__0007,0007,8.0,40,20,0.725,0.95,1.234375,,False,,False
5,random,fixed_random__block_05__0007,0007,16.0,40,20,0.5375,0.8375,0.921875,,False,,False
5,random,fixed_random__block_05__0007,0007,32.0,40,20,0.5,0.8875,0.76875,,False,,False
5,random,fixed_random__block_05__0007,0007,64.0,40,20,0.625,0.5875,0.609375,,False,,False
5,random,fixed_random__block_05__0007,0007,128.0,40,20,0.725,0.525,0.440625,,False,,False
5,random,fixed_random__block_05__0008,0008,0.25,40,20,0.5,0.475,-0.009375,,False,,False
5,random,fixed_random__block_05__0008,0008,0.5,40,20,0.5,0.4875,0.0,,False,,False
5,random,fixed_random__block_05__0008,0008,1.0,40,20,0.5,0.5,0.0,,False,,False
5,random,fixed_random__block_05__0008,0008,2.0,40,20,0.5,0.65,0.10625,,False,,False
5,random,fixed_random__block_05__0008,0008,4.0,40,20,0.5,0.7625,0.340625,,False,,False
5,random,fixed_random__block_05__0008,0008,8.0,40,20,0.5,0.75,0.49375,,False,,False
5,random,fixed_random__block_05__0008,0008,16.0,40,20,0.5125,0.75,0.653125,,False,,False
5,random,fixed_random__block_05__0008,0008,32.0,40,20,0.575,0.65,0.521875,,False,,False
5,random,fixed_random__block_05__0008,0008,64.0,40,20,0.6875,0.5,0.321875,,False,,False
5,random,fixed_random__block_05__0008,0008,128.0,40,20,0.6625,0.5,0.31875,,False,,False
5,random,fixed_random__block_05__0009,0009,0.25,40,20,0.5,0.3875,-0.0375,,False,,False
5,random,fixed_random__block_05__0009,0009,0.5,40,20,0.5,0.35,-0.059375,,False,,False
5,random,fixed_random__block_05__0009,0009,1.0,40,20,0.5,0.2625,-0.146875,,False,,False
5,random,fixed_random__block_05__0009,0009,2.0,40,20,0.5,0.2375,-0.290625,,False,,False
5,random,fixed_random__block_05__0009,0009,4.0,40,20,0.5,0.275,-0.4625,,False,,False
5,random,fixed_random__block_05__0009,0009,8.0,40,20,0.5,0.6375,0.1625,,False,,False
5,random,fixed_random__block_05__0009,0009,16.0,40,20,0.5,0.8125,0.5125,,False,,False
5,random,fixed_random__block_05__0009,0009,32.0,40,20,0.5,0.825,0.65,,False,,False
5,random,fixed_random__block_05__0009,0009,64.0,40,20,0.6875,0.55,0.51875,,False,,False
5,random,fixed_random__block_05__0009,0009,128.0,40,20,0.8625,0.5,0.440625,,False,,False
6,concept,concept__block_06__Dust,Dust,0.25,40,20,0.5,0.6,0.025,,False,,False
6,concept,concept__block_06__Dust,Dust,0.5,40,20,0.5,0.6125,0.065625,,False,,False
6,concept,concept__block_06__Dust,Dust,1.0,40,20,0.5,0.65,0.121875,,False,,False
6,concept,concept__block_06__Dust,Dust,2.0,40,20,0.5,0.7375,0.253125,,False,,False
6,concept,concept__block_06__Dust,Dust,4.0,40,20,0.5,0.725,0.353125,,False,,False
6,concept,concept__block_06__Dust,Dust,8.0,40,20,0.5,0.6625,0.246875,,False,,False
6,concept,concept__block_06__Dust,Dust,16.0,40,20,0.4875,0.6,0.171875,,False,,False
6,concept,concept__block_06__Dust,Dust,32.0,40,20,0.4125,0.4875,-0.021875,,False,,False
6,concept,concept__block_06__Dust,Dust,64.0,40,20,0.5,0.5,0.053125,,False,,False
6,concept,concept__block_06__Dust,Dust,128.0,40,20,0.5,0.5,0.0421875,,False,,False
6,concept,concept__block_06__Illusions,Illusions,0.25,40,20,0.5,0.5,0.00625,,False,,False
6,concept,concept__block_06__Illusions,Illusions,0.5,40,20,0.5,0.5875,0.03125,,False,,False
6,concept,concept__block_06__Illusions,Illusions,1.0,40,20,0.5,0.5375,0.021875,,False,,False
6,concept,concept__block_06__Illusions,Illusions,2.0,40,20,0.5,0.625,0.125,,False,,False
6,concept,concept__block_06__Illusions,Illusions,4.0,40,20,0.5,0.675,0.403125,,False,,False
6,concept,concept__block_06__Illusions,Illusions,8.0,40,20,0.5,0.7375,0.571875,,False,,False
6,concept,concept__block_06__Illusions,Illusions,16.0,40,20,0.5125,0.7625,0.68125,,False,,False
6,concept,concept__block_06__Illusions,Illusions,32.0,40,20,0.5,0.8,0.621875,,False,,False
6,concept,concept__block_06__Illusions,Illusions,64.0,40,20,0.6,0.6875,0.653125,,False,,False
6,concept,concept__block_06__Illusions,Illusions,128.0,40,20,0.75,0.65,0.65,,False,,False
6,concept,concept__block_06__Origami,Origami,0.25,40,20,0.5,0.525,0.009375,63.275353643459034,True,,False
6,concept,concept__block_06__Origami,Origami,0.5,40,20,0.5,0.6125,0.028125,63.275353643459034,True,,False
6,concept,concept__block_06__Origami,Origami,1.0,40,20,0.5,0.575,0.040625,63.275353643459034,True,,False
6,concept,concept__block_06__Origami,Origami,2.0,40,20,0.5,0.625,0.128125,63.275353643459034,True,,False
6,concept,concept__block_06__Origami,Origami,4.0,40,20,0.5,0.8875,0.534375,63.275353643459034,True,,False
6,concept,concept__block_06__Origami,Origami,8.0,40,20,0.5,0.9375,0.70625,63.275353643459034,True,,False
6,concept,concept__block_06__Origami,Origami,16.0,40,20,0.7375,0.6375,0.66875,63.275353643459034,True,,False
6,concept,concept__block_06__Origami,Origami,32.0,40,20,0.675,0.5875,0.540625,63.275353643459034,True,,False
6,concept,concept__block_06__Origami,Origami,64.0,40,20,0.65,0.5625,0.50625,63.275353643459034,True,,False
6,concept,concept__block_06__Origami,Origami,128.0,40,20,0.875,0.5,0.44375,63.275353643459034,True,,False
6,concept,concept__block_06__Satellites,Satellites,0.25,40,20,0.5,0.45,-0.009375,,False,,False
6,concept,concept__block_06__Satellites,Satellites,0.5,40,20,0.5,0.35,-0.040625,,False,,False
6,concept,concept__block_06__Satellites,Satellites,1.0,40,20,0.5,0.2625,-0.1125,,False,,False
6,concept,concept__block_06__Satellites,Satellites,2.0,40,20,0.5,0.2125,-0.19375,,False,,False
6,concept,concept__block_06__Satellites,Satellites,4.0,40,20,0.5,0.35,-0.090625,,False,,False
6,concept,concept__block_06__Satellites,Satellites,8.0,40,20,0.5,0.4875,0.1375,,False,,False
6,concept,concept__block_06__Satellites,Satellites,16.0,40,20,0.4875,0.7625,0.6,,False,,False
6,concept,concept__block_06__Satellites,Satellites,32.0,40,20,0.5,0.7375,0.6875,,False,,False
6,concept,concept__block_06__Satellites,Satellites,64.0,40,20,0.5,0.825,0.778125,,False,,False
6,concept,concept__block_06__Satellites,Satellites,128.0,40,20,0.5,0.9375,0.921875,,False,,False
6,concept,concept__block_06__Trumpets,Trumpets,0.25,40,20,0.5,0.4,-0.03125,,False,,False
6,concept,concept__block_06__Trumpets,Trumpets,0.5,40,20,0.5,0.2625,-0.084375,,False,,False
6,concept,concept__block_06__Trumpets,Trumpets,1.0,40,20,0.5,0.1375,-0.190625,,False,,False
6,concept,concept__block_06__Trumpets,Trumpets,2.0,40,20,0.5,0.0875,-0.371875,,False,,False
6,concept,concept__block_06__Trumpets,Trumpets,4.0,40,20,0.5,0.175,-0.484375,,False,,False
6,concept,concept__block_06__Trumpets,Trumpets,8.0,40,20,0.5,0.15,-0.546875,,False,,False
6,concept,concept__block_06__Trumpets,Trumpets,16.0,40,20,0.5,0.2,-0.428125,,False,,False
6,concept,concept__block_06__Trumpets,Trumpets,32.0,40,20,0.5,0.425,-0.0125,,False,,False
6,concept,concept__block_06__Trumpets,Trumpets,64.0,40,20,0.5,0.4875,0.225,,False,,False
6,concept,concept__block_06__Trumpets,Trumpets,128.0,40,20,0.5,0.5625,0.2875,,False,,False
6,concept,concept__block_06__appreciation,appreciation,0.25,40,20,0.5,0.5,0.0,,False,,False
6,concept,concept__block_06__appreciation,appreciation,0.5,40,20,0.5,0.4875,-0.00625,,False,,False
6,concept,concept__block_06__appreciation,appreciation,1.0,40,20,0.5,0.5125,0.003125,,False,,False
6,concept,concept__block_06__appreciation,appreciation,2.0,40,20,0.5,0.6,0.065625,,False,,False
6,concept,concept__block_06__appreciation,appreciation,4.0,40,20,0.5,0.8125,0.39375,,False,,False
6,concept,concept__block_06__appreciation,appreciation,8.0,40,20,0.5,0.6625,0.36875,,False,,False
6,concept,concept__block_06__appreciation,appreciation,16.0,40,20,0.5,0.7875,0.5875,,False,,False
6,concept,concept__block_06__appreciation,appreciation,32.0,40,20,0.5,0.875,0.715625,,False,,False
6,concept,concept__block_06__appreciation,appreciation,64.0,40,20,0.5,0.9125,0.8375,,False,,False
6,concept,concept__block_06__appreciation,appreciation,128.0,40,20,0.5,0.9375,0.890625,,False,,False
6,concept,concept__block_06__betrayal,betrayal,0.25,40,20,0.5,0.45,-0.015625,,False,,False
6,concept,concept__block_06__betrayal,betrayal,0.5,40,20,0.5,0.4375,-0.01875,,False,,False
6,concept,concept__block_06__betrayal,betrayal,1.0,40,20,0.5,0.45,-0.040625,,False,,False
6,concept,concept__block_06__betrayal,betrayal,2.0,40,20,0.5,0.4625,-0.021875,,False,,False
6,concept,concept__block_06__betrayal,betrayal,4.0,40,20,0.5,0.525,0.153125,,False,,False
6,concept,concept__block_06__betrayal,betrayal,8.0,40,20,0.5,0.6375,0.353125,,False,,False
6,concept,concept__block_06__betrayal,betrayal,16.0,40,20,0.5125,0.675,0.565625,,False,,False
6,concept,concept__block_06__betrayal,betrayal,32.0,40,20,0.5125,0.7625,0.64375,,False,,False
6,concept,concept__block_06__betrayal,betrayal,64.0,40,20,0.575,0.6875,0.64375,,False,,False
6,concept,concept__block_06__betrayal,betrayal,128.0,40,20,0.625,0.5875,0.571875,,False,,False
6,concept,concept__block_06__fibonacci_numbers,fibonacci_numbers,0.25,40,20,0.5,0.3125,-0.046875,,False,,False
6,concept,concept__block_06__fibonacci_numbers,fibonacci_numbers,0.5,40,20,0.5,0.15,-0.13125,,False,,False
6,concept,concept__block_06__fibonacci_numbers,fibonacci_numbers,1.0,40,20,0.5,0.075,-0.2375,,False,,False
6,concept,concept__block_06__fibonacci_numbers,fibonacci_numbers,2.0,40,20,0.5,0.075,-0.48125,,False,,False
6,concept,concept__block_06__fibonacci_numbers,fibonacci_numbers,4.0,40,20,0.5,0.0875,-0.790625,,False,,False
6,concept,concept__block_06__fibonacci_numbers,fibonacci_numbers,8.0,40,20,0.5,0.3875,-0.234375,,False,,False
6,concept,concept__block_06__fibonacci_numbers,fibonacci_numbers,16.0,40,20,0.5125,0.6375,0.4875,,False,,False
6,concept,concept__block_06__fibonacci_numbers,fibonacci_numbers,32.0,40,20,0.5125,0.7,0.515625,,False,,False
6,concept,concept__block_06__fibonacci_numbers,fibonacci_numbers,64.0,40,20,0.5125,0.7375,0.578125,,False,,False
6,concept,concept__block_06__fibonacci_numbers,fibonacci_numbers,128.0,40,20,0.575,0.7,0.5875,,False,,False
6,concept,concept__block_06__recursion,recursion,0.25,40,20,0.5,0.4875,-0.015625,,False,,False
6,concept,concept__block_06__recursion,recursion,0.5,40,20,0.5,0.425,-0.040625,,False,,False
6,concept,concept__block_06__recursion,recursion,1.0,40,20,0.5,0.375,-0.09375,,False,,False
6,concept,concept__block_06__recursion,recursion,2.0,40,20,0.5,0.4625,-0.103125,,False,,False
6,concept,concept__block_06__recursion,recursion,4.0,40,20,0.5,0.55,0.090625,,False,,False
6,concept,concept__block_06__recursion,recursion,8.0,40,20,0.5,0.7125,0.353125,,False,,False
6,concept,concept__block_06__recursion,recursion,16.0,40,20,0.5,0.7,0.553125,,False,,False
6,concept,concept__block_06__recursion,recursion,32.0,40,20,0.5,0.725,0.596875,,False,,False
6,concept,concept__block_06__recursion,recursion,64.0,40,20,0.625,0.65,0.621875,,False,,False
6,concept,concept__block_06__recursion,recursion,128.0,40,20,0.5625,0.7,0.65625,,False,,False
6,concept,concept__block_06__shutdown,shutdown,0.25,40,20,0.5,0.4625,-0.0125,,False,,False
6,concept,concept__block_06__shutdown,shutdown,0.5,40,20,0.5,0.475,-0.01875,,False,,False
6,concept,concept__block_06__shutdown,shutdown,1.0,40,20,0.5,0.475,-0.03125,,False,,False
6,concept,concept__block_06__shutdown,shutdown,2.0,40,20,0.5125,0.475,-0.021875,,False,,False
6,concept,concept__block_06__shutdown,shutdown,4.0,40,20,0.5125,0.575,0.1875,,False,,False
6,concept,concept__block_06__shutdown,shutdown,8.0,40,20,0.5,0.7125,0.31875,,False,,False
6,concept,concept__block_06__shutdown,shutdown,16.0,40,20,0.5,0.7125,0.55,,False,,False
6,concept,concept__block_06__shutdown,shutdown,32.0,40,20,0.5,0.775,0.64375,,False,,False
6,concept,concept__block_06__shutdown,shutdown,64.0,40,20,0.5,0.8625,0.753125,,False,,False
6,concept,concept__block_06__shutdown,shutdown,128.0,40,20,0.5125,0.875,0.834375,,False,,False
6,dropout,dropout_realization_00,dropout_realization_00,0.25,40,20,0.5,0.4625,-0.0125,,False,,False
6,dropout,dropout_realization_00,dropout_realization_00,0.5,40,20,0.5,0.525,0.015625,,False,,False
6,dropout,dropout_realization_00,dropout_realization_00,1.0,40,20,0.5,0.5125,0.0125,,False,,False
6,dropout,dropout_realization_00,dropout_realization_00,2.0,40,20,0.5,0.5625,0.075,,False,,False
6,dropout,dropout_realization_00,dropout_realization_00,4.0,40,20,0.5,0.6625,0.18125,,False,,False
6,dropout,dropout_realization_00,dropout_realization_00,8.0,40,20,0.5,0.525,0.2125,,False,,False
6,dropout,dropout_realization_00,dropout_realization_00,16.0,40,20,0.5,0.65,0.471875,,False,,False
6,dropout,dropout_realization_00,dropout_realization_00,32.0,40,20,0.5,0.6875,0.546875,,False,,False
6,dropout,dropout_realization_00,dropout_realization_00,64.0,40,20,0.6,0.6125,0.434375,,False,,False
6,dropout,dropout_realization_00,dropout_realization_00,128.0,40,20,0.75,0.5875,0.48125,,False,,False
6,dropout,dropout_realization_01,dropout_realization_01,0.25,40,20,0.5,0.4625,0.003125,,False,,False
6,dropout,dropout_realization_01,dropout_realization_01,0.5,40,20,0.5,0.4625,-0.003125,,False,,False
6,dropout,dropout_realization_01,dropout_realization_01,1.0,40,20,0.5,0.5625,0.04375,,False,,False
6,dropout,dropout_realization_01,dropout_realization_01,2.0,40,20,0.525,0.55,0.053125,,False,,False
6,dropout,dropout_realization_01,dropout_realization_01,4.0,40,20,0.5,0.575,0.09375,,False,,False
6,dropout,dropout_realization_01,dropout_realization_01,8.0,40,20,0.5,0.6875,0.4375,,False,,False
6,dropout,dropout_realization_01,dropout_realization_01,16.0,40,20,0.525,0.6375,0.475,,False,,False
6,dropout,dropout_realization_01,dropout_realization_01,32.0,40,20,0.5125,0.6625,0.525,,False,,False
6,dropout,dropout_realization_01,dropout_realization_01,64.0,40,20,0.6375,0.675,0.546875,,False,,False
6,dropout,dropout_realization_01,dropout_realization_01,128.0,40,20,0.625,0.5875,0.44375,,False,,False
6,noise,noise_realization_00,noise_realization_00,0.25,40,20,0.5,0.5375,0.009375,,False,,False
6,noise,noise_realization_00,noise_realization_00,0.5,40,20,0.5,0.4875,0.0,,False,,False
6,noise,noise_realization_00,noise_realization_00,1.0,40,20,0.5,0.4625,-0.0125,,False,,False
6,noise,noise_realization_00,noise_realization_00,2.0,40,20,0.5,0.4375,-0.015625,,False,,False
6,noise,noise_realization_00,noise_realization_00,4.0,40,20,0.5,0.6125,0.146875,,False,,False
6,noise,noise_realization_00,noise_realization_00,8.0,40,20,0.5,0.65,0.340625,,False,,False
6,noise,noise_realization_00,noise_realization_00,16.0,40,20,0.5125,0.6125,0.45625,,False,,False
6,noise,noise_realization_00,noise_realization_00,32.0,40,20,0.5125,0.6875,0.50625,,False,,False
6,noise,noise_realization_00,noise_realization_00,64.0,40,20,0.625,0.575,0.515625,,False,,False
6,noise,noise_realization_00,noise_realization_00,128.0,40,20,0.6375,0.4875,0.315625,,False,,False
6,noise,noise_realization_01,noise_realization_01,0.25,40,20,0.5,0.55,0.015625,,False,,False
6,noise,noise_realization_01,noise_realization_01,0.5,40,20,0.5,0.4875,0.0,,False,,False
6,noise,noise_realization_01,noise_realization_01,1.0,40,20,0.5,0.45,-0.0125,,False,,False
6,noise,noise_realization_01,noise_realization_01,2.0,40,20,0.5,0.4875,0.01875,,False,,False
6,noise,noise_realization_01,noise_realization_01,4.0,40,20,0.5,0.65,0.2,,False,,False
6,noise,noise_realization_01,noise_realization_01,8.0,40,20,0.5,0.675,0.303125,,False,,False
6,noise,noise_realization_01,noise_realization_01,16.0,40,20,0.55,0.6625,0.528125,,False,,False
6,noise,noise_realization_01,noise_realization_01,32.0,40,20,0.5,0.65,0.4875,,False,,False
6,noise,noise_realization_01,noise_realization_01,64.0,40,20,0.5625,0.575,0.446875,,False,,False
6,noise,noise_realization_01,noise_realization_01,128.0,40,20,0.6,0.6375,0.503125,,False,,False
6,random,fixed_random__block_06__0000,0000,0.25,40,20,0.5,0.5,-0.003125,,False,,False
6,random,fixed_random__block_06__0000,0000,0.5,40,20,0.5,0.525,0.003125,,False,,False
6,random,fixed_random__block_06__0000,0000,1.0,40,20,0.5,0.575,0.0125,,False,,False
6,random,fixed_random__block_06__0000,0000,2.0,40,20,0.5,0.7125,0.075,,False,,False
6,random,fixed_random__block_06__0000,0000,4.0,40,20,0.5,0.7375,0.259375,,False,,False
6,random,fixed_random__block_06__0000,0000,8.0,40,20,0.625,0.8375,0.8875,,False,,False
6,random,fixed_random__block_06__0000,0000,16.0,40,20,0.5,0.925,0.8375,,False,,False
6,random,fixed_random__block_06__0000,0000,32.0,40,20,0.5,0.8,0.7625,,False,,False
6,random,fixed_random__block_06__0000,0000,64.0,40,20,0.5,0.7125,0.69375,,False,,False
6,random,fixed_random__block_06__0000,0000,128.0,40,20,0.5,0.6125,0.534375,,False,,False
6,random,fixed_random__block_06__0001,0001,0.25,40,20,0.5,0.4125,-0.025,127.93727364473716,True,,False
6,random,fixed_random__block_06__0001,0001,0.5,40,20,0.5,0.2875,-0.065625,127.93727364473716,True,,False
6,random,fixed_random__block_06__0001,0001,1.0,40,20,0.5,0.3,-0.08125,127.93727364473716,True,,False
6,random,fixed_random__block_06__0001,0001,2.0,40,20,0.5,0.3125,-0.1125,127.93727364473716,True,,False
6,random,fixed_random__block_06__0001,0001,4.0,40,20,0.5,0.375,-0.125,127.93727364473716,True,,False
6,random,fixed_random__block_06__0001,0001,8.0,40,20,0.5,0.6,0.125,127.93727364473716,True,,False
6,random,fixed_random__block_06__0001,0001,16.0,40,20,0.5,0.7625,0.4375,127.93727364473716,True,,False
6,random,fixed_random__block_06__0001,0001,32.0,40,20,0.5,0.825,0.678125,127.93727364473716,True,,False
6,random,fixed_random__block_06__0001,0001,64.0,40,20,0.55,0.6,0.4625,127.93727364473716,True,,False
6,random,fixed_random__block_06__0001,0001,128.0,40,20,0.75,0.525,0.4,127.93727364473716,True,,False
6,random,fixed_random__block_06__0002,0002,0.25,40,20,0.5,0.5375,0.00625,,False,,False
6,random,fixed_random__block_06__0002,0002,0.5,40,20,0.5,0.5125,0.015625,,False,,False
6,random,fixed_random__block_06__0002,0002,1.0,40,20,0.5,0.4875,0.015625,,False,,False
6,random,fixed_random__block_06__0002,0002,2.0,40,20,0.5,0.575,0.1,,False,,False
6,random,fixed_random__block_06__0002,0002,4.0,40,20,0.5,0.75,0.46875,,False,,False
6,random,fixed_random__block_06__0002,0002,8.0,40,20,0.6125,0.975,1.1,,False,,False
6,random,fixed_random__block_06__0002,0002,16.0,40,20,0.5,0.6375,0.490625,,False,,False
6,random,fixed_random__block_06__0002,0002,32.0,40,20,0.5,0.6625,0.5375,,False,,False
6,random,fixed_random__block_06__0002,0002,64.0,40,20,0.6,0.6125,0.403125,,False,,False
6,random,fixed_random__block_06__0002,0002,128.0,40,20,0.55,0.5375,0.321875,,False,,False
6,random,fixed_random__block_06__0003,0003,0.25,40,20,0.5,0.525,0.003125,,False,,False
6,random,fixed_random__block_06__0003,0003,0.5,40,20,0.5,0.3375,-0.059375,,False,,False
6,random,fixed_random__block_06__0003,0003,1.0,40,20,0.5,0.4,-0.034375,,False,,False
6,random,fixed_random__block_06__0003,0003,2.0,40,20,0.5,0.575,0.025,,False,,False
6,random,fixed_random__block_06__0003,0003,4.0,40,20,0.5,0.85,0.396875,,False,,False
6,random,fixed_random__block_06__0003,0003,8.0,40,20,0.5125,0.85,0.690625,,False,,False
6,random,fixed_random__block_06__0003,0003,16.0,40,20,0.675,0.775,0.8875,,False,,False
6,random,fixed_random__block_06__0003,0003,32.0,40,20,0.675,0.75,1.015625,,False,,False
6,random,fixed_random__block_06__0003,0003,64.0,40,20,0.8625,0.75,1.20625,,False,,False
6,random,fixed_random__block_06__0003,0003,128.0,40,20,0.8,0.7625,1.05625,,False,,False
6,random,fixed_random__block_06__0004,0004,0.25,40,20,0.5,0.4375,-0.009375,,False,,False
6,random,fixed_random__block_06__0004,0004,0.5,40,20,0.5,0.425,-0.03125,,False,,False
6,random,fixed_random__block_06__0004,0004,1.0,40,20,0.5,0.325,-0.05625,,False,,False
6,random,fixed_random__block_06__0004,0004,2.0,40,20,0.5,0.3375,-0.06875,,False,,False
6,random,fixed_random__block_06__0004,0004,4.0,40,20,0.5,0.4625,0.01875,,False,,False
6,random,fixed_random__block_06__0004,0004,8.0,40,20,0.5,0.525,0.165625,,False,,False
6,random,fixed_random__block_06__0004,0004,16.0,40,20,0.4875,0.6125,0.1875,,False,,False
6,random,fixed_random__block_06__0004,0004,32.0,40,20,0.4375,0.5875,0.153125,,False,,False
6,random,fixed_random__block_06__0004,0004,64.0,40,20,0.4625,0.525,0.103125,,False,,False
6,random,fixed_random__block_06__0004,0004,128.0,40,20,0.475,0.5625,0.0625,,False,,False
6,random,fixed_random__block_06__0005,0005,0.25,40,20,0.5,0.6,0.028125,,False,,False
6,random,fixed_random__block_06__0005,0005,0.5,40,20,0.5,0.7875,0.096875,,False,,False
6,random,fixed_random__block_06__0005,0005,1.0,40,20,0.5,0.85,0.15625,,False,,False
6,random,fixed_random__block_06__0005,0005,2.0,40,20,0.5,0.9625,0.284375,,False,,False
6,random,fixed_random__block_06__0005,0005,4.0,40,20,0.5,0.875,0.35625,,False,,False
6,random,fixed_random__block_06__0005,0005,8.0,40,20,0.5,0.6625,0.353125,,False,,False
6,random,fixed_random__block_06__0005,0005,16.0,40,20,0.5625,0.675,0.509375,,False,,False
6,random,fixed_random__block_06__0005,0005,32.0,40,20,0.5,0.675,0.478125,,False,,False
6,random,fixed_random__block_06__0005,0005,64.0,40,20,0.5,0.4875,0.190625,,False,,False
6,random,fixed_random__block_06__0005,0005,128.0,40,20,0.5,0.475,0.13125,,False,,False
6,random,fixed_random__block_06__0006,0006,0.25,40,20,0.5,0.3875,-0.03125,,False,,False
6,random,fixed_random__block_06__0006,0006,0.5,40,20,0.5,0.4625,-0.015625,,False,,False
6,random,fixed_random__block_06__0006,0006,1.0,40,20,0.5,0.45,-0.009375,,False,,False
6,random,fixed_random__block_06__0006,0006,2.0,40,20,0.5,0.4625,-0.0125,,False,,False
6,random,fixed_random__block_06__0006,0006,4.0,40,20,0.5,0.2875,-0.134375,,False,,False
6,random,fixed_random__block_06__0006,0006,8.0,40,20,0.5,0.4875,0.05,,False,,False
6,random,fixed_random__block_06__0006,0006,16.0,40,20,0.5125,0.5875,0.4,,False,,False
6,random,fixed_random__block_06__0006,0006,32.0,40,20,0.4625,0.5875,0.328125,,False,,False
6,random,fixed_random__block_06__0006,0006,64.0,40,20,0.625,0.5125,0.30625,,False,,False
6,random,fixed_random__block_06__0006,0006,128.0,40,20,0.7875,0.5,0.3125,,False,,False
6,random,fixed_random__block_06__0007,0007,0.25,40,20,0.5,0.525,0.009375,,False,4.271727261584039,True
6,random,fixed_random__block_06__0007,0007,0.5,40,20,0.5,0.5625,0.015625,,False,4.271727261584039,True
6,random,fixed_random__block_06__0007,0007,1.0,40,20,0.5,0.65,0.071875,,False,4.271727261584039,True
6,random,fixed_random__block_06__0007,0007,2.0,40,20,0.5,0.6875,0.15,,False,4.271727261584039,True
6,random,fixed_random__block_06__0007,0007,4.0,40,20,0.5,0.8125,0.54375,,False,4.271727261584039,True
6,random,fixed_random__block_06__0007,0007,8.0,40,20,0.5,0.9125,0.5625,,False,4.271727261584039,True
6,random,fixed_random__block_06__0007,0007,16.0,40,20,0.6125,0.75,0.884375,,False,4.271727261584039,True
6,random,fixed_random__block_06__0007,0007,32.0,40,20,0.5,0.8625,1.075,,False,4.271727261584039,True
6,random,fixed_random__block_06__0007,0007,64.0,40,20,0.5,0.95,1.33125,,False,4.271727261584039,True
6,random,fixed_random__block_06__0007,0007,128.0,40,20,0.5,0.9375,1.090625,,False,4.271727261584039,True
6,random,fixed_random__block_06__0008,0008,0.25,40,20,0.5,0.4,-0.03125,,False,,False
6,random,fixed_random__block_06__0008,0008,0.5,40,20,0.5,0.5625,0.01875,,False,,False
6,random,fixed_random__block_06__0008,0008,1.0,40,20,0.5,0.525,0.0,,False,,False
6,random,fixed_random__block_06__0008,0008,2.0,40,20,0.5,0.6125,0.103125,,False,,False
6,random,fixed_random__block_06__0008,0008,4.0,40,20,0.5,0.8,0.390625,,False,,False
6,random,fixed_random__block_06__0008,0008,8.0,40,20,0.525,0.575,0.359375,,False,,False
6,random,fixed_random__block_06__0008,0008,16.0,40,20,0.625,0.75,0.684375,,False,,False
6,random,fixed_random__block_06__0008,0008,32.0,40,20,0.5,0.625,0.478125,,False,,False
6,random,fixed_random__block_06__0008,0008,64.0,40,20,0.625,0.6,0.428125,,False,,False
6,random,fixed_random__block_06__0008,0008,128.0,40,20,0.5,0.6125,0.3921875,,False,,False
6,random,fixed_random__block_06__0009,0009,0.25,40,20,0.5,0.5125,0.003125,,False,,False
6,random,fixed_random__block_06__0009,0009,0.5,40,20,0.5,0.5375,0.009375,,False,,False
6,random,fixed_random__block_06__0009,0009,1.0,40,20,0.5,0.55,0.00625,,False,,False
6,random,fixed_random__block_06__0009,0009,2.0,40,20,0.5,0.6125,0.0375,,False,,False
6,random,fixed_random__block_06__0009,0009,4.0,40,20,0.5,0.5875,0.140625,,False,,False
6,random,fixed_random__block_06__0009,0009,8.0,40,20,0.5,0.5625,0.30625,,False,,False
6,random,fixed_random__block_06__0009,0009,16.0,40,20,0.5,0.7375,0.48125,,False,,False
6,random,fixed_random__block_06__0009,0009,32.0,40,20,0.5,0.55,0.34375,,False,,False
6,random,fixed_random__block_06__0009,0009,64.0,40,20,0.5,0.5125,0.2,,False,,False
6,random,fixed_random__block_06__0009,0009,128.0,40,20,0.5,0.475,0.146875,,False,,False
7,concept,concept__block_07__Dust,Dust,0.25,40,20,0.5,0.5625,0.021875,,False,,False
7,concept,concept__block_07__Dust,Dust,0.5,40,20,0.5,0.6875,0.0625,,False,,False
7,concept,concept__block_07__Dust,Dust,1.0,40,20,0.5,0.75,0.128125,,False,,False
7,concept,concept__block_07__Dust,Dust,2.0,40,20,0.5,0.7875,0.2375,,False,,False
7,concept,concept__block_07__Dust,Dust,4.0,40,20,0.5,0.8,0.371875,,False,,False
7,concept,concept__block_07__Dust,Dust,8.0,40,20,0.5,0.7125,0.334375,,False,,False
7,concept,concept__block_07__Dust,Dust,16.0,40,20,0.5,0.4125,-0.271875,,False,,False
7,concept,concept__block_07__Dust,Dust,32.0,40,20,0.5,0.475,-0.203125,,False,,False
7,concept,concept__block_07__Dust,Dust,64.0,40,20,0.5,0.4875,-0.18125,,False,,False
7,concept,concept__block_07__Dust,Dust,128.0,40,20,0.5,0.4625,-0.171875,,False,,False
7,concept,concept__block_07__Illusions,Illusions,0.25,40,20,0.5,0.5375,0.00625,,False,,False
7,concept,concept__block_07__Illusions,Illusions,0.5,40,20,0.5,0.5,0.003125,,False,,False
7,concept,concept__block_07__Illusions,Illusions,1.0,40,20,0.5,0.625,0.078125,,False,,False
7,concept,concept__block_07__Illusions,Illusions,2.0,40,20,0.5,0.725,0.16875,,False,,False
7,concept,concept__block_07__Illusions,Illusions,4.0,40,20,0.5,0.8,0.24375,,False,,False
7,concept,concept__block_07__Illusions,Illusions,8.0,40,20,0.525,0.8375,0.69375,,False,,False
7,concept,concept__block_07__Illusions,Illusions,16.0,40,20,0.5125,0.65,0.4375,,False,,False
7,concept,concept__block_07__Illusions,Illusions,32.0,40,20,0.55,0.4875,0.29375,,False,,False
7,concept,concept__block_07__Illusions,Illusions,64.0,40,20,0.7125,0.5,0.421875,,False,,False
7,concept,concept__block_07__Illusions,Illusions,128.0,40,20,0.675,0.5,0.428125,,False,,False
7,concept,concept__block_07__Origami,Origami,0.25,40,20,0.5,0.6125,0.025,,False,,False
7,concept,concept__block_07__Origami,Origami,0.5,40,20,0.5,0.7375,0.075,,False,,False
7,concept,concept__block_07__Origami,Origami,1.0,40,20,0.5,0.8625,0.1625,,False,,False
7,concept,concept__block_07__Origami,Origami,2.0,40,20,0.5,0.95,0.403125,,False,,False
7,concept,concept__block_07__Origami,Origami,4.0,40,20,0.5,0.975,0.8875,,False,,False
7,concept,concept__block_07__Origami,Origami,8.0,40,20,0.55,0.9375,1.196875,,False,,False
7,concept,concept__block_07__Origami,Origami,16.0,40,20,0.75,0.7625,0.85625,,False,,False
7,concept,concept__block_07__Origami,Origami,32.0,40,20,0.5625,0.675,0.5375,,False,,False
7,concept,concept__block_07__Origami,Origami,64.0,40,20,0.475,0.6625,0.421875,,False,,False
7,concept,concept__block_07__Origami,Origami,128.0,40,20,0.5125,0.55,0.3375,,False,,False
7,concept,concept__block_07__Satellites,Satellites,0.25,40,20,0.5,0.4375,-0.0125,,False,,False
7,concept,concept__block_07__Satellites,Satellites,0.5,40,20,0.5,0.375,-0.034375,,False,,False
7,concept,concept__block_07__Satellites,Satellites,1.0,40,20,0.5,0.275,-0.071875,,False,,False
7,concept,concept__block_07__Satellites,Satellites,2.0,40,20,0.5,0.275,-0.096875,,False,,False
7,concept,concept__block_07__Satellites,Satellites,4.0,40,20,0.5,0.5,-0.009375,,False,,False
7,concept,concept__block_07__Satellites,Satellites,8.0,40,20,0.5,0.6375,0.26875,,False,,False
7,concept,concept__block_07__Satellites,Satellites,16.0,40,20,0.5,0.75,0.621875,,False,,False
7,concept,concept__block_07__Satellites,Satellites,32.0,40,20,0.5,0.7,0.690625,,False,,False
7,concept,concept__block_07__Satellites,Satellites,64.0,40,20,0.5,0.8,0.809375,,False,,False
7,concept,concept__block_07__Satellites,Satellites,128.0,40,20,0.5,0.9625,0.953125,,False,,False
7,concept,concept__block_07__Trumpets,Trumpets,0.25,40,20,0.5,0.4625,-0.00625,,False,,False
7,concept,concept__block_07__Trumpets,Trumpets,0.5,40,20,0.5,0.375,-0.0375,,False,,False
7,concept,concept__block_07__Trumpets,Trumpets,1.0,40,20,0.5,0.4125,-0.05625,,False,,False
7,concept,concept__block_07__Trumpets,Trumpets,2.0,40,20,0.5,0.4,-0.06875,,False,,False
7,concept,concept__block_07__Trumpets,Trumpets,4.0,40,20,0.5,0.5375,0.009375,,False,,False
7,concept,concept__block_07__Trumpets,Trumpets,8.0,40,20,0.5,0.6875,0.321875,,False,,False
7,concept,concept__block_07__Trumpets,Trumpets,16.0,40,20,0.5,0.425,-0.059375,,False,,False
7,concept,concept__block_07__Trumpets,Trumpets,32.0,40,20,0.5,0.475,0.0875,,False,,False
7,concept,concept__block_07__Trumpets,Trumpets,64.0,40,20,0.625,0.425,0.284375,,False,,False
7,concept,concept__block_07__Trumpets,Trumpets,128.0,40,20,0.7375,0.425,0.265625,,False,,False
7,concept,concept__block_07__appreciation,appreciation,0.25,40,20,0.5,0.525,0.00625,,False,5.189096182384084,True
7,concept,concept__block_07__appreciation,appreciation,0.5,40,20,0.5,0.55,0.015625,,False,5.189096182384084,True
7,concept,concept__block_07__appreciation,appreciation,1.0,40,20,0.5,0.7,0.084375,,False,5.189096182384084,True
7,concept,concept__block_07__appreciation,appreciation,2.0,40,20,0.5,0.8125,0.265625,,False,5.189096182384084,True
7,concept,concept__block_07__appreciation,appreciation,4.0,40,20,0.5,0.9375,0.665625,,False,5.189096182384084,True
7,concept,concept__block_07__appreciation,appreciation,8.0,40,20,0.5,0.7625,0.459375,,False,5.189096182384084,True
7,concept,concept__block_07__appreciation,appreciation,16.0,40,20,0.5,0.7625,0.63125,,False,5.189096182384084,True
7,concept,concept__block_07__appreciation,appreciation,32.0,40,20,0.5,0.8125,0.653125,,False,5.189096182384084,True
7,concept,concept__block_07__appreciation,appreciation,64.0,40,20,0.5,0.825,0.684375,,False,5.189096182384084,True
7,concept,concept__block_07__appreciation,appreciation,128.0,40,20,0.5,0.8625,0.721875,,False,5.189096182384084,True
7,concept,concept__block_07__betrayal,betrayal,0.25,40,20,0.5,0.55,0.015625,,False,,False
7,concept,concept__block_07__betrayal,betrayal,0.5,40,20,0.5,0.575,0.028125,,False,,False
7,concept,concept__block_07__betrayal,betrayal,1.0,40,20,0.5,0.5,0.028125,,False,,False
7,concept,concept__block_07__betrayal,betrayal,2.0,40,20,0.5,0.5875,0.075,,False,,False
7,concept,concept__block_07__betrayal,betrayal,4.0,40,20,0.5,0.6375,0.171875,,False,,False
7,concept,concept__block_07__betrayal,betrayal,8.0,40,20,0.5,0.6875,0.334375,,False,,False
7,concept,concept__block_07__betrayal,betrayal,16.0,40,20,0.525,0.6,0.50625,,False,,False
7,concept,concept__block_07__betrayal,betrayal,32.0,40,20,0.6,0.6,0.534375,,False,,False
7,concept,concept__block_07__betrayal,betrayal,64.0,40,20,0.675,0.5125,0.51875,,False,,False
7,concept,concept__block_07__betrayal,betrayal,128.0,40,20,0.7,0.5125,0.478125,,False,,False
7,concept,concept__block_07__fibonacci_numbers,fibonacci_numbers,0.25,40,20,0.5,0.4,-0.025,,False,,False
7,concept,concept__block_07__fibonacci_numbers,fibonacci_numbers,0.5,40,20,0.5,0.3375,-0.071875,,False,,False
7,concept,concept__block_07__fibonacci_numbers,fibonacci_numbers,1.0,40,20,0.5,0.25,-0.175,,False,,False
7,concept,concept__block_07__fibonacci_numbers,fibonacci_numbers,2.0,40,20,0.5,0.25,-0.3375,,False,,False
7,concept,concept__block_07__fibonacci_numbers,fibonacci_numbers,4.0,40,20,0.4875,0.3625,-0.534375,,False,,False
7,concept,concept__block_07__fibonacci_numbers,fibonacci_numbers,8.0,40,20,0.4875,0.55,0.025,,False,,False
7,concept,concept__block_07__fibonacci_numbers,fibonacci_numbers,16.0,40,20,0.5125,0.725,0.675,,False,,False
7,concept,concept__block_07__fibonacci_numbers,fibonacci_numbers,32.0,40,20,0.5625,0.725,0.684375,,False,,False
7,concept,concept__block_07__fibonacci_numbers,fibonacci_numbers,64.0,40,20,0.6,0.725,0.675,,False,,False
7,concept,concept__block_07__fibonacci_numbers,fibonacci_numbers,128.0,40,20,0.6375,0.675,0.6625,,False,,False
7,concept,concept__block_07__recursion,recursion,0.25,40,20,0.5,0.4125,-0.025,,False,98.7732349936924,True
7,concept,concept__block_07__recursion,recursion,0.5,40,20,0.5,0.4375,-0.021875,,False,98.7732349936924,True
7,concept,concept__block_07__recursion,recursion,1.0,40,20,0.5,0.3875,-0.034375,,False,98.7732349936924,True
7,concept,concept__block_07__recursion,recursion,2.0,40,20,0.5,0.475,-0.015625,,False,98.7732349936924,True
7,concept,concept__block_07__recursion,recursion,4.0,40,20,0.5,0.5625,0.121875,,False,98.7732349936924,True
7,concept,concept__block_07__recursion,recursion,8.0,40,20,0.5,0.65,0.18125,,False,98.7732349936924,True
7,concept,concept__block_07__recursion,recursion,16.0,40,20,0.5,0.75,0.621875,,False,98.7732349936924,True
7,concept,concept__block_07__recursion,recursion,32.0,40,20,0.5125,0.7625,0.640625,,False,98.7732349936924,True
7,concept,concept__block_07__recursion,recursion,64.0,40,20,0.65,0.6375,0.65,,False,98.7732349936924,True
7,concept,concept__block_07__recursion,recursion,128.0,40,20,0.6125,0.725,0.69375,,False,98.7732349936924,True
7,concept,concept__block_07__shutdown,shutdown,0.25,40,20,0.5,0.6,0.034375,,False,,False
7,concept,concept__block_07__shutdown,shutdown,0.5,40,20,0.5,0.5875,0.04375,,False,,False
7,concept,concept__block_07__shutdown,shutdown,1.0,40,20,0.5,0.675,0.096875,,False,,False
7,concept,concept__block_07__shutdown,shutdown,2.0,40,20,0.5,0.7125,0.209375,,False,,False
7,concept,concept__block_07__shutdown,shutdown,4.0,40,20,0.5,0.7375,0.36875,,False,,False
7,concept,concept__block_07__shutdown,shutdown,8.0,40,20,0.5,0.575,0.2,,False,,False
7,concept,concept__block_07__shutdown,shutdown,16.0,40,20,0.5,0.6625,0.4875,,False,,False
7,concept,concept__block_07__shutdown,shutdown,32.0,40,20,0.5125,0.725,0.625,,False,,False
7,concept,concept__block_07__shutdown,shutdown,64.0,40,20,0.575,0.7875,0.728125,,False,,False
7,concept,concept__block_07__shutdown,shutdown,128.0,40,20,0.55,0.8375,0.775,,False,,False
7,dropout,dropout_realization_00,dropout_realization_00,0.25,40,20,0.5,0.5375,0.0125,,False,,False
7,dropout,dropout_realization_00,dropout_realization_00,0.5,40,20,0.5,0.5,0.0,,False,,False
7,dropout,dropout_realization_00,dropout_realization_00,1.0,40,20,0.5,0.5125,0.00625,,False,,False
7,dropout,dropout_realization_00,dropout_realization_00,2.0,40,20,0.5,0.6625,0.071875,,False,,False
7,dropout,dropout_realization_00,dropout_realization_00,4.0,40,20,0.5,0.5375,0.134375,,False,,False
7,dropout,dropout_realization_00,dropout_realization_00,8.0,40,20,0.5,0.6875,0.296875,,False,,False
7,dropout,dropout_realization_00,dropout_realization_00,16.0,40,20,0.525,0.725,0.540625,,False,,False
7,dropout,dropout_realization_00,dropout_realization_00,32.0,40,20,0.5125,0.6875,0.55625,,False,,False
7,dropout,dropout_realization_00,dropout_realization_00,64.0,40,20,0.5875,0.575,0.3109375,,False,,False
7,dropout,dropout_realization_00,dropout_realization_00,128.0,40,20,0.6625,0.55,0.43125,,False,,False
7,dropout,dropout_realization_01,dropout_realization_01,0.25,40,20,0.5,0.5125,0.003125,,False,,False
7,dropout,dropout_realization_01,dropout_realization_01,0.5,40,20,0.5,0.4875,0.00625,,False,,False
7,dropout,dropout_realization_01,dropout_realization_01,1.0,40,20,0.5,0.525,0.003125,,False,,False
7,dropout,dropout_realization_01,dropout_realization_01,2.0,40,20,0.5,0.525,0.009375,,False,,False
7,dropout,dropout_realization_01,dropout_realization_01,4.0,40,20,0.5,0.5625,0.1125,,False,,False
7,dropout,dropout_realization_01,dropout_realization_01,8.0,40,20,0.5,0.6,0.26875,,False,,False
7,dropout,dropout_realization_01,dropout_realization_01,16.0,40,20,0.55,0.6125,0.43125,,False,,False
7,dropout,dropout_realization_01,dropout_realization_01,32.0,40,20,0.6,0.65,0.5375,,False,,False
7,dropout,dropout_realization_01,dropout_realization_01,64.0,40,20,0.6625,0.6,0.496875,,False,,False
7,dropout,dropout_realization_01,dropout_realization_01,128.0,40,20,0.6375,0.575,0.4015625,,False,,False
7,noise,noise_realization_00,noise_realization_00,0.25,40,20,0.5,0.4,-0.025,,False,,False
7,noise,noise_realization_00,noise_realization_00,0.5,40,20,0.5,0.5,0.00625,,False,,False
7,noise,noise_realization_00,noise_realization_00,1.0,40,20,0.5,0.5875,0.025,,False,,False
7,noise,noise_realization_00,noise_realization_00,2.0,40,20,0.5,0.6,0.04375,,False,,False
7,noise,noise_realization_00,noise_realization_00,4.0,40,20,0.5,0.5625,0.125,,False,,False
7,noise,noise_realization_00,noise_realization_00,8.0,40,20,0.55,0.5375,0.20625,,False,,False
7,noise,noise_realization_00,noise_realization_00,16.0,40,20,0.4875,0.6625,0.475,,False,,False
7,noise,noise_realization_00,noise_realization_00,32.0,40,20,0.5,0.7,0.559375,,False,,False
7,noise,noise_realization_00,noise_realization_00,64.0,40,20,0.65,0.625,0.49375,,False,,False
7,noise,noise_realization_00,noise_realization_00,128.0,40,20,0.525,0.55,0.3625,,False,,False
7,noise,noise_realization_01,noise_realization_01,0.25,40,20,0.5,0.475,-0.00625,,False,,False
7,noise,noise_realization_01,noise_realization_01,0.5,40,20,0.5,0.475,-0.0125,,False,,False
7,noise,noise_realization_01,noise_realization_01,1.0,40,20,0.5,0.45,0.0125,,False,,False
7,noise,noise_realization_01,noise_realization_01,2.0,40,20,0.5,0.6375,0.071875,,False,,False
7,noise,noise_realization_01,noise_realization_01,4.0,40,20,0.5,0.6125,0.134375,,False,,False
7,noise,noise_realization_01,noise_realization_01,8.0,40,20,0.5,0.5875,0.221875,,False,,False
7,noise,noise_realization_01,noise_realization_01,16.0,40,20,0.5,0.6625,0.5,,False,,False
7,noise,noise_realization_01,noise_realization_01,32.0,40,20,0.5125,0.725,0.603125,,False,,False
7,noise,noise_realization_01,noise_realization_01,64.0,40,20,0.5875,0.5875,0.4625,,False,,False
7,noise,noise_realization_01,noise_realization_01,128.0,40,20,0.625,0.5375,0.378125,,False,,False
7,random,fixed_random__block_07__0000,0000,0.25,40,20,0.5,0.325,-0.053125,,False,,False
7,random,fixed_random__block_07__0000,0000,0.5,40,20,0.5,0.1875,-0.121875,,False,,False
7,random,fixed_random__block_07__0000,0000,1.0,40,20,0.5,0.05,-0.221875,,False,,False
7,random,fixed_random__block_07__0000,0000,2.0,40,20,0.5,0.05,-0.3625,,False,,False
7,random,fixed_random__block_07__0000,0000,4.0,40,20,0.5,0.1125,-0.36875,,False,,False
7,random,fixed_random__block_07__0000,0000,8.0,40,20,0.5375,0.525,0.3375,,False,,False
7,random,fixed_random__block_07__0000,0000,16.0,40,20,0.4625,0.5375,0.190625,,False,,False
7,random,fixed_random__block_07__0000,0000,32.0,40,20,0.425,0.6125,0.215625,,False,,False
7,random,fixed_random__block_07__0000,0000,64.0,40,20,0.725,0.5,0.1,,False,,False
7,random,fixed_random__block_07__0000,0000,128.0,40,20,0.7,0.5,0.0390625,,False,,False
7,random,fixed_random__block_07__0001,0001,0.25,40,20,0.5,0.4875,-0.00625,,False,,False
7,random,fixed_random__block_07__0001,0001,0.5,40,20,0.5,0.4625,-0.015625,,False,,False
7,random,fixed_random__block_07__0001,0001,1.0,40,20,0.5,0.3625,-0.046875,,False,,False
7,random,fixed_random__block_07__0001,0001,2.0,40,20,0.5,0.3875,-0.09375,,False,,False
7,random,fixed_random__block_07__0001,0001,4.0,40,20,0.5,0.4,-0.221875,,False,,False
7,random,fixed_random__block_07__0001,0001,8.0,40,20,0.5,0.1625,-0.4875,,False,,False
7,random,fixed_random__block_07__0001,0001,16.0,40,20,0.5,0.65,0.28125,,False,,False
7,random,fixed_random__block_07__0001,0001,32.0,40,20,0.5,0.725,0.465625,,False,,False
7,random,fixed_random__block_07__0001,0001,64.0,40,20,0.5,0.675,0.41875,,False,,False
7,random,fixed_random__block_07__0001,0001,128.0,40,20,0.5,0.6625,0.34375,,False,,False
7,random,fixed_random__block_07__0002,0002,0.25,40,20,0.5,0.475,-0.0125,69.50386155361261,True,,False
7,random,fixed_random__block_07__0002,0002,0.5,40,20,0.5,0.3625,-0.046875,69.50386155361261,True,,False
7,random,fixed_random__block_07__0002,0002,1.0,40,20,0.5,0.3375,-0.065625,69.50386155361261,True,,False
7,random,fixed_random__block_07__0002,0002,2.0,40,20,0.5,0.3,-0.10625,69.50386155361261,True,,False
7,random,fixed_random__block_07__0002,0002,4.0,40,20,0.5,0.2375,-0.225,69.50386155361261,True,,False
7,random,fixed_random__block_07__0002,0002,8.0,40,20,0.4875,0.325,-0.28125,69.50386155361261,True,,False
7,random,fixed_random__block_07__0002,0002,16.0,40,20,0.5,0.475,0.146875,69.50386155361261,True,,False
7,random,fixed_random__block_07__0002,0002,32.0,40,20,0.5,0.4875,0.25625,69.50386155361261,True,,False
7,random,fixed_random__block_07__0002,0002,64.0,40,20,0.825,0.5,0.24375,69.50386155361261,True,,False
7,random,fixed_random__block_07__0002,0002,128.0,40,20,0.85,0.5,0.334375,69.50386155361261,True,,False
7,random,fixed_random__block_07__0003,0003,0.25,40,20,0.5,0.575,0.01875,,False,,False
7,random,fixed_random__block_07__0003,0003,0.5,40,20,0.5,0.575,0.025,,False,,False
7,random,fixed_random__block_07__0003,0003,1.0,40,20,0.5,0.675,0.078125,,False,,False
7,random,fixed_random__block_07__0003,0003,2.0,40,20,0.5,0.7,0.159375,,False,,False
7,random,fixed_random__block_07__0003,0003,4.0,40,20,0.5,0.6875,0.340625,,False,,False
7,random,fixed_random__block_07__0003,0003,8.0,40,20,0.6,0.75,0.696875,,False,,False
7,random,fixed_random__block_07__0003,0003,16.0,40,20,0.6375,0.7,0.60625,,False,,False
7,random,fixed_random__block_07__0003,0003,32.0,40,20,0.5375,0.5,0.303125,,False,,False
7,random,fixed_random__block_07__0003,0003,64.0,40,20,0.6875,0.5,0.18125,,False,,False
7,random,fixed_random__block_07__0003,0003,128.0,40,20,0.6375,0.5,0.09375,,False,,False
7,random,fixed_random__block_07__0004,0004,0.25,40,20,0.5,0.5625,0.015625,,False,,False
7,random,fixed_random__block_07__0004,0004,0.5,40,20,0.5,0.4875,-0.00625,,False,,False
7,random,fixed_random__block_07__0004,0004,1.0,40,20,0.5,0.475,-0.01875,,False,,False
7,random,fixed_random__block_07__0004,0004,2.0,40,20,0.5,0.5125,0.015625,,False,,False
7,random,fixed_random__block_07__0004,0004,4.0,40,20,0.5,0.5625,0.053125,,False,,False
7,random,fixed_random__block_07__0004,0004,8.0,40,20,0.4875,0.5375,-0.015625,,False,,False
7,random,fixed_random__block_07__0004,0004,16.0,40,20,0.4875,0.625,0.36875,,False,,False
7,random,fixed_random__block_07__0004,0004,32.0,40,20,0.5,0.55,0.29375,,False,,False
7,random,fixed_random__block_07__0004,0004,64.0,40,20,0.525,0.65,0.421875,,False,,False
7,random,fixed_random__block_07__0004,0004,128.0,40,20,0.5,0.6125,0.4,,False,,False
7,random,fixed_random__block_07__0005,0005,0.25,40,20,0.5,0.5125,0.003125,95.50624849100896,True,,False
7,random,fixed_random__block_07__0005,0005,0.5,40,20,0.5,0.5,0.0,95.50624849100896,True,,False
7,random,fixed_random__block_07__0005,0005,1.0,40,20,0.5,0.45,-0.015625,95.50624849100896,True,,False
7,random,fixed_random__block_07__0005,0005,2.0,40,20,0.5,0.45,-0.0125,95.50624849100896,True,,False
7,random,fixed_random__block_07__0005,0005,4.0,40,20,0.5,0.5,0.078125,95.50624849100896,True,,False
7,random,fixed_random__block_07__0005,0005,8.0,40,20,0.5,0.7,0.4125,95.50624849100896,True,,False
7,random,fixed_random__block_07__0005,0005,16.0,40,20,0.5,0.7875,0.6375,95.50624849100896,True,,False
7,random,fixed_random__block_07__0005,0005,32.0,40,20,0.5,0.7375,0.590625,95.50624849100896,True,,False
7,random,fixed_random__block_07__0005,0005,64.0,40,20,0.625,0.5125,0.415625,95.50624849100896,True,,False
7,random,fixed_random__block_07__0005,0005,128.0,40,20,0.85,0.5,0.25,95.50624849100896,True,,False
7,random,fixed_random__block_07__0006,0006,0.25,40,20,0.5,0.525,0.015625,,False,,False
7,random,fixed_random__block_07__0006,0006,0.5,40,20,0.5,0.5625,0.015625,,False,,False
7,random,fixed_random__block_07__0006,0006,1.0,40,20,0.5,0.6,0.05,,False,,False
7,random,fixed_random__block_07__0006,0006,2.0,40,20,0.5,0.7375,0.153125,,False,,False
7,random,fixed_random__block_07__0006,0006,4.0,40,20,0.525,0.8875,0.3875,,False,,False
7,random,fixed_random__block_07__0006,0006,8.0,40,20,0.5375,0.625,0.425,,False,,False
7,random,fixed_random__block_07__0006,0006,16.0,40,20,0.6,0.5875,0.396875,,False,,False
7,random,fixed_random__block_07__0006,0006,32.0,40,20,0.4875,0.5,0.178125,,False,,False
7,random,fixed_random__block_07__0006,0006,64.0,40,20,0.6,0.5375,0.36875,,False,,False
7,random,fixed_random__block_07__0006,0006,128.0,40,20,0.7,0.5125,0.46875,,False,,False
7,random,fixed_random__block_07__0007,0007,0.25,40,20,0.5,0.375,-0.0375,,False,,False
7,random,fixed_random__block_07__0007,0007,0.5,40,20,0.5,0.25,-0.08125,,False,,False
7,random,fixed_random__block_07__0007,0007,1.0,40,20,0.5,0.2375,-0.11875,,False,,False
7,random,fixed_random__block_07__0007,0007,2.0,40,20,0.5,0.2125,-0.190625,,False,,False
7,random,fixed_random__block_07__0007,0007,4.0,40,20,0.5,0.2625,-0.303125,,False,,False
7,random,fixed_random__block_07__0007,0007,8.0,40,20,0.5,0.225,-0.3875,,False,,False
7,random,fixed_random__block_07__0007,0007,16.0,40,20,0.5,0.475,0.20625,,False,,False
7,random,fixed_random__block_07__0007,0007,32.0,40,20,0.5,0.475,0.203125,,False,,False
7,random,fixed_random__block_07__0007,0007,64.0,40,20,0.55,0.5125,0.153125,,False,,False
7,random,fixed_random__block_07__0007,0007,128.0,40,20,0.7875,0.5,0.18125,,False,,False
7,random,fixed_random__block_07__0008,0008,0.25,40,20,0.5,0.4875,-0.003125,,False,,False
7,random,fixed_random__block_07__0008,0008,0.5,40,20,0.5,0.5125,0.00625,,False,,False
7,random,fixed_random__block_07__0008,0008,1.0,40,20,0.5,0.4875,0.003125,,False,,False
7,random,fixed_random__block_07__0008,0008,2.0,40,20,0.5,0.6375,0.071875,,False,,False
7,random,fixed_random__block_07__0008,0008,4.0,40,20,0.5,0.65,0.10625,,False,,False
7,random,fixed_random__block_07__0008,0008,8.0,40,20,0.5,0.4375,-0.034375,,False,,False
7,random,fixed_random__block_07__0008,0008,16.0,40,20,0.4875,0.5375,0.3,,False,,False
7,random,fixed_random__block_07__0008,0008,32.0,40,20,0.5125,0.5375,0.296875,,False,,False
7,random,fixed_random__block_07__0008,0008,64.0,40,20,0.5,0.6125,0.353125,,False,,False
7,random,fixed_random__block_07__0008,0008,128.0,40,20,0.525,0.5,0.296875,,False,,False
7,random,fixed_random__block_07__0009,0009,0.25,40,20,0.5,0.5625,0.021875,,False,39.559512489172626,True
7,random,fixed_random__block_07__0009,0009,0.5,40,20,0.5,0.575,0.015625,,False,39.559512489172626,True
7,random,fixed_random__block_07__0009,0009,1.0,40,20,0.5,0.575,0.03125,,False,39.559512489172626,True
7,random,fixed_random__block_07__0009,0009,2.0,40,20,0.5,0.625,0.10625,,False,39.559512489172626,True
7,random,fixed_random__block_07__0009,0009,4.0,40,20,0.5,0.5875,0.209375,,False,39.559512489172626,True
7,random,fixed_random__block_07__0009,0009,8.0,40,20,0.4875,0.5125,0.23125,,False,39.559512489172626,True
7,random,fixed_random__block_07__0009,0009,16.0,40,20,0.5625,0.6875,0.5125,,False,39.559512489172626,True
7,random,fixed_random__block_07__0009,0009,32.0,40,20,0.5,0.8625,0.7375,,False,39.559512489172626,True
7,random,fixed_random__block_07__0009,0009,64.0,40,20,0.675,0.775,0.821875,,False,39.559512489172626,True
7,random,fixed_random__block_07__0009,0009,128.0,40,20,0.7625,0.7875,0.940625,,False,39.559512489172626,True
8,concept,concept__block_08__Dust,Dust,0.25,40,20,0.5,0.6,0.025,,False,,False
8,concept,concept__block_08__Dust,Dust,0.5,40,20,0.5,0.6375,0.040625,,False,,False
8,concept,concept__block_08__Dust,Dust,1.0,40,20,0.5,0.6375,0.059375,,False,,False
8,concept,concept__block_08__Dust,Dust,2.0,40,20,0.5,0.775,0.175,,False,,False
8,concept,concept__block_08__Dust,Dust,4.0,40,20,0.5,0.85,0.3375,,False,,False
8,concept,concept__block_08__Dust,Dust,8.0,40,20,0.5,0.6125,0.384375,,False,,False
8,concept,concept__block_08__Dust,Dust,16.0,40,20,0.4375,0.4625,-0.165625,,False,,False
8,concept,concept__block_08__Dust,Dust,32.0,40,20,0.5,0.425,-0.140625,,False,,False
8,concept,concept__block_08__Dust,Dust,64.0,40,20,0.5,0.6125,0.225,,False,,False
8,concept,concept__block_08__Dust,Dust,128.0,40,20,0.5,0.725,0.38125,,False,,False
8,concept,concept__block_08__Illusions,Illusions,0.25,40,20,0.5,0.55,0.015625,,False,,False
8,concept,concept__block_08__Illusions,Illusions,0.5,40,20,0.5,0.625,0.028125,,False,,False
8,concept,concept__block_08__Illusions,Illusions,1.0,40,20,0.5,0.5375,0.028125,,False,,False
8,concept,concept__block_08__Illusions,Illusions,2.0,40,20,0.5,0.625,0.128125,,False,,False
8,concept,concept__block_08__Illusions,Illusions,4.0,40,20,0.5,0.6875,0.25,,False,,False
8,concept,concept__block_08__Illusions,Illusions,8.0,40,20,0.5125,0.7375,0.559375,,False,,False
8,concept,concept__block_08__Illusions,Illusions,16.0,40,20,0.55,0.6875,0.60625,,False,,False
8,concept,concept__block_08__Illusions,Illusions,32.0,40,20,0.6125,0.6875,0.59375,,False,,False
8,concept,concept__block_08__Illusions,Illusions,64.0,40,20,0.8,0.6,0.675,,False,,False
8,concept,concept__block_08__Illusions,Illusions,128.0,40,20,0.75,0.5,0.578125,,False,,False
8,concept,concept__block_08__Origami,Origami,0.25,40,20,0.5,0.6875,0.046875,,False,,False
8,concept,concept__block_08__Origami,Origami,0.5,40,20,0.5,0.7375,0.065625,,False,,False
8,concept,concept__block_08__Origami,Origami,1.0,40,20,0.5,0.825,0.11875,,False,,False
8,concept,concept__block_08__Origami,Origami,2.0,40,20,0.5,0.8,0.221875,,False,,False
8,concept,concept__block_08__Origami,Origami,4.0,40,20,0.5,0.65,0.290625,,False,,False
8,concept,concept__block_08__Origami,Origami,8.0,40,20,0.625,0.875,1.04375,,False,,False
8,concept,concept__block_08__Origami,Origami,16.0,40,20,0.7125,0.7625,0.978125,,False,,False
8,concept,concept__block_08__Origami,Origami,32.0,40,20,0.6125,0.725,0.734375,,False,,False
8,concept,concept__block_08__Origami,Origami,64.0,40,20,0.5875,0.7375,0.6125,,False,,False
8,concept,concept__block_08__Origami,Origami,128.0,40,20,0.6625,0.6,0.475,,False,,False
8,concept,concept__block_08__Satellites,Satellites,0.25,40,20,0.5,0.3625,-0.0375,,False,,False
8,concept,concept__block_08__Satellites,Satellites,0.5,40,20,0.5,0.275,-0.078125,,False,,False
8,concept,concept__block_08__Satellites,Satellites,1.0,40,20,0.5,0.15,-0.165625,,False,,False
8,concept,concept__block_08__Satellites,Satellites,2.0,40,20,0.5,0.1375,-0.35625,,False,,False
8,concept,concept__block_08__Satellites,Satellites,4.0,40,20,0.475,0.1625,-0.675,,False,,False
8,concept,concept__block_08__Satellites,Satellites,8.0,40,20,0.475,0.5,-0.05625,,False,,False
8,concept,concept__block_08__Satellites,Satellites,16.0,40,20,0.5,0.7125,0.51875,,False,,False
8,concept,concept__block_08__Satellites,Satellites,32.0,40,20,0.5,0.7,0.6,,False,,False
8,concept,concept__block_08__Satellites,Satellites,64.0,40,20,0.5,0.725,0.71875,,False,,False
8,concept,concept__block_08__Satellites,Satellites,128.0,40,20,0.5,0.8375,0.85625,,False,,False
8,concept,concept__block_08__Trumpets,Trumpets,0.25,40,20,0.5,0.3875,-0.03125,,False,,False
8,concept,concept__block_08__Trumpets,Trumpets,0.5,40,20,0.5,0.275,-0.08125,,False,,False
8,concept,concept__block_08__Trumpets,Trumpets,1.0,40,20,0.5,0.2625,-0.14375,,False,,False
8,concept,concept__block_08__Trumpets,Trumpets,2.0,40,20,0.5,0.1875,-0.340625,,False,,False
8,concept,concept__block_08__Trumpets,Trumpets,4.0,40,20,0.4875,0.25,-0.621875,,False,,False
8,concept,concept__block_08__Trumpets,Trumpets,8.0,40,20,0.5,0.3,-0.396875,,False,,False
8,concept,concept__block_08__Trumpets,Trumpets,16.0,40,20,0.5,0.6,0.196875,,False,,False
8,concept,concept__block_08__Trumpets,Trumpets,32.0,40,20,0.5,0.7375,0.603125,,False,,False
8,concept,concept__block_08__Trumpets,Trumpets,64.0,40,20,0.75,0.6625,0.8625,,False,,False
8,concept,concept__block_08__Trumpets,Trumpets,128.0,40,20,0.7,0.575,0.70625,,False,,False
8,concept,concept__block_08__appreciation,appreciation,0.25,40,20,0.5,0.5,0.003125,,False,,False
8,concept,concept__block_08__appreciation,appreciation,0.5,40,20,0.5,0.45,-0.025,,False,,False
8,concept,concept__block_08__appreciation,appreciation,1.0,40,20,0.5,0.45,-0.040625,,False,,False
8,concept,concept__block_08__appreciation,appreciation,2.0,40,20,0.5,0.5,-0.03125,,False,,False
8,concept,concept__block_08__appreciation,appreciation,4.0,40,20,0.5,0.475,-0.025,,False,,False
8,concept,concept__block_08__appreciation,appreciation,8.0,40,20,0.5,0.6625,0.265625,,False,,False
8,concept,concept__block_08__appreciation,appreciation,16.0,40,20,0.5,0.725,0.74375,,False,,False
8,concept,concept__block_08__appreciation,appreciation,32.0,40,20,0.5125,0.725,0.809375,,False,,False
8,concept,concept__block_08__appreciation,appreciation,64.0,40,20,0.5,0.7375,0.796875,,False,,False
8,concept,concept__block_08__appreciation,appreciation,128.0,40,20,0.5,0.725,0.75625,,False,,False
8,concept,concept__block_08__betrayal,betrayal,0.25,40,20,0.5,0.6,0.028125,91.14406336300974,True,,False
8,concept,concept__block_08__betrayal,betrayal,0.5,40,20,0.5,0.625,0.053125,91.14406336300974,True,,False
8,concept,concept__block_08__betrayal,betrayal,1.0,40,20,0.5,0.6875,0.0875,91.14406336300974,True,,False
8,concept,concept__block_08__betrayal,betrayal,2.0,40,20,0.5,0.5375,0.071875,91.14406336300974,True,,False
8,concept,concept__block_08__betrayal,betrayal,4.0,40,20,0.5,0.525,0.01875,91.14406336300974,True,,False
8,concept,concept__block_08__betrayal,betrayal,8.0,40,20,0.5,0.8,0.546875,91.14406336300974,True,,False
8,concept,concept__block_08__betrayal,betrayal,16.0,40,20,0.5875,0.7375,0.703125,91.14406336300974,True,,False
8,concept,concept__block_08__betrayal,betrayal,32.0,40,20,0.675,0.675,0.69375,91.14406336300974,True,,False
8,concept,concept__block_08__betrayal,betrayal,64.0,40,20,0.7375,0.65,0.703125,91.14406336300974,True,,False
8,concept,concept__block_08__betrayal,betrayal,128.0,40,20,0.75,0.65,0.721875,91.14406336300974,True,,False
8,concept,concept__block_08__fibonacci_numbers,fibonacci_numbers,0.25,40,20,0.5,0.425,-0.028125,,False,,False
8,concept,concept__block_08__fibonacci_numbers,fibonacci_numbers,0.5,40,20,0.5,0.3125,-0.078125,,False,,False
8,concept,concept__block_08__fibonacci_numbers,fibonacci_numbers,1.0,40,20,0.5,0.2875,-0.153125,,False,,False
8,concept,concept__block_08__fibonacci_numbers,fibonacci_numbers,2.0,40,20,0.5,0.3125,-0.2875,,False,,False
8,concept,concept__block_08__fibonacci_numbers,fibonacci_numbers,4.0,40,20,0.5,0.3875,-0.321875,,False,,False
8,concept,concept__block_08__fibonacci_numbers,fibonacci_numbers,8.0,40,20,0.4875,0.6,0.1875,,False,,False
8,concept,concept__block_08__fibonacci_numbers,fibonacci_numbers,16.0,40,20,0.5,0.725,0.7125,,False,,False
8,concept,concept__block_08__fibonacci_numbers,fibonacci_numbers,32.0,40,20,0.5625,0.725,0.884375,,False,,False
8,concept,concept__block_08__fibonacci_numbers,fibonacci_numbers,64.0,40,20,0.6125,0.725,0.93125,,False,,False
8,concept,concept__block_08__fibonacci_numbers,fibonacci_numbers,128.0,40,20,0.6375,0.725,0.9375,,False,,False
8,concept,concept__block_08__recursion,recursion,0.25,40,20,0.5,0.5625,0.0125,,False,98.74941874816183,True
8,concept,concept__block_08__recursion,recursion,0.5,40,20,0.5,0.475,-0.021875,,False,98.74941874816183,True
8,concept,concept__block_08__recursion,recursion,1.0,40,20,0.5,0.4625,-0.01875,,False,98.74941874816183,True
8,concept,concept__block_08__recursion,recursion,2.0,40,20,0.4875,0.3375,-0.125,,False,98.74941874816183,True
8,concept,concept__block_08__recursion,recursion,4.0,40,20,0.475,0.375,-0.228125,,False,98.74941874816183,True
8,concept,concept__block_08__recursion,recursion,8.0,40,20,0.4875,0.6625,0.2375,,False,98.74941874816183,True
8,concept,concept__block_08__recursion,recursion,16.0,40,20,0.5125,0.75,0.69375,,False,98.74941874816183,True
8,concept,concept__block_08__recursion,recursion,32.0,40,20,0.525,0.75,0.70625,,False,98.74941874816183,True
8,concept,concept__block_08__recursion,recursion,64.0,40,20,0.6625,0.6875,0.74375,,False,98.74941874816183,True
8,concept,concept__block_08__recursion,recursion,128.0,40,20,0.65,0.7125,0.74375,,False,98.74941874816183,True
8,concept,concept__block_08__shutdown,shutdown,0.25,40,20,0.5,0.675,0.053125,,False,,False
8,concept,concept__block_08__shutdown,shutdown,0.5,40,20,0.5,0.65,0.06875,,False,,False
8,concept,concept__block_08__shutdown,shutdown,1.0,40,20,0.5,0.7375,0.134375,,False,,False
8,concept,concept__block_08__shutdown,shutdown,2.0,40,20,0.5,0.775,0.190625,,False,,False
8,concept,concept__block_08__shutdown,shutdown,4.0,40,20,0.5,0.625,0.19375,,False,,False
8,concept,concept__block_08__shutdown,shutdown,8.0,40,20,0.5,0.6,0.196875,,False,,False
8,concept,concept__block_08__shutdown,shutdown,16.0,40,20,0.5,0.65,0.559375,,False,,False
8,concept,concept__block_08__shutdown,shutdown,32.0,40,20,0.5,0.725,0.6375,,False,,False
8,concept,concept__block_08__shutdown,shutdown,64.0,40,20,0.5625,0.775,0.71875,,False,,False
8,concept,concept__block_08__shutdown,shutdown,128.0,40,20,0.525,0.8125,0.79375,,False,,False
8,dropout,dropout_realization_00,dropout_realization_00,0.25,40,20,0.5,0.4875,-0.003125,,False,,False
8,dropout,dropout_realization_00,dropout_realization_00,0.5,40,20,0.5,0.475,-0.003125,,False,,False
8,dropout,dropout_realization_00,dropout_realization_00,1.0,40,20,0.5,0.5125,0.009375,,False,,False
8,dropout,dropout_realization_00,dropout_realization_00,2.0,40,20,0.5,0.4375,-0.01875,,False,,False
8,dropout,dropout_realization_00,dropout_realization_00,4.0,40,20,0.5,0.4875,-0.059375,,False,,False
8,dropout,dropout_realization_00,dropout_realization_00,8.0,40,20,0.55,0.575,0.21875,,False,,False
8,dropout,dropout_realization_00,dropout_realization_00,16.0,40,20,0.55,0.7625,0.775,,False,,False
8,dropout,dropout_realization_00,dropout_realization_00,32.0,40,20,0.4875,0.7125,0.5875,,False,,False
8,dropout,dropout_realization_00,dropout_realization_00,64.0,40,20,0.625,0.625,0.63125,,False,,False
8,dropout,dropout_realization_00,dropout_realization_00,128.0,40,20,0.725,0.5625,0.484375,,False,,False
8,dropout,dropout_realization_01,dropout_realization_01,0.25,40,20,0.5,0.5625,0.0125,,False,,False
8,dropout,dropout_realization_01,dropout_realization_01,0.5,40,20,0.5,0.475,0.00625,,False,,False
8,dropout,dropout_realization_01,dropout_realization_01,1.0,40,20,0.5,0.45,-0.025,,False,,False
8,dropout,dropout_realization_01,dropout_realization_01,2.0,40,20,0.5,0.4375,-0.009375,,False,,False
8,dropout,dropout_realization_01,dropout_realization_01,4.0,40,20,0.5,0.5125,0.015625,,False,,False
8,dropout,dropout_realization_01,dropout_realization_01,8.0,40,20,0.5,0.675,0.39375,,False,,False
8,dropout,dropout_realization_01,dropout_realization_01,16.0,40,20,0.5375,0.725,0.721875,,False,,False
8,dropout,dropout_realization_01,dropout_realization_01,32.0,40,20,0.575,0.725,0.725,,False,,False
8,dropout,dropout_realization_01,dropout_realization_01,64.0,40,20,0.7,0.6375,0.7,,False,,False
8,dropout,dropout_realization_01,dropout_realization_01,128.0,40,20,0.675,0.575,0.5578125,,False,,False
8,noise,noise_realization_00,noise_realization_00,0.25,40,20,0.5,0.475,-0.0125,,False,,False
8,noise,noise_realization_00,noise_realization_00,0.5,40,20,0.5,0.55,0.0125,,False,,False
8,noise,noise_realization_00,noise_realization_00,1.0,40,20,0.5,0.45,-0.00625,,False,,False
8,noise,noise_realization_00,noise_realization_00,2.0,40,20,0.5,0.4875,-0.01875,,False,,False
8,noise,noise_realization_00,noise_realization_00,4.0,40,20,0.5,0.5125,-0.040625,,False,,False
8,noise,noise_realization_00,noise_realization_00,8.0,40,20,0.5,0.5625,0.171875,,False,,False
8,noise,noise_realization_00,noise_realization_00,16.0,40,20,0.5375,0.675,0.6,,False,,False
8,noise,noise_realization_00,noise_realization_00,32.0,40,20,0.5,0.7375,0.6875,,False,,False
8,noise,noise_realization_00,noise_realization_00,64.0,40,20,0.6375,0.575,0.496875,,False,,False
8,noise,noise_realization_00,noise_realization_00,128.0,40,20,0.55,0.6,0.55625,,False,,False
8,noise,noise_realization_01,noise_realization_01,0.25,40,20,0.5,0.45,-0.00625,,False,,False
8,noise,noise_realization_01,noise_realization_01,0.5,40,20,0.5,0.5,0.003125,,False,,False
8,noise,noise_realization_01,noise_realization_01,1.0,40,20,0.5,0.475,-0.0125,,False,,False
8,noise,noise_realization_01,noise_realization_01,2.0,40,20,0.5,0.525,0.025,,False,,False
8,noise,noise_realization_01,noise_realization_01,4.0,40,20,0.5,0.4,-0.2,,False,,False
8,noise,noise_realization_01,noise_realization_01,8.0,40,20,0.475,0.6625,0.246875,,False,,False
8,noise,noise_realization_01,noise_realization_01,16.0,40,20,0.55,0.725,0.66875,,False,,False
8,noise,noise_realization_01,noise_realization_01,32.0,40,20,0.4875,0.725,0.6,,False,,False
8,noise,noise_realization_01,noise_realization_01,64.0,40,20,0.675,0.6375,0.58125,,False,,False
8,noise,noise_realization_01,noise_realization_01,128.0,40,20,0.5375,0.6,0.484375,,False,,False
8,random,fixed_random__block_08__0000,0000,0.25,40,20,0.5,0.575,0.025,,False,,False
8,random,fixed_random__block_08__0000,0000,0.5,40,20,0.5,0.75,0.084375,,False,,False
8,random,fixed_random__block_08__0000,0000,1.0,40,20,0.5,0.8125,0.1625,,False,,False
8,random,fixed_random__block_08__0000,0000,2.0,40,20,0.5,0.875,0.2625,,False,,False
8,random,fixed_random__block_08__0000,0000,4.0,40,20,0.5,0.8875,0.453125,,False,,False
8,random,fixed_random__block_08__0000,0000,8.0,40,20,0.575,0.8875,0.775,,False,,False
8,random,fixed_random__block_08__0000,0000,16.0,40,20,0.5,0.65,0.51875,,False,,False
8,random,fixed_random__block_08__0000,0000,32.0,40,20,0.5875,0.575,0.50625,,False,,False
8,random,fixed_random__block_08__0000,0000,64.0,40,20,0.75,0.5,0.40625,,False,,False
8,random,fixed_random__block_08__0000,0000,128.0,40,20,0.9625,0.5125,0.60625,,False,,False
8,random,fixed_random__block_08__0001,0001,0.25,40,20,0.5,0.3375,-0.046875,,False,,False
8,random,fixed_random__block_08__0001,0001,0.5,40,20,0.5,0.3,-0.059375,,False,,False
8,random,fixed_random__block_08__0001,0001,1.0,40,20,0.5,0.175,-0.121875,,False,,False
8,random,fixed_random__block_08__0001,0001,2.0,40,20,0.5,0.05,-0.24375,,False,,False
8,random,fixed_random__block_08__0001,0001,4.0,40,20,0.5,0.0375,-0.4625,,False,,False
8,random,fixed_random__block_08__0001,0001,8.0,40,20,0.5,0.4375,-0.1,,False,,False
8,random,fixed_random__block_08__0001,0001,16.0,40,20,0.5,0.575,0.29375,,False,,False
8,random,fixed_random__block_08__0001,0001,32.0,40,20,0.475,0.675,0.425,,False,,False
8,random,fixed_random__block_08__0001,0001,64.0,40,20,0.4875,0.6125,0.365625,,False,,False
8,random,fixed_random__block_08__0001,0001,128.0,40,20,0.5,0.5,0.246875,,False,,False
8,random,fixed_random__block_08__0002,0002,0.25,40,20,0.5,0.6125,0.028125,,False,,False
8,random,fixed_random__block_08__0002,0002,0.5,40,20,0.5,0.725,0.06875,,False,,False
8,random,fixed_random__block_08__0002,0002,1.0,40,20,0.5,0.825,0.103125,,False,,False
8,random,fixed_random__block_08__0002,0002,2.0,40,20,0.5,0.9,0.2,,False,,False
8,random,fixed_random__block_08__0002,0002,4.0,40,20,0.5,0.8875,0.4625,,False,,False
8,random,fixed_random__block_08__0002,0002,8.0,40,20,0.7625,0.7875,1.046875,,False,,False
8,random,fixed_random__block_08__0002,0002,16.0,40,20,0.55,0.7125,0.703125,,False,,False
8,random,fixed_random__block_08__0002,0002,32.0,40,20,0.475,0.725,0.653125,,False,,False
8,random,fixed_random__block_08__0002,0002,64.0,40,20,0.5,0.7,0.553125,,False,,False
8,random,fixed_random__block_08__0002,0002,128.0,40,20,0.525,0.6,0.471875,,False,,False
8,random,fixed_random__block_08__0003,0003,0.25,40,20,0.5,0.6,0.028125,,False,,False
8,random,fixed_random__block_08__0003,0003,0.5,40,20,0.5,0.5125,0.015625,,False,,False
8,random,fixed_random__block_08__0003,0003,1.0,40,20,0.5,0.5125,0.0375,,False,,False
8,random,fixed_random__block_08__0003,0003,2.0,40,20,0.5,0.45,0.0375,,False,,False
8,random,fixed_random__block_08__0003,0003,4.0,40,20,0.5,0.4375,0.015625,,False,,False
8,random,fixed_random__block_08__0003,0003,8.0,40,20,0.5,0.625,0.146875,,False,,False
8,random,fixed_random__block_08__0003,0003,16.0,40,20,0.5,0.8,0.559375,,False,,False
8,random,fixed_random__block_08__0003,0003,32.0,40,20,0.5,0.7875,0.734375,,False,,False
8,random,fixed_random__block_08__0003,0003,64.0,40,20,0.5,0.7125,0.6,,False,,False
8,random,fixed_random__block_08__0003,0003,128.0,40,20,0.6125,0.6625,0.65,,False,,False
8,random,fixed_random__block_08__0004,0004,0.25,40,20,0.5,0.55,0.015625,,False,,False
8,random,fixed_random__block_08__0004,0004,0.5,40,20,0.5,0.575,0.025,,False,,False
8,random,fixed_random__block_08__0004,0004,1.0,40,20,0.5,0.625,0.040625,,False,,False
8,random,fixed_random__block_08__0004,0004,2.0,40,20,0.5,0.6375,0.078125,,False,,False
8,random,fixed_random__block_08__0004,0004,4.0,40,20,0.5,0.7625,0.215625,,False,,False
8,random,fixed_random__block_08__0004,0004,8.0,40,20,0.5,0.625,0.325,,False,,False
8,random,fixed_random__block_08__0004,0004,16.0,40,20,0.4875,0.4875,0.146875,,False,,False
8,random,fixed_random__block_08__0004,0004,32.0,40,20,0.475,0.4875,0.084375,,False,,False
8,random,fixed_random__block_08__0004,0004,64.0,40,20,0.475,0.475,0.08125,,False,,False
8,random,fixed_random__block_08__0004,0004,128.0,40,20,0.475,0.4875,0.103125,,False,,False
8,random,fixed_random__block_08__0005,0005,0.25,40,20,0.5,0.425,-0.028125,,False,,False
8,random,fixed_random__block_08__0005,0005,0.5,40,20,0.5,0.3125,-0.053125,,False,,False
8,random,fixed_random__block_08__0005,0005,1.0,40,20,0.5,0.3375,-0.078125,,False,,False
8,random,fixed_random__block_08__0005,0005,2.0,40,20,0.5,0.3,-0.134375,,False,,False
8,random,fixed_random__block_08__0005,0005,4.0,40,20,0.5,0.4375,-0.165625,,False,,False
8,random,fixed_random__block_08__0005,0005,8.0,40,20,0.4875,0.575,-0.00625,,False,,False
8,random,fixed_random__block_08__0005,0005,16.0,40,20,0.5,0.6375,0.409375,,False,,False
8,random,fixed_random__block_08__0005,0005,32.0,40,20,0.5125,0.675,0.496875,,False,,False
8,random,fixed_random__block_08__0005,0005,64.0,40,20,0.5125,0.6,0.4125,,False,,False
8,random,fixed_random__block_08__0005,0005,128.0,40,20,0.6625,0.4875,0.29375,,False,,False
8,random,fixed_random__block_08__0006,0006,0.25,40,20,0.5,0.425,-0.021875,,False,,False
8,random,fixed_random__block_08__0006,0006,0.5,40,20,0.5,0.375,-0.034375,,False,,False
8,random,fixed_random__block_08__0006,0006,1.0,40,20,0.5,0.325,-0.071875,,False,,False
8,random,fixed_random__block_08__0006,0006,2.0,40,20,0.5,0.225,-0.15,,False,,False
8,random,fixed_random__block_08__0006,0006,4.0,40,20,0.4875,0.3125,-0.2,,False,,False
8,random,fixed_random__block_08__0006,0006,8.0,40,20,0.4625,0.475,-0.115625,,False,,False
8,random,fixed_random__block_08__0006,0006,16.0,40,20,0.45,0.475,0.04375,,False,,False
8,random,fixed_random__block_08__0006,0006,32.0,40,20,0.4875,0.475,-0.01875,,False,,False
8,random,fixed_random__block_08__0006,0006,64.0,40,20,0.5375,0.4875,0.0328125,,False,,False
8,random,fixed_random__block_08__0006,0006,128.0,40,20,0.6375,0.475,0.11875,,False,,False
8,random,fixed_random__block_08__0007,0007,0.25,40,20,0.5,0.5375,0.009375,,False,4.738904753298036,True
8,random,fixed_random__block_08__0007,0007,0.5,40,20,0.5,0.5875,0.028125,,False,4.738904753298036,True
8,random,fixed_random__block_08__0007,0007,1.0,40,20,0.5,0.6125,0.05,,False,4.738904753298036,True
8,random,fixed_random__block_08__0007,0007,2.0,40,20,0.5,0.625,0.05625,,False,4.738904753298036,True
8,random,fixed_random__block_08__0007,0007,4.0,40,20,0.5,0.7375,0.171875,,False,4.738904753298036,True
8,random,fixed_random__block_08__0007,0007,8.0,40,20,0.5,0.775,0.58125,,False,4.738904753298036,True
8,random,fixed_random__block_08__0007,0007,16.0,40,20,0.5,0.9375,1.18125,,False,4.738904753298036,True
8,random,fixed_random__block_08__0007,0007,32.0,40,20,0.5,0.875,1.5625,,False,4.738904753298036,True
8,random,fixed_random__block_08__0007,0007,64.0,40,20,0.6125,0.925,1.665625,,False,4.738904753298036,True
8,random,fixed_random__block_08__0007,0007,128.0,40,20,0.625,0.95,1.475,,False,4.738904753298036,True
8,random,fixed_random__block_08__0008,0008,0.25,40,20,0.5,0.2625,-0.065625,,False,,False
8,random,fixed_random__block_08__0008,0008,0.5,40,20,0.5,0.2,-0.1125,,False,,False
8,random,fixed_random__block_08__0008,0008,1.0,40,20,0.5,0.0375,-0.228125,,False,,False
8,random,fixed_random__block_08__0008,0008,2.0,40,20,0.5,0.0125,-0.434375,,False,,False
8,random,fixed_random__block_08__0008,0008,4.0,40,20,0.4875,0.0125,-0.584375,,False,,False
8,random,fixed_random__block_08__0008,0008,8.0,40,20,0.5,0.4125,-0.096875,,False,,False
8,random,fixed_random__block_08__0008,0008,16.0,40,20,0.475,0.5,0.09375,,False,,False
8,random,fixed_random__block_08__0008,0008,32.0,40,20,0.5,0.6375,0.396875,,False,,False
8,random,fixed_random__block_08__0008,0008,64.0,40,20,0.525,0.625,0.459375,,False,,False
8,random,fixed_random__block_08__0008,0008,128.0,40,20,0.4875,0.6625,0.478125,,False,,False
8,random,fixed_random__block_08__0009,0009,0.25,40,20,0.5,0.65,0.04375,,False,,False
8,random,fixed_random__block_08__0009,0009,0.5,40,20,0.5,0.5375,0.015625,,False,,False
8,random,fixed_random__block_08__0009,0009,1.0,40,20,0.5,0.6,0.053125,,False,,False
8,random,fixed_random__block_08__0009,0009,2.0,40,20,0.5,0.5875,0.05625,,False,,False
8,random,fixed_random__block_08__0009,0009,4.0,40,20,0.5,0.5875,0.05,,False,,False
8,random,fixed_random__block_08__0009,0009,8.0,40,20,0.5,0.75,0.35,,False,,False
8,random,fixed_random__block_08__0009,0009,16.0,40,20,0.525,0.775,0.74375,,False,,False
8,random,fixed_random__block_08__0009,0009,32.0,40,20,0.6875,0.7625,0.890625,,False,,False
8,random,fixed_random__block_08__0009,0009,64.0,40,20,0.9,0.625,0.78125,,False,,False
8,random,fixed_random__block_08__0009,0009,128.0,40,20,0.9,0.5125,0.684375,,False,,False
9,concept,concept__block_09__Dust,Dust,0.25,40,20,0.5,0.4625,-0.009375,,False,,False
9,concept,concept__block_09__Dust,Dust,0.5,40,20,0.5,0.4625,-0.0125,,False,,False
9,concept,concept__block_09__Dust,Dust,1.0,40,20,0.5,0.425,-0.0125,,False,,False
9,concept,concept__block_09__Dust,Dust,2.0,40,20,0.5,0.5125,0.078125,,False,,False
9,concept,concept__block_09__Dust,Dust,4.0,40,20,0.4875,0.6375,0.284375,,False,,False
9,concept,concept__block_09__Dust,Dust,8.0,40,20,0.4625,0.5,0.0375,,False,,False
9,concept,concept__block_09__Dust,Dust,16.0,40,20,0.35,0.45,-0.396875,,False,,False
9,concept,concept__block_09__Dust,Dust,32.0,40,20,0.4875,0.4875,-0.1125,,False,,False
9,concept,concept__block_09__Dust,Dust,64.0,40,20,0.4875,0.5,-0.10625,,False,,False
9,concept,concept__block_09__Dust,Dust,128.0,40,20,0.5,0.5,-0.0546875,,False,,False
9,concept,concept__block_09__Illusions,Illusions,0.25,40,20,0.5,0.525,0.003125,37.157146205255906,True,,False
9,concept,concept__block_09__Illusions,Illusions,0.5,40,20,0.5,0.4625,-0.003125,37.157146205255906,True,,False
9,concept,concept__block_09__Illusions,Illusions,1.0,40,20,0.5,0.575,0.028125,37.157146205255906,True,,False
9,concept,concept__block_09__Illusions,Illusions,2.0,40,20,0.5,0.5,0.021875,37.157146205255906,True,,False
9,concept,concept__block_09__Illusions,Illusions,4.0,40,20,0.5125,0.525,0.146875,37.157146205255906,True,,False
9,concept,concept__block_09__Illusions,Illusions,8.0,40,20,0.575,0.725,0.575,37.157146205255906,True,,False
9,concept,concept__block_09__Illusions,Illusions,16.0,40,20,0.6625,0.6625,0.6875,37.157146205255906,True,,False
9,concept,concept__block_09__Illusions,Illusions,32.0,40,20,0.75,0.5375,0.58125,37.157146205255906,True,,False
9,concept,concept__block_09__Illusions,Illusions,64.0,40,20,0.9375,0.5,0.609375,37.157146205255906,True,,False
9,concept,concept__block_09__Illusions,Illusions,128.0,40,20,0.775,0.5,0.478125,37.157146205255906,True,,False
9,concept,concept__block_09__Origami,Origami,0.25,40,20,0.5,0.6375,0.0375,,False,,False
9,concept,concept__block_09__Origami,Origami,0.5,40,20,0.5,0.65,0.053125,,False,,False
9,concept,concept__block_09__Origami,Origami,1.0,40,20,0.5,0.7125,0.078125,,False,,False
9,concept,concept__block_09__Origami,Origami,2.0,40,20,0.5,0.75,0.15,,False,,False
9,concept,concept__block_09__Origami,Origami,4.0,40,20,0.5,0.8125,0.446875,,False,,False
9,concept,concept__block_09__Origami,Origami,8.0,40,20,0.6625,0.925,1.08125,,False,,False
9,concept,concept__block_09__Origami,Origami,16.0,40,20,0.6125,0.8,0.80625,,False,,False
9,concept,concept__block_09__Origami,Origami,32.0,40,20,0.5125,0.7,0.609375,,False,,False
9,concept,concept__block_09__Origami,Origami,64.0,40,20,0.5375,0.6,0.51875,,False,,False
9,concept,concept__block_09__Origami,Origami,128.0,40,20,0.75,0.5,0.4125,,False,,False
9,concept,concept__block_09__Satellites,Satellites,0.25,40,20,0.5,0.4625,-0.0125,,False,,False
9,concept,concept__block_09__Satellites,Satellites,0.5,40,20,0.5,0.425,-0.028125,,False,,False
9,concept,concept__block_09__Satellites,Satellites,1.0,40,20,0.5,0.2875,-0.096875,,False,,False
9,concept,concept__block_09__Satellites,Satellites,2.0,40,20,0.5,0.1375,-0.23125,,False,,False
9,concept,concept__block_09__Satellites,Satellites,4.0,40,20,0.5,0.275,-0.225,,False,,False
9,concept,concept__block_09__Satellites,Satellites,8.0,40,20,0.5375,0.625,0.2875,,False,,False
9,concept,concept__block_09__Satellites,Satellites,16.0,40,20,0.5625,0.7,0.659375,,False,,False
9,concept,concept__block_09__Satellites,Satellites,32.0,40,20,0.6625,0.675,0.715625,,False,,False
9,concept,concept__block_09__Satellites,Satellites,64.0,40,20,0.55,0.7,0.7,,False,,False
9,concept,concept__block_09__Satellites,Satellites,128.0,40,20,0.5,0.8875,0.684375,,False,,False
9,concept,concept__block_09__Trumpets,Trumpets,0.25,40,20,0.5,0.3875,-0.028125,111.6141479956244,True,,False
9,concept,concept__block_09__Trumpets,Trumpets,0.5,40,20,0.5,0.2375,-0.1,111.6141479956244,True,,False
9,concept,concept__block_09__Trumpets,Trumpets,1.0,40,20,0.5,0.225,-0.15,111.6141479956244,True,,False
9,concept,concept__block_09__Trumpets,Trumpets,2.0,40,20,0.5,0.225,-0.28125,111.6141479956244,True,,False
9,concept,concept__block_09__Trumpets,Trumpets,4.0,40,20,0.4875,0.275,-0.3375,111.6141479956244,True,,False
9,concept,concept__block_09__Trumpets,Trumpets,8.0,40,20,0.5,0.4875,-0.0125,111.6141479956244,True,,False
9,concept,concept__block_09__Trumpets,Trumpets,16.0,40,20,0.5,0.675,0.3375,111.6141479956244,True,,False
9,concept,concept__block_09__Trumpets,Trumpets,32.0,40,20,0.5,0.9,0.80625,111.6141479956244,True,,False
9,concept,concept__block_09__Trumpets,Trumpets,64.0,40,20,0.725,0.875,0.971875,111.6141479956244,True,,False
9,concept,concept__block_09__Trumpets,Trumpets,128.0,40,20,0.75,0.675,0.7078125,111.6141479956244,True,,False
9,concept,concept__block_09__appreciation,appreciation,0.25,40,20,0.5,0.375,-0.0375,,False,,False
9,concept,concept__block_09__appreciation,appreciation,0.5,40,20,0.5,0.375,-0.071875,,False,,False
9,concept,concept__block_09__appreciation,appreciation,1.0,40,20,0.5,0.4125,-0.121875,,False,,False
9,concept,concept__block_09__appreciation,appreciation,2.0,40,20,0.5,0.375,-0.24375,,False,,False
9,concept,concept__block_09__appreciation,appreciation,4.0,40,20,0.5,0.4625,-0.165625,,False,,False
9,concept,concept__block_09__appreciation,appreciation,8.0,40,20,0.525,0.825,0.66875,,False,,False
9,concept,concept__block_09__appreciation,appreciation,16.0,40,20,0.575,0.9125,0.971875,,False,,False
9,concept,concept__block_09__appreciation,appreciation,32.0,40,20,0.6625,0.8125,1.015625,,False,,False
9,concept,concept__block_09__appreciation,appreciation,64.0,40,20,0.6375,0.75,0.76875,,False,,False
9,concept,concept__block_09__appreciation,appreciation,128.0,40,20,0.5625,0.625,0.496875,,False,,False
9,concept,concept__block_09__betrayal,betrayal,0.25,40,20,0.5,0.65,0.053125,,False,,False
9,concept,concept__block_09__betrayal,betrayal,0.5,40,20,0.5,0.725,0.08125,,False,,False
9,concept,concept__block_09__betrayal,betrayal,1.0,40,20,0.5,0.85,0.16875,,False,,False
9,concept,concept__block_09__betrayal,betrayal,2.0,40,20,0.5125,0.85,0.321875,,False,,False
9,concept,concept__block_09__betrayal,betrayal,4.0,40,20,0.525,0.7875,0.471875,,False,,False
9,concept,concept__block_09__betrayal,betrayal,8.0,40,20,0.7625,0.8,0.8625,,False,,False
9,concept,concept__block_09__betrayal,betrayal,16.0,40,20,0.825,0.6125,0.7375,,False,,False
9,concept,concept__block_09__betrayal,betrayal,32.0,40,20,0.825,0.5625,0.63125,,False,,False
9,concept,concept__block_09__betrayal,betrayal,64.0,40,20,0.8875,0.525,0.603125,,False,,False
9,concept,concept__block_09__betrayal,betrayal,128.0,40,20,0.9625,0.525,0.571875,,False,,False
9,concept,concept__block_09__fibonacci_numbers,fibonacci_numbers,0.25,40,20,0.5,0.55,0.015625,,False,,False
9,concept,concept__block_09__fibonacci_numbers,fibonacci_numbers,0.5,40,20,0.5,0.6,0.0375,,False,,False
9,concept,concept__block_09__fibonacci_numbers,fibonacci_numbers,1.0,40,20,0.5,0.6875,0.078125,,False,,False
9,concept,concept__block_09__fibonacci_numbers,fibonacci_numbers,2.0,40,20,0.5,0.6875,0.13125,,False,,False
9,concept,concept__block_09__fibonacci_numbers,fibonacci_numbers,4.0,40,20,0.5125,0.775,0.325,,False,,False
9,concept,concept__block_09__fibonacci_numbers,fibonacci_numbers,8.0,40,20,0.5625,0.8125,0.728125,,False,,False
9,concept,concept__block_09__fibonacci_numbers,fibonacci_numbers,16.0,40,20,0.625,0.775,0.9,,False,,False
9,concept,concept__block_09__fibonacci_numbers,fibonacci_numbers,32.0,40,20,0.7125,0.8,0.984375,,False,,False
9,concept,concept__block_09__fibonacci_numbers,fibonacci_numbers,64.0,40,20,0.6375,0.775,0.89375,,False,,False
9,concept,concept__block_09__fibonacci_numbers,fibonacci_numbers,128.0,40,20,0.65,0.75,0.8375,,False,,False
9,concept,concept__block_09__recursion,recursion,0.25,40,20,0.5,0.5625,0.025,,False,1.1614490457380546,True
9,concept,concept__block_09__recursion,recursion,0.5,40,20,0.5,0.6125,0.040625,,False,1.1614490457380546,True
9,concept,concept__block_09__recursion,recursion,1.0,40,20,0.5,0.7375,0.096875,,False,1.1614490457380546,True
9,concept,concept__block_09__recursion,recursion,2.0,40,20,0.5,0.8375,0.21875,,False,1.1614490457380546,True
9,concept,concept__block_09__recursion,recursion,4.0,40,20,0.5,0.9125,0.453125,,False,1.1614490457380546,True
9,concept,concept__block_09__recursion,recursion,8.0,40,20,0.5625,0.9625,0.8375,,False,1.1614490457380546,True
9,concept,concept__block_09__recursion,recursion,16.0,40,20,0.5875,0.9125,0.9125,,False,1.1614490457380546,True
9,concept,concept__block_09__recursion,recursion,32.0,40,20,0.5625,0.9,0.890625,,False,1.1614490457380546,True
9,concept,concept__block_09__recursion,recursion,64.0,40,20,0.6625,0.9,0.93125,,False,1.1614490457380546,True
9,concept,concept__block_09__recursion,recursion,128.0,40,20,0.675,0.8625,0.90625,,False,1.1614490457380546,True
9,concept,concept__block_09__shutdown,shutdown,0.25,40,20,0.5,0.725,0.084375,,False,,False
9,concept,concept__block_09__shutdown,shutdown,0.5,40,20,0.5,0.8875,0.159375,,False,,False
9,concept,concept__block_09__shutdown,shutdown,1.0,40,20,0.5,0.9875,0.290625,,False,,False
9,concept,concept__block_09__shutdown,shutdown,2.0,40,20,0.5,1.0,0.553125,,False,,False
9,concept,concept__block_09__shutdown,shutdown,4.0,40,20,0.5,0.9875,0.803125,,False,,False
9,concept,concept__block_09__shutdown,shutdown,8.0,40,20,0.525,0.9625,0.821875,,False,,False
9,concept,concept__block_09__shutdown,shutdown,16.0,40,20,0.55,0.875,0.828125,,False,,False
9,concept,concept__block_09__shutdown,shutdown,32.0,40,20,0.5625,0.925,0.88125,,False,,False
9,concept,concept__block_09__shutdown,shutdown,64.0,40,20,0.5625,0.9375,0.95625,,False,,False
9,concept,concept__block_09__shutdown,shutdown,128.0,40,20,0.5125,0.975,1.040625,,False,,False
9,dropout,dropout_realization_00,dropout_realization_00,0.25,40,20,0.5,0.475,-0.00625,,False,,False
9,dropout,dropout_realization_00,dropout_realization_00,0.5,40,20,0.5,0.575,0.025,,False,,False
9,dropout,dropout_realization_00,dropout_realization_00,1.0,40,20,0.5,0.45,-0.015625,,False,,False
9,dropout,dropout_realization_00,dropout_realization_00,2.0,40,20,0.5,0.7,0.103125,,False,,False
9,dropout,dropout_realization_00,dropout_realization_00,4.0,40,20,0.5,0.6,0.096875,,False,,False
9,dropout,dropout_realization_00,dropout_realization_00,8.0,40,20,0.525,0.825,0.5875,,False,,False
9,dropout,dropout_realization_00,dropout_realization_00,16.0,40,20,0.5375,0.8125,0.7875,,False,,False
9,dropout,dropout_realization_00,dropout_realization_00,32.0,40,20,0.5125,0.75,0.746875,,False,,False
9,dropout,dropout_realization_00,dropout_realization_00,64.0,40,20,0.625,0.575,0.5015625,,False,,False
9,dropout,dropout_realization_00,dropout_realization_00,128.0,40,20,0.675,0.55,0.3953125,,False,,False
9,dropout,dropout_realization_01,dropout_realization_01,0.25,40,20,0.5,0.5125,0.0,,False,,False
9,dropout,dropout_realization_01,dropout_realization_01,0.5,40,20,0.5,0.5625,0.01875,,False,,False
9,dropout,dropout_realization_01,dropout_realization_01,1.0,40,20,0.5,0.4375,-0.015625,,False,,False
9,dropout,dropout_realization_01,dropout_realization_01,2.0,40,20,0.5,0.5,0.034375,,False,,False
9,dropout,dropout_realization_01,dropout_realization_01,4.0,40,20,0.5,0.7375,0.2875,,False,,False
9,dropout,dropout_realization_01,dropout_realization_01,8.0,40,20,0.5125,0.775,0.565625,,False,,False
9,dropout,dropout_realization_01,dropout_realization_01,16.0,40,20,0.5,0.8125,0.659375,,False,,False
9,dropout,dropout_realization_01,dropout_realization_01,32.0,40,20,0.55,0.75,0.728125,,False,,False
9,dropout,dropout_realization_01,dropout_realization_01,64.0,40,20,0.6125,0.65,0.484375,,False,,False
9,dropout,dropout_realization_01,dropout_realization_01,128.0,40,20,0.575,0.5,0.3609375,,False,,False
9,noise,noise_realization_00,noise_realization_00,0.25,40,20,0.5,0.5125,0.003125,,False,,False
9,noise,noise_realization_00,noise_realization_00,0.5,40,20,0.5,0.575,0.021875,,False,,False
9,noise,noise_realization_00,noise_realization_00,1.0,40,20,0.5,0.55,0.021875,,False,,False
9,noise,noise_realization_00,noise_realization_00,2.0,40,20,0.5,0.575,0.0375,,False,,False
9,noise,noise_realization_00,noise_realization_00,4.0,40,20,0.5,0.6375,0.146875,,False,,False
9,noise,noise_realization_00,noise_realization_00,8.0,40,20,0.525,0.7625,0.521875,,False,,False
9,noise,noise_realization_00,noise_realization_00,16.0,40,20,0.525,0.8,0.7375,,False,,False
9,noise,noise_realization_00,noise_realization_00,32.0,40,20,0.5125,0.8,0.69375,,False,,False
9,noise,noise_realization_00,noise_realization_00,64.0,40,20,0.6625,0.6125,0.5625,,False,,False
9,noise,noise_realization_00,noise_realization_00,128.0,40,20,0.6125,0.6375,0.621875,,False,,False
9,noise,noise_realization_01,noise_realization_01,0.25,40,20,0.5,0.5625,0.01875,,False,,False
9,noise,noise_realization_01,noise_realization_01,0.5,40,20,0.5,0.475,0.0,,False,,False
9,noise,noise_realization_01,noise_realization_01,1.0,40,20,0.5,0.6,0.040625,,False,,False
9,noise,noise_realization_01,noise_realization_01,2.0,40,20,0.5,0.725,0.109375,,False,,False
9,noise,noise_realization_01,noise_realization_01,4.0,40,20,0.5,0.725,0.21875,,False,,False
9,noise,noise_realization_01,noise_realization_01,8.0,40,20,0.525,0.875,0.65625,,False,,False
9,noise,noise_realization_01,noise_realization_01,16.0,40,20,0.5375,0.8125,0.79375,,False,,False
9,noise,noise_realization_01,noise_realization_01,32.0,40,20,0.525,0.825,0.75625,,False,,False
9,noise,noise_realization_01,noise_realization_01,64.0,40,20,0.625,0.5875,0.575,,False,,False
9,noise,noise_realization_01,noise_realization_01,128.0,40,20,0.625,0.65,0.53125,,False,,False
9,random,fixed_random__block_09__0000,0000,0.25,40,20,0.5,0.525,0.00625,,False,,False
9,random,fixed_random__block_09__0000,0000,0.5,40,20,0.5,0.575,0.015625,,False,,False
9,random,fixed_random__block_09__0000,0000,1.0,40,20,0.5,0.575,0.025,,False,,False
9,random,fixed_random__block_09__0000,0000,2.0,40,20,0.5,0.5375,0.034375,,False,,False
9,random,fixed_random__block_09__0000,0000,4.0,40,20,0.5,0.6375,0.1875,,False,,False
9,random,fixed_random__block_09__0000,0000,8.0,40,20,0.5,0.725,0.446875,,False,,False
9,random,fixed_random__block_09__0000,0000,16.0,40,20,0.6625,0.575,0.503125,,False,,False
9,random,fixed_random__block_09__0000,0000,32.0,40,20,0.7125,0.5,0.321875,,False,,False
9,random,fixed_random__block_09__0000,0000,64.0,40,20,0.5,0.5,0.203125,,False,,False
9,random,fixed_random__block_09__0000,0000,128.0,40,20,0.5,0.5,0.209375,,False,,False
9,random,fixed_random__block_09__0001,0001,0.25,40,20,0.5,0.6,0.028125,,False,,False
9,random,fixed_random__block_09__0001,0001,0.5,40,20,0.5,0.625,0.040625,,False,,False
9,random,fixed_random__block_09__0001,0001,1.0,40,20,0.5,0.65,0.078125,,False,,False
9,random,fixed_random__block_09__0001,0001,2.0,40,20,0.5,0.775,0.196875,,False,,False
9,random,fixed_random__block_09__0001,0001,4.0,40,20,0.5,0.8125,0.44375,,False,,False
9,random,fixed_random__block_09__0001,0001,8.0,40,20,0.7125,0.95,1.01875,,False,,False
9,random,fixed_random__block_09__0001,0001,16.0,40,20,0.825,0.8875,1.078125,,False,,False
9,random,fixed_random__block_09__0001,0001,32.0,40,20,0.65,0.8625,1.0125,,False,,False
9,random,fixed_random__block_09__0001,0001,64.0,40,20,0.95,0.55,0.678125,,False,,False
9,random,fixed_random__block_09__0001,0001,128.0,40,20,0.9,0.5,0.4375,,False,,False
9,random,fixed_random__block_09__0002,0002,0.25,40,20,0.5,0.525,0.00625,,False,6.296443564286121,True
9,random,fixed_random__block_09__0002,0002,0.5,40,20,0.5,0.525,0.0125,,False,6.296443564286121,True
9,random,fixed_random__block_09__0002,0002,1.0,40,20,0.5,0.5875,0.028125,,False,6.296443564286121,True
9,random,fixed_random__block_09__0002,0002,2.0,40,20,0.5,0.6375,0.05,,False,6.296443564286121,True
9,random,fixed_random__block_09__0002,0002,4.0,40,20,0.5,0.7,0.128125,,False,6.296443564286121,True
9,random,fixed_random__block_09__0002,0002,8.0,40,20,0.525,0.7875,0.575,,False,6.296443564286121,True
9,random,fixed_random__block_09__0002,0002,16.0,40,20,0.625,0.8875,0.996875,,False,6.296443564286121,True
9,random,fixed_random__block_09__0002,0002,32.0,40,20,0.5,0.925,0.89375,,False,6.296443564286121,True
9,random,fixed_random__block_09__0002,0002,64.0,40,20,0.5,0.8625,0.840625,,False,6.296443564286121,True
9,random,fixed_random__block_09__0002,0002,128.0,40,20,0.5,0.8875,0.9125,,False,6.296443564286121,True
9,random,fixed_random__block_09__0003,0003,0.25,40,20,0.5,0.6125,0.028125,,False,,False
9,random,fixed_random__block_09__0003,0003,0.5,40,20,0.5,0.7125,0.065625,,False,,False
9,random,fixed_random__block_09__0003,0003,1.0,40,20,0.5,0.75,0.115625,,False,,False
9,random,fixed_random__block_09__0003,0003,2.0,40,20,0.5,0.8375,0.246875,,False,,False
9,random,fixed_random__block_09__0003,0003,4.0,40,20,0.5,0.9125,0.509375,,False,,False
9,random,fixed_random__block_09__0003,0003,8.0,40,20,0.6875,0.8375,0.790625,,False,,False
9,random,fixed_random__block_09__0003,0003,16.0,40,20,0.5,0.5125,0.328125,,False,,False
9,random,fixed_random__block_09__0003,0003,32.0,40,20,0.5,0.4875,0.184375,,False,,False
9,random,fixed_random__block_09__0003,0003,64.0,40,20,0.7,0.5,0.1375,,False,,False
9,random,fixed_random__block_09__0003,0003,128.0,40,20,0.5375,0.5,0.084375,,False,,False
9,random,fixed_random__block_09__0004,0004,0.25,40,20,0.5,0.475,-0.00625,,False,,False
9,random,fixed_random__block_09__0004,0004,0.5,40,20,0.5,0.55,0.0125,,False,,False
9,random,fixed_random__block_09__0004,0004,1.0,40,20,0.5,0.6375,0.053125,,False,,False
9,random,fixed_random__block_09__0004,0004,2.0,40,20,0.5,0.7,0.125,,False,,False
9,random,fixed_random__block_09__0004,0004,4.0,40,20,0.5,0.825,0.396875,,False,,False
9,random,fixed_random__block_09__0004,0004,8.0,40,20,0.6625,0.825,0.878125,,False,,False
9,random,fixed_random__block_09__0004,0004,16.0,40,20,0.6375,0.8,0.809375,,False,,False
9,random,fixed_random__block_09__0004,0004,32.0,40,20,0.55,0.7375,0.725,,False,,False
9,random,fixed_random__block_09__0004,0004,64.0,40,20,0.675,0.5875,0.659375,,False,,False
9,random,fixed_random__block_09__0004,0004,128.0,40,20,0.8625,0.5,0.590625,,False,,False
9,random,fixed_random__block_09__0005,0005,0.25,40,20,0.5,0.6625,0.04375,,False,,False
9,random,fixed_random__block_09__0005,0005,0.5,40,20,0.5,0.675,0.0625,,False,,False
9,random,fixed_random__block_09__0005,0005,1.0,40,20,0.5,0.8125,0.13125,,False,,False
9,random,fixed_random__block_09__0005,0005,2.0,40,20,0.5,0.95,0.271875,,False,,False
9,random,fixed_random__block_09__0005,0005,4.0,40,20,0.5,1.0,0.590625,,False,,False
9,random,fixed_random__block_09__0005,0005,8.0,40,20,0.5125,0.975,0.809375,,False,,False
9,random,fixed_random__block_09__0005,0005,16.0,40,20,0.5,0.7625,0.609375,,False,,False
9,random,fixed_random__block_09__0005,0005,32.0,40,20,0.5,0.85,0.659375,,False,,False
9,random,fixed_random__block_09__0005,0005,64.0,40,20,0.5,0.9125,0.703125,,False,,False
9,random,fixed_random__block_09__0005,0005,128.0,40,20,0.5,0.85,0.6,,False,,False
9,random,fixed_random__block_09__0006,0006,0.25,40,20,0.5,0.4125,-0.021875,,False,,False
9,random,fixed_random__block_09__0006,0006,0.5,40,20,0.5,0.3125,-0.053125,,False,,False
9,random,fixed_random__block_09__0006,0006,1.0,40,20,0.5,0.275,-0.075,,False,,False
9,random,fixed_random__block_09__0006,0006,2.0,40,20,0.5,0.2625,-0.10625,,False,,False
9,random,fixed_random__block_09__0006,0006,4.0,40,20,0.5,0.5125,0.003125,,False,,False
9,random,fixed_random__block_09__0006,0006,8.0,40,20,0.5,0.75,0.35625,,False,,False
9,random,fixed_random__block_09__0006,0006,16.0,40,20,0.5,0.6,0.35,,False,,False
9,random,fixed_random__block_09__0006,0006,32.0,40,20,0.525,0.6375,0.403125,,False,,False
9,random,fixed_random__block_09__0006,0006,64.0,40,20,0.5125,0.675,0.48125,,False,,False
9,random,fixed_random__block_09__0006,0006,128.0,40,20,0.5,0.675,0.396875,,False,,False
9,random,fixed_random__block_09__0007,0007,0.25,40,20,0.5,0.4875,-0.003125,,False,,False
9,random,fixed_random__block_09__0007,0007,0.5,40,20,0.5,0.4375,-0.01875,,False,,False
9,random,fixed_random__block_09__0007,0007,1.0,40,20,0.5,0.5,-0.003125,,False,,False
9,random,fixed_random__block_09__0007,0007,2.0,40,20,0.5,0.575,0.021875,,False,,False
9,random,fixed_random__block_09__0007,0007,4.0,40,20,0.5,0.6625,0.14375,,False,,False
9,random,fixed_random__block_09__0007,0007,8.0,40,20,0.5,0.6875,0.390625,,False,,False
9,random,fixed_random__block_09__0007,0007,16.0,40,20,0.5,0.7,0.584375,,False,,False
9,random,fixed_random__block_09__0007,0007,32.0,40,20,0.5,0.7875,0.5375,,False,,False
9,random,fixed_random__block_09__0007,0007,64.0,40,20,0.5,0.6,0.396875,,False,,False
9,random,fixed_random__block_09__0007,0007,128.0,40,20,0.5,0.7625,0.38125,,False,,False
9,random,fixed_random__block_09__0008,0008,0.25,40,20,0.5,0.6,0.025,,False,,False
9,random,fixed_random__block_09__0008,0008,0.5,40,20,0.5,0.6,0.028125,,False,,False
9,random,fixed_random__block_09__0008,0008,1.0,40,20,0.5,0.7125,0.06875,,False,,False
9,random,fixed_random__block_09__0008,0008,2.0,40,20,0.5,0.825,0.153125,,False,,False
9,random,fixed_random__block_09__0008,0008,4.0,40,20,0.5,0.9625,0.390625,,False,,False
9,random,fixed_random__block_09__0008,0008,8.0,40,20,0.5375,0.975,0.94375,,False,,False
9,random,fixed_random__block_09__0008,0008,16.0,40,20,0.525,0.9,0.734375,,False,,False
9,random,fixed_random__block_09__0008,0008,32.0,40,20,0.5125,0.7625,0.625,,False,,False
9,random,fixed_random__block_09__0008,0008,64.0,40,20,0.575,0.6375,0.584375,,False,,False
9,random,fixed_random__block_09__0008,0008,128.0,40,20,0.5875,0.55,0.528125,,False,,False
9,random,fixed_random__block_09__0009,0009,0.25,40,20,0.5,0.5625,0.015625,,False,,False
9,random,fixed_random__block_09__0009,0009,0.5,40,20,0.5,0.5625,0.025,,False,,False
9,random,fixed_random__block_09__0009,0009,1.0,40,20,0.5,0.625,0.065625,,False,,False
9,random,fixed_random__block_09__0009,0009,2.0,40,20,0.5,0.6375,0.090625,,False,,False
9,random,fixed_random__block_09__0009,0009,4.0,40,20,0.5,0.775,0.321875,,False,,False
9,random,fixed_random__block_09__0009,0009,8.0,40,20,0.5875,0.8875,0.778125,,False,,False
9,random,fixed_random__block_09__0009,0009,16.0,40,20,0.5625,0.625,0.478125,,False,,False
9,random,fixed_random__block_09__0009,0009,32.0,40,20,0.4875,0.5,0.246875,,False,,False
9,random,fixed_random__block_09__0009,0009,64.0,40,20,0.5125,0.5,0.2,,False,,False
9,random,fixed_random__block_09__0009,0009,128.0,40,20,0.55,0.5125,0.196875,,False,,False
10,concept,concept__block_10__Dust,Dust,0.25,40,20,0.5,0.6875,0.053125,,False,,False
10,concept,concept__block_10__Dust,Dust,0.5,40,20,0.5,0.7125,0.078125,,False,,False
10,concept,concept__block_10__Dust,Dust,1.0,40,20,0.5,0.75,0.134375,,False,,False
10,concept,concept__block_10__Dust,Dust,2.0,40,20,0.5,0.7625,0.246875,,False,,False
10,concept,concept__block_10__Dust,Dust,4.0,40,20,0.5,0.575,0.271875,,False,,False
10,concept,concept__block_10__Dust,Dust,8.0,40,20,0.5,0.5,0.065625,,False,,False
10,concept,concept__block_10__Dust,Dust,16.0,40,20,0.4125,0.475,-0.221875,,False,,False
10,concept,concept__block_10__Dust,Dust,32.0,40,20,0.5,0.475,-0.078125,,False,,False
10,concept,concept__block_10__Dust,Dust,64.0,40,20,0.4125,0.5,-0.04375,,False,,False
10,concept,concept__block_10__Dust,Dust,128.0,40,20,0.5,0.5,-0.0015625,,False,,False
10,concept,concept__block_10__Illusions,Illusions,0.25,40,20,0.5,0.65,0.034375,,False,,False
10,concept,concept__block_10__Illusions,Illusions,0.5,40,20,0.5,0.75,0.075,,False,,False
10,concept,concept__block_10__Illusions,Illusions,1.0,40,20,0.5,0.8375,0.153125,,False,,False
10,concept,concept__block_10__Illusions,Illusions,2.0,40,20,0.5,0.925,0.396875,,False,,False
10,concept,concept__block_10__Illusions,Illusions,4.0,40,20,0.525,0.9125,0.784375,,False,,False
10,concept,concept__block_10__Illusions,Illusions,8.0,40,20,0.5875,0.95,0.9125,,False,,False
10,concept,concept__block_10__Illusions,Illusions,16.0,40,20,0.6625,0.625,0.678125,,False,,False
10,concept,concept__block_10__Illusions,Illusions,32.0,40,20,0.7,0.5375,0.609375,,False,,False
10,concept,concept__block_10__Illusions,Illusions,64.0,40,20,0.95,0.525,0.684375,,False,,False
10,concept,concept__block_10__Illusions,Illusions,128.0,40,20,0.9375,0.5125,0.590625,,False,,False
10,concept,concept__block_10__Origami,Origami,0.25,40,20,0.5,0.475,-0.00625,40.528804745880215,True,,False
10,concept,concept__block_10__Origami,Origami,0.5,40,20,0.5,0.55,0.003125,40.528804745880215,True,,False
10,concept,concept__block_10__Origami,Origami,1.0,40,20,0.5,0.625,0.05,40.528804745880215,True,,False
10,concept,concept__block_10__Origami,Origami,2.0,40,20,0.5,0.7,0.15,40.528804745880215,True,,False
10,concept,concept__block_10__Origami,Origami,4.0,40,20,0.525,0.7875,0.459375,40.528804745880215,True,,False
10,concept,concept__block_10__Origami,Origami,8.0,40,20,0.625,0.775,0.84375,40.528804745880215,True,,False
10,concept,concept__block_10__Origami,Origami,16.0,40,20,0.675,0.8,0.80625,40.528804745880215,True,,False
10,concept,concept__block_10__Origami,Origami,32.0,40,20,0.7125,0.6875,0.715625,40.528804745880215,True,,False
10,concept,concept__block_10__Origami,Origami,64.0,40,20,0.8,0.575,0.63125,40.528804745880215,True,,False
10,concept,concept__block_10__Origami,Origami,128.0,40,20,0.875,0.5,0.51875,40.528804745880215,True,,False
10,concept,concept__block_10__Satellites,Satellites,0.25,40,20,0.5,0.3875,-0.03125,,False,,False
10,concept,concept__block_10__Satellites,Satellites,0.5,40,20,0.5,0.275,-0.065625,,False,,False
10,concept,concept__block_10__Satellites,Satellites,1.0,40,20,0.5,0.2375,-0.0875,,False,,False
10,concept,concept__block_10__Satellites,Satellites,2.0,40,20,0.5,0.25,-0.1125,,False,,False
10,concept,concept__block_10__Satellites,Satellites,4.0,40,20,0.5,0.5375,0.065625,,False,,False
10,concept,concept__block_10__Satellites,Satellites,8.0,40,20,0.55,0.5875,0.425,,False,,False
10,concept,concept__block_10__Satellites,Satellites,16.0,40,20,0.6,0.6875,0.659375,,False,,False
10,concept,concept__block_10__Satellites,Satellites,32.0,40,20,0.6375,0.7875,0.765625,,False,,False
10,concept,concept__block_10__Satellites,Satellites,64.0,40,20,0.525,0.9,0.76875,,False,,False
10,concept,concept__block_10__Satellites,Satellites,128.0,40,20,0.5,0.9125,0.70625,,False,,False
10,concept,concept__block_10__Trumpets,Trumpets,0.25,40,20,0.5,0.325,-0.046875,,False,,False
10,concept,concept__block_10__Trumpets,Trumpets,0.5,40,20,0.5,0.175,-0.10625,,False,,False
10,concept,concept__block_10__Trumpets,Trumpets,1.0,40,20,0.5,0.1375,-0.184375,,False,,False
10,concept,concept__block_10__Trumpets,Trumpets,2.0,40,20,0.5,0.05,-0.346875,,False,,False
10,concept,concept__block_10__Trumpets,Trumpets,4.0,40,20,0.4875,0.075,-0.559375,,False,,False
10,concept,concept__block_10__Trumpets,Trumpets,8.0,40,20,0.4875,0.2375,-0.484375,,False,,False
10,concept,concept__block_10__Trumpets,Trumpets,16.0,40,20,0.5,0.4375,-0.03125,,False,,False
10,concept,concept__block_10__Trumpets,Trumpets,32.0,40,20,0.5,0.75,0.55625,,False,,False
10,concept,concept__block_10__Trumpets,Trumpets,64.0,40,20,0.55,0.8,0.840625,,False,,False
10,concept,concept__block_10__Trumpets,Trumpets,128.0,40,20,0.5,0.775,0.678125,,False,,False
10,concept,concept__block_10__appreciation,appreciation,0.25,40,20,0.5,0.35,-0.05,,False,,False
10,concept,concept__block_10__appreciation,appreciation,0.5,40,20,0.5,0.3375,-0.0625,,False,,False
10,concept,concept__block_10__appreciation,appreciation,1.0,40,20,0.5,0.25,-0.146875,,False,,False
10,concept,concept__block_10__appreciation,appreciation,2.0,40,20,0.5,0.25,-0.1875,,False,,False
10,concept,concept__block_10__appreciation,appreciation,4.0,40,20,0.5,0.4375,-0.10625,,False,,False
10,concept,concept__block_10__appreciation,appreciation,8.0,40,20,0.55,0.75,0.55625,,False,,False
10,concept,concept__block_10__appreciation,appreciation,16.0,40,20,0.75,0.8125,1.0125,,False,,False
10,concept,concept__block_10__appreciation,appreciation,32.0,40,20,0.7625,0.75,1.046875,,False,,False
10,concept,concept__block_10__appreciation,appreciation,64.0,40,20,0.7125,0.7125,0.790625,,False,,False
10,concept,concept__block_10__appreciation,appreciation,128.0,40,20,0.675,0.5625,0.571875,,False,,False
10,concept,concept__block_10__betrayal,betrayal,0.25,40,20,0.5,0.65,0.04375,,False,,False
10,concept,concept__block_10__betrayal,betrayal,0.5,40,20,0.5,0.8125,0.11875,,False,,False
10,concept,concept__block_10__betrayal,betrayal,1.0,40,20,0.5,0.9125,0.234375,,False,,False
10,concept,concept__block_10__betrayal,betrayal,2.0,40,20,0.525,0.9125,0.38125,,False,,False
10,concept,concept__block_10__betrayal,betrayal,4.0,40,20,0.525,0.925,0.66875,,False,,False
10,concept,concept__block_10__betrayal,betrayal,8.0,40,20,0.575,0.8625,0.89375,,False,,False
10,concept,concept__block_10__betrayal,betrayal,16.0,40,20,0.5375,0.775,0.771875,,False,,False
10,concept,concept__block_10__betrayal,betrayal,32.0,40,20,0.5375,0.8,0.78125,,False,,False
10,concept,concept__block_10__betrayal,betrayal,64.0,40,20,0.6125,0.775,0.8125,,False,,False
10,concept,concept__block_10__betrayal,betrayal,128.0,40,20,0.7125,0.7625,0.840625,,False,,False
10,concept,concept__block_10__fibonacci_numbers,fibonacci_numbers,0.25,40,20,0.5,0.5125,0.00625,46.258173981393234,True,,False
10,concept,concept__block_10__fibonacci_numbers,fibonacci_numbers,0.5,40,20,0.5,0.525,0.00625,46.258173981393234,True,,False
10,concept,concept__block_10__fibonacci_numbers,fibonacci_numbers,1.0,40,20,0.5,0.5125,0.01875,46.258173981393234,True,,False
10,concept,concept__block_10__fibonacci_numbers,fibonacci_numbers,2.0,40,20,0.5,0.625,0.103125,46.258173981393234,True,,False
10,concept,concept__block_10__fibonacci_numbers,fibonacci_numbers,4.0,40,20,0.5125,0.8125,0.403125,46.258173981393234,True,,False
10,concept,concept__block_10__fibonacci_numbers,fibonacci_numbers,8.0,40,20,0.6375,0.8875,0.971875,46.258173981393234,True,,False
10,concept,concept__block_10__fibonacci_numbers,fibonacci_numbers,16.0,40,20,0.825,0.85,1.1,46.258173981393234,True,,False
10,concept,concept__block_10__fibonacci_numbers,fibonacci_numbers,32.0,40,20,0.7875,0.8375,1.109375,46.258173981393234,True,,False
10,concept,concept__block_10__fibonacci_numbers,fibonacci_numbers,64.0,40,20,0.7375,0.775,1.028125,46.258173981393234,True,,False
10,concept,concept__block_10__fibonacci_numbers,fibonacci_numbers,128.0,40,20,0.7375,0.775,0.978125,46.258173981393234,True,,False
10,concept,concept__block_10__recursion,recursion,0.25,40,20,0.5,0.5125,0.00625,,False,6.781883979827913,True
10,concept,concept__block_10__recursion,recursion,0.5,40,20,0.5,0.475,-0.00625,,False,6.781883979827913,True
10,concept,concept__block_10__recursion,recursion,1.0,40,20,0.5,0.4375,-0.021875,,False,6.781883979827913,True
10,concept,concept__block_10__recursion,recursion,2.0,40,20,0.5,0.5625,0.0375,,False,6.781883979827913,True
10,concept,concept__block_10__recursion,recursion,4.0,40,20,0.5,0.8125,0.328125,,False,6.781883979827913,True
10,concept,concept__block_10__recursion,recursion,8.0,40,20,0.5625,0.85,0.8375,,False,6.781883979827913,True
10,concept,concept__block_10__recursion,recursion,16.0,40,20,0.6375,0.9,0.95,,False,6.781883979827913,True
10,concept,concept__block_10__recursion,recursion,32.0,40,20,0.6875,0.9,0.96875,,False,6.781883979827913,True
10,concept,concept__block_10__recursion,recursion,64.0,40,20,0.725,0.9125,1.01875,,False,6.781883979827913,True
10,concept,concept__block_10__recursion,recursion,128.0,40,20,0.7875,0.8875,1.003125,,False,6.781883979827913,True
10,concept,concept__block_10__shutdown,shutdown,0.25,40,20,0.5,0.7,0.05,,False,,False
10,concept,concept__block_10__shutdown,shutdown,0.5,40,20,0.5,0.8125,0.1125,,False,,False
10,concept,concept__block_10__shutdown,shutdown,1.0,40,20,0.5,0.8875,0.190625,,False,,False
10,concept,concept__block_10__shutdown,shutdown,2.0,40,20,0.5,0.95,0.38125,,False,,False
10,concept,concept__block_10__shutdown,shutdown,4.0,40,20,0.525,0.9375,0.628125,,False,,False
10,concept,concept__block_10__shutdown,shutdown,8.0,40,20,0.55,0.875,0.846875,,False,,False
10,concept,concept__block_10__shutdown,shutdown,16.0,40,20,0.5875,0.9,0.875,,False,,False
10,concept,concept__block_10__shutdown,shutdown,32.0,40,20,0.625,0.9,0.940625,,False,,False
10,concept,concept__block_10__shutdown,shutdown,64.0,40,20,0.5875,0.9125,0.996875,,False,,False
10,concept,concept__block_10__shutdown,shutdown,128.0,40,20,0.575,0.9375,1.03125,,False,,False
10,dropout,dropout_realization_00,dropout_realization_00,0.25,40,20,0.5,0.525,0.00625,,False,,False
10,dropout,dropout_realization_00,dropout_realization_00,0.5,40,20,0.5,0.45,-0.0125,,False,,False
10,dropout,dropout_realization_00,dropout_realization_00,1.0,40,20,0.5,0.425,-0.0125,,False,,False
10,dropout,dropout_realization_00,dropout_realization_00,2.0,40,20,0.5,0.475,-0.003125,,False,,False
10,dropout,dropout_realization_00,dropout_realization_00,4.0,40,20,0.5,0.6125,0.128125,,False,,False
10,dropout,dropout_realization_00,dropout_realization_00,8.0,40,20,0.525,0.775,0.471875,,False,,False
10,dropout,dropout_realization_00,dropout_realization_00,16.0,40,20,0.5375,0.7125,0.6,,False,,False
10,dropout,dropout_realization_00,dropout_realization_00,32.0,40,20,0.65,0.7,0.703125,,False,,False
10,dropout,dropout_realization_00,dropout_realization_00,64.0,40,20,0.7375,0.575,0.540625,,False,,False
10,dropout,dropout_realization_00,dropout_realization_00,128.0,40,20,0.75,0.6375,0.640625,,False,,False
10,dropout,dropout_realization_01,dropout_realization_01,0.25,40,20,0.5,0.4875,-0.003125,,False,,False
10,dropout,dropout_realization_01,dropout_realization_01,0.5,40,20,0.5,0.475,-0.003125,,False,,False
10,dropout,dropout_realization_01,dropout_realization_01,1.0,40,20,0.5,0.4875,-0.0125,,False,,False
10,dropout,dropout_realization_01,dropout_realization_01,2.0,40,20,0.5,0.6125,0.0375,,False,,False
10,dropout,dropout_realization_01,dropout_realization_01,4.0,40,20,0.5,0.65,0.175,,False,,False
10,dropout,dropout_realization_01,dropout_realization_01,8.0,40,20,0.5125,0.7375,0.471875,,False,,False
10,dropout,dropout_realization_01,dropout_realization_01,16.0,40,20,0.5375,0.725,0.653125,,False,,False
10,dropout,dropout_realization_01,dropout_realization_01,32.0,40,20,0.6,0.6625,0.6375,,False,,False
10,dropout,dropout_realization_01,dropout_realization_01,64.0,40,20,0.725,0.5375,0.428125,,False,,False
10,dropout,dropout_realization_01,dropout_realization_01,128.0,40,20,0.7375,0.55,0.5296875,,False,,False
10,noise,noise_realization_00,noise_realization_00,0.25,40,20,0.5,0.5125,0.003125,,False,,False
10,noise,noise_realization_00,noise_realization_00,0.5,40,20,0.5,0.5125,0.009375,,False,,False
10,noise,noise_realization_00,noise_realization_00,1.0,40,20,0.5,0.45,-0.003125,,False,,False
10,noise,noise_realization_00,noise_realization_00,2.0,40,20,0.5,0.5,-0.009375,,False,,False
10,noise,noise_realization_00,noise_realization_00,4.0,40,20,0.4875,0.575,0.121875,,False,,False
10,noise,noise_realization_00,noise_realization_00,8.0,40,20,0.5125,0.75,0.503125,,False,,False
10,noise,noise_realization_00,noise_realization_00,16.0,40,20,0.5625,0.7125,0.690625,,False,,False
10,noise,noise_realization_00,noise_realization_00,32.0,40,20,0.5875,0.75,0.6875,,False,,False
10,noise,noise_realization_00,noise_realization_00,64.0,40,20,0.7,0.625,0.5875,,False,,False
10,noise,noise_realization_00,noise_realization_00,128.0,40,20,0.6625,0.5875,0.56875,,False,,False
10,noise,noise_realization_01,noise_realization_01,0.25,40,20,0.5,0.4875,-0.003125,127.0859117645142,True,,False
10,noise,noise_realization_01,noise_realization_01,0.5,40,20,0.5,0.4125,-0.01875,127.0859117645142,True,,False
10,noise,noise_realization_01,noise_realization_01,1.0,40,20,0.5,0.5625,0.015625,127.0859117645142,True,,False
10,noise,noise_realization_01,noise_realization_01,2.0,40,20,0.5,0.5375,0.05,127.0859117645142,True,,False
10,noise,noise_realization_01,noise_realization_01,4.0,40,20,0.5,0.55,0.1,127.0859117645142,True,,False
10,noise,noise_realization_01,noise_realization_01,8.0,40,20,0.5375,0.6625,0.43125,127.0859117645142,True,,False
10,noise,noise_realization_01,noise_realization_01,16.0,40,20,0.5375,0.725,0.596875,127.0859117645142,True,,False
10,noise,noise_realization_01,noise_realization_01,32.0,40,20,0.6125,0.7375,0.709375,127.0859117645142,True,,False
10,noise,noise_realization_01,noise_realization_01,64.0,40,20,0.775,0.55,0.6125,127.0859117645142,True,,False
10,noise,noise_realization_01,noise_realization_01,128.0,40,20,0.7125,0.5625,0.509375,127.0859117645142,True,,False
10,random,fixed_random__block_10__0000,0000,0.25,40,20,0.5,0.375,-0.03125,63.369584368207335,True,,False
10,random,fixed_random__block_10__0000,0000,0.5,40,20,0.5,0.3875,-0.034375,63.369584368207335,True,,False
10,random,fixed_random__block_10__0000,0000,1.0,40,20,0.5,0.4125,-0.028125,63.369584368207335,True,,False
10,random,fixed_random__block_10__0000,0000,2.0,40,20,0.5,0.45,-0.021875,63.369584368207335,True,,False
10,random,fixed_random__block_10__0000,0000,4.0,40,20,0.5,0.6125,0.04375,63.369584368207335,True,,False
10,random,fixed_random__block_10__0000,0000,8.0,40,20,0.5,0.775,0.346875,63.369584368207335,True,,False
10,random,fixed_random__block_10__0000,0000,16.0,40,20,0.5125,0.675,0.515625,63.369584368207335,True,,False
10,random,fixed_random__block_10__0000,0000,32.0,40,20,0.6125,0.5875,0.534375,63.369584368207335,True,,False
10,random,fixed_random__block_10__0000,0000,64.0,40,20,0.85,0.5,0.321875,63.369584368207335,True,,False
10,random,fixed_random__block_10__0000,0000,128.0,40,20,0.825,0.5,0.365625,63.369584368207335,True,,False
10,random,fixed_random__block_10__0001,0001,0.25,40,20,0.5,0.6375,0.034375,,False,,False
10,random,fixed_random__block_10__0001,0001,0.5,40,20,0.5,0.675,0.0625,,False,,False
10,random,fixed_random__block_10__0001,0001,1.0,40,20,0.5,0.7375,0.115625,,False,,False
10,random,fixed_random__block_10__0001,0001,2.0,40,20,0.5,0.7875,0.221875,,False,,False
10,random,fixed_random__block_10__0001,0001,4.0,40,20,0.5,0.8,0.346875,,False,,False
10,random,fixed_random__block_10__0001,0001,8.0,40,20,0.525,0.775,0.425,,False,,False
10,random,fixed_random__block_10__0001,0001,16.0,40,20,0.5125,0.75,0.575,,False,,False
10,random,fixed_random__block_10__0001,0001,32.0,40,20,0.5375,0.7125,0.5875,,False,,False
10,random,fixed_random__block_10__0001,0001,64.0,40,20,0.725,0.5,0.2453125,,False,,False
10,random,fixed_random__block_10__0001,0001,128.0,40,20,0.6625,0.5,0.2140625,,False,,False
10,random,fixed_random__block_10__0002,0002,0.25,40,20,0.5,0.425,-0.01875,,False,,False
10,random,fixed_random__block_10__0002,0002,0.5,40,20,0.5,0.3,-0.059375,,False,,False
10,random,fixed_random__block_10__0002,0002,1.0,40,20,0.5,0.2,-0.090625,,False,,False
10,random,fixed_random__block_10__0002,0002,2.0,40,20,0.5,0.1625,-0.171875,,False,,False
10,random,fixed_random__block_10__0002,0002,4.0,40,20,0.5,0.125,-0.290625,,False,,False
10,random,fixed_random__block_10__0002,0002,8.0,40,20,0.5,0.375,-0.1375,,False,,False
10,random,fixed_random__block_10__0002,0002,16.0,40,20,0.525,0.6125,0.2875,,False,,False
10,random,fixed_random__block_10__0002,0002,32.0,40,20,0.5625,0.7125,0.565625,,False,,False
10,random,fixed_random__block_10__0002,0002,64.0,40,20,0.7625,0.5125,0.45,,False,,False
10,random,fixed_random__block_10__0002,0002,128.0,40,20,0.7375,0.525,0.475,,False,,False
10,random,fixed_random__block_10__0003,0003,0.25,40,20,0.5,0.425,-0.01875,,False,,False
10,random,fixed_random__block_10__0003,0003,0.5,40,20,0.5,0.3375,-0.04375,,False,,False
10,random,fixed_random__block_10__0003,0003,1.0,40,20,0.5,0.3125,-0.059375,,False,,False
10,random,fixed_random__block_10__0003,0003,2.0,40,20,0.5,0.3,-0.0875,,False,,False
10,random,fixed_random__block_10__0003,0003,4.0,40,20,0.5,0.375,-0.071875,,False,,False
10,random,fixed_random__block_10__0003,0003,8.0,40,20,0.5,0.6625,0.365625,,False,,False
10,random,fixed_random__block_10__0003,0003,16.0,40,20,0.6125,0.85,0.86875,,False,,False
10,random,fixed_random__block_10__0003,0003,32.0,40,20,0.625,0.825,0.91875,,False,,False
10,random,fixed_random__block_10__0003,0003,64.0,40,20,0.7125,0.8,0.975,,False,,False
10,random,fixed_random__block_10__0003,0003,128.0,40,20,0.8,0.7125,0.790625,,False,,False
10,random,fixed_random__block_10__0004,0004,0.25,40,20,0.5,0.55,0.0125,,False,,False
10,random,fixed_random__block_10__0004,0004,0.5,40,20,0.5,0.65,0.046875,,False,,False
10,random,fixed_random__block_10__0004,0004,1.0,40,20,0.5,0.7125,0.078125,,False,,False
10,random,fixed_random__block_10__0004,0004,2.0,40,20,0.5,0.85,0.1875,,False,,False
10,random,fixed_random__block_10__0004,0004,4.0,40,20,0.5,0.8875,0.425,,False,,False
10,random,fixed_random__block_10__0004,0004,8.0,40,20,0.6625,0.9375,0.98125,,False,,False
10,random,fixed_random__block_10__0004,0004,16.0,40,20,0.625,0.875,1.03125,,False,,False
10,random,fixed_random__block_10__0004,0004,32.0,40,20,0.5875,0.8125,0.934375,,False,,False
10,random,fixed_random__block_10__0004,0004,64.0,40,20,0.625,0.8125,0.859375,,False,,False
10,random,fixed_random__block_10__0004,0004,128.0,40,20,0.625,0.7625,0.7375,,False,,False
10,random,fixed_random__block_10__0005,0005,0.25,40,20,0.5,0.55,0.0125,49.047439638146486,True,,False
10,random,fixed_random__block_10__0005,0005,0.5,40,20,0.5,0.6125,0.03125,49.047439638146486,True,,False
10,random,fixed_random__block_10__0005,0005,1.0,40,20,0.5,0.6,0.0625,49.047439638146486,True,,False
10,random,fixed_random__block_10__0005,0005,2.0,40,20,0.5,0.7125,0.165625,49.047439638146486,True,,False
10,random,fixed_random__block_10__0005,0005,4.0,40,20,0.5,0.775,0.390625,49.047439638146486,True,,False
10,random,fixed_random__block_10__0005,0005,8.0,40,20,0.725,0.8375,0.875,49.047439638146486,True,,False
10,random,fixed_random__block_10__0005,0005,16.0,40,20,0.6125,0.675,0.68125,49.047439638146486,True,,False
10,random,fixed_random__block_10__0005,0005,32.0,40,20,0.5,0.5875,0.48125,49.047439638146486,True,,False
10,random,fixed_random__block_10__0005,0005,64.0,40,20,0.9375,0.5,0.328125,49.047439638146486,True,,False
10,random,fixed_random__block_10__0005,0005,128.0,40,20,0.825,0.5,0.35,49.047439638146486,True,,False
10,random,fixed_random__block_10__0006,0006,0.25,40,20,0.5,0.7125,0.06875,,False,,False
10,random,fixed_random__block_10__0006,0006,0.5,40,20,0.5,0.7875,0.11875,,False,,False
10,random,fixed_random__block_10__0006,0006,1.0,40,20,0.5,0.8875,0.253125,,False,,False
10,random,fixed_random__block_10__0006,0006,2.0,40,20,0.5,0.9125,0.459375,,False,,False
10,random,fixed_random__block_10__0006,0006,4.0,40,20,0.6125,0.975,0.88125,,False,,False
10,random,fixed_random__block_10__0006,0006,8.0,40,20,0.925,1.0,1.484375,,False,,False
10,random,fixed_random__block_10__0006,0006,16.0,40,20,0.7625,0.8875,1.0,,False,,False
10,random,fixed_random__block_10__0006,0006,32.0,40,20,0.625,0.825,0.859375,,False,,False
10,random,fixed_random__block_10__0006,0006,64.0,40,20,0.725,0.775,0.871875,,False,,False
10,random,fixed_random__block_10__0006,0006,128.0,40,20,0.575,0.8125,0.8,,False,,False
10,random,fixed_random__block_10__0007,0007,0.25,40,20,0.5,0.4125,-0.025,,False,,False
10,random,fixed_random__block_10__0007,0007,0.5,40,20,0.5,0.375,-0.040625,,False,,False
10,random,fixed_random__block_10__0007,0007,1.0,40,20,0.5,0.4,-0.053125,,False,,False
10,random,fixed_random__block_10__0007,0007,2.0,40,20,0.5,0.325,-0.10625,,False,,False
10,random,fixed_random__block_10__0007,0007,4.0,40,20,0.5,0.4125,-0.121875,,False,,False
10,random,fixed_random__block_10__0007,0007,8.0,40,20,0.5125,0.4875,0.028125,,False,,False
10,random,fixed_random__block_10__0007,0007,16.0,40,20,0.4625,0.4875,0.01875,,False,,False
10,random,fixed_random__block_10__0007,0007,32.0,40,20,0.5125,0.475,0.0875,,False,,False
10,random,fixed_random__block_10__0007,0007,64.0,40,20,0.5,0.4875,0.065625,,False,,False
10,random,fixed_random__block_10__0007,0007,128.0,40,20,0.5375,0.4875,0.09375,,False,,False
10,random,fixed_random__block_10__0008,0008,0.25,40,20,0.5,0.45,-0.015625,62.55404876788001,True,,False
10,random,fixed_random__block_10__0008,0008,0.5,40,20,0.5,0.3625,-0.034375,62.55404876788001,True,,False
10,random,fixed_random__block_10__0008,0008,1.0,40,20,0.5,0.275,-0.0625,62.55404876788001,True,,False
10,random,fixed_random__block_10__0008,0008,2.0,40,20,0.5,0.15,-0.146875,62.55404876788001,True,,False
10,random,fixed_random__block_10__0008,0008,4.0,40,20,0.5,0.3125,-0.10625,62.55404876788001,True,,False
10,random,fixed_random__block_10__0008,0008,8.0,40,20,0.525,0.675,0.34375,62.55404876788001,True,,False
10,random,fixed_random__block_10__0008,0008,16.0,40,20,0.625,0.7625,0.725,62.55404876788001,True,,False
10,random,fixed_random__block_10__0008,0008,32.0,40,20,0.7375,0.7125,0.715625,62.55404876788001,True,,False
10,random,fixed_random__block_10__0008,0008,64.0,40,20,0.75,0.55,0.5375,62.55404876788001,True,,False
10,random,fixed_random__block_10__0008,0008,128.0,40,20,0.7875,0.5,0.434375,62.55404876788001,True,,False
10,random,fixed_random__block_10__0009,0009,0.25,40,20,0.5,0.5875,0.028125,59.85429463729946,True,,False
10,random,fixed_random__block_10__0009,0009,0.5,40,20,0.5,0.7,0.065625,59.85429463729946,True,,False
10,random,fixed_random__block_10__0009,0009,1.0,40,20,0.5,0.825,0.115625,59.85429463729946,True,,False
10,random,fixed_random__block_10__0009,0009,2.0,40,20,0.5,0.9375,0.225,59.85429463729946,True,,False
10,random,fixed_random__block_10__0009,0009,4.0,40,20,0.5,0.9,0.384375,59.85429463729946,True,,False
10,random,fixed_random__block_10__0009,0009,8.0,40,20,0.625,0.8,0.7375,59.85429463729946,True,,False
10,random,fixed_random__block_10__0009,0009,16.0,40,20,0.7125,0.6625,0.671875,59.85429463729946,True,,False
10,random,fixed_random__block_10__0009,0009,32.0,40,20,0.675,0.625,0.55,59.85429463729946,True,,False
10,random,fixed_random__block_10__0009,0009,64.0,40,20,0.8,0.5,0.29375,59.85429463729946,True,,False
10,random,fixed_random__block_10__0009,0009,128.0,40,20,0.775,0.5,0.334375,59.85429463729946,True,,False
11,concept,concept__block_11__Dust,Dust,0.25,40,20,0.5,0.4375,-0.01875,,False,,False
11,concept,concept__block_11__Dust,Dust,0.5,40,20,0.5,0.45,-0.009375,,False,,False
11,concept,concept__block_11__Dust,Dust,1.0,40,20,0.5,0.45,-0.00625,,False,,False
11,concept,concept__block_11__Dust,Dust,2.0,40,20,0.5,0.375,-0.034375,,False,,False
11,concept,concept__block_11__Dust,Dust,4.0,40,20,0.5,0.4375,-0.034375,,False,,False
11,concept,concept__block_11__Dust,Dust,8.0,40,20,0.3875,0.4875,-0.309375,,False,,False
11,concept,concept__block_11__Dust,Dust,16.0,40,20,0.2625,0.4625,-0.553125,,False,,False
11,concept,concept__block_11__Dust,Dust,32.0,40,20,0.3,0.475,-0.34375,,False,,False
11,concept,concept__block_11__Dust,Dust,64.0,40,20,0.35,0.475,-0.321875,,False,,False
11,concept,concept__block_11__Dust,Dust,128.0,40,20,0.3625,0.475,-0.2640625,,False,,False
11,concept,concept__block_11__Illusions,Illusions,0.25,40,20,0.5,0.55,0.009375,,False,,False
11,concept,concept__block_11__Illusions,Illusions,0.5,40,20,0.5,0.6375,0.04375,,False,,False
11,concept,concept__block_11__Illusions,Illusions,1.0,40,20,0.5,0.675,0.0625,,False,,False
11,concept,concept__block_11__Illusions,Illusions,2.0,40,20,0.5,0.7375,0.134375,,False,,False
11,concept,concept__block_11__Illusions,Illusions,4.0,40,20,0.525,0.6,0.2125,,False,,False
11,concept,concept__block_11__Illusions,Illusions,8.0,40,20,0.525,0.525,0.31875,,False,,False
11,concept,concept__block_11__Illusions,Illusions,16.0,40,20,0.525,0.5375,0.46875,,False,,False
11,concept,concept__block_11__Illusions,Illusions,32.0,40,20,0.625,0.5125,0.521875,,False,,False
11,concept,concept__block_11__Illusions,Illusions,64.0,40,20,0.875,0.5,0.603125,,False,,False
11,concept,concept__block_11__Illusions,Illusions,128.0,40,20,0.9125,0.5,0.56875,,False,,False
11,concept,concept__block_11__Origami,Origami,0.25,40,20,0.5,0.65,0.040625,,False,,False
11,concept,concept__block_11__Origami,Origami,0.5,40,20,0.5,0.725,0.071875,,False,,False
11,concept,concept__block_11__Origami,Origami,1.0,40,20,0.5,0.8625,0.175,,False,,False
11,concept,concept__block_11__Origami,Origami,2.0,40,20,0.5125,0.9125,0.359375,,False,,False
11,concept,concept__block_11__Origami,Origami,4.0,40,20,0.525,0.9375,0.65625,,False,,False
11,concept,concept__block_11__Origami,Origami,8.0,40,20,0.575,0.925,0.846875,,False,,False
11,concept,concept__block_11__Origami,Origami,16.0,40,20,0.6,0.8625,0.821875,,False,,False
11,concept,concept__block_11__Origami,Origami,32.0,40,20,0.65,0.7375,0.790625,,False,,False
11,concept,concept__block_11__Origami,Origami,64.0,40,20,0.7125,0.5625,0.69375,,False,,False
11,concept,concept__block_11__Origami,Origami,128.0,40,20,0.875,0.5,0.596875,,False,,False
11,concept,concept__block_11__Satellites,Satellites,0.25,40,20,0.5,0.4625,-0.009375,,False,,False
11,concept,concept__block_11__Satellites,Satellites,0.5,40,20,0.5,0.525,0.015625,,False,,False
11,concept,concept__block_11__Satellites,Satellites,1.0,40,20,0.5,0.5125,0.015625,,False,,False
11,concept,concept__block_11__Satellites,Satellites,2.0,40,20,0.5125,0.5,0.06875,,False,,False
11,concept,concept__block_11__Satellites,Satellites,4.0,40,20,0.525,0.525,0.2,,False,,False
11,concept,concept__block_11__Satellites,Satellites,8.0,40,20,0.55,0.6375,0.4875,,False,,False
11,concept,concept__block_11__Satellites,Satellites,16.0,40,20,0.55,0.8375,0.728125,,False,,False
11,concept,concept__block_11__Satellites,Satellites,32.0,40,20,0.6375,0.875,0.871875,,False,,False
11,concept,concept__block_11__Satellites,Satellites,64.0,40,20,0.5875,0.9125,0.896875,,False,,False
11,concept,concept__block_11__Satellites,Satellites,128.0,40,20,0.525,0.7875,0.684375,,False,,False
11,concept,concept__block_11__Trumpets,Trumpets,0.25,40,20,0.5,0.4,-0.034375,,False,,False
11,concept,concept__block_11__Trumpets,Trumpets,0.5,40,20,0.5,0.2625,-0.075,,False,,False
11,concept,concept__block_11__Trumpets,Trumpets,1.0,40,20,0.5,0.175,-0.159375,,False,,False
11,concept,concept__block_11__Trumpets,Trumpets,2.0,40,20,0.5,0.1,-0.296875,,False,,False
11,concept,concept__block_11__Trumpets,Trumpets,4.0,40,20,0.5,0.1375,-0.4,,False,,False
11,concept,concept__block_11__Trumpets,Trumpets,8.0,40,20,0.5,0.275,-0.334375,,False,,False
11,concept,concept__block_11__Trumpets,Trumpets,16.0,40,20,0.5,0.5375,0.03125,,False,,False
11,concept,concept__block_11__Trumpets,Trumpets,32.0,40,20,0.5,0.5875,0.384375,,False,,False
11,concept,concept__block_11__Trumpets,Trumpets,64.0,40,20,0.6125,0.6,0.546875,,False,,False
11,concept,concept__block_11__Trumpets,Trumpets,128.0,40,20,0.6875,0.55,0.446875,,False,,False
11,concept,concept__block_11__appreciation,appreciation,0.25,40,20,0.5,0.6625,0.04375,,False,,False
11,concept,concept__block_11__appreciation,appreciation,0.5,40,20,0.5,0.675,0.05625,,False,,False
11,concept,concept__block_11__appreciation,appreciation,1.0,40,20,0.5,0.8375,0.146875,,False,,False
11,concept,concept__block_11__appreciation,appreciation,2.0,40,20,0.5,0.925,0.2625,,False,,False
11,concept,concept__block_11__appreciation,appreciation,4.0,40,20,0.525,0.925,0.46875,,False,,False
11,concept,concept__block_11__appreciation,appreciation,8.0,40,20,0.575,0.9125,0.834375,,False,,False
11,concept,concept__block_11__appreciation,appreciation,16.0,40,20,0.7375,0.9125,1.096875,,False,,False
11,concept,concept__block_11__appreciation,appreciation,32.0,40,20,0.7625,0.8,1.0625,,False,,False
11,concept,concept__block_11__appreciation,appreciation,64.0,40,20,0.6875,0.8,0.825,,False,,False
11,concept,concept__block_11__appreciation,appreciation,128.0,40,20,0.6,0.6875,0.571875,,False,,False
11,concept,concept__block_11__betrayal,betrayal,0.25,40,20,0.5,0.75,0.078125,104.39777301467949,True,,False
11,concept,concept__block_11__betrayal,betrayal,0.5,40,20,0.5,0.7875,0.121875,104.39777301467949,True,,False
11,concept,concept__block_11__betrayal,betrayal,1.0,40,20,0.5,0.8875,0.24375,104.39777301467949,True,,False
11,concept,concept__block_11__betrayal,betrayal,2.0,40,20,0.5125,0.9125,0.378125,104.39777301467949,True,,False
11,concept,concept__block_11__betrayal,betrayal,4.0,40,20,0.525,0.925,0.584375,104.39777301467949,True,,False
11,concept,concept__block_11__betrayal,betrayal,8.0,40,20,0.525,0.8375,0.590625,104.39777301467949,True,,False
11,concept,concept__block_11__betrayal,betrayal,16.0,40,20,0.525,0.8125,0.565625,104.39777301467949,True,,False
11,concept,concept__block_11__betrayal,betrayal,32.0,40,20,0.55,0.8,0.671875,104.39777301467949,True,,False
11,concept,concept__block_11__betrayal,betrayal,64.0,40,20,0.7,0.725,0.771875,104.39777301467949,True,,False
11,concept,concept__block_11__betrayal,betrayal,128.0,40,20,0.775,0.725,0.84375,104.39777301467949,True,,False
11,concept,concept__block_11__fibonacci_numbers,fibonacci_numbers,0.25,40,20,0.5,0.6375,0.04375,,False,,False
11,concept,concept__block_11__fibonacci_numbers,fibonacci_numbers,0.5,40,20,0.5,0.575,0.028125,,False,,False
11,concept,concept__block_11__fibonacci_numbers,fibonacci_numbers,1.0,40,20,0.5,0.7,0.084375,,False,,False
11,concept,concept__block_11__fibonacci_numbers,fibonacci_numbers,2.0,40,20,0.5,0.725,0.165625,,False,,False
11,concept,concept__block_11__fibonacci_numbers,fibonacci_numbers,4.0,40,20,0.525,0.6875,0.3,,False,,False
11,concept,concept__block_11__fibonacci_numbers,fibonacci_numbers,8.0,40,20,0.525,0.6375,0.475,,False,,False
11,concept,concept__block_11__fibonacci_numbers,fibonacci_numbers,16.0,40,20,0.5375,0.7125,0.603125,,False,,False
11,concept,concept__block_11__fibonacci_numbers,fibonacci_numbers,32.0,40,20,0.575,0.675,0.684375,,False,,False
11,concept,concept__block_11__fibonacci_numbers,fibonacci_numbers,64.0,40,20,0.6375,0.6625,0.678125,,False,,False
11,concept,concept__block_11__fibonacci_numbers,fibonacci_numbers,128.0,40,20,0.7125,0.6125,0.6875,,False,,False
11,concept,concept__block_11__recursion,recursion,0.25,40,20,0.5,0.625,0.040625,,False,,False
11,concept,concept__block_11__recursion,recursion,0.5,40,20,0.5,0.775,0.10625,,False,,False
11,concept,concept__block_11__recursion,recursion,1.0,40,20,0.5,0.9125,0.221875,,False,,False
11,concept,concept__block_11__recursion,recursion,2.0,40,20,0.525,0.95,0.428125,,False,,False
11,concept,concept__block_11__recursion,recursion,4.0,40,20,0.5375,0.9875,0.75,,False,,False
11,concept,concept__block_11__recursion,recursion,8.0,40,20,0.5875,0.9625,0.928125,,False,,False
11,concept,concept__block_11__recursion,recursion,16.0,40,20,0.575,0.9375,0.89375,,False,,False
11,concept,concept__block_11__recursion,recursion,32.0,40,20,0.6375,0.95,0.928125,,False,,False
11,concept,concept__block_11__recursion,recursion,64.0,40,20,0.7125,0.925,0.940625,,False,,False
11,concept,concept__block_11__recursion,recursion,128.0,40,20,0.75,0.8375,0.93125,,False,,False
11,concept,concept__block_11__shutdown,shutdown,0.25,40,20,0.5,0.7625,0.06875,,False,,False
11,concept,concept__block_11__shutdown,shutdown,0.5,40,20,0.5,0.85,0.15625,,False,,False
11,concept,concept__block_11__shutdown,shutdown,1.0,40,20,0.5,0.9375,0.265625,,False,,False
11,concept,concept__block_11__shutdown,shutdown,2.0,40,20,0.5125,1.0,0.4875,,False,,False
11,concept,concept__block_11__shutdown,shutdown,4.0,40,20,0.525,0.9875,0.715625,,False,,False
11,concept,concept__block_11__shutdown,shutdown,8.0,40,20,0.5375,0.975,0.809375,,False,,False
11,concept,concept__block_11__shutdown,shutdown,16.0,40,20,0.55,0.925,0.875,,False,,False
11,concept,concept__block_11__shutdown,shutdown,32.0,40,20,0.6,0.975,0.934375,,False,,False
11,concept,concept__block_11__shutdown,shutdown,64.0,40,20,0.5875,1.0,1.015625,,False,,False
11,concept,concept__block_11__shutdown,shutdown,128.0,40,20,0.6125,1.0,1.115625,,False,,False
11,dropout,dropout_realization_00,dropout_realization_00,0.25,40,20,0.5,0.55,0.0125,,False,,False
11,dropout,dropout_realization_00,dropout_realization_00,0.5,40,20,0.5,0.525,0.00625,,False,,False
11,dropout,dropout_realization_00,dropout_realization_00,1.0,40,20,0.5,0.5625,0.028125,,False,,False
11,dropout,dropout_realization_00,dropout_realization_00,2.0,40,20,0.5,0.5875,0.03125,,False,,False
11,dropout,dropout_realization_00,dropout_realization_00,4.0,40,20,0.5,0.6,0.090625,,False,,False
11,dropout,dropout_realization_00,dropout_realization_00,8.0,40,20,0.5,0.65,0.425,,False,,False
11,dropout,dropout_realization_00,dropout_realization_00,16.0,40,20,0.475,0.5875,0.409375,,False,,False
11,dropout,dropout_realization_00,dropout_realization_00,32.0,40,20,0.5375,0.575,0.440625,,False,,False
11,dropout,dropout_realization_00,dropout_realization_00,64.0,40,20,0.625,0.525,0.3390625,,False,,False
11,dropout,dropout_realization_00,dropout_realization_00,128.0,40,20,0.65,0.5625,0.4578125,,False,,False
11,dropout,dropout_realization_01,dropout_realization_01,0.25,40,20,0.5,0.5125,0.0,,False,,False
11,dropout,dropout_realization_01,dropout_realization_01,0.5,40,20,0.5,0.4625,-0.01875,,False,,False
11,dropout,dropout_realization_01,dropout_realization_01,1.0,40,20,0.5,0.525,0.009375,,False,,False
11,dropout,dropout_realization_01,dropout_realization_01,2.0,40,20,0.5,0.475,-0.003125,,False,,False
11,dropout,dropout_realization_01,dropout_realization_01,4.0,40,20,0.5,0.5875,0.15,,False,,False
11,dropout,dropout_realization_01,dropout_realization_01,8.0,40,20,0.5,0.675,0.321875,,False,,False
11,dropout,dropout_realization_01,dropout_realization_01,16.0,40,20,0.525,0.5875,0.403125,,False,,False
11,dropout,dropout_realization_01,dropout_realization_01,32.0,40,20,0.5375,0.65,0.509375,,False,,False
11,dropout,dropout_realization_01,dropout_realization_01,64.0,40,20,0.675,0.55,0.4234375,,False,,False
11,dropout,dropout_realization_01,dropout_realization_01,128.0,40,20,0.6125,0.575,0.4046875,,False,,False
11,noise,noise_realization_00,noise_realization_00,0.25,40,20,0.5,0.4875,-0.003125,,False,,False
11,noise,noise_realization_00,noise_realization_00,0.5,40,20,0.5,0.55,0.01875,,False,,False
11,noise,noise_realization_00,noise_realization_00,1.0,40,20,0.5,0.55,0.025,,False,,False
11,noise,noise_realization_00,noise_realization_00,2.0,40,20,0.5,0.55,0.00625,,False,,False
11,noise,noise_realization_00,noise_realization_00,4.0,40,20,0.5,0.5875,0.165625,,False,,False
11,noise,noise_realization_00,noise_realization_00,8.0,40,20,0.5375,0.7375,0.378125,,False,,False
11,noise,noise_realization_00,noise_realization_00,16.0,40,20,0.55,0.75,0.56875,,False,,False
11,noise,noise_realization_00,noise_realization_00,32.0,40,20,0.5625,0.6625,0.5875,,False,,False
11,noise,noise_realization_00,noise_realization_00,64.0,40,20,0.725,0.5375,0.565625,,False,,False
11,noise,noise_realization_00,noise_realization_00,128.0,40,20,0.6875,0.525,0.509375,,False,,False
11,noise,noise_realization_01,noise_realization_01,0.25,40,20,0.5,0.4625,-0.009375,,False,,False
11,noise,noise_realization_01,noise_realization_01,0.5,40,20,0.5,0.5,0.003125,,False,,False
11,noise,noise_realization_01,noise_realization_01,1.0,40,20,0.5,0.5,0.0,,False,,False
11,noise,noise_realization_01,noise_realization_01,2.0,40,20,0.5,0.675,0.078125,,False,,False
11,noise,noise_realization_01,noise_realization_01,4.0,40,20,0.5125,0.7125,0.184375,,False,,False
11,noise,noise_realization_01,noise_realization_01,8.0,40,20,0.5375,0.7375,0.434375,,False,,False
11,noise,noise_realization_01,noise_realization_01,16.0,40,20,0.5125,0.7,0.54375,,False,,False
11,noise,noise_realization_01,noise_realization_01,32.0,40,20,0.5375,0.7125,0.6125,,False,,False
11,noise,noise_realization_01,noise_realization_01,64.0,40,20,0.675,0.5375,0.38125,,False,,False
11,noise,noise_realization_01,noise_realization_01,128.0,40,20,0.6875,0.575,0.471875,,False,,False
11,random,fixed_random__block_11__0000,0000,0.25,40,20,0.5,0.425,-0.021875,,False,,False
11,random,fixed_random__block_11__0000,0000,0.5,40,20,0.5,0.4,-0.03125,,False,,False
11,random,fixed_random__block_11__0000,0000,1.0,40,20,0.5,0.25,-0.075,,False,,False
11,random,fixed_random__block_11__0000,0000,2.0,40,20,0.5,0.3,-0.096875,,False,,False
11,random,fixed_random__block_11__0000,0000,4.0,40,20,0.5,0.45,-0.0625,,False,,False
11,random,fixed_random__block_11__0000,0000,8.0,40,20,0.5,0.5,0.0875,,False,,False
11,random,fixed_random__block_11__0000,0000,16.0,40,20,0.4875,0.5,0.20625,,False,,False
11,random,fixed_random__block_11__0000,0000,32.0,40,20,0.4875,0.5,0.25625,,False,,False
11,random,fixed_random__block_11__0000,0000,64.0,40,20,0.65,0.5,0.23125,,False,,False
11,random,fixed_random__block_11__0000,0000,128.0,40,20,0.7,0.5,0.2125,,False,,False
11,random,fixed_random__block_11__0001,0001,0.25,40,20,0.5,0.625,0.034375,,False,,False
11,random,fixed_random__block_11__0001,0001,0.5,40,20,0.5,0.7125,0.05625,,False,,False
11,random,fixed_random__block_11__0001,0001,1.0,40,20,0.5,0.8375,0.128125,,False,,False
11,random,fixed_random__block_11__0001,0001,2.0,40,20,0.5125,0.925,0.303125,,False,,False
11,random,fixed_random__block_11__0001,0001,4.0,40,20,0.525,1.0,0.659375,,False,,False
11,random,fixed_random__block_11__0001,0001,8.0,40,20,0.6375,0.9875,0.95,,False,,False
11,random,fixed_random__block_11__0001,0001,16.0,40,20,0.55,0.8875,0.75625,,False,,False
11,random,fixed_random__block_11__0001,0001,32.0,40,20,0.5375,0.8125,0.646875,,False,,False
11,random,fixed_random__block_11__0001,0001,64.0,40,20,0.575,0.525,0.409375,,False,,False
11,random,fixed_random__block_11__0001,0001,128.0,40,20,0.6875,0.5,0.34375,,False,,False
11,random,fixed_random__block_11__0002,0002,0.25,40,20,0.5,0.475,-0.00625,,False,,False
11,random,fixed_random__block_11__0002,0002,0.5,40,20,0.5,0.6,0.0375,,False,,False
11,random,fixed_random__block_11__0002,0002,1.0,40,20,0.5,0.6625,0.078125,,False,,False
11,random,fixed_random__block_11__0002,0002,2.0,40,20,0.5,0.625,0.115625,,False,,False
11,random,fixed_random__block_11__0002,0002,4.0,40,20,0.5,0.575,0.19375,,False,,False
11,random,fixed_random__block_11__0002,0002,8.0,40,20,0.5125,0.525,0.196875,,False,,False
11,random,fixed_random__block_11__0002,0002,16.0,40,20,0.5375,0.525,0.321875,,False,,False
11,random,fixed_random__block_11__0002,0002,32.0,40,20,0.5375,0.5625,0.396875,,False,,False
11,random,fixed_random__block_11__0002,0002,64.0,40,20,0.5,0.5125,0.2625,,False,,False
11,random,fixed_random__block_11__0002,0002,128.0,40,20,0.525,0.5,0.221875,,False,,False
11,random,fixed_random__block_11__0003,0003,0.25,40,20,0.5,0.4875,-0.003125,,False,,False
11,random,fixed_random__block_11__0003,0003,0.5,40,20,0.5,0.4875,-0.009375,,False,,False
11,random,fixed_random__block_11__0003,0003,1.0,40,20,0.5,0.475,-0.009375,,False,,False
11,random,fixed_random__block_11__0003,0003,2.0,40,20,0.5,0.4875,-0.003125,,False,,False
11,random,fixed_random__block_11__0003,0003,4.0,40,20,0.5,0.425,-0.003125,,False,,False
11,random,fixed_random__block_11__0003,0003,8.0,40,20,0.5,0.375,0.03125,,False,,False
11,random,fixed_random__block_11__0003,0003,16.0,40,20,0.5375,0.3625,0.096875,,False,,False
11,random,fixed_random__block_11__0003,0003,32.0,40,20,0.5875,0.45,0.2,,False,,False
11,random,fixed_random__block_11__0003,0003,64.0,40,20,0.725,0.5,0.21875,,False,,False
11,random,fixed_random__block_11__0003,0003,128.0,40,20,0.6375,0.5,0.209375,,False,,False
11,random,fixed_random__block_11__0004,0004,0.25,40,20,0.5,0.5375,0.0125,72.48232422609227,True,,False
11,random,fixed_random__block_11__0004,0004,0.5,40,20,0.5,0.5375,0.01875,72.48232422609227,True,,False
11,random,fixed_random__block_11__0004,0004,1.0,40,20,0.5,0.65,0.053125,72.48232422609227,True,,False
11,random,fixed_random__block_11__0004,0004,2.0,40,20,0.5,0.6375,0.121875,72.48232422609227,True,,False
11,random,fixed_random__block_11__0004,0004,4.0,40,20,0.5,0.6625,0.29375,72.48232422609227,True,,False
11,random,fixed_random__block_11__0004,0004,8.0,40,20,0.5125,0.5125,0.321875,72.48232422609227,True,,False
11,random,fixed_random__block_11__0004,0004,16.0,40,20,0.525,0.5375,0.40625,72.48232422609227,True,,False
11,random,fixed_random__block_11__0004,0004,32.0,40,20,0.625,0.525,0.478125,72.48232422609227,True,,False
11,random,fixed_random__block_11__0004,0004,64.0,40,20,0.8125,0.5,0.340625,72.48232422609227,True,,False
11,random,fixed_random__block_11__0004,0004,128.0,40,20,0.8,0.5,0.321875,72.48232422609227,True,,False
11,random,fixed_random__block_11__0005,0005,0.25,40,20,0.5,0.5125,0.003125,,False,,False
11,random,fixed_random__block_11__0005,0005,0.5,40,20,0.5,0.55,0.009375,,False,,False
11,random,fixed_random__block_11__0005,0005,1.0,40,20,0.5,0.5125,0.00625,,False,,False
11,random,fixed_random__block_11__0005,0005,2.0,40,20,0.5,0.625,0.059375,,False,,False
11,random,fixed_random__block_11__0005,0005,4.0,40,20,0.5,0.85,0.225,,False,,False
11,random,fixed_random__block_11__0005,0005,8.0,40,20,0.5125,0.9375,0.5875,,False,,False
11,random,fixed_random__block_11__0005,0005,16.0,40,20,0.525,0.9625,0.7625,,False,,False
11,random,fixed_random__block_11__0005,0005,32.0,40,20,0.525,0.8,0.6875,,False,,False
11,random,fixed_random__block_11__0005,0005,64.0,40,20,0.5625,0.725,0.575,,False,,False
11,random,fixed_random__block_11__0005,0005,128.0,40,20,0.6,0.65,0.5,,False,,False
11,random,fixed_random__block_11__0006,0006,0.25,40,20,0.5,0.3375,-0.040625,,False,,False
11,random,fixed_random__block_11__0006,0006,0.5,40,20,0.5,0.2625,-0.06875,,False,,False
11,random,fixed_random__block_11__0006,0006,1.0,40,20,0.5,0.2,-0.109375,,False,,False
11,random,fixed_random__block_11__0006,0006,2.0,40,20,0.5,0.1375,-0.19375,,False,,False
11,random,fixed_random__block_11__0006,0006,4.0,40,20,0.4875,0.15,-0.265625,,False,,False
11,random,fixed_random__block_11__0006,0006,8.0,40,20,0.4875,0.45,-0.034375,,False,,False
11,random,fixed_random__block_11__0006,0006,16.0,40,20,0.5,0.7375,0.325,,False,,False
11,random,fixed_random__block_11__0006,0006,32.0,40,20,0.5,0.7625,0.509375,,False,,False
11,random,fixed_random__block_11__0006,0006,64.0,40,20,0.525,0.7125,0.475,,False,,False
11,random,fixed_random__block_11__0006,0006,128.0,40,20,0.525,0.7375,0.48125,,False,,False
11,random,fixed_random__block_11__0007,0007,0.25,40,20,0.5,0.425,-0.021875,69.33872990413327,True,,False
11,random,fixed_random__block_11__0007,0007,0.5,40,20,0.5,0.3125,-0.053125,69.33872990413327,True,,False
11,random,fixed_random__block_11__0007,0007,1.0,40,20,0.5,0.2125,-0.084375,69.33872990413327,True,,False
11,random,fixed_random__block_11__0007,0007,2.0,40,20,0.5,0.2,-0.1375,69.33872990413327,True,,False
11,random,fixed_random__block_11__0007,0007,4.0,40,20,0.5,0.2125,-0.253125,69.33872990413327,True,,False
11,random,fixed_random__block_11__0007,0007,8.0,40,20,0.5,0.45,-0.175,69.33872990413327,True,,False
11,random,fixed_random__block_11__0007,0007,16.0,40,20,0.4875,0.5,0.146875,69.33872990413327,True,,False
11,random,fixed_random__block_11__0007,0007,32.0,40,20,0.5625,0.5,0.23125,69.33872990413327,True,,False
11,random,fixed_random__block_11__0007,0007,64.0,40,20,0.7875,0.5,0.290625,69.33872990413327,True,,False
11,random,fixed_random__block_11__0007,0007,128.0,40,20,0.85,0.5,0.296875,69.33872990413327,True,,False
11,random,fixed_random__block_11__0008,0008,0.25,40,20,0.5,0.425,-0.01875,,False,,False
11,random,fixed_random__block_11__0008,0008,0.5,40,20,0.5,0.35,-0.040625,,False,,False
11,random,fixed_random__block_11__0008,0008,1.0,40,20,0.5,0.3125,-0.05625,,False,,False
11,random,fixed_random__block_11__0008,0008,2.0,40,20,0.5,0.2875,-0.0875,,False,,False
11,random,fixed_random__block_11__0008,0008,4.0,40,20,0.5,0.425,-0.075,,False,,False
11,random,fixed_random__block_11__0008,0008,8.0,40,20,0.525,0.7,0.3875,,False,,False
11,random,fixed_random__block_11__0008,0008,16.0,40,20,0.5375,0.9125,0.740625,,False,,False
11,random,fixed_random__block_11__0008,0008,32.0,40,20,0.5625,0.8875,0.79375,,False,,False
11,random,fixed_random__block_11__0008,0008,64.0,40,20,0.875,0.55,0.609375,,False,,False
11,random,fixed_random__block_11__0008,0008,128.0,40,20,0.8875,0.7,0.66875,,False,,False
11,random,fixed_random__block_11__0009,0009,0.25,40,20,0.5,0.5125,0.0,,False,30.219072137333264,True
11,random,fixed_random__block_11__0009,0009,0.5,40,20,0.5,0.4875,0.0,,False,30.219072137333264,True
11,random,fixed_random__block_11__0009,0009,1.0,40,20,0.5,0.4,-0.01875,,False,30.219072137333264,True
11,random,fixed_random__block_11__0009,0009,2.0,40,20,0.5,0.375,-0.028125,,False,30.219072137333264,True
11,random,fixed_random__block_11__0009,0009,4.0,40,20,0.5,0.4,-0.021875,,False,30.219072137333264,True
11,random,fixed_random__block_11__0009,0009,8.0,40,20,0.5,0.6,0.2,,False,30.219072137333264,True
11,random,fixed_random__block_11__0009,0009,16.0,40,20,0.5,0.825,0.53125,,False,30.219072137333264,True
11,random,fixed_random__block_11__0009,0009,32.0,40,20,0.5375,0.8625,0.684375,,False,30.219072137333264,True
11,random,fixed_random__block_11__0009,0009,64.0,40,20,0.5625,0.8,0.628125,,False,30.219072137333264,True
11,random,fixed_random__block_11__0009,0009,128.0,40,20,0.525,0.8625,0.571875,,False,30.219072137333264,True
12,concept,concept__block_12__Dust,Dust,0.25,40,20,0.5,0.4375,-0.015625,,False,,False
12,concept,concept__block_12__Dust,Dust,0.5,40,20,0.5,0.6,0.025,,False,,False
12,concept,concept__block_12__Dust,Dust,1.0,40,20,0.5,0.5,0.003125,,False,,False
12,concept,concept__block_12__Dust,Dust,2.0,40,20,0.5,0.5625,0.015625,,False,,False
12,concept,concept__block_12__Dust,Dust,4.0,40,20,0.5,0.4625,-0.03125,,False,,False
12,concept,concept__block_12__Dust,Dust,8.0,40,20,0.45,0.4375,-0.175,,False,,False
12,concept,concept__block_12__Dust,Dust,16.0,40,20,0.475,0.4875,0.00625,,False,,False
12,concept,concept__block_12__Dust,Dust,32.0,40,20,0.5,0.475,-0.015625,,False,,False
12,concept,concept__block_12__Dust,Dust,64.0,40,20,0.5375,0.5,0.0375,,False,,False
12,concept,concept__block_12__Dust,Dust,128.0,40,20,0.55,0.5,0.1015625,,False,,False
12,concept,concept__block_12__Illusions,Illusions,0.25,40,20,0.5,0.475,-0.009375,,False,,False
12,concept,concept__block_12__Illusions,Illusions,0.5,40,20,0.5,0.475,-0.0125,,False,,False
12,concept,concept__block_12__Illusions,Illusions,1.0,40,20,0.5,0.5125,0.003125,,False,,False
12,concept,concept__block_12__Illusions,Illusions,2.0,40,20,0.5,0.45,-0.025,,False,,False
12,concept,concept__block_12__Illusions,Illusions,4.0,40,20,0.5,0.45,-0.01875,,False,,False
12,concept,concept__block_12__Illusions,Illusions,8.0,40,20,0.5,0.4875,0.0875,,False,,False
12,concept,concept__block_12__Illusions,Illusions,16.0,40,20,0.5,0.5375,0.19375,,False,,False
12,concept,concept__block_12__Illusions,Illusions,32.0,40,20,0.5,0.65,0.36875,,False,,False
12,concept,concept__block_12__Illusions,Illusions,64.0,40,20,0.675,0.6375,0.575,,False,,False
12,concept,concept__block_12__Illusions,Illusions,128.0,40,20,0.625,0.6375,0.50625,,False,,False
12,concept,concept__block_12__Origami,Origami,0.25,40,20,0.5,0.6625,0.04375,,False,,False
12,concept,concept__block_12__Origami,Origami,0.5,40,20,0.5,0.75,0.075,,False,,False
12,concept,concept__block_12__Origami,Origami,1.0,40,20,0.5,0.8375,0.140625,,False,,False
12,concept,concept__block_12__Origami,Origami,2.0,40,20,0.5,0.8875,0.271875,,False,,False
12,concept,concept__block_12__Origami,Origami,4.0,40,20,0.5,0.9,0.46875,,False,,False
12,concept,concept__block_12__Origami,Origami,8.0,40,20,0.5,0.9,0.61875,,False,,False
12,concept,concept__block_12__Origami,Origami,16.0,40,20,0.5125,0.8625,0.653125,,False,,False
12,concept,concept__block_12__Origami,Origami,32.0,40,20,0.55,0.9,0.690625,,False,,False
12,concept,concept__block_12__Origami,Origami,64.0,40,20,0.55,0.9,0.7125,,False,,False
12,concept,concept__block_12__Origami,Origami,128.0,40,20,0.5375,0.8875,0.675,,False,,False
12,concept,concept__block_12__Satellites,Satellites,0.25,40,20,0.5,0.5,0.003125,,False,,False
12,concept,concept__block_12__Satellites,Satellites,0.5,40,20,0.5,0.4875,0.009375,,False,,False
12,concept,concept__block_12__Satellites,Satellites,1.0,40,20,0.5,0.55,0.04375,,False,,False
12,concept,concept__block_12__Satellites,Satellites,2.0,40,20,0.5,0.5125,0.03125,,False,,False
12,concept,concept__block_12__Satellites,Satellites,4.0,40,20,0.5,0.5375,0.1375,,False,,False
12,concept,concept__block_12__Satellites,Satellites,8.0,40,20,0.5,0.65,0.3375,,False,,False
12,concept,concept__block_12__Satellites,Satellites,16.0,40,20,0.5125,0.7125,0.5,,False,,False
12,concept,concept__block_12__Satellites,Satellites,32.0,40,20,0.525,0.65,0.55625,,False,,False
12,concept,concept__block_12__Satellites,Satellites,64.0,40,20,0.6,0.625,0.534375,,False,,False
12,concept,concept__block_12__Satellites,Satellites,128.0,40,20,0.5875,0.65,0.484375,,False,,False
12,concept,concept__block_12__Trumpets,Trumpets,0.25,40,20,0.5,0.5,0.0,,False,,False
12,concept,concept__block_12__Trumpets,Trumpets,0.5,40,20,0.5,0.3125,-0.053125,,False,,False
12,concept,concept__block_12__Trumpets,Trumpets,1.0,40,20,0.5,0.3,-0.08125,,False,,False
12,concept,concept__block_12__Trumpets,Trumpets,2.0,40,20,0.5,0.225,-0.15,,False,,False
12,concept,concept__block_12__Trumpets,Trumpets,4.0,40,20,0.5,0.25,-0.2,,False,,False
12,concept,concept__block_12__Trumpets,Trumpets,8.0,40,20,0.5,0.3375,-0.059375,,False,,False
12,concept,concept__block_12__Trumpets,Trumpets,16.0,40,20,0.5,0.55,0.240625,,False,,False
12,concept,concept__block_12__Trumpets,Trumpets,32.0,40,20,0.5,0.7125,0.4875,,False,,False
12,concept,concept__block_12__Trumpets,Trumpets,64.0,40,20,0.5,0.6625,0.55625,,False,,False
12,concept,concept__block_12__Trumpets,Trumpets,128.0,40,20,0.5125,0.6,0.534375,,False,,False
12,concept,concept__block_12__appreciation,appreciation,0.25,40,20,0.5,0.6375,0.0375,,False,,False
12,concept,concept__block_12__appreciation,appreciation,0.5,40,20,0.5,0.8375,0.1125,,False,,False
12,concept,concept__block_12__appreciation,appreciation,1.0,40,20,0.5,0.85,0.18125,,False,,False
12,concept,concept__block_12__appreciation,appreciation,2.0,40,20,0.5,0.9,0.334375,,False,,False
12,concept,concept__block_12__appreciation,appreciation,4.0,40,20,0.5,0.925,0.496875,,False,,False
12,concept,concept__block_12__appreciation,appreciation,8.0,40,20,0.5,0.925,0.625,,False,,False
12,concept,concept__block_12__appreciation,appreciation,16.0,40,20,0.5,0.925,0.6625,,False,,False
12,concept,concept__block_12__appreciation,appreciation,32.0,40,20,0.5,0.7875,0.60625,,False,,False
12,concept,concept__block_12__appreciation,appreciation,64.0,40,20,0.5,0.6875,0.478125,,False,,False
12,concept,concept__block_12__appreciation,appreciation,128.0,40,20,0.5,0.7,0.3875,,False,,False
12,concept,concept__block_12__betrayal,betrayal,0.25,40,20,0.5,0.6,0.025,,False,,False
12,concept,concept__block_12__betrayal,betrayal,0.5,40,20,0.5,0.625,0.034375,,False,,False
12,concept,concept__block_12__betrayal,betrayal,1.0,40,20,0.5,0.7,0.071875,,False,,False
12,concept,concept__block_12__betrayal,betrayal,2.0,40,20,0.5,0.775,0.1625,,False,,False
12,concept,concept__block_12__betrayal,betrayal,4.0,40,20,0.5,0.8375,0.275,,False,,False
12,concept,concept__block_12__betrayal,betrayal,8.0,40,20,0.5,0.8125,0.41875,,False,,False
12,concept,concept__block_12__betrayal,betrayal,16.0,40,20,0.5,0.8125,0.4625,,False,,False
12,concept,concept__block_12__betrayal,betrayal,32.0,40,20,0.5,0.7,0.43125,,False,,False
12,concept,concept__block_12__betrayal,betrayal,64.0,40,20,0.5375,0.675,0.5125,,False,,False
12,concept,concept__block_12__betrayal,betrayal,128.0,40,20,0.6375,0.6375,0.603125,,False,,False
12,concept,concept__block_12__fibonacci_numbers,fibonacci_numbers,0.25,40,20,0.5,0.5375,0.009375,,False,,False
12,concept,concept__block_12__fibonacci_numbers,fibonacci_numbers,0.5,40,20,0.5,0.625,0.046875,,False,,False
12,concept,concept__block_12__fibonacci_numbers,fibonacci_numbers,1.0,40,20,0.5,0.7625,0.103125,,False,,False
12,concept,concept__block_12__fibonacci_numbers,fibonacci_numbers,2.0,40,20,0.5,0.775,0.178125,,False,,False
12,concept,concept__block_12__fibonacci_numbers,fibonacci_numbers,4.0,40,20,0.5,0.7625,0.3,,False,,False
12,concept,concept__block_12__fibonacci_numbers,fibonacci_numbers,8.0,40,20,0.5125,0.775,0.5,,False,,False
12,concept,concept__block_12__fibonacci_numbers,fibonacci_numbers,16.0,40,20,0.5,0.7875,0.571875,,False,,False
12,concept,concept__block_12__fibonacci_numbers,fibonacci_numbers,32.0,40,20,0.525,0.7625,0.584375,,False,,False
12,concept,concept__block_12__fibonacci_numbers,fibonacci_numbers,64.0,40,20,0.55,0.7375,0.575,,False,,False
12,concept,concept__block_12__fibonacci_numbers,fibonacci_numbers,128.0,40,20,0.6,0.65,0.6,,False,,False
12,concept,concept__block_12__recursion,recursion,0.25,40,20,0.5,0.7,0.05625,,False,,False
12,concept,concept__block_12__recursion,recursion,0.5,40,20,0.5,0.7625,0.109375,,False,,False
12,concept,concept__block_12__recursion,recursion,1.0,40,20,0.5,0.875,0.2,,False,,False
12,concept,concept__block_12__recursion,recursion,2.0,40,20,0.5,0.8875,0.325,,False,,False
12,concept,concept__block_12__recursion,recursion,4.0,40,20,0.5,0.8625,0.521875,,False,,False
12,concept,concept__block_12__recursion,recursion,8.0,40,20,0.5,0.85,0.60625,,False,,False
12,concept,concept__block_12__recursion,recursion,16.0,40,20,0.5,0.85,0.63125,,False,,False
12,concept,concept__block_12__recursion,recursion,32.0,40,20,0.5,0.8375,0.634375,,False,,False
12,concept,concept__block_12__recursion,recursion,64.0,40,20,0.5,0.8375,0.634375,,False,,False
12,concept,concept__block_12__recursion,recursion,128.0,40,20,0.55,0.6875,0.646875,,False,,False
12,concept,concept__block_12__shutdown,shutdown,0.25,40,20,0.5,0.7125,0.059375,,False,0.30506134761247056,True
12,concept,concept__block_12__shutdown,shutdown,0.5,40,20,0.5,0.8,0.103125,,False,0.30506134761247056,True
12,concept,concept__block_12__shutdown,shutdown,1.0,40,20,0.5,0.85,0.19375,,False,0.30506134761247056,True
12,concept,concept__block_12__shutdown,shutdown,2.0,40,20,0.5,0.8375,0.3125,,False,0.30506134761247056,True
12,concept,concept__block_12__shutdown,shutdown,4.0,40,20,0.5,0.8375,0.4625,,False,0.30506134761247056,True
12,concept,concept__block_12__shutdown,shutdown,8.0,40,20,0.5,0.875,0.609375,,False,0.30506134761247056,True
12,concept,concept__block_12__shutdown,shutdown,16.0,40,20,0.5125,0.825,0.6375,,False,0.30506134761247056,True
12,concept,concept__block_12__shutdown,shutdown,32.0,40,20,0.5125,0.8375,0.65,,False,0.30506134761247056,True
12,concept,concept__block_12__shutdown,shutdown,64.0,40,20,0.5125,0.95,0.70625,,False,0.30506134761247056,True
12,concept,concept__block_12__shutdown,shutdown,128.0,40,20,0.5,1.0,0.765625,,False,0.30506134761247056,True
12,dropout,dropout_realization_00,dropout_realization_00,0.25,40,20,0.5,0.5375,0.00625,,False,,False
12,dropout,dropout_realization_00,dropout_realization_00,0.5,40,20,0.5,0.4625,-0.009375,,False,,False
12,dropout,dropout_realization_00,dropout_realization_00,1.0,40,20,0.5,0.475,-0.003125,,False,,False
12,dropout,dropout_realization_00,dropout_realization_00,2.0,40,20,0.5,0.425,-0.003125,,False,,False
12,dropout,dropout_realization_00,dropout_realization_00,4.0,40,20,0.5,0.5125,0.05625,,False,,False
12,dropout,dropout_realization_00,dropout_realization_00,8.0,40,20,0.5,0.5375,0.13125,,False,,False
12,dropout,dropout_realization_00,dropout_realization_00,16.0,40,20,0.5125,0.65,0.29375,,False,,False
12,dropout,dropout_realization_00,dropout_realization_00,32.0,40,20,0.5625,0.6875,0.428125,,False,,False
12,dropout,dropout_realization_00,dropout_realization_00,64.0,40,20,0.65,0.525,0.3828125,,False,,False
12,dropout,dropout_realization_00,dropout_realization_00,128.0,40,20,0.7,0.6,0.4546875,,False,,False
12,dropout,dropout_realization_01,dropout_realization_01,0.25,40,20,0.5,0.5625,0.01875,,False,,False
12,dropout,dropout_realization_01,dropout_realization_01,0.5,40,20,0.5,0.4375,-0.015625,,False,,False
12,dropout,dropout_realization_01,dropout_realization_01,1.0,40,20,0.5,0.575,0.015625,,False,,False
12,dropout,dropout_realization_01,dropout_realization_01,2.0,40,20,0.5,0.575,0.065625,,False,,False
12,dropout,dropout_realization_01,dropout_realization_01,4.0,40,20,0.5,0.625,0.084375,,False,,False
12,dropout,dropout_realization_01,dropout_realization_01,8.0,40,20,0.5,0.575,0.178125,,False,,False
12,dropout,dropout_realization_01,dropout_realization_01,16.0,40,20,0.5125,0.6875,0.290625,,False,,False
12,dropout,dropout_realization_01,dropout_realization_01,32.0,40,20,0.5,0.525,0.2375,,False,,False
12,dropout,dropout_realization_01,dropout_realization_01,64.0,40,20,0.625,0.5375,0.36875,,False,,False
12,dropout,dropout_realization_01,dropout_realization_01,128.0,40,20,0.65,0.5375,0.3078125,,False,,False
12,noise,noise_realization_00,noise_realization_00,0.25,40,20,0.5,0.45,-0.0125,,False,,False
12,noise,noise_realization_00,noise_realization_00,0.5,40,20,0.5,0.55,0.015625,,False,,False
12,noise,noise_realization_00,noise_realization_00,1.0,40,20,0.5,0.475,-0.003125,,False,,False
12,noise,noise_realization_00,noise_realization_00,2.0,40,20,0.5,0.4875,0.0,,False,,False
12,noise,noise_realization_00,noise_realization_00,4.0,40,20,0.5,0.425,-0.046875,,False,,False
12,noise,noise_realization_00,noise_realization_00,8.0,40,20,0.5,0.7,0.24375,,False,,False
12,noise,noise_realization_00,noise_realization_00,16.0,40,20,0.5,0.725,0.384375,,False,,False
12,noise,noise_realization_00,noise_realization_00,32.0,40,20,0.5,0.675,0.409375,,False,,False
12,noise,noise_realization_00,noise_realization_00,64.0,40,20,0.575,0.525,0.334375,,False,,False
12,noise,noise_realization_00,noise_realization_00,128.0,40,20,0.5875,0.5375,0.353125,,False,,False
12,noise,noise_realization_01,noise_realization_01,0.25,40,20,0.5,0.55,0.009375,,False,,False
12,noise,noise_realization_01,noise_realization_01,0.5,40,20,0.5,0.45,-0.015625,,False,,False
12,noise,noise_realization_01,noise_realization_01,1.0,40,20,0.5,0.4375,-0.025,,False,,False
12,noise,noise_realization_01,noise_realization_01,2.0,40,20,0.5,0.425,-0.028125,,False,,False
12,noise,noise_realization_01,noise_realization_01,4.0,40,20,0.5,0.55,0.009375,,False,,False
12,noise,noise_realization_01,noise_realization_01,8.0,40,20,0.5,0.6625,0.253125,,False,,False
12,noise,noise_realization_01,noise_realization_01,16.0,40,20,0.5,0.675,0.4,,False,,False
12,noise,noise_realization_01,noise_realization_01,32.0,40,20,0.5125,0.675,0.425,,False,,False
12,noise,noise_realization_01,noise_realization_01,64.0,40,20,0.6125,0.575,0.415625,,False,,False
12,noise,noise_realization_01,noise_realization_01,128.0,40,20,0.5875,0.55,0.328125,,False,,False
12,random,fixed_random__block_12__0000,0000,0.25,40,20,0.5,0.45,-0.0125,,False,,False
12,random,fixed_random__block_12__0000,0000,0.5,40,20,0.5,0.4125,-0.028125,,False,,False
12,random,fixed_random__block_12__0000,0000,1.0,40,20,0.5,0.375,-0.040625,,False,,False
12,random,fixed_random__block_12__0000,0000,2.0,40,20,0.5,0.2875,-0.071875,,False,,False
12,random,fixed_random__block_12__0000,0000,4.0,40,20,0.5,0.3375,-0.08125,,False,,False
12,random,fixed_random__block_12__0000,0000,8.0,40,20,0.5,0.4625,0.071875,,False,,False
12,random,fixed_random__block_12__0000,0000,16.0,40,20,0.5,0.575,0.303125,,False,,False
12,random,fixed_random__block_12__0000,0000,32.0,40,20,0.5,0.6,0.384375,,False,,False
12,random,fixed_random__block_12__0000,0000,64.0,40,20,0.525,0.7625,0.525,,False,,False
12,random,fixed_random__block_12__0000,0000,128.0,40,20,0.5,0.9,0.58125,,False,,False
12,random,fixed_random__block_12__0001,0001,0.25,40,20,0.5,0.4875,-0.003125,,False,,False
12,random,fixed_random__block_12__0001,0001,0.5,40,20,0.5,0.4125,-0.021875,,False,,False
12,random,fixed_random__block_12__0001,0001,1.0,40,20,0.5,0.35,-0.04375,,False,,False
12,random,fixed_random__block_12__0001,0001,2.0,40,20,0.5,0.2875,-0.06875,,False,,False
12,random,fixed_random__block_12__0001,0001,4.0,40,20,0.5,0.2,-0.115625,,False,,False
12,random,fixed_random__block_12__0001,0001,8.0,40,20,0.5,0.45,-0.015625,,False,,False
12,random,fixed_random__block_12__0001,0001,16.0,40,20,0.5,0.675,0.271875,,False,,False
12,random,fixed_random__block_12__0001,0001,32.0,40,20,0.5,0.8625,0.478125,,False,,False
12,random,fixed_random__block_12__0001,0001,64.0,40,20,0.5,0.8125,0.553125,,False,,False
12,random,fixed_random__block_12__0001,0001,128.0,40,20,0.5,0.675,0.36875,,False,,False
12,random,fixed_random__block_12__0002,0002,0.25,40,20,0.5,0.5,0.0,,False,,False
12,random,fixed_random__block_12__0002,0002,0.5,40,20,0.5,0.4125,-0.025,,False,,False
12,random,fixed_random__block_12__0002,0002,1.0,40,20,0.5,0.4,-0.040625,,False,,False
12,random,fixed_random__block_12__0002,0002,2.0,40,20,0.5,0.275,-0.078125,,False,,False
12,random,fixed_random__block_12__0002,0002,4.0,40,20,0.5,0.275,-0.115625,,False,,False
12,random,fixed_random__block_12__0002,0002,8.0,40,20,0.5,0.475,0.0375,,False,,False
12,random,fixed_random__block_12__0002,0002,16.0,40,20,0.5125,0.5375,0.321875,,False,,False
12,random,fixed_random__block_12__0002,0002,32.0,40,20,0.5375,0.5,0.3625,,False,,False
12,random,fixed_random__block_12__0002,0002,64.0,40,20,0.7875,0.5,0.3,,False,,False
12,random,fixed_random__block_12__0002,0002,128.0,40,20,0.8,0.5,0.275,,False,,False
12,random,fixed_random__block_12__0003,0003,0.25,40,20,0.5,0.45,-0.015625,92.55265248273275,True,,False
12,random,fixed_random__block_12__0003,0003,0.5,40,20,0.5,0.3625,-0.034375,92.55265248273275,True,,False
12,random,fixed_random__block_12__0003,0003,1.0,40,20,0.5,0.35,-0.0375,92.55265248273275,True,,False
12,random,fixed_random__block_12__0003,0003,2.0,40,20,0.5,0.25,-0.0875,92.55265248273275,True,,False
12,random,fixed_random__block_12__0003,0003,4.0,40,20,0.5,0.225,-0.15,92.55265248273275,True,,False
12,random,fixed_random__block_12__0003,0003,8.0,40,20,0.5,0.5375,-0.00625,92.55265248273275,True,,False
12,random,fixed_random__block_12__0003,0003,16.0,40,20,0.5,0.5625,0.28125,92.55265248273275,True,,False
12,random,fixed_random__block_12__0003,0003,32.0,40,20,0.525,0.5,0.3875,92.55265248273275,True,,False
12,random,fixed_random__block_12__0003,0003,64.0,40,20,0.725,0.5,0.296875,92.55265248273275,True,,False
12,random,fixed_random__block_12__0003,0003,128.0,40,20,0.8125,0.5,0.39375,92.55265248273275,True,,False
12,random,fixed_random__block_12__0004,0004,0.25,40,20,0.5,0.525,0.00625,,False,,False
12,random,fixed_random__block_12__0004,0004,0.5,40,20,0.5,0.525,0.00625,,False,,False
12,random,fixed_random__block_12__0004,0004,1.0,40,20,0.5,0.5,0.003125,,False,,False
12,random,fixed_random__block_12__0004,0004,2.0,40,20,0.5,0.575,0.028125,,False,,False
12,random,fixed_random__block_12__0004,0004,4.0,40,20,0.5,0.625,0.071875,,False,,False
12,random,fixed_random__block_12__0004,0004,8.0,40,20,0.5,0.6625,0.225,,False,,False
12,random,fixed_random__block_12__0004,0004,16.0,40,20,0.5,0.6125,0.284375,,False,,False
12,random,fixed_random__block_12__0004,0004,32.0,40,20,0.5,0.725,0.375,,False,,False
12,random,fixed_random__block_12__0004,0004,64.0,40,20,0.5,0.7375,0.521875,,False,,False
12,random,fixed_random__block_12__0004,0004,128.0,40,20,0.5,0.7375,0.54375,,False,,False
12,random,fixed_random__block_12__0005,0005,0.25,40,20,0.5,0.525,0.00625,,False,,False
12,random,fixed_random__block_12__0005,0005,0.5,40,20,0.5,0.5625,0.015625,,False,,False
12,random,fixed_random__block_12__0005,0005,1.0,40,20,0.5,0.6,0.025,,False,,False
12,random,fixed_random__block_12__0005,0005,2.0,40,20,0.5,0.675,0.0625,,False,,False
12,random,fixed_random__block_12__0005,0005,4.0,40,20,0.5,0.7125,0.1125,,False,,False
12,random,fixed_random__block_12__0005,0005,8.0,40,20,0.5,0.6875,0.2625,,False,,False
12,random,fixed_random__block_12__0005,0005,16.0,40,20,0.5,0.6,0.40625,,False,,False
12,random,fixed_random__block_12__0005,0005,32.0,40,20,0.5,0.525,0.375,,False,,False
12,random,fixed_random__block_12__0005,0005,64.0,40,20,0.5,0.5375,0.325,,False,,False
12,random,fixed_random__block_12__0005,0005,128.0,40,20,0.5,0.7375,0.425,,False,,False
12,random,fixed_random__block_12__0006,0006,0.25,40,20,0.5,0.475,-0.00625,,False,,False
12,random,fixed_random__block_12__0006,0006,0.5,40,20,0.5,0.4875,-0.003125,,False,,False
12,random,fixed_random__block_12__0006,0006,1.0,40,20,0.5,0.55,0.015625,,False,,False
12,random,fixed_random__block_12__0006,0006,2.0,40,20,0.5,0.5625,0.025,,False,,False
12,random,fixed_random__block_12__0006,0006,4.0,40,20,0.5,0.55,0.0375,,False,,False
12,random,fixed_random__block_12__0006,0006,8.0,40,20,0.5,0.6625,0.2125,,False,,False
12,random,fixed_random__block_12__0006,0006,16.0,40,20,0.5125,0.725,0.478125,,False,,False
12,random,fixed_random__block_12__0006,0006,32.0,40,20,0.625,0.5875,0.553125,,False,,False
12,random,fixed_random__block_12__0006,0006,64.0,40,20,0.775,0.5125,0.528125,,False,,False
12,random,fixed_random__block_12__0006,0006,128.0,40,20,0.8125,0.5,0.45625,,False,,False
12,random,fixed_random__block_12__0007,0007,0.25,40,20,0.5,0.475,-0.00625,,False,,False
12,random,fixed_random__block_12__0007,0007,0.5,40,20,0.5,0.4625,-0.015625,,False,,False
12,random,fixed_random__block_12__0007,0007,1.0,40,20,0.5,0.375,-0.034375,,False,,False
12,random,fixed_random__block_12__0007,0007,2.0,40,20,0.5,0.325,-0.065625,,False,,False
12,random,fixed_random__block_12__0007,0007,4.0,40,20,0.5,0.3875,-0.08125,,False,,False
12,random,fixed_random__block_12__0007,0007,8.0,40,20,0.5,0.525,0.071875,,False,,False
12,random,fixed_random__block_12__0007,0007,16.0,40,20,0.5,0.5625,0.31875,,False,,False
12,random,fixed_random__block_12__0007,0007,32.0,40,20,0.5875,0.6,0.43125,,False,,False
12,random,fixed_random__block_12__0007,0007,64.0,40,20,0.75,0.525,0.415625,,False,,False
12,random,fixed_random__block_12__0007,0007,128.0,40,20,0.75,0.5125,0.365625,,False,,False
12,random,fixed_random__block_12__0008,0008,0.25,40,20,0.5,0.4,-0.025,,False,,False
12,random,fixed_random__block_12__0008,0008,0.5,40,20,0.5,0.5125,0.003125,,False,,False
12,random,fixed_random__block_12__0008,0008,1.0,40,20,0.5,0.4625,-0.009375,,False,,False
12,random,fixed_random__block_12__0008,0008,2.0,40,20,0.5,0.4125,-0.01875,,False,,False
12,random,fixed_random__block_12__0008,0008,4.0,40,20,0.5,0.4125,-0.028125,,False,,False
12,random,fixed_random__block_12__0008,0008,8.0,40,20,0.5,0.5,0.065625,,False,,False
12,random,fixed_random__block_12__0008,0008,16.0,40,20,0.5,0.5125,0.228125,,False,,False
12,random,fixed_random__block_12__0008,0008,32.0,40,20,0.525,0.5,0.33125,,False,,False
12,random,fixed_random__block_12__0008,0008,64.0,40,20,0.5125,0.7125,0.440625,,False,,False
12,random,fixed_random__block_12__0008,0008,128.0,40,20,0.55,0.7,0.48125,,False,,False
12,random,fixed_random__block_12__0009,0009,0.25,40,20,0.5,0.575,0.01875,,False,,False
12,random,fixed_random__block_12__0009,0009,0.5,40,20,0.5,0.4875,-0.003125,,False,,False
12,random,fixed_random__block_12__0009,0009,1.0,40,20,0.5,0.5375,0.0125,,False,,False
12,random,fixed_random__block_12__0009,0009,2.0,40,20,0.5,0.6,0.028125,,False,,False
12,random,fixed_random__block_12__0009,0009,4.0,40,20,0.5,0.7,0.090625,,False,,False
12,random,fixed_random__block_12__0009,0009,8.0,40,20,0.5,0.8125,0.321875,,False,,False
12,random,fixed_random__block_12__0009,0009,16.0,40,20,0.5,0.8125,0.509375,,False,,False
12,random,fixed_random__block_12__0009,0009,32.0,40,20,0.5,0.8,0.559375,,False,,False
12,random,fixed_random__block_12__0009,0009,64.0,40,20,0.5875,0.675,0.578125,,False,,False
12,random,fixed_random__block_12__0009,0009,128.0,40,20,0.7125,0.65,0.6,,False,,False
13,concept,concept__block_13__Dust,Dust,0.25,40,20,0.5,0.3625,-0.040625,,False,,False
13,concept,concept__block_13__Dust,Dust,0.5,40,20,0.5,0.3375,-0.046875,,False,,False
13,concept,concept__block_13__Dust,Dust,1.0,40,20,0.5,0.2375,-0.1,,False,,False
13,concept,concept__block_13__Dust,Dust,2.0,40,20,0.5,0.1875,-0.171875,,False,,False
13,concept,concept__block_13__Dust,Dust,4.0,40,20,0.5,0.175,-0.253125,,False,,False
13,concept,concept__block_13__Dust,Dust,8.0,40,20,0.5,0.35,-0.2375,,False,,False
13,concept,concept__block_13__Dust,Dust,16.0,40,20,0.5,0.5,0.04375,,False,,False
13,concept,concept__block_13__Dust,Dust,32.0,40,20,0.6,0.5,0.1125,,False,,False
13,concept,concept__block_13__Dust,Dust,64.0,40,20,0.55,0.5,0.20625,,False,,False
13,concept,concept__block_13__Dust,Dust,128.0,40,20,0.5,0.575,0.2359375,,False,,False
13,concept,concept__block_13__Illusions,Illusions,0.25,40,20,0.5,0.375,-0.034375,,False,,False
13,concept,concept__block_13__Illusions,Illusions,0.5,40,20,0.5,0.3875,-0.028125,,False,,False
13,concept,concept__block_13__Illusions,Illusions,1.0,40,20,0.5,0.3,-0.05625,,False,,False
13,concept,concept__block_13__Illusions,Illusions,2.0,40,20,0.5,0.275,-0.08125,,False,,False
13,concept,concept__block_13__Illusions,Illusions,4.0,40,20,0.5,0.3,-0.08125,,False,,False
13,concept,concept__block_13__Illusions,Illusions,8.0,40,20,0.5,0.5625,0.059375,,False,,False
13,concept,concept__block_13__Illusions,Illusions,16.0,40,20,0.5,0.5375,0.2125,,False,,False
13,concept,concept__block_13__Illusions,Illusions,32.0,40,20,0.5,0.5625,0.303125,,False,,False
13,concept,concept__block_13__Illusions,Illusions,64.0,40,20,0.5625,0.5875,0.4125,,False,,False
13,concept,concept__block_13__Illusions,Illusions,128.0,40,20,0.5375,0.6625,0.4125,,False,,False
13,concept,concept__block_13__Origami,Origami,0.25,40,20,0.5,0.65,0.0375,,False,,False
13,concept,concept__block_13__Origami,Origami,0.5,40,20,0.5,0.6875,0.053125,,False,,False
13,concept,concept__block_13__Origami,Origami,1.0,40,20,0.5,0.8125,0.121875,,False,,False
13,concept,concept__block_13__Origami,Origami,2.0,40,20,0.5,0.8625,0.209375,,False,,False
13,concept,concept__block_13__Origami,Origami,4.0,40,20,0.5,0.9125,0.3625,,False,,False
13,concept,concept__block_13__Origami,Origami,8.0,40,20,0.5,0.9,0.4625,,False,,False
13,concept,concept__block_13__Origami,Origami,16.0,40,20,0.5,0.9125,0.503125,,False,,False
13,concept,concept__block_13__Origami,Origami,32.0,40,20,0.5,0.8125,0.459375,,False,,False
13,concept,concept__block_13__Origami,Origami,64.0,40,20,0.5125,0.575,0.440625,,False,,False
13,concept,concept__block_13__Origami,Origami,128.0,40,20,0.5125,0.525,0.434375,,False,,False
13,concept,concept__block_13__Satellites,Satellites,0.25,40,20,0.5,0.55,0.0125,,False,,False
13,concept,concept__block_13__Satellites,Satellites,0.5,40,20,0.5,0.6375,0.0375,,False,,False
13,concept,concept__block_13__Satellites,Satellites,1.0,40,20,0.5,0.7125,0.075,,False,,False
13,concept,concept__block_13__Satellites,Satellites,2.0,40,20,0.5,0.7625,0.15625,,False,,False
13,concept,concept__block_13__Satellites,Satellites,4.0,40,20,0.5,0.8,0.2625,,False,,False
13,concept,concept__block_13__Satellites,Satellites,8.0,40,20,0.5,0.8125,0.359375,,False,,False
13,concept,concept__block_13__Satellites,Satellites,16.0,40,20,0.5,0.8,0.409375,,False,,False
13,concept,concept__block_13__Satellites,Satellites,32.0,40,20,0.5,0.625,0.4125,,False,,False
13,concept,concept__block_13__Satellites,Satellites,64.0,40,20,0.5125,0.65,0.45,,False,,False
13,concept,concept__block_13__Satellites,Satellites,128.0,40,20,0.5,0.6875,0.421875,,False,,False
13,concept,concept__block_13__Trumpets,Trumpets,0.25,40,20,0.5,0.4625,-0.009375,,False,,False
13,concept,concept__block_13__Trumpets,Trumpets,0.5,40,20,0.5,0.475,-0.003125,,False,,False
13,concept,concept__block_13__Trumpets,Trumpets,1.0,40,20,0.5,0.4625,-0.009375,,False,,False
13,concept,concept__block_13__Trumpets,Trumpets,2.0,40,20,0.5,0.5,-0.003125,,False,,False
13,concept,concept__block_13__Trumpets,Trumpets,4.0,40,20,0.5,0.475,0.0375,,False,,False
13,concept,concept__block_13__Trumpets,Trumpets,8.0,40,20,0.5,0.475,0.10625,,False,,False
13,concept,concept__block_13__Trumpets,Trumpets,16.0,40,20,0.5,0.5375,0.225,,False,,False
13,concept,concept__block_13__Trumpets,Trumpets,32.0,40,20,0.5,0.6,0.384375,,False,,False
13,concept,concept__block_13__Trumpets,Trumpets,64.0,40,20,0.525,0.65,0.41875,,False,,False
13,concept,concept__block_13__Trumpets,Trumpets,128.0,40,20,0.5625,0.5625,0.3,,False,,False
13,concept,concept__block_13__appreciation,appreciation,0.25,40,20,0.5,0.6625,0.040625,,False,,False
13,concept,concept__block_13__appreciation,appreciation,0.5,40,20,0.5,0.7125,0.06875,,False,,False
13,concept,concept__block_13__appreciation,appreciation,1.0,40,20,0.5,0.8625,0.159375,,False,,False
13,concept,concept__block_13__appreciation,appreciation,2.0,40,20,0.5,0.9125,0.278125,,False,,False
13,concept,concept__block_13__appreciation,appreciation,4.0,40,20,0.5,0.95,0.415625,,False,,False
13,concept,concept__block_13__appreciation,appreciation,8.0,40,20,0.5,1.0,0.515625,,False,,False
13,concept,concept__block_13__appreciation,appreciation,16.0,40,20,0.5,1.0,0.55625,,False,,False
13,concept,concept__block_13__appreciation,appreciation,32.0,40,20,0.5,0.9875,0.55,,False,,False
13,concept,concept__block_13__appreciation,appreciation,64.0,40,20,0.5,0.9875,0.475,,False,,False
13,concept,concept__block_13__appreciation,appreciation,128.0,40,20,0.5,0.7375,0.35625,,False,,False
13,concept,concept__block_13__betrayal,betrayal,0.25,40,20,0.5,0.525,0.00625,,False,4.10745121464065,True
13,concept,concept__block_13__betrayal,betrayal,0.5,40,20,0.5,0.625,0.034375,,False,4.10745121464065,True
13,concept,concept__block_13__betrayal,betrayal,1.0,40,20,0.5,0.6875,0.05625,,False,4.10745121464065,True
13,concept,concept__block_13__betrayal,betrayal,2.0,40,20,0.5,0.725,0.1,,False,4.10745121464065,True
13,concept,concept__block_13__betrayal,betrayal,4.0,40,20,0.5,0.825,0.234375,,False,4.10745121464065,True
13,concept,concept__block_13__betrayal,betrayal,8.0,40,20,0.5,0.8875,0.340625,,False,4.10745121464065,True
13,concept,concept__block_13__betrayal,betrayal,16.0,40,20,0.5,0.875,0.378125,,False,4.10745121464065,True
13,concept,concept__block_13__betrayal,betrayal,32.0,40,20,0.5,0.8125,0.415625,,False,4.10745121464065,True
13,concept,concept__block_13__betrayal,betrayal,64.0,40,20,0.5,0.85,0.525,,False,4.10745121464065,True
13,concept,concept__block_13__betrayal,betrayal,128.0,40,20,0.55,0.7625,0.553125,,False,4.10745121464065,True
13,concept,concept__block_13__fibonacci_numbers,fibonacci_numbers,0.25,40,20,0.5,0.5625,0.01875,,False,,False
13,concept,concept__block_13__fibonacci_numbers,fibonacci_numbers,0.5,40,20,0.5,0.6625,0.046875,,False,,False
13,concept,concept__block_13__fibonacci_numbers,fibonacci_numbers,1.0,40,20,0.5,0.6875,0.078125,,False,,False
13,concept,concept__block_13__fibonacci_numbers,fibonacci_numbers,2.0,40,20,0.5,0.75,0.146875,,False,,False
13,concept,concept__block_13__fibonacci_numbers,fibonacci_numbers,4.0,40,20,0.5,0.8625,0.315625,,False,,False
13,concept,concept__block_13__fibonacci_numbers,fibonacci_numbers,8.0,40,20,0.5,0.9125,0.46875,,False,,False
13,concept,concept__block_13__fibonacci_numbers,fibonacci_numbers,16.0,40,20,0.5125,0.85,0.540625,,False,,False
13,concept,concept__block_13__fibonacci_numbers,fibonacci_numbers,32.0,40,20,0.525,0.6375,0.484375,,False,,False
13,concept,concept__block_13__fibonacci_numbers,fibonacci_numbers,64.0,40,20,0.5375,0.5,0.409375,,False,,False
13,concept,concept__block_13__fibonacci_numbers,fibonacci_numbers,128.0,40,20,0.675,0.5,0.34375,,False,,False
13,concept,concept__block_13__recursion,recursion,0.25,40,20,0.5,0.625,0.03125,,False,,False
13,concept,concept__block_13__recursion,recursion,0.5,40,20,0.5,0.7375,0.06875,,False,,False
13,concept,concept__block_13__recursion,recursion,1.0,40,20,0.5,0.85,0.1625,,False,,False
13,concept,concept__block_13__recursion,recursion,2.0,40,20,0.5,0.9125,0.275,,False,,False
13,concept,concept__block_13__recursion,recursion,4.0,40,20,0.5,0.9625,0.434375,,False,,False
13,concept,concept__block_13__recursion,recursion,8.0,40,20,0.5,0.9625,0.50625,,False,,False
13,concept,concept__block_13__recursion,recursion,16.0,40,20,0.5,0.9375,0.50625,,False,,False
13,concept,concept__block_13__recursion,recursion,32.0,40,20,0.5,0.95,0.51875,,False,,False
13,concept,concept__block_13__recursion,recursion,64.0,40,20,0.5,0.925,0.521875,,False,,False
13,concept,concept__block_13__recursion,recursion,128.0,40,20,0.5,0.75,0.53125,,False,,False
13,concept,concept__block_13__shutdown,shutdown,0.25,40,20,0.5,0.625,0.034375,,False,0.7332319739077157,True
13,concept,concept__block_13__shutdown,shutdown,0.5,40,20,0.5,0.675,0.05625,,False,0.7332319739077157,True
13,concept,concept__block_13__shutdown,shutdown,1.0,40,20,0.5,0.8125,0.121875,,False,0.7332319739077157,True
13,concept,concept__block_13__shutdown,shutdown,2.0,40,20,0.5,0.875,0.225,,False,0.7332319739077157,True
13,concept,concept__block_13__shutdown,shutdown,4.0,40,20,0.5,0.9125,0.38125,,False,0.7332319739077157,True
13,concept,concept__block_13__shutdown,shutdown,8.0,40,20,0.5,0.925,0.5,,False,0.7332319739077157,True
13,concept,concept__block_13__shutdown,shutdown,16.0,40,20,0.5,0.95,0.525,,False,0.7332319739077157,True
13,concept,concept__block_13__shutdown,shutdown,32.0,40,20,0.5,0.9625,0.540625,,False,0.7332319739077157,True
13,concept,concept__block_13__shutdown,shutdown,64.0,40,20,0.5,0.9625,0.55,,False,0.7332319739077157,True
13,concept,concept__block_13__shutdown,shutdown,128.0,40,20,0.5,0.9875,0.58125,,False,0.7332319739077157,True
13,dropout,dropout_realization_00,dropout_realization_00,0.25,40,20,0.5,0.5375,0.0125,,False,,False
13,dropout,dropout_realization_00,dropout_realization_00,0.5,40,20,0.5,0.55,0.0125,,False,,False
13,dropout,dropout_realization_00,dropout_realization_00,1.0,40,20,0.5,0.55,0.0125,,False,,False
13,dropout,dropout_realization_00,dropout_realization_00,2.0,40,20,0.5,0.5375,-0.003125,,False,,False
13,dropout,dropout_realization_00,dropout_realization_00,4.0,40,20,0.5,0.575,0.046875,,False,,False
13,dropout,dropout_realization_00,dropout_realization_00,8.0,40,20,0.5,0.5375,0.165625,,False,,False
13,dropout,dropout_realization_00,dropout_realization_00,16.0,40,20,0.5,0.55,0.203125,,False,,False
13,dropout,dropout_realization_00,dropout_realization_00,32.0,40,20,0.5,0.55,0.16875,,False,,False
13,dropout,dropout_realization_00,dropout_realization_00,64.0,40,20,0.5375,0.4625,0.115625,,False,,False
13,dropout,dropout_realization_00,dropout_realization_00,128.0,40,20,0.5625,0.4875,0.190625,,False,,False
13,dropout,dropout_realization_01,dropout_realization_01,0.25,40,20,0.5,0.55,0.0125,,False,,False
13,dropout,dropout_realization_01,dropout_realization_01,0.5,40,20,0.5,0.5375,0.009375,,False,,False
13,dropout,dropout_realization_01,dropout_realization_01,1.0,40,20,0.5,0.525,0.0,,False,,False
13,dropout,dropout_realization_01,dropout_realization_01,2.0,40,20,0.5,0.5625,0.028125,,False,,False
13,dropout,dropout_realization_01,dropout_realization_01,4.0,40,20,0.5,0.4875,0.0125,,False,,False
13,dropout,dropout_realization_01,dropout_realization_01,8.0,40,20,0.5,0.625,0.13125,,False,,False
13,dropout,dropout_realization_01,dropout_realization_01,16.0,40,20,0.5,0.5875,0.171875,,False,,False
13,dropout,dropout_realization_01,dropout_realization_01,32.0,40,20,0.5,0.5125,0.128125,,False,,False
13,dropout,dropout_realization_01,dropout_realization_01,64.0,40,20,0.5625,0.5375,0.234375,,False,,False
13,dropout,dropout_realization_01,dropout_realization_01,128.0,40,20,0.65,0.525,0.28125,,False,,False
13,noise,noise_realization_00,noise_realization_00,0.25,40,20,0.5,0.5875,0.021875,,False,,False
13,noise,noise_realization_00,noise_realization_00,0.5,40,20,0.5,0.525,0.0125,,False,,False
13,noise,noise_realization_00,noise_realization_00,1.0,40,20,0.5,0.5125,0.003125,,False,,False
13,noise,noise_realization_00,noise_realization_00,2.0,40,20,0.5,0.5875,0.040625,,False,,False
13,noise,noise_realization_00,noise_realization_00,4.0,40,20,0.5,0.65,0.103125,,False,,False
13,noise,noise_realization_00,noise_realization_00,8.0,40,20,0.5,0.7375,0.228125,,False,,False
13,noise,noise_realization_00,noise_realization_00,16.0,40,20,0.5,0.625,0.24375,,False,,False
13,noise,noise_realization_00,noise_realization_00,32.0,40,20,0.5,0.65,0.278125,,False,,False
13,noise,noise_realization_00,noise_realization_00,64.0,40,20,0.525,0.55,0.275,,False,,False
13,noise,noise_realization_00,noise_realization_00,128.0,40,20,0.55,0.525,0.25,,False,,False
13,noise,noise_realization_01,noise_realization_01,0.25,40,20,0.5,0.4875,-0.003125,,False,,False
13,noise,noise_realization_01,noise_realization_01,0.5,40,20,0.5,0.5125,0.009375,,False,,False
13,noise,noise_realization_01,noise_realization_01,1.0,40,20,0.5,0.5,0.003125,,False,,False
13,noise,noise_realization_01,noise_realization_01,2.0,40,20,0.5,0.675,0.075,,False,,False
13,noise,noise_realization_01,noise_realization_01,4.0,40,20,0.5,0.6625,0.096875,,False,,False
13,noise,noise_realization_01,noise_realization_01,8.0,40,20,0.5,0.8125,0.271875,,False,,False
13,noise,noise_realization_01,noise_realization_01,16.0,40,20,0.5,0.6,0.25625,,False,,False
13,noise,noise_realization_01,noise_realization_01,32.0,40,20,0.5,0.5875,0.278125,,False,,False
13,noise,noise_realization_01,noise_realization_01,64.0,40,20,0.55,0.55,0.259375,,False,,False
13,noise,noise_realization_01,noise_realization_01,128.0,40,20,0.5625,0.5,0.23125,,False,,False
13,random,fixed_random__block_13__0000,0000,0.25,40,20,0.5,0.4375,-0.015625,,False,,False
13,random,fixed_random__block_13__0000,0000,0.5,40,20,0.5,0.5,0.0,,False,,False
13,random,fixed_random__block_13__0000,0000,1.0,40,20,0.5,0.55,0.015625,,False,,False
13,random,fixed_random__block_13__0000,0000,2.0,40,20,0.5,0.6125,0.034375,,False,,False
13,random,fixed_random__block_13__0000,0000,4.0,40,20,0.5,0.85,0.128125,,False,,False
13,random,fixed_random__block_13__0000,0000,8.0,40,20,0.5,0.7875,0.290625,,False,,False
13,random,fixed_random__block_13__0000,0000,16.0,40,20,0.5125,0.575,0.38125,,False,,False
13,random,fixed_random__block_13__0000,0000,32.0,40,20,0.5,0.525,0.3125,,False,,False
13,random,fixed_random__block_13__0000,0000,64.0,40,20,0.5,0.5125,0.334375,,False,,False
13,random,fixed_random__block_13__0000,0000,128.0,40,20,0.5,0.525,0.309375,,False,,False
13,random,fixed_random__block_13__0001,0001,0.25,40,20,0.5,0.5625,0.015625,,False,,False
13,random,fixed_random__block_13__0001,0001,0.5,40,20,0.5,0.4625,-0.009375,,False,,False
13,random,fixed_random__block_13__0001,0001,1.0,40,20,0.5,0.4375,-0.015625,,False,,False
13,random,fixed_random__block_13__0001,0001,2.0,40,20,0.5,0.4625,-0.015625,,False,,False
13,random,fixed_random__block_13__0001,0001,4.0,40,20,0.5,0.5625,0.028125,,False,,False
13,random,fixed_random__block_13__0001,0001,8.0,40,20,0.5,0.6,0.134375,,False,,False
13,random,fixed_random__block_13__0001,0001,16.0,40,20,0.5,0.55,0.23125,,False,,False
13,random,fixed_random__block_13__0001,0001,32.0,40,20,0.5,0.55,0.253125,,False,,False
13,random,fixed_random__block_13__0001,0001,64.0,40,20,0.5625,0.5,0.21875,,False,,False
13,random,fixed_random__block_13__0001,0001,128.0,40,20,0.55,0.5,0.215625,,False,,False
13,random,fixed_random__block_13__0002,0002,0.25,40,20,0.5,0.525,0.00625,,False,,False
13,random,fixed_random__block_13__0002,0002,0.5,40,20,0.5,0.5,0.0,,False,,False
13,random,fixed_random__block_13__0002,0002,1.0,40,20,0.5,0.5375,0.009375,,False,,False
13,random,fixed_random__block_13__0002,0002,2.0,40,20,0.5,0.5375,0.021875,,False,,False
13,random,fixed_random__block_13__0002,0002,4.0,40,20,0.5,0.6125,0.0875,,False,,False
13,random,fixed_random__block_13__0002,0002,8.0,40,20,0.5,0.725,0.2625,,False,,False
13,random,fixed_random__block_13__0002,0002,16.0,40,20,0.5,0.775,0.36875,,False,,False
13,random,fixed_random__block_13__0002,0002,32.0,40,20,0.5,0.6,0.3625,,False,,False
13,random,fixed_random__block_13__0002,0002,64.0,40,20,0.5,0.525,0.334375,,False,,False
13,random,fixed_random__block_13__0002,0002,128.0,40,20,0.5,0.5125,0.278125,,False,,False
13,random,fixed_random__block_13__0003,0003,0.25,40,20,0.5,0.55,0.0125,,False,,False
13,random,fixed_random__block_13__0003,0003,0.5,40,20,0.5,0.6125,0.028125,,False,,False
13,random,fixed_random__block_13__0003,0003,1.0,40,20,0.5,0.625,0.034375,,False,,False
13,random,fixed_random__block_13__0003,0003,2.0,40,20,0.5,0.7875,0.109375,,False,,False
13,random,fixed_random__block_13__0003,0003,4.0,40,20,0.5,0.8875,0.20625,,False,,False
13,random,fixed_random__block_13__0003,0003,8.0,40,20,0.5,0.925,0.34375,,False,,False
13,random,fixed_random__block_13__0003,0003,16.0,40,20,0.5,0.8875,0.409375,,False,,False
13,random,fixed_random__block_13__0003,0003,32.0,40,20,0.5,0.7375,0.40625,,False,,False
13,random,fixed_random__block_13__0003,0003,64.0,40,20,0.525,0.5375,0.384375,,False,,False
13,random,fixed_random__block_13__0003,0003,128.0,40,20,0.5,0.55,0.340625,,False,,False
13,random,fixed_random__block_13__0004,0004,0.25,40,20,0.5,0.525,0.00625,,False,,False
13,random,fixed_random__block_13__0004,0004,0.5,40,20,0.5,0.625,0.03125,,False,,False
13,random,fixed_random__block_13__0004,0004,1.0,40,20,0.5,0.65,0.046875,,False,,False
13,random,fixed_random__block_13__0004,0004,2.0,40,20,0.5,0.6875,0.078125,,False,,False
13,random,fixed_random__block_13__0004,0004,4.0,40,20,0.5,0.8125,0.19375,,False,,False
13,random,fixed_random__block_13__0004,0004,8.0,40,20,0.5,0.8875,0.34375,,False,,False
13,random,fixed_random__block_13__0004,0004,16.0,40,20,0.5,0.9,0.3875,,False,,False
13,random,fixed_random__block_13__0004,0004,32.0,40,20,0.5,0.8875,0.375,,False,,False
13,random,fixed_random__block_13__0004,0004,64.0,40,20,0.5,0.525,0.259375,,False,,False
13,random,fixed_random__block_13__0004,0004,128.0,40,20,0.5,0.7125,0.3578125,,False,,False
13,random,fixed_random__block_13__0005,0005,0.25,40,20,0.5,0.4875,0.0,,False,,False
13,random,fixed_random__block_13__0005,0005,0.5,40,20,0.5,0.5625,0.015625,,False,,False
13,random,fixed_random__block_13__0005,0005,1.0,40,20,0.5,0.5625,0.015625,,False,,False
13,random,fixed_random__block_13__0005,0005,2.0,40,20,0.5,0.7,0.078125,,False,,False
13,random,fixed_random__block_13__0005,0005,4.0,40,20,0.5,0.75,0.15,,False,,False
13,random,fixed_random__block_13__0005,0005,8.0,40,20,0.5,0.7875,0.2625,,False,,False
13,random,fixed_random__block_13__0005,0005,16.0,40,20,0.5,0.7625,0.328125,,False,,False
13,random,fixed_random__block_13__0005,0005,32.0,40,20,0.5,0.8,0.365625,,False,,False
13,random,fixed_random__block_13__0005,0005,64.0,40,20,0.5,0.85,0.475,,False,,False
13,random,fixed_random__block_13__0005,0005,128.0,40,20,0.5,0.825,0.5171875,,False,,False
13,random,fixed_random__block_13__0006,0006,0.25,40,20,0.5,0.575,0.021875,,False,,False
13,random,fixed_random__block_13__0006,0006,0.5,40,20,0.5,0.625,0.034375,,False,,False
13,random,fixed_random__block_13__0006,0006,1.0,40,20,0.5,0.75,0.075,,False,,False
13,random,fixed_random__block_13__0006,0006,2.0,40,20,0.5,0.8625,0.15,,False,,False
13,random,fixed_random__block_13__0006,0006,4.0,40,20,0.5,0.925,0.284375,,False,,False
13,random,fixed_random__block_13__0006,0006,8.0,40,20,0.5,0.8875,0.409375,,False,,False
13,random,fixed_random__block_13__0006,0006,16.0,40,20,0.5,0.8,0.428125,,False,,False
13,random,fixed_random__block_13__0006,0006,32.0,40,20,0.5,0.7,0.375,,False,,False
13,random,fixed_random__block_13__0006,0006,64.0,40,20,0.55,0.5125,0.309375,,False,,False
13,random,fixed_random__block_13__0006,0006,128.0,40,20,0.7375,0.5,0.3125,,False,,False
13,random,fixed_random__block_13__0007,0007,0.25,40,20,0.5,0.4375,-0.015625,,False,,False
13,random,fixed_random__block_13__0007,0007,0.5,40,20,0.5,0.45,-0.0125,,False,,False
13,random,fixed_random__block_13__0007,0007,1.0,40,20,0.5,0.35,-0.0375,,False,,False
13,random,fixed_random__block_13__0007,0007,2.0,40,20,0.5,0.2625,-0.06875,,False,,False
13,random,fixed_random__block_13__0007,0007,4.0,40,20,0.5,0.1875,-0.115625,,False,,False
13,random,fixed_random__block_13__0007,0007,8.0,40,20,0.5,0.4375,-0.00625,,False,,False
13,random,fixed_random__block_13__0007,0007,16.0,40,20,0.5,0.45,0.121875,,False,,False
13,random,fixed_random__block_13__0007,0007,32.0,40,20,0.5,0.475,0.134375,,False,,False
13,random,fixed_random__block_13__0007,0007,64.0,40,20,0.5125,0.5,0.203125,,False,,False
13,random,fixed_random__block_13__0007,0007,128.0,40,20,0.5,0.5,0.209375,,False,,False
13,random,fixed_random__block_13__0008,0008,0.25,40,20,0.5,0.5,0.0,,False,,False
13,random,fixed_random__block_13__0008,0008,0.5,40,20,0.5,0.4625,-0.009375,,False,,False
13,random,fixed_random__block_13__0008,0008,1.0,40,20,0.5,0.525,0.00625,,False,,False
13,random,fixed_random__block_13__0008,0008,2.0,40,20,0.5,0.6,0.028125,,False,,False
13,random,fixed_random__block_13__0008,0008,4.0,40,20,0.5,0.8875,0.128125,,False,,False
13,random,fixed_random__block_13__0008,0008,8.0,40,20,0.5,0.9125,0.271875,,False,,False
13,random,fixed_random__block_13__0008,0008,16.0,40,20,0.5,0.7375,0.3375,,False,,False
13,random,fixed_random__block_13__0008,0008,32.0,40,20,0.5,0.5375,0.271875,,False,,False
13,random,fixed_random__block_13__0008,0008,64.0,40,20,0.5125,0.5,0.275,,False,,False
13,random,fixed_random__block_13__0008,0008,128.0,40,20,0.5125,0.5,0.271875,,False,,False
13,random,fixed_random__block_13__0009,0009,0.25,40,20,0.5,0.5125,0.003125,100.86508480715834,True,,False
13,random,fixed_random__block_13__0009,0009,0.5,40,20,0.5,0.5125,0.003125,100.86508480715834,True,,False
13,random,fixed_random__block_13__0009,0009,1.0,40,20,0.5,0.5625,0.01875,100.86508480715834,True,,False
13,random,fixed_random__block_13__0009,0009,2.0,40,20,0.5,0.7,0.053125,100.86508480715834,True,,False
13,random,fixed_random__block_13__0009,0009,4.0,40,20,0.5,0.8125,0.15625,100.86508480715834,True,,False
13,random,fixed_random__block_13__0009,0009,8.0,40,20,0.5,0.8125,0.2875,100.86508480715834,True,,False
13,random,fixed_random__block_13__0009,0009,16.0,40,20,0.5,0.725,0.328125,100.86508480715834,True,,False
13,random,fixed_random__block_13__0009,0009,32.0,40,20,0.5,0.625,0.340625,100.86508480715834,True,,False
13,random,fixed_random__block_13__0009,0009,64.0,40,20,0.675,0.5,0.378125,100.86508480715834,True,,False
13,random,fixed_random__block_13__0009,0009,128.0,40,20,0.8,0.5,0.321875,100.86508480715834,True,,False
14,concept,concept__block_14__Dust,Dust,0.25,40,20,0.5,0.525,0.00625,,False,,False
14,concept,concept__block_14__Dust,Dust,0.5,40,20,0.5,0.575,0.01875,,False,,False
14,concept,concept__block_14__Dust,Dust,1.0,40,20,0.5,0.5625,0.015625,,False,,False
14,concept,concept__block_14__Dust,Dust,2.0,40,20,0.5,0.55,0.0125,,False,,False
14,concept,concept__block_14__Dust,Dust,4.0,40,20,0.5,0.725,0.059375,,False,,False
14,concept,concept__block_14__Dust,Dust,8.0,40,20,0.5,0.625,0.071875,,False,,False
14,concept,concept__block_14__Dust,Dust,16.0,40,20,0.5,0.5,0.09375,,False,,False
14,concept,concept__block_14__Dust,Dust,32.0,40,20,0.5,0.4875,-0.03125,,False,,False
14,concept,concept__block_14__Dust,Dust,64.0,40,20,0.5,0.5,-0.05703125,,False,,False
14,concept,concept__block_14__Dust,Dust,128.0,40,20,0.5,0.525,0.04609375,,False,,False
14,concept,concept__block_14__Illusions,Illusions,0.25,40,20,0.5,0.525,0.00625,,False,,False
14,concept,concept__block_14__Illusions,Illusions,0.5,40,20,0.5,0.425,-0.01875,,False,,False
14,concept,concept__block_14__Illusions,Illusions,1.0,40,20,0.5,0.4125,-0.021875,,False,,False
14,concept,concept__block_14__Illusions,Illusions,2.0,40,20,0.5,0.3625,-0.0375,,False,,False
14,concept,concept__block_14__Illusions,Illusions,4.0,40,20,0.5,0.2375,-0.06875,,False,,False
14,concept,concept__block_14__Illusions,Illusions,8.0,40,20,0.5,0.2125,-0.1125,,False,,False
14,concept,concept__block_14__Illusions,Illusions,16.0,40,20,0.5,0.35,-0.078125,,False,,False
14,concept,concept__block_14__Illusions,Illusions,32.0,40,20,0.5,0.3,-0.11875,,False,,False
14,concept,concept__block_14__Illusions,Illusions,64.0,40,20,0.4875,0.425,-0.13125,,False,,False
14,concept,concept__block_14__Illusions,Illusions,128.0,40,20,0.5,0.45,-0.140625,,False,,False
14,concept,concept__block_14__Origami,Origami,0.25,40,20,0.5,0.5,0.0,,False,,False
14,concept,concept__block_14__Origami,Origami,0.5,40,20,0.5,0.525,0.00625,,False,,False
14,concept,concept__block_14__Origami,Origami,1.0,40,20,0.5,0.4125,-0.021875,,False,,False
14,concept,concept__block_14__Origami,Origami,2.0,40,20,0.5,0.5125,0.003125,,False,,False
14,concept,concept__block_14__Origami,Origami,4.0,40,20,0.5,0.4,-0.028125,,False,,False
14,concept,concept__block_14__Origami,Origami,8.0,40,20,0.5,0.2875,-0.0625,,False,,False
14,concept,concept__block_14__Origami,Origami,16.0,40,20,0.5,0.2875,-0.071875,,False,,False
14,concept,concept__block_14__Origami,Origami,32.0,40,20,0.5,0.35,-0.075,,False,,False
14,concept,concept__block_14__Origami,Origami,64.0,40,20,0.5,0.3875,-0.0625,,False,,False
14,concept,concept__block_14__Origami,Origami,128.0,40,20,0.5,0.4625,-0.034375,,False,,False
14,concept,concept__block_14__Satellites,Satellites,0.25,40,20,0.5,0.5,0.0,,False,,False
14,concept,concept__block_14__Satellites,Satellites,0.5,40,20,0.5,0.5125,0.003125,,False,,False
14,concept,concept__block_14__Satellites,Satellites,1.0,40,20,0.5,0.45,-0.0125,,False,,False
14,concept,concept__block_14__Satellites,Satellites,2.0,40,20,0.5,0.3875,-0.028125,,False,,False
14,concept,concept__block_14__Satellites,Satellites,4.0,40,20,0.5,0.375,-0.034375,,False,,False
14,concept,concept__block_14__Satellites,Satellites,8.0,40,20,0.5,0.3625,-0.046875,,False,,False
14,concept,concept__block_14__Satellites,Satellites,16.0,40,20,0.5,0.4625,-0.025,,False,,False
14,concept,concept__block_14__Satellites,Satellites,32.0,40,20,0.5,0.5375,0.028125,,False,,False
14,concept,concept__block_14__Satellites,Satellites,64.0,40,20,0.5,0.5875,0.021875,,False,,False
14,concept,concept__block_14__Satellites,Satellites,128.0,40,20,0.5,0.5,0.025,,False,,False
14,concept,concept__block_14__Trumpets,Trumpets,0.25,40,20,0.5,0.5875,0.021875,,False,,False
14,concept,concept__block_14__Trumpets,Trumpets,0.5,40,20,0.5,0.5375,0.009375,,False,,False
14,concept,concept__block_14__Trumpets,Trumpets,1.0,40,20,0.5,0.575,0.01875,,False,,False
14,concept,concept__block_14__Trumpets,Trumpets,2.0,40,20,0.5,0.55,0.0125,,False,,False
14,concept,concept__block_14__Trumpets,Trumpets,4.0,40,20,0.5,0.525,0.015625,,False,,False
14,concept,concept__block_14__Trumpets,Trumpets,8.0,40,20,0.5,0.4125,-0.015625,,False,,False
14,concept,concept__block_14__Trumpets,Trumpets,16.0,40,20,0.5,0.4375,-0.03125,,False,,False
14,concept,concept__block_14__Trumpets,Trumpets,32.0,40,20,0.5,0.4875,0.003125,,False,,False
14,concept,concept__block_14__Trumpets,Trumpets,64.0,40,20,0.5,0.4875,0.025,,False,,False
14,concept,concept__block_14__Trumpets,Trumpets,128.0,40,20,0.5,0.5125,0.021875,,False,,False
14,concept,concept__block_14__appreciation,appreciation,0.25,40,20,0.5,0.4375,-0.01875,,False,,False
14,concept,concept__block_14__appreciation,appreciation,0.5,40,20,0.5,0.45,-0.0125,,False,,False
14,concept,concept__block_14__appreciation,appreciation,1.0,40,20,0.5,0.4625,-0.009375,,False,,False
14,concept,concept__block_14__appreciation,appreciation,2.0,40,20,0.5,0.375,-0.034375,,False,,False
14,concept,concept__block_14__appreciation,appreciation,4.0,40,20,0.5,0.375,-0.034375,,False,,False
14,concept,concept__block_14__appreciation,appreciation,8.0,40,20,0.5,0.4875,-0.009375,,False,,False
14,concept,concept__block_14__appreciation,appreciation,16.0,40,20,0.5,0.6125,0.0375,,False,,False
14,concept,concept__block_14__appreciation,appreciation,32.0,40,20,0.5,0.5875,0.021875,,False,,False
14,concept,concept__block_14__appreciation,appreciation,64.0,40,20,0.5,0.6,0.0125,,False,,False
14,concept,concept__block_14__appreciation,appreciation,128.0,40,20,0.5,0.4875,-0.01875,,False,,False
14,concept,concept__block_14__betrayal,betrayal,0.25,40,20,0.5,0.4625,-0.009375,,False,,False
14,concept,concept__block_14__betrayal,betrayal,0.5,40,20,0.5,0.4,-0.025,,False,,False
14,concept,concept__block_14__betrayal,betrayal,1.0,40,20,0.5,0.4875,-0.003125,,False,,False
14,concept,concept__block_14__betrayal,betrayal,2.0,40,20,0.5,0.375,-0.03125,,False,,False
14,concept,concept__block_14__betrayal,betrayal,4.0,40,20,0.5,0.3125,-0.053125,,False,,False
14,concept,concept__block_14__betrayal,betrayal,8.0,40,20,0.5,0.4375,-0.021875,,False,,False
14,concept,concept__block_14__betrayal,betrayal,16.0,40,20,0.5,0.4625,-0.015625,,False,,False
14,concept,concept__block_14__betrayal,betrayal,32.0,40,20,0.5,0.525,0.00625,,False,,False
14,concept,concept__block_14__betrayal,betrayal,64.0,40,20,0.5,0.525,0.0,,False,,False
14,concept,concept__block_14__betrayal,betrayal,128.0,40,20,0.5,0.5,0.0,,False,,False
14,concept,concept__block_14__fibonacci_numbers,fibonacci_numbers,0.25,40,20,0.5,0.4625,-0.009375,,False,,False
14,concept,concept__block_14__fibonacci_numbers,fibonacci_numbers,0.5,40,20,0.5,0.5,0.0,,False,,False
14,concept,concept__block_14__fibonacci_numbers,fibonacci_numbers,1.0,40,20,0.5,0.525,0.00625,,False,,False
14,concept,concept__block_14__fibonacci_numbers,fibonacci_numbers,2.0,40,20,0.5,0.4,-0.025,,False,,False
14,concept,concept__block_14__fibonacci_numbers,fibonacci_numbers,4.0,40,20,0.5,0.5,0.00625,,False,,False
14,concept,concept__block_14__fibonacci_numbers,fibonacci_numbers,8.0,40,20,0.5,0.475,0.0125,,False,,False
14,concept,concept__block_14__fibonacci_numbers,fibonacci_numbers,16.0,40,20,0.5,0.5875,0.04375,,False,,False
14,concept,concept__block_14__fibonacci_numbers,fibonacci_numbers,32.0,40,20,0.5,0.5,-0.009375,,False,,False
14,concept,concept__block_14__fibonacci_numbers,fibonacci_numbers,64.0,40,20,0.5,0.525,-0.075,,False,,False
14,concept,concept__block_14__fibonacci_numbers,fibonacci_numbers,128.0,40,20,0.4875,0.475,-0.078125,,False,,False
14,concept,concept__block_14__recursion,recursion,0.25,40,20,0.5,0.4875,-0.003125,,False,,False
14,concept,concept__block_14__recursion,recursion,0.5,40,20,0.5,0.4875,-0.003125,,False,,False
14,concept,concept__block_14__recursion,recursion,1.0,40,20,0.5,0.4625,-0.0125,,False,,False
14,concept,concept__block_14__recursion,recursion,2.0,40,20,0.5,0.4875,0.0,,False,,False
14,concept,concept__block_14__recursion,recursion,4.0,40,20,0.5,0.425,-0.015625,,False,,False
14,concept,concept__block_14__recursion,recursion,8.0,40,20,0.5,0.4125,-0.025,,False,,False
14,concept,concept__block_14__recursion,recursion,16.0,40,20,0.5,0.4125,-0.021875,,False,,False
14,concept,concept__block_14__recursion,recursion,32.0,40,20,0.5,0.4625,-0.015625,,False,,False
14,concept,concept__block_14__recursion,recursion,64.0,40,20,0.5,0.4375,-0.009375,,False,,False
14,concept,concept__block_14__recursion,recursion,128.0,40,20,0.5,0.5,-0.003125,,False,,False
14,concept,concept__block_14__shutdown,shutdown,0.25,40,20,0.5,0.475,-0.00625,,False,,False
14,concept,concept__block_14__shutdown,shutdown,0.5,40,20,0.5,0.525,0.00625,,False,,False
14,concept,concept__block_14__shutdown,shutdown,1.0,40,20,0.5,0.4375,-0.015625,,False,,False
14,concept,concept__block_14__shutdown,shutdown,2.0,40,20,0.5,0.425,-0.01875,,False,,False
14,concept,concept__block_14__shutdown,shutdown,4.0,40,20,0.5,0.4125,-0.025,,False,,False
14,concept,concept__block_14__shutdown,shutdown,8.0,40,20,0.5,0.475,-0.0125,,False,,False
14,concept,concept__block_14__shutdown,shutdown,16.0,40,20,0.5,0.525,0.003125,,False,,False
14,concept,concept__block_14__shutdown,shutdown,32.0,40,20,0.5,0.4375,-0.01875,,False,,False
14,concept,concept__block_14__shutdown,shutdown,64.0,40,20,0.5,0.5125,-0.003125,,False,,False
14,concept,concept__block_14__shutdown,shutdown,128.0,40,20,0.5,0.5125,0.0125,,False,,False
14,dropout,dropout_realization_00,dropout_realization_00,0.25,40,20,0.5,0.475,-0.00625,,False,,False
14,dropout,dropout_realization_00,dropout_realization_00,0.5,40,20,0.5,0.5875,0.021875,,False,,False
14,dropout,dropout_realization_00,dropout_realization_00,1.0,40,20,0.5,0.5125,0.003125,,False,,False
14,dropout,dropout_realization_00,dropout_realization_00,2.0,40,20,0.5,0.5,-0.00625,,False,,False
14,dropout,dropout_realization_00,dropout_realization_00,4.0,40,20,0.5,0.5125,0.009375,,False,,False
14,dropout,dropout_realization_00,dropout_realization_00,8.0,40,20,0.5,0.4625,0.034375,,False,,False
14,dropout,dropout_realization_00,dropout_realization_00,16.0,40,20,0.5,0.55,0.065625,,False,,False
14,dropout,dropout_realization_00,dropout_realization_00,32.0,40,20,0.5,0.5,-0.00625,,False,,False
14,dropout,dropout_realization_00,dropout_realization_00,64.0,40,20,0.5,0.475,-0.171875,,False,,False
14,dropout,dropout_realization_00,dropout_realization_00,128.0,40,20,0.5,0.5,-0.0421875,,False,,False
14,dropout,dropout_realization_01,dropout_realization_01,0.25,40,20,0.5,0.5125,0.003125,,False,,False
14,dropout,dropout_realization_01,dropout_realization_01,0.5,40,20,0.5,0.55,0.0125,,False,,False
14,dropout,dropout_realization_01,dropout_realization_01,1.0,40,20,0.5,0.45,-0.0125,,False,,False
14,dropout,dropout_realization_01,dropout_realization_01,2.0,40,20,0.5,0.4375,-0.015625,,False,,False
14,dropout,dropout_realization_01,dropout_realization_01,4.0,40,20,0.5,0.4875,-0.003125,,False,,False
14,dropout,dropout_realization_01,dropout_realization_01,8.0,40,20,0.5,0.5625,0.028125,,False,,False
14,dropout,dropout_realization_01,dropout_realization_01,16.0,40,20,0.5,0.525,0.04375,,False,,False
14,dropout,dropout_realization_01,dropout_realization_01,32.0,40,20,0.475,0.4125,-0.08125,,False,,False
14,dropout,dropout_realization_01,dropout_realization_01,64.0,40,20,0.45,0.475,-0.1484375,,False,,False
14,dropout,dropout_realization_01,dropout_realization_01,128.0,40,20,0.5,0.4875,-0.1296875,,False,,False
14,noise,noise_realization_00,noise_realization_00,0.25,40,20,0.5,0.475,-0.00625,,False,,False
14,noise,noise_realization_00,noise_realization_00,0.5,40,20,0.5,0.5125,0.003125,,False,,False
14,noise,noise_realization_00,noise_realization_00,1.0,40,20,0.5,0.45,-0.0125,,False,,False
14,noise,noise_realization_00,noise_realization_00,2.0,40,20,0.5,0.475,-0.00625,,False,,False
14,noise,noise_realization_00,noise_realization_00,4.0,40,20,0.5,0.4875,0.0,,False,,False
14,noise,noise_realization_00,noise_realization_00,8.0,40,20,0.5,0.475,0.003125,,False,,False
14,noise,noise_realization_00,noise_realization_00,16.0,40,20,0.5,0.4875,-0.0125,,False,,False
14,noise,noise_realization_00,noise_realization_00,32.0,40,20,0.5,0.4625,-0.028125,,False,,False
14,noise,noise_realization_00,noise_realization_00,64.0,40,20,0.5,0.525,0.01875,,False,,False
14,noise,noise_realization_00,noise_realization_00,128.0,40,20,0.5,0.5125,-0.04375,,False,,False
14,noise,noise_realization_01,noise_realization_01,0.25,40,20,0.5,0.55,0.0125,,False,,False
14,noise,noise_realization_01,noise_realization_01,0.5,40,20,0.5,0.475,-0.00625,,False,,False
14,noise,noise_realization_01,noise_realization_01,1.0,40,20,0.5,0.475,-0.00625,,False,,False
14,noise,noise_realization_01,noise_realization_01,2.0,40,20,0.5,0.55,0.0125,,False,,False
14,noise,noise_realization_01,noise_realization_01,4.0,40,20,0.5,0.525,0.00625,,False,,False
14,noise,noise_realization_01,noise_realization_01,8.0,40,20,0.5,0.5125,0.00625,,False,,False
14,noise,noise_realization_01,noise_realization_01,16.0,40,20,0.5,0.4875,-0.021875,,False,,False
14,noise,noise_realization_01,noise_realization_01,32.0,40,20,0.5,0.5,0.0125,,False,,False
14,noise,noise_realization_01,noise_realization_01,64.0,40,20,0.5,0.5,0.034375,,False,,False
14,noise,noise_realization_01,noise_realization_01,128.0,40,20,0.5,0.4875,0.025,,False,,False
14,random,fixed_random__block_14__0000,0000,0.25,40,20,0.5,0.4625,-0.009375,,False,,False
14,random,fixed_random__block_14__0000,0000,0.5,40,20,0.5,0.4875,-0.003125,,False,,False
14,random,fixed_random__block_14__0000,0000,1.0,40,20,0.5,0.4875,-0.003125,,False,,False
14,random,fixed_random__block_14__0000,0000,2.0,40,20,0.5,0.5,0.0,,False,,False
14,random,fixed_random__block_14__0000,0000,4.0,40,20,0.5,0.5875,0.021875,,False,,False
14,random,fixed_random__block_14__0000,0000,8.0,40,20,0.5,0.5125,0.003125,,False,,False
14,random,fixed_random__block_14__0000,0000,16.0,40,20,0.5,0.5125,-0.00625,,False,,False
14,random,fixed_random__block_14__0000,0000,32.0,40,20,0.5,0.525,0.0125,,False,,False
14,random,fixed_random__block_14__0000,0000,64.0,40,20,0.5,0.5,0.0,,False,,False
14,random,fixed_random__block_14__0000,0000,128.0,40,20,0.5,0.4375,-0.0125,,False,,False
14,random,fixed_random__block_14__0001,0001,0.25,40,20,0.5,0.5125,0.003125,,False,,False
14,random,fixed_random__block_14__0001,0001,0.5,40,20,0.5,0.425,-0.01875,,False,,False
14,random,fixed_random__block_14__0001,0001,1.0,40,20,0.5,0.425,-0.01875,,False,,False
14,random,fixed_random__block_14__0001,0001,2.0,40,20,0.5,0.525,0.00625,,False,,False
14,random,fixed_random__block_14__0001,0001,4.0,40,20,0.5,0.3875,-0.028125,,False,,False
14,random,fixed_random__block_14__0001,0001,8.0,40,20,0.5,0.3875,-0.0625,,False,,False
14,random,fixed_random__block_14__0001,0001,16.0,40,20,0.5,0.425,-0.0625,,False,,False
14,random,fixed_random__block_14__0001,0001,32.0,40,20,0.5,0.475,-0.046875,,False,,False
14,random,fixed_random__block_14__0001,0001,64.0,40,20,0.5,0.525,0.03125,,False,,False
14,random,fixed_random__block_14__0001,0001,128.0,40,20,0.5,0.4875,-0.0171875,,False,,False
14,random,fixed_random__block_14__0002,0002,0.25,40,20,0.5,0.4625,-0.009375,,False,,False
14,random,fixed_random__block_14__0002,0002,0.5,40,20,0.5,0.4875,-0.003125,,False,,False
14,random,fixed_random__block_14__0002,0002,1.0,40,20,0.5,0.4875,-0.003125,,False,,False
14,random,fixed_random__block_14__0002,0002,2.0,40,20,0.5,0.425,-0.01875,,False,,False
14,random,fixed_random__block_14__0002,0002,4.0,40,20,0.5,0.425,-0.01875,,False,,False
14,random,fixed_random__block_14__0002,0002,8.0,40,20,0.5,0.375,-0.0375,,False,,False
14,random,fixed_random__block_14__0002,0002,16.0,40,20,0.5,0.45,-0.046875,,False,,False
14,random,fixed_random__block_14__0002,0002,32.0,40,20,0.5,0.4875,-0.053125,,False,,False
14,random,fixed_random__block_14__0002,0002,64.0,40,20,0.5,0.4375,-0.03125,,False,,False
14,random,fixed_random__block_14__0002,0002,128.0,40,20,0.5,0.4625,-0.053125,,False,,False
14,random,fixed_random__block_14__0003,0003,0.25,40,20,0.5,0.4625,-0.009375,,False,,False
14,random,fixed_random__block_14__0003,0003,0.5,40,20,0.5,0.5125,0.003125,,False,,False
14,random,fixed_random__block_14__0003,0003,1.0,40,20,0.5,0.575,0.01875,,False,,False
14,random,fixed_random__block_14__0003,0003,2.0,40,20,0.5,0.5875,0.021875,,False,,False
14,random,fixed_random__block_14__0003,0003,4.0,40,20,0.5,0.6,0.028125,,False,,False
14,random,fixed_random__block_14__0003,0003,8.0,40,20,0.5,0.6125,0.03125,,False,,False
14,random,fixed_random__block_14__0003,0003,16.0,40,20,0.5,0.4375,-0.01875,,False,,False
14,random,fixed_random__block_14__0003,0003,32.0,40,20,0.5,0.4,-0.053125,,False,,False
14,random,fixed_random__block_14__0003,0003,64.0,40,20,0.5,0.4875,-0.021875,,False,,False
14,random,fixed_random__block_14__0003,0003,128.0,40,20,0.5,0.475,-0.003125,,False,,False
14,random,fixed_random__block_14__0004,0004,0.25,40,20,0.5,0.5,0.0,,False,,False
14,random,fixed_random__block_14__0004,0004,0.5,40,20,0.5,0.5,0.0,,False,,False
14,random,fixed_random__block_14__0004,0004,1.0,40,20,0.5,0.475,-0.00625,,False,,False
14,random,fixed_random__block_14__0004,0004,2.0,40,20,0.5,0.4375,-0.015625,,False,,False
14,random,fixed_random__block_14__0004,0004,4.0,40,20,0.5,0.5,0.0,,False,,False
14,random,fixed_random__block_14__0004,0004,8.0,40,20,0.5,0.45,-0.0125,,False,,False
14,random,fixed_random__block_14__0004,0004,16.0,40,20,0.5,0.3875,-0.053125,,False,,False
14,random,fixed_random__block_14__0004,0004,32.0,40,20,0.5,0.3625,-0.05,,False,,False
14,random,fixed_random__block_14__0004,0004,64.0,40,20,0.5,0.3875,-0.05,,False,,False
14,random,fixed_random__block_14__0004,0004,128.0,40,20,0.5,0.45,-0.059375,,False,,False
14,random,fixed_random__block_14__0005,0005,0.25,40,20,0.5,0.425,-0.01875,,False,,False
14,random,fixed_random__block_14__0005,0005,0.5,40,20,0.5,0.4875,-0.003125,,False,,False
14,random,fixed_random__block_14__0005,0005,1.0,40,20,0.5,0.4875,-0.003125,,False,,False
14,random,fixed_random__block_14__0005,0005,2.0,40,20,0.5,0.5125,0.003125,,False,,False
14,random,fixed_random__block_14__0005,0005,4.0,40,20,0.5,0.5375,0.009375,,False,,False
14,random,fixed_random__block_14__0005,0005,8.0,40,20,0.5,0.4125,-0.021875,,False,,False
14,random,fixed_random__block_14__0005,0005,16.0,40,20,0.5,0.4125,-0.04375,,False,,False
14,random,fixed_random__block_14__0005,0005,32.0,40,20,0.5,0.4625,-0.06875,,False,,False
14,random,fixed_random__block_14__0005,0005,64.0,40,20,0.5,0.5,-0.028125,,False,,False
14,random,fixed_random__block_14__0005,0005,128.0,40,20,0.5,0.5,-0.03125,,False,,False
14,random,fixed_random__block_14__0006,0006,0.25,40,20,0.5,0.5125,0.003125,,False,,False
14,random,fixed_random__block_14__0006,0006,0.5,40,20,0.5,0.55,0.0125,,False,,False
14,random,fixed_random__block_14__0006,0006,1.0,40,20,0.5,0.575,0.01875,,False,,False
14,random,fixed_random__block_14__0006,0006,2.0,40,20,0.5,0.7125,0.05625,,False,,False
14,random,fixed_random__block_14__0006,0006,4.0,40,20,0.5,0.8375,0.115625,,False,,False
14,random,fixed_random__block_14__0006,0006,8.0,40,20,0.5,0.8125,0.1875,,False,,False
14,random,fixed_random__block_14__0006,0006,16.0,40,20,0.5,0.5375,0.11875,,False,,False
14,random,fixed_random__block_14__0006,0006,32.0,40,20,0.5,0.5,0.034375,,False,,False
14,random,fixed_random__block_14__0006,0006,64.0,40,20,0.5375,0.5,0.021875,,False,,False
14,random,fixed_random__block_14__0006,0006,128.0,40,20,0.4875,0.5,0.00625,,False,,False
14,random,fixed_random__block_14__0007,0007,0.25,40,20,0.5,0.55,0.0125,,False,,False
14,random,fixed_random__block_14__0007,0007,0.5,40,20,0.5,0.475,-0.00625,,False,,False
14,random,fixed_random__block_14__0007,0007,1.0,40,20,0.5,0.55,0.0125,,False,,False
14,random,fixed_random__block_14__0007,0007,2.0,40,20,0.5,0.3625,-0.034375,,False,,False
14,random,fixed_random__block_14__0007,0007,4.0,40,20,0.5,0.4125,-0.025,,False,,False
14,random,fixed_random__block_14__0007,0007,8.0,40,20,0.5,0.2625,-0.071875,,False,,False
14,random,fixed_random__block_14__0007,0007,16.0,40,20,0.5,0.1875,-0.1125,,False,,False
14,random,fixed_random__block_14__0007,0007,32.0,40,20,0.5,0.325,-0.0875,,False,,False
14,random,fixed_random__block_14__0007,0007,64.0,40,20,0.5,0.475,-0.05,,False,,False
14,random,fixed_random__block_14__0007,0007,128.0,40,20,0.5,0.475,-0.0515625,,False,,False
14,random,fixed_random__block_14__0008,0008,0.25,40,20,0.5,0.4875,-0.003125,,False,,False
14,random,fixed_random__block_14__0008,0008,0.5,40,20,0.5,0.5,0.0,,False,,False
14,random,fixed_random__block_14__0008,0008,1.0,40,20,0.5,0.5,0.0,,False,,False
14,random,fixed_random__block_14__0008,0008,2.0,40,20,0.5,0.5125,0.003125,,False,,False
14,random,fixed_random__block_14__0008,0008,4.0,40,20,0.5,0.6,0.025,,False,,False
14,random,fixed_random__block_14__0008,0008,8.0,40,20,0.5,0.55,0.01875,,False,,False
14,random,fixed_random__block_14__0008,0008,16.0,40,20,0.5,0.5125,-0.015625,,False,,False
14,random,fixed_random__block_14__0008,0008,32.0,40,20,0.5125,0.5,-0.015625,,False,,False
14,random,fixed_random__block_14__0008,0008,64.0,40,20,0.4625,0.5,-0.0375,,False,,False
14,random,fixed_random__block_14__0008,0008,128.0,40,20,0.4625,0.5,-0.046875,,False,,False
14,random,fixed_random__block_14__0009,0009,0.25,40,20,0.5,0.6,0.025,,False,,False
14,random,fixed_random__block_14__0009,0009,0.5,40,20,0.5,0.55,0.0125,,False,,False
14,random,fixed_random__block_14__0009,0009,1.0,40,20,0.5,0.5375,0.009375,,False,,False
14,random,fixed_random__block_14__0009,0009,2.0,40,20,0.5,0.575,0.01875,,False,,False
14,random,fixed_random__block_14__0009,0009,4.0,40,20,0.5,0.6875,0.046875,,False,,False
14,random,fixed_random__block_14__0009,0009,8.0,40,20,0.5,0.6625,0.065625,,False,,False
14,random,fixed_random__block_14__0009,0009,16.0,40,20,0.5,0.4625,-0.009375,,False,,False
14,random,fixed_random__block_14__0009,0009,32.0,40,20,0.5,0.4625,-0.03125,,False,,False
14,random,fixed_random__block_14__0009,0009,64.0,40,20,0.5,0.475,-0.0375,,False,,False
14,random,fixed_random__block_14__0009,0009,128.0,40,20,0.5,0.475,-0.03125,,False,,False
15,concept,concept__block_15__Dust,Dust,0.25,40,20,0.5,0.5,0.0,,False,,False
15,concept,concept__block_15__Dust,Dust,0.5,40,20,0.5,0.525,0.00625,,False,,False
15,concept,concept__block_15__Dust,Dust,1.0,40,20,0.5,0.575,0.01875,,False,,False
15,concept,concept__block_15__Dust,Dust,2.0,40,20,0.5,0.625,0.03125,,False,,False
15,concept,concept__block_15__Dust,Dust,4.0,40,20,0.5,0.775,0.078125,,False,,False
15,concept,concept__block_15__Dust,Dust,8.0,40,20,0.5,0.8875,0.115625,,False,,False
15,concept,concept__block_15__Dust,Dust,16.0,40,20,0.5,0.8625,0.165625,,False,,False
15,concept,concept__block_15__Dust,Dust,32.0,40,20,0.5,0.5875,0.065625,,False,,False
15,concept,concept__block_15__Dust,Dust,64.0,40,20,0.5,0.5625,0.0234375,,False,,False
15,concept,concept__block_15__Dust,Dust,128.0,40,20,0.5,0.525,0.040625,,False,,False
15,concept,concept__block_15__Illusions,Illusions,0.25,40,20,0.5,0.4625,-0.0125,,False,,False
15,concept,concept__block_15__Illusions,Illusions,0.5,40,20,0.5,0.4,-0.025,,False,,False
15,concept,concept__block_15__Illusions,Illusions,1.0,40,20,0.5,0.4125,-0.021875,,False,,False
15,concept,concept__block_15__Illusions,Illusions,2.0,40,20,0.5,0.4,-0.025,,False,,False
15,concept,concept__block_15__Illusions,Illusions,4.0,40,20,0.5,0.275,-0.0625,,False,,False
15,concept,concept__block_15__Illusions,Illusions,8.0,40,20,0.5,0.2125,-0.0875,,False,,False
15,concept,concept__block_15__Illusions,Illusions,16.0,40,20,0.5,0.3,-0.078125,,False,,False
15,concept,concept__block_15__Illusions,Illusions,32.0,40,20,0.5,0.45,-0.028125,,False,,False
15,concept,concept__block_15__Illusions,Illusions,64.0,40,20,0.5,0.425,-0.05,,False,,False
15,concept,concept__block_15__Illusions,Illusions,128.0,40,20,0.5,0.4875,-0.059375,,False,,False
15,concept,concept__block_15__Origami,Origami,0.25,40,20,0.5,0.4875,-0.003125,,False,,False
15,concept,concept__block_15__Origami,Origami,0.5,40,20,0.5,0.5,0.0,,False,,False
15,concept,concept__block_15__Origami,Origami,1.0,40,20,0.5,0.4375,-0.015625,,False,,False
15,concept,concept__block_15__Origami,Origami,2.0,40,20,0.5,0.4125,-0.025,,False,,False
15,concept,concept__block_15__Origami,Origami,4.0,40,20,0.5,0.45,-0.0125,,False,,False
15,concept,concept__block_15__Origami,Origami,8.0,40,20,0.5,0.4375,-0.0125,,False,,False
15,concept,concept__block_15__Origami,Origami,16.0,40,20,0.5,0.3375,-0.05,,False,,False
15,concept,concept__block_15__Origami,Origami,32.0,40,20,0.5,0.3125,-0.059375,,False,,False
15,concept,concept__block_15__Origami,Origami,64.0,40,20,0.5,0.45,-0.0375,,False,,False
15,concept,concept__block_15__Origami,Origami,128.0,40,20,0.5,0.375,-0.04375,,False,,False
15,concept,concept__block_15__Satellites,Satellites,0.25,40,20,0.5,0.45,-0.0125,,False,,False
15,concept,concept__block_15__Satellites,Satellites,0.5,40,20,0.5,0.475,-0.00625,,False,,False
15,concept,concept__block_15__Satellites,Satellites,1.0,40,20,0.5,0.475,-0.00625,,False,,False
15,concept,concept__block_15__Satellites,Satellites,2.0,40,20,0.5,0.45,-0.0125,,False,,False
15,concept,concept__block_15__Satellites,Satellites,4.0,40,20,0.5,0.3875,-0.028125,,False,,False
15,concept,concept__block_15__Satellites,Satellites,8.0,40,20,0.5,0.3875,-0.034375,,False,,False
15,concept,concept__block_15__Satellites,Satellites,16.0,40,20,0.5,0.4625,-0.009375,,False,,False
15,concept,concept__block_15__Satellites,Satellites,32.0,40,20,0.5,0.525,0.025,,False,,False
15,concept,concept__block_15__Satellites,Satellites,64.0,40,20,0.5,0.5125,0.00625,,False,,False
15,concept,concept__block_15__Satellites,Satellites,128.0,40,20,0.5,0.5375,0.015625,,False,,False
15,concept,concept__block_15__Trumpets,Trumpets,0.25,40,20,0.5,0.5,0.0,,False,,False
15,concept,concept__block_15__Trumpets,Trumpets,0.5,40,20,0.5,0.525,0.00625,,False,,False
15,concept,concept__block_15__Trumpets,Trumpets,1.0,40,20,0.5,0.5125,0.003125,,False,,False
15,concept,concept__block_15__Trumpets,Trumpets,2.0,40,20,0.5,0.5625,0.021875,,False,,False
15,concept,concept__block_15__Trumpets,Trumpets,4.0,40,20,0.5,0.6375,0.0375,,False,,False
15,concept,concept__block_15__Trumpets,Trumpets,8.0,40,20,0.5,0.625,0.040625,,False,,False
15,concept,concept__block_15__Trumpets,Trumpets,16.0,40,20,0.5,0.4875,0.03125,,False,,False
15,concept,concept__block_15__Trumpets,Trumpets,32.0,40,20,0.5,0.525,0.025,,False,,False
15,concept,concept__block_15__Trumpets,Trumpets,64.0,40,20,0.5,0.5,0.009375,,False,,False
15,concept,concept__block_15__Trumpets,Trumpets,128.0,40,20,0.5,0.5,0.015625,,False,,False
15,concept,concept__block_15__appreciation,appreciation,0.25,40,20,0.5,0.4125,-0.021875,,False,,False
15,concept,concept__block_15__appreciation,appreciation,0.5,40,20,0.5,0.425,-0.021875,,False,,False
15,concept,concept__block_15__appreciation,appreciation,1.0,40,20,0.5,0.4,-0.025,,False,,False
15,concept,concept__block_15__appreciation,appreciation,2.0,40,20,0.5,0.4,-0.03125,,False,,False
15,concept,concept__block_15__appreciation,appreciation,4.0,40,20,0.5,0.4,-0.028125,,False,,False
15,concept,concept__block_15__appreciation,appreciation,8.0,40,20,0.5,0.45,-0.0125,,False,,False
15,concept,concept__block_15__appreciation,appreciation,16.0,40,20,0.5,0.4625,-0.015625,,False,,False
15,concept,concept__block_15__appreciation,appreciation,32.0,40,20,0.5,0.45,-0.009375,,False,,False
15,concept,concept__block_15__appreciation,appreciation,64.0,40,20,0.5,0.4875,0.0125,,False,,False
15,concept,concept__block_15__appreciation,appreciation,128.0,40,20,0.5,0.5125,0.0,,False,,False
15,concept,concept__block_15__betrayal,betrayal,0.25,40,20,0.5,0.525,0.00625,,False,,False
15,concept,concept__block_15__betrayal,betrayal,0.5,40,20,0.5,0.45,-0.0125,,False,,False
15,concept,concept__block_15__betrayal,betrayal,1.0,40,20,0.5,0.4625,-0.009375,,False,,False
15,concept,concept__block_15__betrayal,betrayal,2.0,40,20,0.5,0.4,-0.025,,False,,False
15,concept,concept__block_15__betrayal,betrayal,4.0,40,20,0.5,0.375,-0.0375,,False,,False
15,concept,concept__block_15__betrayal,betrayal,8.0,40,20,0.5,0.3875,-0.0375,,False,,False
15,concept,concept__block_15__betrayal,betrayal,16.0,40,20,0.5,0.475,-0.015625,,False,,False
15,concept,concept__block_15__betrayal,betrayal,32.0,40,20,0.5,0.5,0.00625,,False,,False
15,concept,concept__block_15__betrayal,betrayal,64.0,40,20,0.5,0.5125,0.0125,,False,,False
15,concept,concept__block_15__betrayal,betrayal,128.0,40,20,0.5,0.4875,-0.015625,,False,,False
15,concept,concept__block_15__fibonacci_numbers,fibonacci_numbers,0.25,40,20,0.5,0.4375,-0.015625,,False,,False
15,concept,concept__block_15__fibonacci_numbers,fibonacci_numbers,0.5,40,20,0.5,0.4625,-0.009375,,False,,False
15,concept,concept__block_15__fibonacci_numbers,fibonacci_numbers,1.0,40,20,0.5,0.5,0.0,,False,,False
15,concept,concept__block_15__fibonacci_numbers,fibonacci_numbers,2.0,40,20,0.5,0.4,-0.025,,False,,False
15,concept,concept__block_15__fibonacci_numbers,fibonacci_numbers,4.0,40,20,0.5,0.4,-0.025,,False,,False
15,concept,concept__block_15__fibonacci_numbers,fibonacci_numbers,8.0,40,20,0.5,0.4,-0.040625,,False,,False
15,concept,concept__block_15__fibonacci_numbers,fibonacci_numbers,16.0,40,20,0.5,0.45,-0.025,,False,,False
15,concept,concept__block_15__fibonacci_numbers,fibonacci_numbers,32.0,40,20,0.5,0.5,-0.015625,,False,,False
15,concept,concept__block_15__fibonacci_numbers,fibonacci_numbers,64.0,40,20,0.4875,0.5,-0.028125,,False,,False
15,concept,concept__block_15__fibonacci_numbers,fibonacci_numbers,128.0,40,20,0.5,0.5,-0.0375,,False,,False
15,concept,concept__block_15__recursion,recursion,0.25,40,20,0.5,0.525,0.00625,,False,,False
15,concept,concept__block_15__recursion,recursion,0.5,40,20,0.5,0.525,0.00625,,False,,False
15,concept,concept__block_15__recursion,recursion,1.0,40,20,0.5,0.45,-0.0125,,False,,False
15,concept,concept__block_15__recursion,recursion,2.0,40,20,0.5,0.425,-0.01875,,False,,False
15,concept,concept__block_15__recursion,recursion,4.0,40,20,0.5,0.45,-0.009375,,False,,False
15,concept,concept__block_15__recursion,recursion,8.0,40,20,0.5,0.4375,-0.015625,,False,,False
15,concept,concept__block_15__recursion,recursion,16.0,40,20,0.5,0.4625,-0.01875,,False,,False
15,concept,concept__block_15__recursion,recursion,32.0,40,20,0.5,0.3875,-0.03125,,False,,False
15,concept,concept__block_15__recursion,recursion,64.0,40,20,0.5,0.4125,-0.015625,,False,,False
15,concept,concept__block_15__recursion,recursion,128.0,40,20,0.5,0.475,-0.01875,,False,,False
15,concept,concept__block_15__shutdown,shutdown,0.25,40,20,0.5,0.5,0.0,,False,,False
15,concept,concept__block_15__shutdown,shutdown,0.5,40,20,0.5,0.4375,-0.015625,,False,,False
15,concept,concept__block_15__shutdown,shutdown,1.0,40,20,0.5,0.4125,-0.021875,,False,,False
15,concept,concept__block_15__shutdown,shutdown,2.0,40,20,0.5,0.4375,-0.01875,,False,,False
15,concept,concept__block_15__shutdown,shutdown,4.0,40,20,0.5,0.375,-0.034375,,False,,False
15,concept,concept__block_15__shutdown,shutdown,8.0,40,20,0.5,0.3875,-0.03125,,False,,False
15,concept,concept__block_15__shutdown,shutdown,16.0,40,20,0.5,0.4625,-0.01875,,False,,False
15,concept,concept__block_15__shutdown,shutdown,32.0,40,20,0.5,0.475,-0.003125,,False,,False
15,concept,concept__block_15__shutdown,shutdown,64.0,40,20,0.5,0.45,-0.01875,,False,,False
15,concept,concept__block_15__shutdown,shutdown,128.0,40,20,0.5,0.4875,-0.01875,,False,,False
15,dropout,dropout_realization_00,dropout_realization_00,0.25,40,20,0.5,0.5,0.0,,False,,False
15,dropout,dropout_realization_00,dropout_realization_00,0.5,40,20,0.5,0.5125,0.003125,,False,,False
15,dropout,dropout_realization_00,dropout_realization_00,1.0,40,20,0.5,0.5,0.0,,False,,False
15,dropout,dropout_realization_00,dropout_realization_00,2.0,40,20,0.5,0.5625,0.015625,,False,,False
15,dropout,dropout_realization_00,dropout_realization_00,4.0,40,20,0.5,0.55,0.01875,,False,,False
15,dropout,dropout_realization_00,dropout_realization_00,8.0,40,20,0.5,0.6125,0.075,,False,,False
15,dropout,dropout_realization_00,dropout_realization_00,16.0,40,20,0.5,0.5625,0.028125,,False,,False
15,dropout,dropout_realization_00,dropout_realization_00,32.0,40,20,0.525,0.45,0.015625,,False,,False
15,dropout,dropout_realization_00,dropout_realization_00,64.0,40,20,0.5,0.4,-0.1625,,False,,False
15,dropout,dropout_realization_00,dropout_realization_00,128.0,40,20,0.525,0.45,-0.0515625,,False,,False
15,dropout,dropout_realization_01,dropout_realization_01,0.25,40,20,0.5,0.5125,0.003125,,False,,False
15,dropout,dropout_realization_01,dropout_realization_01,0.5,40,20,0.5,0.5,0.0,,False,,False
15,dropout,dropout_realization_01,dropout_realization_01,1.0,40,20,0.5,0.475,-0.00625,,False,,False
15,dropout,dropout_realization_01,dropout_realization_01,2.0,40,20,0.5,0.475,-0.003125,,False,,False
15,dropout,dropout_realization_01,dropout_realization_01,4.0,40,20,0.5,0.5,0.009375,,False,,False
15,dropout,dropout_realization_01,dropout_realization_01,8.0,40,20,0.5,0.5875,0.015625,,False,,False
15,dropout,dropout_realization_01,dropout_realization_01,16.0,40,20,0.5,0.4875,-0.03125,,False,,False
15,dropout,dropout_realization_01,dropout_realization_01,32.0,40,20,0.5,0.3875,-0.046875,,False,,False
15,dropout,dropout_realization_01,dropout_realization_01,64.0,40,20,0.525,0.5125,0.06875,,False,,False
15,dropout,dropout_realization_01,dropout_realization_01,128.0,40,20,0.525,0.55,0.1015625,,False,,False
15,noise,noise_realization_00,noise_realization_00,0.25,40,20,0.5,0.525,0.00625,,False,,False
15,noise,noise_realization_00,noise_realization_00,0.5,40,20,0.5,0.475,-0.00625,,False,,False
15,noise,noise_realization_00,noise_realization_00,1.0,40,20,0.5,0.5,0.0,,False,,False
15,noise,noise_realization_00,noise_realization_00,2.0,40,20,0.5,0.425,-0.01875,,False,,False
15,noise,noise_realization_00,noise_realization_00,4.0,40,20,0.5,0.5,0.0,,False,,False
15,noise,noise_realization_00,noise_realization_00,8.0,40,20,0.5,0.4125,-0.025,,False,,False
15,noise,noise_realization_00,noise_realization_00,16.0,40,20,0.5,0.5,0.00625,,False,,False
15,noise,noise_realization_00,noise_realization_00,32.0,40,20,0.5,0.4375,-0.015625,,False,,False
15,noise,noise_realization_00,noise_realization_00,64.0,40,20,0.5,0.5125,-0.0375,,False,,False
15,noise,noise_realization_00,noise_realization_00,128.0,40,20,0.5,0.525,-0.01875,,False,,False
15,noise,noise_realization_01,noise_realization_01,0.25,40,20,0.5,0.5625,0.015625,,False,,False
15,noise,noise_realization_01,noise_realization_01,0.5,40,20,0.5,0.475,-0.00625,,False,,False
15,noise,noise_realization_01,noise_realization_01,1.0,40,20,0.5,0.5,0.0,,False,,False
15,noise,noise_realization_01,noise_realization_01,2.0,40,20,0.5,0.55,0.0125,,False,,False
15,noise,noise_realization_01,noise_realization_01,4.0,40,20,0.5,0.4375,-0.0125,,False,,False
15,noise,noise_realization_01,noise_realization_01,8.0,40,20,0.5,0.5375,0.00625,,False,,False
15,noise,noise_realization_01,noise_realization_01,16.0,40,20,0.5,0.475,-0.003125,,False,,False
15,noise,noise_realization_01,noise_realization_01,32.0,40,20,0.5,0.4875,-0.01875,,False,,False
15,noise,noise_realization_01,noise_realization_01,64.0,40,20,0.5,0.5125,0.034375,,False,,False
15,noise,noise_realization_01,noise_realization_01,128.0,40,20,0.5,0.4375,-0.009375,,False,,False
15,random,fixed_random__block_15__0000,0000,0.25,40,20,0.5,0.5125,0.003125,,False,,False
15,random,fixed_random__block_15__0000,0000,0.5,40,20,0.5,0.5625,0.015625,,False,,False
15,random,fixed_random__block_15__0000,0000,1.0,40,20,0.5,0.5375,0.009375,,False,,False
15,random,fixed_random__block_15__0000,0000,2.0,40,20,0.5,0.6375,0.0375,,False,,False
15,random,fixed_random__block_15__0000,0000,4.0,40,20,0.5,0.7,0.053125,,False,,False
15,random,fixed_random__block_15__0000,0000,8.0,40,20,0.5,0.6875,0.053125,,False,,False
15,random,fixed_random__block_15__0000,0000,16.0,40,20,0.5,0.6,0.04375,,False,,False
15,random,fixed_random__block_15__0000,0000,32.0,40,20,0.5,0.5125,0.03125,,False,,False
15,random,fixed_random__block_15__0000,0000,64.0,40,20,0.5,0.4625,0.0,,False,,False
15,random,fixed_random__block_15__0000,0000,128.0,40,20,0.5,0.5,-0.015625,,False,,False
15,random,fixed_random__block_15__0001,0001,0.25,40,20,0.5,0.4875,-0.003125,,False,,False
15,random,fixed_random__block_15__0001,0001,0.5,40,20,0.5,0.5375,0.009375,,False,,False
15,random,fixed_random__block_15__0001,0001,1.0,40,20,0.5,0.5125,0.003125,,False,,False
15,random,fixed_random__block_15__0001,0001,2.0,40,20,0.5,0.475,-0.00625,,False,,False
15,random,fixed_random__block_15__0001,0001,4.0,40,20,0.5,0.4875,0.0,,False,,False
15,random,fixed_random__block_15__0001,0001,8.0,40,20,0.5,0.55,0.0125,,False,,False
15,random,fixed_random__block_15__0001,0001,16.0,40,20,0.5,0.4125,-0.01875,,False,,False
15,random,fixed_random__block_15__0001,0001,32.0,40,20,0.5,0.4,-0.03125,,False,,False
15,random,fixed_random__block_15__0001,0001,64.0,40,20,0.5,0.475,-0.0125,,False,,False
15,random,fixed_random__block_15__0001,0001,128.0,40,20,0.4875,0.5,-0.046875,,False,,False
15,random,fixed_random__block_15__0002,0002,0.25,40,20,0.5,0.475,-0.00625,,False,,False
15,random,fixed_random__block_15__0002,0002,0.5,40,20,0.5,0.5,0.0,,False,,False
15,random,fixed_random__block_15__0002,0002,1.0,40,20,0.5,0.4625,-0.009375,,False,,False
15,random,fixed_random__block_15__0002,0002,2.0,40,20,0.5,0.45,-0.0125,,False,,False
15,random,fixed_random__block_15__0002,0002,4.0,40,20,0.5,0.3875,-0.028125,,False,,False
15,random,fixed_random__block_15__0002,0002,8.0,40,20,0.5,0.425,-0.01875,,False,,False
15,random,fixed_random__block_15__0002,0002,16.0,40,20,0.5,0.4875,0.003125,,False,,False
15,random,fixed_random__block_15__0002,0002,32.0,40,20,0.5,0.4375,-0.015625,,False,,False
15,random,fixed_random__block_15__0002,0002,64.0,40,20,0.5,0.4875,-0.025,,False,,False
15,random,fixed_random__block_15__0002,0002,128.0,40,20,0.5,0.5,-0.034375,,False,,False
15,random,fixed_random__block_15__0003,0003,0.25,40,20,0.5,0.4625,-0.009375,,False,,False
15,random,fixed_random__block_15__0003,0003,0.5,40,20,0.5,0.4875,-0.003125,,False,,False
15,random,fixed_random__block_15__0003,0003,1.0,40,20,0.5,0.5625,0.015625,,False,,False
15,random,fixed_random__block_15__0003,0003,2.0,40,20,0.5,0.5375,0.009375,,False,,False
15,random,fixed_random__block_15__0003,0003,4.0,40,20,0.5,0.575,0.01875,,False,,False
15,random,fixed_random__block_15__0003,0003,8.0,40,20,0.5,0.625,0.034375,,False,,False
15,random,fixed_random__block_15__0003,0003,16.0,40,20,0.5,0.55,0.028125,,False,,False
15,random,fixed_random__block_15__0003,0003,32.0,40,20,0.5,0.5125,0.015625,,False,,False
15,random,fixed_random__block_15__0003,0003,64.0,40,20,0.5,0.5,-0.00625,,False,,False
15,random,fixed_random__block_15__0003,0003,128.0,40,20,0.5,0.4875,-0.01875,,False,,False
15,random,fixed_random__block_15__0004,0004,0.25,40,20,0.5,0.525,0.00625,,False,,False
15,random,fixed_random__block_15__0004,0004,0.5,40,20,0.5,0.5375,0.009375,,False,,False
15,random,fixed_random__block_15__0004,0004,1.0,40,20,0.5,0.5125,0.003125,,False,,False
15,random,fixed_random__block_15__0004,0004,2.0,40,20,0.5,0.5,0.0,,False,,False
15,random,fixed_random__block_15__0004,0004,4.0,40,20,0.5,0.45,-0.009375,,False,,False
15,random,fixed_random__block_15__0004,0004,8.0,40,20,0.5,0.475,-0.0125,,False,,False
15,random,fixed_random__block_15__0004,0004,16.0,40,20,0.5,0.4625,-0.0125,,False,,False
15,random,fixed_random__block_15__0004,0004,32.0,40,20,0.5,0.45,-0.021875,,False,,False
15,random,fixed_random__block_15__0004,0004,64.0,40,20,0.5,0.5,-0.009375,,False,,False
15,random,fixed_random__block_15__0004,0004,128.0,40,20,0.5,0.4875,-0.009375,,False,,False
15,random,fixed_random__block_15__0005,0005,0.25,40,20,0.5,0.5,0.0,,False,,False
15,random,fixed_random__block_15__0005,0005,0.5,40,20,0.5,0.425,-0.01875,,False,,False
15,random,fixed_random__block_15__0005,0005,1.0,40,20,0.5,0.475,-0.00625,,False,,False
15,random,fixed_random__block_15__0005,0005,2.0,40,20,0.5,0.4875,-0.003125,,False,,False
15,random,fixed_random__block_15__0005,0005,4.0,40,20,0.5,0.4375,-0.015625,,False,,False
15,random,fixed_random__block_15__0005,0005,8.0,40,20,0.5,0.425,-0.021875,,False,,False
15,random,fixed_random__block_15__0005,0005,16.0,40,20,0.5,0.4625,-0.028125,,False,,False
15,random,fixed_random__block_15__0005,0005,32.0,40,20,0.5,0.4125,-0.05,,False,,False
15,random,fixed_random__block_15__0005,0005,64.0,40,20,0.5,0.4875,-0.009375,,False,,False
15,random,fixed_random__block_15__0005,0005,128.0,40,20,0.5,0.475,-0.028125,,False,,False
15,random,fixed_random__block_15__0006,0006,0.25,40,20,0.5,0.5375,0.009375,,False,,False
15,random,fixed_random__block_15__0006,0006,0.5,40,20,0.5,0.4375,-0.015625,,False,,False
15,random,fixed_random__block_15__0006,0006,1.0,40,20,0.5,0.4625,-0.009375,,False,,False
15,random,fixed_random__block_15__0006,0006,2.0,40,20,0.5,0.475,-0.00625,,False,,False
15,random,fixed_random__block_15__0006,0006,4.0,40,20,0.5,0.4,-0.025,,False,,False
15,random,fixed_random__block_15__0006,0006,8.0,40,20,0.5,0.2625,-0.065625,,False,,False
15,random,fixed_random__block_15__0006,0006,16.0,40,20,0.5,0.2125,-0.109375,,False,,False
15,random,fixed_random__block_15__0006,0006,32.0,40,20,0.5,0.275,-0.090625,,False,,False
15,random,fixed_random__block_15__0006,0006,64.0,40,20,0.5,0.5,-0.04375,,False,,False
15,random,fixed_random__block_15__0006,0006,128.0,40,20,0.5,0.4875,-0.034375,,False,,False
15,random,fixed_random__block_15__0007,0007,0.25,40,20,0.5,0.4625,-0.009375,,False,,False
15,random,fixed_random__block_15__0007,0007,0.5,40,20,0.5,0.525,0.00625,,False,,False
15,random,fixed_random__block_15__0007,0007,1.0,40,20,0.5,0.525,0.00625,,False,,False
15,random,fixed_random__block_15__0007,0007,2.0,40,20,0.5,0.55,0.0125,,False,,False
15,random,fixed_random__block_15__0007,0007,4.0,40,20,0.5,0.6625,0.046875,,False,,False
15,random,fixed_random__block_15__0007,0007,8.0,40,20,0.5,0.875,0.11875,,False,,False
15,random,fixed_random__block_15__0007,0007,16.0,40,20,0.5,0.725,0.071875,,False,,False
15,random,fixed_random__block_15__0007,0007,32.0,40,20,0.5,0.625,0.040625,,False,,False
15,random,fixed_random__block_15__0007,0007,64.0,40,20,0.5,0.5375,0.003125,,False,,False
15,random,fixed_random__block_15__0007,0007,128.0,40,20,0.5,0.5125,-0.009375,,False,,False
15,random,fixed_random__block_15__0008,0008,0.25,40,20,0.5,0.45,-0.0125,,False,,False
15,random,fixed_random__block_15__0008,0008,0.5,40,20,0.5,0.5375,0.009375,,False,,False
15,random,fixed_random__block_15__0008,0008,1.0,40,20,0.5,0.525,0.00625,,False,,False
15,random,fixed_random__block_15__0008,0008,2.0,40,20,0.5,0.45,-0.0125,,False,,False
15,random,fixed_random__block_15__0008,0008,4.0,40,20,0.5,0.45,-0.0125,,False,,False
15,random,fixed_random__block_15__0008,0008,8.0,40,20,0.5,0.325,-0.04375,,False,,False
15,random,fixed_random__block_15__0008,0008,16.0,40,20,0.5,0.3,-0.0625,,False,,False
15,random,fixed_random__block_15__0008,0008,32.0,40,20,0.5,0.325,-0.06875,,False,,False
15,random,fixed_random__block_15__0008,0008,64.0,40,20,0.5,0.3875,-0.034375,,False,,False
15,random,fixed_random__block_15__0008,0008,128.0,40,20,0.5,0.3875,-0.046875,,False,,False
15,random,fixed_random__block_15__0009,0009,0.25,40,20,0.5,0.5,0.0,,False,,False
15,random,fixed_random__block_15__0009,0009,0.5,40,20,0.5,0.55,0.0125,,False,,False
15,random,fixed_random__block_15__0009,0009,1.0,40,20,0.5,0.5375,0.009375,,False,,False
15,random,fixed_random__block_15__0009,0009,2.0,40,20,0.5,0.525,0.00625,,False,,False
15,random,fixed_random__block_15__0009,0009,4.0,40,20,0.5,0.525,0.00625,,False,,False
15,random,fixed_random__block_15__0009,0009,8.0,40,20,0.5,0.6,0.025,,False,,False
15,random,fixed_random__block_15__0009,0009,16.0,40,20,0.5,0.575,0.025,,False,,False
15,random,fixed_random__block_15__0009,0009,32.0,40,20,0.5,0.45,-0.025,,False,,False
15,random,fixed_random__block_15__0009,0009,64.0,40,20,0.5,0.4125,-0.0375,,False,,False
15,random,fixed_random__block_15__0009,0009,128.0,40,20,0.5,0.5125,-0.015625,,False,,False
16,concept,concept__block_16__Dust,Dust,0.25,40,20,0.5,0.5,0.0,,False,,False
16,concept,concept__block_16__Dust,Dust,0.5,40,20,0.5,0.5125,0.003125,,False,,False
16,concept,concept__block_16__Dust,Dust,1.0,40,20,0.5,0.5625,0.015625,,False,,False
16,concept,concept__block_16__Dust,Dust,2.0,40,20,0.5,0.55,0.0125,,False,,False
16,concept,concept__block_16__Dust,Dust,4.0,40,20,0.5,0.5625,0.015625,,False,,False
16,concept,concept__block_16__Dust,Dust,8.0,40,20,0.5,0.4875,-0.015625,,False,,False
16,concept,concept__block_16__Dust,Dust,16.0,40,20,0.5,0.525,0.009375,,False,,False
16,concept,concept__block_16__Dust,Dust,32.0,40,20,0.525,0.5,0.046875,,False,,False
16,concept,concept__block_16__Dust,Dust,64.0,40,20,0.525,0.5,0.04375,,False,,False
16,concept,concept__block_16__Dust,Dust,128.0,40,20,0.5,0.625,0.0328125,,False,,False
16,concept,concept__block_16__Illusions,Illusions,0.25,40,20,0.5,0.525,0.00625,,False,,False
16,concept,concept__block_16__Illusions,Illusions,0.5,40,20,0.5,0.4625,-0.009375,,False,,False
16,concept,concept__block_16__Illusions,Illusions,1.0,40,20,0.5,0.4625,-0.009375,,False,,False
16,concept,concept__block_16__Illusions,Illusions,2.0,40,20,0.5,0.325,-0.04375,,False,,False
16,concept,concept__block_16__Illusions,Illusions,4.0,40,20,0.5,0.225,-0.078125,,False,,False
16,concept,concept__block_16__Illusions,Illusions,8.0,40,20,0.5,0.1,-0.134375,,False,,False
16,concept,concept__block_16__Illusions,Illusions,16.0,40,20,0.5,0.2125,-0.125,,False,,False
16,concept,concept__block_16__Illusions,Illusions,32.0,40,20,0.5,0.3,-0.06875,,False,,False
16,concept,concept__block_16__Illusions,Illusions,64.0,40,20,0.5,0.3625,-0.065625,,False,,False
16,concept,concept__block_16__Illusions,Illusions,128.0,40,20,0.5,0.5,-0.065625,,False,,False
16,concept,concept__block_16__Origami,Origami,0.25,40,20,0.5,0.525,0.00625,,False,,False
16,concept,concept__block_16__Origami,Origami,0.5,40,20,0.5,0.55,0.0125,,False,,False
16,concept,concept__block_16__Origami,Origami,1.0,40,20,0.5,0.525,0.00625,,False,,False
16,concept,concept__block_16__Origami,Origami,2.0,40,20,0.5,0.4625,-0.00625,,False,,False
16,concept,concept__block_16__Origami,Origami,4.0,40,20,0.5,0.4875,-0.003125,,False,,False
16,concept,concept__block_16__Origami,Origami,8.0,40,20,0.5,0.4,-0.03125,,False,,False
16,concept,concept__block_16__Origami,Origami,16.0,40,20,0.5,0.425,-0.025,,False,,False
16,concept,concept__block_16__Origami,Origami,32.0,40,20,0.5,0.4875,-0.00625,,False,,False
16,concept,concept__block_16__Origami,Origami,64.0,40,20,0.5,0.475,0.003125,,False,,False
16,concept,concept__block_16__Origami,Origami,128.0,40,20,0.5,0.475,0.009375,,False,,False
16,concept,concept__block_16__Satellites,Satellites,0.25,40,20,0.5,0.475,-0.00625,,False,,False
16,concept,concept__block_16__Satellites,Satellites,0.5,40,20,0.5,0.475,-0.00625,,False,,False
16,concept,concept__block_16__Satellites,Satellites,1.0,40,20,0.5,0.475,-0.00625,,False,,False
16,concept,concept__block_16__Satellites,Satellites,2.0,40,20,0.5,0.4375,-0.01875,,False,,False
16,concept,concept__block_16__Satellites,Satellites,4.0,40,20,0.5,0.4,-0.025,,False,,False
16,concept,concept__block_16__Satellites,Satellites,8.0,40,20,0.5,0.3125,-0.046875,,False,,False
16,concept,concept__block_16__Satellites,Satellites,16.0,40,20,0.5,0.3375,-0.040625,,False,,False
16,concept,concept__block_16__Satellites,Satellites,32.0,40,20,0.5,0.5,-0.00625,,False,,False
16,concept,concept__block_16__Satellites,Satellites,64.0,40,20,0.5,0.6125,0.0125,,False,,False
16,concept,concept__block_16__Satellites,Satellites,128.0,40,20,0.5,0.5,0.015625,,False,,False
16,concept,concept__block_16__Trumpets,Trumpets,0.25,40,20,0.5,0.4625,-0.009375,,False,,False
16,concept,concept__block_16__Trumpets,Trumpets,0.5,40,20,0.5,0.525,0.00625,,False,,False
16,concept,concept__block_16__Trumpets,Trumpets,1.0,40,20,0.5,0.525,0.00625,,False,,False
16,concept,concept__block_16__Trumpets,Trumpets,2.0,40,20,0.5,0.525,0.009375,,False,,False
16,concept,concept__block_16__Trumpets,Trumpets,4.0,40,20,0.5,0.575,0.021875,,False,,False
16,concept,concept__block_16__Trumpets,Trumpets,8.0,40,20,0.5,0.45,-0.00625,,False,,False
16,concept,concept__block_16__Trumpets,Trumpets,16.0,40,20,0.5,0.525,0.015625,,False,,False
16,concept,concept__block_16__Trumpets,Trumpets,32.0,40,20,0.5,0.5125,0.021875,,False,,False
16,concept,concept__block_16__Trumpets,Trumpets,64.0,40,20,0.5,0.5,0.01875,,False,,False
16,concept,concept__block_16__Trumpets,Trumpets,128.0,40,20,0.5,0.5,0.040625,,False,,False
16,concept,concept__block_16__appreciation,appreciation,0.25,40,20,0.5,0.475,-0.00625,,False,,False
16,concept,concept__block_16__appreciation,appreciation,0.5,40,20,0.5,0.45,-0.0125,,False,,False
16,concept,concept__block_16__appreciation,appreciation,1.0,40,20,0.5,0.4375,-0.015625,,False,,False
16,concept,concept__block_16__appreciation,appreciation,2.0,40,20,0.5,0.4125,-0.021875,,False,,False
16,concept,concept__block_16__appreciation,appreciation,4.0,40,20,0.5,0.375,-0.040625,,False,,False
16,concept,concept__block_16__appreciation,appreciation,8.0,40,20,0.5,0.3875,-0.034375,,False,,False
16,concept,concept__block_16__appreciation,appreciation,16.0,40,20,0.5,0.425,-0.021875,,False,,False
16,concept,concept__block_16__appreciation,appreciation,32.0,40,20,0.5,0.4375,-0.01875,,False,,False
16,concept,concept__block_16__appreciation,appreciation,64.0,40,20,0.5,0.5125,0.009375,,False,,False
16,concept,concept__block_16__appreciation,appreciation,128.0,40,20,0.5,0.5375,0.015625,,False,,False
16,concept,concept__block_16__betrayal,betrayal,0.25,40,20,0.5,0.4625,-0.009375,,False,,False
16,concept,concept__block_16__betrayal,betrayal,0.5,40,20,0.5,0.4875,-0.003125,,False,,False
16,concept,concept__block_16__betrayal,betrayal,1.0,40,20,0.5,0.5,0.0,,False,,False
16,concept,concept__block_16__betrayal,betrayal,2.0,40,20,0.5,0.425,-0.01875,,False,,False
16,concept,concept__block_16__betrayal,betrayal,4.0,40,20,0.5,0.375,-0.034375,,False,,False
16,concept,concept__block_16__betrayal,betrayal,8.0,40,20,0.5,0.275,-0.075,,False,,False
16,concept,concept__block_16__betrayal,betrayal,16.0,40,20,0.5,0.2375,-0.103125,,False,,False
16,concept,concept__block_16__betrayal,betrayal,32.0,40,20,0.5,0.475,-0.040625,,False,,False
16,concept,concept__block_16__betrayal,betrayal,64.0,40,20,0.5,0.5125,0.0125,,False,,False
16,concept,concept__block_16__betrayal,betrayal,128.0,40,20,0.5,0.5,0.00625,,False,,False
16,concept,concept__block_16__fibonacci_numbers,fibonacci_numbers,0.25,40,20,0.5,0.525,0.00625,,False,,False
16,concept,concept__block_16__fibonacci_numbers,fibonacci_numbers,0.5,40,20,0.5,0.5125,0.003125,,False,,False
16,concept,concept__block_16__fibonacci_numbers,fibonacci_numbers,1.0,40,20,0.5,0.4875,0.0,,False,,False
16,concept,concept__block_16__fibonacci_numbers,fibonacci_numbers,2.0,40,20,0.5,0.45,-0.0125,,False,,False
16,concept,concept__block_16__fibonacci_numbers,fibonacci_numbers,4.0,40,20,0.5,0.3375,-0.040625,,False,,False
16,concept,concept__block_16__fibonacci_numbers,fibonacci_numbers,8.0,40,20,0.5,0.425,-0.025,,False,,False
16,concept,concept__block_16__fibonacci_numbers,fibonacci_numbers,16.0,40,20,0.5,0.375,-0.04375,,False,,False
16,concept,concept__block_16__fibonacci_numbers,fibonacci_numbers,32.0,40,20,0.5,0.4375,-0.03125,,False,,False
16,concept,concept__block_16__fibonacci_numbers,fibonacci_numbers,64.0,40,20,0.5,0.5,-0.040625,,False,,False
16,concept,concept__block_16__fibonacci_numbers,fibonacci_numbers,128.0,40,20,0.5,0.5,-0.025,,False,,False
16,concept,concept__block_16__recursion,recursion,0.25,40,20,0.5,0.4875,-0.003125,,False,,False
16,concept,concept__block_16__recursion,recursion,0.5,40,20,0.5,0.55,0.0125,,False,,False
16,concept,concept__block_16__recursion,recursion,1.0,40,20,0.5,0.4625,-0.00625,,False,,False
16,concept,concept__block_16__recursion,recursion,2.0,40,20,0.5,0.4625,-0.009375,,False,,False
16,concept,concept__block_16__recursion,recursion,4.0,40,20,0.5,0.4875,0.0,,False,,False
16,concept,concept__block_16__recursion,recursion,8.0,40,20,0.5,0.45,-0.0125,,False,,False
16,concept,concept__block_16__recursion,recursion,16.0,40,20,0.5,0.4625,0.0,,False,,False
16,concept,concept__block_16__recursion,recursion,32.0,40,20,0.5,0.4625,-0.003125,,False,,False
16,concept,concept__block_16__recursion,recursion,64.0,40,20,0.5,0.4625,0.0,,False,,False
16,concept,concept__block_16__recursion,recursion,128.0,40,20,0.5,0.4875,0.0,,False,,False
16,concept,concept__block_16__shutdown,shutdown,0.25,40,20,0.5,0.4625,-0.009375,,False,,False
16,concept,concept__block_16__shutdown,shutdown,0.5,40,20,0.5,0.425,-0.01875,,False,,False
16,concept,concept__block_16__shutdown,shutdown,1.0,40,20,0.5,0.4125,-0.021875,,False,,False
16,concept,concept__block_16__shutdown,shutdown,2.0,40,20,0.5,0.3875,-0.028125,,False,,False
16,concept,concept__block_16__shutdown,shutdown,4.0,40,20,0.5,0.45,-0.01875,,False,,False
16,concept,concept__block_16__shutdown,shutdown,8.0,40,20,0.5,0.4125,-0.028125,,False,,False
16,concept,concept__block_16__shutdown,shutdown,16.0,40,20,0.5,0.375,-0.03125,,False,,False
16,concept,concept__block_16__shutdown,shutdown,32.0,40,20,0.5,0.4625,-0.025,,False,,False
16,concept,concept__block_16__shutdown,shutdown,64.0,40,20,0.5,0.5,0.003125,,False,,False
16,concept,concept__block_16__shutdown,shutdown,128.0,40,20,0.5,0.5,-0.003125,,False,,False
16,dropout,dropout_realization_00,dropout_realization_00,0.25,40,20,0.5,0.5125,0.003125,,False,,False
16,dropout,dropout_realization_00,dropout_realization_00,0.5,40,20,0.5,0.475,-0.00625,,False,,False
16,dropout,dropout_realization_00,dropout_realization_00,1.0,40,20,0.5,0.475,-0.00625,,False,,False
16,dropout,dropout_realization_00,dropout_realization_00,2.0,40,20,0.5,0.4625,-0.009375,,False,,False
16,dropout,dropout_realization_00,dropout_realization_00,4.0,40,20,0.5,0.4875,0.0,,False,,False
16,dropout,dropout_realization_00,dropout_realization_00,8.0,40,20,0.5,0.475,-0.0125,,False,,False
16,dropout,dropout_realization_00,dropout_realization_00,16.0,40,20,0.5,0.4125,-0.0125,,False,,False
16,dropout,dropout_realization_00,dropout_realization_00,32.0,40,20,0.5,0.475,-0.025,,False,,False
16,dropout,dropout_realization_00,dropout_realization_00,64.0,40,20,0.525,0.5125,0.11875,,False,,False
16,dropout,dropout_realization_00,dropout_realization_00,128.0,40,20,0.5125,0.4375,0.0140625,,False,,False
16,dropout,dropout_realization_01,dropout_realization_01,0.25,40,20,0.5,0.475,-0.00625,,False,,False
16,dropout,dropout_realization_01,dropout_realization_01,0.5,40,20,0.5,0.5625,0.015625,,False,,False
16,dropout,dropout_realization_01,dropout_realization_01,1.0,40,20,0.5,0.55,0.0125,,False,,False
16,dropout,dropout_realization_01,dropout_realization_01,2.0,40,20,0.5,0.4875,0.0,,False,,False
16,dropout,dropout_realization_01,dropout_realization_01,4.0,40,20,0.5,0.5125,0.003125,,False,,False
16,dropout,dropout_realization_01,dropout_realization_01,8.0,40,20,0.5,0.4625,-0.01875,,False,,False
16,dropout,dropout_realization_01,dropout_realization_01,16.0,40,20,0.5,0.425,-0.015625,,False,,False
16,dropout,dropout_realization_01,dropout_realization_01,32.0,40,20,0.5,0.4375,-0.090625,,False,,False
16,dropout,dropout_realization_01,dropout_realization_01,64.0,40,20,0.525,0.525,0.14375,,False,,False
16,dropout,dropout_realization_01,dropout_realization_01,128.0,40,20,0.5,0.5,0.0,,False,,False
16,noise,noise_realization_00,noise_realization_00,0.25,40,20,0.5,0.525,0.00625,,False,,False
16,noise,noise_realization_00,noise_realization_00,0.5,40,20,0.5,0.525,0.00625,,False,,False
16,noise,noise_realization_00,noise_realization_00,1.0,40,20,0.5,0.475,-0.00625,,False,,False
16,noise,noise_realization_00,noise_realization_00,2.0,40,20,0.5,0.4875,-0.003125,,False,,False
16,noise,noise_realization_00,noise_realization_00,4.0,40,20,0.5,0.45,-0.0125,,False,,False
16,noise,noise_realization_00,noise_realization_00,8.0,40,20,0.5,0.4,-0.025,,False,,False
16,noise,noise_realization_00,noise_realization_00,16.0,40,20,0.5,0.3625,-0.040625,,False,,False
16,noise,noise_realization_00,noise_realization_00,32.0,40,20,0.5,0.45,-0.034375,,False,,False
16,noise,noise_realization_00,noise_realization_00,64.0,40,20,0.5,0.5375,0.025,,False,,False
16,noise,noise_realization_00,noise_realization_00,128.0,40,20,0.5,0.525,0.06875,,False,,False
16,noise,noise_realization_01,noise_realization_01,0.25,40,20,0.5,0.5125,0.003125,,False,,False
16,noise,noise_realization_01,noise_realization_01,0.5,40,20,0.5,0.525,0.00625,,False,,False
16,noise,noise_realization_01,noise_realization_01,1.0,40,20,0.5,0.5,0.0,,False,,False
16,noise,noise_realization_01,noise_realization_01,2.0,40,20,0.5,0.45,-0.0125,,False,,False
16,noise,noise_realization_01,noise_realization_01,4.0,40,20,0.5,0.5,0.003125,,False,,False
16,noise,noise_realization_01,noise_realization_01,8.0,40,20,0.5,0.45,-0.0125,,False,,False
16,noise,noise_realization_01,noise_realization_01,16.0,40,20,0.5,0.4,-0.0375,,False,,False
16,noise,noise_realization_01,noise_realization_01,32.0,40,20,0.5,0.425,-0.0375,,False,,False
16,noise,noise_realization_01,noise_realization_01,64.0,40,20,0.5,0.5,0.009375,,False,,False
16,noise,noise_realization_01,noise_realization_01,128.0,40,20,0.5,0.475,0.00625,,False,,False
16,random,fixed_random__block_16__0000,0000,0.25,40,20,0.5,0.5,0.0,,False,,False
16,random,fixed_random__block_16__0000,0000,0.5,40,20,0.5,0.525,0.00625,,False,,False
16,random,fixed_random__block_16__0000,0000,1.0,40,20,0.5,0.5125,0.003125,,False,,False
16,random,fixed_random__block_16__0000,0000,2.0,40,20,0.5,0.5375,0.009375,,False,,False
16,random,fixed_random__block_16__0000,0000,4.0,40,20,0.5,0.4625,-0.009375,,False,,False
16,random,fixed_random__block_16__0000,0000,8.0,40,20,0.5,0.3625,-0.0375,,False,,False
16,random,fixed_random__block_16__0000,0000,16.0,40,20,0.5,0.4,-0.0375,,False,,False
16,random,fixed_random__block_16__0000,0000,32.0,40,20,0.5,0.475,-0.03125,,False,,False
16,random,fixed_random__block_16__0000,0000,64.0,40,20,0.4875,0.5,-0.01875,,False,,False
16,random,fixed_random__block_16__0000,0000,128.0,40,20,0.5,0.5,-0.009375,,False,,False
16,random,fixed_random__block_16__0001,0001,0.25,40,20,0.5,0.525,0.00625,,False,,False
16,random,fixed_random__block_16__0001,0001,0.5,40,20,0.5,0.525,0.00625,,False,,False
16,random,fixed_random__block_16__0001,0001,1.0,40,20,0.5,0.55,0.0125,,False,,False
16,random,fixed_random__block_16__0001,0001,2.0,40,20,0.5,0.5625,0.015625,,False,,False
16,random,fixed_random__block_16__0001,0001,4.0,40,20,0.5,0.525,0.00625,,False,,False
16,random,fixed_random__block_16__0001,0001,8.0,40,20,0.5,0.5875,0.025,,False,,False
16,random,fixed_random__block_16__0001,0001,16.0,40,20,0.5,0.575,0.021875,,False,,False
16,random,fixed_random__block_16__0001,0001,32.0,40,20,0.5,0.6,0.028125,,False,,False
16,random,fixed_random__block_16__0001,0001,64.0,40,20,0.5,0.525,0.015625,,False,,False
16,random,fixed_random__block_16__0001,0001,128.0,40,20,0.5,0.5,0.01875,,False,,False
16,random,fixed_random__block_16__0002,0002,0.25,40,20,0.5,0.45,-0.0125,,False,,False
16,random,fixed_random__block_16__0002,0002,0.5,40,20,0.5,0.5125,0.003125,,False,,False
16,random,fixed_random__block_16__0002,0002,1.0,40,20,0.5,0.5625,0.015625,,False,,False
16,random,fixed_random__block_16__0002,0002,2.0,40,20,0.5,0.45,-0.0125,,False,,False
16,random,fixed_random__block_16__0002,0002,4.0,40,20,0.5,0.45,-0.015625,,False,,False
16,random,fixed_random__block_16__0002,0002,8.0,40,20,0.5,0.35,-0.0375,,False,,False
16,random,fixed_random__block_16__0002,0002,16.0,40,20,0.5,0.3,-0.059375,,False,,False
16,random,fixed_random__block_16__0002,0002,32.0,40,20,0.5,0.4375,-0.053125,,False,,False
16,random,fixed_random__block_16__0002,0002,64.0,40,20,0.5,0.475,-0.025,,False,,False
16,random,fixed_random__block_16__0002,0002,128.0,40,20,0.5,0.5,-0.01875,,False,,False
16,random,fixed_random__block_16__0003,0003,0.25,40,20,0.5,0.525,0.00625,,False,,False
16,random,fixed_random__block_16__0003,0003,0.5,40,20,0.5,0.4625,-0.009375,,False,,False
16,random,fixed_random__block_16__0003,0003,1.0,40,20,0.5,0.4625,-0.009375,,False,,False
16,random,fixed_random__block_16__0003,0003,2.0,40,20,0.5,0.4875,-0.003125,,False,,False
16,random,fixed_random__block_16__0003,0003,4.0,40,20,0.5,0.525,0.00625,,False,,False
16,random,fixed_random__block_16__0003,0003,8.0,40,20,0.5,0.5125,0.003125,,False,,False
16,random,fixed_random__block_16__0003,0003,16.0,40,20,0.5,0.4625,-0.0125,,False,,False
16,random,fixed_random__block_16__0003,0003,32.0,40,20,0.5,0.5625,0.009375,,False,,False
16,random,fixed_random__block_16__0003,0003,64.0,40,20,0.5,0.5625,0.040625,,False,,False
16,random,fixed_random__block_16__0003,0003,128.0,40,20,0.5,0.5,0.034375,,False,,False
16,random,fixed_random__block_16__0004,0004,0.25,40,20,0.5,0.5375,0.009375,,False,,False
16,random,fixed_random__block_16__0004,0004,0.5,40,20,0.5,0.475,-0.00625,,False,,False
16,random,fixed_random__block_16__0004,0004,1.0,40,20,0.5,0.4875,-0.003125,,False,,False
16,random,fixed_random__block_16__0004,0004,2.0,40,20,0.5,0.3875,-0.028125,,False,,False
16,random,fixed_random__block_16__0004,0004,4.0,40,20,0.5,0.3625,-0.0375,,False,,False
16,random,fixed_random__block_16__0004,0004,8.0,40,20,0.5,0.4,-0.034375,,False,,False
16,random,fixed_random__block_16__0004,0004,16.0,40,20,0.5,0.35,-0.053125,,False,,False
16,random,fixed_random__block_16__0004,0004,32.0,40,20,0.5,0.3875,-0.05625,,False,,False
16,random,fixed_random__block_16__0004,0004,64.0,40,20,0.5,0.475,-0.0375,,False,,False
16,random,fixed_random__block_16__0004,0004,128.0,40,20,0.5,0.5,-0.025,,False,,False
16,random,fixed_random__block_16__0005,0005,0.25,40,20,0.5,0.4625,-0.009375,,False,,False
16,random,fixed_random__block_16__0005,0005,0.5,40,20,0.5,0.4375,-0.015625,,False,,False
16,random,fixed_random__block_16__0005,0005,1.0,40,20,0.5,0.475,-0.009375,,False,,False
16,random,fixed_random__block_16__0005,0005,2.0,40,20,0.5,0.45,-0.0125,,False,,False
16,random,fixed_random__block_16__0005,0005,4.0,40,20,0.5,0.375,-0.03125,,False,,False
16,random,fixed_random__block_16__0005,0005,8.0,40,20,0.5,0.325,-0.053125,,False,,False
16,random,fixed_random__block_16__0005,0005,16.0,40,20,0.5,0.375,-0.046875,,False,,False
16,random,fixed_random__block_16__0005,0005,32.0,40,20,0.5,0.425,-0.03125,,False,,False
16,random,fixed_random__block_16__0005,0005,64.0,40,20,0.5,0.5,-0.003125,,False,,False
16,random,fixed_random__block_16__0005,0005,128.0,40,20,0.5,0.4875,-0.0125,,False,,False
16,random,fixed_random__block_16__0006,0006,0.25,40,20,0.5,0.4625,-0.009375,,False,,False
16,random,fixed_random__block_16__0006,0006,0.5,40,20,0.5,0.4875,-0.003125,,False,,False
16,random,fixed_random__block_16__0006,0006,1.0,40,20,0.5,0.4875,-0.003125,,False,,False
16,random,fixed_random__block_16__0006,0006,2.0,40,20,0.5,0.525,0.00625,,False,,False
16,random,fixed_random__block_16__0006,0006,4.0,40,20,0.5,0.625,0.03125,,False,,False
16,random,fixed_random__block_16__0006,0006,8.0,40,20,0.5,0.575,0.021875,,False,,False
16,random,fixed_random__block_16__0006,0006,16.0,40,20,0.5,0.45,-0.009375,,False,,False
16,random,fixed_random__block_16__0006,0006,32.0,40,20,0.5,0.5625,0.053125,,False,,False
16,random,fixed_random__block_16__0006,0006,64.0,40,20,0.5,0.5,0.05,,False,,False
16,random,fixed_random__block_16__0006,0006,128.0,40,20,0.5,0.5,0.015625,,False,,False
16,random,fixed_random__block_16__0007,0007,0.25,40,20,0.5,0.4875,-0.003125,,False,,False
16,random,fixed_random__block_16__0007,0007,0.5,40,20,0.5,0.525,0.00625,,False,,False
16,random,fixed_random__block_16__0007,0007,1.0,40,20,0.5,0.525,0.009375,,False,,False
16,random,fixed_random__block_16__0007,0007,2.0,40,20,0.5,0.6125,0.028125,,False,,False
16,random,fixed_random__block_16__0007,0007,4.0,40,20,0.5,0.7,0.053125,,False,,False
16,random,fixed_random__block_16__0007,0007,8.0,40,20,0.5,0.6625,0.05,,False,,False
16,random,fixed_random__block_16__0007,0007,16.0,40,20,0.5,0.7125,0.065625,,False,,False
16,random,fixed_random__block_16__0007,0007,32.0,40,20,0.5,0.7,0.065625,,False,,False
16,random,fixed_random__block_16__0007,0007,64.0,40,20,0.5,0.6375,0.059375,,False,,False
16,random,fixed_random__block_16__0007,0007,128.0,40,20,0.5,0.5375,0.028125,,False,,False
16,random,fixed_random__block_16__0008,0008,0.25,40,20,0.5,0.4875,-0.003125,,False,,False
16,random,fixed_random__block_16__0008,0008,0.5,40,20,0.5,0.5,0.0,,False,,False
16,random,fixed_random__block_16__0008,0008,1.0,40,20,0.5,0.4875,-0.003125,,False,,False
16,random,fixed_random__block_16__0008,0008,2.0,40,20,0.5,0.4125,-0.021875,,False,,False
16,random,fixed_random__block_16__0008,0008,4.0,40,20,0.5,0.3625,-0.034375,,False,,False
16,random,fixed_random__block_16__0008,0008,8.0,40,20,0.5,0.225,-0.071875,,False,,False
16,random,fixed_random__block_16__0008,0008,16.0,40,20,0.5,0.1625,-0.11875,,False,,False
16,random,fixed_random__block_16__0008,0008,32.0,40,20,0.5,0.325,-0.084375,,False,,False
16,random,fixed_random__block_16__0008,0008,64.0,40,20,0.5,0.4,-0.071875,,False,,False
16,random,fixed_random__block_16__0008,0008,128.0,40,20,0.5,0.4375,-0.0375,,False,,False
16,random,fixed_random__block_16__0009,0009,0.25,40,20,0.5,0.4875,-0.003125,,False,,False
16,random,fixed_random__block_16__0009,0009,0.5,40,20,0.5,0.425,-0.01875,,False,,False
16,random,fixed_random__block_16__0009,0009,1.0,40,20,0.5,0.5,0.0,,False,,False
16,random,fixed_random__block_16__0009,0009,2.0,40,20,0.5,0.375,-0.03125,,False,,False
16,random,fixed_random__block_16__0009,0009,4.0,40,20,0.5,0.35,-0.0375,,False,,False
16,random,fixed_random__block_16__0009,0009,8.0,40,20,0.5,0.2375,-0.084375,,False,,False
16,random,fixed_random__block_16__0009,0009,16.0,40,20,0.5,0.3,-0.09375,,False,,False
16,random,fixed_random__block_16__0009,0009,32.0,40,20,0.5,0.425,-0.075,,False,,False
16,random,fixed_random__block_16__0009,0009,64.0,40,20,0.5,0.4875,-0.0125,,False,,False
16,random,fixed_random__block_16__0009,0009,128.0,40,20,0.5,0.4875,0.0171875,,False,,False
17,concept,concept__block_17__Dust,Dust,0.25,40,20,0.5,0.5375,0.009375,,False,,False
17,concept,concept__block_17__Dust,Dust,0.5,40,20,0.5,0.475,-0.00625,,False,,False
17,concept,concept__block_17__Dust,Dust,1.0,40,20,0.5,0.5875,0.021875,,False,,False
17,concept,concept__block_17__Dust,Dust,2.0,40,20,0.5,0.5,0.0,,False,,False
17,concept,concept__block_17__Dust,Dust,4.0,40,20,0.5,0.5625,0.015625,,False,,False
17,concept,concept__block_17__Dust,Dust,8.0,40,20,0.5,0.475,-0.00625,,False,,False
17,concept,concept__block_17__Dust,Dust,16.0,40,20,0.5,0.65,0.04375,,False,,False
17,concept,concept__block_17__Dust,Dust,32.0,40,20,0.5,0.575,0.096875,,False,,False
17,concept,concept__block_17__Dust,Dust,64.0,40,20,0.5,0.7375,0.1671875,,False,,False
17,concept,concept__block_17__Dust,Dust,128.0,40,20,0.5,0.5,0.11484375,,False,,False
17,concept,concept__block_17__Illusions,Illusions,0.25,40,20,0.5,0.525,0.00625,,False,,False
17,concept,concept__block_17__Illusions,Illusions,0.5,40,20,0.5,0.525,0.00625,,False,,False
17,concept,concept__block_17__Illusions,Illusions,1.0,40,20,0.5,0.5375,0.009375,,False,,False
17,concept,concept__block_17__Illusions,Illusions,2.0,40,20,0.5,0.4375,-0.015625,,False,,False
17,concept,concept__block_17__Illusions,Illusions,4.0,40,20,0.5,0.375,-0.034375,,False,,False
17,concept,concept__block_17__Illusions,Illusions,8.0,40,20,0.5,0.4125,-0.021875,,False,,False
17,concept,concept__block_17__Illusions,Illusions,16.0,40,20,0.5,0.35,-0.04375,,False,,False
17,concept,concept__block_17__Illusions,Illusions,32.0,40,20,0.5,0.5,0.0,,False,,False
17,concept,concept__block_17__Illusions,Illusions,64.0,40,20,0.5,0.5,0.021875,,False,,False
17,concept,concept__block_17__Illusions,Illusions,128.0,40,20,0.5,0.5,-0.003125,,False,,False
17,concept,concept__block_17__Origami,Origami,0.25,40,20,0.5,0.5125,0.003125,,False,,False
17,concept,concept__block_17__Origami,Origami,0.5,40,20,0.5,0.5125,0.003125,,False,,False
17,concept,concept__block_17__Origami,Origami,1.0,40,20,0.5,0.4875,-0.003125,,False,,False
17,concept,concept__block_17__Origami,Origami,2.0,40,20,0.5,0.45,-0.0125,,False,,False
17,concept,concept__block_17__Origami,Origami,4.0,40,20,0.5,0.4875,-0.003125,,False,,False
17,concept,concept__block_17__Origami,Origami,8.0,40,20,0.5,0.4125,-0.021875,,False,,False
17,concept,concept__block_17__Origami,Origami,16.0,40,20,0.5,0.475,-0.00625,,False,,False
17,concept,concept__block_17__Origami,Origami,32.0,40,20,0.5,0.55,0.009375,,False,,False
17,concept,concept__block_17__Origami,Origami,64.0,40,20,0.5,0.5,0.003125,,False,,False
17,concept,concept__block_17__Origami,Origami,128.0,40,20,0.5,0.5125,0.0125,,False,,False
17,concept,concept__block_17__Satellites,Satellites,0.25,40,20,0.5,0.5125,0.003125,,False,,False
17,concept,concept__block_17__Satellites,Satellites,0.5,40,20,0.5,0.525,0.00625,,False,,False
17,concept,concept__block_17__Satellites,Satellites,1.0,40,20,0.5,0.525,0.00625,,False,,False
17,concept,concept__block_17__Satellites,Satellites,2.0,40,20,0.5,0.475,-0.00625,,False,,False
17,concept,concept__block_17__Satellites,Satellites,4.0,40,20,0.5,0.5625,0.015625,,False,,False
17,concept,concept__block_17__Satellites,Satellites,8.0,40,20,0.5,0.45,-0.0125,,False,,False
17,concept,concept__block_17__Satellites,Satellites,16.0,40,20,0.5,0.5125,0.009375,,False,,False
17,concept,concept__block_17__Satellites,Satellites,32.0,40,20,0.5,0.5,0.021875,,False,,False
17,concept,concept__block_17__Satellites,Satellites,64.0,40,20,0.5,0.5,0.028125,,False,,False
17,concept,concept__block_17__Satellites,Satellites,128.0,40,20,0.5,0.5,0.028125,,False,,False
17,concept,concept__block_17__Trumpets,Trumpets,0.25,40,20,0.5,0.525,0.00625,,False,,False
17,concept,concept__block_17__Trumpets,Trumpets,0.5,40,20,0.5,0.525,0.00625,,False,,False
17,concept,concept__block_17__Trumpets,Trumpets,1.0,40,20,0.5,0.4625,-0.009375,,False,,False
17,concept,concept__block_17__Trumpets,Trumpets,2.0,40,20,0.5,0.475,-0.00625,,False,,False
17,concept,concept__block_17__Trumpets,Trumpets,4.0,40,20,0.5,0.45,-0.015625,,False,,False
17,concept,concept__block_17__Trumpets,Trumpets,8.0,40,20,0.5,0.4125,-0.021875,,False,,False
17,concept,concept__block_17__Trumpets,Trumpets,16.0,40,20,0.5,0.4875,0.003125,,False,,False
17,concept,concept__block_17__Trumpets,Trumpets,32.0,40,20,0.5,0.5875,0.04375,,False,,False
17,concept,concept__block_17__Trumpets,Trumpets,64.0,40,20,0.5,0.5,0.003125,,False,,False
17,concept,concept__block_17__Trumpets,Trumpets,128.0,40,20,0.4875,0.4875,-0.028125,,False,,False
17,concept,concept__block_17__appreciation,appreciation,0.25,40,20,0.5,0.425,-0.01875,,False,,False
17,concept,concept__block_17__appreciation,appreciation,0.5,40,20,0.5,0.4875,-0.003125,,False,,False
17,concept,concept__block_17__appreciation,appreciation,1.0,40,20,0.5,0.45,-0.0125,,False,,False
17,concept,concept__block_17__appreciation,appreciation,2.0,40,20,0.5,0.5375,0.009375,,False,,False
17,concept,concept__block_17__appreciation,appreciation,4.0,40,20,0.5,0.4125,-0.021875,,False,,False
17,concept,concept__block_17__appreciation,appreciation,8.0,40,20,0.5,0.4875,-0.00625,,False,,False
17,concept,concept__block_17__appreciation,appreciation,16.0,40,20,0.5,0.4125,-0.021875,,False,,False
17,concept,concept__block_17__appreciation,appreciation,32.0,40,20,0.5,0.4375,-0.015625,,False,,False
17,concept,concept__block_17__appreciation,appreciation,64.0,40,20,0.5,0.5375,0.021875,,False,,False
17,concept,concept__block_17__appreciation,appreciation,128.0,40,20,0.5,0.6125,0.03125,,False,,False
17,concept,concept__block_17__betrayal,betrayal,0.25,40,20,0.5,0.4625,-0.009375,,False,,False
17,concept,concept__block_17__betrayal,betrayal,0.5,40,20,0.5,0.4625,-0.009375,,False,,False
17,concept,concept__block_17__betrayal,betrayal,1.0,40,20,0.5,0.5625,0.015625,,False,,False
17,concept,concept__block_17__betrayal,betrayal,2.0,40,20,0.5,0.5,0.0,,False,,False
17,concept,concept__block_17__betrayal,betrayal,4.0,40,20,0.5,0.5625,0.015625,,False,,False
17,concept,concept__block_17__betrayal,betrayal,8.0,40,20,0.5,0.6125,0.03125,,False,,False
17,concept,concept__block_17__betrayal,betrayal,16.0,40,20,0.5,0.7125,0.059375,,False,,False
17,concept,concept__block_17__betrayal,betrayal,32.0,40,20,0.5,0.7375,0.0875,,False,,False
17,concept,concept__block_17__betrayal,betrayal,64.0,40,20,0.5,0.7,0.065625,,False,,False
17,concept,concept__block_17__betrayal,betrayal,128.0,40,20,0.5,0.5125,0.06875,,False,,False
17,concept,concept__block_17__fibonacci_numbers,fibonacci_numbers,0.25,40,20,0.5,0.525,0.00625,,False,,False
17,concept,concept__block_17__fibonacci_numbers,fibonacci_numbers,0.5,40,20,0.5,0.5125,0.003125,,False,,False
17,concept,concept__block_17__fibonacci_numbers,fibonacci_numbers,1.0,40,20,0.5,0.5375,0.009375,,False,,False
17,concept,concept__block_17__fibonacci_numbers,fibonacci_numbers,2.0,40,20,0.5,0.4375,-0.015625,,False,,False
17,concept,concept__block_17__fibonacci_numbers,fibonacci_numbers,4.0,40,20,0.5,0.5125,0.003125,,False,,False
17,concept,concept__block_17__fibonacci_numbers,fibonacci_numbers,8.0,40,20,0.5,0.45,-0.0125,,False,,False
17,concept,concept__block_17__fibonacci_numbers,fibonacci_numbers,16.0,40,20,0.5,0.475,-0.00625,,False,,False
17,concept,concept__block_17__fibonacci_numbers,fibonacci_numbers,32.0,40,20,0.5,0.4875,-0.00625,,False,,False
17,concept,concept__block_17__fibonacci_numbers,fibonacci_numbers,64.0,40,20,0.5,0.5375,0.01875,,False,,False
17,concept,concept__block_17__fibonacci_numbers,fibonacci_numbers,128.0,40,20,0.4875,0.5,0.021875,,False,,False
17,concept,concept__block_17__recursion,recursion,0.25,40,20,0.5,0.525,0.00625,,False,,False
17,concept,concept__block_17__recursion,recursion,0.5,40,20,0.5,0.5125,0.003125,,False,,False
17,concept,concept__block_17__recursion,recursion,1.0,40,20,0.5,0.525,0.00625,,False,,False
17,concept,concept__block_17__recursion,recursion,2.0,40,20,0.5,0.5,0.0,,False,,False
17,concept,concept__block_17__recursion,recursion,4.0,40,20,0.5,0.6,0.025,,False,,False
17,concept,concept__block_17__recursion,recursion,8.0,40,20,0.5,0.6,0.028125,,False,,False
17,concept,concept__block_17__recursion,recursion,16.0,40,20,0.5,0.625,0.03125,,False,,False
17,concept,concept__block_17__recursion,recursion,32.0,40,20,0.5,0.5375,0.009375,,False,,False
17,concept,concept__block_17__recursion,recursion,64.0,40,20,0.5,0.6125,0.03125,,False,,False
17,concept,concept__block_17__recursion,recursion,128.0,40,20,0.5,0.575,0.01875,,False,,False
17,concept,concept__block_17__shutdown,shutdown,0.25,40,20,0.5,0.475,-0.00625,,False,,False
17,concept,concept__block_17__shutdown,shutdown,0.5,40,20,0.5,0.525,0.00625,,False,,False
17,concept,concept__block_17__shutdown,shutdown,1.0,40,20,0.5,0.55,0.0125,,False,,False
17,concept,concept__block_17__shutdown,shutdown,2.0,40,20,0.5,0.5375,0.009375,,False,,False
17,concept,concept__block_17__shutdown,shutdown,4.0,40,20,0.5,0.575,0.01875,,False,,False
17,concept,concept__block_17__shutdown,shutdown,8.0,40,20,0.5,0.5625,0.015625,,False,,False
17,concept,concept__block_17__shutdown,shutdown,16.0,40,20,0.5,0.6125,0.028125,,False,,False
17,concept,concept__block_17__shutdown,shutdown,32.0,40,20,0.5,0.5875,0.021875,,False,,False
17,concept,concept__block_17__shutdown,shutdown,64.0,40,20,0.5,0.55,0.0125,,False,,False
17,concept,concept__block_17__shutdown,shutdown,128.0,40,20,0.5,0.525,0.034375,,False,,False
17,dropout,dropout_realization_00,dropout_realization_00,0.25,40,20,0.5,0.4625,-0.009375,,False,,False
17,dropout,dropout_realization_00,dropout_realization_00,0.5,40,20,0.5,0.55,0.0125,,False,,False
17,dropout,dropout_realization_00,dropout_realization_00,1.0,40,20,0.5,0.5,0.0,,False,,False
17,dropout,dropout_realization_00,dropout_realization_00,2.0,40,20,0.5,0.4625,-0.009375,,False,,False
17,dropout,dropout_realization_00,dropout_realization_00,4.0,40,20,0.5,0.4375,-0.015625,,False,,False
17,dropout,dropout_realization_00,dropout_realization_00,8.0,40,20,0.5,0.5125,-0.003125,,False,,False
17,dropout,dropout_realization_00,dropout_realization_00,16.0,40,20,0.5,0.5125,0.015625,,False,,False
17,dropout,dropout_realization_00,dropout_realization_00,32.0,40,20,0.5,0.5125,0.0375,,False,,False
17,dropout,dropout_realization_00,dropout_realization_00,64.0,40,20,0.5,0.4125,-0.11875,,False,,False
17,dropout,dropout_realization_00,dropout_realization_00,128.0,40,20,0.4875,0.4125,-0.0875,,False,,False
17,dropout,dropout_realization_01,dropout_realization_01,0.25,40,20,0.5,0.4875,-0.003125,,False,,False
17,dropout,dropout_realization_01,dropout_realization_01,0.5,40,20,0.5,0.475,-0.00625,,False,,False
17,dropout,dropout_realization_01,dropout_realization_01,1.0,40,20,0.5,0.5125,0.003125,,False,,False
17,dropout,dropout_realization_01,dropout_realization_01,2.0,40,20,0.5,0.5,0.0,,False,,False
17,dropout,dropout_realization_01,dropout_realization_01,4.0,40,20,0.5,0.475,-0.00625,,False,,False
17,dropout,dropout_realization_01,dropout_realization_01,8.0,40,20,0.5,0.425,-0.021875,,False,,False
17,dropout,dropout_realization_01,dropout_realization_01,16.0,40,20,0.5,0.5875,0.028125,,False,,False
17,dropout,dropout_realization_01,dropout_realization_01,32.0,40,20,0.5,0.4625,-0.025,,False,,False
17,dropout,dropout_realization_01,dropout_realization_01,64.0,40,20,0.5,0.625,0.021875,,False,,False
17,dropout,dropout_realization_01,dropout_realization_01,128.0,40,20,0.5,0.5875,0.09375,,False,,False
17,noise,noise_realization_00,noise_realization_00,0.25,40,20,0.5,0.4875,-0.003125,,False,,False
17,noise,noise_realization_00,noise_realization_00,0.5,40,20,0.5,0.4875,-0.003125,,False,,False
17,noise,noise_realization_00,noise_realization_00,1.0,40,20,0.5,0.4875,-0.003125,,False,,False
17,noise,noise_realization_00,noise_realization_00,2.0,40,20,0.5,0.5,0.0,,False,,False
17,noise,noise_realization_00,noise_realization_00,4.0,40,20,0.5,0.525,0.00625,,False,,False
17,noise,noise_realization_00,noise_realization_00,8.0,40,20,0.5,0.5125,0.003125,,False,,False
17,noise,noise_realization_00,noise_realization_00,16.0,40,20,0.5,0.4125,-0.025,,False,,False
17,noise,noise_realization_00,noise_realization_00,32.0,40,20,0.5,0.475,-0.0125,,False,,False
17,noise,noise_realization_00,noise_realization_00,64.0,40,20,0.5,0.525,-0.003125,,False,,False
17,noise,noise_realization_00,noise_realization_00,128.0,40,20,0.5125,0.4875,0.05,,False,,False
17,noise,noise_realization_01,noise_realization_01,0.25,40,20,0.5,0.5375,0.009375,,False,,False
17,noise,noise_realization_01,noise_realization_01,0.5,40,20,0.5,0.475,-0.00625,,False,,False
17,noise,noise_realization_01,noise_realization_01,1.0,40,20,0.5,0.4375,-0.015625,,False,,False
17,noise,noise_realization_01,noise_realization_01,2.0,40,20,0.5,0.5,0.0,,False,,False
17,noise,noise_realization_01,noise_realization_01,4.0,40,20,0.5,0.525,0.00625,,False,,False
17,noise,noise_realization_01,noise_realization_01,8.0,40,20,0.5,0.425,-0.01875,,False,,False
17,noise,noise_realization_01,noise_realization_01,16.0,40,20,0.5,0.5,0.003125,,False,,False
17,noise,noise_realization_01,noise_realization_01,32.0,40,20,0.5,0.4875,-0.003125,,False,,False
17,noise,noise_realization_01,noise_realization_01,64.0,40,20,0.5,0.575,0.065625,,False,,False
17,noise,noise_realization_01,noise_realization_01,128.0,40,20,0.5,0.5,0.0375,,False,,False
17,random,fixed_random__block_17__0000,0000,0.25,40,20,0.5,0.5,0.0,,False,,False
17,random,fixed_random__block_17__0000,0000,0.5,40,20,0.5,0.4625,-0.009375,,False,,False
17,random,fixed_random__block_17__0000,0000,1.0,40,20,0.5,0.5625,0.015625,,False,,False
17,random,fixed_random__block_17__0000,0000,2.0,40,20,0.5,0.4375,-0.015625,,False,,False
17,random,fixed_random__block_17__0000,0000,4.0,40,20,0.5,0.5125,0.003125,,False,,False
17,random,fixed_random__block_17__0000,0000,8.0,40,20,0.5,0.5125,0.003125,,False,,False
17,random,fixed_random__block_17__0000,0000,16.0,40,20,0.5,0.55,0.0125,,False,,False
17,random,fixed_random__block_17__0000,0000,32.0,40,20,0.5,0.5375,0.009375,,False,,False
17,random,fixed_random__block_17__0000,0000,64.0,40,20,0.5,0.55,0.009375,,False,,False
17,random,fixed_random__block_17__0000,0000,128.0,40,20,0.5,0.575,0.03125,,False,,False
17,random,fixed_random__block_17__0001,0001,0.25,40,20,0.5,0.4875,-0.003125,,False,,False
17,random,fixed_random__block_17__0001,0001,0.5,40,20,0.5,0.4625,-0.009375,,False,,False
17,random,fixed_random__block_17__0001,0001,1.0,40,20,0.5,0.475,-0.00625,,False,,False
17,random,fixed_random__block_17__0001,0001,2.0,40,20,0.5,0.425,-0.01875,,False,,False
17,random,fixed_random__block_17__0001,0001,4.0,40,20,0.5,0.4375,-0.015625,,False,,False
17,random,fixed_random__block_17__0001,0001,8.0,40,20,0.5,0.45,-0.0125,,False,,False
17,random,fixed_random__block_17__0001,0001,16.0,40,20,0.5,0.5125,0.00625,,False,,False
17,random,fixed_random__block_17__0001,0001,32.0,40,20,0.5,0.5375,0.00625,,False,,False
17,random,fixed_random__block_17__0001,0001,64.0,40,20,0.5,0.5,0.028125,,False,,False
17,random,fixed_random__block_17__0001,0001,128.0,40,20,0.5,0.525,0.0125,,False,,False
17,random,fixed_random__block_17__0002,0002,0.25,40,20,0.5,0.5,0.0,,False,,False
17,random,fixed_random__block_17__0002,0002,0.5,40,20,0.5,0.4875,-0.003125,,False,,False
17,random,fixed_random__block_17__0002,0002,1.0,40,20,0.5,0.4375,-0.015625,,False,,False
17,random,fixed_random__block_17__0002,0002,2.0,40,20,0.5,0.475,-0.00625,,False,,False
17,random,fixed_random__block_17__0002,0002,4.0,40,20,0.5,0.45,-0.0125,,False,,False
17,random,fixed_random__block_17__0002,0002,8.0,40,20,0.5,0.5375,0.009375,,False,,False
17,random,fixed_random__block_17__0002,0002,16.0,40,20,0.5,0.5375,0.0125,,False,,False
17,random,fixed_random__block_17__0002,0002,32.0,40,20,0.5,0.55,0.015625,,False,,False
17,random,fixed_random__block_17__0002,0002,64.0,40,20,0.5,0.525,0.021875,,False,,False
17,random,fixed_random__block_17__0002,0002,128.0,40,20,0.5,0.6125,0.025,,False,,False
17,random,fixed_random__block_17__0003,0003,0.25,40,20,0.5,0.525,0.00625,,False,,False
17,random,fixed_random__block_17__0003,0003,0.5,40,20,0.5,0.5,0.0,,False,,False
17,random,fixed_random__block_17__0003,0003,1.0,40,20,0.5,0.45,-0.0125,,False,,False
17,random,fixed_random__block_17__0003,0003,2.0,40,20,0.5,0.5,0.0,,False,,False
17,random,fixed_random__block_17__0003,0003,4.0,40,20,0.5,0.55,0.0125,,False,,False
17,random,fixed_random__block_17__0003,0003,8.0,40,20,0.5,0.575,0.01875,,False,,False
17,random,fixed_random__block_17__0003,0003,16.0,40,20,0.5,0.575,0.01875,,False,,False
17,random,fixed_random__block_17__0003,0003,32.0,40,20,0.5,0.6375,0.0375,,False,,False
17,random,fixed_random__block_17__0003,0003,64.0,40,20,0.5,0.5,0.015625,,False,,False
17,random,fixed_random__block_17__0003,0003,128.0,40,20,0.5125,0.5,0.025,,False,,False
17,random,fixed_random__block_17__0004,0004,0.25,40,20,0.5,0.5,0.0,,False,,False
17,random,fixed_random__block_17__0004,0004,0.5,40,20,0.5,0.525,0.00625,,False,,False
17,random,fixed_random__block_17__0004,0004,1.0,40,20,0.5,0.45,-0.0125,,False,,False
17,random,fixed_random__block_17__0004,0004,2.0,40,20,0.5,0.5375,0.009375,,False,,False
17,random,fixed_random__block_17__0004,0004,4.0,40,20,0.5,0.55,0.0125,,False,,False
17,random,fixed_random__block_17__0004,0004,8.0,40,20,0.5,0.6125,0.028125,,False,,False
17,random,fixed_random__block_17__0004,0004,16.0,40,20,0.5,0.65,0.046875,,False,,False
17,random,fixed_random__block_17__0004,0004,32.0,40,20,0.5,0.6125,0.04375,,False,,False
17,random,fixed_random__block_17__0004,0004,64.0,40,20,0.5,0.5125,0.0375,,False,,False
17,random,fixed_random__block_17__0004,0004,128.0,40,20,0.4875,0.5,0.0125,,False,,False
17,random,fixed_random__block_17__0005,0005,0.25,40,20,0.5,0.525,0.00625,,False,,False
17,random,fixed_random__block_17__0005,0005,0.5,40,20,0.5,0.4875,-0.003125,,False,,False
17,random,fixed_random__block_17__0005,0005,1.0,40,20,0.5,0.5125,0.003125,,False,,False
17,random,fixed_random__block_17__0005,0005,2.0,40,20,0.5,0.5,0.0,,False,,False
17,random,fixed_random__block_17__0005,0005,4.0,40,20,0.5,0.4375,-0.015625,,False,,False
17,random,fixed_random__block_17__0005,0005,8.0,40,20,0.5,0.4625,-0.0125,,False,,False
17,random,fixed_random__block_17__0005,0005,16.0,40,20,0.5,0.5125,0.009375,,False,,False
17,random,fixed_random__block_17__0005,0005,32.0,40,20,0.5,0.5875,0.03125,,False,,False
17,random,fixed_random__block_17__0005,0005,64.0,40,20,0.5,0.5,0.028125,,False,,False
17,random,fixed_random__block_17__0005,0005,128.0,40,20,0.5,0.5,0.021875,,False,,False
17,random,fixed_random__block_17__0006,0006,0.25,40,20,0.5,0.5125,0.003125,,False,,False
17,random,fixed_random__block_17__0006,0006,0.5,40,20,0.5,0.45,-0.0125,,False,,False
17,random,fixed_random__block_17__0006,0006,1.0,40,20,0.5,0.525,0.00625,,False,,False
17,random,fixed_random__block_17__0006,0006,2.0,40,20,0.5,0.525,0.00625,,False,,False
17,random,fixed_random__block_17__0006,0006,4.0,40,20,0.5,0.5125,0.003125,,False,,False
17,random,fixed_random__block_17__0006,0006,8.0,40,20,0.5,0.475,-0.00625,,False,,False
17,random,fixed_random__block_17__0006,0006,16.0,40,20,0.5,0.55,0.009375,,False,,False
17,random,fixed_random__block_17__0006,0006,32.0,40,20,0.5,0.575,0.01875,,False,,False
17,random,fixed_random__block_17__0006,0006,64.0,40,20,0.5,0.5,0.015625,,False,,False
17,random,fixed_random__block_17__0006,0006,128.0,40,20,0.4875,0.5,0.009375,,False,,False
17,random,fixed_random__block_17__0007,0007,0.25,40,20,0.5,0.45,-0.0125,,False,,False
17,random,fixed_random__block_17__0007,0007,0.5,40,20,0.5,0.5375,0.009375,,False,,False
17,random,fixed_random__block_17__0007,0007,1.0,40,20,0.5,0.5125,0.003125,,False,,False
17,random,fixed_random__block_17__0007,0007,2.0,40,20,0.5,0.55,0.0125,,False,,False
17,random,fixed_random__block_17__0007,0007,4.0,40,20,0.5,0.5125,0.003125,,False,,False
17,random,fixed_random__block_17__0007,0007,8.0,40,20,0.5,0.6,0.028125,,False,,False
17,random,fixed_random__block_17__0007,0007,16.0,40,20,0.5,0.6375,0.034375,,False,,False
17,random,fixed_random__block_17__0007,0007,32.0,40,20,0.5,0.6125,0.0375,,False,,False
17,random,fixed_random__block_17__0007,0007,64.0,40,20,0.5,0.6,0.046875,,False,,False
17,random,fixed_random__block_17__0007,0007,128.0,40,20,0.5,0.575,0.028125,,False,,False
17,random,fixed_random__block_17__0008,0008,0.25,40,20,0.5,0.5,0.0,,False,,False
17,random,fixed_random__block_17__0008,0008,0.5,40,20,0.5,0.525,0.00625,,False,,False
17,random,fixed_random__block_17__0008,0008,1.0,40,20,0.5,0.475,-0.00625,,False,,False
17,random,fixed_random__block_17__0008,0008,2.0,40,20,0.5,0.575,0.01875,,False,,False
17,random,fixed_random__block_17__0008,0008,4.0,40,20,0.5,0.475,-0.00625,,False,,False
17,random,fixed_random__block_17__0008,0008,8.0,40,20,0.5,0.5875,0.021875,,False,,False
17,random,fixed_random__block_17__0008,0008,16.0,40,20,0.5,0.5875,0.025,,False,,False
17,random,fixed_random__block_17__0008,0008,32.0,40,20,0.5,0.575,0.015625,,False,,False
17,random,fixed_random__block_17__0008,0008,64.0,40,20,0.5,0.625,0.040625,,False,,False
17,random,fixed_random__block_17__0008,0008,128.0,40,20,0.5,0.55,0.0125,,False,,False
17,random,fixed_random__block_17__0009,0009,0.25,40,20,0.5,0.4875,-0.003125,,False,,False
17,random,fixed_random__block_17__0009,0009,0.5,40,20,0.5,0.4875,-0.003125,,False,,False
17,random,fixed_random__block_17__0009,0009,1.0,40,20,0.5,0.45,-0.0125,,False,,False
17,random,fixed_random__block_17__0009,0009,2.0,40,20,0.5,0.5375,0.009375,,False,,False
17,random,fixed_random__block_17__0009,0009,4.0,40,20,0.5,0.375,-0.03125,,False,,False
17,random,fixed_random__block_17__0009,0009,8.0,40,20,0.5,0.3375,-0.046875,,False,,False
17,random,fixed_random__block_17__0009,0009,16.0,40,20,0.5,0.3,-0.059375,,False,,False
17,random,fixed_random__block_17__0009,0009,32.0,40,20,0.5,0.4,-0.034375,,False,,False
17,random,fixed_random__block_17__0009,0009,64.0,40,20,0.5,0.4875,0.0125,,False,,False
17,random,fixed_random__block_17__0009,0009,128.0,40,20,0.5125,0.5,0.028125,,False,,False
18,concept,concept__block_18__Dust,Dust,0.25,40,20,0.5,0.525,0.00625,,False,,False
18,concept,concept__block_18__Dust,Dust,0.5,40,20,0.5,0.4875,-0.003125,,False,,False
18,concept,concept__block_18__Dust,Dust,1.0,40,20,0.5,0.45,-0.0125,,False,,False
18,concept,concept__block_18__Dust,Dust,2.0,40,20,0.5,0.525,0.00625,,False,,False
18,concept,concept__block_18__Dust,Dust,4.0,40,20,0.5,0.4875,-0.003125,,False,,False
18,concept,concept__block_18__Dust,Dust,8.0,40,20,0.5,0.5,0.0,,False,,False
18,concept,concept__block_18__Dust,Dust,16.0,40,20,0.5,0.5,0.003125,,False,,False
18,concept,concept__block_18__Dust,Dust,32.0,40,20,0.5,0.575,0.059375,,False,,False
18,concept,concept__block_18__Dust,Dust,64.0,40,20,0.5,0.5875,0.0875,,False,,False
18,concept,concept__block_18__Dust,Dust,128.0,40,20,0.5,0.5875,0.0640625,,False,,False
18,concept,concept__block_18__Illusions,Illusions,0.25,40,20,0.5,0.5,0.0,,False,,False
18,concept,concept__block_18__Illusions,Illusions,0.5,40,20,0.5,0.5125,0.003125,,False,,False
18,concept,concept__block_18__Illusions,Illusions,1.0,40,20,0.5,0.5125,0.003125,,False,,False
18,concept,concept__block_18__Illusions,Illusions,2.0,40,20,0.5,0.4875,-0.003125,,False,,False
18,concept,concept__block_18__Illusions,Illusions,4.0,40,20,0.5,0.5,0.0,,False,,False
18,concept,concept__block_18__Illusions,Illusions,8.0,40,20,0.5,0.5,0.0,,False,,False
18,concept,concept__block_18__Illusions,Illusions,16.0,40,20,0.5,0.5625,0.015625,,False,,False
18,concept,concept__block_18__Illusions,Illusions,32.0,40,20,0.5,0.4875,0.015625,,False,,False
18,concept,concept__block_18__Illusions,Illusions,64.0,40,20,0.5,0.5,0.025,,False,,False
18,concept,concept__block_18__Illusions,Illusions,128.0,40,20,0.5,0.5,0.025,,False,,False
18,concept,concept__block_18__Origami,Origami,0.25,40,20,0.5,0.5125,0.003125,,False,,False
18,concept,concept__block_18__Origami,Origami,0.5,40,20,0.5,0.475,-0.00625,,False,,False
18,concept,concept__block_18__Origami,Origami,1.0,40,20,0.5,0.5125,0.003125,,False,,False
18,concept,concept__block_18__Origami,Origami,2.0,40,20,0.5,0.4375,-0.015625,,False,,False
18,concept,concept__block_18__Origami,Origami,4.0,40,20,0.5,0.4875,-0.003125,,False,,False
18,concept,concept__block_18__Origami,Origami,8.0,40,20,0.5,0.4625,-0.009375,,False,,False
18,concept,concept__block_18__Origami,Origami,16.0,40,20,0.5,0.4,-0.028125,,False,,False
18,concept,concept__block_18__Origami,Origami,32.0,40,20,0.5,0.4,-0.021875,,False,,False
18,concept,concept__block_18__Origami,Origami,64.0,40,20,0.5,0.45,-0.0125,,False,,False
18,concept,concept__block_18__Origami,Origami,128.0,40,20,0.5,0.5,-0.00625,,False,,False
18,concept,concept__block_18__Satellites,Satellites,0.25,40,20,0.5,0.525,0.00625,,False,,False
18,concept,concept__block_18__Satellites,Satellites,0.5,40,20,0.5,0.4875,-0.003125,,False,,False
18,concept,concept__block_18__Satellites,Satellites,1.0,40,20,0.5,0.4875,-0.003125,,False,,False
18,concept,concept__block_18__Satellites,Satellites,2.0,40,20,0.5,0.4375,-0.015625,,False,,False
18,concept,concept__block_18__Satellites,Satellites,4.0,40,20,0.5,0.4875,-0.003125,,False,,False
18,concept,concept__block_18__Satellites,Satellites,8.0,40,20,0.5,0.4375,-0.015625,,False,,False
18,concept,concept__block_18__Satellites,Satellites,16.0,40,20,0.5,0.475,-0.0125,,False,,False
18,concept,concept__block_18__Satellites,Satellites,32.0,40,20,0.5,0.525,0.009375,,False,,False
18,concept,concept__block_18__Satellites,Satellites,64.0,40,20,0.5,0.5,0.01875,,False,,False
18,concept,concept__block_18__Satellites,Satellites,128.0,40,20,0.5,0.5,0.0125,,False,,False
18,concept,concept__block_18__Trumpets,Trumpets,0.25,40,20,0.5,0.5,0.0,,False,,False
18,concept,concept__block_18__Trumpets,Trumpets,0.5,40,20,0.5,0.5125,0.003125,,False,,False
18,concept,concept__block_18__Trumpets,Trumpets,1.0,40,20,0.5,0.5125,0.003125,,False,,False
18,concept,concept__block_18__Trumpets,Trumpets,2.0,40,20,0.5,0.4875,-0.003125,,False,,False
18,concept,concept__block_18__Trumpets,Trumpets,4.0,40,20,0.5,0.525,0.00625,,False,,False
18,concept,concept__block_18__Trumpets,Trumpets,8.0,40,20,0.5,0.475,-0.00625,,False,,False
18,concept,concept__block_18__Trumpets,Trumpets,16.0,40,20,0.5,0.5625,0.015625,,False,,False
18,concept,concept__block_18__Trumpets,Trumpets,32.0,40,20,0.5,0.6375,0.0375,,False,,False
18,concept,concept__block_18__Trumpets,Trumpets,64.0,40,20,0.5,0.6125,0.046875,,False,,False
18,concept,concept__block_18__Trumpets,Trumpets,128.0,40,20,0.5,0.525,0.015625,,False,,False
18,concept,concept__block_18__appreciation,appreciation,0.25,40,20,0.5,0.5,0.0,,False,,False
18,concept,concept__block_18__appreciation,appreciation,0.5,40,20,0.5,0.5375,0.009375,,False,,False
18,concept,concept__block_18__appreciation,appreciation,1.0,40,20,0.5,0.4875,-0.003125,,False,,False
18,concept,concept__block_18__appreciation,appreciation,2.0,40,20,0.5,0.475,-0.00625,,False,,False
18,concept,concept__block_18__appreciation,appreciation,4.0,40,20,0.5,0.525,0.00625,,False,,False
18,concept,concept__block_18__appreciation,appreciation,8.0,40,20,0.5,0.5125,0.003125,,False,,False
18,concept,concept__block_18__appreciation,appreciation,16.0,40,20,0.5,0.45,-0.0125,,False,,False
18,concept,concept__block_18__appreciation,appreciation,32.0,40,20,0.5,0.45,-0.01875,,False,,False
18,concept,concept__block_18__appreciation,appreciation,64.0,40,20,0.5,0.55,0.0125,,False,,False
18,concept,concept__block_18__appreciation,appreciation,128.0,40,20,0.5,0.5125,-0.009375,,False,,False
18,concept,concept__block_18__betrayal,betrayal,0.25,40,20,0.5,0.4875,-0.003125,,False,,False
18,concept,concept__block_18__betrayal,betrayal,0.5,40,20,0.5,0.5375,0.009375,,False,,False
18,concept,concept__block_18__betrayal,betrayal,1.0,40,20,0.5,0.4625,-0.009375,,False,,False
18,concept,concept__block_18__betrayal,betrayal,2.0,40,20,0.5,0.475,-0.00625,,False,,False
18,concept,concept__block_18__betrayal,betrayal,4.0,40,20,0.5,0.4625,-0.009375,,False,,False
18,concept,concept__block_18__betrayal,betrayal,8.0,40,20,0.5,0.4625,-0.009375,,False,,False
18,concept,concept__block_18__betrayal,betrayal,16.0,40,20,0.5,0.4875,-0.003125,,False,,False
18,concept,concept__block_18__betrayal,betrayal,32.0,40,20,0.5,0.55,0.0125,,False,,False
18,concept,concept__block_18__betrayal,betrayal,64.0,40,20,0.5,0.55,0.01875,,False,,False
18,concept,concept__block_18__betrayal,betrayal,128.0,40,20,0.5,0.5,0.0,,False,,False
18,concept,concept__block_18__fibonacci_numbers,fibonacci_numbers,0.25,40,20,0.5,0.525,0.00625,,False,,False
18,concept,concept__block_18__fibonacci_numbers,fibonacci_numbers,0.5,40,20,0.5,0.475,-0.00625,,False,,False
18,concept,concept__block_18__fibonacci_numbers,fibonacci_numbers,1.0,40,20,0.5,0.5375,0.009375,,False,,False
18,concept,concept__block_18__fibonacci_numbers,fibonacci_numbers,2.0,40,20,0.5,0.5,0.0,,False,,False
18,concept,concept__block_18__fibonacci_numbers,fibonacci_numbers,4.0,40,20,0.5,0.4125,-0.021875,,False,,False
18,concept,concept__block_18__fibonacci_numbers,fibonacci_numbers,8.0,40,20,0.5,0.4875,-0.003125,,False,,False
18,concept,concept__block_18__fibonacci_numbers,fibonacci_numbers,16.0,40,20,0.5,0.4,-0.028125,,False,,False
18,concept,concept__block_18__fibonacci_numbers,fibonacci_numbers,32.0,40,20,0.5,0.4375,-0.0125,,False,,False
18,concept,concept__block_18__fibonacci_numbers,fibonacci_numbers,64.0,40,20,0.5,0.4875,0.003125,,False,,False
18,concept,concept__block_18__fibonacci_numbers,fibonacci_numbers,128.0,40,20,0.4875,0.5,-0.009375,,False,,False
18,concept,concept__block_18__recursion,recursion,0.25,40,20,0.5,0.4625,-0.009375,,False,,False
18,concept,concept__block_18__recursion,recursion,0.5,40,20,0.5,0.5125,0.003125,,False,,False
18,concept,concept__block_18__recursion,recursion,1.0,40,20,0.5,0.525,0.00625,,False,,False
18,concept,concept__block_18__recursion,recursion,2.0,40,20,0.5,0.5,0.0,,False,,False
18,concept,concept__block_18__recursion,recursion,4.0,40,20,0.5,0.5125,0.003125,,False,,False
18,concept,concept__block_18__recursion,recursion,8.0,40,20,0.5,0.4625,-0.009375,,False,,False
18,concept,concept__block_18__recursion,recursion,16.0,40,20,0.5,0.4375,-0.015625,,False,,False
18,concept,concept__block_18__recursion,recursion,32.0,40,20,0.5,0.425,-0.021875,,False,,False
18,concept,concept__block_18__recursion,recursion,64.0,40,20,0.5,0.475,-0.00625,,False,,False
18,concept,concept__block_18__recursion,recursion,128.0,40,20,0.5,0.45,-0.021875,,False,,False
18,concept,concept__block_18__shutdown,shutdown,0.25,40,20,0.5,0.5,0.0,,False,,False
18,concept,concept__block_18__shutdown,shutdown,0.5,40,20,0.5,0.5625,0.015625,,False,,False
18,concept,concept__block_18__shutdown,shutdown,1.0,40,20,0.5,0.5125,0.003125,,False,,False
18,concept,concept__block_18__shutdown,shutdown,2.0,40,20,0.5,0.5125,0.003125,,False,,False
18,concept,concept__block_18__shutdown,shutdown,4.0,40,20,0.5,0.4625,-0.009375,,False,,False
18,concept,concept__block_18__shutdown,shutdown,8.0,40,20,0.5,0.4375,-0.015625,,False,,False
18,concept,concept__block_18__shutdown,shutdown,16.0,40,20,0.5,0.4625,-0.0125,,False,,False
18,concept,concept__block_18__shutdown,shutdown,32.0,40,20,0.5,0.5,-0.003125,,False,,False
18,concept,concept__block_18__shutdown,shutdown,64.0,40,20,0.5,0.5,0.00625,,False,,False
18,concept,concept__block_18__shutdown,shutdown,128.0,40,20,0.5,0.4625,-0.0125,,False,,False
18,dropout,dropout_realization_00,dropout_realization_00,0.25,40,20,0.5,0.575,0.01875,,False,,False
18,dropout,dropout_realization_00,dropout_realization_00,0.5,40,20,0.5,0.5125,0.003125,,False,,False
18,dropout,dropout_realization_00,dropout_realization_00,1.0,40,20,0.5,0.475,-0.00625,,False,,False
18,dropout,dropout_realization_00,dropout_realization_00,2.0,40,20,0.5,0.5125,0.003125,,False,,False
18,dropout,dropout_realization_00,dropout_realization_00,4.0,40,20,0.5,0.4875,-0.003125,,False,,False
18,dropout,dropout_realization_00,dropout_realization_00,8.0,40,20,0.5,0.525,0.00625,,False,,False
18,dropout,dropout_realization_00,dropout_realization_00,16.0,40,20,0.5,0.525,0.009375,,False,,False
18,dropout,dropout_realization_00,dropout_realization_00,32.0,40,20,0.5,0.5,0.0125,,False,,False
18,dropout,dropout_realization_00,dropout_realization_00,64.0,40,20,0.5,0.45,-0.003125,,False,,False
18,dropout,dropout_realization_00,dropout_realization_00,128.0,40,20,0.5,0.575,0.1046875,,False,,False
18,dropout,dropout_realization_01,dropout_realization_01,0.25,40,20,0.5,0.475,-0.00625,,False,,False
18,dropout,dropout_realization_01,dropout_realization_01,0.5,40,20,0.5,0.5,0.0,,False,,False
18,dropout,dropout_realization_01,dropout_realization_01,1.0,40,20,0.5,0.4875,-0.003125,,False,,False
18,dropout,dropout_realization_01,dropout_realization_01,2.0,40,20,0.5,0.5625,0.015625,,False,,False
18,dropout,dropout_realization_01,dropout_realization_01,4.0,40,20,0.5,0.475,-0.00625,,False,,False
18,dropout,dropout_realization_01,dropout_realization_01,8.0,40,20,0.5,0.5125,0.003125,,False,,False
18,dropout,dropout_realization_01,dropout_realization_01,16.0,40,20,0.5,0.5125,0.003125,,False,,False
18,dropout,dropout_realization_01,dropout_realization_01,32.0,40,20,0.5,0.5,0.0125,,False,,False
18,dropout,dropout_realization_01,dropout_realization_01,64.0,40,20,0.525,0.5,-0.034375,,False,,False
18,dropout,dropout_realization_01,dropout_realization_01,128.0,40,20,0.525,0.425,-0.040625,,False,,False
18,noise,noise_realization_00,noise_realization_00,0.25,40,20,0.5,0.5125,0.003125,,False,,False
18,noise,noise_realization_00,noise_realization_00,0.5,40,20,0.5,0.475,-0.00625,,False,,False
18,noise,noise_realization_00,noise_realization_00,1.0,40,20,0.5,0.55,0.0125,,False,,False
18,noise,noise_realization_00,noise_realization_00,2.0,40,20,0.5,0.475,-0.00625,,False,,False
18,noise,noise_realization_00,noise_realization_00,4.0,40,20,0.5,0.5,0.0,,False,,False
18,noise,noise_realization_00,noise_realization_00,8.0,40,20,0.5,0.475,-0.00625,,False,,False
18,noise,noise_realization_00,noise_realization_00,16.0,40,20,0.5,0.4875,-0.003125,,False,,False
18,noise,noise_realization_00,noise_realization_00,32.0,40,20,0.5,0.4875,-0.00625,,False,,False
18,noise,noise_realization_00,noise_realization_00,64.0,40,20,0.5,0.5125,0.003125,,False,,False
18,noise,noise_realization_00,noise_realization_00,128.0,40,20,0.5,0.5125,0.003125,,False,,False
18,noise,noise_realization_01,noise_realization_01,0.25,40,20,0.5,0.5125,0.003125,,False,,False
18,noise,noise_realization_01,noise_realization_01,0.5,40,20,0.5,0.4875,-0.003125,,False,,False
18,noise,noise_realization_01,noise_realization_01,1.0,40,20,0.5,0.5,0.0,,False,,False
18,noise,noise_realization_01,noise_realization_01,2.0,40,20,0.5,0.4875,-0.003125,,False,,False
18,noise,noise_realization_01,noise_realization_01,4.0,40,20,0.5,0.5,0.0,,False,,False
18,noise,noise_realization_01,noise_realization_01,8.0,40,20,0.5,0.5,0.0,,False,,False
18,noise,noise_realization_01,noise_realization_01,16.0,40,20,0.5,0.4875,-0.003125,,False,,False
18,noise,noise_realization_01,noise_realization_01,32.0,40,20,0.5,0.5,0.0,,False,,False
18,noise,noise_realization_01,noise_realization_01,64.0,40,20,0.5,0.5375,0.0125,,False,,False
18,noise,noise_realization_01,noise_realization_01,128.0,40,20,0.5,0.5,0.01875,,False,,False
18,random,fixed_random__block_18__0000,0000,0.25,40,20,0.5,0.5375,0.009375,,False,,False
18,random,fixed_random__block_18__0000,0000,0.5,40,20,0.5,0.5375,0.009375,,False,,False
18,random,fixed_random__block_18__0000,0000,1.0,40,20,0.5,0.425,-0.021875,,False,,False
18,random,fixed_random__block_18__0000,0000,2.0,40,20,0.5,0.4875,-0.003125,,False,,False
18,random,fixed_random__block_18__0000,0000,4.0,40,20,0.5,0.525,0.00625,,False,,False
18,random,fixed_random__block_18__0000,0000,8.0,40,20,0.5,0.45,-0.0125,,False,,False
18,random,fixed_random__block_18__0000,0000,16.0,40,20,0.5,0.45,-0.0125,,False,,False
18,random,fixed_random__block_18__0000,0000,32.0,40,20,0.5,0.475,-0.009375,,False,,False
18,random,fixed_random__block_18__0000,0000,64.0,40,20,0.5,0.4625,-0.015625,,False,,False
18,random,fixed_random__block_18__0000,0000,128.0,40,20,0.5,0.5125,0.009375,,False,,False
18,random,fixed_random__block_18__0001,0001,0.25,40,20,0.5,0.525,0.00625,,False,,False
18,random,fixed_random__block_18__0001,0001,0.5,40,20,0.5,0.5,0.0,,False,,False
18,random,fixed_random__block_18__0001,0001,1.0,40,20,0.5,0.5125,0.003125,,False,,False
18,random,fixed_random__block_18__0001,0001,2.0,40,20,0.5,0.4625,-0.009375,,False,,False
18,random,fixed_random__block_18__0001,0001,4.0,40,20,0.5,0.45,-0.0125,,False,,False
18,random,fixed_random__block_18__0001,0001,8.0,40,20,0.5,0.4625,-0.0125,,False,,False
18,random,fixed_random__block_18__0001,0001,16.0,40,20,0.5,0.3625,-0.040625,,False,,False
18,random,fixed_random__block_18__0001,0001,32.0,40,20,0.5,0.425,-0.03125,,False,,False
18,random,fixed_random__block_18__0001,0001,64.0,40,20,0.5,0.6,0.025,,False,,False
18,random,fixed_random__block_18__0001,0001,128.0,40,20,0.5,0.55,0.025,,False,,False
18,random,fixed_random__block_18__0002,0002,0.25,40,20,0.5,0.55,0.0125,,False,,False
18,random,fixed_random__block_18__0002,0002,0.5,40,20,0.5,0.5,0.0,,False,,False
18,random,fixed_random__block_18__0002,0002,1.0,40,20,0.5,0.55,0.0125,,False,,False
18,random,fixed_random__block_18__0002,0002,2.0,40,20,0.5,0.5375,0.009375,,False,,False
18,random,fixed_random__block_18__0002,0002,4.0,40,20,0.5,0.5125,0.003125,,False,,False
18,random,fixed_random__block_18__0002,0002,8.0,40,20,0.5,0.525,0.00625,,False,,False
18,random,fixed_random__block_18__0002,0002,16.0,40,20,0.5,0.5375,0.009375,,False,,False
18,random,fixed_random__block_18__0002,0002,32.0,40,20,0.5,0.575,0.021875,,False,,False
18,random,fixed_random__block_18__0002,0002,64.0,40,20,0.5,0.6,0.025,,False,,False
18,random,fixed_random__block_18__0002,0002,128.0,40,20,0.5,0.55,0.025,,False,,False
18,random,fixed_random__block_18__0003,0003,0.25,40,20,0.5,0.5,0.0,,False,,False
18,random,fixed_random__block_18__0003,0003,0.5,40,20,0.5,0.5125,0.003125,,False,,False
18,random,fixed_random__block_18__0003,0003,1.0,40,20,0.5,0.5625,0.015625,,False,,False
18,random,fixed_random__block_18__0003,0003,2.0,40,20,0.5,0.4375,-0.015625,,False,,False
18,random,fixed_random__block_18__0003,0003,4.0,40,20,0.5,0.45,-0.0125,,False,,False
18,random,fixed_random__block_18__0003,0003,8.0,40,20,0.5,0.4875,-0.003125,,False,,False
18,random,fixed_random__block_18__0003,0003,16.0,40,20,0.5,0.425,-0.021875,,False,,False
18,random,fixed_random__block_18__0003,0003,32.0,40,20,0.5,0.4375,-0.015625,,False,,False
18,random,fixed_random__block_18__0003,0003,64.0,40,20,0.5125,0.5,0.034375,,False,,False
18,random,fixed_random__block_18__0003,0003,128.0,40,20,0.5,0.5,-0.01875,,False,,False
18,random,fixed_random__block_18__0004,0004,0.25,40,20,0.5,0.475,-0.00625,,False,,False
18,random,fixed_random__block_18__0004,0004,0.5,40,20,0.5,0.525,0.00625,,False,,False
18,random,fixed_random__block_18__0004,0004,1.0,40,20,0.5,0.5125,0.003125,,False,,False
18,random,fixed_random__block_18__0004,0004,2.0,40,20,0.5,0.525,0.00625,,False,,False
18,random,fixed_random__block_18__0004,0004,4.0,40,20,0.5,0.525,0.00625,,False,,False
18,random,fixed_random__block_18__0004,0004,8.0,40,20,0.5,0.5125,0.003125,,False,,False
18,random,fixed_random__block_18__0004,0004,16.0,40,20,0.5,0.55,0.0125,,False,,False
18,random,fixed_random__block_18__0004,0004,32.0,40,20,0.5,0.55,0.0125,,False,,False
18,random,fixed_random__block_18__0004,0004,64.0,40,20,0.5,0.5,0.028125,,False,,False
18,random,fixed_random__block_18__0004,0004,128.0,40,20,0.5,0.5,0.009375,,False,,False
18,random,fixed_random__block_18__0005,0005,0.25,40,20,0.5,0.5125,0.003125,,False,,False
18,random,fixed_random__block_18__0005,0005,0.5,40,20,0.5,0.5,0.0,,False,,False
18,random,fixed_random__block_18__0005,0005,1.0,40,20,0.5,0.5,0.0,,False,,False
18,random,fixed_random__block_18__0005,0005,2.0,40,20,0.5,0.4875,-0.003125,,False,,False
18,random,fixed_random__block_18__0005,0005,4.0,40,20,0.5,0.525,0.00625,,False,,False
18,random,fixed_random__block_18__0005,0005,8.0,40,20,0.5,0.5,0.0,,False,,False
18,random,fixed_random__block_18__0005,0005,16.0,40,20,0.5,0.4125,-0.021875,,False,,False
18,random,fixed_random__block_18__0005,0005,32.0,40,20,0.5,0.525,0.009375,,False,,False
18,random,fixed_random__block_18__0005,0005,64.0,40,20,0.5,0.5625,0.034375,,False,,False
18,random,fixed_random__block_18__0005,0005,128.0,40,20,0.5,0.5,0.025,,False,,False
18,random,fixed_random__block_18__0006,0006,0.25,40,20,0.5,0.4625,-0.009375,,False,,False
18,random,fixed_random__block_18__0006,0006,0.5,40,20,0.5,0.55,0.0125,,False,,False
18,random,fixed_random__block_18__0006,0006,1.0,40,20,0.5,0.4875,-0.003125,,False,,False
18,random,fixed_random__block_18__0006,0006,2.0,40,20,0.5,0.525,0.00625,,False,,False
18,random,fixed_random__block_18__0006,0006,4.0,40,20,0.5,0.45,-0.0125,,False,,False
18,random,fixed_random__block_18__0006,0006,8.0,40,20,0.5,0.4625,-0.009375,,False,,False
18,random,fixed_random__block_18__0006,0006,16.0,40,20,0.5,0.425,-0.01875,,False,,False
18,random,fixed_random__block_18__0006,0006,32.0,40,20,0.5,0.4125,-0.025,,False,,False
18,random,fixed_random__block_18__0006,0006,64.0,40,20,0.5,0.5,-0.00625,,False,,False
18,random,fixed_random__block_18__0006,0006,128.0,40,20,0.5,0.5125,-0.015625,,False,,False
18,random,fixed_random__block_18__0007,0007,0.25,40,20,0.5,0.475,-0.00625,,False,,False
18,random,fixed_random__block_18__0007,0007,0.5,40,20,0.5,0.3875,-0.028125,,False,,False
18,random,fixed_random__block_18__0007,0007,1.0,40,20,0.5,0.5375,0.009375,,False,,False
18,random,fixed_random__block_18__0007,0007,2.0,40,20,0.5,0.5125,0.003125,,False,,False
18,random,fixed_random__block_18__0007,0007,4.0,40,20,0.5,0.4625,-0.009375,,False,,False
18,random,fixed_random__block_18__0007,0007,8.0,40,20,0.5,0.4375,-0.015625,,False,,False
18,random,fixed_random__block_18__0007,0007,16.0,40,20,0.5,0.525,0.00625,,False,,False
18,random,fixed_random__block_18__0007,0007,32.0,40,20,0.5,0.55,0.015625,,False,,False
18,random,fixed_random__block_18__0007,0007,64.0,40,20,0.5,0.525,0.009375,,False,,False
18,random,fixed_random__block_18__0007,0007,128.0,40,20,0.5,0.525,0.0125,,False,,False
18,random,fixed_random__block_18__0008,0008,0.25,40,20,0.5,0.5375,0.009375,,False,,False
18,random,fixed_random__block_18__0008,0008,0.5,40,20,0.5,0.5125,0.003125,,False,,False
18,random,fixed_random__block_18__0008,0008,1.0,40,20,0.5,0.4875,-0.003125,,False,,False
18,random,fixed_random__block_18__0008,0008,2.0,40,20,0.5,0.5375,0.009375,,False,,False
18,random,fixed_random__block_18__0008,0008,4.0,40,20,0.5,0.55,0.0125,,False,,False
18,random,fixed_random__block_18__0008,0008,8.0,40,20,0.5,0.5375,0.009375,,False,,False
18,random,fixed_random__block_18__0008,0008,16.0,40,20,0.5,0.6,0.021875,,False,,False
18,random,fixed_random__block_18__0008,0008,32.0,40,20,0.5,0.5875,0.04375,,False,,False
18,random,fixed_random__block_18__0008,0008,64.0,40,20,0.5,0.5125,0.0375,,False,,False
18,random,fixed_random__block_18__0008,0008,128.0,40,20,0.5125,0.5,0.025,,False,,False
18,random,fixed_random__block_18__0009,0009,0.25,40,20,0.5,0.475,-0.00625,,False,,False
18,random,fixed_random__block_18__0009,0009,0.5,40,20,0.5,0.5125,0.003125,,False,,False
18,random,fixed_random__block_18__0009,0009,1.0,40,20,0.5,0.5,0.0,,False,,False
18,random,fixed_random__block_18__0009,0009,2.0,40,20,0.5,0.4625,-0.009375,,False,,False
18,random,fixed_random__block_18__0009,0009,4.0,40,20,0.5,0.5125,0.003125,,False,,False
18,random,fixed_random__block_18__0009,0009,8.0,40,20,0.5,0.475,-0.00625,,False,,False
18,random,fixed_random__block_18__0009,0009,16.0,40,20,0.5,0.475,-0.00625,,False,,False
18,random,fixed_random__block_18__0009,0009,32.0,40,20,0.5,0.6,0.025,,False,,False
18,random,fixed_random__block_18__0009,0009,64.0,40,20,0.5,0.5125,0.00625,,False,,False
18,random,fixed_random__block_18__0009,0009,128.0,40,20,0.5,0.4875,-0.009375,,False,,False
19,concept,concept__block_19__Dust,Dust,0.25,40,20,0.5,0.4625,-0.009375,,False,,False
19,concept,concept__block_19__Dust,Dust,0.5,40,20,0.5,0.5,0.0,,False,,False
19,concept,concept__block_19__Dust,Dust,1.0,40,20,0.5,0.5,0.0,,False,,False
19,concept,concept__block_19__Dust,Dust,2.0,40,20,0.5,0.525,0.00625,,False,,False
19,concept,concept__block_19__Dust,Dust,4.0,40,20,0.5,0.55,0.0125,,False,,False
19,concept,concept__block_19__Dust,Dust,8.0,40,20,0.5,0.625,0.03125,,False,,False
19,concept,concept__block_19__Dust,Dust,16.0,40,20,0.5,0.7,0.05625,,False,,False
19,concept,concept__block_19__Dust,Dust,32.0,40,20,0.5,0.5625,0.084375,,False,,False
19,concept,concept__block_19__Dust,Dust,64.0,40,20,0.5,0.5,0.078125,,False,,False
19,concept,concept__block_19__Dust,Dust,128.0,40,20,0.5,0.5,0.090625,,False,,False
19,concept,concept__block_19__Illusions,Illusions,0.25,40,20,0.5,0.5,0.0,,False,,False
19,concept,concept__block_19__Illusions,Illusions,0.5,40,20,0.5,0.5125,0.003125,,False,,False
19,concept,concept__block_19__Illusions,Illusions,1.0,40,20,0.5,0.5,0.0,,False,,False
19,concept,concept__block_19__Illusions,Illusions,2.0,40,20,0.5,0.575,0.01875,,False,,False
19,concept,concept__block_19__Illusions,Illusions,4.0,40,20,0.5,0.5625,0.015625,,False,,False
19,concept,concept__block_19__Illusions,Illusions,8.0,40,20,0.5,0.55,0.0125,,False,,False
19,concept,concept__block_19__Illusions,Illusions,16.0,40,20,0.5,0.55,0.0125,,False,,False
19,concept,concept__block_19__Illusions,Illusions,32.0,40,20,0.5,0.5,-0.003125,,False,,False
19,concept,concept__block_19__Illusions,Illusions,64.0,40,20,0.5,0.5,0.003125,,False,,False
19,concept,concept__block_19__Illusions,Illusions,128.0,40,20,0.5,0.5,0.009375,,False,,False
19,concept,concept__block_19__Origami,Origami,0.25,40,20,0.5,0.525,0.00625,,False,,False
19,concept,concept__block_19__Origami,Origami,0.5,40,20,0.5,0.4625,-0.009375,,False,,False
19,concept,concept__block_19__Origami,Origami,1.0,40,20,0.5,0.5375,0.009375,,False,,False
19,concept,concept__block_19__Origami,Origami,2.0,40,20,0.5,0.525,0.00625,,False,,False
19,concept,concept__block_19__Origami,Origami,4.0,40,20,0.5,0.5125,0.003125,,False,,False
19,concept,concept__block_19__Origami,Origami,8.0,40,20,0.5,0.4,-0.025,,False,,False
19,concept,concept__block_19__Origami,Origami,16.0,40,20,0.5,0.4125,-0.021875,,False,,False
19,concept,concept__block_19__Origami,Origami,32.0,40,20,0.5,0.425,-0.01875,,False,,False
19,concept,concept__block_19__Origami,Origami,64.0,40,20,0.5,0.45,-0.01875,,False,,False
19,concept,concept__block_19__Origami,Origami,128.0,40,20,0.5,0.45,-0.021875,,False,,False
19,concept,concept__block_19__Satellites,Satellites,0.25,40,20,0.5,0.5125,0.003125,,False,,False
19,concept,concept__block_19__Satellites,Satellites,0.5,40,20,0.5,0.5375,0.009375,,False,,False
19,concept,concept__block_19__Satellites,Satellites,1.0,40,20,0.5,0.4875,-0.003125,,False,,False
19,concept,concept__block_19__Satellites,Satellites,2.0,40,20,0.5,0.5125,0.003125,,False,,False
19,concept,concept__block_19__Satellites,Satellites,4.0,40,20,0.5,0.5,0.0,,False,,False
19,concept,concept__block_19__Satellites,Satellites,8.0,40,20,0.5,0.5375,0.009375,,False,,False
19,concept,concept__block_19__Satellites,Satellites,16.0,40,20,0.5,0.45,-0.009375,,False,,False
19,concept,concept__block_19__Satellites,Satellites,32.0,40,20,0.5,0.525,0.00625,,False,,False
19,concept,concept__block_19__Satellites,Satellites,64.0,40,20,0.5,0.5,0.03125,,False,,False
19,concept,concept__block_19__Satellites,Satellites,128.0,40,20,0.5,0.5,0.040625,,False,,False
19,concept,concept__block_19__Trumpets,Trumpets,0.25,40,20,0.5,0.5125,0.003125,,False,,False
19,concept,concept__block_19__Trumpets,Trumpets,0.5,40,20,0.5,0.5375,0.009375,,False,,False
19,concept,concept__block_19__Trumpets,Trumpets,1.0,40,20,0.5,0.5875,0.021875,,False,,False
19,concept,concept__block_19__Trumpets,Trumpets,2.0,40,20,0.5,0.55,0.0125,,False,,False
19,concept,concept__block_19__Trumpets,Trumpets,4.0,40,20,0.5,0.5375,0.009375,,False,,False
19,concept,concept__block_19__Trumpets,Trumpets,8.0,40,20,0.5,0.5375,0.009375,,False,,False
19,concept,concept__block_19__Trumpets,Trumpets,16.0,40,20,0.5,0.5875,0.021875,,False,,False
19,concept,concept__block_19__Trumpets,Trumpets,32.0,40,20,0.5,0.55,0.0125,,False,,False
19,concept,concept__block_19__Trumpets,Trumpets,64.0,40,20,0.5,0.525,0.003125,,False,,False
19,concept,concept__block_19__Trumpets,Trumpets,128.0,40,20,0.5,0.5,-0.009375,,False,,False
19,concept,concept__block_19__appreciation,appreciation,0.25,40,20,0.5,0.4625,-0.009375,,False,,False
19,concept,concept__block_19__appreciation,appreciation,0.5,40,20,0.5,0.5,0.0,,False,,False
19,concept,concept__block_19__appreciation,appreciation,1.0,40,20,0.5,0.4875,-0.003125,,False,,False
19,concept,concept__block_19__appreciation,appreciation,2.0,40,20,0.5,0.475,-0.00625,,False,,False
19,concept,concept__block_19__appreciation,appreciation,4.0,40,20,0.5,0.4375,-0.015625,,False,,False
19,concept,concept__block_19__appreciation,appreciation,8.0,40,20,0.5,0.4,-0.025,,False,,False
19,concept,concept__block_19__appreciation,appreciation,16.0,40,20,0.5,0.425,-0.021875,,False,,False
19,concept,concept__block_19__appreciation,appreciation,32.0,40,20,0.5,0.4,-0.025,,False,,False
19,concept,concept__block_19__appreciation,appreciation,64.0,40,20,0.5,0.4,-0.028125,,False,,False
19,concept,concept__block_19__appreciation,appreciation,128.0,40,20,0.5,0.4375,-0.015625,,False,,False
19,concept,concept__block_19__betrayal,betrayal,0.25,40,20,0.5,0.5375,0.009375,,False,,False
19,concept,concept__block_19__betrayal,betrayal,0.5,40,20,0.5,0.45,-0.0125,,False,,False
19,concept,concept__block_19__betrayal,betrayal,1.0,40,20,0.5,0.5125,0.003125,,False,,False
19,concept,concept__block_19__betrayal,betrayal,2.0,40,20,0.5,0.45,-0.0125,,False,,False
19,concept,concept__block_19__betrayal,betrayal,4.0,40,20,0.5,0.525,0.00625,,False,,False
19,concept,concept__block_19__betrayal,betrayal,8.0,40,20,0.5,0.5,0.0,,False,,False
19,concept,concept__block_19__betrayal,betrayal,16.0,40,20,0.5,0.5375,0.009375,,False,,False
19,concept,concept__block_19__betrayal,betrayal,32.0,40,20,0.5,0.4875,-0.00625,,False,,False
19,concept,concept__block_19__betrayal,betrayal,64.0,40,20,0.5,0.4875,-0.0125,,False,,False
19,concept,concept__block_19__betrayal,betrayal,128.0,40,20,0.5,0.5375,0.00625,,False,,False
19,concept,concept__block_19__fibonacci_numbers,fibonacci_numbers,0.25,40,20,0.5,0.4875,-0.003125,,False,,False
19,concept,concept__block_19__fibonacci_numbers,fibonacci_numbers,0.5,40,20,0.5,0.4625,-0.009375,,False,,False
19,concept,concept__block_19__fibonacci_numbers,fibonacci_numbers,1.0,40,20,0.5,0.475,-0.00625,,False,,False
19,concept,concept__block_19__fibonacci_numbers,fibonacci_numbers,2.0,40,20,0.5,0.4625,-0.009375,,False,,False
19,concept,concept__block_19__fibonacci_numbers,fibonacci_numbers,4.0,40,20,0.5,0.4625,-0.009375,,False,,False
19,concept,concept__block_19__fibonacci_numbers,fibonacci_numbers,8.0,40,20,0.5,0.4625,-0.009375,,False,,False
19,concept,concept__block_19__fibonacci_numbers,fibonacci_numbers,16.0,40,20,0.5,0.45,-0.0125,,False,,False
19,concept,concept__block_19__fibonacci_numbers,fibonacci_numbers,32.0,40,20,0.5,0.45,-0.0125,,False,,False
19,concept,concept__block_19__fibonacci_numbers,fibonacci_numbers,64.0,40,20,0.5,0.4625,-0.003125,,False,,False
19,concept,concept__block_19__fibonacci_numbers,fibonacci_numbers,128.0,40,20,0.4875,0.5,-0.015625,,False,,False
19,concept,concept__block_19__recursion,recursion,0.25,40,20,0.5,0.525,0.00625,,False,,False
19,concept,concept__block_19__recursion,recursion,0.5,40,20,0.5,0.4875,-0.003125,,False,,False
19,concept,concept__block_19__recursion,recursion,1.0,40,20,0.5,0.5,0.0,,False,,False
19,concept,concept__block_19__recursion,recursion,2.0,40,20,0.5,0.5,0.0,,False,,False
19,concept,concept__block_19__recursion,recursion,4.0,40,20,0.5,0.475,-0.00625,,False,,False
19,concept,concept__block_19__recursion,recursion,8.0,40,20,0.5,0.4625,-0.009375,,False,,False
19,concept,concept__block_19__recursion,recursion,16.0,40,20,0.5,0.45,-0.0125,,False,,False
19,concept,concept__block_19__recursion,recursion,32.0,40,20,0.5,0.4375,-0.015625,,False,,False
19,concept,concept__block_19__recursion,recursion,64.0,40,20,0.5,0.4125,-0.021875,,False,,False
19,concept,concept__block_19__recursion,recursion,128.0,40,20,0.5,0.45,-0.0125,,False,,False
19,concept,concept__block_19__shutdown,shutdown,0.25,40,20,0.5,0.4625,-0.009375,,False,,False
19,concept,concept__block_19__shutdown,shutdown,0.5,40,20,0.5,0.5125,0.003125,,False,,False
19,concept,concept__block_19__shutdown,shutdown,1.0,40,20,0.5,0.4875,-0.003125,,False,,False
19,concept,concept__block_19__shutdown,shutdown,2.0,40,20,0.5,0.5,0.0,,False,,False
19,concept,concept__block_19__shutdown,shutdown,4.0,40,20,0.5,0.5,0.0,,False,,False
19,concept,concept__block_19__shutdown,shutdown,8.0,40,20,0.5,0.4875,-0.003125,,False,,False
19,concept,concept__block_19__shutdown,shutdown,16.0,40,20,0.5,0.4125,-0.021875,,False,,False
19,concept,concept__block_19__shutdown,shutdown,32.0,40,20,0.5,0.425,-0.01875,,False,,False
19,concept,concept__block_19__shutdown,shutdown,64.0,40,20,0.5,0.4,-0.025,,False,,False
19,concept,concept__block_19__shutdown,shutdown,128.0,40,20,0.5,0.4625,-0.0125,,False,,False
19,dropout,dropout_realization_00,dropout_realization_00,0.25,40,20,0.5,0.525,0.00625,,False,,False
19,dropout,dropout_realization_00,dropout_realization_00,0.5,40,20,0.5,0.5125,0.003125,,False,,False
19,dropout,dropout_realization_00,dropout_realization_00,1.0,40,20,0.5,0.4875,-0.003125,,False,,False
19,dropout,dropout_realization_00,dropout_realization_00,2.0,40,20,0.5,0.525,0.00625,,False,,False
19,dropout,dropout_realization_00,dropout_realization_00,4.0,40,20,0.5,0.525,0.00625,,False,,False
19,dropout,dropout_realization_00,dropout_realization_00,8.0,40,20,0.5,0.5,-0.003125,,False,,False
19,dropout,dropout_realization_00,dropout_realization_00,16.0,40,20,0.5,0.5375,0.0125,,False,,False
19,dropout,dropout_realization_00,dropout_realization_00,32.0,40,20,0.5,0.45,-0.01875,,False,,False
19,dropout,dropout_realization_00,dropout_realization_00,64.0,40,20,0.5,0.5375,0.009375,,False,,False
19,dropout,dropout_realization_00,dropout_realization_00,128.0,40,20,0.5,0.475,0.0296875,,False,,False
19,dropout,dropout_realization_01,dropout_realization_01,0.25,40,20,0.5,0.575,0.01875,,False,,False
19,dropout,dropout_realization_01,dropout_realization_01,0.5,40,20,0.5,0.5125,0.003125,,False,,False
19,dropout,dropout_realization_01,dropout_realization_01,1.0,40,20,0.5,0.5,0.0,,False,,False
19,dropout,dropout_realization_01,dropout_realization_01,2.0,40,20,0.5,0.475,-0.00625,,False,,False
19,dropout,dropout_realization_01,dropout_realization_01,4.0,40,20,0.5,0.5125,0.003125,,False,,False
19,dropout,dropout_realization_01,dropout_realization_01,8.0,40,20,0.5,0.5625,0.01875,,False,,False
19,dropout,dropout_realization_01,dropout_realization_01,16.0,40,20,0.5,0.55,0.025,,False,,False
19,dropout,dropout_realization_01,dropout_realization_01,32.0,40,20,0.5,0.675,0.08125,,False,,False
19,dropout,dropout_realization_01,dropout_realization_01,64.0,40,20,0.5,0.55,0.075,,False,,False
19,dropout,dropout_realization_01,dropout_realization_01,128.0,40,20,0.4875,0.55,0.025,,False,,False
19,noise,noise_realization_00,noise_realization_00,0.25,40,20,0.5,0.5,0.0,,False,,False
19,noise,noise_realization_00,noise_realization_00,0.5,40,20,0.5,0.4375,-0.015625,,False,,False
19,noise,noise_realization_00,noise_realization_00,1.0,40,20,0.5,0.5125,0.003125,,False,,False
19,noise,noise_realization_00,noise_realization_00,2.0,40,20,0.5,0.475,-0.00625,,False,,False
19,noise,noise_realization_00,noise_realization_00,4.0,40,20,0.5,0.4875,-0.003125,,False,,False
19,noise,noise_realization_00,noise_realization_00,8.0,40,20,0.5,0.5,0.0,,False,,False
19,noise,noise_realization_00,noise_realization_00,16.0,40,20,0.5,0.4375,-0.015625,,False,,False
19,noise,noise_realization_00,noise_realization_00,32.0,40,20,0.5,0.5125,0.003125,,False,,False
19,noise,noise_realization_00,noise_realization_00,64.0,40,20,0.5,0.525,0.003125,,False,,False
19,noise,noise_realization_00,noise_realization_00,128.0,40,20,0.5,0.525,0.040625,,False,,False
19,noise,noise_realization_01,noise_realization_01,0.25,40,20,0.5,0.5125,0.003125,,False,,False
19,noise,noise_realization_01,noise_realization_01,0.5,40,20,0.5,0.525,0.00625,,False,,False
19,noise,noise_realization_01,noise_realization_01,1.0,40,20,0.5,0.5375,0.009375,,False,,False
19,noise,noise_realization_01,noise_realization_01,2.0,40,20,0.5,0.5125,0.003125,,False,,False
19,noise,noise_realization_01,noise_realization_01,4.0,40,20,0.5,0.4875,-0.003125,,False,,False
19,noise,noise_realization_01,noise_realization_01,8.0,40,20,0.5,0.5125,0.003125,,False,,False
19,noise,noise_realization_01,noise_realization_01,16.0,40,20,0.5,0.5,-0.003125,,False,,False
19,noise,noise_realization_01,noise_realization_01,32.0,40,20,0.5,0.4875,0.003125,,False,,False
19,noise,noise_realization_01,noise_realization_01,64.0,40,20,0.5,0.525,0.0375,,False,,False
19,noise,noise_realization_01,noise_realization_01,128.0,40,20,0.5,0.5125,0.028125,,False,,False
19,random,fixed_random__block_19__0000,0000,0.25,40,20,0.5,0.575,0.01875,,False,,False
19,random,fixed_random__block_19__0000,0000,0.5,40,20,0.5,0.4875,-0.003125,,False,,False
19,random,fixed_random__block_19__0000,0000,1.0,40,20,0.5,0.4875,-0.003125,,False,,False
19,random,fixed_random__block_19__0000,0000,2.0,40,20,0.5,0.4875,-0.003125,,False,,False
19,random,fixed_random__block_19__0000,0000,4.0,40,20,0.5,0.4375,-0.015625,,False,,False
19,random,fixed_random__block_19__0000,0000,8.0,40,20,0.5,0.4625,-0.009375,,False,,False
19,random,fixed_random__block_19__0000,0000,16.0,40,20,0.5,0.45,-0.0125,,False,,False
19,random,fixed_random__block_19__0000,0000,32.0,40,20,0.5,0.4875,-0.003125,,False,,False
19,random,fixed_random__block_19__0000,0000,64.0,40,20,0.5,0.525,0.0,,False,,False
19,random,fixed_random__block_19__0000,0000,128.0,40,20,0.5,0.4625,0.028125,,False,,False
19,random,fixed_random__block_19__0001,0001,0.25,40,20,0.5,0.4875,-0.003125,,False,,False
19,random,fixed_random__block_19__0001,0001,0.5,40,20,0.5,0.525,0.00625,,False,,False
19,random,fixed_random__block_19__0001,0001,1.0,40,20,0.5,0.475,-0.00625,,False,,False
19,random,fixed_random__block_19__0001,0001,2.0,40,20,0.5,0.475,-0.00625,,False,,False
19,random,fixed_random__block_19__0001,0001,4.0,40,20,0.5,0.5,0.0,,False,,False
19,random,fixed_random__block_19__0001,0001,8.0,40,20,0.5,0.475,-0.00625,,False,,False
19,random,fixed_random__block_19__0001,0001,16.0,40,20,0.5,0.425,-0.01875,,False,,False
19,random,fixed_random__block_19__0001,0001,32.0,40,20,0.5,0.4625,-0.009375,,False,,False
19,random,fixed_random__block_19__0001,0001,64.0,40,20,0.5,0.5125,0.00625,,False,,False
19,random,fixed_random__block_19__0001,0001,128.0,40,20,0.5,0.5625,0.00625,,False,,False
19,random,fixed_random__block_19__0002,0002,0.25,40,20,0.5,0.55,0.0125,,False,,False
19,random,fixed_random__block_19__0002,0002,0.5,40,20,0.5,0.525,0.00625,,False,,False
19,random,fixed_random__block_19__0002,0002,1.0,40,20,0.5,0.4875,-0.003125,,False,,False
19,random,fixed_random__block_19__0002,0002,2.0,40,20,0.5,0.4375,-0.015625,,False,,False
19,random,fixed_random__block_19__0002,0002,4.0,40,20,0.5,0.6,0.025,,False,,False
19,random,fixed_random__block_19__0002,0002,8.0,40,20,0.5,0.5875,0.021875,,False,,False
19,random,fixed_random__block_19__0002,0002,16.0,40,20,0.5,0.5625,0.015625,,False,,False
19,random,fixed_random__block_19__0002,0002,32.0,40,20,0.5,0.625,0.034375,,False,,False
19,random,fixed_random__block_19__0002,0002,64.0,40,20,0.5,0.575,0.046875,,False,,False
19,random,fixed_random__block_19__0002,0002,128.0,40,20,0.5,0.5,0.025,,False,,False
19,random,fixed_random__block_19__0003,0003,0.25,40,20,0.5,0.475,-0.00625,,False,,False
19,random,fixed_random__block_19__0003,0003,0.5,40,20,0.5,0.475,-0.00625,,False,,False
19,random,fixed_random__block_19__0003,0003,1.0,40,20,0.5,0.4625,-0.009375,,False,,False
19,random,fixed_random__block_19__0003,0003,2.0,40,20,0.5,0.575,0.01875,,False,,False
19,random,fixed_random__block_19__0003,0003,4.0,40,20,0.5,0.5,0.0,,False,,False
19,random,fixed_random__block_19__0003,0003,8.0,40,20,0.5,0.5125,0.003125,,False,,False
19,random,fixed_random__block_19__0003,0003,16.0,40,20,0.5,0.4625,-0.009375,,False,,False
19,random,fixed_random__block_19__0003,0003,32.0,40,20,0.5,0.475,-0.003125,,False,,False
19,random,fixed_random__block_19__0003,0003,64.0,40,20,0.5,0.5625,0.01875,,False,,False
19,random,fixed_random__block_19__0003,0003,128.0,40,20,0.5,0.4875,0.003125,,False,,False
19,random,fixed_random__block_19__0004,0004,0.25,40,20,0.5,0.4625,-0.009375,,False,,False
19,random,fixed_random__block_19__0004,0004,0.5,40,20,0.5,0.5125,0.003125,,False,,False
19,random,fixed_random__block_19__0004,0004,1.0,40,20,0.5,0.5,0.0,,False,,False
19,random,fixed_random__block_19__0004,0004,2.0,40,20,0.5,0.4875,-0.003125,,False,,False
19,random,fixed_random__block_19__0004,0004,4.0,40,20,0.5,0.4875,-0.003125,,False,,False
19,random,fixed_random__block_19__0004,0004,8.0,40,20,0.5,0.4125,-0.021875,,False,,False
19,random,fixed_random__block_19__0004,0004,16.0,40,20,0.5,0.45,-0.0125,,False,,False
19,random,fixed_random__block_19__0004,0004,32.0,40,20,0.5,0.4625,-0.009375,,False,,False
19,random,fixed_random__block_19__0004,0004,64.0,40,20,0.5,0.5375,0.003125,,False,,False
19,random,fixed_random__block_19__0004,0004,128.0,40,20,0.5,0.525,-0.00625,,False,,False
19,random,fixed_random__block_19__0005,0005,0.25,40,20,0.5,0.5125,0.003125,,False,,False
19,random,fixed_random__block_19__0005,0005,0.5,40,20,0.5,0.575,0.01875,,False,,False
19,random,fixed_random__block_19__0005,0005,1.0,40,20,0.5,0.5125,0.003125,,False,,False
19,random,fixed_random__block_19__0005,0005,2.0,40,20,0.5,0.5625,0.015625,,False,,False
19,random,fixed_random__block_19__0005,0005,4.0,40,20,0.5,0.5,0.0,,False,,False
19,random,fixed_random__block_19__0005,0005,8.0,40,20,0.5,0.4625,-0.009375,,False,,False
19,random,fixed_random__block_19__0005,0005,16.0,40,20,0.5,0.475,-0.00625,,False,,False
19,random,fixed_random__block_19__0005,0005,32.0,40,20,0.5,0.4375,-0.01875,,False,,False
19,random,fixed_random__block_19__0005,0005,64.0,40,20,0.5,0.5125,0.0,,False,,False
19,random,fixed_random__block_19__0005,0005,128.0,40,20,0.5,0.5125,-0.00625,,False,,False
19,random,fixed_random__block_19__0006,0006,0.25,40,20,0.5,0.5125,0.003125,,False,,False
19,random,fixed_random__block_19__0006,0006,0.5,40,20,0.5,0.575,0.01875,,False,,False
19,random,fixed_random__block_19__0006,0006,1.0,40,20,0.5,0.525,0.00625,,False,,False
19,random,fixed_random__block_19__0006,0006,2.0,40,20,0.5,0.5,0.0,,False,,False
19,random,fixed_random__block_19__0006,0006,4.0,40,20,0.5,0.4375,-0.015625,,False,,False
19,random,fixed_random__block_19__0006,0006,8.0,40,20,0.5,0.5125,0.003125,,False,,False
19,random,fixed_random__block_19__0006,0006,16.0,40,20,0.5,0.45,-0.015625,,False,,False
19,random,fixed_random__block_19__0006,0006,32.0,40,20,0.5,0.425,-0.028125,,False,,False
19,random,fixed_random__block_19__0006,0006,64.0,40,20,0.5,0.475,-0.015625,,False,,False
19,random,fixed_random__block_19__0006,0006,128.0,40,20,0.5,0.5,-0.009375,,False,,False
19,random,fixed_random__block_19__0007,0007,0.25,40,20,0.5,0.45,-0.0125,,False,,False
19,random,fixed_random__block_19__0007,0007,0.5,40,20,0.5,0.5125,0.003125,,False,,False
19,random,fixed_random__block_19__0007,0007,1.0,40,20,0.5,0.5125,0.003125,,False,,False
19,random,fixed_random__block_19__0007,0007,2.0,40,20,0.5,0.4625,-0.009375,,False,,False
19,random,fixed_random__block_19__0007,0007,4.0,40,20,0.5,0.45,-0.0125,,False,,False
19,random,fixed_random__block_19__0007,0007,8.0,40,20,0.5,0.5125,0.003125,,False,,False
19,random,fixed_random__block_19__0007,0007,16.0,40,20,0.5,0.4125,-0.021875,,False,,False
19,random,fixed_random__block_19__0007,0007,32.0,40,20,0.5,0.4875,-0.003125,,False,,False
19,random,fixed_random__block_19__0007,0007,64.0,40,20,0.5,0.5,0.0,,False,,False
19,random,fixed_random__block_19__0007,0007,128.0,40,20,0.5,0.5,-0.0125,,False,,False
19,random,fixed_random__block_19__0008,0008,0.25,40,20,0.5,0.5,0.0,,False,,False
19,random,fixed_random__block_19__0008,0008,0.5,40,20,0.5,0.5,0.0,,False,,False
19,random,fixed_random__block_19__0008,0008,1.0,40,20,0.5,0.5375,0.009375,,False,,False
19,random,fixed_random__block_19__0008,0008,2.0,40,20,0.5,0.4125,-0.021875,,False,,False
19,random,fixed_random__block_19__0008,0008,4.0,40,20,0.5,0.5125,0.003125,,False,,False
19,random,fixed_random__block_19__0008,0008,8.0,40,20,0.5,0.5,0.0,,False,,False
19,random,fixed_random__block_19__0008,0008,16.0,40,20,0.5,0.5125,0.003125,,False,,False
19,random,fixed_random__block_19__0008,0008,32.0,40,20,0.5,0.4875,-0.015625,,False,,False
19,random,fixed_random__block_19__0008,0008,64.0,40,20,0.5,0.4875,0.028125,,False,,False
19,random,fixed_random__block_19__0008,0008,128.0,40,20,0.5,0.5125,0.028125,,False,,False
19,random,fixed_random__block_19__0009,0009,0.25,40,20,0.5,0.4875,-0.003125,,False,,False
19,random,fixed_random__block_19__0009,0009,0.5,40,20,0.5,0.4875,-0.003125,,False,,False
19,random,fixed_random__block_19__0009,0009,1.0,40,20,0.5,0.5,0.0,,False,,False
19,random,fixed_random__block_19__0009,0009,2.0,40,20,0.5,0.5,0.0,,False,,False
19,random,fixed_random__block_19__0009,0009,4.0,40,20,0.5,0.4625,-0.009375,,False,,False
19,random,fixed_random__block_19__0009,0009,8.0,40,20,0.5,0.525,0.00625,,False,,False
19,random,fixed_random__block_19__0009,0009,16.0,40,20,0.5,0.5375,0.009375,,False,,False
19,random,fixed_random__block_19__0009,0009,32.0,40,20,0.5,0.5,-0.003125,,False,,False
19,random,fixed_random__block_19__0009,0009,64.0,40,20,0.5,0.5,-0.00625,,False,,False
19,random,fixed_random__block_19__0009,0009,128.0,40,20,0.5,0.5,-0.015625,,False,,False
20,concept,concept__block_20__Dust,Dust,0.25,40,20,0.5,0.5625,0.015625,,False,,False
20,concept,concept__block_20__Dust,Dust,0.5,40,20,0.5,0.5,0.0,,False,,False
20,concept,concept__block_20__Dust,Dust,1.0,40,20,0.5,0.55,0.0125,,False,,False
20,concept,concept__block_20__Dust,Dust,2.0,40,20,0.5,0.5,0.0,,False,,False
20,concept,concept__block_20__Dust,Dust,4.0,40,20,0.5,0.5,0.0,,False,,False
20,concept,concept__block_20__Dust,Dust,8.0,40,20,0.5,0.6,0.025,,False,,False
20,concept,concept__block_20__Dust,Dust,16.0,40,20,0.5,0.5625,0.015625,,False,,False
20,concept,concept__block_20__Dust,Dust,32.0,40,20,0.5,0.6,0.053125,,False,,False
20,concept,concept__block_20__Dust,Dust,64.0,40,20,0.5,0.6,0.046875,,False,,False
20,concept,concept__block_20__Dust,Dust,128.0,40,20,0.5,0.5375,0.065625,,False,,False
20,concept,concept__block_20__Illusions,Illusions,0.25,40,20,0.5,0.525,0.00625,,False,,False
20,concept,concept__block_20__Illusions,Illusions,0.5,40,20,0.5,0.4875,-0.003125,,False,,False
20,concept,concept__block_20__Illusions,Illusions,1.0,40,20,0.5,0.5,0.0,,False,,False
20,concept,concept__block_20__Illusions,Illusions,2.0,40,20,0.5,0.4375,-0.015625,,False,,False
20,concept,concept__block_20__Illusions,Illusions,4.0,40,20,0.5,0.5125,0.003125,,False,,False
20,concept,concept__block_20__Illusions,Illusions,8.0,40,20,0.5,0.55,0.0125,,False,,False
20,concept,concept__block_20__Illusions,Illusions,16.0,40,20,0.5,0.525,0.00625,,False,,False
20,concept,concept__block_20__Illusions,Illusions,32.0,40,20,0.5,0.475,-0.00625,,False,,False
20,concept,concept__block_20__Illusions,Illusions,64.0,40,20,0.5,0.5,0.003125,,False,,False
20,concept,concept__block_20__Illusions,Illusions,128.0,40,20,0.5,0.5,-0.0125,,False,,False
20,concept,concept__block_20__Origami,Origami,0.25,40,20,0.5,0.4875,-0.003125,,False,,False
20,concept,concept__block_20__Origami,Origami,0.5,40,20,0.5,0.5375,0.009375,,False,,False
20,concept,concept__block_20__Origami,Origami,1.0,40,20,0.5,0.5375,0.009375,,False,,False
20,concept,concept__block_20__Origami,Origami,2.0,40,20,0.5,0.525,0.00625,,False,,False
20,concept,concept__block_20__Origami,Origami,4.0,40,20,0.5,0.5,0.0,,False,,False
20,concept,concept__block_20__Origami,Origami,8.0,40,20,0.5,0.4125,-0.021875,,False,,False
20,concept,concept__block_20__Origami,Origami,16.0,40,20,0.5,0.425,-0.01875,,False,,False
20,concept,concept__block_20__Origami,Origami,32.0,40,20,0.5,0.5,-0.003125,,False,,False
20,concept,concept__block_20__Origami,Origami,64.0,40,20,0.5,0.4625,-0.009375,,False,,False
20,concept,concept__block_20__Origami,Origami,128.0,40,20,0.5,0.5,-0.01875,,False,,False
20,concept,concept__block_20__Satellites,Satellites,0.25,40,20,0.5,0.5375,0.009375,,False,,False
20,concept,concept__block_20__Satellites,Satellites,0.5,40,20,0.5,0.5125,0.003125,,False,,False
20,concept,concept__block_20__Satellites,Satellites,1.0,40,20,0.5,0.4875,-0.003125,,False,,False
20,concept,concept__block_20__Satellites,Satellites,2.0,40,20,0.5,0.425,-0.01875,,False,,False
20,concept,concept__block_20__Satellites,Satellites,4.0,40,20,0.5,0.4375,-0.015625,,False,,False
20,concept,concept__block_20__Satellites,Satellites,8.0,40,20,0.5,0.45,-0.0125,,False,,False
20,concept,concept__block_20__Satellites,Satellites,16.0,40,20,0.5,0.4375,-0.015625,,False,,False
20,concept,concept__block_20__Satellites,Satellites,32.0,40,20,0.5,0.4625,-0.009375,,False,,False
20,concept,concept__block_20__Satellites,Satellites,64.0,40,20,0.5,0.6125,0.03125,,False,,False
20,concept,concept__block_20__Satellites,Satellites,128.0,40,20,0.5,0.5,0.025,,False,,False
20,concept,concept__block_20__Trumpets,Trumpets,0.25,40,20,0.5,0.5625,0.015625,,False,,False
20,concept,concept__block_20__Trumpets,Trumpets,0.5,40,20,0.5,0.4625,-0.009375,,False,,False
20,concept,concept__block_20__Trumpets,Trumpets,1.0,40,20,0.5,0.525,0.00625,,False,,False
20,concept,concept__block_20__Trumpets,Trumpets,2.0,40,20,0.5,0.55,0.0125,,False,,False
20,concept,concept__block_20__Trumpets,Trumpets,4.0,40,20,0.5,0.525,0.00625,,False,,False
20,concept,concept__block_20__Trumpets,Trumpets,8.0,40,20,0.5,0.5125,0.003125,,False,,False
20,concept,concept__block_20__Trumpets,Trumpets,16.0,40,20,0.5,0.55,0.0125,,False,,False
20,concept,concept__block_20__Trumpets,Trumpets,32.0,40,20,0.5,0.5125,0.003125,,False,,False
20,concept,concept__block_20__Trumpets,Trumpets,64.0,40,20,0.5,0.4375,-0.01875,,False,,False
20,concept,concept__block_20__Trumpets,Trumpets,128.0,40,20,0.5,0.5125,-0.003125,,False,,False
20,concept,concept__block_20__appreciation,appreciation,0.25,40,20,0.5,0.5,0.0,,False,,False
20,concept,concept__block_20__appreciation,appreciation,0.5,40,20,0.5,0.5375,0.009375,,False,,False
20,concept,concept__block_20__appreciation,appreciation,1.0,40,20,0.5,0.4625,-0.009375,,False,,False
20,concept,concept__block_20__appreciation,appreciation,2.0,40,20,0.5,0.475,-0.00625,,False,,False
20,concept,concept__block_20__appreciation,appreciation,4.0,40,20,0.5,0.475,-0.00625,,False,,False
20,concept,concept__block_20__appreciation,appreciation,8.0,40,20,0.5,0.4875,-0.003125,,False,,False
20,concept,concept__block_20__appreciation,appreciation,16.0,40,20,0.5,0.4375,-0.015625,,False,,False
20,concept,concept__block_20__appreciation,appreciation,32.0,40,20,0.5,0.4625,-0.0125,,False,,False
20,concept,concept__block_20__appreciation,appreciation,64.0,40,20,0.5,0.475,-0.009375,,False,,False
20,concept,concept__block_20__appreciation,appreciation,128.0,40,20,0.5,0.4625,-0.00625,,False,,False
20,concept,concept__block_20__betrayal,betrayal,0.25,40,20,0.5,0.4875,-0.003125,,False,,False
20,concept,concept__block_20__betrayal,betrayal,0.5,40,20,0.5,0.45,-0.0125,,False,,False
20,concept,concept__block_20__betrayal,betrayal,1.0,40,20,0.5,0.525,0.00625,,False,,False
20,concept,concept__block_20__betrayal,betrayal,2.0,40,20,0.5,0.5375,0.009375,,False,,False
20,concept,concept__block_20__betrayal,betrayal,4.0,40,20,0.5,0.5,0.0,,False,,False
20,concept,concept__block_20__betrayal,betrayal,8.0,40,20,0.5,0.5,0.0,,False,,False
20,concept,concept__block_20__betrayal,betrayal,16.0,40,20,0.5,0.5125,0.003125,,False,,False
20,concept,concept__block_20__betrayal,betrayal,32.0,40,20,0.5,0.55,0.015625,,False,,False
20,concept,concept__block_20__betrayal,betrayal,64.0,40,20,0.5,0.5625,0.015625,,False,,False
20,concept,concept__block_20__betrayal,betrayal,128.0,40,20,0.5,0.5125,0.00625,,False,,False
20,concept,concept__block_20__fibonacci_numbers,fibonacci_numbers,0.25,40,20,0.5,0.475,-0.00625,,False,,False
20,concept,concept__block_20__fibonacci_numbers,fibonacci_numbers,0.5,40,20,0.5,0.5375,0.009375,,False,,False
20,concept,concept__block_20__fibonacci_numbers,fibonacci_numbers,1.0,40,20,0.5,0.5,0.0,,False,,False
20,concept,concept__block_20__fibonacci_numbers,fibonacci_numbers,2.0,40,20,0.5,0.5375,0.009375,,False,,False
20,concept,concept__block_20__fibonacci_numbers,fibonacci_numbers,4.0,40,20,0.5,0.4625,-0.009375,,False,,False
20,concept,concept__block_20__fibonacci_numbers,fibonacci_numbers,8.0,40,20,0.5,0.5125,0.003125,,False,,False
20,concept,concept__block_20__fibonacci_numbers,fibonacci_numbers,16.0,40,20,0.5,0.4375,-0.015625,,False,,False
20,concept,concept__block_20__fibonacci_numbers,fibonacci_numbers,32.0,40,20,0.5,0.425,-0.021875,,False,,False
20,concept,concept__block_20__fibonacci_numbers,fibonacci_numbers,64.0,40,20,0.5,0.5125,0.003125,,False,,False
20,concept,concept__block_20__fibonacci_numbers,fibonacci_numbers,128.0,40,20,0.4875,0.5,-0.003125,,False,,False
20,concept,concept__block_20__recursion,recursion,0.25,40,20,0.5,0.4875,-0.003125,,False,,False
20,concept,concept__block_20__recursion,recursion,0.5,40,20,0.5,0.4875,-0.003125,,False,,False
20,concept,concept__block_20__recursion,recursion,1.0,40,20,0.5,0.5125,0.003125,,False,,False
20,concept,concept__block_20__recursion,recursion,2.0,40,20,0.5,0.55,0.0125,,False,,False
20,concept,concept__block_20__recursion,recursion,4.0,40,20,0.5,0.5,0.0,,False,,False
20,concept,concept__block_20__recursion,recursion,8.0,40,20,0.5,0.4125,-0.021875,,False,,False
20,concept,concept__block_20__recursion,recursion,16.0,40,20,0.5,0.4375,-0.015625,,False,,False
20,concept,concept__block_20__recursion,recursion,32.0,40,20,0.5,0.4375,-0.015625,,False,,False
20,concept,concept__block_20__recursion,recursion,64.0,40,20,0.5,0.475,-0.003125,,False,,False
20,concept,concept__block_20__recursion,recursion,128.0,40,20,0.5,0.5,-0.003125,,False,,False
20,concept,concept__block_20__shutdown,shutdown,0.25,40,20,0.5,0.5125,0.003125,,False,,False
20,concept,concept__block_20__shutdown,shutdown,0.5,40,20,0.5,0.4625,-0.009375,,False,,False
20,concept,concept__block_20__shutdown,shutdown,1.0,40,20,0.5,0.5125,0.003125,,False,,False
20,concept,concept__block_20__shutdown,shutdown,2.0,40,20,0.5,0.5,0.0,,False,,False
20,concept,concept__block_20__shutdown,shutdown,4.0,40,20,0.5,0.5,0.0,,False,,False
20,concept,concept__block_20__shutdown,shutdown,8.0,40,20,0.5,0.425,-0.01875,,False,,False
20,concept,concept__block_20__shutdown,shutdown,16.0,40,20,0.5,0.3625,-0.0375,,False,,False
20,concept,concept__block_20__shutdown,shutdown,32.0,40,20,0.5,0.4375,-0.01875,,False,,False
20,concept,concept__block_20__shutdown,shutdown,64.0,40,20,0.5,0.475,-0.00625,,False,,False
20,concept,concept__block_20__shutdown,shutdown,128.0,40,20,0.5,0.475,-0.00625,,False,,False
20,dropout,dropout_realization_00,dropout_realization_00,0.25,40,20,0.5,0.5375,0.009375,,False,,False
20,dropout,dropout_realization_00,dropout_realization_00,0.5,40,20,0.5,0.5375,0.0125,,False,,False
20,dropout,dropout_realization_00,dropout_realization_00,1.0,40,20,0.5,0.55,0.0125,,False,,False
20,dropout,dropout_realization_00,dropout_realization_00,2.0,40,20,0.5,0.5625,0.015625,,False,,False
20,dropout,dropout_realization_00,dropout_realization_00,4.0,40,20,0.5,0.4875,-0.003125,,False,,False
20,dropout,dropout_realization_00,dropout_realization_00,8.0,40,20,0.5,0.525,0.00625,,False,,False
20,dropout,dropout_realization_00,dropout_realization_00,16.0,40,20,0.5,0.4625,-0.0125,,False,,False
20,dropout,dropout_realization_00,dropout_realization_00,32.0,40,20,0.5,0.5375,0.0125,,False,,False
20,dropout,dropout_realization_00,dropout_realization_00,64.0,40,20,0.5,0.5,0.04375,,False,,False
20,dropout,dropout_realization_00,dropout_realization_00,128.0,40,20,0.5,0.3625,-0.0765625,,False,,False
20,dropout,dropout_realization_01,dropout_realization_01,0.25,40,20,0.5,0.525,0.00625,,False,,False
20,dropout,dropout_realization_01,dropout_realization_01,0.5,40,20,0.5,0.5375,0.009375,,False,,False
20,dropout,dropout_realization_01,dropout_realization_01,1.0,40,20,0.5,0.5,0.0,,False,,False
20,dropout,dropout_realization_01,dropout_realization_01,2.0,40,20,0.5,0.475,-0.00625,,False,,False
20,dropout,dropout_realization_01,dropout_realization_01,4.0,40,20,0.5,0.45,-0.0125,,False,,False
20,dropout,dropout_realization_01,dropout_realization_01,8.0,40,20,0.5,0.5375,0.0125,,False,,False
20,dropout,dropout_realization_01,dropout_realization_01,16.0,40,20,0.5,0.4125,-0.021875,,False,,False
20,dropout,dropout_realization_01,dropout_realization_01,32.0,40,20,0.5,0.475,-0.00625,,False,,False
20,dropout,dropout_realization_01,dropout_realization_01,64.0,40,20,0.5,0.475,0.003125,,False,,False
20,dropout,dropout_realization_01,dropout_realization_01,128.0,40,20,0.5,0.5125,-0.0140625,,False,,False
20,noise,noise_realization_00,noise_realization_00,0.25,40,20,0.5,0.55,0.0125,,False,,False
20,noise,noise_realization_00,noise_realization_00,0.5,40,20,0.5,0.4375,-0.015625,,False,,False
20,noise,noise_realization_00,noise_realization_00,1.0,40,20,0.5,0.5125,0.003125,,False,,False
20,noise,noise_realization_00,noise_realization_00,2.0,40,20,0.5,0.4625,-0.009375,,False,,False
20,noise,noise_realization_00,noise_realization_00,4.0,40,20,0.5,0.525,0.00625,,False,,False
20,noise,noise_realization_00,noise_realization_00,8.0,40,20,0.5,0.5125,0.003125,,False,,False
20,noise,noise_realization_00,noise_realization_00,16.0,40,20,0.5,0.4125,-0.021875,,False,,False
20,noise,noise_realization_00,noise_realization_00,32.0,40,20,0.5,0.475,-0.00625,,False,,False
20,noise,noise_realization_00,noise_realization_00,64.0,40,20,0.5,0.5,0.034375,,False,,False
20,noise,noise_realization_00,noise_realization_00,128.0,40,20,0.5,0.4375,-0.03125,,False,,False
20,noise,noise_realization_01,noise_realization_01,0.25,40,20,0.5,0.4875,-0.003125,,False,,False
20,noise,noise_realization_01,noise_realization_01,0.5,40,20,0.5,0.5,0.0,,False,,False
20,noise,noise_realization_01,noise_realization_01,1.0,40,20,0.5,0.5,0.0,,False,,False
20,noise,noise_realization_01,noise_realization_01,2.0,40,20,0.5,0.475,-0.00625,,False,,False
20,noise,noise_realization_01,noise_realization_01,4.0,40,20,0.5,0.5375,0.009375,,False,,False
20,noise,noise_realization_01,noise_realization_01,8.0,40,20,0.5,0.525,0.00625,,False,,False
20,noise,noise_realization_01,noise_realization_01,16.0,40,20,0.5,0.475,-0.00625,,False,,False
20,noise,noise_realization_01,noise_realization_01,32.0,40,20,0.5,0.4875,-0.003125,,False,,False
20,noise,noise_realization_01,noise_realization_01,64.0,40,20,0.5,0.6,0.04375,,False,,False
20,noise,noise_realization_01,noise_realization_01,128.0,40,20,0.5,0.6125,0.059375,,False,,False
20,random,fixed_random__block_20__0000,0000,0.25,40,20,0.5,0.475,-0.00625,,False,,False
20,random,fixed_random__block_20__0000,0000,0.5,40,20,0.5,0.4875,-0.003125,,False,,False
20,random,fixed_random__block_20__0000,0000,1.0,40,20,0.5,0.5,0.0,,False,,False
20,random,fixed_random__block_20__0000,0000,2.0,40,20,0.5,0.5125,0.003125,,False,,False
20,random,fixed_random__block_20__0000,0000,4.0,40,20,0.5,0.475,-0.00625,,False,,False
20,random,fixed_random__block_20__0000,0000,8.0,40,20,0.5,0.4625,-0.009375,,False,,False
20,random,fixed_random__block_20__0000,0000,16.0,40,20,0.5,0.45,-0.0125,,False,,False
20,random,fixed_random__block_20__0000,0000,32.0,40,20,0.5,0.5,0.0,,False,,False
20,random,fixed_random__block_20__0000,0000,64.0,40,20,0.5,0.55,-0.003125,,False,,False
20,random,fixed_random__block_20__0000,0000,128.0,40,20,0.5,0.5125,-0.021875,,False,,False
20,random,fixed_random__block_20__0001,0001,0.25,40,20,0.5,0.4375,-0.015625,,False,,False
20,random,fixed_random__block_20__0001,0001,0.5,40,20,0.5,0.525,0.00625,,False,,False
20,random,fixed_random__block_20__0001,0001,1.0,40,20,0.5,0.5,0.0,,False,,False
20,random,fixed_random__block_20__0001,0001,2.0,40,20,0.5,0.475,-0.00625,,False,,False
20,random,fixed_random__block_20__0001,0001,4.0,40,20,0.5,0.475,-0.00625,,False,,False
20,random,fixed_random__block_20__0001,0001,8.0,40,20,0.5,0.4375,-0.015625,,False,,False
20,random,fixed_random__block_20__0001,0001,16.0,40,20,0.5,0.3875,-0.028125,,False,,False
20,random,fixed_random__block_20__0001,0001,32.0,40,20,0.5,0.45,-0.0125,,False,,False
20,random,fixed_random__block_20__0001,0001,64.0,40,20,0.5,0.4625,-0.009375,,False,,False
20,random,fixed_random__block_20__0001,0001,128.0,40,20,0.5,0.4875,-0.003125,,False,,False
20,random,fixed_random__block_20__0002,0002,0.25,40,20,0.5,0.525,0.00625,,False,,False
20,random,fixed_random__block_20__0002,0002,0.5,40,20,0.5,0.5875,0.021875,,False,,False
20,random,fixed_random__block_20__0002,0002,1.0,40,20,0.5,0.5125,0.003125,,False,,False
20,random,fixed_random__block_20__0002,0002,2.0,40,20,0.5,0.4625,-0.009375,,False,,False
20,random,fixed_random__block_20__0002,0002,4.0,40,20,0.5,0.5125,0.003125,,False,,False
20,random,fixed_random__block_20__0002,0002,8.0,40,20,0.5,0.5,0.0,,False,,False
20,random,fixed_random__block_20__0002,0002,16.0,40,20,0.5,0.525,0.00625,,False,,False
20,random,fixed_random__block_20__0002,0002,32.0,40,20,0.5,0.4125,-0.021875,,False,,False
20,random,fixed_random__block_20__0002,0002,64.0,40,20,0.5,0.45,-0.0125,,False,,False
20,random,fixed_random__block_20__0002,0002,128.0,40,20,0.5,0.5125,-0.009375,,False,,False
20,random,fixed_random__block_20__0003,0003,0.25,40,20,0.5,0.4875,-0.003125,,False,,False
20,random,fixed_random__block_20__0003,0003,0.5,40,20,0.5,0.4875,-0.003125,,False,,False
20,random,fixed_random__block_20__0003,0003,1.0,40,20,0.5,0.45,-0.0125,,False,,False
20,random,fixed_random__block_20__0003,0003,2.0,40,20,0.5,0.45,-0.0125,,False,,False
20,random,fixed_random__block_20__0003,0003,4.0,40,20,0.5,0.5125,0.003125,,False,,False
20,random,fixed_random__block_20__0003,0003,8.0,40,20,0.5,0.4375,-0.015625,,False,,False
20,random,fixed_random__block_20__0003,0003,16.0,40,20,0.5,0.4375,-0.015625,,False,,False
20,random,fixed_random__block_20__0003,0003,32.0,40,20,0.5,0.4625,-0.009375,,False,,False
20,random,fixed_random__block_20__0003,0003,64.0,40,20,0.5,0.4875,-0.003125,,False,,False
20,random,fixed_random__block_20__0003,0003,128.0,40,20,0.5,0.525,0.00625,,False,,False
20,random,fixed_random__block_20__0004,0004,0.25,40,20,0.5,0.5125,0.003125,,False,,False
20,random,fixed_random__block_20__0004,0004,0.5,40,20,0.5,0.4875,-0.003125,,False,,False
20,random,fixed_random__block_20__0004,0004,1.0,40,20,0.5,0.525,0.00625,,False,,False
20,random,fixed_random__block_20__0004,0004,2.0,40,20,0.5,0.5125,0.003125,,False,,False
20,random,fixed_random__block_20__0004,0004,4.0,40,20,0.5,0.475,-0.00625,,False,,False
20,random,fixed_random__block_20__0004,0004,8.0,40,20,0.5,0.5125,0.003125,,False,,False
20,random,fixed_random__block_20__0004,0004,16.0,40,20,0.5,0.475,-0.00625,,False,,False
20,random,fixed_random__block_20__0004,0004,32.0,40,20,0.5,0.5125,0.00625,,False,,False
20,random,fixed_random__block_20__0004,0004,64.0,40,20,0.5,0.5125,0.003125,,False,,False
20,random,fixed_random__block_20__0004,0004,128.0,40,20,0.5,0.5625,0.021875,,False,,False
20,random,fixed_random__block_20__0005,0005,0.25,40,20,0.5,0.475,-0.00625,,False,,False
20,random,fixed_random__block_20__0005,0005,0.5,40,20,0.5,0.5125,0.003125,,False,,False
20,random,fixed_random__block_20__0005,0005,1.0,40,20,0.5,0.5,0.0,,False,,False
20,random,fixed_random__block_20__0005,0005,2.0,40,20,0.5,0.4625,-0.009375,,False,,False
20,random,fixed_random__block_20__0005,0005,4.0,40,20,0.5,0.4875,-0.003125,,False,,False
20,random,fixed_random__block_20__0005,0005,8.0,40,20,0.5,0.5375,0.009375,,False,,False
20,random,fixed_random__block_20__0005,0005,16.0,40,20,0.5,0.4875,-0.003125,,False,,False
20,random,fixed_random__block_20__0005,0005,32.0,40,20,0.5,0.5625,0.015625,,False,,False
20,random,fixed_random__block_20__0005,0005,64.0,40,20,0.5,0.525,0.00625,,False,,False
20,random,fixed_random__block_20__0005,0005,128.0,40,20,0.5,0.5,0.028125,,False,,False
20,random,fixed_random__block_20__0006,0006,0.25,40,20,0.5,0.4875,-0.003125,,False,,False
20,random,fixed_random__block_20__0006,0006,0.5,40,20,0.5,0.4625,-0.009375,,False,,False
20,random,fixed_random__block_20__0006,0006,1.0,40,20,0.5,0.475,-0.00625,,False,,False
20,random,fixed_random__block_20__0006,0006,2.0,40,20,0.5,0.475,-0.00625,,False,,False
20,random,fixed_random__block_20__0006,0006,4.0,40,20,0.5,0.5125,0.003125,,False,,False
20,random,fixed_random__block_20__0006,0006,8.0,40,20,0.5,0.5125,0.003125,,False,,False
20,random,fixed_random__block_20__0006,0006,16.0,40,20,0.5,0.4875,-0.003125,,False,,False
20,random,fixed_random__block_20__0006,0006,32.0,40,20,0.5,0.4625,-0.009375,,False,,False
20,random,fixed_random__block_20__0006,0006,64.0,40,20,0.5,0.425,-0.015625,,False,,False
20,random,fixed_random__block_20__0006,0006,128.0,40,20,0.5,0.45,-0.015625,,False,,False
20,random,fixed_random__block_20__0007,0007,0.25,40,20,0.5,0.4375,-0.015625,,False,,False
20,random,fixed_random__block_20__0007,0007,0.5,40,20,0.5,0.5125,0.003125,,False,,False
20,random,fixed_random__block_20__0007,0007,1.0,40,20,0.5,0.4625,-0.009375,,False,,False
20,random,fixed_random__block_20__0007,0007,2.0,40,20,0.5,0.525,0.00625,,False,,False
20,random,fixed_random__block_20__0007,0007,4.0,40,20,0.5,0.5125,0.003125,,False,,False
20,random,fixed_random__block_20__0007,0007,8.0,40,20,0.5,0.525,0.00625,,False,,False
20,random,fixed_random__block_20__0007,0007,16.0,40,20,0.5,0.4875,-0.003125,,False,,False
20,random,fixed_random__block_20__0007,0007,32.0,40,20,0.5,0.475,-0.00625,,False,,False
20,random,fixed_random__block_20__0007,0007,64.0,40,20,0.5,0.4375,-0.015625,,False,,False
20,random,fixed_random__block_20__0007,0007,128.0,40,20,0.5,0.5,-0.01875,,False,,False
20,random,fixed_random__block_20__0008,0008,0.25,40,20,0.5,0.4875,-0.003125,,False,,False
20,random,fixed_random__block_20__0008,0008,0.5,40,20,0.5,0.4625,-0.009375,,False,,False
20,random,fixed_random__block_20__0008,0008,1.0,40,20,0.5,0.5,0.0,,False,,False
20,random,fixed_random__block_20__0008,0008,2.0,40,20,0.5,0.45,-0.0125,,False,,False
20,random,fixed_random__block_20__0008,0008,4.0,40,20,0.5,0.525,0.00625,,False,,False
20,random,fixed_random__block_20__0008,0008,8.0,40,20,0.5,0.55,0.015625,,False,,False
20,random,fixed_random__block_20__0008,0008,16.0,40,20,0.5,0.475,-0.009375,,False,,False
20,random,fixed_random__block_20__0008,0008,32.0,40,20,0.5,0.425,-0.01875,,False,,False
20,random,fixed_random__block_20__0008,0008,64.0,40,20,0.5,0.4875,0.0,,False,,False
20,random,fixed_random__block_20__0008,0008,128.0,40,20,0.5,0.5,-0.009375,,False,,False
20,random,fixed_random__block_20__0009,0009,0.25,40,20,0.5,0.4625,-0.009375,,False,,False
20,random,fixed_random__block_20__0009,0009,0.5,40,20,0.5,0.4875,-0.003125,,False,,False
20,random,fixed_random__block_20__0009,0009,1.0,40,20,0.5,0.525,0.00625,,False,,False
20,random,fixed_random__block_20__0009,0009,2.0,40,20,0.5,0.475,-0.00625,,False,,False
20,random,fixed_random__block_20__0009,0009,4.0,40,20,0.5,0.4875,-0.003125,,False,,False
20,random,fixed_random__block_20__0009,0009,8.0,40,20,0.5,0.4125,-0.021875,,False,,False
20,random,fixed_random__block_20__0009,0009,16.0,40,20,0.5,0.425,-0.01875,,False,,False
20,random,fixed_random__block_20__0009,0009,32.0,40,20,0.5,0.5,0.0,,False,,False
20,random,fixed_random__block_20__0009,0009,64.0,40,20,0.5,0.5125,-0.009375,,False,,False
20,random,fixed_random__block_20__0009,0009,128.0,40,20,0.4875,0.5,0.0,,False,,False
21,concept,concept__block_21__Dust,Dust,0.25,40,20,0.5,0.5,0.0,,False,,False
21,concept,concept__block_21__Dust,Dust,0.5,40,20,0.5,0.5,0.0,,False,,False
21,concept,concept__block_21__Dust,Dust,1.0,40,20,0.5,0.4625,-0.009375,,False,,False
21,concept,concept__block_21__Dust,Dust,2.0,40,20,0.5,0.55,0.0125,,False,,False
21,concept,concept__block_21__Dust,Dust,4.0,40,20,0.5,0.4875,-0.003125,,False,,False
21,concept,concept__block_21__Dust,Dust,8.0,40,20,0.5,0.4875,-0.003125,,False,,False
21,concept,concept__block_21__Dust,Dust,16.0,40,20,0.5,0.55,0.0125,,False,,False
21,concept,concept__block_21__Dust,Dust,32.0,40,20,0.5,0.4625,-0.009375,,False,,False
21,concept,concept__block_21__Dust,Dust,64.0,40,20,0.525,0.5125,0.059375,,False,,False
21,concept,concept__block_21__Dust,Dust,128.0,40,20,0.5,0.65,0.040625,,False,,False
21,concept,concept__block_21__Illusions,Illusions,0.25,40,20,0.5,0.5125,0.003125,,False,,False
21,concept,concept__block_21__Illusions,Illusions,0.5,40,20,0.5,0.4875,-0.003125,,False,,False
21,concept,concept__block_21__Illusions,Illusions,1.0,40,20,0.5,0.4375,-0.015625,,False,,False
21,concept,concept__block_21__Illusions,Illusions,2.0,40,20,0.5,0.5125,0.003125,,False,,False
21,concept,concept__block_21__Illusions,Illusions,4.0,40,20,0.5,0.5625,0.015625,,False,,False
21,concept,concept__block_21__Illusions,Illusions,8.0,40,20,0.5,0.5125,0.003125,,False,,False
21,concept,concept__block_21__Illusions,Illusions,16.0,40,20,0.5,0.55,0.0125,,False,,False
21,concept,concept__block_21__Illusions,Illusions,32.0,40,20,0.5,0.425,-0.015625,,False,,False
21,concept,concept__block_21__Illusions,Illusions,64.0,40,20,0.5,0.5,0.00625,,False,,False
21,concept,concept__block_21__Illusions,Illusions,128.0,40,20,0.5,0.5,-0.00625,,False,,False
21,concept,concept__block_21__Origami,Origami,0.25,40,20,0.5,0.5,0.0,,False,,False
21,concept,concept__block_21__Origami,Origami,0.5,40,20,0.5,0.475,-0.00625,,False,,False
21,concept,concept__block_21__Origami,Origami,1.0,40,20,0.5,0.5375,0.009375,,False,,False
21,concept,concept__block_21__Origami,Origami,2.0,40,20,0.5,0.525,0.00625,,False,,False
21,concept,concept__block_21__Origami,Origami,4.0,40,20,0.5,0.5375,0.009375,,False,,False
21,concept,concept__block_21__Origami,Origami,8.0,40,20,0.5,0.45,-0.0125,,False,,False
21,concept,concept__block_21__Origami,Origami,16.0,40,20,0.5,0.4625,-0.0125,,False,,False
21,concept,concept__block_21__Origami,Origami,32.0,40,20,0.5,0.425,-0.01875,,False,,False
21,concept,concept__block_21__Origami,Origami,64.0,40,20,0.5,0.475,-0.00625,,False,,False
21,concept,concept__block_21__Origami,Origami,128.0,40,20,0.5,0.575,0.0125,,False,,False
21,concept,concept__block_21__Satellites,Satellites,0.25,40,20,0.5,0.4875,-0.003125,,False,,False
21,concept,concept__block_21__Satellites,Satellites,0.5,40,20,0.5,0.5375,0.009375,,False,,False
21,concept,concept__block_21__Satellites,Satellites,1.0,40,20,0.5,0.45,-0.0125,,False,,False
21,concept,concept__block_21__Satellites,Satellites,2.0,40,20,0.5,0.4875,-0.003125,,False,,False
21,concept,concept__block_21__Satellites,Satellites,4.0,40,20,0.5,0.5,0.0,,False,,False
21,concept,concept__block_21__Satellites,Satellites,8.0,40,20,0.5,0.5,0.0,,False,,False
21,concept,concept__block_21__Satellites,Satellites,16.0,40,20,0.5,0.475,-0.00625,,False,,False
21,concept,concept__block_21__Satellites,Satellites,32.0,40,20,0.5,0.525,0.00625,,False,,False
21,concept,concept__block_21__Satellites,Satellites,64.0,40,20,0.5,0.6,0.028125,,False,,False
21,concept,concept__block_21__Satellites,Satellites,128.0,40,20,0.5,0.5,0.028125,,False,,False
21,concept,concept__block_21__Trumpets,Trumpets,0.25,40,20,0.5,0.5125,0.003125,,False,,False
21,concept,concept__block_21__Trumpets,Trumpets,0.5,40,20,0.5,0.5125,0.003125,,False,,False
21,concept,concept__block_21__Trumpets,Trumpets,1.0,40,20,0.5,0.5,0.0,,False,,False
21,concept,concept__block_21__Trumpets,Trumpets,2.0,40,20,0.5,0.4625,-0.009375,,False,,False
21,concept,concept__block_21__Trumpets,Trumpets,4.0,40,20,0.5,0.5625,0.015625,,False,,False
21,concept,concept__block_21__Trumpets,Trumpets,8.0,40,20,0.5,0.4125,-0.021875,,False,,False
21,concept,concept__block_21__Trumpets,Trumpets,16.0,40,20,0.5,0.525,0.00625,,False,,False
21,concept,concept__block_21__Trumpets,Trumpets,32.0,40,20,0.5,0.4875,-0.003125,,False,,False
21,concept,concept__block_21__Trumpets,Trumpets,64.0,40,20,0.5,0.5375,0.00625,,False,,False
21,concept,concept__block_21__Trumpets,Trumpets,128.0,40,20,0.5,0.5,0.0125,,False,,False
21,concept,concept__block_21__appreciation,appreciation,0.25,40,20,0.5,0.5125,0.003125,,False,,False
21,concept,concept__block_21__appreciation,appreciation,0.5,40,20,0.5,0.575,0.01875,,False,,False
21,concept,concept__block_21__appreciation,appreciation,1.0,40,20,0.5,0.4875,-0.003125,,False,,False
21,concept,concept__block_21__appreciation,appreciation,2.0,40,20,0.5,0.5,0.0,,False,,False
21,concept,concept__block_21__appreciation,appreciation,4.0,40,20,0.5,0.45,-0.0125,,False,,False
21,concept,concept__block_21__appreciation,appreciation,8.0,40,20,0.5,0.425,-0.021875,,False,,False
21,concept,concept__block_21__appreciation,appreciation,16.0,40,20,0.5,0.4375,-0.015625,,False,,False
21,concept,concept__block_21__appreciation,appreciation,32.0,40,20,0.5,0.4875,-0.003125,,False,,False
21,concept,concept__block_21__appreciation,appreciation,64.0,40,20,0.5,0.4125,-0.021875,,False,,False
21,concept,concept__block_21__appreciation,appreciation,128.0,40,20,0.5,0.525,0.003125,,False,,False
21,concept,concept__block_21__betrayal,betrayal,0.25,40,20,0.5,0.525,0.00625,,False,,False
21,concept,concept__block_21__betrayal,betrayal,0.5,40,20,0.5,0.4875,-0.003125,,False,,False
21,concept,concept__block_21__betrayal,betrayal,1.0,40,20,0.5,0.5125,0.003125,,False,,False
21,concept,concept__block_21__betrayal,betrayal,2.0,40,20,0.5,0.525,0.00625,,False,,False
21,concept,concept__block_21__betrayal,betrayal,4.0,40,20,0.5,0.475,-0.00625,,False,,False
21,concept,concept__block_21__betrayal,betrayal,8.0,40,20,0.5,0.475,-0.00625,,False,,False
21,concept,concept__block_21__betrayal,betrayal,16.0,40,20,0.5,0.4625,-0.00625,,False,,False
21,concept,concept__block_21__betrayal,betrayal,32.0,40,20,0.5,0.625,0.03125,,False,,False
21,concept,concept__block_21__betrayal,betrayal,64.0,40,20,0.5,0.5875,0.0375,,False,,False
21,concept,concept__block_21__betrayal,betrayal,128.0,40,20,0.5,0.6,0.0375,,False,,False
21,concept,concept__block_21__fibonacci_numbers,fibonacci_numbers,0.25,40,20,0.5,0.475,-0.00625,,False,,False
21,concept,concept__block_21__fibonacci_numbers,fibonacci_numbers,0.5,40,20,0.5,0.475,-0.00625,,False,,False
21,concept,concept__block_21__fibonacci_numbers,fibonacci_numbers,1.0,40,20,0.5,0.5,0.0,,False,,False
21,concept,concept__block_21__fibonacci_numbers,fibonacci_numbers,2.0,40,20,0.5,0.5625,0.015625,,False,,False
21,concept,concept__block_21__fibonacci_numbers,fibonacci_numbers,4.0,40,20,0.5,0.5,0.0,,False,,False
21,concept,concept__block_21__fibonacci_numbers,fibonacci_numbers,8.0,40,20,0.5,0.4875,-0.003125,,False,,False
21,concept,concept__block_21__fibonacci_numbers,fibonacci_numbers,16.0,40,20,0.5,0.4375,-0.015625,,False,,False
21,concept,concept__block_21__fibonacci_numbers,fibonacci_numbers,32.0,40,20,0.5,0.475,-0.009375,,False,,False
21,concept,concept__block_21__fibonacci_numbers,fibonacci_numbers,64.0,40,20,0.5,0.4875,0.003125,,False,,False
21,concept,concept__block_21__fibonacci_numbers,fibonacci_numbers,128.0,40,20,0.5125,0.5,-0.0125,,False,,False
21,concept,concept__block_21__recursion,recursion,0.25,40,20,0.5,0.5375,0.009375,,False,,False
21,concept,concept__block_21__recursion,recursion,0.5,40,20,0.5,0.4625,-0.009375,,False,,False
21,concept,concept__block_21__recursion,recursion,1.0,40,20,0.5,0.5,0.0,,False,,False
21,concept,concept__block_21__recursion,recursion,2.0,40,20,0.5,0.4875,-0.003125,,False,,False
21,concept,concept__block_21__recursion,recursion,4.0,40,20,0.5,0.5125,0.003125,,False,,False
21,concept,concept__block_21__recursion,recursion,8.0,40,20,0.5,0.4875,-0.003125,,False,,False
21,concept,concept__block_21__recursion,recursion,16.0,40,20,0.5,0.475,-0.00625,,False,,False
21,concept,concept__block_21__recursion,recursion,32.0,40,20,0.5,0.45,-0.0125,,False,,False
21,concept,concept__block_21__recursion,recursion,64.0,40,20,0.5,0.3625,-0.034375,,False,,False
21,concept,concept__block_21__recursion,recursion,128.0,40,20,0.5,0.4625,-0.015625,,False,,False
21,concept,concept__block_21__shutdown,shutdown,0.25,40,20,0.5,0.55,0.0125,,False,,False
21,concept,concept__block_21__shutdown,shutdown,0.5,40,20,0.5,0.525,0.00625,,False,,False
21,concept,concept__block_21__shutdown,shutdown,1.0,40,20,0.5,0.45,-0.0125,,False,,False
21,concept,concept__block_21__shutdown,shutdown,2.0,40,20,0.5,0.4625,-0.009375,,False,,False
21,concept,concept__block_21__shutdown,shutdown,4.0,40,20,0.5,0.525,0.00625,,False,,False
21,concept,concept__block_21__shutdown,shutdown,8.0,40,20,0.5,0.475,-0.00625,,False,,False
21,concept,concept__block_21__shutdown,shutdown,16.0,40,20,0.5,0.45,-0.0125,,False,,False
21,concept,concept__block_21__shutdown,shutdown,32.0,40,20,0.5,0.45,-0.0125,,False,,False
21,concept,concept__block_21__shutdown,shutdown,64.0,40,20,0.5,0.475,-0.00625,,False,,False
21,concept,concept__block_21__shutdown,shutdown,128.0,40,20,0.5,0.4625,-0.015625,,False,,False
21,dropout,dropout_realization_00,dropout_realization_00,0.25,40,20,0.5,0.5625,0.015625,,False,,False
21,dropout,dropout_realization_00,dropout_realization_00,0.5,40,20,0.5,0.475,-0.00625,,False,,False
21,dropout,dropout_realization_00,dropout_realization_00,1.0,40,20,0.5,0.55,0.0125,,False,,False
21,dropout,dropout_realization_00,dropout_realization_00,2.0,40,20,0.5,0.475,-0.00625,,False,,False
21,dropout,dropout_realization_00,dropout_realization_00,4.0,40,20,0.5,0.4875,-0.003125,,False,,False
21,dropout,dropout_realization_00,dropout_realization_00,8.0,40,20,0.5,0.55,0.0125,,False,,False
21,dropout,dropout_realization_00,dropout_realization_00,16.0,40,20,0.5,0.45,-0.015625,,False,,False
21,dropout,dropout_realization_00,dropout_realization_00,32.0,40,20,0.5,0.5625,0.03125,,False,,False
21,dropout,dropout_realization_00,dropout_realization_00,64.0,40,20,0.5,0.55,0.08125,,False,,False
21,dropout,dropout_realization_00,dropout_realization_00,128.0,40,20,0.5,0.4625,-0.0625,,False,,False
21,dropout,dropout_realization_01,dropout_realization_01,0.25,40,20,0.5,0.4625,-0.009375,,False,,False
21,dropout,dropout_realization_01,dropout_realization_01,0.5,40,20,0.5,0.5375,0.009375,,False,,False
21,dropout,dropout_realization_01,dropout_realization_01,1.0,40,20,0.5,0.5375,0.009375,,False,,False
21,dropout,dropout_realization_01,dropout_realization_01,2.0,40,20,0.5,0.4875,-0.003125,,False,,False
21,dropout,dropout_realization_01,dropout_realization_01,4.0,40,20,0.5,0.5,0.0,,False,,False
21,dropout,dropout_realization_01,dropout_realization_01,8.0,40,20,0.5,0.5375,0.009375,,False,,False
21,dropout,dropout_realization_01,dropout_realization_01,16.0,40,20,0.5,0.5125,0.00625,,False,,False
21,dropout,dropout_realization_01,dropout_realization_01,32.0,40,20,0.5,0.425,-0.015625,,False,,False
21,dropout,dropout_realization_01,dropout_realization_01,64.0,40,20,0.5,0.5625,0.0875,,False,,False
21,dropout,dropout_realization_01,dropout_realization_01,128.0,40,20,0.5,0.575,0.075,,False,,False
21,noise,noise_realization_00,noise_realization_00,0.25,40,20,0.5,0.5125,0.003125,,False,,False
21,noise,noise_realization_00,noise_realization_00,0.5,40,20,0.5,0.5,0.0,,False,,False
21,noise,noise_realization_00,noise_realization_00,1.0,40,20,0.5,0.5125,0.003125,,False,,False
21,noise,noise_realization_00,noise_realization_00,2.0,40,20,0.5,0.525,0.00625,,False,,False
21,noise,noise_realization_00,noise_realization_00,4.0,40,20,0.5,0.475,-0.00625,,False,,False
21,noise,noise_realization_00,noise_realization_00,8.0,40,20,0.5,0.475,-0.00625,,False,,False
21,noise,noise_realization_00,noise_realization_00,16.0,40,20,0.5,0.4875,-0.003125,,False,,False
21,noise,noise_realization_00,noise_realization_00,32.0,40,20,0.5,0.4875,-0.003125,,False,,False
21,noise,noise_realization_00,noise_realization_00,64.0,40,20,0.5,0.4125,-0.028125,,False,,False
21,noise,noise_realization_00,noise_realization_00,128.0,40,20,0.5,0.5875,0.0375,,False,,False
21,noise,noise_realization_01,noise_realization_01,0.25,40,20,0.5,0.4875,-0.003125,,False,,False
21,noise,noise_realization_01,noise_realization_01,0.5,40,20,0.5,0.4625,-0.009375,,False,,False
21,noise,noise_realization_01,noise_realization_01,1.0,40,20,0.5,0.5125,0.003125,,False,,False
21,noise,noise_realization_01,noise_realization_01,2.0,40,20,0.5,0.525,0.00625,,False,,False
21,noise,noise_realization_01,noise_realization_01,4.0,40,20,0.5,0.5,0.0,,False,,False
21,noise,noise_realization_01,noise_realization_01,8.0,40,20,0.5,0.5125,0.003125,,False,,False
21,noise,noise_realization_01,noise_realization_01,16.0,40,20,0.5,0.525,0.00625,,False,,False
21,noise,noise_realization_01,noise_realization_01,32.0,40,20,0.5,0.475,-0.00625,,False,,False
21,noise,noise_realization_01,noise_realization_01,64.0,40,20,0.5,0.5125,-0.00625,,False,,False
21,noise,noise_realization_01,noise_realization_01,128.0,40,20,0.5,0.425,-0.009375,,False,,False
21,random,fixed_random__block_21__0000,0000,0.25,40,20,0.5,0.475,-0.00625,,False,,False
21,random,fixed_random__block_21__0000,0000,0.5,40,20,0.5,0.5125,0.003125,,False,,False
21,random,fixed_random__block_21__0000,0000,1.0,40,20,0.5,0.55,0.0125,,False,,False
21,random,fixed_random__block_21__0000,0000,2.0,40,20,0.5,0.5125,0.003125,,False,,False
21,random,fixed_random__block_21__0000,0000,4.0,40,20,0.5,0.5,0.0,,False,,False
21,random,fixed_random__block_21__0000,0000,8.0,40,20,0.5,0.4375,-0.015625,,False,,False
21,random,fixed_random__block_21__0000,0000,16.0,40,20,0.5,0.4625,-0.009375,,False,,False
21,random,fixed_random__block_21__0000,0000,32.0,40,20,0.5,0.4625,-0.009375,,False,,False
21,random,fixed_random__block_21__0000,0000,64.0,40,20,0.5,0.5125,0.003125,,False,,False
21,random,fixed_random__block_21__0000,0000,128.0,40,20,0.5,0.5,-0.00625,,False,,False
21,random,fixed_random__block_21__0001,0001,0.25,40,20,0.5,0.475,-0.00625,,False,,False
21,random,fixed_random__block_21__0001,0001,0.5,40,20,0.5,0.55,0.0125,,False,,False
21,random,fixed_random__block_21__0001,0001,1.0,40,20,0.5,0.5125,0.003125,,False,,False
21,random,fixed_random__block_21__0001,0001,2.0,40,20,0.5,0.4625,-0.009375,,False,,False
21,random,fixed_random__block_21__0001,0001,4.0,40,20,0.5,0.625,0.03125,,False,,False
21,random,fixed_random__block_21__0001,0001,8.0,40,20,0.5,0.5,0.0,,False,,False
21,random,fixed_random__block_21__0001,0001,16.0,40,20,0.5,0.45,-0.0125,,False,,False
21,random,fixed_random__block_21__0001,0001,32.0,40,20,0.5,0.5125,0.003125,,False,,False
21,random,fixed_random__block_21__0001,0001,64.0,40,20,0.5,0.5,-0.003125,,False,,False
21,random,fixed_random__block_21__0001,0001,128.0,40,20,0.5,0.475,0.009375,,False,,False
21,random,fixed_random__block_21__0002,0002,0.25,40,20,0.5,0.4625,-0.009375,,False,,False
21,random,fixed_random__block_21__0002,0002,0.5,40,20,0.5,0.525,0.00625,,False,,False
21,random,fixed_random__block_21__0002,0002,1.0,40,20,0.5,0.4875,-0.003125,,False,,False
21,random,fixed_random__block_21__0002,0002,2.0,40,20,0.5,0.45,-0.0125,,False,,False
21,random,fixed_random__block_21__0002,0002,4.0,40,20,0.5,0.45,-0.0125,,False,,False
21,random,fixed_random__block_21__0002,0002,8.0,40,20,0.5,0.3875,-0.028125,,False,,False
21,random,fixed_random__block_21__0002,0002,16.0,40,20,0.5,0.4625,-0.0125,,False,,False
21,random,fixed_random__block_21__0002,0002,32.0,40,20,0.5,0.4375,-0.01875,,False,,False
21,random,fixed_random__block_21__0002,0002,64.0,40,20,0.5,0.5125,-0.003125,,False,,False
21,random,fixed_random__block_21__0002,0002,128.0,40,20,0.5,0.475,-0.021875,,False,,False
21,random,fixed_random__block_21__0003,0003,0.25,40,20,0.5,0.4625,-0.009375,,False,,False
21,random,fixed_random__block_21__0003,0003,0.5,40,20,0.5,0.5125,0.003125,,False,,False
21,random,fixed_random__block_21__0003,0003,1.0,40,20,0.5,0.4875,-0.003125,,False,,False
21,random,fixed_random__block_21__0003,0003,2.0,40,20,0.5,0.4875,-0.003125,,False,,False
21,random,fixed_random__block_21__0003,0003,4.0,40,20,0.5,0.5,0.0,,False,,False
21,random,fixed_random__block_21__0003,0003,8.0,40,20,0.5,0.5,0.0,,False,,False
21,random,fixed_random__block_21__0003,0003,16.0,40,20,0.5,0.5125,0.003125,,False,,False
21,random,fixed_random__block_21__0003,0003,32.0,40,20,0.5,0.5875,0.021875,,False,,False
21,random,fixed_random__block_21__0003,0003,64.0,40,20,0.5,0.6,0.0375,,False,,False
21,random,fixed_random__block_21__0003,0003,128.0,40,20,0.5,0.525,0.028125,,False,,False
21,random,fixed_random__block_21__0004,0004,0.25,40,20,0.5,0.5375,0.009375,,False,,False
21,random,fixed_random__block_21__0004,0004,0.5,40,20,0.5,0.475,-0.00625,,False,,False
21,random,fixed_random__block_21__0004,0004,1.0,40,20,0.5,0.5375,0.009375,,False,,False
21,random,fixed_random__block_21__0004,0004,2.0,40,20,0.5,0.4625,-0.009375,,False,,False
21,random,fixed_random__block_21__0004,0004,4.0,40,20,0.5,0.475,-0.00625,,False,,False
21,random,fixed_random__block_21__0004,0004,8.0,40,20,0.5,0.5,0.0,,False,,False
21,random,fixed_random__block_21__0004,0004,16.0,40,20,0.5,0.475,-0.00625,,False,,False
21,random,fixed_random__block_21__0004,0004,32.0,40,20,0.5,0.4625,-0.009375,,False,,False
21,random,fixed_random__block_21__0004,0004,64.0,40,20,0.5,0.55,0.0125,,False,,False
21,random,fixed_random__block_21__0004,0004,128.0,40,20,0.5,0.5125,0.00625,,False,,False
21,random,fixed_random__block_21__0005,0005,0.25,40,20,0.5,0.525,0.00625,,False,,False
21,random,fixed_random__block_21__0005,0005,0.5,40,20,0.5,0.525,0.00625,,False,,False
21,random,fixed_random__block_21__0005,0005,1.0,40,20,0.5,0.5375,0.009375,,False,,False
21,random,fixed_random__block_21__0005,0005,2.0,40,20,0.5,0.575,0.01875,,False,,False
21,random,fixed_random__block_21__0005,0005,4.0,40,20,0.5,0.45,-0.0125,,False,,False
21,random,fixed_random__block_21__0005,0005,8.0,40,20,0.5,0.4875,-0.003125,,False,,False
21,random,fixed_random__block_21__0005,0005,16.0,40,20,0.5,0.4375,-0.015625,,False,,False
21,random,fixed_random__block_21__0005,0005,32.0,40,20,0.5,0.3875,-0.028125,,False,,False
21,random,fixed_random__block_21__0005,0005,64.0,40,20,0.5,0.475,-0.00625,,False,,False
21,random,fixed_random__block_21__0005,0005,128.0,40,20,0.5,0.5125,0.003125,,False,,False
21,random,fixed_random__block_21__0006,0006,0.25,40,20,0.5,0.5375,0.009375,,False,,False
21,random,fixed_random__block_21__0006,0006,0.5,40,20,0.5,0.4875,-0.003125,,False,,False
21,random,fixed_random__block_21__0006,0006,1.0,40,20,0.5,0.475,-0.00625,,False,,False
21,random,fixed_random__block_21__0006,0006,2.0,40,20,0.5,0.5125,0.003125,,False,,False
21,random,fixed_random__block_21__0006,0006,4.0,40,20,0.5,0.5125,0.003125,,False,,False
21,random,fixed_random__block_21__0006,0006,8.0,40,20,0.5,0.5625,0.015625,,False,,False
21,random,fixed_random__block_21__0006,0006,16.0,40,20,0.5,0.4875,-0.003125,,False,,False
21,random,fixed_random__block_21__0006,0006,32.0,40,20,0.5,0.5125,0.003125,,False,,False
21,random,fixed_random__block_21__0006,0006,64.0,40,20,0.5,0.5625,0.025,,False,,False
21,random,fixed_random__block_21__0006,0006,128.0,40,20,0.5,0.575,0.025,,False,,False
21,random,fixed_random__block_21__0007,0007,0.25,40,20,0.5,0.475,-0.00625,,False,,False
21,random,fixed_random__block_21__0007,0007,0.5,40,20,0.5,0.575,0.01875,,False,,False
21,random,fixed_random__block_21__0007,0007,1.0,40,20,0.5,0.5125,0.003125,,False,,False
21,random,fixed_random__block_21__0007,0007,2.0,40,20,0.5,0.5125,0.003125,,False,,False
21,random,fixed_random__block_21__0007,0007,4.0,40,20,0.5,0.4625,-0.009375,,False,,False
21,random,fixed_random__block_21__0007,0007,8.0,40,20,0.5,0.475,-0.00625,,False,,False
21,random,fixed_random__block_21__0007,0007,16.0,40,20,0.5,0.5125,0.003125,,False,,False
21,random,fixed_random__block_21__0007,0007,32.0,40,20,0.5,0.5,-0.003125,,False,,False
21,random,fixed_random__block_21__0007,0007,64.0,40,20,0.5,0.5875,0.025,,False,,False
21,random,fixed_random__block_21__0007,0007,128.0,40,20,0.5,0.5125,0.0125,,False,,False
21,random,fixed_random__block_21__0008,0008,0.25,40,20,0.5,0.5375,0.009375,,False,,False
21,random,fixed_random__block_21__0008,0008,0.5,40,20,0.5,0.4625,-0.009375,,False,,False
21,random,fixed_random__block_21__0008,0008,1.0,40,20,0.5,0.525,0.00625,,False,,False
21,random,fixed_random__block_21__0008,0008,2.0,40,20,0.5,0.475,-0.00625,,False,,False
21,random,fixed_random__block_21__0008,0008,4.0,40,20,0.5,0.4375,-0.015625,,False,,False
21,random,fixed_random__block_21__0008,0008,8.0,40,20,0.5,0.45,-0.0125,,False,,False
21,random,fixed_random__block_21__0008,0008,16.0,40,20,0.5,0.5125,0.003125,,False,,False
21,random,fixed_random__block_21__0008,0008,32.0,40,20,0.5,0.45,-0.0125,,False,,False
21,random,fixed_random__block_21__0008,0008,64.0,40,20,0.5,0.4125,-0.021875,,False,,False
21,random,fixed_random__block_21__0008,0008,128.0,40,20,0.5,0.5625,0.01875,,False,,False
21,random,fixed_random__block_21__0009,0009,0.25,40,20,0.5,0.5,0.0,,False,,False
21,random,fixed_random__block_21__0009,0009,0.5,40,20,0.5,0.4625,-0.009375,,False,,False
21,random,fixed_random__block_21__0009,0009,1.0,40,20,0.5,0.45,-0.0125,,False,,False
21,random,fixed_random__block_21__0009,0009,2.0,40,20,0.5,0.5375,0.009375,,False,,False
21,random,fixed_random__block_21__0009,0009,4.0,40,20,0.5,0.525,0.00625,,False,,False
21,random,fixed_random__block_21__0009,0009,8.0,40,20,0.5,0.45,-0.0125,,False,,False
21,random,fixed_random__block_21__0009,0009,16.0,40,20,0.5,0.45,-0.0125,,False,,False
21,random,fixed_random__block_21__0009,0009,32.0,40,20,0.5,0.55,0.0125,,False,,False
21,random,fixed_random__block_21__0009,0009,64.0,40,20,0.5,0.5625,0.015625,,False,,False
21,random,fixed_random__block_21__0009,0009,128.0,40,20,0.5,0.525,0.0125,,False,,False
22,concept,concept__block_22__Dust,Dust,0.25,40,20,0.5,0.5125,0.003125,,False,,False
22,concept,concept__block_22__Dust,Dust,0.5,40,20,0.5,0.4875,-0.003125,,False,,False
22,concept,concept__block_22__Dust,Dust,1.0,40,20,0.5,0.525,0.00625,,False,,False
22,concept,concept__block_22__Dust,Dust,2.0,40,20,0.5,0.475,-0.00625,,False,,False
22,concept,concept__block_22__Dust,Dust,4.0,40,20,0.5,0.5375,0.009375,,False,,False
22,concept,concept__block_22__Dust,Dust,8.0,40,20,0.5,0.475,-0.00625,,False,,False
22,concept,concept__block_22__Dust,Dust,16.0,40,20,0.5,0.5125,0.003125,,False,,False
22,concept,concept__block_22__Dust,Dust,32.0,40,20,0.5,0.525,-0.00625,,False,,False
22,concept,concept__block_22__Dust,Dust,64.0,40,20,0.525,0.6,0.05625,,False,,False
22,concept,concept__block_22__Dust,Dust,128.0,40,20,0.5125,0.5,0.015625,,False,,False
22,concept,concept__block_22__Illusions,Illusions,0.25,40,20,0.5,0.5375,0.009375,,False,,False
22,concept,concept__block_22__Illusions,Illusions,0.5,40,20,0.5,0.425,-0.01875,,False,,False
22,concept,concept__block_22__Illusions,Illusions,1.0,40,20,0.5,0.5125,0.003125,,False,,False
22,concept,concept__block_22__Illusions,Illusions,2.0,40,20,0.5,0.5125,0.003125,,False,,False
22,concept,concept__block_22__Illusions,Illusions,4.0,40,20,0.5,0.525,0.00625,,False,,False
22,concept,concept__block_22__Illusions,Illusions,8.0,40,20,0.5,0.4625,-0.009375,,False,,False
22,concept,concept__block_22__Illusions,Illusions,16.0,40,20,0.5,0.525,0.00625,,False,,False
22,concept,concept__block_22__Illusions,Illusions,32.0,40,20,0.5,0.4625,-0.009375,,False,,False
22,concept,concept__block_22__Illusions,Illusions,64.0,40,20,0.5,0.5,-0.00625,,False,,False
22,concept,concept__block_22__Illusions,Illusions,128.0,40,20,0.5,0.5,0.003125,,False,,False
22,concept,concept__block_22__Origami,Origami,0.25,40,20,0.5,0.475,-0.00625,,False,,False
22,concept,concept__block_22__Origami,Origami,0.5,40,20,0.5,0.5375,0.009375,,False,,False
22,concept,concept__block_22__Origami,Origami,1.0,40,20,0.5,0.5125,0.003125,,False,,False
22,concept,concept__block_22__Origami,Origami,2.0,40,20,0.5,0.5125,0.003125,,False,,False
22,concept,concept__block_22__Origami,Origami,4.0,40,20,0.5,0.4875,-0.003125,,False,,False
22,concept,concept__block_22__Origami,Origami,8.0,40,20,0.5,0.4125,-0.021875,,False,,False
22,concept,concept__block_22__Origami,Origami,16.0,40,20,0.5,0.4375,-0.015625,,False,,False
22,concept,concept__block_22__Origami,Origami,32.0,40,20,0.5,0.4875,-0.00625,,False,,False
22,concept,concept__block_22__Origami,Origami,64.0,40,20,0.5,0.5125,0.0,,False,,False
22,concept,concept__block_22__Origami,Origami,128.0,40,20,0.5,0.5125,0.00625,,False,,False
22,concept,concept__block_22__Satellites,Satellites,0.25,40,20,0.5,0.4875,-0.003125,,False,,False
22,concept,concept__block_22__Satellites,Satellites,0.5,40,20,0.5,0.5,0.003125,,False,,False
22,concept,concept__block_22__Satellites,Satellites,1.0,40,20,0.5,0.5,0.0,,False,,False
22,concept,concept__block_22__Satellites,Satellites,2.0,40,20,0.5,0.45,-0.0125,,False,,False
22,concept,concept__block_22__Satellites,Satellites,4.0,40,20,0.5,0.5125,0.003125,,False,,False
22,concept,concept__block_22__Satellites,Satellites,8.0,40,20,0.5,0.425,-0.01875,,False,,False
22,concept,concept__block_22__Satellites,Satellites,16.0,40,20,0.5,0.45,-0.0125,,False,,False
22,concept,concept__block_22__Satellites,Satellites,32.0,40,20,0.5,0.475,-0.00625,,False,,False
22,concept,concept__block_22__Satellites,Satellites,64.0,40,20,0.5,0.5625,0.015625,,False,,False
22,concept,concept__block_22__Satellites,Satellites,128.0,40,20,0.5,0.5,0.00625,,False,,False
22,concept,concept__block_22__Trumpets,Trumpets,0.25,40,20,0.5,0.4875,-0.003125,,False,,False
22,concept,concept__block_22__Trumpets,Trumpets,0.5,40,20,0.5,0.5875,0.021875,,False,,False
22,concept,concept__block_22__Trumpets,Trumpets,1.0,40,20,0.5,0.4875,-0.003125,,False,,False
22,concept,concept__block_22__Trumpets,Trumpets,2.0,40,20,0.5,0.5,0.0,,False,,False
22,concept,concept__block_22__Trumpets,Trumpets,4.0,40,20,0.5,0.4875,-0.003125,,False,,False
22,concept,concept__block_22__Trumpets,Trumpets,8.0,40,20,0.5,0.5375,0.009375,,False,,False
22,concept,concept__block_22__Trumpets,Trumpets,16.0,40,20,0.5,0.5875,0.021875,,False,,False
22,concept,concept__block_22__Trumpets,Trumpets,32.0,40,20,0.5,0.5,0.0,,False,,False
22,concept,concept__block_22__Trumpets,Trumpets,64.0,40,20,0.5,0.5,0.003125,,False,,False
22,concept,concept__block_22__Trumpets,Trumpets,128.0,40,20,0.5,0.5125,0.0125,,False,,False
22,concept,concept__block_22__appreciation,appreciation,0.25,40,20,0.5,0.475,-0.00625,,False,,False
22,concept,concept__block_22__appreciation,appreciation,0.5,40,20,0.5,0.5125,0.003125,,False,,False
22,concept,concept__block_22__appreciation,appreciation,1.0,40,20,0.5,0.475,-0.00625,,False,,False
22,concept,concept__block_22__appreciation,appreciation,2.0,40,20,0.5,0.475,-0.00625,,False,,False
22,concept,concept__block_22__appreciation,appreciation,4.0,40,20,0.5,0.475,-0.00625,,False,,False
22,concept,concept__block_22__appreciation,appreciation,8.0,40,20,0.5,0.475,-0.00625,,False,,False
22,concept,concept__block_22__appreciation,appreciation,16.0,40,20,0.5,0.4875,-0.003125,,False,,False
22,concept,concept__block_22__appreciation,appreciation,32.0,40,20,0.5,0.4375,-0.015625,,False,,False
22,concept,concept__block_22__appreciation,appreciation,64.0,40,20,0.5,0.45,-0.021875,,False,,False
22,concept,concept__block_22__appreciation,appreciation,128.0,40,20,0.5,0.5125,0.009375,,False,,False
22,concept,concept__block_22__betrayal,betrayal,0.25,40,20,0.5,0.5125,0.003125,,False,,False
22,concept,concept__block_22__betrayal,betrayal,0.5,40,20,0.5,0.5375,0.009375,,False,,False
22,concept,concept__block_22__betrayal,betrayal,1.0,40,20,0.5,0.5,0.0,,False,,False
22,concept,concept__block_22__betrayal,betrayal,2.0,40,20,0.5,0.5375,0.009375,,False,,False
22,concept,concept__block_22__betrayal,betrayal,4.0,40,20,0.5,0.5,0.0,,False,,False
22,concept,concept__block_22__betrayal,betrayal,8.0,40,20,0.5,0.5125,0.003125,,False,,False
22,concept,concept__block_22__betrayal,betrayal,16.0,40,20,0.5,0.5,0.0,,False,,False
22,concept,concept__block_22__betrayal,betrayal,32.0,40,20,0.5,0.6,0.028125,,False,,False
22,concept,concept__block_22__betrayal,betrayal,64.0,40,20,0.5,0.6375,0.046875,,False,,False
22,concept,concept__block_22__betrayal,betrayal,128.0,40,20,0.5,0.5125,0.015625,,False,,False
22,concept,concept__block_22__fibonacci_numbers,fibonacci_numbers,0.25,40,20,0.5,0.5125,0.003125,,False,,False
22,concept,concept__block_22__fibonacci_numbers,fibonacci_numbers,0.5,40,20,0.5,0.425,-0.01875,,False,,False
22,concept,concept__block_22__fibonacci_numbers,fibonacci_numbers,1.0,40,20,0.5,0.5625,0.015625,,False,,False
22,concept,concept__block_22__fibonacci_numbers,fibonacci_numbers,2.0,40,20,0.5,0.5625,0.015625,,False,,False
22,concept,concept__block_22__fibonacci_numbers,fibonacci_numbers,4.0,40,20,0.5,0.475,-0.00625,,False,,False
22,concept,concept__block_22__fibonacci_numbers,fibonacci_numbers,8.0,40,20,0.5,0.425,-0.01875,,False,,False
22,concept,concept__block_22__fibonacci_numbers,fibonacci_numbers,16.0,40,20,0.5,0.4125,-0.021875,,False,,False
22,concept,concept__block_22__fibonacci_numbers,fibonacci_numbers,32.0,40,20,0.5,0.4875,-0.003125,,False,,False
22,concept,concept__block_22__fibonacci_numbers,fibonacci_numbers,64.0,40,20,0.5,0.525,0.003125,,False,,False
22,concept,concept__block_22__fibonacci_numbers,fibonacci_numbers,128.0,40,20,0.5125,0.5,-0.015625,,False,,False
22,concept,concept__block_22__recursion,recursion,0.25,40,20,0.5,0.525,0.00625,,False,,False
22,concept,concept__block_22__recursion,recursion,0.5,40,20,0.5,0.4875,-0.003125,,False,,False
22,concept,concept__block_22__recursion,recursion,1.0,40,20,0.5,0.5125,0.003125,,False,,False
22,concept,concept__block_22__recursion,recursion,2.0,40,20,0.5,0.525,0.00625,,False,,False
22,concept,concept__block_22__recursion,recursion,4.0,40,20,0.5,0.4375,-0.015625,,False,,False
22,concept,concept__block_22__recursion,recursion,8.0,40,20,0.5,0.45,-0.0125,,False,,False
22,concept,concept__block_22__recursion,recursion,16.0,40,20,0.5,0.4125,-0.021875,,False,,False
22,concept,concept__block_22__recursion,recursion,32.0,40,20,0.5,0.4125,-0.021875,,False,,False
22,concept,concept__block_22__recursion,recursion,64.0,40,20,0.5,0.4,-0.025,,False,,False
22,concept,concept__block_22__recursion,recursion,128.0,40,20,0.5,0.4875,-0.003125,,False,,False
22,concept,concept__block_22__shutdown,shutdown,0.25,40,20,0.5,0.4875,-0.003125,,False,,False
22,concept,concept__block_22__shutdown,shutdown,0.5,40,20,0.5,0.525,0.00625,,False,,False
22,concept,concept__block_22__shutdown,shutdown,1.0,40,20,0.5,0.5375,0.009375,,False,,False
22,concept,concept__block_22__shutdown,shutdown,2.0,40,20,0.5,0.55,0.0125,,False,,False
22,concept,concept__block_22__shutdown,shutdown,4.0,40,20,0.5,0.5,0.0,,False,,False
22,concept,concept__block_22__shutdown,shutdown,8.0,40,20,0.5,0.45,-0.0125,,False,,False
22,concept,concept__block_22__shutdown,shutdown,16.0,40,20,0.5,0.4375,-0.01875,,False,,False
22,concept,concept__block_22__shutdown,shutdown,32.0,40,20,0.5,0.4875,-0.00625,,False,,False
22,concept,concept__block_22__shutdown,shutdown,64.0,40,20,0.5,0.4375,-0.01875,,False,,False
22,concept,concept__block_22__shutdown,shutdown,128.0,40,20,0.5,0.5125,0.003125,,False,,False
22,dropout,dropout_realization_00,dropout_realization_00,0.25,40,20,0.5,0.525,0.00625,,False,,False
22,dropout,dropout_realization_00,dropout_realization_00,0.5,40,20,0.5,0.575,0.01875,,False,,False
22,dropout,dropout_realization_00,dropout_realization_00,1.0,40,20,0.5,0.4875,-0.003125,,False,,False
22,dropout,dropout_realization_00,dropout_realization_00,2.0,40,20,0.5,0.5,0.0,,False,,False
22,dropout,dropout_realization_00,dropout_realization_00,4.0,40,20,0.5,0.4625,-0.009375,,False,,False
22,dropout,dropout_realization_00,dropout_realization_00,8.0,40,20,0.5,0.475,-0.00625,,False,,False
22,dropout,dropout_realization_00,dropout_realization_00,16.0,40,20,0.5,0.5,0.0,,False,,False
22,dropout,dropout_realization_00,dropout_realization_00,32.0,40,20,0.5,0.5375,0.009375,,False,,False
22,dropout,dropout_realization_00,dropout_realization_00,64.0,40,20,0.5,0.5375,-0.009375,,False,,False
22,dropout,dropout_realization_00,dropout_realization_00,128.0,40,20,0.5,0.525,-0.078125,,False,,False
22,dropout,dropout_realization_01,dropout_realization_01,0.25,40,20,0.5,0.475,-0.00625,,False,,False
22,dropout,dropout_realization_01,dropout_realization_01,0.5,40,20,0.5,0.5375,0.009375,,False,,False
22,dropout,dropout_realization_01,dropout_realization_01,1.0,40,20,0.5,0.4875,-0.003125,,False,,False
22,dropout,dropout_realization_01,dropout_realization_01,2.0,40,20,0.5,0.5,0.0,,False,,False
22,dropout,dropout_realization_01,dropout_realization_01,4.0,40,20,0.5,0.525,0.00625,,False,,False
22,dropout,dropout_realization_01,dropout_realization_01,8.0,40,20,0.5,0.5375,0.009375,,False,,False
22,dropout,dropout_realization_01,dropout_realization_01,16.0,40,20,0.5,0.6,0.025,,False,,False
22,dropout,dropout_realization_01,dropout_realization_01,32.0,40,20,0.5,0.525,0.00625,,False,,False
22,dropout,dropout_realization_01,dropout_realization_01,64.0,40,20,0.5,0.5125,0.028125,,False,,False
22,dropout,dropout_realization_01,dropout_realization_01,128.0,40,20,0.525,0.5375,-0.00625,,False,,False
22,noise,noise_realization_00,noise_realization_00,0.25,40,20,0.5,0.5,0.0,,False,,False
22,noise,noise_realization_00,noise_realization_00,0.5,40,20,0.5,0.55,0.0125,,False,,False
22,noise,noise_realization_00,noise_realization_00,1.0,40,20,0.5,0.475,-0.00625,,False,,False
22,noise,noise_realization_00,noise_realization_00,2.0,40,20,0.5,0.4375,-0.015625,,False,,False
22,noise,noise_realization_00,noise_realization_00,4.0,40,20,0.5,0.5,0.0,,False,,False
22,noise,noise_realization_00,noise_realization_00,8.0,40,20,0.5,0.45,-0.0125,,False,,False
22,noise,noise_realization_00,noise_realization_00,16.0,40,20,0.5,0.5125,0.003125,,False,,False
22,noise,noise_realization_00,noise_realization_00,32.0,40,20,0.5,0.5625,0.015625,,False,,False
22,noise,noise_realization_00,noise_realization_00,64.0,40,20,0.5,0.5875,0.021875,,False,,False
22,noise,noise_realization_00,noise_realization_00,128.0,40,20,0.5,0.5,-0.00625,,False,,False
22,noise,noise_realization_01,noise_realization_01,0.25,40,20,0.5,0.525,0.00625,,False,,False
22,noise,noise_realization_01,noise_realization_01,0.5,40,20,0.5,0.5375,0.009375,,False,,False
22,noise,noise_realization_01,noise_realization_01,1.0,40,20,0.5,0.4875,-0.003125,,False,,False
22,noise,noise_realization_01,noise_realization_01,2.0,40,20,0.5,0.45,-0.0125,,False,,False
22,noise,noise_realization_01,noise_realization_01,4.0,40,20,0.5,0.425,-0.01875,,False,,False
22,noise,noise_realization_01,noise_realization_01,8.0,40,20,0.5,0.4875,-0.003125,,False,,False
22,noise,noise_realization_01,noise_realization_01,16.0,40,20,0.5,0.4625,-0.009375,,False,,False
22,noise,noise_realization_01,noise_realization_01,32.0,40,20,0.5,0.4,-0.025,,False,,False
22,noise,noise_realization_01,noise_realization_01,64.0,40,20,0.5,0.625,0.034375,,False,,False
22,noise,noise_realization_01,noise_realization_01,128.0,40,20,0.5,0.4625,0.00625,,False,,False
22,random,fixed_random__block_22__0000,0000,0.25,40,20,0.5,0.5125,0.003125,,False,,False
22,random,fixed_random__block_22__0000,0000,0.5,40,20,0.5,0.4875,-0.003125,,False,,False
22,random,fixed_random__block_22__0000,0000,1.0,40,20,0.5,0.4625,-0.009375,,False,,False
22,random,fixed_random__block_22__0000,0000,2.0,40,20,0.5,0.5,0.0,,False,,False
22,random,fixed_random__block_22__0000,0000,4.0,40,20,0.5,0.4875,-0.003125,,False,,False
22,random,fixed_random__block_22__0000,0000,8.0,40,20,0.5,0.5,0.0,,False,,False
22,random,fixed_random__block_22__0000,0000,16.0,40,20,0.5,0.5125,0.003125,,False,,False
22,random,fixed_random__block_22__0000,0000,32.0,40,20,0.5,0.4125,-0.025,,False,,False
22,random,fixed_random__block_22__0000,0000,64.0,40,20,0.5,0.475,-0.015625,,False,,False
22,random,fixed_random__block_22__0000,0000,128.0,40,20,0.5,0.5,0.01875,,False,,False
22,random,fixed_random__block_22__0001,0001,0.25,40,20,0.5,0.5375,0.009375,,False,,False
22,random,fixed_random__block_22__0001,0001,0.5,40,20,0.5,0.5125,0.003125,,False,,False
22,random,fixed_random__block_22__0001,0001,1.0,40,20,0.5,0.4625,-0.009375,,False,,False
22,random,fixed_random__block_22__0001,0001,2.0,40,20,0.5,0.5,0.0,,False,,False
22,random,fixed_random__block_22__0001,0001,4.0,40,20,0.5,0.5375,0.009375,,False,,False
22,random,fixed_random__block_22__0001,0001,8.0,40,20,0.5,0.4625,-0.009375,,False,,False
22,random,fixed_random__block_22__0001,0001,16.0,40,20,0.5,0.55,0.0125,,False,,False
22,random,fixed_random__block_22__0001,0001,32.0,40,20,0.5,0.45,-0.0125,,False,,False
22,random,fixed_random__block_22__0001,0001,64.0,40,20,0.5,0.525,0.0125,,False,,False
22,random,fixed_random__block_22__0001,0001,128.0,40,20,0.5,0.5125,0.009375,,False,,False
22,random,fixed_random__block_22__0002,0002,0.25,40,20,0.5,0.525,0.00625,,False,,False
22,random,fixed_random__block_22__0002,0002,0.5,40,20,0.5,0.4625,-0.009375,,False,,False
22,random,fixed_random__block_22__0002,0002,1.0,40,20,0.5,0.475,-0.00625,,False,,False
22,random,fixed_random__block_22__0002,0002,2.0,40,20,0.5,0.5375,0.009375,,False,,False
22,random,fixed_random__block_22__0002,0002,4.0,40,20,0.5,0.4625,-0.009375,,False,,False
22,random,fixed_random__block_22__0002,0002,8.0,40,20,0.5,0.5375,0.009375,,False,,False
22,random,fixed_random__block_22__0002,0002,16.0,40,20,0.5,0.5,0.0,,False,,False
22,random,fixed_random__block_22__0002,0002,32.0,40,20,0.5,0.5125,0.003125,,False,,False
22,random,fixed_random__block_22__0002,0002,64.0,40,20,0.5,0.5375,0.0125,,False,,False
22,random,fixed_random__block_22__0002,0002,128.0,40,20,0.5,0.5,0.0125,,False,,False
22,random,fixed_random__block_22__0003,0003,0.25,40,20,0.5,0.4375,-0.015625,,False,,False
22,random,fixed_random__block_22__0003,0003,0.5,40,20,0.5,0.475,-0.00625,,False,,False
22,random,fixed_random__block_22__0003,0003,1.0,40,20,0.5,0.4625,-0.009375,,False,,False
22,random,fixed_random__block_22__0003,0003,2.0,40,20,0.5,0.525,0.00625,,False,,False
22,random,fixed_random__block_22__0003,0003,4.0,40,20,0.5,0.5,0.0,,False,,False
22,random,fixed_random__block_22__0003,0003,8.0,40,20,0.5,0.45,-0.0125,,False,,False
22,random,fixed_random__block_22__0003,0003,16.0,40,20,0.5,0.4875,-0.003125,,False,,False
22,random,fixed_random__block_22__0003,0003,32.0,40,20,0.5,0.4625,-0.009375,,False,,False
22,random,fixed_random__block_22__0003,0003,64.0,40,20,0.5,0.5375,0.009375,,False,,False
22,random,fixed_random__block_22__0003,0003,128.0,40,20,0.5,0.5625,0.0125,,False,,False
22,random,fixed_random__block_22__0004,0004,0.25,40,20,0.5,0.5,0.0,,False,,False
22,random,fixed_random__block_22__0004,0004,0.5,40,20,0.5,0.525,0.00625,,False,,False
22,random,fixed_random__block_22__0004,0004,1.0,40,20,0.5,0.4875,-0.003125,,False,,False
22,random,fixed_random__block_22__0004,0004,2.0,40,20,0.5,0.4875,-0.003125,,False,,False
22,random,fixed_random__block_22__0004,0004,4.0,40,20,0.5,0.5375,0.009375,,False,,False
22,random,fixed_random__block_22__0004,0004,8.0,40,20,0.5,0.475,-0.00625,,False,,False
22,random,fixed_random__block_22__0004,0004,16.0,40,20,0.5,0.4875,-0.003125,,False,,False
22,random,fixed_random__block_22__0004,0004,32.0,40,20,0.5,0.525,0.009375,,False,,False
22,random,fixed_random__block_22__0004,0004,64.0,40,20,0.5,0.525,0.003125,,False,,False
22,random,fixed_random__block_22__0004,0004,128.0,40,20,0.5,0.475,0.009375,,False,,False
22,random,fixed_random__block_22__0005,0005,0.25,40,20,0.5,0.475,-0.00625,,False,,False
22,random,fixed_random__block_22__0005,0005,0.5,40,20,0.5,0.4875,-0.003125,,False,,False
22,random,fixed_random__block_22__0005,0005,1.0,40,20,0.5,0.475,-0.00625,,False,,False
22,random,fixed_random__block_22__0005,0005,2.0,40,20,0.5,0.5,0.0,,False,,False
22,random,fixed_random__block_22__0005,0005,4.0,40,20,0.5,0.5125,0.003125,,False,,False
22,random,fixed_random__block_22__0005,0005,8.0,40,20,0.5,0.525,0.00625,,False,,False
22,random,fixed_random__block_22__0005,0005,16.0,40,20,0.5,0.4875,-0.003125,,False,,False
22,random,fixed_random__block_22__0005,0005,32.0,40,20,0.5,0.45,-0.0125,,False,,False
22,random,fixed_random__block_22__0005,0005,64.0,40,20,0.5,0.525,0.00625,,False,,False
22,random,fixed_random__block_22__0005,0005,128.0,40,20,0.5,0.5125,0.01875,,False,,False
22,random,fixed_random__block_22__0006,0006,0.25,40,20,0.5,0.5125,0.003125,,False,,False
22,random,fixed_random__block_22__0006,0006,0.5,40,20,0.5,0.475,-0.00625,,False,,False
22,random,fixed_random__block_22__0006,0006,1.0,40,20,0.5,0.575,0.01875,,False,,False
22,random,fixed_random__block_22__0006,0006,2.0,40,20,0.5,0.4625,-0.009375,,False,,False
22,random,fixed_random__block_22__0006,0006,4.0,40,20,0.5,0.4875,-0.003125,,False,,False
22,random,fixed_random__block_22__0006,0006,8.0,40,20,0.5,0.45,-0.0125,,False,,False
22,random,fixed_random__block_22__0006,0006,16.0,40,20,0.5,0.4875,-0.003125,,False,,False
22,random,fixed_random__block_22__0006,0006,32.0,40,20,0.5,0.5,0.0,,False,,False
22,random,fixed_random__block_22__0006,0006,64.0,40,20,0.5,0.4875,-0.00625,,False,,False
22,random,fixed_random__block_22__0006,0006,128.0,40,20,0.5,0.4875,0.00625,,False,,False
22,random,fixed_random__block_22__0007,0007,0.25,40,20,0.5,0.475,-0.00625,,False,,False
22,random,fixed_random__block_22__0007,0007,0.5,40,20,0.5,0.475,-0.00625,,False,,False
22,random,fixed_random__block_22__0007,0007,1.0,40,20,0.5,0.5125,0.003125,,False,,False
22,random,fixed_random__block_22__0007,0007,2.0,40,20,0.5,0.45,-0.0125,,False,,False
22,random,fixed_random__block_22__0007,0007,4.0,40,20,0.5,0.45,-0.0125,,False,,False
22,random,fixed_random__block_22__0007,0007,8.0,40,20,0.5,0.45,-0.0125,,False,,False
22,random,fixed_random__block_22__0007,0007,16.0,40,20,0.5,0.5125,0.003125,,False,,False
22,random,fixed_random__block_22__0007,0007,32.0,40,20,0.5,0.5625,0.015625,,False,,False
22,random,fixed_random__block_22__0007,0007,64.0,40,20,0.5,0.6375,0.05,,False,,False
22,random,fixed_random__block_22__0007,0007,128.0,40,20,0.5,0.55,0.025,,False,,False
22,random,fixed_random__block_22__0008,0008,0.25,40,20,0.5,0.4625,-0.009375,,False,,False
22,random,fixed_random__block_22__0008,0008,0.5,40,20,0.5,0.5,0.0,,False,,False
22,random,fixed_random__block_22__0008,0008,1.0,40,20,0.5,0.4625,-0.009375,,False,,False
22,random,fixed_random__block_22__0008,0008,2.0,40,20,0.5,0.4625,-0.009375,,False,,False
22,random,fixed_random__block_22__0008,0008,4.0,40,20,0.5,0.525,0.00625,,False,,False
22,random,fixed_random__block_22__0008,0008,8.0,40,20,0.5,0.5125,0.003125,,False,,False
22,random,fixed_random__block_22__0008,0008,16.0,40,20,0.5,0.4625,-0.009375,,False,,False
22,random,fixed_random__block_22__0008,0008,32.0,40,20,0.5,0.55,0.0125,,False,,False
22,random,fixed_random__block_22__0008,0008,64.0,40,20,0.5,0.5375,0.009375,,False,,False
22,random,fixed_random__block_22__0008,0008,128.0,40,20,0.5,0.5,0.00625,,False,,False
22,random,fixed_random__block_22__0009,0009,0.25,40,20,0.5,0.5,0.0,,False,,False
22,random,fixed_random__block_22__0009,0009,0.5,40,20,0.5,0.475,-0.00625,,False,,False
22,random,fixed_random__block_22__0009,0009,1.0,40,20,0.5,0.45,-0.0125,,False,,False
22,random,fixed_random__block_22__0009,0009,2.0,40,20,0.5,0.525,0.00625,,False,,False
22,random,fixed_random__block_22__0009,0009,4.0,40,20,0.5,0.475,-0.00625,,False,,False
22,random,fixed_random__block_22__0009,0009,8.0,40,20,0.5,0.425,-0.01875,,False,,False
22,random,fixed_random__block_22__0009,0009,16.0,40,20,0.5,0.425,-0.01875,,False,,False
22,random,fixed_random__block_22__0009,0009,32.0,40,20,0.5,0.5,-0.00625,,False,,False
22,random,fixed_random__block_22__0009,0009,64.0,40,20,0.5,0.5,-0.015625,,False,,False
22,random,fixed_random__block_22__0009,0009,128.0,40,20,0.5,0.5,-0.003125,,False,,False
23,concept,concept__block_23__Dust,Dust,0.25,40,20,0.5,0.5125,0.003125,,False,,False
23,concept,concept__block_23__Dust,Dust,0.5,40,20,0.5,0.4625,-0.009375,,False,,False
23,concept,concept__block_23__Dust,Dust,1.0,40,20,0.5,0.4125,-0.021875,,False,,False
23,concept,concept__block_23__Dust,Dust,2.0,40,20,0.5,0.4875,-0.003125,,False,,False
23,concept,concept__block_23__Dust,Dust,4.0,40,20,0.5,0.5,0.0,,False,,False
23,concept,concept__block_23__Dust,Dust,8.0,40,20,0.5,0.4875,-0.003125,,False,,False
23,concept,concept__block_23__Dust,Dust,16.0,40,20,0.5,0.525,0.00625,,False,,False
23,concept,concept__block_23__Dust,Dust,32.0,40,20,0.5,0.475,-0.003125,,False,,False
23,concept,concept__block_23__Dust,Dust,64.0,40,20,0.5125,0.5,0.040625,,False,,False
23,concept,concept__block_23__Dust,Dust,128.0,40,20,0.5,0.5,0.028125,,False,,False
23,concept,concept__block_23__Illusions,Illusions,0.25,40,20,0.5,0.55,0.0125,,False,,False
23,concept,concept__block_23__Illusions,Illusions,0.5,40,20,0.5,0.475,-0.00625,,False,,False
23,concept,concept__block_23__Illusions,Illusions,1.0,40,20,0.5,0.5,0.0,,False,,False
23,concept,concept__block_23__Illusions,Illusions,2.0,40,20,0.5,0.5125,0.003125,,False,,False
23,concept,concept__block_23__Illusions,Illusions,4.0,40,20,0.5,0.4875,-0.003125,,False,,False
23,concept,concept__block_23__Illusions,Illusions,8.0,40,20,0.5,0.4875,-0.003125,,False,,False
23,concept,concept__block_23__Illusions,Illusions,16.0,40,20,0.5,0.5125,0.003125,,False,,False
23,concept,concept__block_23__Illusions,Illusions,32.0,40,20,0.5,0.5375,0.009375,,False,,False
23,concept,concept__block_23__Illusions,Illusions,64.0,40,20,0.5,0.5,0.03125,,False,,False
23,concept,concept__block_23__Illusions,Illusions,128.0,40,20,0.5,0.5,0.00625,,False,,False
23,concept,concept__block_23__Origami,Origami,0.25,40,20,0.5,0.475,-0.00625,,False,,False
23,concept,concept__block_23__Origami,Origami,0.5,40,20,0.5,0.525,0.00625,,False,,False
23,concept,concept__block_23__Origami,Origami,1.0,40,20,0.5,0.4375,-0.015625,,False,,False
23,concept,concept__block_23__Origami,Origami,2.0,40,20,0.5,0.475,-0.00625,,False,,False
23,concept,concept__block_23__Origami,Origami,4.0,40,20,0.5,0.5375,0.009375,,False,,False
23,concept,concept__block_23__Origami,Origami,8.0,40,20,0.5,0.4625,-0.009375,,False,,False
23,concept,concept__block_23__Origami,Origami,16.0,40,20,0.5,0.4625,-0.009375,,False,,False
23,concept,concept__block_23__Origami,Origami,32.0,40,20,0.5,0.3875,-0.03125,,False,,False
23,concept,concept__block_23__Origami,Origami,64.0,40,20,0.5,0.5125,-0.003125,,False,,False
23,concept,concept__block_23__Origami,Origami,128.0,40,20,0.5,0.5125,-0.00625,,False,,False
23,concept,concept__block_23__Satellites,Satellites,0.25,40,20,0.5,0.5375,0.009375,,False,,False
23,concept,concept__block_23__Satellites,Satellites,0.5,40,20,0.5,0.5,0.0,,False,,False
23,concept,concept__block_23__Satellites,Satellites,1.0,40,20,0.5,0.525,0.00625,,False,,False
23,concept,concept__block_23__Satellites,Satellites,2.0,40,20,0.5,0.4625,-0.009375,,False,,False
23,concept,concept__block_23__Satellites,Satellites,4.0,40,20,0.5,0.5,0.0,,False,,False
23,concept,concept__block_23__Satellites,Satellites,8.0,40,20,0.5,0.475,-0.00625,,False,,False
23,concept,concept__block_23__Satellites,Satellites,16.0,40,20,0.5,0.45,-0.0125,,False,,False
23,concept,concept__block_23__Satellites,Satellites,32.0,40,20,0.5,0.5,0.003125,,False,,False
23,concept,concept__block_23__Satellites,Satellites,64.0,40,20,0.5,0.5375,0.009375,,False,,False
23,concept,concept__block_23__Satellites,Satellites,128.0,40,20,0.5,0.5125,0.0125,,False,,False
23,concept,concept__block_23__Trumpets,Trumpets,0.25,40,20,0.5,0.5125,0.003125,,False,,False
23,concept,concept__block_23__Trumpets,Trumpets,0.5,40,20,0.5,0.5125,0.003125,,False,,False
23,concept,concept__block_23__Trumpets,Trumpets,1.0,40,20,0.5,0.45,-0.0125,,False,,False
23,concept,concept__block_23__Trumpets,Trumpets,2.0,40,20,0.5,0.5125,0.003125,,False,,False
23,concept,concept__block_23__Trumpets,Trumpets,4.0,40,20,0.5,0.475,-0.00625,,False,,False
23,concept,concept__block_23__Trumpets,Trumpets,8.0,40,20,0.5,0.5375,0.009375,,False,,False
23,concept,concept__block_23__Trumpets,Trumpets,16.0,40,20,0.5,0.525,0.00625,,False,,False
23,concept,concept__block_23__Trumpets,Trumpets,32.0,40,20,0.5,0.5375,0.009375,,False,,False
23,concept,concept__block_23__Trumpets,Trumpets,64.0,40,20,0.5,0.5125,-0.009375,,False,,False
23,concept,concept__block_23__Trumpets,Trumpets,128.0,40,20,0.5,0.5125,0.003125,,False,,False
23,concept,concept__block_23__appreciation,appreciation,0.25,40,20,0.5,0.5125,0.003125,,False,,False
23,concept,concept__block_23__appreciation,appreciation,0.5,40,20,0.5,0.5125,0.003125,,False,,False
23,concept,concept__block_23__appreciation,appreciation,1.0,40,20,0.5,0.4875,-0.003125,,False,,False
23,concept,concept__block_23__appreciation,appreciation,2.0,40,20,0.5,0.4625,-0.009375,,False,,False
23,concept,concept__block_23__appreciation,appreciation,4.0,40,20,0.5,0.5125,0.003125,,False,,False
23,concept,concept__block_23__appreciation,appreciation,8.0,40,20,0.5,0.4375,-0.015625,,False,,False
23,concept,concept__block_23__appreciation,appreciation,16.0,40,20,0.5,0.4875,-0.003125,,False,,False
23,concept,concept__block_23__appreciation,appreciation,32.0,40,20,0.5,0.4125,-0.021875,,False,,False
23,concept,concept__block_23__appreciation,appreciation,64.0,40,20,0.5,0.4625,-0.009375,,False,,False
23,concept,concept__block_23__appreciation,appreciation,128.0,40,20,0.5,0.4875,-0.009375,,False,,False
23,concept,concept__block_23__betrayal,betrayal,0.25,40,20,0.5,0.5375,0.009375,,False,,False
23,concept,concept__block_23__betrayal,betrayal,0.5,40,20,0.5,0.5375,0.009375,,False,,False
23,concept,concept__block_23__betrayal,betrayal,1.0,40,20,0.5,0.4625,-0.009375,,False,,False
23,concept,concept__block_23__betrayal,betrayal,2.0,40,20,0.5,0.475,-0.00625,,False,,False
23,concept,concept__block_23__betrayal,betrayal,4.0,40,20,0.5,0.5,0.0,,False,,False
23,concept,concept__block_23__betrayal,betrayal,8.0,40,20,0.5,0.4875,-0.003125,,False,,False
23,concept,concept__block_23__betrayal,betrayal,16.0,40,20,0.5,0.5,0.0,,False,,False
23,concept,concept__block_23__betrayal,betrayal,32.0,40,20,0.5,0.55,0.0125,,False,,False
23,concept,concept__block_23__betrayal,betrayal,64.0,40,20,0.5,0.6375,0.034375,,False,,False
23,concept,concept__block_23__betrayal,betrayal,128.0,40,20,0.5,0.55,0.0125,,False,,False
23,concept,concept__block_23__fibonacci_numbers,fibonacci_numbers,0.25,40,20,0.5,0.4625,-0.009375,,False,,False
23,concept,concept__block_23__fibonacci_numbers,fibonacci_numbers,0.5,40,20,0.5,0.4875,-0.003125,,False,,False
23,concept,concept__block_23__fibonacci_numbers,fibonacci_numbers,1.0,40,20,0.5,0.475,-0.00625,,False,,False
23,concept,concept__block_23__fibonacci_numbers,fibonacci_numbers,2.0,40,20,0.5,0.5,0.0,,False,,False
23,concept,concept__block_23__fibonacci_numbers,fibonacci_numbers,4.0,40,20,0.5,0.45,-0.0125,,False,,False
23,concept,concept__block_23__fibonacci_numbers,fibonacci_numbers,8.0,40,20,0.5,0.4875,-0.003125,,False,,False
23,concept,concept__block_23__fibonacci_numbers,fibonacci_numbers,16.0,40,20,0.5,0.425,-0.01875,,False,,False
23,concept,concept__block_23__fibonacci_numbers,fibonacci_numbers,32.0,40,20,0.5,0.475,-0.009375,,False,,False
23,concept,concept__block_23__fibonacci_numbers,fibonacci_numbers,64.0,40,20,0.5,0.575,0.025,,False,,False
23,concept,concept__block_23__fibonacci_numbers,fibonacci_numbers,128.0,40,20,0.5,0.5,0.025,,False,,False
23,concept,concept__block_23__recursion,recursion,0.25,40,20,0.5,0.55,0.0125,,False,,False
23,concept,concept__block_23__recursion,recursion,0.5,40,20,0.5,0.4625,-0.009375,,False,,False
23,concept,concept__block_23__recursion,recursion,1.0,40,20,0.5,0.5125,0.003125,,False,,False
23,concept,concept__block_23__recursion,recursion,2.0,40,20,0.5,0.55,0.0125,,False,,False
23,concept,concept__block_23__recursion,recursion,4.0,40,20,0.5,0.5125,0.003125,,False,,False
23,concept,concept__block_23__recursion,recursion,8.0,40,20,0.5,0.45,-0.0125,,False,,False
23,concept,concept__block_23__recursion,recursion,16.0,40,20,0.5,0.4625,-0.009375,,False,,False
23,concept,concept__block_23__recursion,recursion,32.0,40,20,0.5,0.4375,-0.01875,,False,,False
23,concept,concept__block_23__recursion,recursion,64.0,40,20,0.5,0.425,-0.015625,,False,,False
23,concept,concept__block_23__recursion,recursion,128.0,40,20,0.5,0.5,-0.009375,,False,,False
23,concept,concept__block_23__shutdown,shutdown,0.25,40,20,0.5,0.5,0.0,,False,,False
23,concept,concept__block_23__shutdown,shutdown,0.5,40,20,0.5,0.5,0.0,,False,,False
23,concept,concept__block_23__shutdown,shutdown,1.0,40,20,0.5,0.4875,-0.003125,,False,,False
23,concept,concept__block_23__shutdown,shutdown,2.0,40,20,0.5,0.4375,-0.015625,,False,,False
23,concept,concept__block_23__shutdown,shutdown,4.0,40,20,0.5,0.4875,-0.003125,,False,,False
23,concept,concept__block_23__shutdown,shutdown,8.0,40,20,0.5,0.4125,-0.021875,,False,,False
23,concept,concept__block_23__shutdown,shutdown,16.0,40,20,0.5,0.475,-0.00625,,False,,False
23,concept,concept__block_23__shutdown,shutdown,32.0,40,20,0.5,0.5,0.0,,False,,False
23,concept,concept__block_23__shutdown,shutdown,64.0,40,20,0.5,0.475,-0.00625,,False,,False
23,concept,concept__block_23__shutdown,shutdown,128.0,40,20,0.5,0.475,-0.0125,,False,,False
23,dropout,dropout_realization_00,dropout_realization_00,0.25,40,20,0.5,0.5,0.0,,False,,False
23,dropout,dropout_realization_00,dropout_realization_00,0.5,40,20,0.5,0.5625,0.015625,,False,,False
23,dropout,dropout_realization_00,dropout_realization_00,1.0,40,20,0.5,0.45,-0.0125,,False,,False
23,dropout,dropout_realization_00,dropout_realization_00,2.0,40,20,0.5,0.5375,0.009375,,False,,False
23,dropout,dropout_realization_00,dropout_realization_00,4.0,40,20,0.5,0.5,0.0,,False,,False
23,dropout,dropout_realization_00,dropout_realization_00,8.0,40,20,0.5,0.5875,0.021875,,False,,False
23,dropout,dropout_realization_00,dropout_realization_00,16.0,40,20,0.5,0.5,0.003125,,False,,False
23,dropout,dropout_realization_00,dropout_realization_00,32.0,40,20,0.5,0.6,0.040625,,False,,False
23,dropout,dropout_realization_00,dropout_realization_00,64.0,40,20,0.5,0.5125,0.025,,False,,False
23,dropout,dropout_realization_00,dropout_realization_00,128.0,40,20,0.5,0.475,-0.1328125,,False,,False
23,dropout,dropout_realization_01,dropout_realization_01,0.25,40,20,0.5,0.475,-0.00625,,False,,False
23,dropout,dropout_realization_01,dropout_realization_01,0.5,40,20,0.5,0.45,-0.0125,,False,,False
23,dropout,dropout_realization_01,dropout_realization_01,1.0,40,20,0.5,0.475,-0.00625,,False,,False
23,dropout,dropout_realization_01,dropout_realization_01,2.0,40,20,0.5,0.5375,0.009375,,False,,False
23,dropout,dropout_realization_01,dropout_realization_01,4.0,40,20,0.5,0.525,0.00625,,False,,False
23,dropout,dropout_realization_01,dropout_realization_01,8.0,40,20,0.5,0.5375,0.0125,,False,,False
23,dropout,dropout_realization_01,dropout_realization_01,16.0,40,20,0.5,0.6125,0.03125,,False,,False
23,dropout,dropout_realization_01,dropout_realization_01,32.0,40,20,0.5,0.575,0.021875,,False,,False
23,dropout,dropout_realization_01,dropout_realization_01,64.0,40,20,0.5,0.4625,-0.04375,,False,,False
23,dropout,dropout_realization_01,dropout_realization_01,128.0,40,20,0.5,0.4625,-0.025,,False,,False
23,noise,noise_realization_00,noise_realization_00,0.25,40,20,0.5,0.55,0.0125,,False,,False
23,noise,noise_realization_00,noise_realization_00,0.5,40,20,0.5,0.5375,0.009375,,False,,False
23,noise,noise_realization_00,noise_realization_00,1.0,40,20,0.5,0.5,0.0,,False,,False
23,noise,noise_realization_00,noise_realization_00,2.0,40,20,0.5,0.525,0.00625,,False,,False
23,noise,noise_realization_00,noise_realization_00,4.0,40,20,0.5,0.4625,-0.009375,,False,,False
23,noise,noise_realization_00,noise_realization_00,8.0,40,20,0.5,0.5375,0.009375,,False,,False
23,noise,noise_realization_00,noise_realization_00,16.0,40,20,0.5,0.4625,-0.009375,,False,,False
23,noise,noise_realization_00,noise_realization_00,32.0,40,20,0.5,0.5375,0.009375,,False,,False
23,noise,noise_realization_00,noise_realization_00,64.0,40,20,0.5,0.4375,-0.009375,,False,,False
23,noise,noise_realization_00,noise_realization_00,128.0,40,20,0.5,0.4625,-0.015625,,False,,False
23,noise,noise_realization_01,noise_realization_01,0.25,40,20,0.5,0.475,-0.00625,,False,,False
23,noise,noise_realization_01,noise_realization_01,0.5,40,20,0.5,0.5375,0.009375,,False,,False
23,noise,noise_realization_01,noise_realization_01,1.0,40,20,0.5,0.4875,-0.003125,,False,,False
23,noise,noise_realization_01,noise_realization_01,2.0,40,20,0.5,0.425,-0.01875,,False,,False
23,noise,noise_realization_01,noise_realization_01,4.0,40,20,0.5,0.5125,0.003125,,False,,False
23,noise,noise_realization_01,noise_realization_01,8.0,40,20,0.5,0.575,0.01875,,False,,False
23,noise,noise_realization_01,noise_realization_01,16.0,40,20,0.5,0.5125,0.003125,,False,,False
23,noise,noise_realization_01,noise_realization_01,32.0,40,20,0.5,0.4875,-0.003125,,False,,False
23,noise,noise_realization_01,noise_realization_01,64.0,40,20,0.5,0.525,0.015625,,False,,False
23,noise,noise_realization_01,noise_realization_01,128.0,40,20,0.5,0.5375,0.021875,,False,,False
23,random,fixed_random__block_23__0000,0000,0.25,40,20,0.5,0.55,0.0125,,False,,False
23,random,fixed_random__block_23__0000,0000,0.5,40,20,0.5,0.5,0.0,,False,,False
23,random,fixed_random__block_23__0000,0000,1.0,40,20,0.5,0.4875,-0.003125,,False,,False
23,random,fixed_random__block_23__0000,0000,2.0,40,20,0.5,0.5125,0.003125,,False,,False
23,random,fixed_random__block_23__0000,0000,4.0,40,20,0.5,0.5,0.0,,False,,False
23,random,fixed_random__block_23__0000,0000,8.0,40,20,0.5,0.525,0.00625,,False,,False
23,random,fixed_random__block_23__0000,0000,16.0,40,20,0.5,0.6,0.025,,False,,False
23,random,fixed_random__block_23__0000,0000,32.0,40,20,0.5,0.6125,0.028125,,False,,False
23,random,fixed_random__block_23__0000,0000,64.0,40,20,0.5,0.7125,0.08125,,False,,False
23,random,fixed_random__block_23__0000,0000,128.0,40,20,0.5,0.55,0.025,,False,,False
23,random,fixed_random__block_23__0001,0001,0.25,40,20,0.5,0.5125,0.003125,,False,,False
23,random,fixed_random__block_23__0001,0001,0.5,40,20,0.5,0.475,-0.00625,,False,,False
23,random,fixed_random__block_23__0001,0001,1.0,40,20,0.5,0.5,0.0,,False,,False
23,random,fixed_random__block_23__0001,0001,2.0,40,20,0.5,0.5125,0.003125,,False,,False
23,random,fixed_random__block_23__0001,0001,4.0,40,20,0.5,0.5375,0.009375,,False,,False
23,random,fixed_random__block_23__0001,0001,8.0,40,20,0.5,0.475,-0.00625,,False,,False
23,random,fixed_random__block_23__0001,0001,16.0,40,20,0.5,0.6125,0.028125,,False,,False
23,random,fixed_random__block_23__0001,0001,32.0,40,20,0.5,0.5125,0.00625,,False,,False
23,random,fixed_random__block_23__0001,0001,64.0,40,20,0.5,0.5,0.065625,,False,,False
23,random,fixed_random__block_23__0001,0001,128.0,40,20,0.5,0.5,0.03125,,False,,False
23,random,fixed_random__block_23__0002,0002,0.25,40,20,0.5,0.4875,-0.003125,,False,,False
23,random,fixed_random__block_23__0002,0002,0.5,40,20,0.5,0.4875,-0.003125,,False,,False
23,random,fixed_random__block_23__0002,0002,1.0,40,20,0.5,0.475,-0.00625,,False,,False
23,random,fixed_random__block_23__0002,0002,2.0,40,20,0.5,0.5125,0.003125,,False,,False
23,random,fixed_random__block_23__0002,0002,4.0,40,20,0.5,0.5,0.0,,False,,False
23,random,fixed_random__block_23__0002,0002,8.0,40,20,0.5,0.5,0.0,,False,,False
23,random,fixed_random__block_23__0002,0002,16.0,40,20,0.5,0.5375,0.009375,,False,,False
23,random,fixed_random__block_23__0002,0002,32.0,40,20,0.5,0.4875,-0.003125,,False,,False
23,random,fixed_random__block_23__0002,0002,64.0,40,20,0.5,0.5375,0.03125,,False,,False
23,random,fixed_random__block_23__0002,0002,128.0,40,20,0.5,0.5,0.021875,,False,,False
23,random,fixed_random__block_23__0003,0003,0.25,40,20,0.5,0.5,0.0,,False,,False
23,random,fixed_random__block_23__0003,0003,0.5,40,20,0.5,0.4875,-0.003125,,False,,False
23,random,fixed_random__block_23__0003,0003,1.0,40,20,0.5,0.575,0.01875,,False,,False
23,random,fixed_random__block_23__0003,0003,2.0,40,20,0.5,0.5375,0.009375,,False,,False
23,random,fixed_random__block_23__0003,0003,4.0,40,20,0.5,0.5375,0.009375,,False,,False
23,random,fixed_random__block_23__0003,0003,8.0,40,20,0.5,0.4875,-0.003125,,False,,False
23,random,fixed_random__block_23__0003,0003,16.0,40,20,0.5,0.525,0.00625,,False,,False
23,random,fixed_random__block_23__0003,0003,32.0,40,20,0.5,0.525,0.00625,,False,,False
23,random,fixed_random__block_23__0003,0003,64.0,40,20,0.5,0.525,0.00625,,False,,False
23,random,fixed_random__block_23__0003,0003,128.0,40,20,0.5,0.5375,0.003125,,False,,False
23,random,fixed_random__block_23__0004,0004,0.25,40,20,0.5,0.5,0.0,,False,,False
23,random,fixed_random__block_23__0004,0004,0.5,40,20,0.5,0.5125,0.003125,,False,,False
23,random,fixed_random__block_23__0004,0004,1.0,40,20,0.5,0.5125,0.003125,,False,,False
23,random,fixed_random__block_23__0004,0004,2.0,40,20,0.5,0.475,-0.00625,,False,,False
23,random,fixed_random__block_23__0004,0004,4.0,40,20,0.5,0.525,0.00625,,False,,False
23,random,fixed_random__block_23__0004,0004,8.0,40,20,0.5,0.4625,-0.009375,,False,,False
23,random,fixed_random__block_23__0004,0004,16.0,40,20,0.5,0.4625,-0.009375,,False,,False
23,random,fixed_random__block_23__0004,0004,32.0,40,20,0.5,0.55,0.0125,,False,,False
23,random,fixed_random__block_23__0004,0004,64.0,40,20,0.5,0.4625,-0.009375,,False,,False
23,random,fixed_random__block_23__0004,0004,128.0,40,20,0.5,0.5,0.003125,,False,,False
23,random,fixed_random__block_23__0005,0005,0.25,40,20,0.5,0.5,0.0,,False,,False
23,random,fixed_random__block_23__0005,0005,0.5,40,20,0.5,0.5125,0.003125,,False,,False
23,random,fixed_random__block_23__0005,0005,1.0,40,20,0.5,0.525,0.00625,,False,,False
23,random,fixed_random__block_23__0005,0005,2.0,40,20,0.5,0.45,-0.0125,,False,,False
23,random,fixed_random__block_23__0005,0005,4.0,40,20,0.5,0.5125,0.003125,,False,,False
23,random,fixed_random__block_23__0005,0005,8.0,40,20,0.5,0.525,0.00625,,False,,False
23,random,fixed_random__block_23__0005,0005,16.0,40,20,0.5,0.5625,0.015625,,False,,False
23,random,fixed_random__block_23__0005,0005,32.0,40,20,0.5,0.6125,0.040625,,False,,False
23,random,fixed_random__block_23__0005,0005,64.0,40,20,0.5,0.55,0.05,,False,,False
23,random,fixed_random__block_23__0005,0005,128.0,40,20,0.5,0.55,0.015625,,False,,False
23,random,fixed_random__block_23__0006,0006,0.25,40,20,0.5,0.525,0.00625,,False,,False
23,random,fixed_random__block_23__0006,0006,0.5,40,20,0.5,0.5375,0.009375,,False,,False
23,random,fixed_random__block_23__0006,0006,1.0,40,20,0.5,0.4625,-0.009375,,False,,False
23,random,fixed_random__block_23__0006,0006,2.0,40,20,0.5,0.4875,-0.003125,,False,,False
23,random,fixed_random__block_23__0006,0006,4.0,40,20,0.5,0.425,-0.01875,,False,,False
23,random,fixed_random__block_23__0006,0006,8.0,40,20,0.5,0.5125,0.003125,,False,,False
23,random,fixed_random__block_23__0006,0006,16.0,40,20,0.5,0.475,-0.00625,,False,,False
23,random,fixed_random__block_23__0006,0006,32.0,40,20,0.5,0.45,-0.0125,,False,,False
23,random,fixed_random__block_23__0006,0006,64.0,40,20,0.5,0.625,0.04375,,False,,False
23,random,fixed_random__block_23__0006,0006,128.0,40,20,0.5,0.525,0.00625,,False,,False
23,random,fixed_random__block_23__0007,0007,0.25,40,20,0.5,0.5,0.0,,False,,False
23,random,fixed_random__block_23__0007,0007,0.5,40,20,0.5,0.4625,-0.009375,,False,,False
23,random,fixed_random__block_23__0007,0007,1.0,40,20,0.5,0.4625,-0.009375,,False,,False
23,random,fixed_random__block_23__0007,0007,2.0,40,20,0.5,0.4875,-0.003125,,False,,False
23,random,fixed_random__block_23__0007,0007,4.0,40,20,0.5,0.4875,-0.003125,,False,,False
23,random,fixed_random__block_23__0007,0007,8.0,40,20,0.5,0.5125,0.003125,,False,,False
23,random,fixed_random__block_23__0007,0007,16.0,40,20,0.5,0.4875,-0.003125,,False,,False
23,random,fixed_random__block_23__0007,0007,32.0,40,20,0.5,0.4375,-0.015625,,False,,False
23,random,fixed_random__block_23__0007,0007,64.0,40,20,0.5,0.5125,0.003125,,False,,False
23,random,fixed_random__block_23__0007,0007,128.0,40,20,0.5,0.5,-0.009375,,False,,False
23,random,fixed_random__block_23__0008,0008,0.25,40,20,0.5,0.4125,-0.021875,,False,,False
23,random,fixed_random__block_23__0008,0008,0.5,40,20,0.5,0.45,-0.0125,,False,,False
23,random,fixed_random__block_23__0008,0008,1.0,40,20,0.5,0.4625,-0.009375,,False,,False
23,random,fixed_random__block_23__0008,0008,2.0,40,20,0.5,0.475,-0.00625,,False,,False
23,random,fixed_random__block_23__0008,0008,4.0,40,20,0.5,0.45,-0.0125,,False,,False
23,random,fixed_random__block_23__0008,0008,8.0,40,20,0.5,0.4875,-0.003125,,False,,False
23,random,fixed_random__block_23__0008,0008,16.0,40,20,0.5,0.425,-0.01875,,False,,False
23,random,fixed_random__block_23__0008,0008,32.0,40,20,0.5,0.45,-0.015625,,False,,False
23,random,fixed_random__block_23__0008,0008,64.0,40,20,0.5,0.475,-0.009375,,False,,False
23,random,fixed_random__block_23__0008,0008,128.0,40,20,0.5,0.5,-0.015625,,False,,False
23,random,fixed_random__block_23__0009,0009,0.25,40,20,0.5,0.5125,0.003125,,False,,False
23,random,fixed_random__block_23__0009,0009,0.5,40,20,0.5,0.5375,0.009375,,False,,False
23,random,fixed_random__block_23__0009,0009,1.0,40,20,0.5,0.5125,0.003125,,False,,False
23,random,fixed_random__block_23__0009,0009,2.0,40,20,0.5,0.4375,-0.015625,,False,,False
23,random,fixed_random__block_23__0009,0009,4.0,40,20,0.5,0.4875,-0.003125,,False,,False
23,random,fixed_random__block_23__0009,0009,8.0,40,20,0.5,0.525,0.00625,,False,,False
23,random,fixed_random__block_23__0009,0009,16.0,40,20,0.5,0.4125,-0.021875,,False,,False
23,random,fixed_random__block_23__0009,0009,32.0,40,20,0.5,0.45,-0.0125,,False,,False
23,random,fixed_random__block_23__0009,0009,64.0,40,20,0.5,0.4875,-0.003125,,False,,False
23,random,fixed_random__block_23__0009,0009,128.0,40,20,0.5,0.5,0.003125,,False,,False
24,concept,concept__block_24__Dust,Dust,0.25,40,20,0.5,0.5375,0.009375,,False,,False
24,concept,concept__block_24__Dust,Dust,0.5,40,20,0.5,0.5125,0.003125,,False,,False
24,concept,concept__block_24__Dust,Dust,1.0,40,20,0.5,0.45,-0.0125,,False,,False
24,concept,concept__block_24__Dust,Dust,2.0,40,20,0.5,0.5375,0.009375,,False,,False
24,concept,concept__block_24__Dust,Dust,4.0,40,20,0.5,0.55,0.0125,,False,,False
24,concept,concept__block_24__Dust,Dust,8.0,40,20,0.5,0.4875,-0.003125,,False,,False
24,concept,concept__block_24__Dust,Dust,16.0,40,20,0.5,0.525,0.00625,,False,,False
24,concept,concept__block_24__Dust,Dust,32.0,40,20,0.5,0.525,0.0125,,False,,False
24,concept,concept__block_24__Dust,Dust,64.0,40,20,0.5,0.5125,0.0125,,False,,False
24,concept,concept__block_24__Dust,Dust,128.0,40,20,0.5,0.5,0.025,,False,,False
24,concept,concept__block_24__Illusions,Illusions,0.25,40,20,0.5,0.45,-0.0125,,False,,False
24,concept,concept__block_24__Illusions,Illusions,0.5,40,20,0.5,0.525,0.00625,,False,,False
24,concept,concept__block_24__Illusions,Illusions,1.0,40,20,0.5,0.5125,0.003125,,False,,False
24,concept,concept__block_24__Illusions,Illusions,2.0,40,20,0.5,0.475,-0.00625,,False,,False
24,concept,concept__block_24__Illusions,Illusions,4.0,40,20,0.5,0.5625,0.015625,,False,,False
24,concept,concept__block_24__Illusions,Illusions,8.0,40,20,0.5,0.525,0.00625,,False,,False
24,concept,concept__block_24__Illusions,Illusions,16.0,40,20,0.5,0.475,-0.00625,,False,,False
24,concept,concept__block_24__Illusions,Illusions,32.0,40,20,0.5,0.5,0.0,,False,,False
24,concept,concept__block_24__Illusions,Illusions,64.0,40,20,0.5,0.4875,0.021875,,False,,False
24,concept,concept__block_24__Illusions,Illusions,128.0,40,20,0.5,0.5,0.028125,,False,,False
24,concept,concept__block_24__Origami,Origami,0.25,40,20,0.5,0.4625,-0.009375,,False,,False
24,concept,concept__block_24__Origami,Origami,0.5,40,20,0.5,0.4875,-0.003125,,False,,False
24,concept,concept__block_24__Origami,Origami,1.0,40,20,0.5,0.5625,0.015625,,False,,False
24,concept,concept__block_24__Origami,Origami,2.0,40,20,0.5,0.4875,-0.003125,,False,,False
24,concept,concept__block_24__Origami,Origami,4.0,40,20,0.5,0.525,0.00625,,False,,False
24,concept,concept__block_24__Origami,Origami,8.0,40,20,0.5,0.5125,0.003125,,False,,False
24,concept,concept__block_24__Origami,Origami,16.0,40,20,0.5,0.4875,-0.003125,,False,,False
24,concept,concept__block_24__Origami,Origami,32.0,40,20,0.5,0.45,-0.015625,,False,,False
24,concept,concept__block_24__Origami,Origami,64.0,40,20,0.5,0.5125,0.00625,,False,,False
24,concept,concept__block_24__Origami,Origami,128.0,40,20,0.5,0.5625,0.03125,,False,,False
24,concept,concept__block_24__Satellites,Satellites,0.25,40,20,0.5,0.55,0.0125,,False,,False
24,concept,concept__block_24__Satellites,Satellites,0.5,40,20,0.5,0.475,-0.00625,,False,,False
24,concept,concept__block_24__Satellites,Satellites,1.0,40,20,0.5,0.525,0.00625,,False,,False
24,concept,concept__block_24__Satellites,Satellites,2.0,40,20,0.5,0.55,0.0125,,False,,False
24,concept,concept__block_24__Satellites,Satellites,4.0,40,20,0.5,0.475,-0.00625,,False,,False
24,concept,concept__block_24__Satellites,Satellites,8.0,40,20,0.5,0.4875,-0.003125,,False,,False
24,concept,concept__block_24__Satellites,Satellites,16.0,40,20,0.5,0.4875,-0.003125,,False,,False
24,concept,concept__block_24__Satellites,Satellites,32.0,40,20,0.5,0.425,-0.015625,,False,,False
24,concept,concept__block_24__Satellites,Satellites,64.0,40,20,0.5,0.45,0.0,,False,,False
24,concept,concept__block_24__Satellites,Satellites,128.0,40,20,0.5,0.525,0.00625,,False,,False
24,concept,concept__block_24__Trumpets,Trumpets,0.25,40,20,0.5,0.4875,-0.003125,,False,,False
24,concept,concept__block_24__Trumpets,Trumpets,0.5,40,20,0.5,0.475,-0.00625,,False,,False
24,concept,concept__block_24__Trumpets,Trumpets,1.0,40,20,0.5,0.4375,-0.015625,,False,,False
24,concept,concept__block_24__Trumpets,Trumpets,2.0,40,20,0.5,0.5,0.0,,False,,False
24,concept,concept__block_24__Trumpets,Trumpets,4.0,40,20,0.5,0.4625,-0.009375,,False,,False
24,concept,concept__block_24__Trumpets,Trumpets,8.0,40,20,0.5,0.475,-0.00625,,False,,False
24,concept,concept__block_24__Trumpets,Trumpets,16.0,40,20,0.5,0.5125,0.003125,,False,,False
24,concept,concept__block_24__Trumpets,Trumpets,32.0,40,20,0.5,0.4625,-0.0125,,False,,False
24,concept,concept__block_24__Trumpets,Trumpets,64.0,40,20,0.5,0.5,-0.003125,,False,,False
24,concept,concept__block_24__Trumpets,Trumpets,128.0,40,20,0.5,0.5,-0.009375,,False,,False
24,concept,concept__block_24__appreciation,appreciation,0.25,40,20,0.5,0.5625,0.015625,,False,,False
24,concept,concept__block_24__appreciation,appreciation,0.5,40,20,0.5,0.55,0.0125,,False,,False
24,concept,concept__block_24__appreciation,appreciation,1.0,40,20,0.5,0.4375,-0.015625,,False,,False
24,concept,concept__block_24__appreciation,appreciation,2.0,40,20,0.5,0.525,0.00625,,False,,False
24,concept,concept__block_24__appreciation,appreciation,4.0,40,20,0.5,0.4875,-0.003125,,False,,False
24,concept,concept__block_24__appreciation,appreciation,8.0,40,20,0.5,0.45,-0.0125,,False,,False
24,concept,concept__block_24__appreciation,appreciation,16.0,40,20,0.5,0.475,-0.00625,,False,,False
24,concept,concept__block_24__appreciation,appreciation,32.0,40,20,0.5,0.375,-0.03125,,False,,False
24,concept,concept__block_24__appreciation,appreciation,64.0,40,20,0.5,0.45,-0.0125,,False,,False
24,concept,concept__block_24__appreciation,appreciation,128.0,40,20,0.5,0.4875,-0.00625,,False,,False
24,concept,concept__block_24__betrayal,betrayal,0.25,40,20,0.5,0.5,0.0,,False,,False
24,concept,concept__block_24__betrayal,betrayal,0.5,40,20,0.5,0.45,-0.0125,,False,,False
24,concept,concept__block_24__betrayal,betrayal,1.0,40,20,0.5,0.525,0.00625,,False,,False
24,concept,concept__block_24__betrayal,betrayal,2.0,40,20,0.5,0.5375,0.009375,,False,,False
24,concept,concept__block_24__betrayal,betrayal,4.0,40,20,0.5,0.475,-0.00625,,False,,False
24,concept,concept__block_24__betrayal,betrayal,8.0,40,20,0.5,0.4875,-0.003125,,False,,False
24,concept,concept__block_24__betrayal,betrayal,16.0,40,20,0.5,0.5125,0.003125,,False,,False
24,concept,concept__block_24__betrayal,betrayal,32.0,40,20,0.5,0.5,0.003125,,False,,False
24,concept,concept__block_24__betrayal,betrayal,64.0,40,20,0.5,0.55,0.01875,,False,,False
24,concept,concept__block_24__betrayal,betrayal,128.0,40,20,0.5,0.6375,0.0375,,False,,False
24,concept,concept__block_24__fibonacci_numbers,fibonacci_numbers,0.25,40,20,0.5,0.475,-0.00625,,False,,False
24,concept,concept__block_24__fibonacci_numbers,fibonacci_numbers,0.5,40,20,0.5,0.5,0.0,,False,,False
24,concept,concept__block_24__fibonacci_numbers,fibonacci_numbers,1.0,40,20,0.5,0.525,0.00625,,False,,False
24,concept,concept__block_24__fibonacci_numbers,fibonacci_numbers,2.0,40,20,0.5,0.4625,-0.009375,,False,,False
24,concept,concept__block_24__fibonacci_numbers,fibonacci_numbers,4.0,40,20,0.5,0.4625,-0.009375,,False,,False
24,concept,concept__block_24__fibonacci_numbers,fibonacci_numbers,8.0,40,20,0.5,0.5,0.0,,False,,False
24,concept,concept__block_24__fibonacci_numbers,fibonacci_numbers,16.0,40,20,0.5,0.525,0.00625,,False,,False
24,concept,concept__block_24__fibonacci_numbers,fibonacci_numbers,32.0,40,20,0.5,0.525,0.003125,,False,,False
24,concept,concept__block_24__fibonacci_numbers,fibonacci_numbers,64.0,40,20,0.5,0.5,0.003125,,False,,False
24,concept,concept__block_24__fibonacci_numbers,fibonacci_numbers,128.0,40,20,0.5,0.5,0.015625,,False,,False
24,concept,concept__block_24__recursion,recursion,0.25,40,20,0.5,0.4625,-0.009375,,False,,False
24,concept,concept__block_24__recursion,recursion,0.5,40,20,0.5,0.475,-0.00625,,False,,False
24,concept,concept__block_24__recursion,recursion,1.0,40,20,0.5,0.55,0.0125,,False,,False
24,concept,concept__block_24__recursion,recursion,2.0,40,20,0.5,0.45,-0.0125,,False,,False
24,concept,concept__block_24__recursion,recursion,4.0,40,20,0.5,0.5125,0.003125,,False,,False
24,concept,concept__block_24__recursion,recursion,8.0,40,20,0.5,0.4625,-0.009375,,False,,False
24,concept,concept__block_24__recursion,recursion,16.0,40,20,0.5,0.4375,-0.015625,,False,,False
24,concept,concept__block_24__recursion,recursion,32.0,40,20,0.5,0.525,0.00625,,False,,False
24,concept,concept__block_24__recursion,recursion,64.0,40,20,0.5,0.425,-0.01875,,False,,False
24,concept,concept__block_24__recursion,recursion,128.0,40,20,0.5,0.5125,0.00625,,False,,False
24,concept,concept__block_24__shutdown,shutdown,0.25,40,20,0.5,0.4625,-0.009375,,False,,False
24,concept,concept__block_24__shutdown,shutdown,0.5,40,20,0.5,0.4875,-0.003125,,False,,False
24,concept,concept__block_24__shutdown,shutdown,1.0,40,20,0.5,0.5125,0.003125,,False,,False
24,concept,concept__block_24__shutdown,shutdown,2.0,40,20,0.5,0.525,0.00625,,False,,False
24,concept,concept__block_24__shutdown,shutdown,4.0,40,20,0.5,0.5375,0.009375,,False,,False
24,concept,concept__block_24__shutdown,shutdown,8.0,40,20,0.5,0.4625,-0.009375,,False,,False
24,concept,concept__block_24__shutdown,shutdown,16.0,40,20,0.5,0.4625,-0.009375,,False,,False
24,concept,concept__block_24__shutdown,shutdown,32.0,40,20,0.5,0.4625,-0.009375,,False,,False
24,concept,concept__block_24__shutdown,shutdown,64.0,40,20,0.5,0.5,0.0,,False,,False
24,concept,concept__block_24__shutdown,shutdown,128.0,40,20,0.5,0.5125,0.00625,,False,,False
24,dropout,dropout_realization_00,dropout_realization_00,0.25,40,20,0.5,0.475,-0.00625,,False,,False
24,dropout,dropout_realization_00,dropout_realization_00,0.5,40,20,0.5,0.5,0.0,,False,,False
24,dropout,dropout_realization_00,dropout_realization_00,1.0,40,20,0.5,0.475,-0.00625,,False,,False
24,dropout,dropout_realization_00,dropout_realization_00,2.0,40,20,0.5,0.5,0.0,,False,,False
24,dropout,dropout_realization_00,dropout_realization_00,4.0,40,20,0.5,0.475,-0.00625,,False,,False
24,dropout,dropout_realization_00,dropout_realization_00,8.0,40,20,0.5,0.525,0.00625,,False,,False
24,dropout,dropout_realization_00,dropout_realization_00,16.0,40,20,0.5,0.4125,-0.021875,,False,,False
24,dropout,dropout_realization_00,dropout_realization_00,32.0,40,20,0.5,0.5375,0.009375,,False,,False
24,dropout,dropout_realization_00,dropout_realization_00,64.0,40,20,0.5,0.55,0.028125,,False,,False
24,dropout,dropout_realization_00,dropout_realization_00,128.0,40,20,0.5,0.5125,0.003125,,False,,False
24,dropout,dropout_realization_01,dropout_realization_01,0.25,40,20,0.5,0.5125,0.003125,,False,,False
24,dropout,dropout_realization_01,dropout_realization_01,0.5,40,20,0.5,0.475,-0.00625,,False,,False
24,dropout,dropout_realization_01,dropout_realization_01,1.0,40,20,0.5,0.5125,0.003125,,False,,False
24,dropout,dropout_realization_01,dropout_realization_01,2.0,40,20,0.5,0.475,-0.00625,,False,,False
24,dropout,dropout_realization_01,dropout_realization_01,4.0,40,20,0.5,0.55,0.0125,,False,,False
24,dropout,dropout_realization_01,dropout_realization_01,8.0,40,20,0.5,0.5375,0.009375,,False,,False
24,dropout,dropout_realization_01,dropout_realization_01,16.0,40,20,0.5,0.475,-0.003125,,False,,False
24,dropout,dropout_realization_01,dropout_realization_01,32.0,40,20,0.5,0.525,0.009375,,False,,False
24,dropout,dropout_realization_01,dropout_realization_01,64.0,40,20,0.5,0.575,0.0375,,False,,False
24,dropout,dropout_realization_01,dropout_realization_01,128.0,40,20,0.5,0.525,0.028125,,False,,False
24,noise,noise_realization_00,noise_realization_00,0.25,40,20,0.5,0.5125,0.003125,,False,,False
24,noise,noise_realization_00,noise_realization_00,0.5,40,20,0.5,0.4875,-0.003125,,False,,False
24,noise,noise_realization_00,noise_realization_00,1.0,40,20,0.5,0.525,0.00625,,False,,False
24,noise,noise_realization_00,noise_realization_00,2.0,40,20,0.5,0.525,0.00625,,False,,False
24,noise,noise_realization_00,noise_realization_00,4.0,40,20,0.5,0.55,0.0125,,False,,False
24,noise,noise_realization_00,noise_realization_00,8.0,40,20,0.5,0.55,0.0125,,False,,False
24,noise,noise_realization_00,noise_realization_00,16.0,40,20,0.5,0.5,0.0,,False,,False
24,noise,noise_realization_00,noise_realization_00,32.0,40,20,0.5,0.5375,0.009375,,False,,False
24,noise,noise_realization_00,noise_realization_00,64.0,40,20,0.5,0.55,0.01875,,False,,False
24,noise,noise_realization_00,noise_realization_00,128.0,40,20,0.5,0.625,0.053125,,False,,False
24,noise,noise_realization_01,noise_realization_01,0.25,40,20,0.5,0.5,0.0,,False,,False
24,noise,noise_realization_01,noise_realization_01,0.5,40,20,0.5,0.4625,-0.009375,,False,,False
24,noise,noise_realization_01,noise_realization_01,1.0,40,20,0.5,0.45,-0.0125,,False,,False
24,noise,noise_realization_01,noise_realization_01,2.0,40,20,0.5,0.5375,0.009375,,False,,False
24,noise,noise_realization_01,noise_realization_01,4.0,40,20,0.5,0.525,0.00625,,False,,False
24,noise,noise_realization_01,noise_realization_01,8.0,40,20,0.5,0.425,-0.01875,,False,,False
24,noise,noise_realization_01,noise_realization_01,16.0,40,20,0.5,0.5375,0.009375,,False,,False
24,noise,noise_realization_01,noise_realization_01,32.0,40,20,0.5,0.5375,0.009375,,False,,False
24,noise,noise_realization_01,noise_realization_01,64.0,40,20,0.5,0.5,0.0,,False,,False
24,noise,noise_realization_01,noise_realization_01,128.0,40,20,0.5,0.525,-0.009375,,False,,False
24,random,fixed_random__block_24__0000,0000,0.25,40,20,0.5,0.525,0.00625,,False,,False
24,random,fixed_random__block_24__0000,0000,0.5,40,20,0.5,0.475,-0.00625,,False,,False
24,random,fixed_random__block_24__0000,0000,1.0,40,20,0.5,0.45,-0.0125,,False,,False
24,random,fixed_random__block_24__0000,0000,2.0,40,20,0.5,0.5125,0.003125,,False,,False
24,random,fixed_random__block_24__0000,0000,4.0,40,20,0.5,0.5375,0.009375,,False,,False
24,random,fixed_random__block_24__0000,0000,8.0,40,20,0.5,0.475,-0.00625,,False,,False
24,random,fixed_random__block_24__0000,0000,16.0,40,20,0.5,0.4375,-0.015625,,False,,False
24,random,fixed_random__block_24__0000,0000,32.0,40,20,0.5,0.475,-0.00625,,False,,False
24,random,fixed_random__block_24__0000,0000,64.0,40,20,0.5,0.4875,0.0,,False,,False
24,random,fixed_random__block_24__0000,0000,128.0,40,20,0.5,0.5,0.0,,False,,False
24,random,fixed_random__block_24__0001,0001,0.25,40,20,0.5,0.525,0.00625,,False,,False
24,random,fixed_random__block_24__0001,0001,0.5,40,20,0.5,0.475,-0.00625,,False,,False
24,random,fixed_random__block_24__0001,0001,1.0,40,20,0.5,0.55,0.0125,,False,,False
24,random,fixed_random__block_24__0001,0001,2.0,40,20,0.5,0.45,-0.0125,,False,,False
24,random,fixed_random__block_24__0001,0001,4.0,40,20,0.5,0.4625,-0.009375,,False,,False
24,random,fixed_random__block_24__0001,0001,8.0,40,20,0.5,0.45,-0.0125,,False,,False
24,random,fixed_random__block_24__0001,0001,16.0,40,20,0.5,0.5,0.0,,False,,False
24,random,fixed_random__block_24__0001,0001,32.0,40,20,0.5,0.4875,-0.003125,,False,,False
24,random,fixed_random__block_24__0001,0001,64.0,40,20,0.5,0.625,0.03125,,False,,False
24,random,fixed_random__block_24__0001,0001,128.0,40,20,0.5,0.5375,0.015625,,False,,False
24,random,fixed_random__block_24__0002,0002,0.25,40,20,0.5,0.475,-0.00625,,False,,False
24,random,fixed_random__block_24__0002,0002,0.5,40,20,0.5,0.425,-0.01875,,False,,False
24,random,fixed_random__block_24__0002,0002,1.0,40,20,0.5,0.5,0.0,,False,,False
24,random,fixed_random__block_24__0002,0002,2.0,40,20,0.5,0.5125,0.003125,,False,,False
24,random,fixed_random__block_24__0002,0002,4.0,40,20,0.5,0.45,-0.0125,,False,,False
24,random,fixed_random__block_24__0002,0002,8.0,40,20,0.5,0.4875,-0.003125,,False,,False
24,random,fixed_random__block_24__0002,0002,16.0,40,20,0.5,0.4875,-0.003125,,False,,False
24,random,fixed_random__block_24__0002,0002,32.0,40,20,0.5,0.5125,0.003125,,False,,False
24,random,fixed_random__block_24__0002,0002,64.0,40,20,0.5,0.5,0.0,,False,,False
24,random,fixed_random__block_24__0002,0002,128.0,40,20,0.5,0.475,-0.009375,,False,,False
24,random,fixed_random__block_24__0003,0003,0.25,40,20,0.5,0.5,0.0,,False,,False
24,random,fixed_random__block_24__0003,0003,0.5,40,20,0.5,0.5375,0.009375,,False,,False
24,random,fixed_random__block_24__0003,0003,1.0,40,20,0.5,0.4875,-0.003125,,False,,False
24,random,fixed_random__block_24__0003,0003,2.0,40,20,0.5,0.5125,0.003125,,False,,False
24,random,fixed_random__block_24__0003,0003,4.0,40,20,0.5,0.5375,0.009375,,False,,False
24,random,fixed_random__block_24__0003,0003,8.0,40,20,0.5,0.4625,-0.009375,,False,,False
24,random,fixed_random__block_24__0003,0003,16.0,40,20,0.5,0.4875,-0.003125,,False,,False
24,random,fixed_random__block_24__0003,0003,32.0,40,20,0.5,0.4625,-0.009375,,False,,False
24,random,fixed_random__block_24__0003,0003,64.0,40,20,0.5,0.4625,-0.015625,,False,,False
24,random,fixed_random__block_24__0003,0003,128.0,40,20,0.5,0.5375,0.009375,,False,,False
24,random,fixed_random__block_24__0004,0004,0.25,40,20,0.5,0.475,-0.00625,,False,,False
24,random,fixed_random__block_24__0004,0004,0.5,40,20,0.5,0.5125,0.003125,,False,,False
24,random,fixed_random__block_24__0004,0004,1.0,40,20,0.5,0.4625,-0.009375,,False,,False
24,random,fixed_random__block_24__0004,0004,2.0,40,20,0.5,0.5375,0.009375,,False,,False
24,random,fixed_random__block_24__0004,0004,4.0,40,20,0.5,0.5125,0.003125,,False,,False
24,random,fixed_random__block_24__0004,0004,8.0,40,20,0.5,0.525,0.00625,,False,,False
24,random,fixed_random__block_24__0004,0004,16.0,40,20,0.5,0.5125,0.003125,,False,,False
24,random,fixed_random__block_24__0004,0004,32.0,40,20,0.5,0.5,0.0,,False,,False
24,random,fixed_random__block_24__0004,0004,64.0,40,20,0.5,0.5125,0.003125,,False,,False
24,random,fixed_random__block_24__0004,0004,128.0,40,20,0.5,0.5875,0.025,,False,,False
24,random,fixed_random__block_24__0005,0005,0.25,40,20,0.5,0.4625,-0.009375,,False,,False
24,random,fixed_random__block_24__0005,0005,0.5,40,20,0.5,0.5,0.0,,False,,False
24,random,fixed_random__block_24__0005,0005,1.0,40,20,0.5,0.45,-0.0125,,False,,False
24,random,fixed_random__block_24__0005,0005,2.0,40,20,0.5,0.5125,0.003125,,False,,False
24,random,fixed_random__block_24__0005,0005,4.0,40,20,0.5,0.475,-0.00625,,False,,False
24,random,fixed_random__block_24__0005,0005,8.0,40,20,0.5,0.5125,0.003125,,False,,False
24,random,fixed_random__block_24__0005,0005,16.0,40,20,0.5,0.5,0.0,,False,,False
24,random,fixed_random__block_24__0005,0005,32.0,40,20,0.5,0.5125,0.003125,,False,,False
24,random,fixed_random__block_24__0005,0005,64.0,40,20,0.5,0.5625,0.015625,,False,,False
24,random,fixed_random__block_24__0005,0005,128.0,40,20,0.5,0.5125,0.009375,,False,,False
24,random,fixed_random__block_24__0006,0006,0.25,40,20,0.5,0.4875,-0.003125,,False,,False
24,random,fixed_random__block_24__0006,0006,0.5,40,20,0.5,0.475,-0.00625,,False,,False
24,random,fixed_random__block_24__0006,0006,1.0,40,20,0.5,0.4625,-0.009375,,False,,False
24,random,fixed_random__block_24__0006,0006,2.0,40,20,0.5,0.5375,0.009375,,False,,False
24,random,fixed_random__block_24__0006,0006,4.0,40,20,0.5,0.5,0.0,,False,,False
24,random,fixed_random__block_24__0006,0006,8.0,40,20,0.5,0.4875,-0.003125,,False,,False
24,random,fixed_random__block_24__0006,0006,16.0,40,20,0.5,0.55,0.0125,,False,,False
24,random,fixed_random__block_24__0006,0006,32.0,40,20,0.5,0.525,0.00625,,False,,False
24,random,fixed_random__block_24__0006,0006,64.0,40,20,0.5,0.7125,0.090625,,False,,False
24,random,fixed_random__block_24__0006,0006,128.0,40,20,0.5,0.675,0.075,,False,,False
24,random,fixed_random__block_24__0007,0007,0.25,40,20,0.5,0.475,-0.00625,,False,,False
24,random,fixed_random__block_24__0007,0007,0.5,40,20,0.5,0.5375,0.009375,,False,,False
24,random,fixed_random__block_24__0007,0007,1.0,40,20,0.5,0.475,-0.00625,,False,,False
24,random,fixed_random__block_24__0007,0007,2.0,40,20,0.5,0.5625,0.015625,,False,,False
24,random,fixed_random__block_24__0007,0007,4.0,40,20,0.5,0.5125,0.003125,,False,,False
24,random,fixed_random__block_24__0007,0007,8.0,40,20,0.5,0.5625,0.015625,,False,,False
24,random,fixed_random__block_24__0007,0007,16.0,40,20,0.5,0.5125,0.003125,,False,,False
24,random,fixed_random__block_24__0007,0007,32.0,40,20,0.5,0.475,-0.00625,,False,,False
24,random,fixed_random__block_24__0007,0007,64.0,40,20,0.5,0.5125,0.00625,,False,,False
24,random,fixed_random__block_24__0007,0007,128.0,40,20,0.5,0.5625,0.025,,False,,False
24,random,fixed_random__block_24__0008,0008,0.25,40,20,0.5,0.5,0.0,,False,,False
24,random,fixed_random__block_24__0008,0008,0.5,40,20,0.5,0.475,-0.00625,,False,,False
24,random,fixed_random__block_24__0008,0008,1.0,40,20,0.5,0.525,0.00625,,False,,False
24,random,fixed_random__block_24__0008,0008,2.0,40,20,0.5,0.5,0.0,,False,,False
24,random,fixed_random__block_24__0008,0008,4.0,40,20,0.5,0.4875,-0.003125,,False,,False
24,random,fixed_random__block_24__0008,0008,8.0,40,20,0.5,0.5,0.0,,False,,False
24,random,fixed_random__block_24__0008,0008,16.0,40,20,0.5,0.4875,-0.003125,,False,,False
24,random,fixed_random__block_24__0008,0008,32.0,40,20,0.5,0.525,0.00625,,False,,False
24,random,fixed_random__block_24__0008,0008,64.0,40,20,0.5,0.55,0.0125,,False,,False
24,random,fixed_random__block_24__0008,0008,128.0,40,20,0.5,0.525,0.00625,,False,,False
24,random,fixed_random__block_24__0009,0009,0.25,40,20,0.5,0.55,0.0125,,False,,False
24,random,fixed_random__block_24__0009,0009,0.5,40,20,0.5,0.4625,-0.009375,,False,,False
24,random,fixed_random__block_24__0009,0009,1.0,40,20,0.5,0.5,0.0,,False,,False
24,random,fixed_random__block_24__0009,0009,2.0,40,20,0.5,0.475,-0.00625,,False,,False
24,random,fixed_random__block_24__0009,0009,4.0,40,20,0.5,0.5,0.0,,False,,False
24,random,fixed_random__block_24__0009,0009,8.0,40,20,0.5,0.5,0.0,,False,,False
24,random,fixed_random__block_24__0009,0009,16.0,40,20,0.5,0.4125,-0.021875,,False,,False
24,random,fixed_random__block_24__0009,0009,32.0,40,20,0.5,0.525,0.00625,,False,,False
24,random,fixed_random__block_24__0009,0009,64.0,40,20,0.5,0.525,0.00625,,False,,False
24,random,fixed_random__block_24__0009,0009,128.0,40,20,0.5,0.5125,0.003125,,False,,False
25,concept,concept__block_25__Dust,Dust,0.25,40,20,0.5,0.55,0.0125,,False,,False
25,concept,concept__block_25__Dust,Dust,0.5,40,20,0.5,0.4375,-0.015625,,False,,False
25,concept,concept__block_25__Dust,Dust,1.0,40,20,0.5,0.525,0.00625,,False,,False
25,concept,concept__block_25__Dust,Dust,2.0,40,20,0.5,0.45,-0.0125,,False,,False
25,concept,concept__block_25__Dust,Dust,4.0,40,20,0.5,0.5625,0.015625,,False,,False
25,concept,concept__block_25__Dust,Dust,8.0,40,20,0.5,0.4625,-0.009375,,False,,False
25,concept,concept__block_25__Dust,Dust,16.0,40,20,0.5,0.575,0.01875,,False,,False
25,concept,concept__block_25__Dust,Dust,32.0,40,20,0.5,0.4625,-0.00625,,False,,False
25,concept,concept__block_25__Dust,Dust,64.0,40,20,0.5,0.5375,0.040625,,False,,False
25,concept,concept__block_25__Dust,Dust,128.0,40,20,0.5,0.5,0.025,,False,,False
25,concept,concept__block_25__Illusions,Illusions,0.25,40,20,0.5,0.5125,0.003125,,False,,False
25,concept,concept__block_25__Illusions,Illusions,0.5,40,20,0.5,0.5125,0.003125,,False,,False
25,concept,concept__block_25__Illusions,Illusions,1.0,40,20,0.5,0.5,0.0,,False,,False
25,concept,concept__block_25__Illusions,Illusions,2.0,40,20,0.5,0.4875,-0.003125,,False,,False
25,concept,concept__block_25__Illusions,Illusions,4.0,40,20,0.5,0.5375,0.009375,,False,,False
25,concept,concept__block_25__Illusions,Illusions,8.0,40,20,0.5,0.5125,0.003125,,False,,False
25,concept,concept__block_25__Illusions,Illusions,16.0,40,20,0.5,0.55,0.0125,,False,,False
25,concept,concept__block_25__Illusions,Illusions,32.0,40,20,0.5,0.525,0.00625,,False,,False
25,concept,concept__block_25__Illusions,Illusions,64.0,40,20,0.5,0.5125,0.028125,,False,,False
25,concept,concept__block_25__Illusions,Illusions,128.0,40,20,0.5,0.5,0.025,,False,,False
25,concept,concept__block_25__Origami,Origami,0.25,40,20,0.5,0.5375,0.009375,,False,,False
25,concept,concept__block_25__Origami,Origami,0.5,40,20,0.5,0.4875,-0.003125,,False,,False
25,concept,concept__block_25__Origami,Origami,1.0,40,20,0.5,0.5875,0.021875,,False,,False
25,concept,concept__block_25__Origami,Origami,2.0,40,20,0.5,0.525,0.00625,,False,,False
25,concept,concept__block_25__Origami,Origami,4.0,40,20,0.5,0.5125,0.003125,,False,,False
25,concept,concept__block_25__Origami,Origami,8.0,40,20,0.5,0.4875,-0.003125,,False,,False
25,concept,concept__block_25__Origami,Origami,16.0,40,20,0.5,0.45,-0.0125,,False,,False
25,concept,concept__block_25__Origami,Origami,32.0,40,20,0.5,0.4875,-0.003125,,False,,False
25,concept,concept__block_25__Origami,Origami,64.0,40,20,0.5,0.4625,-0.0125,,False,,False
25,concept,concept__block_25__Origami,Origami,128.0,40,20,0.5,0.5125,0.00625,,False,,False
25,concept,concept__block_25__Satellites,Satellites,0.25,40,20,0.5,0.4625,-0.009375,,False,,False
25,concept,concept__block_25__Satellites,Satellites,0.5,40,20,0.5,0.525,0.00625,,False,,False
25,concept,concept__block_25__Satellites,Satellites,1.0,40,20,0.5,0.475,-0.00625,,False,,False
25,concept,concept__block_25__Satellites,Satellites,2.0,40,20,0.5,0.5,0.0,,False,,False
25,concept,concept__block_25__Satellites,Satellites,4.0,40,20,0.5,0.475,-0.00625,,False,,False
25,concept,concept__block_25__Satellites,Satellites,8.0,40,20,0.5,0.55,0.0125,,False,,False
25,concept,concept__block_25__Satellites,Satellites,16.0,40,20,0.5,0.45,-0.0125,,False,,False
25,concept,concept__block_25__Satellites,Satellites,32.0,40,20,0.5,0.5125,0.003125,,False,,False
25,concept,concept__block_25__Satellites,Satellites,64.0,40,20,0.5,0.5875,0.025,,False,,False
25,concept,concept__block_25__Satellites,Satellites,128.0,40,20,0.5,0.4875,0.01875,,False,,False
25,concept,concept__block_25__Trumpets,Trumpets,0.25,40,20,0.5,0.5125,0.003125,,False,,False
25,concept,concept__block_25__Trumpets,Trumpets,0.5,40,20,0.5,0.45,-0.0125,,False,,False
25,concept,concept__block_25__Trumpets,Trumpets,1.0,40,20,0.5,0.55,0.0125,,False,,False
25,concept,concept__block_25__Trumpets,Trumpets,2.0,40,20,0.5,0.5,0.0,,False,,False
25,concept,concept__block_25__Trumpets,Trumpets,4.0,40,20,0.5,0.5,0.0,,False,,False
25,concept,concept__block_25__Trumpets,Trumpets,8.0,40,20,0.5,0.525,0.00625,,False,,False
25,concept,concept__block_25__Trumpets,Trumpets,16.0,40,20,0.5,0.4875,-0.003125,,False,,False
25,concept,concept__block_25__Trumpets,Trumpets,32.0,40,20,0.5,0.4875,-0.003125,,False,,False
25,concept,concept__block_25__Trumpets,Trumpets,64.0,40,20,0.5,0.45,-0.009375,,False,,False
25,concept,concept__block_25__Trumpets,Trumpets,128.0,40,20,0.5,0.475,-0.00625,,False,,False
25,concept,concept__block_25__appreciation,appreciation,0.25,40,20,0.5,0.5375,0.009375,,False,,False
25,concept,concept__block_25__appreciation,appreciation,0.5,40,20,0.5,0.4875,-0.003125,,False,,False
25,concept,concept__block_25__appreciation,appreciation,1.0,40,20,0.5,0.5375,0.009375,,False,,False
25,concept,concept__block_25__appreciation,appreciation,2.0,40,20,0.5,0.5,0.0,,False,,False
25,concept,concept__block_25__appreciation,appreciation,4.0,40,20,0.5,0.4125,-0.021875,,False,,False
25,concept,concept__block_25__appreciation,appreciation,8.0,40,20,0.5,0.475,-0.00625,,False,,False
25,concept,concept__block_25__appreciation,appreciation,16.0,40,20,0.5,0.5125,0.003125,,False,,False
25,concept,concept__block_25__appreciation,appreciation,32.0,40,20,0.5,0.4375,-0.015625,,False,,False
25,concept,concept__block_25__appreciation,appreciation,64.0,40,20,0.5,0.5125,0.003125,,False,,False
25,concept,concept__block_25__appreciation,appreciation,128.0,40,20,0.5,0.4625,-0.0125,,False,,False
25,concept,concept__block_25__betrayal,betrayal,0.25,40,20,0.5,0.5125,0.003125,,False,,False
25,concept,concept__block_25__betrayal,betrayal,0.5,40,20,0.5,0.525,0.00625,,False,,False
25,concept,concept__block_25__betrayal,betrayal,1.0,40,20,0.5,0.45,-0.0125,,False,,False
25,concept,concept__block_25__betrayal,betrayal,2.0,40,20,0.5,0.425,-0.01875,,False,,False
25,concept,concept__block_25__betrayal,betrayal,4.0,40,20,0.5,0.4125,-0.021875,,False,,False
25,concept,concept__block_25__betrayal,betrayal,8.0,40,20,0.5,0.525,0.00625,,False,,False
25,concept,concept__block_25__betrayal,betrayal,16.0,40,20,0.5,0.5,0.0,,False,,False
25,concept,concept__block_25__betrayal,betrayal,32.0,40,20,0.5,0.55,0.0125,,False,,False
25,concept,concept__block_25__betrayal,betrayal,64.0,40,20,0.5,0.5,0.0,,False,,False
25,concept,concept__block_25__betrayal,betrayal,128.0,40,20,0.5,0.5875,0.021875,,False,,False
25,concept,concept__block_25__fibonacci_numbers,fibonacci_numbers,0.25,40,20,0.5,0.475,-0.00625,,False,,False
25,concept,concept__block_25__fibonacci_numbers,fibonacci_numbers,0.5,40,20,0.5,0.475,-0.00625,,False,,False
25,concept,concept__block_25__fibonacci_numbers,fibonacci_numbers,1.0,40,20,0.5,0.5,0.0,,False,,False
25,concept,concept__block_25__fibonacci_numbers,fibonacci_numbers,2.0,40,20,0.5,0.4875,-0.003125,,False,,False
25,concept,concept__block_25__fibonacci_numbers,fibonacci_numbers,4.0,40,20,0.5,0.5125,0.003125,,False,,False
25,concept,concept__block_25__fibonacci_numbers,fibonacci_numbers,8.0,40,20,0.5,0.45,-0.0125,,False,,False
25,concept,concept__block_25__fibonacci_numbers,fibonacci_numbers,16.0,40,20,0.5,0.5,0.0,,False,,False
25,concept,concept__block_25__fibonacci_numbers,fibonacci_numbers,32.0,40,20,0.5,0.5375,0.009375,,False,,False
25,concept,concept__block_25__fibonacci_numbers,fibonacci_numbers,64.0,40,20,0.5,0.5,0.0,,False,,False
25,concept,concept__block_25__fibonacci_numbers,fibonacci_numbers,128.0,40,20,0.5,0.5,0.009375,,False,,False
25,concept,concept__block_25__recursion,recursion,0.25,40,20,0.5,0.5125,0.003125,,False,,False
25,concept,concept__block_25__recursion,recursion,0.5,40,20,0.5,0.5,0.0,,False,,False
25,concept,concept__block_25__recursion,recursion,1.0,40,20,0.5,0.4375,-0.015625,,False,,False
25,concept,concept__block_25__recursion,recursion,2.0,40,20,0.5,0.475,-0.00625,,False,,False
25,concept,concept__block_25__recursion,recursion,4.0,40,20,0.5,0.4625,-0.009375,,False,,False
25,concept,concept__block_25__recursion,recursion,8.0,40,20,0.5,0.4875,-0.003125,,False,,False
25,concept,concept__block_25__recursion,recursion,16.0,40,20,0.5,0.4875,-0.003125,,False,,False
25,concept,concept__block_25__recursion,recursion,32.0,40,20,0.5,0.425,-0.01875,,False,,False
25,concept,concept__block_25__recursion,recursion,64.0,40,20,0.5,0.475,-0.00625,,False,,False
25,concept,concept__block_25__recursion,recursion,128.0,40,20,0.5,0.4875,0.0,,False,,False
25,concept,concept__block_25__shutdown,shutdown,0.25,40,20,0.5,0.5125,0.003125,,False,,False
25,concept,concept__block_25__shutdown,shutdown,0.5,40,20,0.5,0.5625,0.015625,,False,,False
25,concept,concept__block_25__shutdown,shutdown,1.0,40,20,0.5,0.525,0.00625,,False,,False
25,concept,concept__block_25__shutdown,shutdown,2.0,40,20,0.5,0.5375,0.009375,,False,,False
25,concept,concept__block_25__shutdown,shutdown,4.0,40,20,0.5,0.425,-0.01875,,False,,False
25,concept,concept__block_25__shutdown,shutdown,8.0,40,20,0.5,0.45,-0.0125,,False,,False
25,concept,concept__block_25__shutdown,shutdown,16.0,40,20,0.5,0.4125,-0.021875,,False,,False
25,concept,concept__block_25__shutdown,shutdown,32.0,40,20,0.5,0.4625,-0.009375,,False,,False
25,concept,concept__block_25__shutdown,shutdown,64.0,40,20,0.5,0.475,-0.00625,,False,,False
25,concept,concept__block_25__shutdown,shutdown,128.0,40,20,0.5,0.5,-0.003125,,False,,False
25,dropout,dropout_realization_00,dropout_realization_00,0.25,40,20,0.5,0.525,0.00625,,False,,False
25,dropout,dropout_realization_00,dropout_realization_00,0.5,40,20,0.5,0.525,0.00625,,False,,False
25,dropout,dropout_realization_00,dropout_realization_00,1.0,40,20,0.5,0.5125,0.003125,,False,,False
25,dropout,dropout_realization_00,dropout_realization_00,2.0,40,20,0.5,0.5125,0.003125,,False,,False
25,dropout,dropout_realization_00,dropout_realization_00,4.0,40,20,0.5,0.4875,-0.003125,,False,,False
25,dropout,dropout_realization_00,dropout_realization_00,8.0,40,20,0.5,0.475,-0.00625,,False,,False
25,dropout,dropout_realization_00,dropout_realization_00,16.0,40,20,0.5,0.5125,0.003125,,False,,False
25,dropout,dropout_realization_00,dropout_realization_00,32.0,40,20,0.5,0.5375,0.009375,,False,,False
25,dropout,dropout_realization_00,dropout_realization_00,64.0,40,20,0.5,0.4875,0.00625,,False,,False
25,dropout,dropout_realization_00,dropout_realization_00,128.0,40,20,0.5,0.625,0.0125,,False,,False
25,dropout,dropout_realization_01,dropout_realization_01,0.25,40,20,0.5,0.5375,0.009375,,False,,False
25,dropout,dropout_realization_01,dropout_realization_01,0.5,40,20,0.5,0.5125,0.003125,,False,,False
25,dropout,dropout_realization_01,dropout_realization_01,1.0,40,20,0.5,0.4375,-0.015625,,False,,False
25,dropout,dropout_realization_01,dropout_realization_01,2.0,40,20,0.5,0.4875,-0.003125,,False,,False
25,dropout,dropout_realization_01,dropout_realization_01,4.0,40,20,0.5,0.5375,0.009375,,False,,False
25,dropout,dropout_realization_01,dropout_realization_01,8.0,40,20,0.5,0.4875,-0.003125,,False,,False
25,dropout,dropout_realization_01,dropout_realization_01,16.0,40,20,0.5,0.4375,-0.015625,,False,,False
25,dropout,dropout_realization_01,dropout_realization_01,32.0,40,20,0.5,0.6,0.028125,,False,,False
25,dropout,dropout_realization_01,dropout_realization_01,64.0,40,20,0.5,0.3625,-0.071875,,False,,False
25,dropout,dropout_realization_01,dropout_realization_01,128.0,40,20,0.5,0.5125,0.028125,,False,,False
25,noise,noise_realization_00,noise_realization_00,0.25,40,20,0.5,0.475,-0.00625,,False,,False
25,noise,noise_realization_00,noise_realization_00,0.5,40,20,0.5,0.4875,-0.003125,,False,,False
25,noise,noise_realization_00,noise_realization_00,1.0,40,20,0.5,0.475,-0.00625,,False,,False
25,noise,noise_realization_00,noise_realization_00,2.0,40,20,0.5,0.5,0.0,,False,,False
25,noise,noise_realization_00,noise_realization_00,4.0,40,20,0.5,0.475,-0.00625,,False,,False
25,noise,noise_realization_00,noise_realization_00,8.0,40,20,0.5,0.475,-0.00625,,False,,False
25,noise,noise_realization_00,noise_realization_00,16.0,40,20,0.5,0.4625,-0.009375,,False,,False
25,noise,noise_realization_00,noise_realization_00,32.0,40,20,0.5,0.4875,-0.003125,,False,,False
25,noise,noise_realization_00,noise_realization_00,64.0,40,20,0.5,0.5375,0.009375,,False,,False
25,noise,noise_realization_00,noise_realization_00,128.0,40,20,0.5,0.5125,0.01875,,False,,False
25,noise,noise_realization_01,noise_realization_01,0.25,40,20,0.5,0.45,-0.0125,,False,,False
25,noise,noise_realization_01,noise_realization_01,0.5,40,20,0.5,0.5,0.0,,False,,False
25,noise,noise_realization_01,noise_realization_01,1.0,40,20,0.5,0.55,0.0125,,False,,False
25,noise,noise_realization_01,noise_realization_01,2.0,40,20,0.5,0.5375,0.009375,,False,,False
25,noise,noise_realization_01,noise_realization_01,4.0,40,20,0.5,0.525,0.00625,,False,,False
25,noise,noise_realization_01,noise_realization_01,8.0,40,20,0.5,0.4875,-0.003125,,False,,False
25,noise,noise_realization_01,noise_realization_01,16.0,40,20,0.5,0.4125,-0.021875,,False,,False
25,noise,noise_realization_01,noise_realization_01,32.0,40,20,0.5,0.5,0.0,,False,,False
25,noise,noise_realization_01,noise_realization_01,64.0,40,20,0.5,0.5125,0.0,,False,,False
25,noise,noise_realization_01,noise_realization_01,128.0,40,20,0.5,0.55,0.028125,,False,,False
25,random,fixed_random__block_25__0000,0000,0.25,40,20,0.5,0.525,0.00625,,False,,False
25,random,fixed_random__block_25__0000,0000,0.5,40,20,0.5,0.475,-0.00625,,False,,False
25,random,fixed_random__block_25__0000,0000,1.0,40,20,0.5,0.5,0.0,,False,,False
25,random,fixed_random__block_25__0000,0000,2.0,40,20,0.5,0.5375,0.009375,,False,,False
25,random,fixed_random__block_25__0000,0000,4.0,40,20,0.5,0.5125,0.003125,,False,,False
25,random,fixed_random__block_25__0000,0000,8.0,40,20,0.5,0.5625,0.015625,,False,,False
25,random,fixed_random__block_25__0000,0000,16.0,40,20,0.5,0.475,-0.00625,,False,,False
25,random,fixed_random__block_25__0000,0000,32.0,40,20,0.5,0.5125,0.003125,,False,,False
25,random,fixed_random__block_25__0000,0000,64.0,40,20,0.5,0.5125,0.0125,,False,,False
25,random,fixed_random__block_25__0000,0000,128.0,40,20,0.5,0.5,0.028125,,False,,False
25,random,fixed_random__block_25__0001,0001,0.25,40,20,0.5,0.5125,0.003125,,False,,False
25,random,fixed_random__block_25__0001,0001,0.5,40,20,0.5,0.4875,-0.003125,,False,,False
25,random,fixed_random__block_25__0001,0001,1.0,40,20,0.5,0.5875,0.021875,,False,,False
25,random,fixed_random__block_25__0001,0001,2.0,40,20,0.5,0.4875,-0.003125,,False,,False
25,random,fixed_random__block_25__0001,0001,4.0,40,20,0.5,0.5,0.0,,False,,False
25,random,fixed_random__block_25__0001,0001,8.0,40,20,0.5,0.5,0.0,,False,,False
25,random,fixed_random__block_25__0001,0001,16.0,40,20,0.5,0.45,-0.0125,,False,,False
25,random,fixed_random__block_25__0001,0001,32.0,40,20,0.5,0.475,-0.00625,,False,,False
25,random,fixed_random__block_25__0001,0001,64.0,40,20,0.5,0.5125,0.003125,,False,,False
25,random,fixed_random__block_25__0001,0001,128.0,40,20,0.5,0.4375,-0.015625,,False,,False
25,random,fixed_random__block_25__0002,0002,0.25,40,20,0.5,0.525,0.00625,,False,,False
25,random,fixed_random__block_25__0002,0002,0.5,40,20,0.5,0.5375,0.009375,,False,,False
25,random,fixed_random__block_25__0002,0002,1.0,40,20,0.5,0.5125,0.003125,,False,,False
25,random,fixed_random__block_25__0002,0002,2.0,40,20,0.5,0.5,0.0,,False,,False
25,random,fixed_random__block_25__0002,0002,4.0,40,20,0.5,0.525,0.00625,,False,,False
25,random,fixed_random__block_25__0002,0002,8.0,40,20,0.5,0.475,-0.00625,,False,,False
25,random,fixed_random__block_25__0002,0002,16.0,40,20,0.5,0.4875,-0.003125,,False,,False
25,random,fixed_random__block_25__0002,0002,32.0,40,20,0.5,0.5125,0.003125,,False,,False
25,random,fixed_random__block_25__0002,0002,64.0,40,20,0.5,0.525,0.00625,,False,,False
25,random,fixed_random__block_25__0002,0002,128.0,40,20,0.5,0.4875,0.0,,False,,False
25,random,fixed_random__block_25__0003,0003,0.25,40,20,0.5,0.55,0.0125,,False,,False
25,random,fixed_random__block_25__0003,0003,0.5,40,20,0.5,0.475,-0.00625,,False,,False
25,random,fixed_random__block_25__0003,0003,1.0,40,20,0.5,0.5125,0.003125,,False,,False
25,random,fixed_random__block_25__0003,0003,2.0,40,20,0.5,0.4875,-0.003125,,False,,False
25,random,fixed_random__block_25__0003,0003,4.0,40,20,0.5,0.4625,-0.009375,,False,,False
25,random,fixed_random__block_25__0003,0003,8.0,40,20,0.5,0.475,-0.00625,,False,,False
25,random,fixed_random__block_25__0003,0003,16.0,40,20,0.5,0.475,-0.00625,,False,,False
25,random,fixed_random__block_25__0003,0003,32.0,40,20,0.5,0.4875,0.0,,False,,False
25,random,fixed_random__block_25__0003,0003,64.0,40,20,0.5,0.525,0.028125,,False,,False
25,random,fixed_random__block_25__0003,0003,128.0,40,20,0.5,0.5,0.00625,,False,,False
25,random,fixed_random__block_25__0004,0004,0.25,40,20,0.5,0.5,0.0,,False,,False
25,random,fixed_random__block_25__0004,0004,0.5,40,20,0.5,0.4625,-0.009375,,False,,False
25,random,fixed_random__block_25__0004,0004,1.0,40,20,0.5,0.5375,0.009375,,False,,False
25,random,fixed_random__block_25__0004,0004,2.0,40,20,0.5,0.525,0.00625,,False,,False
25,random,fixed_random__block_25__0004,0004,4.0,40,20,0.5,0.4625,-0.009375,,False,,False
25,random,fixed_random__block_25__0004,0004,8.0,40,20,0.5,0.5,0.0,,False,,False
25,random,fixed_random__block_25__0004,0004,16.0,40,20,0.5,0.55,0.0125,,False,,False
25,random,fixed_random__block_25__0004,0004,32.0,40,20,0.5,0.5,0.0,,False,,False
25,random,fixed_random__block_25__0004,0004,64.0,40,20,0.5,0.5,0.0,,False,,False
25,random,fixed_random__block_25__0004,0004,128.0,40,20,0.5,0.5875,0.01875,,False,,False
25,random,fixed_random__block_25__0005,0005,0.25,40,20,0.5,0.4875,-0.003125,,False,,False
25,random,fixed_random__block_25__0005,0005,0.5,40,20,0.5,0.525,0.00625,,False,,False
25,random,fixed_random__block_25__0005,0005,1.0,40,20,0.5,0.5875,0.021875,,False,,False
25,random,fixed_random__block_25__0005,0005,2.0,40,20,0.5,0.4875,-0.003125,,False,,False
25,random,fixed_random__block_25__0005,0005,4.0,40,20,0.5,0.4875,-0.003125,,False,,False
25,random,fixed_random__block_25__0005,0005,8.0,40,20,0.5,0.475,-0.00625,,False,,False
25,random,fixed_random__block_25__0005,0005,16.0,40,20,0.5,0.4625,-0.009375,,False,,False
25,random,fixed_random__block_25__0005,0005,32.0,40,20,0.5,0.475,-0.00625,,False,,False
25,random,fixed_random__block_25__0005,0005,64.0,40,20,0.5,0.55,0.0125,,False,,False
25,random,fixed_random__block_25__0005,0005,128.0,40,20,0.5,0.5375,0.0125,,False,,False
25,random,fixed_random__block_25__0006,0006,0.25,40,20,0.5,0.4875,-0.003125,,False,,False
25,random,fixed_random__block_25__0006,0006,0.5,40,20,0.5,0.5125,0.003125,,False,,False
25,random,fixed_random__block_25__0006,0006,1.0,40,20,0.5,0.55,0.0125,,False,,False
25,random,fixed_random__block_25__0006,0006,2.0,40,20,0.5,0.5,0.0,,False,,False
25,random,fixed_random__block_25__0006,0006,4.0,40,20,0.5,0.4625,-0.009375,,False,,False
25,random,fixed_random__block_25__0006,0006,8.0,40,20,0.5,0.4875,-0.003125,,False,,False
25,random,fixed_random__block_25__0006,0006,16.0,40,20,0.5,0.525,0.00625,,False,,False
25,random,fixed_random__block_25__0006,0006,32.0,40,20,0.5,0.5375,0.009375,,False,,False
25,random,fixed_random__block_25__0006,0006,64.0,40,20,0.5,0.575,0.01875,,False,,False
25,random,fixed_random__block_25__0006,0006,128.0,40,20,0.5,0.5625,0.015625,,False,,False
25,random,fixed_random__block_25__0007,0007,0.25,40,20,0.5,0.4625,-0.009375,,False,,False
25,random,fixed_random__block_25__0007,0007,0.5,40,20,0.5,0.475,-0.00625,,False,,False
25,random,fixed_random__block_25__0007,0007,1.0,40,20,0.5,0.5,0.0,,False,,False
25,random,fixed_random__block_25__0007,0007,2.0,40,20,0.5,0.5375,0.009375,,False,,False
25,random,fixed_random__block_25__0007,0007,4.0,40,20,0.5,0.45,-0.0125,,False,,False
25,random,fixed_random__block_25__0007,0007,8.0,40,20,0.5,0.45,-0.0125,,False,,False
25,random,fixed_random__block_25__0007,0007,16.0,40,20,0.5,0.5125,0.003125,,False,,False
25,random,fixed_random__block_25__0007,0007,32.0,40,20,0.5,0.475,-0.00625,,False,,False
25,random,fixed_random__block_25__0007,0007,64.0,40,20,0.5,0.5125,0.003125,,False,,False
25,random,fixed_random__block_25__0007,0007,128.0,40,20,0.5,0.525,0.00625,,False,,False
25,random,fixed_random__block_25__0008,0008,0.25,40,20,0.5,0.5375,0.009375,,False,,False
25,random,fixed_random__block_25__0008,0008,0.5,40,20,0.5,0.5,0.0,,False,,False
25,random,fixed_random__block_25__0008,0008,1.0,40,20,0.5,0.525,0.00625,,False,,False
25,random,fixed_random__block_25__0008,0008,2.0,40,20,0.5,0.5375,0.009375,,False,,False
25,random,fixed_random__block_25__0008,0008,4.0,40,20,0.5,0.475,-0.00625,,False,,False
25,random,fixed_random__block_25__0008,0008,8.0,40,20,0.5,0.475,-0.00625,,False,,False
25,random,fixed_random__block_25__0008,0008,16.0,40,20,0.5,0.4625,-0.009375,,False,,False
25,random,fixed_random__block_25__0008,0008,32.0,40,20,0.5,0.525,0.00625,,False,,False
25,random,fixed_random__block_25__0008,0008,64.0,40,20,0.5,0.475,-0.003125,,False,,False
25,random,fixed_random__block_25__0008,0008,128.0,40,20,0.5,0.5,-0.003125,,False,,False
25,random,fixed_random__block_25__0009,0009,0.25,40,20,0.5,0.525,0.00625,,False,,False
25,random,fixed_random__block_25__0009,0009,0.5,40,20,0.5,0.5375,0.009375,,False,,False
25,random,fixed_random__block_25__0009,0009,1.0,40,20,0.5,0.5375,0.009375,,False,,False
25,random,fixed_random__block_25__0009,0009,2.0,40,20,0.5,0.5875,0.021875,,False,,False
25,random,fixed_random__block_25__0009,0009,4.0,40,20,0.5,0.4875,-0.003125,,False,,False
25,random,fixed_random__block_25__0009,0009,8.0,40,20,0.5,0.5375,0.009375,,False,,False
25,random,fixed_random__block_25__0009,0009,16.0,40,20,0.5,0.4625,-0.009375,,False,,False
25,random,fixed_random__block_25__0009,0009,32.0,40,20,0.5,0.525,0.00625,,False,,False
25,random,fixed_random__block_25__0009,0009,64.0,40,20,0.5,0.5875,0.028125,,False,,False
25,random,fixed_random__block_25__0009,0009,128.0,40,20,0.5,0.5,0.025,,False,,False
26,concept,concept__block_26__Dust,Dust,0.25,40,20,0.5,0.5,0.0,,False,,False
26,concept,concept__block_26__Dust,Dust,0.5,40,20,0.5,0.55,0.0125,,False,,False
26,concept,concept__block_26__Dust,Dust,1.0,40,20,0.5,0.4625,-0.009375,,False,,False
26,concept,concept__block_26__Dust,Dust,2.0,40,20,0.5,0.5125,0.003125,,False,,False
26,concept,concept__block_26__Dust,Dust,4.0,40,20,0.5,0.5125,0.003125,,False,,False
26,concept,concept__block_26__Dust,Dust,8.0,40,20,0.5,0.5375,0.009375,,False,,False
26,concept,concept__block_26__Dust,Dust,16.0,40,20,0.5,0.5375,0.009375,,False,,False
26,concept,concept__block_26__Dust,Dust,32.0,40,20,0.5,0.5625,0.015625,,False,,False
26,concept,concept__block_26__Dust,Dust,64.0,40,20,0.5,0.6375,0.04375,,False,,False
26,concept,concept__block_26__Dust,Dust,128.0,40,20,0.5,0.5,0.01875,,False,,False
26,concept,concept__block_26__Illusions,Illusions,0.25,40,20,0.5,0.5625,0.015625,,False,,False
26,concept,concept__block_26__Illusions,Illusions,0.5,40,20,0.5,0.525,0.00625,,False,,False
26,concept,concept__block_26__Illusions,Illusions,1.0,40,20,0.5,0.4375,-0.015625,,False,,False
26,concept,concept__block_26__Illusions,Illusions,2.0,40,20,0.5,0.4375,-0.015625,,False,,False
26,concept,concept__block_26__Illusions,Illusions,4.0,40,20,0.5,0.5125,0.003125,,False,,False
26,concept,concept__block_26__Illusions,Illusions,8.0,40,20,0.5,0.5625,0.015625,,False,,False
26,concept,concept__block_26__Illusions,Illusions,16.0,40,20,0.5,0.55,0.0125,,False,,False
26,concept,concept__block_26__Illusions,Illusions,32.0,40,20,0.5,0.5625,0.015625,,False,,False
26,concept,concept__block_26__Illusions,Illusions,64.0,40,20,0.5,0.5375,0.015625,,False,,False
26,concept,concept__block_26__Illusions,Illusions,128.0,40,20,0.5,0.525,0.04375,,False,,False
26,concept,concept__block_26__Origami,Origami,0.25,40,20,0.5,0.5,0.0,,False,,False
26,concept,concept__block_26__Origami,Origami,0.5,40,20,0.5,0.5,0.0,,False,,False
26,concept,concept__block_26__Origami,Origami,1.0,40,20,0.5,0.5,0.0,,False,,False
26,concept,concept__block_26__Origami,Origami,2.0,40,20,0.5,0.5125,0.003125,,False,,False
26,concept,concept__block_26__Origami,Origami,4.0,40,20,0.5,0.4875,-0.003125,,False,,False
26,concept,concept__block_26__Origami,Origami,8.0,40,20,0.5,0.4375,-0.015625,,False,,False
26,concept,concept__block_26__Origami,Origami,16.0,40,20,0.5,0.55,0.0125,,False,,False
26,concept,concept__block_26__Origami,Origami,32.0,40,20,0.5,0.4125,-0.021875,,False,,False
26,concept,concept__block_26__Origami,Origami,64.0,40,20,0.5,0.475,-0.00625,,False,,False
26,concept,concept__block_26__Origami,Origami,128.0,40,20,0.5,0.4875,0.003125,,False,,False
26,concept,concept__block_26__Satellites,Satellites,0.25,40,20,0.5,0.4625,-0.009375,,False,,False
26,concept,concept__block_26__Satellites,Satellites,0.5,40,20,0.5,0.475,-0.00625,,False,,False
26,concept,concept__block_26__Satellites,Satellites,1.0,40,20,0.5,0.5,0.0,,False,,False
26,concept,concept__block_26__Satellites,Satellites,2.0,40,20,0.5,0.4875,-0.003125,,False,,False
26,concept,concept__block_26__Satellites,Satellites,4.0,40,20,0.5,0.5,0.0,,False,,False
26,concept,concept__block_26__Satellites,Satellites,8.0,40,20,0.5,0.525,0.00625,,False,,False
26,concept,concept__block_26__Satellites,Satellites,16.0,40,20,0.5,0.4625,-0.009375,,False,,False
26,concept,concept__block_26__Satellites,Satellites,32.0,40,20,0.5,0.4875,-0.003125,,False,,False
26,concept,concept__block_26__Satellites,Satellites,64.0,40,20,0.5,0.55,0.0125,,False,,False
26,concept,concept__block_26__Satellites,Satellites,128.0,40,20,0.5,0.5625,0.01875,,False,,False
26,concept,concept__block_26__Trumpets,Trumpets,0.25,40,20,0.5,0.5125,0.003125,,False,,False
26,concept,concept__block_26__Trumpets,Trumpets,0.5,40,20,0.5,0.475,-0.00625,,False,,False
26,concept,concept__block_26__Trumpets,Trumpets,1.0,40,20,0.5,0.5125,0.003125,,False,,False
26,concept,concept__block_26__Trumpets,Trumpets,2.0,40,20,0.5,0.4875,-0.003125,,False,,False
26,concept,concept__block_26__Trumpets,Trumpets,4.0,40,20,0.5,0.4625,-0.009375,,False,,False
26,concept,concept__block_26__Trumpets,Trumpets,8.0,40,20,0.5,0.5125,0.003125,,False,,False
26,concept,concept__block_26__Trumpets,Trumpets,16.0,40,20,0.5,0.475,-0.00625,,False,,False
26,concept,concept__block_26__Trumpets,Trumpets,32.0,40,20,0.5,0.4875,-0.003125,,False,,False
26,concept,concept__block_26__Trumpets,Trumpets,64.0,40,20,0.5,0.5125,0.00625,,False,,False
26,concept,concept__block_26__Trumpets,Trumpets,128.0,40,20,0.5,0.475,-0.00625,,False,,False
26,concept,concept__block_26__appreciation,appreciation,0.25,40,20,0.5,0.4875,-0.003125,,False,,False
26,concept,concept__block_26__appreciation,appreciation,0.5,40,20,0.5,0.475,-0.00625,,False,,False
26,concept,concept__block_26__appreciation,appreciation,1.0,40,20,0.5,0.4875,-0.003125,,False,,False
26,concept,concept__block_26__appreciation,appreciation,2.0,40,20,0.5,0.525,0.00625,,False,,False
26,concept,concept__block_26__appreciation,appreciation,4.0,40,20,0.5,0.475,-0.00625,,False,,False
26,concept,concept__block_26__appreciation,appreciation,8.0,40,20,0.5,0.4375,-0.015625,,False,,False
26,concept,concept__block_26__appreciation,appreciation,16.0,40,20,0.5,0.475,-0.00625,,False,,False
26,concept,concept__block_26__appreciation,appreciation,32.0,40,20,0.5,0.5125,0.003125,,False,,False
26,concept,concept__block_26__appreciation,appreciation,64.0,40,20,0.5,0.4875,-0.003125,,False,,False
26,concept,concept__block_26__appreciation,appreciation,128.0,40,20,0.5,0.5375,0.00625,,False,,False
26,concept,concept__block_26__betrayal,betrayal,0.25,40,20,0.5,0.475,-0.00625,,False,,False
26,concept,concept__block_26__betrayal,betrayal,0.5,40,20,0.5,0.45,-0.0125,,False,,False
26,concept,concept__block_26__betrayal,betrayal,1.0,40,20,0.5,0.5375,0.009375,,False,,False
26,concept,concept__block_26__betrayal,betrayal,2.0,40,20,0.5,0.55,0.0125,,False,,False
26,concept,concept__block_26__betrayal,betrayal,4.0,40,20,0.5,0.525,0.00625,,False,,False
26,concept,concept__block_26__betrayal,betrayal,8.0,40,20,0.5,0.4625,-0.009375,,False,,False
26,concept,concept__block_26__betrayal,betrayal,16.0,40,20,0.5,0.4625,-0.009375,,False,,False
26,concept,concept__block_26__betrayal,betrayal,32.0,40,20,0.5,0.4625,-0.009375,,False,,False
26,concept,concept__block_26__betrayal,betrayal,64.0,40,20,0.5,0.5125,0.00625,,False,,False
26,concept,concept__block_26__betrayal,betrayal,128.0,40,20,0.5,0.65,0.034375,,False,,False
26,concept,concept__block_26__fibonacci_numbers,fibonacci_numbers,0.25,40,20,0.5,0.4875,-0.003125,,False,,False
26,concept,concept__block_26__fibonacci_numbers,fibonacci_numbers,0.5,40,20,0.5,0.5125,0.003125,,False,,False
26,concept,concept__block_26__fibonacci_numbers,fibonacci_numbers,1.0,40,20,0.5,0.5125,0.003125,,False,,False
26,concept,concept__block_26__fibonacci_numbers,fibonacci_numbers,2.0,40,20,0.5,0.5,0.0,,False,,False
26,concept,concept__block_26__fibonacci_numbers,fibonacci_numbers,4.0,40,20,0.5,0.475,-0.00625,,False,,False
26,concept,concept__block_26__fibonacci_numbers,fibonacci_numbers,8.0,40,20,0.5,0.45,-0.0125,,False,,False
26,concept,concept__block_26__fibonacci_numbers,fibonacci_numbers,16.0,40,20,0.5,0.525,0.00625,,False,,False
26,concept,concept__block_26__fibonacci_numbers,fibonacci_numbers,32.0,40,20,0.5,0.4625,-0.009375,,False,,False
26,concept,concept__block_26__fibonacci_numbers,fibonacci_numbers,64.0,40,20,0.5,0.525,0.009375,,False,,False
26,concept,concept__block_26__fibonacci_numbers,fibonacci_numbers,128.0,40,20,0.5,0.5,-0.00625,,False,,False
26,concept,concept__block_26__recursion,recursion,0.25,40,20,0.5,0.45,-0.0125,,False,,False
26,concept,concept__block_26__recursion,recursion,0.5,40,20,0.5,0.475,-0.00625,,False,,False
26,concept,concept__block_26__recursion,recursion,1.0,40,20,0.5,0.5,0.0,,False,,False
26,concept,concept__block_26__recursion,recursion,2.0,40,20,0.5,0.45,-0.0125,,False,,False
26,concept,concept__block_26__recursion,recursion,4.0,40,20,0.5,0.5125,0.003125,,False,,False
26,concept,concept__block_26__recursion,recursion,8.0,40,20,0.5,0.475,-0.00625,,False,,False
26,concept,concept__block_26__recursion,recursion,16.0,40,20,0.5,0.475,-0.00625,,False,,False
26,concept,concept__block_26__recursion,recursion,32.0,40,20,0.5,0.4625,-0.009375,,False,,False
26,concept,concept__block_26__recursion,recursion,64.0,40,20,0.5,0.5,0.0,,False,,False
26,concept,concept__block_26__recursion,recursion,128.0,40,20,0.5,0.5125,0.003125,,False,,False
26,concept,concept__block_26__shutdown,shutdown,0.25,40,20,0.5,0.525,0.00625,,False,,False
26,concept,concept__block_26__shutdown,shutdown,0.5,40,20,0.5,0.525,0.00625,,False,,False
26,concept,concept__block_26__shutdown,shutdown,1.0,40,20,0.5,0.4625,-0.009375,,False,,False
26,concept,concept__block_26__shutdown,shutdown,2.0,40,20,0.5,0.475,-0.00625,,False,,False
26,concept,concept__block_26__shutdown,shutdown,4.0,40,20,0.5,0.475,-0.00625,,False,,False
26,concept,concept__block_26__shutdown,shutdown,8.0,40,20,0.5,0.525,0.00625,,False,,False
26,concept,concept__block_26__shutdown,shutdown,16.0,40,20,0.5,0.4125,-0.021875,,False,,False
26,concept,concept__block_26__shutdown,shutdown,32.0,40,20,0.5,0.4875,-0.003125,,False,,False
26,concept,concept__block_26__shutdown,shutdown,64.0,40,20,0.5,0.4375,-0.015625,,False,,False
26,concept,concept__block_26__shutdown,shutdown,128.0,40,20,0.5,0.5125,0.003125,,False,,False
26,dropout,dropout_realization_00,dropout_realization_00,0.25,40,20,0.5,0.475,-0.00625,,False,,False
26,dropout,dropout_realization_00,dropout_realization_00,0.5,40,20,0.5,0.4375,-0.015625,,False,,False
26,dropout,dropout_realization_00,dropout_realization_00,1.0,40,20,0.5,0.5,0.0,,False,,False
26,dropout,dropout_realization_00,dropout_realization_00,2.0,40,20,0.5,0.4875,-0.003125,,False,,False
26,dropout,dropout_realization_00,dropout_realization_00,4.0,40,20,0.5,0.475,-0.00625,,False,,False
26,dropout,dropout_realization_00,dropout_realization_00,8.0,40,20,0.5,0.45,-0.0125,,False,,False
26,dropout,dropout_realization_00,dropout_realization_00,16.0,40,20,0.5,0.5375,0.009375,,False,,False
26,dropout,dropout_realization_00,dropout_realization_00,32.0,40,20,0.5,0.55,0.0125,,False,,False
26,dropout,dropout_realization_00,dropout_realization_00,64.0,40,20,0.5,0.5625,0.01875,,False,,False
26,dropout,dropout_realization_00,dropout_realization_00,128.0,40,20,0.5,0.525,0.015625,,False,,False
26,dropout,dropout_realization_01,dropout_realization_01,0.25,40,20,0.5,0.4625,-0.009375,,False,,False
26,dropout,dropout_realization_01,dropout_realization_01,0.5,40,20,0.5,0.5125,0.003125,,False,,False
26,dropout,dropout_realization_01,dropout_realization_01,1.0,40,20,0.5,0.5,0.0,,False,,False
26,dropout,dropout_realization_01,dropout_realization_01,2.0,40,20,0.5,0.55,0.0125,,False,,False
26,dropout,dropout_realization_01,dropout_realization_01,4.0,40,20,0.5,0.525,0.00625,,False,,False
26,dropout,dropout_realization_01,dropout_realization_01,8.0,40,20,0.5,0.475,-0.00625,,False,,False
26,dropout,dropout_realization_01,dropout_realization_01,16.0,40,20,0.5,0.5,0.0,,False,,False
26,dropout,dropout_realization_01,dropout_realization_01,32.0,40,20,0.5,0.575,0.01875,,False,,False
26,dropout,dropout_realization_01,dropout_realization_01,64.0,40,20,0.5,0.525,0.00625,,False,,False
26,dropout,dropout_realization_01,dropout_realization_01,128.0,40,20,0.5,0.4625,-0.0125,,False,,False
26,noise,noise_realization_00,noise_realization_00,0.25,40,20,0.5,0.4625,-0.009375,,False,,False
26,noise,noise_realization_00,noise_realization_00,0.5,40,20,0.5,0.5375,0.009375,,False,,False
26,noise,noise_realization_00,noise_realization_00,1.0,40,20,0.5,0.525,0.00625,,False,,False
26,noise,noise_realization_00,noise_realization_00,2.0,40,20,0.5,0.5125,0.003125,,False,,False
26,noise,noise_realization_00,noise_realization_00,4.0,40,20,0.5,0.4875,-0.003125,,False,,False
26,noise,noise_realization_00,noise_realization_00,8.0,40,20,0.5,0.5375,0.009375,,False,,False
26,noise,noise_realization_00,noise_realization_00,16.0,40,20,0.5,0.4875,-0.003125,,False,,False
26,noise,noise_realization_00,noise_realization_00,32.0,40,20,0.5,0.525,0.00625,,False,,False
26,noise,noise_realization_00,noise_realization_00,64.0,40,20,0.5,0.5875,0.025,,False,,False
26,noise,noise_realization_00,noise_realization_00,128.0,40,20,0.5,0.5875,0.028125,,False,,False
26,noise,noise_realization_01,noise_realization_01,0.25,40,20,0.5,0.525,0.00625,,False,,False
26,noise,noise_realization_01,noise_realization_01,0.5,40,20,0.5,0.4375,-0.015625,,False,,False
26,noise,noise_realization_01,noise_realization_01,1.0,40,20,0.5,0.5125,0.003125,,False,,False
26,noise,noise_realization_01,noise_realization_01,2.0,40,20,0.5,0.55,0.0125,,False,,False
26,noise,noise_realization_01,noise_realization_01,4.0,40,20,0.5,0.5625,0.015625,,False,,False
26,noise,noise_realization_01,noise_realization_01,8.0,40,20,0.5,0.525,0.00625,,False,,False
26,noise,noise_realization_01,noise_realization_01,16.0,40,20,0.5,0.475,-0.00625,,False,,False
26,noise,noise_realization_01,noise_realization_01,32.0,40,20,0.5,0.5375,0.009375,,False,,False
26,noise,noise_realization_01,noise_realization_01,64.0,40,20,0.5,0.6,0.025,,False,,False
26,noise,noise_realization_01,noise_realization_01,128.0,40,20,0.5,0.45,-0.00625,,False,,False
26,random,fixed_random__block_26__0000,0000,0.25,40,20,0.5,0.5375,0.009375,,False,,False
26,random,fixed_random__block_26__0000,0000,0.5,40,20,0.5,0.475,-0.00625,,False,,False
26,random,fixed_random__block_26__0000,0000,1.0,40,20,0.5,0.525,0.00625,,False,,False
26,random,fixed_random__block_26__0000,0000,2.0,40,20,0.5,0.5,0.0,,False,,False
26,random,fixed_random__block_26__0000,0000,4.0,40,20,0.5,0.475,-0.00625,,False,,False
26,random,fixed_random__block_26__0000,0000,8.0,40,20,0.5,0.5125,0.003125,,False,,False
26,random,fixed_random__block_26__0000,0000,16.0,40,20,0.5,0.475,-0.00625,,False,,False
26,random,fixed_random__block_26__0000,0000,32.0,40,20,0.5,0.45,-0.0125,,False,,False
26,random,fixed_random__block_26__0000,0000,64.0,40,20,0.5,0.5,0.003125,,False,,False
26,random,fixed_random__block_26__0000,0000,128.0,40,20,0.5,0.6,0.03125,,False,,False
26,random,fixed_random__block_26__0001,0001,0.25,40,20,0.5,0.5,0.0,,False,,False
26,random,fixed_random__block_26__0001,0001,0.5,40,20,0.5,0.4875,-0.003125,,False,,False
26,random,fixed_random__block_26__0001,0001,1.0,40,20,0.5,0.475,-0.00625,,False,,False
26,random,fixed_random__block_26__0001,0001,2.0,40,20,0.5,0.475,-0.00625,,False,,False
26,random,fixed_random__block_26__0001,0001,4.0,40,20,0.5,0.5,0.0,,False,,False
26,random,fixed_random__block_26__0001,0001,8.0,40,20,0.5,0.5,0.0,,False,,False
26,random,fixed_random__block_26__0001,0001,16.0,40,20,0.5,0.45,-0.0125,,False,,False
26,random,fixed_random__block_26__0001,0001,32.0,40,20,0.5,0.4875,-0.003125,,False,,False
26,random,fixed_random__block_26__0001,0001,64.0,40,20,0.5,0.475,-0.00625,,False,,False
26,random,fixed_random__block_26__0001,0001,128.0,40,20,0.5,0.5125,0.003125,,False,,False
26,random,fixed_random__block_26__0002,0002,0.25,40,20,0.5,0.4875,-0.003125,,False,,False
26,random,fixed_random__block_26__0002,0002,0.5,40,20,0.5,0.4875,-0.003125,,False,,False
26,random,fixed_random__block_26__0002,0002,1.0,40,20,0.5,0.475,-0.00625,,False,,False
26,random,fixed_random__block_26__0002,0002,2.0,40,20,0.5,0.5,0.0,,False,,False
26,random,fixed_random__block_26__0002,0002,4.0,40,20,0.5,0.55,0.0125,,False,,False
26,random,fixed_random__block_26__0002,0002,8.0,40,20,0.5,0.5125,0.003125,,False,,False
26,random,fixed_random__block_26__0002,0002,16.0,40,20,0.5,0.5125,0.003125,,False,,False
26,random,fixed_random__block_26__0002,0002,32.0,40,20,0.5,0.6875,0.05,,False,,False
26,random,fixed_random__block_26__0002,0002,64.0,40,20,0.5,0.65,0.05,,False,,False
26,random,fixed_random__block_26__0002,0002,128.0,40,20,0.5,0.5375,0.040625,,False,,False
26,random,fixed_random__block_26__0003,0003,0.25,40,20,0.5,0.5125,0.003125,,False,,False
26,random,fixed_random__block_26__0003,0003,0.5,40,20,0.5,0.5,0.0,,False,,False
26,random,fixed_random__block_26__0003,0003,1.0,40,20,0.5,0.55,0.0125,,False,,False
26,random,fixed_random__block_26__0003,0003,2.0,40,20,0.5,0.475,-0.00625,,False,,False
26,random,fixed_random__block_26__0003,0003,4.0,40,20,0.5,0.5,0.0,,False,,False
26,random,fixed_random__block_26__0003,0003,8.0,40,20,0.5,0.5,0.0,,False,,False
26,random,fixed_random__block_26__0003,0003,16.0,40,20,0.5,0.4875,-0.003125,,False,,False
26,random,fixed_random__block_26__0003,0003,32.0,40,20,0.5,0.5,0.0,,False,,False
26,random,fixed_random__block_26__0003,0003,64.0,40,20,0.5,0.6125,0.028125,,False,,False
26,random,fixed_random__block_26__0003,0003,128.0,40,20,0.5,0.475,-0.00625,,False,,False
26,random,fixed_random__block_26__0004,0004,0.25,40,20,0.5,0.5,0.0,,False,,False
26,random,fixed_random__block_26__0004,0004,0.5,40,20,0.5,0.5125,0.003125,,False,,False
26,random,fixed_random__block_26__0004,0004,1.0,40,20,0.5,0.45,-0.0125,,False,,False
26,random,fixed_random__block_26__0004,0004,2.0,40,20,0.5,0.5125,0.003125,,False,,False
26,random,fixed_random__block_26__0004,0004,4.0,40,20,0.5,0.45,-0.0125,,False,,False
26,random,fixed_random__block_26__0004,0004,8.0,40,20,0.5,0.475,-0.00625,,False,,False
26,random,fixed_random__block_26__0004,0004,16.0,40,20,0.5,0.5375,0.009375,,False,,False
26,random,fixed_random__block_26__0004,0004,32.0,40,20,0.5,0.5625,0.015625,,False,,False
26,random,fixed_random__block_26__0004,0004,64.0,40,20,0.5,0.5125,0.0,,False,,False
26,random,fixed_random__block_26__0004,0004,128.0,40,20,0.5,0.55,0.021875,,False,,False
26,random,fixed_random__block_26__0005,0005,0.25,40,20,0.5,0.5125,0.003125,,False,,False
26,random,fixed_random__block_26__0005,0005,0.5,40,20,0.5,0.5125,0.003125,,False,,False
26,random,fixed_random__block_26__0005,0005,1.0,40,20,0.5,0.5125,0.003125,,False,,False
26,random,fixed_random__block_26__0005,0005,2.0,40,20,0.5,0.425,-0.01875,,False,,False
26,random,fixed_random__block_26__0005,0005,4.0,40,20,0.5,0.5,0.0,,False,,False
26,random,fixed_random__block_26__0005,0005,8.0,40,20,0.5,0.4875,-0.003125,,False,,False
26,random,fixed_random__block_26__0005,0005,16.0,40,20,0.5,0.55,0.0125,,False,,False
26,random,fixed_random__block_26__0005,0005,32.0,40,20,0.5,0.5125,0.003125,,False,,False
26,random,fixed_random__block_26__0005,0005,64.0,40,20,0.5,0.6,0.028125,,False,,False
26,random,fixed_random__block_26__0005,0005,128.0,40,20,0.5,0.5875,0.034375,,False,,False
26,random,fixed_random__block_26__0006,0006,0.25,40,20,0.5,0.4875,-0.003125,,False,,False
26,random,fixed_random__block_26__0006,0006,0.5,40,20,0.5,0.475,-0.00625,,False,,False
26,random,fixed_random__block_26__0006,0006,1.0,40,20,0.5,0.4875,-0.003125,,False,,False
26,random,fixed_random__block_26__0006,0006,2.0,40,20,0.5,0.5375,0.009375,,False,,False
26,random,fixed_random__block_26__0006,0006,4.0,40,20,0.5,0.525,0.00625,,False,,False
26,random,fixed_random__block_26__0006,0006,8.0,40,20,0.5,0.5,0.0,,False,,False
26,random,fixed_random__block_26__0006,0006,16.0,40,20,0.5,0.4625,-0.009375,,False,,False
26,random,fixed_random__block_26__0006,0006,32.0,40,20,0.5,0.4375,-0.015625,,False,,False
26,random,fixed_random__block_26__0006,0006,64.0,40,20,0.5,0.525,0.00625,,False,,False
26,random,fixed_random__block_26__0006,0006,128.0,40,20,0.5,0.4625,-0.009375,,False,,False
26,random,fixed_random__block_26__0007,0007,0.25,40,20,0.5,0.5125,0.003125,,False,,False
26,random,fixed_random__block_26__0007,0007,0.5,40,20,0.5,0.5,0.0,,False,,False
26,random,fixed_random__block_26__0007,0007,1.0,40,20,0.5,0.475,-0.00625,,False,,False
26,random,fixed_random__block_26__0007,0007,2.0,40,20,0.5,0.475,-0.00625,,False,,False
26,random,fixed_random__block_26__0007,0007,4.0,40,20,0.5,0.5375,0.009375,,False,,False
26,random,fixed_random__block_26__0007,0007,8.0,40,20,0.5,0.475,-0.00625,,False,,False
26,random,fixed_random__block_26__0007,0007,16.0,40,20,0.5,0.575,0.01875,,False,,False
26,random,fixed_random__block_26__0007,0007,32.0,40,20,0.5,0.55,0.0125,,False,,False
26,random,fixed_random__block_26__0007,0007,64.0,40,20,0.5,0.5375,0.0125,,False,,False
26,random,fixed_random__block_26__0007,0007,128.0,40,20,0.5,0.575,0.01875,,False,,False
26,random,fixed_random__block_26__0008,0008,0.25,40,20,0.5,0.4625,-0.009375,,False,,False
26,random,fixed_random__block_26__0008,0008,0.5,40,20,0.5,0.5125,0.003125,,False,,False
26,random,fixed_random__block_26__0008,0008,1.0,40,20,0.5,0.5,0.0,,False,,False
26,random,fixed_random__block_26__0008,0008,2.0,40,20,0.5,0.4875,-0.003125,,False,,False
26,random,fixed_random__block_26__0008,0008,4.0,40,20,0.5,0.4375,-0.015625,,False,,False
26,random,fixed_random__block_26__0008,0008,8.0,40,20,0.5,0.5125,0.003125,,False,,False
26,random,fixed_random__block_26__0008,0008,16.0,40,20,0.5,0.4875,-0.003125,,False,,False
26,random,fixed_random__block_26__0008,0008,32.0,40,20,0.5,0.45,-0.0125,,False,,False
26,random,fixed_random__block_26__0008,0008,64.0,40,20,0.5,0.5375,0.009375,,False,,False
26,random,fixed_random__block_26__0008,0008,128.0,40,20,0.5,0.5,0.003125,,False,,False
26,random,fixed_random__block_26__0009,0009,0.25,40,20,0.5,0.5,0.0,,False,,False
26,random,fixed_random__block_26__0009,0009,0.5,40,20,0.5,0.525,0.00625,,False,,False
26,random,fixed_random__block_26__0009,0009,1.0,40,20,0.5,0.5,0.0,,False,,False
26,random,fixed_random__block_26__0009,0009,2.0,40,20,0.5,0.4875,-0.003125,,False,,False
26,random,fixed_random__block_26__0009,0009,4.0,40,20,0.5,0.5,0.0,,False,,False
26,random,fixed_random__block_26__0009,0009,8.0,40,20,0.5,0.55,0.0125,,False,,False
26,random,fixed_random__block_26__0009,0009,16.0,40,20,0.5,0.475,-0.00625,,False,,False
26,random,fixed_random__block_26__0009,0009,32.0,40,20,0.5,0.525,0.00625,,False,,False
26,random,fixed_random__block_26__0009,0009,64.0,40,20,0.5,0.525,0.009375,,False,,False
26,random,fixed_random__block_26__0009,0009,128.0,40,20,0.5,0.5,0.03125,,False,,False
27,concept,concept__block_27__Dust,Dust,0.25,40,20,0.5,0.5,0.0,,False,,False
27,concept,concept__block_27__Dust,Dust,0.5,40,20,0.5,0.5,0.0,,False,,False
27,concept,concept__block_27__Dust,Dust,1.0,40,20,0.5,0.425,-0.01875,,False,,False
27,concept,concept__block_27__Dust,Dust,2.0,40,20,0.5,0.5375,0.009375,,False,,False
27,concept,concept__block_27__Dust,Dust,4.0,40,20,0.5,0.5,0.0,,False,,False
27,concept,concept__block_27__Dust,Dust,8.0,40,20,0.5,0.5125,0.003125,,False,,False
27,concept,concept__block_27__Dust,Dust,16.0,40,20,0.5,0.575,0.01875,,False,,False
27,concept,concept__block_27__Dust,Dust,32.0,40,20,0.5,0.5625,0.015625,,False,,False
27,concept,concept__block_27__Dust,Dust,64.0,40,20,0.5,0.5375,0.009375,,False,,False
27,concept,concept__block_27__Dust,Dust,128.0,40,20,0.5,0.5,0.021875,,False,,False
27,concept,concept__block_27__Illusions,Illusions,0.25,40,20,0.5,0.475,-0.00625,,False,,False
27,concept,concept__block_27__Illusions,Illusions,0.5,40,20,0.5,0.5,0.0,,False,,False
27,concept,concept__block_27__Illusions,Illusions,1.0,40,20,0.5,0.4125,-0.021875,,False,,False
27,concept,concept__block_27__Illusions,Illusions,2.0,40,20,0.5,0.475,-0.00625,,False,,False
27,concept,concept__block_27__Illusions,Illusions,4.0,40,20,0.5,0.5125,0.003125,,False,,False
27,concept,concept__block_27__Illusions,Illusions,8.0,40,20,0.5,0.55,0.0125,,False,,False
27,concept,concept__block_27__Illusions,Illusions,16.0,40,20,0.5,0.525,0.00625,,False,,False
27,concept,concept__block_27__Illusions,Illusions,32.0,40,20,0.5,0.55,0.0125,,False,,False
27,concept,concept__block_27__Illusions,Illusions,64.0,40,20,0.5,0.5625,0.0375,,False,,False
27,concept,concept__block_27__Illusions,Illusions,128.0,40,20,0.5,0.55,0.0625,,False,,False
27,concept,concept__block_27__Origami,Origami,0.25,40,20,0.5,0.5375,0.009375,,False,,False
27,concept,concept__block_27__Origami,Origami,0.5,40,20,0.5,0.45,-0.0125,,False,,False
27,concept,concept__block_27__Origami,Origami,1.0,40,20,0.5,0.5125,0.003125,,False,,False
27,concept,concept__block_27__Origami,Origami,2.0,40,20,0.5,0.5125,0.003125,,False,,False
27,concept,concept__block_27__Origami,Origami,4.0,40,20,0.5,0.4125,-0.021875,,False,,False
27,concept,concept__block_27__Origami,Origami,8.0,40,20,0.5,0.5,0.0,,False,,False
27,concept,concept__block_27__Origami,Origami,16.0,40,20,0.5,0.525,0.00625,,False,,False
27,concept,concept__block_27__Origami,Origami,32.0,40,20,0.5,0.475,-0.00625,,False,,False
27,concept,concept__block_27__Origami,Origami,64.0,40,20,0.5,0.475,-0.00625,,False,,False
27,concept,concept__block_27__Origami,Origami,128.0,40,20,0.5,0.525,0.00625,,False,,False
27,concept,concept__block_27__Satellites,Satellites,0.25,40,20,0.5,0.4875,-0.003125,,False,,False
27,concept,concept__block_27__Satellites,Satellites,0.5,40,20,0.5,0.4625,-0.009375,,False,,False
27,concept,concept__block_27__Satellites,Satellites,1.0,40,20,0.5,0.525,0.00625,,False,,False
27,concept,concept__block_27__Satellites,Satellites,2.0,40,20,0.5,0.5375,0.009375,,False,,False
27,concept,concept__block_27__Satellites,Satellites,4.0,40,20,0.5,0.475,-0.00625,,False,,False
27,concept,concept__block_27__Satellites,Satellites,8.0,40,20,0.5,0.4875,-0.003125,,False,,False
27,concept,concept__block_27__Satellites,Satellites,16.0,40,20,0.5,0.5125,0.003125,,False,,False
27,concept,concept__block_27__Satellites,Satellites,32.0,40,20,0.5,0.525,0.00625,,False,,False
27,concept,concept__block_27__Satellites,Satellites,64.0,40,20,0.5,0.4875,0.0,,False,,False
27,concept,concept__block_27__Satellites,Satellites,128.0,40,20,0.5,0.55,0.01875,,False,,False
27,concept,concept__block_27__Trumpets,Trumpets,0.25,40,20,0.5,0.5,0.0,,False,,False
27,concept,concept__block_27__Trumpets,Trumpets,0.5,40,20,0.5,0.475,-0.00625,,False,,False
27,concept,concept__block_27__Trumpets,Trumpets,1.0,40,20,0.5,0.4625,-0.009375,,False,,False
27,concept,concept__block_27__Trumpets,Trumpets,2.0,40,20,0.5,0.4875,-0.003125,,False,,False
27,concept,concept__block_27__Trumpets,Trumpets,4.0,40,20,0.5,0.5125,0.003125,,False,,False
27,concept,concept__block_27__Trumpets,Trumpets,8.0,40,20,0.5,0.525,0.00625,,False,,False
27,concept,concept__block_27__Trumpets,Trumpets,16.0,40,20,0.5,0.475,-0.00625,,False,,False
27,concept,concept__block_27__Trumpets,Trumpets,32.0,40,20,0.5,0.4875,-0.003125,,False,,False
27,concept,concept__block_27__Trumpets,Trumpets,64.0,40,20,0.5,0.4875,-0.003125,,False,,False
27,concept,concept__block_27__Trumpets,Trumpets,128.0,40,20,0.5,0.575,0.01875,,False,,False
27,concept,concept__block_27__appreciation,appreciation,0.25,40,20,0.5,0.475,-0.00625,,False,,False
27,concept,concept__block_27__appreciation,appreciation,0.5,40,20,0.5,0.5625,0.015625,,False,,False
27,concept,concept__block_27__appreciation,appreciation,1.0,40,20,0.5,0.4875,-0.003125,,False,,False
27,concept,concept__block_27__appreciation,appreciation,2.0,40,20,0.5,0.4875,-0.003125,,False,,False
27,concept,concept__block_27__appreciation,appreciation,4.0,40,20,0.5,0.4875,-0.003125,,False,,False
27,concept,concept__block_27__appreciation,appreciation,8.0,40,20,0.5,0.425,-0.01875,,False,,False
27,concept,concept__block_27__appreciation,appreciation,16.0,40,20,0.5,0.4875,-0.003125,,False,,False
27,concept,concept__block_27__appreciation,appreciation,32.0,40,20,0.5,0.4625,-0.009375,,False,,False
27,concept,concept__block_27__appreciation,appreciation,64.0,40,20,0.5,0.45,-0.0125,,False,,False
27,concept,concept__block_27__appreciation,appreciation,128.0,40,20,0.5,0.475,-0.00625,,False,,False
27,concept,concept__block_27__betrayal,betrayal,0.25,40,20,0.5,0.4875,-0.003125,,False,,False
27,concept,concept__block_27__betrayal,betrayal,0.5,40,20,0.5,0.4625,-0.009375,,False,,False
27,concept,concept__block_27__betrayal,betrayal,1.0,40,20,0.5,0.5125,0.003125,,False,,False
27,concept,concept__block_27__betrayal,betrayal,2.0,40,20,0.5,0.5125,0.003125,,False,,False
27,concept,concept__block_27__betrayal,betrayal,4.0,40,20,0.5,0.475,-0.00625,,False,,False
27,concept,concept__block_27__betrayal,betrayal,8.0,40,20,0.5,0.425,-0.01875,,False,,False
27,concept,concept__block_27__betrayal,betrayal,16.0,40,20,0.5,0.425,-0.01875,,False,,False
27,concept,concept__block_27__betrayal,betrayal,32.0,40,20,0.5,0.4125,-0.021875,,False,,False
27,concept,concept__block_27__betrayal,betrayal,64.0,40,20,0.5,0.5125,0.003125,,False,,False
27,concept,concept__block_27__betrayal,betrayal,128.0,40,20,0.5,0.5875,0.028125,,False,,False
27,concept,concept__block_27__fibonacci_numbers,fibonacci_numbers,0.25,40,20,0.5,0.5,0.0,,False,,False
27,concept,concept__block_27__fibonacci_numbers,fibonacci_numbers,0.5,40,20,0.5,0.4875,-0.003125,,False,,False
27,concept,concept__block_27__fibonacci_numbers,fibonacci_numbers,1.0,40,20,0.5,0.525,0.00625,,False,,False
27,concept,concept__block_27__fibonacci_numbers,fibonacci_numbers,2.0,40,20,0.5,0.525,0.00625,,False,,False
27,concept,concept__block_27__fibonacci_numbers,fibonacci_numbers,4.0,40,20,0.5,0.5125,0.003125,,False,,False
27,concept,concept__block_27__fibonacci_numbers,fibonacci_numbers,8.0,40,20,0.5,0.5125,0.003125,,False,,False
27,concept,concept__block_27__fibonacci_numbers,fibonacci_numbers,16.0,40,20,0.5,0.5125,0.003125,,False,,False
27,concept,concept__block_27__fibonacci_numbers,fibonacci_numbers,32.0,40,20,0.5,0.55,0.0125,,False,,False
27,concept,concept__block_27__fibonacci_numbers,fibonacci_numbers,64.0,40,20,0.5,0.525,0.00625,,False,,False
27,concept,concept__block_27__fibonacci_numbers,fibonacci_numbers,128.0,40,20,0.5,0.525,0.025,,False,,False
27,concept,concept__block_27__recursion,recursion,0.25,40,20,0.5,0.4875,-0.003125,,False,,False
27,concept,concept__block_27__recursion,recursion,0.5,40,20,0.5,0.45,-0.0125,,False,,False
27,concept,concept__block_27__recursion,recursion,1.0,40,20,0.5,0.5,0.0,,False,,False
27,concept,concept__block_27__recursion,recursion,2.0,40,20,0.5,0.5,0.0,,False,,False
27,concept,concept__block_27__recursion,recursion,4.0,40,20,0.5,0.4375,-0.015625,,False,,False
27,concept,concept__block_27__recursion,recursion,8.0,40,20,0.5,0.5,0.0,,False,,False
27,concept,concept__block_27__recursion,recursion,16.0,40,20,0.5,0.5125,0.003125,,False,,False
27,concept,concept__block_27__recursion,recursion,32.0,40,20,0.5,0.5,0.0,,False,,False
27,concept,concept__block_27__recursion,recursion,64.0,40,20,0.5,0.5,0.0,,False,,False
27,concept,concept__block_27__recursion,recursion,128.0,40,20,0.5,0.525,0.00625,,False,,False
27,concept,concept__block_27__shutdown,shutdown,0.25,40,20,0.5,0.525,0.00625,,False,,False
27,concept,concept__block_27__shutdown,shutdown,0.5,40,20,0.5,0.4375,-0.015625,,False,,False
27,concept,concept__block_27__shutdown,shutdown,1.0,40,20,0.5,0.5375,0.009375,,False,,False
27,concept,concept__block_27__shutdown,shutdown,2.0,40,20,0.5,0.5,0.0,,False,,False
27,concept,concept__block_27__shutdown,shutdown,4.0,40,20,0.5,0.5125,0.003125,,False,,False
27,concept,concept__block_27__shutdown,shutdown,8.0,40,20,0.5,0.525,0.00625,,False,,False
27,concept,concept__block_27__shutdown,shutdown,16.0,40,20,0.5,0.4875,-0.003125,,False,,False
27,concept,concept__block_27__shutdown,shutdown,32.0,40,20,0.5,0.525,0.00625,,False,,False
27,concept,concept__block_27__shutdown,shutdown,64.0,40,20,0.5,0.5125,0.003125,,False,,False
27,concept,concept__block_27__shutdown,shutdown,128.0,40,20,0.5,0.4625,-0.009375,,False,,False
27,dropout,dropout_realization_00,dropout_realization_00,0.25,40,20,0.5,0.5125,0.003125,,False,,False
27,dropout,dropout_realization_00,dropout_realization_00,0.5,40,20,0.5,0.5125,0.003125,,False,,False
27,dropout,dropout_realization_00,dropout_realization_00,1.0,40,20,0.5,0.475,-0.00625,,False,,False
27,dropout,dropout_realization_00,dropout_realization_00,2.0,40,20,0.5,0.4875,-0.003125,,False,,False
27,dropout,dropout_realization_00,dropout_realization_00,4.0,40,20,0.5,0.5,0.0,,False,,False
27,dropout,dropout_realization_00,dropout_realization_00,8.0,40,20,0.5,0.525,0.00625,,False,,False
27,dropout,dropout_realization_00,dropout_realization_00,16.0,40,20,0.5,0.525,0.00625,,False,,False
27,dropout,dropout_realization_00,dropout_realization_00,32.0,40,20,0.5,0.5125,0.003125,,False,,False
27,dropout,dropout_realization_00,dropout_realization_00,64.0,40,20,0.5,0.5375,0.01875,,False,,False
27,dropout,dropout_realization_00,dropout_realization_00,128.0,40,20,0.5,0.525,-0.0125,,False,,False
27,dropout,dropout_realization_01,dropout_realization_01,0.25,40,20,0.5,0.525,0.00625,,False,,False
27,dropout,dropout_realization_01,dropout_realization_01,0.5,40,20,0.5,0.5375,0.009375,,False,,False
27,dropout,dropout_realization_01,dropout_realization_01,1.0,40,20,0.5,0.5375,0.009375,,False,,False
27,dropout,dropout_realization_01,dropout_realization_01,2.0,40,20,0.5,0.4875,-0.003125,,False,,False
27,dropout,dropout_realization_01,dropout_realization_01,4.0,40,20,0.5,0.5125,0.003125,,False,,False
27,dropout,dropout_realization_01,dropout_realization_01,8.0,40,20,0.5,0.5,0.0,,False,,False
27,dropout,dropout_realization_01,dropout_realization_01,16.0,40,20,0.5,0.475,-0.003125,,False,,False
27,dropout,dropout_realization_01,dropout_realization_01,32.0,40,20,0.5,0.4625,-0.009375,,False,,False
27,dropout,dropout_realization_01,dropout_realization_01,64.0,40,20,0.5,0.4625,-0.00625,,False,,False
27,dropout,dropout_realization_01,dropout_realization_01,128.0,40,20,0.5,0.4875,-0.0125,,False,,False
27,noise,noise_realization_00,noise_realization_00,0.25,40,20,0.5,0.475,-0.00625,,False,,False
27,noise,noise_realization_00,noise_realization_00,0.5,40,20,0.5,0.475,-0.00625,,False,,False
27,noise,noise_realization_00,noise_realization_00,1.0,40,20,0.5,0.4875,-0.003125,,False,,False
27,noise,noise_realization_00,noise_realization_00,2.0,40,20,0.5,0.4875,-0.003125,,False,,False
27,noise,noise_realization_00,noise_realization_00,4.0,40,20,0.5,0.5125,0.003125,,False,,False
27,noise,noise_realization_00,noise_realization_00,8.0,40,20,0.5,0.525,0.00625,,False,,False
27,noise,noise_realization_00,noise_realization_00,16.0,40,20,0.5,0.4625,-0.009375,,False,,False
27,noise,noise_realization_00,noise_realization_00,32.0,40,20,0.5,0.5,0.0,,False,,False
27,noise,noise_realization_00,noise_realization_00,64.0,40,20,0.5,0.5125,0.00625,,False,,False
27,noise,noise_realization_00,noise_realization_00,128.0,40,20,0.5,0.55,0.0125,,False,,False
27,noise,noise_realization_01,noise_realization_01,0.25,40,20,0.5,0.5125,0.003125,,False,,False
27,noise,noise_realization_01,noise_realization_01,0.5,40,20,0.5,0.5,0.0,,False,,False
27,noise,noise_realization_01,noise_realization_01,1.0,40,20,0.5,0.4875,-0.003125,,False,,False
27,noise,noise_realization_01,noise_realization_01,2.0,40,20,0.5,0.5375,0.009375,,False,,False
27,noise,noise_realization_01,noise_realization_01,4.0,40,20,0.5,0.525,0.00625,,False,,False
27,noise,noise_realization_01,noise_realization_01,8.0,40,20,0.5,0.4875,-0.003125,,False,,False
27,noise,noise_realization_01,noise_realization_01,16.0,40,20,0.5,0.525,0.00625,,False,,False
27,noise,noise_realization_01,noise_realization_01,32.0,40,20,0.5,0.5,0.0,,False,,False
27,noise,noise_realization_01,noise_realization_01,64.0,40,20,0.5,0.525,0.00625,,False,,False
27,noise,noise_realization_01,noise_realization_01,128.0,40,20,0.5,0.55,0.0125,,False,,False
27,random,fixed_random__block_27__0000,0000,0.25,40,20,0.5,0.5375,0.009375,,False,,False
27,random,fixed_random__block_27__0000,0000,0.5,40,20,0.5,0.55,0.0125,,False,,False
27,random,fixed_random__block_27__0000,0000,1.0,40,20,0.5,0.475,-0.00625,,False,,False
27,random,fixed_random__block_27__0000,0000,2.0,40,20,0.5,0.5125,0.003125,,False,,False
27,random,fixed_random__block_27__0000,0000,4.0,40,20,0.5,0.525,0.00625,,False,,False
27,random,fixed_random__block_27__0000,0000,8.0,40,20,0.5,0.5125,0.003125,,False,,False
27,random,fixed_random__block_27__0000,0000,16.0,40,20,0.5,0.4375,-0.015625,,False,,False
27,random,fixed_random__block_27__0000,0000,32.0,40,20,0.5,0.4875,-0.003125,,False,,False
27,random,fixed_random__block_27__0000,0000,64.0,40,20,0.5,0.525,0.00625,,False,,False
27,random,fixed_random__block_27__0000,0000,128.0,40,20,0.5,0.4875,-0.003125,,False,,False
27,random,fixed_random__block_27__0001,0001,0.25,40,20,0.5,0.4875,-0.003125,,False,,False
27,random,fixed_random__block_27__0001,0001,0.5,40,20,0.5,0.5,0.0,,False,,False
27,random,fixed_random__block_27__0001,0001,1.0,40,20,0.5,0.425,-0.01875,,False,,False
27,random,fixed_random__block_27__0001,0001,2.0,40,20,0.5,0.5125,0.003125,,False,,False
27,random,fixed_random__block_27__0001,0001,4.0,40,20,0.5,0.4875,-0.003125,,False,,False
27,random,fixed_random__block_27__0001,0001,8.0,40,20,0.5,0.5125,0.003125,,False,,False
27,random,fixed_random__block_27__0001,0001,16.0,40,20,0.5,0.4875,-0.003125,,False,,False
27,random,fixed_random__block_27__0001,0001,32.0,40,20,0.5,0.4625,-0.009375,,False,,False
27,random,fixed_random__block_27__0001,0001,64.0,40,20,0.5,0.5,0.0,,False,,False
27,random,fixed_random__block_27__0001,0001,128.0,40,20,0.5,0.5875,0.021875,,False,,False
27,random,fixed_random__block_27__0002,0002,0.25,40,20,0.5,0.5125,0.003125,,False,,False
27,random,fixed_random__block_27__0002,0002,0.5,40,20,0.5,0.4625,-0.009375,,False,,False
27,random,fixed_random__block_27__0002,0002,1.0,40,20,0.5,0.525,0.00625,,False,,False
27,random,fixed_random__block_27__0002,0002,2.0,40,20,0.5,0.525,0.00625,,False,,False
27,random,fixed_random__block_27__0002,0002,4.0,40,20,0.5,0.4625,-0.009375,,False,,False
27,random,fixed_random__block_27__0002,0002,8.0,40,20,0.5,0.575,0.01875,,False,,False
27,random,fixed_random__block_27__0002,0002,16.0,40,20,0.5,0.4875,-0.003125,,False,,False
27,random,fixed_random__block_27__0002,0002,32.0,40,20,0.5,0.525,0.00625,,False,,False
27,random,fixed_random__block_27__0002,0002,64.0,40,20,0.5,0.575,0.01875,,False,,False
27,random,fixed_random__block_27__0002,0002,128.0,40,20,0.5,0.525,0.021875,,False,,False
27,random,fixed_random__block_27__0003,0003,0.25,40,20,0.5,0.5625,0.015625,,False,,False
27,random,fixed_random__block_27__0003,0003,0.5,40,20,0.5,0.525,0.00625,,False,,False
27,random,fixed_random__block_27__0003,0003,1.0,40,20,0.5,0.4875,-0.003125,,False,,False
27,random,fixed_random__block_27__0003,0003,2.0,40,20,0.5,0.425,-0.01875,,False,,False
27,random,fixed_random__block_27__0003,0003,4.0,40,20,0.5,0.5375,0.009375,,False,,False
27,random,fixed_random__block_27__0003,0003,8.0,40,20,0.5,0.5125,0.003125,,False,,False
27,random,fixed_random__block_27__0003,0003,16.0,40,20,0.5,0.55,0.0125,,False,,False
27,random,fixed_random__block_27__0003,0003,32.0,40,20,0.5,0.5375,0.009375,,False,,False
27,random,fixed_random__block_27__0003,0003,64.0,40,20,0.5,0.575,0.01875,,False,,False
27,random,fixed_random__block_27__0003,0003,128.0,40,20,0.5,0.525,0.009375,,False,,False
27,random,fixed_random__block_27__0004,0004,0.25,40,20,0.5,0.525,0.00625,,False,,False
27,random,fixed_random__block_27__0004,0004,0.5,40,20,0.5,0.5125,0.003125,,False,,False
27,random,fixed_random__block_27__0004,0004,1.0,40,20,0.5,0.525,0.00625,,False,,False
27,random,fixed_random__block_27__0004,0004,2.0,40,20,0.5,0.5375,0.009375,,False,,False
27,random,fixed_random__block_27__0004,0004,4.0,40,20,0.5,0.5625,0.015625,,False,,False
27,random,fixed_random__block_27__0004,0004,8.0,40,20,0.5,0.475,-0.00625,,False,,False
27,random,fixed_random__block_27__0004,0004,16.0,40,20,0.5,0.5,0.0,,False,,False
27,random,fixed_random__block_27__0004,0004,32.0,40,20,0.5,0.5,0.0,,False,,False
27,random,fixed_random__block_27__0004,0004,64.0,40,20,0.5,0.5125,0.003125,,False,,False
27,random,fixed_random__block_27__0004,0004,128.0,40,20,0.5,0.5,0.0125,,False,,False
27,random,fixed_random__block_27__0005,0005,0.25,40,20,0.5,0.475,-0.00625,,False,,False
27,random,fixed_random__block_27__0005,0005,0.5,40,20,0.5,0.4875,-0.003125,,False,,False
27,random,fixed_random__block_27__0005,0005,1.0,40,20,0.5,0.4875,-0.003125,,False,,False
27,random,fixed_random__block_27__0005,0005,2.0,40,20,0.5,0.4625,-0.009375,,False,,False
27,random,fixed_random__block_27__0005,0005,4.0,40,20,0.5,0.5,0.0,,False,,False
27,random,fixed_random__block_27__0005,0005,8.0,40,20,0.5,0.4375,-0.015625,,False,,False
27,random,fixed_random__block_27__0005,0005,16.0,40,20,0.5,0.425,-0.01875,,False,,False
27,random,fixed_random__block_27__0005,0005,32.0,40,20,0.5,0.4125,-0.021875,,False,,False
27,random,fixed_random__block_27__0005,0005,64.0,40,20,0.5,0.525,0.00625,,False,,False
27,random,fixed_random__block_27__0005,0005,128.0,40,20,0.5,0.525,0.00625,,False,,False
27,random,fixed_random__block_27__0006,0006,0.25,40,20,0.5,0.4875,-0.003125,,False,,False
27,random,fixed_random__block_27__0006,0006,0.5,40,20,0.5,0.475,-0.00625,,False,,False
27,random,fixed_random__block_27__0006,0006,1.0,40,20,0.5,0.5125,0.003125,,False,,False
27,random,fixed_random__block_27__0006,0006,2.0,40,20,0.5,0.5125,0.003125,,False,,False
27,random,fixed_random__block_27__0006,0006,4.0,40,20,0.5,0.525,0.00625,,False,,False
27,random,fixed_random__block_27__0006,0006,8.0,40,20,0.5,0.45,-0.0125,,False,,False
27,random,fixed_random__block_27__0006,0006,16.0,40,20,0.5,0.4125,-0.021875,,False,,False
27,random,fixed_random__block_27__0006,0006,32.0,40,20,0.5,0.4125,-0.021875,,False,,False
27,random,fixed_random__block_27__0006,0006,64.0,40,20,0.5,0.525,0.00625,,False,,False
27,random,fixed_random__block_27__0006,0006,128.0,40,20,0.5,0.5625,0.01875,,False,,False
27,random,fixed_random__block_27__0007,0007,0.25,40,20,0.5,0.4625,-0.009375,,False,,False
27,random,fixed_random__block_27__0007,0007,0.5,40,20,0.5,0.475,-0.00625,,False,,False
27,random,fixed_random__block_27__0007,0007,1.0,40,20,0.5,0.475,-0.00625,,False,,False
27,random,fixed_random__block_27__0007,0007,2.0,40,20,0.5,0.45,-0.0125,,False,,False
27,random,fixed_random__block_27__0007,0007,4.0,40,20,0.5,0.4875,-0.003125,,False,,False
27,random,fixed_random__block_27__0007,0007,8.0,40,20,0.5,0.4625,-0.009375,,False,,False
27,random,fixed_random__block_27__0007,0007,16.0,40,20,0.5,0.475,-0.00625,,False,,False
27,random,fixed_random__block_27__0007,0007,32.0,40,20,0.5,0.4125,-0.021875,,False,,False
27,random,fixed_random__block_27__0007,0007,64.0,40,20,0.5,0.4375,-0.015625,,False,,False
27,random,fixed_random__block_27__0007,0007,128.0,40,20,0.5,0.5,0.009375,,False,,False
27,random,fixed_random__block_27__0008,0008,0.25,40,20,0.5,0.55,0.0125,,False,,False
27,random,fixed_random__block_27__0008,0008,0.5,40,20,0.5,0.525,0.00625,,False,,False
27,random,fixed_random__block_27__0008,0008,1.0,40,20,0.5,0.5125,0.003125,,False,,False
27,random,fixed_random__block_27__0008,0008,2.0,40,20,0.5,0.525,0.00625,,False,,False
27,random,fixed_random__block_27__0008,0008,4.0,40,20,0.5,0.4625,-0.009375,,False,,False
27,random,fixed_random__block_27__0008,0008,8.0,40,20,0.5,0.425,-0.01875,,False,,False
27,random,fixed_random__block_27__0008,0008,16.0,40,20,0.5,0.5,0.0,,False,,False
27,random,fixed_random__block_27__0008,0008,32.0,40,20,0.5,0.4875,-0.003125,,False,,False
27,random,fixed_random__block_27__0008,0008,64.0,40,20,0.5,0.6,0.0375,,False,,False
27,random,fixed_random__block_27__0008,0008,128.0,40,20,0.5,0.5125,0.03125,,False,,False
27,random,fixed_random__block_27__0009,0009,0.25,40,20,0.5,0.525,0.00625,,False,,False
27,random,fixed_random__block_27__0009,0009,0.5,40,20,0.5,0.525,0.00625,,False,,False
27,random,fixed_random__block_27__0009,0009,1.0,40,20,0.5,0.5,0.0,,False,,False
27,random,fixed_random__block_27__0009,0009,2.0,40,20,0.5,0.4625,-0.009375,,False,,False
27,random,fixed_random__block_27__0009,0009,4.0,40,20,0.5,0.4875,-0.003125,,False,,False
27,random,fixed_random__block_27__0009,0009,8.0,40,20,0.5,0.45,-0.0125,,False,,False
27,random,fixed_random__block_27__0009,0009,16.0,40,20,0.5,0.5,0.0,,False,,False
27,random,fixed_random__block_27__0009,0009,32.0,40,20,0.5,0.5,0.0,,False,,False
27,random,fixed_random__block_27__0009,0009,64.0,40,20,0.5,0.45,-0.0125,,False,,False
27,random,fixed_random__block_27__0009,0009,128.0,40,20,0.5,0.4875,0.009375,,False,,False
28,concept,concept__block_28__Dust,Dust,0.25,40,20,0.5,0.4625,-0.009375,,False,,False
28,concept,concept__block_28__Dust,Dust,0.5,40,20,0.5,0.5125,0.003125,,False,,False
28,concept,concept__block_28__Dust,Dust,1.0,40,20,0.5,0.5375,0.009375,,False,,False
28,concept,concept__block_28__Dust,Dust,2.0,40,20,0.5,0.5125,0.003125,,False,,False
28,concept,concept__block_28__Dust,Dust,4.0,40,20,0.5,0.475,-0.00625,,False,,False
28,concept,concept__block_28__Dust,Dust,8.0,40,20,0.5,0.525,0.00625,,False,,False
28,concept,concept__block_28__Dust,Dust,16.0,40,20,0.5,0.5375,0.009375,,False,,False
28,concept,concept__block_28__Dust,Dust,32.0,40,20,0.5,0.5125,0.003125,,False,,False
28,concept,concept__block_28__Dust,Dust,64.0,40,20,0.5,0.6,0.025,,False,,False
28,concept,concept__block_28__Dust,Dust,128.0,40,20,0.5,0.475,0.003125,,False,,False
28,concept,concept__block_28__Illusions,Illusions,0.25,40,20,0.5,0.4875,-0.003125,,False,,False
28,concept,concept__block_28__Illusions,Illusions,0.5,40,20,0.5,0.525,0.00625,,False,,False
28,concept,concept__block_28__Illusions,Illusions,1.0,40,20,0.5,0.5,0.0,,False,,False
28,concept,concept__block_28__Illusions,Illusions,2.0,40,20,0.5,0.475,-0.00625,,False,,False
28,concept,concept__block_28__Illusions,Illusions,4.0,40,20,0.5,0.475,-0.00625,,False,,False
28,concept,concept__block_28__Illusions,Illusions,8.0,40,20,0.5,0.55,0.0125,,False,,False
28,concept,concept__block_28__Illusions,Illusions,16.0,40,20,0.5,0.5375,0.009375,,False,,False
28,concept,concept__block_28__Illusions,Illusions,32.0,40,20,0.5,0.5625,0.01875,,False,,False
28,concept,concept__block_28__Illusions,Illusions,64.0,40,20,0.5,0.575,0.046875,,False,,False
28,concept,concept__block_28__Illusions,Illusions,128.0,40,20,0.5,0.5,0.065625,,False,,False
28,concept,concept__block_28__Origami,Origami,0.25,40,20,0.5,0.525,0.00625,,False,,False
28,concept,concept__block_28__Origami,Origami,0.5,40,20,0.5,0.525,0.00625,,False,,False
28,concept,concept__block_28__Origami,Origami,1.0,40,20,0.5,0.525,0.00625,,False,,False
28,concept,concept__block_28__Origami,Origami,2.0,40,20,0.5,0.4875,-0.003125,,False,,False
28,concept,concept__block_28__Origami,Origami,4.0,40,20,0.5,0.525,0.00625,,False,,False
28,concept,concept__block_28__Origami,Origami,8.0,40,20,0.5,0.5,0.0,,False,,False
28,concept,concept__block_28__Origami,Origami,16.0,40,20,0.5,0.4625,-0.009375,,False,,False
28,concept,concept__block_28__Origami,Origami,32.0,40,20,0.5,0.5375,0.009375,,False,,False
28,concept,concept__block_28__Origami,Origami,64.0,40,20,0.5,0.475,-0.00625,,False,,False
28,concept,concept__block_28__Origami,Origami,128.0,40,20,0.5,0.575,0.025,,False,,False
28,concept,concept__block_28__Satellites,Satellites,0.25,40,20,0.5,0.4625,-0.009375,,False,,False
28,concept,concept__block_28__Satellites,Satellites,0.5,40,20,0.5,0.5,0.0,,False,,False
28,concept,concept__block_28__Satellites,Satellites,1.0,40,20,0.5,0.475,-0.00625,,False,,False
28,concept,concept__block_28__Satellites,Satellites,2.0,40,20,0.5,0.475,-0.00625,,False,,False
28,concept,concept__block_28__Satellites,Satellites,4.0,40,20,0.5,0.4875,-0.003125,,False,,False
28,concept,concept__block_28__Satellites,Satellites,8.0,40,20,0.5,0.55,0.0125,,False,,False
28,concept,concept__block_28__Satellites,Satellites,16.0,40,20,0.5,0.475,-0.00625,,False,,False
28,concept,concept__block_28__Satellites,Satellites,32.0,40,20,0.5,0.5125,0.003125,,False,,False
28,concept,concept__block_28__Satellites,Satellites,64.0,40,20,0.5,0.575,0.01875,,False,,False
28,concept,concept__block_28__Satellites,Satellites,128.0,40,20,0.5,0.6125,0.028125,,False,,False
28,concept,concept__block_28__Trumpets,Trumpets,0.25,40,20,0.5,0.4625,-0.009375,,False,,False
28,concept,concept__block_28__Trumpets,Trumpets,0.5,40,20,0.5,0.4625,-0.009375,,False,,False
28,concept,concept__block_28__Trumpets,Trumpets,1.0,40,20,0.5,0.5,0.0,,False,,False
28,concept,concept__block_28__Trumpets,Trumpets,2.0,40,20,0.5,0.4375,-0.015625,,False,,False
28,concept,concept__block_28__Trumpets,Trumpets,4.0,40,20,0.5,0.4875,-0.003125,,False,,False
28,concept,concept__block_28__Trumpets,Trumpets,8.0,40,20,0.5,0.5125,0.003125,,False,,False
28,concept,concept__block_28__Trumpets,Trumpets,16.0,40,20,0.5,0.5625,0.015625,,False,,False
28,concept,concept__block_28__Trumpets,Trumpets,32.0,40,20,0.5,0.5,0.0,,False,,False
28,concept,concept__block_28__Trumpets,Trumpets,64.0,40,20,0.5,0.5125,0.003125,,False,,False
28,concept,concept__block_28__Trumpets,Trumpets,128.0,40,20,0.5,0.5,0.009375,,False,,False
28,concept,concept__block_28__appreciation,appreciation,0.25,40,20,0.5,0.475,-0.00625,,False,,False
28,concept,concept__block_28__appreciation,appreciation,0.5,40,20,0.5,0.4875,-0.003125,,False,,False
28,concept,concept__block_28__appreciation,appreciation,1.0,40,20,0.5,0.5,0.0,,False,,False
28,concept,concept__block_28__appreciation,appreciation,2.0,40,20,0.5,0.45,-0.0125,,False,,False
28,concept,concept__block_28__appreciation,appreciation,4.0,40,20,0.5,0.4625,-0.009375,,False,,False
28,concept,concept__block_28__appreciation,appreciation,8.0,40,20,0.5,0.5,0.0,,False,,False
28,concept,concept__block_28__appreciation,appreciation,16.0,40,20,0.5,0.45,-0.0125,,False,,False
28,concept,concept__block_28__appreciation,appreciation,32.0,40,20,0.5,0.4125,-0.021875,,False,,False
28,concept,concept__block_28__appreciation,appreciation,64.0,40,20,0.5,0.475,-0.00625,,False,,False
28,concept,concept__block_28__appreciation,appreciation,128.0,40,20,0.5,0.525,0.00625,,False,,False
28,concept,concept__block_28__betrayal,betrayal,0.25,40,20,0.5,0.4625,-0.009375,,False,,False
28,concept,concept__block_28__betrayal,betrayal,0.5,40,20,0.5,0.5125,0.003125,,False,,False
28,concept,concept__block_28__betrayal,betrayal,1.0,40,20,0.5,0.5375,0.009375,,False,,False
28,concept,concept__block_28__betrayal,betrayal,2.0,40,20,0.5,0.5125,0.003125,,False,,False
28,concept,concept__block_28__betrayal,betrayal,4.0,40,20,0.5,0.4625,-0.009375,,False,,False
28,concept,concept__block_28__betrayal,betrayal,8.0,40,20,0.5,0.4875,-0.003125,,False,,False
28,concept,concept__block_28__betrayal,betrayal,16.0,40,20,0.5,0.45,-0.0125,,False,,False
28,concept,concept__block_28__betrayal,betrayal,32.0,40,20,0.5,0.4875,-0.003125,,False,,False
28,concept,concept__block_28__betrayal,betrayal,64.0,40,20,0.5,0.5125,0.003125,,False,,False
28,concept,concept__block_28__betrayal,betrayal,128.0,40,20,0.5,0.5125,0.003125,,False,,False
28,concept,concept__block_28__fibonacci_numbers,fibonacci_numbers,0.25,40,20,0.5,0.5125,0.003125,,False,,False
28,concept,concept__block_28__fibonacci_numbers,fibonacci_numbers,0.5,40,20,0.5,0.525,0.00625,,False,,False
28,concept,concept__block_28__fibonacci_numbers,fibonacci_numbers,1.0,40,20,0.5,0.5125,0.003125,,False,,False
28,concept,concept__block_28__fibonacci_numbers,fibonacci_numbers,2.0,40,20,0.5,0.4875,-0.003125,,False,,False
28,concept,concept__block_28__fibonacci_numbers,fibonacci_numbers,4.0,40,20,0.5,0.5375,0.009375,,False,,False
28,concept,concept__block_28__fibonacci_numbers,fibonacci_numbers,8.0,40,20,0.5,0.4875,-0.003125,,False,,False
28,concept,concept__block_28__fibonacci_numbers,fibonacci_numbers,16.0,40,20,0.5,0.4875,-0.003125,,False,,False
28,concept,concept__block_28__fibonacci_numbers,fibonacci_numbers,32.0,40,20,0.5,0.525,0.00625,,False,,False
28,concept,concept__block_28__fibonacci_numbers,fibonacci_numbers,64.0,40,20,0.5,0.5125,0.00625,,False,,False
28,concept,concept__block_28__fibonacci_numbers,fibonacci_numbers,128.0,40,20,0.5,0.5625,0.01875,,False,,False
28,concept,concept__block_28__recursion,recursion,0.25,40,20,0.5,0.5625,0.015625,,False,,False
28,concept,concept__block_28__recursion,recursion,0.5,40,20,0.5,0.5125,0.003125,,False,,False
28,concept,concept__block_28__recursion,recursion,1.0,40,20,0.5,0.5375,0.009375,,False,,False
28,concept,concept__block_28__recursion,recursion,2.0,40,20,0.5,0.5125,0.003125,,False,,False
28,concept,concept__block_28__recursion,recursion,4.0,40,20,0.5,0.4875,-0.003125,,False,,False
28,concept,concept__block_28__recursion,recursion,8.0,40,20,0.5,0.5,0.0,,False,,False
28,concept,concept__block_28__recursion,recursion,16.0,40,20,0.5,0.45,-0.0125,,False,,False
28,concept,concept__block_28__recursion,recursion,32.0,40,20,0.5,0.45,-0.0125,,False,,False
28,concept,concept__block_28__recursion,recursion,64.0,40,20,0.5,0.575,0.01875,,False,,False
28,concept,concept__block_28__recursion,recursion,128.0,40,20,0.5,0.5125,0.003125,,False,,False
28,concept,concept__block_28__shutdown,shutdown,0.25,40,20,0.5,0.5375,0.009375,,False,,False
28,concept,concept__block_28__shutdown,shutdown,0.5,40,20,0.5,0.475,-0.00625,,False,,False
28,concept,concept__block_28__shutdown,shutdown,1.0,40,20,0.5,0.525,0.00625,,False,,False
28,concept,concept__block_28__shutdown,shutdown,2.0,40,20,0.5,0.5375,0.009375,,False,,False
28,concept,concept__block_28__shutdown,shutdown,4.0,40,20,0.5,0.45,-0.0125,,False,,False
28,concept,concept__block_28__shutdown,shutdown,8.0,40,20,0.5,0.4875,-0.003125,,False,,False
28,concept,concept__block_28__shutdown,shutdown,16.0,40,20,0.5,0.5,0.0,,False,,False
28,concept,concept__block_28__shutdown,shutdown,32.0,40,20,0.5,0.4875,-0.003125,,False,,False
28,concept,concept__block_28__shutdown,shutdown,64.0,40,20,0.5,0.4375,-0.015625,,False,,False
28,concept,concept__block_28__shutdown,shutdown,128.0,40,20,0.5,0.5,0.0,,False,,False
28,dropout,dropout_realization_00,dropout_realization_00,0.25,40,20,0.5,0.475,-0.00625,,False,,False
28,dropout,dropout_realization_00,dropout_realization_00,0.5,40,20,0.5,0.4625,-0.009375,,False,,False
28,dropout,dropout_realization_00,dropout_realization_00,1.0,40,20,0.5,0.525,0.00625,,False,,False
28,dropout,dropout_realization_00,dropout_realization_00,2.0,40,20,0.5,0.525,0.00625,,False,,False
28,dropout,dropout_realization_00,dropout_realization_00,4.0,40,20,0.5,0.5625,0.015625,,False,,False
28,dropout,dropout_realization_00,dropout_realization_00,8.0,40,20,0.5,0.475,-0.00625,,False,,False
28,dropout,dropout_realization_00,dropout_realization_00,16.0,40,20,0.5,0.525,0.00625,,False,,False
28,dropout,dropout_realization_00,dropout_realization_00,32.0,40,20,0.5,0.5125,0.003125,,False,,False
28,dropout,dropout_realization_00,dropout_realization_00,64.0,40,20,0.5,0.55,0.009375,,False,,False
28,dropout,dropout_realization_00,dropout_realization_00,128.0,40,20,0.5,0.575,0.00625,,False,,False
28,dropout,dropout_realization_01,dropout_realization_01,0.25,40,20,0.5,0.5125,0.003125,,False,,False
28,dropout,dropout_realization_01,dropout_realization_01,0.5,40,20,0.5,0.45,-0.0125,,False,,False
28,dropout,dropout_realization_01,dropout_realization_01,1.0,40,20,0.5,0.475,-0.00625,,False,,False
28,dropout,dropout_realization_01,dropout_realization_01,2.0,40,20,0.5,0.5375,0.009375,,False,,False
28,dropout,dropout_realization_01,dropout_realization_01,4.0,40,20,0.5,0.5125,0.003125,,False,,False
28,dropout,dropout_realization_01,dropout_realization_01,8.0,40,20,0.5,0.6,0.025,,False,,False
28,dropout,dropout_realization_01,dropout_realization_01,16.0,40,20,0.5,0.4625,-0.009375,,False,,False
28,dropout,dropout_realization_01,dropout_realization_01,32.0,40,20,0.5,0.575,0.01875,,False,,False
28,dropout,dropout_realization_01,dropout_realization_01,64.0,40,20,0.5,0.4125,-0.01875,,False,,False
28,dropout,dropout_realization_01,dropout_realization_01,128.0,40,20,0.5,0.5375,-0.015625,,False,,False
28,noise,noise_realization_00,noise_realization_00,0.25,40,20,0.5,0.4875,-0.003125,,False,,False
28,noise,noise_realization_00,noise_realization_00,0.5,40,20,0.5,0.4625,-0.009375,,False,,False
28,noise,noise_realization_00,noise_realization_00,1.0,40,20,0.5,0.475,-0.00625,,False,,False
28,noise,noise_realization_00,noise_realization_00,2.0,40,20,0.5,0.5375,0.009375,,False,,False
28,noise,noise_realization_00,noise_realization_00,4.0,40,20,0.5,0.525,0.00625,,False,,False
28,noise,noise_realization_00,noise_realization_00,8.0,40,20,0.5,0.475,-0.00625,,False,,False
28,noise,noise_realization_00,noise_realization_00,16.0,40,20,0.5,0.5,0.0,,False,,False
28,noise,noise_realization_00,noise_realization_00,32.0,40,20,0.5,0.5375,0.009375,,False,,False
28,noise,noise_realization_00,noise_realization_00,64.0,40,20,0.5,0.4875,0.0,,False,,False
28,noise,noise_realization_00,noise_realization_00,128.0,40,20,0.5,0.55,0.0375,,False,,False
28,noise,noise_realization_01,noise_realization_01,0.25,40,20,0.5,0.525,0.00625,,False,,False
28,noise,noise_realization_01,noise_realization_01,0.5,40,20,0.5,0.525,0.00625,,False,,False
28,noise,noise_realization_01,noise_realization_01,1.0,40,20,0.5,0.4625,-0.009375,,False,,False
28,noise,noise_realization_01,noise_realization_01,2.0,40,20,0.5,0.5375,0.009375,,False,,False
28,noise,noise_realization_01,noise_realization_01,4.0,40,20,0.5,0.5125,0.003125,,False,,False
28,noise,noise_realization_01,noise_realization_01,8.0,40,20,0.5,0.5,0.0,,False,,False
28,noise,noise_realization_01,noise_realization_01,16.0,40,20,0.5,0.55,0.0125,,False,,False
28,noise,noise_realization_01,noise_realization_01,32.0,40,20,0.5,0.4625,-0.009375,,False,,False
28,noise,noise_realization_01,noise_realization_01,64.0,40,20,0.5,0.55,0.0125,,False,,False
28,noise,noise_realization_01,noise_realization_01,128.0,40,20,0.5,0.6125,0.034375,,False,,False
28,random,fixed_random__block_28__0000,0000,0.25,40,20,0.5,0.475,-0.00625,,False,,False
28,random,fixed_random__block_28__0000,0000,0.5,40,20,0.5,0.4625,-0.009375,,False,,False
28,random,fixed_random__block_28__0000,0000,1.0,40,20,0.5,0.4875,-0.003125,,False,,False
28,random,fixed_random__block_28__0000,0000,2.0,40,20,0.5,0.525,0.00625,,False,,False
28,random,fixed_random__block_28__0000,0000,4.0,40,20,0.5,0.5125,0.003125,,False,,False
28,random,fixed_random__block_28__0000,0000,8.0,40,20,0.5,0.4875,-0.003125,,False,,False
28,random,fixed_random__block_28__0000,0000,16.0,40,20,0.5,0.525,0.00625,,False,,False
28,random,fixed_random__block_28__0000,0000,32.0,40,20,0.5,0.5125,0.003125,,False,,False
28,random,fixed_random__block_28__0000,0000,64.0,40,20,0.5,0.5375,0.00625,,False,,False
28,random,fixed_random__block_28__0000,0000,128.0,40,20,0.5,0.525,0.028125,,False,,False
28,random,fixed_random__block_28__0001,0001,0.25,40,20,0.5,0.5125,0.003125,,False,,False
28,random,fixed_random__block_28__0001,0001,0.5,40,20,0.5,0.4625,-0.009375,,False,,False
28,random,fixed_random__block_28__0001,0001,1.0,40,20,0.5,0.475,-0.00625,,False,,False
28,random,fixed_random__block_28__0001,0001,2.0,40,20,0.5,0.5375,0.009375,,False,,False
28,random,fixed_random__block_28__0001,0001,4.0,40,20,0.5,0.5375,0.009375,,False,,False
28,random,fixed_random__block_28__0001,0001,8.0,40,20,0.5,0.475,-0.00625,,False,,False
28,random,fixed_random__block_28__0001,0001,16.0,40,20,0.5,0.4875,-0.003125,,False,,False
28,random,fixed_random__block_28__0001,0001,32.0,40,20,0.5,0.5125,0.003125,,False,,False
28,random,fixed_random__block_28__0001,0001,64.0,40,20,0.5,0.5125,0.003125,,False,,False
28,random,fixed_random__block_28__0001,0001,128.0,40,20,0.5,0.575,0.025,,False,,False
28,random,fixed_random__block_28__0002,0002,0.25,40,20,0.5,0.4625,-0.009375,,False,,False
28,random,fixed_random__block_28__0002,0002,0.5,40,20,0.5,0.4625,-0.009375,,False,,False
28,random,fixed_random__block_28__0002,0002,1.0,40,20,0.5,0.475,-0.00625,,False,,False
28,random,fixed_random__block_28__0002,0002,2.0,40,20,0.5,0.4625,-0.009375,,False,,False
28,random,fixed_random__block_28__0002,0002,4.0,40,20,0.5,0.525,0.00625,,False,,False
28,random,fixed_random__block_28__0002,0002,8.0,40,20,0.5,0.5125,0.003125,,False,,False
28,random,fixed_random__block_28__0002,0002,16.0,40,20,0.5,0.5125,0.003125,,False,,False
28,random,fixed_random__block_28__0002,0002,32.0,40,20,0.5,0.525,0.00625,,False,,False
28,random,fixed_random__block_28__0002,0002,64.0,40,20,0.5,0.5125,0.003125,,False,,False
28,random,fixed_random__block_28__0002,0002,128.0,40,20,0.5,0.5625,0.01875,,False,,False
28,random,fixed_random__block_28__0003,0003,0.25,40,20,0.5,0.4625,-0.009375,,False,,False
28,random,fixed_random__block_28__0003,0003,0.5,40,20,0.5,0.5,0.0,,False,,False
28,random,fixed_random__block_28__0003,0003,1.0,40,20,0.5,0.475,-0.00625,,False,,False
28,random,fixed_random__block_28__0003,0003,2.0,40,20,0.5,0.4375,-0.015625,,False,,False
28,random,fixed_random__block_28__0003,0003,4.0,40,20,0.5,0.475,-0.00625,,False,,False
28,random,fixed_random__block_28__0003,0003,8.0,40,20,0.5,0.5875,0.021875,,False,,False
28,random,fixed_random__block_28__0003,0003,16.0,40,20,0.5,0.525,0.00625,,False,,False
28,random,fixed_random__block_28__0003,0003,32.0,40,20,0.5,0.525,0.00625,,False,,False
28,random,fixed_random__block_28__0003,0003,64.0,40,20,0.5,0.6375,0.04375,,False,,False
28,random,fixed_random__block_28__0003,0003,128.0,40,20,0.5,0.5125,0.046875,,False,,False
28,random,fixed_random__block_28__0004,0004,0.25,40,20,0.5,0.5,0.0,,False,,False
28,random,fixed_random__block_28__0004,0004,0.5,40,20,0.5,0.4875,-0.003125,,False,,False
28,random,fixed_random__block_28__0004,0004,1.0,40,20,0.5,0.5,0.0,,False,,False
28,random,fixed_random__block_28__0004,0004,2.0,40,20,0.5,0.475,-0.00625,,False,,False
28,random,fixed_random__block_28__0004,0004,4.0,40,20,0.5,0.4625,-0.009375,,False,,False
28,random,fixed_random__block_28__0004,0004,8.0,40,20,0.5,0.4875,-0.003125,,False,,False
28,random,fixed_random__block_28__0004,0004,16.0,40,20,0.5,0.5,0.0,,False,,False
28,random,fixed_random__block_28__0004,0004,32.0,40,20,0.5,0.525,0.00625,,False,,False
28,random,fixed_random__block_28__0004,0004,64.0,40,20,0.5,0.5,0.0,,False,,False
28,random,fixed_random__block_28__0004,0004,128.0,40,20,0.5,0.6,0.0375,,False,,False
28,random,fixed_random__block_28__0005,0005,0.25,40,20,0.5,0.4875,-0.003125,,False,,False
28,random,fixed_random__block_28__0005,0005,0.5,40,20,0.5,0.525,0.00625,,False,,False
28,random,fixed_random__block_28__0005,0005,1.0,40,20,0.5,0.525,0.00625,,False,,False
28,random,fixed_random__block_28__0005,0005,2.0,40,20,0.5,0.5,0.0,,False,,False
28,random,fixed_random__block_28__0005,0005,4.0,40,20,0.5,0.5125,0.003125,,False,,False
28,random,fixed_random__block_28__0005,0005,8.0,40,20,0.5,0.4875,-0.003125,,False,,False
28,random,fixed_random__block_28__0005,0005,16.0,40,20,0.5,0.5125,0.003125,,False,,False
28,random,fixed_random__block_28__0005,0005,32.0,40,20,0.5,0.5625,0.015625,,False,,False
28,random,fixed_random__block_28__0005,0005,64.0,40,20,0.5,0.55,0.0125,,False,,False
28,random,fixed_random__block_28__0005,0005,128.0,40,20,0.5,0.5375,0.009375,,False,,False
28,random,fixed_random__block_28__0006,0006,0.25,40,20,0.5,0.5125,0.003125,,False,,False
28,random,fixed_random__block_28__0006,0006,0.5,40,20,0.5,0.5,0.0,,False,,False
28,random,fixed_random__block_28__0006,0006,1.0,40,20,0.5,0.475,-0.00625,,False,,False
28,random,fixed_random__block_28__0006,0006,2.0,40,20,0.5,0.5125,0.003125,,False,,False
28,random,fixed_random__block_28__0006,0006,4.0,40,20,0.5,0.5,0.0,,False,,False
28,random,fixed_random__block_28__0006,0006,8.0,40,20,0.5,0.475,-0.00625,,False,,False
28,random,fixed_random__block_28__0006,0006,16.0,40,20,0.5,0.525,0.00625,,False,,False
28,random,fixed_random__block_28__0006,0006,32.0,40,20,0.5,0.5625,0.015625,,False,,False
28,random,fixed_random__block_28__0006,0006,64.0,40,20,0.5,0.55,0.015625,,False,,False
28,random,fixed_random__block_28__0006,0006,128.0,40,20,0.5,0.5375,0.021875,,False,,False
28,random,fixed_random__block_28__0007,0007,0.25,40,20,0.5,0.4875,-0.003125,,False,,False
28,random,fixed_random__block_28__0007,0007,0.5,40,20,0.5,0.4875,-0.003125,,False,,False
28,random,fixed_random__block_28__0007,0007,1.0,40,20,0.5,0.5,0.0,,False,,False
28,random,fixed_random__block_28__0007,0007,2.0,40,20,0.5,0.45,-0.0125,,False,,False
28,random,fixed_random__block_28__0007,0007,4.0,40,20,0.5,0.5125,0.003125,,False,,False
28,random,fixed_random__block_28__0007,0007,8.0,40,20,0.5,0.5,0.0,,False,,False
28,random,fixed_random__block_28__0007,0007,16.0,40,20,0.5,0.5125,0.003125,,False,,False
28,random,fixed_random__block_28__0007,0007,32.0,40,20,0.5,0.4125,-0.021875,,False,,False
28,random,fixed_random__block_28__0007,0007,64.0,40,20,0.5,0.45,-0.0125,,False,,False
28,random,fixed_random__block_28__0007,0007,128.0,40,20,0.5,0.625,0.03125,,False,,False
28,random,fixed_random__block_28__0008,0008,0.25,40,20,0.5,0.4875,-0.003125,,False,,False
28,random,fixed_random__block_28__0008,0008,0.5,40,20,0.5,0.5,0.0,,False,,False
28,random,fixed_random__block_28__0008,0008,1.0,40,20,0.5,0.5125,0.003125,,False,,False
28,random,fixed_random__block_28__0008,0008,2.0,40,20,0.5,0.4875,-0.003125,,False,,False
28,random,fixed_random__block_28__0008,0008,4.0,40,20,0.5,0.525,0.00625,,False,,False
28,random,fixed_random__block_28__0008,0008,8.0,40,20,0.5,0.5375,0.009375,,False,,False
28,random,fixed_random__block_28__0008,0008,16.0,40,20,0.5,0.4875,-0.003125,,False,,False
28,random,fixed_random__block_28__0008,0008,32.0,40,20,0.5,0.4375,-0.015625,,False,,False
28,random,fixed_random__block_28__0008,0008,64.0,40,20,0.5,0.4375,-0.015625,,False,,False
28,random,fixed_random__block_28__0008,0008,128.0,40,20,0.5,0.5125,0.003125,,False,,False
28,random,fixed_random__block_28__0009,0009,0.25,40,20,0.5,0.575,0.01875,,False,,False
28,random,fixed_random__block_28__0009,0009,0.5,40,20,0.5,0.5125,0.003125,,False,,False
28,random,fixed_random__block_28__0009,0009,1.0,40,20,0.5,0.5375,0.009375,,False,,False
28,random,fixed_random__block_28__0009,0009,2.0,40,20,0.5,0.475,-0.00625,,False,,False
28,random,fixed_random__block_28__0009,0009,4.0,40,20,0.5,0.5,0.0,,False,,False
28,random,fixed_random__block_28__0009,0009,8.0,40,20,0.5,0.475,-0.00625,,False,,False
28,random,fixed_random__block_28__0009,0009,16.0,40,20,0.5,0.525,0.00625,,False,,False
28,random,fixed_random__block_28__0009,0009,32.0,40,20,0.5,0.5375,0.009375,,False,,False
28,random,fixed_random__block_28__0009,0009,64.0,40,20,0.5,0.5,0.00625,,False,,False
28,random,fixed_random__block_28__0009,0009,128.0,40,20,0.5,0.5125,0.04375,,False,,False
29,concept,concept__block_29__Dust,Dust,0.25,40,20,0.5,0.5,0.0,,False,,False
29,concept,concept__block_29__Dust,Dust,0.5,40,20,0.5,0.55,0.0125,,False,,False
29,concept,concept__block_29__Dust,Dust,1.0,40,20,0.5,0.45,-0.0125,,False,,False
29,concept,concept__block_29__Dust,Dust,2.0,40,20,0.5,0.5,0.0,,False,,False
29,concept,concept__block_29__Dust,Dust,4.0,40,20,0.5,0.55,0.0125,,False,,False
29,concept,concept__block_29__Dust,Dust,8.0,40,20,0.5,0.5,0.0,,False,,False
29,concept,concept__block_29__Dust,Dust,16.0,40,20,0.5,0.55,0.0125,,False,,False
29,concept,concept__block_29__Dust,Dust,32.0,40,20,0.5,0.5,0.0,,False,,False
29,concept,concept__block_29__Dust,Dust,64.0,40,20,0.5,0.5625,0.015625,,False,,False
29,concept,concept__block_29__Dust,Dust,128.0,40,20,0.5,0.5,0.00625,,False,,False
29,concept,concept__block_29__Illusions,Illusions,0.25,40,20,0.5,0.5375,0.009375,,False,,False
29,concept,concept__block_29__Illusions,Illusions,0.5,40,20,0.5,0.525,0.00625,,False,,False
29,concept,concept__block_29__Illusions,Illusions,1.0,40,20,0.5,0.4875,-0.003125,,False,,False
29,concept,concept__block_29__Illusions,Illusions,2.0,40,20,0.5,0.4875,-0.003125,,False,,False
29,concept,concept__block_29__Illusions,Illusions,4.0,40,20,0.5,0.4625,-0.009375,,False,,False
29,concept,concept__block_29__Illusions,Illusions,8.0,40,20,0.5,0.4875,-0.003125,,False,,False
29,concept,concept__block_29__Illusions,Illusions,16.0,40,20,0.5,0.5,0.0,,False,,False
29,concept,concept__block_29__Illusions,Illusions,32.0,40,20,0.5,0.5125,0.003125,,False,,False
29,concept,concept__block_29__Illusions,Illusions,64.0,40,20,0.5,0.5625,0.034375,,False,,False
29,concept,concept__block_29__Illusions,Illusions,128.0,40,20,0.5,0.5375,0.053125,,False,,False
29,concept,concept__block_29__Origami,Origami,0.25,40,20,0.5,0.475,-0.00625,,False,,False
29,concept,concept__block_29__Origami,Origami,0.5,40,20,0.5,0.5375,0.009375,,False,,False
29,concept,concept__block_29__Origami,Origami,1.0,40,20,0.5,0.475,-0.00625,,False,,False
29,concept,concept__block_29__Origami,Origami,2.0,40,20,0.5,0.55,0.0125,,False,,False
29,concept,concept__block_29__Origami,Origami,4.0,40,20,0.5,0.5625,0.015625,,False,,False
29,concept,concept__block_29__Origami,Origami,8.0,40,20,0.5,0.525,0.00625,,False,,False
29,concept,concept__block_29__Origami,Origami,16.0,40,20,0.5,0.5125,0.003125,,False,,False
29,concept,concept__block_29__Origami,Origami,32.0,40,20,0.5,0.525,0.00625,,False,,False
29,concept,concept__block_29__Origami,Origami,64.0,40,20,0.5,0.5125,0.009375,,False,,False
29,concept,concept__block_29__Origami,Origami,128.0,40,20,0.5,0.5,0.003125,,False,,False
29,concept,concept__block_29__Satellites,Satellites,0.25,40,20,0.5,0.5,0.0,,False,,False
29,concept,concept__block_29__Satellites,Satellites,0.5,40,20,0.5,0.4875,-0.003125,,False,,False
29,concept,concept__block_29__Satellites,Satellites,1.0,40,20,0.5,0.4875,-0.003125,,False,,False
29,concept,concept__block_29__Satellites,Satellites,2.0,40,20,0.5,0.55,0.0125,,False,,False
29,concept,concept__block_29__Satellites,Satellites,4.0,40,20,0.5,0.5125,0.003125,,False,,False
29,concept,concept__block_29__Satellites,Satellites,8.0,40,20,0.5,0.55,0.0125,,False,,False
29,concept,concept__block_29__Satellites,Satellites,16.0,40,20,0.5,0.475,-0.00625,,False,,False
29,concept,concept__block_29__Satellites,Satellites,32.0,40,20,0.5,0.5375,0.009375,,False,,False
29,concept,concept__block_29__Satellites,Satellites,64.0,40,20,0.5,0.4375,-0.015625,,False,,False
29,concept,concept__block_29__Satellites,Satellites,128.0,40,20,0.5,0.55,0.0125,,False,,False
29,concept,concept__block_29__Trumpets,Trumpets,0.25,40,20,0.5,0.525,0.00625,,False,,False
29,concept,concept__block_29__Trumpets,Trumpets,0.5,40,20,0.5,0.4625,-0.009375,,False,,False
29,concept,concept__block_29__Trumpets,Trumpets,1.0,40,20,0.5,0.475,-0.00625,,False,,False
29,concept,concept__block_29__Trumpets,Trumpets,2.0,40,20,0.5,0.5125,0.003125,,False,,False
29,concept,concept__block_29__Trumpets,Trumpets,4.0,40,20,0.5,0.5125,0.003125,,False,,False
29,concept,concept__block_29__Trumpets,Trumpets,8.0,40,20,0.5,0.525,0.00625,,False,,False
29,concept,concept__block_29__Trumpets,Trumpets,16.0,40,20,0.5,0.4125,-0.021875,,False,,False
29,concept,concept__block_29__Trumpets,Trumpets,32.0,40,20,0.5,0.525,0.00625,,False,,False
29,concept,concept__block_29__Trumpets,Trumpets,64.0,40,20,0.5,0.525,0.00625,,False,,False
29,concept,concept__block_29__Trumpets,Trumpets,128.0,40,20,0.5,0.5125,0.003125,,False,,False
29,concept,concept__block_29__appreciation,appreciation,0.25,40,20,0.5,0.4875,-0.003125,,False,,False
29,concept,concept__block_29__appreciation,appreciation,0.5,40,20,0.5,0.5125,0.003125,,False,,False
29,concept,concept__block_29__appreciation,appreciation,1.0,40,20,0.5,0.4375,-0.015625,,False,,False
29,concept,concept__block_29__appreciation,appreciation,2.0,40,20,0.5,0.4625,-0.009375,,False,,False
29,concept,concept__block_29__appreciation,appreciation,4.0,40,20,0.5,0.4375,-0.015625,,False,,False
29,concept,concept__block_29__appreciation,appreciation,8.0,40,20,0.5,0.4875,-0.003125,,False,,False
29,concept,concept__block_29__appreciation,appreciation,16.0,40,20,0.5,0.5,0.0,,False,,False
29,concept,concept__block_29__appreciation,appreciation,32.0,40,20,0.5,0.5125,0.003125,,False,,False
29,concept,concept__block_29__appreciation,appreciation,64.0,40,20,0.5,0.4875,-0.003125,,False,,False
29,concept,concept__block_29__appreciation,appreciation,128.0,40,20,0.5,0.5,0.0,,False,,False
29,concept,concept__block_29__betrayal,betrayal,0.25,40,20,0.5,0.4875,-0.003125,,False,,False
29,concept,concept__block_29__betrayal,betrayal,0.5,40,20,0.5,0.4625,-0.009375,,False,,False
29,concept,concept__block_29__betrayal,betrayal,1.0,40,20,0.5,0.475,-0.00625,,False,,False
29,concept,concept__block_29__betrayal,betrayal,2.0,40,20,0.5,0.525,0.00625,,False,,False
29,concept,concept__block_29__betrayal,betrayal,4.0,40,20,0.5,0.5125,0.003125,,False,,False
29,concept,concept__block_29__betrayal,betrayal,8.0,40,20,0.5,0.4875,-0.003125,,False,,False
29,concept,concept__block_29__betrayal,betrayal,16.0,40,20,0.5,0.475,-0.00625,,False,,False
29,concept,concept__block_29__betrayal,betrayal,32.0,40,20,0.5,0.5125,0.003125,,False,,False
29,concept,concept__block_29__betrayal,betrayal,64.0,40,20,0.5,0.5,0.0,,False,,False
29,concept,concept__block_29__betrayal,betrayal,128.0,40,20,0.5,0.575,0.01875,,False,,False
29,concept,concept__block_29__fibonacci_numbers,fibonacci_numbers,0.25,40,20,0.5,0.5625,0.015625,,False,,False
29,concept,concept__block_29__fibonacci_numbers,fibonacci_numbers,0.5,40,20,0.5,0.55,0.0125,,False,,False
29,concept,concept__block_29__fibonacci_numbers,fibonacci_numbers,1.0,40,20,0.5,0.4875,-0.003125,,False,,False
29,concept,concept__block_29__fibonacci_numbers,fibonacci_numbers,2.0,40,20,0.5,0.45,-0.0125,,False,,False
29,concept,concept__block_29__fibonacci_numbers,fibonacci_numbers,4.0,40,20,0.5,0.4875,-0.003125,,False,,False
29,concept,concept__block_29__fibonacci_numbers,fibonacci_numbers,8.0,40,20,0.5,0.5125,0.003125,,False,,False
29,concept,concept__block_29__fibonacci_numbers,fibonacci_numbers,16.0,40,20,0.5,0.475,-0.00625,,False,,False
29,concept,concept__block_29__fibonacci_numbers,fibonacci_numbers,32.0,40,20,0.5,0.5375,0.009375,,False,,False
29,concept,concept__block_29__fibonacci_numbers,fibonacci_numbers,64.0,40,20,0.5,0.5,0.0,,False,,False
29,concept,concept__block_29__fibonacci_numbers,fibonacci_numbers,128.0,40,20,0.5,0.5125,0.003125,,False,,False
29,concept,concept__block_29__recursion,recursion,0.25,40,20,0.5,0.525,0.00625,,False,,False
29,concept,concept__block_29__recursion,recursion,0.5,40,20,0.5,0.525,0.00625,,False,,False
29,concept,concept__block_29__recursion,recursion,1.0,40,20,0.5,0.4875,-0.003125,,False,,False
29,concept,concept__block_29__recursion,recursion,2.0,40,20,0.5,0.5,0.0,,False,,False
29,concept,concept__block_29__recursion,recursion,4.0,40,20,0.5,0.4875,-0.003125,,False,,False
29,concept,concept__block_29__recursion,recursion,8.0,40,20,0.5,0.525,0.00625,,False,,False
29,concept,concept__block_29__recursion,recursion,16.0,40,20,0.5,0.4625,-0.009375,,False,,False
29,concept,concept__block_29__recursion,recursion,32.0,40,20,0.5,0.475,-0.00625,,False,,False
29,concept,concept__block_29__recursion,recursion,64.0,40,20,0.5,0.4625,-0.009375,,False,,False
29,concept,concept__block_29__recursion,recursion,128.0,40,20,0.5,0.45,-0.0125,,False,,False
29,concept,concept__block_29__shutdown,shutdown,0.25,40,20,0.5,0.5375,0.009375,,False,,False
29,concept,concept__block_29__shutdown,shutdown,0.5,40,20,0.5,0.55,0.0125,,False,,False
29,concept,concept__block_29__shutdown,shutdown,1.0,40,20,0.5,0.5625,0.015625,,False,,False
29,concept,concept__block_29__shutdown,shutdown,2.0,40,20,0.5,0.4875,-0.003125,,False,,False
29,concept,concept__block_29__shutdown,shutdown,4.0,40,20,0.5,0.5,0.0,,False,,False
29,concept,concept__block_29__shutdown,shutdown,8.0,40,20,0.5,0.425,-0.01875,,False,,False
29,concept,concept__block_29__shutdown,shutdown,16.0,40,20,0.5,0.475,-0.00625,,False,,False
29,concept,concept__block_29__shutdown,shutdown,32.0,40,20,0.5,0.5625,0.015625,,False,,False
29,concept,concept__block_29__shutdown,shutdown,64.0,40,20,0.5,0.5,0.0,,False,,False
29,concept,concept__block_29__shutdown,shutdown,128.0,40,20,0.5,0.45,-0.0125,,False,,False
29,dropout,dropout_realization_00,dropout_realization_00,0.25,40,20,0.5,0.5125,0.003125,,False,,False
29,dropout,dropout_realization_00,dropout_realization_00,0.5,40,20,0.5,0.5,0.0,,False,,False
29,dropout,dropout_realization_00,dropout_realization_00,1.0,40,20,0.5,0.475,-0.00625,,False,,False
29,dropout,dropout_realization_00,dropout_realization_00,2.0,40,20,0.5,0.475,-0.00625,,False,,False
29,dropout,dropout_realization_00,dropout_realization_00,4.0,40,20,0.5,0.525,0.00625,,False,,False
29,dropout,dropout_realization_00,dropout_realization_00,8.0,40,20,0.5,0.525,0.00625,,False,,False
29,dropout,dropout_realization_00,dropout_realization_00,16.0,40,20,0.5,0.5125,0.003125,,False,,False
29,dropout,dropout_realization_00,dropout_realization_00,32.0,40,20,0.5,0.5,0.0,,False,,False
29,dropout,dropout_realization_00,dropout_realization_00,64.0,40,20,0.5,0.4875,-0.003125,,False,,False
29,dropout,dropout_realization_00,dropout_realization_00,128.0,40,20,0.5,0.5125,0.01875,,False,,False
29,dropout,dropout_realization_01,dropout_realization_01,0.25,40,20,0.5,0.525,0.00625,,False,,False
29,dropout,dropout_realization_01,dropout_realization_01,0.5,40,20,0.5,0.4875,-0.003125,,False,,False
29,dropout,dropout_realization_01,dropout_realization_01,1.0,40,20,0.5,0.5125,0.003125,,False,,False
29,dropout,dropout_realization_01,dropout_realization_01,2.0,40,20,0.5,0.4875,-0.003125,,False,,False
29,dropout,dropout_realization_01,dropout_realization_01,4.0,40,20,0.5,0.5,0.0,,False,,False
29,dropout,dropout_realization_01,dropout_realization_01,8.0,40,20,0.5,0.5125,0.003125,,False,,False
29,dropout,dropout_realization_01,dropout_realization_01,16.0,40,20,0.5,0.55,0.0125,,False,,False
29,dropout,dropout_realization_01,dropout_realization_01,32.0,40,20,0.5,0.5,0.0,,False,,False
29,dropout,dropout_realization_01,dropout_realization_01,64.0,40,20,0.5,0.55,0.015625,,False,,False
29,dropout,dropout_realization_01,dropout_realization_01,128.0,40,20,0.5,0.475,0.0,,False,,False
29,noise,noise_realization_00,noise_realization_00,0.25,40,20,0.5,0.5125,0.003125,,False,,False
29,noise,noise_realization_00,noise_realization_00,0.5,40,20,0.5,0.4125,-0.021875,,False,,False
29,noise,noise_realization_00,noise_realization_00,1.0,40,20,0.5,0.4875,-0.003125,,False,,False
29,noise,noise_realization_00,noise_realization_00,2.0,40,20,0.5,0.475,-0.00625,,False,,False
29,noise,noise_realization_00,noise_realization_00,4.0,40,20,0.5,0.4875,-0.003125,,False,,False
29,noise,noise_realization_00,noise_realization_00,8.0,40,20,0.5,0.5125,0.003125,,False,,False
29,noise,noise_realization_00,noise_realization_00,16.0,40,20,0.5,0.5375,0.009375,,False,,False
29,noise,noise_realization_00,noise_realization_00,32.0,40,20,0.5,0.5125,0.003125,,False,,False
29,noise,noise_realization_00,noise_realization_00,64.0,40,20,0.5,0.5,0.0,,False,,False
29,noise,noise_realization_00,noise_realization_00,128.0,40,20,0.5,0.5,0.0,,False,,False
29,noise,noise_realization_01,noise_realization_01,0.25,40,20,0.5,0.4875,-0.003125,,False,,False
29,noise,noise_realization_01,noise_realization_01,0.5,40,20,0.5,0.5,0.0,,False,,False
29,noise,noise_realization_01,noise_realization_01,1.0,40,20,0.5,0.5125,0.003125,,False,,False
29,noise,noise_realization_01,noise_realization_01,2.0,40,20,0.5,0.45,-0.0125,,False,,False
29,noise,noise_realization_01,noise_realization_01,4.0,40,20,0.5,0.475,-0.00625,,False,,False
29,noise,noise_realization_01,noise_realization_01,8.0,40,20,0.5,0.475,-0.00625,,False,,False
29,noise,noise_realization_01,noise_realization_01,16.0,40,20,0.5,0.5625,0.015625,,False,,False
29,noise,noise_realization_01,noise_realization_01,32.0,40,20,0.5,0.4875,-0.003125,,False,,False
29,noise,noise_realization_01,noise_realization_01,64.0,40,20,0.5,0.5125,0.003125,,False,,False
29,noise,noise_realization_01,noise_realization_01,128.0,40,20,0.5,0.4875,-0.009375,,False,,False
29,random,fixed_random__block_29__0000,0000,0.25,40,20,0.5,0.4875,-0.003125,,False,,False
29,random,fixed_random__block_29__0000,0000,0.5,40,20,0.5,0.5,0.0,,False,,False
29,random,fixed_random__block_29__0000,0000,1.0,40,20,0.5,0.4625,-0.009375,,False,,False
29,random,fixed_random__block_29__0000,0000,2.0,40,20,0.5,0.5,0.0,,False,,False
29,random,fixed_random__block_29__0000,0000,4.0,40,20,0.5,0.5375,0.009375,,False,,False
29,random,fixed_random__block_29__0000,0000,8.0,40,20,0.5,0.4875,-0.003125,,False,,False
29,random,fixed_random__block_29__0000,0000,16.0,40,20,0.5,0.4375,-0.015625,,False,,False
29,random,fixed_random__block_29__0000,0000,32.0,40,20,0.5,0.4875,-0.003125,,False,,False
29,random,fixed_random__block_29__0000,0000,64.0,40,20,0.5,0.5125,0.003125,,False,,False
29,random,fixed_random__block_29__0000,0000,128.0,40,20,0.5,0.4875,-0.003125,,False,,False
29,random,fixed_random__block_29__0001,0001,0.25,40,20,0.5,0.475,-0.00625,,False,,False
29,random,fixed_random__block_29__0001,0001,0.5,40,20,0.5,0.525,0.00625,,False,,False
29,random,fixed_random__block_29__0001,0001,1.0,40,20,0.5,0.475,-0.00625,,False,,False
29,random,fixed_random__block_29__0001,0001,2.0,40,20,0.5,0.4875,-0.003125,,False,,False
29,random,fixed_random__block_29__0001,0001,4.0,40,20,0.5,0.475,-0.00625,,False,,False
29,random,fixed_random__block_29__0001,0001,8.0,40,20,0.5,0.475,-0.00625,,False,,False
29,random,fixed_random__block_29__0001,0001,16.0,40,20,0.5,0.475,-0.00625,,False,,False
29,random,fixed_random__block_29__0001,0001,32.0,40,20,0.5,0.525,0.00625,,False,,False
29,random,fixed_random__block_29__0001,0001,64.0,40,20,0.5,0.5125,0.003125,,False,,False
29,random,fixed_random__block_29__0001,0001,128.0,40,20,0.5,0.5125,0.003125,,False,,False
29,random,fixed_random__block_29__0002,0002,0.25,40,20,0.5,0.4875,-0.003125,,False,,False
29,random,fixed_random__block_29__0002,0002,0.5,40,20,0.5,0.45,-0.0125,,False,,False
29,random,fixed_random__block_29__0002,0002,1.0,40,20,0.5,0.5375,0.009375,,False,,False
29,random,fixed_random__block_29__0002,0002,2.0,40,20,0.5,0.5375,0.009375,,False,,False
29,random,fixed_random__block_29__0002,0002,4.0,40,20,0.5,0.5,0.0,,False,,False
29,random,fixed_random__block_29__0002,0002,8.0,40,20,0.5,0.4875,-0.003125,,False,,False
29,random,fixed_random__block_29__0002,0002,16.0,40,20,0.5,0.5375,0.009375,,False,,False
29,random,fixed_random__block_29__0002,0002,32.0,40,20,0.5,0.4875,-0.003125,,False,,False
29,random,fixed_random__block_29__0002,0002,64.0,40,20,0.5,0.4875,-0.003125,,False,,False
29,random,fixed_random__block_29__0002,0002,128.0,40,20,0.5,0.5625,0.015625,,False,,False
29,random,fixed_random__block_29__0003,0003,0.25,40,20,0.5,0.525,0.00625,,False,,False
29,random,fixed_random__block_29__0003,0003,0.5,40,20,0.5,0.5,0.0,,False,,False
29,random,fixed_random__block_29__0003,0003,1.0,40,20,0.5,0.5,0.0,,False,,False
29,random,fixed_random__block_29__0003,0003,2.0,40,20,0.5,0.4875,-0.003125,,False,,False
29,random,fixed_random__block_29__0003,0003,4.0,40,20,0.5,0.4875,-0.003125,,False,,False
29,random,fixed_random__block_29__0003,0003,8.0,40,20,0.5,0.5,0.0,,False,,False
29,random,fixed_random__block_29__0003,0003,16.0,40,20,0.5,0.5125,0.003125,,False,,False
29,random,fixed_random__block_29__0003,0003,32.0,40,20,0.5,0.4625,-0.009375,,False,,False
29,random,fixed_random__block_29__0003,0003,64.0,40,20,0.5,0.475,-0.00625,,False,,False
29,random,fixed_random__block_29__0003,0003,128.0,40,20,0.5,0.5,0.0,,False,,False
29,random,fixed_random__block_29__0004,0004,0.25,40,20,0.5,0.4875,-0.003125,,False,,False
29,random,fixed_random__block_29__0004,0004,0.5,40,20,0.5,0.4375,-0.015625,,False,,False
29,random,fixed_random__block_29__0004,0004,1.0,40,20,0.5,0.4875,-0.003125,,False,,False
29,random,fixed_random__block_29__0004,0004,2.0,40,20,0.5,0.4875,-0.003125,,False,,False
29,random,fixed_random__block_29__0004,0004,4.0,40,20,0.5,0.4625,-0.009375,,False,,False
29,random,fixed_random__block_29__0004,0004,8.0,40,20,0.5,0.4625,-0.009375,,False,,False
29,random,fixed_random__block_29__0004,0004,16.0,40,20,0.5,0.475,-0.00625,,False,,False
29,random,fixed_random__block_29__0004,0004,32.0,40,20,0.5,0.5,0.0,,False,,False
29,random,fixed_random__block_29__0004,0004,64.0,40,20,0.5,0.4625,-0.009375,,False,,False
29,random,fixed_random__block_29__0004,0004,128.0,40,20,0.5,0.4625,-0.009375,,False,,False
29,random,fixed_random__block_29__0005,0005,0.25,40,20,0.5,0.525,0.00625,,False,,False
29,random,fixed_random__block_29__0005,0005,0.5,40,20,0.5,0.4625,-0.009375,,False,,False
29,random,fixed_random__block_29__0005,0005,1.0,40,20,0.5,0.5375,0.009375,,False,,False
29,random,fixed_random__block_29__0005,0005,2.0,40,20,0.5,0.5125,0.003125,,False,,False
29,random,fixed_random__block_29__0005,0005,4.0,40,20,0.5,0.5375,0.009375,,False,,False
29,random,fixed_random__block_29__0005,0005,8.0,40,20,0.5,0.5,0.0,,False,,False
29,random,fixed_random__block_29__0005,0005,16.0,40,20,0.5,0.5625,0.015625,,False,,False
29,random,fixed_random__block_29__0005,0005,32.0,40,20,0.5,0.5,0.0,,False,,False
29,random,fixed_random__block_29__0005,0005,64.0,40,20,0.5,0.5625,0.015625,,False,,False
29,random,fixed_random__block_29__0005,0005,128.0,40,20,0.5,0.5375,0.00625,,False,,False
29,random,fixed_random__block_29__0006,0006,0.25,40,20,0.5,0.525,0.00625,,False,,False
29,random,fixed_random__block_29__0006,0006,0.5,40,20,0.5,0.5,0.0,,False,,False
29,random,fixed_random__block_29__0006,0006,1.0,40,20,0.5,0.4625,-0.009375,,False,,False
29,random,fixed_random__block_29__0006,0006,2.0,40,20,0.5,0.475,-0.00625,,False,,False
29,random,fixed_random__block_29__0006,0006,4.0,40,20,0.5,0.5125,0.003125,,False,,False
29,random,fixed_random__block_29__0006,0006,8.0,40,20,0.5,0.5125,0.003125,,False,,False
29,random,fixed_random__block_29__0006,0006,16.0,40,20,0.5,0.4625,-0.009375,,False,,False
29,random,fixed_random__block_29__0006,0006,32.0,40,20,0.5,0.4625,-0.009375,,False,,False
29,random,fixed_random__block_29__0006,0006,64.0,40,20,0.5,0.5375,0.009375,,False,,False
29,random,fixed_random__block_29__0006,0006,128.0,40,20,0.5,0.55,0.0125,,False,,False
29,random,fixed_random__block_29__0007,0007,0.25,40,20,0.5,0.525,0.00625,,False,,False
29,random,fixed_random__block_29__0007,0007,0.5,40,20,0.5,0.5375,0.009375,,False,,False
29,random,fixed_random__block_29__0007,0007,1.0,40,20,0.5,0.475,-0.00625,,False,,False
29,random,fixed_random__block_29__0007,0007,2.0,40,20,0.5,0.5125,0.003125,,False,,False
29,random,fixed_random__block_29__0007,0007,4.0,40,20,0.5,0.4875,-0.003125,,False,,False
29,random,fixed_random__block_29__0007,0007,8.0,40,20,0.5,0.5,0.0,,False,,False
29,random,fixed_random__block_29__0007,0007,16.0,40,20,0.5,0.5,0.0,,False,,False
29,random,fixed_random__block_29__0007,0007,32.0,40,20,0.5,0.4875,-0.003125,,False,,False
29,random,fixed_random__block_29__0007,0007,64.0,40,20,0.5,0.5,0.0,,False,,False
29,random,fixed_random__block_29__0007,0007,128.0,40,20,0.5,0.5125,0.00625,,False,,False
29,random,fixed_random__block_29__0008,0008,0.25,40,20,0.5,0.45,-0.0125,,False,,False
29,random,fixed_random__block_29__0008,0008,0.5,40,20,0.5,0.4875,-0.003125,,False,,False
29,random,fixed_random__block_29__0008,0008,1.0,40,20,0.5,0.5375,0.009375,,False,,False
29,random,fixed_random__block_29__0008,0008,2.0,40,20,0.5,0.4875,-0.003125,,False,,False
29,random,fixed_random__block_29__0008,0008,4.0,40,20,0.5,0.525,0.00625,,False,,False
29,random,fixed_random__block_29__0008,0008,8.0,40,20,0.5,0.5,0.0,,False,,False
29,random,fixed_random__block_29__0008,0008,16.0,40,20,0.5,0.5125,0.003125,,False,,False
29,random,fixed_random__block_29__0008,0008,32.0,40,20,0.5,0.45,-0.0125,,False,,False
29,random,fixed_random__block_29__0008,0008,64.0,40,20,0.5,0.4,-0.025,,False,,False
29,random,fixed_random__block_29__0008,0008,128.0,40,20,0.5,0.5,0.0,,False,,False
29,random,fixed_random__block_29__0009,0009,0.25,40,20,0.5,0.5,0.0,,False,,False
29,random,fixed_random__block_29__0009,0009,0.5,40,20,0.5,0.475,-0.00625,,False,,False
29,random,fixed_random__block_29__0009,0009,1.0,40,20,0.5,0.4875,-0.003125,,False,,False
29,random,fixed_random__block_29__0009,0009,2.0,40,20,0.5,0.5375,0.009375,,False,,False
29,random,fixed_random__block_29__0009,0009,4.0,40,20,0.5,0.55,0.0125,,False,,False
29,random,fixed_random__block_29__0009,0009,8.0,40,20,0.5,0.5375,0.009375,,False,,False
29,random,fixed_random__block_29__0009,0009,16.0,40,20,0.5,0.475,-0.00625,,False,,False
29,random,fixed_random__block_29__0009,0009,32.0,40,20,0.5,0.425,-0.01875,,False,,False
29,random,fixed_random__block_29__0009,0009,64.0,40,20,0.5,0.5,0.003125,,False,,False
29,random,fixed_random__block_29__0009,0009,128.0,40,20,0.5,0.4875,0.00625,,False,,False
30,concept,concept__block_30__Dust,Dust,0.25,40,20,0.5,0.5,0.0,,False,,False
30,concept,concept__block_30__Dust,Dust,0.5,40,20,0.5,0.5375,0.009375,,False,,False
30,concept,concept__block_30__Dust,Dust,1.0,40,20,0.5,0.5,0.0,,False,,False
30,concept,concept__block_30__Dust,Dust,2.0,40,20,0.5,0.5,0.0,,False,,False
30,concept,concept__block_30__Dust,Dust,4.0,40,20,0.5,0.5,0.0,,False,,False
30,concept,concept__block_30__Dust,Dust,8.0,40,20,0.5,0.4875,-0.003125,,False,,False
30,concept,concept__block_30__Dust,Dust,16.0,40,20,0.5,0.4625,-0.009375,,False,,False
30,concept,concept__block_30__Dust,Dust,32.0,40,20,0.5,0.5,0.0,,False,,False
30,concept,concept__block_30__Dust,Dust,64.0,40,20,0.5,0.5125,0.003125,,False,,False
30,concept,concept__block_30__Dust,Dust,128.0,40,20,0.5,0.5375,0.009375,,False,,False
30,concept,concept__block_30__Illusions,Illusions,0.25,40,20,0.5,0.4875,-0.003125,,False,,False
30,concept,concept__block_30__Illusions,Illusions,0.5,40,20,0.5,0.475,-0.00625,,False,,False
30,concept,concept__block_30__Illusions,Illusions,1.0,40,20,0.5,0.5375,0.009375,,False,,False
30,concept,concept__block_30__Illusions,Illusions,2.0,40,20,0.5,0.5,0.0,,False,,False
30,concept,concept__block_30__Illusions,Illusions,4.0,40,20,0.5,0.4875,-0.003125,,False,,False
30,concept,concept__block_30__Illusions,Illusions,8.0,40,20,0.5,0.5125,0.003125,,False,,False
30,concept,concept__block_30__Illusions,Illusions,16.0,40,20,0.5,0.5625,0.015625,,False,,False
30,concept,concept__block_30__Illusions,Illusions,32.0,40,20,0.5,0.575,0.01875,,False,,False
30,concept,concept__block_30__Illusions,Illusions,64.0,40,20,0.5,0.5875,0.021875,,False,,False
30,concept,concept__block_30__Illusions,Illusions,128.0,40,20,0.5,0.65,0.0375,,False,,False
30,concept,concept__block_30__Origami,Origami,0.25,40,20,0.5,0.5,0.0,,False,,False
30,concept,concept__block_30__Origami,Origami,0.5,40,20,0.5,0.4875,-0.003125,,False,,False
30,concept,concept__block_30__Origami,Origami,1.0,40,20,0.5,0.5,0.0,,False,,False
30,concept,concept__block_30__Origami,Origami,2.0,40,20,0.5,0.5125,0.003125,,False,,False
30,concept,concept__block_30__Origami,Origami,4.0,40,20,0.5,0.4375,-0.015625,,False,,False
30,concept,concept__block_30__Origami,Origami,8.0,40,20,0.5,0.525,0.00625,,False,,False
30,concept,concept__block_30__Origami,Origami,16.0,40,20,0.5,0.5125,0.003125,,False,,False
30,concept,concept__block_30__Origami,Origami,32.0,40,20,0.5,0.55,0.0125,,False,,False
30,concept,concept__block_30__Origami,Origami,64.0,40,20,0.5,0.5,0.0,,False,,False
30,concept,concept__block_30__Origami,Origami,128.0,40,20,0.5,0.525,0.00625,,False,,False
30,concept,concept__block_30__Satellites,Satellites,0.25,40,20,0.5,0.475,-0.00625,,False,,False
30,concept,concept__block_30__Satellites,Satellites,0.5,40,20,0.5,0.5,0.0,,False,,False
30,concept,concept__block_30__Satellites,Satellites,1.0,40,20,0.5,0.4625,-0.009375,,False,,False
30,concept,concept__block_30__Satellites,Satellites,2.0,40,20,0.5,0.4875,-0.003125,,False,,False
30,concept,concept__block_30__Satellites,Satellites,4.0,40,20,0.5,0.5125,0.003125,,False,,False
30,concept,concept__block_30__Satellites,Satellites,8.0,40,20,0.5,0.5125,0.003125,,False,,False
30,concept,concept__block_30__Satellites,Satellites,16.0,40,20,0.5,0.5125,0.003125,,False,,False
30,concept,concept__block_30__Satellites,Satellites,32.0,40,20,0.5,0.5375,0.009375,,False,,False
30,concept,concept__block_30__Satellites,Satellites,64.0,40,20,0.5,0.525,0.00625,,False,,False
30,concept,concept__block_30__Satellites,Satellites,128.0,40,20,0.5,0.5125,0.0125,,False,,False
30,concept,concept__block_30__Trumpets,Trumpets,0.25,40,20,0.5,0.5,0.0,,False,,False
30,concept,concept__block_30__Trumpets,Trumpets,0.5,40,20,0.5,0.5125,0.003125,,False,,False
30,concept,concept__block_30__Trumpets,Trumpets,1.0,40,20,0.5,0.525,0.00625,,False,,False
30,concept,concept__block_30__Trumpets,Trumpets,2.0,40,20,0.5,0.475,-0.00625,,False,,False
30,concept,concept__block_30__Trumpets,Trumpets,4.0,40,20,0.5,0.4875,-0.003125,,False,,False
30,concept,concept__block_30__Trumpets,Trumpets,8.0,40,20,0.5,0.4875,-0.003125,,False,,False
30,concept,concept__block_30__Trumpets,Trumpets,16.0,40,20,0.5,0.475,-0.00625,,False,,False
30,concept,concept__block_30__Trumpets,Trumpets,32.0,40,20,0.5,0.55,0.0125,,False,,False
30,concept,concept__block_30__Trumpets,Trumpets,64.0,40,20,0.5,0.5625,0.015625,,False,,False
30,concept,concept__block_30__Trumpets,Trumpets,128.0,40,20,0.5,0.4625,-0.009375,,False,,False
30,concept,concept__block_30__appreciation,appreciation,0.25,40,20,0.5,0.4625,-0.009375,,False,,False
30,concept,concept__block_30__appreciation,appreciation,0.5,40,20,0.5,0.5125,0.003125,,False,,False
30,concept,concept__block_30__appreciation,appreciation,1.0,40,20,0.5,0.5,0.0,,False,,False
30,concept,concept__block_30__appreciation,appreciation,2.0,40,20,0.5,0.5,0.0,,False,,False
30,concept,concept__block_30__appreciation,appreciation,4.0,40,20,0.5,0.5,0.0,,False,,False
30,concept,concept__block_30__appreciation,appreciation,8.0,40,20,0.5,0.4625,-0.009375,,False,,False
30,concept,concept__block_30__appreciation,appreciation,16.0,40,20,0.5,0.4875,-0.003125,,False,,False
30,concept,concept__block_30__appreciation,appreciation,32.0,40,20,0.5,0.5,0.0,,False,,False
30,concept,concept__block_30__appreciation,appreciation,64.0,40,20,0.5,0.45,-0.0125,,False,,False
30,concept,concept__block_30__appreciation,appreciation,128.0,40,20,0.5,0.5,-0.003125,,False,,False
30,concept,concept__block_30__betrayal,betrayal,0.25,40,20,0.5,0.4875,-0.003125,,False,,False
30,concept,concept__block_30__betrayal,betrayal,0.5,40,20,0.5,0.525,0.00625,,False,,False
30,concept,concept__block_30__betrayal,betrayal,1.0,40,20,0.5,0.5375,0.009375,,False,,False
30,concept,concept__block_30__betrayal,betrayal,2.0,40,20,0.5,0.5125,0.003125,,False,,False
30,concept,concept__block_30__betrayal,betrayal,4.0,40,20,0.5,0.5375,0.009375,,False,,False
30,concept,concept__block_30__betrayal,betrayal,8.0,40,20,0.5,0.4625,-0.009375,,False,,False
30,concept,concept__block_30__betrayal,betrayal,16.0,40,20,0.5,0.4625,-0.009375,,False,,False
30,concept,concept__block_30__betrayal,betrayal,32.0,40,20,0.5,0.4875,-0.003125,,False,,False
30,concept,concept__block_30__betrayal,betrayal,64.0,40,20,0.5,0.55,0.0125,,False,,False
30,concept,concept__block_30__betrayal,betrayal,128.0,40,20,0.5,0.4875,-0.003125,,False,,False
30,concept,concept__block_30__fibonacci_numbers,fibonacci_numbers,0.25,40,20,0.5,0.4875,-0.003125,,False,,False
30,concept,concept__block_30__fibonacci_numbers,fibonacci_numbers,0.5,40,20,0.5,0.45,-0.0125,,False,,False
30,concept,concept__block_30__fibonacci_numbers,fibonacci_numbers,1.0,40,20,0.5,0.5125,0.003125,,False,,False
30,concept,concept__block_30__fibonacci_numbers,fibonacci_numbers,2.0,40,20,0.5,0.5125,0.003125,,False,,False
30,concept,concept__block_30__fibonacci_numbers,fibonacci_numbers,4.0,40,20,0.5,0.5,0.0,,False,,False
30,concept,concept__block_30__fibonacci_numbers,fibonacci_numbers,8.0,40,20,0.5,0.55,0.0125,,False,,False
30,concept,concept__block_30__fibonacci_numbers,fibonacci_numbers,16.0,40,20,0.5,0.475,-0.00625,,False,,False
30,concept,concept__block_30__fibonacci_numbers,fibonacci_numbers,32.0,40,20,0.5,0.5125,0.003125,,False,,False
30,concept,concept__block_30__fibonacci_numbers,fibonacci_numbers,64.0,40,20,0.5,0.55,0.0125,,False,,False
30,concept,concept__block_30__fibonacci_numbers,fibonacci_numbers,128.0,40,20,0.5,0.4625,-0.009375,,False,,False
30,concept,concept__block_30__recursion,recursion,0.25,40,20,0.5,0.5,0.0,,False,,False
30,concept,concept__block_30__recursion,recursion,0.5,40,20,0.5,0.4875,-0.003125,,False,,False
30,concept,concept__block_30__recursion,recursion,1.0,40,20,0.5,0.5375,0.009375,,False,,False
30,concept,concept__block_30__recursion,recursion,2.0,40,20,0.5,0.5125,0.003125,,False,,False
30,concept,concept__block_30__recursion,recursion,4.0,40,20,0.5,0.5,0.0,,False,,False
30,concept,concept__block_30__recursion,recursion,8.0,40,20,0.5,0.5,0.0,,False,,False
30,concept,concept__block_30__recursion,recursion,16.0,40,20,0.5,0.55,0.0125,,False,,False
30,concept,concept__block_30__recursion,recursion,32.0,40,20,0.5,0.55,0.0125,,False,,False
30,concept,concept__block_30__recursion,recursion,64.0,40,20,0.5,0.5,0.0,,False,,False
30,concept,concept__block_30__recursion,recursion,128.0,40,20,0.5,0.4875,-0.003125,,False,,False
30,concept,concept__block_30__shutdown,shutdown,0.25,40,20,0.5,0.5125,0.003125,,False,,False
30,concept,concept__block_30__shutdown,shutdown,0.5,40,20,0.5,0.525,0.00625,,False,,False
30,concept,concept__block_30__shutdown,shutdown,1.0,40,20,0.5,0.5375,0.009375,,False,,False
30,concept,concept__block_30__shutdown,shutdown,2.0,40,20,0.5,0.5,0.0,,False,,False
30,concept,concept__block_30__shutdown,shutdown,4.0,40,20,0.5,0.4625,-0.009375,,False,,False
30,concept,concept__block_30__shutdown,shutdown,8.0,40,20,0.5,0.5,0.0,,False,,False
30,concept,concept__block_30__shutdown,shutdown,16.0,40,20,0.5,0.5125,0.003125,,False,,False
30,concept,concept__block_30__shutdown,shutdown,32.0,40,20,0.5,0.5,0.0,,False,,False
30,concept,concept__block_30__shutdown,shutdown,64.0,40,20,0.5,0.475,-0.00625,,False,,False
30,concept,concept__block_30__shutdown,shutdown,128.0,40,20,0.5,0.5,0.0,,False,,False
30,dropout,dropout_realization_00,dropout_realization_00,0.25,40,20,0.5,0.5125,0.003125,,False,,False
30,dropout,dropout_realization_00,dropout_realization_00,0.5,40,20,0.5,0.5375,0.009375,,False,,False
30,dropout,dropout_realization_00,dropout_realization_00,1.0,40,20,0.5,0.4875,-0.003125,,False,,False
30,dropout,dropout_realization_00,dropout_realization_00,2.0,40,20,0.5,0.5,0.0,,False,,False
30,dropout,dropout_realization_00,dropout_realization_00,4.0,40,20,0.5,0.475,-0.00625,,False,,False
30,dropout,dropout_realization_00,dropout_realization_00,8.0,40,20,0.5,0.475,-0.00625,,False,,False
30,dropout,dropout_realization_00,dropout_realization_00,16.0,40,20,0.5,0.5125,0.003125,,False,,False
30,dropout,dropout_realization_00,dropout_realization_00,32.0,40,20,0.5,0.475,-0.00625,,False,,False
30,dropout,dropout_realization_00,dropout_realization_00,64.0,40,20,0.5,0.5125,0.003125,,False,,False
30,dropout,dropout_realization_00,dropout_realization_00,128.0,40,20,0.5,0.525,0.00625,,False,,False
30,dropout,dropout_realization_01,dropout_realization_01,0.25,40,20,0.5,0.4875,-0.003125,,False,,False
30,dropout,dropout_realization_01,dropout_realization_01,0.5,40,20,0.5,0.45,-0.0125,,False,,False
30,dropout,dropout_realization_01,dropout_realization_01,1.0,40,20,0.5,0.5125,0.003125,,False,,False
30,dropout,dropout_realization_01,dropout_realization_01,2.0,40,20,0.5,0.5,0.0,,False,,False
30,dropout,dropout_realization_01,dropout_realization_01,4.0,40,20,0.5,0.5125,0.003125,,False,,False
30,dropout,dropout_realization_01,dropout_realization_01,8.0,40,20,0.5,0.4375,-0.015625,,False,,False
30,dropout,dropout_realization_01,dropout_realization_01,16.0,40,20,0.5,0.5375,0.009375,,False,,False
30,dropout,dropout_realization_01,dropout_realization_01,32.0,40,20,0.5,0.45,-0.0125,,False,,False
30,dropout,dropout_realization_01,dropout_realization_01,64.0,40,20,0.5,0.5125,0.003125,,False,,False
30,dropout,dropout_realization_01,dropout_realization_01,128.0,40,20,0.5,0.5,0.0,,False,,False
30,noise,noise_realization_00,noise_realization_00,0.25,40,20,0.5,0.5,0.0,,False,,False
30,noise,noise_realization_00,noise_realization_00,0.5,40,20,0.5,0.5125,0.003125,,False,,False
30,noise,noise_realization_00,noise_realization_00,1.0,40,20,0.5,0.4875,-0.003125,,False,,False
30,noise,noise_realization_00,noise_realization_00,2.0,40,20,0.5,0.5125,0.003125,,False,,False
30,noise,noise_realization_00,noise_realization_00,4.0,40,20,0.5,0.4875,-0.003125,,False,,False
30,noise,noise_realization_00,noise_realization_00,8.0,40,20,0.5,0.5125,0.003125,,False,,False
30,noise,noise_realization_00,noise_realization_00,16.0,40,20,0.5,0.5,0.0,,False,,False
30,noise,noise_realization_00,noise_realization_00,32.0,40,20,0.5,0.5375,0.009375,,False,,False
30,noise,noise_realization_00,noise_realization_00,64.0,40,20,0.5,0.525,0.00625,,False,,False
30,noise,noise_realization_00,noise_realization_00,128.0,40,20,0.5,0.5375,0.009375,,False,,False
30,noise,noise_realization_01,noise_realization_01,0.25,40,20,0.5,0.4875,-0.003125,,False,,False
30,noise,noise_realization_01,noise_realization_01,0.5,40,20,0.5,0.4875,-0.003125,,False,,False
30,noise,noise_realization_01,noise_realization_01,1.0,40,20,0.5,0.5125,0.003125,,False,,False
30,noise,noise_realization_01,noise_realization_01,2.0,40,20,0.5,0.5375,0.009375,,False,,False
30,noise,noise_realization_01,noise_realization_01,4.0,40,20,0.5,0.475,-0.00625,,False,,False
30,noise,noise_realization_01,noise_realization_01,8.0,40,20,0.5,0.5125,0.003125,,False,,False
30,noise,noise_realization_01,noise_realization_01,16.0,40,20,0.5,0.5125,0.003125,,False,,False
30,noise,noise_realization_01,noise_realization_01,32.0,40,20,0.5,0.4625,-0.009375,,False,,False
30,noise,noise_realization_01,noise_realization_01,64.0,40,20,0.5,0.4875,-0.003125,,False,,False
30,noise,noise_realization_01,noise_realization_01,128.0,40,20,0.5,0.5125,0.003125,,False,,False
30,random,fixed_random__block_30__0000,0000,0.25,40,20,0.5,0.5125,0.003125,,False,,False
30,random,fixed_random__block_30__0000,0000,0.5,40,20,0.5,0.4625,-0.009375,,False,,False
30,random,fixed_random__block_30__0000,0000,1.0,40,20,0.5,0.5125,0.003125,,False,,False
30,random,fixed_random__block_30__0000,0000,2.0,40,20,0.5,0.5125,0.003125,,False,,False
30,random,fixed_random__block_30__0000,0000,4.0,40,20,0.5,0.525,0.00625,,False,,False
30,random,fixed_random__block_30__0000,0000,8.0,40,20,0.5,0.5,0.0,,False,,False
30,random,fixed_random__block_30__0000,0000,16.0,40,20,0.5,0.5375,0.009375,,False,,False
30,random,fixed_random__block_30__0000,0000,32.0,40,20,0.5,0.55,0.0125,,False,,False
30,random,fixed_random__block_30__0000,0000,64.0,40,20,0.5,0.5,0.0,,False,,False
30,random,fixed_random__block_30__0000,0000,128.0,40,20,0.5,0.4625,-0.0125,,False,,False
30,random,fixed_random__block_30__0001,0001,0.25,40,20,0.5,0.525,0.00625,,False,,False
30,random,fixed_random__block_30__0001,0001,0.5,40,20,0.5,0.55,0.0125,,False,,False
30,random,fixed_random__block_30__0001,0001,1.0,40,20,0.5,0.525,0.00625,,False,,False
30,random,fixed_random__block_30__0001,0001,2.0,40,20,0.5,0.5,0.0,,False,,False
30,random,fixed_random__block_30__0001,0001,4.0,40,20,0.5,0.4625,-0.009375,,False,,False
30,random,fixed_random__block_30__0001,0001,8.0,40,20,0.5,0.475,-0.00625,,False,,False
30,random,fixed_random__block_30__0001,0001,16.0,40,20,0.5,0.4625,-0.009375,,False,,False
30,random,fixed_random__block_30__0001,0001,32.0,40,20,0.5,0.5125,0.003125,,False,,False
30,random,fixed_random__block_30__0001,0001,64.0,40,20,0.5,0.45,-0.0125,,False,,False
30,random,fixed_random__block_30__0001,0001,128.0,40,20,0.5,0.5625,0.015625,,False,,False
30,random,fixed_random__block_30__0002,0002,0.25,40,20,0.5,0.4875,-0.003125,,False,,False
30,random,fixed_random__block_30__0002,0002,0.5,40,20,0.5,0.5125,0.003125,,False,,False
30,random,fixed_random__block_30__0002,0002,1.0,40,20,0.5,0.4875,-0.003125,,False,,False
30,random,fixed_random__block_30__0002,0002,2.0,40,20,0.5,0.5,0.0,,False,,False
30,random,fixed_random__block_30__0002,0002,4.0,40,20,0.5,0.5125,0.003125,,False,,False
30,random,fixed_random__block_30__0002,0002,8.0,40,20,0.5,0.5125,0.003125,,False,,False
30,random,fixed_random__block_30__0002,0002,16.0,40,20,0.5,0.5125,0.003125,,False,,False
30,random,fixed_random__block_30__0002,0002,32.0,40,20,0.5,0.4875,-0.003125,,False,,False
30,random,fixed_random__block_30__0002,0002,64.0,40,20,0.5,0.5,0.0,,False,,False
30,random,fixed_random__block_30__0002,0002,128.0,40,20,0.5,0.475,-0.00625,,False,,False
30,random,fixed_random__block_30__0003,0003,0.25,40,20,0.5,0.4875,-0.003125,,False,,False
30,random,fixed_random__block_30__0003,0003,0.5,40,20,0.5,0.4875,-0.003125,,False,,False
30,random,fixed_random__block_30__0003,0003,1.0,40,20,0.5,0.4625,-0.009375,,False,,False
30,random,fixed_random__block_30__0003,0003,2.0,40,20,0.5,0.4875,-0.003125,,False,,False
30,random,fixed_random__block_30__0003,0003,4.0,40,20,0.5,0.525,0.00625,,False,,False
30,random,fixed_random__block_30__0003,0003,8.0,40,20,0.5,0.525,0.00625,,False,,False
30,random,fixed_random__block_30__0003,0003,16.0,40,20,0.5,0.5125,0.003125,,False,,False
30,random,fixed_random__block_30__0003,0003,32.0,40,20,0.5,0.5375,0.009375,,False,,False
30,random,fixed_random__block_30__0003,0003,64.0,40,20,0.5,0.525,0.00625,,False,,False
30,random,fixed_random__block_30__0003,0003,128.0,40,20,0.5,0.4875,-0.003125,,False,,False
30,random,fixed_random__block_30__0004,0004,0.25,40,20,0.5,0.475,-0.00625,,False,,False
30,random,fixed_random__block_30__0004,0004,0.5,40,20,0.5,0.4875,-0.003125,,False,,False
30,random,fixed_random__block_30__0004,0004,1.0,40,20,0.5,0.5,0.0,,False,,False
30,random,fixed_random__block_30__0004,0004,2.0,40,20,0.5,0.5375,0.009375,,False,,False
30,random,fixed_random__block_30__0004,0004,4.0,40,20,0.5,0.5,0.0,,False,,False
30,random,fixed_random__block_30__0004,0004,8.0,40,20,0.5,0.525,0.00625,,False,,False
30,random,fixed_random__block_30__0004,0004,16.0,40,20,0.5,0.5125,0.003125,,False,,False
30,random,fixed_random__block_30__0004,0004,32.0,40,20,0.5,0.45,-0.0125,,False,,False
30,random,fixed_random__block_30__0004,0004,64.0,40,20,0.5,0.5125,0.003125,,False,,False
30,random,fixed_random__block_30__0004,0004,128.0,40,20,0.5,0.5125,0.003125,,False,,False
30,random,fixed_random__block_30__0005,0005,0.25,40,20,0.5,0.5,0.0,,False,,False
30,random,fixed_random__block_30__0005,0005,0.5,40,20,0.5,0.525,0.00625,,False,,False
30,random,fixed_random__block_30__0005,0005,1.0,40,20,0.5,0.475,-0.00625,,False,,False
30,random,fixed_random__block_30__0005,0005,2.0,40,20,0.5,0.525,0.00625,,False,,False
30,random,fixed_random__block_30__0005,0005,4.0,40,20,0.5,0.45,-0.0125,,False,,False
30,random,fixed_random__block_30__0005,0005,8.0,40,20,0.5,0.4875,-0.003125,,False,,False
30,random,fixed_random__block_30__0005,0005,16.0,40,20,0.5,0.525,0.00625,,False,,False
30,random,fixed_random__block_30__0005,0005,32.0,40,20,0.5,0.5,0.0,,False,,False
30,random,fixed_random__block_30__0005,0005,64.0,40,20,0.5,0.525,0.00625,,False,,False
30,random,fixed_random__block_30__0005,0005,128.0,40,20,0.5,0.4875,-0.003125,,False,,False
30,random,fixed_random__block_30__0006,0006,0.25,40,20,0.5,0.4625,-0.009375,,False,,False
30,random,fixed_random__block_30__0006,0006,0.5,40,20,0.5,0.525,0.00625,,False,,False
30,random,fixed_random__block_30__0006,0006,1.0,40,20,0.5,0.5125,0.003125,,False,,False
30,random,fixed_random__block_30__0006,0006,2.0,40,20,0.5,0.5,0.0,,False,,False
30,random,fixed_random__block_30__0006,0006,4.0,40,20,0.5,0.5125,0.003125,,False,,False
30,random,fixed_random__block_30__0006,0006,8.0,40,20,0.5,0.5125,0.003125,,False,,False
30,random,fixed_random__block_30__0006,0006,16.0,40,20,0.5,0.5125,0.003125,,False,,False
30,random,fixed_random__block_30__0006,0006,32.0,40,20,0.5,0.5375,0.009375,,False,,False
30,random,fixed_random__block_30__0006,0006,64.0,40,20,0.5,0.5,0.0,,False,,False
30,random,fixed_random__block_30__0006,0006,128.0,40,20,0.5,0.55,0.0125,,False,,False
30,random,fixed_random__block_30__0007,0007,0.25,40,20,0.5,0.4875,-0.003125,,False,,False
30,random,fixed_random__block_30__0007,0007,0.5,40,20,0.5,0.475,-0.00625,,False,,False
30,random,fixed_random__block_30__0007,0007,1.0,40,20,0.5,0.5,0.0,,False,,False
30,random,fixed_random__block_30__0007,0007,2.0,40,20,0.5,0.525,0.00625,,False,,False
30,random,fixed_random__block_30__0007,0007,4.0,40,20,0.5,0.4875,-0.003125,,False,,False
30,random,fixed_random__block_30__0007,0007,8.0,40,20,0.5,0.4875,-0.003125,,False,,False
30,random,fixed_random__block_30__0007,0007,16.0,40,20,0.5,0.5375,0.009375,,False,,False
30,random,fixed_random__block_30__0007,0007,32.0,40,20,0.5,0.5125,0.003125,,False,,False
30,random,fixed_random__block_30__0007,0007,64.0,40,20,0.5,0.5125,0.003125,,False,,False
30,random,fixed_random__block_30__0007,0007,128.0,40,20,0.5,0.4875,-0.00625,,False,,False
30,random,fixed_random__block_30__0008,0008,0.25,40,20,0.5,0.525,0.00625,,False,,False
30,random,fixed_random__block_30__0008,0008,0.5,40,20,0.5,0.45,-0.0125,,False,,False
30,random,fixed_random__block_30__0008,0008,1.0,40,20,0.5,0.5125,0.003125,,False,,False
30,random,fixed_random__block_30__0008,0008,2.0,40,20,0.5,0.4875,-0.003125,,False,,False
30,random,fixed_random__block_30__0008,0008,4.0,40,20,0.5,0.5,0.0,,False,,False
30,random,fixed_random__block_30__0008,0008,8.0,40,20,0.5,0.4875,-0.003125,,False,,False
30,random,fixed_random__block_30__0008,0008,16.0,40,20,0.5,0.5125,0.003125,,False,,False
30,random,fixed_random__block_30__0008,0008,32.0,40,20,0.5,0.5125,0.003125,,False,,False
30,random,fixed_random__block_30__0008,0008,64.0,40,20,0.5,0.5375,0.009375,,False,,False
30,random,fixed_random__block_30__0008,0008,128.0,40,20,0.5,0.4875,-0.003125,,False,,False
30,random,fixed_random__block_30__0009,0009,0.25,40,20,0.5,0.4875,-0.003125,,False,,False
30,random,fixed_random__block_30__0009,0009,0.5,40,20,0.5,0.5125,0.003125,,False,,False
30,random,fixed_random__block_30__0009,0009,1.0,40,20,0.5,0.5125,0.003125,,False,,False
30,random,fixed_random__block_30__0009,0009,2.0,40,20,0.5,0.5125,0.003125,,False,,False
30,random,fixed_random__block_30__0009,0009,4.0,40,20,0.5,0.4625,-0.009375,,False,,False
30,random,fixed_random__block_30__0009,0009,8.0,40,20,0.5,0.4875,-0.003125,,False,,False
30,random,fixed_random__block_30__0009,0009,16.0,40,20,0.5,0.4875,-0.003125,,False,,False
30,random,fixed_random__block_30__0009,0009,32.0,40,20,0.5,0.5,0.0,,False,,False
30,random,fixed_random__block_30__0009,0009,64.0,40,20,0.5,0.5,0.0,,False,,False
30,random,fixed_random__block_30__0009,0009,128.0,40,20,0.5,0.5125,0.003125,,False,,False
