layer,family,direction_id,direction_label,dose,n_trials,n_pairs,accuracy_raw,accuracy_adjusted,mean_s,threshold_75_raw,threshold_reportable_raw,threshold_75_adjusted,threshold_reportable_adjusted
3,concept,concept__block_03__Dust,Dust,0.0625,40,20,0.4875,0.5125,0.003125,5.066151365140274,True,5.232286970287373,True
3,concept,concept__block_03__Dust,Dust,0.125,40,20,0.5,0.5375,0.009375,5.066151365140274,True,5.232286970287373,True
3,concept,concept__block_03__Dust,Dust,0.25,40,20,0.4875,0.525,0.00625,5.066151365140274,True,5.232286970287373,True
3,concept,concept__block_03__Dust,Dust,0.5,40,20,0.5,0.4625,-0.00625,5.066151365140274,True,5.232286970287373,True
3,concept,concept__block_03__Dust,Dust,1.0,40,20,0.5,0.5,0.0,5.066151365140274,True,5.232286970287373,True
3,concept,concept__block_03__Dust,Dust,2.0,40,20,0.5,0.5875,0.021875,5.066151365140274,True,5.232286970287373,True
3,concept,concept__block_03__Dust,Dust,4.0,40,20,0.5125,0.6125,0.0375,5.066151365140274,True,5.232286970287373,True
3,concept,concept__block_03__Dust,Dust,8.0,40,20,1.0,0.875,0.69375,5.066151365140274,True,5.232286970287373,True
3,concept,concept__block_03__Dust,Dust,16.0,40,20,1.0,1.0,1.253125,5.066151365140274,True,5.232286970287373,True
3,concept,concept__block_03__Dust,Dust,32.0,40,20,1.0,0.9875,0.9875,5.066151365140274,True,5.232286970287373,True
3,concept,concept__block_03__Dust,Dust,64.0,40,20,1.0,0.8875,0.896875,5.066151365140274,True,5.232286970287373,True
3,concept,concept__block_03__Satellites,Satellites,0.0625,40,20,0.5,0.4875,-0.003125,5.06520795037984,True,4.145030225274642,True
3,concept,concept__block_03__Satellites,Satellites,0.125,40,20,0.4875,0.5375,0.009375,5.06520795037984,True,4.145030225274642,True
3,concept,concept__block_03__Satellites,Satellites,0.25,40,20,0.475,0.4875,-0.003125,5.06520795037984,True,4.145030225274642,True
3,concept,concept__block_03__Satellites,Satellites,0.5,40,20,0.5,0.5,-0.003125,5.06520795037984,True,4.145030225274642,True
3,concept,concept__block_03__Satellites,Satellites,1.0,40,20,0.5125,0.55,0.0125,5.06520795037984,True,4.145030225274642,True
3,concept,concept__block_03__Satellites,Satellites,2.0,40,20,0.4625,0.525,0.0,5.06520795037984,True,4.145030225274642,True
3,concept,concept__block_03__Satellites,Satellites,4.0,40,20,0.5125,0.625,0.040625,5.06520795037984,True,4.145030225274642,True
3,concept,concept__block_03__Satellites,Satellites,8.0,40,20,1.0,1.0,0.928125,5.06520795037984,True,4.145030225274642,True
3,concept,concept__block_03__Satellites,Satellites,16.0,40,20,1.0,0.9875,0.93125,5.06520795037984,True,4.145030225274642,True
3,concept,concept__block_03__Satellites,Satellites,32.0,40,20,1.0,1.0,1.01875,5.06520795037984,True,4.145030225274642,True
3,concept,concept__block_03__Satellites,Satellites,64.0,40,20,1.0,0.9875,1.128125,5.06520795037984,True,4.145030225274642,True
3,concept,concept__block_03__recursion,recursion,0.0625,40,20,0.5,0.5,0.003125,7.182467609685874,True,5.184068582021302,True
3,concept,concept__block_03__recursion,recursion,0.125,40,20,0.5125,0.4875,0.0,7.182467609685874,True,5.184068582021302,True
3,concept,concept__block_03__recursion,recursion,0.25,40,20,0.5,0.525,0.00625,7.182467609685874,True,5.184068582021302,True
3,concept,concept__block_03__recursion,recursion,0.5,40,20,0.5,0.5,0.0,7.182467609685874,True,5.184068582021302,True
3,concept,concept__block_03__recursion,recursion,1.0,40,20,0.4875,0.5125,0.003125,7.182467609685874,True,5.184068582021302,True
3,concept,concept__block_03__recursion,recursion,2.0,40,20,0.4875,0.5375,0.009375,7.182467609685874,True,5.184068582021302,True
3,concept,concept__block_03__recursion,recursion,4.0,40,20,0.5125,0.525,0.00625,7.182467609685874,True,5.184068582021302,True
3,concept,concept__block_03__recursion,recursion,8.0,40,20,0.975,0.9875,0.896875,7.182467609685874,True,5.184068582021302,True
3,concept,concept__block_03__recursion,recursion,16.0,40,20,1.0,1.0,1.765625,7.182467609685874,True,5.184068582021302,True
3,concept,concept__block_03__recursion,recursion,32.0,40,20,1.0,1.0,1.2625,7.182467609685874,True,5.184068582021302,True
3,concept,concept__block_03__recursion,recursion,64.0,40,20,1.0,0.8625,0.640625,7.182467609685874,True,5.184068582021302,True
3,concept,concept__block_03__shutdown,shutdown,0.0625,40,20,0.5,0.5125,0.003125,,False,,False
3,concept,concept__block_03__shutdown,shutdown,0.125,40,20,0.5,0.4875,-0.003125,,False,,False
3,concept,concept__block_03__shutdown,shutdown,0.25,40,20,0.5,0.5125,0.003125,,False,,False
3,concept,concept__block_03__shutdown,shutdown,0.5,40,20,0.4875,0.4875,-0.003125,,False,,False
3,concept,concept__block_03__shutdown,shutdown,1.0,40,20,0.525,0.5125,0.003125,,False,,False
3,concept,concept__block_03__shutdown,shutdown,2.0,40,20,0.5,0.525,0.00625,,False,,False
3,concept,concept__block_03__shutdown,shutdown,4.0,40,20,0.5,0.5125,0.00625,,False,,False
3,concept,concept__block_03__shutdown,shutdown,8.0,40,20,0.5625,0.6875,0.071875,,False,,False
3,concept,concept__block_03__shutdown,shutdown,16.0,40,20,1.0,0.9875,1.275,,False,,False
3,concept,concept__block_03__shutdown,shutdown,32.0,40,20,0.925,0.9,1.175,,False,,False
3,concept,concept__block_03__shutdown,shutdown,64.0,40,20,0.7375,0.525,0.440625,,False,,False
3,dropout,dropout_realization_00,dropout_realization_00,0.0625,40,20,0.4875,0.475,-0.00625,,False,,False
3,dropout,dropout_realization_00,dropout_realization_00,0.125,40,20,0.5,0.525,0.009375,,False,,False
3,dropout,dropout_realization_00,dropout_realization_00,0.25,40,20,0.5125,0.55,0.0125,,False,,False
3,dropout,dropout_realization_00,dropout_realization_00,0.5,40,20,0.5125,0.4875,-0.003125,,False,,False
3,dropout,dropout_realization_00,dropout_realization_00,1.0,40,20,0.5,0.5,0.0,,False,,False
3,dropout,dropout_realization_00,dropout_realization_00,2.0,40,20,0.5125,0.45,-0.009375,,False,,False
3,dropout,dropout_realization_00,dropout_realization_00,4.0,40,20,0.55,0.575,0.121875,,False,,False
3,dropout,dropout_realization_00,dropout_realization_00,8.0,40,20,0.65,0.5875,0.203125,,False,,False
3,dropout,dropout_realization_00,dropout_realization_00,16.0,40,20,0.8625,0.8,0.6375,,False,,False
3,dropout,dropout_realization_00,dropout_realization_00,32.0,40,20,0.9125,0.7625,0.396875,,False,,False
3,dropout,dropout_realization_00,dropout_realization_00,64.0,40,20,0.8875,0.7375,0.434375,,False,,False
3,dropout,dropout_realization_01,dropout_realization_01,0.0625,40,20,0.5,0.525,0.00625,,False,,False
3,dropout,dropout_realization_01,dropout_realization_01,0.125,40,20,0.5,0.5375,0.009375,,False,,False
3,dropout,dropout_realization_01,dropout_realization_01,0.25,40,20,0.5,0.5125,0.003125,,False,,False
3,dropout,dropout_realization_01,dropout_realization_01,0.5,40,20,0.5375,0.5125,0.025,,False,,False
3,dropout,dropout_realization_01,dropout_realization_01,1.0,40,20,0.4875,0.4875,-0.003125,,False,,False
3,dropout,dropout_realization_01,dropout_realization_01,2.0,40,20,0.4875,0.5125,0.003125,,False,,False
3,dropout,dropout_realization_01,dropout_realization_01,4.0,40,20,0.5,0.5625,0.015625,,False,,False
3,dropout,dropout_realization_01,dropout_realization_01,8.0,40,20,0.6625,0.6375,0.3125,,False,,False
3,dropout,dropout_realization_01,dropout_realization_01,16.0,40,20,0.7625,0.7875,0.428125,,False,,False
3,dropout,dropout_realization_01,dropout_realization_01,32.0,40,20,0.9375,0.7875,0.446875,,False,,False
3,dropout,dropout_realization_01,dropout_realization_01,64.0,40,20,0.8875,0.75,0.471875,,False,,False
3,noise,noise_realization_00,noise_realization_00,0.0625,40,20,0.5125,0.5125,0.003125,,False,58.29964229993927,True
3,noise,noise_realization_00,noise_realization_00,0.125,40,20,0.5,0.5,0.0,,False,58.29964229993927,True
3,noise,noise_realization_00,noise_realization_00,0.25,40,20,0.525,0.5125,0.003125,,False,58.29964229993927,True
3,noise,noise_realization_00,noise_realization_00,0.5,40,20,0.4875,0.525,0.009375,,False,58.29964229993927,True
3,noise,noise_realization_00,noise_realization_00,1.0,40,20,0.5125,0.525,0.00625,,False,58.29964229993927,True
3,noise,noise_realization_00,noise_realization_00,2.0,40,20,0.5,0.5125,0.003125,,False,58.29964229993927,True
3,noise,noise_realization_00,noise_realization_00,4.0,40,20,0.5,0.5125,0.00625,,False,58.29964229993927,True
3,noise,noise_realization_00,noise_realization_00,8.0,40,20,0.6125,0.65,0.090625,,False,58.29964229993927,True
3,noise,noise_realization_00,noise_realization_00,16.0,40,20,0.8875,0.9375,0.59375,,False,58.29964229993927,True
3,noise,noise_realization_00,noise_realization_00,32.0,40,20,0.925,0.7625,0.4375,,False,58.29964229993927,True
3,noise,noise_realization_00,noise_realization_00,64.0,40,20,0.7625,0.5875,0.24375,,False,58.29964229993927,True
3,noise,noise_realization_01,noise_realization_01,0.0625,40,20,0.5,0.475,-0.00625,,False,57.44103936599126,True
3,noise,noise_realization_01,noise_realization_01,0.125,40,20,0.5125,0.4875,0.0,,False,57.44103936599126,True
3,noise,noise_realization_01,noise_realization_01,0.25,40,20,0.5,0.5125,0.003125,,False,57.44103936599126,True
3,noise,noise_realization_01,noise_realization_01,0.5,40,20,0.4875,0.5,0.0,,False,57.44103936599126,True
3,noise,noise_realization_01,noise_realization_01,1.0,40,20,0.4875,0.5125,0.00625,,False,57.44103936599126,True
3,noise,noise_realization_01,noise_realization_01,2.0,40,20,0.5125,0.55,0.0125,,False,57.44103936599126,True
3,noise,noise_realization_01,noise_realization_01,4.0,40,20,0.5125,0.5125,0.00625,,False,57.44103936599126,True
3,noise,noise_realization_01,noise_realization_01,8.0,40,20,0.5375,0.625,0.05,,False,57.44103936599126,True
3,noise,noise_realization_01,noise_realization_01,16.0,40,20,0.925,0.8875,0.54375,,False,57.44103936599126,True
3,noise,noise_realization_01,noise_realization_01,32.0,40,20,0.925,0.7625,0.434375,,False,57.44103936599126,True
3,noise,noise_realization_01,noise_realization_01,64.0,40,20,0.9,0.625,0.365625,,False,57.44103936599126,True
3,random,fixed_random__block_03__0000,0000,0.0625,40,20,0.5,0.45,-0.0125,,False,,False
3,random,fixed_random__block_03__0000,0000,0.125,40,20,0.5,0.4875,0.0,,False,,False
3,random,fixed_random__block_03__0000,0000,0.25,40,20,0.5,0.5125,0.003125,,False,,False
3,random,fixed_random__block_03__0000,0000,0.5,40,20,0.4875,0.45,-0.009375,,False,,False
3,random,fixed_random__block_03__0000,0000,1.0,40,20,0.4875,0.5125,0.003125,,False,,False
3,random,fixed_random__block_03__0000,0000,2.0,40,20,0.5,0.475,-0.00625,,False,,False
3,random,fixed_random__block_03__0000,0000,4.0,40,20,0.4875,0.475,-0.009375,,False,,False
3,random,fixed_random__block_03__0000,0000,8.0,40,20,0.475,0.4875,-0.009375,,False,,False
3,random,fixed_random__block_03__0000,0000,16.0,40,20,1.0,0.9375,0.534375,,False,,False
3,random,fixed_random__block_03__0000,0000,32.0,40,20,0.9875,0.825,0.471875,,False,,False
3,random,fixed_random__block_03__0000,0000,64.0,40,20,0.825,0.6875,0.28125,,False,,False
3,random,fixed_random__block_03__0001,0001,0.0625,40,20,0.5125,0.5625,0.015625,43.61661681392297,True,,False
3,random,fixed_random__block_03__0001,0001,0.125,40,20,0.5125,0.4875,-0.003125,43.61661681392297,True,,False
3,random,fixed_random__block_03__0001,0001,0.25,40,20,0.5,0.525,0.00625,43.61661681392297,True,,False
3,random,fixed_random__block_03__0001,0001,0.5,40,20,0.5,0.5625,0.015625,43.61661681392297,True,,False
3,random,fixed_random__block_03__0001,0001,1.0,40,20,0.5,0.5,0.0,43.61661681392297,True,,False
3,random,fixed_random__block_03__0001,0001,2.0,40,20,0.5,0.5,0.003125,43.61661681392297,True,,False
3,random,fixed_random__block_03__0001,0001,4.0,40,20,0.5,0.475,-0.00625,43.61661681392297,True,,False
3,random,fixed_random__block_03__0001,0001,8.0,40,20,0.5375,0.6125,0.059375,43.61661681392297,True,,False
3,random,fixed_random__block_03__0001,0001,16.0,40,20,0.9875,0.925,0.728125,43.61661681392297,True,,False
3,random,fixed_random__block_03__0001,0001,32.0,40,20,0.95,0.8125,0.515625,43.61661681392297,True,,False
3,random,fixed_random__block_03__0001,0001,64.0,40,20,0.4875,0.4875,0.0125,43.61661681392297,True,,False
3,random,fixed_random__block_03__0002,0002,0.0625,40,20,0.4875,0.5,0.0,,False,5.738705220589866,True
3,random,fixed_random__block_03__0002,0002,0.125,40,20,0.5125,0.5125,0.003125,,False,5.738705220589866,True
3,random,fixed_random__block_03__0002,0002,0.25,40,20,0.5,0.5125,0.003125,,False,5.738705220589866,True
3,random,fixed_random__block_03__0002,0002,0.5,40,20,0.4875,0.4625,-0.009375,,False,5.738705220589866,True
3,random,fixed_random__block_03__0002,0002,1.0,40,20,0.5125,0.5375,0.009375,,False,5.738705220589866,True
3,random,fixed_random__block_03__0002,0002,2.0,40,20,0.4875,0.475,-0.00625,,False,5.738705220589866,True
3,random,fixed_random__block_03__0002,0002,4.0,40,20,0.4875,0.5375,0.009375,,False,5.738705220589866,True
3,random,fixed_random__block_03__0002,0002,8.0,40,20,0.75,0.9125,0.221875,,False,5.738705220589866,True
3,random,fixed_random__block_03__0002,0002,16.0,40,20,1.0,0.9875,1.03125,,False,5.738705220589866,True
3,random,fixed_random__block_03__0002,0002,32.0,40,20,1.0,1.0,1.275,,False,5.738705220589866,True
3,random,fixed_random__block_03__0002,0002,64.0,40,20,1.0,0.95,0.9,,False,5.738705220589866,True
6,concept,concept__block_06__Dust,Dust,0.0625,40,20,0.5125,0.5125,0.003125,15.059840124958617,True,,False
6,concept,concept__block_06__Dust,Dust,0.125,40,20,0.4875,0.45,-0.0125,15.059840124958617,True,,False
6,concept,concept__block_06__Dust,Dust,0.25,40,20,0.5125,0.45,-0.0125,15.059840124958617,True,,False
6,concept,concept__block_06__Dust,Dust,0.5,40,20,0.5,0.525,0.009375,15.059840124958617,True,,False
6,concept,concept__block_06__Dust,Dust,1.0,40,20,0.5,0.4875,-0.003125,15.059840124958617,True,,False
6,concept,concept__block_06__Dust,Dust,2.0,40,20,0.5,0.525,0.009375,15.059840124958617,True,,False
6,concept,concept__block_06__Dust,Dust,4.0,40,20,0.4875,0.4875,-0.003125,15.059840124958617,True,,False
6,concept,concept__block_06__Dust,Dust,8.0,40,20,0.4875,0.475,-0.003125,15.059840124958617,True,,False
6,concept,concept__block_06__Dust,Dust,16.0,40,20,0.925,0.7625,0.271875,15.059840124958617,True,,False
6,concept,concept__block_06__Dust,Dust,32.0,40,20,0.9875,0.8125,0.690625,15.059840124958617,True,,False
6,concept,concept__block_06__Dust,Dust,64.0,40,20,1.0,0.95,0.759375,15.059840124958617,True,,False
6,concept,concept__block_06__Satellites,Satellites,0.0625,40,20,0.525,0.525,0.00625,10.126856305640546,True,10.765526546247266,True
6,concept,concept__block_06__Satellites,Satellites,0.125,40,20,0.475,0.475,-0.003125,10.126856305640546,True,10.765526546247266,True
6,concept,concept__block_06__Satellites,Satellites,0.25,40,20,0.4875,0.5125,0.003125,10.126856305640546,True,10.765526546247266,True
6,concept,concept__block_06__Satellites,Satellites,0.5,40,20,0.5,0.5125,0.003125,10.126856305640546,True,10.765526546247266,True
6,concept,concept__block_06__Satellites,Satellites,1.0,40,20,0.5125,0.4875,-0.003125,10.126856305640546,True,10.765526546247266,True
6,concept,concept__block_06__Satellites,Satellites,2.0,40,20,0.4875,0.475,-0.003125,10.126856305640546,True,10.765526546247266,True
6,concept,concept__block_06__Satellites,Satellites,4.0,40,20,0.4875,0.5,-0.003125,10.126856305640546,True,10.765526546247266,True
6,concept,concept__block_06__Satellites,Satellites,8.0,40,20,0.4875,0.55,0.009375,10.126856305640546,True,10.765526546247266,True
6,concept,concept__block_06__Satellites,Satellites,16.0,40,20,1.0,0.975,0.771875,10.126856305640546,True,10.765526546247266,True
6,concept,concept__block_06__Satellites,Satellites,32.0,40,20,1.0,1.0,1.190625,10.126856305640546,True,10.765526546247266,True
6,concept,concept__block_06__Satellites,Satellites,64.0,40,20,1.0,1.0,1.5,10.126856305640546,True,10.765526546247266,True
6,concept,concept__block_06__recursion,recursion,0.0625,40,20,0.475,0.4625,-0.009375,,False,6.692547547318766,True
6,concept,concept__block_06__recursion,recursion,0.125,40,20,0.5125,0.5125,0.003125,,False,6.692547547318766,True
6,concept,concept__block_06__recursion,recursion,0.25,40,20,0.4875,0.4375,-0.0125,,False,6.692547547318766,True
6,concept,concept__block_06__recursion,recursion,0.5,40,20,0.5125,0.575,0.01875,,False,6.692547547318766,True
6,concept,concept__block_06__recursion,recursion,1.0,40,20,0.5,0.5375,0.009375,,False,6.692547547318766,True
6,concept,concept__block_06__recursion,recursion,2.0,40,20,0.5,0.5,-0.003125,,False,6.692547547318766,True
6,concept,concept__block_06__recursion,recursion,4.0,40,20,0.5,0.5375,0.009375,,False,6.692547547318766,True
6,concept,concept__block_06__recursion,recursion,8.0,40,20,0.5875,0.7875,0.096875,,False,6.692547547318766,True
6,concept,concept__block_06__recursion,recursion,16.0,40,20,1.0,1.0,0.784375,,False,6.692547547318766,True
6,concept,concept__block_06__recursion,recursion,32.0,40,20,1.0,0.9875,0.96875,,False,6.692547547318766,True
6,concept,concept__block_06__recursion,recursion,64.0,40,20,1.0,0.975,0.8625,,False,6.692547547318766,True
6,concept,concept__block_06__shutdown,shutdown,0.0625,40,20,0.5,0.475,-0.00625,,False,22.94099313818531,True
6,concept,concept__block_06__shutdown,shutdown,0.125,40,20,0.525,0.5625,0.015625,,False,22.94099313818531,True
6,concept,concept__block_06__shutdown,shutdown,0.25,40,20,0.5,0.55,0.0125,,False,22.94099313818531,True
6,concept,concept__block_06__shutdown,shutdown,0.5,40,20,0.525,0.5125,0.003125,,False,22.94099313818531,True
6,concept,concept__block_06__shutdown,shutdown,1.0,40,20,0.5125,0.525,0.00625,,False,22.94099313818531,True
6,concept,concept__block_06__shutdown,shutdown,2.0,40,20,0.5125,0.5375,0.009375,,False,22.94099313818531,True
6,concept,concept__block_06__shutdown,shutdown,4.0,40,20,0.5,0.4875,-0.003125,,False,22.94099313818531,True
6,concept,concept__block_06__shutdown,shutdown,8.0,40,20,0.5,0.5125,0.00625,,False,22.94099313818531,True
6,concept,concept__block_06__shutdown,shutdown,16.0,40,20,0.8375,0.7875,0.33125,,False,22.94099313818531,True
6,concept,concept__block_06__shutdown,shutdown,32.0,40,20,0.975,0.8,0.440625,,False,22.94099313818531,True
6,concept,concept__block_06__shutdown,shutdown,64.0,40,20,0.975,0.875,0.61875,,False,22.94099313818531,True
6,dropout,dropout_realization_00,dropout_realization_00,0.0625,40,20,0.4875,0.4875,-0.003125,,False,,False
6,dropout,dropout_realization_00,dropout_realization_00,0.125,40,20,0.5125,0.5375,0.0125,,False,,False
6,dropout,dropout_realization_00,dropout_realization_00,0.25,40,20,0.5125,0.5125,0.003125,,False,,False
6,dropout,dropout_realization_00,dropout_realization_00,0.5,40,20,0.4875,0.475,-0.00625,,False,,False
6,dropout,dropout_realization_00,dropout_realization_00,1.0,40,20,0.4875,0.475,-0.00625,,False,,False
6,dropout,dropout_realization_00,dropout_realization_00,2.0,40,20,0.4875,0.4625,-0.00625,,False,,False
6,dropout,dropout_realization_00,dropout_realization_00,4.0,40,20,0.475,0.4625,-0.00625,,False,,False
6,dropout,dropout_realization_00,dropout_realization_00,8.0,40,20,0.5125,0.55,0.025,,False,,False
6,dropout,dropout_realization_00,dropout_realization_00,16.0,40,20,0.625,0.6375,0.10625,,False,,False
6,dropout,dropout_realization_00,dropout_realization_00,32.0,40,20,0.7625,0.775,0.196875,,False,,False
6,dropout,dropout_realization_00,dropout_realization_00,64.0,40,20,0.7625,0.625,0.253125,,False,,False
6,dropout,dropout_realization_01,dropout_realization_01,0.0625,40,20,0.5,0.4875,-0.003125,34.23121133062764,True,,False
6,dropout,dropout_realization_01,dropout_realization_01,0.125,40,20,0.5,0.4875,-0.003125,34.23121133062764,True,,False
6,dropout,dropout_realization_01,dropout_realization_01,0.25,40,20,0.475,0.45,-0.0125,34.23121133062764,True,,False
6,dropout,dropout_realization_01,dropout_realization_01,0.5,40,20,0.5,0.5125,0.003125,34.23121133062764,True,,False
6,dropout,dropout_realization_01,dropout_realization_01,1.0,40,20,0.5125,0.55,0.0125,34.23121133062764,True,,False
6,dropout,dropout_realization_01,dropout_realization_01,2.0,40,20,0.5,0.4875,0.003125,34.23121133062764,True,,False
6,dropout,dropout_realization_01,dropout_realization_01,4.0,40,20,0.5125,0.5875,0.03125,34.23121133062764,True,,False
6,dropout,dropout_realization_01,dropout_realization_01,8.0,40,20,0.55,0.6,0.065625,34.23121133062764,True,,False
6,dropout,dropout_realization_01,dropout_realization_01,16.0,40,20,0.625,0.7125,0.134375,34.23121133062764,True,,False
6,dropout,dropout_realization_01,dropout_realization_01,32.0,40,20,0.75,0.7375,0.225,34.23121133062764,True,,False
6,dropout,dropout_realization_01,dropout_realization_01,64.0,40,20,0.85,0.6875,0.25625,34.23121133062764,True,,False
6,noise,noise_realization_00,noise_realization_00,0.0625,40,20,0.5125,0.55,0.0125,30.473149443234107,True,49.43501392897788,True
6,noise,noise_realization_00,noise_realization_00,0.125,40,20,0.5,0.525,0.00625,30.473149443234107,True,49.43501392897788,True
6,noise,noise_realization_00,noise_realization_00,0.25,40,20,0.5125,0.4625,-0.00625,30.473149443234107,True,49.43501392897788,True
6,noise,noise_realization_00,noise_realization_00,0.5,40,20,0.5,0.4625,-0.00625,30.473149443234107,True,49.43501392897788,True
6,noise,noise_realization_00,noise_realization_00,1.0,40,20,0.4875,0.5375,0.009375,30.473149443234107,True,49.43501392897788,True
6,noise,noise_realization_00,noise_realization_00,2.0,40,20,0.5,0.5625,0.015625,30.473149443234107,True,49.43501392897788,True
6,noise,noise_realization_00,noise_realization_00,4.0,40,20,0.4875,0.4875,-0.003125,30.473149443234107,True,49.43501392897788,True
6,noise,noise_realization_00,noise_realization_00,8.0,40,20,0.4875,0.55,0.0125,30.473149443234107,True,49.43501392897788,True
6,noise,noise_realization_00,noise_realization_00,16.0,40,20,0.55,0.675,0.06875,30.473149443234107,True,49.43501392897788,True
6,noise,noise_realization_00,noise_realization_00,32.0,40,20,0.9,0.9,0.334375,30.473149443234107,True,49.43501392897788,True
6,noise,noise_realization_00,noise_realization_00,64.0,40,20,0.825,0.6375,0.315625,30.473149443234107,True,49.43501392897788,True
6,noise,noise_realization_01,noise_realization_01,0.0625,40,20,0.5,0.5125,0.003125,28.151840985030383,True,,False
6,noise,noise_realization_01,noise_realization_01,0.125,40,20,0.5125,0.45,-0.0125,28.151840985030383,True,,False
6,noise,noise_realization_01,noise_realization_01,0.25,40,20,0.4875,0.475,-0.00625,28.151840985030383,True,,False
6,noise,noise_realization_01,noise_realization_01,0.5,40,20,0.5,0.5,0.0,28.151840985030383,True,,False
6,noise,noise_realization_01,noise_realization_01,1.0,40,20,0.4875,0.5,0.0,28.151840985030383,True,,False
6,noise,noise_realization_01,noise_realization_01,2.0,40,20,0.5125,0.55,0.0125,28.151840985030383,True,,False
6,noise,noise_realization_01,noise_realization_01,4.0,40,20,0.5,0.525,0.00625,28.151840985030383,True,,False
6,noise,noise_realization_01,noise_realization_01,8.0,40,20,0.475,0.575,0.015625,28.151840985030383,True,,False
6,noise,noise_realization_01,noise_realization_01,16.0,40,20,0.575,0.7,0.0875,28.151840985030383,True,,False
6,noise,noise_realization_01,noise_realization_01,32.0,40,20,0.875,0.925,0.375,28.151840985030383,True,,False
6,noise,noise_realization_01,noise_realization_01,64.0,40,20,0.875,0.625,0.296875,28.151840985030383,True,,False
6,random,fixed_random__block_06__0000,0000,0.0625,40,20,0.4625,0.475,-0.00625,,False,27.596977890442467,True
6,random,fixed_random__block_06__0000,0000,0.125,40,20,0.4875,0.5,0.0,,False,27.596977890442467,True
6,random,fixed_random__block_06__0000,0000,0.25,40,20,0.5,0.5125,0.003125,,False,27.596977890442467,True
6,random,fixed_random__block_06__0000,0000,0.5,40,20,0.5125,0.5375,0.009375,,False,27.596977890442467,True
6,random,fixed_random__block_06__0000,0000,1.0,40,20,0.5125,0.5,0.0,,False,27.596977890442467,True
6,random,fixed_random__block_06__0000,0000,2.0,40,20,0.5,0.525,0.009375,,False,27.596977890442467,True
6,random,fixed_random__block_06__0000,0000,4.0,40,20,0.4875,0.4875,-0.003125,,False,27.596977890442467,True
6,random,fixed_random__block_06__0000,0000,8.0,40,20,0.475,0.4625,-0.009375,,False,27.596977890442467,True
6,random,fixed_random__block_06__0000,0000,16.0,40,20,0.475,0.525,0.003125,,False,27.596977890442467,True
6,random,fixed_random__block_06__0000,0000,32.0,40,20,0.975,0.9375,0.440625,,False,27.596977890442467,True
6,random,fixed_random__block_06__0000,0000,64.0,40,20,0.95,0.8375,0.634375,,False,27.596977890442467,True
6,random,fixed_random__block_06__0001,0001,0.0625,40,20,0.4875,0.4375,-0.015625,32.5135501390145,True,55.33887846383917,True
6,random,fixed_random__block_06__0001,0001,0.125,40,20,0.5125,0.5125,0.003125,32.5135501390145,True,55.33887846383917,True
6,random,fixed_random__block_06__0001,0001,0.25,40,20,0.5,0.5125,0.00625,32.5135501390145,True,55.33887846383917,True
6,random,fixed_random__block_06__0001,0001,0.5,40,20,0.4875,0.4625,-0.009375,32.5135501390145,True,55.33887846383917,True
6,random,fixed_random__block_06__0001,0001,1.0,40,20,0.5,0.5,0.0,32.5135501390145,True,55.33887846383917,True
6,random,fixed_random__block_06__0001,0001,2.0,40,20,0.4875,0.55,0.0125,32.5135501390145,True,55.33887846383917,True
6,random,fixed_random__block_06__0001,0001,4.0,40,20,0.4875,0.5125,0.00625,32.5135501390145,True,55.33887846383917,True
6,random,fixed_random__block_06__0001,0001,8.0,40,20,0.4875,0.5625,0.01875,32.5135501390145,True,55.33887846383917,True
6,random,fixed_random__block_06__0001,0001,16.0,40,20,0.55,0.6875,0.078125,32.5135501390145,True,55.33887846383917,True
6,random,fixed_random__block_06__0001,0001,32.0,40,20,0.9,0.8375,0.309375,32.5135501390145,True,55.33887846383917,True
6,random,fixed_random__block_06__0001,0001,64.0,40,20,0.8125,0.65,0.25,32.5135501390145,True,55.33887846383917,True
6,random,fixed_random__block_06__0002,0002,0.0625,40,20,0.525,0.5375,0.009375,25.24915606634239,True,34.90309117852239,True
6,random,fixed_random__block_06__0002,0002,0.125,40,20,0.4875,0.5375,0.009375,25.24915606634239,True,34.90309117852239,True
6,random,fixed_random__block_06__0002,0002,0.25,40,20,0.5125,0.5,-0.003125,25.24915606634239,True,34.90309117852239,True
6,random,fixed_random__block_06__0002,0002,0.5,40,20,0.5,0.5375,0.009375,25.24915606634239,True,34.90309117852239,True
6,random,fixed_random__block_06__0002,0002,1.0,40,20,0.5,0.525,0.00625,25.24915606634239,True,34.90309117852239,True
6,random,fixed_random__block_06__0002,0002,2.0,40,20,0.5,0.525,0.00625,25.24915606634239,True,34.90309117852239,True
6,random,fixed_random__block_06__0002,0002,4.0,40,20,0.475,0.475,-0.009375,25.24915606634239,True,34.90309117852239,True
6,random,fixed_random__block_06__0002,0002,8.0,40,20,0.4875,0.4625,-0.009375,25.24915606634239,True,34.90309117852239,True
6,random,fixed_random__block_06__0002,0002,16.0,40,20,0.5,0.5875,0.046875,25.24915606634239,True,34.90309117852239,True
6,random,fixed_random__block_06__0002,0002,32.0,40,20,0.8875,0.8375,0.35,25.24915606634239,True,34.90309117852239,True
6,random,fixed_random__block_06__0002,0002,64.0,40,20,0.975,0.8,0.55625,25.24915606634239,True,34.90309117852239,True
8,concept,concept__block_08__Dust,Dust,0.0625,40,20,0.5125,0.5375,0.009375,,False,,False
8,concept,concept__block_08__Dust,Dust,0.125,40,20,0.5,0.4125,-0.021875,,False,,False
8,concept,concept__block_08__Dust,Dust,0.25,40,20,0.5,0.5375,0.009375,,False,,False
8,concept,concept__block_08__Dust,Dust,0.5,40,20,0.5,0.5625,0.015625,,False,,False
8,concept,concept__block_08__Dust,Dust,1.0,40,20,0.5,0.4875,-0.003125,,False,,False
8,concept,concept__block_08__Dust,Dust,2.0,40,20,0.5,0.5125,0.003125,,False,,False
8,concept,concept__block_08__Dust,Dust,4.0,40,20,0.5,0.5125,0.003125,,False,,False
8,concept,concept__block_08__Dust,Dust,8.0,40,20,0.4875,0.4125,-0.025,,False,,False
8,concept,concept__block_08__Dust,Dust,16.0,40,20,0.5625,0.625,0.084375,,False,,False
8,concept,concept__block_08__Dust,Dust,32.0,40,20,0.95,0.8,0.43125,,False,,False
8,concept,concept__block_08__Dust,Dust,64.0,40,20,0.9875,0.85,0.665625,,False,,False
8,concept,concept__block_08__Satellites,Satellites,0.0625,40,20,0.5,0.5125,0.003125,,False,,False
8,concept,concept__block_08__Satellites,Satellites,0.125,40,20,0.5125,0.4875,-0.003125,,False,,False
8,concept,concept__block_08__Satellites,Satellites,0.25,40,20,0.5,0.525,0.00625,,False,,False
8,concept,concept__block_08__Satellites,Satellites,0.5,40,20,0.5125,0.475,-0.00625,,False,,False
8,concept,concept__block_08__Satellites,Satellites,1.0,40,20,0.5,0.5125,0.003125,,False,,False
8,concept,concept__block_08__Satellites,Satellites,2.0,40,20,0.4875,0.425,-0.01875,,False,,False
8,concept,concept__block_08__Satellites,Satellites,4.0,40,20,0.4875,0.45,-0.015625,,False,,False
8,concept,concept__block_08__Satellites,Satellites,8.0,40,20,0.4875,0.4,-0.025,,False,,False
8,concept,concept__block_08__Satellites,Satellites,16.0,40,20,0.625,0.6375,0.115625,,False,,False
8,concept,concept__block_08__Satellites,Satellites,32.0,40,20,0.9875,1.0,1.1,,False,,False
8,concept,concept__block_08__Satellites,Satellites,64.0,40,20,1.0,1.0,1.08125,,False,,False
8,concept,concept__block_08__recursion,recursion,0.0625,40,20,0.5,0.5125,0.0,,False,15.520349184363686,True
8,concept,concept__block_08__recursion,recursion,0.125,40,20,0.5,0.525,0.00625,,False,15.520349184363686,True
8,concept,concept__block_08__recursion,recursion,0.25,40,20,0.4875,0.45,-0.0125,,False,15.520349184363686,True
8,concept,concept__block_08__recursion,recursion,0.5,40,20,0.5,0.5125,0.003125,,False,15.520349184363686,True
8,concept,concept__block_08__recursion,recursion,1.0,40,20,0.4875,0.5,0.003125,,False,15.520349184363686,True
8,concept,concept__block_08__recursion,recursion,2.0,40,20,0.5125,0.5,0.0,,False,15.520349184363686,True
8,concept,concept__block_08__recursion,recursion,4.0,40,20,0.5,0.575,0.01875,,False,15.520349184363686,True
8,concept,concept__block_08__recursion,recursion,8.0,40,20,0.5125,0.525,0.00625,,False,15.520349184363686,True
8,concept,concept__block_08__recursion,recursion,16.0,40,20,0.825,0.8375,0.253125,,False,15.520349184363686,True
8,concept,concept__block_08__recursion,recursion,32.0,40,20,1.0,1.0,1.19375,,False,15.520349184363686,True
8,concept,concept__block_08__recursion,recursion,64.0,40,20,1.0,1.0,1.059375,,False,15.520349184363686,True
8,concept,concept__block_08__shutdown,shutdown,0.0625,40,20,0.5125,0.5625,0.015625,,False,,False
8,concept,concept__block_08__shutdown,shutdown,0.125,40,20,0.5125,0.475,-0.00625,,False,,False
8,concept,concept__block_08__shutdown,shutdown,0.25,40,20,0.5125,0.5,0.0,,False,,False
8,concept,concept__block_08__shutdown,shutdown,0.5,40,20,0.5,0.5125,0.003125,,False,,False
8,concept,concept__block_08__shutdown,shutdown,1.0,40,20,0.4875,0.5125,0.003125,,False,,False
8,concept,concept__block_08__shutdown,shutdown,2.0,40,20,0.5,0.5375,0.0125,,False,,False
8,concept,concept__block_08__shutdown,shutdown,4.0,40,20,0.4875,0.4375,-0.015625,,False,,False
8,concept,concept__block_08__shutdown,shutdown,8.0,40,20,0.5125,0.575,0.021875,,False,,False
8,concept,concept__block_08__shutdown,shutdown,16.0,40,20,0.575,0.6625,0.08125,,False,,False
8,concept,concept__block_08__shutdown,shutdown,32.0,40,20,0.925,0.725,0.48125,,False,,False
8,concept,concept__block_08__shutdown,shutdown,64.0,40,20,0.9,0.6875,0.565625,,False,,False
8,dropout,dropout_realization_00,dropout_realization_00,0.0625,40,20,0.5,0.525,0.00625,62.59627906103707,True,61.172427927485586,True
8,dropout,dropout_realization_00,dropout_realization_00,0.125,40,20,0.5125,0.525,0.00625,62.59627906103707,True,61.172427927485586,True
8,dropout,dropout_realization_00,dropout_realization_00,0.25,40,20,0.5,0.4875,-0.003125,62.59627906103707,True,61.172427927485586,True
8,dropout,dropout_realization_00,dropout_realization_00,0.5,40,20,0.5,0.475,-0.003125,62.59627906103707,True,61.172427927485586,True
8,dropout,dropout_realization_00,dropout_realization_00,1.0,40,20,0.4875,0.525,0.009375,62.59627906103707,True,61.172427927485586,True
8,dropout,dropout_realization_00,dropout_realization_00,2.0,40,20,0.5125,0.5125,0.003125,62.59627906103707,True,61.172427927485586,True
8,dropout,dropout_realization_00,dropout_realization_00,4.0,40,20,0.5,0.5,0.003125,62.59627906103707,True,61.172427927485586,True
8,dropout,dropout_realization_00,dropout_realization_00,8.0,40,20,0.475,0.5125,0.003125,62.59627906103707,True,61.172427927485586,True
8,dropout,dropout_realization_00,dropout_realization_00,16.0,40,20,0.5375,0.5875,0.028125,62.59627906103707,True,61.172427927485586,True
8,dropout,dropout_realization_00,dropout_realization_00,32.0,40,20,0.5,0.5,0.00625,62.59627906103707,True,61.172427927485586,True
8,dropout,dropout_realization_00,dropout_realization_00,64.0,40,20,0.7875,0.8375,0.225,62.59627906103707,True,61.172427927485586,True
8,dropout,dropout_realization_01,dropout_realization_01,0.0625,40,20,0.5,0.4875,-0.003125,,False,57.057586875505834,True
8,dropout,dropout_realization_01,dropout_realization_01,0.125,40,20,0.4875,0.4875,-0.003125,,False,57.057586875505834,True
8,dropout,dropout_realization_01,dropout_realization_01,0.25,40,20,0.5125,0.5375,0.009375,,False,57.057586875505834,True
8,dropout,dropout_realization_01,dropout_realization_01,0.5,40,20,0.5,0.5125,0.003125,,False,57.057586875505834,True
8,dropout,dropout_realization_01,dropout_realization_01,1.0,40,20,0.5,0.4875,-0.003125,,False,57.057586875505834,True
8,dropout,dropout_realization_01,dropout_realization_01,2.0,40,20,0.5,0.5,0.0,,False,57.057586875505834,True
8,dropout,dropout_realization_01,dropout_realization_01,4.0,40,20,0.5,0.4875,-0.003125,,False,57.057586875505834,True
8,dropout,dropout_realization_01,dropout_realization_01,8.0,40,20,0.4875,0.525,0.009375,,False,57.057586875505834,True
8,dropout,dropout_realization_01,dropout_realization_01,16.0,40,20,0.5,0.55,0.0125,,False,57.057586875505834,True
8,dropout,dropout_realization_01,dropout_realization_01,32.0,40,20,0.475,0.55,0.03125,,False,57.057586875505834,True
8,dropout,dropout_realization_01,dropout_realization_01,64.0,40,20,0.7125,0.8,0.18125,,False,57.057586875505834,True
8,noise,noise_realization_00,noise_realization_00,0.0625,40,20,0.4875,0.475,-0.00625,,False,57.57331349670551,True
8,noise,noise_realization_00,noise_realization_00,0.125,40,20,0.5,0.45,-0.0125,,False,57.57331349670551,True
8,noise,noise_realization_00,noise_realization_00,0.25,40,20,0.4875,0.4875,-0.003125,,False,57.57331349670551,True
8,noise,noise_realization_00,noise_realization_00,0.5,40,20,0.5,0.475,-0.003125,,False,57.57331349670551,True
8,noise,noise_realization_00,noise_realization_00,1.0,40,20,0.4875,0.475,-0.003125,,False,57.57331349670551,True
8,noise,noise_realization_00,noise_realization_00,2.0,40,20,0.5,0.5,0.0,,False,57.57331349670551,True
8,noise,noise_realization_00,noise_realization_00,4.0,40,20,0.475,0.475,-0.00625,,False,57.57331349670551,True
8,noise,noise_realization_00,noise_realization_00,8.0,40,20,0.4625,0.45,-0.0125,,False,57.57331349670551,True
8,noise,noise_realization_00,noise_realization_00,16.0,40,20,0.525,0.575,0.028125,,False,57.57331349670551,True
8,noise,noise_realization_00,noise_realization_00,32.0,40,20,0.7125,0.8875,0.196875,,False,57.57331349670551,True
8,noise,noise_realization_00,noise_realization_00,64.0,40,20,0.875,0.6625,0.275,,False,57.57331349670551,True
8,noise,noise_realization_01,noise_realization_01,0.0625,40,20,0.5,0.4875,-0.003125,41.56201881556473,True,55.818396403646766,True
8,noise,noise_realization_01,noise_realization_01,0.125,40,20,0.475,0.4875,-0.003125,41.56201881556473,True,55.818396403646766,True
8,noise,noise_realization_01,noise_realization_01,0.25,40,20,0.4875,0.5,0.0,41.56201881556473,True,55.818396403646766,True
8,noise,noise_realization_01,noise_realization_01,0.5,40,20,0.5125,0.5125,0.003125,41.56201881556473,True,55.818396403646766,True
8,noise,noise_realization_01,noise_realization_01,1.0,40,20,0.4875,0.45,-0.0125,41.56201881556473,True,55.818396403646766,True
8,noise,noise_realization_01,noise_realization_01,2.0,40,20,0.5125,0.5125,0.003125,41.56201881556473,True,55.818396403646766,True
8,noise,noise_realization_01,noise_realization_01,4.0,40,20,0.5,0.525,0.00625,41.56201881556473,True,55.818396403646766,True
8,noise,noise_realization_01,noise_realization_01,8.0,40,20,0.525,0.5375,0.00625,41.56201881556473,True,55.818396403646766,True
8,noise,noise_realization_01,noise_realization_01,16.0,40,20,0.4625,0.5375,0.01875,41.56201881556473,True,55.818396403646766,True
8,noise,noise_realization_01,noise_realization_01,32.0,40,20,0.6875,0.825,0.203125,41.56201881556473,True,55.818396403646766,True
8,noise,noise_realization_01,noise_realization_01,64.0,40,20,0.875,0.6875,0.309375,41.56201881556473,True,55.818396403646766,True
8,random,fixed_random__block_08__0000,0000,0.0625,40,20,0.5,0.5,0.0,,False,,False
8,random,fixed_random__block_08__0000,0000,0.125,40,20,0.5,0.5125,0.00625,,False,,False
8,random,fixed_random__block_08__0000,0000,0.25,40,20,0.5,0.5125,0.00625,,False,,False
8,random,fixed_random__block_08__0000,0000,0.5,40,20,0.5,0.5375,0.009375,,False,,False
8,random,fixed_random__block_08__0000,0000,1.0,40,20,0.525,0.525,0.00625,,False,,False
8,random,fixed_random__block_08__0000,0000,2.0,40,20,0.5,0.5125,0.003125,,False,,False
8,random,fixed_random__block_08__0000,0000,4.0,40,20,0.5,0.525,0.00625,,False,,False
8,random,fixed_random__block_08__0000,0000,8.0,40,20,0.4625,0.4625,-0.0125,,False,,False
8,random,fixed_random__block_08__0000,0000,16.0,40,20,0.5,0.5375,0.01875,,False,,False
8,random,fixed_random__block_08__0000,0000,32.0,40,20,0.9625,0.975,0.45625,,False,,False
8,random,fixed_random__block_08__0000,0000,64.0,40,20,1.0,0.9875,0.5875,,False,,False
8,random,fixed_random__block_08__0001,0001,0.0625,40,20,0.4875,0.5,0.003125,37.87425435488895,True,37.94783017981396,True
8,random,fixed_random__block_08__0001,0001,0.125,40,20,0.5125,0.525,0.00625,37.87425435488895,True,37.94783017981396,True
8,random,fixed_random__block_08__0001,0001,0.25,40,20,0.4875,0.475,-0.00625,37.87425435488895,True,37.94783017981396,True
8,random,fixed_random__block_08__0001,0001,0.5,40,20,0.4875,0.4875,-0.003125,37.87425435488895,True,37.94783017981396,True
8,random,fixed_random__block_08__0001,0001,1.0,40,20,0.5,0.5,0.0,37.87425435488895,True,37.94783017981396,True
8,random,fixed_random__block_08__0001,0001,2.0,40,20,0.525,0.5125,0.003125,37.87425435488895,True,37.94783017981396,True
8,random,fixed_random__block_08__0001,0001,4.0,40,20,0.4875,0.4875,-0.003125,37.87425435488895,True,37.94783017981396,True
8,random,fixed_random__block_08__0001,0001,8.0,40,20,0.4875,0.4875,0.003125,37.87425435488895,True,37.94783017981396,True
8,random,fixed_random__block_08__0001,0001,16.0,40,20,0.5,0.5875,0.0375,37.87425435488895,True,37.94783017981396,True
8,random,fixed_random__block_08__0001,0001,32.0,40,20,0.775,0.875,0.2875,37.87425435488895,True,37.94783017981396,True
8,random,fixed_random__block_08__0001,0001,64.0,40,20,0.8375,0.75,0.45,37.87425435488895,True,37.94783017981396,True
8,random,fixed_random__block_08__0002,0002,0.0625,40,20,0.5,0.475,-0.00625,,False,,False
8,random,fixed_random__block_08__0002,0002,0.125,40,20,0.5125,0.5,0.0,,False,,False
8,random,fixed_random__block_08__0002,0002,0.25,40,20,0.5,0.4875,-0.003125,,False,,False
8,random,fixed_random__block_08__0002,0002,0.5,40,20,0.5125,0.5625,0.01875,,False,,False
8,random,fixed_random__block_08__0002,0002,1.0,40,20,0.5,0.475,-0.00625,,False,,False
8,random,fixed_random__block_08__0002,0002,2.0,40,20,0.4875,0.5125,0.00625,,False,,False
8,random,fixed_random__block_08__0002,0002,4.0,40,20,0.5125,0.575,0.01875,,False,,False
8,random,fixed_random__block_08__0002,0002,8.0,40,20,0.4875,0.5125,0.00625,,False,,False
8,random,fixed_random__block_08__0002,0002,16.0,40,20,0.5375,0.6,0.034375,,False,,False
8,random,fixed_random__block_08__0002,0002,32.0,40,20,0.8875,0.9875,0.375,,False,,False
8,random,fixed_random__block_08__0002,0002,64.0,40,20,0.475,0.45,-0.021875,,False,,False
10,concept,concept__block_10__Dust,Dust,0.0625,40,20,0.5125,0.525,0.00625,,False,33.87772562929533,True
10,concept,concept__block_10__Dust,Dust,0.125,40,20,0.4875,0.525,0.00625,,False,33.87772562929533,True
10,concept,concept__block_10__Dust,Dust,0.25,40,20,0.4875,0.5125,0.003125,,False,33.87772562929533,True
10,concept,concept__block_10__Dust,Dust,0.5,40,20,0.4875,0.5,0.0,,False,33.87772562929533,True
10,concept,concept__block_10__Dust,Dust,1.0,40,20,0.5125,0.525,0.00625,,False,33.87772562929533,True
10,concept,concept__block_10__Dust,Dust,2.0,40,20,0.5125,0.5,0.0,,False,33.87772562929533,True
10,concept,concept__block_10__Dust,Dust,4.0,40,20,0.5125,0.525,0.003125,,False,33.87772562929533,True
10,concept,concept__block_10__Dust,Dust,8.0,40,20,0.4875,0.4375,-0.0125,,False,33.87772562929533,True
10,concept,concept__block_10__Dust,Dust,16.0,40,20,0.5625,0.675,0.059375,,False,33.87772562929533,True
10,concept,concept__block_10__Dust,Dust,32.0,40,20,0.9,0.7375,0.265625,,False,33.87772562929533,True
10,concept,concept__block_10__Dust,Dust,64.0,40,20,0.975,0.8625,0.7125,,False,33.87772562929533,True
10,concept,concept__block_10__Satellites,Satellites,0.0625,40,20,0.5125,0.4875,-0.003125,,False,,False
10,concept,concept__block_10__Satellites,Satellites,0.125,40,20,0.525,0.5,0.0,,False,,False
10,concept,concept__block_10__Satellites,Satellites,0.25,40,20,0.5125,0.5125,0.003125,,False,,False
10,concept,concept__block_10__Satellites,Satellites,0.5,40,20,0.4875,0.5375,0.009375,,False,,False
10,concept,concept__block_10__Satellites,Satellites,1.0,40,20,0.4875,0.5125,0.003125,,False,,False
10,concept,concept__block_10__Satellites,Satellites,2.0,40,20,0.5,0.4875,-0.003125,,False,,False
10,concept,concept__block_10__Satellites,Satellites,4.0,40,20,0.5,0.4875,-0.003125,,False,,False
10,concept,concept__block_10__Satellites,Satellites,8.0,40,20,0.4625,0.425,-0.025,,False,,False
10,concept,concept__block_10__Satellites,Satellites,16.0,40,20,0.4875,0.45,-0.003125,,False,,False
10,concept,concept__block_10__Satellites,Satellites,32.0,40,20,0.975,0.9125,0.759375,,False,,False
10,concept,concept__block_10__Satellites,Satellites,64.0,40,20,1.0,1.0,1.425,,False,,False
10,concept,concept__block_10__recursion,recursion,0.0625,40,20,0.5,0.525,0.00625,,False,,False
10,concept,concept__block_10__recursion,recursion,0.125,40,20,0.5,0.4875,-0.003125,,False,,False
10,concept,concept__block_10__recursion,recursion,0.25,40,20,0.5,0.5125,0.003125,,False,,False
10,concept,concept__block_10__recursion,recursion,0.5,40,20,0.5125,0.4875,-0.003125,,False,,False
10,concept,concept__block_10__recursion,recursion,1.0,40,20,0.5,0.4625,-0.009375,,False,,False
10,concept,concept__block_10__recursion,recursion,2.0,40,20,0.5,0.525,0.00625,,False,,False
10,concept,concept__block_10__recursion,recursion,4.0,40,20,0.5,0.4875,0.0,,False,,False
10,concept,concept__block_10__recursion,recursion,8.0,40,20,0.5,0.475,-0.00625,,False,,False
10,concept,concept__block_10__recursion,recursion,16.0,40,20,0.4875,0.625,0.034375,,False,,False
10,concept,concept__block_10__recursion,recursion,32.0,40,20,0.975,0.9125,0.496875,,False,,False
10,concept,concept__block_10__recursion,recursion,64.0,40,20,1.0,1.0,1.184375,,False,,False
10,concept,concept__block_10__shutdown,shutdown,0.0625,40,20,0.4875,0.55,0.0125,,False,,False
10,concept,concept__block_10__shutdown,shutdown,0.125,40,20,0.4875,0.5125,0.003125,,False,,False
10,concept,concept__block_10__shutdown,shutdown,0.25,40,20,0.5125,0.5375,0.009375,,False,,False
10,concept,concept__block_10__shutdown,shutdown,0.5,40,20,0.4875,0.45,-0.0125,,False,,False
10,concept,concept__block_10__shutdown,shutdown,1.0,40,20,0.5,0.575,0.01875,,False,,False
10,concept,concept__block_10__shutdown,shutdown,2.0,40,20,0.525,0.575,0.01875,,False,,False
10,concept,concept__block_10__shutdown,shutdown,4.0,40,20,0.4875,0.525,0.00625,,False,,False
10,concept,concept__block_10__shutdown,shutdown,8.0,40,20,0.5,0.5125,0.00625,,False,,False
10,concept,concept__block_10__shutdown,shutdown,16.0,40,20,0.575,0.7,0.06875,,False,,False
10,concept,concept__block_10__shutdown,shutdown,32.0,40,20,0.8875,0.8125,0.275,,False,,False
10,concept,concept__block_10__shutdown,shutdown,64.0,40,20,0.95,0.8,0.446875,,False,,False
10,dropout,dropout_realization_00,dropout_realization_00,0.0625,40,20,0.5,0.5125,0.003125,,False,,False
10,dropout,dropout_realization_00,dropout_realization_00,0.125,40,20,0.4875,0.45,-0.0125,,False,,False
10,dropout,dropout_realization_00,dropout_realization_00,0.25,40,20,0.525,0.5125,0.003125,,False,,False
10,dropout,dropout_realization_00,dropout_realization_00,0.5,40,20,0.5125,0.4375,-0.015625,,False,,False
10,dropout,dropout_realization_00,dropout_realization_00,1.0,40,20,0.4875,0.4625,-0.009375,,False,,False
10,dropout,dropout_realization_00,dropout_realization_00,2.0,40,20,0.4875,0.525,0.009375,,False,,False
10,dropout,dropout_realization_00,dropout_realization_00,4.0,40,20,0.5125,0.525,0.00625,,False,,False
10,dropout,dropout_realization_00,dropout_realization_00,8.0,40,20,0.4875,0.5,0.003125,,False,,False
10,dropout,dropout_realization_00,dropout_realization_00,16.0,40,20,0.5125,0.5375,0.0125,,False,,False
10,dropout,dropout_realization_00,dropout_realization_00,32.0,40,20,0.575,0.675,0.075,,False,,False
10,dropout,dropout_realization_00,dropout_realization_00,64.0,40,20,0.85,0.7375,0.215625,,False,,False
10,dropout,dropout_realization_01,dropout_realization_01,0.0625,40,20,0.5,0.5,0.0,,False,,False
10,dropout,dropout_realization_01,dropout_realization_01,0.125,40,20,0.4875,0.5,0.0,,False,,False
10,dropout,dropout_realization_01,dropout_realization_01,0.25,40,20,0.5125,0.55,0.0125,,False,,False
10,dropout,dropout_realization_01,dropout_realization_01,0.5,40,20,0.4875,0.4875,-0.003125,,False,,False
10,dropout,dropout_realization_01,dropout_realization_01,1.0,40,20,0.5125,0.525,0.00625,,False,,False
10,dropout,dropout_realization_01,dropout_realization_01,2.0,40,20,0.4875,0.4625,-0.009375,,False,,False
10,dropout,dropout_realization_01,dropout_realization_01,4.0,40,20,0.5,0.475,-0.00625,,False,,False
10,dropout,dropout_realization_01,dropout_realization_01,8.0,40,20,0.5,0.475,0.0,,False,,False
10,dropout,dropout_realization_01,dropout_realization_01,16.0,40,20,0.5375,0.6125,0.040625,,False,,False
10,dropout,dropout_realization_01,dropout_realization_01,32.0,40,20,0.5125,0.5625,0.034375,,False,,False
10,dropout,dropout_realization_01,dropout_realization_01,64.0,40,20,0.725,0.6625,0.1625,,False,,False
10,noise,noise_realization_00,noise_realization_00,0.0625,40,20,0.5125,0.4875,-0.003125,,False,38.97545025100349,True
10,noise,noise_realization_00,noise_realization_00,0.125,40,20,0.5,0.575,0.01875,,False,38.97545025100349,True
10,noise,noise_realization_00,noise_realization_00,0.25,40,20,0.5125,0.475,-0.00625,,False,38.97545025100349,True
10,noise,noise_realization_00,noise_realization_00,0.5,40,20,0.525,0.5625,0.015625,,False,38.97545025100349,True
10,noise,noise_realization_00,noise_realization_00,1.0,40,20,0.475,0.4625,-0.009375,,False,38.97545025100349,True
10,noise,noise_realization_00,noise_realization_00,2.0,40,20,0.525,0.5,0.0,,False,38.97545025100349,True
10,noise,noise_realization_00,noise_realization_00,4.0,40,20,0.4875,0.5125,0.003125,,False,38.97545025100349,True
10,noise,noise_realization_00,noise_realization_00,8.0,40,20,0.5,0.5375,0.009375,,False,38.97545025100349,True
10,noise,noise_realization_00,noise_realization_00,16.0,40,20,0.4875,0.55,0.0125,,False,38.97545025100349,True
10,noise,noise_realization_00,noise_realization_00,32.0,40,20,0.6375,0.7875,0.1375,,False,38.97545025100349,True
10,noise,noise_realization_00,noise_realization_00,64.0,40,20,0.9375,0.7875,0.434375,,False,38.97545025100349,True
10,noise,noise_realization_01,noise_realization_01,0.0625,40,20,0.5125,0.5375,0.009375,,False,34.09347419576827,True
10,noise,noise_realization_01,noise_realization_01,0.125,40,20,0.5,0.5625,0.015625,,False,34.09347419576827,True
10,noise,noise_realization_01,noise_realization_01,0.25,40,20,0.4875,0.4625,-0.009375,,False,34.09347419576827,True
10,noise,noise_realization_01,noise_realization_01,0.5,40,20,0.5,0.5125,0.003125,,False,34.09347419576827,True
10,noise,noise_realization_01,noise_realization_01,1.0,40,20,0.5,0.525,0.00625,,False,34.09347419576827,True
10,noise,noise_realization_01,noise_realization_01,2.0,40,20,0.475,0.4875,-0.003125,,False,34.09347419576827,True
10,noise,noise_realization_01,noise_realization_01,4.0,40,20,0.5125,0.5125,0.003125,,False,34.09347419576827,True
10,noise,noise_realization_01,noise_realization_01,8.0,40,20,0.5125,0.5375,0.009375,,False,34.09347419576827,True
10,noise,noise_realization_01,noise_realization_01,16.0,40,20,0.5375,0.6,0.025,,False,34.09347419576827,True
10,noise,noise_realization_01,noise_realization_01,32.0,40,20,0.6875,0.7875,0.159375,,False,34.09347419576827,True
10,noise,noise_realization_01,noise_realization_01,64.0,40,20,0.9875,0.825,0.446875,,False,34.09347419576827,True
10,random,fixed_random__block_10__0000,0000,0.0625,40,20,0.5,0.5375,0.009375,,False,,False
10,random,fixed_random__block_10__0000,0000,0.125,40,20,0.5125,0.5,0.0,,False,,False
10,random,fixed_random__block_10__0000,0000,0.25,40,20,0.5125,0.4875,-0.003125,,False,,False
10,random,fixed_random__block_10__0000,0000,0.5,40,20,0.5125,0.5,0.0,,False,,False
10,random,fixed_random__block_10__0000,0000,1.0,40,20,0.5,0.5125,0.003125,,False,,False
10,random,fixed_random__block_10__0000,0000,2.0,40,20,0.525,0.5375,0.009375,,False,,False
10,random,fixed_random__block_10__0000,0000,4.0,40,20,0.5,0.5,0.0,,False,,False
10,random,fixed_random__block_10__0000,0000,8.0,40,20,0.5,0.4875,-0.003125,,False,,False
10,random,fixed_random__block_10__0000,0000,16.0,40,20,0.5125,0.525,0.00625,,False,,False
10,random,fixed_random__block_10__0000,0000,32.0,40,20,0.5625,0.7375,0.08125,,False,,False
10,random,fixed_random__block_10__0000,0000,64.0,40,20,0.65,0.4375,0.06875,,False,,False
10,random,fixed_random__block_10__0001,0001,0.0625,40,20,0.5,0.5,0.0,41.95131151158052,True,47.285689668185654,True
10,random,fixed_random__block_10__0001,0001,0.125,40,20,0.5,0.525,0.00625,41.95131151158052,True,47.285689668185654,True
10,random,fixed_random__block_10__0001,0001,0.25,40,20,0.475,0.475,-0.00625,41.95131151158052,True,47.285689668185654,True
10,random,fixed_random__block_10__0001,0001,0.5,40,20,0.4875,0.4875,-0.00625,41.95131151158052,True,47.285689668185654,True
10,random,fixed_random__block_10__0001,0001,1.0,40,20,0.5125,0.5375,0.009375,41.95131151158052,True,47.285689668185654,True
10,random,fixed_random__block_10__0001,0001,2.0,40,20,0.4875,0.4875,-0.003125,41.95131151158052,True,47.285689668185654,True
10,random,fixed_random__block_10__0001,0001,4.0,40,20,0.4875,0.425,-0.01875,41.95131151158052,True,47.285689668185654,True
10,random,fixed_random__block_10__0001,0001,8.0,40,20,0.525,0.5,0.003125,41.95131151158052,True,47.285689668185654,True
10,random,fixed_random__block_10__0001,0001,16.0,40,20,0.5125,0.55,0.0125,41.95131151158052,True,47.285689668185654,True
10,random,fixed_random__block_10__0001,0001,32.0,40,20,0.65,0.8,0.146875,41.95131151158052,True,47.285689668185654,True
10,random,fixed_random__block_10__0001,0001,64.0,40,20,0.9,0.75,0.465625,41.95131151158052,True,47.285689668185654,True
10,random,fixed_random__block_10__0002,0002,0.0625,40,20,0.525,0.5125,0.003125,,False,,False
10,random,fixed_random__block_10__0002,0002,0.125,40,20,0.5125,0.525,0.00625,,False,,False
10,random,fixed_random__block_10__0002,0002,0.25,40,20,0.525,0.525,0.00625,,False,,False
10,random,fixed_random__block_10__0002,0002,0.5,40,20,0.5125,0.5,0.0,,False,,False
10,random,fixed_random__block_10__0002,0002,1.0,40,20,0.5125,0.5375,0.009375,,False,,False
10,random,fixed_random__block_10__0002,0002,2.0,40,20,0.5125,0.575,0.01875,,False,,False
10,random,fixed_random__block_10__0002,0002,4.0,40,20,0.5,0.55,0.0125,,False,,False
10,random,fixed_random__block_10__0002,0002,8.0,40,20,0.5125,0.5375,0.009375,,False,,False
10,random,fixed_random__block_10__0002,0002,16.0,40,20,0.525,0.675,0.040625,,False,,False
10,random,fixed_random__block_10__0002,0002,32.0,40,20,0.7375,0.925,0.23125,,False,,False
10,random,fixed_random__block_10__0002,0002,64.0,40,20,0.975,0.8625,0.30625,,False,,False
12,concept,concept__block_12__Dust,Dust,0.0625,40,20,0.5125,0.525,0.00625,,False,,False
12,concept,concept__block_12__Dust,Dust,0.125,40,20,0.5,0.4875,-0.003125,,False,,False
12,concept,concept__block_12__Dust,Dust,0.25,40,20,0.5125,0.5,0.0,,False,,False
12,concept,concept__block_12__Dust,Dust,0.5,40,20,0.4875,0.5125,0.003125,,False,,False
12,concept,concept__block_12__Dust,Dust,1.0,40,20,0.525,0.5125,0.003125,,False,,False
12,concept,concept__block_12__Dust,Dust,2.0,40,20,0.5,0.525,0.00625,,False,,False
12,concept,concept__block_12__Dust,Dust,4.0,40,20,0.4875,0.4625,-0.0125,,False,,False
12,concept,concept__block_12__Dust,Dust,8.0,40,20,0.5,0.5,0.0,,False,,False
12,concept,concept__block_12__Dust,Dust,16.0,40,20,0.4875,0.525,0.0125,,False,,False
12,concept,concept__block_12__Dust,Dust,32.0,40,20,0.7375,0.675,0.115625,,False,,False
12,concept,concept__block_12__Dust,Dust,64.0,40,20,0.925,0.7,0.378125,,False,,False
12,concept,concept__block_12__Satellites,Satellites,0.0625,40,20,0.5,0.475,-0.00625,,False,42.36933400337103,True
12,concept,concept__block_12__Satellites,Satellites,0.125,40,20,0.475,0.4625,-0.009375,,False,42.36933400337103,True
12,concept,concept__block_12__Satellites,Satellites,0.25,40,20,0.5,0.525,0.00625,,False,42.36933400337103,True
12,concept,concept__block_12__Satellites,Satellites,0.5,40,20,0.5,0.55,0.0125,,False,42.36933400337103,True
12,concept,concept__block_12__Satellites,Satellites,1.0,40,20,0.5,0.5,0.0,,False,42.36933400337103,True
12,concept,concept__block_12__Satellites,Satellites,2.0,40,20,0.5125,0.4875,-0.003125,,False,42.36933400337103,True
12,concept,concept__block_12__Satellites,Satellites,4.0,40,20,0.4875,0.4625,-0.009375,,False,42.36933400337103,True
12,concept,concept__block_12__Satellites,Satellites,8.0,40,20,0.4875,0.425,-0.01875,,False,42.36933400337103,True
12,concept,concept__block_12__Satellites,Satellites,16.0,40,20,0.4625,0.35,-0.059375,,False,42.36933400337103,True
12,concept,concept__block_12__Satellites,Satellites,32.0,40,20,0.7,0.5875,0.165625,,False,42.36933400337103,True
12,concept,concept__block_12__Satellites,Satellites,64.0,40,20,0.95,0.9375,0.83125,,False,42.36933400337103,True
12,concept,concept__block_12__recursion,recursion,0.0625,40,20,0.5,0.4875,-0.003125,29.619376690780797,True,41.781817620640055,True
12,concept,concept__block_12__recursion,recursion,0.125,40,20,0.4875,0.4875,0.0,29.619376690780797,True,41.781817620640055,True
12,concept,concept__block_12__recursion,recursion,0.25,40,20,0.5,0.5,0.0,29.619376690780797,True,41.781817620640055,True
12,concept,concept__block_12__recursion,recursion,0.5,40,20,0.5,0.5375,0.009375,29.619376690780797,True,41.781817620640055,True
12,concept,concept__block_12__recursion,recursion,1.0,40,20,0.5,0.5125,0.003125,29.619376690780797,True,41.781817620640055,True
12,concept,concept__block_12__recursion,recursion,2.0,40,20,0.5,0.5125,0.003125,29.619376690780797,True,41.781817620640055,True
12,concept,concept__block_12__recursion,recursion,4.0,40,20,0.4875,0.475,-0.003125,29.619376690780797,True,41.781817620640055,True
12,concept,concept__block_12__recursion,recursion,8.0,40,20,0.525,0.4875,-0.00625,29.619376690780797,True,41.781817620640055,True
12,concept,concept__block_12__recursion,recursion,16.0,40,20,0.475,0.425,-0.025,29.619376690780797,True,41.781817620640055,True
12,concept,concept__block_12__recursion,recursion,32.0,40,20,0.825,0.825,0.2625,29.619376690780797,True,41.781817620640055,True
12,concept,concept__block_12__recursion,recursion,64.0,40,20,0.95,0.7875,0.459375,29.619376690780797,True,41.781817620640055,True
12,concept,concept__block_12__shutdown,shutdown,0.0625,40,20,0.5,0.525,0.00625,51.72650151272623,True,,False
12,concept,concept__block_12__shutdown,shutdown,0.125,40,20,0.4875,0.45,-0.0125,51.72650151272623,True,,False
12,concept,concept__block_12__shutdown,shutdown,0.25,40,20,0.5,0.5375,0.009375,51.72650151272623,True,,False
12,concept,concept__block_12__shutdown,shutdown,0.5,40,20,0.475,0.525,0.00625,51.72650151272623,True,,False
12,concept,concept__block_12__shutdown,shutdown,1.0,40,20,0.5,0.45,-0.0125,51.72650151272623,True,,False
12,concept,concept__block_12__shutdown,shutdown,2.0,40,20,0.475,0.4875,-0.003125,51.72650151272623,True,,False
12,concept,concept__block_12__shutdown,shutdown,4.0,40,20,0.5,0.475,-0.00625,51.72650151272623,True,,False
12,concept,concept__block_12__shutdown,shutdown,8.0,40,20,0.475,0.5125,0.003125,51.72650151272623,True,,False
12,concept,concept__block_12__shutdown,shutdown,16.0,40,20,0.525,0.525,0.0125,51.72650151272623,True,,False
12,concept,concept__block_12__shutdown,shutdown,32.0,40,20,0.6625,0.7125,0.10625,51.72650151272623,True,,False
12,concept,concept__block_12__shutdown,shutdown,64.0,40,20,0.8125,0.525,0.2125,51.72650151272623,True,,False
12,dropout,dropout_realization_00,dropout_realization_00,0.0625,40,20,0.4875,0.4875,-0.003125,,False,63.99999999999998,True
12,dropout,dropout_realization_00,dropout_realization_00,0.125,40,20,0.5,0.475,-0.00625,,False,63.99999999999998,True
12,dropout,dropout_realization_00,dropout_realization_00,0.25,40,20,0.5,0.525,0.00625,,False,63.99999999999998,True
12,dropout,dropout_realization_00,dropout_realization_00,0.5,40,20,0.5125,0.5125,0.003125,,False,63.99999999999998,True
12,dropout,dropout_realization_00,dropout_realization_00,1.0,40,20,0.5,0.5,0.0,,False,63.99999999999998,True
12,dropout,dropout_realization_00,dropout_realization_00,2.0,40,20,0.5,0.475,-0.00625,,False,63.99999999999998,True
12,dropout,dropout_realization_00,dropout_realization_00,4.0,40,20,0.5125,0.5125,0.00625,,False,63.99999999999998,True
12,dropout,dropout_realization_00,dropout_realization_00,8.0,40,20,0.5,0.5375,0.00625,,False,63.99999999999998,True
12,dropout,dropout_realization_00,dropout_realization_00,16.0,40,20,0.5125,0.5125,0.003125,,False,63.99999999999998,True
12,dropout,dropout_realization_00,dropout_realization_00,32.0,40,20,0.525,0.4875,0.0,,False,63.99999999999998,True
12,dropout,dropout_realization_00,dropout_realization_00,64.0,40,20,0.675,0.75,0.1375,,False,63.99999999999998,True
12,dropout,dropout_realization_01,dropout_realization_01,0.0625,40,20,0.5,0.5125,0.00625,,False,,False
12,dropout,dropout_realization_01,dropout_realization_01,0.125,40,20,0.5,0.475,-0.00625,,False,,False
12,dropout,dropout_realization_01,dropout_realization_01,0.25,40,20,0.5125,0.525,0.00625,,False,,False
12,dropout,dropout_realization_01,dropout_realization_01,0.5,40,20,0.4875,0.5125,0.003125,,False,,False
12,dropout,dropout_realization_01,dropout_realization_01,1.0,40,20,0.4875,0.5,0.0,,False,,False
12,dropout,dropout_realization_01,dropout_realization_01,2.0,40,20,0.4875,0.5125,0.00625,,False,,False
12,dropout,dropout_realization_01,dropout_realization_01,4.0,40,20,0.5,0.525,0.00625,,False,,False
12,dropout,dropout_realization_01,dropout_realization_01,8.0,40,20,0.5125,0.5375,0.009375,,False,,False
12,dropout,dropout_realization_01,dropout_realization_01,16.0,40,20,0.5125,0.55,0.009375,,False,,False
12,dropout,dropout_realization_01,dropout_realization_01,32.0,40,20,0.5375,0.5125,0.01875,,False,,False
12,dropout,dropout_realization_01,dropout_realization_01,64.0,40,20,0.5875,0.675,0.096875,,False,,False
12,noise,noise_realization_00,noise_realization_00,0.0625,40,20,0.4875,0.525,0.00625,43.03208551776122,True,49.67404827826975,True
12,noise,noise_realization_00,noise_realization_00,0.125,40,20,0.5,0.475,-0.00625,43.03208551776122,True,49.67404827826975,True
12,noise,noise_realization_00,noise_realization_00,0.25,40,20,0.5,0.5375,0.009375,43.03208551776122,True,49.67404827826975,True
12,noise,noise_realization_00,noise_realization_00,0.5,40,20,0.5,0.5,0.0,43.03208551776122,True,49.67404827826975,True
12,noise,noise_realization_00,noise_realization_00,1.0,40,20,0.5,0.475,-0.00625,43.03208551776122,True,49.67404827826975,True
12,noise,noise_realization_00,noise_realization_00,2.0,40,20,0.5,0.5,0.0,43.03208551776122,True,49.67404827826975,True
12,noise,noise_realization_00,noise_realization_00,4.0,40,20,0.5,0.55,0.0125,43.03208551776122,True,49.67404827826975,True
12,noise,noise_realization_00,noise_realization_00,8.0,40,20,0.525,0.5625,0.015625,43.03208551776122,True,49.67404827826975,True
12,noise,noise_realization_00,noise_realization_00,16.0,40,20,0.4875,0.525,0.003125,43.03208551776122,True,49.67404827826975,True
12,noise,noise_realization_00,noise_realization_00,32.0,40,20,0.5625,0.625,0.05,43.03208551776122,True,49.67404827826975,True
12,noise,noise_realization_00,noise_realization_00,64.0,40,20,0.975,0.825,0.4,43.03208551776122,True,49.67404827826975,True
12,noise,noise_realization_01,noise_realization_01,0.0625,40,20,0.5,0.525,0.009375,43.451678426261495,True,46.33592788162735,True
12,noise,noise_realization_01,noise_realization_01,0.125,40,20,0.5,0.5625,0.015625,43.451678426261495,True,46.33592788162735,True
12,noise,noise_realization_01,noise_realization_01,0.25,40,20,0.5125,0.4875,-0.003125,43.451678426261495,True,46.33592788162735,True
12,noise,noise_realization_01,noise_realization_01,0.5,40,20,0.5,0.475,-0.00625,43.451678426261495,True,46.33592788162735,True
12,noise,noise_realization_01,noise_realization_01,1.0,40,20,0.5,0.5125,0.003125,43.451678426261495,True,46.33592788162735,True
12,noise,noise_realization_01,noise_realization_01,2.0,40,20,0.5,0.4875,0.0,43.451678426261495,True,46.33592788162735,True
12,noise,noise_realization_01,noise_realization_01,4.0,40,20,0.5,0.4625,-0.009375,43.451678426261495,True,46.33592788162735,True
12,noise,noise_realization_01,noise_realization_01,8.0,40,20,0.4875,0.5125,0.00625,43.451678426261495,True,46.33592788162735,True
12,noise,noise_realization_01,noise_realization_01,16.0,40,20,0.4875,0.525,0.003125,43.451678426261495,True,46.33592788162735,True
12,noise,noise_realization_01,noise_realization_01,32.0,40,20,0.575,0.725,0.08125,43.451678426261495,True,46.33592788162735,True
12,noise,noise_realization_01,noise_realization_01,64.0,40,20,0.95,0.8125,0.390625,43.451678426261495,True,46.33592788162735,True
12,random,fixed_random__block_12__0000,0000,0.0625,40,20,0.5125,0.5125,0.003125,,False,,False
12,random,fixed_random__block_12__0000,0000,0.125,40,20,0.5,0.525,0.00625,,False,,False
12,random,fixed_random__block_12__0000,0000,0.25,40,20,0.5,0.525,0.009375,,False,,False
12,random,fixed_random__block_12__0000,0000,0.5,40,20,0.4875,0.4875,-0.003125,,False,,False
12,random,fixed_random__block_12__0000,0000,1.0,40,20,0.4875,0.525,0.00625,,False,,False
12,random,fixed_random__block_12__0000,0000,2.0,40,20,0.5125,0.5125,0.003125,,False,,False
12,random,fixed_random__block_12__0000,0000,4.0,40,20,0.5,0.525,0.009375,,False,,False
12,random,fixed_random__block_12__0000,0000,8.0,40,20,0.525,0.575,0.01875,,False,,False
12,random,fixed_random__block_12__0000,0000,16.0,40,20,0.55,0.6625,0.040625,,False,,False
12,random,fixed_random__block_12__0000,0000,32.0,40,20,0.825,0.875,0.246875,,False,,False
12,random,fixed_random__block_12__0000,0000,64.0,40,20,0.95,0.925,0.7125,,False,,False
12,random,fixed_random__block_12__0001,0001,0.0625,40,20,0.5,0.4875,-0.00625,,False,,False
12,random,fixed_random__block_12__0001,0001,0.125,40,20,0.5125,0.475,-0.00625,,False,,False
12,random,fixed_random__block_12__0001,0001,0.25,40,20,0.4875,0.525,0.00625,,False,,False
12,random,fixed_random__block_12__0001,0001,0.5,40,20,0.475,0.5125,0.003125,,False,,False
12,random,fixed_random__block_12__0001,0001,1.0,40,20,0.5125,0.55,0.0125,,False,,False
12,random,fixed_random__block_12__0001,0001,2.0,40,20,0.5,0.5375,0.009375,,False,,False
12,random,fixed_random__block_12__0001,0001,4.0,40,20,0.5,0.55,0.0125,,False,,False
12,random,fixed_random__block_12__0001,0001,8.0,40,20,0.525,0.625,0.034375,,False,,False
12,random,fixed_random__block_12__0001,0001,16.0,40,20,0.525,0.675,0.053125,,False,,False
12,random,fixed_random__block_12__0001,0001,32.0,40,20,0.6375,0.8625,0.15625,,False,,False
12,random,fixed_random__block_12__0001,0001,64.0,40,20,0.8875,0.825,0.23125,,False,,False
12,random,fixed_random__block_12__0002,0002,0.0625,40,20,0.5125,0.55,0.0125,63.96863681942621,True,,False
12,random,fixed_random__block_12__0002,0002,0.125,40,20,0.4875,0.5,0.0,63.96863681942621,True,,False
12,random,fixed_random__block_12__0002,0002,0.25,40,20,0.5,0.475,-0.00625,63.96863681942621,True,,False
12,random,fixed_random__block_12__0002,0002,0.5,40,20,0.5,0.525,0.009375,63.96863681942621,True,,False
12,random,fixed_random__block_12__0002,0002,1.0,40,20,0.4875,0.4625,-0.009375,63.96863681942621,True,,False
12,random,fixed_random__block_12__0002,0002,2.0,40,20,0.5125,0.55,0.0125,63.96863681942621,True,,False
12,random,fixed_random__block_12__0002,0002,4.0,40,20,0.4875,0.475,-0.00625,63.96863681942621,True,,False
12,random,fixed_random__block_12__0002,0002,8.0,40,20,0.5,0.5625,0.0125,63.96863681942621,True,,False
12,random,fixed_random__block_12__0002,0002,16.0,40,20,0.5125,0.6125,0.03125,63.96863681942621,True,,False
12,random,fixed_random__block_12__0002,0002,32.0,40,20,0.5375,0.6625,0.0625,63.96863681942621,True,,False
12,random,fixed_random__block_12__0002,0002,64.0,40,20,0.75,0.575,0.15,63.96863681942621,True,,False
16,concept,concept__block_16__Dust,Dust,0.0625,40,20,0.475,0.475,-0.00625,,False,42.40691736788783,True
16,concept,concept__block_16__Dust,Dust,0.125,40,20,0.5,0.5125,0.003125,,False,42.40691736788783,True
16,concept,concept__block_16__Dust,Dust,0.25,40,20,0.5,0.4625,-0.009375,,False,42.40691736788783,True
16,concept,concept__block_16__Dust,Dust,0.5,40,20,0.5125,0.525,0.00625,,False,42.40691736788783,True
16,concept,concept__block_16__Dust,Dust,1.0,40,20,0.5,0.525,0.00625,,False,42.40691736788783,True
16,concept,concept__block_16__Dust,Dust,2.0,40,20,0.4875,0.525,0.009375,,False,42.40691736788783,True
16,concept,concept__block_16__Dust,Dust,4.0,40,20,0.5,0.5125,0.003125,,False,42.40691736788783,True
16,concept,concept__block_16__Dust,Dust,8.0,40,20,0.525,0.5875,0.025,,False,42.40691736788783,True
16,concept,concept__block_16__Dust,Dust,16.0,40,20,0.5375,0.675,0.05625,,False,42.40691736788783,True
16,concept,concept__block_16__Dust,Dust,32.0,40,20,0.7,0.775,0.15625,,False,42.40691736788783,True
16,concept,concept__block_16__Dust,Dust,64.0,40,20,0.9125,0.7625,0.35625,,False,42.40691736788783,True
16,concept,concept__block_16__Satellites,Satellites,0.0625,40,20,0.5125,0.4875,0.0,60.286108759327384,True,61.62227405835452,True
16,concept,concept__block_16__Satellites,Satellites,0.125,40,20,0.4875,0.4375,-0.015625,60.286108759327384,True,61.62227405835452,True
16,concept,concept__block_16__Satellites,Satellites,0.25,40,20,0.5,0.5125,0.003125,60.286108759327384,True,61.62227405835452,True
16,concept,concept__block_16__Satellites,Satellites,0.5,40,20,0.4875,0.525,0.00625,60.286108759327384,True,61.62227405835452,True
16,concept,concept__block_16__Satellites,Satellites,1.0,40,20,0.475,0.4375,-0.015625,60.286108759327384,True,61.62227405835452,True
16,concept,concept__block_16__Satellites,Satellites,2.0,40,20,0.5,0.5,0.0,60.286108759327384,True,61.62227405835452,True
16,concept,concept__block_16__Satellites,Satellites,4.0,40,20,0.5125,0.45,-0.0125,60.286108759327384,True,61.62227405835452,True
16,concept,concept__block_16__Satellites,Satellites,8.0,40,20,0.4875,0.5,0.0,60.286108759327384,True,61.62227405835452,True
16,concept,concept__block_16__Satellites,Satellites,16.0,40,20,0.4625,0.3875,-0.034375,60.286108759327384,True,61.62227405835452,True
16,concept,concept__block_16__Satellites,Satellites,32.0,40,20,0.45,0.3375,-0.065625,60.286108759327384,True,61.62227405835452,True
16,concept,concept__block_16__Satellites,Satellites,64.0,40,20,0.95,0.9125,0.58125,60.286108759327384,True,61.62227405835452,True
16,concept,concept__block_16__recursion,recursion,0.0625,40,20,0.4875,0.5125,0.00625,,False,,False
16,concept,concept__block_16__recursion,recursion,0.125,40,20,0.5125,0.5125,0.003125,,False,,False
16,concept,concept__block_16__recursion,recursion,0.25,40,20,0.5,0.5,0.0,,False,,False
16,concept,concept__block_16__recursion,recursion,0.5,40,20,0.5,0.5,0.0,,False,,False
16,concept,concept__block_16__recursion,recursion,1.0,40,20,0.5,0.4625,-0.009375,,False,,False
16,concept,concept__block_16__recursion,recursion,2.0,40,20,0.4875,0.45,-0.015625,,False,,False
16,concept,concept__block_16__recursion,recursion,4.0,40,20,0.4875,0.475,-0.00625,,False,,False
16,concept,concept__block_16__recursion,recursion,8.0,40,20,0.4875,0.45,-0.0125,,False,,False
16,concept,concept__block_16__recursion,recursion,16.0,40,20,0.475,0.4,-0.021875,,False,,False
16,concept,concept__block_16__recursion,recursion,32.0,40,20,0.9,0.8875,0.340625,,False,,False
16,concept,concept__block_16__recursion,recursion,64.0,40,20,0.9875,0.8625,0.471875,,False,,False
16,concept,concept__block_16__shutdown,shutdown,0.0625,40,20,0.5125,0.5375,0.009375,,False,,False
16,concept,concept__block_16__shutdown,shutdown,0.125,40,20,0.5375,0.55,0.009375,,False,,False
16,concept,concept__block_16__shutdown,shutdown,0.25,40,20,0.4875,0.5,0.0,,False,,False
16,concept,concept__block_16__shutdown,shutdown,0.5,40,20,0.5,0.525,0.00625,,False,,False
16,concept,concept__block_16__shutdown,shutdown,1.0,40,20,0.5125,0.5375,0.009375,,False,,False
16,concept,concept__block_16__shutdown,shutdown,2.0,40,20,0.475,0.5,0.0,,False,,False
16,concept,concept__block_16__shutdown,shutdown,4.0,40,20,0.5,0.525,0.00625,,False,,False
16,concept,concept__block_16__shutdown,shutdown,8.0,40,20,0.4875,0.5125,0.003125,,False,,False
16,concept,concept__block_16__shutdown,shutdown,16.0,40,20,0.475,0.425,-0.021875,,False,,False
16,concept,concept__block_16__shutdown,shutdown,32.0,40,20,0.475,0.4,-0.015625,,False,,False
16,concept,concept__block_16__shutdown,shutdown,64.0,40,20,0.425,0.4,-0.05625,,False,,False
16,dropout,dropout_realization_00,dropout_realization_00,0.0625,40,20,0.5,0.5,0.0,,False,,False
16,dropout,dropout_realization_00,dropout_realization_00,0.125,40,20,0.5,0.475,-0.00625,,False,,False
16,dropout,dropout_realization_00,dropout_realization_00,0.25,40,20,0.5125,0.525,0.00625,,False,,False
16,dropout,dropout_realization_00,dropout_realization_00,0.5,40,20,0.4875,0.5375,0.009375,,False,,False
16,dropout,dropout_realization_00,dropout_realization_00,1.0,40,20,0.5125,0.525,0.003125,,False,,False
16,dropout,dropout_realization_00,dropout_realization_00,2.0,40,20,0.475,0.5125,0.003125,,False,,False
16,dropout,dropout_realization_00,dropout_realization_00,4.0,40,20,0.4875,0.5125,0.003125,,False,,False
16,dropout,dropout_realization_00,dropout_realization_00,8.0,40,20,0.5,0.5125,0.0,,False,,False
16,dropout,dropout_realization_00,dropout_realization_00,16.0,40,20,0.5,0.425,-0.01875,,False,,False
16,dropout,dropout_realization_00,dropout_realization_00,32.0,40,20,0.55,0.5875,0.028125,,False,,False
16,dropout,dropout_realization_00,dropout_realization_00,64.0,40,20,0.5875,0.575,0.059375,,False,,False
16,dropout,dropout_realization_01,dropout_realization_01,0.0625,40,20,0.5,0.5,0.0,,False,,False
16,dropout,dropout_realization_01,dropout_realization_01,0.125,40,20,0.5,0.5,0.0,,False,,False
16,dropout,dropout_realization_01,dropout_realization_01,0.25,40,20,0.5125,0.4875,-0.003125,,False,,False
16,dropout,dropout_realization_01,dropout_realization_01,0.5,40,20,0.525,0.5125,0.0,,False,,False
16,dropout,dropout_realization_01,dropout_realization_01,1.0,40,20,0.4875,0.5,0.0,,False,,False
16,dropout,dropout_realization_01,dropout_realization_01,2.0,40,20,0.5125,0.55,0.0125,,False,,False
16,dropout,dropout_realization_01,dropout_realization_01,4.0,40,20,0.525,0.475,-0.00625,,False,,False
16,dropout,dropout_realization_01,dropout_realization_01,8.0,40,20,0.5125,0.55,0.0125,,False,,False
16,dropout,dropout_realization_01,dropout_realization_01,16.0,40,20,0.5125,0.4875,0.0,,False,,False
16,dropout,dropout_realization_01,dropout_realization_01,32.0,40,20,0.475,0.475,-0.01875,,False,,False
16,dropout,dropout_realization_01,dropout_realization_01,64.0,40,20,0.5875,0.6625,0.071875,,False,,False
16,noise,noise_realization_00,noise_realization_00,0.0625,40,20,0.5,0.5375,0.009375,59.67986592826142,True,51.37370798201663,True
16,noise,noise_realization_00,noise_realization_00,0.125,40,20,0.5,0.55,0.0125,59.67986592826142,True,51.37370798201663,True
16,noise,noise_realization_00,noise_realization_00,0.25,40,20,0.5125,0.45,-0.009375,59.67986592826142,True,51.37370798201663,True
16,noise,noise_realization_00,noise_realization_00,0.5,40,20,0.5,0.475,-0.00625,59.67986592826142,True,51.37370798201663,True
16,noise,noise_realization_00,noise_realization_00,1.0,40,20,0.5,0.55,0.015625,59.67986592826142,True,51.37370798201663,True
16,noise,noise_realization_00,noise_realization_00,2.0,40,20,0.5125,0.5125,0.00625,59.67986592826142,True,51.37370798201663,True
16,noise,noise_realization_00,noise_realization_00,4.0,40,20,0.5,0.475,-0.00625,59.67986592826142,True,51.37370798201663,True
16,noise,noise_realization_00,noise_realization_00,8.0,40,20,0.4875,0.425,-0.01875,59.67986592826142,True,51.37370798201663,True
16,noise,noise_realization_00,noise_realization_00,16.0,40,20,0.5,0.5625,0.015625,59.67986592826142,True,51.37370798201663,True
16,noise,noise_realization_00,noise_realization_00,32.0,40,20,0.5125,0.6125,0.040625,59.67986592826142,True,51.37370798201663,True
16,noise,noise_realization_00,noise_realization_00,64.0,40,20,0.9,0.825,0.284375,59.67986592826142,True,51.37370798201663,True
16,noise,noise_realization_01,noise_realization_01,0.0625,40,20,0.5,0.5375,0.009375,62.61080700789539,True,60.564817623601805,True
16,noise,noise_realization_01,noise_realization_01,0.125,40,20,0.5125,0.525,0.00625,62.61080700789539,True,60.564817623601805,True
16,noise,noise_realization_01,noise_realization_01,0.25,40,20,0.5,0.475,-0.00625,62.61080700789539,True,60.564817623601805,True
16,noise,noise_realization_01,noise_realization_01,0.5,40,20,0.5,0.5,0.0,62.61080700789539,True,60.564817623601805,True
16,noise,noise_realization_01,noise_realization_01,1.0,40,20,0.5,0.5375,0.009375,62.61080700789539,True,60.564817623601805,True
16,noise,noise_realization_01,noise_realization_01,2.0,40,20,0.4875,0.45,-0.0125,62.61080700789539,True,60.564817623601805,True
16,noise,noise_realization_01,noise_realization_01,4.0,40,20,0.5,0.4875,0.0,62.61080700789539,True,60.564817623601805,True
16,noise,noise_realization_01,noise_realization_01,8.0,40,20,0.5,0.525,0.00625,62.61080700789539,True,60.564817623601805,True
16,noise,noise_realization_01,noise_realization_01,16.0,40,20,0.475,0.4625,-0.003125,62.61080700789539,True,60.564817623601805,True
16,noise,noise_realization_01,noise_realization_01,32.0,40,20,0.4875,0.5625,0.021875,62.61080700789539,True,60.564817623601805,True
16,noise,noise_realization_01,noise_realization_01,64.0,40,20,0.8,0.775,0.265625,62.61080700789539,True,60.564817623601805,True
16,random,fixed_random__block_16__0000,0000,0.0625,40,20,0.5125,0.5375,0.009375,58.853650107973095,True,,False
16,random,fixed_random__block_16__0000,0000,0.125,40,20,0.5,0.5,0.0,58.853650107973095,True,,False
16,random,fixed_random__block_16__0000,0000,0.25,40,20,0.525,0.55,0.0125,58.853650107973095,True,,False
16,random,fixed_random__block_16__0000,0000,0.5,40,20,0.5,0.4875,-0.003125,58.853650107973095,True,,False
16,random,fixed_random__block_16__0000,0000,1.0,40,20,0.5125,0.5125,0.0,58.853650107973095,True,,False
16,random,fixed_random__block_16__0000,0000,2.0,40,20,0.4875,0.5,0.0,58.853650107973095,True,,False
16,random,fixed_random__block_16__0000,0000,4.0,40,20,0.5,0.4625,-0.009375,58.853650107973095,True,,False
16,random,fixed_random__block_16__0000,0000,8.0,40,20,0.4875,0.4875,-0.003125,58.853650107973095,True,,False
16,random,fixed_random__block_16__0000,0000,16.0,40,20,0.5,0.575,0.01875,58.853650107973095,True,,False
16,random,fixed_random__block_16__0000,0000,32.0,40,20,0.525,0.6125,0.053125,58.853650107973095,True,,False
16,random,fixed_random__block_16__0000,0000,64.0,40,20,0.8125,0.6625,0.29375,58.853650107973095,True,,False
16,random,fixed_random__block_16__0001,0001,0.0625,40,20,0.525,0.55,0.0125,,False,43.72490089701872,True
16,random,fixed_random__block_16__0001,0001,0.125,40,20,0.4875,0.5,0.0,,False,43.72490089701872,True
16,random,fixed_random__block_16__0001,0001,0.25,40,20,0.4875,0.5375,0.009375,,False,43.72490089701872,True
16,random,fixed_random__block_16__0001,0001,0.5,40,20,0.5,0.5,0.0,,False,43.72490089701872,True
16,random,fixed_random__block_16__0001,0001,1.0,40,20,0.5125,0.4875,-0.003125,,False,43.72490089701872,True
16,random,fixed_random__block_16__0001,0001,2.0,40,20,0.4875,0.425,-0.015625,,False,43.72490089701872,True
16,random,fixed_random__block_16__0001,0001,4.0,40,20,0.525,0.5,0.0,,False,43.72490089701872,True
16,random,fixed_random__block_16__0001,0001,8.0,40,20,0.4875,0.4625,-0.0125,,False,43.72490089701872,True
16,random,fixed_random__block_16__0001,0001,16.0,40,20,0.4875,0.5,0.003125,,False,43.72490089701872,True
16,random,fixed_random__block_16__0001,0001,32.0,40,20,0.5625,0.625,0.040625,,False,43.72490089701872,True
16,random,fixed_random__block_16__0001,0001,64.0,40,20,0.9125,0.9,0.3375,,False,43.72490089701872,True
16,random,fixed_random__block_16__0002,0002,0.0625,40,20,0.5,0.4875,-0.003125,61.99800135546343,True,48.67470163022034,True
16,random,fixed_random__block_16__0002,0002,0.125,40,20,0.5125,0.4875,-0.003125,61.99800135546343,True,48.67470163022034,True
16,random,fixed_random__block_16__0002,0002,0.25,40,20,0.5,0.525,0.00625,61.99800135546343,True,48.67470163022034,True
16,random,fixed_random__block_16__0002,0002,0.5,40,20,0.5125,0.5625,0.015625,61.99800135546343,True,48.67470163022034,True
16,random,fixed_random__block_16__0002,0002,1.0,40,20,0.5,0.5375,0.009375,61.99800135546343,True,48.67470163022034,True
16,random,fixed_random__block_16__0002,0002,2.0,40,20,0.5,0.55,0.0125,61.99800135546343,True,48.67470163022034,True
16,random,fixed_random__block_16__0002,0002,4.0,40,20,0.4875,0.5,0.0,61.99800135546343,True,48.67470163022034,True
16,random,fixed_random__block_16__0002,0002,8.0,40,20,0.5,0.55,0.015625,61.99800135546343,True,48.67470163022034,True
16,random,fixed_random__block_16__0002,0002,16.0,40,20,0.5125,0.5375,0.00625,61.99800135546343,True,48.67470163022034,True
16,random,fixed_random__block_16__0002,0002,32.0,40,20,0.4625,0.5375,0.0,61.99800135546343,True,48.67470163022034,True
16,random,fixed_random__block_16__0002,0002,64.0,40,20,0.875,0.8875,0.384375,61.99800135546343,True,48.67470163022034,True
32,concept,concept__block_32__Dust,Dust,0.0625,40,20,0.5,0.475,-0.00625,,False,,False
32,concept,concept__block_32__Dust,Dust,0.125,40,20,0.5,0.4375,-0.015625,,False,,False
32,concept,concept__block_32__Dust,Dust,0.25,40,20,0.4875,0.475,-0.00625,,False,,False
32,concept,concept__block_32__Dust,Dust,0.5,40,20,0.5,0.5375,0.009375,,False,,False
32,concept,concept__block_32__Dust,Dust,1.0,40,20,0.5,0.5625,0.015625,,False,,False
32,concept,concept__block_32__Dust,Dust,2.0,40,20,0.5,0.5375,0.009375,,False,,False
32,concept,concept__block_32__Dust,Dust,4.0,40,20,0.4875,0.5625,0.01875,,False,,False
32,concept,concept__block_32__Dust,Dust,8.0,40,20,0.5,0.6,0.03125,,False,,False
32,concept,concept__block_32__Dust,Dust,16.0,40,20,0.55,0.7375,0.065625,,False,,False
32,concept,concept__block_32__Dust,Dust,32.0,40,20,0.6,0.8375,0.096875,,False,,False
32,concept,concept__block_32__Dust,Dust,64.0,40,20,0.6375,0.8375,0.1375,,False,,False
32,concept,concept__block_32__Satellites,Satellites,0.0625,40,20,0.5,0.475,-0.00625,,False,,False
32,concept,concept__block_32__Satellites,Satellites,0.125,40,20,0.4875,0.4875,-0.003125,,False,,False
32,concept,concept__block_32__Satellites,Satellites,0.25,40,20,0.5125,0.475,-0.00625,,False,,False
32,concept,concept__block_32__Satellites,Satellites,0.5,40,20,0.4875,0.4875,-0.003125,,False,,False
32,concept,concept__block_32__Satellites,Satellites,1.0,40,20,0.4875,0.4375,-0.015625,,False,,False
32,concept,concept__block_32__Satellites,Satellites,2.0,40,20,0.5,0.525,0.00625,,False,,False
32,concept,concept__block_32__Satellites,Satellites,4.0,40,20,0.5,0.5125,0.003125,,False,,False
32,concept,concept__block_32__Satellites,Satellites,8.0,40,20,0.5125,0.5375,0.009375,,False,,False
32,concept,concept__block_32__Satellites,Satellites,16.0,40,20,0.5125,0.5875,0.01875,,False,,False
32,concept,concept__block_32__Satellites,Satellites,32.0,40,20,0.5,0.5,-0.00625,,False,,False
32,concept,concept__block_32__Satellites,Satellites,64.0,40,20,0.525,0.5625,0.015625,,False,,False
32,concept,concept__block_32__recursion,recursion,0.0625,40,20,0.5,0.5125,0.003125,52.79131964792644,True,,False
32,concept,concept__block_32__recursion,recursion,0.125,40,20,0.5,0.5125,0.003125,52.79131964792644,True,,False
32,concept,concept__block_32__recursion,recursion,0.25,40,20,0.5125,0.4625,-0.009375,52.79131964792644,True,,False
32,concept,concept__block_32__recursion,recursion,0.5,40,20,0.5,0.4625,-0.009375,52.79131964792644,True,,False
32,concept,concept__block_32__recursion,recursion,1.0,40,20,0.5,0.4625,-0.009375,52.79131964792644,True,,False
32,concept,concept__block_32__recursion,recursion,2.0,40,20,0.5,0.5,0.0,52.79131964792644,True,,False
32,concept,concept__block_32__recursion,recursion,4.0,40,20,0.4875,0.525,0.003125,52.79131964792644,True,,False
32,concept,concept__block_32__recursion,recursion,8.0,40,20,0.4875,0.525,0.00625,52.79131964792644,True,,False
32,concept,concept__block_32__recursion,recursion,16.0,40,20,0.5,0.525,0.00625,52.79131964792644,True,,False
32,concept,concept__block_32__recursion,recursion,32.0,40,20,0.5625,0.65,0.040625,52.79131964792644,True,,False
32,concept,concept__block_32__recursion,recursion,64.0,40,20,0.85,0.9625,0.365625,52.79131964792644,True,,False
32,concept,concept__block_32__shutdown,shutdown,0.0625,40,20,0.5125,0.525,0.009375,,False,,False
32,concept,concept__block_32__shutdown,shutdown,0.125,40,20,0.5125,0.5125,0.00625,,False,,False
32,concept,concept__block_32__shutdown,shutdown,0.25,40,20,0.475,0.475,-0.00625,,False,,False
32,concept,concept__block_32__shutdown,shutdown,0.5,40,20,0.5125,0.525,0.00625,,False,,False
32,concept,concept__block_32__shutdown,shutdown,1.0,40,20,0.5,0.525,0.00625,,False,,False
32,concept,concept__block_32__shutdown,shutdown,2.0,40,20,0.5,0.4625,-0.009375,,False,,False
32,concept,concept__block_32__shutdown,shutdown,4.0,40,20,0.4875,0.45,-0.0125,,False,,False
32,concept,concept__block_32__shutdown,shutdown,8.0,40,20,0.5,0.5375,0.0125,,False,,False
32,concept,concept__block_32__shutdown,shutdown,16.0,40,20,0.4875,0.475,-0.009375,,False,,False
32,concept,concept__block_32__shutdown,shutdown,32.0,40,20,0.475,0.425,-0.025,,False,,False
32,concept,concept__block_32__shutdown,shutdown,64.0,40,20,0.45,0.45,-0.0375,,False,,False
32,dropout,dropout_realization_00,dropout_realization_00,0.0625,40,20,0.5,0.5,0.0,,False,,False
32,dropout,dropout_realization_00,dropout_realization_00,0.125,40,20,0.5,0.5,0.0,,False,,False
32,dropout,dropout_realization_00,dropout_realization_00,0.25,40,20,0.475,0.5125,0.003125,,False,,False
32,dropout,dropout_realization_00,dropout_realization_00,0.5,40,20,0.4875,0.475,-0.00625,,False,,False
32,dropout,dropout_realization_00,dropout_realization_00,1.0,40,20,0.5,0.5,0.0,,False,,False
32,dropout,dropout_realization_00,dropout_realization_00,2.0,40,20,0.5125,0.5,0.0,,False,,False
32,dropout,dropout_realization_00,dropout_realization_00,4.0,40,20,0.5,0.475,-0.00625,,False,,False
32,dropout,dropout_realization_00,dropout_realization_00,8.0,40,20,0.5,0.525,0.00625,,False,,False
32,dropout,dropout_realization_00,dropout_realization_00,16.0,40,20,0.475,0.45,-0.015625,,False,,False
32,dropout,dropout_realization_00,dropout_realization_00,32.0,40,20,0.4875,0.375,-0.028125,,False,,False
32,dropout,dropout_realization_00,dropout_realization_00,64.0,40,20,0.4,0.225,-0.1125,,False,,False
32,dropout,dropout_realization_01,dropout_realization_01,0.0625,40,20,0.5,0.5,0.0,,False,,False
32,dropout,dropout_realization_01,dropout_realization_01,0.125,40,20,0.5125,0.5,0.0,,False,,False
32,dropout,dropout_realization_01,dropout_realization_01,0.25,40,20,0.4875,0.45,-0.0125,,False,,False
32,dropout,dropout_realization_01,dropout_realization_01,0.5,40,20,0.5,0.45,-0.015625,,False,,False
32,dropout,dropout_realization_01,dropout_realization_01,1.0,40,20,0.4875,0.5125,0.003125,,False,,False
32,dropout,dropout_realization_01,dropout_realization_01,2.0,40,20,0.525,0.5125,0.003125,,False,,False
32,dropout,dropout_realization_01,dropout_realization_01,4.0,40,20,0.5,0.5125,0.003125,,False,,False
32,dropout,dropout_realization_01,dropout_realization_01,8.0,40,20,0.4875,0.5,0.003125,,False,,False
32,dropout,dropout_realization_01,dropout_realization_01,16.0,40,20,0.5,0.4625,-0.0125,,False,,False
32,dropout,dropout_realization_01,dropout_realization_01,32.0,40,20,0.4125,0.275,-0.06875,,False,,False
32,dropout,dropout_realization_01,dropout_realization_01,64.0,40,20,0.4,0.2625,-0.10625,,False,,False
32,noise,noise_realization_00,noise_realization_00,0.0625,40,20,0.5,0.4875,-0.003125,,False,,False
32,noise,noise_realization_00,noise_realization_00,0.125,40,20,0.5,0.4875,-0.003125,,False,,False
32,noise,noise_realization_00,noise_realization_00,0.25,40,20,0.4875,0.45,-0.0125,,False,,False
32,noise,noise_realization_00,noise_realization_00,0.5,40,20,0.5,0.4625,-0.009375,,False,,False
32,noise,noise_realization_00,noise_realization_00,1.0,40,20,0.5125,0.4875,-0.00625,,False,,False
32,noise,noise_realization_00,noise_realization_00,2.0,40,20,0.5,0.5125,0.003125,,False,,False
32,noise,noise_realization_00,noise_realization_00,4.0,40,20,0.4875,0.4875,-0.003125,,False,,False
32,noise,noise_realization_00,noise_realization_00,8.0,40,20,0.5,0.5,0.0,,False,,False
32,noise,noise_realization_00,noise_realization_00,16.0,40,20,0.4875,0.4375,-0.015625,,False,,False
32,noise,noise_realization_00,noise_realization_00,32.0,40,20,0.475,0.4125,-0.034375,,False,,False
32,noise,noise_realization_00,noise_realization_00,64.0,40,20,0.375,0.275,-0.090625,,False,,False
32,noise,noise_realization_01,noise_realization_01,0.0625,40,20,0.475,0.4375,-0.015625,,False,,False
32,noise,noise_realization_01,noise_realization_01,0.125,40,20,0.5,0.4875,0.0,,False,,False
32,noise,noise_realization_01,noise_realization_01,0.25,40,20,0.5125,0.5375,0.009375,,False,,False
32,noise,noise_realization_01,noise_realization_01,0.5,40,20,0.5125,0.55,0.0125,,False,,False
32,noise,noise_realization_01,noise_realization_01,1.0,40,20,0.5,0.5125,0.003125,,False,,False
32,noise,noise_realization_01,noise_realization_01,2.0,40,20,0.4875,0.4375,-0.015625,,False,,False
32,noise,noise_realization_01,noise_realization_01,4.0,40,20,0.4875,0.45,-0.0125,,False,,False
32,noise,noise_realization_01,noise_realization_01,8.0,40,20,0.5,0.55,0.0125,,False,,False
32,noise,noise_realization_01,noise_realization_01,16.0,40,20,0.5,0.5,0.003125,,False,,False
32,noise,noise_realization_01,noise_realization_01,32.0,40,20,0.475,0.375,-0.040625,,False,,False
32,noise,noise_realization_01,noise_realization_01,64.0,40,20,0.45,0.35,-0.06875,,False,,False
32,random,fixed_random__block_32__0000,0000,0.0625,40,20,0.5,0.4625,-0.009375,,False,,False
32,random,fixed_random__block_32__0000,0000,0.125,40,20,0.4875,0.5,0.0,,False,,False
32,random,fixed_random__block_32__0000,0000,0.25,40,20,0.5,0.5,0.0,,False,,False
32,random,fixed_random__block_32__0000,0000,0.5,40,20,0.5125,0.5375,0.009375,,False,,False
32,random,fixed_random__block_32__0000,0000,1.0,40,20,0.4875,0.475,-0.00625,,False,,False
32,random,fixed_random__block_32__0000,0000,2.0,40,20,0.5,0.5,0.0,,False,,False
32,random,fixed_random__block_32__0000,0000,4.0,40,20,0.5125,0.4875,-0.003125,,False,,False
32,random,fixed_random__block_32__0000,0000,8.0,40,20,0.525,0.575,0.01875,,False,,False
32,random,fixed_random__block_32__0000,0000,16.0,40,20,0.5,0.525,0.003125,,False,,False
32,random,fixed_random__block_32__0000,0000,32.0,40,20,0.5125,0.4875,0.0,,False,,False
32,random,fixed_random__block_32__0000,0000,64.0,40,20,0.4875,0.35,-0.05,,False,,False
32,random,fixed_random__block_32__0001,0001,0.0625,40,20,0.4875,0.4875,-0.003125,,False,,False
32,random,fixed_random__block_32__0001,0001,0.125,40,20,0.4875,0.5,0.003125,,False,,False
32,random,fixed_random__block_32__0001,0001,0.25,40,20,0.5,0.5,0.0,,False,,False
32,random,fixed_random__block_32__0001,0001,0.5,40,20,0.4875,0.4875,0.0,,False,,False
32,random,fixed_random__block_32__0001,0001,1.0,40,20,0.4875,0.4875,-0.003125,,False,,False
32,random,fixed_random__block_32__0001,0001,2.0,40,20,0.475,0.4375,-0.015625,,False,,False
32,random,fixed_random__block_32__0001,0001,4.0,40,20,0.5,0.5375,0.009375,,False,,False
32,random,fixed_random__block_32__0001,0001,8.0,40,20,0.4875,0.45,-0.015625,,False,,False
32,random,fixed_random__block_32__0001,0001,16.0,40,20,0.475,0.3875,-0.034375,,False,,False
32,random,fixed_random__block_32__0001,0001,32.0,40,20,0.4125,0.25,-0.08125,,False,,False
32,random,fixed_random__block_32__0001,0001,64.0,40,20,0.35,0.1125,-0.1625,,False,,False
32,random,fixed_random__block_32__0002,0002,0.0625,40,20,0.5125,0.5,0.0,,False,,False
32,random,fixed_random__block_32__0002,0002,0.125,40,20,0.475,0.5375,0.009375,,False,,False
32,random,fixed_random__block_32__0002,0002,0.25,40,20,0.4875,0.4875,-0.003125,,False,,False
32,random,fixed_random__block_32__0002,0002,0.5,40,20,0.4875,0.525,0.00625,,False,,False
32,random,fixed_random__block_32__0002,0002,1.0,40,20,0.5,0.5,0.0,,False,,False
32,random,fixed_random__block_32__0002,0002,2.0,40,20,0.4875,0.4875,-0.003125,,False,,False
32,random,fixed_random__block_32__0002,0002,4.0,40,20,0.5125,0.45,-0.0125,,False,,False
32,random,fixed_random__block_32__0002,0002,8.0,40,20,0.4625,0.3625,-0.0375,,False,,False
32,random,fixed_random__block_32__0002,0002,16.0,40,20,0.4625,0.3375,-0.053125,,False,,False
32,random,fixed_random__block_32__0002,0002,32.0,40,20,0.4,0.2125,-0.103125,,False,,False
32,random,fixed_random__block_32__0002,0002,64.0,40,20,0.3375,0.1375,-0.178125,,False,,False
56,concept,concept__block_56__Dust,Dust,0.0625,40,20,0.5,0.4625,-0.009375,,False,,False
56,concept,concept__block_56__Dust,Dust,0.125,40,20,0.4875,0.4875,-0.003125,,False,,False
56,concept,concept__block_56__Dust,Dust,0.25,40,20,0.5,0.4875,-0.003125,,False,,False
56,concept,concept__block_56__Dust,Dust,0.5,40,20,0.5,0.4625,-0.009375,,False,,False
56,concept,concept__block_56__Dust,Dust,1.0,40,20,0.4875,0.5,0.0,,False,,False
56,concept,concept__block_56__Dust,Dust,2.0,40,20,0.5,0.5125,0.003125,,False,,False
56,concept,concept__block_56__Dust,Dust,4.0,40,20,0.4875,0.5375,0.009375,,False,,False
56,concept,concept__block_56__Dust,Dust,8.0,40,20,0.5,0.5375,0.009375,,False,,False
56,concept,concept__block_56__Dust,Dust,16.0,40,20,0.5,0.475,-0.00625,,False,,False
56,concept,concept__block_56__Dust,Dust,32.0,40,20,0.5125,0.5125,0.003125,,False,,False
56,concept,concept__block_56__Dust,Dust,64.0,40,20,0.5,0.5125,0.003125,,False,,False
56,concept,concept__block_56__Satellites,Satellites,0.0625,40,20,0.4875,0.4875,-0.003125,,False,,False
56,concept,concept__block_56__Satellites,Satellites,0.125,40,20,0.4875,0.475,-0.00625,,False,,False
56,concept,concept__block_56__Satellites,Satellites,0.25,40,20,0.5,0.475,-0.00625,,False,,False
56,concept,concept__block_56__Satellites,Satellites,0.5,40,20,0.5125,0.525,0.00625,,False,,False
56,concept,concept__block_56__Satellites,Satellites,1.0,40,20,0.5,0.5125,0.003125,,False,,False
56,concept,concept__block_56__Satellites,Satellites,2.0,40,20,0.5,0.5,0.0,,False,,False
56,concept,concept__block_56__Satellites,Satellites,4.0,40,20,0.4875,0.525,0.00625,,False,,False
56,concept,concept__block_56__Satellites,Satellites,8.0,40,20,0.5,0.5125,0.003125,,False,,False
56,concept,concept__block_56__Satellites,Satellites,16.0,40,20,0.4875,0.5,0.0,,False,,False
56,concept,concept__block_56__Satellites,Satellites,32.0,40,20,0.5,0.5125,0.003125,,False,,False
56,concept,concept__block_56__Satellites,Satellites,64.0,40,20,0.5,0.55,0.0125,,False,,False
56,concept,concept__block_56__recursion,recursion,0.0625,40,20,0.5,0.4875,-0.003125,,False,,False
56,concept,concept__block_56__recursion,recursion,0.125,40,20,0.5,0.5125,0.003125,,False,,False
56,concept,concept__block_56__recursion,recursion,0.25,40,20,0.5,0.4875,-0.003125,,False,,False
56,concept,concept__block_56__recursion,recursion,0.5,40,20,0.5,0.4875,-0.003125,,False,,False
56,concept,concept__block_56__recursion,recursion,1.0,40,20,0.4875,0.475,-0.00625,,False,,False
56,concept,concept__block_56__recursion,recursion,2.0,40,20,0.5,0.5125,0.003125,,False,,False
56,concept,concept__block_56__recursion,recursion,4.0,40,20,0.4875,0.45,-0.0125,,False,,False
56,concept,concept__block_56__recursion,recursion,8.0,40,20,0.5,0.5,0.0,,False,,False
56,concept,concept__block_56__recursion,recursion,16.0,40,20,0.4875,0.5,0.0,,False,,False
56,concept,concept__block_56__recursion,recursion,32.0,40,20,0.4875,0.5375,0.009375,,False,,False
56,concept,concept__block_56__recursion,recursion,64.0,40,20,0.5125,0.5375,0.009375,,False,,False
56,concept,concept__block_56__shutdown,shutdown,0.0625,40,20,0.5,0.5,0.0,,False,,False
56,concept,concept__block_56__shutdown,shutdown,0.125,40,20,0.5,0.5125,0.003125,,False,,False
56,concept,concept__block_56__shutdown,shutdown,0.25,40,20,0.4875,0.5,0.0,,False,,False
56,concept,concept__block_56__shutdown,shutdown,0.5,40,20,0.5,0.5125,0.003125,,False,,False
56,concept,concept__block_56__shutdown,shutdown,1.0,40,20,0.5,0.5375,0.009375,,False,,False
56,concept,concept__block_56__shutdown,shutdown,2.0,40,20,0.5125,0.4625,-0.009375,,False,,False
56,concept,concept__block_56__shutdown,shutdown,4.0,40,20,0.5125,0.5125,0.003125,,False,,False
56,concept,concept__block_56__shutdown,shutdown,8.0,40,20,0.5,0.4875,-0.003125,,False,,False
56,concept,concept__block_56__shutdown,shutdown,16.0,40,20,0.5125,0.5125,0.003125,,False,,False
56,concept,concept__block_56__shutdown,shutdown,32.0,40,20,0.5125,0.5125,0.003125,,False,,False
56,concept,concept__block_56__shutdown,shutdown,64.0,40,20,0.5,0.45,-0.0125,,False,,False
56,dropout,dropout_realization_00,dropout_realization_00,0.0625,40,20,0.5,0.5,0.0,,False,,False
56,dropout,dropout_realization_00,dropout_realization_00,0.125,40,20,0.5,0.5,0.0,,False,,False
56,dropout,dropout_realization_00,dropout_realization_00,0.25,40,20,0.5,0.5125,0.003125,,False,,False
56,dropout,dropout_realization_00,dropout_realization_00,0.5,40,20,0.5,0.5125,0.003125,,False,,False
56,dropout,dropout_realization_00,dropout_realization_00,1.0,40,20,0.4875,0.4875,-0.003125,,False,,False
56,dropout,dropout_realization_00,dropout_realization_00,2.0,40,20,0.5,0.475,-0.00625,,False,,False
56,dropout,dropout_realization_00,dropout_realization_00,4.0,40,20,0.4875,0.5,0.0,,False,,False
56,dropout,dropout_realization_00,dropout_realization_00,8.0,40,20,0.5,0.45,-0.0125,,False,,False
56,dropout,dropout_realization_00,dropout_realization_00,16.0,40,20,0.4875,0.4875,-0.003125,,False,,False
56,dropout,dropout_realization_00,dropout_realization_00,32.0,40,20,0.5125,0.5,0.0,,False,,False
56,dropout,dropout_realization_00,dropout_realization_00,64.0,40,20,0.5,0.525,0.00625,,False,,False
56,dropout,dropout_realization_01,dropout_realization_01,0.0625,40,20,0.5,0.5,0.0,,False,,False
56,dropout,dropout_realization_01,dropout_realization_01,0.125,40,20,0.5,0.5,0.0,,False,,False
56,dropout,dropout_realization_01,dropout_realization_01,0.25,40,20,0.5,0.5,0.0,,False,,False
56,dropout,dropout_realization_01,dropout_realization_01,0.5,40,20,0.5,0.5,0.0,,False,,False
56,dropout,dropout_realization_01,dropout_realization_01,1.0,40,20,0.5,0.4875,-0.003125,,False,,False
56,dropout,dropout_realization_01,dropout_realization_01,2.0,40,20,0.5,0.475,-0.00625,,False,,False
56,dropout,dropout_realization_01,dropout_realization_01,4.0,40,20,0.4875,0.4875,-0.003125,,False,,False
56,dropout,dropout_realization_01,dropout_realization_01,8.0,40,20,0.5,0.5125,0.003125,,False,,False
56,dropout,dropout_realization_01,dropout_realization_01,16.0,40,20,0.5,0.525,0.00625,,False,,False
56,dropout,dropout_realization_01,dropout_realization_01,32.0,40,20,0.5125,0.525,0.00625,,False,,False
56,dropout,dropout_realization_01,dropout_realization_01,64.0,40,20,0.5,0.525,0.00625,,False,,False
56,noise,noise_realization_00,noise_realization_00,0.0625,40,20,0.5,0.5125,0.003125,,False,,False
56,noise,noise_realization_00,noise_realization_00,0.125,40,20,0.5125,0.525,0.00625,,False,,False
56,noise,noise_realization_00,noise_realization_00,0.25,40,20,0.4875,0.4875,-0.003125,,False,,False
56,noise,noise_realization_00,noise_realization_00,0.5,40,20,0.4875,0.4625,-0.009375,,False,,False
56,noise,noise_realization_00,noise_realization_00,1.0,40,20,0.5,0.5125,0.003125,,False,,False
56,noise,noise_realization_00,noise_realization_00,2.0,40,20,0.4875,0.4625,-0.009375,,False,,False
56,noise,noise_realization_00,noise_realization_00,4.0,40,20,0.5125,0.5125,0.003125,,False,,False
56,noise,noise_realization_00,noise_realization_00,8.0,40,20,0.5,0.5,0.0,,False,,False
56,noise,noise_realization_00,noise_realization_00,16.0,40,20,0.4875,0.475,-0.00625,,False,,False
56,noise,noise_realization_00,noise_realization_00,32.0,40,20,0.5,0.5125,0.003125,,False,,False
56,noise,noise_realization_00,noise_realization_00,64.0,40,20,0.5125,0.55,0.0125,,False,,False
56,noise,noise_realization_01,noise_realization_01,0.0625,40,20,0.4875,0.5125,0.003125,,False,,False
56,noise,noise_realization_01,noise_realization_01,0.125,40,20,0.5,0.475,-0.00625,,False,,False
56,noise,noise_realization_01,noise_realization_01,0.25,40,20,0.4875,0.475,-0.00625,,False,,False
56,noise,noise_realization_01,noise_realization_01,0.5,40,20,0.4875,0.4625,-0.009375,,False,,False
56,noise,noise_realization_01,noise_realization_01,1.0,40,20,0.5,0.4875,-0.003125,,False,,False
56,noise,noise_realization_01,noise_realization_01,2.0,40,20,0.5,0.5125,0.0,,False,,False
56,noise,noise_realization_01,noise_realization_01,4.0,40,20,0.5,0.4875,-0.003125,,False,,False
56,noise,noise_realization_01,noise_realization_01,8.0,40,20,0.5125,0.5125,0.003125,,False,,False
56,noise,noise_realization_01,noise_realization_01,16.0,40,20,0.5,0.525,0.00625,,False,,False
56,noise,noise_realization_01,noise_realization_01,32.0,40,20,0.5,0.5,0.0,,False,,False
56,noise,noise_realization_01,noise_realization_01,64.0,40,20,0.5,0.5375,0.009375,,False,,False
56,random,fixed_random__block_56__0000,0000,0.0625,40,20,0.5,0.5,0.0,,False,,False
56,random,fixed_random__block_56__0000,0000,0.125,40,20,0.5125,0.5,0.0,,False,,False
56,random,fixed_random__block_56__0000,0000,0.25,40,20,0.5,0.5125,0.003125,,False,,False
56,random,fixed_random__block_56__0000,0000,0.5,40,20,0.5,0.5,0.0,,False,,False
56,random,fixed_random__block_56__0000,0000,1.0,40,20,0.5125,0.55,0.0125,,False,,False
56,random,fixed_random__block_56__0000,0000,2.0,40,20,0.5,0.4875,-0.003125,,False,,False
56,random,fixed_random__block_56__0000,0000,4.0,40,20,0.4875,0.4875,-0.003125,,False,,False
56,random,fixed_random__block_56__0000,0000,8.0,40,20,0.5125,0.5125,0.003125,,False,,False
56,random,fixed_random__block_56__0000,0000,16.0,40,20,0.5125,0.5125,0.003125,,False,,False
56,random,fixed_random__block_56__0000,0000,32.0,40,20,0.5,0.475,-0.00625,,False,,False
56,random,fixed_random__block_56__0000,0000,64.0,40,20,0.5,0.5,0.0,,False,,False
56,random,fixed_random__block_56__0001,0001,0.0625,40,20,0.525,0.5,0.0,,False,,False
56,random,fixed_random__block_56__0001,0001,0.125,40,20,0.5,0.5,0.0,,False,,False
56,random,fixed_random__block_56__0001,0001,0.25,40,20,0.5,0.4875,-0.003125,,False,,False
56,random,fixed_random__block_56__0001,0001,0.5,40,20,0.4875,0.5125,0.003125,,False,,False
56,random,fixed_random__block_56__0001,0001,1.0,40,20,0.5,0.475,-0.00625,,False,,False
56,random,fixed_random__block_56__0001,0001,2.0,40,20,0.5,0.5,0.0,,False,,False
56,random,fixed_random__block_56__0001,0001,4.0,40,20,0.4875,0.4875,-0.003125,,False,,False
56,random,fixed_random__block_56__0001,0001,8.0,40,20,0.5,0.45,-0.0125,,False,,False
56,random,fixed_random__block_56__0001,0001,16.0,40,20,0.4875,0.4875,-0.003125,,False,,False
56,random,fixed_random__block_56__0001,0001,32.0,40,20,0.5,0.5125,0.003125,,False,,False
56,random,fixed_random__block_56__0001,0001,64.0,40,20,0.4875,0.525,0.00625,,False,,False
56,random,fixed_random__block_56__0002,0002,0.0625,40,20,0.5,0.4875,-0.003125,,False,,False
56,random,fixed_random__block_56__0002,0002,0.125,40,20,0.5,0.5125,0.003125,,False,,False
56,random,fixed_random__block_56__0002,0002,0.25,40,20,0.5,0.55,0.0125,,False,,False
56,random,fixed_random__block_56__0002,0002,0.5,40,20,0.5,0.525,0.00625,,False,,False
56,random,fixed_random__block_56__0002,0002,1.0,40,20,0.5,0.5,0.0,,False,,False
56,random,fixed_random__block_56__0002,0002,2.0,40,20,0.4875,0.5125,0.003125,,False,,False
56,random,fixed_random__block_56__0002,0002,4.0,40,20,0.5,0.4625,-0.009375,,False,,False
56,random,fixed_random__block_56__0002,0002,8.0,40,20,0.5,0.4875,-0.003125,,False,,False
56,random,fixed_random__block_56__0002,0002,16.0,40,20,0.4875,0.5,0.0,,False,,False
56,random,fixed_random__block_56__0002,0002,32.0,40,20,0.5125,0.5375,0.009375,,False,,False
56,random,fixed_random__block_56__0002,0002,64.0,40,20,0.5,0.525,0.00625,,False,,False
