layer,family,estimator,alpha,statistic,z
0,concept,mad,0.25,min,0.48472094946329747
0,concept,mad,0.5,min,0.9694418989265949
0,concept,mad,1.0,min,1.9388837978531899
0,concept,mad,2.0,min,3.8777675957063797
0,concept,mad,4.0,min,7.7555351914127595
0,concept,mad,8.0,min,15.511070382825519
0,concept,mad,16.0,min,31.022140765651038
0,concept,mad,32.0,min,62.044281531302076
0,concept,mad,64.0,min,124.08856306260415
0,concept,mad,128.0,min,248.1771261252083
0,concept,sd,0.25,min,0.13336666410052106
0,concept,sd,0.5,min,0.2667333282010421
0,concept,sd,1.0,min,0.5334666564020842
0,concept,sd,2.0,min,1.0669333128041685
0,concept,sd,4.0,min,2.133866625608337
0,concept,sd,8.0,min,4.267733251216674
0,concept,sd,16.0,min,8.535466502433348
0,concept,sd,32.0,min,17.070933004866696
0,concept,sd,64.0,min,34.14186600973339
0,concept,sd,128.0,min,68.28373201946678
0,dropout,mad,0.25,min,10.983710635673965
0,dropout,mad,0.5,min,21.96742127134793
0,dropout,mad,1.0,min,43.93484254269586
0,dropout,mad,2.0,min,87.86968508539172
0,dropout,mad,4.0,min,175.73937017078345
0,dropout,mad,8.0,min,351.4787403415669
0,dropout,mad,16.0,min,702.9574806831338
0,dropout,mad,32.0,min,1405.9149613662676
0,dropout,mad,64.0,min,2811.829922732535
0,dropout,mad,128.0,min,5623.65984546507
0,dropout,sd,0.25,min,7.491718886862399
0,dropout,sd,0.5,min,14.983437773724798
0,dropout,sd,1.0,min,29.966875547449597
0,dropout,sd,2.0,min,59.93375109489919
0,dropout,sd,4.0,min,119.86750218979839
0,dropout,sd,8.0,min,239.73500437959677
0,dropout,sd,16.0,min,479.47000875919355
0,dropout,sd,32.0,min,958.9400175183871
0,dropout,sd,64.0,min,1917.8800350367742
0,dropout,sd,128.0,min,3835.7600700735484
0,noise,mad,0.25,min,4.379816030351824
0,noise,mad,0.5,min,8.759632060703648
0,noise,mad,1.0,min,17.519264121407296
0,noise,mad,2.0,min,35.03852824281459
0,noise,mad,4.0,min,70.07705648562919
0,noise,mad,8.0,min,140.15411297125837
0,noise,mad,16.0,min,280.30822594251674
0,noise,mad,32.0,min,560.6164518850335
0,noise,mad,64.0,min,1121.232903770067
0,noise,mad,128.0,min,2242.465807540134
0,noise,sd,0.25,min,1.4409755536058626
0,noise,sd,0.5,min,2.881951107211725
0,noise,sd,1.0,min,5.76390221442345
0,noise,sd,2.0,min,11.5278044288469
0,noise,sd,4.0,min,23.0556088576938
0,noise,sd,8.0,min,46.1112177153876
0,noise,sd,16.0,min,92.2224354307752
0,noise,sd,32.0,min,184.4448708615504
0,noise,sd,64.0,min,368.8897417231008
0,noise,sd,128.0,min,737.7794834462017
0,random,mad,0.25,min,5.805141966773613
0,random,mad,0.5,min,11.610283933547226
0,random,mad,1.0,min,23.220567867094452
0,random,mad,2.0,min,46.441135734188904
0,random,mad,4.0,min,92.88227146837781
0,random,mad,8.0,min,185.76454293675562
0,random,mad,16.0,min,371.52908587351124
0,random,mad,32.0,min,743.0581717470225
0,random,mad,64.0,min,1486.116343494045
0,random,mad,128.0,min,2972.23268698809
0,random,sd,0.25,min,1.8320838305257958
0,random,sd,0.5,min,3.6641676610515916
0,random,sd,1.0,min,7.328335322103183
0,random,sd,2.0,min,14.656670644206367
0,random,sd,4.0,min,29.313341288412733
0,random,sd,8.0,min,58.626682576825466
0,random,sd,16.0,min,117.25336515365093
0,random,sd,32.0,min,234.50673030730186
0,random,sd,64.0,min,469.01346061460373
0,random,sd,128.0,min,938.0269212292075
1,concept,mad,0.25,min,3.016917911142282
1,concept,mad,0.5,min,6.033835822284564
1,concept,mad,1.0,min,12.067671644569128
1,concept,mad,2.0,min,24.135343289138255
1,concept,mad,4.0,min,48.27068657827651
1,concept,mad,8.0,min,96.54137315655302
1,concept,mad,16.0,min,193.08274631310604
1,concept,mad,32.0,min,386.1654926262121
1,concept,mad,64.0,min,772.3309852524242
1,concept,mad,128.0,min,1544.6619705048483
1,concept,sd,0.25,min,0.0012413500879633413
1,concept,sd,0.5,min,0.0024827001759266825
1,concept,sd,1.0,min,0.004965400351853365
1,concept,sd,2.0,min,0.00993080070370673
1,concept,sd,4.0,min,0.01986160140741346
1,concept,sd,8.0,min,0.03972320281482692
1,concept,sd,16.0,min,0.07944640562965384
1,concept,sd,32.0,min,0.15889281125930768
1,concept,sd,64.0,min,0.31778562251861536
1,concept,sd,128.0,min,0.6355712450372307
1,dropout,mad,0.25,min,8.71384040120694
1,dropout,mad,0.5,min,17.42768080241388
1,dropout,mad,1.0,min,34.85536160482776
1,dropout,mad,2.0,min,69.71072320965553
1,dropout,mad,4.0,min,139.42144641931105
1,dropout,mad,8.0,min,278.8428928386221
1,dropout,mad,16.0,min,557.6857856772442
1,dropout,mad,32.0,min,1115.3715713544884
1,dropout,mad,64.0,min,2230.743142708977
1,dropout,mad,128.0,min,4461.486285417954
1,dropout,sd,0.25,min,0.17239444903886983
1,dropout,sd,0.5,min,0.34478889807773966
1,dropout,sd,1.0,min,0.6895777961554793
1,dropout,sd,2.0,min,1.3791555923109586
1,dropout,sd,4.0,min,2.7583111846219173
1,dropout,sd,8.0,min,5.5166223692438345
1,dropout,sd,16.0,min,11.033244738487669
1,dropout,sd,32.0,min,22.066489476975338
1,dropout,sd,64.0,min,44.132978953950676
1,dropout,sd,128.0,min,88.26595790790135
1,noise,mad,0.25,min,5.81723409998297
1,noise,mad,0.5,min,11.63446819996594
1,noise,mad,1.0,min,23.26893639993188
1,noise,mad,2.0,min,46.53787279986376
1,noise,mad,4.0,min,93.07574559972753
1,noise,mad,8.0,min,186.15149119945505
1,noise,mad,16.0,min,372.3029823989101
1,noise,mad,32.0,min,744.6059647978202
1,noise,mad,64.0,min,1489.2119295956404
1,noise,mad,128.0,min,2978.423859191281
1,noise,sd,0.25,min,0.025095738631292747
1,noise,sd,0.5,min,0.05019147726258549
1,noise,sd,1.0,min,0.10038295452517099
1,noise,sd,2.0,min,0.20076590905034197
1,noise,sd,4.0,min,0.40153181810068395
1,noise,sd,8.0,min,0.8030636362013679
1,noise,sd,16.0,min,1.6061272724027358
1,noise,sd,32.0,min,3.2122545448054716
1,noise,sd,64.0,min,6.424509089610943
1,noise,sd,128.0,min,12.849018179221886
1,random,mad,0.25,min,7.454738931892498
1,random,mad,0.5,min,14.909477863784996
1,random,mad,1.0,min,29.818955727569993
1,random,mad,2.0,min,59.637911455139985
1,random,mad,4.0,min,119.27582291027997
1,random,mad,8.0,min,238.55164582055994
1,random,mad,16.0,min,477.1032916411199
1,random,mad,32.0,min,954.2065832822398
1,random,mad,64.0,min,1908.4131665644795
1,random,mad,128.0,min,3816.826333128959
1,random,sd,0.25,min,0.08476667847594367
1,random,sd,0.5,min,0.16953335695188734
1,random,sd,1.0,min,0.3390667139037747
1,random,sd,2.0,min,0.6781334278075494
1,random,sd,4.0,min,1.3562668556150987
1,random,sd,8.0,min,2.7125337112301975
1,random,sd,16.0,min,5.425067422460395
1,random,sd,32.0,min,10.85013484492079
1,random,sd,64.0,min,21.70026968984158
1,random,sd,128.0,min,43.40053937968316
2,concept,mad,0.25,min,2.706481480691401
2,concept,mad,0.5,min,5.412962961382802
2,concept,mad,1.0,min,10.825925922765604
2,concept,mad,2.0,min,21.65185184553121
2,concept,mad,4.0,min,43.30370369106242
2,concept,mad,8.0,min,86.60740738212483
2,concept,mad,16.0,min,173.21481476424967
2,concept,mad,32.0,min,346.42962952849933
2,concept,mad,64.0,min,692.8592590569987
2,concept,mad,128.0,min,1385.7185181139973
2,concept,sd,0.25,min,0.0012457733052154145
2,concept,sd,0.5,min,0.002491546610430829
2,concept,sd,1.0,min,0.004983093220861658
2,concept,sd,2.0,min,0.009966186441723316
2,concept,sd,4.0,min,0.019932372883446632
2,concept,sd,8.0,min,0.039864745766893264
2,concept,sd,16.0,min,0.07972949153378653
2,concept,sd,32.0,min,0.15945898306757306
2,concept,sd,64.0,min,0.3189179661351461
2,concept,sd,128.0,min,0.6378359322702922
2,dropout,mad,0.25,min,6.497567384034929
2,dropout,mad,0.5,min,12.995134768069859
2,dropout,mad,1.0,min,25.990269536139717
2,dropout,mad,2.0,min,51.980539072279434
2,dropout,mad,4.0,min,103.96107814455887
2,dropout,mad,8.0,min,207.92215628911774
2,dropout,mad,16.0,min,415.8443125782355
2,dropout,mad,32.0,min,831.688625156471
2,dropout,mad,64.0,min,1663.377250312942
2,dropout,mad,128.0,min,3326.754500625884
2,dropout,sd,0.25,min,0.13372664345210605
2,dropout,sd,0.5,min,0.2674532869042121
2,dropout,sd,1.0,min,0.5349065738084242
2,dropout,sd,2.0,min,1.0698131476168484
2,dropout,sd,4.0,min,2.139626295233697
2,dropout,sd,8.0,min,4.279252590467394
2,dropout,sd,16.0,min,8.558505180934787
2,dropout,sd,32.0,min,17.117010361869575
2,dropout,sd,64.0,min,34.23402072373915
2,dropout,sd,128.0,min,68.4680414474783
2,noise,mad,0.25,min,3.9734383154305575
2,noise,mad,0.5,min,7.946876630861115
2,noise,mad,1.0,min,15.89375326172223
2,noise,mad,2.0,min,31.78750652344446
2,noise,mad,4.0,min,63.57501304688892
2,noise,mad,8.0,min,127.15002609377784
2,noise,mad,16.0,min,254.30005218755568
2,noise,mad,32.0,min,508.60010437511136
2,noise,mad,64.0,min,1017.2002087502227
2,noise,mad,128.0,min,2034.4004175004454
2,noise,sd,0.25,min,0.02531497380253259
2,noise,sd,0.5,min,0.05062994760506518
2,noise,sd,1.0,min,0.10125989521013036
2,noise,sd,2.0,min,0.20251979042026072
2,noise,sd,4.0,min,0.40503958084052144
2,noise,sd,8.0,min,0.8100791616810429
2,noise,sd,16.0,min,1.6201583233620858
2,noise,sd,32.0,min,3.2403166467241715
2,noise,sd,64.0,min,6.480633293448343
2,noise,sd,128.0,min,12.961266586896686
2,random,mad,0.25,min,6.0887128379436515
2,random,mad,0.5,min,12.177425675887303
2,random,mad,1.0,min,24.354851351774606
2,random,mad,2.0,min,48.70970270354921
2,random,mad,4.0,min,97.41940540709842
2,random,mad,8.0,min,194.83881081419685
2,random,mad,16.0,min,389.6776216283937
2,random,mad,32.0,min,779.3552432567874
2,random,mad,64.0,min,1558.7104865135748
2,random,mad,128.0,min,3117.4209730271496
2,random,sd,0.25,min,0.03993896708572183
2,random,sd,0.5,min,0.07987793417144366
2,random,sd,1.0,min,0.15975586834288732
2,random,sd,2.0,min,0.31951173668577465
2,random,sd,4.0,min,0.6390234733715493
2,random,sd,8.0,min,1.2780469467430986
2,random,sd,16.0,min,2.556093893486197
2,random,sd,32.0,min,5.112187786972394
2,random,sd,64.0,min,10.224375573944789
2,random,sd,128.0,min,20.448751147889578
3,concept,mad,0.25,min,2.060522925458805
3,concept,mad,0.5,min,4.12104585091761
3,concept,mad,1.0,min,8.24209170183522
3,concept,mad,2.0,min,16.48418340367044
3,concept,mad,4.0,min,32.96836680734088
3,concept,mad,8.0,min,65.93673361468176
3,concept,mad,16.0,min,131.8734672293635
3,concept,mad,32.0,min,263.746934458727
3,concept,mad,64.0,min,527.493868917454
3,concept,mad,128.0,min,1054.987737834908
3,concept,sd,0.25,min,0.0012575536118606529
3,concept,sd,0.5,min,0.0025151072237213057
3,concept,sd,1.0,min,0.0050302144474426115
3,concept,sd,2.0,min,0.010060428894885223
3,concept,sd,4.0,min,0.020120857789770446
3,concept,sd,8.0,min,0.04024171557954089
3,concept,sd,16.0,min,0.08048343115908178
3,concept,sd,32.0,min,0.16096686231816357
3,concept,sd,64.0,min,0.32193372463632713
3,concept,sd,128.0,min,0.6438674492726543
3,dropout,mad,0.25,min,4.430051874382357
3,dropout,mad,0.5,min,8.860103748764715
3,dropout,mad,1.0,min,17.72020749752943
3,dropout,mad,2.0,min,35.44041499505886
3,dropout,mad,4.0,min,70.88082999011772
3,dropout,mad,8.0,min,141.76165998023544
3,dropout,mad,16.0,min,283.5233199604709
3,dropout,mad,32.0,min,567.0466399209417
3,dropout,mad,64.0,min,1134.0932798418835
3,dropout,mad,128.0,min,2268.186559683767
3,dropout,sd,0.25,min,0.07490271508033673
3,dropout,sd,0.5,min,0.14980543016067346
3,dropout,sd,1.0,min,0.29961086032134693
3,dropout,sd,2.0,min,0.5992217206426939
3,dropout,sd,4.0,min,1.1984434412853877
3,dropout,sd,8.0,min,2.3968868825707754
3,dropout,sd,16.0,min,4.793773765141551
3,dropout,sd,32.0,min,9.587547530283102
3,dropout,sd,64.0,min,19.175095060566203
3,dropout,sd,128.0,min,38.35019012113241
3,noise,mad,0.25,min,3.0305649274204316
3,noise,mad,0.5,min,6.061129854840863
3,noise,mad,1.0,min,12.122259709681726
3,noise,mad,2.0,min,24.244519419363453
3,noise,mad,4.0,min,48.489038838726906
3,noise,mad,8.0,min,96.97807767745381
3,noise,mad,16.0,min,193.95615535490762
3,noise,mad,32.0,min,387.91231070981524
3,noise,mad,64.0,min,775.8246214196305
3,noise,mad,128.0,min,1551.649242839261
3,noise,sd,0.25,min,0.021119399272842013
3,noise,sd,0.5,min,0.04223879854568403
3,noise,sd,1.0,min,0.08447759709136805
3,noise,sd,2.0,min,0.1689551941827361
3,noise,sd,4.0,min,0.3379103883654722
3,noise,sd,8.0,min,0.6758207767309444
3,noise,sd,16.0,min,1.3516415534618889
3,noise,sd,32.0,min,2.7032831069237777
3,noise,sd,64.0,min,5.406566213847555
3,noise,sd,128.0,min,10.81313242769511
3,random,mad,0.25,min,4.027189271842679
3,random,mad,0.5,min,8.054378543685358
3,random,mad,1.0,min,16.108757087370716
3,random,mad,2.0,min,32.21751417474143
3,random,mad,4.0,min,64.43502834948286
3,random,mad,8.0,min,128.87005669896573
3,random,mad,16.0,min,257.74011339793145
3,random,mad,32.0,min,515.4802267958629
3,random,mad,64.0,min,1030.9604535917258
3,random,mad,128.0,min,2061.9209071834516
3,random,sd,0.25,min,0.044949318095063286
3,random,sd,0.5,min,0.08989863619012657
3,random,sd,1.0,min,0.17979727238025314
3,random,sd,2.0,min,0.3595945447605063
3,random,sd,4.0,min,0.7191890895210126
3,random,sd,8.0,min,1.4383781790420251
3,random,sd,16.0,min,2.8767563580840503
3,random,sd,32.0,min,5.753512716168101
3,random,sd,64.0,min,11.507025432336201
3,random,sd,128.0,min,23.014050864672402
4,concept,mad,0.25,min,1.8011069166554858
4,concept,mad,0.5,min,3.6022138333109717
4,concept,mad,1.0,min,7.204427666621943
4,concept,mad,2.0,min,14.408855333243887
4,concept,mad,4.0,min,28.817710666487773
4,concept,mad,8.0,min,57.63542133297555
4,concept,mad,16.0,min,115.2708426659511
4,concept,mad,32.0,min,230.5416853319022
4,concept,mad,64.0,min,461.0833706638044
4,concept,mad,128.0,min,922.1667413276087
4,concept,sd,0.25,min,0.0012674492122556724
4,concept,sd,0.5,min,0.0025348984245113448
4,concept,sd,1.0,min,0.0050697968490226895
4,concept,sd,2.0,min,0.010139593698045379
4,concept,sd,4.0,min,0.020279187396090758
4,concept,sd,8.0,min,0.040558374792181516
4,concept,sd,16.0,min,0.08111674958436303
4,concept,sd,32.0,min,0.16223349916872606
4,concept,sd,64.0,min,0.32446699833745213
4,concept,sd,128.0,min,0.6489339966749043
4,dropout,mad,0.25,min,3.557221492678719
4,dropout,mad,0.5,min,7.114442985357438
4,dropout,mad,1.0,min,14.228885970714876
4,dropout,mad,2.0,min,28.45777194142975
4,dropout,mad,4.0,min,56.9155438828595
4,dropout,mad,8.0,min,113.831087765719
4,dropout,mad,16.0,min,227.662175531438
4,dropout,mad,32.0,min,455.324351062876
4,dropout,mad,64.0,min,910.648702125752
4,dropout,mad,128.0,min,1821.297404251504
4,dropout,sd,0.25,min,0.12200772271263306
4,dropout,sd,0.5,min,0.24401544542526613
4,dropout,sd,1.0,min,0.48803089085053225
4,dropout,sd,2.0,min,0.9760617817010645
4,dropout,sd,4.0,min,1.952123563402129
4,dropout,sd,8.0,min,3.904247126804258
4,dropout,sd,16.0,min,7.808494253608516
4,dropout,sd,32.0,min,15.616988507217032
4,dropout,sd,64.0,min,31.233977014434064
4,dropout,sd,128.0,min,62.46795402886813
4,noise,mad,0.25,min,2.543978038835084
4,noise,mad,0.5,min,5.087956077670168
4,noise,mad,1.0,min,10.175912155340336
4,noise,mad,2.0,min,20.351824310680673
4,noise,mad,4.0,min,40.703648621361346
4,noise,mad,8.0,min,81.40729724272269
4,noise,mad,16.0,min,162.81459448544538
4,noise,mad,32.0,min,325.62918897089077
4,noise,mad,64.0,min,651.2583779417815
4,noise,mad,128.0,min,1302.516755883563
4,noise,sd,0.25,min,0.022949459021944466
4,noise,sd,0.5,min,0.04589891804388893
4,noise,sd,1.0,min,0.09179783608777786
4,noise,sd,2.0,min,0.18359567217555572
4,noise,sd,4.0,min,0.36719134435111145
4,noise,sd,8.0,min,0.7343826887022229
4,noise,sd,16.0,min,1.4687653774044458
4,noise,sd,32.0,min,2.9375307548088916
4,noise,sd,64.0,min,5.875061509617783
4,noise,sd,128.0,min,11.750123019235566
4,random,mad,0.25,min,3.101874359901184
4,random,mad,0.5,min,6.203748719802368
4,random,mad,1.0,min,12.407497439604736
4,random,mad,2.0,min,24.814994879209472
4,random,mad,4.0,min,49.629989758418944
4,random,mad,8.0,min,99.25997951683789
4,random,mad,16.0,min,198.51995903367578
4,random,mad,32.0,min,397.03991806735155
4,random,mad,64.0,min,794.0798361347031
4,random,mad,128.0,min,1588.1596722694062
4,random,sd,0.25,min,0.05641922556389585
4,random,sd,0.5,min,0.1128384511277917
4,random,sd,1.0,min,0.2256769022555834
4,random,sd,2.0,min,0.4513538045111668
4,random,sd,4.0,min,0.9027076090223336
4,random,sd,8.0,min,1.8054152180446672
4,random,sd,16.0,min,3.6108304360893344
4,random,sd,32.0,min,7.221660872178669
4,random,sd,64.0,min,14.443321744357338
4,random,sd,128.0,min,28.886643488714675
5,concept,mad,0.25,min,1.412127298207828
5,concept,mad,0.5,min,2.824254596415656
5,concept,mad,1.0,min,5.648509192831312
5,concept,mad,2.0,min,11.297018385662623
5,concept,mad,4.0,min,22.594036771325246
5,concept,mad,8.0,min,45.18807354265049
5,concept,mad,16.0,min,90.37614708530099
5,concept,mad,32.0,min,180.75229417060197
5,concept,mad,64.0,min,361.50458834120394
5,concept,mad,128.0,min,723.0091766824079
5,concept,sd,0.25,min,0.0012873878699661333
5,concept,sd,0.5,min,0.0025747757399322666
5,concept,sd,1.0,min,0.005149551479864533
5,concept,sd,2.0,min,0.010299102959729066
5,concept,sd,4.0,min,0.020598205919458133
5,concept,sd,8.0,min,0.041196411838916265
5,concept,sd,16.0,min,0.08239282367783253
5,concept,sd,32.0,min,0.16478564735566506
5,concept,sd,64.0,min,0.3295712947113301
5,concept,sd,128.0,min,0.6591425894226602
5,dropout,mad,0.25,min,2.9571679800272013
5,dropout,mad,0.5,min,5.9143359600544025
5,dropout,mad,1.0,min,11.828671920108805
5,dropout,mad,2.0,min,23.65734384021761
5,dropout,mad,4.0,min,47.31468768043522
5,dropout,mad,8.0,min,94.62937536087044
5,dropout,mad,16.0,min,189.25875072174088
5,dropout,mad,32.0,min,378.51750144348176
5,dropout,mad,64.0,min,757.0350028869635
5,dropout,mad,128.0,min,1514.070005773927
5,dropout,sd,0.25,min,0.10893294276552802
5,dropout,sd,0.5,min,0.21786588553105604
5,dropout,sd,1.0,min,0.4357317710621121
5,dropout,sd,2.0,min,0.8714635421242242
5,dropout,sd,4.0,min,1.7429270842484483
5,dropout,sd,8.0,min,3.4858541684968967
5,dropout,sd,16.0,min,6.971708336993793
5,dropout,sd,32.0,min,13.943416673987587
5,dropout,sd,64.0,min,27.886833347975173
5,dropout,sd,128.0,min,55.77366669595035
5,noise,mad,0.25,min,2.107540872063194
5,noise,mad,0.5,min,4.215081744126388
5,noise,mad,1.0,min,8.430163488252775
5,noise,mad,2.0,min,16.86032697650555
5,noise,mad,4.0,min,33.7206539530111
5,noise,mad,8.0,min,67.4413079060222
5,noise,mad,16.0,min,134.8826158120444
5,noise,mad,32.0,min,269.7652316240888
5,noise,mad,64.0,min,539.5304632481776
5,noise,mad,128.0,min,1079.0609264963553
5,noise,sd,0.25,min,0.021073561611420318
5,noise,sd,0.5,min,0.042147123222840636
5,noise,sd,1.0,min,0.08429424644568127
5,noise,sd,2.0,min,0.16858849289136255
5,noise,sd,4.0,min,0.3371769857827251
5,noise,sd,8.0,min,0.6743539715654502
5,noise,sd,16.0,min,1.3487079431309004
5,noise,sd,32.0,min,2.6974158862618007
5,noise,sd,64.0,min,5.3948317725236015
5,noise,sd,128.0,min,10.789663545047203
5,random,mad,0.25,min,2.6598026460913884
5,random,mad,0.5,min,5.319605292182777
5,random,mad,1.0,min,10.639210584365554
5,random,mad,2.0,min,21.278421168731107
5,random,mad,4.0,min,42.556842337462214
5,random,mad,8.0,min,85.11368467492443
5,random,mad,16.0,min,170.22736934984886
5,random,mad,32.0,min,340.4547386996977
5,random,mad,64.0,min,680.9094773993954
5,random,mad,128.0,min,1361.8189547987909
5,random,sd,0.25,min,0.09354477928185691
5,random,sd,0.5,min,0.18708955856371381
5,random,sd,1.0,min,0.37417911712742763
5,random,sd,2.0,min,0.7483582342548553
5,random,sd,4.0,min,1.4967164685097105
5,random,sd,8.0,min,2.993432937019421
5,random,sd,16.0,min,5.986865874038842
5,random,sd,32.0,min,11.973731748077684
5,random,sd,64.0,min,23.94746349615537
5,random,sd,128.0,min,47.89492699231074
6,concept,mad,0.25,min,0.9691736336674445
6,concept,mad,0.5,min,1.938347267334889
6,concept,mad,1.0,min,3.876694534669778
6,concept,mad,2.0,min,7.753389069339556
6,concept,mad,4.0,min,15.506778138679111
6,concept,mad,8.0,min,31.013556277358223
6,concept,mad,16.0,min,62.027112554716446
6,concept,mad,32.0,min,124.05422510943289
6,concept,mad,64.0,min,248.10845021886578
6,concept,mad,128.0,min,496.21690043773157
6,concept,sd,0.25,min,0.001308881703703816
6,concept,sd,0.5,min,0.002617763407407632
6,concept,sd,1.0,min,0.005235526814815264
6,concept,sd,2.0,min,0.010471053629630528
6,concept,sd,4.0,min,0.020942107259261055
6,concept,sd,8.0,min,0.04188421451852211
6,concept,sd,16.0,min,0.08376842903704422
6,concept,sd,32.0,min,0.16753685807408844
6,concept,sd,64.0,min,0.3350737161481769
6,concept,sd,128.0,min,0.6701474322963538
6,dropout,mad,0.25,min,2.6732231754638933
6,dropout,mad,0.5,min,5.346446350927787
6,dropout,mad,1.0,min,10.692892701855573
6,dropout,mad,2.0,min,21.385785403711147
6,dropout,mad,4.0,min,42.77157080742229
6,dropout,mad,8.0,min,85.54314161484459
6,dropout,mad,16.0,min,171.08628322968917
6,dropout,mad,32.0,min,342.17256645937834
6,dropout,mad,64.0,min,684.3451329187567
6,dropout,mad,128.0,min,1368.6902658375134
6,dropout,sd,0.25,min,0.15676836213747755
6,dropout,sd,0.5,min,0.3135367242749551
6,dropout,sd,1.0,min,0.6270734485499102
6,dropout,sd,2.0,min,1.2541468970998204
6,dropout,sd,4.0,min,2.508293794199641
6,dropout,sd,8.0,min,5.016587588399282
6,dropout,sd,16.0,min,10.033175176798563
6,dropout,sd,32.0,min,20.066350353597127
6,dropout,sd,64.0,min,40.13270070719425
6,dropout,sd,128.0,min,80.2654014143885
6,noise,mad,0.25,min,1.8173054808584972
6,noise,mad,0.5,min,3.6346109617169944
6,noise,mad,1.0,min,7.269221923433989
6,noise,mad,2.0,min,14.538443846867978
6,noise,mad,4.0,min,29.076887693735955
6,noise,mad,8.0,min,58.15377538747191
6,noise,mad,16.0,min,116.30755077494382
6,noise,mad,32.0,min,232.61510154988764
6,noise,mad,64.0,min,465.2302030997753
6,noise,mad,128.0,min,930.4604061995506
6,noise,sd,0.25,min,0.021400341068779482
6,noise,sd,0.5,min,0.042800682137558964
6,noise,sd,1.0,min,0.08560136427511793
6,noise,sd,2.0,min,0.17120272855023586
6,noise,sd,4.0,min,0.3424054571004717
6,noise,sd,8.0,min,0.6848109142009434
6,noise,sd,16.0,min,1.3696218284018868
6,noise,sd,32.0,min,2.7392436568037737
6,noise,sd,64.0,min,5.478487313607547
6,noise,sd,128.0,min,10.956974627215095
6,random,mad,0.25,min,2.2039759206643983
6,random,mad,0.5,min,4.407951841328797
6,random,mad,1.0,min,8.815903682657593
6,random,mad,2.0,min,17.631807365315186
6,random,mad,4.0,min,35.26361473063037
6,random,mad,8.0,min,70.52722946126075
6,random,mad,16.0,min,141.0544589225215
6,random,mad,32.0,min,282.108917845043
6,random,mad,64.0,min,564.217835690086
6,random,mad,128.0,min,1128.435671380172
6,random,sd,0.25,min,0.12303221878382004
6,random,sd,0.5,min,0.24606443756764007
6,random,sd,1.0,min,0.49212887513528014
6,random,sd,2.0,min,0.9842577502705603
6,random,sd,4.0,min,1.9685155005411206
6,random,sd,8.0,min,3.937031001082241
6,random,sd,16.0,min,7.874062002164482
6,random,sd,32.0,min,15.748124004328965
6,random,sd,64.0,min,31.49624800865793
6,random,sd,128.0,min,62.99249601731586
7,concept,mad,0.25,min,0.8350278637174519
7,concept,mad,0.5,min,1.6700557274349037
7,concept,mad,1.0,min,3.3401114548698074
7,concept,mad,2.0,min,6.680222909739615
7,concept,mad,4.0,min,13.36044581947923
7,concept,mad,8.0,min,26.72089163895846
7,concept,mad,16.0,min,53.44178327791692
7,concept,mad,32.0,min,106.88356655583384
7,concept,mad,64.0,min,213.76713311166768
7,concept,mad,128.0,min,427.53426622333535
7,concept,sd,0.25,min,0.001339810776368105
7,concept,sd,0.5,min,0.00267962155273621
7,concept,sd,1.0,min,0.00535924310547242
7,concept,sd,2.0,min,0.01071848621094484
7,concept,sd,4.0,min,0.02143697242188968
7,concept,sd,8.0,min,0.04287394484377936
7,concept,sd,16.0,min,0.08574788968755873
7,concept,sd,32.0,min,0.17149577937511745
7,concept,sd,64.0,min,0.3429915587502349
7,concept,sd,128.0,min,0.6859831175004698
7,dropout,mad,0.25,min,2.4062417661744933
7,dropout,mad,0.5,min,4.8124835323489865
7,dropout,mad,1.0,min,9.624967064697973
7,dropout,mad,2.0,min,19.249934129395946
7,dropout,mad,4.0,min,38.49986825879189
7,dropout,mad,8.0,min,76.99973651758378
7,dropout,mad,16.0,min,153.99947303516757
7,dropout,mad,32.0,min,307.99894607033514
7,dropout,mad,64.0,min,615.9978921406703
7,dropout,mad,128.0,min,1231.9957842813405
7,dropout,sd,0.25,min,0.08037701761184642
7,dropout,sd,0.5,min,0.16075403522369283
7,dropout,sd,1.0,min,0.32150807044738566
7,dropout,sd,2.0,min,0.6430161408947713
7,dropout,sd,4.0,min,1.2860322817895427
7,dropout,sd,8.0,min,2.5720645635790853
7,dropout,sd,16.0,min,5.144129127158171
7,dropout,sd,32.0,min,10.288258254316341
7,dropout,sd,64.0,min,20.576516508632682
7,dropout,sd,128.0,min,41.153033017265365
7,noise,mad,0.25,min,1.7674340182173458
7,noise,mad,0.5,min,3.5348680364346916
7,noise,mad,1.0,min,7.069736072869383
7,noise,mad,2.0,min,14.139472145738766
7,noise,mad,4.0,min,28.278944291477533
7,noise,mad,8.0,min,56.557888582955066
7,noise,mad,16.0,min,113.11577716591013
7,noise,mad,32.0,min,226.23155433182026
7,noise,mad,64.0,min,452.4631086636405
7,noise,mad,128.0,min,904.926217327281
7,noise,sd,0.25,min,0.024422432266153784
7,noise,sd,0.5,min,0.04884486453230757
7,noise,sd,1.0,min,0.09768972906461514
7,noise,sd,2.0,min,0.19537945812923027
7,noise,sd,4.0,min,0.39075891625846054
7,noise,sd,8.0,min,0.7815178325169211
7,noise,sd,16.0,min,1.5630356650338422
7,noise,sd,32.0,min,3.1260713300676843
7,noise,sd,64.0,min,6.252142660135369
7,noise,sd,128.0,min,12.504285320270737
7,random,mad,0.25,min,2.4101019261047982
7,random,mad,0.5,min,4.8202038522095965
7,random,mad,1.0,min,9.640407704419193
7,random,mad,2.0,min,19.280815408838386
7,random,mad,4.0,min,38.56163081767677
7,random,mad,8.0,min,77.12326163535354
7,random,mad,16.0,min,154.2465232707071
7,random,mad,32.0,min,308.4930465414142
7,random,mad,64.0,min,616.9860930828283
7,random,mad,128.0,min,1233.9721861656567
7,random,sd,0.25,min,0.05624446527944515
7,random,sd,0.5,min,0.1124889305588903
7,random,sd,1.0,min,0.2249778611177806
7,random,sd,2.0,min,0.4499557222355612
7,random,sd,4.0,min,0.8999114444711224
7,random,sd,8.0,min,1.7998228889422447
7,random,sd,16.0,min,3.5996457778844895
7,random,sd,32.0,min,7.199291555768979
7,random,sd,64.0,min,14.398583111537958
7,random,sd,128.0,min,28.797166223075916
8,concept,mad,0.25,min,0.7439692885143909
8,concept,mad,0.5,min,1.4879385770287819
8,concept,mad,1.0,min,2.9758771540575637
8,concept,mad,2.0,min,5.951754308115127
8,concept,mad,4.0,min,11.903508616230255
8,concept,mad,8.0,min,23.80701723246051
8,concept,mad,16.0,min,47.61403446492102
8,concept,mad,32.0,min,95.22806892984204
8,concept,mad,64.0,min,190.45613785968408
8,concept,mad,128.0,min,380.91227571936815
8,concept,sd,0.25,min,0.0013558144469648665
8,concept,sd,0.5,min,0.002711628893929733
8,concept,sd,1.0,min,0.005423257787859466
8,concept,sd,2.0,min,0.010846515575718932
8,concept,sd,4.0,min,0.021693031151437864
8,concept,sd,8.0,min,0.04338606230287573
8,concept,sd,16.0,min,0.08677212460575146
8,concept,sd,32.0,min,0.1735442492115029
8,concept,sd,64.0,min,0.3470884984230058
8,concept,sd,128.0,min,0.6941769968460116
8,dropout,mad,0.25,min,2.529566005889808
8,dropout,mad,0.5,min,5.059132011779616
8,dropout,mad,1.0,min,10.118264023559233
8,dropout,mad,2.0,min,20.236528047118465
8,dropout,mad,4.0,min,40.47305609423693
8,dropout,mad,8.0,min,80.94611218847386
8,dropout,mad,16.0,min,161.89222437694772
8,dropout,mad,32.0,min,323.78444875389545
8,dropout,mad,64.0,min,647.5688975077909
8,dropout,mad,128.0,min,1295.1377950155818
8,dropout,sd,0.25,min,0.15283806514873297
8,dropout,sd,0.5,min,0.30567613029746593
8,dropout,sd,1.0,min,0.6113522605949319
8,dropout,sd,2.0,min,1.2227045211898637
8,dropout,sd,4.0,min,2.4454090423797274
8,dropout,sd,8.0,min,4.890818084759455
8,dropout,sd,16.0,min,9.78163616951891
8,dropout,sd,32.0,min,19.56327233903782
8,dropout,sd,64.0,min,39.12654467807564
8,dropout,sd,128.0,min,78.25308935615128
8,noise,mad,0.25,min,1.5044148456462558
8,noise,mad,0.5,min,3.0088296912925117
8,noise,mad,1.0,min,6.017659382585023
8,noise,mad,2.0,min,12.035318765170047
8,noise,mad,4.0,min,24.070637530340093
8,noise,mad,8.0,min,48.14127506068019
8,noise,mad,16.0,min,96.28255012136037
8,noise,mad,32.0,min,192.56510024272075
8,noise,mad,64.0,min,385.1302004854415
8,noise,mad,128.0,min,770.260400970883
8,noise,sd,0.25,min,0.02555879454106618
8,noise,sd,0.5,min,0.05111758908213236
8,noise,sd,1.0,min,0.10223517816426472
8,noise,sd,2.0,min,0.20447035632852945
8,noise,sd,4.0,min,0.4089407126570589
8,noise,sd,8.0,min,0.8178814253141178
8,noise,sd,16.0,min,1.6357628506282356
8,noise,sd,32.0,min,3.271525701256471
8,noise,sd,64.0,min,6.543051402512942
8,noise,sd,128.0,min,13.086102805025885
8,random,mad,0.25,min,2.22354161317284
8,random,mad,0.5,min,4.44708322634568
8,random,mad,1.0,min,8.89416645269136
8,random,mad,2.0,min,17.78833290538272
8,random,mad,4.0,min,35.57666581076544
8,random,mad,8.0,min,71.15333162153088
8,random,mad,16.0,min,142.30666324306176
8,random,mad,32.0,min,284.6133264861235
8,random,mad,64.0,min,569.226652972247
8,random,mad,128.0,min,1138.453305944494
8,random,sd,0.25,min,0.1967998588604241
8,random,sd,0.5,min,0.3935997177208482
8,random,sd,1.0,min,0.7871994354416963
8,random,sd,2.0,min,1.5743988708833927
8,random,sd,4.0,min,3.1487977417667854
8,random,sd,8.0,min,6.297595483533571
8,random,sd,16.0,min,12.595190967067142
8,random,sd,32.0,min,25.190381934134283
8,random,sd,64.0,min,50.380763868268566
8,random,sd,128.0,min,100.76152773653713
9,concept,mad,0.25,min,0.6086823655950118
9,concept,mad,0.5,min,1.2173647311900235
9,concept,mad,1.0,min,2.434729462380047
9,concept,mad,2.0,min,4.869458924760094
9,concept,mad,4.0,min,9.738917849520188
9,concept,mad,8.0,min,19.477835699040376
9,concept,mad,16.0,min,38.95567139808075
9,concept,mad,32.0,min,77.9113427961615
9,concept,mad,64.0,min,155.822685592323
9,concept,mad,128.0,min,311.645371184646
9,concept,sd,0.25,min,0.0013771838472595734
9,concept,sd,0.5,min,0.002754367694519147
9,concept,sd,1.0,min,0.005508735389038294
9,concept,sd,2.0,min,0.011017470778076587
9,concept,sd,4.0,min,0.022034941556153174
9,concept,sd,8.0,min,0.04406988311230635
9,concept,sd,16.0,min,0.0881397662246127
9,concept,sd,32.0,min,0.1762795324492254
9,concept,sd,64.0,min,0.3525590648984508
9,concept,sd,128.0,min,0.7051181297969016
9,dropout,mad,0.25,min,2.229170385833983
9,dropout,mad,0.5,min,4.458340771667966
9,dropout,mad,1.0,min,8.916681543335931
9,dropout,mad,2.0,min,17.833363086671863
9,dropout,mad,4.0,min,35.666726173343726
9,dropout,mad,8.0,min,71.33345234668745
9,dropout,mad,16.0,min,142.6669046933749
9,dropout,mad,32.0,min,285.3338093867498
9,dropout,mad,64.0,min,570.6676187734996
9,dropout,mad,128.0,min,1141.3352375469992
9,dropout,sd,0.25,min,0.09923647265213127
9,dropout,sd,0.5,min,0.19847294530426254
9,dropout,sd,1.0,min,0.3969458906085251
9,dropout,sd,2.0,min,0.7938917812170502
9,dropout,sd,4.0,min,1.5877835624341003
9,dropout,sd,8.0,min,3.1755671248682007
9,dropout,sd,16.0,min,6.351134249736401
9,dropout,sd,32.0,min,12.702268499472803
9,dropout,sd,64.0,min,25.404536998945606
9,dropout,sd,128.0,min,50.80907399789121
9,noise,mad,0.25,min,1.4221018916921326
9,noise,mad,0.5,min,2.8442037833842653
9,noise,mad,1.0,min,5.6884075667685305
9,noise,mad,2.0,min,11.376815133537061
9,noise,mad,4.0,min,22.753630267074122
9,noise,mad,8.0,min,45.507260534148244
9,noise,mad,16.0,min,91.01452106829649
9,noise,mad,32.0,min,182.02904213659298
9,noise,mad,64.0,min,364.05808427318595
9,noise,mad,128.0,min,728.1161685463719
9,noise,sd,0.25,min,0.02764756437888228
9,noise,sd,0.5,min,0.05529512875776456
9,noise,sd,1.0,min,0.11059025751552912
9,noise,sd,2.0,min,0.22118051503105823
9,noise,sd,4.0,min,0.44236103006211647
9,noise,sd,8.0,min,0.8847220601242329
9,noise,sd,16.0,min,1.7694441202484659
9,noise,sd,32.0,min,3.5388882404969317
9,noise,sd,64.0,min,7.0777764809938635
9,noise,sd,128.0,min,14.155552961987727
9,random,mad,0.25,min,1.9154175929919637
9,random,mad,0.5,min,3.8308351859839274
9,random,mad,1.0,min,7.661670371967855
9,random,mad,2.0,min,15.32334074393571
9,random,mad,4.0,min,30.64668148787142
9,random,mad,8.0,min,61.29336297574284
9,random,mad,16.0,min,122.58672595148568
9,random,mad,32.0,min,245.17345190297135
9,random,mad,64.0,min,490.3469038059427
9,random,mad,128.0,min,980.6938076118854
9,random,sd,0.25,min,0.06564504445684406
9,random,sd,0.5,min,0.13129008891368812
9,random,sd,1.0,min,0.26258017782737625
9,random,sd,2.0,min,0.5251603556547525
9,random,sd,4.0,min,1.050320711309505
9,random,sd,8.0,min,2.10064142261901
9,random,sd,16.0,min,4.20128284523802
9,random,sd,32.0,min,8.40256569047604
9,random,sd,64.0,min,16.80513138095208
9,random,sd,128.0,min,33.61026276190416
10,concept,mad,0.25,min,0.6882299948330121
10,concept,mad,0.5,min,1.3764599896660241
10,concept,mad,1.0,min,2.7529199793320482
10,concept,mad,2.0,min,5.5058399586640965
10,concept,mad,4.0,min,11.011679917328193
10,concept,mad,8.0,min,22.023359834656386
10,concept,mad,16.0,min,44.04671966931277
10,concept,mad,32.0,min,88.09343933862554
10,concept,mad,64.0,min,176.1868786772511
10,concept,mad,128.0,min,352.3737573545022
10,concept,sd,0.25,min,0.001367481893384802
10,concept,sd,0.5,min,0.002734963786769604
10,concept,sd,1.0,min,0.005469927573539208
10,concept,sd,2.0,min,0.010939855147078415
10,concept,sd,4.0,min,0.02187971029415683
10,concept,sd,8.0,min,0.04375942058831366
10,concept,sd,16.0,min,0.08751884117662732
10,concept,sd,32.0,min,0.17503768235325465
10,concept,sd,64.0,min,0.3500753647065093
10,concept,sd,128.0,min,0.7001507294130186
10,dropout,mad,0.25,min,1.9395390051352643
10,dropout,mad,0.5,min,3.8790780102705287
10,dropout,mad,1.0,min,7.758156020541057
10,dropout,mad,2.0,min,15.516312041082115
10,dropout,mad,4.0,min,31.03262408216423
10,dropout,mad,8.0,min,62.06524816432846
10,dropout,mad,16.0,min,124.13049632865692
10,dropout,mad,32.0,min,248.26099265731384
10,dropout,mad,64.0,min,496.52198531462767
10,dropout,mad,128.0,min,993.0439706292553
10,dropout,sd,0.25,min,0.18075337702082128
10,dropout,sd,0.5,min,0.36150675404164256
10,dropout,sd,1.0,min,0.7230135080832851
10,dropout,sd,2.0,min,1.4460270161665703
10,dropout,sd,4.0,min,2.8920540323331405
10,dropout,sd,8.0,min,5.784108064666281
10,dropout,sd,16.0,min,11.568216129332562
10,dropout,sd,32.0,min,23.136432258665124
10,dropout,sd,64.0,min,46.27286451733025
10,dropout,sd,128.0,min,92.5457290346605
10,noise,mad,0.25,min,1.4872831535632896
10,noise,mad,0.5,min,2.974566307126579
10,noise,mad,1.0,min,5.949132614253158
10,noise,mad,2.0,min,11.898265228506316
10,noise,mad,4.0,min,23.796530457012633
10,noise,mad,8.0,min,47.593060914025266
10,noise,mad,16.0,min,95.18612182805053
10,noise,mad,32.0,min,190.37224365610106
10,noise,mad,64.0,min,380.7444873122021
10,noise,mad,128.0,min,761.4889746244042
10,noise,sd,0.25,min,0.023335673785596416
10,noise,sd,0.5,min,0.04667134757119283
10,noise,sd,1.0,min,0.09334269514238566
10,noise,sd,2.0,min,0.18668539028477132
10,noise,sd,4.0,min,0.37337078056954265
10,noise,sd,8.0,min,0.7467415611390853
10,noise,sd,16.0,min,1.4934831222781706
10,noise,sd,32.0,min,2.986966244556341
10,noise,sd,64.0,min,5.973932489112682
10,noise,sd,128.0,min,11.947864978225365
10,random,mad,0.25,min,1.7559641437612732
10,random,mad,0.5,min,3.5119282875225464
10,random,mad,1.0,min,7.023856575045093
10,random,mad,2.0,min,14.047713150090186
10,random,mad,4.0,min,28.09542630018037
10,random,mad,8.0,min,56.19085260036074
10,random,mad,16.0,min,112.38170520072148
10,random,mad,32.0,min,224.76341040144297
10,random,mad,64.0,min,449.52682080288594
10,random,mad,128.0,min,899.0536416057719
10,random,sd,0.25,min,0.040801402434693566
10,random,sd,0.5,min,0.08160280486938713
10,random,sd,1.0,min,0.16320560973877427
10,random,sd,2.0,min,0.32641121947754853
10,random,sd,4.0,min,0.6528224389550971
10,random,sd,8.0,min,1.3056448779101941
10,random,sd,16.0,min,2.6112897558203882
10,random,sd,32.0,min,5.2225795116407765
10,random,sd,64.0,min,10.445159023281553
10,random,sd,128.0,min,20.890318046563106
11,concept,mad,0.25,min,0.6001617371680178
11,concept,mad,0.5,min,1.2003234743360356
11,concept,mad,1.0,min,2.400646948672071
11,concept,mad,2.0,min,4.801293897344142
11,concept,mad,4.0,min,9.602587794688285
11,concept,mad,8.0,min,19.20517558937657
11,concept,mad,16.0,min,38.41035117875314
11,concept,mad,32.0,min,76.82070235750628
11,concept,mad,64.0,min,153.64140471501256
11,concept,mad,128.0,min,307.2828094300251
11,concept,sd,0.25,min,0.0013676149159910645
11,concept,sd,0.5,min,0.002735229831982129
11,concept,sd,1.0,min,0.005470459663964258
11,concept,sd,2.0,min,0.010940919327928516
11,concept,sd,4.0,min,0.021881838655857033
11,concept,sd,8.0,min,0.043763677311714065
11,concept,sd,16.0,min,0.08752735462342813
11,concept,sd,32.0,min,0.17505470924685626
11,concept,sd,64.0,min,0.3501094184937125
11,concept,sd,128.0,min,0.700218836987425
11,dropout,mad,0.25,min,1.956153441847195
11,dropout,mad,0.5,min,3.91230688369439
11,dropout,mad,1.0,min,7.82461376738878
11,dropout,mad,2.0,min,15.64922753477756
11,dropout,mad,4.0,min,31.29845506955512
11,dropout,mad,8.0,min,62.59691013911024
11,dropout,mad,16.0,min,125.19382027822049
11,dropout,mad,32.0,min,250.38764055644097
11,dropout,mad,64.0,min,500.77528111288194
11,dropout,mad,128.0,min,1001.5505622257639
11,dropout,sd,0.25,min,0.19591843172365658
11,dropout,sd,0.5,min,0.39183686344731317
11,dropout,sd,1.0,min,0.7836737268946263
11,dropout,sd,2.0,min,1.5673474537892527
11,dropout,sd,4.0,min,3.1346949075785053
11,dropout,sd,8.0,min,6.269389815157011
11,dropout,sd,16.0,min,12.538779630314021
11,dropout,sd,32.0,min,25.077559260628043
11,dropout,sd,64.0,min,50.155118521256085
11,dropout,sd,128.0,min,100.31023704251217
11,noise,mad,0.25,min,1.431803380326104
11,noise,mad,0.5,min,2.863606760652208
11,noise,mad,1.0,min,5.727213521304416
11,noise,mad,2.0,min,11.454427042608833
11,noise,mad,4.0,min,22.908854085217666
11,noise,mad,8.0,min,45.81770817043533
11,noise,mad,16.0,min,91.63541634087066
11,noise,mad,32.0,min,183.27083268174133
11,noise,mad,64.0,min,366.54166536348265
11,noise,mad,128.0,min,733.0833307269653
11,noise,sd,0.25,min,0.025767972043491797
11,noise,sd,0.5,min,0.051535944086983594
11,noise,sd,1.0,min,0.10307188817396719
11,noise,sd,2.0,min,0.20614377634793438
11,noise,sd,4.0,min,0.41228755269586875
11,noise,sd,8.0,min,0.8245751053917375
11,noise,sd,16.0,min,1.649150210783475
11,noise,sd,32.0,min,3.29830042156695
11,noise,sd,64.0,min,6.5966008431339
11,noise,sd,128.0,min,13.1932016862678
11,random,mad,0.25,min,1.9317839247994537
11,random,mad,0.5,min,3.8635678495989074
11,random,mad,1.0,min,7.727135699197815
11,random,mad,2.0,min,15.45427139839563
11,random,mad,4.0,min,30.90854279679126
11,random,mad,8.0,min,61.81708559358252
11,random,mad,16.0,min,123.63417118716504
11,random,mad,32.0,min,247.26834237433008
11,random,mad,64.0,min,494.53668474866015
11,random,mad,128.0,min,989.0733694973203
11,random,sd,0.25,min,0.14611067226804356
11,random,sd,0.5,min,0.2922213445360871
11,random,sd,1.0,min,0.5844426890721742
11,random,sd,2.0,min,1.1688853781443485
11,random,sd,4.0,min,2.337770756288697
11,random,sd,8.0,min,4.675541512577394
11,random,sd,16.0,min,9.351083025154788
11,random,sd,32.0,min,18.702166050309575
11,random,sd,64.0,min,37.40433210061915
11,random,sd,128.0,min,74.8086642012383
12,concept,mad,0.25,min,0.4377633355877534
12,concept,mad,0.5,min,0.8755266711755068
12,concept,mad,1.0,min,1.7510533423510135
12,concept,mad,2.0,min,3.502106684702027
12,concept,mad,4.0,min,7.004213369404054
12,concept,mad,8.0,min,14.008426738808108
12,concept,mad,16.0,min,28.016853477616216
12,concept,mad,32.0,min,56.03370695523243
12,concept,mad,64.0,min,112.06741391046486
12,concept,mad,128.0,min,224.13482782092973
12,concept,sd,0.25,min,0.0014089148360144214
12,concept,sd,0.5,min,0.0028178296720288427
12,concept,sd,1.0,min,0.0056356593440576854
12,concept,sd,2.0,min,0.011271318688115371
12,concept,sd,4.0,min,0.022542637376230742
12,concept,sd,8.0,min,0.045085274752461484
12,concept,sd,16.0,min,0.09017054950492297
12,concept,sd,32.0,min,0.18034109900984593
12,concept,sd,64.0,min,0.36068219801969187
12,concept,sd,128.0,min,0.7213643960393837
12,dropout,mad,0.25,min,1.9088336022836503
12,dropout,mad,0.5,min,3.8176672045673006
12,dropout,mad,1.0,min,7.635334409134601
12,dropout,mad,2.0,min,15.270668818269202
12,dropout,mad,4.0,min,30.541337636538405
12,dropout,mad,8.0,min,61.08267527307681
12,dropout,mad,16.0,min,122.16535054615362
12,dropout,mad,32.0,min,244.33070109230724
12,dropout,mad,64.0,min,488.6614021846145
12,dropout,mad,128.0,min,977.322804369229
12,dropout,sd,0.25,min,0.08177089649933701
12,dropout,sd,0.5,min,0.16354179299867402
12,dropout,sd,1.0,min,0.32708358599734805
12,dropout,sd,2.0,min,0.6541671719946961
12,dropout,sd,4.0,min,1.3083343439893922
12,dropout,sd,8.0,min,2.6166686879787844
12,dropout,sd,16.0,min,5.233337375957569
12,dropout,sd,32.0,min,10.466674751915138
12,dropout,sd,64.0,min,20.933349503830275
12,dropout,sd,128.0,min,41.86669900766055
12,noise,mad,0.25,min,1.085248751839297
12,noise,mad,0.5,min,2.170497503678594
12,noise,mad,1.0,min,4.340995007357188
12,noise,mad,2.0,min,8.681990014714376
12,noise,mad,4.0,min,17.363980029428753
12,noise,mad,8.0,min,34.727960058857505
12,noise,mad,16.0,min,69.45592011771501
12,noise,mad,32.0,min,138.91184023543002
12,noise,mad,64.0,min,277.82368047086004
12,noise,mad,128.0,min,555.6473609417201
12,noise,sd,0.25,min,0.02234523043023984
12,noise,sd,0.5,min,0.04469046086047968
12,noise,sd,1.0,min,0.08938092172095936
12,noise,sd,2.0,min,0.17876184344191873
12,noise,sd,4.0,min,0.35752368688383745
12,noise,sd,8.0,min,0.7150473737676749
12,noise,sd,16.0,min,1.4300947475353498
12,noise,sd,32.0,min,2.8601894950706996
12,noise,sd,64.0,min,5.720378990141399
12,noise,sd,128.0,min,11.440757980282799
12,random,mad,0.25,min,1.4771007750539904
12,random,mad,0.5,min,2.954201550107981
12,random,mad,1.0,min,5.908403100215962
12,random,mad,2.0,min,11.816806200431923
12,random,mad,4.0,min,23.633612400863846
12,random,mad,8.0,min,47.26722480172769
12,random,mad,16.0,min,94.53444960345539
12,random,mad,32.0,min,189.06889920691077
12,random,mad,64.0,min,378.13779841382154
12,random,mad,128.0,min,756.2755968276431
12,random,sd,0.25,min,0.033758740909940146
12,random,sd,0.5,min,0.06751748181988029
12,random,sd,1.0,min,0.13503496363976059
12,random,sd,2.0,min,0.27006992727952117
12,random,sd,4.0,min,0.5401398545590423
12,random,sd,8.0,min,1.0802797091180847
12,random,sd,16.0,min,2.1605594182361694
12,random,sd,32.0,min,4.321118836472339
12,random,sd,64.0,min,8.642237672944677
12,random,sd,128.0,min,17.284475345889355
13,concept,mad,0.25,min,0.5004935976859841
13,concept,mad,0.5,min,1.0009871953719682
13,concept,mad,1.0,min,2.0019743907439365
13,concept,mad,2.0,min,4.003948781487873
13,concept,mad,4.0,min,8.007897562975746
13,concept,mad,8.0,min,16.01579512595149
13,concept,mad,16.0,min,32.03159025190298
13,concept,mad,32.0,min,64.06318050380597
13,concept,mad,64.0,min,128.12636100761193
13,concept,mad,128.0,min,256.25272201522387
13,concept,sd,0.25,min,0.0014326540498250057
13,concept,sd,0.5,min,0.0028653080996500113
13,concept,sd,1.0,min,0.005730616199300023
13,concept,sd,2.0,min,0.011461232398600045
13,concept,sd,4.0,min,0.02292246479720009
13,concept,sd,8.0,min,0.04584492959440018
13,concept,sd,16.0,min,0.09168985918880036
13,concept,sd,32.0,min,0.18337971837760073
13,concept,sd,64.0,min,0.36675943675520145
13,concept,sd,128.0,min,0.7335188735104029
13,dropout,mad,0.25,min,1.8385507306338778
13,dropout,mad,0.5,min,3.6771014612677555
13,dropout,mad,1.0,min,7.354202922535511
13,dropout,mad,2.0,min,14.708405845071022
13,dropout,mad,4.0,min,29.416811690142044
13,dropout,mad,8.0,min,58.83362338028409
13,dropout,mad,16.0,min,117.66724676056818
13,dropout,mad,32.0,min,235.33449352113635
13,dropout,mad,64.0,min,470.6689870422727
13,dropout,mad,128.0,min,941.3379740845454
13,dropout,sd,0.25,min,0.1242024135179608
13,dropout,sd,0.5,min,0.2484048270359216
13,dropout,sd,1.0,min,0.4968096540718432
13,dropout,sd,2.0,min,0.9936193081436864
13,dropout,sd,4.0,min,1.9872386162873727
13,dropout,sd,8.0,min,3.9744772325747455
13,dropout,sd,16.0,min,7.948954465149491
13,dropout,sd,32.0,min,15.897908930298982
13,dropout,sd,64.0,min,31.795817860597964
13,dropout,sd,128.0,min,63.59163572119593
13,noise,mad,0.25,min,1.1947483126372849
13,noise,mad,0.5,min,2.3894966252745697
13,noise,mad,1.0,min,4.7789932505491395
13,noise,mad,2.0,min,9.557986501098279
13,noise,mad,4.0,min,19.115973002196558
13,noise,mad,8.0,min,38.231946004393116
13,noise,mad,16.0,min,76.46389200878623
13,noise,mad,32.0,min,152.92778401757246
13,noise,mad,64.0,min,305.8555680351449
13,noise,mad,128.0,min,611.7111360702899
13,noise,sd,0.25,min,0.02480417804051643
13,noise,sd,0.5,min,0.04960835608103286
13,noise,sd,1.0,min,0.09921671216206572
13,noise,sd,2.0,min,0.19843342432413144
13,noise,sd,4.0,min,0.3968668486482629
13,noise,sd,8.0,min,0.7937336972965258
13,noise,sd,16.0,min,1.5874673945930515
13,noise,sd,32.0,min,3.174934789186103
13,noise,sd,64.0,min,6.349869578372206
13,noise,sd,128.0,min,12.699739156744412
13,random,mad,0.25,min,1.8879746626289797
13,random,mad,0.5,min,3.7759493252579595
13,random,mad,1.0,min,7.551898650515919
13,random,mad,2.0,min,15.103797301031838
13,random,mad,4.0,min,30.207594602063676
13,random,mad,8.0,min,60.41518920412735
13,random,mad,16.0,min,120.8303784082547
13,random,mad,32.0,min,241.6607568165094
13,random,mad,64.0,min,483.3215136330188
13,random,mad,128.0,min,966.6430272660376
13,random,sd,0.25,min,0.08021053897659666
13,random,sd,0.5,min,0.16042107795319333
13,random,sd,1.0,min,0.32084215590638665
13,random,sd,2.0,min,0.6416843118127733
13,random,sd,4.0,min,1.2833686236255466
13,random,sd,8.0,min,2.566737247251093
13,random,sd,16.0,min,5.133474494502186
13,random,sd,32.0,min,10.266948989004373
13,random,sd,64.0,min,20.533897978008746
13,random,sd,128.0,min,41.06779595601749
14,concept,mad,0.25,min,0.4283622788226827
14,concept,mad,0.5,min,0.8567245576453654
14,concept,mad,1.0,min,1.7134491152907307
14,concept,mad,2.0,min,3.4268982305814615
14,concept,mad,4.0,min,6.853796461162923
14,concept,mad,8.0,min,13.707592922325846
14,concept,mad,16.0,min,27.415185844651692
14,concept,mad,32.0,min,54.830371689303384
14,concept,mad,64.0,min,109.66074337860677
14,concept,mad,128.0,min,219.32148675721353
14,concept,sd,0.25,min,0.001446543701369929
14,concept,sd,0.5,min,0.002893087402739858
14,concept,sd,1.0,min,0.005786174805479716
14,concept,sd,2.0,min,0.011572349610959431
14,concept,sd,4.0,min,0.023144699221918863
14,concept,sd,8.0,min,0.046289398443837726
14,concept,sd,16.0,min,0.09257879688767545
14,concept,sd,32.0,min,0.1851575937753509
14,concept,sd,64.0,min,0.3703151875507018
14,concept,sd,128.0,min,0.7406303751014036
14,dropout,mad,0.25,min,1.6248437010863677
14,dropout,mad,0.5,min,3.2496874021727353
14,dropout,mad,1.0,min,6.499374804345471
14,dropout,mad,2.0,min,12.998749608690941
14,dropout,mad,4.0,min,25.997499217381883
14,dropout,mad,8.0,min,51.994998434763765
14,dropout,mad,16.0,min,103.98999686952753
14,dropout,mad,32.0,min,207.97999373905506
14,dropout,mad,64.0,min,415.9599874781101
14,dropout,mad,128.0,min,831.9199749562202
14,dropout,sd,0.25,min,0.09392042303894566
14,dropout,sd,0.5,min,0.1878408460778913
14,dropout,sd,1.0,min,0.3756816921557826
14,dropout,sd,2.0,min,0.7513633843115652
14,dropout,sd,4.0,min,1.5027267686231305
14,dropout,sd,8.0,min,3.005453537246261
14,dropout,sd,16.0,min,6.010907074492522
14,dropout,sd,32.0,min,12.021814148985044
14,dropout,sd,64.0,min,24.043628297970088
14,dropout,sd,128.0,min,48.087256595940175
14,noise,mad,0.25,min,1.1792977045803459
14,noise,mad,0.5,min,2.3585954091606918
14,noise,mad,1.0,min,4.7171908183213835
14,noise,mad,2.0,min,9.434381636642767
14,noise,mad,4.0,min,18.868763273285534
14,noise,mad,8.0,min,37.73752654657107
14,noise,mad,16.0,min,75.47505309314214
14,noise,mad,32.0,min,150.95010618628427
14,noise,mad,64.0,min,301.90021237256855
14,noise,mad,128.0,min,603.8004247451371
14,noise,sd,0.25,min,0.0248648091679395
14,noise,sd,0.5,min,0.049729618335879
14,noise,sd,1.0,min,0.099459236671758
14,noise,sd,2.0,min,0.198918473343516
14,noise,sd,4.0,min,0.397836946687032
14,noise,sd,8.0,min,0.795673893374064
14,noise,sd,16.0,min,1.591347786748128
14,noise,sd,32.0,min,3.182695573496256
14,noise,sd,64.0,min,6.365391146992512
14,noise,sd,128.0,min,12.730782293985024
14,random,mad,0.25,min,1.6144520092743166
14,random,mad,0.5,min,3.2289040185486333
14,random,mad,1.0,min,6.457808037097267
14,random,mad,2.0,min,12.915616074194533
14,random,mad,4.0,min,25.831232148389066
14,random,mad,8.0,min,51.66246429677813
14,random,mad,16.0,min,103.32492859355627
14,random,mad,32.0,min,206.64985718711253
14,random,mad,64.0,min,413.29971437422506
14,random,mad,128.0,min,826.5994287484501
14,random,sd,0.25,min,0.061984771028601504
14,random,sd,0.5,min,0.12396954205720301
14,random,sd,1.0,min,0.24793908411440602
14,random,sd,2.0,min,0.49587816822881203
14,random,sd,4.0,min,0.9917563364576241
14,random,sd,8.0,min,1.9835126729152481
14,random,sd,16.0,min,3.9670253458304963
14,random,sd,32.0,min,7.9340506916609925
14,random,sd,64.0,min,15.868101383321985
14,random,sd,128.0,min,31.73620276664397
15,concept,mad,0.25,min,0.41021705981439016
15,concept,mad,0.5,min,0.8204341196287803
15,concept,mad,1.0,min,1.6408682392575606
15,concept,mad,2.0,min,3.2817364785151213
15,concept,mad,4.0,min,6.563472957030243
15,concept,mad,8.0,min,13.126945914060485
15,concept,mad,16.0,min,26.25389182812097
15,concept,mad,32.0,min,52.50778365624194
15,concept,mad,64.0,min,105.01556731248388
15,concept,mad,128.0,min,210.03113462496776
15,concept,sd,0.25,min,0.0015387599571291377
15,concept,sd,0.5,min,0.0030775199142582753
15,concept,sd,1.0,min,0.006155039828516551
15,concept,sd,2.0,min,0.012310079657033101
15,concept,sd,4.0,min,0.024620159314066203
15,concept,sd,8.0,min,0.049240318628132405
15,concept,sd,16.0,min,0.09848063725626481
15,concept,sd,32.0,min,0.19696127451252962
15,concept,sd,64.0,min,0.39392254902505924
15,concept,sd,128.0,min,0.7878450980501185
15,dropout,mad,0.25,min,1.5324032322461814
15,dropout,mad,0.5,min,3.0648064644923627
15,dropout,mad,1.0,min,6.129612928984725
15,dropout,mad,2.0,min,12.25922585796945
15,dropout,mad,4.0,min,24.5184517159389
15,dropout,mad,8.0,min,49.0369034318778
15,dropout,mad,16.0,min,98.0738068637556
15,dropout,mad,32.0,min,196.1476137275112
15,dropout,mad,64.0,min,392.2952274550224
15,dropout,mad,128.0,min,784.5904549100449
15,dropout,sd,0.25,min,0.10306659328764654
15,dropout,sd,0.5,min,0.2061331865752931
15,dropout,sd,1.0,min,0.4122663731505862
15,dropout,sd,2.0,min,0.8245327463011723
15,dropout,sd,4.0,min,1.6490654926023447
15,dropout,sd,8.0,min,3.2981309852046894
15,dropout,sd,16.0,min,6.596261970409379
15,dropout,sd,32.0,min,13.192523940818758
15,dropout,sd,64.0,min,26.385047881637515
15,dropout,sd,128.0,min,52.77009576327503
15,noise,mad,0.25,min,1.0145151201924953
15,noise,mad,0.5,min,2.0290302403849907
15,noise,mad,1.0,min,4.058060480769981
15,noise,mad,2.0,min,8.116120961539963
15,noise,mad,4.0,min,16.232241923079926
15,noise,mad,8.0,min,32.46448384615985
15,noise,mad,16.0,min,64.9289676923197
15,noise,mad,32.0,min,129.8579353846394
15,noise,mad,64.0,min,259.7158707692788
15,noise,mad,128.0,min,519.4317415385576
15,noise,sd,0.25,min,0.025885078007811355
15,noise,sd,0.5,min,0.05177015601562271
15,noise,sd,1.0,min,0.10354031203124542
15,noise,sd,2.0,min,0.20708062406249084
15,noise,sd,4.0,min,0.4141612481249817
15,noise,sd,8.0,min,0.8283224962499633
15,noise,sd,16.0,min,1.6566449924999267
15,noise,sd,32.0,min,3.3132899849998534
15,noise,sd,64.0,min,6.626579969999707
15,noise,sd,128.0,min,13.253159939999414
15,random,mad,0.25,min,1.4379622135140464
15,random,mad,0.5,min,2.875924427028093
15,random,mad,1.0,min,5.751848854056186
15,random,mad,2.0,min,11.503697708112371
15,random,mad,4.0,min,23.007395416224742
15,random,mad,8.0,min,46.014790832449485
15,random,mad,16.0,min,92.02958166489897
15,random,mad,32.0,min,184.05916332979794
15,random,mad,64.0,min,368.1183266595959
15,random,mad,128.0,min,736.2366533191918
15,random,sd,0.25,min,0.059082349227179864
15,random,sd,0.5,min,0.11816469845435973
15,random,sd,1.0,min,0.23632939690871946
15,random,sd,2.0,min,0.4726587938174389
15,random,sd,4.0,min,0.9453175876348778
15,random,sd,8.0,min,1.8906351752697557
15,random,sd,16.0,min,3.7812703505395113
15,random,sd,32.0,min,7.562540701079023
15,random,sd,64.0,min,15.125081402158045
15,random,sd,128.0,min,30.25016280431609
16,concept,mad,0.25,min,0.39032100067684444
16,concept,mad,0.5,min,0.7806420013536889
16,concept,mad,1.0,min,1.5612840027073778
16,concept,mad,2.0,min,3.1225680054147555
16,concept,mad,4.0,min,6.245136010829511
16,concept,mad,8.0,min,12.490272021659022
16,concept,mad,16.0,min,24.980544043318044
16,concept,mad,32.0,min,49.96108808663609
16,concept,mad,64.0,min,99.92217617327218
16,concept,mad,128.0,min,199.84435234654435
16,concept,sd,0.25,min,0.0016326591491373046
16,concept,sd,0.5,min,0.003265318298274609
16,concept,sd,1.0,min,0.006530636596549218
16,concept,sd,2.0,min,0.013061273193098437
16,concept,sd,4.0,min,0.026122546386196873
16,concept,sd,8.0,min,0.052245092772393746
16,concept,sd,16.0,min,0.10449018554478749
16,concept,sd,32.0,min,0.20898037108957498
16,concept,sd,64.0,min,0.41796074217914997
16,concept,sd,128.0,min,0.8359214843582999
16,dropout,mad,0.25,min,1.4364497543200714
16,dropout,mad,0.5,min,2.8728995086401428
16,dropout,mad,1.0,min,5.7457990172802855
16,dropout,mad,2.0,min,11.491598034560571
16,dropout,mad,4.0,min,22.983196069121142
16,dropout,mad,8.0,min,45.966392138242284
16,dropout,mad,16.0,min,91.93278427648457
16,dropout,mad,32.0,min,183.86556855296914
16,dropout,mad,64.0,min,367.7311371059383
16,dropout,mad,128.0,min,735.4622742118765
16,dropout,sd,0.25,min,0.17073752545861756
16,dropout,sd,0.5,min,0.3414750509172351
16,dropout,sd,1.0,min,0.6829501018344702
16,dropout,sd,2.0,min,1.3659002036689405
16,dropout,sd,4.0,min,2.731800407337881
16,dropout,sd,8.0,min,5.463600814675762
16,dropout,sd,16.0,min,10.927201629351524
16,dropout,sd,32.0,min,21.854403258703048
16,dropout,sd,64.0,min,43.708806517406096
16,dropout,sd,128.0,min,87.41761303481219
16,noise,mad,0.25,min,0.7591699986960079
16,noise,mad,0.5,min,1.5183399973920157
16,noise,mad,1.0,min,3.0366799947840315
16,noise,mad,2.0,min,6.073359989568063
16,noise,mad,4.0,min,12.146719979136126
16,noise,mad,8.0,min,24.293439958272252
16,noise,mad,16.0,min,48.586879916544504
16,noise,mad,32.0,min,97.17375983308901
16,noise,mad,64.0,min,194.34751966617802
16,noise,mad,128.0,min,388.69503933235603
16,noise,sd,0.25,min,0.02413519779929133
16,noise,sd,0.5,min,0.04827039559858266
16,noise,sd,1.0,min,0.09654079119716533
16,noise,sd,2.0,min,0.19308158239433065
16,noise,sd,4.0,min,0.3861631647886613
16,noise,sd,8.0,min,0.7723263295773226
16,noise,sd,16.0,min,1.5446526591546452
16,noise,sd,32.0,min,3.0893053183092904
16,noise,sd,64.0,min,6.178610636618581
16,noise,sd,128.0,min,12.357221273237162
16,random,mad,0.25,min,1.0803257596954496
16,random,mad,0.5,min,2.1606515193908993
16,random,mad,1.0,min,4.3213030387817986
16,random,mad,2.0,min,8.642606077563597
16,random,mad,4.0,min,17.285212155127194
16,random,mad,8.0,min,34.57042431025439
16,random,mad,16.0,min,69.14084862050878
16,random,mad,32.0,min,138.28169724101755
16,random,mad,64.0,min,276.5633944820351
16,random,mad,128.0,min,553.1267889640702
16,random,sd,0.25,min,0.05184669557047893
16,random,sd,0.5,min,0.10369339114095787
16,random,sd,1.0,min,0.20738678228191573
16,random,sd,2.0,min,0.41477356456383146
16,random,sd,4.0,min,0.8295471291276629
16,random,sd,8.0,min,1.6590942582553259
16,random,sd,16.0,min,3.3181885165106517
16,random,sd,32.0,min,6.636377033021303
16,random,sd,64.0,min,13.272754066042607
16,random,sd,128.0,min,26.545508132085214
17,concept,mad,0.25,min,0.3268553060403952
17,concept,mad,0.5,min,0.6537106120807904
17,concept,mad,1.0,min,1.3074212241615808
17,concept,mad,2.0,min,2.6148424483231616
17,concept,mad,4.0,min,5.229684896646323
17,concept,mad,8.0,min,10.459369793292646
17,concept,mad,16.0,min,20.918739586585293
17,concept,mad,32.0,min,41.837479173170586
17,concept,mad,64.0,min,83.67495834634117
17,concept,mad,128.0,min,167.34991669268234
17,concept,sd,0.25,min,0.0017445224251380332
17,concept,sd,0.5,min,0.0034890448502760663
17,concept,sd,1.0,min,0.006978089700552133
17,concept,sd,2.0,min,0.013956179401104265
17,concept,sd,4.0,min,0.02791235880220853
17,concept,sd,8.0,min,0.05582471760441706
17,concept,sd,16.0,min,0.11164943520883412
17,concept,sd,32.0,min,0.22329887041766824
17,concept,sd,64.0,min,0.4465977408353365
17,concept,sd,128.0,min,0.893195481670673
17,dropout,mad,0.25,min,1.1006859263092963
17,dropout,mad,0.5,min,2.2013718526185926
17,dropout,mad,1.0,min,4.402743705237185
17,dropout,mad,2.0,min,8.80548741047437
17,dropout,mad,4.0,min,17.61097482094874
17,dropout,mad,8.0,min,35.22194964189748
17,dropout,mad,16.0,min,70.44389928379496
17,dropout,mad,32.0,min,140.88779856758993
17,dropout,mad,64.0,min,281.77559713517985
17,dropout,mad,128.0,min,563.5511942703597
17,dropout,sd,0.25,min,0.22840598787573163
17,dropout,sd,0.5,min,0.45681197575146326
17,dropout,sd,1.0,min,0.9136239515029265
17,dropout,sd,2.0,min,1.827247903005853
17,dropout,sd,4.0,min,3.654495806011706
17,dropout,sd,8.0,min,7.308991612023412
17,dropout,sd,16.0,min,14.617983224046824
17,dropout,sd,32.0,min,29.23596644809365
17,dropout,sd,64.0,min,58.4719328961873
17,dropout,sd,128.0,min,116.9438657923746
17,noise,mad,0.25,min,0.7602707788939249
17,noise,mad,0.5,min,1.5205415577878498
17,noise,mad,1.0,min,3.0410831155756997
17,noise,mad,2.0,min,6.082166231151399
17,noise,mad,4.0,min,12.164332462302799
17,noise,mad,8.0,min,24.328664924605597
17,noise,mad,16.0,min,48.657329849211195
17,noise,mad,32.0,min,97.31465969842239
17,noise,mad,64.0,min,194.62931939684478
17,noise,mad,128.0,min,389.25863879368956
17,noise,sd,0.25,min,0.02453604617573192
17,noise,sd,0.5,min,0.04907209235146384
17,noise,sd,1.0,min,0.09814418470292768
17,noise,sd,2.0,min,0.19628836940585537
17,noise,sd,4.0,min,0.39257673881171073
17,noise,sd,8.0,min,0.7851534776234215
17,noise,sd,16.0,min,1.570306955246843
17,noise,sd,32.0,min,3.140613910493686
17,noise,sd,64.0,min,6.281227820987372
17,noise,sd,128.0,min,12.562455641974744
17,random,mad,0.25,min,1.0737001671684432
17,random,mad,0.5,min,2.1474003343368864
17,random,mad,1.0,min,4.294800668673773
17,random,mad,2.0,min,8.589601337347545
17,random,mad,4.0,min,17.17920267469509
17,random,mad,8.0,min,34.35840534939018
17,random,mad,16.0,min,68.71681069878036
17,random,mad,32.0,min,137.43362139756073
17,random,mad,64.0,min,274.86724279512146
17,random,mad,128.0,min,549.7344855902429
17,random,sd,0.25,min,0.21080838047948153
17,random,sd,0.5,min,0.42161676095896305
17,random,sd,1.0,min,0.8432335219179261
17,random,sd,2.0,min,1.6864670438358522
17,random,sd,4.0,min,3.3729340876717044
17,random,sd,8.0,min,6.745868175343409
17,random,sd,16.0,min,13.491736350686818
17,random,sd,32.0,min,26.983472701373636
17,random,sd,64.0,min,53.96694540274727
17,random,sd,128.0,min,107.93389080549454
18,concept,mad,0.25,min,0.32076030563698904
18,concept,mad,0.5,min,0.6415206112739781
18,concept,mad,1.0,min,1.2830412225479562
18,concept,mad,2.0,min,2.5660824450959123
18,concept,mad,4.0,min,5.132164890191825
18,concept,mad,8.0,min,10.26432978038365
18,concept,mad,16.0,min,20.5286595607673
18,concept,mad,32.0,min,41.0573191215346
18,concept,mad,64.0,min,82.1146382430692
18,concept,mad,128.0,min,164.2292764861384
18,concept,sd,0.25,min,0.0019842605479459038
18,concept,sd,0.5,min,0.0039685210958918075
18,concept,sd,1.0,min,0.007937042191783615
18,concept,sd,2.0,min,0.01587408438356723
18,concept,sd,4.0,min,0.03174816876713446
18,concept,sd,8.0,min,0.06349633753426892
18,concept,sd,16.0,min,0.12699267506853784
18,concept,sd,32.0,min,0.2539853501370757
18,concept,sd,64.0,min,0.5079707002741514
18,concept,sd,128.0,min,1.0159414005483027
18,dropout,mad,0.25,min,1.0927867008439802
18,dropout,mad,0.5,min,2.1855734016879604
18,dropout,mad,1.0,min,4.371146803375921
18,dropout,mad,2.0,min,8.742293606751842
18,dropout,mad,4.0,min,17.484587213503684
18,dropout,mad,8.0,min,34.96917442700737
18,dropout,mad,16.0,min,69.93834885401473
18,dropout,mad,32.0,min,139.87669770802947
18,dropout,mad,64.0,min,279.75339541605894
18,dropout,mad,128.0,min,559.5067908321179
18,dropout,sd,0.25,min,0.2803547591372241
18,dropout,sd,0.5,min,0.5607095182744481
18,dropout,sd,1.0,min,1.1214190365488963
18,dropout,sd,2.0,min,2.2428380730977926
18,dropout,sd,4.0,min,4.485676146195585
18,dropout,sd,8.0,min,8.97135229239117
18,dropout,sd,16.0,min,17.94270458478234
18,dropout,sd,32.0,min,35.88540916956468
18,dropout,sd,64.0,min,71.77081833912936
18,dropout,sd,128.0,min,143.54163667825873
18,noise,mad,0.25,min,0.6616597799712876
18,noise,mad,0.5,min,1.323319559942575
18,noise,mad,1.0,min,2.64663911988515
18,noise,mad,2.0,min,5.2932782397703
18,noise,mad,4.0,min,10.5865564795406
18,noise,mad,8.0,min,21.1731129590812
18,noise,mad,16.0,min,42.3462259181624
18,noise,mad,32.0,min,84.6924518363248
18,noise,mad,64.0,min,169.3849036726496
18,noise,mad,128.0,min,338.7698073452992
18,noise,sd,0.25,min,0.018367307235987885
18,noise,sd,0.5,min,0.03673461447197577
18,noise,sd,1.0,min,0.07346922894395154
18,noise,sd,2.0,min,0.14693845788790308
18,noise,sd,4.0,min,0.29387691577580616
18,noise,sd,8.0,min,0.5877538315516123
18,noise,sd,16.0,min,1.1755076631032246
18,noise,sd,32.0,min,2.3510153262064493
18,noise,sd,64.0,min,4.7020306524128985
18,noise,sd,128.0,min,9.404061304825797
18,random,mad,0.25,min,0.9004651545392403
18,random,mad,0.5,min,1.8009303090784805
18,random,mad,1.0,min,3.601860618156961
18,random,mad,2.0,min,7.203721236313922
18,random,mad,4.0,min,14.407442472627844
18,random,mad,8.0,min,28.814884945255688
18,random,mad,16.0,min,57.629769890511376
18,random,mad,32.0,min,115.25953978102275
18,random,mad,64.0,min,230.5190795620455
18,random,mad,128.0,min,461.038159124091
18,random,sd,0.25,min,0.33846437088852604
18,random,sd,0.5,min,0.6769287417770521
18,random,sd,1.0,min,1.3538574835541042
18,random,sd,2.0,min,2.7077149671082084
18,random,sd,4.0,min,5.415429934216417
18,random,sd,8.0,min,10.830859868432833
18,random,sd,16.0,min,21.661719736865667
18,random,sd,32.0,min,43.323439473731334
18,random,sd,64.0,min,86.64687894746267
18,random,sd,128.0,min,173.29375789492533
19,concept,mad,0.25,min,0.28877538944456294
19,concept,mad,0.5,min,0.5775507788891259
19,concept,mad,1.0,min,1.1551015577782517
19,concept,mad,2.0,min,2.3102031155565035
19,concept,mad,4.0,min,4.620406231113007
19,concept,mad,8.0,min,9.240812462226014
19,concept,mad,16.0,min,18.481624924452028
19,concept,mad,32.0,min,36.963249848904056
19,concept,mad,64.0,min,73.92649969780811
19,concept,mad,128.0,min,147.85299939561622
19,concept,sd,0.25,min,0.0020810663538975978
19,concept,sd,0.5,min,0.0041621327077951955
19,concept,sd,1.0,min,0.008324265415590391
19,concept,sd,2.0,min,0.016648530831180782
19,concept,sd,4.0,min,0.033297061662361564
19,concept,sd,8.0,min,0.06659412332472313
19,concept,sd,16.0,min,0.13318824664944626
19,concept,sd,32.0,min,0.2663764932988925
19,concept,sd,64.0,min,0.532752986597785
19,concept,sd,128.0,min,1.06550597319557
19,dropout,mad,0.25,min,0.8966892543819692
19,dropout,mad,0.5,min,1.7933785087639385
19,dropout,mad,1.0,min,3.586757017527877
19,dropout,mad,2.0,min,7.173514035055754
19,dropout,mad,4.0,min,14.347028070111508
19,dropout,mad,8.0,min,28.694056140223015
19,dropout,mad,16.0,min,57.38811228044603
19,dropout,mad,32.0,min,114.77622456089206
19,dropout,mad,64.0,min,229.55244912178412
19,dropout,mad,128.0,min,459.10489824356824
19,dropout,sd,0.25,min,0.11557873022412174
19,dropout,sd,0.5,min,0.23115746044824348
19,dropout,sd,1.0,min,0.46231492089648696
19,dropout,sd,2.0,min,0.9246298417929739
19,dropout,sd,4.0,min,1.8492596835859478
19,dropout,sd,8.0,min,3.6985193671718957
19,dropout,sd,16.0,min,7.397038734343791
19,dropout,sd,32.0,min,14.794077468687583
19,dropout,sd,64.0,min,29.588154937375165
19,dropout,sd,128.0,min,59.17630987475033
19,noise,mad,0.25,min,0.6503924160797271
19,noise,mad,0.5,min,1.3007848321594542
19,noise,mad,1.0,min,2.6015696643189083
19,noise,mad,2.0,min,5.203139328637817
19,noise,mad,4.0,min,10.406278657275633
19,noise,mad,8.0,min,20.812557314551267
19,noise,mad,16.0,min,41.625114629102534
19,noise,mad,32.0,min,83.25022925820507
19,noise,mad,64.0,min,166.50045851641013
19,noise,mad,128.0,min,333.00091703282027
19,noise,sd,0.25,min,0.027129823587281516
19,noise,sd,0.5,min,0.05425964717456303
19,noise,sd,1.0,min,0.10851929434912606
19,noise,sd,2.0,min,0.21703858869825213
19,noise,sd,4.0,min,0.43407717739650425
19,noise,sd,8.0,min,0.8681543547930085
19,noise,sd,16.0,min,1.736308709586017
19,noise,sd,32.0,min,3.472617419172034
19,noise,sd,64.0,min,6.945234838344068
19,noise,sd,128.0,min,13.890469676688136
19,random,mad,0.25,min,0.8307010175205356
19,random,mad,0.5,min,1.6614020350410712
19,random,mad,1.0,min,3.3228040700821424
19,random,mad,2.0,min,6.645608140164285
19,random,mad,4.0,min,13.29121628032857
19,random,mad,8.0,min,26.58243256065714
19,random,mad,16.0,min,53.16486512131428
19,random,mad,32.0,min,106.32973024262856
19,random,mad,64.0,min,212.6594604852571
19,random,mad,128.0,min,425.3189209705142
19,random,sd,0.25,min,0.026928018721695535
19,random,sd,0.5,min,0.05385603744339107
19,random,sd,1.0,min,0.10771207488678214
19,random,sd,2.0,min,0.21542414977356428
19,random,sd,4.0,min,0.43084829954712855
19,random,sd,8.0,min,0.8616965990942571
19,random,sd,16.0,min,1.7233931981885142
19,random,sd,32.0,min,3.4467863963770284
19,random,sd,64.0,min,6.893572792754057
19,random,sd,128.0,min,13.787145585508114
20,concept,mad,0.25,min,0.269235430878031
20,concept,mad,0.5,min,0.538470861756062
20,concept,mad,1.0,min,1.076941723512124
20,concept,mad,2.0,min,2.153883447024248
20,concept,mad,4.0,min,4.307766894048496
20,concept,mad,8.0,min,8.615533788096991
20,concept,mad,16.0,min,17.231067576193983
20,concept,mad,32.0,min,34.462135152387965
20,concept,mad,64.0,min,68.92427030477593
20,concept,mad,128.0,min,137.84854060955186
20,concept,sd,0.25,min,0.0022184241846239807
20,concept,sd,0.5,min,0.004436848369247961
20,concept,sd,1.0,min,0.008873696738495923
20,concept,sd,2.0,min,0.017747393476991846
20,concept,sd,4.0,min,0.03549478695398369
20,concept,sd,8.0,min,0.07098957390796738
20,concept,sd,16.0,min,0.14197914781593476
20,concept,sd,32.0,min,0.28395829563186953
20,concept,sd,64.0,min,0.5679165912637391
20,concept,sd,128.0,min,1.1358331825274781
20,dropout,mad,0.25,min,0.9043244329482348
20,dropout,mad,0.5,min,1.8086488658964697
20,dropout,mad,1.0,min,3.6172977317929393
20,dropout,mad,2.0,min,7.234595463585879
20,dropout,mad,4.0,min,14.469190927171757
20,dropout,mad,8.0,min,28.938381854343515
20,dropout,mad,16.0,min,57.87676370868703
20,dropout,mad,32.0,min,115.75352741737406
20,dropout,mad,64.0,min,231.50705483474812
20,dropout,mad,128.0,min,463.01410966949624
20,dropout,sd,0.25,min,0.1415066742235086
20,dropout,sd,0.5,min,0.2830133484470172
20,dropout,sd,1.0,min,0.5660266968940344
20,dropout,sd,2.0,min,1.1320533937880688
20,dropout,sd,4.0,min,2.2641067875761376
20,dropout,sd,8.0,min,4.528213575152275
20,dropout,sd,16.0,min,9.05642715030455
20,dropout,sd,32.0,min,18.1128543006091
20,dropout,sd,64.0,min,36.2257086012182
20,dropout,sd,128.0,min,72.4514172024364
20,noise,mad,0.25,min,0.5443183735584908
20,noise,mad,0.5,min,1.0886367471169816
20,noise,mad,1.0,min,2.177273494233963
20,noise,mad,2.0,min,4.354546988467926
20,noise,mad,4.0,min,8.709093976935852
20,noise,mad,8.0,min,17.418187953871705
20,noise,mad,16.0,min,34.83637590774341
20,noise,mad,32.0,min,69.67275181548682
20,noise,mad,64.0,min,139.34550363097364
20,noise,mad,128.0,min,278.6910072619473
20,noise,sd,0.25,min,0.021784347081504903
20,noise,sd,0.5,min,0.043568694163009805
20,noise,sd,1.0,min,0.08713738832601961
20,noise,sd,2.0,min,0.17427477665203922
20,noise,sd,4.0,min,0.34854955330407844
20,noise,sd,8.0,min,0.6970991066081569
20,noise,sd,16.0,min,1.3941982132163138
20,noise,sd,32.0,min,2.7883964264326275
20,noise,sd,64.0,min,5.576792852865255
20,noise,sd,128.0,min,11.15358570573051
20,random,mad,0.25,min,0.7794475735188201
20,random,mad,0.5,min,1.5588951470376402
20,random,mad,1.0,min,3.1177902940752804
20,random,mad,2.0,min,6.235580588150561
20,random,mad,4.0,min,12.471161176301122
20,random,mad,8.0,min,24.942322352602243
20,random,mad,16.0,min,49.88464470520449
20,random,mad,32.0,min,99.76928941040897
20,random,mad,64.0,min,199.53857882081795
20,random,mad,128.0,min,399.0771576416359
20,random,sd,0.25,min,0.1230735702360147
20,random,sd,0.5,min,0.2461471404720294
20,random,sd,1.0,min,0.4922942809440588
20,random,sd,2.0,min,0.9845885618881176
20,random,sd,4.0,min,1.9691771237762352
20,random,sd,8.0,min,3.9383542475524704
20,random,sd,16.0,min,7.876708495104941
20,random,sd,32.0,min,15.753416990209882
20,random,sd,64.0,min,31.506833980419763
20,random,sd,128.0,min,63.01366796083953
21,concept,mad,0.25,min,0.2090909130873405
21,concept,mad,0.5,min,0.418181826174681
21,concept,mad,1.0,min,0.836363652349362
21,concept,mad,2.0,min,1.672727304698724
21,concept,mad,4.0,min,3.345454609397448
21,concept,mad,8.0,min,6.690909218794896
21,concept,mad,16.0,min,13.381818437589793
21,concept,mad,32.0,min,26.763636875179586
21,concept,mad,64.0,min,53.52727375035917
21,concept,mad,128.0,min,107.05454750071834
21,concept,sd,0.25,min,0.0023129823831864937
21,concept,sd,0.5,min,0.004625964766372987
21,concept,sd,1.0,min,0.009251929532745975
21,concept,sd,2.0,min,0.01850385906549195
21,concept,sd,4.0,min,0.0370077181309839
21,concept,sd,8.0,min,0.0740154362619678
21,concept,sd,16.0,min,0.1480308725239356
21,concept,sd,32.0,min,0.2960617450478712
21,concept,sd,64.0,min,0.5921234900957424
21,concept,sd,128.0,min,1.1842469801914848
21,dropout,mad,0.25,min,0.8114159379021427
21,dropout,mad,0.5,min,1.6228318758042855
21,dropout,mad,1.0,min,3.245663751608571
21,dropout,mad,2.0,min,6.491327503217142
21,dropout,mad,4.0,min,12.982655006434284
21,dropout,mad,8.0,min,25.965310012868567
21,dropout,mad,16.0,min,51.930620025737134
21,dropout,mad,32.0,min,103.86124005147427
21,dropout,mad,64.0,min,207.72248010294854
21,dropout,mad,128.0,min,415.4449602058971
21,dropout,sd,0.25,min,0.10064692951175888
21,dropout,sd,0.5,min,0.20129385902351776
21,dropout,sd,1.0,min,0.4025877180470355
21,dropout,sd,2.0,min,0.805175436094071
21,dropout,sd,4.0,min,1.610350872188142
21,dropout,sd,8.0,min,3.220701744376284
21,dropout,sd,16.0,min,6.441403488752568
21,dropout,sd,32.0,min,12.882806977505137
21,dropout,sd,64.0,min,25.765613955010274
21,dropout,sd,128.0,min,51.53122791002055
21,noise,mad,0.25,min,0.4879066992911253
21,noise,mad,0.5,min,0.9758133985822506
21,noise,mad,1.0,min,1.9516267971645012
21,noise,mad,2.0,min,3.9032535943290023
21,noise,mad,4.0,min,7.806507188658005
21,noise,mad,8.0,min,15.61301437731601
21,noise,mad,16.0,min,31.22602875463202
21,noise,mad,32.0,min,62.45205750926404
21,noise,mad,64.0,min,124.90411501852807
21,noise,mad,128.0,min,249.80823003705615
21,noise,sd,0.25,min,0.02242987902182413
21,noise,sd,0.5,min,0.04485975804364826
21,noise,sd,1.0,min,0.08971951608729652
21,noise,sd,2.0,min,0.17943903217459303
21,noise,sd,4.0,min,0.35887806434918607
21,noise,sd,8.0,min,0.7177561286983721
21,noise,sd,16.0,min,1.4355122573967443
21,noise,sd,32.0,min,2.8710245147934885
21,noise,sd,64.0,min,5.742049029586977
21,noise,sd,128.0,min,11.484098059173954
21,random,mad,0.25,min,0.7551932638063006
21,random,mad,0.5,min,1.5103865276126012
21,random,mad,1.0,min,3.0207730552252023
21,random,mad,2.0,min,6.041546110450405
21,random,mad,4.0,min,12.08309222090081
21,random,mad,8.0,min,24.16618444180162
21,random,mad,16.0,min,48.33236888360324
21,random,mad,32.0,min,96.66473776720647
21,random,mad,64.0,min,193.32947553441295
21,random,mad,128.0,min,386.6589510688259
21,random,sd,0.25,min,0.10641631631905869
21,random,sd,0.5,min,0.21283263263811739
21,random,sd,1.0,min,0.42566526527623477
21,random,sd,2.0,min,0.8513305305524695
21,random,sd,4.0,min,1.702661061104939
21,random,sd,8.0,min,3.405322122209878
21,random,sd,16.0,min,6.810644244419756
21,random,sd,32.0,min,13.621288488839513
21,random,sd,64.0,min,27.242576977679025
21,random,sd,128.0,min,54.48515395535805
22,concept,mad,0.25,min,0.16087859989348313
22,concept,mad,0.5,min,0.32175719978696626
22,concept,mad,1.0,min,0.6435143995739325
22,concept,mad,2.0,min,1.287028799147865
22,concept,mad,4.0,min,2.57405759829573
22,concept,mad,8.0,min,5.14811519659146
22,concept,mad,16.0,min,10.29623039318292
22,concept,mad,32.0,min,20.59246078636584
22,concept,mad,64.0,min,41.18492157273168
22,concept,mad,128.0,min,82.36984314546336
22,concept,sd,0.25,min,0.002543123499076416
22,concept,sd,0.5,min,0.005086246998152832
22,concept,sd,1.0,min,0.010172493996305664
22,concept,sd,2.0,min,0.02034498799261133
22,concept,sd,4.0,min,0.04068997598522266
22,concept,sd,8.0,min,0.08137995197044531
22,concept,sd,16.0,min,0.16275990394089063
22,concept,sd,32.0,min,0.32551980788178125
22,concept,sd,64.0,min,0.6510396157635625
22,concept,sd,128.0,min,1.302079231527125
22,dropout,mad,0.25,min,0.6857590826927573
22,dropout,mad,0.5,min,1.3715181653855146
22,dropout,mad,1.0,min,2.7430363307710293
22,dropout,mad,2.0,min,5.4860726615420585
22,dropout,mad,4.0,min,10.972145323084117
22,dropout,mad,8.0,min,21.944290646168234
22,dropout,mad,16.0,min,43.88858129233647
22,dropout,mad,32.0,min,87.77716258467294
22,dropout,mad,64.0,min,175.55432516934587
22,dropout,mad,128.0,min,351.10865033869175
22,dropout,sd,0.25,min,0.09516649968810485
22,dropout,sd,0.5,min,0.1903329993762097
22,dropout,sd,1.0,min,0.3806659987524194
22,dropout,sd,2.0,min,0.7613319975048388
22,dropout,sd,4.0,min,1.5226639950096776
22,dropout,sd,8.0,min,3.0453279900193553
22,dropout,sd,16.0,min,6.090655980038711
22,dropout,sd,32.0,min,12.181311960077421
22,dropout,sd,64.0,min,24.362623920154842
22,dropout,sd,128.0,min,48.725247840309684
22,noise,mad,0.25,min,0.4443559632869639
22,noise,mad,0.5,min,0.8887119265739278
22,noise,mad,1.0,min,1.7774238531478557
22,noise,mad,2.0,min,3.5548477062957113
22,noise,mad,4.0,min,7.109695412591423
22,noise,mad,8.0,min,14.219390825182845
22,noise,mad,16.0,min,28.43878165036569
22,noise,mad,32.0,min,56.87756330073138
22,noise,mad,64.0,min,113.75512660146276
22,noise,mad,128.0,min,227.51025320292553
22,noise,sd,0.25,min,0.022789478253252452
22,noise,sd,0.5,min,0.045578956506504904
22,noise,sd,1.0,min,0.09115791301300981
22,noise,sd,2.0,min,0.18231582602601962
22,noise,sd,4.0,min,0.36463165205203923
22,noise,sd,8.0,min,0.7292633041040785
22,noise,sd,16.0,min,1.458526608208157
22,noise,sd,32.0,min,2.917053216416314
22,noise,sd,64.0,min,5.834106432832628
22,noise,sd,128.0,min,11.668212865665256
22,random,mad,0.25,min,0.6619921441176138
22,random,mad,0.5,min,1.3239842882352275
22,random,mad,1.0,min,2.647968576470455
22,random,mad,2.0,min,5.29593715294091
22,random,mad,4.0,min,10.59187430588182
22,random,mad,8.0,min,21.18374861176364
22,random,mad,16.0,min,42.36749722352728
22,random,mad,32.0,min,84.73499444705456
22,random,mad,64.0,min,169.46998889410912
22,random,mad,128.0,min,338.93997778821824
22,random,sd,0.25,min,0.05187201643784183
22,random,sd,0.5,min,0.10374403287568366
22,random,sd,1.0,min,0.20748806575136733
22,random,sd,2.0,min,0.41497613150273466
22,random,sd,4.0,min,0.8299522630054693
22,random,sd,8.0,min,1.6599045260109386
22,random,sd,16.0,min,3.3198090520218773
22,random,sd,32.0,min,6.6396181040437545
22,random,sd,64.0,min,13.279236208087509
22,random,sd,128.0,min,26.558472416175018
23,concept,mad,0.25,min,0.14691127463048723
23,concept,mad,0.5,min,0.29382254926097445
23,concept,mad,1.0,min,0.5876450985219489
23,concept,mad,2.0,min,1.1752901970438978
23,concept,mad,4.0,min,2.3505803940877956
23,concept,mad,8.0,min,4.701160788175591
23,concept,mad,16.0,min,9.402321576351182
23,concept,mad,32.0,min,18.804643152702365
23,concept,mad,64.0,min,37.60928630540473
23,concept,mad,128.0,min,75.21857261080946
23,concept,sd,0.25,min,0.0026704432702933135
23,concept,sd,0.5,min,0.005340886540586627
23,concept,sd,1.0,min,0.010681773081173254
23,concept,sd,2.0,min,0.02136354616234651
23,concept,sd,4.0,min,0.04272709232469302
23,concept,sd,8.0,min,0.08545418464938603
23,concept,sd,16.0,min,0.17090836929877207
23,concept,sd,32.0,min,0.34181673859754413
23,concept,sd,64.0,min,0.6836334771950883
23,concept,sd,128.0,min,1.3672669543901765
23,dropout,mad,0.25,min,0.6219554584734552
23,dropout,mad,0.5,min,1.2439109169469105
23,dropout,mad,1.0,min,2.487821833893821
23,dropout,mad,2.0,min,4.975643667787642
23,dropout,mad,4.0,min,9.951287335575284
23,dropout,mad,8.0,min,19.902574671150568
23,dropout,mad,16.0,min,39.805149342301135
23,dropout,mad,32.0,min,79.61029868460227
23,dropout,mad,64.0,min,159.22059736920454
23,dropout,mad,128.0,min,318.4411947384091
23,dropout,sd,0.25,min,0.07712350307760052
23,dropout,sd,0.5,min,0.15424700615520104
23,dropout,sd,1.0,min,0.3084940123104021
23,dropout,sd,2.0,min,0.6169880246208042
23,dropout,sd,4.0,min,1.2339760492416083
23,dropout,sd,8.0,min,2.4679520984832166
23,dropout,sd,16.0,min,4.935904196966433
23,dropout,sd,32.0,min,9.871808393932866
23,dropout,sd,64.0,min,19.743616787865733
23,dropout,sd,128.0,min,39.487233575731466
23,noise,mad,0.25,min,0.41315414580295623
23,noise,mad,0.5,min,0.8263082916059125
23,noise,mad,1.0,min,1.652616583211825
23,noise,mad,2.0,min,3.30523316642365
23,noise,mad,4.0,min,6.6104663328473
23,noise,mad,8.0,min,13.2209326656946
23,noise,mad,16.0,min,26.4418653313892
23,noise,mad,32.0,min,52.8837306627784
23,noise,mad,64.0,min,105.7674613255568
23,noise,mad,128.0,min,211.5349226511136
23,noise,sd,0.25,min,0.017461932345149506
23,noise,sd,0.5,min,0.03492386469029901
23,noise,sd,1.0,min,0.06984772938059802
23,noise,sd,2.0,min,0.13969545876119605
23,noise,sd,4.0,min,0.2793909175223921
23,noise,sd,8.0,min,0.5587818350447842
23,noise,sd,16.0,min,1.1175636700895684
23,noise,sd,32.0,min,2.2351273401791367
23,noise,sd,64.0,min,4.4702546803582734
23,noise,sd,128.0,min,8.940509360716547
23,random,mad,0.25,min,0.5842146676759851
23,random,mad,0.5,min,1.1684293353519701
23,random,mad,1.0,min,2.3368586707039403
23,random,mad,2.0,min,4.6737173414078805
23,random,mad,4.0,min,9.347434682815761
23,random,mad,8.0,min,18.694869365631522
23,random,mad,16.0,min,37.389738731263044
23,random,mad,32.0,min,74.77947746252609
23,random,mad,64.0,min,149.55895492505218
23,random,mad,128.0,min,299.11790985010435
23,random,sd,0.25,min,0.046755190902830444
23,random,sd,0.5,min,0.09351038180566089
23,random,sd,1.0,min,0.18702076361132178
23,random,sd,2.0,min,0.37404152722264356
23,random,sd,4.0,min,0.7480830544452871
23,random,sd,8.0,min,1.4961661088905742
23,random,sd,16.0,min,2.9923322177811484
23,random,sd,32.0,min,5.984664435562297
23,random,sd,64.0,min,11.969328871124594
23,random,sd,128.0,min,23.938657742249188
24,concept,mad,0.25,min,0.12681290067205095
24,concept,mad,0.5,min,0.2536258013441019
24,concept,mad,1.0,min,0.5072516026882038
24,concept,mad,2.0,min,1.0145032053764076
24,concept,mad,4.0,min,2.029006410752815
24,concept,mad,8.0,min,4.05801282150563
24,concept,mad,16.0,min,8.11602564301126
24,concept,mad,32.0,min,16.23205128602252
24,concept,mad,64.0,min,32.46410257204504
24,concept,mad,128.0,min,64.92820514409009
24,concept,sd,0.25,min,0.0027367469882829693
24,concept,sd,0.5,min,0.005473493976565939
24,concept,sd,1.0,min,0.010946987953131877
24,concept,sd,2.0,min,0.021893975906263755
24,concept,sd,4.0,min,0.04378795181252751
24,concept,sd,8.0,min,0.08757590362505502
24,concept,sd,16.0,min,0.17515180725011004
24,concept,sd,32.0,min,0.3503036145002201
24,concept,sd,64.0,min,0.7006072290004401
24,concept,sd,128.0,min,1.4012144580008803
24,dropout,mad,0.25,min,0.6027279036957998
24,dropout,mad,0.5,min,1.2054558073915995
24,dropout,mad,1.0,min,2.410911614783199
24,dropout,mad,2.0,min,4.821823229566398
24,dropout,mad,4.0,min,9.643646459132796
24,dropout,mad,8.0,min,19.287292918265592
24,dropout,mad,16.0,min,38.574585836531185
24,dropout,mad,32.0,min,77.14917167306237
24,dropout,mad,64.0,min,154.29834334612474
24,dropout,mad,128.0,min,308.5966866922495
24,dropout,sd,0.25,min,0.1410767873846167
24,dropout,sd,0.5,min,0.2821535747692334
24,dropout,sd,1.0,min,0.5643071495384668
24,dropout,sd,2.0,min,1.1286142990769337
24,dropout,sd,4.0,min,2.2572285981538673
24,dropout,sd,8.0,min,4.514457196307735
24,dropout,sd,16.0,min,9.02891439261547
24,dropout,sd,32.0,min,18.05782878523094
24,dropout,sd,64.0,min,36.11565757046188
24,dropout,sd,128.0,min,72.23131514092375
24,noise,mad,0.25,min,0.3701874459204151
24,noise,mad,0.5,min,0.7403748918408302
24,noise,mad,1.0,min,1.4807497836816603
24,noise,mad,2.0,min,2.9614995673633207
24,noise,mad,4.0,min,5.922999134726641
24,noise,mad,8.0,min,11.845998269453283
24,noise,mad,16.0,min,23.691996538906565
24,noise,mad,32.0,min,47.38399307781313
24,noise,mad,64.0,min,94.76798615562626
24,noise,mad,128.0,min,189.53597231125252
24,noise,sd,0.25,min,0.026050317894390364
24,noise,sd,0.5,min,0.05210063578878073
24,noise,sd,1.0,min,0.10420127157756146
24,noise,sd,2.0,min,0.2084025431551229
24,noise,sd,4.0,min,0.4168050863102458
24,noise,sd,8.0,min,0.8336101726204916
24,noise,sd,16.0,min,1.6672203452409833
24,noise,sd,32.0,min,3.3344406904819666
24,noise,sd,64.0,min,6.668881380963933
24,noise,sd,128.0,min,13.337762761927866
24,random,mad,0.25,min,0.5817842347235
24,random,mad,0.5,min,1.163568469447
24,random,mad,1.0,min,2.327136938894
24,random,mad,2.0,min,4.654273877788
24,random,mad,4.0,min,9.308547755576
24,random,mad,8.0,min,18.617095511152
24,random,mad,16.0,min,37.234191022304
24,random,mad,32.0,min,74.468382044608
24,random,mad,64.0,min,148.936764089216
24,random,mad,128.0,min,297.873528178432
24,random,sd,0.25,min,0.06441980308248275
24,random,sd,0.5,min,0.1288396061649655
24,random,sd,1.0,min,0.257679212329931
24,random,sd,2.0,min,0.515358424659862
24,random,sd,4.0,min,1.030716849319724
24,random,sd,8.0,min,2.061433698639448
24,random,sd,16.0,min,4.122867397278896
24,random,sd,32.0,min,8.245734794557793
24,random,sd,64.0,min,16.491469589115585
24,random,sd,128.0,min,32.98293917823117
25,concept,mad,0.25,min,0.11915288438297172
25,concept,mad,0.5,min,0.23830576876594345
25,concept,mad,1.0,min,0.4766115375318869
25,concept,mad,2.0,min,0.9532230750637738
25,concept,mad,4.0,min,1.9064461501275476
25,concept,mad,8.0,min,3.812892300255095
25,concept,mad,16.0,min,7.62578460051019
25,concept,mad,32.0,min,15.25156920102038
25,concept,mad,64.0,min,30.50313840204076
25,concept,mad,128.0,min,61.00627680408152
25,concept,sd,0.25,min,0.0029930332007185706
25,concept,sd,0.5,min,0.005986066401437141
25,concept,sd,1.0,min,0.011972132802874283
25,concept,sd,2.0,min,0.023944265605748565
25,concept,sd,4.0,min,0.04788853121149713
25,concept,sd,8.0,min,0.09577706242299426
25,concept,sd,16.0,min,0.19155412484598852
25,concept,sd,32.0,min,0.38310824969197704
25,concept,sd,64.0,min,0.7662164993839541
25,concept,sd,128.0,min,1.5324329987679082
25,dropout,mad,0.25,min,0.548718738807134
25,dropout,mad,0.5,min,1.097437477614268
25,dropout,mad,1.0,min,2.194874955228536
25,dropout,mad,2.0,min,4.389749910457072
25,dropout,mad,4.0,min,8.779499820914143
25,dropout,mad,8.0,min,17.558999641828287
25,dropout,mad,16.0,min,35.11799928365657
25,dropout,mad,32.0,min,70.23599856731315
25,dropout,mad,64.0,min,140.4719971346263
25,dropout,mad,128.0,min,280.9439942692526
25,dropout,sd,0.25,min,0.10345144792013802
25,dropout,sd,0.5,min,0.20690289584027605
25,dropout,sd,1.0,min,0.4138057916805521
25,dropout,sd,2.0,min,0.8276115833611042
25,dropout,sd,4.0,min,1.6552231667222084
25,dropout,sd,8.0,min,3.3104463334444167
25,dropout,sd,16.0,min,6.6208926668888335
25,dropout,sd,32.0,min,13.241785333777667
25,dropout,sd,64.0,min,26.483570667555334
25,dropout,sd,128.0,min,52.96714133511067
25,noise,mad,0.25,min,0.37019016465622656
25,noise,mad,0.5,min,0.7403803293124531
25,noise,mad,1.0,min,1.4807606586249062
25,noise,mad,2.0,min,2.9615213172498125
25,noise,mad,4.0,min,5.923042634499625
25,noise,mad,8.0,min,11.84608526899925
25,noise,mad,16.0,min,23.6921705379985
25,noise,mad,32.0,min,47.384341075997
25,noise,mad,64.0,min,94.768682151994
25,noise,mad,128.0,min,189.537364303988
25,noise,sd,0.25,min,0.02219919991332907
25,noise,sd,0.5,min,0.04439839982665814
25,noise,sd,1.0,min,0.08879679965331629
25,noise,sd,2.0,min,0.17759359930663257
25,noise,sd,4.0,min,0.35518719861326514
25,noise,sd,8.0,min,0.7103743972265303
25,noise,sd,16.0,min,1.4207487944530606
25,noise,sd,32.0,min,2.841497588906121
25,noise,sd,64.0,min,5.682995177812242
25,noise,sd,128.0,min,11.365990355624485
25,random,mad,0.25,min,0.5079845943698347
25,random,mad,0.5,min,1.0159691887396693
25,random,mad,1.0,min,2.0319383774793387
25,random,mad,2.0,min,4.063876754958677
25,random,mad,4.0,min,8.127753509917355
25,random,mad,8.0,min,16.25550701983471
25,random,mad,16.0,min,32.51101403966942
25,random,mad,32.0,min,65.02202807933884
25,random,mad,64.0,min,130.04405615867768
25,random,mad,128.0,min,260.08811231735535
25,random,sd,0.25,min,0.09943938004609017
25,random,sd,0.5,min,0.19887876009218033
25,random,sd,1.0,min,0.39775752018436067
25,random,sd,2.0,min,0.7955150403687213
25,random,sd,4.0,min,1.5910300807374427
25,random,sd,8.0,min,3.1820601614748854
25,random,sd,16.0,min,6.364120322949771
25,random,sd,32.0,min,12.728240645899541
25,random,sd,64.0,min,25.456481291799083
25,random,sd,128.0,min,50.912962583598166
26,concept,mad,0.25,min,0.11773146499207476
26,concept,mad,0.5,min,0.23546292998414953
26,concept,mad,1.0,min,0.47092585996829905
26,concept,mad,2.0,min,0.9418517199365981
26,concept,mad,4.0,min,1.8837034398731962
26,concept,mad,8.0,min,3.7674068797463924
26,concept,mad,16.0,min,7.534813759492785
26,concept,mad,32.0,min,15.06962751898557
26,concept,mad,64.0,min,30.13925503797114
26,concept,mad,128.0,min,60.27851007594228
26,concept,sd,0.25,min,0.003201659556184097
26,concept,sd,0.5,min,0.006403319112368194
26,concept,sd,1.0,min,0.012806638224736388
26,concept,sd,2.0,min,0.025613276449472776
26,concept,sd,4.0,min,0.05122655289894555
26,concept,sd,8.0,min,0.1024531057978911
26,concept,sd,16.0,min,0.2049062115957822
26,concept,sd,32.0,min,0.4098124231915644
26,concept,sd,64.0,min,0.8196248463831288
26,concept,sd,128.0,min,1.6392496927662576
26,dropout,mad,0.25,min,0.5167532253085672
26,dropout,mad,0.5,min,1.0335064506171343
26,dropout,mad,1.0,min,2.0670129012342686
26,dropout,mad,2.0,min,4.134025802468537
26,dropout,mad,4.0,min,8.268051604937074
26,dropout,mad,8.0,min,16.53610320987415
26,dropout,mad,16.0,min,33.0722064197483
26,dropout,mad,32.0,min,66.1444128394966
26,dropout,mad,64.0,min,132.2888256789932
26,dropout,mad,128.0,min,264.5776513579864
26,dropout,sd,0.25,min,0.07508391959909412
26,dropout,sd,0.5,min,0.15016783919818824
26,dropout,sd,1.0,min,0.3003356783963765
26,dropout,sd,2.0,min,0.600671356792753
26,dropout,sd,4.0,min,1.201342713585506
26,dropout,sd,8.0,min,2.402685427171012
26,dropout,sd,16.0,min,4.805370854342024
26,dropout,sd,32.0,min,9.610741708684047
26,dropout,sd,64.0,min,19.221483417368095
26,dropout,sd,128.0,min,38.44296683473619
26,noise,mad,0.25,min,0.3402883013054606
26,noise,mad,0.5,min,0.6805766026109212
26,noise,mad,1.0,min,1.3611532052218425
26,noise,mad,2.0,min,2.722306410443685
26,noise,mad,4.0,min,5.44461282088737
26,noise,mad,8.0,min,10.88922564177474
26,noise,mad,16.0,min,21.77845128354948
26,noise,mad,32.0,min,43.55690256709896
26,noise,mad,64.0,min,87.11380513419792
26,noise,mad,128.0,min,174.22761026839584
26,noise,sd,0.25,min,0.025736164377951093
26,noise,sd,0.5,min,0.051472328755902186
26,noise,sd,1.0,min,0.10294465751180437
26,noise,sd,2.0,min,0.20588931502360874
26,noise,sd,4.0,min,0.4117786300472175
26,noise,sd,8.0,min,0.823557260094435
26,noise,sd,16.0,min,1.64711452018887
26,noise,sd,32.0,min,3.29422904037774
26,noise,sd,64.0,min,6.58845808075548
26,noise,sd,128.0,min,13.17691616151096
26,random,mad,0.25,min,0.45821260570656597
26,random,mad,0.5,min,0.9164252114131319
26,random,mad,1.0,min,1.8328504228262639
26,random,mad,2.0,min,3.6657008456525277
26,random,mad,4.0,min,7.3314016913050555
26,random,mad,8.0,min,14.662803382610111
26,random,mad,16.0,min,29.325606765220222
26,random,mad,32.0,min,58.651213530440444
26,random,mad,64.0,min,117.30242706088089
26,random,mad,128.0,min,234.60485412176178
26,random,sd,0.25,min,0.06051984958381793
26,random,sd,0.5,min,0.12103969916763586
26,random,sd,1.0,min,0.24207939833527173
26,random,sd,2.0,min,0.48415879667054346
26,random,sd,4.0,min,0.9683175933410869
26,random,sd,8.0,min,1.9366351866821738
26,random,sd,16.0,min,3.8732703733643477
26,random,sd,32.0,min,7.746540746728695
26,random,sd,64.0,min,15.49308149345739
26,random,sd,128.0,min,30.98616298691478
27,concept,mad,0.25,min,0.10683739928635526
27,concept,mad,0.5,min,0.21367479857271052
27,concept,mad,1.0,min,0.42734959714542103
27,concept,mad,2.0,min,0.8546991942908421
27,concept,mad,4.0,min,1.7093983885816841
27,concept,mad,8.0,min,3.4187967771633683
27,concept,mad,16.0,min,6.8375935543267365
27,concept,mad,32.0,min,13.675187108653473
27,concept,mad,64.0,min,27.350374217306946
27,concept,mad,128.0,min,54.70074843461389
27,concept,sd,0.25,min,0.0033072971779742255
27,concept,sd,0.5,min,0.006614594355948451
27,concept,sd,1.0,min,0.013229188711896902
27,concept,sd,2.0,min,0.026458377423793804
27,concept,sd,4.0,min,0.05291675484758761
27,concept,sd,8.0,min,0.10583350969517522
27,concept,sd,16.0,min,0.21166701939035043
27,concept,sd,32.0,min,0.42333403878070086
27,concept,sd,64.0,min,0.8466680775614017
27,concept,sd,128.0,min,1.6933361551228034
27,dropout,mad,0.25,min,0.488999634737908
27,dropout,mad,0.5,min,0.977999269475816
27,dropout,mad,1.0,min,1.955998538951632
27,dropout,mad,2.0,min,3.911997077903264
27,dropout,mad,4.0,min,7.823994155806528
27,dropout,mad,8.0,min,15.647988311613055
27,dropout,mad,16.0,min,31.29597662322611
27,dropout,mad,32.0,min,62.59195324645222
27,dropout,mad,64.0,min,125.18390649290444
27,dropout,mad,128.0,min,250.36781298580888
27,dropout,sd,0.25,min,0.10488812217804636
27,dropout,sd,0.5,min,0.2097762443560927
27,dropout,sd,1.0,min,0.4195524887121854
27,dropout,sd,2.0,min,0.8391049774243708
27,dropout,sd,4.0,min,1.6782099548487417
27,dropout,sd,8.0,min,3.3564199096974834
27,dropout,sd,16.0,min,6.712839819394967
27,dropout,sd,32.0,min,13.425679638789934
27,dropout,sd,64.0,min,26.851359277579867
27,dropout,sd,128.0,min,53.702718555159734
27,noise,mad,0.25,min,0.3278103724868534
27,noise,mad,0.5,min,0.6556207449737068
27,noise,mad,1.0,min,1.3112414899474136
27,noise,mad,2.0,min,2.6224829798948273
27,noise,mad,4.0,min,5.2449659597896545
27,noise,mad,8.0,min,10.489931919579309
27,noise,mad,16.0,min,20.979863839158618
27,noise,mad,32.0,min,41.959727678317236
27,noise,mad,64.0,min,83.91945535663447
27,noise,mad,128.0,min,167.83891071326894
27,noise,sd,0.25,min,0.02429978365778056
27,noise,sd,0.5,min,0.04859956731556112
27,noise,sd,1.0,min,0.09719913463112224
27,noise,sd,2.0,min,0.1943982692622445
27,noise,sd,4.0,min,0.388796538524489
27,noise,sd,8.0,min,0.777593077048978
27,noise,sd,16.0,min,1.555186154097956
27,noise,sd,32.0,min,3.110372308195912
27,noise,sd,64.0,min,6.220744616391824
27,noise,sd,128.0,min,12.441489232783647
27,random,mad,0.25,min,0.48929925846190714
27,random,mad,0.5,min,0.9785985169238143
27,random,mad,1.0,min,1.9571970338476286
27,random,mad,2.0,min,3.914394067695257
27,random,mad,4.0,min,7.828788135390514
27,random,mad,8.0,min,15.657576270781028
27,random,mad,16.0,min,31.315152541562057
27,random,mad,32.0,min,62.630305083124114
27,random,mad,64.0,min,125.26061016624823
27,random,mad,128.0,min,250.52122033249645
27,random,sd,0.25,min,0.06723919067959575
27,random,sd,0.5,min,0.1344783813591915
27,random,sd,1.0,min,0.268956762718383
27,random,sd,2.0,min,0.537913525436766
27,random,sd,4.0,min,1.075827050873532
27,random,sd,8.0,min,2.151654101747064
27,random,sd,16.0,min,4.303308203494128
27,random,sd,32.0,min,8.606616406988255
27,random,sd,64.0,min,17.21323281397651
27,random,sd,128.0,min,34.42646562795302
28,concept,mad,0.25,min,0.10761516419458002
28,concept,mad,0.5,min,0.21523032838916004
28,concept,mad,1.0,min,0.43046065677832007
28,concept,mad,2.0,min,0.8609213135566401
28,concept,mad,4.0,min,1.7218426271132803
28,concept,mad,8.0,min,3.4436852542265606
28,concept,mad,16.0,min,6.887370508453121
28,concept,mad,32.0,min,13.774741016906242
28,concept,mad,64.0,min,27.549482033812485
28,concept,mad,128.0,min,55.09896406762497
28,concept,sd,0.25,min,0.0035154096228256454
28,concept,sd,0.5,min,0.007030819245651291
28,concept,sd,1.0,min,0.014061638491302582
28,concept,sd,2.0,min,0.028123276982605163
28,concept,sd,4.0,min,0.056246553965210326
28,concept,sd,8.0,min,0.11249310793042065
28,concept,sd,16.0,min,0.2249862158608413
28,concept,sd,32.0,min,0.4499724317216826
28,concept,sd,64.0,min,0.8999448634433652
28,concept,sd,128.0,min,1.7998897268867304
28,dropout,mad,0.25,min,0.45495515949114623
28,dropout,mad,0.5,min,0.9099103189822925
28,dropout,mad,1.0,min,1.819820637964585
28,dropout,mad,2.0,min,3.63964127592917
28,dropout,mad,4.0,min,7.27928255185834
28,dropout,mad,8.0,min,14.55856510371668
28,dropout,mad,16.0,min,29.11713020743336
28,dropout,mad,32.0,min,58.23426041486672
28,dropout,mad,64.0,min,116.46852082973344
28,dropout,mad,128.0,min,232.93704165946687
28,dropout,sd,0.25,min,0.18308260496100962
28,dropout,sd,0.5,min,0.36616520992201923
28,dropout,sd,1.0,min,0.7323304198440385
28,dropout,sd,2.0,min,1.464660839688077
28,dropout,sd,4.0,min,2.929321679376154
28,dropout,sd,8.0,min,5.858643358752308
28,dropout,sd,16.0,min,11.717286717504615
28,dropout,sd,32.0,min,23.43457343500923
28,dropout,sd,64.0,min,46.86914687001846
28,dropout,sd,128.0,min,93.73829374003692
28,noise,mad,0.25,min,0.284088738156093
28,noise,mad,0.5,min,0.568177476312186
28,noise,mad,1.0,min,1.136354952624372
28,noise,mad,2.0,min,2.272709905248744
28,noise,mad,4.0,min,4.545419810497488
28,noise,mad,8.0,min,9.090839620994975
28,noise,mad,16.0,min,18.18167924198995
28,noise,mad,32.0,min,36.3633584839799
28,noise,mad,64.0,min,72.7267169679598
28,noise,mad,128.0,min,145.4534339359196
28,noise,sd,0.25,min,0.025723697244585796
28,noise,sd,0.5,min,0.05144739448917159
28,noise,sd,1.0,min,0.10289478897834319
28,noise,sd,2.0,min,0.20578957795668637
28,noise,sd,4.0,min,0.41157915591337274
28,noise,sd,8.0,min,0.8231583118267455
28,noise,sd,16.0,min,1.646316623653491
28,noise,sd,32.0,min,3.292633247306982
28,noise,sd,64.0,min,6.585266494613964
28,noise,sd,128.0,min,13.170532989227928
28,random,mad,0.25,min,0.3886698617477785
28,random,mad,0.5,min,0.777339723495557
28,random,mad,1.0,min,1.554679446991114
28,random,mad,2.0,min,3.109358893982228
28,random,mad,4.0,min,6.218717787964456
28,random,mad,8.0,min,12.437435575928912
28,random,mad,16.0,min,24.874871151857825
28,random,mad,32.0,min,49.74974230371565
28,random,mad,64.0,min,99.4994846074313
28,random,mad,128.0,min,198.9989692148626
28,random,sd,0.25,min,0.0707703563694936
28,random,sd,0.5,min,0.1415407127389872
28,random,sd,1.0,min,0.2830814254779744
28,random,sd,2.0,min,0.5661628509559488
28,random,sd,4.0,min,1.1323257019118975
28,random,sd,8.0,min,2.264651403823795
28,random,sd,16.0,min,4.52930280764759
28,random,sd,32.0,min,9.05860561529518
28,random,sd,64.0,min,18.11721123059036
28,random,sd,128.0,min,36.23442246118072
29,concept,mad,0.25,min,0.1129842991808523
29,concept,mad,0.5,min,0.2259685983617046
29,concept,mad,1.0,min,0.4519371967234092
29,concept,mad,2.0,min,0.9038743934468184
29,concept,mad,4.0,min,1.8077487868936368
29,concept,mad,8.0,min,3.6154975737872737
29,concept,mad,16.0,min,7.230995147574547
29,concept,mad,32.0,min,14.461990295149095
29,concept,mad,64.0,min,28.92398059029819
29,concept,mad,128.0,min,57.84796118059638
29,concept,sd,0.25,min,0.003980137700113009
29,concept,sd,0.5,min,0.007960275400226018
29,concept,sd,1.0,min,0.015920550800452037
29,concept,sd,2.0,min,0.03184110160090407
29,concept,sd,4.0,min,0.06368220320180815
29,concept,sd,8.0,min,0.1273644064036163
29,concept,sd,16.0,min,0.2547288128072326
29,concept,sd,32.0,min,0.5094576256144652
29,concept,sd,64.0,min,1.0189152512289303
29,concept,sd,128.0,min,2.0378305024578607
29,dropout,mad,0.25,min,0.4146707222504581
29,dropout,mad,0.5,min,0.8293414445009162
29,dropout,mad,1.0,min,1.6586828890018324
29,dropout,mad,2.0,min,3.3173657780036647
29,dropout,mad,4.0,min,6.6347315560073294
29,dropout,mad,8.0,min,13.269463112014659
29,dropout,mad,16.0,min,26.538926224029318
29,dropout,mad,32.0,min,53.077852448058636
29,dropout,mad,64.0,min,106.15570489611727
29,dropout,mad,128.0,min,212.31140979223454
29,dropout,sd,0.25,min,0.06821495158172793
29,dropout,sd,0.5,min,0.13642990316345585
29,dropout,sd,1.0,min,0.2728598063269117
29,dropout,sd,2.0,min,0.5457196126538234
29,dropout,sd,4.0,min,1.0914392253076468
29,dropout,sd,8.0,min,2.1828784506152936
29,dropout,sd,16.0,min,4.365756901230587
29,dropout,sd,32.0,min,8.731513802461174
29,dropout,sd,64.0,min,17.46302760492235
29,dropout,sd,128.0,min,34.9260552098447
29,noise,mad,0.25,min,0.23371001664455618
29,noise,mad,0.5,min,0.46742003328911236
29,noise,mad,1.0,min,0.9348400665782247
29,noise,mad,2.0,min,1.8696801331564494
29,noise,mad,4.0,min,3.739360266312899
29,noise,mad,8.0,min,7.478720532625798
29,noise,mad,16.0,min,14.957441065251595
29,noise,mad,32.0,min,29.91488213050319
29,noise,mad,64.0,min,59.82976426100638
29,noise,mad,128.0,min,119.65952852201276
29,noise,sd,0.25,min,0.019605399037292776
29,noise,sd,0.5,min,0.03921079807458555
29,noise,sd,1.0,min,0.0784215961491711
29,noise,sd,2.0,min,0.1568431922983422
29,noise,sd,4.0,min,0.3136863845966844
29,noise,sd,8.0,min,0.6273727691933688
29,noise,sd,16.0,min,1.2547455383867376
29,noise,sd,32.0,min,2.5094910767734753
29,noise,sd,64.0,min,5.0189821535469505
29,noise,sd,128.0,min,10.037964307093901
29,random,mad,0.25,min,0.3626325405284729
29,random,mad,0.5,min,0.7252650810569458
29,random,mad,1.0,min,1.4505301621138915
29,random,mad,2.0,min,2.901060324227783
29,random,mad,4.0,min,5.802120648455566
29,random,mad,8.0,min,11.604241296911132
29,random,mad,16.0,min,23.208482593822264
29,random,mad,32.0,min,46.41696518764453
29,random,mad,64.0,min,92.83393037528906
29,random,mad,128.0,min,185.66786075057811
29,random,sd,0.25,min,0.03861992076680045
29,random,sd,0.5,min,0.0772398415336009
29,random,sd,1.0,min,0.1544796830672018
29,random,sd,2.0,min,0.3089593661344036
29,random,sd,4.0,min,0.6179187322688072
29,random,sd,8.0,min,1.2358374645376144
29,random,sd,16.0,min,2.471674929075229
29,random,sd,32.0,min,4.943349858150458
29,random,sd,64.0,min,9.886699716300916
29,random,sd,128.0,min,19.77339943260183
30,concept,mad,0.25,min,0.08978172527613233
30,concept,mad,0.5,min,0.17956345055226466
30,concept,mad,1.0,min,0.35912690110452933
30,concept,mad,2.0,min,0.7182538022090587
30,concept,mad,4.0,min,1.4365076044181173
30,concept,mad,8.0,min,2.8730152088362346
30,concept,mad,16.0,min,5.746030417672469
30,concept,mad,32.0,min,11.492060835344938
30,concept,mad,64.0,min,22.984121670689877
30,concept,mad,128.0,min,45.968243341379754
30,concept,sd,0.25,min,0.004824848800250702
30,concept,sd,0.5,min,0.009649697600501404
30,concept,sd,1.0,min,0.01929939520100281
30,concept,sd,2.0,min,0.03859879040200562
30,concept,sd,4.0,min,0.07719758080401123
30,concept,sd,8.0,min,0.15439516160802247
30,concept,sd,16.0,min,0.30879032321604494
30,concept,sd,32.0,min,0.6175806464320899
30,concept,sd,64.0,min,1.2351612928641797
30,concept,sd,128.0,min,2.4703225857283595
30,dropout,mad,0.25,min,0.3540769147139204
30,dropout,mad,0.5,min,0.7081538294278408
30,dropout,mad,1.0,min,1.4163076588556816
30,dropout,mad,2.0,min,2.832615317711363
30,dropout,mad,4.0,min,5.665230635422726
30,dropout,mad,8.0,min,11.330461270845452
30,dropout,mad,16.0,min,22.660922541690905
30,dropout,mad,32.0,min,45.32184508338181
30,dropout,mad,64.0,min,90.64369016676362
30,dropout,mad,128.0,min,181.28738033352724
30,dropout,sd,0.25,min,0.07653889247532007
30,dropout,sd,0.5,min,0.15307778495064014
30,dropout,sd,1.0,min,0.3061555699012803
30,dropout,sd,2.0,min,0.6123111398025606
30,dropout,sd,4.0,min,1.2246222796051212
30,dropout,sd,8.0,min,2.4492445592102423
30,dropout,sd,16.0,min,4.898489118420485
30,dropout,sd,32.0,min,9.79697823684097
30,dropout,sd,64.0,min,19.59395647368194
30,dropout,sd,128.0,min,39.18791294736388
30,noise,mad,0.25,min,0.21931573031820226
30,noise,mad,0.5,min,0.4386314606364045
30,noise,mad,1.0,min,0.877262921272809
30,noise,mad,2.0,min,1.754525842545618
30,noise,mad,4.0,min,3.509051685091236
30,noise,mad,8.0,min,7.018103370182472
30,noise,mad,16.0,min,14.036206740364944
30,noise,mad,32.0,min,28.07241348072989
30,noise,mad,64.0,min,56.14482696145978
30,noise,mad,128.0,min,112.28965392291956
30,noise,sd,0.25,min,0.022026250111238592
30,noise,sd,0.5,min,0.044052500222477184
30,noise,sd,1.0,min,0.08810500044495437
30,noise,sd,2.0,min,0.17621000088990874
30,noise,sd,4.0,min,0.35242000177981747
30,noise,sd,8.0,min,0.7048400035596349
30,noise,sd,16.0,min,1.4096800071192699
30,noise,sd,32.0,min,2.8193600142385398
30,noise,sd,64.0,min,5.6387200284770795
30,noise,sd,128.0,min,11.277440056954159
30,random,mad,0.25,min,0.3342658357579321
30,random,mad,0.5,min,0.6685316715158642
30,random,mad,1.0,min,1.3370633430317285
30,random,mad,2.0,min,2.674126686063457
30,random,mad,4.0,min,5.348253372126914
30,random,mad,8.0,min,10.696506744253828
30,random,mad,16.0,min,21.393013488507655
30,random,mad,32.0,min,42.78602697701531
30,random,mad,64.0,min,85.57205395403062
30,random,mad,128.0,min,171.14410790806124
30,random,sd,0.25,min,0.08531382958669269
30,random,sd,0.5,min,0.17062765917338538
30,random,sd,1.0,min,0.34125531834677075
30,random,sd,2.0,min,0.6825106366935415
30,random,sd,4.0,min,1.365021273387083
30,random,sd,8.0,min,2.730042546774166
30,random,sd,16.0,min,5.460085093548332
30,random,sd,32.0,min,10.920170187096664
30,random,sd,64.0,min,21.840340374193328
30,random,sd,128.0,min,43.680680748386656
0,concept,mad,0.25,median,0.8954212660378698
0,concept,mad,0.5,median,1.7908425320757395
0,concept,mad,1.0,median,3.581685064151479
0,concept,mad,2.0,median,7.163370128302958
0,concept,mad,4.0,median,14.326740256605916
0,concept,mad,8.0,median,28.653480513211832
0,concept,mad,16.0,median,57.306961026423664
0,concept,mad,32.0,median,114.61392205284733
0,concept,mad,64.0,median,229.22784410569466
0,concept,mad,128.0,median,458.4556882113893
0,concept,sd,0.25,median,0.2149534610023695
0,concept,sd,0.5,median,0.429906922004739
0,concept,sd,1.0,median,0.859813844009478
0,concept,sd,2.0,median,1.719627688018956
0,concept,sd,4.0,median,3.439255376037912
0,concept,sd,8.0,median,6.878510752075824
0,concept,sd,16.0,median,13.757021504151648
0,concept,sd,32.0,median,27.514043008303297
0,concept,sd,64.0,median,55.02808601660659
0,concept,sd,128.0,median,110.05617203321319
0,dropout,mad,0.25,median,10.983710635673965
0,dropout,mad,0.5,median,21.96742127134793
0,dropout,mad,1.0,median,43.93484254269586
0,dropout,mad,2.0,median,87.86968508539172
0,dropout,mad,4.0,median,175.73937017078345
0,dropout,mad,8.0,median,351.4787403415669
0,dropout,mad,16.0,median,702.9574806831338
0,dropout,mad,32.0,median,1405.9149613662676
0,dropout,mad,64.0,median,2811.829922732535
0,dropout,mad,128.0,median,5623.65984546507
0,dropout,sd,0.25,median,7.491718886862399
0,dropout,sd,0.5,median,14.983437773724798
0,dropout,sd,1.0,median,29.966875547449597
0,dropout,sd,2.0,median,59.93375109489919
0,dropout,sd,4.0,median,119.86750218979839
0,dropout,sd,8.0,median,239.73500437959677
0,dropout,sd,16.0,median,479.47000875919355
0,dropout,sd,32.0,median,958.9400175183871
0,dropout,sd,64.0,median,1917.8800350367742
0,dropout,sd,128.0,median,3835.7600700735484
0,noise,mad,0.25,median,10.249178759961938
0,noise,mad,0.5,median,20.498357519923875
0,noise,mad,1.0,median,40.99671503984775
0,noise,mad,2.0,median,81.9934300796955
0,noise,mad,4.0,median,163.986860159391
0,noise,mad,8.0,median,327.973720318782
0,noise,mad,16.0,median,655.947440637564
0,noise,mad,32.0,median,1311.894881275128
0,noise,mad,64.0,median,2623.789762550256
0,noise,mad,128.0,median,5247.579525100512
0,noise,sd,0.25,median,6.459048721019945
0,noise,sd,0.5,median,12.91809744203989
0,noise,sd,1.0,median,25.83619488407978
0,noise,sd,2.0,median,51.67238976815956
0,noise,sd,4.0,median,103.34477953631912
0,noise,sd,8.0,median,206.68955907263825
0,noise,sd,16.0,median,413.3791181452765
0,noise,sd,32.0,median,826.758236290553
0,noise,sd,64.0,median,1653.516472581106
0,noise,sd,128.0,median,3307.032945162212
0,random,mad,0.25,median,11.413152083449669
0,random,mad,0.5,median,22.826304166899337
0,random,mad,1.0,median,45.652608333798675
0,random,mad,2.0,median,91.30521666759735
0,random,mad,4.0,median,182.6104333351947
0,random,mad,8.0,median,365.2208666703894
0,random,mad,16.0,median,730.4417333407788
0,random,mad,32.0,median,1460.8834666815576
0,random,mad,64.0,median,2921.766933363115
0,random,mad,128.0,median,5843.53386672623
0,random,sd,0.25,median,5.734641924423465
0,random,sd,0.5,median,11.46928384884693
0,random,sd,1.0,median,22.93856769769386
0,random,sd,2.0,median,45.87713539538772
0,random,sd,4.0,median,91.75427079077544
0,random,sd,8.0,median,183.50854158155087
0,random,sd,16.0,median,367.01708316310174
0,random,sd,32.0,median,734.0341663262035
0,random,sd,64.0,median,1468.068332652407
0,random,sd,128.0,median,2936.136665304814
1,concept,mad,0.25,median,3.241236213609849
1,concept,mad,0.5,median,6.482472427219698
1,concept,mad,1.0,median,12.964944854439397
1,concept,mad,2.0,median,25.929889708878793
1,concept,mad,4.0,median,51.859779417757586
1,concept,mad,8.0,median,103.71955883551517
1,concept,mad,16.0,median,207.43911767103035
1,concept,mad,32.0,median,414.8782353420607
1,concept,mad,64.0,median,829.7564706841214
1,concept,mad,128.0,median,1659.5129413682428
1,concept,sd,0.25,median,0.0014106042021686856
1,concept,sd,0.5,median,0.0028212084043373713
1,concept,sd,1.0,median,0.0056424168086747425
1,concept,sd,2.0,median,0.011284833617349485
1,concept,sd,4.0,median,0.02256966723469897
1,concept,sd,8.0,median,0.04513933446939794
1,concept,sd,16.0,median,0.09027866893879588
1,concept,sd,32.0,median,0.18055733787759176
1,concept,sd,64.0,median,0.3611146757551835
1,concept,sd,128.0,median,0.722229351510367
1,dropout,mad,0.25,median,8.71384040120694
1,dropout,mad,0.5,median,17.42768080241388
1,dropout,mad,1.0,median,34.85536160482776
1,dropout,mad,2.0,median,69.71072320965553
1,dropout,mad,4.0,median,139.42144641931105
1,dropout,mad,8.0,median,278.8428928386221
1,dropout,mad,16.0,median,557.6857856772442
1,dropout,mad,32.0,median,1115.3715713544884
1,dropout,mad,64.0,median,2230.743142708977
1,dropout,mad,128.0,median,4461.486285417954
1,dropout,sd,0.25,median,0.17239444903886983
1,dropout,sd,0.5,median,0.34478889807773966
1,dropout,sd,1.0,median,0.6895777961554793
1,dropout,sd,2.0,median,1.3791555923109586
1,dropout,sd,4.0,median,2.7583111846219173
1,dropout,sd,8.0,median,5.5166223692438345
1,dropout,sd,16.0,median,11.033244738487669
1,dropout,sd,32.0,median,22.066489476975338
1,dropout,sd,64.0,median,44.132978953950676
1,dropout,sd,128.0,median,88.26595790790135
1,noise,mad,0.25,median,8.872980240425452
1,noise,mad,0.5,median,17.745960480850904
1,noise,mad,1.0,median,35.49192096170181
1,noise,mad,2.0,median,70.98384192340362
1,noise,mad,4.0,median,141.96768384680723
1,noise,mad,8.0,median,283.93536769361447
1,noise,mad,16.0,median,567.8707353872289
1,noise,mad,32.0,median,1135.7414707744579
1,noise,mad,64.0,median,2271.4829415489157
1,noise,mad,128.0,median,4542.9658830978315
1,noise,sd,0.25,median,0.11771719968338842
1,noise,sd,0.5,median,0.23543439936677685
1,noise,sd,1.0,median,0.4708687987335537
1,noise,sd,2.0,median,0.9417375974671074
1,noise,sd,4.0,median,1.8834751949342148
1,noise,sd,8.0,median,3.7669503898684296
1,noise,sd,16.0,median,7.533900779736859
1,noise,sd,32.0,median,15.067801559473718
1,noise,sd,64.0,median,30.135603118947436
1,noise,sd,128.0,median,60.27120623789487
1,random,mad,0.25,median,8.57328867862498
1,random,mad,0.5,median,17.14657735724996
1,random,mad,1.0,median,34.29315471449992
1,random,mad,2.0,median,68.58630942899984
1,random,mad,4.0,median,137.17261885799968
1,random,mad,8.0,median,274.34523771599936
1,random,mad,16.0,median,548.6904754319987
1,random,mad,32.0,median,1097.3809508639974
1,random,mad,64.0,median,2194.761901727995
1,random,mad,128.0,median,4389.52380345599
1,random,sd,0.25,median,0.13995600354936624
1,random,sd,0.5,median,0.2799120070987325
1,random,sd,1.0,median,0.559824014197465
1,random,sd,2.0,median,1.11964802839493
1,random,sd,4.0,median,2.23929605678986
1,random,sd,8.0,median,4.47859211357972
1,random,sd,16.0,median,8.95718422715944
1,random,sd,32.0,median,17.91436845431888
1,random,sd,64.0,median,35.82873690863776
1,random,sd,128.0,median,71.65747381727552
2,concept,mad,0.25,median,2.998477223546142
2,concept,mad,0.5,median,5.996954447092284
2,concept,mad,1.0,median,11.993908894184568
2,concept,mad,2.0,median,23.987817788369135
2,concept,mad,4.0,median,47.97563557673827
2,concept,mad,8.0,median,95.95127115347654
2,concept,mad,16.0,median,191.90254230695308
2,concept,mad,32.0,median,383.80508461390616
2,concept,mad,64.0,median,767.6101692278123
2,concept,mad,128.0,median,1535.2203384556246
2,concept,sd,0.25,median,0.0015202911085698129
2,concept,sd,0.5,median,0.0030405822171396257
2,concept,sd,1.0,median,0.0060811644342792515
2,concept,sd,2.0,median,0.012162328868558503
2,concept,sd,4.0,median,0.024324657737117006
2,concept,sd,8.0,median,0.04864931547423401
2,concept,sd,16.0,median,0.09729863094846802
2,concept,sd,32.0,median,0.19459726189693605
2,concept,sd,64.0,median,0.3891945237938721
2,concept,sd,128.0,median,0.7783890475877442
2,dropout,mad,0.25,median,6.497567384034929
2,dropout,mad,0.5,median,12.995134768069859
2,dropout,mad,1.0,median,25.990269536139717
2,dropout,mad,2.0,median,51.980539072279434
2,dropout,mad,4.0,median,103.96107814455887
2,dropout,mad,8.0,median,207.92215628911774
2,dropout,mad,16.0,median,415.8443125782355
2,dropout,mad,32.0,median,831.688625156471
2,dropout,mad,64.0,median,1663.377250312942
2,dropout,mad,128.0,median,3326.754500625884
2,dropout,sd,0.25,median,0.13372664345210605
2,dropout,sd,0.5,median,0.2674532869042121
2,dropout,sd,1.0,median,0.5349065738084242
2,dropout,sd,2.0,median,1.0698131476168484
2,dropout,sd,4.0,median,2.139626295233697
2,dropout,sd,8.0,median,4.279252590467394
2,dropout,sd,16.0,median,8.558505180934787
2,dropout,sd,32.0,median,17.117010361869575
2,dropout,sd,64.0,median,34.23402072373915
2,dropout,sd,128.0,median,68.4680414474783
2,noise,mad,0.25,median,6.367559468231827
2,noise,mad,0.5,median,12.735118936463653
2,noise,mad,1.0,median,25.470237872927306
2,noise,mad,2.0,median,50.94047574585461
2,noise,mad,4.0,median,101.88095149170923
2,noise,mad,8.0,median,203.76190298341845
2,noise,mad,16.0,median,407.5238059668369
2,noise,mad,32.0,median,815.0476119336738
2,noise,mad,64.0,median,1630.0952238673476
2,noise,mad,128.0,median,3260.190447734695
2,noise,sd,0.25,median,0.123624873197164
2,noise,sd,0.5,median,0.247249746394328
2,noise,sd,1.0,median,0.494499492788656
2,noise,sd,2.0,median,0.988998985577312
2,noise,sd,4.0,median,1.977997971154624
2,noise,sd,8.0,median,3.955995942309248
2,noise,sd,16.0,median,7.911991884618496
2,noise,sd,32.0,median,15.823983769236992
2,noise,sd,64.0,median,31.647967538473985
2,noise,sd,128.0,median,63.29593507694797
2,random,mad,0.25,median,6.4862170113683
2,random,mad,0.5,median,12.9724340227366
2,random,mad,1.0,median,25.9448680454732
2,random,mad,2.0,median,51.8897360909464
2,random,mad,4.0,median,103.7794721818928
2,random,mad,8.0,median,207.5589443637856
2,random,mad,16.0,median,415.1178887275712
2,random,mad,32.0,median,830.2357774551424
2,random,mad,64.0,median,1660.4715549102848
2,random,mad,128.0,median,3320.9431098205696
2,random,sd,0.25,median,0.07498513758905581
2,random,sd,0.5,median,0.14997027517811162
2,random,sd,1.0,median,0.29994055035622325
2,random,sd,2.0,median,0.5998811007124465
2,random,sd,4.0,median,1.199762201424893
2,random,sd,8.0,median,2.399524402849786
2,random,sd,16.0,median,4.799048805699572
2,random,sd,32.0,median,9.598097611399144
2,random,sd,64.0,median,19.196195222798288
2,random,sd,128.0,median,38.392390445596575
3,concept,mad,0.25,median,2.400274869051565
3,concept,mad,0.5,median,4.80054973810313
3,concept,mad,1.0,median,9.60109947620626
3,concept,mad,2.0,median,19.20219895241252
3,concept,mad,4.0,median,38.40439790482504
3,concept,mad,8.0,median,76.80879580965008
3,concept,mad,16.0,median,153.61759161930016
3,concept,mad,32.0,median,307.2351832386003
3,concept,mad,64.0,median,614.4703664772006
3,concept,mad,128.0,median,1228.9407329544013
3,concept,sd,0.25,median,0.0014975654272615464
3,concept,sd,0.5,median,0.002995130854523093
3,concept,sd,1.0,median,0.005990261709046186
3,concept,sd,2.0,median,0.011980523418092371
3,concept,sd,4.0,median,0.023961046836184743
3,concept,sd,8.0,median,0.047922093672369485
3,concept,sd,16.0,median,0.09584418734473897
3,concept,sd,32.0,median,0.19168837468947794
3,concept,sd,64.0,median,0.3833767493789559
3,concept,sd,128.0,median,0.7667534987579118
3,dropout,mad,0.25,median,4.430051874382357
3,dropout,mad,0.5,median,8.860103748764715
3,dropout,mad,1.0,median,17.72020749752943
3,dropout,mad,2.0,median,35.44041499505886
3,dropout,mad,4.0,median,70.88082999011772
3,dropout,mad,8.0,median,141.76165998023544
3,dropout,mad,16.0,median,283.5233199604709
3,dropout,mad,32.0,median,567.0466399209417
3,dropout,mad,64.0,median,1134.0932798418835
3,dropout,mad,128.0,median,2268.186559683767
3,dropout,sd,0.25,median,0.07490271508033673
3,dropout,sd,0.5,median,0.14980543016067346
3,dropout,sd,1.0,median,0.29961086032134693
3,dropout,sd,2.0,median,0.5992217206426939
3,dropout,sd,4.0,median,1.1984434412853877
3,dropout,sd,8.0,median,2.3968868825707754
3,dropout,sd,16.0,median,4.793773765141551
3,dropout,sd,32.0,median,9.587547530283102
3,dropout,sd,64.0,median,19.175095060566203
3,dropout,sd,128.0,median,38.35019012113241
3,noise,mad,0.25,median,4.542339744236584
3,noise,mad,0.5,median,9.084679488473167
3,noise,mad,1.0,median,18.169358976946334
3,noise,mad,2.0,median,36.33871795389267
3,noise,mad,4.0,median,72.67743590778534
3,noise,mad,8.0,median,145.35487181557068
3,noise,mad,16.0,median,290.70974363114135
3,noise,mad,32.0,median,581.4194872622827
3,noise,mad,64.0,median,1162.8389745245654
3,noise,mad,128.0,median,2325.677949049131
3,noise,sd,0.25,median,0.11903640218580967
3,noise,sd,0.5,median,0.23807280437161935
3,noise,sd,1.0,median,0.4761456087432387
3,noise,sd,2.0,median,0.9522912174864774
3,noise,sd,4.0,median,1.9045824349729548
3,noise,sd,8.0,median,3.8091648699459095
3,noise,sd,16.0,median,7.618329739891819
3,noise,sd,32.0,median,15.236659479783638
3,noise,sd,64.0,median,30.473318959567276
3,noise,sd,128.0,median,60.94663791913455
3,random,mad,0.25,median,4.450778424616356
3,random,mad,0.5,median,8.901556849232712
3,random,mad,1.0,median,17.803113698465424
3,random,mad,2.0,median,35.60622739693085
3,random,mad,4.0,median,71.2124547938617
3,random,mad,8.0,median,142.4249095877234
3,random,mad,16.0,median,284.8498191754468
3,random,mad,32.0,median,569.6996383508936
3,random,mad,64.0,median,1139.3992767017871
3,random,mad,128.0,median,2278.7985534035743
3,random,sd,0.25,median,0.052647278452810024
3,random,sd,0.5,median,0.10529455690562005
3,random,sd,1.0,median,0.2105891138112401
3,random,sd,2.0,median,0.4211782276224802
3,random,sd,4.0,median,0.8423564552449604
3,random,sd,8.0,median,1.6847129104899208
3,random,sd,16.0,median,3.3694258209798416
3,random,sd,32.0,median,6.738851641959683
3,random,sd,64.0,median,13.477703283919366
3,random,sd,128.0,median,26.955406567838732
4,concept,mad,0.25,median,2.072987793974988
4,concept,mad,0.5,median,4.145975587949976
4,concept,mad,1.0,median,8.291951175899952
4,concept,mad,2.0,median,16.583902351799903
4,concept,mad,4.0,median,33.167804703599806
4,concept,mad,8.0,median,66.33560940719961
4,concept,mad,16.0,median,132.67121881439923
4,concept,mad,32.0,median,265.34243762879845
4,concept,mad,64.0,median,530.6848752575969
4,concept,mad,128.0,median,1061.3697505151938
4,concept,sd,0.25,median,0.001968897653186488
4,concept,sd,0.5,median,0.003937795306372976
4,concept,sd,1.0,median,0.007875590612745951
4,concept,sd,2.0,median,0.015751181225491902
4,concept,sd,4.0,median,0.031502362450983805
4,concept,sd,8.0,median,0.06300472490196761
4,concept,sd,16.0,median,0.12600944980393522
4,concept,sd,32.0,median,0.25201889960787044
4,concept,sd,64.0,median,0.5040377992157409
4,concept,sd,128.0,median,1.0080755984314818
4,dropout,mad,0.25,median,3.557221492678719
4,dropout,mad,0.5,median,7.114442985357438
4,dropout,mad,1.0,median,14.228885970714876
4,dropout,mad,2.0,median,28.45777194142975
4,dropout,mad,4.0,median,56.9155438828595
4,dropout,mad,8.0,median,113.831087765719
4,dropout,mad,16.0,median,227.662175531438
4,dropout,mad,32.0,median,455.324351062876
4,dropout,mad,64.0,median,910.648702125752
4,dropout,mad,128.0,median,1821.297404251504
4,dropout,sd,0.25,median,0.12200772271263306
4,dropout,sd,0.5,median,0.24401544542526613
4,dropout,sd,1.0,median,0.48803089085053225
4,dropout,sd,2.0,median,0.9760617817010645
4,dropout,sd,4.0,median,1.952123563402129
4,dropout,sd,8.0,median,3.904247126804258
4,dropout,sd,16.0,median,7.808494253608516
4,dropout,sd,32.0,median,15.616988507217032
4,dropout,sd,64.0,median,31.233977014434064
4,dropout,sd,128.0,median,62.46795402886813
4,noise,mad,0.25,median,3.5338616500244244
4,noise,mad,0.5,median,7.067723300048849
4,noise,mad,1.0,median,14.135446600097698
4,noise,mad,2.0,median,28.270893200195395
4,noise,mad,4.0,median,56.54178640039079
4,noise,mad,8.0,median,113.08357280078158
4,noise,mad,16.0,median,226.16714560156316
4,noise,mad,32.0,median,452.3342912031263
4,noise,mad,64.0,median,904.6685824062527
4,noise,mad,128.0,median,1809.3371648125053
4,noise,sd,0.25,median,0.11779509257317013
4,noise,sd,0.5,median,0.23559018514634025
4,noise,sd,1.0,median,0.4711803702926805
4,noise,sd,2.0,median,0.942360740585361
4,noise,sd,4.0,median,1.884721481170722
4,noise,sd,8.0,median,3.769442962341444
4,noise,sd,16.0,median,7.538885924682888
4,noise,sd,32.0,median,15.077771849365776
4,noise,sd,64.0,median,30.155543698731552
4,noise,sd,128.0,median,60.311087397463105
4,random,mad,0.25,median,3.6249077810233614
4,random,mad,0.5,median,7.249815562046723
4,random,mad,1.0,median,14.499631124093446
4,random,mad,2.0,median,28.99926224818689
4,random,mad,4.0,median,57.99852449637378
4,random,mad,8.0,median,115.99704899274757
4,random,mad,16.0,median,231.99409798549513
4,random,mad,32.0,median,463.98819597099026
4,random,mad,64.0,median,927.9763919419805
4,random,mad,128.0,median,1855.952783883961
4,random,sd,0.25,median,0.19988854594692912
4,random,sd,0.5,median,0.39977709189385824
4,random,sd,1.0,median,0.7995541837877165
4,random,sd,2.0,median,1.599108367575433
4,random,sd,4.0,median,3.198216735150866
4,random,sd,8.0,median,6.396433470301732
4,random,sd,16.0,median,12.792866940603464
4,random,sd,32.0,median,25.585733881206927
4,random,sd,64.0,median,51.171467762413855
4,random,sd,128.0,median,102.34293552482771
5,concept,mad,0.25,median,1.6325600352667764
5,concept,mad,0.5,median,3.265120070533553
5,concept,mad,1.0,median,6.530240141067106
5,concept,mad,2.0,median,13.060480282134211
5,concept,mad,4.0,median,26.120960564268422
5,concept,mad,8.0,median,52.241921128536845
5,concept,mad,16.0,median,104.48384225707369
5,concept,mad,32.0,median,208.96768451414738
5,concept,mad,64.0,median,417.93536902829476
5,concept,mad,128.0,median,835.8707380565895
5,concept,sd,0.25,median,0.0019362814053982959
5,concept,sd,0.5,median,0.0038725628107965917
5,concept,sd,1.0,median,0.0077451256215931834
5,concept,sd,2.0,median,0.015490251243186367
5,concept,sd,4.0,median,0.030980502486372734
5,concept,sd,8.0,median,0.06196100497274547
5,concept,sd,16.0,median,0.12392200994549094
5,concept,sd,32.0,median,0.24784401989098187
5,concept,sd,64.0,median,0.49568803978196374
5,concept,sd,128.0,median,0.9913760795639275
5,dropout,mad,0.25,median,2.9571679800272013
5,dropout,mad,0.5,median,5.9143359600544025
5,dropout,mad,1.0,median,11.828671920108805
5,dropout,mad,2.0,median,23.65734384021761
5,dropout,mad,4.0,median,47.31468768043522
5,dropout,mad,8.0,median,94.62937536087044
5,dropout,mad,16.0,median,189.25875072174088
5,dropout,mad,32.0,median,378.51750144348176
5,dropout,mad,64.0,median,757.0350028869635
5,dropout,mad,128.0,median,1514.070005773927
5,dropout,sd,0.25,median,0.10893294276552802
5,dropout,sd,0.5,median,0.21786588553105604
5,dropout,sd,1.0,median,0.4357317710621121
5,dropout,sd,2.0,median,0.8714635421242242
5,dropout,sd,4.0,median,1.7429270842484483
5,dropout,sd,8.0,median,3.4858541684968967
5,dropout,sd,16.0,median,6.971708336993793
5,dropout,sd,32.0,median,13.943416673987587
5,dropout,sd,64.0,median,27.886833347975173
5,dropout,sd,128.0,median,55.77366669595035
5,noise,mad,0.25,median,3.022282307029493
5,noise,mad,0.5,median,6.044564614058986
5,noise,mad,1.0,median,12.089129228117972
5,noise,mad,2.0,median,24.178258456235945
5,noise,mad,4.0,median,48.35651691247189
5,noise,mad,8.0,median,96.71303382494378
5,noise,mad,16.0,median,193.42606764988756
5,noise,mad,32.0,median,386.8521352997751
5,noise,mad,64.0,median,773.7042705995502
5,noise,mad,128.0,median,1547.4085411991005
5,noise,sd,0.25,median,0.11486551678644154
5,noise,sd,0.5,median,0.22973103357288308
5,noise,sd,1.0,median,0.45946206714576615
5,noise,sd,2.0,median,0.9189241342915323
5,noise,sd,4.0,median,1.8378482685830646
5,noise,sd,8.0,median,3.675696537166129
5,noise,sd,16.0,median,7.351393074332258
5,noise,sd,32.0,median,14.702786148664517
5,noise,sd,64.0,median,29.405572297329034
5,noise,sd,128.0,median,58.81114459465807
5,random,mad,0.25,median,2.940056114065367
5,random,mad,0.5,median,5.880112228130734
5,random,mad,1.0,median,11.760224456261469
5,random,mad,2.0,median,23.520448912522937
5,random,mad,4.0,median,47.040897825045874
5,random,mad,8.0,median,94.08179565009175
5,random,mad,16.0,median,188.1635913001835
5,random,mad,32.0,median,376.327182600367
5,random,mad,64.0,median,752.654365200734
5,random,mad,128.0,median,1505.308730401468
5,random,sd,0.25,median,0.3667161182868958
5,random,sd,0.5,median,0.7334322365737916
5,random,sd,1.0,median,1.4668644731475833
5,random,sd,2.0,median,2.9337289462951666
5,random,sd,4.0,median,5.867457892590333
5,random,sd,8.0,median,11.734915785180666
5,random,sd,16.0,median,23.469831570361332
5,random,sd,32.0,median,46.939663140722665
5,random,sd,64.0,median,93.87932628144533
5,random,sd,128.0,median,187.75865256289066
6,concept,mad,0.25,median,1.439354890254388
6,concept,mad,0.5,median,2.878709780508776
6,concept,mad,1.0,median,5.757419561017552
6,concept,mad,2.0,median,11.514839122035104
6,concept,mad,4.0,median,23.029678244070208
6,concept,mad,8.0,median,46.059356488140416
6,concept,mad,16.0,median,92.11871297628083
6,concept,mad,32.0,median,184.23742595256167
6,concept,mad,64.0,median,368.47485190512333
6,concept,mad,128.0,median,736.9497038102467
6,concept,sd,0.25,median,0.002329423517876076
6,concept,sd,0.5,median,0.004658847035752152
6,concept,sd,1.0,median,0.009317694071504304
6,concept,sd,2.0,median,0.018635388143008608
6,concept,sd,4.0,median,0.037270776286017215
6,concept,sd,8.0,median,0.07454155257203443
6,concept,sd,16.0,median,0.14908310514406886
6,concept,sd,32.0,median,0.2981662102881377
6,concept,sd,64.0,median,0.5963324205762754
6,concept,sd,128.0,median,1.192664841152551
6,dropout,mad,0.25,median,2.6732231754638933
6,dropout,mad,0.5,median,5.346446350927787
6,dropout,mad,1.0,median,10.692892701855573
6,dropout,mad,2.0,median,21.385785403711147
6,dropout,mad,4.0,median,42.77157080742229
6,dropout,mad,8.0,median,85.54314161484459
6,dropout,mad,16.0,median,171.08628322968917
6,dropout,mad,32.0,median,342.17256645937834
6,dropout,mad,64.0,median,684.3451329187567
6,dropout,mad,128.0,median,1368.6902658375134
6,dropout,sd,0.25,median,0.15676836213747755
6,dropout,sd,0.5,median,0.3135367242749551
6,dropout,sd,1.0,median,0.6270734485499102
6,dropout,sd,2.0,median,1.2541468970998204
6,dropout,sd,4.0,median,2.508293794199641
6,dropout,sd,8.0,median,5.016587588399282
6,dropout,sd,16.0,median,10.033175176798563
6,dropout,sd,32.0,median,20.066350353597127
6,dropout,sd,64.0,median,40.13270070719425
6,dropout,sd,128.0,median,80.2654014143885
6,noise,mad,0.25,median,2.680339093358151
6,noise,mad,0.5,median,5.360678186716302
6,noise,mad,1.0,median,10.721356373432604
6,noise,mad,2.0,median,21.442712746865208
6,noise,mad,4.0,median,42.885425493730416
6,noise,mad,8.0,median,85.77085098746083
6,noise,mad,16.0,median,171.54170197492166
6,noise,mad,32.0,median,343.08340394984333
6,noise,mad,64.0,median,686.1668078996867
6,noise,mad,128.0,median,1372.3336157993733
6,noise,sd,0.25,median,0.11399928189074507
6,noise,sd,0.5,median,0.22799856378149014
6,noise,sd,1.0,median,0.4559971275629803
6,noise,sd,2.0,median,0.9119942551259606
6,noise,sd,4.0,median,1.823988510251921
6,noise,sd,8.0,median,3.647977020503842
6,noise,sd,16.0,median,7.295954041007684
6,noise,sd,32.0,median,14.591908082015369
6,noise,sd,64.0,median,29.183816164030738
6,noise,sd,128.0,median,58.367632328061475
6,random,mad,0.25,median,2.663429860842362
6,random,mad,0.5,median,5.326859721684724
6,random,mad,1.0,median,10.653719443369448
6,random,mad,2.0,median,21.307438886738897
6,random,mad,4.0,median,42.614877773477794
6,random,mad,8.0,median,85.22975554695559
6,random,mad,16.0,median,170.45951109391117
6,random,mad,32.0,median,340.91902218782235
6,random,mad,64.0,median,681.8380443756447
6,random,mad,128.0,median,1363.6760887512894
6,random,sd,0.25,median,0.22193233105374607
6,random,sd,0.5,median,0.44386466210749215
6,random,sd,1.0,median,0.8877293242149843
6,random,sd,2.0,median,1.7754586484299686
6,random,sd,4.0,median,3.550917296859937
6,random,sd,8.0,median,7.101834593719874
6,random,sd,16.0,median,14.203669187439749
6,random,sd,32.0,median,28.407338374879497
6,random,sd,64.0,median,56.814676749758995
6,random,sd,128.0,median,113.62935349951799
7,concept,mad,0.25,median,1.1488799447987046
7,concept,mad,0.5,median,2.297759889597409
7,concept,mad,1.0,median,4.595519779194818
7,concept,mad,2.0,median,9.191039558389637
7,concept,mad,4.0,median,18.382079116779273
7,concept,mad,8.0,median,36.76415823355855
7,concept,mad,16.0,median,73.5283164671171
7,concept,mad,32.0,median,147.0566329342342
7,concept,mad,64.0,median,294.1132658684684
7,concept,mad,128.0,median,588.2265317369367
7,concept,sd,0.25,median,0.0026076285488737683
7,concept,sd,0.5,median,0.005215257097747537
7,concept,sd,1.0,median,0.010430514195495073
7,concept,sd,2.0,median,0.020861028390990147
7,concept,sd,4.0,median,0.04172205678198029
7,concept,sd,8.0,median,0.08344411356396059
7,concept,sd,16.0,median,0.16688822712792117
7,concept,sd,32.0,median,0.33377645425584235
7,concept,sd,64.0,median,0.6675529085116847
7,concept,sd,128.0,median,1.3351058170233694
7,dropout,mad,0.25,median,2.4062417661744933
7,dropout,mad,0.5,median,4.8124835323489865
7,dropout,mad,1.0,median,9.624967064697973
7,dropout,mad,2.0,median,19.249934129395946
7,dropout,mad,4.0,median,38.49986825879189
7,dropout,mad,8.0,median,76.99973651758378
7,dropout,mad,16.0,median,153.99947303516757
7,dropout,mad,32.0,median,307.99894607033514
7,dropout,mad,64.0,median,615.9978921406703
7,dropout,mad,128.0,median,1231.9957842813405
7,dropout,sd,0.25,median,0.08037701761184642
7,dropout,sd,0.5,median,0.16075403522369283
7,dropout,sd,1.0,median,0.32150807044738566
7,dropout,sd,2.0,median,0.6430161408947713
7,dropout,sd,4.0,median,1.2860322817895427
7,dropout,sd,8.0,median,2.5720645635790853
7,dropout,sd,16.0,median,5.144129127158171
7,dropout,sd,32.0,median,10.288258254316341
7,dropout,sd,64.0,median,20.576516508632682
7,dropout,sd,128.0,median,41.153033017265365
7,noise,mad,0.25,median,2.3946352555446695
7,noise,mad,0.5,median,4.789270511089339
7,noise,mad,1.0,median,9.578541022178678
7,noise,mad,2.0,median,19.157082044357356
7,noise,mad,4.0,median,38.31416408871471
7,noise,mad,8.0,median,76.62832817742942
7,noise,mad,16.0,median,153.25665635485885
7,noise,mad,32.0,median,306.5133127097177
7,noise,mad,64.0,median,613.0266254194354
7,noise,mad,128.0,median,1226.0532508388708
7,noise,sd,0.25,median,0.12049994134861762
7,noise,sd,0.5,median,0.24099988269723524
7,noise,sd,1.0,median,0.4819997653944705
7,noise,sd,2.0,median,0.963999530788941
7,noise,sd,4.0,median,1.927999061577882
7,noise,sd,8.0,median,3.855998123155764
7,noise,sd,16.0,median,7.711996246311528
7,noise,sd,32.0,median,15.423992492623055
7,noise,sd,64.0,median,30.84798498524611
7,noise,sd,128.0,median,61.69596997049222
7,random,mad,0.25,median,2.5410368361641438
7,random,mad,0.5,median,5.0820736723282876
7,random,mad,1.0,median,10.164147344656575
7,random,mad,2.0,median,20.32829468931315
7,random,mad,4.0,median,40.6565893786263
7,random,mad,8.0,median,81.3131787572526
7,random,mad,16.0,median,162.6263575145052
7,random,mad,32.0,median,325.2527150290104
7,random,mad,64.0,median,650.5054300580208
7,random,mad,128.0,median,1301.0108601160416
7,random,sd,0.25,median,0.0594592844580561
7,random,sd,0.5,median,0.1189185689161122
7,random,sd,1.0,median,0.2378371378322244
7,random,sd,2.0,median,0.4756742756644488
7,random,sd,4.0,median,0.9513485513288976
7,random,sd,8.0,median,1.9026971026577952
7,random,sd,16.0,median,3.8053942053155905
7,random,sd,32.0,median,7.610788410631181
7,random,sd,64.0,median,15.221576821262362
7,random,sd,128.0,median,30.443153642524724
8,concept,mad,0.25,median,0.9452677950024828
8,concept,mad,0.5,median,1.8905355900049656
8,concept,mad,1.0,median,3.7810711800099313
8,concept,mad,2.0,median,7.5621423600198625
8,concept,mad,4.0,median,15.124284720039725
8,concept,mad,8.0,median,30.24856944007945
8,concept,mad,16.0,median,60.4971388801589
8,concept,mad,32.0,median,120.9942777603178
8,concept,mad,64.0,median,241.9885555206356
8,concept,mad,128.0,median,483.9771110412712
8,concept,sd,0.25,median,0.0032723675574081084
8,concept,sd,0.5,median,0.006544735114816217
8,concept,sd,1.0,median,0.013089470229632433
8,concept,sd,2.0,median,0.026178940459264867
8,concept,sd,4.0,median,0.052357880918529734
8,concept,sd,8.0,median,0.10471576183705947
8,concept,sd,16.0,median,0.20943152367411894
8,concept,sd,32.0,median,0.41886304734823787
8,concept,sd,64.0,median,0.8377260946964757
8,concept,sd,128.0,median,1.6754521893929515
8,dropout,mad,0.25,median,2.529566005889808
8,dropout,mad,0.5,median,5.059132011779616
8,dropout,mad,1.0,median,10.118264023559233
8,dropout,mad,2.0,median,20.236528047118465
8,dropout,mad,4.0,median,40.47305609423693
8,dropout,mad,8.0,median,80.94611218847386
8,dropout,mad,16.0,median,161.89222437694772
8,dropout,mad,32.0,median,323.78444875389545
8,dropout,mad,64.0,median,647.5688975077909
8,dropout,mad,128.0,median,1295.1377950155818
8,dropout,sd,0.25,median,0.15283806514873297
8,dropout,sd,0.5,median,0.30567613029746593
8,dropout,sd,1.0,median,0.6113522605949319
8,dropout,sd,2.0,median,1.2227045211898637
8,dropout,sd,4.0,median,2.4454090423797274
8,dropout,sd,8.0,median,4.890818084759455
8,dropout,sd,16.0,median,9.78163616951891
8,dropout,sd,32.0,median,19.56327233903782
8,dropout,sd,64.0,median,39.12654467807564
8,dropout,sd,128.0,median,78.25308935615128
8,noise,mad,0.25,median,2.2616226866559486
8,noise,mad,0.5,median,4.523245373311897
8,noise,mad,1.0,median,9.046490746623794
8,noise,mad,2.0,median,18.09298149324759
8,noise,mad,4.0,median,36.18596298649518
8,noise,mad,8.0,median,72.37192597299035
8,noise,mad,16.0,median,144.7438519459807
8,noise,mad,32.0,median,289.4877038919614
8,noise,mad,64.0,median,578.9754077839228
8,noise,mad,128.0,median,1157.9508155678457
8,noise,sd,0.25,median,0.11651206874481262
8,noise,sd,0.5,median,0.23302413748962525
8,noise,sd,1.0,median,0.4660482749792505
8,noise,sd,2.0,median,0.932096549958501
8,noise,sd,4.0,median,1.864193099917002
8,noise,sd,8.0,median,3.728386199834004
8,noise,sd,16.0,median,7.456772399668008
8,noise,sd,32.0,median,14.913544799336016
8,noise,sd,64.0,median,29.827089598672032
8,noise,sd,128.0,median,59.654179197344064
8,random,mad,0.25,median,2.5593216897809383
8,random,mad,0.5,median,5.118643379561877
8,random,mad,1.0,median,10.237286759123753
8,random,mad,2.0,median,20.474573518247507
8,random,mad,4.0,median,40.94914703649501
8,random,mad,8.0,median,81.89829407299003
8,random,mad,16.0,median,163.79658814598005
8,random,mad,32.0,median,327.5931762919601
8,random,mad,64.0,median,655.1863525839202
8,random,mad,128.0,median,1310.3727051678404
8,random,sd,0.25,median,0.3875607138617477
8,random,sd,0.5,median,0.7751214277234953
8,random,sd,1.0,median,1.5502428554469907
8,random,sd,2.0,median,3.1004857108939814
8,random,sd,4.0,median,6.200971421787963
8,random,sd,8.0,median,12.401942843575926
8,random,sd,16.0,median,24.80388568715185
8,random,sd,32.0,median,49.6077713743037
8,random,sd,64.0,median,99.2155427486074
8,random,sd,128.0,median,198.4310854972148
9,concept,mad,0.25,median,0.8811946669790763
9,concept,mad,0.5,median,1.7623893339581527
9,concept,mad,1.0,median,3.5247786679163053
9,concept,mad,2.0,median,7.049557335832611
9,concept,mad,4.0,median,14.099114671665221
9,concept,mad,8.0,median,28.198229343330443
9,concept,mad,16.0,median,56.396458686660885
9,concept,mad,32.0,median,112.79291737332177
9,concept,mad,64.0,median,225.58583474664354
9,concept,mad,128.0,median,451.1716694932871
9,concept,sd,0.25,median,0.0034518832748800777
9,concept,sd,0.5,median,0.006903766549760155
9,concept,sd,1.0,median,0.01380753309952031
9,concept,sd,2.0,median,0.02761506619904062
9,concept,sd,4.0,median,0.05523013239808124
9,concept,sd,8.0,median,0.11046026479616249
9,concept,sd,16.0,median,0.22092052959232497
9,concept,sd,32.0,median,0.44184105918464994
9,concept,sd,64.0,median,0.8836821183692999
9,concept,sd,128.0,median,1.7673642367385998
9,dropout,mad,0.25,median,2.229170385833983
9,dropout,mad,0.5,median,4.458340771667966
9,dropout,mad,1.0,median,8.916681543335931
9,dropout,mad,2.0,median,17.833363086671863
9,dropout,mad,4.0,median,35.666726173343726
9,dropout,mad,8.0,median,71.33345234668745
9,dropout,mad,16.0,median,142.6669046933749
9,dropout,mad,32.0,median,285.3338093867498
9,dropout,mad,64.0,median,570.6676187734996
9,dropout,mad,128.0,median,1141.3352375469992
9,dropout,sd,0.25,median,0.09923647265213127
9,dropout,sd,0.5,median,0.19847294530426254
9,dropout,sd,1.0,median,0.3969458906085251
9,dropout,sd,2.0,median,0.7938917812170502
9,dropout,sd,4.0,median,1.5877835624341003
9,dropout,sd,8.0,median,3.1755671248682007
9,dropout,sd,16.0,median,6.351134249736401
9,dropout,sd,32.0,median,12.702268499472803
9,dropout,sd,64.0,median,25.404536998945606
9,dropout,sd,128.0,median,50.80907399789121
9,noise,mad,0.25,median,2.1615509126834174
9,noise,mad,0.5,median,4.323101825366835
9,noise,mad,1.0,median,8.64620365073367
9,noise,mad,2.0,median,17.29240730146734
9,noise,mad,4.0,median,34.58481460293468
9,noise,mad,8.0,median,69.16962920586936
9,noise,mad,16.0,median,138.3392584117387
9,noise,mad,32.0,median,276.6785168234774
9,noise,mad,64.0,median,553.3570336469548
9,noise,mad,128.0,median,1106.7140672939097
9,noise,sd,0.25,median,0.11836687663543569
9,noise,sd,0.5,median,0.23673375327087137
9,noise,sd,1.0,median,0.47346750654174274
9,noise,sd,2.0,median,0.9469350130834855
9,noise,sd,4.0,median,1.893870026166971
9,noise,sd,8.0,median,3.787740052333942
9,noise,sd,16.0,median,7.575480104667884
9,noise,sd,32.0,median,15.150960209335768
9,noise,sd,64.0,median,30.301920418671536
9,noise,sd,128.0,median,60.60384083734307
9,random,mad,0.25,median,2.129041481711873
9,random,mad,0.5,median,4.258082963423746
9,random,mad,1.0,median,8.516165926847492
9,random,mad,2.0,median,17.032331853694984
9,random,mad,4.0,median,34.06466370738997
9,random,mad,8.0,median,68.12932741477994
9,random,mad,16.0,median,136.25865482955987
9,random,mad,32.0,median,272.51730965911975
9,random,mad,64.0,median,545.0346193182395
9,random,mad,128.0,median,1090.069238636479
9,random,sd,0.25,median,0.0935018274678512
9,random,sd,0.5,median,0.1870036549357024
9,random,sd,1.0,median,0.3740073098714048
9,random,sd,2.0,median,0.7480146197428096
9,random,sd,4.0,median,1.4960292394856192
9,random,sd,8.0,median,2.9920584789712383
9,random,sd,16.0,median,5.984116957942477
9,random,sd,32.0,median,11.968233915884953
9,random,sd,64.0,median,23.936467831769907
9,random,sd,128.0,median,47.87293566353981
10,concept,mad,0.25,median,0.8162180703349393
10,concept,mad,0.5,median,1.6324361406698786
10,concept,mad,1.0,median,3.2648722813397573
10,concept,mad,2.0,median,6.5297445626795145
10,concept,mad,4.0,median,13.059489125359029
10,concept,mad,8.0,median,26.118978250718058
10,concept,mad,16.0,median,52.237956501436116
10,concept,mad,32.0,median,104.47591300287223
10,concept,mad,64.0,median,208.95182600574446
10,concept,mad,128.0,median,417.90365201148893
10,concept,sd,0.25,median,0.003593929986436011
10,concept,sd,0.5,median,0.007187859972872022
10,concept,sd,1.0,median,0.014375719945744044
10,concept,sd,2.0,median,0.02875143989148809
10,concept,sd,4.0,median,0.05750287978297618
10,concept,sd,8.0,median,0.11500575956595235
10,concept,sd,16.0,median,0.2300115191319047
10,concept,sd,32.0,median,0.4600230382638094
10,concept,sd,64.0,median,0.9200460765276188
10,concept,sd,128.0,median,1.8400921530552377
10,dropout,mad,0.25,median,1.9395390051352643
10,dropout,mad,0.5,median,3.8790780102705287
10,dropout,mad,1.0,median,7.758156020541057
10,dropout,mad,2.0,median,15.516312041082115
10,dropout,mad,4.0,median,31.03262408216423
10,dropout,mad,8.0,median,62.06524816432846
10,dropout,mad,16.0,median,124.13049632865692
10,dropout,mad,32.0,median,248.26099265731384
10,dropout,mad,64.0,median,496.52198531462767
10,dropout,mad,128.0,median,993.0439706292553
10,dropout,sd,0.25,median,0.18075337702082128
10,dropout,sd,0.5,median,0.36150675404164256
10,dropout,sd,1.0,median,0.7230135080832851
10,dropout,sd,2.0,median,1.4460270161665703
10,dropout,sd,4.0,median,2.8920540323331405
10,dropout,sd,8.0,median,5.784108064666281
10,dropout,sd,16.0,median,11.568216129332562
10,dropout,sd,32.0,median,23.136432258665124
10,dropout,sd,64.0,median,46.27286451733025
10,dropout,sd,128.0,median,92.5457290346605
10,noise,mad,0.25,median,2.0926204681010647
10,noise,mad,0.5,median,4.1852409362021294
10,noise,mad,1.0,median,8.370481872404259
10,noise,mad,2.0,median,16.740963744808518
10,noise,mad,4.0,median,33.481927489617036
10,noise,mad,8.0,median,66.96385497923407
10,noise,mad,16.0,median,133.92770995846814
10,noise,mad,32.0,median,267.8554199169363
10,noise,mad,64.0,median,535.7108398338726
10,noise,mad,128.0,median,1071.4216796677451
10,noise,sd,0.25,median,0.11653358988921786
10,noise,sd,0.5,median,0.23306717977843572
10,noise,sd,1.0,median,0.46613435955687144
10,noise,sd,2.0,median,0.9322687191137429
10,noise,sd,4.0,median,1.8645374382274857
10,noise,sd,8.0,median,3.7290748764549715
10,noise,sd,16.0,median,7.458149752909943
10,noise,sd,32.0,median,14.916299505819886
10,noise,sd,64.0,median,29.832599011639772
10,noise,sd,128.0,median,59.665198023279544
10,random,mad,0.25,median,2.038939756167709
10,random,mad,0.5,median,4.077879512335418
10,random,mad,1.0,median,8.155759024670836
10,random,mad,2.0,median,16.31151804934167
10,random,mad,4.0,median,32.62303609868334
10,random,mad,8.0,median,65.24607219736669
10,random,mad,16.0,median,130.49214439473337
10,random,mad,32.0,median,260.98428878946675
10,random,mad,64.0,median,521.9685775789335
10,random,mad,128.0,median,1043.937155157867
10,random,sd,0.25,median,0.041933715206756525
10,random,sd,0.5,median,0.08386743041351305
10,random,sd,1.0,median,0.1677348608270261
10,random,sd,2.0,median,0.3354697216540522
10,random,sd,4.0,median,0.6709394433081044
10,random,sd,8.0,median,1.3418788866162088
10,random,sd,16.0,median,2.6837577732324176
10,random,sd,32.0,median,5.367515546464835
10,random,sd,64.0,median,10.73503109292967
10,random,sd,128.0,median,21.47006218585934
11,concept,mad,0.25,median,0.7199479445947532
11,concept,mad,0.5,median,1.4398958891895064
11,concept,mad,1.0,median,2.879791778379013
11,concept,mad,2.0,median,5.759583556758026
11,concept,mad,4.0,median,11.519167113516051
11,concept,mad,8.0,median,23.038334227032102
11,concept,mad,16.0,median,46.076668454064205
11,concept,mad,32.0,median,92.15333690812841
11,concept,mad,64.0,median,184.30667381625682
11,concept,mad,128.0,median,368.61334763251364
11,concept,sd,0.25,median,0.0034348872412469254
11,concept,sd,0.5,median,0.006869774482493851
11,concept,sd,1.0,median,0.013739548964987702
11,concept,sd,2.0,median,0.027479097929975403
11,concept,sd,4.0,median,0.054958195859950806
11,concept,sd,8.0,median,0.10991639171990161
11,concept,sd,16.0,median,0.21983278343980323
11,concept,sd,32.0,median,0.43966556687960645
11,concept,sd,64.0,median,0.8793311337592129
11,concept,sd,128.0,median,1.7586622675184258
11,dropout,mad,0.25,median,1.956153441847195
11,dropout,mad,0.5,median,3.91230688369439
11,dropout,mad,1.0,median,7.82461376738878
11,dropout,mad,2.0,median,15.64922753477756
11,dropout,mad,4.0,median,31.29845506955512
11,dropout,mad,8.0,median,62.59691013911024
11,dropout,mad,16.0,median,125.19382027822049
11,dropout,mad,32.0,median,250.38764055644097
11,dropout,mad,64.0,median,500.77528111288194
11,dropout,mad,128.0,median,1001.5505622257639
11,dropout,sd,0.25,median,0.19591843172365658
11,dropout,sd,0.5,median,0.39183686344731317
11,dropout,sd,1.0,median,0.7836737268946263
11,dropout,sd,2.0,median,1.5673474537892527
11,dropout,sd,4.0,median,3.1346949075785053
11,dropout,sd,8.0,median,6.269389815157011
11,dropout,sd,16.0,median,12.538779630314021
11,dropout,sd,32.0,median,25.077559260628043
11,dropout,sd,64.0,median,50.155118521256085
11,dropout,sd,128.0,median,100.31023704251217
11,noise,mad,0.25,median,2.045737924749675
11,noise,mad,0.5,median,4.09147584949935
11,noise,mad,1.0,median,8.1829516989987
11,noise,mad,2.0,median,16.3659033979974
11,noise,mad,4.0,median,32.7318067959948
11,noise,mad,8.0,median,65.4636135919896
11,noise,mad,16.0,median,130.9272271839792
11,noise,mad,32.0,median,261.8544543679584
11,noise,mad,64.0,median,523.7089087359168
11,noise,mad,128.0,median,1047.4178174718336
11,noise,sd,0.25,median,0.11998284523939887
11,noise,sd,0.5,median,0.23996569047879773
11,noise,sd,1.0,median,0.47993138095759547
11,noise,sd,2.0,median,0.9598627619151909
11,noise,sd,4.0,median,1.9197255238303819
11,noise,sd,8.0,median,3.8394510476607637
11,noise,sd,16.0,median,7.6789020953215275
11,noise,sd,32.0,median,15.357804190643055
11,noise,sd,64.0,median,30.71560838128611
11,noise,sd,128.0,median,61.43121676257222
11,random,mad,0.25,median,1.9430653057191154
11,random,mad,0.5,median,3.886130611438231
11,random,mad,1.0,median,7.772261222876462
11,random,mad,2.0,median,15.544522445752923
11,random,mad,4.0,median,31.089044891505846
11,random,mad,8.0,median,62.17808978301169
11,random,mad,16.0,median,124.35617956602339
11,random,mad,32.0,median,248.71235913204677
11,random,mad,64.0,median,497.42471826409354
11,random,mad,128.0,median,994.8494365281871
11,random,sd,0.25,median,0.2686412686263593
11,random,sd,0.5,median,0.5372825372527186
11,random,sd,1.0,median,1.0745650745054371
11,random,sd,2.0,median,2.1491301490108743
11,random,sd,4.0,median,4.298260298021749
11,random,sd,8.0,median,8.596520596043497
11,random,sd,16.0,median,17.193041192086994
11,random,sd,32.0,median,34.38608238417399
11,random,sd,64.0,median,68.77216476834798
11,random,sd,128.0,median,137.54432953669595
12,concept,mad,0.25,median,0.6387914589670804
12,concept,mad,0.5,median,1.277582917934161
12,concept,mad,1.0,median,2.555165835868322
12,concept,mad,2.0,median,5.110331671736644
12,concept,mad,4.0,median,10.220663343473287
12,concept,mad,8.0,median,20.441326686946574
12,concept,mad,16.0,median,40.88265337389315
12,concept,mad,32.0,median,81.7653067477863
12,concept,mad,64.0,median,163.5306134955726
12,concept,mad,128.0,median,327.0612269911452
12,concept,sd,0.25,median,0.0036495726437507188
12,concept,sd,0.5,median,0.0072991452875014375
12,concept,sd,1.0,median,0.014598290575002875
12,concept,sd,2.0,median,0.02919658115000575
12,concept,sd,4.0,median,0.0583931623000115
12,concept,sd,8.0,median,0.116786324600023
12,concept,sd,16.0,median,0.233572649200046
12,concept,sd,32.0,median,0.467145298400092
12,concept,sd,64.0,median,0.934290596800184
12,concept,sd,128.0,median,1.868581193600368
12,dropout,mad,0.25,median,1.9088336022836503
12,dropout,mad,0.5,median,3.8176672045673006
12,dropout,mad,1.0,median,7.635334409134601
12,dropout,mad,2.0,median,15.270668818269202
12,dropout,mad,4.0,median,30.541337636538405
12,dropout,mad,8.0,median,61.08267527307681
12,dropout,mad,16.0,median,122.16535054615362
12,dropout,mad,32.0,median,244.33070109230724
12,dropout,mad,64.0,median,488.6614021846145
12,dropout,mad,128.0,median,977.322804369229
12,dropout,sd,0.25,median,0.08177089649933701
12,dropout,sd,0.5,median,0.16354179299867402
12,dropout,sd,1.0,median,0.32708358599734805
12,dropout,sd,2.0,median,0.6541671719946961
12,dropout,sd,4.0,median,1.3083343439893922
12,dropout,sd,8.0,median,2.6166686879787844
12,dropout,sd,16.0,median,5.233337375957569
12,dropout,sd,32.0,median,10.466674751915138
12,dropout,sd,64.0,median,20.933349503830275
12,dropout,sd,128.0,median,41.86669900766055
12,noise,mad,0.25,median,1.8841527952545993
12,noise,mad,0.5,median,3.7683055905091987
12,noise,mad,1.0,median,7.536611181018397
12,noise,mad,2.0,median,15.073222362036795
12,noise,mad,4.0,median,30.14644472407359
12,noise,mad,8.0,median,60.29288944814718
12,noise,mad,16.0,median,120.58577889629436
12,noise,mad,32.0,median,241.17155779258871
12,noise,mad,64.0,median,482.34311558517743
12,noise,mad,128.0,median,964.6862311703549
12,noise,sd,0.25,median,0.11463165274034914
12,noise,sd,0.5,median,0.2292633054806983
12,noise,sd,1.0,median,0.4585266109613966
12,noise,sd,2.0,median,0.9170532219227931
12,noise,sd,4.0,median,1.8341064438455863
12,noise,sd,8.0,median,3.6682128876911726
12,noise,sd,16.0,median,7.336425775382345
12,noise,sd,32.0,median,14.67285155076469
12,noise,sd,64.0,median,29.34570310152938
12,noise,sd,128.0,median,58.69140620305876
12,random,mad,0.25,median,1.8736539267142203
12,random,mad,0.5,median,3.7473078534284405
12,random,mad,1.0,median,7.494615706856881
12,random,mad,2.0,median,14.989231413713762
12,random,mad,4.0,median,29.978462827427524
12,random,mad,8.0,median,59.95692565485505
12,random,mad,16.0,median,119.9138513097101
12,random,mad,32.0,median,239.8277026194202
12,random,mad,64.0,median,479.6554052388404
12,random,mad,128.0,median,959.3108104776808
12,random,sd,0.25,median,0.049077450784918514
12,random,sd,0.5,median,0.09815490156983703
12,random,sd,1.0,median,0.19630980313967406
12,random,sd,2.0,median,0.3926196062793481
12,random,sd,4.0,median,0.7852392125586962
12,random,sd,8.0,median,1.5704784251173924
12,random,sd,16.0,median,3.140956850234785
12,random,sd,32.0,median,6.28191370046957
12,random,sd,64.0,median,12.56382740093914
12,random,sd,128.0,median,25.12765480187828
13,concept,mad,0.25,median,0.6414995965012886
13,concept,mad,0.5,median,1.2829991930025773
13,concept,mad,1.0,median,2.5659983860051545
13,concept,mad,2.0,median,5.131996772010309
13,concept,mad,4.0,median,10.263993544020618
13,concept,mad,8.0,median,20.527987088041236
13,concept,mad,16.0,median,41.05597417608247
13,concept,mad,32.0,median,82.11194835216494
13,concept,mad,64.0,median,164.2238967043299
13,concept,mad,128.0,median,328.4477934086598
13,concept,sd,0.25,median,0.003617950271527696
13,concept,sd,0.5,median,0.007235900543055392
13,concept,sd,1.0,median,0.014471801086110785
13,concept,sd,2.0,median,0.02894360217222157
13,concept,sd,4.0,median,0.05788720434444314
13,concept,sd,8.0,median,0.11577440868888628
13,concept,sd,16.0,median,0.23154881737777255
13,concept,sd,32.0,median,0.4630976347555451
13,concept,sd,64.0,median,0.9261952695110902
13,concept,sd,128.0,median,1.8523905390221804
13,dropout,mad,0.25,median,1.8385507306338778
13,dropout,mad,0.5,median,3.6771014612677555
13,dropout,mad,1.0,median,7.354202922535511
13,dropout,mad,2.0,median,14.708405845071022
13,dropout,mad,4.0,median,29.416811690142044
13,dropout,mad,8.0,median,58.83362338028409
13,dropout,mad,16.0,median,117.66724676056818
13,dropout,mad,32.0,median,235.33449352113635
13,dropout,mad,64.0,median,470.6689870422727
13,dropout,mad,128.0,median,941.3379740845454
13,dropout,sd,0.25,median,0.1242024135179608
13,dropout,sd,0.5,median,0.2484048270359216
13,dropout,sd,1.0,median,0.4968096540718432
13,dropout,sd,2.0,median,0.9936193081436864
13,dropout,sd,4.0,median,1.9872386162873727
13,dropout,sd,8.0,median,3.9744772325747455
13,dropout,sd,16.0,median,7.948954465149491
13,dropout,sd,32.0,median,15.897908930298982
13,dropout,sd,64.0,median,31.795817860597964
13,dropout,sd,128.0,median,63.59163572119593
13,noise,mad,0.25,median,1.8029484463577703
13,noise,mad,0.5,median,3.6058968927155406
13,noise,mad,1.0,median,7.211793785431081
13,noise,mad,2.0,median,14.423587570862162
13,noise,mad,4.0,median,28.847175141724325
13,noise,mad,8.0,median,57.69435028344865
13,noise,mad,16.0,median,115.3887005668973
13,noise,mad,32.0,median,230.7774011337946
13,noise,mad,64.0,median,461.5548022675892
13,noise,mad,128.0,median,923.1096045351784
13,noise,sd,0.25,median,0.11206768903519768
13,noise,sd,0.5,median,0.22413537807039535
13,noise,sd,1.0,median,0.4482707561407907
13,noise,sd,2.0,median,0.8965415122815814
13,noise,sd,4.0,median,1.7930830245631628
13,noise,sd,8.0,median,3.5861660491263256
13,noise,sd,16.0,median,7.172332098252651
13,noise,sd,32.0,median,14.344664196505303
13,noise,sd,64.0,median,28.689328393010605
13,noise,sd,128.0,median,57.37865678602121
13,random,mad,0.25,median,1.8910226125504765
13,random,mad,0.5,median,3.782045225100953
13,random,mad,1.0,median,7.564090450201906
13,random,mad,2.0,median,15.128180900403812
13,random,mad,4.0,median,30.256361800807625
13,random,mad,8.0,median,60.51272360161525
13,random,mad,16.0,median,121.0254472032305
13,random,mad,32.0,median,242.050894406461
13,random,mad,64.0,median,484.101788812922
13,random,mad,128.0,median,968.203577625844
13,random,sd,0.25,median,0.11461506877028832
13,random,sd,0.5,median,0.22923013754057664
13,random,sd,1.0,median,0.4584602750811533
13,random,sd,2.0,median,0.9169205501623066
13,random,sd,4.0,median,1.8338411003246131
13,random,sd,8.0,median,3.6676822006492262
13,random,sd,16.0,median,7.3353644012984525
13,random,sd,32.0,median,14.670728802596905
13,random,sd,64.0,median,29.34145760519381
13,random,sd,128.0,median,58.68291521038762
14,concept,mad,0.25,median,0.575997615075111
14,concept,mad,0.5,median,1.151995230150222
14,concept,mad,1.0,median,2.303990460300444
14,concept,mad,2.0,median,4.607980920600888
14,concept,mad,4.0,median,9.215961841201777
14,concept,mad,8.0,median,18.431923682403553
14,concept,mad,16.0,median,36.86384736480711
14,concept,mad,32.0,median,73.72769472961421
14,concept,mad,64.0,median,147.45538945922843
14,concept,mad,128.0,median,294.91077891845686
14,concept,sd,0.25,median,0.004020514741242653
14,concept,sd,0.5,median,0.008041029482485307
14,concept,sd,1.0,median,0.016082058964970614
14,concept,sd,2.0,median,0.03216411792994123
14,concept,sd,4.0,median,0.06432823585988245
14,concept,sd,8.0,median,0.1286564717197649
14,concept,sd,16.0,median,0.2573129434395298
14,concept,sd,32.0,median,0.5146258868790596
14,concept,sd,64.0,median,1.0292517737581193
14,concept,sd,128.0,median,2.0585035475162385
14,dropout,mad,0.25,median,1.6248437010863677
14,dropout,mad,0.5,median,3.2496874021727353
14,dropout,mad,1.0,median,6.499374804345471
14,dropout,mad,2.0,median,12.998749608690941
14,dropout,mad,4.0,median,25.997499217381883
14,dropout,mad,8.0,median,51.994998434763765
14,dropout,mad,16.0,median,103.98999686952753
14,dropout,mad,32.0,median,207.97999373905506
14,dropout,mad,64.0,median,415.9599874781101
14,dropout,mad,128.0,median,831.9199749562202
14,dropout,sd,0.25,median,0.09392042303894566
14,dropout,sd,0.5,median,0.1878408460778913
14,dropout,sd,1.0,median,0.3756816921557826
14,dropout,sd,2.0,median,0.7513633843115652
14,dropout,sd,4.0,median,1.5027267686231305
14,dropout,sd,8.0,median,3.005453537246261
14,dropout,sd,16.0,median,6.010907074492522
14,dropout,sd,32.0,median,12.021814148985044
14,dropout,sd,64.0,median,24.043628297970088
14,dropout,sd,128.0,median,48.087256595940175
14,noise,mad,0.25,median,1.6700421402712058
14,noise,mad,0.5,median,3.3400842805424116
14,noise,mad,1.0,median,6.680168561084823
14,noise,mad,2.0,median,13.360337122169646
14,noise,mad,4.0,median,26.720674244339293
14,noise,mad,8.0,median,53.441348488678585
14,noise,mad,16.0,median,106.88269697735717
14,noise,mad,32.0,median,213.76539395471434
14,noise,mad,64.0,median,427.5307879094287
14,noise,mad,128.0,median,855.0615758188574
14,noise,sd,0.25,median,0.11917737932804055
14,noise,sd,0.5,median,0.2383547586560811
14,noise,sd,1.0,median,0.4767095173121622
14,noise,sd,2.0,median,0.9534190346243244
14,noise,sd,4.0,median,1.9068380692486488
14,noise,sd,8.0,median,3.8136761384972977
14,noise,sd,16.0,median,7.627352276994595
14,noise,sd,32.0,median,15.25470455398919
14,noise,sd,64.0,median,30.50940910797838
14,noise,sd,128.0,median,61.01881821595676
14,random,mad,0.25,median,1.6353700352900307
14,random,mad,0.5,median,3.2707400705800613
14,random,mad,1.0,median,6.541480141160123
14,random,mad,2.0,median,13.082960282320245
14,random,mad,4.0,median,26.16592056464049
14,random,mad,8.0,median,52.33184112928098
14,random,mad,16.0,median,104.66368225856196
14,random,mad,32.0,median,209.32736451712393
14,random,mad,64.0,median,418.65472903424785
14,random,mad,128.0,median,837.3094580684957
14,random,sd,0.25,median,0.11935673810388457
14,random,sd,0.5,median,0.23871347620776914
14,random,sd,1.0,median,0.4774269524155383
14,random,sd,2.0,median,0.9548539048310766
14,random,sd,4.0,median,1.9097078096621531
14,random,sd,8.0,median,3.8194156193243063
14,random,sd,16.0,median,7.638831238648613
14,random,sd,32.0,median,15.277662477297225
14,random,sd,64.0,median,30.55532495459445
14,random,sd,128.0,median,61.1106499091889
15,concept,mad,0.25,median,0.515427818025953
15,concept,mad,0.5,median,1.030855636051906
15,concept,mad,1.0,median,2.061711272103812
15,concept,mad,2.0,median,4.123422544207624
15,concept,mad,4.0,median,8.246845088415249
15,concept,mad,8.0,median,16.493690176830498
15,concept,mad,16.0,median,32.987380353660996
15,concept,mad,32.0,median,65.97476070732199
15,concept,mad,64.0,median,131.94952141464398
15,concept,mad,128.0,median,263.89904282928796
15,concept,sd,0.25,median,0.004892582618446568
15,concept,sd,0.5,median,0.009785165236893135
15,concept,sd,1.0,median,0.01957033047378627
15,concept,sd,2.0,median,0.03914066094757254
15,concept,sd,4.0,median,0.07828132189514508
15,concept,sd,8.0,median,0.15656264379029017
15,concept,sd,16.0,median,0.31312528758058034
15,concept,sd,32.0,median,0.6262505751611607
15,concept,sd,64.0,median,1.2525011503223213
15,concept,sd,128.0,median,2.5050023006446427
15,dropout,mad,0.25,median,1.5324032322461814
15,dropout,mad,0.5,median,3.0648064644923627
15,dropout,mad,1.0,median,6.129612928984725
15,dropout,mad,2.0,median,12.25922585796945
15,dropout,mad,4.0,median,24.5184517159389
15,dropout,mad,8.0,median,49.0369034318778
15,dropout,mad,16.0,median,98.0738068637556
15,dropout,mad,32.0,median,196.1476137275112
15,dropout,mad,64.0,median,392.2952274550224
15,dropout,mad,128.0,median,784.5904549100449
15,dropout,sd,0.25,median,0.10306659328764654
15,dropout,sd,0.5,median,0.2061331865752931
15,dropout,sd,1.0,median,0.4122663731505862
15,dropout,sd,2.0,median,0.8245327463011723
15,dropout,sd,4.0,median,1.6490654926023447
15,dropout,sd,8.0,median,3.2981309852046894
15,dropout,sd,16.0,median,6.596261970409379
15,dropout,sd,32.0,median,13.192523940818758
15,dropout,sd,64.0,median,26.385047881637515
15,dropout,sd,128.0,median,52.77009576327503
15,noise,mad,0.25,median,1.4626555725558266
15,noise,mad,0.5,median,2.925311145111653
15,noise,mad,1.0,median,5.850622290223306
15,noise,mad,2.0,median,11.701244580446613
15,noise,mad,4.0,median,23.402489160893225
15,noise,mad,8.0,median,46.80497832178645
15,noise,mad,16.0,median,93.6099566435729
15,noise,mad,32.0,median,187.2199132871458
15,noise,mad,64.0,median,374.4398265742916
15,noise,mad,128.0,median,748.8796531485832
15,noise,sd,0.25,median,0.11270492634694597
15,noise,sd,0.5,median,0.22540985269389194
15,noise,sd,1.0,median,0.4508197053877839
15,noise,sd,2.0,median,0.9016394107755678
15,noise,sd,4.0,median,1.8032788215511355
15,noise,sd,8.0,median,3.606557643102271
15,noise,sd,16.0,median,7.213115286204542
15,noise,sd,32.0,median,14.426230572409084
15,noise,sd,64.0,median,28.852461144818168
15,noise,sd,128.0,median,57.704922289636336
15,random,mad,0.25,median,1.5656093156222177
15,random,mad,0.5,median,3.1312186312444354
15,random,mad,1.0,median,6.262437262488871
15,random,mad,2.0,median,12.524874524977742
15,random,mad,4.0,median,25.049749049955484
15,random,mad,8.0,median,50.09949809991097
15,random,mad,16.0,median,100.19899619982193
15,random,mad,32.0,median,200.39799239964387
15,random,mad,64.0,median,400.79598479928774
15,random,mad,128.0,median,801.5919695985755
15,random,sd,0.25,median,0.15296495134566038
15,random,sd,0.5,median,0.30592990269132075
15,random,sd,1.0,median,0.6118598053826415
15,random,sd,2.0,median,1.223719610765283
15,random,sd,4.0,median,2.447439221530566
15,random,sd,8.0,median,4.894878443061132
15,random,sd,16.0,median,9.789756886122264
15,random,sd,32.0,median,19.57951377224453
15,random,sd,64.0,median,39.15902754448906
15,random,sd,128.0,median,78.31805508897811
16,concept,mad,0.25,median,0.48059127971378723
16,concept,mad,0.5,median,0.9611825594275745
16,concept,mad,1.0,median,1.922365118855149
16,concept,mad,2.0,median,3.844730237710298
16,concept,mad,4.0,median,7.689460475420596
16,concept,mad,8.0,median,15.378920950841191
16,concept,mad,16.0,median,30.757841901682383
16,concept,mad,32.0,median,61.515683803364766
16,concept,mad,64.0,median,123.03136760672953
16,concept,mad,128.0,median,246.06273521345906
16,concept,sd,0.25,median,0.004869740286668129
16,concept,sd,0.5,median,0.009739480573336259
16,concept,sd,1.0,median,0.019478961146672517
16,concept,sd,2.0,median,0.038957922293345035
16,concept,sd,4.0,median,0.07791584458669007
16,concept,sd,8.0,median,0.15583168917338014
16,concept,sd,16.0,median,0.3116633783467603
16,concept,sd,32.0,median,0.6233267566935206
16,concept,sd,64.0,median,1.2466535133870411
16,concept,sd,128.0,median,2.4933070267740822
16,dropout,mad,0.25,median,1.4364497543200714
16,dropout,mad,0.5,median,2.8728995086401428
16,dropout,mad,1.0,median,5.7457990172802855
16,dropout,mad,2.0,median,11.491598034560571
16,dropout,mad,4.0,median,22.983196069121142
16,dropout,mad,8.0,median,45.966392138242284
16,dropout,mad,16.0,median,91.93278427648457
16,dropout,mad,32.0,median,183.86556855296914
16,dropout,mad,64.0,median,367.7311371059383
16,dropout,mad,128.0,median,735.4622742118765
16,dropout,sd,0.25,median,0.17073752545861756
16,dropout,sd,0.5,median,0.3414750509172351
16,dropout,sd,1.0,median,0.6829501018344702
16,dropout,sd,2.0,median,1.3659002036689405
16,dropout,sd,4.0,median,2.731800407337881
16,dropout,sd,8.0,median,5.463600814675762
16,dropout,sd,16.0,median,10.927201629351524
16,dropout,sd,32.0,median,21.854403258703048
16,dropout,sd,64.0,median,43.708806517406096
16,dropout,sd,128.0,median,87.41761303481219
16,noise,mad,0.25,median,1.3248211355172224
16,noise,mad,0.5,median,2.6496422710344447
16,noise,mad,1.0,median,5.299284542068889
16,noise,mad,2.0,median,10.598569084137779
16,noise,mad,4.0,median,21.197138168275558
16,noise,mad,8.0,median,42.394276336551115
16,noise,mad,16.0,median,84.78855267310223
16,noise,mad,32.0,median,169.57710534620446
16,noise,mad,64.0,median,339.1542106924089
16,noise,mad,128.0,median,678.3084213848178
16,noise,sd,0.25,median,0.10768160242939223
16,noise,sd,0.5,median,0.21536320485878446
16,noise,sd,1.0,median,0.4307264097175689
16,noise,sd,2.0,median,0.8614528194351379
16,noise,sd,4.0,median,1.7229056388702757
16,noise,sd,8.0,median,3.4458112777405514
16,noise,sd,16.0,median,6.891622555481103
16,noise,sd,32.0,median,13.783245110962206
16,noise,sd,64.0,median,27.56649022192441
16,noise,sd,128.0,median,55.13298044384882
16,random,mad,0.25,median,1.446165207368579
16,random,mad,0.5,median,2.892330414737158
16,random,mad,1.0,median,5.784660829474316
16,random,mad,2.0,median,11.569321658948631
16,random,mad,4.0,median,23.138643317897262
16,random,mad,8.0,median,46.277286635794525
16,random,mad,16.0,median,92.55457327158905
16,random,mad,32.0,median,185.1091465431781
16,random,mad,64.0,median,370.2182930863562
16,random,mad,128.0,median,740.4365861727124
16,random,sd,0.25,median,0.19790794503895706
16,random,sd,0.5,median,0.3958158900779141
16,random,sd,1.0,median,0.7916317801558282
16,random,sd,2.0,median,1.5832635603116565
16,random,sd,4.0,median,3.166527120623313
16,random,sd,8.0,median,6.333054241246626
16,random,sd,16.0,median,12.666108482493252
16,random,sd,32.0,median,25.332216964986504
16,random,sd,64.0,median,50.66443392997301
16,random,sd,128.0,median,101.32886785994602
17,concept,mad,0.25,median,0.4675356493955568
17,concept,mad,0.5,median,0.9350712987911136
17,concept,mad,1.0,median,1.8701425975822272
17,concept,mad,2.0,median,3.7402851951644545
17,concept,mad,4.0,median,7.480570390328909
17,concept,mad,8.0,median,14.961140780657818
17,concept,mad,16.0,median,29.922281561315636
17,concept,mad,32.0,median,59.84456312263127
17,concept,mad,64.0,median,119.68912624526254
17,concept,mad,128.0,median,239.37825249052509
17,concept,sd,0.25,median,0.006827581272680168
17,concept,sd,0.5,median,0.013655162545360335
17,concept,sd,1.0,median,0.02731032509072067
17,concept,sd,2.0,median,0.05462065018144134
17,concept,sd,4.0,median,0.10924130036288268
17,concept,sd,8.0,median,0.21848260072576536
17,concept,sd,16.0,median,0.4369652014515307
17,concept,sd,32.0,median,0.8739304029030615
17,concept,sd,64.0,median,1.747860805806123
17,concept,sd,128.0,median,3.495721611612246
17,dropout,mad,0.25,median,1.1006859263092963
17,dropout,mad,0.5,median,2.2013718526185926
17,dropout,mad,1.0,median,4.402743705237185
17,dropout,mad,2.0,median,8.80548741047437
17,dropout,mad,4.0,median,17.61097482094874
17,dropout,mad,8.0,median,35.22194964189748
17,dropout,mad,16.0,median,70.44389928379496
17,dropout,mad,32.0,median,140.88779856758993
17,dropout,mad,64.0,median,281.77559713517985
17,dropout,mad,128.0,median,563.5511942703597
17,dropout,sd,0.25,median,0.22840598787573163
17,dropout,sd,0.5,median,0.45681197575146326
17,dropout,sd,1.0,median,0.9136239515029265
17,dropout,sd,2.0,median,1.827247903005853
17,dropout,sd,4.0,median,3.654495806011706
17,dropout,sd,8.0,median,7.308991612023412
17,dropout,sd,16.0,median,14.617983224046824
17,dropout,sd,32.0,median,29.23596644809365
17,dropout,sd,64.0,median,58.4719328961873
17,dropout,sd,128.0,median,116.9438657923746
17,noise,mad,0.25,median,1.1587859032092633
17,noise,mad,0.5,median,2.3175718064185267
17,noise,mad,1.0,median,4.635143612837053
17,noise,mad,2.0,median,9.270287225674107
17,noise,mad,4.0,median,18.540574451348213
17,noise,mad,8.0,median,37.08114890269643
17,noise,mad,16.0,median,74.16229780539285
17,noise,mad,32.0,median,148.3245956107857
17,noise,mad,64.0,median,296.6491912215714
17,noise,mad,128.0,median,593.2983824431428
17,noise,sd,0.25,median,0.1146633324897894
17,noise,sd,0.5,median,0.2293266649795788
17,noise,sd,1.0,median,0.4586533299591576
17,noise,sd,2.0,median,0.9173066599183152
17,noise,sd,4.0,median,1.8346133198366303
17,noise,sd,8.0,median,3.6692266396732607
17,noise,sd,16.0,median,7.338453279346521
17,noise,sd,32.0,median,14.676906558693043
17,noise,sd,64.0,median,29.353813117386085
17,noise,sd,128.0,median,58.70762623477217
17,random,mad,0.25,median,1.0954532139820434
17,random,mad,0.5,median,2.190906427964087
17,random,mad,1.0,median,4.381812855928174
17,random,mad,2.0,median,8.763625711856347
17,random,mad,4.0,median,17.527251423712695
17,random,mad,8.0,median,35.05450284742539
17,random,mad,16.0,median,70.10900569485078
17,random,mad,32.0,median,140.21801138970156
17,random,mad,64.0,median,280.4360227794031
17,random,mad,128.0,median,560.8720455588062
17,random,sd,0.25,median,0.46703595297981815
17,random,sd,0.5,median,0.9340719059596363
17,random,sd,1.0,median,1.8681438119192726
17,random,sd,2.0,median,3.736287623838545
17,random,sd,4.0,median,7.47257524767709
17,random,sd,8.0,median,14.94515049535418
17,random,sd,16.0,median,29.89030099070836
17,random,sd,32.0,median,59.78060198141672
17,random,sd,64.0,median,119.56120396283345
17,random,sd,128.0,median,239.1224079256669
18,concept,mad,0.25,median,0.41499922610896256
18,concept,mad,0.5,median,0.8299984522179251
18,concept,mad,1.0,median,1.6599969044358502
18,concept,mad,2.0,median,3.3199938088717005
18,concept,mad,4.0,median,6.639987617743401
18,concept,mad,8.0,median,13.279975235486802
18,concept,mad,16.0,median,26.559950470973604
18,concept,mad,32.0,median,53.11990094194721
18,concept,mad,64.0,median,106.23980188389442
18,concept,mad,128.0,median,212.47960376778883
18,concept,sd,0.25,median,0.005892908930844243
18,concept,sd,0.5,median,0.011785817861688487
18,concept,sd,1.0,median,0.023571635723376973
18,concept,sd,2.0,median,0.04714327144675395
18,concept,sd,4.0,median,0.0942865428935079
18,concept,sd,8.0,median,0.1885730857870158
18,concept,sd,16.0,median,0.3771461715740316
18,concept,sd,32.0,median,0.7542923431480631
18,concept,sd,64.0,median,1.5085846862961263
18,concept,sd,128.0,median,3.0171693725922526
18,dropout,mad,0.25,median,1.0927867008439802
18,dropout,mad,0.5,median,2.1855734016879604
18,dropout,mad,1.0,median,4.371146803375921
18,dropout,mad,2.0,median,8.742293606751842
18,dropout,mad,4.0,median,17.484587213503684
18,dropout,mad,8.0,median,34.96917442700737
18,dropout,mad,16.0,median,69.93834885401473
18,dropout,mad,32.0,median,139.87669770802947
18,dropout,mad,64.0,median,279.75339541605894
18,dropout,mad,128.0,median,559.5067908321179
18,dropout,sd,0.25,median,0.2803547591372241
18,dropout,sd,0.5,median,0.5607095182744481
18,dropout,sd,1.0,median,1.1214190365488963
18,dropout,sd,2.0,median,2.2428380730977926
18,dropout,sd,4.0,median,4.485676146195585
18,dropout,sd,8.0,median,8.97135229239117
18,dropout,sd,16.0,median,17.94270458478234
18,dropout,sd,32.0,median,35.88540916956468
18,dropout,sd,64.0,median,71.77081833912936
18,dropout,sd,128.0,median,143.54163667825873
18,noise,mad,0.25,median,1.0465069631145394
18,noise,mad,0.5,median,2.093013926229079
18,noise,mad,1.0,median,4.186027852458158
18,noise,mad,2.0,median,8.372055704916315
18,noise,mad,4.0,median,16.74411140983263
18,noise,mad,8.0,median,33.48822281966526
18,noise,mad,16.0,median,66.97644563933052
18,noise,mad,32.0,median,133.95289127866104
18,noise,mad,64.0,median,267.9057825573221
18,noise,mad,128.0,median,535.8115651146442
18,noise,sd,0.25,median,0.12163632898339077
18,noise,sd,0.5,median,0.24327265796678155
18,noise,sd,1.0,median,0.4865453159335631
18,noise,sd,2.0,median,0.9730906318671262
18,noise,sd,4.0,median,1.9461812637342524
18,noise,sd,8.0,median,3.8923625274685048
18,noise,sd,16.0,median,7.7847250549370095
18,noise,sd,32.0,median,15.569450109874019
18,noise,sd,64.0,median,31.138900219748038
18,noise,sd,128.0,median,62.277800439496076
18,random,mad,0.25,median,1.0975169465962755
18,random,mad,0.5,median,2.195033893192551
18,random,mad,1.0,median,4.390067786385102
18,random,mad,2.0,median,8.780135572770204
18,random,mad,4.0,median,17.56027114554041
18,random,mad,8.0,median,35.12054229108082
18,random,mad,16.0,median,70.24108458216163
18,random,mad,32.0,median,140.48216916432327
18,random,mad,64.0,median,280.96433832864653
18,random,mad,128.0,median,561.9286766572931
18,random,sd,0.25,median,0.37187085040368245
18,random,sd,0.5,median,0.7437417008073649
18,random,sd,1.0,median,1.4874834016147298
18,random,sd,2.0,median,2.9749668032294596
18,random,sd,4.0,median,5.949933606458919
18,random,sd,8.0,median,11.899867212917838
18,random,sd,16.0,median,23.799734425835677
18,random,sd,32.0,median,47.599468851671354
18,random,sd,64.0,median,95.19893770334271
18,random,sd,128.0,median,190.39787540668542
19,concept,mad,0.25,median,0.39879966026587443
19,concept,mad,0.5,median,0.7975993205317489
19,concept,mad,1.0,median,1.5951986410634977
19,concept,mad,2.0,median,3.1903972821269955
19,concept,mad,4.0,median,6.380794564253991
19,concept,mad,8.0,median,12.761589128507982
19,concept,mad,16.0,median,25.523178257015964
19,concept,mad,32.0,median,51.04635651403193
19,concept,mad,64.0,median,102.09271302806386
19,concept,mad,128.0,median,204.1854260561277
19,concept,sd,0.25,median,0.006528878486118647
19,concept,sd,0.5,median,0.013057756972237294
19,concept,sd,1.0,median,0.02611551394447459
19,concept,sd,2.0,median,0.05223102788894918
19,concept,sd,4.0,median,0.10446205577789835
19,concept,sd,8.0,median,0.2089241115557967
19,concept,sd,16.0,median,0.4178482231115934
19,concept,sd,32.0,median,0.8356964462231868
19,concept,sd,64.0,median,1.6713928924463737
19,concept,sd,128.0,median,3.3427857848927474
19,dropout,mad,0.25,median,0.8966892543819692
19,dropout,mad,0.5,median,1.7933785087639385
19,dropout,mad,1.0,median,3.586757017527877
19,dropout,mad,2.0,median,7.173514035055754
19,dropout,mad,4.0,median,14.347028070111508
19,dropout,mad,8.0,median,28.694056140223015
19,dropout,mad,16.0,median,57.38811228044603
19,dropout,mad,32.0,median,114.77622456089206
19,dropout,mad,64.0,median,229.55244912178412
19,dropout,mad,128.0,median,459.10489824356824
19,dropout,sd,0.25,median,0.11557873022412174
19,dropout,sd,0.5,median,0.23115746044824348
19,dropout,sd,1.0,median,0.46231492089648696
19,dropout,sd,2.0,median,0.9246298417929739
19,dropout,sd,4.0,median,1.8492596835859478
19,dropout,sd,8.0,median,3.6985193671718957
19,dropout,sd,16.0,median,7.397038734343791
19,dropout,sd,32.0,median,14.794077468687583
19,dropout,sd,64.0,median,29.588154937375165
19,dropout,sd,128.0,median,59.17630987475033
19,noise,mad,0.25,median,0.9651136739227619
19,noise,mad,0.5,median,1.9302273478455239
19,noise,mad,1.0,median,3.8604546956910477
19,noise,mad,2.0,median,7.720909391382095
19,noise,mad,4.0,median,15.44181878276419
19,noise,mad,8.0,median,30.88363756552838
19,noise,mad,16.0,median,61.76727513105676
19,noise,mad,32.0,median,123.53455026211353
19,noise,mad,64.0,median,247.06910052422705
19,noise,mad,128.0,median,494.1382010484541
19,noise,sd,0.25,median,0.1242753613888295
19,noise,sd,0.5,median,0.248550722777659
19,noise,sd,1.0,median,0.497101445555318
19,noise,sd,2.0,median,0.994202891110636
19,noise,sd,4.0,median,1.988405782221272
19,noise,sd,8.0,median,3.976811564442544
19,noise,sd,16.0,median,7.953623128885088
19,noise,sd,32.0,median,15.907246257770176
19,noise,sd,64.0,median,31.81449251554035
19,noise,sd,128.0,median,63.6289850310807
19,random,mad,0.25,median,1.0174851565377907
19,random,mad,0.5,median,2.0349703130755814
19,random,mad,1.0,median,4.069940626151163
19,random,mad,2.0,median,8.139881252302326
19,random,mad,4.0,median,16.27976250460465
19,random,mad,8.0,median,32.5595250092093
19,random,mad,16.0,median,65.1190500184186
19,random,mad,32.0,median,130.2381000368372
19,random,mad,64.0,median,260.4762000736744
19,random,mad,128.0,median,520.9524001473488
19,random,sd,0.25,median,0.054453215919411005
19,random,sd,0.5,median,0.10890643183882201
19,random,sd,1.0,median,0.21781286367764402
19,random,sd,2.0,median,0.43562572735528804
19,random,sd,4.0,median,0.8712514547105761
19,random,sd,8.0,median,1.7425029094211522
19,random,sd,16.0,median,3.4850058188423043
19,random,sd,32.0,median,6.970011637684609
19,random,sd,64.0,median,13.940023275369217
19,random,sd,128.0,median,27.880046550738435
20,concept,mad,0.25,median,0.3769174100545578
20,concept,mad,0.5,median,0.7538348201091156
20,concept,mad,1.0,median,1.5076696402182312
20,concept,mad,2.0,median,3.0153392804364625
20,concept,mad,4.0,median,6.030678560872925
20,concept,mad,8.0,median,12.06135712174585
20,concept,mad,16.0,median,24.1227142434917
20,concept,mad,32.0,median,48.2454284869834
20,concept,mad,64.0,median,96.4908569739668
20,concept,mad,128.0,median,192.9817139479336
20,concept,sd,0.25,median,0.00781751149421363
20,concept,sd,0.5,median,0.01563502298842726
20,concept,sd,1.0,median,0.03127004597685452
20,concept,sd,2.0,median,0.06254009195370903
20,concept,sd,4.0,median,0.12508018390741807
20,concept,sd,8.0,median,0.25016036781483614
20,concept,sd,16.0,median,0.5003207356296723
20,concept,sd,32.0,median,1.0006414712593446
20,concept,sd,64.0,median,2.001282942518689
20,concept,sd,128.0,median,4.002565885037378
20,dropout,mad,0.25,median,0.9043244329482348
20,dropout,mad,0.5,median,1.8086488658964697
20,dropout,mad,1.0,median,3.6172977317929393
20,dropout,mad,2.0,median,7.234595463585879
20,dropout,mad,4.0,median,14.469190927171757
20,dropout,mad,8.0,median,28.938381854343515
20,dropout,mad,16.0,median,57.87676370868703
20,dropout,mad,32.0,median,115.75352741737406
20,dropout,mad,64.0,median,231.50705483474812
20,dropout,mad,128.0,median,463.01410966949624
20,dropout,sd,0.25,median,0.1415066742235086
20,dropout,sd,0.5,median,0.2830133484470172
20,dropout,sd,1.0,median,0.5660266968940344
20,dropout,sd,2.0,median,1.1320533937880688
20,dropout,sd,4.0,median,2.2641067875761376
20,dropout,sd,8.0,median,4.528213575152275
20,dropout,sd,16.0,median,9.05642715030455
20,dropout,sd,32.0,median,18.1128543006091
20,dropout,sd,64.0,median,36.2257086012182
20,dropout,sd,128.0,median,72.4514172024364
20,noise,mad,0.25,median,0.8867790991987603
20,noise,mad,0.5,median,1.7735581983975206
20,noise,mad,1.0,median,3.547116396795041
20,noise,mad,2.0,median,7.094232793590082
20,noise,mad,4.0,median,14.188465587180165
20,noise,mad,8.0,median,28.37693117436033
20,noise,mad,16.0,median,56.75386234872066
20,noise,mad,32.0,median,113.50772469744132
20,noise,mad,64.0,median,227.01544939488264
20,noise,mad,128.0,median,454.0308987897653
20,noise,sd,0.25,median,0.12349376279182156
20,noise,sd,0.5,median,0.24698752558364312
20,noise,sd,1.0,median,0.49397505116728624
20,noise,sd,2.0,median,0.9879501023345725
20,noise,sd,4.0,median,1.975900204669145
20,noise,sd,8.0,median,3.95180040933829
20,noise,sd,16.0,median,7.90360081867658
20,noise,sd,32.0,median,15.80720163735316
20,noise,sd,64.0,median,31.61440327470632
20,noise,sd,128.0,median,63.22880654941264
20,random,mad,0.25,median,0.9593048598296021
20,random,mad,0.5,median,1.9186097196592042
20,random,mad,1.0,median,3.8372194393184085
20,random,mad,2.0,median,7.674438878636817
20,random,mad,4.0,median,15.348877757273634
20,random,mad,8.0,median,30.697755514547268
20,random,mad,16.0,median,61.395511029094536
20,random,mad,32.0,median,122.79102205818907
20,random,mad,64.0,median,245.58204411637814
20,random,mad,128.0,median,491.1640882327563
20,random,sd,0.25,median,0.15892820302208463
20,random,sd,0.5,median,0.31785640604416926
20,random,sd,1.0,median,0.6357128120883385
20,random,sd,2.0,median,1.271425624176677
20,random,sd,4.0,median,2.542851248353354
20,random,sd,8.0,median,5.085702496706708
20,random,sd,16.0,median,10.171404993413416
20,random,sd,32.0,median,20.342809986826833
20,random,sd,64.0,median,40.685619973653665
20,random,sd,128.0,median,81.37123994730733
21,concept,mad,0.25,median,0.3339477997011226
21,concept,mad,0.5,median,0.6678955994022452
21,concept,mad,1.0,median,1.3357911988044904
21,concept,mad,2.0,median,2.6715823976089808
21,concept,mad,4.0,median,5.3431647952179615
21,concept,mad,8.0,median,10.686329590435923
21,concept,mad,16.0,median,21.372659180871846
21,concept,mad,32.0,median,42.74531836174369
21,concept,mad,64.0,median,85.49063672348738
21,concept,mad,128.0,median,170.98127344697477
21,concept,sd,0.25,median,0.009038171830057829
21,concept,sd,0.5,median,0.018076343660115658
21,concept,sd,1.0,median,0.036152687320231316
21,concept,sd,2.0,median,0.07230537464046263
21,concept,sd,4.0,median,0.14461074928092527
21,concept,sd,8.0,median,0.28922149856185053
21,concept,sd,16.0,median,0.5784429971237011
21,concept,sd,32.0,median,1.1568859942474021
21,concept,sd,64.0,median,2.3137719884948043
21,concept,sd,128.0,median,4.6275439769896085
21,dropout,mad,0.25,median,0.8114159379021427
21,dropout,mad,0.5,median,1.6228318758042855
21,dropout,mad,1.0,median,3.245663751608571
21,dropout,mad,2.0,median,6.491327503217142
21,dropout,mad,4.0,median,12.982655006434284
21,dropout,mad,8.0,median,25.965310012868567
21,dropout,mad,16.0,median,51.930620025737134
21,dropout,mad,32.0,median,103.86124005147427
21,dropout,mad,64.0,median,207.72248010294854
21,dropout,mad,128.0,median,415.4449602058971
21,dropout,sd,0.25,median,0.10064692951175888
21,dropout,sd,0.5,median,0.20129385902351776
21,dropout,sd,1.0,median,0.4025877180470355
21,dropout,sd,2.0,median,0.805175436094071
21,dropout,sd,4.0,median,1.610350872188142
21,dropout,sd,8.0,median,3.220701744376284
21,dropout,sd,16.0,median,6.441403488752568
21,dropout,sd,32.0,median,12.882806977505137
21,dropout,sd,64.0,median,25.765613955010274
21,dropout,sd,128.0,median,51.53122791002055
21,noise,mad,0.25,median,0.7883180593835944
21,noise,mad,0.5,median,1.576636118767189
21,noise,mad,1.0,median,3.153272237534378
21,noise,mad,2.0,median,6.306544475068756
21,noise,mad,4.0,median,12.613088950137511
21,noise,mad,8.0,median,25.226177900275022
21,noise,mad,16.0,median,50.452355800550045
21,noise,mad,32.0,median,100.90471160110009
21,noise,mad,64.0,median,201.80942320220018
21,noise,mad,128.0,median,403.61884640440036
21,noise,sd,0.25,median,0.11556794505656065
21,noise,sd,0.5,median,0.2311358901131213
21,noise,sd,1.0,median,0.4622717802262426
21,noise,sd,2.0,median,0.9245435604524852
21,noise,sd,4.0,median,1.8490871209049704
21,noise,sd,8.0,median,3.698174241809941
21,noise,sd,16.0,median,7.396348483619882
21,noise,sd,32.0,median,14.792696967239763
21,noise,sd,64.0,median,29.585393934479526
21,noise,sd,128.0,median,59.17078786895905
21,random,mad,0.25,median,0.9080097846087564
21,random,mad,0.5,median,1.8160195692175127
21,random,mad,1.0,median,3.6320391384350255
21,random,mad,2.0,median,7.264078276870051
21,random,mad,4.0,median,14.528156553740102
21,random,mad,8.0,median,29.056313107480204
21,random,mad,16.0,median,58.11262621496041
21,random,mad,32.0,median,116.22525242992081
21,random,mad,64.0,median,232.45050485984163
21,random,mad,128.0,median,464.90100971968326
21,random,sd,0.25,median,0.23159431387947083
21,random,sd,0.5,median,0.46318862775894165
21,random,sd,1.0,median,0.9263772555178833
21,random,sd,2.0,median,1.8527545110357666
21,random,sd,4.0,median,3.705509022071533
21,random,sd,8.0,median,7.411018044143066
21,random,sd,16.0,median,14.822036088286133
21,random,sd,32.0,median,29.644072176572266
21,random,sd,64.0,median,59.28814435314453
21,random,sd,128.0,median,118.57628870628906
22,concept,mad,0.25,median,0.3118708788124909
22,concept,mad,0.5,median,0.6237417576249819
22,concept,mad,1.0,median,1.2474835152499637
22,concept,mad,2.0,median,2.4949670304999274
22,concept,mad,4.0,median,4.989934060999855
22,concept,mad,8.0,median,9.97986812199971
22,concept,mad,16.0,median,19.95973624399942
22,concept,mad,32.0,median,39.91947248799884
22,concept,mad,64.0,median,79.83894497599768
22,concept,mad,128.0,median,159.67788995199535
22,concept,sd,0.25,median,0.008092789663169168
22,concept,sd,0.5,median,0.016185579326338337
22,concept,sd,1.0,median,0.032371158652676674
22,concept,sd,2.0,median,0.06474231730535335
22,concept,sd,4.0,median,0.1294846346107067
22,concept,sd,8.0,median,0.2589692692214134
22,concept,sd,16.0,median,0.5179385384428268
22,concept,sd,32.0,median,1.0358770768856536
22,concept,sd,64.0,median,2.071754153771307
22,concept,sd,128.0,median,4.143508307542614
22,dropout,mad,0.25,median,0.6857590826927573
22,dropout,mad,0.5,median,1.3715181653855146
22,dropout,mad,1.0,median,2.7430363307710293
22,dropout,mad,2.0,median,5.4860726615420585
22,dropout,mad,4.0,median,10.972145323084117
22,dropout,mad,8.0,median,21.944290646168234
22,dropout,mad,16.0,median,43.88858129233647
22,dropout,mad,32.0,median,87.77716258467294
22,dropout,mad,64.0,median,175.55432516934587
22,dropout,mad,128.0,median,351.10865033869175
22,dropout,sd,0.25,median,0.09516649968810485
22,dropout,sd,0.5,median,0.1903329993762097
22,dropout,sd,1.0,median,0.3806659987524194
22,dropout,sd,2.0,median,0.7613319975048388
22,dropout,sd,4.0,median,1.5226639950096776
22,dropout,sd,8.0,median,3.0453279900193553
22,dropout,sd,16.0,median,6.090655980038711
22,dropout,sd,32.0,median,12.181311960077421
22,dropout,sd,64.0,median,24.362623920154842
22,dropout,sd,128.0,median,48.725247840309684
22,noise,mad,0.25,median,0.7129741712953295
22,noise,mad,0.5,median,1.425948342590659
22,noise,mad,1.0,median,2.851896685181318
22,noise,mad,2.0,median,5.703793370362636
22,noise,mad,4.0,median,11.407586740725272
22,noise,mad,8.0,median,22.815173481450543
22,noise,mad,16.0,median,45.630346962901086
22,noise,mad,32.0,median,91.26069392580217
22,noise,mad,64.0,median,182.52138785160435
22,noise,mad,128.0,median,365.0427757032087
22,noise,sd,0.25,median,0.11544814315506494
22,noise,sd,0.5,median,0.23089628631012987
22,noise,sd,1.0,median,0.46179257262025974
22,noise,sd,2.0,median,0.9235851452405195
22,noise,sd,4.0,median,1.847170290481039
22,noise,sd,8.0,median,3.694340580962078
22,noise,sd,16.0,median,7.388681161924156
22,noise,sd,32.0,median,14.777362323848312
22,noise,sd,64.0,median,29.554724647696624
22,noise,sd,128.0,median,59.10944929539325
22,random,mad,0.25,median,0.7484118124281469
22,random,mad,0.5,median,1.4968236248562938
22,random,mad,1.0,median,2.9936472497125877
22,random,mad,2.0,median,5.987294499425175
22,random,mad,4.0,median,11.97458899885035
22,random,mad,8.0,median,23.9491779977007
22,random,mad,16.0,median,47.8983559954014
22,random,mad,32.0,median,95.7967119908028
22,random,mad,64.0,median,191.5934239816056
22,random,mad,128.0,median,383.1868479632112
22,random,sd,0.25,median,0.058309362649575903
22,random,sd,0.5,median,0.11661872529915181
22,random,sd,1.0,median,0.23323745059830361
22,random,sd,2.0,median,0.46647490119660723
22,random,sd,4.0,median,0.9329498023932145
22,random,sd,8.0,median,1.865899604786429
22,random,sd,16.0,median,3.731799209572858
22,random,sd,32.0,median,7.463598419145716
22,random,sd,64.0,median,14.927196838291431
22,random,sd,128.0,median,29.854393676582863
23,concept,mad,0.25,median,0.3004349764065652
23,concept,mad,0.5,median,0.6008699528131304
23,concept,mad,1.0,median,1.2017399056262608
23,concept,mad,2.0,median,2.4034798112525215
23,concept,mad,4.0,median,4.806959622505043
23,concept,mad,8.0,median,9.613919245010086
23,concept,mad,16.0,median,19.227838490020172
23,concept,mad,32.0,median,38.455676980040344
23,concept,mad,64.0,median,76.91135396008069
23,concept,mad,128.0,median,153.82270792016138
23,concept,sd,0.25,median,0.010335857974055385
23,concept,sd,0.5,median,0.02067171594811077
23,concept,sd,1.0,median,0.04134343189622154
23,concept,sd,2.0,median,0.08268686379244308
23,concept,sd,4.0,median,0.16537372758488617
23,concept,sd,8.0,median,0.33074745516977233
23,concept,sd,16.0,median,0.6614949103395447
23,concept,sd,32.0,median,1.3229898206790893
23,concept,sd,64.0,median,2.6459796413581786
23,concept,sd,128.0,median,5.291959282716357
23,dropout,mad,0.25,median,0.6219554584734552
23,dropout,mad,0.5,median,1.2439109169469105
23,dropout,mad,1.0,median,2.487821833893821
23,dropout,mad,2.0,median,4.975643667787642
23,dropout,mad,4.0,median,9.951287335575284
23,dropout,mad,8.0,median,19.902574671150568
23,dropout,mad,16.0,median,39.805149342301135
23,dropout,mad,32.0,median,79.61029868460227
23,dropout,mad,64.0,median,159.22059736920454
23,dropout,mad,128.0,median,318.4411947384091
23,dropout,sd,0.25,median,0.07712350307760052
23,dropout,sd,0.5,median,0.15424700615520104
23,dropout,sd,1.0,median,0.3084940123104021
23,dropout,sd,2.0,median,0.6169880246208042
23,dropout,sd,4.0,median,1.2339760492416083
23,dropout,sd,8.0,median,2.4679520984832166
23,dropout,sd,16.0,median,4.935904196966433
23,dropout,sd,32.0,median,9.871808393932866
23,dropout,sd,64.0,median,19.743616787865733
23,dropout,sd,128.0,median,39.487233575731466
23,noise,mad,0.25,median,0.6570577204678848
23,noise,mad,0.5,median,1.3141154409357696
23,noise,mad,1.0,median,2.628230881871539
23,noise,mad,2.0,median,5.256461763743078
23,noise,mad,4.0,median,10.512923527486157
23,noise,mad,8.0,median,21.025847054972314
23,noise,mad,16.0,median,42.05169410994463
23,noise,mad,32.0,median,84.10338821988925
23,noise,mad,64.0,median,168.2067764397785
23,noise,mad,128.0,median,336.413552879557
23,noise,sd,0.25,median,0.12214283394087133
23,noise,sd,0.5,median,0.24428566788174266
23,noise,sd,1.0,median,0.4885713357634853
23,noise,sd,2.0,median,0.9771426715269707
23,noise,sd,4.0,median,1.9542853430539413
23,noise,sd,8.0,median,3.9085706861078826
23,noise,sd,16.0,median,7.817141372215765
23,noise,sd,32.0,median,15.63428274443153
23,noise,sd,64.0,median,31.26856548886306
23,noise,sd,128.0,median,62.53713097772612
23,random,mad,0.25,median,0.5904541682249062
23,random,mad,0.5,median,1.1809083364498123
23,random,mad,1.0,median,2.3618166728996246
23,random,mad,2.0,median,4.723633345799249
23,random,mad,4.0,median,9.447266691598498
23,random,mad,8.0,median,18.894533383196997
23,random,mad,16.0,median,37.789066766393994
23,random,mad,32.0,median,75.57813353278799
23,random,mad,64.0,median,151.15626706557597
23,random,mad,128.0,median,302.31253413115195
23,random,sd,0.25,median,0.07843970379370692
23,random,sd,0.5,median,0.15687940758741384
23,random,sd,1.0,median,0.3137588151748277
23,random,sd,2.0,median,0.6275176303496554
23,random,sd,4.0,median,1.2550352606993107
23,random,sd,8.0,median,2.5100705213986214
23,random,sd,16.0,median,5.020141042797243
23,random,sd,32.0,median,10.040282085594486
23,random,sd,64.0,median,20.08056417118897
23,random,sd,128.0,median,40.16112834237794
24,concept,mad,0.25,median,0.2994779158513643
24,concept,mad,0.5,median,0.5989558317027286
24,concept,mad,1.0,median,1.1979116634054572
24,concept,mad,2.0,median,2.3958233268109144
24,concept,mad,4.0,median,4.791646653621829
24,concept,mad,8.0,median,9.583293307243657
24,concept,mad,16.0,median,19.166586614487315
24,concept,mad,32.0,median,38.33317322897463
24,concept,mad,64.0,median,76.66634645794926
24,concept,mad,128.0,median,153.33269291589852
24,concept,sd,0.25,median,0.009464855211638604
24,concept,sd,0.5,median,0.018929710423277207
24,concept,sd,1.0,median,0.037859420846554415
24,concept,sd,2.0,median,0.07571884169310883
24,concept,sd,4.0,median,0.15143768338621766
24,concept,sd,8.0,median,0.3028753667724353
24,concept,sd,16.0,median,0.6057507335448706
24,concept,sd,32.0,median,1.2115014670897413
24,concept,sd,64.0,median,2.4230029341794825
24,concept,sd,128.0,median,4.846005868358965
24,dropout,mad,0.25,median,0.6027279036957998
24,dropout,mad,0.5,median,1.2054558073915995
24,dropout,mad,1.0,median,2.410911614783199
24,dropout,mad,2.0,median,4.821823229566398
24,dropout,mad,4.0,median,9.643646459132796
24,dropout,mad,8.0,median,19.287292918265592
24,dropout,mad,16.0,median,38.574585836531185
24,dropout,mad,32.0,median,77.14917167306237
24,dropout,mad,64.0,median,154.29834334612474
24,dropout,mad,128.0,median,308.5966866922495
24,dropout,sd,0.25,median,0.1410767873846167
24,dropout,sd,0.5,median,0.2821535747692334
24,dropout,sd,1.0,median,0.5643071495384668
24,dropout,sd,2.0,median,1.1286142990769337
24,dropout,sd,4.0,median,2.2572285981538673
24,dropout,sd,8.0,median,4.514457196307735
24,dropout,sd,16.0,median,9.02891439261547
24,dropout,sd,32.0,median,18.05782878523094
24,dropout,sd,64.0,median,36.11565757046188
24,dropout,sd,128.0,median,72.23131514092375
24,noise,mad,0.25,median,0.6127731605085893
24,noise,mad,0.5,median,1.2255463210171786
24,noise,mad,1.0,median,2.4510926420343573
24,noise,mad,2.0,median,4.902185284068715
24,noise,mad,4.0,median,9.80437056813743
24,noise,mad,8.0,median,19.60874113627486
24,noise,mad,16.0,median,39.21748227254972
24,noise,mad,32.0,median,78.43496454509943
24,noise,mad,64.0,median,156.86992909019887
24,noise,mad,128.0,median,313.73985818039773
24,noise,sd,0.25,median,0.10637402354252595
24,noise,sd,0.5,median,0.2127480470850519
24,noise,sd,1.0,median,0.4254960941701038
24,noise,sd,2.0,median,0.8509921883402076
24,noise,sd,4.0,median,1.7019843766804152
24,noise,sd,8.0,median,3.4039687533608305
24,noise,sd,16.0,median,6.807937506721661
24,noise,sd,32.0,median,13.615875013443322
24,noise,sd,64.0,median,27.231750026886644
24,noise,sd,128.0,median,54.46350005377329
24,random,mad,0.25,median,0.594183230095684
24,random,mad,0.5,median,1.188366460191368
24,random,mad,1.0,median,2.376732920382736
24,random,mad,2.0,median,4.753465840765472
24,random,mad,4.0,median,9.506931681530943
24,random,mad,8.0,median,19.013863363061887
24,random,mad,16.0,median,38.027726726123774
24,random,mad,32.0,median,76.05545345224755
24,random,mad,64.0,median,152.1109069044951
24,random,mad,128.0,median,304.2218138089902
24,random,sd,0.25,median,0.06969244849910491
24,random,sd,0.5,median,0.13938489699820983
24,random,sd,1.0,median,0.27876979399641966
24,random,sd,2.0,median,0.5575395879928393
24,random,sd,4.0,median,1.1150791759856786
24,random,sd,8.0,median,2.2301583519713573
24,random,sd,16.0,median,4.4603167039427145
24,random,sd,32.0,median,8.920633407885429
24,random,sd,64.0,median,17.841266815770858
24,random,sd,128.0,median,35.682533631541716
25,concept,mad,0.25,median,0.27582251788162493
25,concept,mad,0.5,median,0.5516450357632499
25,concept,mad,1.0,median,1.1032900715264997
25,concept,mad,2.0,median,2.2065801430529994
25,concept,mad,4.0,median,4.413160286105999
25,concept,mad,8.0,median,8.826320572211998
25,concept,mad,16.0,median,17.652641144423995
25,concept,mad,32.0,median,35.30528228884799
25,concept,mad,64.0,median,70.61056457769598
25,concept,mad,128.0,median,141.22112915539196
25,concept,sd,0.25,median,0.011243512684043987
25,concept,sd,0.5,median,0.022487025368087974
25,concept,sd,1.0,median,0.04497405073617595
25,concept,sd,2.0,median,0.0899481014723519
25,concept,sd,4.0,median,0.1798962029447038
25,concept,sd,8.0,median,0.3597924058894076
25,concept,sd,16.0,median,0.7195848117788152
25,concept,sd,32.0,median,1.4391696235576303
25,concept,sd,64.0,median,2.8783392471152607
25,concept,sd,128.0,median,5.756678494230521
25,dropout,mad,0.25,median,0.548718738807134
25,dropout,mad,0.5,median,1.097437477614268
25,dropout,mad,1.0,median,2.194874955228536
25,dropout,mad,2.0,median,4.389749910457072
25,dropout,mad,4.0,median,8.779499820914143
25,dropout,mad,8.0,median,17.558999641828287
25,dropout,mad,16.0,median,35.11799928365657
25,dropout,mad,32.0,median,70.23599856731315
25,dropout,mad,64.0,median,140.4719971346263
25,dropout,mad,128.0,median,280.9439942692526
25,dropout,sd,0.25,median,0.10345144792013802
25,dropout,sd,0.5,median,0.20690289584027605
25,dropout,sd,1.0,median,0.4138057916805521
25,dropout,sd,2.0,median,0.8276115833611042
25,dropout,sd,4.0,median,1.6552231667222084
25,dropout,sd,8.0,median,3.3104463334444167
25,dropout,sd,16.0,median,6.6208926668888335
25,dropout,sd,32.0,median,13.241785333777667
25,dropout,sd,64.0,median,26.483570667555334
25,dropout,sd,128.0,median,52.96714133511067
25,noise,mad,0.25,median,0.5663539839019283
25,noise,mad,0.5,median,1.1327079678038565
25,noise,mad,1.0,median,2.265415935607713
25,noise,mad,2.0,median,4.530831871215426
25,noise,mad,4.0,median,9.061663742430852
25,noise,mad,8.0,median,18.123327484861704
25,noise,mad,16.0,median,36.24665496972341
25,noise,mad,32.0,median,72.49330993944682
25,noise,mad,64.0,median,144.98661987889363
25,noise,mad,128.0,median,289.97323975778727
25,noise,sd,0.25,median,0.1151762704331992
25,noise,sd,0.5,median,0.2303525408663984
25,noise,sd,1.0,median,0.4607050817327968
25,noise,sd,2.0,median,0.9214101634655936
25,noise,sd,4.0,median,1.8428203269311871
25,noise,sd,8.0,median,3.6856406538623743
25,noise,sd,16.0,median,7.3712813077247485
25,noise,sd,32.0,median,14.742562615449497
25,noise,sd,64.0,median,29.485125230898994
25,noise,sd,128.0,median,58.97025046179799
25,random,mad,0.25,median,0.5578440373032677
25,random,mad,0.5,median,1.1156880746065354
25,random,mad,1.0,median,2.231376149213071
25,random,mad,2.0,median,4.462752298426142
25,random,mad,4.0,median,8.925504596852283
25,random,mad,8.0,median,17.851009193704567
25,random,mad,16.0,median,35.70201838740913
25,random,mad,32.0,median,71.40403677481827
25,random,mad,64.0,median,142.80807354963653
25,random,mad,128.0,median,285.61614709927306
25,random,sd,0.25,median,0.10780087599557028
25,random,sd,0.5,median,0.21560175199114057
25,random,sd,1.0,median,0.43120350398228113
25,random,sd,2.0,median,0.8624070079645623
25,random,sd,4.0,median,1.7248140159291245
25,random,sd,8.0,median,3.449628031858249
25,random,sd,16.0,median,6.899256063716498
25,random,sd,32.0,median,13.798512127432996
25,random,sd,64.0,median,27.597024254865993
25,random,sd,128.0,median,55.194048509731985
26,concept,mad,0.25,median,0.24511652919940277
26,concept,mad,0.5,median,0.49023305839880554
26,concept,mad,1.0,median,0.9804661167976111
26,concept,mad,2.0,median,1.9609322335952222
26,concept,mad,4.0,median,3.9218644671904443
26,concept,mad,8.0,median,7.843728934380889
26,concept,mad,16.0,median,15.687457868761777
26,concept,mad,32.0,median,31.374915737523555
26,concept,mad,64.0,median,62.74983147504711
26,concept,mad,128.0,median,125.49966295009422
26,concept,sd,0.25,median,0.011222470149790859
26,concept,sd,0.5,median,0.022444940299581717
26,concept,sd,1.0,median,0.044889880599163434
26,concept,sd,2.0,median,0.08977976119832687
26,concept,sd,4.0,median,0.17955952239665374
26,concept,sd,8.0,median,0.3591190447933075
26,concept,sd,16.0,median,0.718238089586615
26,concept,sd,32.0,median,1.43647617917323
26,concept,sd,64.0,median,2.87295235834646
26,concept,sd,128.0,median,5.74590471669292
26,dropout,mad,0.25,median,0.5167532253085672
26,dropout,mad,0.5,median,1.0335064506171343
26,dropout,mad,1.0,median,2.0670129012342686
26,dropout,mad,2.0,median,4.134025802468537
26,dropout,mad,4.0,median,8.268051604937074
26,dropout,mad,8.0,median,16.53610320987415
26,dropout,mad,16.0,median,33.0722064197483
26,dropout,mad,32.0,median,66.1444128394966
26,dropout,mad,64.0,median,132.2888256789932
26,dropout,mad,128.0,median,264.5776513579864
26,dropout,sd,0.25,median,0.07508391959909412
26,dropout,sd,0.5,median,0.15016783919818824
26,dropout,sd,1.0,median,0.3003356783963765
26,dropout,sd,2.0,median,0.600671356792753
26,dropout,sd,4.0,median,1.201342713585506
26,dropout,sd,8.0,median,2.402685427171012
26,dropout,sd,16.0,median,4.805370854342024
26,dropout,sd,32.0,median,9.610741708684047
26,dropout,sd,64.0,median,19.221483417368095
26,dropout,sd,128.0,median,38.44296683473619
26,noise,mad,0.25,median,0.533219595607255
26,noise,mad,0.5,median,1.06643919121451
26,noise,mad,1.0,median,2.13287838242902
26,noise,mad,2.0,median,4.26575676485804
26,noise,mad,4.0,median,8.53151352971608
26,noise,mad,8.0,median,17.06302705943216
26,noise,mad,16.0,median,34.12605411886432
26,noise,mad,32.0,median,68.25210823772863
26,noise,mad,64.0,median,136.50421647545727
26,noise,mad,128.0,median,273.00843295091454
26,noise,sd,0.25,median,0.11534398290167079
26,noise,sd,0.5,median,0.23068796580334158
26,noise,sd,1.0,median,0.46137593160668317
26,noise,sd,2.0,median,0.9227518632133663
26,noise,sd,4.0,median,1.8455037264267327
26,noise,sd,8.0,median,3.6910074528534653
26,noise,sd,16.0,median,7.382014905706931
26,noise,sd,32.0,median,14.764029811413861
26,noise,sd,64.0,median,29.528059622827723
26,noise,sd,128.0,median,59.056119245655445
26,random,mad,0.25,median,0.6018533383269137
26,random,mad,0.5,median,1.2037066766538274
26,random,mad,1.0,median,2.4074133533076547
26,random,mad,2.0,median,4.814826706615309
26,random,mad,4.0,median,9.629653413230619
26,random,mad,8.0,median,19.259306826461238
26,random,mad,16.0,median,38.518613652922475
26,random,mad,32.0,median,77.03722730584495
26,random,mad,64.0,median,154.0744546116899
26,random,mad,128.0,median,308.1489092233798
26,random,sd,0.25,median,0.0701876024105722
26,random,sd,0.5,median,0.1403752048211444
26,random,sd,1.0,median,0.2807504096422888
26,random,sd,2.0,median,0.5615008192845776
26,random,sd,4.0,median,1.1230016385691552
26,random,sd,8.0,median,2.2460032771383105
26,random,sd,16.0,median,4.492006554276621
26,random,sd,32.0,median,8.984013108553242
26,random,sd,64.0,median,17.968026217106484
26,random,sd,128.0,median,35.93605243421297
27,concept,mad,0.25,median,0.2592542745584193
27,concept,mad,0.5,median,0.5185085491168386
27,concept,mad,1.0,median,1.0370170982336773
27,concept,mad,2.0,median,2.0740341964673545
27,concept,mad,4.0,median,4.148068392934709
27,concept,mad,8.0,median,8.296136785869418
27,concept,mad,16.0,median,16.592273571738836
27,concept,mad,32.0,median,33.18454714347767
27,concept,mad,64.0,median,66.36909428695535
27,concept,mad,128.0,median,132.7381885739107
27,concept,sd,0.25,median,0.011629380938239457
27,concept,sd,0.5,median,0.023258761876478913
27,concept,sd,1.0,median,0.046517523752957826
27,concept,sd,2.0,median,0.09303504750591565
27,concept,sd,4.0,median,0.1860700950118313
27,concept,sd,8.0,median,0.3721401900236626
27,concept,sd,16.0,median,0.7442803800473252
27,concept,sd,32.0,median,1.4885607600946504
27,concept,sd,64.0,median,2.977121520189301
27,concept,sd,128.0,median,5.954243040378602
27,dropout,mad,0.25,median,0.488999634737908
27,dropout,mad,0.5,median,0.977999269475816
27,dropout,mad,1.0,median,1.955998538951632
27,dropout,mad,2.0,median,3.911997077903264
27,dropout,mad,4.0,median,7.823994155806528
27,dropout,mad,8.0,median,15.647988311613055
27,dropout,mad,16.0,median,31.29597662322611
27,dropout,mad,32.0,median,62.59195324645222
27,dropout,mad,64.0,median,125.18390649290444
27,dropout,mad,128.0,median,250.36781298580888
27,dropout,sd,0.25,median,0.10488812217804636
27,dropout,sd,0.5,median,0.2097762443560927
27,dropout,sd,1.0,median,0.4195524887121854
27,dropout,sd,2.0,median,0.8391049774243708
27,dropout,sd,4.0,median,1.6782099548487417
27,dropout,sd,8.0,median,3.3564199096974834
27,dropout,sd,16.0,median,6.712839819394967
27,dropout,sd,32.0,median,13.425679638789934
27,dropout,sd,64.0,median,26.851359277579867
27,dropout,sd,128.0,median,53.702718555159734
27,noise,mad,0.25,median,0.4964007194589814
27,noise,mad,0.5,median,0.9928014389179628
27,noise,mad,1.0,median,1.9856028778359256
27,noise,mad,2.0,median,3.971205755671851
27,noise,mad,4.0,median,7.942411511343702
27,noise,mad,8.0,median,15.884823022687405
27,noise,mad,16.0,median,31.76964604537481
27,noise,mad,32.0,median,63.53929209074962
27,noise,mad,64.0,median,127.07858418149924
27,noise,mad,128.0,median,254.15716836299848
27,noise,sd,0.25,median,0.11032605049777719
27,noise,sd,0.5,median,0.22065210099555438
27,noise,sd,1.0,median,0.44130420199110876
27,noise,sd,2.0,median,0.8826084039822175
27,noise,sd,4.0,median,1.765216807964435
27,noise,sd,8.0,median,3.53043361592887
27,noise,sd,16.0,median,7.06086723185774
27,noise,sd,32.0,median,14.12173446371548
27,noise,sd,64.0,median,28.24346892743096
27,noise,sd,128.0,median,56.48693785486192
27,random,mad,0.25,median,0.5204931050596686
27,random,mad,0.5,median,1.0409862101193372
27,random,mad,1.0,median,2.0819724202386745
27,random,mad,2.0,median,4.163944840477349
27,random,mad,4.0,median,8.327889680954698
27,random,mad,8.0,median,16.655779361909396
27,random,mad,16.0,median,33.31155872381879
27,random,mad,32.0,median,66.62311744763758
27,random,mad,64.0,median,133.24623489527517
27,random,mad,128.0,median,266.49246979055033
27,random,sd,0.25,median,0.08199066759821057
27,random,sd,0.5,median,0.16398133519642114
27,random,sd,1.0,median,0.32796267039284227
27,random,sd,2.0,median,0.6559253407856845
27,random,sd,4.0,median,1.311850681571369
27,random,sd,8.0,median,2.623701363142738
27,random,sd,16.0,median,5.247402726285476
27,random,sd,32.0,median,10.494805452570953
27,random,sd,64.0,median,20.989610905141905
27,random,sd,128.0,median,41.97922181028381
28,concept,mad,0.25,median,0.21569713396805645
28,concept,mad,0.5,median,0.4313942679361129
28,concept,mad,1.0,median,0.8627885358722258
28,concept,mad,2.0,median,1.7255770717444516
28,concept,mad,4.0,median,3.4511541434889033
28,concept,mad,8.0,median,6.9023082869778065
28,concept,mad,16.0,median,13.804616573955613
28,concept,mad,32.0,median,27.609233147911226
28,concept,mad,64.0,median,55.21846629582245
28,concept,mad,128.0,median,110.4369325916449
28,concept,sd,0.25,median,0.01258422243910945
28,concept,sd,0.5,median,0.0251684448782189
28,concept,sd,1.0,median,0.0503368897564378
28,concept,sd,2.0,median,0.1006737795128756
28,concept,sd,4.0,median,0.2013475590257512
28,concept,sd,8.0,median,0.4026951180515024
28,concept,sd,16.0,median,0.8053902361030048
28,concept,sd,32.0,median,1.6107804722060095
28,concept,sd,64.0,median,3.221560944412019
28,concept,sd,128.0,median,6.443121888824038
28,dropout,mad,0.25,median,0.45495515949114623
28,dropout,mad,0.5,median,0.9099103189822925
28,dropout,mad,1.0,median,1.819820637964585
28,dropout,mad,2.0,median,3.63964127592917
28,dropout,mad,4.0,median,7.27928255185834
28,dropout,mad,8.0,median,14.55856510371668
28,dropout,mad,16.0,median,29.11713020743336
28,dropout,mad,32.0,median,58.23426041486672
28,dropout,mad,64.0,median,116.46852082973344
28,dropout,mad,128.0,median,232.93704165946687
28,dropout,sd,0.25,median,0.18308260496100962
28,dropout,sd,0.5,median,0.36616520992201923
28,dropout,sd,1.0,median,0.7323304198440385
28,dropout,sd,2.0,median,1.464660839688077
28,dropout,sd,4.0,median,2.929321679376154
28,dropout,sd,8.0,median,5.858643358752308
28,dropout,sd,16.0,median,11.717286717504615
28,dropout,sd,32.0,median,23.43457343500923
28,dropout,sd,64.0,median,46.86914687001846
28,dropout,sd,128.0,median,93.73829374003692
28,noise,mad,0.25,median,0.45678563736415784
28,noise,mad,0.5,median,0.9135712747283157
28,noise,mad,1.0,median,1.8271425494566313
28,noise,mad,2.0,median,3.6542850989132627
28,noise,mad,4.0,median,7.308570197826525
28,noise,mad,8.0,median,14.61714039565305
28,noise,mad,16.0,median,29.2342807913061
28,noise,mad,32.0,median,58.4685615826122
28,noise,mad,64.0,median,116.9371231652244
28,noise,mad,128.0,median,233.8742463304488
28,noise,sd,0.25,median,0.11483640485250576
28,noise,sd,0.5,median,0.22967280970501153
28,noise,sd,1.0,median,0.45934561941002305
28,noise,sd,2.0,median,0.9186912388200461
28,noise,sd,4.0,median,1.8373824776400922
28,noise,sd,8.0,median,3.6747649552801844
28,noise,sd,16.0,median,7.349529910560369
28,noise,sd,32.0,median,14.699059821120738
28,noise,sd,64.0,median,29.398119642241475
28,noise,sd,128.0,median,58.79623928448295
28,random,mad,0.25,median,0.43810161757903215
28,random,mad,0.5,median,0.8762032351580643
28,random,mad,1.0,median,1.7524064703161286
28,random,mad,2.0,median,3.5048129406322572
28,random,mad,4.0,median,7.0096258812645145
28,random,mad,8.0,median,14.019251762529029
28,random,mad,16.0,median,28.038503525058058
28,random,mad,32.0,median,56.077007050116116
28,random,mad,64.0,median,112.15401410023223
28,random,mad,128.0,median,224.30802820046446
28,random,sd,0.25,median,0.1185291103073289
28,random,sd,0.5,median,0.2370582206146578
28,random,sd,1.0,median,0.4741164412293156
28,random,sd,2.0,median,0.9482328824586312
28,random,sd,4.0,median,1.8964657649172625
28,random,sd,8.0,median,3.792931529834525
28,random,sd,16.0,median,7.58586305966905
28,random,sd,32.0,median,15.1717261193381
28,random,sd,64.0,median,30.3434522386762
28,random,sd,128.0,median,60.6869044773524
29,concept,mad,0.25,median,0.19979949103449585
29,concept,mad,0.5,median,0.3995989820689917
29,concept,mad,1.0,median,0.7991979641379834
29,concept,mad,2.0,median,1.5983959282759668
29,concept,mad,4.0,median,3.1967918565519335
29,concept,mad,8.0,median,6.393583713103867
29,concept,mad,16.0,median,12.787167426207734
29,concept,mad,32.0,median,25.57433485241547
29,concept,mad,64.0,median,51.14866970483094
29,concept,mad,128.0,median,102.29733940966187
29,concept,sd,0.25,median,0.014021129640616217
29,concept,sd,0.5,median,0.028042259281232433
29,concept,sd,1.0,median,0.056084518562464866
29,concept,sd,2.0,median,0.11216903712492973
29,concept,sd,4.0,median,0.22433807424985946
29,concept,sd,8.0,median,0.44867614849971893
29,concept,sd,16.0,median,0.8973522969994379
29,concept,sd,32.0,median,1.7947045939988757
29,concept,sd,64.0,median,3.5894091879977514
29,concept,sd,128.0,median,7.178818375995503
29,dropout,mad,0.25,median,0.4146707222504581
29,dropout,mad,0.5,median,0.8293414445009162
29,dropout,mad,1.0,median,1.6586828890018324
29,dropout,mad,2.0,median,3.3173657780036647
29,dropout,mad,4.0,median,6.6347315560073294
29,dropout,mad,8.0,median,13.269463112014659
29,dropout,mad,16.0,median,26.538926224029318
29,dropout,mad,32.0,median,53.077852448058636
29,dropout,mad,64.0,median,106.15570489611727
29,dropout,mad,128.0,median,212.31140979223454
29,dropout,sd,0.25,median,0.06821495158172793
29,dropout,sd,0.5,median,0.13642990316345585
29,dropout,sd,1.0,median,0.2728598063269117
29,dropout,sd,2.0,median,0.5457196126538234
29,dropout,sd,4.0,median,1.0914392253076468
29,dropout,sd,8.0,median,2.1828784506152936
29,dropout,sd,16.0,median,4.365756901230587
29,dropout,sd,32.0,median,8.731513802461174
29,dropout,sd,64.0,median,17.46302760492235
29,dropout,sd,128.0,median,34.9260552098447
29,noise,mad,0.25,median,0.4098061429772002
29,noise,mad,0.5,median,0.8196122859544004
29,noise,mad,1.0,median,1.6392245719088008
29,noise,mad,2.0,median,3.2784491438176016
29,noise,mad,4.0,median,6.556898287635203
29,noise,mad,8.0,median,13.113796575270406
29,noise,mad,16.0,median,26.227593150540812
29,noise,mad,32.0,median,52.455186301081625
29,noise,mad,64.0,median,104.91037260216325
29,noise,mad,128.0,median,209.8207452043265
29,noise,sd,0.25,median,0.1203535835351974
29,noise,sd,0.5,median,0.2407071670703948
29,noise,sd,1.0,median,0.4814143341407896
29,noise,sd,2.0,median,0.9628286682815792
29,noise,sd,4.0,median,1.9256573365631584
29,noise,sd,8.0,median,3.851314673126317
29,noise,sd,16.0,median,7.702629346252634
29,noise,sd,32.0,median,15.405258692505267
29,noise,sd,64.0,median,30.810517385010534
29,noise,sd,128.0,median,61.62103477002107
29,random,mad,0.25,median,0.4136369484987636
29,random,mad,0.5,median,0.8272738969975272
29,random,mad,1.0,median,1.6545477939950544
29,random,mad,2.0,median,3.3090955879901087
29,random,mad,4.0,median,6.6181911759802174
29,random,mad,8.0,median,13.236382351960435
29,random,mad,16.0,median,26.47276470392087
29,random,mad,32.0,median,52.94552940784174
29,random,mad,64.0,median,105.89105881568348
29,random,mad,128.0,median,211.78211763136696
29,random,sd,0.25,median,0.06643755118163891
29,random,sd,0.5,median,0.13287510236327782
29,random,sd,1.0,median,0.26575020472655564
29,random,sd,2.0,median,0.5315004094531113
29,random,sd,4.0,median,1.0630008189062226
29,random,sd,8.0,median,2.126001637812445
29,random,sd,16.0,median,4.25200327562489
29,random,sd,32.0,median,8.50400655124978
29,random,sd,64.0,median,17.00801310249956
29,random,sd,128.0,median,34.01602620499912
30,concept,mad,0.25,median,0.16497431492053688
30,concept,mad,0.5,median,0.32994862984107376
30,concept,mad,1.0,median,0.6598972596821475
30,concept,mad,2.0,median,1.319794519364295
30,concept,mad,4.0,median,2.63958903872859
30,concept,mad,8.0,median,5.27917807745718
30,concept,mad,16.0,median,10.55835615491436
30,concept,mad,32.0,median,21.11671230982872
30,concept,mad,64.0,median,42.23342461965744
30,concept,mad,128.0,median,84.46684923931488
30,concept,sd,0.25,median,0.02154092580992794
30,concept,sd,0.5,median,0.04308185161985588
30,concept,sd,1.0,median,0.08616370323971176
30,concept,sd,2.0,median,0.17232740647942352
30,concept,sd,4.0,median,0.34465481295884703
30,concept,sd,8.0,median,0.6893096259176941
30,concept,sd,16.0,median,1.3786192518353881
30,concept,sd,32.0,median,2.7572385036707763
30,concept,sd,64.0,median,5.5144770073415526
30,concept,sd,128.0,median,11.028954014683105
30,dropout,mad,0.25,median,0.3540769147139204
30,dropout,mad,0.5,median,0.7081538294278408
30,dropout,mad,1.0,median,1.4163076588556816
30,dropout,mad,2.0,median,2.832615317711363
30,dropout,mad,4.0,median,5.665230635422726
30,dropout,mad,8.0,median,11.330461270845452
30,dropout,mad,16.0,median,22.660922541690905
30,dropout,mad,32.0,median,45.32184508338181
30,dropout,mad,64.0,median,90.64369016676362
30,dropout,mad,128.0,median,181.28738033352724
30,dropout,sd,0.25,median,0.07653889247532007
30,dropout,sd,0.5,median,0.15307778495064014
30,dropout,sd,1.0,median,0.3061555699012803
30,dropout,sd,2.0,median,0.6123111398025606
30,dropout,sd,4.0,median,1.2246222796051212
30,dropout,sd,8.0,median,2.4492445592102423
30,dropout,sd,16.0,median,4.898489118420485
30,dropout,sd,32.0,median,9.79697823684097
30,dropout,sd,64.0,median,19.59395647368194
30,dropout,sd,128.0,median,39.18791294736388
30,noise,mad,0.25,median,0.35221745465468235
30,noise,mad,0.5,median,0.7044349093093647
30,noise,mad,1.0,median,1.4088698186187294
30,noise,mad,2.0,median,2.817739637237459
30,noise,mad,4.0,median,5.635479274474918
30,noise,mad,8.0,median,11.270958548949835
30,noise,mad,16.0,median,22.54191709789967
30,noise,mad,32.0,median,45.08383419579934
30,noise,mad,64.0,median,90.16766839159868
30,noise,mad,128.0,median,180.33533678319736
30,noise,sd,0.25,median,0.11694887185550218
30,noise,sd,0.5,median,0.23389774371100436
30,noise,sd,1.0,median,0.4677954874220087
30,noise,sd,2.0,median,0.9355909748440174
30,noise,sd,4.0,median,1.8711819496880349
30,noise,sd,8.0,median,3.7423638993760697
30,noise,sd,16.0,median,7.4847277987521394
30,noise,sd,32.0,median,14.969455597504279
30,noise,sd,64.0,median,29.938911195008558
30,noise,sd,128.0,median,59.877822390017116
30,random,mad,0.25,median,0.3475277348257049
30,random,mad,0.5,median,0.6950554696514099
30,random,mad,1.0,median,1.3901109393028197
30,random,mad,2.0,median,2.7802218786056394
30,random,mad,4.0,median,5.560443757211279
30,random,mad,8.0,median,11.120887514422558
30,random,mad,16.0,median,22.241775028845115
30,random,mad,32.0,median,44.48355005769023
30,random,mad,64.0,median,88.96710011538046
30,random,mad,128.0,median,177.93420023076092
30,random,sd,0.25,median,0.2513621431873435
30,random,sd,0.5,median,0.502724286374687
30,random,sd,1.0,median,1.005448572749374
30,random,sd,2.0,median,2.010897145498748
30,random,sd,4.0,median,4.021794290997496
30,random,sd,8.0,median,8.043588581994992
30,random,sd,16.0,median,16.087177163989985
30,random,sd,32.0,median,32.17435432797997
30,random,sd,64.0,median,64.34870865595994
30,random,sd,128.0,median,128.69741731191988
0,concept,mad,0.25,max,2.106677889125921
0,concept,mad,0.5,max,4.213355778251842
0,concept,mad,1.0,max,8.426711556503683
0,concept,mad,2.0,max,16.853423113007366
0,concept,mad,4.0,max,33.70684622601473
0,concept,mad,8.0,max,67.41369245202947
0,concept,mad,16.0,max,134.82738490405893
0,concept,mad,32.0,max,269.65476980811786
0,concept,mad,64.0,max,539.3095396162357
0,concept,mad,128.0,max,1078.6190792324714
0,concept,sd,0.25,max,0.4282253159014273
0,concept,sd,0.5,max,0.8564506318028546
0,concept,sd,1.0,max,1.7129012636057093
0,concept,sd,2.0,max,3.4258025272114185
0,concept,sd,4.0,max,6.851605054422837
0,concept,sd,8.0,max,13.703210108845674
0,concept,sd,16.0,max,27.40642021769135
0,concept,sd,32.0,max,54.8128404353827
0,concept,sd,64.0,max,109.6256808707654
0,concept,sd,128.0,max,219.2513617415308
0,dropout,mad,0.25,max,10.983710635673965
0,dropout,mad,0.5,max,21.96742127134793
0,dropout,mad,1.0,max,43.93484254269586
0,dropout,mad,2.0,max,87.86968508539172
0,dropout,mad,4.0,max,175.73937017078345
0,dropout,mad,8.0,max,351.4787403415669
0,dropout,mad,16.0,max,702.9574806831338
0,dropout,mad,32.0,max,1405.9149613662676
0,dropout,mad,64.0,max,2811.829922732535
0,dropout,mad,128.0,max,5623.65984546507
0,dropout,sd,0.25,max,7.491718886862399
0,dropout,sd,0.5,max,14.983437773724798
0,dropout,sd,1.0,max,29.966875547449597
0,dropout,sd,2.0,max,59.93375109489919
0,dropout,sd,4.0,max,119.86750218979839
0,dropout,sd,8.0,max,239.73500437959677
0,dropout,sd,16.0,max,479.47000875919355
0,dropout,sd,32.0,max,958.9400175183871
0,dropout,sd,64.0,max,1917.8800350367742
0,dropout,sd,128.0,max,3835.7600700735484
0,noise,mad,0.25,max,28.38824434785289
0,noise,mad,0.5,max,56.77648869570578
0,noise,mad,1.0,max,113.55297739141156
0,noise,mad,2.0,max,227.10595478282312
0,noise,mad,4.0,max,454.21190956564624
0,noise,mad,8.0,max,908.4238191312925
0,noise,mad,16.0,max,1816.847638262585
0,noise,mad,32.0,max,3633.69527652517
0,noise,mad,64.0,max,7267.39055305034
0,noise,mad,128.0,max,14534.78110610068
0,noise,sd,0.25,max,18.087999956286264
0,noise,sd,0.5,max,36.17599991257253
0,noise,sd,1.0,max,72.35199982514506
0,noise,sd,2.0,max,144.70399965029011
0,noise,sd,4.0,max,289.40799930058023
0,noise,sd,8.0,max,578.8159986011605
0,noise,sd,16.0,max,1157.631997202321
0,noise,sd,32.0,max,2315.263994404642
0,noise,sd,64.0,max,4630.527988809284
0,noise,sd,128.0,max,9261.055977618567
0,random,mad,0.25,max,11.827648461050305
0,random,mad,0.5,max,23.65529692210061
0,random,mad,1.0,max,47.31059384420122
0,random,mad,2.0,max,94.62118768840244
0,random,mad,4.0,max,189.2423753768049
0,random,mad,8.0,max,378.4847507536098
0,random,mad,16.0,max,756.9695015072195
0,random,mad,32.0,max,1513.939003014439
0,random,mad,64.0,max,3027.878006028878
0,random,mad,128.0,max,6055.756012057756
0,random,sd,0.25,max,8.445480950738911
0,random,sd,0.5,max,16.890961901477823
0,random,sd,1.0,max,33.781923802955646
0,random,sd,2.0,max,67.56384760591129
0,random,sd,4.0,max,135.12769521182258
0,random,sd,8.0,max,270.25539042364517
0,random,sd,16.0,max,540.5107808472903
0,random,sd,32.0,max,1081.0215616945807
0,random,sd,64.0,max,2162.0431233891613
0,random,sd,128.0,max,4324.086246778323
1,concept,mad,0.25,max,3.706255893343646
1,concept,mad,0.5,max,7.412511786687292
1,concept,mad,1.0,max,14.825023573374583
1,concept,mad,2.0,max,29.650047146749166
1,concept,mad,4.0,max,59.30009429349833
1,concept,mad,8.0,max,118.60018858699667
1,concept,mad,16.0,max,237.20037717399333
1,concept,mad,32.0,max,474.40075434798666
1,concept,mad,64.0,max,948.8015086959733
1,concept,mad,128.0,max,1897.6030173919467
1,concept,sd,0.25,max,0.0020205513777486112
1,concept,sd,0.5,max,0.0040411027554972225
1,concept,sd,1.0,max,0.008082205510994445
1,concept,sd,2.0,max,0.01616441102198889
1,concept,sd,4.0,max,0.03232882204397778
1,concept,sd,8.0,max,0.06465764408795556
1,concept,sd,16.0,max,0.12931528817591112
1,concept,sd,32.0,max,0.25863057635182224
1,concept,sd,64.0,max,0.5172611527036445
1,concept,sd,128.0,max,1.034522305407289
1,dropout,mad,0.25,max,8.71384040120694
1,dropout,mad,0.5,max,17.42768080241388
1,dropout,mad,1.0,max,34.85536160482776
1,dropout,mad,2.0,max,69.71072320965553
1,dropout,mad,4.0,max,139.42144641931105
1,dropout,mad,8.0,max,278.8428928386221
1,dropout,mad,16.0,max,557.6857856772442
1,dropout,mad,32.0,max,1115.3715713544884
1,dropout,mad,64.0,max,2230.743142708977
1,dropout,mad,128.0,max,4461.486285417954
1,dropout,sd,0.25,max,0.17239444903886983
1,dropout,sd,0.5,max,0.34478889807773966
1,dropout,sd,1.0,max,0.6895777961554793
1,dropout,sd,2.0,max,1.3791555923109586
1,dropout,sd,4.0,max,2.7583111846219173
1,dropout,sd,8.0,max,5.5166223692438345
1,dropout,sd,16.0,max,11.033244738487669
1,dropout,sd,32.0,max,22.066489476975338
1,dropout,sd,64.0,max,44.132978953950676
1,dropout,sd,128.0,max,88.26595790790135
1,noise,mad,0.25,max,12.62453484581979
1,noise,mad,0.5,max,25.24906969163958
1,noise,mad,1.0,max,50.49813938327916
1,noise,mad,2.0,max,100.99627876655832
1,noise,mad,4.0,max,201.99255753311664
1,noise,mad,8.0,max,403.9851150662333
1,noise,mad,16.0,max,807.9702301324666
1,noise,mad,32.0,max,1615.940460264933
1,noise,mad,64.0,max,3231.880920529866
1,noise,mad,128.0,max,6463.761841059732
1,noise,sd,0.25,max,11.556095833645449
1,noise,sd,0.5,max,23.112191667290897
1,noise,sd,1.0,max,46.224383334581795
1,noise,sd,2.0,max,92.44876666916359
1,noise,sd,4.0,max,184.89753333832718
1,noise,sd,8.0,max,369.79506667665436
1,noise,sd,16.0,max,739.5901333533087
1,noise,sd,32.0,max,1479.1802667066174
1,noise,sd,64.0,max,2958.360533413235
1,noise,sd,128.0,max,5916.72106682647
1,random,mad,0.25,max,8.859077384772075
1,random,mad,0.5,max,17.71815476954415
1,random,mad,1.0,max,35.4363095390883
1,random,mad,2.0,max,70.8726190781766
1,random,mad,4.0,max,141.7452381563532
1,random,mad,8.0,max,283.4904763127064
1,random,mad,16.0,max,566.9809526254128
1,random,mad,32.0,max,1133.9619052508256
1,random,mad,64.0,max,2267.923810501651
1,random,mad,128.0,max,4535.847621003302
1,random,sd,0.25,max,1.0068456243120127
1,random,sd,0.5,max,2.0136912486240255
1,random,sd,1.0,max,4.027382497248051
1,random,sd,2.0,max,8.054764994496102
1,random,sd,4.0,max,16.109529988992204
1,random,sd,8.0,max,32.21905997798441
1,random,sd,16.0,max,64.43811995596882
1,random,sd,32.0,max,128.87623991193763
1,random,sd,64.0,max,257.75247982387526
1,random,sd,128.0,max,515.5049596477505
2,concept,mad,0.25,max,3.7566401270190815
2,concept,mad,0.5,max,7.513280254038163
2,concept,mad,1.0,max,15.026560508076326
2,concept,mad,2.0,max,30.05312101615265
2,concept,mad,4.0,max,60.1062420323053
2,concept,mad,8.0,max,120.2124840646106
2,concept,mad,16.0,max,240.4249681292212
2,concept,mad,32.0,max,480.8499362584424
2,concept,mad,64.0,max,961.6998725168849
2,concept,mad,128.0,max,1923.3997450337697
2,concept,sd,0.25,max,0.002223440892389957
2,concept,sd,0.5,max,0.004446881784779914
2,concept,sd,1.0,max,0.008893763569559829
2,concept,sd,2.0,max,0.017787527139119658
2,concept,sd,4.0,max,0.035575054278239315
2,concept,sd,8.0,max,0.07115010855647863
2,concept,sd,16.0,max,0.14230021711295726
2,concept,sd,32.0,max,0.2846004342259145
2,concept,sd,64.0,max,0.569200868451829
2,concept,sd,128.0,max,1.138401736903658
2,dropout,mad,0.25,max,6.497567384034929
2,dropout,mad,0.5,max,12.995134768069859
2,dropout,mad,1.0,max,25.990269536139717
2,dropout,mad,2.0,max,51.980539072279434
2,dropout,mad,4.0,max,103.96107814455887
2,dropout,mad,8.0,max,207.92215628911774
2,dropout,mad,16.0,max,415.8443125782355
2,dropout,mad,32.0,max,831.688625156471
2,dropout,mad,64.0,max,1663.377250312942
2,dropout,mad,128.0,max,3326.754500625884
2,dropout,sd,0.25,max,0.13372664345210605
2,dropout,sd,0.5,max,0.2674532869042121
2,dropout,sd,1.0,max,0.5349065738084242
2,dropout,sd,2.0,max,1.0698131476168484
2,dropout,sd,4.0,max,2.139626295233697
2,dropout,sd,8.0,max,4.279252590467394
2,dropout,sd,16.0,max,8.558505180934787
2,dropout,sd,32.0,max,17.117010361869575
2,dropout,sd,64.0,max,34.23402072373915
2,dropout,sd,128.0,max,68.4680414474783
2,noise,mad,0.25,max,8.299974564167849
2,noise,mad,0.5,max,16.599949128335698
2,noise,mad,1.0,max,33.199898256671396
2,noise,mad,2.0,max,66.39979651334279
2,noise,mad,4.0,max,132.79959302668559
2,noise,mad,8.0,max,265.59918605337117
2,noise,mad,16.0,max,531.1983721067423
2,noise,mad,32.0,max,1062.3967442134847
2,noise,mad,64.0,max,2124.7934884269694
2,noise,mad,128.0,max,4249.586976853939
2,noise,sd,0.25,max,6.534195307088884
2,noise,sd,0.5,max,13.068390614177767
2,noise,sd,1.0,max,26.136781228355535
2,noise,sd,2.0,max,52.27356245671107
2,noise,sd,4.0,max,104.54712491342214
2,noise,sd,8.0,max,209.09424982684428
2,noise,sd,16.0,max,418.18849965368855
2,noise,sd,32.0,max,836.3769993073771
2,noise,sd,64.0,max,1672.7539986147542
2,noise,sd,128.0,max,3345.5079972295084
2,random,mad,0.25,max,7.334895965834182
2,random,mad,0.5,max,14.669791931668364
2,random,mad,1.0,max,29.339583863336728
2,random,mad,2.0,max,58.679167726673455
2,random,mad,4.0,max,117.35833545334691
2,random,mad,8.0,max,234.71667090669382
2,random,mad,16.0,max,469.43334181338764
2,random,mad,32.0,max,938.8666836267753
2,random,mad,64.0,max,1877.7333672535506
2,random,mad,128.0,max,3755.466734507101
2,random,sd,0.25,max,0.1692578559490668
2,random,sd,0.5,max,0.3385157118981336
2,random,sd,1.0,max,0.6770314237962672
2,random,sd,2.0,max,1.3540628475925345
2,random,sd,4.0,max,2.708125695185069
2,random,sd,8.0,max,5.416251390370138
2,random,sd,16.0,max,10.832502780740276
2,random,sd,32.0,max,21.66500556148055
2,random,sd,64.0,max,43.3300111229611
2,random,sd,128.0,max,86.6600222459222
3,concept,mad,0.25,max,2.91694325242185
3,concept,mad,0.5,max,5.8338865048437
3,concept,mad,1.0,max,11.6677730096874
3,concept,mad,2.0,max,23.3355460193748
3,concept,mad,4.0,max,46.6710920387496
3,concept,mad,8.0,max,93.3421840774992
3,concept,mad,16.0,max,186.6843681549984
3,concept,mad,32.0,max,373.3687363099968
3,concept,mad,64.0,max,746.7374726199936
3,concept,mad,128.0,max,1493.4749452399872
3,concept,sd,0.25,max,0.0033107123064027117
3,concept,sd,0.5,max,0.0066214246128054235
3,concept,sd,1.0,max,0.013242849225610847
3,concept,sd,2.0,max,0.026485698451221694
3,concept,sd,4.0,max,0.05297139690244339
3,concept,sd,8.0,max,0.10594279380488678
3,concept,sd,16.0,max,0.21188558760977355
3,concept,sd,32.0,max,0.4237711752195471
3,concept,sd,64.0,max,0.8475423504390942
3,concept,sd,128.0,max,1.6950847008781884
3,dropout,mad,0.25,max,4.430051874382357
3,dropout,mad,0.5,max,8.860103748764715
3,dropout,mad,1.0,max,17.72020749752943
3,dropout,mad,2.0,max,35.44041499505886
3,dropout,mad,4.0,max,70.88082999011772
3,dropout,mad,8.0,max,141.76165998023544
3,dropout,mad,16.0,max,283.5233199604709
3,dropout,mad,32.0,max,567.0466399209417
3,dropout,mad,64.0,max,1134.0932798418835
3,dropout,mad,128.0,max,2268.186559683767
3,dropout,sd,0.25,max,0.07490271508033673
3,dropout,sd,0.5,max,0.14980543016067346
3,dropout,sd,1.0,max,0.29961086032134693
3,dropout,sd,2.0,max,0.5992217206426939
3,dropout,sd,4.0,max,1.1984434412853877
3,dropout,sd,8.0,max,2.3968868825707754
3,dropout,sd,16.0,max,4.793773765141551
3,dropout,sd,32.0,max,9.587547530283102
3,dropout,sd,64.0,max,19.175095060566203
3,dropout,sd,128.0,max,38.35019012113241
3,noise,mad,0.25,max,6.638696447069328
3,noise,mad,0.5,max,13.277392894138655
3,noise,mad,1.0,max,26.55478578827731
3,noise,mad,2.0,max,53.10957157655462
3,noise,mad,4.0,max,106.21914315310924
3,noise,mad,8.0,max,212.4382863062185
3,noise,mad,16.0,max,424.876572612437
3,noise,mad,32.0,max,849.753145224874
3,noise,mad,64.0,max,1699.506290449748
3,noise,mad,128.0,max,3399.012580899496
3,noise,sd,0.25,max,5.928346023833103
3,noise,sd,0.5,max,11.856692047666206
3,noise,sd,1.0,max,23.71338409533241
3,noise,sd,2.0,max,47.42676819066482
3,noise,sd,4.0,max,94.85353638132965
3,noise,sd,8.0,max,189.7070727626593
3,noise,sd,16.0,max,379.4141455253186
3,noise,sd,32.0,max,758.8282910506372
3,noise,sd,64.0,max,1517.6565821012744
3,noise,sd,128.0,max,3035.3131642025487
3,random,mad,0.25,max,4.794953283260708
3,random,mad,0.5,max,9.589906566521416
3,random,mad,1.0,max,19.17981313304283
3,random,mad,2.0,max,38.35962626608566
3,random,mad,4.0,max,76.71925253217132
3,random,mad,8.0,max,153.43850506434265
3,random,mad,16.0,max,306.8770101286853
3,random,mad,32.0,max,613.7540202573706
3,random,mad,64.0,max,1227.5080405147412
3,random,mad,128.0,max,2455.0160810294824
3,random,sd,0.25,max,0.07398010546956578
3,random,sd,0.5,max,0.14796021093913156
3,random,sd,1.0,max,0.2959204218782631
3,random,sd,2.0,max,0.5918408437565262
3,random,sd,4.0,max,1.1836816875130525
3,random,sd,8.0,max,2.367363375026105
3,random,sd,16.0,max,4.73472675005221
3,random,sd,32.0,max,9.46945350010442
3,random,sd,64.0,max,18.93890700020884
3,random,sd,128.0,max,37.87781400041768
4,concept,mad,0.25,max,2.268682503445381
4,concept,mad,0.5,max,4.537365006890762
4,concept,mad,1.0,max,9.074730013781524
4,concept,mad,2.0,max,18.149460027563048
4,concept,mad,4.0,max,36.298920055126096
4,concept,mad,8.0,max,72.59784011025219
4,concept,mad,16.0,max,145.19568022050439
4,concept,mad,32.0,max,290.39136044100877
4,concept,mad,64.0,max,580.7827208820175
4,concept,mad,128.0,max,1161.565441764035
4,concept,sd,0.25,max,0.0035438029040447197
4,concept,sd,0.5,max,0.007087605808089439
4,concept,sd,1.0,max,0.014175211616178879
4,concept,sd,2.0,max,0.028350423232357758
4,concept,sd,4.0,max,0.056700846464715515
4,concept,sd,8.0,max,0.11340169292943103
4,concept,sd,16.0,max,0.22680338585886206
4,concept,sd,32.0,max,0.4536067717177241
4,concept,sd,64.0,max,0.9072135434354482
4,concept,sd,128.0,max,1.8144270868708965
4,dropout,mad,0.25,max,3.557221492678719
4,dropout,mad,0.5,max,7.114442985357438
4,dropout,mad,1.0,max,14.228885970714876
4,dropout,mad,2.0,max,28.45777194142975
4,dropout,mad,4.0,max,56.9155438828595
4,dropout,mad,8.0,max,113.831087765719
4,dropout,mad,16.0,max,227.662175531438
4,dropout,mad,32.0,max,455.324351062876
4,dropout,mad,64.0,max,910.648702125752
4,dropout,mad,128.0,max,1821.297404251504
4,dropout,sd,0.25,max,0.12200772271263306
4,dropout,sd,0.5,max,0.24401544542526613
4,dropout,sd,1.0,max,0.48803089085053225
4,dropout,sd,2.0,max,0.9760617817010645
4,dropout,sd,4.0,max,1.952123563402129
4,dropout,sd,8.0,max,3.904247126804258
4,dropout,sd,16.0,max,7.808494253608516
4,dropout,sd,32.0,max,15.616988507217032
4,dropout,sd,64.0,max,31.233977014434064
4,dropout,sd,128.0,max,62.46795402886813
4,noise,mad,0.25,max,5.787054449384216
4,noise,mad,0.5,max,11.574108898768433
4,noise,mad,1.0,max,23.148217797536866
4,noise,mad,2.0,max,46.29643559507373
4,noise,mad,4.0,max,92.59287119014746
4,noise,mad,8.0,max,185.18574238029493
4,noise,mad,16.0,max,370.37148476058985
4,noise,mad,32.0,max,740.7429695211797
4,noise,mad,64.0,max,1481.4859390423594
4,noise,mad,128.0,max,2962.971878084719
4,noise,sd,0.25,max,5.008733687549845
4,noise,sd,0.5,max,10.01746737509969
4,noise,sd,1.0,max,20.03493475019938
4,noise,sd,2.0,max,40.06986950039876
4,noise,sd,4.0,max,80.13973900079752
4,noise,sd,8.0,max,160.27947800159504
4,noise,sd,16.0,max,320.5589560031901
4,noise,sd,32.0,max,641.1179120063802
4,noise,sd,64.0,max,1282.2358240127603
4,noise,sd,128.0,max,2564.4716480255206
4,random,mad,0.25,max,3.980088145106527
4,random,mad,0.5,max,7.960176290213054
4,random,mad,1.0,max,15.920352580426108
4,random,mad,2.0,max,31.840705160852217
4,random,mad,4.0,max,63.68141032170443
4,random,mad,8.0,max,127.36282064340887
4,random,mad,16.0,max,254.72564128681773
4,random,mad,32.0,max,509.45128257363547
4,random,mad,64.0,max,1018.9025651472709
4,random,mad,128.0,max,2037.8051302945419
4,random,sd,0.25,max,1.540475927613145
4,random,sd,0.5,max,3.08095185522629
4,random,sd,1.0,max,6.16190371045258
4,random,sd,2.0,max,12.32380742090516
4,random,sd,4.0,max,24.64761484181032
4,random,sd,8.0,max,49.29522968362064
4,random,sd,16.0,max,98.59045936724128
4,random,sd,32.0,max,197.18091873448256
4,random,sd,64.0,max,394.3618374689651
4,random,sd,128.0,max,788.7236749379302
5,concept,mad,0.25,max,1.9959348998668967
5,concept,mad,0.5,max,3.9918697997337933
5,concept,mad,1.0,max,7.983739599467587
5,concept,mad,2.0,max,15.967479198935173
5,concept,mad,4.0,max,31.934958397870346
5,concept,mad,8.0,max,63.86991679574069
5,concept,mad,16.0,max,127.73983359148139
5,concept,mad,32.0,max,255.47966718296277
5,concept,mad,64.0,max,510.95933436592554
5,concept,mad,128.0,max,1021.9186687318511
5,concept,sd,0.25,max,0.004068020719794207
5,concept,sd,0.5,max,0.008136041439588414
5,concept,sd,1.0,max,0.01627208287917683
5,concept,sd,2.0,max,0.03254416575835366
5,concept,sd,4.0,max,0.06508833151670732
5,concept,sd,8.0,max,0.13017666303341463
5,concept,sd,16.0,max,0.26035332606682926
5,concept,sd,32.0,max,0.5207066521336585
5,concept,sd,64.0,max,1.041413304267317
5,concept,sd,128.0,max,2.082826608534634
5,dropout,mad,0.25,max,2.9571679800272013
5,dropout,mad,0.5,max,5.9143359600544025
5,dropout,mad,1.0,max,11.828671920108805
5,dropout,mad,2.0,max,23.65734384021761
5,dropout,mad,4.0,max,47.31468768043522
5,dropout,mad,8.0,max,94.62937536087044
5,dropout,mad,16.0,max,189.25875072174088
5,dropout,mad,32.0,max,378.51750144348176
5,dropout,mad,64.0,max,757.0350028869635
5,dropout,mad,128.0,max,1514.070005773927
5,dropout,sd,0.25,max,0.10893294276552802
5,dropout,sd,0.5,max,0.21786588553105604
5,dropout,sd,1.0,max,0.4357317710621121
5,dropout,sd,2.0,max,0.8714635421242242
5,dropout,sd,4.0,max,1.7429270842484483
5,dropout,sd,8.0,max,3.4858541684968967
5,dropout,sd,16.0,max,6.971708336993793
5,dropout,sd,32.0,max,13.943416673987587
5,dropout,sd,64.0,max,27.886833347975173
5,dropout,sd,128.0,max,55.77366669595035
5,noise,mad,0.25,max,5.326099734252401
5,noise,mad,0.5,max,10.652199468504802
5,noise,mad,1.0,max,21.304398937009605
5,noise,mad,2.0,max,42.60879787401921
5,noise,mad,4.0,max,85.21759574803842
5,noise,mad,8.0,max,170.43519149607684
5,noise,mad,16.0,max,340.8703829921537
5,noise,mad,32.0,max,681.7407659843074
5,noise,mad,64.0,max,1363.4815319686147
5,noise,mad,128.0,max,2726.9630639372294
5,noise,sd,0.25,max,4.315371778201954
5,noise,sd,0.5,max,8.630743556403909
5,noise,sd,1.0,max,17.261487112807817
5,noise,sd,2.0,max,34.522974225615634
5,noise,sd,4.0,max,69.04594845123127
5,noise,sd,8.0,max,138.09189690246254
5,noise,sd,16.0,max,276.1837938049251
5,noise,sd,32.0,max,552.3675876098501
5,noise,sd,64.0,max,1104.7351752197003
5,noise,sd,128.0,max,2209.4703504394006
5,random,mad,0.25,max,3.359525038879987
5,random,mad,0.5,max,6.719050077759974
5,random,mad,1.0,max,13.438100155519948
5,random,mad,2.0,max,26.876200311039895
5,random,mad,4.0,max,53.75240062207979
5,random,mad,8.0,max,107.50480124415958
5,random,mad,16.0,max,215.00960248831916
5,random,mad,32.0,max,430.0192049766383
5,random,mad,64.0,max,860.0384099532766
5,random,mad,128.0,max,1720.0768199065533
5,random,sd,0.25,max,0.4811602909321636
5,random,sd,0.5,max,0.9623205818643272
5,random,sd,1.0,max,1.9246411637286545
5,random,sd,2.0,max,3.849282327457309
5,random,sd,4.0,max,7.698564654914618
5,random,sd,8.0,max,15.397129309829236
5,random,sd,16.0,max,30.79425861965847
5,random,sd,32.0,max,61.58851723931694
5,random,sd,64.0,max,123.17703447863389
5,random,sd,128.0,max,246.35406895726777
6,concept,mad,0.25,max,1.6958723581124016
6,concept,mad,0.5,max,3.391744716224803
6,concept,mad,1.0,max,6.783489432449606
6,concept,mad,2.0,max,13.566978864899212
6,concept,mad,4.0,max,27.133957729798425
6,concept,mad,8.0,max,54.26791545959685
6,concept,mad,16.0,max,108.5358309191937
6,concept,mad,32.0,max,217.0716618383874
6,concept,mad,64.0,max,434.1433236767748
6,concept,mad,128.0,max,868.2866473535496
6,concept,sd,0.25,max,0.004822374036648461
6,concept,sd,0.5,max,0.009644748073296922
6,concept,sd,1.0,max,0.019289496146593844
6,concept,sd,2.0,max,0.03857899229318769
6,concept,sd,4.0,max,0.07715798458637538
6,concept,sd,8.0,max,0.15431596917275076
6,concept,sd,16.0,max,0.3086319383455015
6,concept,sd,32.0,max,0.617263876691003
6,concept,sd,64.0,max,1.234527753382006
6,concept,sd,128.0,max,2.469055506764012
6,dropout,mad,0.25,max,2.6732231754638933
6,dropout,mad,0.5,max,5.346446350927787
6,dropout,mad,1.0,max,10.692892701855573
6,dropout,mad,2.0,max,21.385785403711147
6,dropout,mad,4.0,max,42.77157080742229
6,dropout,mad,8.0,max,85.54314161484459
6,dropout,mad,16.0,max,171.08628322968917
6,dropout,mad,32.0,max,342.17256645937834
6,dropout,mad,64.0,max,684.3451329187567
6,dropout,mad,128.0,max,1368.6902658375134
6,dropout,sd,0.25,max,0.15676836213747755
6,dropout,sd,0.5,max,0.3135367242749551
6,dropout,sd,1.0,max,0.6270734485499102
6,dropout,sd,2.0,max,1.2541468970998204
6,dropout,sd,4.0,max,2.508293794199641
6,dropout,sd,8.0,max,5.016587588399282
6,dropout,sd,16.0,max,10.033175176798563
6,dropout,sd,32.0,max,20.066350353597127
6,dropout,sd,64.0,max,40.13270070719425
6,dropout,sd,128.0,max,80.2654014143885
6,noise,mad,0.25,max,4.100081807865373
6,noise,mad,0.5,max,8.200163615730746
6,noise,mad,1.0,max,16.400327231461493
6,noise,mad,2.0,max,32.800654462922985
6,noise,mad,4.0,max,65.60130892584597
6,noise,mad,8.0,max,131.20261785169194
6,noise,mad,16.0,max,262.4052357033839
6,noise,mad,32.0,max,524.8104714067678
6,noise,mad,64.0,max,1049.6209428135355
6,noise,mad,128.0,max,2099.241885627071
6,noise,sd,0.25,max,3.656049122951809
6,noise,sd,0.5,max,7.312098245903618
6,noise,sd,1.0,max,14.624196491807236
6,noise,sd,2.0,max,29.248392983614472
6,noise,sd,4.0,max,58.496785967228945
6,noise,sd,8.0,max,116.99357193445789
6,noise,sd,16.0,max,233.98714386891578
6,noise,sd,32.0,max,467.97428773783156
6,noise,sd,64.0,max,935.9485754756631
6,noise,sd,128.0,max,1871.8971509513262
6,random,mad,0.25,max,2.836261951227741
6,random,mad,0.5,max,5.672523902455482
6,random,mad,1.0,max,11.345047804910964
6,random,mad,2.0,max,22.690095609821928
6,random,mad,4.0,max,45.380191219643855
6,random,mad,8.0,max,90.76038243928771
6,random,mad,16.0,max,181.52076487857542
6,random,mad,32.0,max,363.04152975715084
6,random,mad,64.0,max,726.0830595143017
6,random,mad,128.0,max,1452.1661190286034
6,random,sd,0.25,max,0.24288895806771485
6,random,sd,0.5,max,0.4857779161354297
6,random,sd,1.0,max,0.9715558322708594
6,random,sd,2.0,max,1.9431116645417188
6,random,sd,4.0,max,3.8862233290834376
6,random,sd,8.0,max,7.772446658166875
6,random,sd,16.0,max,15.54489331633375
6,random,sd,32.0,max,31.0897866326675
6,random,sd,64.0,max,62.179573265335
6,random,sd,128.0,max,124.35914653067
7,concept,mad,0.25,max,1.2427442531355795
7,concept,mad,0.5,max,2.485488506271159
7,concept,mad,1.0,max,4.970977012542318
7,concept,mad,2.0,max,9.941954025084636
7,concept,mad,4.0,max,19.88390805016927
7,concept,mad,8.0,max,39.76781610033854
7,concept,mad,16.0,max,79.53563220067709
7,concept,mad,32.0,max,159.07126440135417
7,concept,mad,64.0,max,318.14252880270834
7,concept,mad,128.0,max,636.2850576054167
7,concept,sd,0.25,max,0.00674727201909442
7,concept,sd,0.5,max,0.01349454403818884
7,concept,sd,1.0,max,0.02698908807637768
7,concept,sd,2.0,max,0.05397817615275536
7,concept,sd,4.0,max,0.10795635230551072
7,concept,sd,8.0,max,0.21591270461102144
7,concept,sd,16.0,max,0.4318254092220429
7,concept,sd,32.0,max,0.8636508184440858
7,concept,sd,64.0,max,1.7273016368881715
7,concept,sd,128.0,max,3.454603273776343
7,dropout,mad,0.25,max,2.4062417661744933
7,dropout,mad,0.5,max,4.8124835323489865
7,dropout,mad,1.0,max,9.624967064697973
7,dropout,mad,2.0,max,19.249934129395946
7,dropout,mad,4.0,max,38.49986825879189
7,dropout,mad,8.0,max,76.99973651758378
7,dropout,mad,16.0,max,153.99947303516757
7,dropout,mad,32.0,max,307.99894607033514
7,dropout,mad,64.0,max,615.9978921406703
7,dropout,mad,128.0,max,1231.9957842813405
7,dropout,sd,0.25,max,0.08037701761184642
7,dropout,sd,0.5,max,0.16075403522369283
7,dropout,sd,1.0,max,0.32150807044738566
7,dropout,sd,2.0,max,0.6430161408947713
7,dropout,sd,4.0,max,1.2860322817895427
7,dropout,sd,8.0,max,2.5720645635790853
7,dropout,sd,16.0,max,5.144129127158171
7,dropout,sd,32.0,max,10.288258254316341
7,dropout,sd,64.0,max,20.576516508632682
7,dropout,sd,128.0,max,41.153033017265365
7,noise,mad,0.25,max,3.784220370725628
7,noise,mad,0.5,max,7.568440741451256
7,noise,mad,1.0,max,15.136881482902512
7,noise,mad,2.0,max,30.273762965805023
7,noise,mad,4.0,max,60.547525931610046
7,noise,mad,8.0,max,121.09505186322009
7,noise,mad,16.0,max,242.19010372644019
7,noise,mad,32.0,max,484.38020745288037
7,noise,mad,64.0,max,968.7604149057607
7,noise,mad,128.0,max,1937.5208298115215
7,noise,sd,0.25,max,3.824374060372417
7,noise,sd,0.5,max,7.648748120744834
7,noise,sd,1.0,max,15.297496241489668
7,noise,sd,2.0,max,30.594992482979336
7,noise,sd,4.0,max,61.18998496595867
7,noise,sd,8.0,max,122.37996993191734
7,noise,sd,16.0,max,244.7599398638347
7,noise,sd,32.0,max,489.5198797276694
7,noise,sd,64.0,max,979.0397594553388
7,noise,sd,128.0,max,1958.0795189106775
7,random,mad,0.25,max,2.631631698897641
7,random,mad,0.5,max,5.263263397795282
7,random,mad,1.0,max,10.526526795590565
7,random,mad,2.0,max,21.05305359118113
7,random,mad,4.0,max,42.10610718236226
7,random,mad,8.0,max,84.21221436472452
7,random,mad,16.0,max,168.42442872944903
7,random,mad,32.0,max,336.84885745889807
7,random,mad,64.0,max,673.6977149177961
7,random,mad,128.0,max,1347.3954298355923
7,random,sd,0.25,max,0.09647272469210309
7,random,sd,0.5,max,0.19294544938420619
7,random,sd,1.0,max,0.38589089876841237
7,random,sd,2.0,max,0.7717817975368247
7,random,sd,4.0,max,1.5435635950736495
7,random,sd,8.0,max,3.087127190147299
7,random,sd,16.0,max,6.174254380294598
7,random,sd,32.0,max,12.348508760589196
7,random,sd,64.0,max,24.69701752117839
7,random,sd,128.0,max,49.39403504235678
8,concept,mad,0.25,max,1.1475787416587648
8,concept,mad,0.5,max,2.2951574833175297
8,concept,mad,1.0,max,4.590314966635059
8,concept,mad,2.0,max,9.180629933270119
8,concept,mad,4.0,max,18.361259866540237
8,concept,mad,8.0,max,36.722519733080475
8,concept,mad,16.0,max,73.44503946616095
8,concept,mad,32.0,max,146.8900789323219
8,concept,mad,64.0,max,293.7801578646438
8,concept,mad,128.0,max,587.5603157292876
8,concept,sd,0.25,max,0.007269526525043977
8,concept,sd,0.5,max,0.014539053050087954
8,concept,sd,1.0,max,0.02907810610017591
8,concept,sd,2.0,max,0.05815621220035182
8,concept,sd,4.0,max,0.11631242440070363
8,concept,sd,8.0,max,0.23262484880140727
8,concept,sd,16.0,max,0.46524969760281454
8,concept,sd,32.0,max,0.9304993952056291
8,concept,sd,64.0,max,1.8609987904112582
8,concept,sd,128.0,max,3.7219975808225163
8,dropout,mad,0.25,max,2.529566005889808
8,dropout,mad,0.5,max,5.059132011779616
8,dropout,mad,1.0,max,10.118264023559233
8,dropout,mad,2.0,max,20.236528047118465
8,dropout,mad,4.0,max,40.47305609423693
8,dropout,mad,8.0,max,80.94611218847386
8,dropout,mad,16.0,max,161.89222437694772
8,dropout,mad,32.0,max,323.78444875389545
8,dropout,mad,64.0,max,647.5688975077909
8,dropout,mad,128.0,max,1295.1377950155818
8,dropout,sd,0.25,max,0.15283806514873297
8,dropout,sd,0.5,max,0.30567613029746593
8,dropout,sd,1.0,max,0.6113522605949319
8,dropout,sd,2.0,max,1.2227045211898637
8,dropout,sd,4.0,max,2.4454090423797274
8,dropout,sd,8.0,max,4.890818084759455
8,dropout,sd,16.0,max,9.78163616951891
8,dropout,sd,32.0,max,19.56327233903782
8,dropout,sd,64.0,max,39.12654467807564
8,dropout,sd,128.0,max,78.25308935615128
8,noise,mad,0.25,max,3.7668666827533777
8,noise,mad,0.5,max,7.533733365506755
8,noise,mad,1.0,max,15.06746673101351
8,noise,mad,2.0,max,30.13493346202702
8,noise,mad,4.0,max,60.26986692405404
8,noise,mad,8.0,max,120.53973384810809
8,noise,mad,16.0,max,241.07946769621617
8,noise,mad,32.0,max,482.15893539243234
8,noise,mad,64.0,max,964.3178707848647
8,noise,mad,128.0,max,1928.6357415697294
8,noise,sd,0.25,max,3.5332588887276026
8,noise,sd,0.5,max,7.066517777455205
8,noise,sd,1.0,max,14.13303555491041
8,noise,sd,2.0,max,28.26607110982082
8,noise,sd,4.0,max,56.53214221964164
8,noise,sd,8.0,max,113.06428443928328
8,noise,sd,16.0,max,226.12856887856657
8,noise,sd,32.0,max,452.25713775713314
8,noise,sd,64.0,max,904.5142755142663
8,noise,sd,128.0,max,1809.0285510285325
8,random,mad,0.25,max,2.615858385785946
8,random,mad,0.5,max,5.231716771571892
8,random,mad,1.0,max,10.463433543143784
8,random,mad,2.0,max,20.92686708628757
8,random,mad,4.0,max,41.85373417257514
8,random,mad,8.0,max,83.70746834515028
8,random,mad,16.0,max,167.41493669030055
8,random,mad,32.0,max,334.8298733806011
8,random,mad,64.0,max,669.6597467612022
8,random,mad,128.0,max,1339.3194935224044
8,random,sd,0.25,max,1.5493047750091007
8,random,sd,0.5,max,3.0986095500182014
8,random,sd,1.0,max,6.197219100036403
8,random,sd,2.0,max,12.394438200072806
8,random,sd,4.0,max,24.78887640014561
8,random,sd,8.0,max,49.57775280029122
8,random,sd,16.0,max,99.15550560058244
8,random,sd,32.0,max,198.3110112011649
8,random,sd,64.0,max,396.6220224023298
8,random,sd,128.0,max,793.2440448046596
9,concept,mad,0.25,max,1.016628780230576
9,concept,mad,0.5,max,2.033257560461152
9,concept,mad,1.0,max,4.066515120922304
9,concept,mad,2.0,max,8.133030241844608
9,concept,mad,4.0,max,16.266060483689216
9,concept,mad,8.0,max,32.53212096737843
9,concept,mad,16.0,max,65.06424193475686
9,concept,mad,32.0,max,130.12848386951373
9,concept,mad,64.0,max,260.25696773902746
9,concept,mad,128.0,max,520.5139354780549
9,concept,sd,0.25,max,0.007002884485555039
9,concept,sd,0.5,max,0.014005768971110078
9,concept,sd,1.0,max,0.028011537942220156
9,concept,sd,2.0,max,0.05602307588444031
9,concept,sd,4.0,max,0.11204615176888062
9,concept,sd,8.0,max,0.22409230353776124
9,concept,sd,16.0,max,0.4481846070755225
9,concept,sd,32.0,max,0.896369214151045
9,concept,sd,64.0,max,1.79273842830209
9,concept,sd,128.0,max,3.58547685660418
9,dropout,mad,0.25,max,2.229170385833983
9,dropout,mad,0.5,max,4.458340771667966
9,dropout,mad,1.0,max,8.916681543335931
9,dropout,mad,2.0,max,17.833363086671863
9,dropout,mad,4.0,max,35.666726173343726
9,dropout,mad,8.0,max,71.33345234668745
9,dropout,mad,16.0,max,142.6669046933749
9,dropout,mad,32.0,max,285.3338093867498
9,dropout,mad,64.0,max,570.6676187734996
9,dropout,mad,128.0,max,1141.3352375469992
9,dropout,sd,0.25,max,0.09923647265213127
9,dropout,sd,0.5,max,0.19847294530426254
9,dropout,sd,1.0,max,0.3969458906085251
9,dropout,sd,2.0,max,0.7938917812170502
9,dropout,sd,4.0,max,1.5877835624341003
9,dropout,sd,8.0,max,3.1755671248682007
9,dropout,sd,16.0,max,6.351134249736401
9,dropout,sd,32.0,max,12.702268499472803
9,dropout,sd,64.0,max,25.404536998945606
9,dropout,sd,128.0,max,50.80907399789121
9,noise,mad,0.25,max,3.71999721946992
9,noise,mad,0.5,max,7.43999443893984
9,noise,mad,1.0,max,14.87998887787968
9,noise,mad,2.0,max,29.75997775575936
9,noise,mad,4.0,max,59.51995551151872
9,noise,mad,8.0,max,119.03991102303743
9,noise,mad,16.0,max,238.07982204607487
9,noise,mad,32.0,max,476.15964409214973
9,noise,mad,64.0,max,952.3192881842995
9,noise,mad,128.0,max,1904.638576368599
9,noise,sd,0.25,max,3.1657010508773813
9,noise,sd,0.5,max,6.331402101754763
9,noise,sd,1.0,max,12.662804203509525
9,noise,sd,2.0,max,25.32560840701905
9,noise,sd,4.0,max,50.6512168140381
9,noise,sd,8.0,max,101.3024336280762
9,noise,sd,16.0,max,202.6048672561524
9,noise,sd,32.0,max,405.2097345123048
9,noise,sd,64.0,max,810.4194690246096
9,noise,sd,128.0,max,1620.8389380492192
9,random,mad,0.25,max,2.301170244002075
9,random,mad,0.5,max,4.60234048800415
9,random,mad,1.0,max,9.2046809760083
9,random,mad,2.0,max,18.4093619520166
9,random,mad,4.0,max,36.8187239040332
9,random,mad,8.0,max,73.6374478080664
9,random,mad,16.0,max,147.2748956161328
9,random,mad,32.0,max,294.5497912322656
9,random,mad,64.0,max,589.0995824645312
9,random,mad,128.0,max,1178.1991649290624
9,random,sd,0.25,max,0.13766326797529754
9,random,sd,0.5,max,0.2753265359505951
9,random,sd,1.0,max,0.5506530719011902
9,random,sd,2.0,max,1.1013061438023803
9,random,sd,4.0,max,2.2026122876047607
9,random,sd,8.0,max,4.405224575209521
9,random,sd,16.0,max,8.810449150419043
9,random,sd,32.0,max,17.620898300838086
9,random,sd,64.0,max,35.24179660167617
9,random,sd,128.0,max,70.48359320335234
10,concept,mad,0.25,max,1.0174597694774208
10,concept,mad,0.5,max,2.0349195389548416
10,concept,mad,1.0,max,4.069839077909683
10,concept,mad,2.0,max,8.139678155819366
10,concept,mad,4.0,max,16.279356311638733
10,concept,mad,8.0,max,32.558712623277465
10,concept,mad,16.0,max,65.11742524655493
10,concept,mad,32.0,max,130.23485049310986
10,concept,mad,64.0,max,260.4697009862197
10,concept,mad,128.0,max,520.9394019724394
10,concept,sd,0.25,max,0.008265986924147123
10,concept,sd,0.5,max,0.016531973848294246
10,concept,sd,1.0,max,0.03306394769658849
10,concept,sd,2.0,max,0.06612789539317698
10,concept,sd,4.0,max,0.13225579078635397
10,concept,sd,8.0,max,0.26451158157270793
10,concept,sd,16.0,max,0.5290231631454159
10,concept,sd,32.0,max,1.0580463262908317
10,concept,sd,64.0,max,2.1160926525816635
10,concept,sd,128.0,max,4.232185305163327
10,dropout,mad,0.25,max,1.9395390051352643
10,dropout,mad,0.5,max,3.8790780102705287
10,dropout,mad,1.0,max,7.758156020541057
10,dropout,mad,2.0,max,15.516312041082115
10,dropout,mad,4.0,max,31.03262408216423
10,dropout,mad,8.0,max,62.06524816432846
10,dropout,mad,16.0,max,124.13049632865692
10,dropout,mad,32.0,max,248.26099265731384
10,dropout,mad,64.0,max,496.52198531462767
10,dropout,mad,128.0,max,993.0439706292553
10,dropout,sd,0.25,max,0.18075337702082128
10,dropout,sd,0.5,max,0.36150675404164256
10,dropout,sd,1.0,max,0.7230135080832851
10,dropout,sd,2.0,max,1.4460270161665703
10,dropout,sd,4.0,max,2.8920540323331405
10,dropout,sd,8.0,max,5.784108064666281
10,dropout,sd,16.0,max,11.568216129332562
10,dropout,sd,32.0,max,23.136432258665124
10,dropout,sd,64.0,max,46.27286451733025
10,dropout,sd,128.0,max,92.5457290346605
10,noise,mad,0.25,max,3.219415240778212
10,noise,mad,0.5,max,6.438830481556424
10,noise,mad,1.0,max,12.877660963112849
10,noise,mad,2.0,max,25.755321926225697
10,noise,mad,4.0,max,51.510643852451395
10,noise,mad,8.0,max,103.02128770490279
10,noise,mad,16.0,max,206.04257540980558
10,noise,mad,32.0,max,412.08515081961116
10,noise,mad,64.0,max,824.1703016392223
10,noise,mad,128.0,max,1648.3406032784446
10,noise,sd,0.25,max,2.775924131566993
10,noise,sd,0.5,max,5.551848263133986
10,noise,sd,1.0,max,11.103696526267973
10,noise,sd,2.0,max,22.207393052535945
10,noise,sd,4.0,max,44.41478610507189
10,noise,sd,8.0,max,88.82957221014378
10,noise,sd,16.0,max,177.65914442028756
10,noise,sd,32.0,max,355.3182888405751
10,noise,sd,64.0,max,710.6365776811502
10,noise,sd,128.0,max,1421.2731553623005
10,random,mad,0.25,max,2.0638822296101
10,random,mad,0.5,max,4.1277644592202
10,random,mad,1.0,max,8.2555289184404
10,random,mad,2.0,max,16.5110578368808
10,random,mad,4.0,max,33.0221156737616
10,random,mad,8.0,max,66.0442313475232
10,random,mad,16.0,max,132.0884626950464
10,random,mad,32.0,max,264.1769253900928
10,random,mad,64.0,max,528.3538507801856
10,random,mad,128.0,max,1056.707701560371
10,random,sd,0.25,max,0.09068814961757934
10,random,sd,0.5,max,0.1813762992351587
10,random,sd,1.0,max,0.3627525984703174
10,random,sd,2.0,max,0.7255051969406348
10,random,sd,4.0,max,1.4510103938812695
10,random,sd,8.0,max,2.902020787762539
10,random,sd,16.0,max,5.804041575525078
10,random,sd,32.0,max,11.608083151050156
10,random,sd,64.0,max,23.216166302100312
10,random,sd,128.0,max,46.432332604200624
11,concept,mad,0.25,max,1.0966809502742396
11,concept,mad,0.5,max,2.1933619005484792
11,concept,mad,1.0,max,4.3867238010969585
11,concept,mad,2.0,max,8.773447602193917
11,concept,mad,4.0,max,17.546895204387834
11,concept,mad,8.0,max,35.09379040877567
11,concept,mad,16.0,max,70.18758081755134
11,concept,mad,32.0,max,140.37516163510267
11,concept,mad,64.0,max,280.75032327020534
11,concept,mad,128.0,max,561.5006465404107
11,concept,sd,0.25,max,0.007468024745840334
11,concept,sd,0.5,max,0.014936049491680668
11,concept,sd,1.0,max,0.029872098983361337
11,concept,sd,2.0,max,0.05974419796672267
11,concept,sd,4.0,max,0.11948839593344535
11,concept,sd,8.0,max,0.2389767918668907
11,concept,sd,16.0,max,0.4779535837337814
11,concept,sd,32.0,max,0.9559071674675628
11,concept,sd,64.0,max,1.9118143349351255
11,concept,sd,128.0,max,3.823628669870251
11,dropout,mad,0.25,max,1.956153441847195
11,dropout,mad,0.5,max,3.91230688369439
11,dropout,mad,1.0,max,7.82461376738878
11,dropout,mad,2.0,max,15.64922753477756
11,dropout,mad,4.0,max,31.29845506955512
11,dropout,mad,8.0,max,62.59691013911024
11,dropout,mad,16.0,max,125.19382027822049
11,dropout,mad,32.0,max,250.38764055644097
11,dropout,mad,64.0,max,500.77528111288194
11,dropout,mad,128.0,max,1001.5505622257639
11,dropout,sd,0.25,max,0.19591843172365658
11,dropout,sd,0.5,max,0.39183686344731317
11,dropout,sd,1.0,max,0.7836737268946263
11,dropout,sd,2.0,max,1.5673474537892527
11,dropout,sd,4.0,max,3.1346949075785053
11,dropout,sd,8.0,max,6.269389815157011
11,dropout,sd,16.0,max,12.538779630314021
11,dropout,sd,32.0,max,25.077559260628043
11,dropout,sd,64.0,max,50.155118521256085
11,dropout,sd,128.0,max,100.31023704251217
11,noise,mad,0.25,max,3.5822272318221215
11,noise,mad,0.5,max,7.164454463644243
11,noise,mad,1.0,max,14.328908927288486
11,noise,mad,2.0,max,28.657817854576972
11,noise,mad,4.0,max,57.315635709153945
11,noise,mad,8.0,max,114.63127141830789
11,noise,mad,16.0,max,229.26254283661578
11,noise,mad,32.0,max,458.52508567323156
11,noise,mad,64.0,max,917.0501713464631
11,noise,mad,128.0,max,1834.1003426929262
11,noise,sd,0.25,max,3.0527948765133757
11,noise,sd,0.5,max,6.105589753026751
11,noise,sd,1.0,max,12.211179506053503
11,noise,sd,2.0,max,24.422359012107005
11,noise,sd,4.0,max,48.84471802421401
11,noise,sd,8.0,max,97.68943604842802
11,noise,sd,16.0,max,195.37887209685604
11,noise,sd,32.0,max,390.7577441937121
11,noise,sd,64.0,max,781.5154883874242
11,noise,sd,128.0,max,1563.0309767748483
11,random,mad,0.25,max,2.117526561006873
11,random,mad,0.5,max,4.235053122013746
11,random,mad,1.0,max,8.470106244027493
11,random,mad,2.0,max,16.940212488054986
11,random,mad,4.0,max,33.88042497610997
11,random,mad,8.0,max,67.76084995221994
11,random,mad,16.0,max,135.52169990443988
11,random,mad,32.0,max,271.04339980887977
11,random,mad,64.0,max,542.0867996177595
11,random,mad,128.0,max,1084.173599235519
11,random,sd,0.25,max,0.44047328655598195
11,random,sd,0.5,max,0.8809465731119639
11,random,sd,1.0,max,1.7618931462239278
11,random,sd,2.0,max,3.5237862924478556
11,random,sd,4.0,max,7.047572584895711
11,random,sd,8.0,max,14.095145169791422
11,random,sd,16.0,max,28.190290339582845
11,random,sd,32.0,max,56.38058067916569
11,random,sd,64.0,max,112.76116135833138
11,random,sd,128.0,max,225.52232271666276
12,concept,mad,0.25,max,0.8037465557601681
12,concept,mad,0.5,max,1.6074931115203361
12,concept,mad,1.0,max,3.2149862230406723
12,concept,mad,2.0,max,6.4299724460813446
12,concept,mad,4.0,max,12.859944892162689
12,concept,mad,8.0,max,25.719889784325378
12,concept,mad,16.0,max,51.439779568650756
12,concept,mad,32.0,max,102.87955913730151
12,concept,mad,64.0,max,205.75911827460303
12,concept,mad,128.0,max,411.51823654920605
12,concept,sd,0.25,max,0.007826515301281907
12,concept,sd,0.5,max,0.015653030602563813
12,concept,sd,1.0,max,0.031306061205127626
12,concept,sd,2.0,max,0.06261212241025525
12,concept,sd,4.0,max,0.1252242448205105
12,concept,sd,8.0,max,0.250448489641021
12,concept,sd,16.0,max,0.500896979282042
12,concept,sd,32.0,max,1.001793958564084
12,concept,sd,64.0,max,2.003587917128168
12,concept,sd,128.0,max,4.007175834256336
12,dropout,mad,0.25,max,1.9088336022836503
12,dropout,mad,0.5,max,3.8176672045673006
12,dropout,mad,1.0,max,7.635334409134601
12,dropout,mad,2.0,max,15.270668818269202
12,dropout,mad,4.0,max,30.541337636538405
12,dropout,mad,8.0,max,61.08267527307681
12,dropout,mad,16.0,max,122.16535054615362
12,dropout,mad,32.0,max,244.33070109230724
12,dropout,mad,64.0,max,488.6614021846145
12,dropout,mad,128.0,max,977.322804369229
12,dropout,sd,0.25,max,0.08177089649933701
12,dropout,sd,0.5,max,0.16354179299867402
12,dropout,sd,1.0,max,0.32708358599734805
12,dropout,sd,2.0,max,0.6541671719946961
12,dropout,sd,4.0,max,1.3083343439893922
12,dropout,sd,8.0,max,2.6166686879787844
12,dropout,sd,16.0,max,5.233337375957569
12,dropout,sd,32.0,max,10.466674751915138
12,dropout,sd,64.0,max,20.933349503830275
12,dropout,sd,128.0,max,41.86669900766055
12,noise,mad,0.25,max,3.2519607720517447
12,noise,mad,0.5,max,6.503921544103489
12,noise,mad,1.0,max,13.007843088206979
12,noise,mad,2.0,max,26.015686176413958
12,noise,mad,4.0,max,52.031372352827916
12,noise,mad,8.0,max,104.06274470565583
12,noise,mad,16.0,max,208.12548941131166
12,noise,mad,32.0,max,416.2509788226233
12,noise,mad,64.0,max,832.5019576452466
12,noise,mad,128.0,max,1665.0039152904933
12,noise,sd,0.25,max,2.840024039418615
12,noise,sd,0.5,max,5.68004807883723
12,noise,sd,1.0,max,11.36009615767446
12,noise,sd,2.0,max,22.72019231534892
12,noise,sd,4.0,max,45.44038463069784
12,noise,sd,8.0,max,90.88076926139568
12,noise,sd,16.0,max,181.76153852279137
12,noise,sd,32.0,max,363.52307704558274
12,noise,sd,64.0,max,727.0461540911655
12,noise,sd,128.0,max,1454.092308182331
12,random,mad,0.25,max,1.9453596220538754
12,random,mad,0.5,max,3.8907192441077507
12,random,mad,1.0,max,7.781438488215501
12,random,mad,2.0,max,15.562876976431003
12,random,mad,4.0,max,31.125753952862006
12,random,mad,8.0,max,62.25150790572401
12,random,mad,16.0,max,124.50301581144802
12,random,mad,32.0,max,249.00603162289605
12,random,mad,64.0,max,498.0120632457921
12,random,mad,128.0,max,996.0241264915842
12,random,sd,0.25,max,0.22773439693639666
12,random,sd,0.5,max,0.4554687938727933
12,random,sd,1.0,max,0.9109375877455866
12,random,sd,2.0,max,1.8218751754911733
12,random,sd,4.0,max,3.6437503509823466
12,random,sd,8.0,max,7.287500701964693
12,random,sd,16.0,max,14.575001403929386
12,random,sd,32.0,max,29.150002807858773
12,random,sd,64.0,max,58.300005615717545
12,random,sd,128.0,max,116.60001123143509
13,concept,mad,0.25,max,0.8099684970314517
13,concept,mad,0.5,max,1.6199369940629034
13,concept,mad,1.0,max,3.2398739881258067
13,concept,mad,2.0,max,6.4797479762516135
13,concept,mad,4.0,max,12.959495952503227
13,concept,mad,8.0,max,25.918991905006454
13,concept,mad,16.0,max,51.83798381001291
13,concept,mad,32.0,max,103.67596762002582
13,concept,mad,64.0,max,207.35193524005163
13,concept,mad,128.0,max,414.70387048010326
13,concept,sd,0.25,max,0.006692211648968471
13,concept,sd,0.5,max,0.013384423297936942
13,concept,sd,1.0,max,0.026768846595873884
13,concept,sd,2.0,max,0.05353769319174777
13,concept,sd,4.0,max,0.10707538638349554
13,concept,sd,8.0,max,0.21415077276699107
13,concept,sd,16.0,max,0.42830154553398214
13,concept,sd,32.0,max,0.8566030910679643
13,concept,sd,64.0,max,1.7132061821359286
13,concept,sd,128.0,max,3.426412364271857
13,dropout,mad,0.25,max,1.8385507306338778
13,dropout,mad,0.5,max,3.6771014612677555
13,dropout,mad,1.0,max,7.354202922535511
13,dropout,mad,2.0,max,14.708405845071022
13,dropout,mad,4.0,max,29.416811690142044
13,dropout,mad,8.0,max,58.83362338028409
13,dropout,mad,16.0,max,117.66724676056818
13,dropout,mad,32.0,max,235.33449352113635
13,dropout,mad,64.0,max,470.6689870422727
13,dropout,mad,128.0,max,941.3379740845454
13,dropout,sd,0.25,max,0.1242024135179608
13,dropout,sd,0.5,max,0.2484048270359216
13,dropout,sd,1.0,max,0.4968096540718432
13,dropout,sd,2.0,max,0.9936193081436864
13,dropout,sd,4.0,max,1.9872386162873727
13,dropout,sd,8.0,max,3.9744772325747455
13,dropout,sd,16.0,max,7.948954465149491
13,dropout,sd,32.0,max,15.897908930298982
13,dropout,sd,64.0,max,31.795817860597964
13,dropout,sd,128.0,max,63.59163572119593
13,noise,mad,0.25,max,2.680747720432183
13,noise,mad,0.5,max,5.361495440864366
13,noise,mad,1.0,max,10.722990881728732
13,noise,mad,2.0,max,21.445981763457464
13,noise,mad,4.0,max,42.89196352691493
13,noise,mad,8.0,max,85.78392705382986
13,noise,mad,16.0,max,171.5678541076597
13,noise,mad,32.0,max,343.1357082153194
13,noise,mad,64.0,max,686.2714164306389
13,noise,mad,128.0,max,1372.5428328612777
13,noise,sd,0.25,max,2.5987553429913364
13,noise,sd,0.5,max,5.197510685982673
13,noise,sd,1.0,max,10.395021371965345
13,noise,sd,2.0,max,20.79004274393069
13,noise,sd,4.0,max,41.58008548786138
13,noise,sd,8.0,max,83.16017097572276
13,noise,sd,16.0,max,166.32034195144553
13,noise,sd,32.0,max,332.64068390289106
13,noise,sd,64.0,max,665.2813678057821
13,noise,sd,128.0,max,1330.5627356115642
13,random,mad,0.25,max,2.135137501227448
13,random,mad,0.5,max,4.270275002454896
13,random,mad,1.0,max,8.540550004909791
13,random,mad,2.0,max,17.081100009819583
13,random,mad,4.0,max,34.162200019639165
13,random,mad,8.0,max,68.32440003927833
13,random,mad,16.0,max,136.64880007855666
13,random,mad,32.0,max,273.2976001571133
13,random,mad,64.0,max,546.5952003142266
13,random,mad,128.0,max,1093.1904006284533
13,random,sd,0.25,max,0.1728657599345625
13,random,sd,0.5,max,0.345731519869125
13,random,sd,1.0,max,0.69146303973825
13,random,sd,2.0,max,1.3829260794765
13,random,sd,4.0,max,2.765852158953
13,random,sd,8.0,max,5.531704317906
13,random,sd,16.0,max,11.063408635812
13,random,sd,32.0,max,22.126817271624
13,random,sd,64.0,max,44.253634543248
13,random,sd,128.0,max,88.507269086496
14,concept,mad,0.25,max,0.7235752662446215
14,concept,mad,0.5,max,1.447150532489243
14,concept,mad,1.0,max,2.894301064978486
14,concept,mad,2.0,max,5.788602129956972
14,concept,mad,4.0,max,11.577204259913945
14,concept,mad,8.0,max,23.15440851982789
14,concept,mad,16.0,max,46.30881703965578
14,concept,mad,32.0,max,92.61763407931156
14,concept,mad,64.0,max,185.23526815862311
14,concept,mad,128.0,max,370.47053631724623
14,concept,sd,0.25,max,0.008625797699794815
14,concept,sd,0.5,max,0.01725159539958963
14,concept,sd,1.0,max,0.03450319079917926
14,concept,sd,2.0,max,0.06900638159835852
14,concept,sd,4.0,max,0.13801276319671704
14,concept,sd,8.0,max,0.2760255263934341
14,concept,sd,16.0,max,0.5520510527868682
14,concept,sd,32.0,max,1.1041021055737363
14,concept,sd,64.0,max,2.2082042111474727
14,concept,sd,128.0,max,4.416408422294945
14,dropout,mad,0.25,max,1.6248437010863677
14,dropout,mad,0.5,max,3.2496874021727353
14,dropout,mad,1.0,max,6.499374804345471
14,dropout,mad,2.0,max,12.998749608690941
14,dropout,mad,4.0,max,25.997499217381883
14,dropout,mad,8.0,max,51.994998434763765
14,dropout,mad,16.0,max,103.98999686952753
14,dropout,mad,32.0,max,207.97999373905506
14,dropout,mad,64.0,max,415.9599874781101
14,dropout,mad,128.0,max,831.9199749562202
14,dropout,sd,0.25,max,0.09392042303894566
14,dropout,sd,0.5,max,0.1878408460778913
14,dropout,sd,1.0,max,0.3756816921557826
14,dropout,sd,2.0,max,0.7513633843115652
14,dropout,sd,4.0,max,1.5027267686231305
14,dropout,sd,8.0,max,3.005453537246261
14,dropout,sd,16.0,max,6.010907074492522
14,dropout,sd,32.0,max,12.021814148985044
14,dropout,sd,64.0,max,24.043628297970088
14,dropout,sd,128.0,max,48.087256595940175
14,noise,mad,0.25,max,2.9917349883758457
14,noise,mad,0.5,max,5.9834699767516915
14,noise,mad,1.0,max,11.966939953503383
14,noise,mad,2.0,max,23.933879907006766
14,noise,mad,4.0,max,47.86775981401353
14,noise,mad,8.0,max,95.73551962802706
14,noise,mad,16.0,max,191.47103925605413
14,noise,mad,32.0,max,382.94207851210825
14,noise,mad,64.0,max,765.8841570242165
14,noise,mad,128.0,max,1531.768314048433
14,noise,sd,0.25,max,2.485107352133904
14,noise,sd,0.5,max,4.970214704267808
14,noise,sd,1.0,max,9.940429408535616
14,noise,sd,2.0,max,19.880858817071232
14,noise,sd,4.0,max,39.761717634142464
14,noise,sd,8.0,max,79.52343526828493
14,noise,sd,16.0,max,159.04687053656986
14,noise,sd,32.0,max,318.0937410731397
14,noise,sd,64.0,max,636.1874821462794
14,noise,sd,128.0,max,1272.3749642925588
14,random,mad,0.25,max,2.017613328984313
14,random,mad,0.5,max,4.035226657968626
14,random,mad,1.0,max,8.070453315937252
14,random,mad,2.0,max,16.140906631874504
14,random,mad,4.0,max,32.28181326374901
14,random,mad,8.0,max,64.56362652749802
14,random,mad,16.0,max,129.12725305499603
14,random,mad,32.0,max,258.25450610999206
14,random,mad,64.0,max,516.5090122199841
14,random,mad,128.0,max,1033.0180244399683
14,random,sd,0.25,max,0.14598140641659044
14,random,sd,0.5,max,0.2919628128331809
14,random,sd,1.0,max,0.5839256256663617
14,random,sd,2.0,max,1.1678512513327235
14,random,sd,4.0,max,2.335702502665447
14,random,sd,8.0,max,4.671405005330894
14,random,sd,16.0,max,9.342810010661788
14,random,sd,32.0,max,18.685620021323576
14,random,sd,64.0,max,37.37124004264715
14,random,sd,128.0,max,74.7424800852943
15,concept,mad,0.25,max,0.6277371595310711
15,concept,mad,0.5,max,1.2554743190621422
15,concept,mad,1.0,max,2.5109486381242845
15,concept,mad,2.0,max,5.021897276248569
15,concept,mad,4.0,max,10.043794552497138
15,concept,mad,8.0,max,20.087589104994276
15,concept,mad,16.0,max,40.17517820998855
15,concept,mad,32.0,max,80.3503564199771
15,concept,mad,64.0,max,160.7007128399542
15,concept,mad,128.0,max,321.4014256799084
15,concept,sd,0.25,max,0.008208207861050833
15,concept,sd,0.5,max,0.016416415722101667
15,concept,sd,1.0,max,0.032832831444203334
15,concept,sd,2.0,max,0.06566566288840667
15,concept,sd,4.0,max,0.13133132577681333
15,concept,sd,8.0,max,0.26266265155362667
15,concept,sd,16.0,max,0.5253253031072533
15,concept,sd,32.0,max,1.0506506062145067
15,concept,sd,64.0,max,2.1013012124290134
15,concept,sd,128.0,max,4.202602424858027
15,dropout,mad,0.25,max,1.5324032322461814
15,dropout,mad,0.5,max,3.0648064644923627
15,dropout,mad,1.0,max,6.129612928984725
15,dropout,mad,2.0,max,12.25922585796945
15,dropout,mad,4.0,max,24.5184517159389
15,dropout,mad,8.0,max,49.0369034318778
15,dropout,mad,16.0,max,98.0738068637556
15,dropout,mad,32.0,max,196.1476137275112
15,dropout,mad,64.0,max,392.2952274550224
15,dropout,mad,128.0,max,784.5904549100449
15,dropout,sd,0.25,max,0.10306659328764654
15,dropout,sd,0.5,max,0.2061331865752931
15,dropout,sd,1.0,max,0.4122663731505862
15,dropout,sd,2.0,max,0.8245327463011723
15,dropout,sd,4.0,max,1.6490654926023447
15,dropout,sd,8.0,max,3.2981309852046894
15,dropout,sd,16.0,max,6.596261970409379
15,dropout,sd,32.0,max,13.192523940818758
15,dropout,sd,64.0,max,26.385047881637515
15,dropout,sd,128.0,max,52.77009576327503
15,noise,mad,0.25,max,2.242112695683215
15,noise,mad,0.5,max,4.48422539136643
15,noise,mad,1.0,max,8.96845078273286
15,noise,mad,2.0,max,17.93690156546572
15,noise,mad,4.0,max,35.87380313093144
15,noise,mad,8.0,max,71.74760626186288
15,noise,mad,16.0,max,143.49521252372577
15,noise,mad,32.0,max,286.99042504745154
15,noise,mad,64.0,max,573.9808500949031
15,noise,mad,128.0,max,1147.9617001898062
15,noise,sd,0.25,max,2.076280191592842
15,noise,sd,0.5,max,4.152560383185684
15,noise,sd,1.0,max,8.305120766371369
15,noise,sd,2.0,max,16.610241532742737
15,noise,sd,4.0,max,33.220483065485475
15,noise,sd,8.0,max,66.44096613097095
15,noise,sd,16.0,max,132.8819322619419
15,noise,sd,32.0,max,265.7638645238838
15,noise,sd,64.0,max,531.5277290477676
15,noise,sd,128.0,max,1063.0554580955352
15,random,mad,0.25,max,1.6067712767231304
15,random,mad,0.5,max,3.2135425534462607
15,random,mad,1.0,max,6.427085106892521
15,random,mad,2.0,max,12.854170213785043
15,random,mad,4.0,max,25.708340427570086
15,random,mad,8.0,max,51.41668085514017
15,random,mad,16.0,max,102.83336171028034
15,random,mad,32.0,max,205.6667234205607
15,random,mad,64.0,max,411.3334468411214
15,random,mad,128.0,max,822.6668936822427
15,random,sd,0.25,max,0.49071967634931346
15,random,sd,0.5,max,0.9814393526986269
15,random,sd,1.0,max,1.9628787053972538
15,random,sd,2.0,max,3.9257574107945077
15,random,sd,4.0,max,7.851514821589015
15,random,sd,8.0,max,15.70302964317803
15,random,sd,16.0,max,31.40605928635606
15,random,sd,32.0,max,62.81211857271212
15,random,sd,64.0,max,125.62423714542425
15,random,sd,128.0,max,251.2484742908485
16,concept,mad,0.25,max,0.6175103458876299
16,concept,mad,0.5,max,1.2350206917752597
16,concept,mad,1.0,max,2.4700413835505195
16,concept,mad,2.0,max,4.940082767101039
16,concept,mad,4.0,max,9.880165534202078
16,concept,mad,8.0,max,19.760331068404156
16,concept,mad,16.0,max,39.52066213680831
16,concept,mad,32.0,max,79.04132427361662
16,concept,mad,64.0,max,158.08264854723325
16,concept,mad,128.0,max,316.1652970944665
16,concept,sd,0.25,max,0.013202767458602903
16,concept,sd,0.5,max,0.026405534917205806
16,concept,sd,1.0,max,0.05281106983441161
16,concept,sd,2.0,max,0.10562213966882322
16,concept,sd,4.0,max,0.21124427933764645
16,concept,sd,8.0,max,0.4224885586752929
16,concept,sd,16.0,max,0.8449771173505858
16,concept,sd,32.0,max,1.6899542347011716
16,concept,sd,64.0,max,3.379908469402343
16,concept,sd,128.0,max,6.759816938804686
16,dropout,mad,0.25,max,1.4364497543200714
16,dropout,mad,0.5,max,2.8728995086401428
16,dropout,mad,1.0,max,5.7457990172802855
16,dropout,mad,2.0,max,11.491598034560571
16,dropout,mad,4.0,max,22.983196069121142
16,dropout,mad,8.0,max,45.966392138242284
16,dropout,mad,16.0,max,91.93278427648457
16,dropout,mad,32.0,max,183.86556855296914
16,dropout,mad,64.0,max,367.7311371059383
16,dropout,mad,128.0,max,735.4622742118765
16,dropout,sd,0.25,max,0.17073752545861756
16,dropout,sd,0.5,max,0.3414750509172351
16,dropout,sd,1.0,max,0.6829501018344702
16,dropout,sd,2.0,max,1.3659002036689405
16,dropout,sd,4.0,max,2.731800407337881
16,dropout,sd,8.0,max,5.463600814675762
16,dropout,sd,16.0,max,10.927201629351524
16,dropout,sd,32.0,max,21.854403258703048
16,dropout,sd,64.0,max,43.708806517406096
16,dropout,sd,128.0,max,87.41761303481219
16,noise,mad,0.25,max,1.9985282962956745
16,noise,mad,0.5,max,3.997056592591349
16,noise,mad,1.0,max,7.994113185182698
16,noise,mad,2.0,max,15.988226370365396
16,noise,mad,4.0,max,31.976452740730792
16,noise,mad,8.0,max,63.952905481461585
16,noise,mad,16.0,max,127.90581096292317
16,noise,mad,32.0,max,255.81162192584634
16,noise,mad,64.0,max,511.6232438516927
16,noise,mad,128.0,max,1023.2464877033854
16,noise,sd,0.25,max,1.9065355564082132
16,noise,sd,0.5,max,3.8130711128164263
16,noise,sd,1.0,max,7.626142225632853
16,noise,sd,2.0,max,15.252284451265705
16,noise,sd,4.0,max,30.50456890253141
16,noise,sd,8.0,max,61.00913780506282
16,noise,sd,16.0,max,122.01827561012564
16,noise,sd,32.0,max,244.03655122025128
16,noise,sd,64.0,max,488.07310244050257
16,noise,sd,128.0,max,976.1462048810051
16,random,mad,0.25,max,1.5568862077817893
16,random,mad,0.5,max,3.1137724155635786
16,random,mad,1.0,max,6.227544831127157
16,random,mad,2.0,max,12.455089662254315
16,random,mad,4.0,max,24.91017932450863
16,random,mad,8.0,max,49.82035864901726
16,random,mad,16.0,max,99.64071729803452
16,random,mad,32.0,max,199.28143459606903
16,random,mad,64.0,max,398.56286919213807
16,random,mad,128.0,max,797.1257383842761
16,random,sd,0.25,max,0.6320126504366201
16,random,sd,0.5,max,1.2640253008732403
16,random,sd,1.0,max,2.5280506017464806
16,random,sd,2.0,max,5.056101203492961
16,random,sd,4.0,max,10.112202406985922
16,random,sd,8.0,max,20.224404813971844
16,random,sd,16.0,max,40.44880962794369
16,random,sd,32.0,max,80.89761925588738
16,random,sd,64.0,max,161.79523851177476
16,random,sd,128.0,max,323.5904770235495
17,concept,mad,0.25,max,0.5745223204787574
17,concept,mad,0.5,max,1.1490446409575148
17,concept,mad,1.0,max,2.2980892819150296
17,concept,mad,2.0,max,4.596178563830059
17,concept,mad,4.0,max,9.192357127660118
17,concept,mad,8.0,max,18.384714255320237
17,concept,mad,16.0,max,36.76942851064047
17,concept,mad,32.0,max,73.53885702128095
17,concept,mad,64.0,max,147.0777140425619
17,concept,mad,128.0,max,294.1554280851238
17,concept,sd,0.25,max,0.014661019528667578
17,concept,sd,0.5,max,0.029322039057335155
17,concept,sd,1.0,max,0.05864407811467031
17,concept,sd,2.0,max,0.11728815622934062
17,concept,sd,4.0,max,0.23457631245868124
17,concept,sd,8.0,max,0.4691526249173625
17,concept,sd,16.0,max,0.938305249834725
17,concept,sd,32.0,max,1.87661049966945
17,concept,sd,64.0,max,3.7532209993389
17,concept,sd,128.0,max,7.5064419986778
17,dropout,mad,0.25,max,1.1006859263092963
17,dropout,mad,0.5,max,2.2013718526185926
17,dropout,mad,1.0,max,4.402743705237185
17,dropout,mad,2.0,max,8.80548741047437
17,dropout,mad,4.0,max,17.61097482094874
17,dropout,mad,8.0,max,35.22194964189748
17,dropout,mad,16.0,max,70.44389928379496
17,dropout,mad,32.0,max,140.88779856758993
17,dropout,mad,64.0,max,281.77559713517985
17,dropout,mad,128.0,max,563.5511942703597
17,dropout,sd,0.25,max,0.22840598787573163
17,dropout,sd,0.5,max,0.45681197575146326
17,dropout,sd,1.0,max,0.9136239515029265
17,dropout,sd,2.0,max,1.827247903005853
17,dropout,sd,4.0,max,3.654495806011706
17,dropout,sd,8.0,max,7.308991612023412
17,dropout,sd,16.0,max,14.617983224046824
17,dropout,sd,32.0,max,29.23596644809365
17,dropout,sd,64.0,max,58.4719328961873
17,dropout,sd,128.0,max,116.9438657923746
17,noise,mad,0.25,max,2.2011361297406626
17,noise,mad,0.5,max,4.402272259481325
17,noise,mad,1.0,max,8.80454451896265
17,noise,mad,2.0,max,17.6090890379253
17,noise,mad,4.0,max,35.2181780758506
17,noise,mad,8.0,max,70.4363561517012
17,noise,mad,16.0,max,140.8727123034024
17,noise,mad,32.0,max,281.7454246068048
17,noise,mad,64.0,max,563.4908492136096
17,noise,mad,128.0,max,1126.9816984272193
17,noise,sd,0.25,max,1.8422407775688423
17,noise,sd,0.5,max,3.6844815551376846
17,noise,sd,1.0,max,7.368963110275369
17,noise,sd,2.0,max,14.737926220550738
17,noise,sd,4.0,max,29.475852441101477
17,noise,sd,8.0,max,58.951704882202954
17,noise,sd,16.0,max,117.90340976440591
17,noise,sd,32.0,max,235.80681952881181
17,noise,sd,64.0,max,471.61363905762363
17,noise,sd,128.0,max,943.2272781152473
17,random,mad,0.25,max,1.1510279899107108
17,random,mad,0.5,max,2.3020559798214215
17,random,mad,1.0,max,4.604111959642843
17,random,mad,2.0,max,9.208223919285686
17,random,mad,4.0,max,18.416447838571372
17,random,mad,8.0,max,36.832895677142744
17,random,mad,16.0,max,73.66579135428549
17,random,mad,32.0,max,147.33158270857098
17,random,mad,64.0,max,294.66316541714195
17,random,mad,128.0,max,589.3263308342839
17,random,sd,0.25,max,1.145828258606668
17,random,sd,0.5,max,2.291656517213336
17,random,sd,1.0,max,4.583313034426672
17,random,sd,2.0,max,9.166626068853343
17,random,sd,4.0,max,18.333252137706687
17,random,sd,8.0,max,36.666504275413374
17,random,sd,16.0,max,73.33300855082675
17,random,sd,32.0,max,146.6660171016535
17,random,sd,64.0,max,293.332034203307
17,random,sd,128.0,max,586.664068406614
18,concept,mad,0.25,max,0.5717743255950074
18,concept,mad,0.5,max,1.1435486511900148
18,concept,mad,1.0,max,2.2870973023800296
18,concept,mad,2.0,max,4.574194604760059
18,concept,mad,4.0,max,9.148389209520118
18,concept,mad,8.0,max,18.296778419040237
18,concept,mad,16.0,max,36.593556838080474
18,concept,mad,32.0,max,73.18711367616095
18,concept,mad,64.0,max,146.3742273523219
18,concept,mad,128.0,max,292.7484547046438
18,concept,sd,0.25,max,0.01848027216362112
18,concept,sd,0.5,max,0.03696054432724224
18,concept,sd,1.0,max,0.07392108865448448
18,concept,sd,2.0,max,0.14784217730896895
18,concept,sd,4.0,max,0.2956843546179379
18,concept,sd,8.0,max,0.5913687092358758
18,concept,sd,16.0,max,1.1827374184717516
18,concept,sd,32.0,max,2.3654748369435032
18,concept,sd,64.0,max,4.7309496738870065
18,concept,sd,128.0,max,9.461899347774013
18,dropout,mad,0.25,max,1.0927867008439802
18,dropout,mad,0.5,max,2.1855734016879604
18,dropout,mad,1.0,max,4.371146803375921
18,dropout,mad,2.0,max,8.742293606751842
18,dropout,mad,4.0,max,17.484587213503684
18,dropout,mad,8.0,max,34.96917442700737
18,dropout,mad,16.0,max,69.93834885401473
18,dropout,mad,32.0,max,139.87669770802947
18,dropout,mad,64.0,max,279.75339541605894
18,dropout,mad,128.0,max,559.5067908321179
18,dropout,sd,0.25,max,0.2803547591372241
18,dropout,sd,0.5,max,0.5607095182744481
18,dropout,sd,1.0,max,1.1214190365488963
18,dropout,sd,2.0,max,2.2428380730977926
18,dropout,sd,4.0,max,4.485676146195585
18,dropout,sd,8.0,max,8.97135229239117
18,dropout,sd,16.0,max,17.94270458478234
18,dropout,sd,32.0,max,35.88540916956468
18,dropout,sd,64.0,max,71.77081833912936
18,dropout,sd,128.0,max,143.54163667825873
18,noise,mad,0.25,max,1.9042016756840103
18,noise,mad,0.5,max,3.8084033513680207
18,noise,mad,1.0,max,7.616806702736041
18,noise,mad,2.0,max,15.233613405472083
18,noise,mad,4.0,max,30.467226810944165
18,noise,mad,8.0,max,60.93445362188833
18,noise,mad,16.0,max,121.86890724377666
18,noise,mad,32.0,max,243.73781448755332
18,noise,mad,64.0,max,487.47562897510664
18,noise,mad,128.0,max,974.9512579502133
18,noise,sd,0.25,max,1.4996488635870755
18,noise,sd,0.5,max,2.999297727174151
18,noise,sd,1.0,max,5.998595454348302
18,noise,sd,2.0,max,11.997190908696604
18,noise,sd,4.0,max,23.994381817393208
18,noise,sd,8.0,max,47.988763634786416
18,noise,sd,16.0,max,95.97752726957283
18,noise,sd,32.0,max,191.95505453914566
18,noise,sd,64.0,max,383.9101090782913
18,noise,sd,128.0,max,767.8202181565827
18,random,mad,0.25,max,1.1899394086945678
18,random,mad,0.5,max,2.3798788173891356
18,random,mad,1.0,max,4.759757634778271
18,random,mad,2.0,max,9.519515269556543
18,random,mad,4.0,max,19.039030539113085
18,random,mad,8.0,max,38.07806107822617
18,random,mad,16.0,max,76.15612215645234
18,random,mad,32.0,max,152.31224431290468
18,random,mad,64.0,max,304.62448862580936
18,random,mad,128.0,max,609.2489772516187
18,random,sd,0.25,max,0.8910415806383823
18,random,sd,0.5,max,1.7820831612767647
18,random,sd,1.0,max,3.5641663225535294
18,random,sd,2.0,max,7.128332645107059
18,random,sd,4.0,max,14.256665290214118
18,random,sd,8.0,max,28.513330580428235
18,random,sd,16.0,max,57.02666116085647
18,random,sd,32.0,max,114.05332232171294
18,random,sd,64.0,max,228.10664464342588
18,random,sd,128.0,max,456.21328928685176
19,concept,mad,0.25,max,0.5517286263412584
19,concept,mad,0.5,max,1.1034572526825168
19,concept,mad,1.0,max,2.2069145053650336
19,concept,mad,2.0,max,4.413829010730067
19,concept,mad,4.0,max,8.827658021460135
19,concept,mad,8.0,max,17.65531604292027
19,concept,mad,16.0,max,35.31063208584054
19,concept,mad,32.0,max,70.62126417168108
19,concept,mad,64.0,max,141.24252834336215
19,concept,mad,128.0,max,282.4850566867243
19,concept,sd,0.25,max,0.02115170065703334
19,concept,sd,0.5,max,0.04230340131406668
19,concept,sd,1.0,max,0.08460680262813336
19,concept,sd,2.0,max,0.16921360525626672
19,concept,sd,4.0,max,0.33842721051253344
19,concept,sd,8.0,max,0.6768544210250669
19,concept,sd,16.0,max,1.3537088420501338
19,concept,sd,32.0,max,2.7074176841002675
19,concept,sd,64.0,max,5.414835368200535
19,concept,sd,128.0,max,10.82967073640107
19,dropout,mad,0.25,max,0.8966892543819692
19,dropout,mad,0.5,max,1.7933785087639385
19,dropout,mad,1.0,max,3.586757017527877
19,dropout,mad,2.0,max,7.173514035055754
19,dropout,mad,4.0,max,14.347028070111508
19,dropout,mad,8.0,max,28.694056140223015
19,dropout,mad,16.0,max,57.38811228044603
19,dropout,mad,32.0,max,114.77622456089206
19,dropout,mad,64.0,max,229.55244912178412
19,dropout,mad,128.0,max,459.10489824356824
19,dropout,sd,0.25,max,0.11557873022412174
19,dropout,sd,0.5,max,0.23115746044824348
19,dropout,sd,1.0,max,0.46231492089648696
19,dropout,sd,2.0,max,0.9246298417929739
19,dropout,sd,4.0,max,1.8492596835859478
19,dropout,sd,8.0,max,3.6985193671718957
19,dropout,sd,16.0,max,7.397038734343791
19,dropout,sd,32.0,max,14.794077468687583
19,dropout,sd,64.0,max,29.588154937375165
19,dropout,sd,128.0,max,59.17630987475033
19,noise,mad,0.25,max,1.8703245777324615
19,noise,mad,0.5,max,3.740649155464923
19,noise,mad,1.0,max,7.481298310929846
19,noise,mad,2.0,max,14.962596621859692
19,noise,mad,4.0,max,29.925193243719384
19,noise,mad,8.0,max,59.85038648743877
19,noise,mad,16.0,max,119.70077297487754
19,noise,mad,32.0,max,239.40154594975508
19,noise,mad,64.0,max,478.80309189951015
19,noise,mad,128.0,max,957.6061837990203
19,noise,sd,0.25,max,1.4264216679389219
19,noise,sd,0.5,max,2.8528433358778438
19,noise,sd,1.0,max,5.7056866717556876
19,noise,sd,2.0,max,11.411373343511375
19,noise,sd,4.0,max,22.82274668702275
19,noise,sd,8.0,max,45.6454933740455
19,noise,sd,16.0,max,91.290986748091
19,noise,sd,32.0,max,182.581973496182
19,noise,sd,64.0,max,365.163946992364
19,noise,sd,128.0,max,730.327893984728
19,random,mad,0.25,max,1.0392870188593935
19,random,mad,0.5,max,2.078574037718787
19,random,mad,1.0,max,4.157148075437574
19,random,mad,2.0,max,8.314296150875148
19,random,mad,4.0,max,16.628592301750295
19,random,mad,8.0,max,33.25718460350059
19,random,mad,16.0,max,66.51436920700118
19,random,mad,32.0,max,133.02873841400236
19,random,mad,64.0,max,266.0574768280047
19,random,mad,128.0,max,532.1149536560094
19,random,sd,0.25,max,0.40680622620078244
19,random,sd,0.5,max,0.8136124524015649
19,random,sd,1.0,max,1.6272249048031298
19,random,sd,2.0,max,3.2544498096062595
19,random,sd,4.0,max,6.508899619212519
19,random,sd,8.0,max,13.017799238425038
19,random,sd,16.0,max,26.035598476850076
19,random,sd,32.0,max,52.07119695370015
19,random,sd,64.0,max,104.1423939074003
19,random,sd,128.0,max,208.2847878148006
20,concept,mad,0.25,max,0.5392109448660514
20,concept,mad,0.5,max,1.0784218897321027
20,concept,mad,1.0,max,2.1568437794642055
20,concept,mad,2.0,max,4.313687558928411
20,concept,mad,4.0,max,8.627375117856822
20,concept,mad,8.0,max,17.254750235713644
20,concept,mad,16.0,max,34.50950047142729
20,concept,mad,32.0,max,69.01900094285457
20,concept,mad,64.0,max,138.03800188570915
20,concept,mad,128.0,max,276.0760037714183
20,concept,sd,0.25,max,0.01960819085453633
20,concept,sd,0.5,max,0.03921638170907266
20,concept,sd,1.0,max,0.07843276341814533
20,concept,sd,2.0,max,0.15686552683629065
20,concept,sd,4.0,max,0.3137310536725813
20,concept,sd,8.0,max,0.6274621073451626
20,concept,sd,16.0,max,1.2549242146903252
20,concept,sd,32.0,max,2.5098484293806504
20,concept,sd,64.0,max,5.019696858761301
20,concept,sd,128.0,max,10.039393717522602
20,dropout,mad,0.25,max,0.9043244329482348
20,dropout,mad,0.5,max,1.8086488658964697
20,dropout,mad,1.0,max,3.6172977317929393
20,dropout,mad,2.0,max,7.234595463585879
20,dropout,mad,4.0,max,14.469190927171757
20,dropout,mad,8.0,max,28.938381854343515
20,dropout,mad,16.0,max,57.87676370868703
20,dropout,mad,32.0,max,115.75352741737406
20,dropout,mad,64.0,max,231.50705483474812
20,dropout,mad,128.0,max,463.01410966949624
20,dropout,sd,0.25,max,0.1415066742235086
20,dropout,sd,0.5,max,0.2830133484470172
20,dropout,sd,1.0,max,0.5660266968940344
20,dropout,sd,2.0,max,1.1320533937880688
20,dropout,sd,4.0,max,2.2641067875761376
20,dropout,sd,8.0,max,4.528213575152275
20,dropout,sd,16.0,max,9.05642715030455
20,dropout,sd,32.0,max,18.1128543006091
20,dropout,sd,64.0,max,36.2257086012182
20,dropout,sd,128.0,max,72.4514172024364
20,noise,mad,0.25,max,1.5630590666466775
20,noise,mad,0.5,max,3.126118133293355
20,noise,mad,1.0,max,6.25223626658671
20,noise,mad,2.0,max,12.50447253317342
20,noise,mad,4.0,max,25.00894506634684
20,noise,mad,8.0,max,50.01789013269368
20,noise,mad,16.0,max,100.03578026538736
20,noise,mad,32.0,max,200.07156053077472
20,noise,mad,64.0,max,400.14312106154944
20,noise,mad,128.0,max,800.2862421230989
20,noise,sd,0.25,max,1.285769717301872
20,noise,sd,0.5,max,2.571539434603744
20,noise,sd,1.0,max,5.143078869207488
20,noise,sd,2.0,max,10.286157738414976
20,noise,sd,4.0,max,20.572315476829953
20,noise,sd,8.0,max,41.144630953659906
20,noise,sd,16.0,max,82.28926190731981
20,noise,sd,32.0,max,164.57852381463962
20,noise,sd,64.0,max,329.15704762927925
20,noise,sd,128.0,max,658.3140952585585
20,random,mad,0.25,max,0.9659929467453292
20,random,mad,0.5,max,1.9319858934906584
20,random,mad,1.0,max,3.863971786981317
20,random,mad,2.0,max,7.727943573962634
20,random,mad,4.0,max,15.455887147925267
20,random,mad,8.0,max,30.911774295850535
20,random,mad,16.0,max,61.82354859170107
20,random,mad,32.0,max,123.64709718340214
20,random,mad,64.0,max,247.29419436680428
20,random,mad,128.0,max,494.58838873360855
20,random,sd,0.25,max,0.17302750816410958
20,random,sd,0.5,max,0.34605501632821917
20,random,sd,1.0,max,0.6921100326564383
20,random,sd,2.0,max,1.3842200653128767
20,random,sd,4.0,max,2.7684401306257533
20,random,sd,8.0,max,5.536880261251507
20,random,sd,16.0,max,11.073760522503013
20,random,sd,32.0,max,22.147521045006027
20,random,sd,64.0,max,44.29504209001205
20,random,sd,128.0,max,88.5900841800241
21,concept,mad,0.25,max,0.427523094882765
21,concept,mad,0.5,max,0.85504618976553
21,concept,mad,1.0,max,1.71009237953106
21,concept,mad,2.0,max,3.42018475906212
21,concept,mad,4.0,max,6.84036951812424
21,concept,mad,8.0,max,13.68073903624848
21,concept,mad,16.0,max,27.36147807249696
21,concept,mad,32.0,max,54.72295614499392
21,concept,mad,64.0,max,109.44591228998785
21,concept,mad,128.0,max,218.8918245799757
21,concept,sd,0.25,max,0.03195849238535647
21,concept,sd,0.5,max,0.06391698477071293
21,concept,sd,1.0,max,0.12783396954142587
21,concept,sd,2.0,max,0.25566793908285174
21,concept,sd,4.0,max,0.5113358781657035
21,concept,sd,8.0,max,1.022671756331407
21,concept,sd,16.0,max,2.045343512662814
21,concept,sd,32.0,max,4.090687025325628
21,concept,sd,64.0,max,8.181374050651256
21,concept,sd,128.0,max,16.36274810130251
21,dropout,mad,0.25,max,0.8114159379021427
21,dropout,mad,0.5,max,1.6228318758042855
21,dropout,mad,1.0,max,3.245663751608571
21,dropout,mad,2.0,max,6.491327503217142
21,dropout,mad,4.0,max,12.982655006434284
21,dropout,mad,8.0,max,25.965310012868567
21,dropout,mad,16.0,max,51.930620025737134
21,dropout,mad,32.0,max,103.86124005147427
21,dropout,mad,64.0,max,207.72248010294854
21,dropout,mad,128.0,max,415.4449602058971
21,dropout,sd,0.25,max,0.10064692951175888
21,dropout,sd,0.5,max,0.20129385902351776
21,dropout,sd,1.0,max,0.4025877180470355
21,dropout,sd,2.0,max,0.805175436094071
21,dropout,sd,4.0,max,1.610350872188142
21,dropout,sd,8.0,max,3.220701744376284
21,dropout,sd,16.0,max,6.441403488752568
21,dropout,sd,32.0,max,12.882806977505137
21,dropout,sd,64.0,max,25.765613955010274
21,dropout,sd,128.0,max,51.53122791002055
21,noise,mad,0.25,max,1.3219200514539373
21,noise,mad,0.5,max,2.6438401029078746
21,noise,mad,1.0,max,5.287680205815749
21,noise,mad,2.0,max,10.575360411631499
21,noise,mad,4.0,max,21.150720823262997
21,noise,mad,8.0,max,42.301441646525994
21,noise,mad,16.0,max,84.60288329305199
21,noise,mad,32.0,max,169.20576658610398
21,noise,mad,64.0,max,338.41153317220795
21,noise,mad,128.0,max,676.8230663444159
21,noise,sd,0.25,max,1.1961413669859144
21,noise,sd,0.5,max,2.392282733971829
21,noise,sd,1.0,max,4.784565467943658
21,noise,sd,2.0,max,9.569130935887316
21,noise,sd,4.0,max,19.13826187177463
21,noise,sd,8.0,max,38.27652374354926
21,noise,sd,16.0,max,76.55304748709852
21,noise,sd,32.0,max,153.10609497419705
21,noise,sd,64.0,max,306.2121899483941
21,noise,sd,128.0,max,612.4243798967882
21,random,mad,0.25,max,0.9812930504480468
21,random,mad,0.5,max,1.9625861008960936
21,random,mad,1.0,max,3.9251722017921873
21,random,mad,2.0,max,7.850344403584375
21,random,mad,4.0,max,15.70068880716875
21,random,mad,8.0,max,31.4013776143375
21,random,mad,16.0,max,62.802755228675
21,random,mad,32.0,max,125.60551045735
21,random,mad,64.0,max,251.2110209147
21,random,mad,128.0,max,502.4220418294
21,random,sd,0.25,max,0.9937342551432928
21,random,sd,0.5,max,1.9874685102865857
21,random,sd,1.0,max,3.9749370205731713
21,random,sd,2.0,max,7.949874041146343
21,random,sd,4.0,max,15.899748082292685
21,random,sd,8.0,max,31.79949616458537
21,random,sd,16.0,max,63.59899232917074
21,random,sd,32.0,max,127.19798465834148
21,random,sd,64.0,max,254.39596931668297
21,random,sd,128.0,max,508.79193863336593
22,concept,mad,0.25,max,0.4350766408553282
22,concept,mad,0.5,max,0.8701532817106564
22,concept,mad,1.0,max,1.7403065634213128
22,concept,mad,2.0,max,3.4806131268426257
22,concept,mad,4.0,max,6.961226253685251
22,concept,mad,8.0,max,13.922452507370503
22,concept,mad,16.0,max,27.844905014741006
22,concept,mad,32.0,max,55.68981002948201
22,concept,mad,64.0,max,111.37962005896402
22,concept,mad,128.0,max,222.75924011792804
22,concept,sd,0.25,max,0.03204283365559714
22,concept,sd,0.5,max,0.06408566731119428
22,concept,sd,1.0,max,0.12817133462238856
22,concept,sd,2.0,max,0.2563426692447771
22,concept,sd,4.0,max,0.5126853384895542
22,concept,sd,8.0,max,1.0253706769791084
22,concept,sd,16.0,max,2.050741353958217
22,concept,sd,32.0,max,4.101482707916434
22,concept,sd,64.0,max,8.202965415832868
22,concept,sd,128.0,max,16.405930831665735
22,dropout,mad,0.25,max,0.6857590826927573
22,dropout,mad,0.5,max,1.3715181653855146
22,dropout,mad,1.0,max,2.7430363307710293
22,dropout,mad,2.0,max,5.4860726615420585
22,dropout,mad,4.0,max,10.972145323084117
22,dropout,mad,8.0,max,21.944290646168234
22,dropout,mad,16.0,max,43.88858129233647
22,dropout,mad,32.0,max,87.77716258467294
22,dropout,mad,64.0,max,175.55432516934587
22,dropout,mad,128.0,max,351.10865033869175
22,dropout,sd,0.25,max,0.09516649968810485
22,dropout,sd,0.5,max,0.1903329993762097
22,dropout,sd,1.0,max,0.3806659987524194
22,dropout,sd,2.0,max,0.7613319975048388
22,dropout,sd,4.0,max,1.5226639950096776
22,dropout,sd,8.0,max,3.0453279900193553
22,dropout,sd,16.0,max,6.090655980038711
22,dropout,sd,32.0,max,12.181311960077421
22,dropout,sd,64.0,max,24.362623920154842
22,dropout,sd,128.0,max,48.725247840309684
22,noise,mad,0.25,max,1.1768595854154422
22,noise,mad,0.5,max,2.3537191708308844
22,noise,mad,1.0,max,4.707438341661769
22,noise,mad,2.0,max,9.414876683323538
22,noise,mad,4.0,max,18.829753366647076
22,noise,mad,8.0,max,37.65950673329415
22,noise,mad,16.0,max,75.3190134665883
22,noise,mad,32.0,max,150.6380269331766
22,noise,mad,64.0,max,301.2760538663532
22,noise,mad,128.0,max,602.5521077327064
22,noise,sd,0.25,max,1.0510761549950307
22,noise,sd,0.5,max,2.1021523099900614
22,noise,sd,1.0,max,4.204304619980123
22,noise,sd,2.0,max,8.408609239960246
22,noise,sd,4.0,max,16.81721847992049
22,noise,sd,8.0,max,33.63443695984098
22,noise,sd,16.0,max,67.26887391968197
22,noise,sd,32.0,max,134.53774783936393
22,noise,sd,64.0,max,269.07549567872786
22,noise,sd,128.0,max,538.1509913574557
22,random,mad,0.25,max,0.7504829202462071
22,random,mad,0.5,max,1.5009658404924142
22,random,mad,1.0,max,3.0019316809848284
22,random,mad,2.0,max,6.003863361969657
22,random,mad,4.0,max,12.007726723939314
22,random,mad,8.0,max,24.015453447878627
22,random,mad,16.0,max,48.030906895757255
22,random,mad,32.0,max,96.06181379151451
22,random,mad,64.0,max,192.12362758302902
22,random,mad,128.0,max,384.24725516605804
22,random,sd,0.25,max,0.8126978989905614
22,random,sd,0.5,max,1.6253957979811229
22,random,sd,1.0,max,3.2507915959622458
22,random,sd,2.0,max,6.5015831919244915
22,random,sd,4.0,max,13.003166383848983
22,random,sd,8.0,max,26.006332767697966
22,random,sd,16.0,max,52.01266553539593
22,random,sd,32.0,max,104.02533107079186
22,random,sd,64.0,max,208.05066214158373
22,random,sd,128.0,max,416.10132428316746
23,concept,mad,0.25,max,0.3694402868210515
23,concept,mad,0.5,max,0.738880573642103
23,concept,mad,1.0,max,1.477761147284206
23,concept,mad,2.0,max,2.955522294568412
23,concept,mad,4.0,max,5.911044589136824
23,concept,mad,8.0,max,11.822089178273648
23,concept,mad,16.0,max,23.644178356547297
23,concept,mad,32.0,max,47.28835671309459
23,concept,mad,64.0,max,94.57671342618919
23,concept,mad,128.0,max,189.15342685237837
23,concept,sd,0.25,max,0.03222279189463043
23,concept,sd,0.5,max,0.06444558378926087
23,concept,sd,1.0,max,0.12889116757852173
23,concept,sd,2.0,max,0.25778233515704346
23,concept,sd,4.0,max,0.5155646703140869
23,concept,sd,8.0,max,1.0311293406281739
23,concept,sd,16.0,max,2.0622586812563477
23,concept,sd,32.0,max,4.124517362512695
23,concept,sd,64.0,max,8.24903472502539
23,concept,sd,128.0,max,16.49806945005078
23,dropout,mad,0.25,max,0.6219554584734552
23,dropout,mad,0.5,max,1.2439109169469105
23,dropout,mad,1.0,max,2.487821833893821
23,dropout,mad,2.0,max,4.975643667787642
23,dropout,mad,4.0,max,9.951287335575284
23,dropout,mad,8.0,max,19.902574671150568
23,dropout,mad,16.0,max,39.805149342301135
23,dropout,mad,32.0,max,79.61029868460227
23,dropout,mad,64.0,max,159.22059736920454
23,dropout,mad,128.0,max,318.4411947384091
23,dropout,sd,0.25,max,0.07712350307760052
23,dropout,sd,0.5,max,0.15424700615520104
23,dropout,sd,1.0,max,0.3084940123104021
23,dropout,sd,2.0,max,0.6169880246208042
23,dropout,sd,4.0,max,1.2339760492416083
23,dropout,sd,8.0,max,2.4679520984832166
23,dropout,sd,16.0,max,4.935904196966433
23,dropout,sd,32.0,max,9.871808393932866
23,dropout,sd,64.0,max,19.743616787865733
23,dropout,sd,128.0,max,39.487233575731466
23,noise,mad,0.25,max,1.198747654295111
23,noise,mad,0.5,max,2.397495308590222
23,noise,mad,1.0,max,4.794990617180444
23,noise,mad,2.0,max,9.589981234360888
23,noise,mad,4.0,max,19.179962468721776
23,noise,mad,8.0,max,38.35992493744355
23,noise,mad,16.0,max,76.7198498748871
23,noise,mad,32.0,max,153.4396997497742
23,noise,mad,64.0,max,306.8793994995484
23,noise,mad,128.0,max,613.7587989990968
23,noise,sd,0.25,max,0.9884593950312769
23,noise,sd,0.5,max,1.9769187900625538
23,noise,sd,1.0,max,3.9538375801251076
23,noise,sd,2.0,max,7.907675160250215
23,noise,sd,4.0,max,15.81535032050043
23,noise,sd,8.0,max,31.63070064100086
23,noise,sd,16.0,max,63.26140128200172
23,noise,sd,32.0,max,126.52280256400344
23,noise,sd,64.0,max,253.04560512800688
23,noise,sd,128.0,max,506.09121025601377
23,random,mad,0.25,max,0.6570074283102945
23,random,mad,0.5,max,1.314014856620589
23,random,mad,1.0,max,2.628029713241178
23,random,mad,2.0,max,5.256059426482356
23,random,mad,4.0,max,10.512118852964711
23,random,mad,8.0,max,21.024237705929423
23,random,mad,16.0,max,42.048475411858846
23,random,mad,32.0,max,84.09695082371769
23,random,mad,64.0,max,168.19390164743538
23,random,mad,128.0,max,336.38780329487076
23,random,sd,0.25,max,0.2956991733244341
23,random,sd,0.5,max,0.5913983466488681
23,random,sd,1.0,max,1.1827966932977363
23,random,sd,2.0,max,2.3655933865954726
23,random,sd,4.0,max,4.731186773190945
23,random,sd,8.0,max,9.46237354638189
23,random,sd,16.0,max,18.92474709276378
23,random,sd,32.0,max,37.84949418552756
23,random,sd,64.0,max,75.69898837105512
23,random,sd,128.0,max,151.39797674211025
24,concept,mad,0.25,max,0.35534769390914106
24,concept,mad,0.5,max,0.7106953878182821
24,concept,mad,1.0,max,1.4213907756365642
24,concept,mad,2.0,max,2.8427815512731285
24,concept,mad,4.0,max,5.685563102546257
24,concept,mad,8.0,max,11.371126205092514
24,concept,mad,16.0,max,22.742252410185028
24,concept,mad,32.0,max,45.484504820370056
24,concept,mad,64.0,max,90.96900964074011
24,concept,mad,128.0,max,181.93801928148022
24,concept,sd,0.25,max,0.03029948706072371
24,concept,sd,0.5,max,0.06059897412144742
24,concept,sd,1.0,max,0.12119794824289484
24,concept,sd,2.0,max,0.24239589648578969
24,concept,sd,4.0,max,0.48479179297157937
24,concept,sd,8.0,max,0.9695835859431587
24,concept,sd,16.0,max,1.9391671718863175
24,concept,sd,32.0,max,3.878334343772635
24,concept,sd,64.0,max,7.75666868754527
24,concept,sd,128.0,max,15.51333737509054
24,dropout,mad,0.25,max,0.6027279036957998
24,dropout,mad,0.5,max,1.2054558073915995
24,dropout,mad,1.0,max,2.410911614783199
24,dropout,mad,2.0,max,4.821823229566398
24,dropout,mad,4.0,max,9.643646459132796
24,dropout,mad,8.0,max,19.287292918265592
24,dropout,mad,16.0,max,38.574585836531185
24,dropout,mad,32.0,max,77.14917167306237
24,dropout,mad,64.0,max,154.29834334612474
24,dropout,mad,128.0,max,308.5966866922495
24,dropout,sd,0.25,max,0.1410767873846167
24,dropout,sd,0.5,max,0.2821535747692334
24,dropout,sd,1.0,max,0.5643071495384668
24,dropout,sd,2.0,max,1.1286142990769337
24,dropout,sd,4.0,max,2.2572285981538673
24,dropout,sd,8.0,max,4.514457196307735
24,dropout,sd,16.0,max,9.02891439261547
24,dropout,sd,32.0,max,18.05782878523094
24,dropout,sd,64.0,max,36.11565757046188
24,dropout,sd,128.0,max,72.23131514092375
24,noise,mad,0.25,max,1.1346651849817404
24,noise,mad,0.5,max,2.269330369963481
24,noise,mad,1.0,max,4.538660739926962
24,noise,mad,2.0,max,9.077321479853923
24,noise,mad,4.0,max,18.154642959707846
24,noise,mad,8.0,max,36.30928591941569
24,noise,mad,16.0,max,72.61857183883139
24,noise,mad,32.0,max,145.23714367766277
24,noise,mad,64.0,max,290.47428735532554
24,noise,mad,128.0,max,580.9485747106511
24,noise,sd,0.25,max,0.9308437612935485
24,noise,sd,0.5,max,1.861687522587097
24,noise,sd,1.0,max,3.723375045174194
24,noise,sd,2.0,max,7.446750090348388
24,noise,sd,4.0,max,14.893500180696776
24,noise,sd,8.0,max,29.787000361393552
24,noise,sd,16.0,max,59.574000722787105
24,noise,sd,32.0,max,119.14800144557421
24,noise,sd,64.0,max,238.29600289114842
24,noise,sd,128.0,max,476.59200578229684
24,random,mad,0.25,max,0.6004473271172329
24,random,mad,0.5,max,1.2008946542344658
24,random,mad,1.0,max,2.4017893084689317
24,random,mad,2.0,max,4.803578616937863
24,random,mad,4.0,max,9.607157233875727
24,random,mad,8.0,max,19.214314467751453
24,random,mad,16.0,max,38.42862893550291
24,random,mad,32.0,max,76.85725787100581
24,random,mad,64.0,max,153.71451574201163
24,random,mad,128.0,max,307.42903148402326
24,random,sd,0.25,max,0.2537910413723791
24,random,sd,0.5,max,0.5075820827447582
24,random,sd,1.0,max,1.0151641654895165
24,random,sd,2.0,max,2.030328330979033
24,random,sd,4.0,max,4.060656661958066
24,random,sd,8.0,max,8.121313323916132
24,random,sd,16.0,max,16.242626647832264
24,random,sd,32.0,max,32.48525329566453
24,random,sd,64.0,max,64.97050659132906
24,random,sd,128.0,max,129.9410131826581
25,concept,mad,0.25,max,0.3380787471257194
25,concept,mad,0.5,max,0.6761574942514388
25,concept,mad,1.0,max,1.3523149885028776
25,concept,mad,2.0,max,2.704629977005755
25,concept,mad,4.0,max,5.40925995401151
25,concept,mad,8.0,max,10.81851990802302
25,concept,mad,16.0,max,21.63703981604604
25,concept,mad,32.0,max,43.27407963209208
25,concept,mad,64.0,max,86.54815926418416
25,concept,mad,128.0,max,173.09631852836833
25,concept,sd,0.25,max,0.03665634360425053
25,concept,sd,0.5,max,0.07331268720850107
25,concept,sd,1.0,max,0.14662537441700213
25,concept,sd,2.0,max,0.29325074883400426
25,concept,sd,4.0,max,0.5865014976680085
25,concept,sd,8.0,max,1.173002995336017
25,concept,sd,16.0,max,2.346005990672034
25,concept,sd,32.0,max,4.692011981344068
25,concept,sd,64.0,max,9.384023962688136
25,concept,sd,128.0,max,18.768047925376273
25,dropout,mad,0.25,max,0.548718738807134
25,dropout,mad,0.5,max,1.097437477614268
25,dropout,mad,1.0,max,2.194874955228536
25,dropout,mad,2.0,max,4.389749910457072
25,dropout,mad,4.0,max,8.779499820914143
25,dropout,mad,8.0,max,17.558999641828287
25,dropout,mad,16.0,max,35.11799928365657
25,dropout,mad,32.0,max,70.23599856731315
25,dropout,mad,64.0,max,140.4719971346263
25,dropout,mad,128.0,max,280.9439942692526
25,dropout,sd,0.25,max,0.10345144792013802
25,dropout,sd,0.5,max,0.20690289584027605
25,dropout,sd,1.0,max,0.4138057916805521
25,dropout,sd,2.0,max,0.8276115833611042
25,dropout,sd,4.0,max,1.6552231667222084
25,dropout,sd,8.0,max,3.3104463334444167
25,dropout,sd,16.0,max,6.6208926668888335
25,dropout,sd,32.0,max,13.241785333777667
25,dropout,sd,64.0,max,26.483570667555334
25,dropout,sd,128.0,max,52.96714133511067
25,noise,mad,0.25,max,1.1265173223497869
25,noise,mad,0.5,max,2.2530346446995737
25,noise,mad,1.0,max,4.506069289399147
25,noise,mad,2.0,max,9.012138578798295
25,noise,mad,4.0,max,18.02427715759659
25,noise,mad,8.0,max,36.04855431519318
25,noise,mad,16.0,max,72.09710863038636
25,noise,mad,32.0,max,144.19421726077272
25,noise,mad,64.0,max,288.38843452154543
25,noise,mad,128.0,max,576.7768690430909
25,noise,sd,0.25,max,0.8423089206532325
25,noise,sd,0.5,max,1.684617841306465
25,noise,sd,1.0,max,3.36923568261293
25,noise,sd,2.0,max,6.73847136522586
25,noise,sd,4.0,max,13.47694273045172
25,noise,sd,8.0,max,26.95388546090344
25,noise,sd,16.0,max,53.90777092180688
25,noise,sd,32.0,max,107.81554184361376
25,noise,sd,64.0,max,215.63108368722752
25,noise,sd,128.0,max,431.26216737445503
25,random,mad,0.25,max,0.631770807091913
25,random,mad,0.5,max,1.263541614183826
25,random,mad,1.0,max,2.527083228367652
25,random,mad,2.0,max,5.054166456735304
25,random,mad,4.0,max,10.108332913470608
25,random,mad,8.0,max,20.216665826941217
25,random,mad,16.0,max,40.43333165388243
25,random,mad,32.0,max,80.86666330776487
25,random,mad,64.0,max,161.73332661552973
25,random,mad,128.0,max,323.46665323105947
25,random,sd,0.25,max,0.6462813549301221
25,random,sd,0.5,max,1.2925627098602441
25,random,sd,1.0,max,2.5851254197204883
25,random,sd,2.0,max,5.1702508394409765
25,random,sd,4.0,max,10.340501678881953
25,random,sd,8.0,max,20.681003357763906
25,random,sd,16.0,max,41.36200671552781
25,random,sd,32.0,max,82.72401343105562
25,random,sd,64.0,max,165.44802686211125
25,random,sd,128.0,max,330.8960537242225
26,concept,mad,0.25,max,0.31391190491804405
26,concept,mad,0.5,max,0.6278238098360881
26,concept,mad,1.0,max,1.2556476196721762
26,concept,mad,2.0,max,2.5112952393443524
26,concept,mad,4.0,max,5.022590478688705
26,concept,mad,8.0,max,10.04518095737741
26,concept,mad,16.0,max,20.09036191475482
26,concept,mad,32.0,max,40.18072382950964
26,concept,mad,64.0,max,80.36144765901928
26,concept,mad,128.0,max,160.72289531803855
26,concept,sd,0.25,max,0.045169193743594495
26,concept,sd,0.5,max,0.09033838748718899
26,concept,sd,1.0,max,0.18067677497437798
26,concept,sd,2.0,max,0.36135354994875596
26,concept,sd,4.0,max,0.7227070998975119
26,concept,sd,8.0,max,1.4454141997950238
26,concept,sd,16.0,max,2.8908283995900477
26,concept,sd,32.0,max,5.781656799180095
26,concept,sd,64.0,max,11.56331359836019
26,concept,sd,128.0,max,23.12662719672038
26,dropout,mad,0.25,max,0.5167532253085672
26,dropout,mad,0.5,max,1.0335064506171343
26,dropout,mad,1.0,max,2.0670129012342686
26,dropout,mad,2.0,max,4.134025802468537
26,dropout,mad,4.0,max,8.268051604937074
26,dropout,mad,8.0,max,16.53610320987415
26,dropout,mad,16.0,max,33.0722064197483
26,dropout,mad,32.0,max,66.1444128394966
26,dropout,mad,64.0,max,132.2888256789932
26,dropout,mad,128.0,max,264.5776513579864
26,dropout,sd,0.25,max,0.07508391959909412
26,dropout,sd,0.5,max,0.15016783919818824
26,dropout,sd,1.0,max,0.3003356783963765
26,dropout,sd,2.0,max,0.600671356792753
26,dropout,sd,4.0,max,1.201342713585506
26,dropout,sd,8.0,max,2.402685427171012
26,dropout,sd,16.0,max,4.805370854342024
26,dropout,sd,32.0,max,9.610741708684047
26,dropout,sd,64.0,max,19.221483417368095
26,dropout,sd,128.0,max,38.44296683473619
26,noise,mad,0.25,max,1.131189317525469
26,noise,mad,0.5,max,2.262378635050938
26,noise,mad,1.0,max,4.524757270101876
26,noise,mad,2.0,max,9.049514540203752
26,noise,mad,4.0,max,18.099029080407504
26,noise,mad,8.0,max,36.19805816081501
26,noise,mad,16.0,max,72.39611632163002
26,noise,mad,32.0,max,144.79223264326004
26,noise,mad,64.0,max,289.58446528652007
26,noise,mad,128.0,max,579.1689305730401
26,noise,sd,0.25,max,0.8452916473224984
26,noise,sd,0.5,max,1.6905832946449968
26,noise,sd,1.0,max,3.3811665892899936
26,noise,sd,2.0,max,6.762333178579987
26,noise,sd,4.0,max,13.524666357159974
26,noise,sd,8.0,max,27.04933271431995
26,noise,sd,16.0,max,54.0986654286399
26,noise,sd,32.0,max,108.1973308572798
26,noise,sd,64.0,max,216.3946617145596
26,noise,sd,128.0,max,432.7893234291192
26,random,mad,0.25,max,0.6980269068997162
26,random,mad,0.5,max,1.3960538137994325
26,random,mad,1.0,max,2.792107627598865
26,random,mad,2.0,max,5.58421525519773
26,random,mad,4.0,max,11.16843051039546
26,random,mad,8.0,max,22.33686102079092
26,random,mad,16.0,max,44.67372204158184
26,random,mad,32.0,max,89.34744408316368
26,random,mad,64.0,max,178.69488816632736
26,random,mad,128.0,max,357.3897763326547
26,random,sd,0.25,max,0.3666383912036658
26,random,sd,0.5,max,0.7332767824073316
26,random,sd,1.0,max,1.4665535648146633
26,random,sd,2.0,max,2.9331071296293265
26,random,sd,4.0,max,5.866214259258653
26,random,sd,8.0,max,11.732428518517306
26,random,sd,16.0,max,23.464857037034612
26,random,sd,32.0,max,46.929714074069224
26,random,sd,64.0,max,93.85942814813845
26,random,sd,128.0,max,187.7188562962769
27,concept,mad,0.25,max,0.3124437340532988
27,concept,mad,0.5,max,0.6248874681065976
27,concept,mad,1.0,max,1.2497749362131951
27,concept,mad,2.0,max,2.4995498724263903
27,concept,mad,4.0,max,4.9990997448527805
27,concept,mad,8.0,max,9.998199489705561
27,concept,mad,16.0,max,19.996398979411122
27,concept,mad,32.0,max,39.992797958822244
27,concept,mad,64.0,max,79.98559591764449
27,concept,mad,128.0,max,159.97119183528898
27,concept,sd,0.25,max,0.08055805369104706
27,concept,sd,0.5,max,0.16111610738209411
27,concept,sd,1.0,max,0.32223221476418823
27,concept,sd,2.0,max,0.6444644295283765
27,concept,sd,4.0,max,1.288928859056753
27,concept,sd,8.0,max,2.577857718113506
27,concept,sd,16.0,max,5.155715436227012
27,concept,sd,32.0,max,10.311430872454023
27,concept,sd,64.0,max,20.622861744908047
27,concept,sd,128.0,max,41.24572348981609
27,dropout,mad,0.25,max,0.488999634737908
27,dropout,mad,0.5,max,0.977999269475816
27,dropout,mad,1.0,max,1.955998538951632
27,dropout,mad,2.0,max,3.911997077903264
27,dropout,mad,4.0,max,7.823994155806528
27,dropout,mad,8.0,max,15.647988311613055
27,dropout,mad,16.0,max,31.29597662322611
27,dropout,mad,32.0,max,62.59195324645222
27,dropout,mad,64.0,max,125.18390649290444
27,dropout,mad,128.0,max,250.36781298580888
27,dropout,sd,0.25,max,0.10488812217804636
27,dropout,sd,0.5,max,0.2097762443560927
27,dropout,sd,1.0,max,0.4195524887121854
27,dropout,sd,2.0,max,0.8391049774243708
27,dropout,sd,4.0,max,1.6782099548487417
27,dropout,sd,8.0,max,3.3564199096974834
27,dropout,sd,16.0,max,6.712839819394967
27,dropout,sd,32.0,max,13.425679638789934
27,dropout,sd,64.0,max,26.851359277579867
27,dropout,sd,128.0,max,53.702718555159734
27,noise,mad,0.25,max,0.9549624203830839
27,noise,mad,0.5,max,1.9099248407661678
27,noise,mad,1.0,max,3.8198496815323355
27,noise,mad,2.0,max,7.639699363064671
27,noise,mad,4.0,max,15.279398726129342
27,noise,mad,8.0,max,30.558797452258684
27,noise,mad,16.0,max,61.11759490451737
27,noise,mad,32.0,max,122.23518980903474
27,noise,mad,64.0,max,244.47037961806947
27,noise,mad,128.0,max,488.94075923613894
27,noise,sd,0.25,max,0.7846020389325934
27,noise,sd,0.5,max,1.5692040778651868
27,noise,sd,1.0,max,3.1384081557303736
27,noise,sd,2.0,max,6.276816311460747
27,noise,sd,4.0,max,12.553632622921494
27,noise,sd,8.0,max,25.10726524584299
27,noise,sd,16.0,max,50.21453049168598
27,noise,sd,32.0,max,100.42906098337195
27,noise,sd,64.0,max,200.8581219667439
27,noise,sd,128.0,max,401.7162439334878
27,random,mad,0.25,max,0.521794331619715
27,random,mad,0.5,max,1.04358866323943
27,random,mad,1.0,max,2.08717732647886
27,random,mad,2.0,max,4.17435465295772
27,random,mad,4.0,max,8.34870930591544
27,random,mad,8.0,max,16.69741861183088
27,random,mad,16.0,max,33.39483722366176
27,random,mad,32.0,max,66.78967444732352
27,random,mad,64.0,max,133.57934889464704
27,random,mad,128.0,max,267.1586977892941
27,random,sd,0.25,max,0.3234384906831088
27,random,sd,0.5,max,0.6468769813662176
27,random,sd,1.0,max,1.2937539627324353
27,random,sd,2.0,max,2.5875079254648705
27,random,sd,4.0,max,5.175015850929741
27,random,sd,8.0,max,10.350031701859482
27,random,sd,16.0,max,20.700063403718964
27,random,sd,32.0,max,41.40012680743793
27,random,sd,64.0,max,82.80025361487586
27,random,sd,128.0,max,165.6005072297517
28,concept,mad,0.25,max,0.29622605867222535
28,concept,mad,0.5,max,0.5924521173444507
28,concept,mad,1.0,max,1.1849042346889014
28,concept,mad,2.0,max,2.3698084693778028
28,concept,mad,4.0,max,4.7396169387556055
28,concept,mad,8.0,max,9.479233877511211
28,concept,mad,16.0,max,18.958467755022422
28,concept,mad,32.0,max,37.916935510044844
28,concept,mad,64.0,max,75.83387102008969
28,concept,mad,128.0,max,151.66774204017938
28,concept,sd,0.25,max,0.05160941583613329
28,concept,sd,0.5,max,0.10321883167226659
28,concept,sd,1.0,max,0.20643766334453317
28,concept,sd,2.0,max,0.41287532668906635
28,concept,sd,4.0,max,0.8257506533781327
28,concept,sd,8.0,max,1.6515013067562654
28,concept,sd,16.0,max,3.3030026135125308
28,concept,sd,32.0,max,6.6060052270250615
28,concept,sd,64.0,max,13.212010454050123
28,concept,sd,128.0,max,26.424020908100246
28,dropout,mad,0.25,max,0.45495515949114623
28,dropout,mad,0.5,max,0.9099103189822925
28,dropout,mad,1.0,max,1.819820637964585
28,dropout,mad,2.0,max,3.63964127592917
28,dropout,mad,4.0,max,7.27928255185834
28,dropout,mad,8.0,max,14.55856510371668
28,dropout,mad,16.0,max,29.11713020743336
28,dropout,mad,32.0,max,58.23426041486672
28,dropout,mad,64.0,max,116.46852082973344
28,dropout,mad,128.0,max,232.93704165946687
28,dropout,sd,0.25,max,0.18308260496100962
28,dropout,sd,0.5,max,0.36616520992201923
28,dropout,sd,1.0,max,0.7323304198440385
28,dropout,sd,2.0,max,1.464660839688077
28,dropout,sd,4.0,max,2.929321679376154
28,dropout,sd,8.0,max,5.858643358752308
28,dropout,sd,16.0,max,11.717286717504615
28,dropout,sd,32.0,max,23.43457343500923
28,dropout,sd,64.0,max,46.86914687001846
28,dropout,sd,128.0,max,93.73829374003692
28,noise,mad,0.25,max,0.876763173109718
28,noise,mad,0.5,max,1.753526346219436
28,noise,mad,1.0,max,3.507052692438872
28,noise,mad,2.0,max,7.014105384877744
28,noise,mad,4.0,max,14.028210769755487
28,noise,mad,8.0,max,28.056421539510975
28,noise,mad,16.0,max,56.11284307902195
28,noise,mad,32.0,max,112.2256861580439
28,noise,mad,64.0,max,224.4513723160878
28,noise,mad,128.0,max,448.9027446321756
28,noise,sd,0.25,max,0.676596762428191
28,noise,sd,0.5,max,1.353193524856382
28,noise,sd,1.0,max,2.706387049712764
28,noise,sd,2.0,max,5.412774099425528
28,noise,sd,4.0,max,10.825548198851056
28,noise,sd,8.0,max,21.651096397702112
28,noise,sd,16.0,max,43.302192795404224
28,noise,sd,32.0,max,86.60438559080845
28,noise,sd,64.0,max,173.2087711816169
28,noise,sd,128.0,max,346.4175423632338
28,random,mad,0.25,max,0.4984097677404907
28,random,mad,0.5,max,0.9968195354809813
28,random,mad,1.0,max,1.9936390709619627
28,random,mad,2.0,max,3.9872781419239254
28,random,mad,4.0,max,7.974556283847851
28,random,mad,8.0,max,15.949112567695702
28,random,mad,16.0,max,31.898225135391403
28,random,mad,32.0,max,63.796450270782806
28,random,mad,64.0,max,127.59290054156561
28,random,mad,128.0,max,255.18580108313122
28,random,sd,0.25,max,0.24789807810875675
28,random,sd,0.5,max,0.4957961562175135
28,random,sd,1.0,max,0.991592312435027
28,random,sd,2.0,max,1.983184624870054
28,random,sd,4.0,max,3.966369249740108
28,random,sd,8.0,max,7.932738499480216
28,random,sd,16.0,max,15.865476998960432
28,random,sd,32.0,max,31.730953997920864
28,random,sd,64.0,max,63.46190799584173
28,random,sd,128.0,max,126.92381599168345
29,concept,mad,0.25,max,0.24970230907619084
29,concept,mad,0.5,max,0.4994046181523817
29,concept,mad,1.0,max,0.9988092363047634
29,concept,mad,2.0,max,1.9976184726095267
29,concept,mad,4.0,max,3.9952369452190535
29,concept,mad,8.0,max,7.990473890438107
29,concept,mad,16.0,max,15.980947780876214
29,concept,mad,32.0,max,31.961895561752428
29,concept,mad,64.0,max,63.923791123504856
29,concept,mad,128.0,max,127.84758224700971
29,concept,sd,0.25,max,0.169367278281978
29,concept,sd,0.5,max,0.338734556563956
29,concept,sd,1.0,max,0.677469113127912
29,concept,sd,2.0,max,1.354938226255824
29,concept,sd,4.0,max,2.709876452511648
29,concept,sd,8.0,max,5.419752905023296
29,concept,sd,16.0,max,10.839505810046592
29,concept,sd,32.0,max,21.679011620093185
29,concept,sd,64.0,max,43.35802324018637
29,concept,sd,128.0,max,86.71604648037274
29,dropout,mad,0.25,max,0.4146707222504581
29,dropout,mad,0.5,max,0.8293414445009162
29,dropout,mad,1.0,max,1.6586828890018324
29,dropout,mad,2.0,max,3.3173657780036647
29,dropout,mad,4.0,max,6.6347315560073294
29,dropout,mad,8.0,max,13.269463112014659
29,dropout,mad,16.0,max,26.538926224029318
29,dropout,mad,32.0,max,53.077852448058636
29,dropout,mad,64.0,max,106.15570489611727
29,dropout,mad,128.0,max,212.31140979223454
29,dropout,sd,0.25,max,0.06821495158172793
29,dropout,sd,0.5,max,0.13642990316345585
29,dropout,sd,1.0,max,0.2728598063269117
29,dropout,sd,2.0,max,0.5457196126538234
29,dropout,sd,4.0,max,1.0914392253076468
29,dropout,sd,8.0,max,2.1828784506152936
29,dropout,sd,16.0,max,4.365756901230587
29,dropout,sd,32.0,max,8.731513802461174
29,dropout,sd,64.0,max,17.46302760492235
29,dropout,sd,128.0,max,34.9260552098447
29,noise,mad,0.25,max,0.7963274300518022
29,noise,mad,0.5,max,1.5926548601036044
29,noise,mad,1.0,max,3.1853097202072087
29,noise,mad,2.0,max,6.370619440414417
29,noise,mad,4.0,max,12.741238880828835
29,noise,mad,8.0,max,25.48247776165767
29,noise,mad,16.0,max,50.96495552331534
29,noise,mad,32.0,max,101.92991104663068
29,noise,mad,64.0,max,203.85982209326136
29,noise,mad,128.0,max,407.7196441865227
29,noise,sd,0.25,max,0.6208634933968522
29,noise,sd,0.5,max,1.2417269867937044
29,noise,sd,1.0,max,2.483453973587409
29,noise,sd,2.0,max,4.966907947174818
29,noise,sd,4.0,max,9.933815894349635
29,noise,sd,8.0,max,19.86763178869927
29,noise,sd,16.0,max,39.73526357739854
29,noise,sd,32.0,max,79.47052715479708
29,noise,sd,64.0,max,158.94105430959416
29,noise,sd,128.0,max,317.88210861918833
29,random,mad,0.25,max,0.4385958610391932
29,random,mad,0.5,max,0.8771917220783864
29,random,mad,1.0,max,1.7543834441567727
29,random,mad,2.0,max,3.5087668883135454
29,random,mad,4.0,max,7.017533776627091
29,random,mad,8.0,max,14.035067553254182
29,random,mad,16.0,max,28.070135106508364
29,random,mad,32.0,max,56.14027021301673
29,random,mad,64.0,max,112.28054042603345
29,random,mad,128.0,max,224.5610808520669
29,random,sd,0.25,max,0.07009006756534254
29,random,sd,0.5,max,0.14018013513068509
29,random,sd,1.0,max,0.28036027026137017
29,random,sd,2.0,max,0.5607205405227403
29,random,sd,4.0,max,1.1214410810454807
29,random,sd,8.0,max,2.2428821620909614
29,random,sd,16.0,max,4.485764324181923
29,random,sd,32.0,max,8.971528648363845
29,random,sd,64.0,max,17.94305729672769
29,random,sd,128.0,max,35.88611459345538
30,concept,mad,0.25,max,0.2466186099658451
30,concept,mad,0.5,max,0.4932372199316902
30,concept,mad,1.0,max,0.9864744398633803
30,concept,mad,2.0,max,1.9729488797267607
30,concept,mad,4.0,max,3.9458977594535214
30,concept,mad,8.0,max,7.891795518907043
30,concept,mad,16.0,max,15.783591037814086
30,concept,mad,32.0,max,31.56718207562817
30,concept,mad,64.0,max,63.13436415125634
30,concept,mad,128.0,max,126.26872830251268
30,concept,sd,0.25,max,0.09345344214210599
30,concept,sd,0.5,max,0.18690688428421198
30,concept,sd,1.0,max,0.37381376856842397
30,concept,sd,2.0,max,0.7476275371368479
30,concept,sd,4.0,max,1.4952550742736959
30,concept,sd,8.0,max,2.9905101485473917
30,concept,sd,16.0,max,5.9810202970947834
30,concept,sd,32.0,max,11.962040594189567
30,concept,sd,64.0,max,23.924081188379134
30,concept,sd,128.0,max,47.84816237675827
30,dropout,mad,0.25,max,0.3540769147139204
30,dropout,mad,0.5,max,0.7081538294278408
30,dropout,mad,1.0,max,1.4163076588556816
30,dropout,mad,2.0,max,2.832615317711363
30,dropout,mad,4.0,max,5.665230635422726
30,dropout,mad,8.0,max,11.330461270845452
30,dropout,mad,16.0,max,22.660922541690905
30,dropout,mad,32.0,max,45.32184508338181
30,dropout,mad,64.0,max,90.64369016676362
30,dropout,mad,128.0,max,181.28738033352724
30,dropout,sd,0.25,max,0.07653889247532007
30,dropout,sd,0.5,max,0.15307778495064014
30,dropout,sd,1.0,max,0.3061555699012803
30,dropout,sd,2.0,max,0.6123111398025606
30,dropout,sd,4.0,max,1.2246222796051212
30,dropout,sd,8.0,max,2.4492445592102423
30,dropout,sd,16.0,max,4.898489118420485
30,dropout,sd,32.0,max,9.79697823684097
30,dropout,sd,64.0,max,19.59395647368194
30,dropout,sd,128.0,max,39.18791294736388
30,noise,mad,0.25,max,0.7035417600490316
30,noise,mad,0.5,max,1.4070835200980631
30,noise,mad,1.0,max,2.8141670401961263
30,noise,mad,2.0,max,5.628334080392253
30,noise,mad,4.0,max,11.256668160784505
30,noise,mad,8.0,max,22.51333632156901
30,noise,mad,16.0,max,45.02667264313802
30,noise,mad,32.0,max,90.05334528627604
30,noise,mad,64.0,max,180.10669057255208
30,noise,mad,128.0,max,360.21338114510417
30,noise,sd,0.25,max,0.5680028776684154
30,noise,sd,0.5,max,1.1360057553368308
30,noise,sd,1.0,max,2.2720115106736616
30,noise,sd,2.0,max,4.544023021347323
30,noise,sd,4.0,max,9.088046042694646
30,noise,sd,8.0,max,18.176092085389293
30,noise,sd,16.0,max,36.352184170778585
30,noise,sd,32.0,max,72.70436834155717
30,noise,sd,64.0,max,145.40873668311434
30,noise,sd,128.0,max,290.8174733662287
30,random,mad,0.25,max,0.40848962286921586
30,random,mad,0.5,max,0.8169792457384317
30,random,mad,1.0,max,1.6339584914768635
30,random,mad,2.0,max,3.267916982953727
30,random,mad,4.0,max,6.535833965907454
30,random,mad,8.0,max,13.071667931814908
30,random,mad,16.0,max,26.143335863629815
30,random,mad,32.0,max,52.28667172725963
30,random,mad,64.0,max,104.57334345451926
30,random,mad,128.0,max,209.14668690903852
30,random,sd,0.25,max,0.35902911833694584
30,random,sd,0.5,max,0.7180582366738917
30,random,sd,1.0,max,1.4361164733477834
30,random,sd,2.0,max,2.8722329466955667
30,random,sd,4.0,max,5.7444658933911334
30,random,sd,8.0,max,11.488931786782267
30,random,sd,16.0,max,22.977863573564534
30,random,sd,32.0,max,45.95572714712907
30,random,sd,64.0,max,91.91145429425814
30,random,sd,128.0,max,183.82290858851627
