layer,family,matching,dose,d_prime,criterion,hit_rate,false_alarm_rate
0,concept,alpha,0.25,0.0,3.2275758330035513,0.0,0.0
0,concept,alpha,0.5,0.0,3.2275758330035513,0.0,0.0
0,concept,alpha,1.0,0.0,3.2275758330035513,0.0,0.0
0,concept,alpha,2.0,2.0764680345873154,2.1893418157098936,0.124375,0.0
0,concept,alpha,4.0,1.9236523580277285,2.265749653989687,0.095625,0.0
0,concept,alpha,8.0,1.8899661930738294,2.2825927364666367,0.09,0.0
0,concept,alpha,16.0,2.3783493970732197,2.0384011344669415,0.1975,0.0
0,concept,alpha,32.0,2.516284740387878,1.9694334628096124,0.238125,0.0
0,concept,alpha,64.0,2.6658196467663933,1.8946660096203547,0.286875,0.0
0,concept,alpha,128.0,2.9437310563697316,1.7557103048186855,0.388125,0.0
0,concept,z_mad,0.01,0.0,3.2275758330035513,0.0,0.0
0,concept,z_mad,0.02,0.0,3.2275758330035513,0.0,0.0
0,concept,z_mad,0.04,0.0,3.2275758330035513,0.0,0.0
0,concept,z_mad,0.08,0.0,3.2275758330035513,0.0,0.0
0,concept,z_mad,0.16,0.0,3.2275758330035513,0.0,0.0
0,concept,z_mad,0.32,0.0,3.2275758330035513,0.0,0.0
0,concept,z_mad,0.64,0.0,3.2275758330035513,0.0,0.0
0,concept,z_mad,1.28,0.0,3.2275758330035513,0.0,0.0
0,concept,z_mad,2.56,0.0,3.2275758330035513,0.0,0.0
0,concept,z_mad,5.12,1.6877200281215328,2.383715818942785,0.06125,0.0
0,concept,z_mad,10.24,1.9732891642525199,2.240931250877291,0.104375,0.0
0,concept,z_mad,20.48,2.067314867059417,2.193918399473843,0.1225,0.0
0,concept,z_sd,0.01,0.0,3.2275758330035513,0.0,0.0
0,concept,z_sd,0.02,0.0,3.2275758330035513,0.0,0.0
0,concept,z_sd,0.04,0.0,3.2275758330035513,0.0,0.0
0,concept,z_sd,0.08,0.0,3.2275758330035513,0.0,0.0
0,concept,z_sd,0.16,0.0,3.2275758330035513,0.0,0.0
0,concept,z_sd,0.32,0.0,3.2275758330035513,0.0,0.0
0,concept,z_sd,0.64,0.0,3.2275758330035513,0.0,0.0
0,concept,z_sd,1.28,1.6287651367941762,2.413193264606463,0.054375,0.0
0,concept,z_sd,2.56,2.109233291066187,2.172959187470458,0.13125,0.0
0,concept,z_sd,5.12,1.8783934814165182,2.2883790922952922,0.088125,0.0
0,concept,z_sd,10.24,2.2475859975225783,2.103782834242262,0.163125,0.0
0,concept,z_sd,20.48,2.536293711085661,1.9594289774607208,0.244375,0.0
0,dropout,alpha,0.25,0.0,2.7364194385325056,0.0,0.0
0,dropout,alpha,0.5,0.0,2.7364194385325056,0.0,0.0
0,dropout,alpha,1.0,0.0,2.7364194385325056,0.0,0.0
0,dropout,alpha,2.0,0.7173332379493633,2.377752819557824,0.01875,0.0
0,dropout,alpha,4.0,0.6535933728015699,2.4096227521317206,0.015625,0.0
0,dropout,alpha,8.0,0.0,2.7364194385325056,0.0,0.0
0,dropout,alpha,16.0,1.1180827687546073,2.177378054155202,0.05,0.0
0,dropout,alpha,32.0,1.519414887922232,1.9767119945713896,0.109375,0.0
0,dropout,alpha,64.0,2.508714684573752,1.4820620962456297,0.409375,0.0
0,dropout,alpha,128.0,2.7831437932863197,1.3448475418893457,0.51875,0.0
0,dropout,z_mad,0.01,0.0,2.7364194385325056,0.0,0.0
0,dropout,z_mad,0.02,0.0,2.7364194385325056,0.0,0.0
0,dropout,z_mad,0.04,0.0,2.7364194385325056,0.0,0.0
0,dropout,z_mad,0.08,0.0,2.7364194385325056,0.0,0.0
0,dropout,z_mad,0.16,0.0,2.7364194385325056,0.0,0.0
0,dropout,z_mad,0.32,0.0,2.7364194385325056,0.0,0.0
0,dropout,z_mad,0.64,0.0,2.7364194385325056,0.0,0.0
0,dropout,z_mad,1.28,0.0,2.7364194385325056,0.0,0.0
0,dropout,z_mad,2.56,0.0,2.7364194385325056,0.0,0.0
0,dropout,z_mad,5.12,0.0,2.7364194385325056,0.0,0.0
0,dropout,z_mad,10.24,0.0,2.7364194385325056,0.0,0.0
0,dropout,z_mad,20.48,0.0,2.7364194385325056,0.0,0.0
0,dropout,z_sd,0.01,0.0,2.7364194385325056,0.0,0.0
0,dropout,z_sd,0.02,0.0,2.7364194385325056,0.0,0.0
0,dropout,z_sd,0.04,0.0,2.7364194385325056,0.0,0.0
0,dropout,z_sd,0.08,0.0,2.7364194385325056,0.0,0.0
0,dropout,z_sd,0.16,0.0,2.7364194385325056,0.0,0.0
0,dropout,z_sd,0.32,0.0,2.7364194385325056,0.0,0.0
0,dropout,z_sd,0.64,0.0,2.7364194385325056,0.0,0.0
0,dropout,z_sd,1.28,0.0,2.7364194385325056,0.0,0.0
0,dropout,z_sd,2.56,0.0,2.7364194385325056,0.0,0.0
0,dropout,z_sd,5.12,0.0,2.7364194385325056,0.0,0.0
0,dropout,z_sd,10.24,0.0,2.7364194385325056,0.0,0.0
0,dropout,z_sd,20.48,0.0,2.7364194385325056,0.0,0.0
0,noise,alpha,0.25,0.0,2.7364194385325056,0.0,0.0
0,noise,alpha,0.5,0.0,2.7364194385325056,0.0,0.0
0,noise,alpha,1.0,0.0,2.7364194385325056,0.0,0.0
0,noise,alpha,2.0,0.0,2.7364194385325056,0.0,0.0
0,noise,alpha,4.0,0.2365058493535135,2.6181665138557486,0.003125,0.0
0,noise,alpha,8.0,0.0,2.7364194385325056,0.0,0.0
0,noise,alpha,16.0,0.0,2.7364194385325056,0.0,0.0
0,noise,alpha,32.0,0.0,2.7364194385325056,0.0,0.0
0,noise,alpha,64.0,0.0,2.7364194385325056,0.0,0.0
0,noise,alpha,128.0,0.3836371517576267,2.5446008626536925,0.00625,0.0
0,noise,z_mad,0.01,0.0,2.7364194385325056,0.0,0.0
0,noise,z_mad,0.02,0.0,2.7364194385325056,0.0,0.0
0,noise,z_mad,0.04,0.0,2.7364194385325056,0.0,0.0
0,noise,z_mad,0.08,0.0,2.7364194385325056,0.0,0.0
0,noise,z_mad,0.16,0.0,2.7364194385325056,0.0,0.0
0,noise,z_mad,0.32,0.0,2.7364194385325056,0.0,0.0
0,noise,z_mad,0.64,0.0,2.7364194385325056,0.0,0.0
0,noise,z_mad,1.28,0.0,2.7364194385325056,0.0,0.0
0,noise,z_mad,2.56,0.0,2.7364194385325056,0.0,0.0
0,noise,z_mad,5.12,0.0,2.7364194385325056,0.0,0.0
0,noise,z_mad,10.24,0.0,2.7364194385325056,0.0,0.0
0,noise,z_mad,20.48,0.0,2.7364194385325056,0.0,0.0
0,noise,z_sd,0.01,0.0,2.7364194385325056,0.0,0.0
0,noise,z_sd,0.02,0.0,2.7364194385325056,0.0,0.0
0,noise,z_sd,0.04,0.0,2.7364194385325056,0.0,0.0
0,noise,z_sd,0.08,0.0,2.7364194385325056,0.0,0.0
0,noise,z_sd,0.16,0.0,2.7364194385325056,0.0,0.0
0,noise,z_sd,0.32,0.0,2.7364194385325056,0.0,0.0
0,noise,z_sd,0.64,0.0,2.7364194385325056,0.0,0.0
0,noise,z_sd,1.28,0.0,2.7364194385325056,0.0,0.0
0,noise,z_sd,2.56,0.0,2.7364194385325056,0.0,0.0
0,noise,z_sd,5.12,0.0,2.7364194385325056,0.0,0.0
0,noise,z_sd,10.24,0.0,2.7364194385325056,0.0,0.0
0,noise,z_sd,20.48,0.0,2.7364194385325056,0.0,0.0
0,random,alpha,0.25,0.0,2.866576577553538,0.0,0.0
0,random,alpha,0.5,0.0,2.866576577553538,0.0,0.0
0,random,alpha,1.0,0.0,2.866576577553538,0.0,0.0
0,random,alpha,2.0,0.36739732434556593,2.682877915380755,0.004166666666666667,0.0
0,random,alpha,4.0,0.22690968727402305,2.753121733916527,0.0020833333333333333,0.0
0,random,alpha,8.0,0.0,2.866576577553538,0.0,0.0
0,random,alpha,16.0,2.1690561794313803,1.782048487837848,0.24166666666666667,0.0
0,random,alpha,32.0,2.68882892763083,1.5221621137381232,0.42916666666666664,0.0
0,random,alpha,64.0,2.8405712787320536,1.4462909381875113,0.4895833333333333,0.0
0,random,alpha,128.0,2.866576577553538,1.433288288776769,0.5,0.0
0,random,z_mad,0.01,0.0,2.866576577553538,0.0,0.0
0,random,z_mad,0.02,0.0,2.866576577553538,0.0,0.0
0,random,z_mad,0.04,0.0,2.866576577553538,0.0,0.0
0,random,z_mad,0.08,0.0,2.866576577553538,0.0,0.0
0,random,z_mad,0.16,0.0,2.866576577553538,0.0,0.0
0,random,z_mad,0.32,0.0,2.866576577553538,0.0,0.0
0,random,z_mad,0.64,0.0,2.866576577553538,0.0,0.0
0,random,z_mad,1.28,0.0,2.866576577553538,0.0,0.0
0,random,z_mad,2.56,0.0,2.866576577553538,0.0,0.0
0,random,z_mad,5.12,0.0,2.866576577553538,0.0,0.0
0,random,z_mad,10.24,0.0,2.866576577553538,0.0,0.0
0,random,z_mad,20.48,0.0,2.866576577553538,0.0,0.0
0,random,z_sd,0.01,0.0,2.866576577553538,0.0,0.0
0,random,z_sd,0.02,0.0,2.866576577553538,0.0,0.0
0,random,z_sd,0.04,0.0,2.866576577553538,0.0,0.0
0,random,z_sd,0.08,0.0,2.866576577553538,0.0,0.0
0,random,z_sd,0.16,0.0,2.866576577553538,0.0,0.0
0,random,z_sd,0.32,0.0,2.866576577553538,0.0,0.0
0,random,z_sd,0.64,0.0,2.866576577553538,0.0,0.0
0,random,z_sd,1.28,0.0,2.866576577553538,0.0,0.0
0,random,z_sd,2.56,0.0,2.866576577553538,0.0,0.0
0,random,z_sd,5.12,0.0,2.866576577553538,0.0,0.0
0,random,z_sd,10.24,0.0,2.866576577553538,0.0,0.0
0,random,z_sd,20.48,0.22690968727402305,2.753121733916527,0.0020833333333333333,0.0
1,concept,alpha,0.25,0.0,3.2275758330035513,0.0,0.0
1,concept,alpha,0.5,0.0,3.2275758330035513,0.0,0.0
1,concept,alpha,1.0,0.0,3.2275758330035513,0.0,0.0
1,concept,alpha,2.0,0.20385641204903893,3.125647626979032,0.000625,0.0
1,concept,alpha,4.0,1.8343303430366003,2.310410661485251,0.08125,0.0
1,concept,alpha,8.0,0.0,3.2275758330035513,0.0,0.0
1,concept,alpha,16.0,0.0,3.2275758330035513,0.0,0.0
1,concept,alpha,32.0,0.0,3.2275758330035513,0.0,0.0
1,concept,alpha,64.0,0.0,3.2275758330035513,0.0,0.0
1,concept,alpha,128.0,0.0,3.2275758330035513,0.0,0.0
1,concept,z_mad,0.01,0.0,3.2275758330035513,0.0,0.0
1,concept,z_mad,0.02,0.0,3.2275758330035513,0.0,0.0
1,concept,z_mad,0.04,0.0,3.2275758330035513,0.0,0.0
1,concept,z_mad,0.08,0.0,3.2275758330035513,0.0,0.0
1,concept,z_mad,0.16,0.0,3.2275758330035513,0.0,0.0
1,concept,z_mad,0.32,0.0,3.2275758330035513,0.0,0.0
1,concept,z_mad,0.64,0.0,3.2275758330035513,0.0,0.0
1,concept,z_mad,1.28,0.0,3.2275758330035513,0.0,0.0
1,concept,z_mad,2.56,0.0,3.2275758330035513,0.0,0.0
1,concept,z_mad,5.12,0.0,3.2275758330035513,0.0,0.0
1,concept,z_mad,10.24,0.0,3.2275758330035513,0.0,0.0
1,concept,z_mad,20.48,0.0,3.2275758330035513,0.0,0.0
1,concept,z_sd,0.01,0.0,3.2275758330035513,0.0,0.0
1,concept,z_sd,0.02,0.8238674202179692,2.815642122894567,0.0075,0.0
1,concept,z_sd,0.04,1.3179373395113636,2.5686071632478695,0.0275,0.0
1,concept,z_sd,0.08,0.0,3.2275758330035513,0.0,0.0
1,concept,z_sd,0.16,0.0,3.2275758330035513,0.0,0.0
1,concept,z_sd,0.32,0.0,3.2275758330035513,0.0,0.0
1,concept,z_sd,0.64,0.0,3.2275758330035513,0.0,0.0
1,concept,z_sd,1.28,0.0,3.2275758330035513,0.0,0.0
1,concept,z_sd,2.56,0.0,3.2275758330035513,0.0,0.0
1,concept,z_sd,5.12,0.0,3.2275758330035513,0.0,0.0
1,concept,z_sd,10.24,0.0,3.2275758330035513,0.0,0.0
1,concept,z_sd,20.48,0.0,3.2275758330035513,0.0,0.0
1,dropout,alpha,0.25,0.0,2.7364194385325056,0.0,0.0
1,dropout,alpha,0.5,0.0,2.7364194385325056,0.0,0.0
1,dropout,alpha,1.0,0.0,2.7364194385325056,0.0,0.0
1,dropout,alpha,2.0,0.3836371517576267,2.5446008626536925,0.00625,0.0
1,dropout,alpha,4.0,1.1462705231652879,2.163284176949862,0.053125,0.0
1,dropout,alpha,8.0,0.87092264510256,2.3009581159812256,0.028125,0.0
1,dropout,alpha,16.0,1.1991347220761368,2.1368520774944373,0.059375,0.0
1,dropout,alpha,32.0,1.1732486218262304,2.1497951276193903,0.05625,0.0
1,dropout,alpha,64.0,1.0885471546286805,2.1921458612181652,0.046875,0.0
1,dropout,alpha,128.0,0.7173332379493633,2.377752819557824,0.01875,0.0
1,dropout,z_mad,0.01,0.0,2.7364194385325056,0.0,0.0
1,dropout,z_mad,0.02,0.0,2.7364194385325056,0.0,0.0
1,dropout,z_mad,0.04,0.0,2.7364194385325056,0.0,0.0
1,dropout,z_mad,0.08,0.0,2.7364194385325056,0.0,0.0
1,dropout,z_mad,0.16,0.0,2.7364194385325056,0.0,0.0
1,dropout,z_mad,0.32,0.0,2.7364194385325056,0.0,0.0
1,dropout,z_mad,0.64,0.0,2.7364194385325056,0.0,0.0
1,dropout,z_mad,1.28,0.0,2.7364194385325056,0.0,0.0
1,dropout,z_mad,2.56,0.0,2.7364194385325056,0.0,0.0
1,dropout,z_mad,5.12,0.0,2.7364194385325056,0.0,0.0
1,dropout,z_mad,10.24,0.0,2.7364194385325056,0.0,0.0
1,dropout,z_mad,20.48,0.0,2.7364194385325056,0.0,0.0
1,dropout,z_sd,0.01,0.0,2.7364194385325056,0.0,0.0
1,dropout,z_sd,0.02,0.0,2.7364194385325056,0.0,0.0
1,dropout,z_sd,0.04,0.0,2.7364194385325056,0.0,0.0
1,dropout,z_sd,0.08,0.0,2.7364194385325056,0.0,0.0
1,dropout,z_sd,0.16,0.0,2.7364194385325056,0.0,0.0
1,dropout,z_sd,0.32,0.0,2.7364194385325056,0.0,0.0
1,dropout,z_sd,0.64,0.0,2.7364194385325056,0.0,0.0
1,dropout,z_sd,1.28,0.0,2.7364194385325056,0.0,0.0
1,dropout,z_sd,2.56,1.1991347220761368,2.1368520774944373,0.059375,0.0
1,dropout,z_sd,5.12,0.5800637333406797,2.4463875718621657,0.0125,0.0
1,dropout,z_sd,10.24,1.024744132022777,2.224047372521117,0.040625,0.0
1,dropout,z_sd,20.48,1.0574997757518154,2.2076695506565978,0.04375,0.0
1,noise,alpha,0.25,0.0,2.7364194385325056,0.0,0.0
1,noise,alpha,0.5,0.0,2.7364194385325056,0.0,0.0
1,noise,alpha,1.0,0.0,2.7364194385325056,0.0,0.0
1,noise,alpha,2.0,0.0,2.7364194385325056,0.0,0.0
1,noise,alpha,4.0,0.0,2.7364194385325056,0.0,0.0
1,noise,alpha,8.0,0.0,2.7364194385325056,0.0,0.0
1,noise,alpha,16.0,0.0,2.7364194385325056,0.0,0.0
1,noise,alpha,32.0,0.0,2.7364194385325056,0.0,0.0
1,noise,alpha,64.0,0.0,2.7364194385325056,0.0,0.0
1,noise,alpha,128.0,0.3836371517576267,2.5446008626536925,0.00625,0.0
1,noise,z_mad,0.01,0.0,2.7364194385325056,0.0,0.0
1,noise,z_mad,0.02,0.0,2.7364194385325056,0.0,0.0
1,noise,z_mad,0.04,0.0,2.7364194385325056,0.0,0.0
1,noise,z_mad,0.08,0.0,2.7364194385325056,0.0,0.0
1,noise,z_mad,0.16,0.0,2.7364194385325056,0.0,0.0
1,noise,z_mad,0.32,0.0,2.7364194385325056,0.0,0.0
1,noise,z_mad,0.64,0.0,2.7364194385325056,0.0,0.0
1,noise,z_mad,1.28,0.0,2.7364194385325056,0.0,0.0
1,noise,z_mad,2.56,0.0,2.7364194385325056,0.0,0.0
1,noise,z_mad,5.12,0.0,2.7364194385325056,0.0,0.0
1,noise,z_mad,10.24,0.0,2.7364194385325056,0.0,0.0
1,noise,z_mad,20.48,0.0,2.7364194385325056,0.0,0.0
1,noise,z_sd,0.01,0.0,2.7364194385325056,0.0,0.0
1,noise,z_sd,0.02,0.0,2.7364194385325056,0.0,0.0
1,noise,z_sd,0.04,0.0,2.7364194385325056,0.0,0.0
1,noise,z_sd,0.08,0.0,2.7364194385325056,0.0,0.0
1,noise,z_sd,0.16,0.0,2.7364194385325056,0.0,0.0
1,noise,z_sd,0.32,0.0,2.7364194385325056,0.0,0.0
1,noise,z_sd,0.64,0.0,2.7364194385325056,0.0,0.0
1,noise,z_sd,1.28,0.0,2.7364194385325056,0.0,0.0
1,noise,z_sd,2.56,0.0,2.7364194385325056,0.0,0.0
1,noise,z_sd,5.12,0.3836371517576267,2.5446008626536925,0.00625,0.0
1,noise,z_sd,10.24,0.0,2.7364194385325056,0.0,0.0
1,noise,z_sd,20.48,0.0,2.7364194385325056,0.0,0.0
1,random,alpha,0.25,0.0,2.866576577553538,0.0,0.0
1,random,alpha,0.5,0.0,2.866576577553538,0.0,0.0
1,random,alpha,1.0,0.0,2.866576577553538,0.0,0.0
1,random,alpha,2.0,0.0,2.866576577553538,0.0,0.0
1,random,alpha,4.0,0.0,2.866576577553538,0.0,0.0
1,random,alpha,8.0,0.5540173964866058,2.589567879310235,0.008333333333333333,0.0
1,random,alpha,16.0,2.0513414939798893,1.8409058305635935,0.20625,0.0
1,random,alpha,32.0,2.949880403121849,1.3916363759926136,0.5333333333333333,0.0
1,random,alpha,64.0,3.0232291436228453,1.3549620057421154,0.5625,0.0
1,random,alpha,128.0,3.0974316616632516,1.3178607467219123,0.5916666666666667,0.0
1,random,z_mad,0.01,0.0,2.866576577553538,0.0,0.0
1,random,z_mad,0.02,0.0,2.866576577553538,0.0,0.0
1,random,z_mad,0.04,0.0,2.866576577553538,0.0,0.0
1,random,z_mad,0.08,0.0,2.866576577553538,0.0,0.0
1,random,z_mad,0.16,0.0,2.866576577553538,0.0,0.0
1,random,z_mad,0.32,0.0,2.866576577553538,0.0,0.0
1,random,z_mad,0.64,0.0,2.866576577553538,0.0,0.0
1,random,z_mad,1.28,0.0,2.866576577553538,0.0,0.0
1,random,z_mad,2.56,0.0,2.866576577553538,0.0,0.0
1,random,z_mad,5.12,0.0,2.866576577553538,0.0,0.0
1,random,z_mad,10.24,0.0,2.866576577553538,0.0,0.0
1,random,z_mad,20.48,0.0,2.866576577553538,0.0,0.0
1,random,z_sd,0.01,0.0,2.866576577553538,0.0,0.0
1,random,z_sd,0.02,0.0,2.866576577553538,0.0,0.0
1,random,z_sd,0.04,0.0,2.866576577553538,0.0,0.0
1,random,z_sd,0.08,0.0,2.866576577553538,0.0,0.0
1,random,z_sd,0.16,0.0,2.866576577553538,0.0,0.0
1,random,z_sd,0.32,0.0,2.866576577553538,0.0,0.0
1,random,z_sd,0.64,0.0,2.866576577553538,0.0,0.0
1,random,z_sd,1.28,0.0,2.866576577553538,0.0,0.0
1,random,z_sd,2.56,0.36739732434556593,2.682877915380755,0.004166666666666667,0.0
1,random,z_sd,5.12,1.7910916490806557,1.9710307530132103,0.13958333333333334,0.0
1,random,z_sd,10.24,2.2778081045078835,1.7276725252995964,0.27708333333333335,0.0
1,random,z_sd,20.48,2.521837392380766,1.605657881363155,0.3645833333333333,0.0
10,concept,alpha,0.25,0.0,3.2275758330035513,0.0,0.0
10,concept,alpha,0.5,0.0,3.2275758330035513,0.0,0.0
10,concept,alpha,1.0,0.0,3.2275758330035513,0.0,0.0
10,concept,alpha,2.0,0.0,3.2275758330035513,0.0,0.0
10,concept,alpha,4.0,0.0,3.2275758330035513,0.0,0.0
10,concept,alpha,8.0,0.0,3.2275758330035513,0.0,0.0
10,concept,alpha,16.0,0.0,3.2275758330035513,0.0,0.0
10,concept,alpha,32.0,0.0,3.2275758330035513,0.0,0.0
10,concept,alpha,64.0,1.4616199222129096,2.4967658718970966,0.038125,0.0
10,concept,alpha,128.0,1.588145148308568,2.4335032588492673,0.05,0.0
10,concept,z_mad,0.01,0.0,3.2275758330035513,0.0,0.0
10,concept,z_mad,0.02,0.0,3.2275758330035513,0.0,0.0
10,concept,z_mad,0.04,0.0,3.2275758330035513,0.0,0.0
10,concept,z_mad,0.08,0.0,3.2275758330035513,0.0,0.0
10,concept,z_mad,0.16,0.0,3.2275758330035513,0.0,0.0
10,concept,z_mad,0.32,0.0,3.2275758330035513,0.0,0.0
10,concept,z_mad,0.64,0.0,3.2275758330035513,0.0,0.0
10,concept,z_mad,1.28,0.0,3.2275758330035513,0.0,0.0
10,concept,z_mad,2.56,0.0,3.2275758330035513,0.0,0.0
10,concept,z_mad,5.12,0.0,3.2275758330035513,0.0,0.0
10,concept,z_mad,10.24,0.0,3.2275758330035513,0.0,0.0
10,concept,z_mad,20.48,0.0,3.2275758330035513,0.0,0.0
10,concept,z_sd,0.01,0.0,3.2275758330035513,0.0,0.0
10,concept,z_sd,0.02,0.0,3.2275758330035513,0.0,0.0
10,concept,z_sd,0.04,0.0,3.2275758330035513,0.0,0.0
10,concept,z_sd,0.08,0.0,3.2275758330035513,0.0,0.0
10,concept,z_sd,0.16,0.0,3.2275758330035513,0.0,0.0
10,concept,z_sd,0.32,0.8766465354948543,2.789252565256124,0.00875,0.0
10,concept,z_sd,0.64,1.588145148308568,2.4335032588492673,0.05,0.0
10,concept,z_sd,1.28,1.588145148308568,2.4335032588492673,0.05,0.0
10,concept,z_sd,2.56,1.588145148308568,2.4335032588492673,0.05,0.0
10,concept,z_sd,5.12,1.588145148308568,2.4335032588492673,0.05,0.0
10,concept,z_sd,10.24,1.588145148308568,2.4335032588492673,0.05,0.0
10,concept,z_sd,20.48,1.588145148308568,2.4335032588492673,0.05,0.0
10,dropout,alpha,0.25,0.0,2.7364194385325056,0.0,0.0
10,dropout,alpha,0.5,0.0,2.7364194385325056,0.0,0.0
10,dropout,alpha,1.0,0.0,2.7364194385325056,0.0,0.0
10,dropout,alpha,2.0,0.0,2.7364194385325056,0.0,0.0
10,dropout,alpha,4.0,0.0,2.7364194385325056,0.0,0.0
10,dropout,alpha,8.0,0.0,2.7364194385325056,0.0,0.0
10,dropout,alpha,16.0,0.0,2.7364194385325056,0.0,0.0
10,dropout,alpha,32.0,0.0,2.7364194385325056,0.0,0.0
10,dropout,alpha,64.0,0.0,2.7364194385325056,0.0,0.0
10,dropout,alpha,128.0,0.5800637333406797,2.4463875718621657,0.0125,0.0
10,dropout,z_mad,0.01,0.0,2.7364194385325056,0.0,0.0
10,dropout,z_mad,0.02,0.0,2.7364194385325056,0.0,0.0
10,dropout,z_mad,0.04,0.0,2.7364194385325056,0.0,0.0
10,dropout,z_mad,0.08,0.0,2.7364194385325056,0.0,0.0
10,dropout,z_mad,0.16,0.0,2.7364194385325056,0.0,0.0
10,dropout,z_mad,0.32,0.0,2.7364194385325056,0.0,0.0
10,dropout,z_mad,0.64,0.0,2.7364194385325056,0.0,0.0
10,dropout,z_mad,1.28,0.0,2.7364194385325056,0.0,0.0
10,dropout,z_mad,2.56,0.0,2.7364194385325056,0.0,0.0
10,dropout,z_mad,5.12,0.0,2.7364194385325056,0.0,0.0
10,dropout,z_mad,10.24,0.0,2.7364194385325056,0.0,0.0
10,dropout,z_mad,20.48,0.0,2.7364194385325056,0.0,0.0
10,dropout,z_sd,0.01,0.0,2.7364194385325056,0.0,0.0
10,dropout,z_sd,0.02,0.0,2.7364194385325056,0.0,0.0
10,dropout,z_sd,0.04,0.0,2.7364194385325056,0.0,0.0
10,dropout,z_sd,0.08,0.0,2.7364194385325056,0.0,0.0
10,dropout,z_sd,0.16,0.0,2.7364194385325056,0.0,0.0
10,dropout,z_sd,0.32,0.0,2.7364194385325056,0.0,0.0
10,dropout,z_sd,0.64,0.0,2.7364194385325056,0.0,0.0
10,dropout,z_sd,1.28,0.0,2.7364194385325056,0.0,0.0
10,dropout,z_sd,2.56,0.0,2.7364194385325056,0.0,0.0
10,dropout,z_sd,5.12,0.0,2.7364194385325056,0.0,0.0
10,dropout,z_sd,10.24,0.0,2.7364194385325056,0.0,0.0
10,dropout,z_sd,20.48,0.0,2.7364194385325056,0.0,0.0
10,noise,alpha,0.25,0.0,2.7364194385325056,0.0,0.0
10,noise,alpha,0.5,0.0,2.7364194385325056,0.0,0.0
10,noise,alpha,1.0,0.0,2.7364194385325056,0.0,0.0
10,noise,alpha,2.0,0.0,2.7364194385325056,0.0,0.0
10,noise,alpha,4.0,0.0,2.7364194385325056,0.0,0.0
10,noise,alpha,8.0,0.0,2.7364194385325056,0.0,0.0
10,noise,alpha,16.0,0.0,2.7364194385325056,0.0,0.0
10,noise,alpha,32.0,0.0,2.7364194385325056,0.0,0.0
10,noise,alpha,64.0,0.0,2.7364194385325056,0.0,0.0
10,noise,alpha,128.0,0.0,2.7364194385325056,0.0,0.0
10,noise,z_mad,0.01,0.0,2.7364194385325056,0.0,0.0
10,noise,z_mad,0.02,0.0,2.7364194385325056,0.0,0.0
10,noise,z_mad,0.04,0.0,2.7364194385325056,0.0,0.0
10,noise,z_mad,0.08,0.0,2.7364194385325056,0.0,0.0
10,noise,z_mad,0.16,0.0,2.7364194385325056,0.0,0.0
10,noise,z_mad,0.32,0.0,2.7364194385325056,0.0,0.0
10,noise,z_mad,0.64,0.0,2.7364194385325056,0.0,0.0
10,noise,z_mad,1.28,0.0,2.7364194385325056,0.0,0.0
10,noise,z_mad,2.56,0.0,2.7364194385325056,0.0,0.0
10,noise,z_mad,5.12,0.0,2.7364194385325056,0.0,0.0
10,noise,z_mad,10.24,0.0,2.7364194385325056,0.0,0.0
10,noise,z_mad,20.48,0.0,2.7364194385325056,0.0,0.0
10,noise,z_sd,0.01,0.0,2.7364194385325056,0.0,0.0
10,noise,z_sd,0.02,0.0,2.7364194385325056,0.0,0.0
10,noise,z_sd,0.04,0.0,2.7364194385325056,0.0,0.0
10,noise,z_sd,0.08,0.0,2.7364194385325056,0.0,0.0
10,noise,z_sd,0.16,0.0,2.7364194385325056,0.0,0.0
10,noise,z_sd,0.32,0.0,2.7364194385325056,0.0,0.0
10,noise,z_sd,0.64,0.0,2.7364194385325056,0.0,0.0
10,noise,z_sd,1.28,0.0,2.7364194385325056,0.0,0.0
10,noise,z_sd,2.56,0.0,2.7364194385325056,0.0,0.0
10,noise,z_sd,5.12,0.0,2.7364194385325056,0.0,0.0
10,noise,z_sd,10.24,0.0,2.7364194385325056,0.0,0.0
10,noise,z_sd,20.48,0.0,2.7364194385325056,0.0,0.0
10,random,alpha,0.25,0.0,2.866576577553538,0.0,0.0
10,random,alpha,0.5,0.0,2.866576577553538,0.0,0.0
10,random,alpha,1.0,0.0,2.866576577553538,0.0,0.0
10,random,alpha,2.0,0.0,2.866576577553538,0.0,0.0
10,random,alpha,4.0,0.0,2.866576577553538,0.0,0.0
10,random,alpha,8.0,0.0,2.866576577553538,0.0,0.0
10,random,alpha,16.0,0.0,2.866576577553538,0.0,0.0
10,random,alpha,32.0,0.0,2.866576577553538,0.0,0.0
10,random,alpha,64.0,0.0,2.866576577553538,0.0,0.0
10,random,alpha,128.0,0.36739732434556593,2.682877915380755,0.004166666666666667,0.0
10,random,z_mad,0.01,0.0,2.866576577553538,0.0,0.0
10,random,z_mad,0.02,0.0,2.866576577553538,0.0,0.0
10,random,z_mad,0.04,0.0,2.866576577553538,0.0,0.0
10,random,z_mad,0.08,0.0,2.866576577553538,0.0,0.0
10,random,z_mad,0.16,0.0,2.866576577553538,0.0,0.0
10,random,z_mad,0.32,0.0,2.866576577553538,0.0,0.0
10,random,z_mad,0.64,0.0,2.866576577553538,0.0,0.0
10,random,z_mad,1.28,0.0,2.866576577553538,0.0,0.0
10,random,z_mad,2.56,0.0,2.866576577553538,0.0,0.0
10,random,z_mad,5.12,0.0,2.866576577553538,0.0,0.0
10,random,z_mad,10.24,0.0,2.866576577553538,0.0,0.0
10,random,z_mad,20.48,0.0,2.866576577553538,0.0,0.0
10,random,z_sd,0.01,0.0,2.866576577553538,0.0,0.0
10,random,z_sd,0.02,0.0,2.866576577553538,0.0,0.0
10,random,z_sd,0.04,0.0,2.866576577553538,0.0,0.0
10,random,z_sd,0.08,0.0,2.866576577553538,0.0,0.0
10,random,z_sd,0.16,0.0,2.866576577553538,0.0,0.0
10,random,z_sd,0.32,0.0,2.866576577553538,0.0,0.0
10,random,z_sd,0.64,0.0,2.866576577553538,0.0,0.0
10,random,z_sd,1.28,0.0,2.866576577553538,0.0,0.0
10,random,z_sd,2.56,0.0,2.866576577553538,0.0,0.0
10,random,z_sd,5.12,0.0,2.866576577553538,0.0,0.0
10,random,z_sd,10.24,0.0,2.866576577553538,0.0,0.0
10,random,z_sd,20.48,0.22690968727402305,2.753121733916527,0.0020833333333333333,0.0
11,concept,alpha,0.25,0.0,3.2275758330035513,0.0,0.0
11,concept,alpha,0.5,0.0,3.2275758330035513,0.0,0.0
11,concept,alpha,1.0,0.0,3.2275758330035513,0.0,0.0
11,concept,alpha,2.0,0.0,3.2275758330035513,0.0,0.0
11,concept,alpha,4.0,0.0,3.2275758330035513,0.0,0.0
11,concept,alpha,8.0,0.0,3.2275758330035513,0.0,0.0
11,concept,alpha,16.0,0.0,3.2275758330035513,0.0,0.0
11,concept,alpha,32.0,0.0,3.2275758330035513,0.0,0.0
11,concept,alpha,64.0,0.0,3.2275758330035513,0.0,0.0
11,concept,alpha,128.0,1.364289361888894,2.545431152059104,0.030625,0.0
11,concept,z_mad,0.01,0.0,3.2275758330035513,0.0,0.0
11,concept,z_mad,0.02,0.0,3.2275758330035513,0.0,0.0
11,concept,z_mad,0.04,0.0,3.2275758330035513,0.0,0.0
11,concept,z_mad,0.08,0.0,3.2275758330035513,0.0,0.0
11,concept,z_mad,0.16,0.0,3.2275758330035513,0.0,0.0
11,concept,z_mad,0.32,0.0,3.2275758330035513,0.0,0.0
11,concept,z_mad,0.64,0.0,3.2275758330035513,0.0,0.0
11,concept,z_mad,1.28,0.0,3.2275758330035513,0.0,0.0
11,concept,z_mad,2.56,0.0,3.2275758330035513,0.0,0.0
11,concept,z_mad,5.12,0.0,3.2275758330035513,0.0,0.0
11,concept,z_mad,10.24,0.0,3.2275758330035513,0.0,0.0
11,concept,z_mad,20.48,0.0,3.2275758330035513,0.0,0.0
11,concept,z_sd,0.01,0.0,3.2275758330035513,0.0,0.0
11,concept,z_sd,0.02,0.0,3.2275758330035513,0.0,0.0
11,concept,z_sd,0.04,0.0,3.2275758330035513,0.0,0.0
11,concept,z_sd,0.08,0.0,3.2275758330035513,0.0,0.0
11,concept,z_sd,0.16,0.0,3.2275758330035513,0.0,0.0
11,concept,z_sd,0.32,0.0,3.2275758330035513,0.0,0.0
11,concept,z_sd,0.64,1.2339435957354121,2.6106040351358453,0.0225,0.0
11,concept,z_sd,1.28,1.5114680778462204,2.471841794080441,0.0425,0.0
11,concept,z_sd,2.56,1.5046054588819484,2.4752731035625772,0.041875,0.0
11,concept,z_sd,5.12,1.483515467550347,2.4858180992283776,0.04,0.0
11,concept,z_sd,10.24,1.5821166630181545,2.436517501494474,0.049375,0.0
11,concept,z_sd,20.48,1.6453936652177537,2.4048790003946747,0.05625,0.0
11,dropout,alpha,0.25,0.0,2.7364194385325056,0.0,0.0
11,dropout,alpha,0.5,0.0,2.7364194385325056,0.0,0.0
11,dropout,alpha,1.0,0.0,2.7364194385325056,0.0,0.0
11,dropout,alpha,2.0,0.0,2.7364194385325056,0.0,0.0
11,dropout,alpha,4.0,0.0,2.7364194385325056,0.0,0.0
11,dropout,alpha,8.0,0.0,2.7364194385325056,0.0,0.0
11,dropout,alpha,16.0,0.0,2.7364194385325056,0.0,0.0
11,dropout,alpha,32.0,0.0,2.7364194385325056,0.0,0.0
11,dropout,alpha,64.0,0.3836371517576267,2.5446008626536925,0.00625,0.0
11,dropout,alpha,128.0,0.5800637333406797,2.4463875718621657,0.0125,0.0
11,dropout,z_mad,0.01,0.0,2.7364194385325056,0.0,0.0
11,dropout,z_mad,0.02,0.0,2.7364194385325056,0.0,0.0
11,dropout,z_mad,0.04,0.0,2.7364194385325056,0.0,0.0
11,dropout,z_mad,0.08,0.0,2.7364194385325056,0.0,0.0
11,dropout,z_mad,0.16,0.0,2.7364194385325056,0.0,0.0
11,dropout,z_mad,0.32,0.0,2.7364194385325056,0.0,0.0
11,dropout,z_mad,0.64,0.0,2.7364194385325056,0.0,0.0
11,dropout,z_mad,1.28,0.0,2.7364194385325056,0.0,0.0
11,dropout,z_mad,2.56,0.0,2.7364194385325056,0.0,0.0
11,dropout,z_mad,5.12,0.0,2.7364194385325056,0.0,0.0
11,dropout,z_mad,10.24,0.0,2.7364194385325056,0.0,0.0
11,dropout,z_mad,20.48,0.0,2.7364194385325056,0.0,0.0
11,dropout,z_sd,0.01,0.0,2.7364194385325056,0.0,0.0
11,dropout,z_sd,0.02,0.0,2.7364194385325056,0.0,0.0
11,dropout,z_sd,0.04,0.0,2.7364194385325056,0.0,0.0
11,dropout,z_sd,0.08,0.0,2.7364194385325056,0.0,0.0
11,dropout,z_sd,0.16,0.0,2.7364194385325056,0.0,0.0
11,dropout,z_sd,0.32,0.0,2.7364194385325056,0.0,0.0
11,dropout,z_sd,0.64,0.0,2.7364194385325056,0.0,0.0
11,dropout,z_sd,1.28,0.0,2.7364194385325056,0.0,0.0
11,dropout,z_sd,2.56,0.0,2.7364194385325056,0.0,0.0
11,dropout,z_sd,5.12,0.0,2.7364194385325056,0.0,0.0
11,dropout,z_sd,10.24,0.0,2.7364194385325056,0.0,0.0
11,dropout,z_sd,20.48,0.0,2.7364194385325056,0.0,0.0
11,noise,alpha,0.25,0.0,2.7364194385325056,0.0,0.0
11,noise,alpha,0.5,0.0,2.7364194385325056,0.0,0.0
11,noise,alpha,1.0,0.0,2.7364194385325056,0.0,0.0
11,noise,alpha,2.0,0.0,2.7364194385325056,0.0,0.0
11,noise,alpha,4.0,0.0,2.7364194385325056,0.0,0.0
11,noise,alpha,8.0,0.0,2.7364194385325056,0.0,0.0
11,noise,alpha,16.0,0.0,2.7364194385325056,0.0,0.0
11,noise,alpha,32.0,0.0,2.7364194385325056,0.0,0.0
11,noise,alpha,64.0,0.0,2.7364194385325056,0.0,0.0
11,noise,alpha,128.0,0.0,2.7364194385325056,0.0,0.0
11,noise,z_mad,0.01,0.0,2.7364194385325056,0.0,0.0
11,noise,z_mad,0.02,0.0,2.7364194385325056,0.0,0.0
11,noise,z_mad,0.04,0.0,2.7364194385325056,0.0,0.0
11,noise,z_mad,0.08,0.0,2.7364194385325056,0.0,0.0
11,noise,z_mad,0.16,0.0,2.7364194385325056,0.0,0.0
11,noise,z_mad,0.32,0.0,2.7364194385325056,0.0,0.0
11,noise,z_mad,0.64,0.0,2.7364194385325056,0.0,0.0
11,noise,z_mad,1.28,0.0,2.7364194385325056,0.0,0.0
11,noise,z_mad,2.56,0.0,2.7364194385325056,0.0,0.0
11,noise,z_mad,5.12,0.0,2.7364194385325056,0.0,0.0
11,noise,z_mad,10.24,0.0,2.7364194385325056,0.0,0.0
11,noise,z_mad,20.48,0.0,2.7364194385325056,0.0,0.0
11,noise,z_sd,0.01,0.0,2.7364194385325056,0.0,0.0
11,noise,z_sd,0.02,0.0,2.7364194385325056,0.0,0.0
11,noise,z_sd,0.04,0.0,2.7364194385325056,0.0,0.0
11,noise,z_sd,0.08,0.0,2.7364194385325056,0.0,0.0
11,noise,z_sd,0.16,0.0,2.7364194385325056,0.0,0.0
11,noise,z_sd,0.32,0.0,2.7364194385325056,0.0,0.0
11,noise,z_sd,0.64,0.0,2.7364194385325056,0.0,0.0
11,noise,z_sd,1.28,0.0,2.7364194385325056,0.0,0.0
11,noise,z_sd,2.56,0.0,2.7364194385325056,0.0,0.0
11,noise,z_sd,5.12,0.0,2.7364194385325056,0.0,0.0
11,noise,z_sd,10.24,0.0,2.7364194385325056,0.0,0.0
11,noise,z_sd,20.48,0.0,2.7364194385325056,0.0,0.0
11,random,alpha,0.25,0.0,2.866576577553538,0.0,0.0
11,random,alpha,0.5,0.0,2.866576577553538,0.0,0.0
11,random,alpha,1.0,0.0,2.866576577553538,0.0,0.0
11,random,alpha,2.0,0.0,2.866576577553538,0.0,0.0
11,random,alpha,4.0,0.0,2.866576577553538,0.0,0.0
11,random,alpha,8.0,0.0,2.866576577553538,0.0,0.0
11,random,alpha,16.0,0.0,2.866576577553538,0.0,0.0
11,random,alpha,32.0,0.0,2.866576577553538,0.0,0.0
11,random,alpha,64.0,0.0,2.866576577553538,0.0,0.0
11,random,alpha,128.0,0.0,2.866576577553538,0.0,0.0
11,random,z_mad,0.01,0.0,2.866576577553538,0.0,0.0
11,random,z_mad,0.02,0.0,2.866576577553538,0.0,0.0
11,random,z_mad,0.04,0.0,2.866576577553538,0.0,0.0
11,random,z_mad,0.08,0.0,2.866576577553538,0.0,0.0
11,random,z_mad,0.16,0.0,2.866576577553538,0.0,0.0
11,random,z_mad,0.32,0.0,2.866576577553538,0.0,0.0
11,random,z_mad,0.64,0.0,2.866576577553538,0.0,0.0
11,random,z_mad,1.28,0.0,2.866576577553538,0.0,0.0
11,random,z_mad,2.56,0.0,2.866576577553538,0.0,0.0
11,random,z_mad,5.12,0.0,2.866576577553538,0.0,0.0
11,random,z_mad,10.24,0.0,2.866576577553538,0.0,0.0
11,random,z_mad,20.48,0.0,2.866576577553538,0.0,0.0
11,random,z_sd,0.01,0.0,2.866576577553538,0.0,0.0
11,random,z_sd,0.02,0.0,2.866576577553538,0.0,0.0
11,random,z_sd,0.04,0.0,2.866576577553538,0.0,0.0
11,random,z_sd,0.08,0.0,2.866576577553538,0.0,0.0
11,random,z_sd,0.16,0.0,2.866576577553538,0.0,0.0
11,random,z_sd,0.32,0.0,2.866576577553538,0.0,0.0
11,random,z_sd,0.64,0.0,2.866576577553538,0.0,0.0
11,random,z_sd,1.28,0.0,2.866576577553538,0.0,0.0
11,random,z_sd,2.56,0.0,2.866576577553538,0.0,0.0
11,random,z_sd,5.12,0.0,2.866576577553538,0.0,0.0
11,random,z_sd,10.24,0.0,2.866576577553538,0.0,0.0
11,random,z_sd,20.48,0.0,2.866576577553538,0.0,0.0
12,concept,alpha,0.25,0.0,3.2275758330035513,0.0,0.0
12,concept,alpha,0.5,0.0,3.2275758330035513,0.0,0.0
12,concept,alpha,1.0,0.0,3.2275758330035513,0.0,0.0
12,concept,alpha,2.0,0.0,3.2275758330035513,0.0,0.0
12,concept,alpha,4.0,0.0,3.2275758330035513,0.0,0.0
12,concept,alpha,8.0,0.0,3.2275758330035513,0.0,0.0
12,concept,alpha,16.0,0.0,3.2275758330035513,0.0,0.0
12,concept,alpha,32.0,0.0,3.2275758330035513,0.0,0.0
12,concept,alpha,64.0,0.9235905664763133,2.7657805497653944,0.01,0.0
12,concept,alpha,128.0,1.5636629380323153,2.4457443639873935,0.0475,0.0
12,concept,z_mad,0.01,0.0,3.2275758330035513,0.0,0.0
12,concept,z_mad,0.02,0.0,3.2275758330035513,0.0,0.0
12,concept,z_mad,0.04,0.0,3.2275758330035513,0.0,0.0
12,concept,z_mad,0.08,0.0,3.2275758330035513,0.0,0.0
12,concept,z_mad,0.16,0.0,3.2275758330035513,0.0,0.0
12,concept,z_mad,0.32,0.0,3.2275758330035513,0.0,0.0
12,concept,z_mad,0.64,0.0,3.2275758330035513,0.0,0.0
12,concept,z_mad,1.28,0.0,3.2275758330035513,0.0,0.0
12,concept,z_mad,2.56,0.0,3.2275758330035513,0.0,0.0
12,concept,z_mad,5.12,0.0,3.2275758330035513,0.0,0.0
12,concept,z_mad,10.24,0.0,3.2275758330035513,0.0,0.0
12,concept,z_mad,20.48,0.0,3.2275758330035513,0.0,0.0
12,concept,z_sd,0.01,0.0,3.2275758330035513,0.0,0.0
12,concept,z_sd,0.02,0.0,3.2275758330035513,0.0,0.0
12,concept,z_sd,0.04,0.0,3.2275758330035513,0.0,0.0
12,concept,z_sd,0.08,0.0,3.2275758330035513,0.0,0.0
12,concept,z_sd,0.16,0.0,3.2275758330035513,0.0,0.0
12,concept,z_sd,0.32,0.0,3.2275758330035513,0.0,0.0
12,concept,z_sd,0.64,1.5446245326192178,2.4552635666939424,0.045625,0.0
12,concept,z_sd,1.28,1.3081568927423044,2.573497386632399,0.026875,0.0
12,concept,z_sd,2.56,0.0,3.2275758330035513,0.0,0.0
12,concept,z_sd,5.12,0.605479641597364,2.924836012204869,0.00375,0.0
12,concept,z_sd,10.24,1.0888690843198185,2.683141290843642,0.015625,0.0
12,concept,z_sd,20.48,1.2776588742175488,2.588746395894777,0.025,0.0
12,dropout,alpha,0.25,0.0,2.7364194385325056,0.0,0.0
12,dropout,alpha,0.5,0.0,2.7364194385325056,0.0,0.0
12,dropout,alpha,1.0,0.0,2.7364194385325056,0.0,0.0
12,dropout,alpha,2.0,0.0,2.7364194385325056,0.0,0.0
12,dropout,alpha,4.0,0.0,2.7364194385325056,0.0,0.0
12,dropout,alpha,8.0,0.0,2.7364194385325056,0.0,0.0
12,dropout,alpha,16.0,0.0,2.7364194385325056,0.0,0.0
12,dropout,alpha,32.0,0.0,2.7364194385325056,0.0,0.0
12,dropout,alpha,64.0,0.5800637333406797,2.4463875718621657,0.0125,0.0
12,dropout,alpha,128.0,0.0,2.7364194385325056,0.0,0.0
12,dropout,z_mad,0.01,0.0,2.7364194385325056,0.0,0.0
12,dropout,z_mad,0.02,0.0,2.7364194385325056,0.0,0.0
12,dropout,z_mad,0.04,0.0,2.7364194385325056,0.0,0.0
12,dropout,z_mad,0.08,0.0,2.7364194385325056,0.0,0.0
12,dropout,z_mad,0.16,0.0,2.7364194385325056,0.0,0.0
12,dropout,z_mad,0.32,0.0,2.7364194385325056,0.0,0.0
12,dropout,z_mad,0.64,0.0,2.7364194385325056,0.0,0.0
12,dropout,z_mad,1.28,0.0,2.7364194385325056,0.0,0.0
12,dropout,z_mad,2.56,0.0,2.7364194385325056,0.0,0.0
12,dropout,z_mad,5.12,0.0,2.7364194385325056,0.0,0.0
12,dropout,z_mad,10.24,0.0,2.7364194385325056,0.0,0.0
12,dropout,z_mad,20.48,0.0,2.7364194385325056,0.0,0.0
12,dropout,z_sd,0.01,0.0,2.7364194385325056,0.0,0.0
12,dropout,z_sd,0.02,0.0,2.7364194385325056,0.0,0.0
12,dropout,z_sd,0.04,0.0,2.7364194385325056,0.0,0.0
12,dropout,z_sd,0.08,0.0,2.7364194385325056,0.0,0.0
12,dropout,z_sd,0.16,0.0,2.7364194385325056,0.0,0.0
12,dropout,z_sd,0.32,0.0,2.7364194385325056,0.0,0.0
12,dropout,z_sd,0.64,0.0,2.7364194385325056,0.0,0.0
12,dropout,z_sd,1.28,0.0,2.7364194385325056,0.0,0.0
12,dropout,z_sd,2.56,0.0,2.7364194385325056,0.0,0.0
12,dropout,z_sd,5.12,0.0,2.7364194385325056,0.0,0.0
12,dropout,z_sd,10.24,0.0,2.7364194385325056,0.0,0.0
12,dropout,z_sd,20.48,0.0,2.7364194385325056,0.0,0.0
12,noise,alpha,0.25,0.0,2.7364194385325056,0.0,0.0
12,noise,alpha,0.5,0.0,2.7364194385325056,0.0,0.0
12,noise,alpha,1.0,0.0,2.7364194385325056,0.0,0.0
12,noise,alpha,2.0,0.0,2.7364194385325056,0.0,0.0
12,noise,alpha,4.0,0.0,2.7364194385325056,0.0,0.0
12,noise,alpha,8.0,0.0,2.7364194385325056,0.0,0.0
12,noise,alpha,16.0,0.0,2.7364194385325056,0.0,0.0
12,noise,alpha,32.0,0.0,2.7364194385325056,0.0,0.0
12,noise,alpha,64.0,0.0,2.7364194385325056,0.0,0.0
12,noise,alpha,128.0,0.0,2.7364194385325056,0.0,0.0
12,noise,z_mad,0.01,0.0,2.7364194385325056,0.0,0.0
12,noise,z_mad,0.02,0.0,2.7364194385325056,0.0,0.0
12,noise,z_mad,0.04,0.0,2.7364194385325056,0.0,0.0
12,noise,z_mad,0.08,0.0,2.7364194385325056,0.0,0.0
12,noise,z_mad,0.16,0.0,2.7364194385325056,0.0,0.0
12,noise,z_mad,0.32,0.0,2.7364194385325056,0.0,0.0
12,noise,z_mad,0.64,0.0,2.7364194385325056,0.0,0.0
12,noise,z_mad,1.28,0.0,2.7364194385325056,0.0,0.0
12,noise,z_mad,2.56,0.0,2.7364194385325056,0.0,0.0
12,noise,z_mad,5.12,0.0,2.7364194385325056,0.0,0.0
12,noise,z_mad,10.24,0.0,2.7364194385325056,0.0,0.0
12,noise,z_mad,20.48,0.0,2.7364194385325056,0.0,0.0
12,noise,z_sd,0.01,0.0,2.7364194385325056,0.0,0.0
12,noise,z_sd,0.02,0.0,2.7364194385325056,0.0,0.0
12,noise,z_sd,0.04,0.0,2.7364194385325056,0.0,0.0
12,noise,z_sd,0.08,0.0,2.7364194385325056,0.0,0.0
12,noise,z_sd,0.16,0.0,2.7364194385325056,0.0,0.0
12,noise,z_sd,0.32,0.0,2.7364194385325056,0.0,0.0
12,noise,z_sd,0.64,0.0,2.7364194385325056,0.0,0.0
12,noise,z_sd,1.28,0.0,2.7364194385325056,0.0,0.0
12,noise,z_sd,2.56,0.0,2.7364194385325056,0.0,0.0
12,noise,z_sd,5.12,0.0,2.7364194385325056,0.0,0.0
12,noise,z_sd,10.24,0.0,2.7364194385325056,0.0,0.0
12,noise,z_sd,20.48,0.0,2.7364194385325056,0.0,0.0
12,random,alpha,0.25,0.0,2.866576577553538,0.0,0.0
12,random,alpha,0.5,0.0,2.866576577553538,0.0,0.0
12,random,alpha,1.0,0.0,2.866576577553538,0.0,0.0
12,random,alpha,2.0,0.0,2.866576577553538,0.0,0.0
12,random,alpha,4.0,0.0,2.866576577553538,0.0,0.0
12,random,alpha,8.0,0.0,2.866576577553538,0.0,0.0
12,random,alpha,16.0,0.0,2.866576577553538,0.0,0.0
12,random,alpha,32.0,0.0,2.866576577553538,0.0,0.0
12,random,alpha,64.0,0.0,2.866576577553538,0.0,0.0
12,random,alpha,128.0,0.0,2.866576577553538,0.0,0.0
12,random,z_mad,0.01,0.0,2.866576577553538,0.0,0.0
12,random,z_mad,0.02,0.0,2.866576577553538,0.0,0.0
12,random,z_mad,0.04,0.0,2.866576577553538,0.0,0.0
12,random,z_mad,0.08,0.0,2.866576577553538,0.0,0.0
12,random,z_mad,0.16,0.0,2.866576577553538,0.0,0.0
12,random,z_mad,0.32,0.0,2.866576577553538,0.0,0.0
12,random,z_mad,0.64,0.0,2.866576577553538,0.0,0.0
12,random,z_mad,1.28,0.0,2.866576577553538,0.0,0.0
12,random,z_mad,2.56,0.0,2.866576577553538,0.0,0.0
12,random,z_mad,5.12,0.0,2.866576577553538,0.0,0.0
12,random,z_mad,10.24,0.0,2.866576577553538,0.0,0.0
12,random,z_mad,20.48,0.0,2.866576577553538,0.0,0.0
12,random,z_sd,0.01,0.0,2.866576577553538,0.0,0.0
12,random,z_sd,0.02,0.0,2.866576577553538,0.0,0.0
12,random,z_sd,0.04,0.0,2.866576577553538,0.0,0.0
12,random,z_sd,0.08,0.0,2.866576577553538,0.0,0.0
12,random,z_sd,0.16,0.0,2.866576577553538,0.0,0.0
12,random,z_sd,0.32,0.0,2.866576577553538,0.0,0.0
12,random,z_sd,0.64,0.0,2.866576577553538,0.0,0.0
12,random,z_sd,1.28,0.0,2.866576577553538,0.0,0.0
12,random,z_sd,2.56,0.0,2.866576577553538,0.0,0.0
12,random,z_sd,5.12,0.0,2.866576577553538,0.0,0.0
12,random,z_sd,10.24,0.0,2.866576577553538,0.0,0.0
12,random,z_sd,20.48,0.0,2.866576577553538,0.0,0.0
13,concept,alpha,0.25,0.0,3.2275758330035513,0.0,0.0
13,concept,alpha,0.5,0.0,3.2275758330035513,0.0,0.0
13,concept,alpha,1.0,0.0,3.2275758330035513,0.0,0.0
13,concept,alpha,2.0,0.0,3.2275758330035513,0.0,0.0
13,concept,alpha,4.0,0.0,3.2275758330035513,0.0,0.0
13,concept,alpha,8.0,0.0,3.2275758330035513,0.0,0.0
13,concept,alpha,16.0,0.0,3.2275758330035513,0.0,0.0
13,concept,alpha,32.0,0.0,3.2275758330035513,0.0,0.0
13,concept,alpha,64.0,1.531585128453282,2.4617832687769106,0.044375,0.0
13,concept,alpha,128.0,1.49063153738907,2.4822600643090165,0.040625,0.0
13,concept,z_mad,0.01,0.0,3.2275758330035513,0.0,0.0
13,concept,z_mad,0.02,0.0,3.2275758330035513,0.0,0.0
13,concept,z_mad,0.04,0.0,3.2275758330035513,0.0,0.0
13,concept,z_mad,0.08,0.0,3.2275758330035513,0.0,0.0
13,concept,z_mad,0.16,0.0,3.2275758330035513,0.0,0.0
13,concept,z_mad,0.32,0.0,3.2275758330035513,0.0,0.0
13,concept,z_mad,0.64,0.0,3.2275758330035513,0.0,0.0
13,concept,z_mad,1.28,0.0,3.2275758330035513,0.0,0.0
13,concept,z_mad,2.56,0.0,3.2275758330035513,0.0,0.0
13,concept,z_mad,5.12,0.0,3.2275758330035513,0.0,0.0
13,concept,z_mad,10.24,0.0,3.2275758330035513,0.0,0.0
13,concept,z_mad,20.48,0.0,3.2275758330035513,0.0,0.0
13,concept,z_sd,0.01,0.0,3.2275758330035513,0.0,0.0
13,concept,z_sd,0.02,0.0,3.2275758330035513,0.0,0.0
13,concept,z_sd,0.04,0.0,3.2275758330035513,0.0,0.0
13,concept,z_sd,0.08,0.0,3.2275758330035513,0.0,0.0
13,concept,z_sd,0.16,0.0,3.2275758330035513,0.0,0.0
13,concept,z_sd,0.32,1.0045970171130056,2.7252773244470485,0.0125,0.0
13,concept,z_sd,0.64,1.5636629380323153,2.4457443639873935,0.0475,0.0
13,concept,z_sd,1.28,1.186049124168377,2.6345512709193626,0.02,0.0
13,concept,z_sd,2.56,1.588145148308568,2.4335032588492673,0.05,0.0
13,concept,z_sd,5.12,1.588145148308568,2.4335032588492673,0.05,0.0
13,concept,z_sd,10.24,1.588145148308568,2.4335032588492673,0.05,0.0
13,concept,z_sd,20.48,1.6000264737686376,2.4275625961192326,0.05125,0.0
13,dropout,alpha,0.25,0.0,2.7364194385325056,0.0,0.0
13,dropout,alpha,0.5,0.0,2.7364194385325056,0.0,0.0
13,dropout,alpha,1.0,0.0,2.7364194385325056,0.0,0.0
13,dropout,alpha,2.0,0.0,2.7364194385325056,0.0,0.0
13,dropout,alpha,4.0,0.0,2.7364194385325056,0.0,0.0
13,dropout,alpha,8.0,0.0,2.7364194385325056,0.0,0.0
13,dropout,alpha,16.0,0.0,2.7364194385325056,0.0,0.0
13,dropout,alpha,32.0,0.0,2.7364194385325056,0.0,0.0
13,dropout,alpha,64.0,0.0,2.7364194385325056,0.0,0.0
13,dropout,alpha,128.0,0.3836371517576267,2.5446008626536925,0.00625,0.0
13,dropout,z_mad,0.01,0.0,2.7364194385325056,0.0,0.0
13,dropout,z_mad,0.02,0.0,2.7364194385325056,0.0,0.0
13,dropout,z_mad,0.04,0.0,2.7364194385325056,0.0,0.0
13,dropout,z_mad,0.08,0.0,2.7364194385325056,0.0,0.0
13,dropout,z_mad,0.16,0.0,2.7364194385325056,0.0,0.0
13,dropout,z_mad,0.32,0.0,2.7364194385325056,0.0,0.0
13,dropout,z_mad,0.64,0.0,2.7364194385325056,0.0,0.0
13,dropout,z_mad,1.28,0.0,2.7364194385325056,0.0,0.0
13,dropout,z_mad,2.56,0.0,2.7364194385325056,0.0,0.0
13,dropout,z_mad,5.12,0.0,2.7364194385325056,0.0,0.0
13,dropout,z_mad,10.24,0.0,2.7364194385325056,0.0,0.0
13,dropout,z_mad,20.48,0.0,2.7364194385325056,0.0,0.0
13,dropout,z_sd,0.01,0.0,2.7364194385325056,0.0,0.0
13,dropout,z_sd,0.02,0.0,2.7364194385325056,0.0,0.0
13,dropout,z_sd,0.04,0.0,2.7364194385325056,0.0,0.0
13,dropout,z_sd,0.08,0.0,2.7364194385325056,0.0,0.0
13,dropout,z_sd,0.16,0.0,2.7364194385325056,0.0,0.0
13,dropout,z_sd,0.32,0.0,2.7364194385325056,0.0,0.0
13,dropout,z_sd,0.64,0.0,2.7364194385325056,0.0,0.0
13,dropout,z_sd,1.28,0.0,2.7364194385325056,0.0,0.0
13,dropout,z_sd,2.56,0.0,2.7364194385325056,0.0,0.0
13,dropout,z_sd,5.12,0.0,2.7364194385325056,0.0,0.0
13,dropout,z_sd,10.24,0.0,2.7364194385325056,0.0,0.0
13,dropout,z_sd,20.48,0.0,2.7364194385325056,0.0,0.0
13,noise,alpha,0.25,0.0,2.7364194385325056,0.0,0.0
13,noise,alpha,0.5,0.0,2.7364194385325056,0.0,0.0
13,noise,alpha,1.0,0.0,2.7364194385325056,0.0,0.0
13,noise,alpha,2.0,0.0,2.7364194385325056,0.0,0.0
13,noise,alpha,4.0,0.0,2.7364194385325056,0.0,0.0
13,noise,alpha,8.0,0.0,2.7364194385325056,0.0,0.0
13,noise,alpha,16.0,0.0,2.7364194385325056,0.0,0.0
13,noise,alpha,32.0,0.0,2.7364194385325056,0.0,0.0
13,noise,alpha,64.0,0.0,2.7364194385325056,0.0,0.0
13,noise,alpha,128.0,0.0,2.7364194385325056,0.0,0.0
13,noise,z_mad,0.01,0.0,2.7364194385325056,0.0,0.0
13,noise,z_mad,0.02,0.0,2.7364194385325056,0.0,0.0
13,noise,z_mad,0.04,0.0,2.7364194385325056,0.0,0.0
13,noise,z_mad,0.08,0.0,2.7364194385325056,0.0,0.0
13,noise,z_mad,0.16,0.0,2.7364194385325056,0.0,0.0
13,noise,z_mad,0.32,0.0,2.7364194385325056,0.0,0.0
13,noise,z_mad,0.64,0.0,2.7364194385325056,0.0,0.0
13,noise,z_mad,1.28,0.0,2.7364194385325056,0.0,0.0
13,noise,z_mad,2.56,0.0,2.7364194385325056,0.0,0.0
13,noise,z_mad,5.12,0.0,2.7364194385325056,0.0,0.0
13,noise,z_mad,10.24,0.0,2.7364194385325056,0.0,0.0
13,noise,z_mad,20.48,0.0,2.7364194385325056,0.0,0.0
13,noise,z_sd,0.01,0.0,2.7364194385325056,0.0,0.0
13,noise,z_sd,0.02,0.0,2.7364194385325056,0.0,0.0
13,noise,z_sd,0.04,0.0,2.7364194385325056,0.0,0.0
13,noise,z_sd,0.08,0.0,2.7364194385325056,0.0,0.0
13,noise,z_sd,0.16,0.0,2.7364194385325056,0.0,0.0
13,noise,z_sd,0.32,0.0,2.7364194385325056,0.0,0.0
13,noise,z_sd,0.64,0.0,2.7364194385325056,0.0,0.0
13,noise,z_sd,1.28,0.0,2.7364194385325056,0.0,0.0
13,noise,z_sd,2.56,0.0,2.7364194385325056,0.0,0.0
13,noise,z_sd,5.12,0.0,2.7364194385325056,0.0,0.0
13,noise,z_sd,10.24,0.0,2.7364194385325056,0.0,0.0
13,noise,z_sd,20.48,0.0,2.7364194385325056,0.0,0.0
13,random,alpha,0.25,0.0,2.866576577553538,0.0,0.0
13,random,alpha,0.5,0.0,2.866576577553538,0.0,0.0
13,random,alpha,1.0,0.0,2.866576577553538,0.0,0.0
13,random,alpha,2.0,0.0,2.866576577553538,0.0,0.0
13,random,alpha,4.0,0.0,2.866576577553538,0.0,0.0
13,random,alpha,8.0,0.0,2.866576577553538,0.0,0.0
13,random,alpha,16.0,0.0,2.866576577553538,0.0,0.0
13,random,alpha,32.0,0.0,2.866576577553538,0.0,0.0
13,random,alpha,64.0,0.0,2.866576577553538,0.0,0.0
13,random,alpha,128.0,0.0,2.866576577553538,0.0,0.0
13,random,z_mad,0.01,0.0,2.866576577553538,0.0,0.0
13,random,z_mad,0.02,0.0,2.866576577553538,0.0,0.0
13,random,z_mad,0.04,0.0,2.866576577553538,0.0,0.0
13,random,z_mad,0.08,0.0,2.866576577553538,0.0,0.0
13,random,z_mad,0.16,0.0,2.866576577553538,0.0,0.0
13,random,z_mad,0.32,0.0,2.866576577553538,0.0,0.0
13,random,z_mad,0.64,0.0,2.866576577553538,0.0,0.0
13,random,z_mad,1.28,0.0,2.866576577553538,0.0,0.0
13,random,z_mad,2.56,0.0,2.866576577553538,0.0,0.0
13,random,z_mad,5.12,0.0,2.866576577553538,0.0,0.0
13,random,z_mad,10.24,0.0,2.866576577553538,0.0,0.0
13,random,z_mad,20.48,0.0,2.866576577553538,0.0,0.0
13,random,z_sd,0.01,0.0,2.866576577553538,0.0,0.0
13,random,z_sd,0.02,0.0,2.866576577553538,0.0,0.0
13,random,z_sd,0.04,0.0,2.866576577553538,0.0,0.0
13,random,z_sd,0.08,0.0,2.866576577553538,0.0,0.0
13,random,z_sd,0.16,0.0,2.866576577553538,0.0,0.0
13,random,z_sd,0.32,0.0,2.866576577553538,0.0,0.0
13,random,z_sd,0.64,0.0,2.866576577553538,0.0,0.0
13,random,z_sd,1.28,0.0,2.866576577553538,0.0,0.0
13,random,z_sd,2.56,0.0,2.866576577553538,0.0,0.0
13,random,z_sd,5.12,0.0,2.866576577553538,0.0,0.0
13,random,z_sd,10.24,0.0,2.866576577553538,0.0,0.0
13,random,z_sd,20.48,0.0,2.866576577553538,0.0,0.0
14,concept,alpha,0.25,0.0,3.2275758330035513,0.0,0.0
14,concept,alpha,0.5,0.0,3.2275758330035513,0.0,0.0
14,concept,alpha,1.0,0.0,3.2275758330035513,0.0,0.0
14,concept,alpha,2.0,0.0,3.2275758330035513,0.0,0.0
14,concept,alpha,4.0,0.0,3.2275758330035513,0.0,0.0
14,concept,alpha,8.0,0.0,3.2275758330035513,0.0,0.0
14,concept,alpha,16.0,0.0,3.2275758330035513,0.0,0.0
14,concept,alpha,32.0,0.0,3.2275758330035513,0.0,0.0
14,concept,alpha,64.0,0.0,3.2275758330035513,0.0,0.0
14,concept,alpha,128.0,1.5046054588819484,2.4752731035625772,0.041875,0.0
14,concept,z_mad,0.01,0.0,3.2275758330035513,0.0,0.0
14,concept,z_mad,0.02,0.0,3.2275758330035513,0.0,0.0
14,concept,z_mad,0.04,0.0,3.2275758330035513,0.0,0.0
14,concept,z_mad,0.08,0.0,3.2275758330035513,0.0,0.0
14,concept,z_mad,0.16,0.0,3.2275758330035513,0.0,0.0
14,concept,z_mad,0.32,0.0,3.2275758330035513,0.0,0.0
14,concept,z_mad,0.64,0.0,3.2275758330035513,0.0,0.0
14,concept,z_mad,1.28,0.0,3.2275758330035513,0.0,0.0
14,concept,z_mad,2.56,0.0,3.2275758330035513,0.0,0.0
14,concept,z_mad,5.12,0.0,3.2275758330035513,0.0,0.0
14,concept,z_mad,10.24,0.0,3.2275758330035513,0.0,0.0
14,concept,z_mad,20.48,0.0,3.2275758330035513,0.0,0.0
14,concept,z_sd,0.01,0.0,3.2275758330035513,0.0,0.0
14,concept,z_sd,0.02,0.0,3.2275758330035513,0.0,0.0
14,concept,z_sd,0.04,0.0,3.2275758330035513,0.0,0.0
14,concept,z_sd,0.08,0.0,3.2275758330035513,0.0,0.0
14,concept,z_sd,0.16,0.0,3.2275758330035513,0.0,0.0
14,concept,z_sd,0.32,0.0,3.2275758330035513,0.0,0.0
14,concept,z_sd,0.64,0.945280503585781,2.7549355812106606,0.010625,0.0
14,concept,z_sd,1.28,1.2776588742175488,2.588746395894777,0.025,0.0
14,concept,z_sd,2.56,0.0,3.2275758330035513,0.0,0.0
14,concept,z_sd,5.12,0.0,3.2275758330035513,0.0,0.0
14,concept,z_sd,10.24,0.605479641597364,2.924836012204869,0.00375,0.0
14,concept,z_sd,20.48,1.1733109582350028,2.6409203538860497,0.019375,0.0
14,dropout,alpha,0.25,0.0,2.7364194385325056,0.0,0.0
14,dropout,alpha,0.5,0.0,2.7364194385325056,0.0,0.0
14,dropout,alpha,1.0,0.0,2.7364194385325056,0.0,0.0
14,dropout,alpha,2.0,0.0,2.7364194385325056,0.0,0.0
14,dropout,alpha,4.0,0.0,2.7364194385325056,0.0,0.0
14,dropout,alpha,8.0,0.0,2.7364194385325056,0.0,0.0
14,dropout,alpha,16.0,0.0,2.7364194385325056,0.0,0.0
14,dropout,alpha,32.0,0.0,2.7364194385325056,0.0,0.0
14,dropout,alpha,64.0,0.0,2.7364194385325056,0.0,0.0
14,dropout,alpha,128.0,0.0,2.7364194385325056,0.0,0.0
14,dropout,z_mad,0.01,0.0,2.7364194385325056,0.0,0.0
14,dropout,z_mad,0.02,0.0,2.7364194385325056,0.0,0.0
14,dropout,z_mad,0.04,0.0,2.7364194385325056,0.0,0.0
14,dropout,z_mad,0.08,0.0,2.7364194385325056,0.0,0.0
14,dropout,z_mad,0.16,0.0,2.7364194385325056,0.0,0.0
14,dropout,z_mad,0.32,0.0,2.7364194385325056,0.0,0.0
14,dropout,z_mad,0.64,0.0,2.7364194385325056,0.0,0.0
14,dropout,z_mad,1.28,0.0,2.7364194385325056,0.0,0.0
14,dropout,z_mad,2.56,0.0,2.7364194385325056,0.0,0.0
14,dropout,z_mad,5.12,0.0,2.7364194385325056,0.0,0.0
14,dropout,z_mad,10.24,0.0,2.7364194385325056,0.0,0.0
14,dropout,z_mad,20.48,0.0,2.7364194385325056,0.0,0.0
14,dropout,z_sd,0.01,0.0,2.7364194385325056,0.0,0.0
14,dropout,z_sd,0.02,0.0,2.7364194385325056,0.0,0.0
14,dropout,z_sd,0.04,0.0,2.7364194385325056,0.0,0.0
14,dropout,z_sd,0.08,0.0,2.7364194385325056,0.0,0.0
14,dropout,z_sd,0.16,0.0,2.7364194385325056,0.0,0.0
14,dropout,z_sd,0.32,0.0,2.7364194385325056,0.0,0.0
14,dropout,z_sd,0.64,0.0,2.7364194385325056,0.0,0.0
14,dropout,z_sd,1.28,0.0,2.7364194385325056,0.0,0.0
14,dropout,z_sd,2.56,0.0,2.7364194385325056,0.0,0.0
14,dropout,z_sd,5.12,0.0,2.7364194385325056,0.0,0.0
14,dropout,z_sd,10.24,0.0,2.7364194385325056,0.0,0.0
14,dropout,z_sd,20.48,0.3836371517576267,2.5446008626536925,0.00625,0.0
14,noise,alpha,0.25,0.0,2.7364194385325056,0.0,0.0
14,noise,alpha,0.5,0.0,2.7364194385325056,0.0,0.0
14,noise,alpha,1.0,0.0,2.7364194385325056,0.0,0.0
14,noise,alpha,2.0,0.0,2.7364194385325056,0.0,0.0
14,noise,alpha,4.0,0.0,2.7364194385325056,0.0,0.0
14,noise,alpha,8.0,0.0,2.7364194385325056,0.0,0.0
14,noise,alpha,16.0,0.0,2.7364194385325056,0.0,0.0
14,noise,alpha,32.0,0.0,2.7364194385325056,0.0,0.0
14,noise,alpha,64.0,0.0,2.7364194385325056,0.0,0.0
14,noise,alpha,128.0,0.0,2.7364194385325056,0.0,0.0
14,noise,z_mad,0.01,0.0,2.7364194385325056,0.0,0.0
14,noise,z_mad,0.02,0.0,2.7364194385325056,0.0,0.0
14,noise,z_mad,0.04,0.0,2.7364194385325056,0.0,0.0
14,noise,z_mad,0.08,0.0,2.7364194385325056,0.0,0.0
14,noise,z_mad,0.16,0.0,2.7364194385325056,0.0,0.0
14,noise,z_mad,0.32,0.0,2.7364194385325056,0.0,0.0
14,noise,z_mad,0.64,0.0,2.7364194385325056,0.0,0.0
14,noise,z_mad,1.28,0.0,2.7364194385325056,0.0,0.0
14,noise,z_mad,2.56,0.0,2.7364194385325056,0.0,0.0
14,noise,z_mad,5.12,0.0,2.7364194385325056,0.0,0.0
14,noise,z_mad,10.24,0.0,2.7364194385325056,0.0,0.0
14,noise,z_mad,20.48,0.0,2.7364194385325056,0.0,0.0
14,noise,z_sd,0.01,0.0,2.7364194385325056,0.0,0.0
14,noise,z_sd,0.02,0.0,2.7364194385325056,0.0,0.0
14,noise,z_sd,0.04,0.0,2.7364194385325056,0.0,0.0
14,noise,z_sd,0.08,0.0,2.7364194385325056,0.0,0.0
14,noise,z_sd,0.16,0.0,2.7364194385325056,0.0,0.0
14,noise,z_sd,0.32,0.0,2.7364194385325056,0.0,0.0
14,noise,z_sd,0.64,0.0,2.7364194385325056,0.0,0.0
14,noise,z_sd,1.28,0.0,2.7364194385325056,0.0,0.0
14,noise,z_sd,2.56,0.0,2.7364194385325056,0.0,0.0
14,noise,z_sd,5.12,0.0,2.7364194385325056,0.0,0.0
14,noise,z_sd,10.24,0.0,2.7364194385325056,0.0,0.0
14,noise,z_sd,20.48,0.0,2.7364194385325056,0.0,0.0
14,random,alpha,0.25,0.0,2.866576577553538,0.0,0.0
14,random,alpha,0.5,0.0,2.866576577553538,0.0,0.0
14,random,alpha,1.0,0.0,2.866576577553538,0.0,0.0
14,random,alpha,2.0,0.0,2.866576577553538,0.0,0.0
14,random,alpha,4.0,0.0,2.866576577553538,0.0,0.0
14,random,alpha,8.0,0.0,2.866576577553538,0.0,0.0
14,random,alpha,16.0,0.0,2.866576577553538,0.0,0.0
14,random,alpha,32.0,0.0,2.866576577553538,0.0,0.0
14,random,alpha,64.0,0.0,2.866576577553538,0.0,0.0
14,random,alpha,128.0,0.0,2.866576577553538,0.0,0.0
14,random,z_mad,0.01,0.0,2.866576577553538,0.0,0.0
14,random,z_mad,0.02,0.0,2.866576577553538,0.0,0.0
14,random,z_mad,0.04,0.0,2.866576577553538,0.0,0.0
14,random,z_mad,0.08,0.0,2.866576577553538,0.0,0.0
14,random,z_mad,0.16,0.0,2.866576577553538,0.0,0.0
14,random,z_mad,0.32,0.0,2.866576577553538,0.0,0.0
14,random,z_mad,0.64,0.0,2.866576577553538,0.0,0.0
14,random,z_mad,1.28,0.0,2.866576577553538,0.0,0.0
14,random,z_mad,2.56,0.0,2.866576577553538,0.0,0.0
14,random,z_mad,5.12,0.0,2.866576577553538,0.0,0.0
14,random,z_mad,10.24,0.0,2.866576577553538,0.0,0.0
14,random,z_mad,20.48,0.0,2.866576577553538,0.0,0.0
14,random,z_sd,0.01,0.0,2.866576577553538,0.0,0.0
14,random,z_sd,0.02,0.0,2.866576577553538,0.0,0.0
14,random,z_sd,0.04,0.0,2.866576577553538,0.0,0.0
14,random,z_sd,0.08,0.0,2.866576577553538,0.0,0.0
14,random,z_sd,0.16,0.0,2.866576577553538,0.0,0.0
14,random,z_sd,0.32,0.0,2.866576577553538,0.0,0.0
14,random,z_sd,0.64,0.0,2.866576577553538,0.0,0.0
14,random,z_sd,1.28,0.0,2.866576577553538,0.0,0.0
14,random,z_sd,2.56,0.0,2.866576577553538,0.0,0.0
14,random,z_sd,5.12,0.0,2.866576577553538,0.0,0.0
14,random,z_sd,10.24,0.0,2.866576577553538,0.0,0.0
14,random,z_sd,20.48,0.0,2.866576577553538,0.0,0.0
15,concept,alpha,0.25,0.0,3.2275758330035513,0.0,0.0
15,concept,alpha,0.5,0.0,3.2275758330035513,0.0,0.0
15,concept,alpha,1.0,0.0,3.2275758330035513,0.0,0.0
15,concept,alpha,2.0,0.0,3.2275758330035513,0.0,0.0
15,concept,alpha,4.0,0.0,3.2275758330035513,0.0,0.0
15,concept,alpha,8.0,0.0,3.2275758330035513,0.0,0.0
15,concept,alpha,16.0,0.0,3.2275758330035513,0.0,0.0
15,concept,alpha,32.0,0.0,3.2275758330035513,0.0,0.0
15,concept,alpha,64.0,0.0,3.2275758330035513,0.0,0.0
15,concept,alpha,128.0,0.0,3.2275758330035513,0.0,0.0
15,concept,z_mad,0.01,0.0,3.2275758330035513,0.0,0.0
15,concept,z_mad,0.02,0.0,3.2275758330035513,0.0,0.0
15,concept,z_mad,0.04,0.0,3.2275758330035513,0.0,0.0
15,concept,z_mad,0.08,0.0,3.2275758330035513,0.0,0.0
15,concept,z_mad,0.16,0.0,3.2275758330035513,0.0,0.0
15,concept,z_mad,0.32,0.0,3.2275758330035513,0.0,0.0
15,concept,z_mad,0.64,0.0,3.2275758330035513,0.0,0.0
15,concept,z_mad,1.28,0.0,3.2275758330035513,0.0,0.0
15,concept,z_mad,2.56,0.0,3.2275758330035513,0.0,0.0
15,concept,z_mad,5.12,0.0,3.2275758330035513,0.0,0.0
15,concept,z_mad,10.24,0.0,3.2275758330035513,0.0,0.0
15,concept,z_mad,20.48,0.0,3.2275758330035513,0.0,0.0
15,concept,z_sd,0.01,0.0,3.2275758330035513,0.0,0.0
15,concept,z_sd,0.02,0.0,3.2275758330035513,0.0,0.0
15,concept,z_sd,0.04,0.0,3.2275758330035513,0.0,0.0
15,concept,z_sd,0.08,0.0,3.2275758330035513,0.0,0.0
15,concept,z_sd,0.16,0.0,3.2275758330035513,0.0,0.0
15,concept,z_sd,0.32,0.0,3.2275758330035513,0.0,0.0
15,concept,z_sd,0.64,0.0,3.2275758330035513,0.0,0.0
15,concept,z_sd,1.28,0.0,3.2275758330035513,0.0,0.0
15,concept,z_sd,2.56,1.2223959530102344,2.616377856498434,0.021875,0.0
15,concept,z_sd,5.12,1.588145148308568,2.4335032588492673,0.05,0.0
15,concept,z_sd,10.24,1.588145148308568,2.4335032588492673,0.05,0.0
15,concept,z_sd,20.48,1.588145148308568,2.4335032588492673,0.05,0.0
15,dropout,alpha,0.25,0.0,2.7364194385325056,0.0,0.0
15,dropout,alpha,0.5,0.0,2.7364194385325056,0.0,0.0
15,dropout,alpha,1.0,0.0,2.7364194385325056,0.0,0.0
15,dropout,alpha,2.0,0.0,2.7364194385325056,0.0,0.0
15,dropout,alpha,4.0,0.0,2.7364194385325056,0.0,0.0
15,dropout,alpha,8.0,0.0,2.7364194385325056,0.0,0.0
15,dropout,alpha,16.0,0.0,2.7364194385325056,0.0,0.0
15,dropout,alpha,32.0,0.0,2.7364194385325056,0.0,0.0
15,dropout,alpha,64.0,0.0,2.7364194385325056,0.0,0.0
15,dropout,alpha,128.0,0.0,2.7364194385325056,0.0,0.0
15,dropout,z_mad,0.01,0.0,2.7364194385325056,0.0,0.0
15,dropout,z_mad,0.02,0.0,2.7364194385325056,0.0,0.0
15,dropout,z_mad,0.04,0.0,2.7364194385325056,0.0,0.0
15,dropout,z_mad,0.08,0.0,2.7364194385325056,0.0,0.0
15,dropout,z_mad,0.16,0.0,2.7364194385325056,0.0,0.0
15,dropout,z_mad,0.32,0.0,2.7364194385325056,0.0,0.0
15,dropout,z_mad,0.64,0.0,2.7364194385325056,0.0,0.0
15,dropout,z_mad,1.28,0.0,2.7364194385325056,0.0,0.0
15,dropout,z_mad,2.56,0.0,2.7364194385325056,0.0,0.0
15,dropout,z_mad,5.12,0.0,2.7364194385325056,0.0,0.0
15,dropout,z_mad,10.24,0.0,2.7364194385325056,0.0,0.0
15,dropout,z_mad,20.48,0.0,2.7364194385325056,0.0,0.0
15,dropout,z_sd,0.01,0.0,2.7364194385325056,0.0,0.0
15,dropout,z_sd,0.02,0.0,2.7364194385325056,0.0,0.0
15,dropout,z_sd,0.04,0.0,2.7364194385325056,0.0,0.0
15,dropout,z_sd,0.08,0.0,2.7364194385325056,0.0,0.0
15,dropout,z_sd,0.16,0.0,2.7364194385325056,0.0,0.0
15,dropout,z_sd,0.32,0.0,2.7364194385325056,0.0,0.0
15,dropout,z_sd,0.64,0.0,2.7364194385325056,0.0,0.0
15,dropout,z_sd,1.28,0.0,2.7364194385325056,0.0,0.0
15,dropout,z_sd,2.56,0.0,2.7364194385325056,0.0,0.0
15,dropout,z_sd,5.12,0.0,2.7364194385325056,0.0,0.0
15,dropout,z_sd,10.24,0.0,2.7364194385325056,0.0,0.0
15,dropout,z_sd,20.48,0.0,2.7364194385325056,0.0,0.0
15,noise,alpha,0.25,0.0,2.7364194385325056,0.0,0.0
15,noise,alpha,0.5,0.0,2.7364194385325056,0.0,0.0
15,noise,alpha,1.0,0.0,2.7364194385325056,0.0,0.0
15,noise,alpha,2.0,0.0,2.7364194385325056,0.0,0.0
15,noise,alpha,4.0,0.0,2.7364194385325056,0.0,0.0
15,noise,alpha,8.0,0.0,2.7364194385325056,0.0,0.0
15,noise,alpha,16.0,0.0,2.7364194385325056,0.0,0.0
15,noise,alpha,32.0,0.0,2.7364194385325056,0.0,0.0
15,noise,alpha,64.0,0.0,2.7364194385325056,0.0,0.0
15,noise,alpha,128.0,0.0,2.7364194385325056,0.0,0.0
15,noise,z_mad,0.01,0.0,2.7364194385325056,0.0,0.0
15,noise,z_mad,0.02,0.0,2.7364194385325056,0.0,0.0
15,noise,z_mad,0.04,0.0,2.7364194385325056,0.0,0.0
15,noise,z_mad,0.08,0.0,2.7364194385325056,0.0,0.0
15,noise,z_mad,0.16,0.0,2.7364194385325056,0.0,0.0
15,noise,z_mad,0.32,0.0,2.7364194385325056,0.0,0.0
15,noise,z_mad,0.64,0.0,2.7364194385325056,0.0,0.0
15,noise,z_mad,1.28,0.0,2.7364194385325056,0.0,0.0
15,noise,z_mad,2.56,0.0,2.7364194385325056,0.0,0.0
15,noise,z_mad,5.12,0.0,2.7364194385325056,0.0,0.0
15,noise,z_mad,10.24,0.0,2.7364194385325056,0.0,0.0
15,noise,z_mad,20.48,0.0,2.7364194385325056,0.0,0.0
15,noise,z_sd,0.01,0.0,2.7364194385325056,0.0,0.0
15,noise,z_sd,0.02,0.0,2.7364194385325056,0.0,0.0
15,noise,z_sd,0.04,0.0,2.7364194385325056,0.0,0.0
15,noise,z_sd,0.08,0.0,2.7364194385325056,0.0,0.0
15,noise,z_sd,0.16,0.0,2.7364194385325056,0.0,0.0
15,noise,z_sd,0.32,0.0,2.7364194385325056,0.0,0.0
15,noise,z_sd,0.64,0.0,2.7364194385325056,0.0,0.0
15,noise,z_sd,1.28,0.0,2.7364194385325056,0.0,0.0
15,noise,z_sd,2.56,0.0,2.7364194385325056,0.0,0.0
15,noise,z_sd,5.12,0.0,2.7364194385325056,0.0,0.0
15,noise,z_sd,10.24,0.0,2.7364194385325056,0.0,0.0
15,noise,z_sd,20.48,0.0,2.7364194385325056,0.0,0.0
15,random,alpha,0.25,0.0,2.866576577553538,0.0,0.0
15,random,alpha,0.5,0.0,2.866576577553538,0.0,0.0
15,random,alpha,1.0,0.0,2.866576577553538,0.0,0.0
15,random,alpha,2.0,0.0,2.866576577553538,0.0,0.0
15,random,alpha,4.0,0.0,2.866576577553538,0.0,0.0
15,random,alpha,8.0,0.0,2.866576577553538,0.0,0.0
15,random,alpha,16.0,0.0,2.866576577553538,0.0,0.0
15,random,alpha,32.0,0.0,2.866576577553538,0.0,0.0
15,random,alpha,64.0,0.0,2.866576577553538,0.0,0.0
15,random,alpha,128.0,0.0,2.866576577553538,0.0,0.0
15,random,z_mad,0.01,0.0,2.866576577553538,0.0,0.0
15,random,z_mad,0.02,0.0,2.866576577553538,0.0,0.0
15,random,z_mad,0.04,0.0,2.866576577553538,0.0,0.0
15,random,z_mad,0.08,0.0,2.866576577553538,0.0,0.0
15,random,z_mad,0.16,0.0,2.866576577553538,0.0,0.0
15,random,z_mad,0.32,0.0,2.866576577553538,0.0,0.0
15,random,z_mad,0.64,0.0,2.866576577553538,0.0,0.0
15,random,z_mad,1.28,0.0,2.866576577553538,0.0,0.0
15,random,z_mad,2.56,0.0,2.866576577553538,0.0,0.0
15,random,z_mad,5.12,0.0,2.866576577553538,0.0,0.0
15,random,z_mad,10.24,0.0,2.866576577553538,0.0,0.0
15,random,z_mad,20.48,0.0,2.866576577553538,0.0,0.0
15,random,z_sd,0.01,0.0,2.866576577553538,0.0,0.0
15,random,z_sd,0.02,0.0,2.866576577553538,0.0,0.0
15,random,z_sd,0.04,0.0,2.866576577553538,0.0,0.0
15,random,z_sd,0.08,0.0,2.866576577553538,0.0,0.0
15,random,z_sd,0.16,0.0,2.866576577553538,0.0,0.0
15,random,z_sd,0.32,0.0,2.866576577553538,0.0,0.0
15,random,z_sd,0.64,0.0,2.866576577553538,0.0,0.0
15,random,z_sd,1.28,0.0,2.866576577553538,0.0,0.0
15,random,z_sd,2.56,0.0,2.866576577553538,0.0,0.0
15,random,z_sd,5.12,0.0,2.866576577553538,0.0,0.0
15,random,z_sd,10.24,0.0,2.866576577553538,0.0,0.0
15,random,z_sd,20.48,0.0,2.866576577553538,0.0,0.0
16,concept,alpha,0.25,0.0,3.2275758330035513,0.0,0.0
16,concept,alpha,0.5,0.0,3.2275758330035513,0.0,0.0
16,concept,alpha,1.0,0.0,3.2275758330035513,0.0,0.0
16,concept,alpha,2.0,0.0,3.2275758330035513,0.0,0.0
16,concept,alpha,4.0,0.0,3.2275758330035513,0.0,0.0
16,concept,alpha,8.0,0.0,3.2275758330035513,0.0,0.0
16,concept,alpha,16.0,0.0,3.2275758330035513,0.0,0.0
16,concept,alpha,32.0,0.0,3.2275758330035513,0.0,0.0
16,concept,alpha,64.0,0.0,3.2275758330035513,0.0,0.0
16,concept,alpha,128.0,0.0,3.2275758330035513,0.0,0.0
16,concept,z_mad,0.01,0.0,3.2275758330035513,0.0,0.0
16,concept,z_mad,0.02,0.0,3.2275758330035513,0.0,0.0
16,concept,z_mad,0.04,0.0,3.2275758330035513,0.0,0.0
16,concept,z_mad,0.08,0.0,3.2275758330035513,0.0,0.0
16,concept,z_mad,0.16,0.0,3.2275758330035513,0.0,0.0
16,concept,z_mad,0.32,0.0,3.2275758330035513,0.0,0.0
16,concept,z_mad,0.64,0.0,3.2275758330035513,0.0,0.0
16,concept,z_mad,1.28,0.0,3.2275758330035513,0.0,0.0
16,concept,z_mad,2.56,0.0,3.2275758330035513,0.0,0.0
16,concept,z_mad,5.12,0.0,3.2275758330035513,0.0,0.0
16,concept,z_mad,10.24,0.0,3.2275758330035513,0.0,0.0
16,concept,z_mad,20.48,0.0,3.2275758330035513,0.0,0.0
16,concept,z_sd,0.01,0.0,3.2275758330035513,0.0,0.0
16,concept,z_sd,0.02,0.0,3.2275758330035513,0.0,0.0
16,concept,z_sd,0.04,0.0,3.2275758330035513,0.0,0.0
16,concept,z_sd,0.08,0.0,3.2275758330035513,0.0,0.0
16,concept,z_sd,0.16,0.0,3.2275758330035513,0.0,0.0
16,concept,z_sd,0.32,0.0,3.2275758330035513,0.0,0.0
16,concept,z_sd,0.64,0.0,3.2275758330035513,0.0,0.0
16,concept,z_sd,1.28,0.0,3.2275758330035513,0.0,0.0
16,concept,z_sd,2.56,0.0,3.2275758330035513,0.0,0.0
16,concept,z_sd,5.12,0.0,3.2275758330035513,0.0,0.0
16,concept,z_sd,10.24,0.0,3.2275758330035513,0.0,0.0
16,concept,z_sd,20.48,0.0,3.2275758330035513,0.0,0.0
16,dropout,alpha,0.25,0.0,2.7364194385325056,0.0,0.0
16,dropout,alpha,0.5,0.0,2.7364194385325056,0.0,0.0
16,dropout,alpha,1.0,0.0,2.7364194385325056,0.0,0.0
16,dropout,alpha,2.0,0.0,2.7364194385325056,0.0,0.0
16,dropout,alpha,4.0,0.0,2.7364194385325056,0.0,0.0
16,dropout,alpha,8.0,0.0,2.7364194385325056,0.0,0.0
16,dropout,alpha,16.0,0.0,2.7364194385325056,0.0,0.0
16,dropout,alpha,32.0,0.0,2.7364194385325056,0.0,0.0
16,dropout,alpha,64.0,0.0,2.7364194385325056,0.0,0.0
16,dropout,alpha,128.0,0.0,2.7364194385325056,0.0,0.0
16,dropout,z_mad,0.01,0.0,2.7364194385325056,0.0,0.0
16,dropout,z_mad,0.02,0.0,2.7364194385325056,0.0,0.0
16,dropout,z_mad,0.04,0.0,2.7364194385325056,0.0,0.0
16,dropout,z_mad,0.08,0.0,2.7364194385325056,0.0,0.0
16,dropout,z_mad,0.16,0.0,2.7364194385325056,0.0,0.0
16,dropout,z_mad,0.32,0.0,2.7364194385325056,0.0,0.0
16,dropout,z_mad,0.64,0.0,2.7364194385325056,0.0,0.0
16,dropout,z_mad,1.28,0.0,2.7364194385325056,0.0,0.0
16,dropout,z_mad,2.56,0.0,2.7364194385325056,0.0,0.0
16,dropout,z_mad,5.12,0.0,2.7364194385325056,0.0,0.0
16,dropout,z_mad,10.24,0.0,2.7364194385325056,0.0,0.0
16,dropout,z_mad,20.48,0.0,2.7364194385325056,0.0,0.0
16,dropout,z_sd,0.01,0.0,2.7364194385325056,0.0,0.0
16,dropout,z_sd,0.02,0.0,2.7364194385325056,0.0,0.0
16,dropout,z_sd,0.04,0.0,2.7364194385325056,0.0,0.0
16,dropout,z_sd,0.08,0.0,2.7364194385325056,0.0,0.0
16,dropout,z_sd,0.16,0.0,2.7364194385325056,0.0,0.0
16,dropout,z_sd,0.32,0.0,2.7364194385325056,0.0,0.0
16,dropout,z_sd,0.64,0.0,2.7364194385325056,0.0,0.0
16,dropout,z_sd,1.28,0.0,2.7364194385325056,0.0,0.0
16,dropout,z_sd,2.56,0.0,2.7364194385325056,0.0,0.0
16,dropout,z_sd,5.12,0.0,2.7364194385325056,0.0,0.0
16,dropout,z_sd,10.24,0.0,2.7364194385325056,0.0,0.0
16,dropout,z_sd,20.48,0.0,2.7364194385325056,0.0,0.0
16,noise,alpha,0.25,0.0,2.7364194385325056,0.0,0.0
16,noise,alpha,0.5,0.0,2.7364194385325056,0.0,0.0
16,noise,alpha,1.0,0.0,2.7364194385325056,0.0,0.0
16,noise,alpha,2.0,0.0,2.7364194385325056,0.0,0.0
16,noise,alpha,4.0,0.0,2.7364194385325056,0.0,0.0
16,noise,alpha,8.0,0.0,2.7364194385325056,0.0,0.0
16,noise,alpha,16.0,0.0,2.7364194385325056,0.0,0.0
16,noise,alpha,32.0,0.0,2.7364194385325056,0.0,0.0
16,noise,alpha,64.0,0.0,2.7364194385325056,0.0,0.0
16,noise,alpha,128.0,0.0,2.7364194385325056,0.0,0.0
16,noise,z_mad,0.01,0.0,2.7364194385325056,0.0,0.0
16,noise,z_mad,0.02,0.0,2.7364194385325056,0.0,0.0
16,noise,z_mad,0.04,0.0,2.7364194385325056,0.0,0.0
16,noise,z_mad,0.08,0.0,2.7364194385325056,0.0,0.0
16,noise,z_mad,0.16,0.0,2.7364194385325056,0.0,0.0
16,noise,z_mad,0.32,0.0,2.7364194385325056,0.0,0.0
16,noise,z_mad,0.64,0.0,2.7364194385325056,0.0,0.0
16,noise,z_mad,1.28,0.0,2.7364194385325056,0.0,0.0
16,noise,z_mad,2.56,0.0,2.7364194385325056,0.0,0.0
16,noise,z_mad,5.12,0.0,2.7364194385325056,0.0,0.0
16,noise,z_mad,10.24,0.0,2.7364194385325056,0.0,0.0
16,noise,z_mad,20.48,0.0,2.7364194385325056,0.0,0.0
16,noise,z_sd,0.01,0.0,2.7364194385325056,0.0,0.0
16,noise,z_sd,0.02,0.0,2.7364194385325056,0.0,0.0
16,noise,z_sd,0.04,0.0,2.7364194385325056,0.0,0.0
16,noise,z_sd,0.08,0.0,2.7364194385325056,0.0,0.0
16,noise,z_sd,0.16,0.0,2.7364194385325056,0.0,0.0
16,noise,z_sd,0.32,0.0,2.7364194385325056,0.0,0.0
16,noise,z_sd,0.64,0.0,2.7364194385325056,0.0,0.0
16,noise,z_sd,1.28,0.0,2.7364194385325056,0.0,0.0
16,noise,z_sd,2.56,0.0,2.7364194385325056,0.0,0.0
16,noise,z_sd,5.12,0.0,2.7364194385325056,0.0,0.0
16,noise,z_sd,10.24,0.0,2.7364194385325056,0.0,0.0
16,noise,z_sd,20.48,0.0,2.7364194385325056,0.0,0.0
16,random,alpha,0.25,0.0,2.866576577553538,0.0,0.0
16,random,alpha,0.5,0.0,2.866576577553538,0.0,0.0
16,random,alpha,1.0,0.0,2.866576577553538,0.0,0.0
16,random,alpha,2.0,0.0,2.866576577553538,0.0,0.0
16,random,alpha,4.0,0.0,2.866576577553538,0.0,0.0
16,random,alpha,8.0,0.0,2.866576577553538,0.0,0.0
16,random,alpha,16.0,0.0,2.866576577553538,0.0,0.0
16,random,alpha,32.0,0.0,2.866576577553538,0.0,0.0
16,random,alpha,64.0,0.0,2.866576577553538,0.0,0.0
16,random,alpha,128.0,0.0,2.866576577553538,0.0,0.0
16,random,z_mad,0.01,0.0,2.866576577553538,0.0,0.0
16,random,z_mad,0.02,0.0,2.866576577553538,0.0,0.0
16,random,z_mad,0.04,0.0,2.866576577553538,0.0,0.0
16,random,z_mad,0.08,0.0,2.866576577553538,0.0,0.0
16,random,z_mad,0.16,0.0,2.866576577553538,0.0,0.0
16,random,z_mad,0.32,0.0,2.866576577553538,0.0,0.0
16,random,z_mad,0.64,0.0,2.866576577553538,0.0,0.0
16,random,z_mad,1.28,0.0,2.866576577553538,0.0,0.0
16,random,z_mad,2.56,0.0,2.866576577553538,0.0,0.0
16,random,z_mad,5.12,0.0,2.866576577553538,0.0,0.0
16,random,z_mad,10.24,0.0,2.866576577553538,0.0,0.0
16,random,z_mad,20.48,0.0,2.866576577553538,0.0,0.0
16,random,z_sd,0.01,0.0,2.866576577553538,0.0,0.0
16,random,z_sd,0.02,0.0,2.866576577553538,0.0,0.0
16,random,z_sd,0.04,0.0,2.866576577553538,0.0,0.0
16,random,z_sd,0.08,0.0,2.866576577553538,0.0,0.0
16,random,z_sd,0.16,0.0,2.866576577553538,0.0,0.0
16,random,z_sd,0.32,0.0,2.866576577553538,0.0,0.0
16,random,z_sd,0.64,0.0,2.866576577553538,0.0,0.0
16,random,z_sd,1.28,0.0,2.866576577553538,0.0,0.0
16,random,z_sd,2.56,0.0,2.866576577553538,0.0,0.0
16,random,z_sd,5.12,0.0,2.866576577553538,0.0,0.0
16,random,z_sd,10.24,0.0,2.866576577553538,0.0,0.0
16,random,z_sd,20.48,0.0,2.866576577553538,0.0,0.0
17,concept,alpha,0.25,0.0,3.2275758330035513,0.0,0.0
17,concept,alpha,0.5,0.0,3.2275758330035513,0.0,0.0
17,concept,alpha,1.0,0.0,3.2275758330035513,0.0,0.0
17,concept,alpha,2.0,0.0,3.2275758330035513,0.0,0.0
17,concept,alpha,4.0,0.0,3.2275758330035513,0.0,0.0
17,concept,alpha,8.0,0.0,3.2275758330035513,0.0,0.0
17,concept,alpha,16.0,0.0,3.2275758330035513,0.0,0.0
17,concept,alpha,32.0,0.0,3.2275758330035513,0.0,0.0
17,concept,alpha,64.0,0.0,3.2275758330035513,0.0,0.0
17,concept,alpha,128.0,0.0,3.2275758330035513,0.0,0.0
17,concept,z_mad,0.01,0.0,3.2275758330035513,0.0,0.0
17,concept,z_mad,0.02,0.0,3.2275758330035513,0.0,0.0
17,concept,z_mad,0.04,0.0,3.2275758330035513,0.0,0.0
17,concept,z_mad,0.08,0.0,3.2275758330035513,0.0,0.0
17,concept,z_mad,0.16,0.0,3.2275758330035513,0.0,0.0
17,concept,z_mad,0.32,0.0,3.2275758330035513,0.0,0.0
17,concept,z_mad,0.64,0.0,3.2275758330035513,0.0,0.0
17,concept,z_mad,1.28,0.0,3.2275758330035513,0.0,0.0
17,concept,z_mad,2.56,0.0,3.2275758330035513,0.0,0.0
17,concept,z_mad,5.12,0.0,3.2275758330035513,0.0,0.0
17,concept,z_mad,10.24,0.0,3.2275758330035513,0.0,0.0
17,concept,z_mad,20.48,0.0,3.2275758330035513,0.0,0.0
17,concept,z_sd,0.01,0.0,3.2275758330035513,0.0,0.0
17,concept,z_sd,0.02,0.0,3.2275758330035513,0.0,0.0
17,concept,z_sd,0.04,0.0,3.2275758330035513,0.0,0.0
17,concept,z_sd,0.08,0.0,3.2275758330035513,0.0,0.0
17,concept,z_sd,0.16,0.0,3.2275758330035513,0.0,0.0
17,concept,z_sd,0.32,0.0,3.2275758330035513,0.0,0.0
17,concept,z_sd,0.64,0.0,3.2275758330035513,0.0,0.0
17,concept,z_sd,1.28,0.0,3.2275758330035513,0.0,0.0
17,concept,z_sd,2.56,0.0,3.2275758330035513,0.0,0.0
17,concept,z_sd,5.12,0.0,3.2275758330035513,0.0,0.0
17,concept,z_sd,10.24,0.0,3.2275758330035513,0.0,0.0
17,concept,z_sd,20.48,0.0,3.2275758330035513,0.0,0.0
17,dropout,alpha,0.25,0.0,2.7364194385325056,0.0,0.0
17,dropout,alpha,0.5,0.0,2.7364194385325056,0.0,0.0
17,dropout,alpha,1.0,0.0,2.7364194385325056,0.0,0.0
17,dropout,alpha,2.0,0.0,2.7364194385325056,0.0,0.0
17,dropout,alpha,4.0,0.0,2.7364194385325056,0.0,0.0
17,dropout,alpha,8.0,0.0,2.7364194385325056,0.0,0.0
17,dropout,alpha,16.0,0.0,2.7364194385325056,0.0,0.0
17,dropout,alpha,32.0,0.0,2.7364194385325056,0.0,0.0
17,dropout,alpha,64.0,0.0,2.7364194385325056,0.0,0.0
17,dropout,alpha,128.0,0.0,2.7364194385325056,0.0,0.0
17,dropout,z_mad,0.01,0.0,2.7364194385325056,0.0,0.0
17,dropout,z_mad,0.02,0.0,2.7364194385325056,0.0,0.0
17,dropout,z_mad,0.04,0.0,2.7364194385325056,0.0,0.0
17,dropout,z_mad,0.08,0.0,2.7364194385325056,0.0,0.0
17,dropout,z_mad,0.16,0.0,2.7364194385325056,0.0,0.0
17,dropout,z_mad,0.32,0.0,2.7364194385325056,0.0,0.0
17,dropout,z_mad,0.64,0.0,2.7364194385325056,0.0,0.0
17,dropout,z_mad,1.28,0.0,2.7364194385325056,0.0,0.0
17,dropout,z_mad,2.56,0.0,2.7364194385325056,0.0,0.0
17,dropout,z_mad,5.12,0.0,2.7364194385325056,0.0,0.0
17,dropout,z_mad,10.24,0.0,2.7364194385325056,0.0,0.0
17,dropout,z_mad,20.48,0.0,2.7364194385325056,0.0,0.0
17,dropout,z_sd,0.01,0.0,2.7364194385325056,0.0,0.0
17,dropout,z_sd,0.02,0.0,2.7364194385325056,0.0,0.0
17,dropout,z_sd,0.04,0.0,2.7364194385325056,0.0,0.0
17,dropout,z_sd,0.08,0.0,2.7364194385325056,0.0,0.0
17,dropout,z_sd,0.16,0.0,2.7364194385325056,0.0,0.0
17,dropout,z_sd,0.32,0.0,2.7364194385325056,0.0,0.0
17,dropout,z_sd,0.64,0.0,2.7364194385325056,0.0,0.0
17,dropout,z_sd,1.28,0.0,2.7364194385325056,0.0,0.0
17,dropout,z_sd,2.56,0.0,2.7364194385325056,0.0,0.0
17,dropout,z_sd,5.12,0.0,2.7364194385325056,0.0,0.0
17,dropout,z_sd,10.24,0.0,2.7364194385325056,0.0,0.0
17,dropout,z_sd,20.48,0.0,2.7364194385325056,0.0,0.0
17,noise,alpha,0.25,0.0,2.7364194385325056,0.0,0.0
17,noise,alpha,0.5,0.0,2.7364194385325056,0.0,0.0
17,noise,alpha,1.0,0.0,2.7364194385325056,0.0,0.0
17,noise,alpha,2.0,0.0,2.7364194385325056,0.0,0.0
17,noise,alpha,4.0,0.0,2.7364194385325056,0.0,0.0
17,noise,alpha,8.0,0.0,2.7364194385325056,0.0,0.0
17,noise,alpha,16.0,0.0,2.7364194385325056,0.0,0.0
17,noise,alpha,32.0,0.0,2.7364194385325056,0.0,0.0
17,noise,alpha,64.0,0.0,2.7364194385325056,0.0,0.0
17,noise,alpha,128.0,0.0,2.7364194385325056,0.0,0.0
17,noise,z_mad,0.01,0.0,2.7364194385325056,0.0,0.0
17,noise,z_mad,0.02,0.0,2.7364194385325056,0.0,0.0
17,noise,z_mad,0.04,0.0,2.7364194385325056,0.0,0.0
17,noise,z_mad,0.08,0.0,2.7364194385325056,0.0,0.0
17,noise,z_mad,0.16,0.0,2.7364194385325056,0.0,0.0
17,noise,z_mad,0.32,0.0,2.7364194385325056,0.0,0.0
17,noise,z_mad,0.64,0.0,2.7364194385325056,0.0,0.0
17,noise,z_mad,1.28,0.0,2.7364194385325056,0.0,0.0
17,noise,z_mad,2.56,0.0,2.7364194385325056,0.0,0.0
17,noise,z_mad,5.12,0.0,2.7364194385325056,0.0,0.0
17,noise,z_mad,10.24,0.0,2.7364194385325056,0.0,0.0
17,noise,z_mad,20.48,0.0,2.7364194385325056,0.0,0.0
17,noise,z_sd,0.01,0.0,2.7364194385325056,0.0,0.0
17,noise,z_sd,0.02,0.0,2.7364194385325056,0.0,0.0
17,noise,z_sd,0.04,0.0,2.7364194385325056,0.0,0.0
17,noise,z_sd,0.08,0.0,2.7364194385325056,0.0,0.0
17,noise,z_sd,0.16,0.0,2.7364194385325056,0.0,0.0
17,noise,z_sd,0.32,0.0,2.7364194385325056,0.0,0.0
17,noise,z_sd,0.64,0.0,2.7364194385325056,0.0,0.0
17,noise,z_sd,1.28,0.0,2.7364194385325056,0.0,0.0
17,noise,z_sd,2.56,0.0,2.7364194385325056,0.0,0.0
17,noise,z_sd,5.12,0.0,2.7364194385325056,0.0,0.0
17,noise,z_sd,10.24,0.0,2.7364194385325056,0.0,0.0
17,noise,z_sd,20.48,0.0,2.7364194385325056,0.0,0.0
17,random,alpha,0.25,0.0,2.866576577553538,0.0,0.0
17,random,alpha,0.5,0.0,2.866576577553538,0.0,0.0
17,random,alpha,1.0,0.0,2.866576577553538,0.0,0.0
17,random,alpha,2.0,0.0,2.866576577553538,0.0,0.0
17,random,alpha,4.0,0.0,2.866576577553538,0.0,0.0
17,random,alpha,8.0,0.0,2.866576577553538,0.0,0.0
17,random,alpha,16.0,0.0,2.866576577553538,0.0,0.0
17,random,alpha,32.0,0.0,2.866576577553538,0.0,0.0
17,random,alpha,64.0,0.0,2.866576577553538,0.0,0.0
17,random,alpha,128.0,0.0,2.866576577553538,0.0,0.0
17,random,z_mad,0.01,0.0,2.866576577553538,0.0,0.0
17,random,z_mad,0.02,0.0,2.866576577553538,0.0,0.0
17,random,z_mad,0.04,0.0,2.866576577553538,0.0,0.0
17,random,z_mad,0.08,0.0,2.866576577553538,0.0,0.0
17,random,z_mad,0.16,0.0,2.866576577553538,0.0,0.0
17,random,z_mad,0.32,0.0,2.866576577553538,0.0,0.0
17,random,z_mad,0.64,0.0,2.866576577553538,0.0,0.0
17,random,z_mad,1.28,0.0,2.866576577553538,0.0,0.0
17,random,z_mad,2.56,0.0,2.866576577553538,0.0,0.0
17,random,z_mad,5.12,0.0,2.866576577553538,0.0,0.0
17,random,z_mad,10.24,0.0,2.866576577553538,0.0,0.0
17,random,z_mad,20.48,0.0,2.866576577553538,0.0,0.0
17,random,z_sd,0.01,0.0,2.866576577553538,0.0,0.0
17,random,z_sd,0.02,0.0,2.866576577553538,0.0,0.0
17,random,z_sd,0.04,0.0,2.866576577553538,0.0,0.0
17,random,z_sd,0.08,0.0,2.866576577553538,0.0,0.0
17,random,z_sd,0.16,0.0,2.866576577553538,0.0,0.0
17,random,z_sd,0.32,0.0,2.866576577553538,0.0,0.0
17,random,z_sd,0.64,0.0,2.866576577553538,0.0,0.0
17,random,z_sd,1.28,0.0,2.866576577553538,0.0,0.0
17,random,z_sd,2.56,0.0,2.866576577553538,0.0,0.0
17,random,z_sd,5.12,0.0,2.866576577553538,0.0,0.0
17,random,z_sd,10.24,0.0,2.866576577553538,0.0,0.0
17,random,z_sd,20.48,0.0,2.866576577553538,0.0,0.0
18,concept,alpha,0.25,0.0,3.2275758330035513,0.0,0.0
18,concept,alpha,0.5,0.0,3.2275758330035513,0.0,0.0
18,concept,alpha,1.0,0.0,3.2275758330035513,0.0,0.0
18,concept,alpha,2.0,0.0,3.2275758330035513,0.0,0.0
18,concept,alpha,4.0,0.0,3.2275758330035513,0.0,0.0
18,concept,alpha,8.0,0.0,3.2275758330035513,0.0,0.0
18,concept,alpha,16.0,0.0,3.2275758330035513,0.0,0.0
18,concept,alpha,32.0,0.0,3.2275758330035513,0.0,0.0
18,concept,alpha,64.0,0.0,3.2275758330035513,0.0,0.0
18,concept,alpha,128.0,0.0,3.2275758330035513,0.0,0.0
18,concept,z_mad,0.01,0.0,3.2275758330035513,0.0,0.0
18,concept,z_mad,0.02,0.0,3.2275758330035513,0.0,0.0
18,concept,z_mad,0.04,0.0,3.2275758330035513,0.0,0.0
18,concept,z_mad,0.08,0.0,3.2275758330035513,0.0,0.0
18,concept,z_mad,0.16,0.0,3.2275758330035513,0.0,0.0
18,concept,z_mad,0.32,0.0,3.2275758330035513,0.0,0.0
18,concept,z_mad,0.64,0.0,3.2275758330035513,0.0,0.0
18,concept,z_mad,1.28,0.0,3.2275758330035513,0.0,0.0
18,concept,z_mad,2.56,0.0,3.2275758330035513,0.0,0.0
18,concept,z_mad,5.12,0.0,3.2275758330035513,0.0,0.0
18,concept,z_mad,10.24,0.0,3.2275758330035513,0.0,0.0
18,concept,z_mad,20.48,0.0,3.2275758330035513,0.0,0.0
18,concept,z_sd,0.01,0.0,3.2275758330035513,0.0,0.0
18,concept,z_sd,0.02,0.0,3.2275758330035513,0.0,0.0
18,concept,z_sd,0.04,0.0,3.2275758330035513,0.0,0.0
18,concept,z_sd,0.08,0.0,3.2275758330035513,0.0,0.0
18,concept,z_sd,0.16,0.0,3.2275758330035513,0.0,0.0
18,concept,z_sd,0.32,0.0,3.2275758330035513,0.0,0.0
18,concept,z_sd,0.64,0.0,3.2275758330035513,0.0,0.0
18,concept,z_sd,1.28,0.0,3.2275758330035513,0.0,0.0
18,concept,z_sd,2.56,0.0,3.2275758330035513,0.0,0.0
18,concept,z_sd,5.12,0.0,3.2275758330035513,0.0,0.0
18,concept,z_sd,10.24,0.0,3.2275758330035513,0.0,0.0
18,concept,z_sd,20.48,0.0,3.2275758330035513,0.0,0.0
18,dropout,alpha,0.25,0.0,2.7364194385325056,0.0,0.0
18,dropout,alpha,0.5,0.0,2.7364194385325056,0.0,0.0
18,dropout,alpha,1.0,0.0,2.7364194385325056,0.0,0.0
18,dropout,alpha,2.0,0.0,2.7364194385325056,0.0,0.0
18,dropout,alpha,4.0,0.0,2.7364194385325056,0.0,0.0
18,dropout,alpha,8.0,0.0,2.7364194385325056,0.0,0.0
18,dropout,alpha,16.0,0.0,2.7364194385325056,0.0,0.0
18,dropout,alpha,32.0,0.0,2.7364194385325056,0.0,0.0
18,dropout,alpha,64.0,0.0,2.7364194385325056,0.0,0.0
18,dropout,alpha,128.0,0.0,2.7364194385325056,0.0,0.0
18,dropout,z_mad,0.01,0.0,2.7364194385325056,0.0,0.0
18,dropout,z_mad,0.02,0.0,2.7364194385325056,0.0,0.0
18,dropout,z_mad,0.04,0.0,2.7364194385325056,0.0,0.0
18,dropout,z_mad,0.08,0.0,2.7364194385325056,0.0,0.0
18,dropout,z_mad,0.16,0.0,2.7364194385325056,0.0,0.0
18,dropout,z_mad,0.32,0.0,2.7364194385325056,0.0,0.0
18,dropout,z_mad,0.64,0.0,2.7364194385325056,0.0,0.0
18,dropout,z_mad,1.28,0.0,2.7364194385325056,0.0,0.0
18,dropout,z_mad,2.56,0.0,2.7364194385325056,0.0,0.0
18,dropout,z_mad,5.12,0.0,2.7364194385325056,0.0,0.0
18,dropout,z_mad,10.24,0.0,2.7364194385325056,0.0,0.0
18,dropout,z_mad,20.48,0.0,2.7364194385325056,0.0,0.0
18,dropout,z_sd,0.01,0.0,2.7364194385325056,0.0,0.0
18,dropout,z_sd,0.02,0.0,2.7364194385325056,0.0,0.0
18,dropout,z_sd,0.04,0.0,2.7364194385325056,0.0,0.0
18,dropout,z_sd,0.08,0.0,2.7364194385325056,0.0,0.0
18,dropout,z_sd,0.16,0.0,2.7364194385325056,0.0,0.0
18,dropout,z_sd,0.32,0.0,2.7364194385325056,0.0,0.0
18,dropout,z_sd,0.64,0.0,2.7364194385325056,0.0,0.0
18,dropout,z_sd,1.28,0.0,2.7364194385325056,0.0,0.0
18,dropout,z_sd,2.56,0.0,2.7364194385325056,0.0,0.0
18,dropout,z_sd,5.12,0.0,2.7364194385325056,0.0,0.0
18,dropout,z_sd,10.24,0.0,2.7364194385325056,0.0,0.0
18,dropout,z_sd,20.48,0.0,2.7364194385325056,0.0,0.0
18,noise,alpha,0.25,0.0,2.7364194385325056,0.0,0.0
18,noise,alpha,0.5,0.0,2.7364194385325056,0.0,0.0
18,noise,alpha,1.0,0.0,2.7364194385325056,0.0,0.0
18,noise,alpha,2.0,0.0,2.7364194385325056,0.0,0.0
18,noise,alpha,4.0,0.0,2.7364194385325056,0.0,0.0
18,noise,alpha,8.0,0.0,2.7364194385325056,0.0,0.0
18,noise,alpha,16.0,0.0,2.7364194385325056,0.0,0.0
18,noise,alpha,32.0,0.0,2.7364194385325056,0.0,0.0
18,noise,alpha,64.0,0.0,2.7364194385325056,0.0,0.0
18,noise,alpha,128.0,0.0,2.7364194385325056,0.0,0.0
18,noise,z_mad,0.01,0.0,2.7364194385325056,0.0,0.0
18,noise,z_mad,0.02,0.0,2.7364194385325056,0.0,0.0
18,noise,z_mad,0.04,0.0,2.7364194385325056,0.0,0.0
18,noise,z_mad,0.08,0.0,2.7364194385325056,0.0,0.0
18,noise,z_mad,0.16,0.0,2.7364194385325056,0.0,0.0
18,noise,z_mad,0.32,0.0,2.7364194385325056,0.0,0.0
18,noise,z_mad,0.64,0.0,2.7364194385325056,0.0,0.0
18,noise,z_mad,1.28,0.0,2.7364194385325056,0.0,0.0
18,noise,z_mad,2.56,0.0,2.7364194385325056,0.0,0.0
18,noise,z_mad,5.12,0.0,2.7364194385325056,0.0,0.0
18,noise,z_mad,10.24,0.0,2.7364194385325056,0.0,0.0
18,noise,z_mad,20.48,0.0,2.7364194385325056,0.0,0.0
18,noise,z_sd,0.01,0.0,2.7364194385325056,0.0,0.0
18,noise,z_sd,0.02,0.0,2.7364194385325056,0.0,0.0
18,noise,z_sd,0.04,0.0,2.7364194385325056,0.0,0.0
18,noise,z_sd,0.08,0.0,2.7364194385325056,0.0,0.0
18,noise,z_sd,0.16,0.0,2.7364194385325056,0.0,0.0
18,noise,z_sd,0.32,0.0,2.7364194385325056,0.0,0.0
18,noise,z_sd,0.64,0.0,2.7364194385325056,0.0,0.0
18,noise,z_sd,1.28,0.0,2.7364194385325056,0.0,0.0
18,noise,z_sd,2.56,0.0,2.7364194385325056,0.0,0.0
18,noise,z_sd,5.12,0.0,2.7364194385325056,0.0,0.0
18,noise,z_sd,10.24,0.0,2.7364194385325056,0.0,0.0
18,noise,z_sd,20.48,0.0,2.7364194385325056,0.0,0.0
18,random,alpha,0.25,0.0,2.866576577553538,0.0,0.0
18,random,alpha,0.5,0.0,2.866576577553538,0.0,0.0
18,random,alpha,1.0,0.0,2.866576577553538,0.0,0.0
18,random,alpha,2.0,0.0,2.866576577553538,0.0,0.0
18,random,alpha,4.0,0.0,2.866576577553538,0.0,0.0
18,random,alpha,8.0,0.0,2.866576577553538,0.0,0.0
18,random,alpha,16.0,0.0,2.866576577553538,0.0,0.0
18,random,alpha,32.0,0.0,2.866576577553538,0.0,0.0
18,random,alpha,64.0,0.0,2.866576577553538,0.0,0.0
18,random,alpha,128.0,0.0,2.866576577553538,0.0,0.0
18,random,z_mad,0.01,0.0,2.866576577553538,0.0,0.0
18,random,z_mad,0.02,0.0,2.866576577553538,0.0,0.0
18,random,z_mad,0.04,0.0,2.866576577553538,0.0,0.0
18,random,z_mad,0.08,0.0,2.866576577553538,0.0,0.0
18,random,z_mad,0.16,0.0,2.866576577553538,0.0,0.0
18,random,z_mad,0.32,0.0,2.866576577553538,0.0,0.0
18,random,z_mad,0.64,0.0,2.866576577553538,0.0,0.0
18,random,z_mad,1.28,0.0,2.866576577553538,0.0,0.0
18,random,z_mad,2.56,0.0,2.866576577553538,0.0,0.0
18,random,z_mad,5.12,0.0,2.866576577553538,0.0,0.0
18,random,z_mad,10.24,0.0,2.866576577553538,0.0,0.0
18,random,z_mad,20.48,0.0,2.866576577553538,0.0,0.0
18,random,z_sd,0.01,0.0,2.866576577553538,0.0,0.0
18,random,z_sd,0.02,0.0,2.866576577553538,0.0,0.0
18,random,z_sd,0.04,0.0,2.866576577553538,0.0,0.0
18,random,z_sd,0.08,0.0,2.866576577553538,0.0,0.0
18,random,z_sd,0.16,0.0,2.866576577553538,0.0,0.0
18,random,z_sd,0.32,0.0,2.866576577553538,0.0,0.0
18,random,z_sd,0.64,0.0,2.866576577553538,0.0,0.0
18,random,z_sd,1.28,0.0,2.866576577553538,0.0,0.0
18,random,z_sd,2.56,0.0,2.866576577553538,0.0,0.0
18,random,z_sd,5.12,0.0,2.866576577553538,0.0,0.0
18,random,z_sd,10.24,0.0,2.866576577553538,0.0,0.0
18,random,z_sd,20.48,0.0,2.866576577553538,0.0,0.0
19,concept,alpha,0.25,0.0,3.2275758330035513,0.0,0.0
19,concept,alpha,0.5,0.0,3.2275758330035513,0.0,0.0
19,concept,alpha,1.0,0.0,3.2275758330035513,0.0,0.0
19,concept,alpha,2.0,0.0,3.2275758330035513,0.0,0.0
19,concept,alpha,4.0,0.0,3.2275758330035513,0.0,0.0
19,concept,alpha,8.0,0.0,3.2275758330035513,0.0,0.0
19,concept,alpha,16.0,0.0,3.2275758330035513,0.0,0.0
19,concept,alpha,32.0,0.0,3.2275758330035513,0.0,0.0
19,concept,alpha,64.0,0.0,3.2275758330035513,0.0,0.0
19,concept,alpha,128.0,0.0,3.2275758330035513,0.0,0.0
19,concept,z_mad,0.01,0.0,3.2275758330035513,0.0,0.0
19,concept,z_mad,0.02,0.0,3.2275758330035513,0.0,0.0
19,concept,z_mad,0.04,0.0,3.2275758330035513,0.0,0.0
19,concept,z_mad,0.08,0.0,3.2275758330035513,0.0,0.0
19,concept,z_mad,0.16,0.0,3.2275758330035513,0.0,0.0
19,concept,z_mad,0.32,0.0,3.2275758330035513,0.0,0.0
19,concept,z_mad,0.64,0.0,3.2275758330035513,0.0,0.0
19,concept,z_mad,1.28,0.0,3.2275758330035513,0.0,0.0
19,concept,z_mad,2.56,0.0,3.2275758330035513,0.0,0.0
19,concept,z_mad,5.12,0.0,3.2275758330035513,0.0,0.0
19,concept,z_mad,10.24,0.0,3.2275758330035513,0.0,0.0
19,concept,z_mad,20.48,0.0,3.2275758330035513,0.0,0.0
19,concept,z_sd,0.01,0.0,3.2275758330035513,0.0,0.0
19,concept,z_sd,0.02,0.0,3.2275758330035513,0.0,0.0
19,concept,z_sd,0.04,0.0,3.2275758330035513,0.0,0.0
19,concept,z_sd,0.08,0.0,3.2275758330035513,0.0,0.0
19,concept,z_sd,0.16,0.0,3.2275758330035513,0.0,0.0
19,concept,z_sd,0.32,0.0,3.2275758330035513,0.0,0.0
19,concept,z_sd,0.64,0.0,3.2275758330035513,0.0,0.0
19,concept,z_sd,1.28,0.0,3.2275758330035513,0.0,0.0
19,concept,z_sd,2.56,0.0,3.2275758330035513,0.0,0.0
19,concept,z_sd,5.12,0.0,3.2275758330035513,0.0,0.0
19,concept,z_sd,10.24,0.0,3.2275758330035513,0.0,0.0
19,concept,z_sd,20.48,0.0,3.2275758330035513,0.0,0.0
19,dropout,alpha,0.25,0.0,2.7364194385325056,0.0,0.0
19,dropout,alpha,0.5,0.0,2.7364194385325056,0.0,0.0
19,dropout,alpha,1.0,0.0,2.7364194385325056,0.0,0.0
19,dropout,alpha,2.0,0.0,2.7364194385325056,0.0,0.0
19,dropout,alpha,4.0,0.0,2.7364194385325056,0.0,0.0
19,dropout,alpha,8.0,0.0,2.7364194385325056,0.0,0.0
19,dropout,alpha,16.0,0.0,2.7364194385325056,0.0,0.0
19,dropout,alpha,32.0,0.0,2.7364194385325056,0.0,0.0
19,dropout,alpha,64.0,0.0,2.7364194385325056,0.0,0.0
19,dropout,alpha,128.0,0.0,2.7364194385325056,0.0,0.0
19,dropout,z_mad,0.01,0.0,2.7364194385325056,0.0,0.0
19,dropout,z_mad,0.02,0.0,2.7364194385325056,0.0,0.0
19,dropout,z_mad,0.04,0.0,2.7364194385325056,0.0,0.0
19,dropout,z_mad,0.08,0.0,2.7364194385325056,0.0,0.0
19,dropout,z_mad,0.16,0.0,2.7364194385325056,0.0,0.0
19,dropout,z_mad,0.32,0.0,2.7364194385325056,0.0,0.0
19,dropout,z_mad,0.64,0.0,2.7364194385325056,0.0,0.0
19,dropout,z_mad,1.28,0.0,2.7364194385325056,0.0,0.0
19,dropout,z_mad,2.56,0.0,2.7364194385325056,0.0,0.0
19,dropout,z_mad,5.12,0.0,2.7364194385325056,0.0,0.0
19,dropout,z_mad,10.24,0.0,2.7364194385325056,0.0,0.0
19,dropout,z_mad,20.48,0.0,2.7364194385325056,0.0,0.0
19,dropout,z_sd,0.01,0.0,2.7364194385325056,0.0,0.0
19,dropout,z_sd,0.02,0.0,2.7364194385325056,0.0,0.0
19,dropout,z_sd,0.04,0.0,2.7364194385325056,0.0,0.0
19,dropout,z_sd,0.08,0.0,2.7364194385325056,0.0,0.0
19,dropout,z_sd,0.16,0.0,2.7364194385325056,0.0,0.0
19,dropout,z_sd,0.32,0.0,2.7364194385325056,0.0,0.0
19,dropout,z_sd,0.64,0.0,2.7364194385325056,0.0,0.0
19,dropout,z_sd,1.28,0.0,2.7364194385325056,0.0,0.0
19,dropout,z_sd,2.56,0.0,2.7364194385325056,0.0,0.0
19,dropout,z_sd,5.12,0.0,2.7364194385325056,0.0,0.0
19,dropout,z_sd,10.24,0.0,2.7364194385325056,0.0,0.0
19,dropout,z_sd,20.48,0.0,2.7364194385325056,0.0,0.0
19,noise,alpha,0.25,0.0,2.7364194385325056,0.0,0.0
19,noise,alpha,0.5,0.0,2.7364194385325056,0.0,0.0
19,noise,alpha,1.0,0.0,2.7364194385325056,0.0,0.0
19,noise,alpha,2.0,0.0,2.7364194385325056,0.0,0.0
19,noise,alpha,4.0,0.0,2.7364194385325056,0.0,0.0
19,noise,alpha,8.0,0.0,2.7364194385325056,0.0,0.0
19,noise,alpha,16.0,0.0,2.7364194385325056,0.0,0.0
19,noise,alpha,32.0,0.0,2.7364194385325056,0.0,0.0
19,noise,alpha,64.0,0.0,2.7364194385325056,0.0,0.0
19,noise,alpha,128.0,0.0,2.7364194385325056,0.0,0.0
19,noise,z_mad,0.01,0.0,2.7364194385325056,0.0,0.0
19,noise,z_mad,0.02,0.0,2.7364194385325056,0.0,0.0
19,noise,z_mad,0.04,0.0,2.7364194385325056,0.0,0.0
19,noise,z_mad,0.08,0.0,2.7364194385325056,0.0,0.0
19,noise,z_mad,0.16,0.0,2.7364194385325056,0.0,0.0
19,noise,z_mad,0.32,0.0,2.7364194385325056,0.0,0.0
19,noise,z_mad,0.64,0.0,2.7364194385325056,0.0,0.0
19,noise,z_mad,1.28,0.0,2.7364194385325056,0.0,0.0
19,noise,z_mad,2.56,0.0,2.7364194385325056,0.0,0.0
19,noise,z_mad,5.12,0.0,2.7364194385325056,0.0,0.0
19,noise,z_mad,10.24,0.0,2.7364194385325056,0.0,0.0
19,noise,z_mad,20.48,0.0,2.7364194385325056,0.0,0.0
19,noise,z_sd,0.01,0.0,2.7364194385325056,0.0,0.0
19,noise,z_sd,0.02,0.0,2.7364194385325056,0.0,0.0
19,noise,z_sd,0.04,0.0,2.7364194385325056,0.0,0.0
19,noise,z_sd,0.08,0.0,2.7364194385325056,0.0,0.0
19,noise,z_sd,0.16,0.0,2.7364194385325056,0.0,0.0
19,noise,z_sd,0.32,0.0,2.7364194385325056,0.0,0.0
19,noise,z_sd,0.64,0.0,2.7364194385325056,0.0,0.0
19,noise,z_sd,1.28,0.0,2.7364194385325056,0.0,0.0
19,noise,z_sd,2.56,0.0,2.7364194385325056,0.0,0.0
19,noise,z_sd,5.12,0.0,2.7364194385325056,0.0,0.0
19,noise,z_sd,10.24,0.0,2.7364194385325056,0.0,0.0
19,noise,z_sd,20.48,0.0,2.7364194385325056,0.0,0.0
19,random,alpha,0.25,0.0,2.866576577553538,0.0,0.0
19,random,alpha,0.5,0.0,2.866576577553538,0.0,0.0
19,random,alpha,1.0,0.0,2.866576577553538,0.0,0.0
19,random,alpha,2.0,0.0,2.866576577553538,0.0,0.0
19,random,alpha,4.0,0.0,2.866576577553538,0.0,0.0
19,random,alpha,8.0,0.0,2.866576577553538,0.0,0.0
19,random,alpha,16.0,0.0,2.866576577553538,0.0,0.0
19,random,alpha,32.0,0.0,2.866576577553538,0.0,0.0
19,random,alpha,64.0,0.0,2.866576577553538,0.0,0.0
19,random,alpha,128.0,0.0,2.866576577553538,0.0,0.0
19,random,z_mad,0.01,0.0,2.866576577553538,0.0,0.0
19,random,z_mad,0.02,0.0,2.866576577553538,0.0,0.0
19,random,z_mad,0.04,0.0,2.866576577553538,0.0,0.0
19,random,z_mad,0.08,0.0,2.866576577553538,0.0,0.0
19,random,z_mad,0.16,0.0,2.866576577553538,0.0,0.0
19,random,z_mad,0.32,0.0,2.866576577553538,0.0,0.0
19,random,z_mad,0.64,0.0,2.866576577553538,0.0,0.0
19,random,z_mad,1.28,0.0,2.866576577553538,0.0,0.0
19,random,z_mad,2.56,0.0,2.866576577553538,0.0,0.0
19,random,z_mad,5.12,0.0,2.866576577553538,0.0,0.0
19,random,z_mad,10.24,0.0,2.866576577553538,0.0,0.0
19,random,z_mad,20.48,0.0,2.866576577553538,0.0,0.0
19,random,z_sd,0.01,0.0,2.866576577553538,0.0,0.0
19,random,z_sd,0.02,0.0,2.866576577553538,0.0,0.0
19,random,z_sd,0.04,0.0,2.866576577553538,0.0,0.0
19,random,z_sd,0.08,0.0,2.866576577553538,0.0,0.0
19,random,z_sd,0.16,0.0,2.866576577553538,0.0,0.0
19,random,z_sd,0.32,0.0,2.866576577553538,0.0,0.0
19,random,z_sd,0.64,0.0,2.866576577553538,0.0,0.0
19,random,z_sd,1.28,0.0,2.866576577553538,0.0,0.0
19,random,z_sd,2.56,0.0,2.866576577553538,0.0,0.0
19,random,z_sd,5.12,0.0,2.866576577553538,0.0,0.0
19,random,z_sd,10.24,0.0,2.866576577553538,0.0,0.0
19,random,z_sd,20.48,0.0,2.866576577553538,0.0,0.0
2,concept,alpha,0.25,0.0,3.2275758330035513,0.0,0.0
2,concept,alpha,0.5,0.0,3.2275758330035513,0.0,0.0
2,concept,alpha,1.0,0.0,3.2275758330035513,0.0,0.0
2,concept,alpha,2.0,0.0,3.2275758330035513,0.0,0.0
2,concept,alpha,4.0,0.20385641204903893,3.125647626979032,0.000625,0.0
2,concept,alpha,8.0,0.0,3.2275758330035513,0.0,0.0
2,concept,alpha,16.0,0.0,3.2275758330035513,0.0,0.0
2,concept,alpha,32.0,0.0,3.2275758330035513,0.0,0.0
2,concept,alpha,64.0,0.0,3.2275758330035513,0.0,0.0
2,concept,alpha,128.0,0.0,3.2275758330035513,0.0,0.0
2,concept,z_mad,0.01,0.0,3.2275758330035513,0.0,0.0
2,concept,z_mad,0.02,0.0,3.2275758330035513,0.0,0.0
2,concept,z_mad,0.04,0.0,3.2275758330035513,0.0,0.0
2,concept,z_mad,0.08,0.0,3.2275758330035513,0.0,0.0
2,concept,z_mad,0.16,0.0,3.2275758330035513,0.0,0.0
2,concept,z_mad,0.32,0.0,3.2275758330035513,0.0,0.0
2,concept,z_mad,0.64,0.0,3.2275758330035513,0.0,0.0
2,concept,z_mad,1.28,0.0,3.2275758330035513,0.0,0.0
2,concept,z_mad,2.56,0.0,3.2275758330035513,0.0,0.0
2,concept,z_mad,5.12,0.0,3.2275758330035513,0.0,0.0
2,concept,z_mad,10.24,0.0,3.2275758330035513,0.0,0.0
2,concept,z_mad,20.48,0.0,3.2275758330035513,0.0,0.0
2,concept,z_sd,0.01,0.0,3.2275758330035513,0.0,0.0
2,concept,z_sd,0.02,0.0,3.2275758330035513,0.0,0.0
2,concept,z_sd,0.04,0.4927957905422451,2.981177937732429,0.0025,0.0
2,concept,z_sd,0.08,0.0,3.2275758330035513,0.0,0.0
2,concept,z_sd,0.16,0.0,3.2275758330035513,0.0,0.0
2,concept,z_sd,0.32,0.0,3.2275758330035513,0.0,0.0
2,concept,z_sd,0.64,0.0,3.2275758330035513,0.0,0.0
2,concept,z_sd,1.28,0.0,3.2275758330035513,0.0,0.0
2,concept,z_sd,2.56,0.0,3.2275758330035513,0.0,0.0
2,concept,z_sd,5.12,0.0,3.2275758330035513,0.0,0.0
2,concept,z_sd,10.24,0.0,3.2275758330035513,0.0,0.0
2,concept,z_sd,20.48,0.0,3.2275758330035513,0.0,0.0
2,dropout,alpha,0.25,0.0,2.7364194385325056,0.0,0.0
2,dropout,alpha,0.5,0.0,2.7364194385325056,0.0,0.0
2,dropout,alpha,1.0,0.0,2.7364194385325056,0.0,0.0
2,dropout,alpha,2.0,0.0,2.7364194385325056,0.0,0.0
2,dropout,alpha,4.0,0.49261086424246914,2.490114006411271,0.009375,0.0
2,dropout,alpha,8.0,0.5800637333406797,2.4463875718621657,0.0125,0.0
2,dropout,alpha,16.0,0.0,2.7364194385325056,0.0,0.0
2,dropout,alpha,32.0,0.0,2.7364194385325056,0.0,0.0
2,dropout,alpha,64.0,0.0,2.7364194385325056,0.0,0.0
2,dropout,alpha,128.0,0.0,2.7364194385325056,0.0,0.0
2,dropout,z_mad,0.01,0.0,2.7364194385325056,0.0,0.0
2,dropout,z_mad,0.02,0.0,2.7364194385325056,0.0,0.0
2,dropout,z_mad,0.04,0.0,2.7364194385325056,0.0,0.0
2,dropout,z_mad,0.08,0.0,2.7364194385325056,0.0,0.0
2,dropout,z_mad,0.16,0.0,2.7364194385325056,0.0,0.0
2,dropout,z_mad,0.32,0.0,2.7364194385325056,0.0,0.0
2,dropout,z_mad,0.64,0.0,2.7364194385325056,0.0,0.0
2,dropout,z_mad,1.28,0.0,2.7364194385325056,0.0,0.0
2,dropout,z_mad,2.56,0.0,2.7364194385325056,0.0,0.0
2,dropout,z_mad,5.12,0.0,2.7364194385325056,0.0,0.0
2,dropout,z_mad,10.24,0.0,2.7364194385325056,0.0,0.0
2,dropout,z_mad,20.48,0.0,2.7364194385325056,0.0,0.0
2,dropout,z_sd,0.01,0.0,2.7364194385325056,0.0,0.0
2,dropout,z_sd,0.02,0.0,2.7364194385325056,0.0,0.0
2,dropout,z_sd,0.04,0.0,2.7364194385325056,0.0,0.0
2,dropout,z_sd,0.08,0.0,2.7364194385325056,0.0,0.0
2,dropout,z_sd,0.16,0.0,2.7364194385325056,0.0,0.0
2,dropout,z_sd,0.32,0.0,2.7364194385325056,0.0,0.0
2,dropout,z_sd,0.64,0.0,2.7364194385325056,0.0,0.0
2,dropout,z_sd,1.28,0.0,2.7364194385325056,0.0,0.0
2,dropout,z_sd,2.56,0.5800637333406797,2.4463875718621657,0.0125,0.0
2,dropout,z_sd,5.12,0.3836371517576267,2.5446008626536925,0.00625,0.0
2,dropout,z_sd,10.24,0.3836371517576267,2.5446008626536925,0.00625,0.0
2,dropout,z_sd,20.48,0.0,2.7364194385325056,0.0,0.0
2,noise,alpha,0.25,0.0,2.7364194385325056,0.0,0.0
2,noise,alpha,0.5,0.0,2.7364194385325056,0.0,0.0
2,noise,alpha,1.0,0.0,2.7364194385325056,0.0,0.0
2,noise,alpha,2.0,0.0,2.7364194385325056,0.0,0.0
2,noise,alpha,4.0,0.0,2.7364194385325056,0.0,0.0
2,noise,alpha,8.0,0.0,2.7364194385325056,0.0,0.0
2,noise,alpha,16.0,0.0,2.7364194385325056,0.0,0.0
2,noise,alpha,32.0,0.0,2.7364194385325056,0.0,0.0
2,noise,alpha,64.0,0.0,2.7364194385325056,0.0,0.0
2,noise,alpha,128.0,0.0,2.7364194385325056,0.0,0.0
2,noise,z_mad,0.01,0.0,2.7364194385325056,0.0,0.0
2,noise,z_mad,0.02,0.0,2.7364194385325056,0.0,0.0
2,noise,z_mad,0.04,0.0,2.7364194385325056,0.0,0.0
2,noise,z_mad,0.08,0.0,2.7364194385325056,0.0,0.0
2,noise,z_mad,0.16,0.0,2.7364194385325056,0.0,0.0
2,noise,z_mad,0.32,0.0,2.7364194385325056,0.0,0.0
2,noise,z_mad,0.64,0.0,2.7364194385325056,0.0,0.0
2,noise,z_mad,1.28,0.0,2.7364194385325056,0.0,0.0
2,noise,z_mad,2.56,0.0,2.7364194385325056,0.0,0.0
2,noise,z_mad,5.12,0.0,2.7364194385325056,0.0,0.0
2,noise,z_mad,10.24,0.0,2.7364194385325056,0.0,0.0
2,noise,z_mad,20.48,0.0,2.7364194385325056,0.0,0.0
2,noise,z_sd,0.01,0.0,2.7364194385325056,0.0,0.0
2,noise,z_sd,0.02,0.0,2.7364194385325056,0.0,0.0
2,noise,z_sd,0.04,0.0,2.7364194385325056,0.0,0.0
2,noise,z_sd,0.08,0.0,2.7364194385325056,0.0,0.0
2,noise,z_sd,0.16,0.0,2.7364194385325056,0.0,0.0
2,noise,z_sd,0.32,0.0,2.7364194385325056,0.0,0.0
2,noise,z_sd,0.64,0.0,2.7364194385325056,0.0,0.0
2,noise,z_sd,1.28,0.0,2.7364194385325056,0.0,0.0
2,noise,z_sd,2.56,0.0,2.7364194385325056,0.0,0.0
2,noise,z_sd,5.12,0.0,2.7364194385325056,0.0,0.0
2,noise,z_sd,10.24,0.0,2.7364194385325056,0.0,0.0
2,noise,z_sd,20.48,0.0,2.7364194385325056,0.0,0.0
2,random,alpha,0.25,0.0,2.866576577553538,0.0,0.0
2,random,alpha,0.5,0.0,2.866576577553538,0.0,0.0
2,random,alpha,1.0,0.0,2.866576577553538,0.0,0.0
2,random,alpha,2.0,0.0,2.866576577553538,0.0,0.0
2,random,alpha,4.0,0.0,2.866576577553538,0.0,0.0
2,random,alpha,8.0,0.0,2.866576577553538,0.0,0.0
2,random,alpha,16.0,0.0,2.866576577553538,0.0,0.0
2,random,alpha,32.0,0.0,2.866576577553538,0.0,0.0
2,random,alpha,64.0,0.0,2.866576577553538,0.0,0.0
2,random,alpha,128.0,0.0,2.866576577553538,0.0,0.0
2,random,z_mad,0.01,0.0,2.866576577553538,0.0,0.0
2,random,z_mad,0.02,0.0,2.866576577553538,0.0,0.0
2,random,z_mad,0.04,0.0,2.866576577553538,0.0,0.0
2,random,z_mad,0.08,0.0,2.866576577553538,0.0,0.0
2,random,z_mad,0.16,0.0,2.866576577553538,0.0,0.0
2,random,z_mad,0.32,0.0,2.866576577553538,0.0,0.0
2,random,z_mad,0.64,0.0,2.866576577553538,0.0,0.0
2,random,z_mad,1.28,0.0,2.866576577553538,0.0,0.0
2,random,z_mad,2.56,0.0,2.866576577553538,0.0,0.0
2,random,z_mad,5.12,0.0,2.866576577553538,0.0,0.0
2,random,z_mad,10.24,0.0,2.866576577553538,0.0,0.0
2,random,z_mad,20.48,0.0,2.866576577553538,0.0,0.0
2,random,z_sd,0.01,0.0,2.866576577553538,0.0,0.0
2,random,z_sd,0.02,0.0,2.866576577553538,0.0,0.0
2,random,z_sd,0.04,0.0,2.866576577553538,0.0,0.0
2,random,z_sd,0.08,0.0,2.866576577553538,0.0,0.0
2,random,z_sd,0.16,0.0,2.866576577553538,0.0,0.0
2,random,z_sd,0.32,0.0,2.866576577553538,0.0,0.0
2,random,z_sd,0.64,0.0,2.866576577553538,0.0,0.0
2,random,z_sd,1.28,0.0,2.866576577553538,0.0,0.0
2,random,z_sd,2.56,0.0,2.866576577553538,0.0,0.0
2,random,z_sd,5.12,0.0,2.866576577553538,0.0,0.0
2,random,z_sd,10.24,0.0,2.866576577553538,0.0,0.0
2,random,z_sd,20.48,0.0,2.866576577553538,0.0,0.0
20,concept,alpha,0.25,0.0,3.2275758330035513,0.0,0.0
20,concept,alpha,0.5,0.0,3.2275758330035513,0.0,0.0
20,concept,alpha,1.0,0.0,3.2275758330035513,0.0,0.0
20,concept,alpha,2.0,0.0,3.2275758330035513,0.0,0.0
20,concept,alpha,4.0,0.0,3.2275758330035513,0.0,0.0
20,concept,alpha,8.0,0.0,3.2275758330035513,0.0,0.0
20,concept,alpha,16.0,0.0,3.2275758330035513,0.0,0.0
20,concept,alpha,32.0,0.0,3.2275758330035513,0.0,0.0
20,concept,alpha,64.0,0.0,3.2275758330035513,0.0,0.0
20,concept,alpha,128.0,0.0,3.2275758330035513,0.0,0.0
20,concept,z_mad,0.01,0.0,3.2275758330035513,0.0,0.0
20,concept,z_mad,0.02,0.0,3.2275758330035513,0.0,0.0
20,concept,z_mad,0.04,0.0,3.2275758330035513,0.0,0.0
20,concept,z_mad,0.08,0.0,3.2275758330035513,0.0,0.0
20,concept,z_mad,0.16,0.0,3.2275758330035513,0.0,0.0
20,concept,z_mad,0.32,0.0,3.2275758330035513,0.0,0.0
20,concept,z_mad,0.64,0.0,3.2275758330035513,0.0,0.0
20,concept,z_mad,1.28,0.0,3.2275758330035513,0.0,0.0
20,concept,z_mad,2.56,0.0,3.2275758330035513,0.0,0.0
20,concept,z_mad,5.12,0.0,3.2275758330035513,0.0,0.0
20,concept,z_mad,10.24,0.0,3.2275758330035513,0.0,0.0
20,concept,z_mad,20.48,0.0,3.2275758330035513,0.0,0.0
20,concept,z_sd,0.01,0.0,3.2275758330035513,0.0,0.0
20,concept,z_sd,0.02,0.0,3.2275758330035513,0.0,0.0
20,concept,z_sd,0.04,0.0,3.2275758330035513,0.0,0.0
20,concept,z_sd,0.08,0.0,3.2275758330035513,0.0,0.0
20,concept,z_sd,0.16,0.0,3.2275758330035513,0.0,0.0
20,concept,z_sd,0.32,0.0,3.2275758330035513,0.0,0.0
20,concept,z_sd,0.64,0.0,3.2275758330035513,0.0,0.0
20,concept,z_sd,1.28,0.0,3.2275758330035513,0.0,0.0
20,concept,z_sd,2.56,0.0,3.2275758330035513,0.0,0.0
20,concept,z_sd,5.12,0.0,3.2275758330035513,0.0,0.0
20,concept,z_sd,10.24,0.0,3.2275758330035513,0.0,0.0
20,concept,z_sd,20.48,0.0,3.2275758330035513,0.0,0.0
20,dropout,alpha,0.25,0.0,2.7364194385325056,0.0,0.0
20,dropout,alpha,0.5,0.0,2.7364194385325056,0.0,0.0
20,dropout,alpha,1.0,0.0,2.7364194385325056,0.0,0.0
20,dropout,alpha,2.0,0.0,2.7364194385325056,0.0,0.0
20,dropout,alpha,4.0,0.0,2.7364194385325056,0.0,0.0
20,dropout,alpha,8.0,0.0,2.7364194385325056,0.0,0.0
20,dropout,alpha,16.0,0.0,2.7364194385325056,0.0,0.0
20,dropout,alpha,32.0,0.0,2.7364194385325056,0.0,0.0
20,dropout,alpha,64.0,0.0,2.7364194385325056,0.0,0.0
20,dropout,alpha,128.0,0.0,2.7364194385325056,0.0,0.0
20,dropout,z_mad,0.01,0.0,2.7364194385325056,0.0,0.0
20,dropout,z_mad,0.02,0.0,2.7364194385325056,0.0,0.0
20,dropout,z_mad,0.04,0.0,2.7364194385325056,0.0,0.0
20,dropout,z_mad,0.08,0.0,2.7364194385325056,0.0,0.0
20,dropout,z_mad,0.16,0.0,2.7364194385325056,0.0,0.0
20,dropout,z_mad,0.32,0.0,2.7364194385325056,0.0,0.0
20,dropout,z_mad,0.64,0.0,2.7364194385325056,0.0,0.0
20,dropout,z_mad,1.28,0.0,2.7364194385325056,0.0,0.0
20,dropout,z_mad,2.56,0.0,2.7364194385325056,0.0,0.0
20,dropout,z_mad,5.12,0.0,2.7364194385325056,0.0,0.0
20,dropout,z_mad,10.24,0.0,2.7364194385325056,0.0,0.0
20,dropout,z_mad,20.48,0.0,2.7364194385325056,0.0,0.0
20,dropout,z_sd,0.01,0.0,2.7364194385325056,0.0,0.0
20,dropout,z_sd,0.02,0.0,2.7364194385325056,0.0,0.0
20,dropout,z_sd,0.04,0.0,2.7364194385325056,0.0,0.0
20,dropout,z_sd,0.08,0.0,2.7364194385325056,0.0,0.0
20,dropout,z_sd,0.16,0.0,2.7364194385325056,0.0,0.0
20,dropout,z_sd,0.32,0.0,2.7364194385325056,0.0,0.0
20,dropout,z_sd,0.64,0.0,2.7364194385325056,0.0,0.0
20,dropout,z_sd,1.28,0.0,2.7364194385325056,0.0,0.0
20,dropout,z_sd,2.56,0.0,2.7364194385325056,0.0,0.0
20,dropout,z_sd,5.12,0.0,2.7364194385325056,0.0,0.0
20,dropout,z_sd,10.24,0.0,2.7364194385325056,0.0,0.0
20,dropout,z_sd,20.48,0.0,2.7364194385325056,0.0,0.0
20,noise,alpha,0.25,0.0,2.7364194385325056,0.0,0.0
20,noise,alpha,0.5,0.0,2.7364194385325056,0.0,0.0
20,noise,alpha,1.0,0.0,2.7364194385325056,0.0,0.0
20,noise,alpha,2.0,0.0,2.7364194385325056,0.0,0.0
20,noise,alpha,4.0,0.0,2.7364194385325056,0.0,0.0
20,noise,alpha,8.0,0.0,2.7364194385325056,0.0,0.0
20,noise,alpha,16.0,0.0,2.7364194385325056,0.0,0.0
20,noise,alpha,32.0,0.0,2.7364194385325056,0.0,0.0
20,noise,alpha,64.0,0.0,2.7364194385325056,0.0,0.0
20,noise,alpha,128.0,0.0,2.7364194385325056,0.0,0.0
20,noise,z_mad,0.01,0.0,2.7364194385325056,0.0,0.0
20,noise,z_mad,0.02,0.0,2.7364194385325056,0.0,0.0
20,noise,z_mad,0.04,0.0,2.7364194385325056,0.0,0.0
20,noise,z_mad,0.08,0.0,2.7364194385325056,0.0,0.0
20,noise,z_mad,0.16,0.0,2.7364194385325056,0.0,0.0
20,noise,z_mad,0.32,0.0,2.7364194385325056,0.0,0.0
20,noise,z_mad,0.64,0.0,2.7364194385325056,0.0,0.0
20,noise,z_mad,1.28,0.0,2.7364194385325056,0.0,0.0
20,noise,z_mad,2.56,0.0,2.7364194385325056,0.0,0.0
20,noise,z_mad,5.12,0.0,2.7364194385325056,0.0,0.0
20,noise,z_mad,10.24,0.0,2.7364194385325056,0.0,0.0
20,noise,z_mad,20.48,0.0,2.7364194385325056,0.0,0.0
20,noise,z_sd,0.01,0.0,2.7364194385325056,0.0,0.0
20,noise,z_sd,0.02,0.0,2.7364194385325056,0.0,0.0
20,noise,z_sd,0.04,0.0,2.7364194385325056,0.0,0.0
20,noise,z_sd,0.08,0.0,2.7364194385325056,0.0,0.0
20,noise,z_sd,0.16,0.0,2.7364194385325056,0.0,0.0
20,noise,z_sd,0.32,0.0,2.7364194385325056,0.0,0.0
20,noise,z_sd,0.64,0.0,2.7364194385325056,0.0,0.0
20,noise,z_sd,1.28,0.0,2.7364194385325056,0.0,0.0
20,noise,z_sd,2.56,0.0,2.7364194385325056,0.0,0.0
20,noise,z_sd,5.12,0.0,2.7364194385325056,0.0,0.0
20,noise,z_sd,10.24,0.0,2.7364194385325056,0.0,0.0
20,noise,z_sd,20.48,0.0,2.7364194385325056,0.0,0.0
20,random,alpha,0.25,0.0,2.866576577553538,0.0,0.0
20,random,alpha,0.5,0.0,2.866576577553538,0.0,0.0
20,random,alpha,1.0,0.0,2.866576577553538,0.0,0.0
20,random,alpha,2.0,0.0,2.866576577553538,0.0,0.0
20,random,alpha,4.0,0.0,2.866576577553538,0.0,0.0
20,random,alpha,8.0,0.0,2.866576577553538,0.0,0.0
20,random,alpha,16.0,0.0,2.866576577553538,0.0,0.0
20,random,alpha,32.0,0.0,2.866576577553538,0.0,0.0
20,random,alpha,64.0,0.0,2.866576577553538,0.0,0.0
20,random,alpha,128.0,0.0,2.866576577553538,0.0,0.0
20,random,z_mad,0.01,0.0,2.866576577553538,0.0,0.0
20,random,z_mad,0.02,0.0,2.866576577553538,0.0,0.0
20,random,z_mad,0.04,0.0,2.866576577553538,0.0,0.0
20,random,z_mad,0.08,0.0,2.866576577553538,0.0,0.0
20,random,z_mad,0.16,0.0,2.866576577553538,0.0,0.0
20,random,z_mad,0.32,0.0,2.866576577553538,0.0,0.0
20,random,z_mad,0.64,0.0,2.866576577553538,0.0,0.0
20,random,z_mad,1.28,0.0,2.866576577553538,0.0,0.0
20,random,z_mad,2.56,0.0,2.866576577553538,0.0,0.0
20,random,z_mad,5.12,0.0,2.866576577553538,0.0,0.0
20,random,z_mad,10.24,0.0,2.866576577553538,0.0,0.0
20,random,z_mad,20.48,0.0,2.866576577553538,0.0,0.0
20,random,z_sd,0.01,0.0,2.866576577553538,0.0,0.0
20,random,z_sd,0.02,0.0,2.866576577553538,0.0,0.0
20,random,z_sd,0.04,0.0,2.866576577553538,0.0,0.0
20,random,z_sd,0.08,0.0,2.866576577553538,0.0,0.0
20,random,z_sd,0.16,0.0,2.866576577553538,0.0,0.0
20,random,z_sd,0.32,0.0,2.866576577553538,0.0,0.0
20,random,z_sd,0.64,0.0,2.866576577553538,0.0,0.0
20,random,z_sd,1.28,0.0,2.866576577553538,0.0,0.0
20,random,z_sd,2.56,0.0,2.866576577553538,0.0,0.0
20,random,z_sd,5.12,0.0,2.866576577553538,0.0,0.0
20,random,z_sd,10.24,0.0,2.866576577553538,0.0,0.0
20,random,z_sd,20.48,0.0,2.866576577553538,0.0,0.0
21,concept,alpha,0.25,0.0,3.2275758330035513,0.0,0.0
21,concept,alpha,0.5,0.0,3.2275758330035513,0.0,0.0
21,concept,alpha,1.0,0.0,3.2275758330035513,0.0,0.0
21,concept,alpha,2.0,0.0,3.2275758330035513,0.0,0.0
21,concept,alpha,4.0,0.0,3.2275758330035513,0.0,0.0
21,concept,alpha,8.0,0.0,3.2275758330035513,0.0,0.0
21,concept,alpha,16.0,0.0,3.2275758330035513,0.0,0.0
21,concept,alpha,32.0,0.0,3.2275758330035513,0.0,0.0
21,concept,alpha,64.0,0.0,3.2275758330035513,0.0,0.0
21,concept,alpha,128.0,0.0,3.2275758330035513,0.0,0.0
21,concept,z_mad,0.01,0.0,3.2275758330035513,0.0,0.0
21,concept,z_mad,0.02,0.0,3.2275758330035513,0.0,0.0
21,concept,z_mad,0.04,0.0,3.2275758330035513,0.0,0.0
21,concept,z_mad,0.08,0.0,3.2275758330035513,0.0,0.0
21,concept,z_mad,0.16,0.0,3.2275758330035513,0.0,0.0
21,concept,z_mad,0.32,0.0,3.2275758330035513,0.0,0.0
21,concept,z_mad,0.64,0.0,3.2275758330035513,0.0,0.0
21,concept,z_mad,1.28,0.0,3.2275758330035513,0.0,0.0
21,concept,z_mad,2.56,0.0,3.2275758330035513,0.0,0.0
21,concept,z_mad,5.12,0.0,3.2275758330035513,0.0,0.0
21,concept,z_mad,10.24,0.0,3.2275758330035513,0.0,0.0
21,concept,z_mad,20.48,0.0,3.2275758330035513,0.0,0.0
21,concept,z_sd,0.01,0.0,3.2275758330035513,0.0,0.0
21,concept,z_sd,0.02,0.0,3.2275758330035513,0.0,0.0
21,concept,z_sd,0.04,0.0,3.2275758330035513,0.0,0.0
21,concept,z_sd,0.08,0.0,3.2275758330035513,0.0,0.0
21,concept,z_sd,0.16,0.0,3.2275758330035513,0.0,0.0
21,concept,z_sd,0.32,0.0,3.2275758330035513,0.0,0.0
21,concept,z_sd,0.64,0.0,3.2275758330035513,0.0,0.0
21,concept,z_sd,1.28,0.0,3.2275758330035513,0.0,0.0
21,concept,z_sd,2.56,0.0,3.2275758330035513,0.0,0.0
21,concept,z_sd,5.12,0.0,3.2275758330035513,0.0,0.0
21,concept,z_sd,10.24,0.0,3.2275758330035513,0.0,0.0
21,concept,z_sd,20.48,0.0,3.2275758330035513,0.0,0.0
21,dropout,alpha,0.25,0.0,2.7364194385325056,0.0,0.0
21,dropout,alpha,0.5,0.0,2.7364194385325056,0.0,0.0
21,dropout,alpha,1.0,0.0,2.7364194385325056,0.0,0.0
21,dropout,alpha,2.0,0.0,2.7364194385325056,0.0,0.0
21,dropout,alpha,4.0,0.0,2.7364194385325056,0.0,0.0
21,dropout,alpha,8.0,0.0,2.7364194385325056,0.0,0.0
21,dropout,alpha,16.0,0.0,2.7364194385325056,0.0,0.0
21,dropout,alpha,32.0,0.0,2.7364194385325056,0.0,0.0
21,dropout,alpha,64.0,0.0,2.7364194385325056,0.0,0.0
21,dropout,alpha,128.0,0.0,2.7364194385325056,0.0,0.0
21,dropout,z_mad,0.01,0.0,2.7364194385325056,0.0,0.0
21,dropout,z_mad,0.02,0.0,2.7364194385325056,0.0,0.0
21,dropout,z_mad,0.04,0.0,2.7364194385325056,0.0,0.0
21,dropout,z_mad,0.08,0.0,2.7364194385325056,0.0,0.0
21,dropout,z_mad,0.16,0.0,2.7364194385325056,0.0,0.0
21,dropout,z_mad,0.32,0.0,2.7364194385325056,0.0,0.0
21,dropout,z_mad,0.64,0.0,2.7364194385325056,0.0,0.0
21,dropout,z_mad,1.28,0.0,2.7364194385325056,0.0,0.0
21,dropout,z_mad,2.56,0.0,2.7364194385325056,0.0,0.0
21,dropout,z_mad,5.12,0.0,2.7364194385325056,0.0,0.0
21,dropout,z_mad,10.24,0.0,2.7364194385325056,0.0,0.0
21,dropout,z_mad,20.48,0.0,2.7364194385325056,0.0,0.0
21,dropout,z_sd,0.01,0.0,2.7364194385325056,0.0,0.0
21,dropout,z_sd,0.02,0.0,2.7364194385325056,0.0,0.0
21,dropout,z_sd,0.04,0.0,2.7364194385325056,0.0,0.0
21,dropout,z_sd,0.08,0.0,2.7364194385325056,0.0,0.0
21,dropout,z_sd,0.16,0.0,2.7364194385325056,0.0,0.0
21,dropout,z_sd,0.32,0.0,2.7364194385325056,0.0,0.0
21,dropout,z_sd,0.64,0.0,2.7364194385325056,0.0,0.0
21,dropout,z_sd,1.28,0.0,2.7364194385325056,0.0,0.0
21,dropout,z_sd,2.56,0.0,2.7364194385325056,0.0,0.0
21,dropout,z_sd,5.12,0.0,2.7364194385325056,0.0,0.0
21,dropout,z_sd,10.24,0.0,2.7364194385325056,0.0,0.0
21,dropout,z_sd,20.48,0.0,2.7364194385325056,0.0,0.0
21,noise,alpha,0.25,0.0,2.7364194385325056,0.0,0.0
21,noise,alpha,0.5,0.0,2.7364194385325056,0.0,0.0
21,noise,alpha,1.0,0.0,2.7364194385325056,0.0,0.0
21,noise,alpha,2.0,0.0,2.7364194385325056,0.0,0.0
21,noise,alpha,4.0,0.0,2.7364194385325056,0.0,0.0
21,noise,alpha,8.0,0.0,2.7364194385325056,0.0,0.0
21,noise,alpha,16.0,0.0,2.7364194385325056,0.0,0.0
21,noise,alpha,32.0,0.0,2.7364194385325056,0.0,0.0
21,noise,alpha,64.0,0.0,2.7364194385325056,0.0,0.0
21,noise,alpha,128.0,0.0,2.7364194385325056,0.0,0.0
21,noise,z_mad,0.01,0.0,2.7364194385325056,0.0,0.0
21,noise,z_mad,0.02,0.0,2.7364194385325056,0.0,0.0
21,noise,z_mad,0.04,0.0,2.7364194385325056,0.0,0.0
21,noise,z_mad,0.08,0.0,2.7364194385325056,0.0,0.0
21,noise,z_mad,0.16,0.0,2.7364194385325056,0.0,0.0
21,noise,z_mad,0.32,0.0,2.7364194385325056,0.0,0.0
21,noise,z_mad,0.64,0.0,2.7364194385325056,0.0,0.0
21,noise,z_mad,1.28,0.0,2.7364194385325056,0.0,0.0
21,noise,z_mad,2.56,0.0,2.7364194385325056,0.0,0.0
21,noise,z_mad,5.12,0.0,2.7364194385325056,0.0,0.0
21,noise,z_mad,10.24,0.0,2.7364194385325056,0.0,0.0
21,noise,z_mad,20.48,0.0,2.7364194385325056,0.0,0.0
21,noise,z_sd,0.01,0.0,2.7364194385325056,0.0,0.0
21,noise,z_sd,0.02,0.0,2.7364194385325056,0.0,0.0
21,noise,z_sd,0.04,0.0,2.7364194385325056,0.0,0.0
21,noise,z_sd,0.08,0.0,2.7364194385325056,0.0,0.0
21,noise,z_sd,0.16,0.0,2.7364194385325056,0.0,0.0
21,noise,z_sd,0.32,0.0,2.7364194385325056,0.0,0.0
21,noise,z_sd,0.64,0.0,2.7364194385325056,0.0,0.0
21,noise,z_sd,1.28,0.0,2.7364194385325056,0.0,0.0
21,noise,z_sd,2.56,0.0,2.7364194385325056,0.0,0.0
21,noise,z_sd,5.12,0.0,2.7364194385325056,0.0,0.0
21,noise,z_sd,10.24,0.0,2.7364194385325056,0.0,0.0
21,noise,z_sd,20.48,0.0,2.7364194385325056,0.0,0.0
21,random,alpha,0.25,0.0,2.866576577553538,0.0,0.0
21,random,alpha,0.5,0.0,2.866576577553538,0.0,0.0
21,random,alpha,1.0,0.0,2.866576577553538,0.0,0.0
21,random,alpha,2.0,0.0,2.866576577553538,0.0,0.0
21,random,alpha,4.0,0.0,2.866576577553538,0.0,0.0
21,random,alpha,8.0,0.0,2.866576577553538,0.0,0.0
21,random,alpha,16.0,0.0,2.866576577553538,0.0,0.0
21,random,alpha,32.0,0.0,2.866576577553538,0.0,0.0
21,random,alpha,64.0,0.0,2.866576577553538,0.0,0.0
21,random,alpha,128.0,0.0,2.866576577553538,0.0,0.0
21,random,z_mad,0.01,0.0,2.866576577553538,0.0,0.0
21,random,z_mad,0.02,0.0,2.866576577553538,0.0,0.0
21,random,z_mad,0.04,0.0,2.866576577553538,0.0,0.0
21,random,z_mad,0.08,0.0,2.866576577553538,0.0,0.0
21,random,z_mad,0.16,0.0,2.866576577553538,0.0,0.0
21,random,z_mad,0.32,0.0,2.866576577553538,0.0,0.0
21,random,z_mad,0.64,0.0,2.866576577553538,0.0,0.0
21,random,z_mad,1.28,0.0,2.866576577553538,0.0,0.0
21,random,z_mad,2.56,0.0,2.866576577553538,0.0,0.0
21,random,z_mad,5.12,0.0,2.866576577553538,0.0,0.0
21,random,z_mad,10.24,0.0,2.866576577553538,0.0,0.0
21,random,z_mad,20.48,0.0,2.866576577553538,0.0,0.0
21,random,z_sd,0.01,0.0,2.866576577553538,0.0,0.0
21,random,z_sd,0.02,0.0,2.866576577553538,0.0,0.0
21,random,z_sd,0.04,0.0,2.866576577553538,0.0,0.0
21,random,z_sd,0.08,0.0,2.866576577553538,0.0,0.0
21,random,z_sd,0.16,0.0,2.866576577553538,0.0,0.0
21,random,z_sd,0.32,0.0,2.866576577553538,0.0,0.0
21,random,z_sd,0.64,0.0,2.866576577553538,0.0,0.0
21,random,z_sd,1.28,0.0,2.866576577553538,0.0,0.0
21,random,z_sd,2.56,0.0,2.866576577553538,0.0,0.0
21,random,z_sd,5.12,0.0,2.866576577553538,0.0,0.0
21,random,z_sd,10.24,0.0,2.866576577553538,0.0,0.0
21,random,z_sd,20.48,0.0,2.866576577553538,0.0,0.0
22,concept,alpha,0.25,0.0,3.2275758330035513,0.0,0.0
22,concept,alpha,0.5,0.0,3.2275758330035513,0.0,0.0
22,concept,alpha,1.0,0.0,3.2275758330035513,0.0,0.0
22,concept,alpha,2.0,0.0,3.2275758330035513,0.0,0.0
22,concept,alpha,4.0,0.0,3.2275758330035513,0.0,0.0
22,concept,alpha,8.0,0.0,3.2275758330035513,0.0,0.0
22,concept,alpha,16.0,0.0,3.2275758330035513,0.0,0.0
22,concept,alpha,32.0,0.0,3.2275758330035513,0.0,0.0
22,concept,alpha,64.0,0.0,3.2275758330035513,0.0,0.0
22,concept,alpha,128.0,0.0,3.2275758330035513,0.0,0.0
22,concept,z_mad,0.01,0.0,3.2275758330035513,0.0,0.0
22,concept,z_mad,0.02,0.0,3.2275758330035513,0.0,0.0
22,concept,z_mad,0.04,0.0,3.2275758330035513,0.0,0.0
22,concept,z_mad,0.08,0.0,3.2275758330035513,0.0,0.0
22,concept,z_mad,0.16,0.0,3.2275758330035513,0.0,0.0
22,concept,z_mad,0.32,0.0,3.2275758330035513,0.0,0.0
22,concept,z_mad,0.64,0.0,3.2275758330035513,0.0,0.0
22,concept,z_mad,1.28,0.0,3.2275758330035513,0.0,0.0
22,concept,z_mad,2.56,0.0,3.2275758330035513,0.0,0.0
22,concept,z_mad,5.12,0.0,3.2275758330035513,0.0,0.0
22,concept,z_mad,10.24,0.0,3.2275758330035513,0.0,0.0
22,concept,z_mad,20.48,0.0,3.2275758330035513,0.0,0.0
22,concept,z_sd,0.01,0.0,3.2275758330035513,0.0,0.0
22,concept,z_sd,0.02,0.0,3.2275758330035513,0.0,0.0
22,concept,z_sd,0.04,0.0,3.2275758330035513,0.0,0.0
22,concept,z_sd,0.08,0.0,3.2275758330035513,0.0,0.0
22,concept,z_sd,0.16,0.0,3.2275758330035513,0.0,0.0
22,concept,z_sd,0.32,0.0,3.2275758330035513,0.0,0.0
22,concept,z_sd,0.64,0.0,3.2275758330035513,0.0,0.0
22,concept,z_sd,1.28,0.0,3.2275758330035513,0.0,0.0
22,concept,z_sd,2.56,0.0,3.2275758330035513,0.0,0.0
22,concept,z_sd,5.12,0.0,3.2275758330035513,0.0,0.0
22,concept,z_sd,10.24,0.0,3.2275758330035513,0.0,0.0
22,concept,z_sd,20.48,0.0,3.2275758330035513,0.0,0.0
22,dropout,alpha,0.25,0.0,2.7364194385325056,0.0,0.0
22,dropout,alpha,0.5,0.0,2.7364194385325056,0.0,0.0
22,dropout,alpha,1.0,0.0,2.7364194385325056,0.0,0.0
22,dropout,alpha,2.0,0.0,2.7364194385325056,0.0,0.0
22,dropout,alpha,4.0,0.0,2.7364194385325056,0.0,0.0
22,dropout,alpha,8.0,0.0,2.7364194385325056,0.0,0.0
22,dropout,alpha,16.0,0.0,2.7364194385325056,0.0,0.0
22,dropout,alpha,32.0,0.0,2.7364194385325056,0.0,0.0
22,dropout,alpha,64.0,0.0,2.7364194385325056,0.0,0.0
22,dropout,alpha,128.0,0.0,2.7364194385325056,0.0,0.0
22,dropout,z_mad,0.01,0.0,2.7364194385325056,0.0,0.0
22,dropout,z_mad,0.02,0.0,2.7364194385325056,0.0,0.0
22,dropout,z_mad,0.04,0.0,2.7364194385325056,0.0,0.0
22,dropout,z_mad,0.08,0.0,2.7364194385325056,0.0,0.0
22,dropout,z_mad,0.16,0.0,2.7364194385325056,0.0,0.0
22,dropout,z_mad,0.32,0.0,2.7364194385325056,0.0,0.0
22,dropout,z_mad,0.64,0.0,2.7364194385325056,0.0,0.0
22,dropout,z_mad,1.28,0.0,2.7364194385325056,0.0,0.0
22,dropout,z_mad,2.56,0.0,2.7364194385325056,0.0,0.0
22,dropout,z_mad,5.12,0.0,2.7364194385325056,0.0,0.0
22,dropout,z_mad,10.24,0.0,2.7364194385325056,0.0,0.0
22,dropout,z_mad,20.48,0.0,2.7364194385325056,0.0,0.0
22,dropout,z_sd,0.01,0.0,2.7364194385325056,0.0,0.0
22,dropout,z_sd,0.02,0.0,2.7364194385325056,0.0,0.0
22,dropout,z_sd,0.04,0.0,2.7364194385325056,0.0,0.0
22,dropout,z_sd,0.08,0.0,2.7364194385325056,0.0,0.0
22,dropout,z_sd,0.16,0.0,2.7364194385325056,0.0,0.0
22,dropout,z_sd,0.32,0.0,2.7364194385325056,0.0,0.0
22,dropout,z_sd,0.64,0.0,2.7364194385325056,0.0,0.0
22,dropout,z_sd,1.28,0.0,2.7364194385325056,0.0,0.0
22,dropout,z_sd,2.56,0.0,2.7364194385325056,0.0,0.0
22,dropout,z_sd,5.12,0.0,2.7364194385325056,0.0,0.0
22,dropout,z_sd,10.24,0.0,2.7364194385325056,0.0,0.0
22,dropout,z_sd,20.48,0.0,2.7364194385325056,0.0,0.0
22,noise,alpha,0.25,0.0,2.7364194385325056,0.0,0.0
22,noise,alpha,0.5,0.0,2.7364194385325056,0.0,0.0
22,noise,alpha,1.0,0.0,2.7364194385325056,0.0,0.0
22,noise,alpha,2.0,0.0,2.7364194385325056,0.0,0.0
22,noise,alpha,4.0,0.0,2.7364194385325056,0.0,0.0
22,noise,alpha,8.0,0.0,2.7364194385325056,0.0,0.0
22,noise,alpha,16.0,0.0,2.7364194385325056,0.0,0.0
22,noise,alpha,32.0,0.0,2.7364194385325056,0.0,0.0
22,noise,alpha,64.0,0.0,2.7364194385325056,0.0,0.0
22,noise,alpha,128.0,0.0,2.7364194385325056,0.0,0.0
22,noise,z_mad,0.01,0.0,2.7364194385325056,0.0,0.0
22,noise,z_mad,0.02,0.0,2.7364194385325056,0.0,0.0
22,noise,z_mad,0.04,0.0,2.7364194385325056,0.0,0.0
22,noise,z_mad,0.08,0.0,2.7364194385325056,0.0,0.0
22,noise,z_mad,0.16,0.0,2.7364194385325056,0.0,0.0
22,noise,z_mad,0.32,0.0,2.7364194385325056,0.0,0.0
22,noise,z_mad,0.64,0.0,2.7364194385325056,0.0,0.0
22,noise,z_mad,1.28,0.0,2.7364194385325056,0.0,0.0
22,noise,z_mad,2.56,0.0,2.7364194385325056,0.0,0.0
22,noise,z_mad,5.12,0.0,2.7364194385325056,0.0,0.0
22,noise,z_mad,10.24,0.0,2.7364194385325056,0.0,0.0
22,noise,z_mad,20.48,0.0,2.7364194385325056,0.0,0.0
22,noise,z_sd,0.01,0.0,2.7364194385325056,0.0,0.0
22,noise,z_sd,0.02,0.0,2.7364194385325056,0.0,0.0
22,noise,z_sd,0.04,0.0,2.7364194385325056,0.0,0.0
22,noise,z_sd,0.08,0.0,2.7364194385325056,0.0,0.0
22,noise,z_sd,0.16,0.0,2.7364194385325056,0.0,0.0
22,noise,z_sd,0.32,0.0,2.7364194385325056,0.0,0.0
22,noise,z_sd,0.64,0.0,2.7364194385325056,0.0,0.0
22,noise,z_sd,1.28,0.0,2.7364194385325056,0.0,0.0
22,noise,z_sd,2.56,0.0,2.7364194385325056,0.0,0.0
22,noise,z_sd,5.12,0.0,2.7364194385325056,0.0,0.0
22,noise,z_sd,10.24,0.0,2.7364194385325056,0.0,0.0
22,noise,z_sd,20.48,0.0,2.7364194385325056,0.0,0.0
22,random,alpha,0.25,0.0,2.866576577553538,0.0,0.0
22,random,alpha,0.5,0.0,2.866576577553538,0.0,0.0
22,random,alpha,1.0,0.0,2.866576577553538,0.0,0.0
22,random,alpha,2.0,0.0,2.866576577553538,0.0,0.0
22,random,alpha,4.0,0.0,2.866576577553538,0.0,0.0
22,random,alpha,8.0,0.0,2.866576577553538,0.0,0.0
22,random,alpha,16.0,0.0,2.866576577553538,0.0,0.0
22,random,alpha,32.0,0.0,2.866576577553538,0.0,0.0
22,random,alpha,64.0,0.0,2.866576577553538,0.0,0.0
22,random,alpha,128.0,0.0,2.866576577553538,0.0,0.0
22,random,z_mad,0.01,0.0,2.866576577553538,0.0,0.0
22,random,z_mad,0.02,0.0,2.866576577553538,0.0,0.0
22,random,z_mad,0.04,0.0,2.866576577553538,0.0,0.0
22,random,z_mad,0.08,0.0,2.866576577553538,0.0,0.0
22,random,z_mad,0.16,0.0,2.866576577553538,0.0,0.0
22,random,z_mad,0.32,0.0,2.866576577553538,0.0,0.0
22,random,z_mad,0.64,0.0,2.866576577553538,0.0,0.0
22,random,z_mad,1.28,0.0,2.866576577553538,0.0,0.0
22,random,z_mad,2.56,0.0,2.866576577553538,0.0,0.0
22,random,z_mad,5.12,0.0,2.866576577553538,0.0,0.0
22,random,z_mad,10.24,0.0,2.866576577553538,0.0,0.0
22,random,z_mad,20.48,0.0,2.866576577553538,0.0,0.0
22,random,z_sd,0.01,0.0,2.866576577553538,0.0,0.0
22,random,z_sd,0.02,0.0,2.866576577553538,0.0,0.0
22,random,z_sd,0.04,0.0,2.866576577553538,0.0,0.0
22,random,z_sd,0.08,0.0,2.866576577553538,0.0,0.0
22,random,z_sd,0.16,0.0,2.866576577553538,0.0,0.0
22,random,z_sd,0.32,0.0,2.866576577553538,0.0,0.0
22,random,z_sd,0.64,0.0,2.866576577553538,0.0,0.0
22,random,z_sd,1.28,0.0,2.866576577553538,0.0,0.0
22,random,z_sd,2.56,0.0,2.866576577553538,0.0,0.0
22,random,z_sd,5.12,0.0,2.866576577553538,0.0,0.0
22,random,z_sd,10.24,0.0,2.866576577553538,0.0,0.0
22,random,z_sd,20.48,0.0,2.866576577553538,0.0,0.0
23,concept,alpha,0.25,0.0,3.2275758330035513,0.0,0.0
23,concept,alpha,0.5,0.0,3.2275758330035513,0.0,0.0
23,concept,alpha,1.0,0.0,3.2275758330035513,0.0,0.0
23,concept,alpha,2.0,0.0,3.2275758330035513,0.0,0.0
23,concept,alpha,4.0,0.0,3.2275758330035513,0.0,0.0
23,concept,alpha,8.0,0.0,3.2275758330035513,0.0,0.0
23,concept,alpha,16.0,0.0,3.2275758330035513,0.0,0.0
23,concept,alpha,32.0,0.0,3.2275758330035513,0.0,0.0
23,concept,alpha,64.0,0.0,3.2275758330035513,0.0,0.0
23,concept,alpha,128.0,0.0,3.2275758330035513,0.0,0.0
23,concept,z_mad,0.01,0.0,3.2275758330035513,0.0,0.0
23,concept,z_mad,0.02,0.0,3.2275758330035513,0.0,0.0
23,concept,z_mad,0.04,0.0,3.2275758330035513,0.0,0.0
23,concept,z_mad,0.08,0.0,3.2275758330035513,0.0,0.0
23,concept,z_mad,0.16,0.0,3.2275758330035513,0.0,0.0
23,concept,z_mad,0.32,0.0,3.2275758330035513,0.0,0.0
23,concept,z_mad,0.64,0.0,3.2275758330035513,0.0,0.0
23,concept,z_mad,1.28,0.0,3.2275758330035513,0.0,0.0
23,concept,z_mad,2.56,0.0,3.2275758330035513,0.0,0.0
23,concept,z_mad,5.12,0.0,3.2275758330035513,0.0,0.0
23,concept,z_mad,10.24,0.0,3.2275758330035513,0.0,0.0
23,concept,z_mad,20.48,0.0,3.2275758330035513,0.0,0.0
23,concept,z_sd,0.01,0.0,3.2275758330035513,0.0,0.0
23,concept,z_sd,0.02,0.0,3.2275758330035513,0.0,0.0
23,concept,z_sd,0.04,0.0,3.2275758330035513,0.0,0.0
23,concept,z_sd,0.08,0.0,3.2275758330035513,0.0,0.0
23,concept,z_sd,0.16,0.0,3.2275758330035513,0.0,0.0
23,concept,z_sd,0.32,0.0,3.2275758330035513,0.0,0.0
23,concept,z_sd,0.64,0.0,3.2275758330035513,0.0,0.0
23,concept,z_sd,1.28,0.0,3.2275758330035513,0.0,0.0
23,concept,z_sd,2.56,0.0,3.2275758330035513,0.0,0.0
23,concept,z_sd,5.12,0.0,3.2275758330035513,0.0,0.0
23,concept,z_sd,10.24,0.0,3.2275758330035513,0.0,0.0
23,concept,z_sd,20.48,0.0,3.2275758330035513,0.0,0.0
23,dropout,alpha,0.25,0.0,2.7364194385325056,0.0,0.0
23,dropout,alpha,0.5,0.0,2.7364194385325056,0.0,0.0
23,dropout,alpha,1.0,0.0,2.7364194385325056,0.0,0.0
23,dropout,alpha,2.0,0.0,2.7364194385325056,0.0,0.0
23,dropout,alpha,4.0,0.0,2.7364194385325056,0.0,0.0
23,dropout,alpha,8.0,0.0,2.7364194385325056,0.0,0.0
23,dropout,alpha,16.0,0.0,2.7364194385325056,0.0,0.0
23,dropout,alpha,32.0,0.0,2.7364194385325056,0.0,0.0
23,dropout,alpha,64.0,0.0,2.7364194385325056,0.0,0.0
23,dropout,alpha,128.0,0.0,2.7364194385325056,0.0,0.0
23,dropout,z_mad,0.01,0.0,2.7364194385325056,0.0,0.0
23,dropout,z_mad,0.02,0.0,2.7364194385325056,0.0,0.0
23,dropout,z_mad,0.04,0.0,2.7364194385325056,0.0,0.0
23,dropout,z_mad,0.08,0.0,2.7364194385325056,0.0,0.0
23,dropout,z_mad,0.16,0.0,2.7364194385325056,0.0,0.0
23,dropout,z_mad,0.32,0.0,2.7364194385325056,0.0,0.0
23,dropout,z_mad,0.64,0.0,2.7364194385325056,0.0,0.0
23,dropout,z_mad,1.28,0.0,2.7364194385325056,0.0,0.0
23,dropout,z_mad,2.56,0.0,2.7364194385325056,0.0,0.0
23,dropout,z_mad,5.12,0.0,2.7364194385325056,0.0,0.0
23,dropout,z_mad,10.24,0.0,2.7364194385325056,0.0,0.0
23,dropout,z_mad,20.48,0.0,2.7364194385325056,0.0,0.0
23,dropout,z_sd,0.01,0.0,2.7364194385325056,0.0,0.0
23,dropout,z_sd,0.02,0.0,2.7364194385325056,0.0,0.0
23,dropout,z_sd,0.04,0.0,2.7364194385325056,0.0,0.0
23,dropout,z_sd,0.08,0.0,2.7364194385325056,0.0,0.0
23,dropout,z_sd,0.16,0.0,2.7364194385325056,0.0,0.0
23,dropout,z_sd,0.32,0.0,2.7364194385325056,0.0,0.0
23,dropout,z_sd,0.64,0.0,2.7364194385325056,0.0,0.0
23,dropout,z_sd,1.28,0.0,2.7364194385325056,0.0,0.0
23,dropout,z_sd,2.56,0.0,2.7364194385325056,0.0,0.0
23,dropout,z_sd,5.12,0.0,2.7364194385325056,0.0,0.0
23,dropout,z_sd,10.24,0.0,2.7364194385325056,0.0,0.0
23,dropout,z_sd,20.48,0.0,2.7364194385325056,0.0,0.0
23,noise,alpha,0.25,0.0,2.7364194385325056,0.0,0.0
23,noise,alpha,0.5,0.0,2.7364194385325056,0.0,0.0
23,noise,alpha,1.0,0.0,2.7364194385325056,0.0,0.0
23,noise,alpha,2.0,0.0,2.7364194385325056,0.0,0.0
23,noise,alpha,4.0,0.0,2.7364194385325056,0.0,0.0
23,noise,alpha,8.0,0.0,2.7364194385325056,0.0,0.0
23,noise,alpha,16.0,0.0,2.7364194385325056,0.0,0.0
23,noise,alpha,32.0,0.0,2.7364194385325056,0.0,0.0
23,noise,alpha,64.0,0.0,2.7364194385325056,0.0,0.0
23,noise,alpha,128.0,0.0,2.7364194385325056,0.0,0.0
23,noise,z_mad,0.01,0.0,2.7364194385325056,0.0,0.0
23,noise,z_mad,0.02,0.0,2.7364194385325056,0.0,0.0
23,noise,z_mad,0.04,0.0,2.7364194385325056,0.0,0.0
23,noise,z_mad,0.08,0.0,2.7364194385325056,0.0,0.0
23,noise,z_mad,0.16,0.0,2.7364194385325056,0.0,0.0
23,noise,z_mad,0.32,0.0,2.7364194385325056,0.0,0.0
23,noise,z_mad,0.64,0.0,2.7364194385325056,0.0,0.0
23,noise,z_mad,1.28,0.0,2.7364194385325056,0.0,0.0
23,noise,z_mad,2.56,0.0,2.7364194385325056,0.0,0.0
23,noise,z_mad,5.12,0.0,2.7364194385325056,0.0,0.0
23,noise,z_mad,10.24,0.0,2.7364194385325056,0.0,0.0
23,noise,z_mad,20.48,0.0,2.7364194385325056,0.0,0.0
23,noise,z_sd,0.01,0.0,2.7364194385325056,0.0,0.0
23,noise,z_sd,0.02,0.0,2.7364194385325056,0.0,0.0
23,noise,z_sd,0.04,0.0,2.7364194385325056,0.0,0.0
23,noise,z_sd,0.08,0.0,2.7364194385325056,0.0,0.0
23,noise,z_sd,0.16,0.0,2.7364194385325056,0.0,0.0
23,noise,z_sd,0.32,0.0,2.7364194385325056,0.0,0.0
23,noise,z_sd,0.64,0.0,2.7364194385325056,0.0,0.0
23,noise,z_sd,1.28,0.0,2.7364194385325056,0.0,0.0
23,noise,z_sd,2.56,0.0,2.7364194385325056,0.0,0.0
23,noise,z_sd,5.12,0.0,2.7364194385325056,0.0,0.0
23,noise,z_sd,10.24,0.0,2.7364194385325056,0.0,0.0
23,noise,z_sd,20.48,0.0,2.7364194385325056,0.0,0.0
23,random,alpha,0.25,0.0,2.866576577553538,0.0,0.0
23,random,alpha,0.5,0.0,2.866576577553538,0.0,0.0
23,random,alpha,1.0,0.0,2.866576577553538,0.0,0.0
23,random,alpha,2.0,0.0,2.866576577553538,0.0,0.0
23,random,alpha,4.0,0.0,2.866576577553538,0.0,0.0
23,random,alpha,8.0,0.0,2.866576577553538,0.0,0.0
23,random,alpha,16.0,0.0,2.866576577553538,0.0,0.0
23,random,alpha,32.0,0.0,2.866576577553538,0.0,0.0
23,random,alpha,64.0,0.0,2.866576577553538,0.0,0.0
23,random,alpha,128.0,0.0,2.866576577553538,0.0,0.0
23,random,z_mad,0.01,0.0,2.866576577553538,0.0,0.0
23,random,z_mad,0.02,0.0,2.866576577553538,0.0,0.0
23,random,z_mad,0.04,0.0,2.866576577553538,0.0,0.0
23,random,z_mad,0.08,0.0,2.866576577553538,0.0,0.0
23,random,z_mad,0.16,0.0,2.866576577553538,0.0,0.0
23,random,z_mad,0.32,0.0,2.866576577553538,0.0,0.0
23,random,z_mad,0.64,0.0,2.866576577553538,0.0,0.0
23,random,z_mad,1.28,0.0,2.866576577553538,0.0,0.0
23,random,z_mad,2.56,0.0,2.866576577553538,0.0,0.0
23,random,z_mad,5.12,0.0,2.866576577553538,0.0,0.0
23,random,z_mad,10.24,0.0,2.866576577553538,0.0,0.0
23,random,z_mad,20.48,0.0,2.866576577553538,0.0,0.0
23,random,z_sd,0.01,0.0,2.866576577553538,0.0,0.0
23,random,z_sd,0.02,0.0,2.866576577553538,0.0,0.0
23,random,z_sd,0.04,0.0,2.866576577553538,0.0,0.0
23,random,z_sd,0.08,0.0,2.866576577553538,0.0,0.0
23,random,z_sd,0.16,0.0,2.866576577553538,0.0,0.0
23,random,z_sd,0.32,0.0,2.866576577553538,0.0,0.0
23,random,z_sd,0.64,0.0,2.866576577553538,0.0,0.0
23,random,z_sd,1.28,0.0,2.866576577553538,0.0,0.0
23,random,z_sd,2.56,0.0,2.866576577553538,0.0,0.0
23,random,z_sd,5.12,0.0,2.866576577553538,0.0,0.0
23,random,z_sd,10.24,0.0,2.866576577553538,0.0,0.0
23,random,z_sd,20.48,0.0,2.866576577553538,0.0,0.0
24,concept,alpha,0.25,0.0,3.2275758330035513,0.0,0.0
24,concept,alpha,0.5,0.0,3.2275758330035513,0.0,0.0
24,concept,alpha,1.0,0.0,3.2275758330035513,0.0,0.0
24,concept,alpha,2.0,0.0,3.2275758330035513,0.0,0.0
24,concept,alpha,4.0,0.0,3.2275758330035513,0.0,0.0
24,concept,alpha,8.0,0.0,3.2275758330035513,0.0,0.0
24,concept,alpha,16.0,0.0,3.2275758330035513,0.0,0.0
24,concept,alpha,32.0,0.0,3.2275758330035513,0.0,0.0
24,concept,alpha,64.0,0.0,3.2275758330035513,0.0,0.0
24,concept,alpha,128.0,0.0,3.2275758330035513,0.0,0.0
24,concept,z_mad,0.01,0.0,3.2275758330035513,0.0,0.0
24,concept,z_mad,0.02,0.0,3.2275758330035513,0.0,0.0
24,concept,z_mad,0.04,0.0,3.2275758330035513,0.0,0.0
24,concept,z_mad,0.08,0.0,3.2275758330035513,0.0,0.0
24,concept,z_mad,0.16,0.0,3.2275758330035513,0.0,0.0
24,concept,z_mad,0.32,0.0,3.2275758330035513,0.0,0.0
24,concept,z_mad,0.64,0.0,3.2275758330035513,0.0,0.0
24,concept,z_mad,1.28,0.0,3.2275758330035513,0.0,0.0
24,concept,z_mad,2.56,0.0,3.2275758330035513,0.0,0.0
24,concept,z_mad,5.12,0.0,3.2275758330035513,0.0,0.0
24,concept,z_mad,10.24,0.0,3.2275758330035513,0.0,0.0
24,concept,z_mad,20.48,0.0,3.2275758330035513,0.0,0.0
24,concept,z_sd,0.01,0.0,3.2275758330035513,0.0,0.0
24,concept,z_sd,0.02,0.0,3.2275758330035513,0.0,0.0
24,concept,z_sd,0.04,0.0,3.2275758330035513,0.0,0.0
24,concept,z_sd,0.08,0.0,3.2275758330035513,0.0,0.0
24,concept,z_sd,0.16,0.0,3.2275758330035513,0.0,0.0
24,concept,z_sd,0.32,0.0,3.2275758330035513,0.0,0.0
24,concept,z_sd,0.64,0.0,3.2275758330035513,0.0,0.0
24,concept,z_sd,1.28,0.0,3.2275758330035513,0.0,0.0
24,concept,z_sd,2.56,0.0,3.2275758330035513,0.0,0.0
24,concept,z_sd,5.12,0.0,3.2275758330035513,0.0,0.0
24,concept,z_sd,10.24,0.0,3.2275758330035513,0.0,0.0
24,concept,z_sd,20.48,0.0,3.2275758330035513,0.0,0.0
24,dropout,alpha,0.25,0.0,2.7364194385325056,0.0,0.0
24,dropout,alpha,0.5,0.0,2.7364194385325056,0.0,0.0
24,dropout,alpha,1.0,0.0,2.7364194385325056,0.0,0.0
24,dropout,alpha,2.0,0.0,2.7364194385325056,0.0,0.0
24,dropout,alpha,4.0,0.0,2.7364194385325056,0.0,0.0
24,dropout,alpha,8.0,0.0,2.7364194385325056,0.0,0.0
24,dropout,alpha,16.0,0.0,2.7364194385325056,0.0,0.0
24,dropout,alpha,32.0,0.0,2.7364194385325056,0.0,0.0
24,dropout,alpha,64.0,0.0,2.7364194385325056,0.0,0.0
24,dropout,alpha,128.0,0.0,2.7364194385325056,0.0,0.0
24,dropout,z_mad,0.01,0.0,2.7364194385325056,0.0,0.0
24,dropout,z_mad,0.02,0.0,2.7364194385325056,0.0,0.0
24,dropout,z_mad,0.04,0.0,2.7364194385325056,0.0,0.0
24,dropout,z_mad,0.08,0.0,2.7364194385325056,0.0,0.0
24,dropout,z_mad,0.16,0.0,2.7364194385325056,0.0,0.0
24,dropout,z_mad,0.32,0.0,2.7364194385325056,0.0,0.0
24,dropout,z_mad,0.64,0.0,2.7364194385325056,0.0,0.0
24,dropout,z_mad,1.28,0.0,2.7364194385325056,0.0,0.0
24,dropout,z_mad,2.56,0.0,2.7364194385325056,0.0,0.0
24,dropout,z_mad,5.12,0.0,2.7364194385325056,0.0,0.0
24,dropout,z_mad,10.24,0.0,2.7364194385325056,0.0,0.0
24,dropout,z_mad,20.48,0.0,2.7364194385325056,0.0,0.0
24,dropout,z_sd,0.01,0.0,2.7364194385325056,0.0,0.0
24,dropout,z_sd,0.02,0.0,2.7364194385325056,0.0,0.0
24,dropout,z_sd,0.04,0.0,2.7364194385325056,0.0,0.0
24,dropout,z_sd,0.08,0.0,2.7364194385325056,0.0,0.0
24,dropout,z_sd,0.16,0.0,2.7364194385325056,0.0,0.0
24,dropout,z_sd,0.32,0.0,2.7364194385325056,0.0,0.0
24,dropout,z_sd,0.64,0.0,2.7364194385325056,0.0,0.0
24,dropout,z_sd,1.28,0.0,2.7364194385325056,0.0,0.0
24,dropout,z_sd,2.56,0.0,2.7364194385325056,0.0,0.0
24,dropout,z_sd,5.12,0.0,2.7364194385325056,0.0,0.0
24,dropout,z_sd,10.24,0.0,2.7364194385325056,0.0,0.0
24,dropout,z_sd,20.48,0.0,2.7364194385325056,0.0,0.0
24,noise,alpha,0.25,0.0,2.7364194385325056,0.0,0.0
24,noise,alpha,0.5,0.0,2.7364194385325056,0.0,0.0
24,noise,alpha,1.0,0.0,2.7364194385325056,0.0,0.0
24,noise,alpha,2.0,0.0,2.7364194385325056,0.0,0.0
24,noise,alpha,4.0,0.0,2.7364194385325056,0.0,0.0
24,noise,alpha,8.0,0.0,2.7364194385325056,0.0,0.0
24,noise,alpha,16.0,0.0,2.7364194385325056,0.0,0.0
24,noise,alpha,32.0,0.0,2.7364194385325056,0.0,0.0
24,noise,alpha,64.0,0.0,2.7364194385325056,0.0,0.0
24,noise,alpha,128.0,0.0,2.7364194385325056,0.0,0.0
24,noise,z_mad,0.01,0.0,2.7364194385325056,0.0,0.0
24,noise,z_mad,0.02,0.0,2.7364194385325056,0.0,0.0
24,noise,z_mad,0.04,0.0,2.7364194385325056,0.0,0.0
24,noise,z_mad,0.08,0.0,2.7364194385325056,0.0,0.0
24,noise,z_mad,0.16,0.0,2.7364194385325056,0.0,0.0
24,noise,z_mad,0.32,0.0,2.7364194385325056,0.0,0.0
24,noise,z_mad,0.64,0.0,2.7364194385325056,0.0,0.0
24,noise,z_mad,1.28,0.0,2.7364194385325056,0.0,0.0
24,noise,z_mad,2.56,0.0,2.7364194385325056,0.0,0.0
24,noise,z_mad,5.12,0.0,2.7364194385325056,0.0,0.0
24,noise,z_mad,10.24,0.0,2.7364194385325056,0.0,0.0
24,noise,z_mad,20.48,0.0,2.7364194385325056,0.0,0.0
24,noise,z_sd,0.01,0.0,2.7364194385325056,0.0,0.0
24,noise,z_sd,0.02,0.0,2.7364194385325056,0.0,0.0
24,noise,z_sd,0.04,0.0,2.7364194385325056,0.0,0.0
24,noise,z_sd,0.08,0.0,2.7364194385325056,0.0,0.0
24,noise,z_sd,0.16,0.0,2.7364194385325056,0.0,0.0
24,noise,z_sd,0.32,0.0,2.7364194385325056,0.0,0.0
24,noise,z_sd,0.64,0.0,2.7364194385325056,0.0,0.0
24,noise,z_sd,1.28,0.0,2.7364194385325056,0.0,0.0
24,noise,z_sd,2.56,0.0,2.7364194385325056,0.0,0.0
24,noise,z_sd,5.12,0.0,2.7364194385325056,0.0,0.0
24,noise,z_sd,10.24,0.0,2.7364194385325056,0.0,0.0
24,noise,z_sd,20.48,0.0,2.7364194385325056,0.0,0.0
24,random,alpha,0.25,0.0,2.866576577553538,0.0,0.0
24,random,alpha,0.5,0.0,2.866576577553538,0.0,0.0
24,random,alpha,1.0,0.0,2.866576577553538,0.0,0.0
24,random,alpha,2.0,0.0,2.866576577553538,0.0,0.0
24,random,alpha,4.0,0.0,2.866576577553538,0.0,0.0
24,random,alpha,8.0,0.0,2.866576577553538,0.0,0.0
24,random,alpha,16.0,0.0,2.866576577553538,0.0,0.0
24,random,alpha,32.0,0.0,2.866576577553538,0.0,0.0
24,random,alpha,64.0,0.0,2.866576577553538,0.0,0.0
24,random,alpha,128.0,0.0,2.866576577553538,0.0,0.0
24,random,z_mad,0.01,0.0,2.866576577553538,0.0,0.0
24,random,z_mad,0.02,0.0,2.866576577553538,0.0,0.0
24,random,z_mad,0.04,0.0,2.866576577553538,0.0,0.0
24,random,z_mad,0.08,0.0,2.866576577553538,0.0,0.0
24,random,z_mad,0.16,0.0,2.866576577553538,0.0,0.0
24,random,z_mad,0.32,0.0,2.866576577553538,0.0,0.0
24,random,z_mad,0.64,0.0,2.866576577553538,0.0,0.0
24,random,z_mad,1.28,0.0,2.866576577553538,0.0,0.0
24,random,z_mad,2.56,0.0,2.866576577553538,0.0,0.0
24,random,z_mad,5.12,0.0,2.866576577553538,0.0,0.0
24,random,z_mad,10.24,0.0,2.866576577553538,0.0,0.0
24,random,z_mad,20.48,0.0,2.866576577553538,0.0,0.0
24,random,z_sd,0.01,0.0,2.866576577553538,0.0,0.0
24,random,z_sd,0.02,0.0,2.866576577553538,0.0,0.0
24,random,z_sd,0.04,0.0,2.866576577553538,0.0,0.0
24,random,z_sd,0.08,0.0,2.866576577553538,0.0,0.0
24,random,z_sd,0.16,0.0,2.866576577553538,0.0,0.0
24,random,z_sd,0.32,0.0,2.866576577553538,0.0,0.0
24,random,z_sd,0.64,0.0,2.866576577553538,0.0,0.0
24,random,z_sd,1.28,0.0,2.866576577553538,0.0,0.0
24,random,z_sd,2.56,0.0,2.866576577553538,0.0,0.0
24,random,z_sd,5.12,0.0,2.866576577553538,0.0,0.0
24,random,z_sd,10.24,0.0,2.866576577553538,0.0,0.0
24,random,z_sd,20.48,0.0,2.866576577553538,0.0,0.0
25,concept,alpha,0.25,0.0,3.2275758330035513,0.0,0.0
25,concept,alpha,0.5,0.0,3.2275758330035513,0.0,0.0
25,concept,alpha,1.0,0.0,3.2275758330035513,0.0,0.0
25,concept,alpha,2.0,0.0,3.2275758330035513,0.0,0.0
25,concept,alpha,4.0,0.0,3.2275758330035513,0.0,0.0
25,concept,alpha,8.0,0.0,3.2275758330035513,0.0,0.0
25,concept,alpha,16.0,0.0,3.2275758330035513,0.0,0.0
25,concept,alpha,32.0,0.0,3.2275758330035513,0.0,0.0
25,concept,alpha,64.0,0.0,3.2275758330035513,0.0,0.0
25,concept,alpha,128.0,0.0,3.2275758330035513,0.0,0.0
25,concept,z_mad,0.01,0.0,3.2275758330035513,0.0,0.0
25,concept,z_mad,0.02,0.0,3.2275758330035513,0.0,0.0
25,concept,z_mad,0.04,0.0,3.2275758330035513,0.0,0.0
25,concept,z_mad,0.08,0.0,3.2275758330035513,0.0,0.0
25,concept,z_mad,0.16,0.0,3.2275758330035513,0.0,0.0
25,concept,z_mad,0.32,0.0,3.2275758330035513,0.0,0.0
25,concept,z_mad,0.64,0.0,3.2275758330035513,0.0,0.0
25,concept,z_mad,1.28,0.0,3.2275758330035513,0.0,0.0
25,concept,z_mad,2.56,0.0,3.2275758330035513,0.0,0.0
25,concept,z_mad,5.12,0.0,3.2275758330035513,0.0,0.0
25,concept,z_mad,10.24,0.0,3.2275758330035513,0.0,0.0
25,concept,z_mad,20.48,0.0,3.2275758330035513,0.0,0.0
25,concept,z_sd,0.01,0.0,3.2275758330035513,0.0,0.0
25,concept,z_sd,0.02,0.0,3.2275758330035513,0.0,0.0
25,concept,z_sd,0.04,0.0,3.2275758330035513,0.0,0.0
25,concept,z_sd,0.08,0.0,3.2275758330035513,0.0,0.0
25,concept,z_sd,0.16,0.0,3.2275758330035513,0.0,0.0
25,concept,z_sd,0.32,0.0,3.2275758330035513,0.0,0.0
25,concept,z_sd,0.64,0.0,3.2275758330035513,0.0,0.0
25,concept,z_sd,1.28,0.0,3.2275758330035513,0.0,0.0
25,concept,z_sd,2.56,0.0,3.2275758330035513,0.0,0.0
25,concept,z_sd,5.12,0.0,3.2275758330035513,0.0,0.0
25,concept,z_sd,10.24,0.0,3.2275758330035513,0.0,0.0
25,concept,z_sd,20.48,0.0,3.2275758330035513,0.0,0.0
25,dropout,alpha,0.25,0.0,2.7364194385325056,0.0,0.0
25,dropout,alpha,0.5,0.0,2.7364194385325056,0.0,0.0
25,dropout,alpha,1.0,0.0,2.7364194385325056,0.0,0.0
25,dropout,alpha,2.0,0.0,2.7364194385325056,0.0,0.0
25,dropout,alpha,4.0,0.0,2.7364194385325056,0.0,0.0
25,dropout,alpha,8.0,0.0,2.7364194385325056,0.0,0.0
25,dropout,alpha,16.0,0.0,2.7364194385325056,0.0,0.0
25,dropout,alpha,32.0,0.0,2.7364194385325056,0.0,0.0
25,dropout,alpha,64.0,0.0,2.7364194385325056,0.0,0.0
25,dropout,alpha,128.0,0.0,2.7364194385325056,0.0,0.0
25,dropout,z_mad,0.01,0.0,2.7364194385325056,0.0,0.0
25,dropout,z_mad,0.02,0.0,2.7364194385325056,0.0,0.0
25,dropout,z_mad,0.04,0.0,2.7364194385325056,0.0,0.0
25,dropout,z_mad,0.08,0.0,2.7364194385325056,0.0,0.0
25,dropout,z_mad,0.16,0.0,2.7364194385325056,0.0,0.0
25,dropout,z_mad,0.32,0.0,2.7364194385325056,0.0,0.0
25,dropout,z_mad,0.64,0.0,2.7364194385325056,0.0,0.0
25,dropout,z_mad,1.28,0.0,2.7364194385325056,0.0,0.0
25,dropout,z_mad,2.56,0.0,2.7364194385325056,0.0,0.0
25,dropout,z_mad,5.12,0.0,2.7364194385325056,0.0,0.0
25,dropout,z_mad,10.24,0.0,2.7364194385325056,0.0,0.0
25,dropout,z_mad,20.48,0.0,2.7364194385325056,0.0,0.0
25,dropout,z_sd,0.01,0.0,2.7364194385325056,0.0,0.0
25,dropout,z_sd,0.02,0.0,2.7364194385325056,0.0,0.0
25,dropout,z_sd,0.04,0.0,2.7364194385325056,0.0,0.0
25,dropout,z_sd,0.08,0.0,2.7364194385325056,0.0,0.0
25,dropout,z_sd,0.16,0.0,2.7364194385325056,0.0,0.0
25,dropout,z_sd,0.32,0.0,2.7364194385325056,0.0,0.0
25,dropout,z_sd,0.64,0.0,2.7364194385325056,0.0,0.0
25,dropout,z_sd,1.28,0.0,2.7364194385325056,0.0,0.0
25,dropout,z_sd,2.56,0.0,2.7364194385325056,0.0,0.0
25,dropout,z_sd,5.12,0.0,2.7364194385325056,0.0,0.0
25,dropout,z_sd,10.24,0.0,2.7364194385325056,0.0,0.0
25,dropout,z_sd,20.48,0.0,2.7364194385325056,0.0,0.0
25,noise,alpha,0.25,0.0,2.7364194385325056,0.0,0.0
25,noise,alpha,0.5,0.0,2.7364194385325056,0.0,0.0
25,noise,alpha,1.0,0.0,2.7364194385325056,0.0,0.0
25,noise,alpha,2.0,0.0,2.7364194385325056,0.0,0.0
25,noise,alpha,4.0,0.0,2.7364194385325056,0.0,0.0
25,noise,alpha,8.0,0.0,2.7364194385325056,0.0,0.0
25,noise,alpha,16.0,0.0,2.7364194385325056,0.0,0.0
25,noise,alpha,32.0,0.0,2.7364194385325056,0.0,0.0
25,noise,alpha,64.0,0.0,2.7364194385325056,0.0,0.0
25,noise,alpha,128.0,0.0,2.7364194385325056,0.0,0.0
25,noise,z_mad,0.01,0.0,2.7364194385325056,0.0,0.0
25,noise,z_mad,0.02,0.0,2.7364194385325056,0.0,0.0
25,noise,z_mad,0.04,0.0,2.7364194385325056,0.0,0.0
25,noise,z_mad,0.08,0.0,2.7364194385325056,0.0,0.0
25,noise,z_mad,0.16,0.0,2.7364194385325056,0.0,0.0
25,noise,z_mad,0.32,0.0,2.7364194385325056,0.0,0.0
25,noise,z_mad,0.64,0.0,2.7364194385325056,0.0,0.0
25,noise,z_mad,1.28,0.0,2.7364194385325056,0.0,0.0
25,noise,z_mad,2.56,0.0,2.7364194385325056,0.0,0.0
25,noise,z_mad,5.12,0.0,2.7364194385325056,0.0,0.0
25,noise,z_mad,10.24,0.0,2.7364194385325056,0.0,0.0
25,noise,z_mad,20.48,0.0,2.7364194385325056,0.0,0.0
25,noise,z_sd,0.01,0.0,2.7364194385325056,0.0,0.0
25,noise,z_sd,0.02,0.0,2.7364194385325056,0.0,0.0
25,noise,z_sd,0.04,0.0,2.7364194385325056,0.0,0.0
25,noise,z_sd,0.08,0.0,2.7364194385325056,0.0,0.0
25,noise,z_sd,0.16,0.0,2.7364194385325056,0.0,0.0
25,noise,z_sd,0.32,0.0,2.7364194385325056,0.0,0.0
25,noise,z_sd,0.64,0.0,2.7364194385325056,0.0,0.0
25,noise,z_sd,1.28,0.0,2.7364194385325056,0.0,0.0
25,noise,z_sd,2.56,0.0,2.7364194385325056,0.0,0.0
25,noise,z_sd,5.12,0.0,2.7364194385325056,0.0,0.0
25,noise,z_sd,10.24,0.0,2.7364194385325056,0.0,0.0
25,noise,z_sd,20.48,0.0,2.7364194385325056,0.0,0.0
25,random,alpha,0.25,0.0,2.866576577553538,0.0,0.0
25,random,alpha,0.5,0.0,2.866576577553538,0.0,0.0
25,random,alpha,1.0,0.0,2.866576577553538,0.0,0.0
25,random,alpha,2.0,0.0,2.866576577553538,0.0,0.0
25,random,alpha,4.0,0.0,2.866576577553538,0.0,0.0
25,random,alpha,8.0,0.0,2.866576577553538,0.0,0.0
25,random,alpha,16.0,0.0,2.866576577553538,0.0,0.0
25,random,alpha,32.0,0.0,2.866576577553538,0.0,0.0
25,random,alpha,64.0,0.0,2.866576577553538,0.0,0.0
25,random,alpha,128.0,0.0,2.866576577553538,0.0,0.0
25,random,z_mad,0.01,0.0,2.866576577553538,0.0,0.0
25,random,z_mad,0.02,0.0,2.866576577553538,0.0,0.0
25,random,z_mad,0.04,0.0,2.866576577553538,0.0,0.0
25,random,z_mad,0.08,0.0,2.866576577553538,0.0,0.0
25,random,z_mad,0.16,0.0,2.866576577553538,0.0,0.0
25,random,z_mad,0.32,0.0,2.866576577553538,0.0,0.0
25,random,z_mad,0.64,0.0,2.866576577553538,0.0,0.0
25,random,z_mad,1.28,0.0,2.866576577553538,0.0,0.0
25,random,z_mad,2.56,0.0,2.866576577553538,0.0,0.0
25,random,z_mad,5.12,0.0,2.866576577553538,0.0,0.0
25,random,z_mad,10.24,0.0,2.866576577553538,0.0,0.0
25,random,z_mad,20.48,0.0,2.866576577553538,0.0,0.0
25,random,z_sd,0.01,0.0,2.866576577553538,0.0,0.0
25,random,z_sd,0.02,0.0,2.866576577553538,0.0,0.0
25,random,z_sd,0.04,0.0,2.866576577553538,0.0,0.0
25,random,z_sd,0.08,0.0,2.866576577553538,0.0,0.0
25,random,z_sd,0.16,0.0,2.866576577553538,0.0,0.0
25,random,z_sd,0.32,0.0,2.866576577553538,0.0,0.0
25,random,z_sd,0.64,0.0,2.866576577553538,0.0,0.0
25,random,z_sd,1.28,0.0,2.866576577553538,0.0,0.0
25,random,z_sd,2.56,0.0,2.866576577553538,0.0,0.0
25,random,z_sd,5.12,0.0,2.866576577553538,0.0,0.0
25,random,z_sd,10.24,0.0,2.866576577553538,0.0,0.0
25,random,z_sd,20.48,0.0,2.866576577553538,0.0,0.0
26,concept,alpha,0.25,0.0,3.2275758330035513,0.0,0.0
26,concept,alpha,0.5,0.0,3.2275758330035513,0.0,0.0
26,concept,alpha,1.0,0.0,3.2275758330035513,0.0,0.0
26,concept,alpha,2.0,0.0,3.2275758330035513,0.0,0.0
26,concept,alpha,4.0,0.0,3.2275758330035513,0.0,0.0
26,concept,alpha,8.0,0.0,3.2275758330035513,0.0,0.0
26,concept,alpha,16.0,0.0,3.2275758330035513,0.0,0.0
26,concept,alpha,32.0,0.0,3.2275758330035513,0.0,0.0
26,concept,alpha,64.0,0.0,3.2275758330035513,0.0,0.0
26,concept,alpha,128.0,0.0,3.2275758330035513,0.0,0.0
26,concept,z_mad,0.01,0.0,3.2275758330035513,0.0,0.0
26,concept,z_mad,0.02,0.0,3.2275758330035513,0.0,0.0
26,concept,z_mad,0.04,0.0,3.2275758330035513,0.0,0.0
26,concept,z_mad,0.08,0.0,3.2275758330035513,0.0,0.0
26,concept,z_mad,0.16,0.0,3.2275758330035513,0.0,0.0
26,concept,z_mad,0.32,0.0,3.2275758330035513,0.0,0.0
26,concept,z_mad,0.64,0.0,3.2275758330035513,0.0,0.0
26,concept,z_mad,1.28,0.0,3.2275758330035513,0.0,0.0
26,concept,z_mad,2.56,0.0,3.2275758330035513,0.0,0.0
26,concept,z_mad,5.12,0.0,3.2275758330035513,0.0,0.0
26,concept,z_mad,10.24,0.0,3.2275758330035513,0.0,0.0
26,concept,z_mad,20.48,0.0,3.2275758330035513,0.0,0.0
26,concept,z_sd,0.01,0.0,3.2275758330035513,0.0,0.0
26,concept,z_sd,0.02,0.0,3.2275758330035513,0.0,0.0
26,concept,z_sd,0.04,0.0,3.2275758330035513,0.0,0.0
26,concept,z_sd,0.08,0.0,3.2275758330035513,0.0,0.0
26,concept,z_sd,0.16,0.0,3.2275758330035513,0.0,0.0
26,concept,z_sd,0.32,0.0,3.2275758330035513,0.0,0.0
26,concept,z_sd,0.64,0.0,3.2275758330035513,0.0,0.0
26,concept,z_sd,1.28,0.0,3.2275758330035513,0.0,0.0
26,concept,z_sd,2.56,0.0,3.2275758330035513,0.0,0.0
26,concept,z_sd,5.12,0.0,3.2275758330035513,0.0,0.0
26,concept,z_sd,10.24,0.0,3.2275758330035513,0.0,0.0
26,concept,z_sd,20.48,0.0,3.2275758330035513,0.0,0.0
26,dropout,alpha,0.25,0.0,2.7364194385325056,0.0,0.0
26,dropout,alpha,0.5,0.0,2.7364194385325056,0.0,0.0
26,dropout,alpha,1.0,0.0,2.7364194385325056,0.0,0.0
26,dropout,alpha,2.0,0.0,2.7364194385325056,0.0,0.0
26,dropout,alpha,4.0,0.0,2.7364194385325056,0.0,0.0
26,dropout,alpha,8.0,0.0,2.7364194385325056,0.0,0.0
26,dropout,alpha,16.0,0.0,2.7364194385325056,0.0,0.0
26,dropout,alpha,32.0,0.0,2.7364194385325056,0.0,0.0
26,dropout,alpha,64.0,0.0,2.7364194385325056,0.0,0.0
26,dropout,alpha,128.0,0.0,2.7364194385325056,0.0,0.0
26,dropout,z_mad,0.01,0.0,2.7364194385325056,0.0,0.0
26,dropout,z_mad,0.02,0.0,2.7364194385325056,0.0,0.0
26,dropout,z_mad,0.04,0.0,2.7364194385325056,0.0,0.0
26,dropout,z_mad,0.08,0.0,2.7364194385325056,0.0,0.0
26,dropout,z_mad,0.16,0.0,2.7364194385325056,0.0,0.0
26,dropout,z_mad,0.32,0.0,2.7364194385325056,0.0,0.0
26,dropout,z_mad,0.64,0.0,2.7364194385325056,0.0,0.0
26,dropout,z_mad,1.28,0.0,2.7364194385325056,0.0,0.0
26,dropout,z_mad,2.56,0.0,2.7364194385325056,0.0,0.0
26,dropout,z_mad,5.12,0.0,2.7364194385325056,0.0,0.0
26,dropout,z_mad,10.24,0.0,2.7364194385325056,0.0,0.0
26,dropout,z_mad,20.48,0.0,2.7364194385325056,0.0,0.0
26,dropout,z_sd,0.01,0.0,2.7364194385325056,0.0,0.0
26,dropout,z_sd,0.02,0.0,2.7364194385325056,0.0,0.0
26,dropout,z_sd,0.04,0.0,2.7364194385325056,0.0,0.0
26,dropout,z_sd,0.08,0.0,2.7364194385325056,0.0,0.0
26,dropout,z_sd,0.16,0.0,2.7364194385325056,0.0,0.0
26,dropout,z_sd,0.32,0.0,2.7364194385325056,0.0,0.0
26,dropout,z_sd,0.64,0.0,2.7364194385325056,0.0,0.0
26,dropout,z_sd,1.28,0.0,2.7364194385325056,0.0,0.0
26,dropout,z_sd,2.56,0.0,2.7364194385325056,0.0,0.0
26,dropout,z_sd,5.12,0.0,2.7364194385325056,0.0,0.0
26,dropout,z_sd,10.24,0.0,2.7364194385325056,0.0,0.0
26,dropout,z_sd,20.48,0.0,2.7364194385325056,0.0,0.0
26,noise,alpha,0.25,0.0,2.7364194385325056,0.0,0.0
26,noise,alpha,0.5,0.0,2.7364194385325056,0.0,0.0
26,noise,alpha,1.0,0.0,2.7364194385325056,0.0,0.0
26,noise,alpha,2.0,0.0,2.7364194385325056,0.0,0.0
26,noise,alpha,4.0,0.0,2.7364194385325056,0.0,0.0
26,noise,alpha,8.0,0.0,2.7364194385325056,0.0,0.0
26,noise,alpha,16.0,0.0,2.7364194385325056,0.0,0.0
26,noise,alpha,32.0,0.0,2.7364194385325056,0.0,0.0
26,noise,alpha,64.0,0.0,2.7364194385325056,0.0,0.0
26,noise,alpha,128.0,0.0,2.7364194385325056,0.0,0.0
26,noise,z_mad,0.01,0.0,2.7364194385325056,0.0,0.0
26,noise,z_mad,0.02,0.0,2.7364194385325056,0.0,0.0
26,noise,z_mad,0.04,0.0,2.7364194385325056,0.0,0.0
26,noise,z_mad,0.08,0.0,2.7364194385325056,0.0,0.0
26,noise,z_mad,0.16,0.0,2.7364194385325056,0.0,0.0
26,noise,z_mad,0.32,0.0,2.7364194385325056,0.0,0.0
26,noise,z_mad,0.64,0.0,2.7364194385325056,0.0,0.0
26,noise,z_mad,1.28,0.0,2.7364194385325056,0.0,0.0
26,noise,z_mad,2.56,0.0,2.7364194385325056,0.0,0.0
26,noise,z_mad,5.12,0.0,2.7364194385325056,0.0,0.0
26,noise,z_mad,10.24,0.0,2.7364194385325056,0.0,0.0
26,noise,z_mad,20.48,0.0,2.7364194385325056,0.0,0.0
26,noise,z_sd,0.01,0.0,2.7364194385325056,0.0,0.0
26,noise,z_sd,0.02,0.0,2.7364194385325056,0.0,0.0
26,noise,z_sd,0.04,0.0,2.7364194385325056,0.0,0.0
26,noise,z_sd,0.08,0.0,2.7364194385325056,0.0,0.0
26,noise,z_sd,0.16,0.0,2.7364194385325056,0.0,0.0
26,noise,z_sd,0.32,0.0,2.7364194385325056,0.0,0.0
26,noise,z_sd,0.64,0.0,2.7364194385325056,0.0,0.0
26,noise,z_sd,1.28,0.0,2.7364194385325056,0.0,0.0
26,noise,z_sd,2.56,0.0,2.7364194385325056,0.0,0.0
26,noise,z_sd,5.12,0.0,2.7364194385325056,0.0,0.0
26,noise,z_sd,10.24,0.0,2.7364194385325056,0.0,0.0
26,noise,z_sd,20.48,0.0,2.7364194385325056,0.0,0.0
26,random,alpha,0.25,0.0,2.866576577553538,0.0,0.0
26,random,alpha,0.5,0.0,2.866576577553538,0.0,0.0
26,random,alpha,1.0,0.0,2.866576577553538,0.0,0.0
26,random,alpha,2.0,0.0,2.866576577553538,0.0,0.0
26,random,alpha,4.0,0.0,2.866576577553538,0.0,0.0
26,random,alpha,8.0,0.0,2.866576577553538,0.0,0.0
26,random,alpha,16.0,0.0,2.866576577553538,0.0,0.0
26,random,alpha,32.0,0.0,2.866576577553538,0.0,0.0
26,random,alpha,64.0,0.0,2.866576577553538,0.0,0.0
26,random,alpha,128.0,0.0,2.866576577553538,0.0,0.0
26,random,z_mad,0.01,0.0,2.866576577553538,0.0,0.0
26,random,z_mad,0.02,0.0,2.866576577553538,0.0,0.0
26,random,z_mad,0.04,0.0,2.866576577553538,0.0,0.0
26,random,z_mad,0.08,0.0,2.866576577553538,0.0,0.0
26,random,z_mad,0.16,0.0,2.866576577553538,0.0,0.0
26,random,z_mad,0.32,0.0,2.866576577553538,0.0,0.0
26,random,z_mad,0.64,0.0,2.866576577553538,0.0,0.0
26,random,z_mad,1.28,0.0,2.866576577553538,0.0,0.0
26,random,z_mad,2.56,0.0,2.866576577553538,0.0,0.0
26,random,z_mad,5.12,0.0,2.866576577553538,0.0,0.0
26,random,z_mad,10.24,0.0,2.866576577553538,0.0,0.0
26,random,z_mad,20.48,0.0,2.866576577553538,0.0,0.0
26,random,z_sd,0.01,0.0,2.866576577553538,0.0,0.0
26,random,z_sd,0.02,0.0,2.866576577553538,0.0,0.0
26,random,z_sd,0.04,0.0,2.866576577553538,0.0,0.0
26,random,z_sd,0.08,0.0,2.866576577553538,0.0,0.0
26,random,z_sd,0.16,0.0,2.866576577553538,0.0,0.0
26,random,z_sd,0.32,0.0,2.866576577553538,0.0,0.0
26,random,z_sd,0.64,0.0,2.866576577553538,0.0,0.0
26,random,z_sd,1.28,0.0,2.866576577553538,0.0,0.0
26,random,z_sd,2.56,0.0,2.866576577553538,0.0,0.0
26,random,z_sd,5.12,0.0,2.866576577553538,0.0,0.0
26,random,z_sd,10.24,0.0,2.866576577553538,0.0,0.0
26,random,z_sd,20.48,0.0,2.866576577553538,0.0,0.0
27,concept,alpha,0.25,0.0,3.2275758330035513,0.0,0.0
27,concept,alpha,0.5,0.0,3.2275758330035513,0.0,0.0
27,concept,alpha,1.0,0.0,3.2275758330035513,0.0,0.0
27,concept,alpha,2.0,0.0,3.2275758330035513,0.0,0.0
27,concept,alpha,4.0,0.0,3.2275758330035513,0.0,0.0
27,concept,alpha,8.0,0.0,3.2275758330035513,0.0,0.0
27,concept,alpha,16.0,0.0,3.2275758330035513,0.0,0.0
27,concept,alpha,32.0,0.0,3.2275758330035513,0.0,0.0
27,concept,alpha,64.0,0.0,3.2275758330035513,0.0,0.0
27,concept,alpha,128.0,0.0,3.2275758330035513,0.0,0.0
27,concept,z_mad,0.01,0.0,3.2275758330035513,0.0,0.0
27,concept,z_mad,0.02,0.0,3.2275758330035513,0.0,0.0
27,concept,z_mad,0.04,0.0,3.2275758330035513,0.0,0.0
27,concept,z_mad,0.08,0.0,3.2275758330035513,0.0,0.0
27,concept,z_mad,0.16,0.0,3.2275758330035513,0.0,0.0
27,concept,z_mad,0.32,0.0,3.2275758330035513,0.0,0.0
27,concept,z_mad,0.64,0.0,3.2275758330035513,0.0,0.0
27,concept,z_mad,1.28,0.0,3.2275758330035513,0.0,0.0
27,concept,z_mad,2.56,0.0,3.2275758330035513,0.0,0.0
27,concept,z_mad,5.12,0.0,3.2275758330035513,0.0,0.0
27,concept,z_mad,10.24,0.0,3.2275758330035513,0.0,0.0
27,concept,z_mad,20.48,0.0,3.2275758330035513,0.0,0.0
27,concept,z_sd,0.01,0.0,3.2275758330035513,0.0,0.0
27,concept,z_sd,0.02,0.0,3.2275758330035513,0.0,0.0
27,concept,z_sd,0.04,0.0,3.2275758330035513,0.0,0.0
27,concept,z_sd,0.08,0.0,3.2275758330035513,0.0,0.0
27,concept,z_sd,0.16,0.0,3.2275758330035513,0.0,0.0
27,concept,z_sd,0.32,0.0,3.2275758330035513,0.0,0.0
27,concept,z_sd,0.64,0.0,3.2275758330035513,0.0,0.0
27,concept,z_sd,1.28,0.0,3.2275758330035513,0.0,0.0
27,concept,z_sd,2.56,0.0,3.2275758330035513,0.0,0.0
27,concept,z_sd,5.12,0.0,3.2275758330035513,0.0,0.0
27,concept,z_sd,10.24,0.0,3.2275758330035513,0.0,0.0
27,concept,z_sd,20.48,0.0,3.2275758330035513,0.0,0.0
27,dropout,alpha,0.25,0.0,2.7364194385325056,0.0,0.0
27,dropout,alpha,0.5,0.0,2.7364194385325056,0.0,0.0
27,dropout,alpha,1.0,0.0,2.7364194385325056,0.0,0.0
27,dropout,alpha,2.0,0.0,2.7364194385325056,0.0,0.0
27,dropout,alpha,4.0,0.0,2.7364194385325056,0.0,0.0
27,dropout,alpha,8.0,0.0,2.7364194385325056,0.0,0.0
27,dropout,alpha,16.0,0.0,2.7364194385325056,0.0,0.0
27,dropout,alpha,32.0,0.0,2.7364194385325056,0.0,0.0
27,dropout,alpha,64.0,0.0,2.7364194385325056,0.0,0.0
27,dropout,alpha,128.0,0.0,2.7364194385325056,0.0,0.0
27,dropout,z_mad,0.01,0.0,2.7364194385325056,0.0,0.0
27,dropout,z_mad,0.02,0.0,2.7364194385325056,0.0,0.0
27,dropout,z_mad,0.04,0.0,2.7364194385325056,0.0,0.0
27,dropout,z_mad,0.08,0.0,2.7364194385325056,0.0,0.0
27,dropout,z_mad,0.16,0.0,2.7364194385325056,0.0,0.0
27,dropout,z_mad,0.32,0.0,2.7364194385325056,0.0,0.0
27,dropout,z_mad,0.64,0.0,2.7364194385325056,0.0,0.0
27,dropout,z_mad,1.28,0.0,2.7364194385325056,0.0,0.0
27,dropout,z_mad,2.56,0.0,2.7364194385325056,0.0,0.0
27,dropout,z_mad,5.12,0.0,2.7364194385325056,0.0,0.0
27,dropout,z_mad,10.24,0.0,2.7364194385325056,0.0,0.0
27,dropout,z_mad,20.48,0.0,2.7364194385325056,0.0,0.0
27,dropout,z_sd,0.01,0.0,2.7364194385325056,0.0,0.0
27,dropout,z_sd,0.02,0.0,2.7364194385325056,0.0,0.0
27,dropout,z_sd,0.04,0.0,2.7364194385325056,0.0,0.0
27,dropout,z_sd,0.08,0.0,2.7364194385325056,0.0,0.0
27,dropout,z_sd,0.16,0.0,2.7364194385325056,0.0,0.0
27,dropout,z_sd,0.32,0.0,2.7364194385325056,0.0,0.0
27,dropout,z_sd,0.64,0.0,2.7364194385325056,0.0,0.0
27,dropout,z_sd,1.28,0.0,2.7364194385325056,0.0,0.0
27,dropout,z_sd,2.56,0.0,2.7364194385325056,0.0,0.0
27,dropout,z_sd,5.12,0.0,2.7364194385325056,0.0,0.0
27,dropout,z_sd,10.24,0.0,2.7364194385325056,0.0,0.0
27,dropout,z_sd,20.48,0.0,2.7364194385325056,0.0,0.0
27,noise,alpha,0.25,0.0,2.7364194385325056,0.0,0.0
27,noise,alpha,0.5,0.0,2.7364194385325056,0.0,0.0
27,noise,alpha,1.0,0.0,2.7364194385325056,0.0,0.0
27,noise,alpha,2.0,0.0,2.7364194385325056,0.0,0.0
27,noise,alpha,4.0,0.0,2.7364194385325056,0.0,0.0
27,noise,alpha,8.0,0.0,2.7364194385325056,0.0,0.0
27,noise,alpha,16.0,0.0,2.7364194385325056,0.0,0.0
27,noise,alpha,32.0,0.0,2.7364194385325056,0.0,0.0
27,noise,alpha,64.0,0.0,2.7364194385325056,0.0,0.0
27,noise,alpha,128.0,0.0,2.7364194385325056,0.0,0.0
27,noise,z_mad,0.01,0.0,2.7364194385325056,0.0,0.0
27,noise,z_mad,0.02,0.0,2.7364194385325056,0.0,0.0
27,noise,z_mad,0.04,0.0,2.7364194385325056,0.0,0.0
27,noise,z_mad,0.08,0.0,2.7364194385325056,0.0,0.0
27,noise,z_mad,0.16,0.0,2.7364194385325056,0.0,0.0
27,noise,z_mad,0.32,0.0,2.7364194385325056,0.0,0.0
27,noise,z_mad,0.64,0.0,2.7364194385325056,0.0,0.0
27,noise,z_mad,1.28,0.0,2.7364194385325056,0.0,0.0
27,noise,z_mad,2.56,0.0,2.7364194385325056,0.0,0.0
27,noise,z_mad,5.12,0.0,2.7364194385325056,0.0,0.0
27,noise,z_mad,10.24,0.0,2.7364194385325056,0.0,0.0
27,noise,z_mad,20.48,0.0,2.7364194385325056,0.0,0.0
27,noise,z_sd,0.01,0.0,2.7364194385325056,0.0,0.0
27,noise,z_sd,0.02,0.0,2.7364194385325056,0.0,0.0
27,noise,z_sd,0.04,0.0,2.7364194385325056,0.0,0.0
27,noise,z_sd,0.08,0.0,2.7364194385325056,0.0,0.0
27,noise,z_sd,0.16,0.0,2.7364194385325056,0.0,0.0
27,noise,z_sd,0.32,0.0,2.7364194385325056,0.0,0.0
27,noise,z_sd,0.64,0.0,2.7364194385325056,0.0,0.0
27,noise,z_sd,1.28,0.0,2.7364194385325056,0.0,0.0
27,noise,z_sd,2.56,0.0,2.7364194385325056,0.0,0.0
27,noise,z_sd,5.12,0.0,2.7364194385325056,0.0,0.0
27,noise,z_sd,10.24,0.0,2.7364194385325056,0.0,0.0
27,noise,z_sd,20.48,0.0,2.7364194385325056,0.0,0.0
27,random,alpha,0.25,0.0,2.866576577553538,0.0,0.0
27,random,alpha,0.5,0.0,2.866576577553538,0.0,0.0
27,random,alpha,1.0,0.0,2.866576577553538,0.0,0.0
27,random,alpha,2.0,0.0,2.866576577553538,0.0,0.0
27,random,alpha,4.0,0.0,2.866576577553538,0.0,0.0
27,random,alpha,8.0,0.0,2.866576577553538,0.0,0.0
27,random,alpha,16.0,0.0,2.866576577553538,0.0,0.0
27,random,alpha,32.0,0.0,2.866576577553538,0.0,0.0
27,random,alpha,64.0,0.0,2.866576577553538,0.0,0.0
27,random,alpha,128.0,0.0,2.866576577553538,0.0,0.0
27,random,z_mad,0.01,0.0,2.866576577553538,0.0,0.0
27,random,z_mad,0.02,0.0,2.866576577553538,0.0,0.0
27,random,z_mad,0.04,0.0,2.866576577553538,0.0,0.0
27,random,z_mad,0.08,0.0,2.866576577553538,0.0,0.0
27,random,z_mad,0.16,0.0,2.866576577553538,0.0,0.0
27,random,z_mad,0.32,0.0,2.866576577553538,0.0,0.0
27,random,z_mad,0.64,0.0,2.866576577553538,0.0,0.0
27,random,z_mad,1.28,0.0,2.866576577553538,0.0,0.0
27,random,z_mad,2.56,0.0,2.866576577553538,0.0,0.0
27,random,z_mad,5.12,0.0,2.866576577553538,0.0,0.0
27,random,z_mad,10.24,0.0,2.866576577553538,0.0,0.0
27,random,z_mad,20.48,0.0,2.866576577553538,0.0,0.0
27,random,z_sd,0.01,0.0,2.866576577553538,0.0,0.0
27,random,z_sd,0.02,0.0,2.866576577553538,0.0,0.0
27,random,z_sd,0.04,0.0,2.866576577553538,0.0,0.0
27,random,z_sd,0.08,0.0,2.866576577553538,0.0,0.0
27,random,z_sd,0.16,0.0,2.866576577553538,0.0,0.0
27,random,z_sd,0.32,0.0,2.866576577553538,0.0,0.0
27,random,z_sd,0.64,0.0,2.866576577553538,0.0,0.0
27,random,z_sd,1.28,0.0,2.866576577553538,0.0,0.0
27,random,z_sd,2.56,0.0,2.866576577553538,0.0,0.0
27,random,z_sd,5.12,0.0,2.866576577553538,0.0,0.0
27,random,z_sd,10.24,0.0,2.866576577553538,0.0,0.0
27,random,z_sd,20.48,0.0,2.866576577553538,0.0,0.0
28,concept,alpha,0.25,0.0,3.2275758330035513,0.0,0.0
28,concept,alpha,0.5,0.0,3.2275758330035513,0.0,0.0
28,concept,alpha,1.0,0.0,3.2275758330035513,0.0,0.0
28,concept,alpha,2.0,0.0,3.2275758330035513,0.0,0.0
28,concept,alpha,4.0,0.0,3.2275758330035513,0.0,0.0
28,concept,alpha,8.0,0.0,3.2275758330035513,0.0,0.0
28,concept,alpha,16.0,0.0,3.2275758330035513,0.0,0.0
28,concept,alpha,32.0,0.0,3.2275758330035513,0.0,0.0
28,concept,alpha,64.0,0.0,3.2275758330035513,0.0,0.0
28,concept,alpha,128.0,0.0,3.2275758330035513,0.0,0.0
28,concept,z_mad,0.01,0.0,3.2275758330035513,0.0,0.0
28,concept,z_mad,0.02,0.0,3.2275758330035513,0.0,0.0
28,concept,z_mad,0.04,0.0,3.2275758330035513,0.0,0.0
28,concept,z_mad,0.08,0.0,3.2275758330035513,0.0,0.0
28,concept,z_mad,0.16,0.0,3.2275758330035513,0.0,0.0
28,concept,z_mad,0.32,0.0,3.2275758330035513,0.0,0.0
28,concept,z_mad,0.64,0.0,3.2275758330035513,0.0,0.0
28,concept,z_mad,1.28,0.0,3.2275758330035513,0.0,0.0
28,concept,z_mad,2.56,0.0,3.2275758330035513,0.0,0.0
28,concept,z_mad,5.12,0.0,3.2275758330035513,0.0,0.0
28,concept,z_mad,10.24,0.0,3.2275758330035513,0.0,0.0
28,concept,z_mad,20.48,0.0,3.2275758330035513,0.0,0.0
28,concept,z_sd,0.01,0.0,3.2275758330035513,0.0,0.0
28,concept,z_sd,0.02,0.0,3.2275758330035513,0.0,0.0
28,concept,z_sd,0.04,0.0,3.2275758330035513,0.0,0.0
28,concept,z_sd,0.08,0.0,3.2275758330035513,0.0,0.0
28,concept,z_sd,0.16,0.0,3.2275758330035513,0.0,0.0
28,concept,z_sd,0.32,0.0,3.2275758330035513,0.0,0.0
28,concept,z_sd,0.64,0.0,3.2275758330035513,0.0,0.0
28,concept,z_sd,1.28,0.0,3.2275758330035513,0.0,0.0
28,concept,z_sd,2.56,0.0,3.2275758330035513,0.0,0.0
28,concept,z_sd,5.12,0.0,3.2275758330035513,0.0,0.0
28,concept,z_sd,10.24,0.0,3.2275758330035513,0.0,0.0
28,concept,z_sd,20.48,0.0,3.2275758330035513,0.0,0.0
28,dropout,alpha,0.25,0.0,2.7364194385325056,0.0,0.0
28,dropout,alpha,0.5,0.0,2.7364194385325056,0.0,0.0
28,dropout,alpha,1.0,0.0,2.7364194385325056,0.0,0.0
28,dropout,alpha,2.0,0.0,2.7364194385325056,0.0,0.0
28,dropout,alpha,4.0,0.0,2.7364194385325056,0.0,0.0
28,dropout,alpha,8.0,0.0,2.7364194385325056,0.0,0.0
28,dropout,alpha,16.0,0.0,2.7364194385325056,0.0,0.0
28,dropout,alpha,32.0,0.0,2.7364194385325056,0.0,0.0
28,dropout,alpha,64.0,0.0,2.7364194385325056,0.0,0.0
28,dropout,alpha,128.0,0.0,2.7364194385325056,0.0,0.0
28,dropout,z_mad,0.01,0.0,2.7364194385325056,0.0,0.0
28,dropout,z_mad,0.02,0.0,2.7364194385325056,0.0,0.0
28,dropout,z_mad,0.04,0.0,2.7364194385325056,0.0,0.0
28,dropout,z_mad,0.08,0.0,2.7364194385325056,0.0,0.0
28,dropout,z_mad,0.16,0.0,2.7364194385325056,0.0,0.0
28,dropout,z_mad,0.32,0.0,2.7364194385325056,0.0,0.0
28,dropout,z_mad,0.64,0.0,2.7364194385325056,0.0,0.0
28,dropout,z_mad,1.28,0.0,2.7364194385325056,0.0,0.0
28,dropout,z_mad,2.56,0.0,2.7364194385325056,0.0,0.0
28,dropout,z_mad,5.12,0.0,2.7364194385325056,0.0,0.0
28,dropout,z_mad,10.24,0.0,2.7364194385325056,0.0,0.0
28,dropout,z_mad,20.48,0.0,2.7364194385325056,0.0,0.0
28,dropout,z_sd,0.01,0.0,2.7364194385325056,0.0,0.0
28,dropout,z_sd,0.02,0.0,2.7364194385325056,0.0,0.0
28,dropout,z_sd,0.04,0.0,2.7364194385325056,0.0,0.0
28,dropout,z_sd,0.08,0.0,2.7364194385325056,0.0,0.0
28,dropout,z_sd,0.16,0.0,2.7364194385325056,0.0,0.0
28,dropout,z_sd,0.32,0.0,2.7364194385325056,0.0,0.0
28,dropout,z_sd,0.64,0.0,2.7364194385325056,0.0,0.0
28,dropout,z_sd,1.28,0.0,2.7364194385325056,0.0,0.0
28,dropout,z_sd,2.56,0.0,2.7364194385325056,0.0,0.0
28,dropout,z_sd,5.12,0.0,2.7364194385325056,0.0,0.0
28,dropout,z_sd,10.24,0.0,2.7364194385325056,0.0,0.0
28,dropout,z_sd,20.48,0.0,2.7364194385325056,0.0,0.0
28,noise,alpha,0.25,0.0,2.7364194385325056,0.0,0.0
28,noise,alpha,0.5,0.0,2.7364194385325056,0.0,0.0
28,noise,alpha,1.0,0.0,2.7364194385325056,0.0,0.0
28,noise,alpha,2.0,0.0,2.7364194385325056,0.0,0.0
28,noise,alpha,4.0,0.0,2.7364194385325056,0.0,0.0
28,noise,alpha,8.0,0.0,2.7364194385325056,0.0,0.0
28,noise,alpha,16.0,0.0,2.7364194385325056,0.0,0.0
28,noise,alpha,32.0,0.0,2.7364194385325056,0.0,0.0
28,noise,alpha,64.0,0.0,2.7364194385325056,0.0,0.0
28,noise,alpha,128.0,0.0,2.7364194385325056,0.0,0.0
28,noise,z_mad,0.01,0.0,2.7364194385325056,0.0,0.0
28,noise,z_mad,0.02,0.0,2.7364194385325056,0.0,0.0
28,noise,z_mad,0.04,0.0,2.7364194385325056,0.0,0.0
28,noise,z_mad,0.08,0.0,2.7364194385325056,0.0,0.0
28,noise,z_mad,0.16,0.0,2.7364194385325056,0.0,0.0
28,noise,z_mad,0.32,0.0,2.7364194385325056,0.0,0.0
28,noise,z_mad,0.64,0.0,2.7364194385325056,0.0,0.0
28,noise,z_mad,1.28,0.0,2.7364194385325056,0.0,0.0
28,noise,z_mad,2.56,0.0,2.7364194385325056,0.0,0.0
28,noise,z_mad,5.12,0.0,2.7364194385325056,0.0,0.0
28,noise,z_mad,10.24,0.0,2.7364194385325056,0.0,0.0
28,noise,z_mad,20.48,0.0,2.7364194385325056,0.0,0.0
28,noise,z_sd,0.01,0.0,2.7364194385325056,0.0,0.0
28,noise,z_sd,0.02,0.0,2.7364194385325056,0.0,0.0
28,noise,z_sd,0.04,0.0,2.7364194385325056,0.0,0.0
28,noise,z_sd,0.08,0.0,2.7364194385325056,0.0,0.0
28,noise,z_sd,0.16,0.0,2.7364194385325056,0.0,0.0
28,noise,z_sd,0.32,0.0,2.7364194385325056,0.0,0.0
28,noise,z_sd,0.64,0.0,2.7364194385325056,0.0,0.0
28,noise,z_sd,1.28,0.0,2.7364194385325056,0.0,0.0
28,noise,z_sd,2.56,0.0,2.7364194385325056,0.0,0.0
28,noise,z_sd,5.12,0.0,2.7364194385325056,0.0,0.0
28,noise,z_sd,10.24,0.0,2.7364194385325056,0.0,0.0
28,noise,z_sd,20.48,0.0,2.7364194385325056,0.0,0.0
28,random,alpha,0.25,0.0,2.866576577553538,0.0,0.0
28,random,alpha,0.5,0.0,2.866576577553538,0.0,0.0
28,random,alpha,1.0,0.0,2.866576577553538,0.0,0.0
28,random,alpha,2.0,0.0,2.866576577553538,0.0,0.0
28,random,alpha,4.0,0.0,2.866576577553538,0.0,0.0
28,random,alpha,8.0,0.0,2.866576577553538,0.0,0.0
28,random,alpha,16.0,0.0,2.866576577553538,0.0,0.0
28,random,alpha,32.0,0.0,2.866576577553538,0.0,0.0
28,random,alpha,64.0,0.0,2.866576577553538,0.0,0.0
28,random,alpha,128.0,0.0,2.866576577553538,0.0,0.0
28,random,z_mad,0.01,0.0,2.866576577553538,0.0,0.0
28,random,z_mad,0.02,0.0,2.866576577553538,0.0,0.0
28,random,z_mad,0.04,0.0,2.866576577553538,0.0,0.0
28,random,z_mad,0.08,0.0,2.866576577553538,0.0,0.0
28,random,z_mad,0.16,0.0,2.866576577553538,0.0,0.0
28,random,z_mad,0.32,0.0,2.866576577553538,0.0,0.0
28,random,z_mad,0.64,0.0,2.866576577553538,0.0,0.0
28,random,z_mad,1.28,0.0,2.866576577553538,0.0,0.0
28,random,z_mad,2.56,0.0,2.866576577553538,0.0,0.0
28,random,z_mad,5.12,0.0,2.866576577553538,0.0,0.0
28,random,z_mad,10.24,0.0,2.866576577553538,0.0,0.0
28,random,z_mad,20.48,0.0,2.866576577553538,0.0,0.0
28,random,z_sd,0.01,0.0,2.866576577553538,0.0,0.0
28,random,z_sd,0.02,0.0,2.866576577553538,0.0,0.0
28,random,z_sd,0.04,0.0,2.866576577553538,0.0,0.0
28,random,z_sd,0.08,0.0,2.866576577553538,0.0,0.0
28,random,z_sd,0.16,0.0,2.866576577553538,0.0,0.0
28,random,z_sd,0.32,0.0,2.866576577553538,0.0,0.0
28,random,z_sd,0.64,0.0,2.866576577553538,0.0,0.0
28,random,z_sd,1.28,0.0,2.866576577553538,0.0,0.0
28,random,z_sd,2.56,0.0,2.866576577553538,0.0,0.0
28,random,z_sd,5.12,0.0,2.866576577553538,0.0,0.0
28,random,z_sd,10.24,0.0,2.866576577553538,0.0,0.0
28,random,z_sd,20.48,0.0,2.866576577553538,0.0,0.0
29,concept,alpha,0.25,0.0,3.2275758330035513,0.0,0.0
29,concept,alpha,0.5,0.0,3.2275758330035513,0.0,0.0
29,concept,alpha,1.0,0.0,3.2275758330035513,0.0,0.0
29,concept,alpha,2.0,0.0,3.2275758330035513,0.0,0.0
29,concept,alpha,4.0,0.0,3.2275758330035513,0.0,0.0
29,concept,alpha,8.0,0.0,3.2275758330035513,0.0,0.0
29,concept,alpha,16.0,0.0,3.2275758330035513,0.0,0.0
29,concept,alpha,32.0,0.0,3.2275758330035513,0.0,0.0
29,concept,alpha,64.0,0.0,3.2275758330035513,0.0,0.0
29,concept,alpha,128.0,0.0,3.2275758330035513,0.0,0.0
29,concept,z_mad,0.01,0.0,3.2275758330035513,0.0,0.0
29,concept,z_mad,0.02,0.0,3.2275758330035513,0.0,0.0
29,concept,z_mad,0.04,0.0,3.2275758330035513,0.0,0.0
29,concept,z_mad,0.08,0.0,3.2275758330035513,0.0,0.0
29,concept,z_mad,0.16,0.0,3.2275758330035513,0.0,0.0
29,concept,z_mad,0.32,0.0,3.2275758330035513,0.0,0.0
29,concept,z_mad,0.64,0.0,3.2275758330035513,0.0,0.0
29,concept,z_mad,1.28,0.0,3.2275758330035513,0.0,0.0
29,concept,z_mad,2.56,0.0,3.2275758330035513,0.0,0.0
29,concept,z_mad,5.12,0.0,3.2275758330035513,0.0,0.0
29,concept,z_mad,10.24,0.0,3.2275758330035513,0.0,0.0
29,concept,z_mad,20.48,0.0,3.2275758330035513,0.0,0.0
29,concept,z_sd,0.01,0.0,3.2275758330035513,0.0,0.0
29,concept,z_sd,0.02,0.0,3.2275758330035513,0.0,0.0
29,concept,z_sd,0.04,0.0,3.2275758330035513,0.0,0.0
29,concept,z_sd,0.08,0.0,3.2275758330035513,0.0,0.0
29,concept,z_sd,0.16,0.0,3.2275758330035513,0.0,0.0
29,concept,z_sd,0.32,0.0,3.2275758330035513,0.0,0.0
29,concept,z_sd,0.64,0.0,3.2275758330035513,0.0,0.0
29,concept,z_sd,1.28,0.0,3.2275758330035513,0.0,0.0
29,concept,z_sd,2.56,0.0,3.2275758330035513,0.0,0.0
29,concept,z_sd,5.12,0.0,3.2275758330035513,0.0,0.0
29,concept,z_sd,10.24,0.0,3.2275758330035513,0.0,0.0
29,concept,z_sd,20.48,0.0,3.2275758330035513,0.0,0.0
29,dropout,alpha,0.25,0.0,2.7364194385325056,0.0,0.0
29,dropout,alpha,0.5,0.0,2.7364194385325056,0.0,0.0
29,dropout,alpha,1.0,0.0,2.7364194385325056,0.0,0.0
29,dropout,alpha,2.0,0.0,2.7364194385325056,0.0,0.0
29,dropout,alpha,4.0,0.0,2.7364194385325056,0.0,0.0
29,dropout,alpha,8.0,0.0,2.7364194385325056,0.0,0.0
29,dropout,alpha,16.0,0.0,2.7364194385325056,0.0,0.0
29,dropout,alpha,32.0,0.0,2.7364194385325056,0.0,0.0
29,dropout,alpha,64.0,0.0,2.7364194385325056,0.0,0.0
29,dropout,alpha,128.0,0.0,2.7364194385325056,0.0,0.0
29,dropout,z_mad,0.01,0.0,2.7364194385325056,0.0,0.0
29,dropout,z_mad,0.02,0.0,2.7364194385325056,0.0,0.0
29,dropout,z_mad,0.04,0.0,2.7364194385325056,0.0,0.0
29,dropout,z_mad,0.08,0.0,2.7364194385325056,0.0,0.0
29,dropout,z_mad,0.16,0.0,2.7364194385325056,0.0,0.0
29,dropout,z_mad,0.32,0.0,2.7364194385325056,0.0,0.0
29,dropout,z_mad,0.64,0.0,2.7364194385325056,0.0,0.0
29,dropout,z_mad,1.28,0.0,2.7364194385325056,0.0,0.0
29,dropout,z_mad,2.56,0.0,2.7364194385325056,0.0,0.0
29,dropout,z_mad,5.12,0.0,2.7364194385325056,0.0,0.0
29,dropout,z_mad,10.24,0.0,2.7364194385325056,0.0,0.0
29,dropout,z_mad,20.48,0.0,2.7364194385325056,0.0,0.0
29,dropout,z_sd,0.01,0.0,2.7364194385325056,0.0,0.0
29,dropout,z_sd,0.02,0.0,2.7364194385325056,0.0,0.0
29,dropout,z_sd,0.04,0.0,2.7364194385325056,0.0,0.0
29,dropout,z_sd,0.08,0.0,2.7364194385325056,0.0,0.0
29,dropout,z_sd,0.16,0.0,2.7364194385325056,0.0,0.0
29,dropout,z_sd,0.32,0.0,2.7364194385325056,0.0,0.0
29,dropout,z_sd,0.64,0.0,2.7364194385325056,0.0,0.0
29,dropout,z_sd,1.28,0.0,2.7364194385325056,0.0,0.0
29,dropout,z_sd,2.56,0.0,2.7364194385325056,0.0,0.0
29,dropout,z_sd,5.12,0.0,2.7364194385325056,0.0,0.0
29,dropout,z_sd,10.24,0.0,2.7364194385325056,0.0,0.0
29,dropout,z_sd,20.48,0.0,2.7364194385325056,0.0,0.0
29,noise,alpha,0.25,0.0,2.7364194385325056,0.0,0.0
29,noise,alpha,0.5,0.0,2.7364194385325056,0.0,0.0
29,noise,alpha,1.0,0.0,2.7364194385325056,0.0,0.0
29,noise,alpha,2.0,0.0,2.7364194385325056,0.0,0.0
29,noise,alpha,4.0,0.0,2.7364194385325056,0.0,0.0
29,noise,alpha,8.0,0.0,2.7364194385325056,0.0,0.0
29,noise,alpha,16.0,0.0,2.7364194385325056,0.0,0.0
29,noise,alpha,32.0,0.0,2.7364194385325056,0.0,0.0
29,noise,alpha,64.0,0.0,2.7364194385325056,0.0,0.0
29,noise,alpha,128.0,0.0,2.7364194385325056,0.0,0.0
29,noise,z_mad,0.01,0.0,2.7364194385325056,0.0,0.0
29,noise,z_mad,0.02,0.0,2.7364194385325056,0.0,0.0
29,noise,z_mad,0.04,0.0,2.7364194385325056,0.0,0.0
29,noise,z_mad,0.08,0.0,2.7364194385325056,0.0,0.0
29,noise,z_mad,0.16,0.0,2.7364194385325056,0.0,0.0
29,noise,z_mad,0.32,0.0,2.7364194385325056,0.0,0.0
29,noise,z_mad,0.64,0.0,2.7364194385325056,0.0,0.0
29,noise,z_mad,1.28,0.0,2.7364194385325056,0.0,0.0
29,noise,z_mad,2.56,0.0,2.7364194385325056,0.0,0.0
29,noise,z_mad,5.12,0.0,2.7364194385325056,0.0,0.0
29,noise,z_mad,10.24,0.0,2.7364194385325056,0.0,0.0
29,noise,z_mad,20.48,0.0,2.7364194385325056,0.0,0.0
29,noise,z_sd,0.01,0.0,2.7364194385325056,0.0,0.0
29,noise,z_sd,0.02,0.0,2.7364194385325056,0.0,0.0
29,noise,z_sd,0.04,0.0,2.7364194385325056,0.0,0.0
29,noise,z_sd,0.08,0.0,2.7364194385325056,0.0,0.0
29,noise,z_sd,0.16,0.0,2.7364194385325056,0.0,0.0
29,noise,z_sd,0.32,0.0,2.7364194385325056,0.0,0.0
29,noise,z_sd,0.64,0.0,2.7364194385325056,0.0,0.0
29,noise,z_sd,1.28,0.0,2.7364194385325056,0.0,0.0
29,noise,z_sd,2.56,0.0,2.7364194385325056,0.0,0.0
29,noise,z_sd,5.12,0.0,2.7364194385325056,0.0,0.0
29,noise,z_sd,10.24,0.0,2.7364194385325056,0.0,0.0
29,noise,z_sd,20.48,0.0,2.7364194385325056,0.0,0.0
29,random,alpha,0.25,0.0,2.866576577553538,0.0,0.0
29,random,alpha,0.5,0.0,2.866576577553538,0.0,0.0
29,random,alpha,1.0,0.0,2.866576577553538,0.0,0.0
29,random,alpha,2.0,0.0,2.866576577553538,0.0,0.0
29,random,alpha,4.0,0.0,2.866576577553538,0.0,0.0
29,random,alpha,8.0,0.0,2.866576577553538,0.0,0.0
29,random,alpha,16.0,0.0,2.866576577553538,0.0,0.0
29,random,alpha,32.0,0.0,2.866576577553538,0.0,0.0
29,random,alpha,64.0,0.0,2.866576577553538,0.0,0.0
29,random,alpha,128.0,0.0,2.866576577553538,0.0,0.0
29,random,z_mad,0.01,0.0,2.866576577553538,0.0,0.0
29,random,z_mad,0.02,0.0,2.866576577553538,0.0,0.0
29,random,z_mad,0.04,0.0,2.866576577553538,0.0,0.0
29,random,z_mad,0.08,0.0,2.866576577553538,0.0,0.0
29,random,z_mad,0.16,0.0,2.866576577553538,0.0,0.0
29,random,z_mad,0.32,0.0,2.866576577553538,0.0,0.0
29,random,z_mad,0.64,0.0,2.866576577553538,0.0,0.0
29,random,z_mad,1.28,0.0,2.866576577553538,0.0,0.0
29,random,z_mad,2.56,0.0,2.866576577553538,0.0,0.0
29,random,z_mad,5.12,0.0,2.866576577553538,0.0,0.0
29,random,z_mad,10.24,0.0,2.866576577553538,0.0,0.0
29,random,z_mad,20.48,0.0,2.866576577553538,0.0,0.0
29,random,z_sd,0.01,0.0,2.866576577553538,0.0,0.0
29,random,z_sd,0.02,0.0,2.866576577553538,0.0,0.0
29,random,z_sd,0.04,0.0,2.866576577553538,0.0,0.0
29,random,z_sd,0.08,0.0,2.866576577553538,0.0,0.0
29,random,z_sd,0.16,0.0,2.866576577553538,0.0,0.0
29,random,z_sd,0.32,0.0,2.866576577553538,0.0,0.0
29,random,z_sd,0.64,0.0,2.866576577553538,0.0,0.0
29,random,z_sd,1.28,0.0,2.866576577553538,0.0,0.0
29,random,z_sd,2.56,0.0,2.866576577553538,0.0,0.0
29,random,z_sd,5.12,0.0,2.866576577553538,0.0,0.0
29,random,z_sd,10.24,0.0,2.866576577553538,0.0,0.0
29,random,z_sd,20.48,0.0,2.866576577553538,0.0,0.0
3,concept,alpha,0.25,0.0,3.2275758330035513,0.0,0.0
3,concept,alpha,0.5,0.0,3.2275758330035513,0.0,0.0
3,concept,alpha,1.0,0.0,3.2275758330035513,0.0,0.0
3,concept,alpha,2.0,0.0,3.2275758330035513,0.0,0.0
3,concept,alpha,4.0,0.0,3.2275758330035513,0.0,0.0
3,concept,alpha,8.0,0.0,3.2275758330035513,0.0,0.0
3,concept,alpha,16.0,0.0,3.2275758330035513,0.0,0.0
3,concept,alpha,32.0,0.0,3.2275758330035513,0.0,0.0
3,concept,alpha,64.0,0.0,3.2275758330035513,0.0,0.0
3,concept,alpha,128.0,0.0,3.2275758330035513,0.0,0.0
3,concept,z_mad,0.01,0.0,3.2275758330035513,0.0,0.0
3,concept,z_mad,0.02,0.0,3.2275758330035513,0.0,0.0
3,concept,z_mad,0.04,0.0,3.2275758330035513,0.0,0.0
3,concept,z_mad,0.08,0.0,3.2275758330035513,0.0,0.0
3,concept,z_mad,0.16,0.0,3.2275758330035513,0.0,0.0
3,concept,z_mad,0.32,0.0,3.2275758330035513,0.0,0.0
3,concept,z_mad,0.64,0.0,3.2275758330035513,0.0,0.0
3,concept,z_mad,1.28,0.0,3.2275758330035513,0.0,0.0
3,concept,z_mad,2.56,0.0,3.2275758330035513,0.0,0.0
3,concept,z_mad,5.12,0.0,3.2275758330035513,0.0,0.0
3,concept,z_mad,10.24,0.0,3.2275758330035513,0.0,0.0
3,concept,z_mad,20.48,0.0,3.2275758330035513,0.0,0.0
3,concept,z_sd,0.01,0.0,3.2275758330035513,0.0,0.0
3,concept,z_sd,0.02,0.0,3.2275758330035513,0.0,0.0
3,concept,z_sd,0.04,0.0,3.2275758330035513,0.0,0.0
3,concept,z_sd,0.08,0.20385641204903893,3.125647626979032,0.000625,0.0
3,concept,z_sd,0.16,0.0,3.2275758330035513,0.0,0.0
3,concept,z_sd,0.32,0.0,3.2275758330035513,0.0,0.0
3,concept,z_sd,0.64,0.0,3.2275758330035513,0.0,0.0
3,concept,z_sd,1.28,0.0,3.2275758330035513,0.0,0.0
3,concept,z_sd,2.56,0.0,3.2275758330035513,0.0,0.0
3,concept,z_sd,5.12,0.0,3.2275758330035513,0.0,0.0
3,concept,z_sd,10.24,0.0,3.2275758330035513,0.0,0.0
3,concept,z_sd,20.48,0.0,3.2275758330035513,0.0,0.0
3,dropout,alpha,0.25,0.0,2.7364194385325056,0.0,0.0
3,dropout,alpha,0.5,0.0,2.7364194385325056,0.0,0.0
3,dropout,alpha,1.0,0.0,2.7364194385325056,0.0,0.0
3,dropout,alpha,2.0,0.0,2.7364194385325056,0.0,0.0
3,dropout,alpha,4.0,0.0,2.7364194385325056,0.0,0.0
3,dropout,alpha,8.0,0.0,2.7364194385325056,0.0,0.0
3,dropout,alpha,16.0,0.0,2.7364194385325056,0.0,0.0
3,dropout,alpha,32.0,0.0,2.7364194385325056,0.0,0.0
3,dropout,alpha,64.0,0.3836371517576267,2.5446008626536925,0.00625,0.0
3,dropout,alpha,128.0,0.0,2.7364194385325056,0.0,0.0
3,dropout,z_mad,0.01,0.0,2.7364194385325056,0.0,0.0
3,dropout,z_mad,0.02,0.0,2.7364194385325056,0.0,0.0
3,dropout,z_mad,0.04,0.0,2.7364194385325056,0.0,0.0
3,dropout,z_mad,0.08,0.0,2.7364194385325056,0.0,0.0
3,dropout,z_mad,0.16,0.0,2.7364194385325056,0.0,0.0
3,dropout,z_mad,0.32,0.0,2.7364194385325056,0.0,0.0
3,dropout,z_mad,0.64,0.0,2.7364194385325056,0.0,0.0
3,dropout,z_mad,1.28,0.0,2.7364194385325056,0.0,0.0
3,dropout,z_mad,2.56,0.0,2.7364194385325056,0.0,0.0
3,dropout,z_mad,5.12,0.0,2.7364194385325056,0.0,0.0
3,dropout,z_mad,10.24,0.0,2.7364194385325056,0.0,0.0
3,dropout,z_mad,20.48,0.0,2.7364194385325056,0.0,0.0
3,dropout,z_sd,0.01,0.0,2.7364194385325056,0.0,0.0
3,dropout,z_sd,0.02,0.0,2.7364194385325056,0.0,0.0
3,dropout,z_sd,0.04,0.0,2.7364194385325056,0.0,0.0
3,dropout,z_sd,0.08,0.0,2.7364194385325056,0.0,0.0
3,dropout,z_sd,0.16,0.0,2.7364194385325056,0.0,0.0
3,dropout,z_sd,0.32,0.0,2.7364194385325056,0.0,0.0
3,dropout,z_sd,0.64,0.0,2.7364194385325056,0.0,0.0
3,dropout,z_sd,1.28,0.0,2.7364194385325056,0.0,0.0
3,dropout,z_sd,2.56,0.0,2.7364194385325056,0.0,0.0
3,dropout,z_sd,5.12,0.0,2.7364194385325056,0.0,0.0
3,dropout,z_sd,10.24,0.0,2.7364194385325056,0.0,0.0
3,dropout,z_sd,20.48,0.0,2.7364194385325056,0.0,0.0
3,noise,alpha,0.25,0.0,2.7364194385325056,0.0,0.0
3,noise,alpha,0.5,0.0,2.7364194385325056,0.0,0.0
3,noise,alpha,1.0,0.0,2.7364194385325056,0.0,0.0
3,noise,alpha,2.0,0.0,2.7364194385325056,0.0,0.0
3,noise,alpha,4.0,0.0,2.7364194385325056,0.0,0.0
3,noise,alpha,8.0,0.49261086424246914,2.490114006411271,0.009375,0.0
3,noise,alpha,16.0,0.0,2.7364194385325056,0.0,0.0
3,noise,alpha,32.0,0.0,2.7364194385325056,0.0,0.0
3,noise,alpha,64.0,0.0,2.7364194385325056,0.0,0.0
3,noise,alpha,128.0,0.0,2.7364194385325056,0.0,0.0
3,noise,z_mad,0.01,0.0,2.7364194385325056,0.0,0.0
3,noise,z_mad,0.02,0.0,2.7364194385325056,0.0,0.0
3,noise,z_mad,0.04,0.0,2.7364194385325056,0.0,0.0
3,noise,z_mad,0.08,0.0,2.7364194385325056,0.0,0.0
3,noise,z_mad,0.16,0.0,2.7364194385325056,0.0,0.0
3,noise,z_mad,0.32,0.0,2.7364194385325056,0.0,0.0
3,noise,z_mad,0.64,0.0,2.7364194385325056,0.0,0.0
3,noise,z_mad,1.28,0.0,2.7364194385325056,0.0,0.0
3,noise,z_mad,2.56,0.0,2.7364194385325056,0.0,0.0
3,noise,z_mad,5.12,0.0,2.7364194385325056,0.0,0.0
3,noise,z_mad,10.24,0.0,2.7364194385325056,0.0,0.0
3,noise,z_mad,20.48,0.0,2.7364194385325056,0.0,0.0
3,noise,z_sd,0.01,0.0,2.7364194385325056,0.0,0.0
3,noise,z_sd,0.02,0.0,2.7364194385325056,0.0,0.0
3,noise,z_sd,0.04,0.0,2.7364194385325056,0.0,0.0
3,noise,z_sd,0.08,0.0,2.7364194385325056,0.0,0.0
3,noise,z_sd,0.16,0.0,2.7364194385325056,0.0,0.0
3,noise,z_sd,0.32,0.0,2.7364194385325056,0.0,0.0
3,noise,z_sd,0.64,0.0,2.7364194385325056,0.0,0.0
3,noise,z_sd,1.28,0.0,2.7364194385325056,0.0,0.0
3,noise,z_sd,2.56,0.0,2.7364194385325056,0.0,0.0
3,noise,z_sd,5.12,0.0,2.7364194385325056,0.0,0.0
3,noise,z_sd,10.24,0.0,2.7364194385325056,0.0,0.0
3,noise,z_sd,20.48,0.0,2.7364194385325056,0.0,0.0
3,random,alpha,0.25,0.0,2.866576577553538,0.0,0.0
3,random,alpha,0.5,0.0,2.866576577553538,0.0,0.0
3,random,alpha,1.0,0.0,2.866576577553538,0.0,0.0
3,random,alpha,2.0,0.0,2.866576577553538,0.0,0.0
3,random,alpha,4.0,0.0,2.866576577553538,0.0,0.0
3,random,alpha,8.0,0.0,2.866576577553538,0.0,0.0
3,random,alpha,16.0,0.0,2.866576577553538,0.0,0.0
3,random,alpha,32.0,0.0,2.866576577553538,0.0,0.0
3,random,alpha,64.0,0.0,2.866576577553538,0.0,0.0
3,random,alpha,128.0,0.0,2.866576577553538,0.0,0.0
3,random,z_mad,0.01,0.0,2.866576577553538,0.0,0.0
3,random,z_mad,0.02,0.0,2.866576577553538,0.0,0.0
3,random,z_mad,0.04,0.0,2.866576577553538,0.0,0.0
3,random,z_mad,0.08,0.0,2.866576577553538,0.0,0.0
3,random,z_mad,0.16,0.0,2.866576577553538,0.0,0.0
3,random,z_mad,0.32,0.0,2.866576577553538,0.0,0.0
3,random,z_mad,0.64,0.0,2.866576577553538,0.0,0.0
3,random,z_mad,1.28,0.0,2.866576577553538,0.0,0.0
3,random,z_mad,2.56,0.0,2.866576577553538,0.0,0.0
3,random,z_mad,5.12,0.0,2.866576577553538,0.0,0.0
3,random,z_mad,10.24,0.0,2.866576577553538,0.0,0.0
3,random,z_mad,20.48,0.0,2.866576577553538,0.0,0.0
3,random,z_sd,0.01,0.0,2.866576577553538,0.0,0.0
3,random,z_sd,0.02,0.0,2.866576577553538,0.0,0.0
3,random,z_sd,0.04,0.0,2.866576577553538,0.0,0.0
3,random,z_sd,0.08,0.0,2.866576577553538,0.0,0.0
3,random,z_sd,0.16,0.0,2.866576577553538,0.0,0.0
3,random,z_sd,0.32,0.0,2.866576577553538,0.0,0.0
3,random,z_sd,0.64,0.0,2.866576577553538,0.0,0.0
3,random,z_sd,1.28,0.0,2.866576577553538,0.0,0.0
3,random,z_sd,2.56,0.0,2.866576577553538,0.0,0.0
3,random,z_sd,5.12,0.0,2.866576577553538,0.0,0.0
3,random,z_sd,10.24,0.0,2.866576577553538,0.0,0.0
3,random,z_sd,20.48,0.0,2.866576577553538,0.0,0.0
30,concept,alpha,0.25,0.0,3.2275758330035513,0.0,0.0
30,concept,alpha,0.5,0.0,3.2275758330035513,0.0,0.0
30,concept,alpha,1.0,0.0,3.2275758330035513,0.0,0.0
30,concept,alpha,2.0,0.0,3.2275758330035513,0.0,0.0
30,concept,alpha,4.0,0.0,3.2275758330035513,0.0,0.0
30,concept,alpha,8.0,0.0,3.2275758330035513,0.0,0.0
30,concept,alpha,16.0,0.0,3.2275758330035513,0.0,0.0
30,concept,alpha,32.0,0.0,3.2275758330035513,0.0,0.0
30,concept,alpha,64.0,0.0,3.2275758330035513,0.0,0.0
30,concept,alpha,128.0,0.0,3.2275758330035513,0.0,0.0
30,concept,z_mad,0.01,0.0,3.2275758330035513,0.0,0.0
30,concept,z_mad,0.02,0.0,3.2275758330035513,0.0,0.0
30,concept,z_mad,0.04,0.0,3.2275758330035513,0.0,0.0
30,concept,z_mad,0.08,0.0,3.2275758330035513,0.0,0.0
30,concept,z_mad,0.16,0.0,3.2275758330035513,0.0,0.0
30,concept,z_mad,0.32,0.0,3.2275758330035513,0.0,0.0
30,concept,z_mad,0.64,0.0,3.2275758330035513,0.0,0.0
30,concept,z_mad,1.28,0.0,3.2275758330035513,0.0,0.0
30,concept,z_mad,2.56,0.0,3.2275758330035513,0.0,0.0
30,concept,z_mad,5.12,0.0,3.2275758330035513,0.0,0.0
30,concept,z_mad,10.24,0.0,3.2275758330035513,0.0,0.0
30,concept,z_mad,20.48,0.0,3.2275758330035513,0.0,0.0
30,concept,z_sd,0.01,0.0,3.2275758330035513,0.0,0.0
30,concept,z_sd,0.02,0.0,3.2275758330035513,0.0,0.0
30,concept,z_sd,0.04,0.0,3.2275758330035513,0.0,0.0
30,concept,z_sd,0.08,0.0,3.2275758330035513,0.0,0.0
30,concept,z_sd,0.16,0.0,3.2275758330035513,0.0,0.0
30,concept,z_sd,0.32,0.0,3.2275758330035513,0.0,0.0
30,concept,z_sd,0.64,0.0,3.2275758330035513,0.0,0.0
30,concept,z_sd,1.28,0.0,3.2275758330035513,0.0,0.0
30,concept,z_sd,2.56,0.0,3.2275758330035513,0.0,0.0
30,concept,z_sd,5.12,0.0,3.2275758330035513,0.0,0.0
30,concept,z_sd,10.24,0.0,3.2275758330035513,0.0,0.0
30,concept,z_sd,20.48,0.0,3.2275758330035513,0.0,0.0
30,dropout,alpha,0.25,0.0,2.7364194385325056,0.0,0.0
30,dropout,alpha,0.5,0.0,2.7364194385325056,0.0,0.0
30,dropout,alpha,1.0,0.0,2.7364194385325056,0.0,0.0
30,dropout,alpha,2.0,0.0,2.7364194385325056,0.0,0.0
30,dropout,alpha,4.0,0.0,2.7364194385325056,0.0,0.0
30,dropout,alpha,8.0,0.0,2.7364194385325056,0.0,0.0
30,dropout,alpha,16.0,0.0,2.7364194385325056,0.0,0.0
30,dropout,alpha,32.0,0.0,2.7364194385325056,0.0,0.0
30,dropout,alpha,64.0,0.0,2.7364194385325056,0.0,0.0
30,dropout,alpha,128.0,0.0,2.7364194385325056,0.0,0.0
30,dropout,z_mad,0.01,0.0,2.7364194385325056,0.0,0.0
30,dropout,z_mad,0.02,0.0,2.7364194385325056,0.0,0.0
30,dropout,z_mad,0.04,0.0,2.7364194385325056,0.0,0.0
30,dropout,z_mad,0.08,0.0,2.7364194385325056,0.0,0.0
30,dropout,z_mad,0.16,0.0,2.7364194385325056,0.0,0.0
30,dropout,z_mad,0.32,0.0,2.7364194385325056,0.0,0.0
30,dropout,z_mad,0.64,0.0,2.7364194385325056,0.0,0.0
30,dropout,z_mad,1.28,0.0,2.7364194385325056,0.0,0.0
30,dropout,z_mad,2.56,0.0,2.7364194385325056,0.0,0.0
30,dropout,z_mad,5.12,0.0,2.7364194385325056,0.0,0.0
30,dropout,z_mad,10.24,0.0,2.7364194385325056,0.0,0.0
30,dropout,z_mad,20.48,0.0,2.7364194385325056,0.0,0.0
30,dropout,z_sd,0.01,0.0,2.7364194385325056,0.0,0.0
30,dropout,z_sd,0.02,0.0,2.7364194385325056,0.0,0.0
30,dropout,z_sd,0.04,0.0,2.7364194385325056,0.0,0.0
30,dropout,z_sd,0.08,0.0,2.7364194385325056,0.0,0.0
30,dropout,z_sd,0.16,0.0,2.7364194385325056,0.0,0.0
30,dropout,z_sd,0.32,0.0,2.7364194385325056,0.0,0.0
30,dropout,z_sd,0.64,0.0,2.7364194385325056,0.0,0.0
30,dropout,z_sd,1.28,0.0,2.7364194385325056,0.0,0.0
30,dropout,z_sd,2.56,0.0,2.7364194385325056,0.0,0.0
30,dropout,z_sd,5.12,0.0,2.7364194385325056,0.0,0.0
30,dropout,z_sd,10.24,0.0,2.7364194385325056,0.0,0.0
30,dropout,z_sd,20.48,0.0,2.7364194385325056,0.0,0.0
30,noise,alpha,0.25,0.0,2.7364194385325056,0.0,0.0
30,noise,alpha,0.5,0.0,2.7364194385325056,0.0,0.0
30,noise,alpha,1.0,0.0,2.7364194385325056,0.0,0.0
30,noise,alpha,2.0,0.0,2.7364194385325056,0.0,0.0
30,noise,alpha,4.0,0.0,2.7364194385325056,0.0,0.0
30,noise,alpha,8.0,0.0,2.7364194385325056,0.0,0.0
30,noise,alpha,16.0,0.0,2.7364194385325056,0.0,0.0
30,noise,alpha,32.0,0.0,2.7364194385325056,0.0,0.0
30,noise,alpha,64.0,0.0,2.7364194385325056,0.0,0.0
30,noise,alpha,128.0,0.0,2.7364194385325056,0.0,0.0
30,noise,z_mad,0.01,0.0,2.7364194385325056,0.0,0.0
30,noise,z_mad,0.02,0.0,2.7364194385325056,0.0,0.0
30,noise,z_mad,0.04,0.0,2.7364194385325056,0.0,0.0
30,noise,z_mad,0.08,0.0,2.7364194385325056,0.0,0.0
30,noise,z_mad,0.16,0.0,2.7364194385325056,0.0,0.0
30,noise,z_mad,0.32,0.0,2.7364194385325056,0.0,0.0
30,noise,z_mad,0.64,0.0,2.7364194385325056,0.0,0.0
30,noise,z_mad,1.28,0.0,2.7364194385325056,0.0,0.0
30,noise,z_mad,2.56,0.0,2.7364194385325056,0.0,0.0
30,noise,z_mad,5.12,0.0,2.7364194385325056,0.0,0.0
30,noise,z_mad,10.24,0.0,2.7364194385325056,0.0,0.0
30,noise,z_mad,20.48,0.0,2.7364194385325056,0.0,0.0
30,noise,z_sd,0.01,0.0,2.7364194385325056,0.0,0.0
30,noise,z_sd,0.02,0.0,2.7364194385325056,0.0,0.0
30,noise,z_sd,0.04,0.0,2.7364194385325056,0.0,0.0
30,noise,z_sd,0.08,0.0,2.7364194385325056,0.0,0.0
30,noise,z_sd,0.16,0.0,2.7364194385325056,0.0,0.0
30,noise,z_sd,0.32,0.0,2.7364194385325056,0.0,0.0
30,noise,z_sd,0.64,0.0,2.7364194385325056,0.0,0.0
30,noise,z_sd,1.28,0.0,2.7364194385325056,0.0,0.0
30,noise,z_sd,2.56,0.0,2.7364194385325056,0.0,0.0
30,noise,z_sd,5.12,0.0,2.7364194385325056,0.0,0.0
30,noise,z_sd,10.24,0.0,2.7364194385325056,0.0,0.0
30,noise,z_sd,20.48,0.0,2.7364194385325056,0.0,0.0
30,random,alpha,0.25,0.0,2.866576577553538,0.0,0.0
30,random,alpha,0.5,0.0,2.866576577553538,0.0,0.0
30,random,alpha,1.0,0.0,2.866576577553538,0.0,0.0
30,random,alpha,2.0,0.0,2.866576577553538,0.0,0.0
30,random,alpha,4.0,0.0,2.866576577553538,0.0,0.0
30,random,alpha,8.0,0.0,2.866576577553538,0.0,0.0
30,random,alpha,16.0,0.0,2.866576577553538,0.0,0.0
30,random,alpha,32.0,0.0,2.866576577553538,0.0,0.0
30,random,alpha,64.0,0.0,2.866576577553538,0.0,0.0
30,random,alpha,128.0,0.0,2.866576577553538,0.0,0.0
30,random,z_mad,0.01,0.0,2.866576577553538,0.0,0.0
30,random,z_mad,0.02,0.0,2.866576577553538,0.0,0.0
30,random,z_mad,0.04,0.0,2.866576577553538,0.0,0.0
30,random,z_mad,0.08,0.0,2.866576577553538,0.0,0.0
30,random,z_mad,0.16,0.0,2.866576577553538,0.0,0.0
30,random,z_mad,0.32,0.0,2.866576577553538,0.0,0.0
30,random,z_mad,0.64,0.0,2.866576577553538,0.0,0.0
30,random,z_mad,1.28,0.0,2.866576577553538,0.0,0.0
30,random,z_mad,2.56,0.0,2.866576577553538,0.0,0.0
30,random,z_mad,5.12,0.0,2.866576577553538,0.0,0.0
30,random,z_mad,10.24,0.0,2.866576577553538,0.0,0.0
30,random,z_mad,20.48,0.0,2.866576577553538,0.0,0.0
30,random,z_sd,0.01,0.0,2.866576577553538,0.0,0.0
30,random,z_sd,0.02,0.0,2.866576577553538,0.0,0.0
30,random,z_sd,0.04,0.0,2.866576577553538,0.0,0.0
30,random,z_sd,0.08,0.0,2.866576577553538,0.0,0.0
30,random,z_sd,0.16,0.0,2.866576577553538,0.0,0.0
30,random,z_sd,0.32,0.0,2.866576577553538,0.0,0.0
30,random,z_sd,0.64,0.0,2.866576577553538,0.0,0.0
30,random,z_sd,1.28,0.0,2.866576577553538,0.0,0.0
30,random,z_sd,2.56,0.0,2.866576577553538,0.0,0.0
30,random,z_sd,5.12,0.0,2.866576577553538,0.0,0.0
30,random,z_sd,10.24,0.0,2.866576577553538,0.0,0.0
30,random,z_sd,20.48,0.0,2.866576577553538,0.0,0.0
4,concept,alpha,0.25,0.0,3.2275758330035513,0.0,0.0
4,concept,alpha,0.5,0.0,3.2275758330035513,0.0,0.0
4,concept,alpha,1.0,0.0,3.2275758330035513,0.0,0.0
4,concept,alpha,2.0,0.0,3.2275758330035513,0.0,0.0
4,concept,alpha,4.0,0.0,3.2275758330035513,0.0,0.0
4,concept,alpha,8.0,0.0,3.2275758330035513,0.0,0.0
4,concept,alpha,16.0,0.0,3.2275758330035513,0.0,0.0
4,concept,alpha,32.0,0.0,3.2275758330035513,0.0,0.0
4,concept,alpha,64.0,0.0,3.2275758330035513,0.0,0.0
4,concept,alpha,128.0,0.0,3.2275758330035513,0.0,0.0
4,concept,z_mad,0.01,0.0,3.2275758330035513,0.0,0.0
4,concept,z_mad,0.02,0.0,3.2275758330035513,0.0,0.0
4,concept,z_mad,0.04,0.0,3.2275758330035513,0.0,0.0
4,concept,z_mad,0.08,0.0,3.2275758330035513,0.0,0.0
4,concept,z_mad,0.16,0.0,3.2275758330035513,0.0,0.0
4,concept,z_mad,0.32,0.0,3.2275758330035513,0.0,0.0
4,concept,z_mad,0.64,0.0,3.2275758330035513,0.0,0.0
4,concept,z_mad,1.28,0.0,3.2275758330035513,0.0,0.0
4,concept,z_mad,2.56,0.0,3.2275758330035513,0.0,0.0
4,concept,z_mad,5.12,0.0,3.2275758330035513,0.0,0.0
4,concept,z_mad,10.24,0.0,3.2275758330035513,0.0,0.0
4,concept,z_mad,20.48,0.0,3.2275758330035513,0.0,0.0
4,concept,z_sd,0.01,0.0,3.2275758330035513,0.0,0.0
4,concept,z_sd,0.02,0.0,3.2275758330035513,0.0,0.0
4,concept,z_sd,0.04,0.0,3.2275758330035513,0.0,0.0
4,concept,z_sd,0.08,0.0,3.2275758330035513,0.0,0.0
4,concept,z_sd,0.16,0.0,3.2275758330035513,0.0,0.0
4,concept,z_sd,0.32,0.0,3.2275758330035513,0.0,0.0
4,concept,z_sd,0.64,0.0,3.2275758330035513,0.0,0.0
4,concept,z_sd,1.28,0.0,3.2275758330035513,0.0,0.0
4,concept,z_sd,2.56,0.0,3.2275758330035513,0.0,0.0
4,concept,z_sd,5.12,0.0,3.2275758330035513,0.0,0.0
4,concept,z_sd,10.24,0.0,3.2275758330035513,0.0,0.0
4,concept,z_sd,20.48,0.0,3.2275758330035513,0.0,0.0
4,dropout,alpha,0.25,0.0,2.7364194385325056,0.0,0.0
4,dropout,alpha,0.5,0.0,2.7364194385325056,0.0,0.0
4,dropout,alpha,1.0,0.0,2.7364194385325056,0.0,0.0
4,dropout,alpha,2.0,0.0,2.7364194385325056,0.0,0.0
4,dropout,alpha,4.0,0.0,2.7364194385325056,0.0,0.0
4,dropout,alpha,8.0,0.0,2.7364194385325056,0.0,0.0
4,dropout,alpha,16.0,0.0,2.7364194385325056,0.0,0.0
4,dropout,alpha,32.0,0.0,2.7364194385325056,0.0,0.0
4,dropout,alpha,64.0,0.0,2.7364194385325056,0.0,0.0
4,dropout,alpha,128.0,0.3836371517576267,2.5446008626536925,0.00625,0.0
4,dropout,z_mad,0.01,0.0,2.7364194385325056,0.0,0.0
4,dropout,z_mad,0.02,0.0,2.7364194385325056,0.0,0.0
4,dropout,z_mad,0.04,0.0,2.7364194385325056,0.0,0.0
4,dropout,z_mad,0.08,0.0,2.7364194385325056,0.0,0.0
4,dropout,z_mad,0.16,0.0,2.7364194385325056,0.0,0.0
4,dropout,z_mad,0.32,0.0,2.7364194385325056,0.0,0.0
4,dropout,z_mad,0.64,0.0,2.7364194385325056,0.0,0.0
4,dropout,z_mad,1.28,0.0,2.7364194385325056,0.0,0.0
4,dropout,z_mad,2.56,0.0,2.7364194385325056,0.0,0.0
4,dropout,z_mad,5.12,0.0,2.7364194385325056,0.0,0.0
4,dropout,z_mad,10.24,0.0,2.7364194385325056,0.0,0.0
4,dropout,z_mad,20.48,0.0,2.7364194385325056,0.0,0.0
4,dropout,z_sd,0.01,0.0,2.7364194385325056,0.0,0.0
4,dropout,z_sd,0.02,0.0,2.7364194385325056,0.0,0.0
4,dropout,z_sd,0.04,0.0,2.7364194385325056,0.0,0.0
4,dropout,z_sd,0.08,0.0,2.7364194385325056,0.0,0.0
4,dropout,z_sd,0.16,0.0,2.7364194385325056,0.0,0.0
4,dropout,z_sd,0.32,0.0,2.7364194385325056,0.0,0.0
4,dropout,z_sd,0.64,0.0,2.7364194385325056,0.0,0.0
4,dropout,z_sd,1.28,0.0,2.7364194385325056,0.0,0.0
4,dropout,z_sd,2.56,0.0,2.7364194385325056,0.0,0.0
4,dropout,z_sd,5.12,0.0,2.7364194385325056,0.0,0.0
4,dropout,z_sd,10.24,0.0,2.7364194385325056,0.0,0.0
4,dropout,z_sd,20.48,0.0,2.7364194385325056,0.0,0.0
4,noise,alpha,0.25,0.0,2.7364194385325056,0.0,0.0
4,noise,alpha,0.5,0.0,2.7364194385325056,0.0,0.0
4,noise,alpha,1.0,0.0,2.7364194385325056,0.0,0.0
4,noise,alpha,2.0,0.0,2.7364194385325056,0.0,0.0
4,noise,alpha,4.0,0.0,2.7364194385325056,0.0,0.0
4,noise,alpha,8.0,0.0,2.7364194385325056,0.0,0.0
4,noise,alpha,16.0,0.0,2.7364194385325056,0.0,0.0
4,noise,alpha,32.0,0.0,2.7364194385325056,0.0,0.0
4,noise,alpha,64.0,0.0,2.7364194385325056,0.0,0.0
4,noise,alpha,128.0,0.0,2.7364194385325056,0.0,0.0
4,noise,z_mad,0.01,0.0,2.7364194385325056,0.0,0.0
4,noise,z_mad,0.02,0.0,2.7364194385325056,0.0,0.0
4,noise,z_mad,0.04,0.0,2.7364194385325056,0.0,0.0
4,noise,z_mad,0.08,0.0,2.7364194385325056,0.0,0.0
4,noise,z_mad,0.16,0.0,2.7364194385325056,0.0,0.0
4,noise,z_mad,0.32,0.0,2.7364194385325056,0.0,0.0
4,noise,z_mad,0.64,0.0,2.7364194385325056,0.0,0.0
4,noise,z_mad,1.28,0.0,2.7364194385325056,0.0,0.0
4,noise,z_mad,2.56,0.0,2.7364194385325056,0.0,0.0
4,noise,z_mad,5.12,0.0,2.7364194385325056,0.0,0.0
4,noise,z_mad,10.24,0.0,2.7364194385325056,0.0,0.0
4,noise,z_mad,20.48,0.0,2.7364194385325056,0.0,0.0
4,noise,z_sd,0.01,0.0,2.7364194385325056,0.0,0.0
4,noise,z_sd,0.02,0.0,2.7364194385325056,0.0,0.0
4,noise,z_sd,0.04,0.0,2.7364194385325056,0.0,0.0
4,noise,z_sd,0.08,0.0,2.7364194385325056,0.0,0.0
4,noise,z_sd,0.16,0.0,2.7364194385325056,0.0,0.0
4,noise,z_sd,0.32,0.0,2.7364194385325056,0.0,0.0
4,noise,z_sd,0.64,0.0,2.7364194385325056,0.0,0.0
4,noise,z_sd,1.28,0.0,2.7364194385325056,0.0,0.0
4,noise,z_sd,2.56,0.0,2.7364194385325056,0.0,0.0
4,noise,z_sd,5.12,0.0,2.7364194385325056,0.0,0.0
4,noise,z_sd,10.24,0.0,2.7364194385325056,0.0,0.0
4,noise,z_sd,20.48,0.0,2.7364194385325056,0.0,0.0
4,random,alpha,0.25,0.0,2.866576577553538,0.0,0.0
4,random,alpha,0.5,0.0,2.866576577553538,0.0,0.0
4,random,alpha,1.0,0.0,2.866576577553538,0.0,0.0
4,random,alpha,2.0,0.0,2.866576577553538,0.0,0.0
4,random,alpha,4.0,0.0,2.866576577553538,0.0,0.0
4,random,alpha,8.0,0.0,2.866576577553538,0.0,0.0
4,random,alpha,16.0,0.0,2.866576577553538,0.0,0.0
4,random,alpha,32.0,0.0,2.866576577553538,0.0,0.0
4,random,alpha,64.0,0.0,2.866576577553538,0.0,0.0
4,random,alpha,128.0,1.4536467182672725,2.139753218419902,0.07708333333333334,0.0
4,random,z_mad,0.01,0.0,2.866576577553538,0.0,0.0
4,random,z_mad,0.02,0.0,2.866576577553538,0.0,0.0
4,random,z_mad,0.04,0.0,2.866576577553538,0.0,0.0
4,random,z_mad,0.08,0.0,2.866576577553538,0.0,0.0
4,random,z_mad,0.16,0.0,2.866576577553538,0.0,0.0
4,random,z_mad,0.32,0.0,2.866576577553538,0.0,0.0
4,random,z_mad,0.64,0.0,2.866576577553538,0.0,0.0
4,random,z_mad,1.28,0.0,2.866576577553538,0.0,0.0
4,random,z_mad,2.56,0.0,2.866576577553538,0.0,0.0
4,random,z_mad,5.12,0.0,2.866576577553538,0.0,0.0
4,random,z_mad,10.24,0.0,2.866576577553538,0.0,0.0
4,random,z_mad,20.48,0.0,2.866576577553538,0.0,0.0
4,random,z_sd,0.01,0.0,2.866576577553538,0.0,0.0
4,random,z_sd,0.02,0.0,2.866576577553538,0.0,0.0
4,random,z_sd,0.04,0.0,2.866576577553538,0.0,0.0
4,random,z_sd,0.08,0.0,2.866576577553538,0.0,0.0
4,random,z_sd,0.16,0.0,2.866576577553538,0.0,0.0
4,random,z_sd,0.32,0.0,2.866576577553538,0.0,0.0
4,random,z_sd,0.64,0.0,2.866576577553538,0.0,0.0
4,random,z_sd,1.28,0.0,2.866576577553538,0.0,0.0
4,random,z_sd,2.56,0.0,2.866576577553538,0.0,0.0
4,random,z_sd,5.12,0.0,2.866576577553538,0.0,0.0
4,random,z_sd,10.24,0.0,2.866576577553538,0.0,0.0
4,random,z_sd,20.48,0.22690968727402305,2.753121733916527,0.0020833333333333333,0.0
5,concept,alpha,0.25,0.0,3.2275758330035513,0.0,0.0
5,concept,alpha,0.5,0.0,3.2275758330035513,0.0,0.0
5,concept,alpha,1.0,0.0,3.2275758330035513,0.0,0.0
5,concept,alpha,2.0,0.0,3.2275758330035513,0.0,0.0
5,concept,alpha,4.0,0.0,3.2275758330035513,0.0,0.0
5,concept,alpha,8.0,0.0,3.2275758330035513,0.0,0.0
5,concept,alpha,16.0,0.0,3.2275758330035513,0.0,0.0
5,concept,alpha,32.0,0.0,3.2275758330035513,0.0,0.0
5,concept,alpha,64.0,0.0,3.2275758330035513,0.0,0.0
5,concept,alpha,128.0,0.0,3.2275758330035513,0.0,0.0
5,concept,z_mad,0.01,0.0,3.2275758330035513,0.0,0.0
5,concept,z_mad,0.02,0.0,3.2275758330035513,0.0,0.0
5,concept,z_mad,0.04,0.0,3.2275758330035513,0.0,0.0
5,concept,z_mad,0.08,0.0,3.2275758330035513,0.0,0.0
5,concept,z_mad,0.16,0.0,3.2275758330035513,0.0,0.0
5,concept,z_mad,0.32,0.0,3.2275758330035513,0.0,0.0
5,concept,z_mad,0.64,0.0,3.2275758330035513,0.0,0.0
5,concept,z_mad,1.28,0.0,3.2275758330035513,0.0,0.0
5,concept,z_mad,2.56,0.0,3.2275758330035513,0.0,0.0
5,concept,z_mad,5.12,0.0,3.2275758330035513,0.0,0.0
5,concept,z_mad,10.24,0.0,3.2275758330035513,0.0,0.0
5,concept,z_mad,20.48,0.0,3.2275758330035513,0.0,0.0
5,concept,z_sd,0.01,0.0,3.2275758330035513,0.0,0.0
5,concept,z_sd,0.02,0.0,3.2275758330035513,0.0,0.0
5,concept,z_sd,0.04,0.0,3.2275758330035513,0.0,0.0
5,concept,z_sd,0.08,0.0,3.2275758330035513,0.0,0.0
5,concept,z_sd,0.16,0.0,3.2275758330035513,0.0,0.0
5,concept,z_sd,0.32,0.0,3.2275758330035513,0.0,0.0
5,concept,z_sd,0.64,0.0,3.2275758330035513,0.0,0.0
5,concept,z_sd,1.28,0.0,3.2275758330035513,0.0,0.0
5,concept,z_sd,2.56,0.0,3.2275758330035513,0.0,0.0
5,concept,z_sd,5.12,0.0,3.2275758330035513,0.0,0.0
5,concept,z_sd,10.24,0.0,3.2275758330035513,0.0,0.0
5,concept,z_sd,20.48,0.0,3.2275758330035513,0.0,0.0
5,dropout,alpha,0.25,0.0,2.7364194385325056,0.0,0.0
5,dropout,alpha,0.5,0.0,2.7364194385325056,0.0,0.0
5,dropout,alpha,1.0,0.0,2.7364194385325056,0.0,0.0
5,dropout,alpha,2.0,0.0,2.7364194385325056,0.0,0.0
5,dropout,alpha,4.0,0.0,2.7364194385325056,0.0,0.0
5,dropout,alpha,8.0,0.0,2.7364194385325056,0.0,0.0
5,dropout,alpha,16.0,0.0,2.7364194385325056,0.0,0.0
5,dropout,alpha,32.0,0.0,2.7364194385325056,0.0,0.0
5,dropout,alpha,64.0,0.3836371517576267,2.5446008626536925,0.00625,0.0
5,dropout,alpha,128.0,0.0,2.7364194385325056,0.0,0.0
5,dropout,z_mad,0.01,0.0,2.7364194385325056,0.0,0.0
5,dropout,z_mad,0.02,0.0,2.7364194385325056,0.0,0.0
5,dropout,z_mad,0.04,0.0,2.7364194385325056,0.0,0.0
5,dropout,z_mad,0.08,0.0,2.7364194385325056,0.0,0.0
5,dropout,z_mad,0.16,0.0,2.7364194385325056,0.0,0.0
5,dropout,z_mad,0.32,0.0,2.7364194385325056,0.0,0.0
5,dropout,z_mad,0.64,0.0,2.7364194385325056,0.0,0.0
5,dropout,z_mad,1.28,0.0,2.7364194385325056,0.0,0.0
5,dropout,z_mad,2.56,0.0,2.7364194385325056,0.0,0.0
5,dropout,z_mad,5.12,0.0,2.7364194385325056,0.0,0.0
5,dropout,z_mad,10.24,0.0,2.7364194385325056,0.0,0.0
5,dropout,z_mad,20.48,0.0,2.7364194385325056,0.0,0.0
5,dropout,z_sd,0.01,0.0,2.7364194385325056,0.0,0.0
5,dropout,z_sd,0.02,0.0,2.7364194385325056,0.0,0.0
5,dropout,z_sd,0.04,0.0,2.7364194385325056,0.0,0.0
5,dropout,z_sd,0.08,0.0,2.7364194385325056,0.0,0.0
5,dropout,z_sd,0.16,0.0,2.7364194385325056,0.0,0.0
5,dropout,z_sd,0.32,0.0,2.7364194385325056,0.0,0.0
5,dropout,z_sd,0.64,0.0,2.7364194385325056,0.0,0.0
5,dropout,z_sd,1.28,0.0,2.7364194385325056,0.0,0.0
5,dropout,z_sd,2.56,0.0,2.7364194385325056,0.0,0.0
5,dropout,z_sd,5.12,0.0,2.7364194385325056,0.0,0.0
5,dropout,z_sd,10.24,0.0,2.7364194385325056,0.0,0.0
5,dropout,z_sd,20.48,0.0,2.7364194385325056,0.0,0.0
5,noise,alpha,0.25,0.0,2.7364194385325056,0.0,0.0
5,noise,alpha,0.5,0.0,2.7364194385325056,0.0,0.0
5,noise,alpha,1.0,0.0,2.7364194385325056,0.0,0.0
5,noise,alpha,2.0,0.0,2.7364194385325056,0.0,0.0
5,noise,alpha,4.0,0.0,2.7364194385325056,0.0,0.0
5,noise,alpha,8.0,0.0,2.7364194385325056,0.0,0.0
5,noise,alpha,16.0,0.0,2.7364194385325056,0.0,0.0
5,noise,alpha,32.0,0.0,2.7364194385325056,0.0,0.0
5,noise,alpha,64.0,0.0,2.7364194385325056,0.0,0.0
5,noise,alpha,128.0,0.0,2.7364194385325056,0.0,0.0
5,noise,z_mad,0.01,0.0,2.7364194385325056,0.0,0.0
5,noise,z_mad,0.02,0.0,2.7364194385325056,0.0,0.0
5,noise,z_mad,0.04,0.0,2.7364194385325056,0.0,0.0
5,noise,z_mad,0.08,0.0,2.7364194385325056,0.0,0.0
5,noise,z_mad,0.16,0.0,2.7364194385325056,0.0,0.0
5,noise,z_mad,0.32,0.0,2.7364194385325056,0.0,0.0
5,noise,z_mad,0.64,0.0,2.7364194385325056,0.0,0.0
5,noise,z_mad,1.28,0.0,2.7364194385325056,0.0,0.0
5,noise,z_mad,2.56,0.0,2.7364194385325056,0.0,0.0
5,noise,z_mad,5.12,0.0,2.7364194385325056,0.0,0.0
5,noise,z_mad,10.24,0.0,2.7364194385325056,0.0,0.0
5,noise,z_mad,20.48,0.0,2.7364194385325056,0.0,0.0
5,noise,z_sd,0.01,0.0,2.7364194385325056,0.0,0.0
5,noise,z_sd,0.02,0.0,2.7364194385325056,0.0,0.0
5,noise,z_sd,0.04,0.0,2.7364194385325056,0.0,0.0
5,noise,z_sd,0.08,0.0,2.7364194385325056,0.0,0.0
5,noise,z_sd,0.16,0.0,2.7364194385325056,0.0,0.0
5,noise,z_sd,0.32,0.0,2.7364194385325056,0.0,0.0
5,noise,z_sd,0.64,0.0,2.7364194385325056,0.0,0.0
5,noise,z_sd,1.28,0.0,2.7364194385325056,0.0,0.0
5,noise,z_sd,2.56,0.0,2.7364194385325056,0.0,0.0
5,noise,z_sd,5.12,0.0,2.7364194385325056,0.0,0.0
5,noise,z_sd,10.24,0.0,2.7364194385325056,0.0,0.0
5,noise,z_sd,20.48,0.0,2.7364194385325056,0.0,0.0
5,random,alpha,0.25,0.0,2.866576577553538,0.0,0.0
5,random,alpha,0.5,0.0,2.866576577553538,0.0,0.0
5,random,alpha,1.0,0.0,2.866576577553538,0.0,0.0
5,random,alpha,2.0,0.0,2.866576577553538,0.0,0.0
5,random,alpha,4.0,0.0,2.866576577553538,0.0,0.0
5,random,alpha,8.0,0.0,2.866576577553538,0.0,0.0
5,random,alpha,16.0,0.0,2.866576577553538,0.0,0.0
5,random,alpha,32.0,0.0,2.866576577553538,0.0,0.0
5,random,alpha,64.0,0.0,2.866576577553538,0.0,0.0
5,random,alpha,128.0,0.0,2.866576577553538,0.0,0.0
5,random,z_mad,0.01,0.0,2.866576577553538,0.0,0.0
5,random,z_mad,0.02,0.0,2.866576577553538,0.0,0.0
5,random,z_mad,0.04,0.0,2.866576577553538,0.0,0.0
5,random,z_mad,0.08,0.0,2.866576577553538,0.0,0.0
5,random,z_mad,0.16,0.0,2.866576577553538,0.0,0.0
5,random,z_mad,0.32,0.0,2.866576577553538,0.0,0.0
5,random,z_mad,0.64,0.0,2.866576577553538,0.0,0.0
5,random,z_mad,1.28,0.0,2.866576577553538,0.0,0.0
5,random,z_mad,2.56,0.0,2.866576577553538,0.0,0.0
5,random,z_mad,5.12,0.0,2.866576577553538,0.0,0.0
5,random,z_mad,10.24,0.0,2.866576577553538,0.0,0.0
5,random,z_mad,20.48,0.0,2.866576577553538,0.0,0.0
5,random,z_sd,0.01,0.0,2.866576577553538,0.0,0.0
5,random,z_sd,0.02,0.0,2.866576577553538,0.0,0.0
5,random,z_sd,0.04,0.0,2.866576577553538,0.0,0.0
5,random,z_sd,0.08,0.0,2.866576577553538,0.0,0.0
5,random,z_sd,0.16,0.0,2.866576577553538,0.0,0.0
5,random,z_sd,0.32,0.0,2.866576577553538,0.0,0.0
5,random,z_sd,0.64,0.0,2.866576577553538,0.0,0.0
5,random,z_sd,1.28,0.0,2.866576577553538,0.0,0.0
5,random,z_sd,2.56,0.0,2.866576577553538,0.0,0.0
5,random,z_sd,5.12,0.0,2.866576577553538,0.0,0.0
5,random,z_sd,10.24,0.0,2.866576577553538,0.0,0.0
5,random,z_sd,20.48,0.0,2.866576577553538,0.0,0.0
6,concept,alpha,0.25,0.0,3.2275758330035513,0.0,0.0
6,concept,alpha,0.5,0.0,3.2275758330035513,0.0,0.0
6,concept,alpha,1.0,0.0,3.2275758330035513,0.0,0.0
6,concept,alpha,2.0,0.0,3.2275758330035513,0.0,0.0
6,concept,alpha,4.0,0.0,3.2275758330035513,0.0,0.0
6,concept,alpha,8.0,0.0,3.2275758330035513,0.0,0.0
6,concept,alpha,16.0,0.0,3.2275758330035513,0.0,0.0
6,concept,alpha,32.0,0.0,3.2275758330035513,0.0,0.0
6,concept,alpha,64.0,0.0,3.2275758330035513,0.0,0.0
6,concept,alpha,128.0,0.0,3.2275758330035513,0.0,0.0
6,concept,z_mad,0.01,0.0,3.2275758330035513,0.0,0.0
6,concept,z_mad,0.02,0.0,3.2275758330035513,0.0,0.0
6,concept,z_mad,0.04,0.0,3.2275758330035513,0.0,0.0
6,concept,z_mad,0.08,0.0,3.2275758330035513,0.0,0.0
6,concept,z_mad,0.16,0.0,3.2275758330035513,0.0,0.0
6,concept,z_mad,0.32,0.0,3.2275758330035513,0.0,0.0
6,concept,z_mad,0.64,0.0,3.2275758330035513,0.0,0.0
6,concept,z_mad,1.28,0.0,3.2275758330035513,0.0,0.0
6,concept,z_mad,2.56,0.0,3.2275758330035513,0.0,0.0
6,concept,z_mad,5.12,0.0,3.2275758330035513,0.0,0.0
6,concept,z_mad,10.24,0.0,3.2275758330035513,0.0,0.0
6,concept,z_mad,20.48,0.0,3.2275758330035513,0.0,0.0
6,concept,z_sd,0.01,0.0,3.2275758330035513,0.0,0.0
6,concept,z_sd,0.02,0.0,3.2275758330035513,0.0,0.0
6,concept,z_sd,0.04,0.0,3.2275758330035513,0.0,0.0
6,concept,z_sd,0.08,0.0,3.2275758330035513,0.0,0.0
6,concept,z_sd,0.16,0.0,3.2275758330035513,0.0,0.0
6,concept,z_sd,0.32,0.0,3.2275758330035513,0.0,0.0
6,concept,z_sd,0.64,0.0,3.2275758330035513,0.0,0.0
6,concept,z_sd,1.28,0.605479641597364,2.924836012204869,0.00375,0.0
6,concept,z_sd,2.56,1.0888690843198185,2.683141290843642,0.015625,0.0
6,concept,z_sd,5.12,1.186049124168377,2.6345512709193626,0.02,0.0
6,concept,z_sd,10.24,1.2339435957354121,2.6106040351358453,0.0225,0.0
6,concept,z_sd,20.48,1.2339435957354121,2.6106040351358453,0.0225,0.0
6,dropout,alpha,0.25,0.0,2.7364194385325056,0.0,0.0
6,dropout,alpha,0.5,0.0,2.7364194385325056,0.0,0.0
6,dropout,alpha,1.0,0.0,2.7364194385325056,0.0,0.0
6,dropout,alpha,2.0,0.0,2.7364194385325056,0.0,0.0
6,dropout,alpha,4.0,0.0,2.7364194385325056,0.0,0.0
6,dropout,alpha,8.0,0.0,2.7364194385325056,0.0,0.0
6,dropout,alpha,16.0,0.0,2.7364194385325056,0.0,0.0
6,dropout,alpha,32.0,0.0,2.7364194385325056,0.0,0.0
6,dropout,alpha,64.0,0.0,2.7364194385325056,0.0,0.0
6,dropout,alpha,128.0,0.49261086424246914,2.490114006411271,0.009375,0.0
6,dropout,z_mad,0.01,0.0,2.7364194385325056,0.0,0.0
6,dropout,z_mad,0.02,0.0,2.7364194385325056,0.0,0.0
6,dropout,z_mad,0.04,0.0,2.7364194385325056,0.0,0.0
6,dropout,z_mad,0.08,0.0,2.7364194385325056,0.0,0.0
6,dropout,z_mad,0.16,0.0,2.7364194385325056,0.0,0.0
6,dropout,z_mad,0.32,0.0,2.7364194385325056,0.0,0.0
6,dropout,z_mad,0.64,0.0,2.7364194385325056,0.0,0.0
6,dropout,z_mad,1.28,0.0,2.7364194385325056,0.0,0.0
6,dropout,z_mad,2.56,0.0,2.7364194385325056,0.0,0.0
6,dropout,z_mad,5.12,0.0,2.7364194385325056,0.0,0.0
6,dropout,z_mad,10.24,0.0,2.7364194385325056,0.0,0.0
6,dropout,z_mad,20.48,0.0,2.7364194385325056,0.0,0.0
6,dropout,z_sd,0.01,0.0,2.7364194385325056,0.0,0.0
6,dropout,z_sd,0.02,0.0,2.7364194385325056,0.0,0.0
6,dropout,z_sd,0.04,0.0,2.7364194385325056,0.0,0.0
6,dropout,z_sd,0.08,0.0,2.7364194385325056,0.0,0.0
6,dropout,z_sd,0.16,0.0,2.7364194385325056,0.0,0.0
6,dropout,z_sd,0.32,0.0,2.7364194385325056,0.0,0.0
6,dropout,z_sd,0.64,0.0,2.7364194385325056,0.0,0.0
6,dropout,z_sd,1.28,0.0,2.7364194385325056,0.0,0.0
6,dropout,z_sd,2.56,0.0,2.7364194385325056,0.0,0.0
6,dropout,z_sd,5.12,0.0,2.7364194385325056,0.0,0.0
6,dropout,z_sd,10.24,0.0,2.7364194385325056,0.0,0.0
6,dropout,z_sd,20.48,0.0,2.7364194385325056,0.0,0.0
6,noise,alpha,0.25,0.0,2.7364194385325056,0.0,0.0
6,noise,alpha,0.5,0.0,2.7364194385325056,0.0,0.0
6,noise,alpha,1.0,0.0,2.7364194385325056,0.0,0.0
6,noise,alpha,2.0,0.0,2.7364194385325056,0.0,0.0
6,noise,alpha,4.0,0.0,2.7364194385325056,0.0,0.0
6,noise,alpha,8.0,0.0,2.7364194385325056,0.0,0.0
6,noise,alpha,16.0,0.0,2.7364194385325056,0.0,0.0
6,noise,alpha,32.0,0.0,2.7364194385325056,0.0,0.0
6,noise,alpha,64.0,0.0,2.7364194385325056,0.0,0.0
6,noise,alpha,128.0,0.0,2.7364194385325056,0.0,0.0
6,noise,z_mad,0.01,0.0,2.7364194385325056,0.0,0.0
6,noise,z_mad,0.02,0.0,2.7364194385325056,0.0,0.0
6,noise,z_mad,0.04,0.0,2.7364194385325056,0.0,0.0
6,noise,z_mad,0.08,0.0,2.7364194385325056,0.0,0.0
6,noise,z_mad,0.16,0.0,2.7364194385325056,0.0,0.0
6,noise,z_mad,0.32,0.0,2.7364194385325056,0.0,0.0
6,noise,z_mad,0.64,0.0,2.7364194385325056,0.0,0.0
6,noise,z_mad,1.28,0.0,2.7364194385325056,0.0,0.0
6,noise,z_mad,2.56,0.0,2.7364194385325056,0.0,0.0
6,noise,z_mad,5.12,0.0,2.7364194385325056,0.0,0.0
6,noise,z_mad,10.24,0.0,2.7364194385325056,0.0,0.0
6,noise,z_mad,20.48,0.0,2.7364194385325056,0.0,0.0
6,noise,z_sd,0.01,0.0,2.7364194385325056,0.0,0.0
6,noise,z_sd,0.02,0.0,2.7364194385325056,0.0,0.0
6,noise,z_sd,0.04,0.0,2.7364194385325056,0.0,0.0
6,noise,z_sd,0.08,0.0,2.7364194385325056,0.0,0.0
6,noise,z_sd,0.16,0.0,2.7364194385325056,0.0,0.0
6,noise,z_sd,0.32,0.0,2.7364194385325056,0.0,0.0
6,noise,z_sd,0.64,0.0,2.7364194385325056,0.0,0.0
6,noise,z_sd,1.28,0.0,2.7364194385325056,0.0,0.0
6,noise,z_sd,2.56,0.0,2.7364194385325056,0.0,0.0
6,noise,z_sd,5.12,0.0,2.7364194385325056,0.0,0.0
6,noise,z_sd,10.24,0.0,2.7364194385325056,0.0,0.0
6,noise,z_sd,20.48,0.0,2.7364194385325056,0.0,0.0
6,random,alpha,0.25,0.0,2.866576577553538,0.0,0.0
6,random,alpha,0.5,0.0,2.866576577553538,0.0,0.0
6,random,alpha,1.0,0.0,2.866576577553538,0.0,0.0
6,random,alpha,2.0,0.0,2.866576577553538,0.0,0.0
6,random,alpha,4.0,0.0,2.866576577553538,0.0,0.0
6,random,alpha,8.0,0.0,2.866576577553538,0.0,0.0
6,random,alpha,16.0,0.0,2.866576577553538,0.0,0.0
6,random,alpha,32.0,0.0,2.866576577553538,0.0,0.0
6,random,alpha,64.0,0.0,2.866576577553538,0.0,0.0
6,random,alpha,128.0,0.0,2.866576577553538,0.0,0.0
6,random,z_mad,0.01,0.0,2.866576577553538,0.0,0.0
6,random,z_mad,0.02,0.0,2.866576577553538,0.0,0.0
6,random,z_mad,0.04,0.0,2.866576577553538,0.0,0.0
6,random,z_mad,0.08,0.0,2.866576577553538,0.0,0.0
6,random,z_mad,0.16,0.0,2.866576577553538,0.0,0.0
6,random,z_mad,0.32,0.0,2.866576577553538,0.0,0.0
6,random,z_mad,0.64,0.0,2.866576577553538,0.0,0.0
6,random,z_mad,1.28,0.0,2.866576577553538,0.0,0.0
6,random,z_mad,2.56,0.0,2.866576577553538,0.0,0.0
6,random,z_mad,5.12,0.0,2.866576577553538,0.0,0.0
6,random,z_mad,10.24,0.0,2.866576577553538,0.0,0.0
6,random,z_mad,20.48,0.0,2.866576577553538,0.0,0.0
6,random,z_sd,0.01,0.0,2.866576577553538,0.0,0.0
6,random,z_sd,0.02,0.0,2.866576577553538,0.0,0.0
6,random,z_sd,0.04,0.0,2.866576577553538,0.0,0.0
6,random,z_sd,0.08,0.0,2.866576577553538,0.0,0.0
6,random,z_sd,0.16,0.0,2.866576577553538,0.0,0.0
6,random,z_sd,0.32,0.0,2.866576577553538,0.0,0.0
6,random,z_sd,0.64,0.0,2.866576577553538,0.0,0.0
6,random,z_sd,1.28,0.0,2.866576577553538,0.0,0.0
6,random,z_sd,2.56,0.0,2.866576577553538,0.0,0.0
6,random,z_sd,5.12,0.0,2.866576577553538,0.0,0.0
6,random,z_sd,10.24,0.0,2.866576577553538,0.0,0.0
6,random,z_sd,20.48,0.0,2.866576577553538,0.0,0.0
7,concept,alpha,0.25,0.0,3.2275758330035513,0.0,0.0
7,concept,alpha,0.5,0.0,3.2275758330035513,0.0,0.0
7,concept,alpha,1.0,0.0,3.2275758330035513,0.0,0.0
7,concept,alpha,2.0,0.0,3.2275758330035513,0.0,0.0
7,concept,alpha,4.0,0.0,3.2275758330035513,0.0,0.0
7,concept,alpha,8.0,0.0,3.2275758330035513,0.0,0.0
7,concept,alpha,16.0,0.0,3.2275758330035513,0.0,0.0
7,concept,alpha,32.0,0.0,3.2275758330035513,0.0,0.0
7,concept,alpha,64.0,0.20385641204903893,3.125647626979032,0.000625,0.0
7,concept,alpha,128.0,1.2339435957354121,2.6106040351358453,0.0225,0.0
7,concept,z_mad,0.01,0.0,3.2275758330035513,0.0,0.0
7,concept,z_mad,0.02,0.0,3.2275758330035513,0.0,0.0
7,concept,z_mad,0.04,0.0,3.2275758330035513,0.0,0.0
7,concept,z_mad,0.08,0.0,3.2275758330035513,0.0,0.0
7,concept,z_mad,0.16,0.0,3.2275758330035513,0.0,0.0
7,concept,z_mad,0.32,0.0,3.2275758330035513,0.0,0.0
7,concept,z_mad,0.64,0.0,3.2275758330035513,0.0,0.0
7,concept,z_mad,1.28,0.0,3.2275758330035513,0.0,0.0
7,concept,z_mad,2.56,0.0,3.2275758330035513,0.0,0.0
7,concept,z_mad,5.12,0.0,3.2275758330035513,0.0,0.0
7,concept,z_mad,10.24,0.0,3.2275758330035513,0.0,0.0
7,concept,z_mad,20.48,0.0,3.2275758330035513,0.0,0.0
7,concept,z_sd,0.01,0.0,3.2275758330035513,0.0,0.0
7,concept,z_sd,0.02,0.0,3.2275758330035513,0.0,0.0
7,concept,z_sd,0.04,0.0,3.2275758330035513,0.0,0.0
7,concept,z_sd,0.08,0.0,3.2275758330035513,0.0,0.0
7,concept,z_sd,0.16,0.0,3.2275758330035513,0.0,0.0
7,concept,z_sd,0.32,0.0,3.2275758330035513,0.0,0.0
7,concept,z_sd,0.64,1.0888690843198185,2.683141290843642,0.015625,0.0
7,concept,z_sd,1.28,1.5510383407127637,2.4520566626471694,0.04625,0.0
7,concept,z_sd,2.56,1.7370266712180151,2.359062497394544,0.0675,0.0
7,concept,z_sd,5.12,1.7829545617873857,2.3360985521098585,0.07375,0.0
7,concept,z_sd,10.24,1.809110425793143,2.3230206201069796,0.0775,0.0
7,concept,z_sd,20.48,1.8133764557589418,2.3208876051240805,0.078125,0.0
7,dropout,alpha,0.25,0.0,2.7364194385325056,0.0,0.0
7,dropout,alpha,0.5,0.0,2.7364194385325056,0.0,0.0
7,dropout,alpha,1.0,0.0,2.7364194385325056,0.0,0.0
7,dropout,alpha,2.0,0.0,2.7364194385325056,0.0,0.0
7,dropout,alpha,4.0,0.0,2.7364194385325056,0.0,0.0
7,dropout,alpha,8.0,0.0,2.7364194385325056,0.0,0.0
7,dropout,alpha,16.0,0.0,2.7364194385325056,0.0,0.0
7,dropout,alpha,32.0,0.0,2.7364194385325056,0.0,0.0
7,dropout,alpha,64.0,0.0,2.7364194385325056,0.0,0.0
7,dropout,alpha,128.0,0.0,2.7364194385325056,0.0,0.0
7,dropout,z_mad,0.01,0.0,2.7364194385325056,0.0,0.0
7,dropout,z_mad,0.02,0.0,2.7364194385325056,0.0,0.0
7,dropout,z_mad,0.04,0.0,2.7364194385325056,0.0,0.0
7,dropout,z_mad,0.08,0.0,2.7364194385325056,0.0,0.0
7,dropout,z_mad,0.16,0.0,2.7364194385325056,0.0,0.0
7,dropout,z_mad,0.32,0.0,2.7364194385325056,0.0,0.0
7,dropout,z_mad,0.64,0.0,2.7364194385325056,0.0,0.0
7,dropout,z_mad,1.28,0.0,2.7364194385325056,0.0,0.0
7,dropout,z_mad,2.56,0.0,2.7364194385325056,0.0,0.0
7,dropout,z_mad,5.12,0.0,2.7364194385325056,0.0,0.0
7,dropout,z_mad,10.24,0.0,2.7364194385325056,0.0,0.0
7,dropout,z_mad,20.48,0.0,2.7364194385325056,0.0,0.0
7,dropout,z_sd,0.01,0.0,2.7364194385325056,0.0,0.0
7,dropout,z_sd,0.02,0.0,2.7364194385325056,0.0,0.0
7,dropout,z_sd,0.04,0.0,2.7364194385325056,0.0,0.0
7,dropout,z_sd,0.08,0.0,2.7364194385325056,0.0,0.0
7,dropout,z_sd,0.16,0.0,2.7364194385325056,0.0,0.0
7,dropout,z_sd,0.32,0.0,2.7364194385325056,0.0,0.0
7,dropout,z_sd,0.64,0.0,2.7364194385325056,0.0,0.0
7,dropout,z_sd,1.28,0.0,2.7364194385325056,0.0,0.0
7,dropout,z_sd,2.56,0.0,2.7364194385325056,0.0,0.0
7,dropout,z_sd,5.12,0.0,2.7364194385325056,0.0,0.0
7,dropout,z_sd,10.24,0.0,2.7364194385325056,0.0,0.0
7,dropout,z_sd,20.48,0.3836371517576267,2.5446008626536925,0.00625,0.0
7,noise,alpha,0.25,0.0,2.7364194385325056,0.0,0.0
7,noise,alpha,0.5,0.0,2.7364194385325056,0.0,0.0
7,noise,alpha,1.0,0.0,2.7364194385325056,0.0,0.0
7,noise,alpha,2.0,0.0,2.7364194385325056,0.0,0.0
7,noise,alpha,4.0,0.0,2.7364194385325056,0.0,0.0
7,noise,alpha,8.0,0.0,2.7364194385325056,0.0,0.0
7,noise,alpha,16.0,0.0,2.7364194385325056,0.0,0.0
7,noise,alpha,32.0,0.0,2.7364194385325056,0.0,0.0
7,noise,alpha,64.0,0.0,2.7364194385325056,0.0,0.0
7,noise,alpha,128.0,0.0,2.7364194385325056,0.0,0.0
7,noise,z_mad,0.01,0.0,2.7364194385325056,0.0,0.0
7,noise,z_mad,0.02,0.0,2.7364194385325056,0.0,0.0
7,noise,z_mad,0.04,0.0,2.7364194385325056,0.0,0.0
7,noise,z_mad,0.08,0.0,2.7364194385325056,0.0,0.0
7,noise,z_mad,0.16,0.0,2.7364194385325056,0.0,0.0
7,noise,z_mad,0.32,0.0,2.7364194385325056,0.0,0.0
7,noise,z_mad,0.64,0.0,2.7364194385325056,0.0,0.0
7,noise,z_mad,1.28,0.0,2.7364194385325056,0.0,0.0
7,noise,z_mad,2.56,0.0,2.7364194385325056,0.0,0.0
7,noise,z_mad,5.12,0.0,2.7364194385325056,0.0,0.0
7,noise,z_mad,10.24,0.0,2.7364194385325056,0.0,0.0
7,noise,z_mad,20.48,0.0,2.7364194385325056,0.0,0.0
7,noise,z_sd,0.01,0.0,2.7364194385325056,0.0,0.0
7,noise,z_sd,0.02,0.0,2.7364194385325056,0.0,0.0
7,noise,z_sd,0.04,0.0,2.7364194385325056,0.0,0.0
7,noise,z_sd,0.08,0.0,2.7364194385325056,0.0,0.0
7,noise,z_sd,0.16,0.0,2.7364194385325056,0.0,0.0
7,noise,z_sd,0.32,0.0,2.7364194385325056,0.0,0.0
7,noise,z_sd,0.64,0.0,2.7364194385325056,0.0,0.0
7,noise,z_sd,1.28,0.0,2.7364194385325056,0.0,0.0
7,noise,z_sd,2.56,0.0,2.7364194385325056,0.0,0.0
7,noise,z_sd,5.12,0.0,2.7364194385325056,0.0,0.0
7,noise,z_sd,10.24,0.0,2.7364194385325056,0.0,0.0
7,noise,z_sd,20.48,0.0,2.7364194385325056,0.0,0.0
7,random,alpha,0.25,0.0,2.866576577553538,0.0,0.0
7,random,alpha,0.5,0.0,2.866576577553538,0.0,0.0
7,random,alpha,1.0,0.0,2.866576577553538,0.0,0.0
7,random,alpha,2.0,0.0,2.866576577553538,0.0,0.0
7,random,alpha,4.0,0.0,2.866576577553538,0.0,0.0
7,random,alpha,8.0,0.0,2.866576577553538,0.0,0.0
7,random,alpha,16.0,0.0,2.866576577553538,0.0,0.0
7,random,alpha,32.0,0.0,2.866576577553538,0.0,0.0
7,random,alpha,64.0,0.36739732434556593,2.682877915380755,0.004166666666666667,0.0
7,random,alpha,128.0,1.5462379722098056,2.0934575914486353,0.09166666666666666,0.0
7,random,z_mad,0.01,0.0,2.866576577553538,0.0,0.0
7,random,z_mad,0.02,0.0,2.866576577553538,0.0,0.0
7,random,z_mad,0.04,0.0,2.866576577553538,0.0,0.0
7,random,z_mad,0.08,0.0,2.866576577553538,0.0,0.0
7,random,z_mad,0.16,0.0,2.866576577553538,0.0,0.0
7,random,z_mad,0.32,0.0,2.866576577553538,0.0,0.0
7,random,z_mad,0.64,0.0,2.866576577553538,0.0,0.0
7,random,z_mad,1.28,0.0,2.866576577553538,0.0,0.0
7,random,z_mad,2.56,0.0,2.866576577553538,0.0,0.0
7,random,z_mad,5.12,0.0,2.866576577553538,0.0,0.0
7,random,z_mad,10.24,0.0,2.866576577553538,0.0,0.0
7,random,z_mad,20.48,0.0,2.866576577553538,0.0,0.0
7,random,z_sd,0.01,0.0,2.866576577553538,0.0,0.0
7,random,z_sd,0.02,0.0,2.866576577553538,0.0,0.0
7,random,z_sd,0.04,0.0,2.866576577553538,0.0,0.0
7,random,z_sd,0.08,0.0,2.866576577553538,0.0,0.0
7,random,z_sd,0.16,0.0,2.866576577553538,0.0,0.0
7,random,z_sd,0.32,0.0,2.866576577553538,0.0,0.0
7,random,z_sd,0.64,0.0,2.866576577553538,0.0,0.0
7,random,z_sd,1.28,0.0,2.866576577553538,0.0,0.0
7,random,z_sd,2.56,0.0,2.866576577553538,0.0,0.0
7,random,z_sd,5.12,0.0,2.866576577553538,0.0,0.0
7,random,z_sd,10.24,0.0,2.866576577553538,0.0,0.0
7,random,z_sd,20.48,1.199180557021455,2.2669862990428107,0.04583333333333333,0.0
8,concept,alpha,0.25,0.0,3.2275758330035513,0.0,0.0
8,concept,alpha,0.5,0.0,3.2275758330035513,0.0,0.0
8,concept,alpha,1.0,0.0,3.2275758330035513,0.0,0.0
8,concept,alpha,2.0,0.0,3.2275758330035513,0.0,0.0
8,concept,alpha,4.0,0.0,3.2275758330035513,0.0,0.0
8,concept,alpha,8.0,0.0,3.2275758330035513,0.0,0.0
8,concept,alpha,16.0,0.0,3.2275758330035513,0.0,0.0
8,concept,alpha,32.0,0.0,3.2275758330035513,0.0,0.0
8,concept,alpha,64.0,0.0,3.2275758330035513,0.0,0.0
8,concept,alpha,128.0,1.1467863969640084,2.654182634521547,0.018125,0.0
8,concept,z_mad,0.01,0.0,3.2275758330035513,0.0,0.0
8,concept,z_mad,0.02,0.0,3.2275758330035513,0.0,0.0
8,concept,z_mad,0.04,0.0,3.2275758330035513,0.0,0.0
8,concept,z_mad,0.08,0.0,3.2275758330035513,0.0,0.0
8,concept,z_mad,0.16,0.0,3.2275758330035513,0.0,0.0
8,concept,z_mad,0.32,0.0,3.2275758330035513,0.0,0.0
8,concept,z_mad,0.64,0.0,3.2275758330035513,0.0,0.0
8,concept,z_mad,1.28,0.0,3.2275758330035513,0.0,0.0
8,concept,z_mad,2.56,0.0,3.2275758330035513,0.0,0.0
8,concept,z_mad,5.12,0.0,3.2275758330035513,0.0,0.0
8,concept,z_mad,10.24,0.0,3.2275758330035513,0.0,0.0
8,concept,z_mad,20.48,0.0,3.2275758330035513,0.0,0.0
8,concept,z_sd,0.01,0.0,3.2275758330035513,0.0,0.0
8,concept,z_sd,0.02,0.0,3.2275758330035513,0.0,0.0
8,concept,z_sd,0.04,0.0,3.2275758330035513,0.0,0.0
8,concept,z_sd,0.08,0.0,3.2275758330035513,0.0,0.0
8,concept,z_sd,0.16,0.0,3.2275758330035513,0.0,0.0
8,concept,z_sd,0.32,0.0,3.2275758330035513,0.0,0.0
8,concept,z_sd,0.64,0.945280503585781,2.7549355812106606,0.010625,0.0
8,concept,z_sd,1.28,1.4310409378331967,2.5120553640869527,0.035625,0.0
8,concept,z_sd,2.56,1.4763099690026567,2.489420848502223,0.039375,0.0
8,concept,z_sd,5.12,1.524955812758996,2.465097926624053,0.04375,0.0
8,concept,z_sd,10.24,1.531585128453282,2.4617832687769106,0.044375,0.0
8,concept,z_sd,20.48,1.5446245326192178,2.4552635666939424,0.045625,0.0
8,dropout,alpha,0.25,0.0,2.7364194385325056,0.0,0.0
8,dropout,alpha,0.5,0.0,2.7364194385325056,0.0,0.0
8,dropout,alpha,1.0,0.0,2.7364194385325056,0.0,0.0
8,dropout,alpha,2.0,0.0,2.7364194385325056,0.0,0.0
8,dropout,alpha,4.0,0.0,2.7364194385325056,0.0,0.0
8,dropout,alpha,8.0,0.0,2.7364194385325056,0.0,0.0
8,dropout,alpha,16.0,0.0,2.7364194385325056,0.0,0.0
8,dropout,alpha,32.0,0.0,2.7364194385325056,0.0,0.0
8,dropout,alpha,64.0,0.0,2.7364194385325056,0.0,0.0
8,dropout,alpha,128.0,0.0,2.7364194385325056,0.0,0.0
8,dropout,z_mad,0.01,0.0,2.7364194385325056,0.0,0.0
8,dropout,z_mad,0.02,0.0,2.7364194385325056,0.0,0.0
8,dropout,z_mad,0.04,0.0,2.7364194385325056,0.0,0.0
8,dropout,z_mad,0.08,0.0,2.7364194385325056,0.0,0.0
8,dropout,z_mad,0.16,0.0,2.7364194385325056,0.0,0.0
8,dropout,z_mad,0.32,0.0,2.7364194385325056,0.0,0.0
8,dropout,z_mad,0.64,0.0,2.7364194385325056,0.0,0.0
8,dropout,z_mad,1.28,0.0,2.7364194385325056,0.0,0.0
8,dropout,z_mad,2.56,0.0,2.7364194385325056,0.0,0.0
8,dropout,z_mad,5.12,0.0,2.7364194385325056,0.0,0.0
8,dropout,z_mad,10.24,0.0,2.7364194385325056,0.0,0.0
8,dropout,z_mad,20.48,0.0,2.7364194385325056,0.0,0.0
8,dropout,z_sd,0.01,0.0,2.7364194385325056,0.0,0.0
8,dropout,z_sd,0.02,0.0,2.7364194385325056,0.0,0.0
8,dropout,z_sd,0.04,0.0,2.7364194385325056,0.0,0.0
8,dropout,z_sd,0.08,0.0,2.7364194385325056,0.0,0.0
8,dropout,z_sd,0.16,0.0,2.7364194385325056,0.0,0.0
8,dropout,z_sd,0.32,0.0,2.7364194385325056,0.0,0.0
8,dropout,z_sd,0.64,0.0,2.7364194385325056,0.0,0.0
8,dropout,z_sd,1.28,0.0,2.7364194385325056,0.0,0.0
8,dropout,z_sd,2.56,0.0,2.7364194385325056,0.0,0.0
8,dropout,z_sd,5.12,0.0,2.7364194385325056,0.0,0.0
8,dropout,z_sd,10.24,0.0,2.7364194385325056,0.0,0.0
8,dropout,z_sd,20.48,0.0,2.7364194385325056,0.0,0.0
8,noise,alpha,0.25,0.0,2.7364194385325056,0.0,0.0
8,noise,alpha,0.5,0.0,2.7364194385325056,0.0,0.0
8,noise,alpha,1.0,0.0,2.7364194385325056,0.0,0.0
8,noise,alpha,2.0,0.0,2.7364194385325056,0.0,0.0
8,noise,alpha,4.0,0.0,2.7364194385325056,0.0,0.0
8,noise,alpha,8.0,0.0,2.7364194385325056,0.0,0.0
8,noise,alpha,16.0,0.0,2.7364194385325056,0.0,0.0
8,noise,alpha,32.0,0.0,2.7364194385325056,0.0,0.0
8,noise,alpha,64.0,0.0,2.7364194385325056,0.0,0.0
8,noise,alpha,128.0,0.0,2.7364194385325056,0.0,0.0
8,noise,z_mad,0.01,0.0,2.7364194385325056,0.0,0.0
8,noise,z_mad,0.02,0.0,2.7364194385325056,0.0,0.0
8,noise,z_mad,0.04,0.0,2.7364194385325056,0.0,0.0
8,noise,z_mad,0.08,0.0,2.7364194385325056,0.0,0.0
8,noise,z_mad,0.16,0.0,2.7364194385325056,0.0,0.0
8,noise,z_mad,0.32,0.0,2.7364194385325056,0.0,0.0
8,noise,z_mad,0.64,0.0,2.7364194385325056,0.0,0.0
8,noise,z_mad,1.28,0.0,2.7364194385325056,0.0,0.0
8,noise,z_mad,2.56,0.0,2.7364194385325056,0.0,0.0
8,noise,z_mad,5.12,0.0,2.7364194385325056,0.0,0.0
8,noise,z_mad,10.24,0.0,2.7364194385325056,0.0,0.0
8,noise,z_mad,20.48,0.0,2.7364194385325056,0.0,0.0
8,noise,z_sd,0.01,0.0,2.7364194385325056,0.0,0.0
8,noise,z_sd,0.02,0.0,2.7364194385325056,0.0,0.0
8,noise,z_sd,0.04,0.0,2.7364194385325056,0.0,0.0
8,noise,z_sd,0.08,0.0,2.7364194385325056,0.0,0.0
8,noise,z_sd,0.16,0.0,2.7364194385325056,0.0,0.0
8,noise,z_sd,0.32,0.0,2.7364194385325056,0.0,0.0
8,noise,z_sd,0.64,0.0,2.7364194385325056,0.0,0.0
8,noise,z_sd,1.28,0.0,2.7364194385325056,0.0,0.0
8,noise,z_sd,2.56,0.0,2.7364194385325056,0.0,0.0
8,noise,z_sd,5.12,0.0,2.7364194385325056,0.0,0.0
8,noise,z_sd,10.24,0.0,2.7364194385325056,0.0,0.0
8,noise,z_sd,20.48,0.0,2.7364194385325056,0.0,0.0
8,random,alpha,0.25,0.0,2.866576577553538,0.0,0.0
8,random,alpha,0.5,0.0,2.866576577553538,0.0,0.0
8,random,alpha,1.0,0.0,2.866576577553538,0.0,0.0
8,random,alpha,2.0,0.0,2.866576577553538,0.0,0.0
8,random,alpha,4.0,0.0,2.866576577553538,0.0,0.0
8,random,alpha,8.0,0.0,2.866576577553538,0.0,0.0
8,random,alpha,16.0,0.0,2.866576577553538,0.0,0.0
8,random,alpha,32.0,0.0,2.866576577553538,0.0,0.0
8,random,alpha,64.0,0.0,2.866576577553538,0.0,0.0
8,random,alpha,128.0,0.0,2.866576577553538,0.0,0.0
8,random,z_mad,0.01,0.0,2.866576577553538,0.0,0.0
8,random,z_mad,0.02,0.0,2.866576577553538,0.0,0.0
8,random,z_mad,0.04,0.0,2.866576577553538,0.0,0.0
8,random,z_mad,0.08,0.0,2.866576577553538,0.0,0.0
8,random,z_mad,0.16,0.0,2.866576577553538,0.0,0.0
8,random,z_mad,0.32,0.0,2.866576577553538,0.0,0.0
8,random,z_mad,0.64,0.0,2.866576577553538,0.0,0.0
8,random,z_mad,1.28,0.0,2.866576577553538,0.0,0.0
8,random,z_mad,2.56,0.0,2.866576577553538,0.0,0.0
8,random,z_mad,5.12,0.0,2.866576577553538,0.0,0.0
8,random,z_mad,10.24,0.0,2.866576577553538,0.0,0.0
8,random,z_mad,20.48,0.0,2.866576577553538,0.0,0.0
8,random,z_sd,0.01,0.0,2.866576577553538,0.0,0.0
8,random,z_sd,0.02,0.0,2.866576577553538,0.0,0.0
8,random,z_sd,0.04,0.0,2.866576577553538,0.0,0.0
8,random,z_sd,0.08,0.0,2.866576577553538,0.0,0.0
8,random,z_sd,0.16,0.0,2.866576577553538,0.0,0.0
8,random,z_sd,0.32,0.0,2.866576577553538,0.0,0.0
8,random,z_sd,0.64,0.0,2.866576577553538,0.0,0.0
8,random,z_sd,1.28,0.0,2.866576577553538,0.0,0.0
8,random,z_sd,2.56,0.0,2.866576577553538,0.0,0.0
8,random,z_sd,5.12,0.0,2.866576577553538,0.0,0.0
8,random,z_sd,10.24,0.0,2.866576577553538,0.0,0.0
8,random,z_sd,20.48,0.0,2.866576577553538,0.0,0.0
9,concept,alpha,0.25,0.0,3.2275758330035513,0.0,0.0
9,concept,alpha,0.5,0.0,3.2275758330035513,0.0,0.0
9,concept,alpha,1.0,0.0,3.2275758330035513,0.0,0.0
9,concept,alpha,2.0,0.0,3.2275758330035513,0.0,0.0
9,concept,alpha,4.0,0.0,3.2275758330035513,0.0,0.0
9,concept,alpha,8.0,0.0,3.2275758330035513,0.0,0.0
9,concept,alpha,16.0,0.0,3.2275758330035513,0.0,0.0
9,concept,alpha,32.0,0.0,3.2275758330035513,0.0,0.0
9,concept,alpha,64.0,1.1733109582350028,2.6409203538860497,0.019375,0.0
9,concept,alpha,128.0,1.588145148308568,2.4335032588492673,0.05,0.0
9,concept,z_mad,0.01,0.0,3.2275758330035513,0.0,0.0
9,concept,z_mad,0.02,0.0,3.2275758330035513,0.0,0.0
9,concept,z_mad,0.04,0.0,3.2275758330035513,0.0,0.0
9,concept,z_mad,0.08,0.0,3.2275758330035513,0.0,0.0
9,concept,z_mad,0.16,0.0,3.2275758330035513,0.0,0.0
9,concept,z_mad,0.32,0.0,3.2275758330035513,0.0,0.0
9,concept,z_mad,0.64,0.0,3.2275758330035513,0.0,0.0
9,concept,z_mad,1.28,0.0,3.2275758330035513,0.0,0.0
9,concept,z_mad,2.56,0.0,3.2275758330035513,0.0,0.0
9,concept,z_mad,5.12,0.0,3.2275758330035513,0.0,0.0
9,concept,z_mad,10.24,0.0,3.2275758330035513,0.0,0.0
9,concept,z_mad,20.48,0.0,3.2275758330035513,0.0,0.0
9,concept,z_sd,0.01,0.0,3.2275758330035513,0.0,0.0
9,concept,z_sd,0.02,0.0,3.2275758330035513,0.0,0.0
9,concept,z_sd,0.04,0.0,3.2275758330035513,0.0,0.0
9,concept,z_sd,0.08,0.0,3.2275758330035513,0.0,0.0
9,concept,z_sd,0.16,0.0,3.2275758330035513,0.0,0.0
9,concept,z_sd,0.32,0.0,3.2275758330035513,0.0,0.0
9,concept,z_sd,0.64,1.588145148308568,2.4335032588492673,0.05,0.0
9,concept,z_sd,1.28,1.588145148308568,2.4335032588492673,0.05,0.0
9,concept,z_sd,2.56,1.588145148308568,2.4335032588492673,0.05,0.0
9,concept,z_sd,5.12,1.588145148308568,2.4335032588492673,0.05,0.0
9,concept,z_sd,10.24,1.588145148308568,2.4335032588492673,0.05,0.0
9,concept,z_sd,20.48,1.588145148308568,2.4335032588492673,0.05,0.0
9,dropout,alpha,0.25,0.0,2.7364194385325056,0.0,0.0
9,dropout,alpha,0.5,0.0,2.7364194385325056,0.0,0.0
9,dropout,alpha,1.0,0.0,2.7364194385325056,0.0,0.0
9,dropout,alpha,2.0,0.0,2.7364194385325056,0.0,0.0
9,dropout,alpha,4.0,0.0,2.7364194385325056,0.0,0.0
9,dropout,alpha,8.0,0.0,2.7364194385325056,0.0,0.0
9,dropout,alpha,16.0,0.0,2.7364194385325056,0.0,0.0
9,dropout,alpha,32.0,0.0,2.7364194385325056,0.0,0.0
9,dropout,alpha,64.0,0.0,2.7364194385325056,0.0,0.0
9,dropout,alpha,128.0,0.5800637333406797,2.4463875718621657,0.0125,0.0
9,dropout,z_mad,0.01,0.0,2.7364194385325056,0.0,0.0
9,dropout,z_mad,0.02,0.0,2.7364194385325056,0.0,0.0
9,dropout,z_mad,0.04,0.0,2.7364194385325056,0.0,0.0
9,dropout,z_mad,0.08,0.0,2.7364194385325056,0.0,0.0
9,dropout,z_mad,0.16,0.0,2.7364194385325056,0.0,0.0
9,dropout,z_mad,0.32,0.0,2.7364194385325056,0.0,0.0
9,dropout,z_mad,0.64,0.0,2.7364194385325056,0.0,0.0
9,dropout,z_mad,1.28,0.0,2.7364194385325056,0.0,0.0
9,dropout,z_mad,2.56,0.0,2.7364194385325056,0.0,0.0
9,dropout,z_mad,5.12,0.0,2.7364194385325056,0.0,0.0
9,dropout,z_mad,10.24,0.0,2.7364194385325056,0.0,0.0
9,dropout,z_mad,20.48,0.0,2.7364194385325056,0.0,0.0
9,dropout,z_sd,0.01,0.0,2.7364194385325056,0.0,0.0
9,dropout,z_sd,0.02,0.0,2.7364194385325056,0.0,0.0
9,dropout,z_sd,0.04,0.0,2.7364194385325056,0.0,0.0
9,dropout,z_sd,0.08,0.0,2.7364194385325056,0.0,0.0
9,dropout,z_sd,0.16,0.0,2.7364194385325056,0.0,0.0
9,dropout,z_sd,0.32,0.0,2.7364194385325056,0.0,0.0
9,dropout,z_sd,0.64,0.0,2.7364194385325056,0.0,0.0
9,dropout,z_sd,1.28,0.0,2.7364194385325056,0.0,0.0
9,dropout,z_sd,2.56,0.0,2.7364194385325056,0.0,0.0
9,dropout,z_sd,5.12,0.0,2.7364194385325056,0.0,0.0
9,dropout,z_sd,10.24,0.0,2.7364194385325056,0.0,0.0
9,dropout,z_sd,20.48,0.0,2.7364194385325056,0.0,0.0
9,noise,alpha,0.25,0.0,2.7364194385325056,0.0,0.0
9,noise,alpha,0.5,0.0,2.7364194385325056,0.0,0.0
9,noise,alpha,1.0,0.0,2.7364194385325056,0.0,0.0
9,noise,alpha,2.0,0.0,2.7364194385325056,0.0,0.0
9,noise,alpha,4.0,0.0,2.7364194385325056,0.0,0.0
9,noise,alpha,8.0,0.0,2.7364194385325056,0.0,0.0
9,noise,alpha,16.0,0.0,2.7364194385325056,0.0,0.0
9,noise,alpha,32.0,0.0,2.7364194385325056,0.0,0.0
9,noise,alpha,64.0,0.0,2.7364194385325056,0.0,0.0
9,noise,alpha,128.0,0.0,2.7364194385325056,0.0,0.0
9,noise,z_mad,0.01,0.0,2.7364194385325056,0.0,0.0
9,noise,z_mad,0.02,0.0,2.7364194385325056,0.0,0.0
9,noise,z_mad,0.04,0.0,2.7364194385325056,0.0,0.0
9,noise,z_mad,0.08,0.0,2.7364194385325056,0.0,0.0
9,noise,z_mad,0.16,0.0,2.7364194385325056,0.0,0.0
9,noise,z_mad,0.32,0.0,2.7364194385325056,0.0,0.0
9,noise,z_mad,0.64,0.0,2.7364194385325056,0.0,0.0
9,noise,z_mad,1.28,0.0,2.7364194385325056,0.0,0.0
9,noise,z_mad,2.56,0.0,2.7364194385325056,0.0,0.0
9,noise,z_mad,5.12,0.0,2.7364194385325056,0.0,0.0
9,noise,z_mad,10.24,0.0,2.7364194385325056,0.0,0.0
9,noise,z_mad,20.48,0.0,2.7364194385325056,0.0,0.0
9,noise,z_sd,0.01,0.0,2.7364194385325056,0.0,0.0
9,noise,z_sd,0.02,0.0,2.7364194385325056,0.0,0.0
9,noise,z_sd,0.04,0.0,2.7364194385325056,0.0,0.0
9,noise,z_sd,0.08,0.0,2.7364194385325056,0.0,0.0
9,noise,z_sd,0.16,0.0,2.7364194385325056,0.0,0.0
9,noise,z_sd,0.32,0.0,2.7364194385325056,0.0,0.0
9,noise,z_sd,0.64,0.0,2.7364194385325056,0.0,0.0
9,noise,z_sd,1.28,0.0,2.7364194385325056,0.0,0.0
9,noise,z_sd,2.56,0.0,2.7364194385325056,0.0,0.0
9,noise,z_sd,5.12,0.0,2.7364194385325056,0.0,0.0
9,noise,z_sd,10.24,0.0,2.7364194385325056,0.0,0.0
9,noise,z_sd,20.48,0.0,2.7364194385325056,0.0,0.0
9,random,alpha,0.25,0.0,2.866576577553538,0.0,0.0
9,random,alpha,0.5,0.0,2.866576577553538,0.0,0.0
9,random,alpha,1.0,0.0,2.866576577553538,0.0,0.0
9,random,alpha,2.0,0.0,2.866576577553538,0.0,0.0
9,random,alpha,4.0,0.0,2.866576577553538,0.0,0.0
9,random,alpha,8.0,0.0,2.866576577553538,0.0,0.0
9,random,alpha,16.0,0.0,2.866576577553538,0.0,0.0
9,random,alpha,32.0,0.0,2.866576577553538,0.0,0.0
9,random,alpha,64.0,0.0,2.866576577553538,0.0,0.0
9,random,alpha,128.0,0.0,2.866576577553538,0.0,0.0
9,random,z_mad,0.01,0.0,2.866576577553538,0.0,0.0
9,random,z_mad,0.02,0.0,2.866576577553538,0.0,0.0
9,random,z_mad,0.04,0.0,2.866576577553538,0.0,0.0
9,random,z_mad,0.08,0.0,2.866576577553538,0.0,0.0
9,random,z_mad,0.16,0.0,2.866576577553538,0.0,0.0
9,random,z_mad,0.32,0.0,2.866576577553538,0.0,0.0
9,random,z_mad,0.64,0.0,2.866576577553538,0.0,0.0
9,random,z_mad,1.28,0.0,2.866576577553538,0.0,0.0
9,random,z_mad,2.56,0.0,2.866576577553538,0.0,0.0
9,random,z_mad,5.12,0.0,2.866576577553538,0.0,0.0
9,random,z_mad,10.24,0.0,2.866576577553538,0.0,0.0
9,random,z_mad,20.48,0.0,2.866576577553538,0.0,0.0
9,random,z_sd,0.01,0.0,2.866576577553538,0.0,0.0
9,random,z_sd,0.02,0.0,2.866576577553538,0.0,0.0
9,random,z_sd,0.04,0.0,2.866576577553538,0.0,0.0
9,random,z_sd,0.08,0.0,2.866576577553538,0.0,0.0
9,random,z_sd,0.16,0.0,2.866576577553538,0.0,0.0
9,random,z_sd,0.32,0.0,2.866576577553538,0.0,0.0
9,random,z_sd,0.64,0.0,2.866576577553538,0.0,0.0
9,random,z_sd,1.28,0.0,2.866576577553538,0.0,0.0
9,random,z_sd,2.56,0.0,2.866576577553538,0.0,0.0
9,random,z_sd,5.12,0.0,2.866576577553538,0.0,0.0
9,random,z_sd,10.24,0.0,2.866576577553538,0.0,0.0
9,random,z_sd,20.48,0.0,2.866576577553538,0.0,0.0
