auroc,balanced_accuracy,criterion,d_prime,dose,false_alarm_rate,family,hit_rate,invalid_sham_top_token_rate,invalid_top_token_rate,layer,mapping_disagreement_rate_sham,mapping_disagreement_rate_signal,matching,mean_adjusted_mapping_average,mean_realized_amplitude,mean_score_sham,mean_score_signal,n_invalid_sham_top_token,n_invalid_top_token,n_mapping_trials,n_non_finite,n_paired_observations,n_paired_observations_total,n_physical_shams,non_finite_rate,auroc_ci_low,auroc_ci_high
0.5049375,0.5,3.2275758330035513,0.0,0.25,0.0,concept,0.0,0.0,0.0,0,0.0,0.0,alpha,0.0021875,0.250053064674139,-3.734375,-3.7321875,0,0,800,0,400,400,40,0.0,0.48583828125,0.5229125
0.5071875,0.5,3.2275758330035513,0.0,0.5,0.0,concept,0.0,0.0,0.0,0,0.0,0.0,alpha,0.0115625,0.500104371458292,-3.734375,-3.7228125,0,0,800,0,400,400,40,0.0,0.47116640625,0.546019140625
0.76984375,0.5,3.2275758330035513,0.0,1.0,0.0,concept,0.0,0.0,0.0,0,0.0,0.0,alpha,0.69078125,1.0002299505472183,-3.734375,-3.04359375,0,0,800,0,400,400,40,0.0,0.672805078125,0.882455078125
0.982078125,0.5621875,2.1893418157098936,2.0764680345873154,2.0,0.0,concept,0.124375,0.0,0.0,0,0.0,0.1125,alpha,2.58515625,2.000487571358681,-3.734375,-1.14921875,0,0,800,0,400,400,40,0.0,0.945984375,0.999860546875
0.95440625,0.5478125,2.265749653989687,1.9236523580277285,4.0,0.0,concept,0.095625,0.0,0.0,0,0.0,0.09,alpha,1.98,4.000968057513237,-3.734375,-1.754375,0,0,800,0,400,400,40,0.0,0.9203683593750001,0.986954296875
0.974296875,0.545,2.2825927364666367,1.8899661930738294,8.0,0.0,concept,0.09,0.0,0.0025,0,0.0,0.2,alpha,2.24453125,8.001881170272828,-3.734375,-1.48984375,0,1,800,0,400,400,40,0.0,0.9323683593750001,0.99756328125
0.872796875,0.59875,2.0384011344669415,2.3783493970732197,16.0,0.0,concept,0.1975,0.0,0.245,0,0.0,0.3975,alpha,2.1209375,16.003940215110777,-3.734375,-1.6134375,0,98,800,0,400,400,40,0.0,0.7107617187499999,0.98121015625
0.904765625,0.6190625,1.9694334628096124,2.516284740387878,32.0,0.0,concept,0.238125,0.0,0.375,0,0.0,0.4875,alpha,2.5215234375,32.00795562267304,-3.734375,-1.2128515625,0,150,800,0,400,400,40,0.0,0.7889800781249999,0.9919398437499999
0.961234375,0.6434375,1.8946660096203547,2.6658196467663933,64.0,0.0,concept,0.286875,0.0,0.4675,0,0.0,0.555,alpha,3.0084765625,64.0163961982727,-3.734375,-0.7258984375,0,187,800,0,400,400,40,0.0,0.89080390625,1.0
0.96990625,0.6940625,1.7557103048186855,2.9437310563697316,128.0,0.0,concept,0.388125,0.0,0.6,0,0.0,0.705,alpha,3.37046875,128.03133640289306,-3.734375,-0.36390625,0,240,800,0,400,400,40,0.0,0.920059375,1.0
0.5095,0.5,3.2275758330035513,0.0,0.01,0.0,concept,0.0,0.0,0.0,0,0.0,0.0,z_mad,0.00609375,0.003058392702077981,-3.734375,-3.72828125,0,0,800,0,400,400,40,0.0,0.487246484375,0.529252734375
0.50640625,0.5,3.2275758330035513,0.0,0.02,0.0,concept,0.0,0.0,0.0,0,0.0,0.0,z_mad,0.0028125,0.006199677338590845,-3.734375,-3.7315625,0,0,800,0,400,400,40,0.0,0.4855828125,0.523265625
0.505953125,0.5,3.2275758330035513,0.0,0.04,0.0,concept,0.0,0.0,0.0,0,0.0,0.0,z_mad,0.00125,0.012236874292138964,-3.734375,-3.733125,0,0,800,0,400,400,40,0.0,0.484808984375,0.522547265625
0.504515625,0.5,3.2275758330035513,0.0,0.08,0.0,concept,0.0,0.0,0.0,0,0.0,0.0,z_mad,0.0003125,0.024339484644588082,-3.734375,-3.7340625,0,0,800,0,400,400,40,0.0,0.48549296875,0.519517578125
0.505203125,0.5,3.2275758330035513,0.0,0.16,0.0,concept,0.0,0.0,0.0,0,0.0,0.0,z_mad,0.00046875,0.04859339226037264,-3.734375,-3.73390625,0,0,800,0,400,400,40,0.0,0.48661249999999995,0.521306640625
0.502421875,0.5,3.2275758330035513,0.0,0.32,0.0,concept,0.0,0.0,0.0,0,0.0,0.0,z_mad,-0.00296875,0.09713535659015178,-3.734375,-3.73734375,0,0,800,0,400,400,40,0.0,0.480104296875,0.5186015625
0.50234375,0.5,3.2275758330035513,0.0,0.64,0.0,concept,0.0,0.0,0.0,0,0.0,0.0,z_mad,-0.00390625,0.19422217592597008,-3.734375,-3.73828125,0,0,800,0,400,400,40,0.0,0.483015625,0.5216421875
0.501609375,0.5,3.2275758330035513,0.0,1.28,0.0,concept,0.0,0.0,0.0,0,0.0,0.0,z_mad,-0.00140625,0.38842567179352044,-3.734375,-3.73578125,0,0,800,0,400,400,40,0.0,0.4752328125,0.5318222656249999
0.66096875,0.5,3.2275758330035513,0.0,2.56,0.0,concept,0.0,0.0,0.0,0,0.0,0.0,z_mad,0.44546875,0.7768295008689166,-3.734375,-3.28890625,0,0,800,0,400,400,40,0.0,0.557043359375,0.776108203125
0.84609375,0.530625,2.383715818942785,1.6877200281215328,5.12,0.0,concept,0.06125,0.0,0.0,0,0.0,0.0525,z_mad,1.43640625,1.5536648187041282,-3.734375,-2.29796875,0,0,800,0,400,400,40,0.0,0.727926171875,0.9463007812500001
0.965953125,0.5521875,2.240931250877291,1.9732891642525199,10.24,0.0,concept,0.104375,0.0,0.0,0,0.0,0.0875,z_mad,2.17234375,3.107307096719742,-3.734375,-1.56203125,0,0,800,0,400,400,40,0.0,0.93041796875,0.991609765625
0.976828125,0.56125,2.193918399473843,2.067314867059417,20.48,0.0,concept,0.1225,0.0,0.0025,0,0.0,0.2025,z_mad,2.375,6.214575638175011,-3.734375,-1.359375,0,1,800,0,400,400,40,0.0,0.930286328125,0.999953515625
0.508484375,0.5,3.2275758330035513,0.0,0.01,0.0,concept,0.0,0.0,0.0,0,0.0,0.0,z_sd,0.00453125,0.012149043364915997,-3.734375,-3.72984375,0,0,800,0,400,400,40,0.0,0.48670820312499996,0.52592578125
0.503640625,0.5,3.2275758330035513,0.0,0.02,0.0,concept,0.0,0.0,0.0,0,0.0,0.0,z_sd,-0.00046875,0.02414970823097974,-3.734375,-3.73484375,0,0,800,0,400,400,40,0.0,0.48393359375,0.518861328125
0.5045625,0.5,3.2275758330035513,0.0,0.04,0.0,concept,0.0,0.0,0.0,0,0.0,0.0,z_sd,-0.00109375,0.048199950507842,-3.734375,-3.73546875,0,0,800,0,400,400,40,0.0,0.482275390625,0.520046875
0.5033125,0.5,3.2275758330035513,0.0,0.08,0.0,concept,0.0,0.0,0.0,0,0.0,0.0,z_sd,-0.00296875,0.09632558415643871,-3.734375,-3.73734375,0,0,800,0,400,400,40,0.0,0.482296875,0.52121875
0.499625,0.5,3.2275758330035513,0.0,0.16,0.0,concept,0.0,0.0,0.0,0,0.0,0.0,z_sd,-0.00625,0.19263457030057907,-3.734375,-3.740625,0,0,800,0,400,400,40,0.0,0.478213671875,0.520615234375
0.50015625,0.5,3.2275758330035513,0.0,0.32,0.0,concept,0.0,0.0,0.0,0,0.0,0.0,z_sd,-0.00078125,0.3852691060677171,-3.734375,-3.73515625,0,0,800,0,400,400,40,0.0,0.471882421875,0.532101953125
0.624296875,0.5,3.2275758330035513,0.0,0.64,0.0,concept,0.0,0.0,0.0,0,0.0,0.0,z_sd,0.31703125,0.7705335131287575,-3.734375,-3.41734375,0,0,800,0,400,400,40,0.0,0.5425843749999999,0.721816015625
0.867109375,0.5271875,2.413193264606463,1.6287651367941762,1.28,0.0,concept,0.054375,0.0,0.0,0,0.0,0.0475,z_sd,1.56875,1.5410605937242507,-3.734375,-2.165625,0,0,800,0,400,400,40,0.0,0.752378125,0.9619453125
0.976109375,0.565625,2.172959187470458,2.109233291066187,2.56,0.0,concept,0.13125,0.0,0.0,0,0.0,0.0975,z_sd,2.3525,3.0820817762613295,-3.734375,-1.381875,0,0,800,0,400,400,40,0.0,0.951495703125,0.9956429687499999
0.962671875,0.5440625,2.2883790922952922,1.8783934814165182,5.12,0.0,concept,0.088125,0.0,0.0,0,0.0,0.17,z_sd,2.1659375,6.164152170419693,-3.734375,-1.5684375,0,0,800,0,400,400,40,0.0,0.911925390625,0.998503125
0.9356875,0.5815625,2.103782834242262,2.2475859975225783,10.24,0.0,concept,0.163125,0.0,0.13,0,0.0,0.345,z_sd,2.270859375,12.328362891674042,-3.734375,-1.463515625,0,52,800,0,400,400,40,0.0,0.862023046875,0.99638125
0.881328125,0.6221875,1.9594289774607208,2.536293711085661,20.48,0.0,concept,0.244375,0.0,0.3175,0,0.0,0.48,z_sd,2.334453125,24.656912138462065,-3.734375,-1.399921875,0,127,800,0,400,400,40,0.0,0.735903125,0.987196484375
0.51703125,0.5,2.7364194385325056,0.0,0.25,0.0,dropout,0.0,0.0,0.0,0,0.0,0.0,alpha,0.01875,0.2406789604574442,-3.734375,-3.715625,0,0,160,0,80,80,40,0.0,0.502796875,0.5325
0.5278125,0.5,2.7364194385325056,0.0,0.5,0.0,dropout,0.0,0.0,0.0,0,0.0,0.0,alpha,0.03359375,0.48959024585783484,-3.734375,-3.70078125,0,0,160,0,80,80,40,0.0,0.50842578125,0.555703125
0.638359375,0.5,2.7364194385325056,0.0,1.0,0.0,dropout,0.0,0.0,0.0,0,0.0,0.0,alpha,0.25078125,0.9760471917688847,-3.734375,-3.48359375,0,0,160,0,80,80,40,0.0,0.61265625,0.6778125
0.9925,0.509375,2.377752819557824,0.7173332379493633,2.0,0.0,dropout,0.01875,0.0,0.0,0,0.0,0.0375,alpha,2.1359375,1.9469225645065307,-3.734375,-1.5984375,0,0,160,0,80,80,40,0.0,0.983125,0.99953125
0.98859375,0.5078125,2.4096227521317206,0.6535933728015699,4.0,0.0,dropout,0.015625,0.0,0.0,0,0.0,0.0375,alpha,2.23984375,3.860536578297615,-3.734375,-1.49453125,0,0,160,0,80,80,40,0.0,0.970625,1.0
0.899921875,0.5,2.7364194385325056,0.0,8.0,0.0,dropout,0.0,0.0,0.0,0,0.0,0.0,alpha,1.384375,7.510506922006607,-3.734375,-2.35,0,0,160,0,80,80,40,0.0,0.8099941406250001,0.97
0.92359375,0.525,2.177378054155202,1.1180827687546073,16.0,0.0,dropout,0.05,0.0,0.025,0,0.0,0.1,alpha,1.63125,13.933103740215302,-3.734375,-2.103125,0,2,160,0,80,80,40,0.0,0.83578125,0.97953125
0.859140625,0.5546875,1.9767119945713896,1.519414887922232,32.0,0.0,dropout,0.109375,0.0,0.1125,0,0.0,0.1875,alpha,1.728125,23.832888507843016,-3.734375,-2.00625,0,9,160,0,80,80,40,0.0,0.78796875,0.91703125
0.99703125,0.7046875,1.4820620962456297,2.508714684573752,64.0,0.0,dropout,0.409375,0.0,0.4875,0,0.0,0.775,alpha,3.458984375,34.199644261598586,-3.734375,-0.275390625,0,39,160,0,80,80,40,0.0,0.9906171874999999,1.0
0.999765625,0.759375,1.3448475418893457,2.7831437932863197,128.0,0.0,dropout,0.51875,0.0,0.95,0,0.0,0.9375,alpha,3.758203125,49.551140763610604,-3.734375,0.023828125,0,76,160,0,80,80,40,0.0,0.999375,1.0
0.5,0.5,2.7364194385325056,0.0,0.01,0.0,dropout,0.0,0.0,0.0,0,0.0,0.0,z_mad,0.0,0.0,-3.734375,-3.734375,0,0,160,0,80,80,40,0.0,0.5,0.5
0.5,0.5,2.7364194385325056,0.0,0.02,0.0,dropout,0.0,0.0,0.0,0,0.0,0.0,z_mad,0.0,4.185268189758062e-05,-3.734375,-3.734375,0,0,160,0,80,80,40,0.0,0.5,0.5
0.501171875,0.5,2.7364194385325056,0.0,0.04,0.0,dropout,0.0,0.0,0.0,0,0.0,0.0,z_mad,0.00234375,6.837391119915993e-05,-3.734375,-3.73203125,0,0,160,0,80,80,40,0.0,0.5,0.5059375
0.4984375,0.5,2.7364194385325056,0.0,0.08,0.0,dropout,0.0,0.0,0.0,0,0.0,0.0,z_mad,-0.00390625,9.362357450299896e-05,-3.734375,-3.73828125,0,0,160,0,80,80,40,0.0,0.491875,0.5028125
0.5053125,0.5,2.7364194385325056,0.0,0.16,0.0,dropout,0.0,0.0,0.0,0,0.0,0.0,z_mad,0.0046875,0.0004679975202634523,-3.734375,-3.7296875,0,0,160,0,80,80,40,0.0,0.493984375,0.5168867187499999
0.49671875,0.5,2.7364194385325056,0.0,0.32,0.0,dropout,0.0,0.0,0.0,0,0.0,0.0,z_mad,-0.00703125,0.0019490529723498184,-3.734375,-3.74140625,0,0,160,0,80,80,40,0.0,0.48179296875,0.5070351562500001
0.509453125,0.5,2.7364194385325056,0.0,0.64,0.0,dropout,0.0,0.0,0.0,0,0.0,0.0,z_mad,0.00546875,0.007731019426137209,-3.734375,-3.72890625,0,0,160,0,80,80,40,0.0,0.49296875,0.5259375
0.51671875,0.5,2.7364194385325056,0.0,1.28,0.0,dropout,0.0,0.0,0.0,0,0.0,0.0,z_mad,0.01875,0.02237920763436705,-3.734375,-3.715625,0,0,160,0,80,80,40,0.0,0.49984375,0.53453125
0.50625,0.5,2.7364194385325056,0.0,2.56,0.0,dropout,0.0,0.0,0.0,0,0.0,0.0,z_mad,0.00546875,0.0506099215708673,-3.734375,-3.72890625,0,0,160,0,80,80,40,0.0,0.483359375,0.525625
0.50015625,0.5,2.7364194385325056,0.0,5.12,0.0,dropout,0.0,0.0,0.0,0,0.0,0.0,z_mad,-0.003125,0.10864517837762833,-3.734375,-3.7375,0,0,160,0,80,80,40,0.0,0.47904492187500003,0.5179804687499999
0.5078125,0.5,2.7364194385325056,0.0,10.24,0.0,dropout,0.0,0.0,0.0,0,0.0,0.0,z_mad,0.00546875,0.2273498022928834,-3.734375,-3.72890625,0,0,160,0,80,80,40,0.0,0.47480078125,0.5365664062500001
0.526484375,0.5,2.7364194385325056,0.0,20.48,0.0,dropout,0.0,0.0,0.0,0,0.0,0.0,z_mad,0.03671875,0.45415871813893316,-3.734375,-3.69765625,0,0,160,0,80,80,40,0.0,0.50328125,0.5580644531250001
0.498828125,0.5,2.7364194385325056,0.0,0.01,0.0,dropout,0.0,0.0,0.0,0,0.0,0.0,z_sd,-0.00234375,3.3569338847883044e-05,-3.734375,-3.73671875,0,0,160,0,80,80,40,0.0,0.494359375,0.5
0.5,0.5,2.7364194385325056,0.0,0.02,0.0,dropout,0.0,0.0,0.0,0,0.0,0.0,z_sd,0.0,0.0,-3.734375,-3.734375,0,0,160,0,80,80,40,0.0,0.5,0.5
0.5015625,0.5,2.7364194385325056,0.0,0.04,0.0,dropout,0.0,0.0,0.0,0,0.0,0.0,z_sd,0.0015625,5.098297660879325e-05,-3.734375,-3.7328125,0,0,160,0,80,80,40,0.0,0.4959375,0.506875
0.49828125,0.5,2.7364194385325056,0.0,0.08,0.0,dropout,0.0,0.0,0.0,0,0.0,0.0,z_sd,-0.00390625,8.341017746715806e-05,-3.734375,-3.73828125,0,0,160,0,80,80,40,0.0,0.491875,0.5059414062500001
0.496875,0.5,2.7364194385325056,0.0,0.16,0.0,dropout,0.0,0.0,0.0,0,0.0,0.0,z_sd,-0.00703125,0.0011383392609786824,-3.734375,-3.74140625,0,0,160,0,80,80,40,0.0,0.4840625,0.510251953125
0.498828125,0.5,2.7364194385325056,0.0,0.32,0.0,dropout,0.0,0.0,0.0,0,0.0,0.0,z_sd,-0.00703125,0.0039019740330047624,-3.734375,-3.74140625,0,0,160,0,80,80,40,0.0,0.47186328125,0.51875
0.500625,0.5,2.7364194385325056,0.0,0.64,0.0,dropout,0.0,0.0,0.0,0,0.0,0.0,z_sd,-0.00390625,0.013860136742005124,-3.734375,-3.73828125,0,0,160,0,80,80,40,0.0,0.48123828125,0.5146894531249999
0.49796875,0.5,2.7364194385325056,0.0,1.28,0.0,dropout,0.0,0.0,0.0,0,0.0,0.0,z_sd,-0.009375,0.03413352097850293,-3.734375,-3.74375,0,0,160,0,80,80,40,0.0,0.4696875,0.516021484375
0.507578125,0.5,2.7364194385325056,0.0,2.56,0.0,dropout,0.0,0.0,0.0,0,0.0,0.0,z_sd,0.0015625,0.07491935580037534,-3.734375,-3.7328125,0,0,160,0,80,80,40,0.0,0.48015234375,0.5290625
0.507265625,0.5,2.7364194385325056,0.0,5.12,0.0,dropout,0.0,0.0,0.0,0,0.0,0.0,z_sd,0.009375,0.16332606337964534,-3.734375,-3.725,0,0,160,0,80,80,40,0.0,0.484140625,0.52859375
0.528828125,0.5,2.7364194385325056,0.0,10.24,0.0,dropout,0.0,0.0,0.0,0,0.0,0.0,z_sd,0.034375,0.32817363925278187,-3.734375,-3.7,0,0,160,0,80,80,40,0.0,0.505,0.5575
0.54265625,0.5,2.7364194385325056,0.0,20.48,0.0,dropout,0.0,0.0,0.0,0,0.0,0.0,z_sd,0.06484375,0.6674926154315471,-3.734375,-3.66953125,0,0,160,0,80,80,40,0.0,0.511875,0.5775917968750001
0.507265625,0.5,2.7364194385325056,0.0,0.25,0.0,noise,0.0,0.0,0.0,0,0.0,0.0,alpha,0.0,0.2500080741941929,-3.734375,-3.734375,0,0,160,0,80,80,40,0.0,0.490154296875,0.5315625
0.518671875,0.5,2.7364194385325056,0.0,0.5,0.0,noise,0.0,0.0,0.0,0,0.0,0.0,alpha,0.02578125,0.5000027839094401,-3.734375,-3.70859375,0,0,160,0,80,80,40,0.0,0.5,0.546875
0.580390625,0.5,2.7364194385325056,0.0,1.0,0.0,noise,0.0,0.0,0.0,0,0.0,0.0,alpha,0.14140625,0.9999976247549057,-3.734375,-3.59296875,0,0,160,0,80,80,40,0.0,0.5454179687499999,0.63109375
0.946953125,0.5,2.7364194385325056,0.0,2.0,0.0,noise,0.0,0.0,0.0,0,0.0,0.0,alpha,1.24921875,2.0000153332948685,-3.734375,-2.48515625,0,0,160,0,80,80,40,0.0,0.914375,0.96953125
0.9675,0.5015625,2.6181665138557486,0.2365058493535135,4.0,0.0,noise,0.003125,0.0,0.0,0,0.0,0.0125,alpha,1.66328125,4.000011703372001,-3.734375,-2.07109375,0,0,160,0,80,80,40,0.0,0.932421875,0.9978125
0.943359375,0.5,2.7364194385325056,0.0,8.0,0.0,noise,0.0,0.0,0.0,0,0.0,0.0,alpha,1.43515625,7.99999258518219,-3.734375,-2.29921875,0,0,160,0,80,80,40,0.0,0.890625,0.9834375
0.816171875,0.5,2.7364194385325056,0.0,16.0,0.0,noise,0.0,0.0,0.0,0,0.0,0.0,alpha,0.75703125,16.00003535747528,-3.734375,-2.97734375,0,0,160,0,80,80,40,0.0,0.736078125,0.89986328125
0.714921875,0.5,2.7364194385325056,0.0,32.0,0.0,noise,0.0,0.0,0.0,0,0.0,0.0,alpha,0.540625,32.00013716220856,-3.734375,-3.19375,0,0,160,0,80,80,40,0.0,0.5992109375,0.81609375
0.75,0.5,2.7364194385325056,0.0,64.0,0.0,noise,0.0,0.0,0.0,0,0.0,0.0,alpha,0.6703125,64.00021777153015,-3.734375,-3.0640625,0,0,160,0,80,80,40,0.0,0.65671875,0.8486738281249999
0.832421875,0.503125,2.5446008626536925,0.3836371517576267,128.0,0.0,noise,0.00625,0.0,0.0,0,0.0,0.0125,alpha,1.272265625,128.00080337524415,-3.734375,-2.462109375,0,0,160,0,80,80,40,0.0,0.7593046875,0.905478515625
0.507265625,0.5,2.7364194385325056,0.0,0.01,0.0,noise,0.0,0.0,0.0,0,0.0,0.0,z_mad,0.0046875,0.00013830537654939689,-3.734375,-3.7296875,0,0,160,0,80,80,40,0.0,0.48116601562500005,0.52734375
0.498203125,0.5,2.7364194385325056,0.0,0.02,0.0,noise,0.0,0.0,0.0,0,0.0,0.0,z_mad,-0.00703125,0.00037208960529824255,-3.734375,-3.74140625,0,0,160,0,80,80,40,0.0,0.4784375,0.5109414062500001
0.506640625,0.5,2.7364194385325056,0.0,0.04,0.0,noise,0.0,0.0,0.0,0,0.0,0.0,z_mad,0.0,0.0009224798362993169,-3.734375,-3.734375,0,0,160,0,80,80,40,0.0,0.47953125,0.5260546875
0.5015625,0.5,2.7364194385325056,0.0,0.08,0.0,noise,0.0,0.0,0.0,0,0.0,0.0,z_mad,0.00078125,0.0020184231834718958,-3.734375,-3.73359375,0,0,160,0,80,80,40,0.0,0.477416015625,0.53064453125
0.506953125,0.5,2.7364194385325056,0.0,0.16,0.0,noise,0.0,0.0,0.0,0,0.0,0.0,z_mad,0.00234375,0.00417293356731534,-3.734375,-3.73203125,0,0,160,0,80,80,40,0.0,0.4846875,0.53015625
0.499609375,0.5,2.7364194385325056,0.0,0.32,0.0,noise,0.0,0.0,0.0,0,0.0,0.0,z_mad,-0.0046875,0.008270110475132241,-3.734375,-3.7390625,0,0,160,0,80,80,40,0.0,0.48046875,0.51875
0.4990625,0.5,2.7364194385325056,0.0,0.64,0.0,noise,0.0,0.0,0.0,0,0.0,0.0,z_mad,-0.0078125,0.016364839603193106,-3.734375,-3.7421875,0,0,160,0,80,80,40,0.0,0.4793671875,0.51359765625
0.50578125,0.5,2.7364194385325056,0.0,1.28,0.0,noise,0.0,0.0,0.0,0,0.0,0.0,z_mad,0.00234375,0.03267851579003036,-3.734375,-3.73203125,0,0,160,0,80,80,40,0.0,0.485625,0.52234375
0.50453125,0.5,2.7364194385325056,0.0,2.56,0.0,noise,0.0,0.0,0.0,0,0.0,0.0,z_mad,0.0,0.06434734691865743,-3.734375,-3.734375,0,0,160,0,80,80,40,0.0,0.48171875,0.52173828125
0.51609375,0.5,2.7364194385325056,0.0,5.12,0.0,noise,0.0,0.0,0.0,0,0.0,0.0,z_mad,0.01640625,0.12834905767813326,-3.734375,-3.71796875,0,0,160,0,80,80,40,0.0,0.500625,0.5328125
0.506640625,0.5,2.7364194385325056,0.0,10.24,0.0,noise,0.0,0.0,0.0,0,0.0,0.0,z_mad,0.0015625,0.26461109034717084,-3.734375,-3.7328125,0,0,160,0,80,80,40,0.0,0.47421484375,0.5418574218749999
0.5034375,0.5,2.7364194385325056,0.0,20.48,0.0,noise,0.0,0.0,0.0,0,0.0,0.0,z_mad,0.00390625,0.5075109846889972,-3.734375,-3.73046875,0,0,160,0,80,80,40,0.0,0.48090234375,0.52422265625
0.5078125,0.5,2.7364194385325056,0.0,0.01,0.0,noise,0.0,0.0,0.0,0,0.0,0.0,z_sd,0.0,0.00034899609981948744,-3.734375,-3.734375,0,0,160,0,80,80,40,0.0,0.48625,0.52625
0.504609375,0.5,2.7364194385325056,0.0,0.02,0.0,noise,0.0,0.0,0.0,0,0.0,0.0,z_sd,-0.00234375,0.0008587981428718194,-3.734375,-3.73671875,0,0,160,0,80,80,40,0.0,0.480625,0.524142578125
0.5003125,0.5,2.7364194385325056,0.0,0.04,0.0,noise,0.0,0.0,0.0,0,0.0,0.0,z_sd,-0.00703125,0.0019161319731210824,-3.734375,-3.74140625,0,0,160,0,80,80,40,0.0,0.47608984374999996,0.518671875
0.503359375,0.5,2.7364194385325056,0.0,0.08,0.0,noise,0.0,0.0,0.0,0,0.0,0.0,z_sd,0.00078125,0.0040121675803675315,-3.734375,-3.73359375,0,0,160,0,80,80,40,0.0,0.4753125,0.519544921875
0.5103125,0.5,2.7364194385325056,0.0,0.16,0.0,noise,0.0,0.0,0.0,0,0.0,0.0,z_sd,0.009375,0.007247121602995321,-3.734375,-3.725,0,0,160,0,80,80,40,0.0,0.4815390625,0.5357890625
0.500234375,0.5,2.7364194385325056,0.0,0.32,0.0,noise,0.0,0.0,0.0,0,0.0,0.0,z_sd,-0.00859375,0.015850269503425808,-3.734375,-3.74296875,0,0,160,0,80,80,40,0.0,0.480220703125,0.517193359375
0.493984375,0.5,2.7364194385325056,0.0,0.64,0.0,noise,0.0,0.0,0.0,0,0.0,0.0,z_sd,-0.01953125,0.029412639664951713,-3.734375,-3.75390625,0,0,160,0,80,80,40,0.0,0.46984375,0.51390625
0.50671875,0.5,2.7364194385325056,0.0,1.28,0.0,noise,0.0,0.0,0.0,0,0.0,0.0,z_sd,0.00390625,0.06152354530058801,-3.734375,-3.73046875,0,0,160,0,80,80,40,0.0,0.4828125,0.527890625
0.504609375,0.5,2.7364194385325056,0.0,2.56,0.0,noise,0.0,0.0,0.0,0,0.0,0.0,z_sd,-0.003125,0.13034112737514078,-3.734375,-3.7375,0,0,160,0,80,80,40,0.0,0.4796796875,0.5290742187499999
0.50265625,0.5,2.7364194385325056,0.0,5.12,0.0,noise,0.0,0.0,0.0,0,0.0,0.0,z_sd,-0.0046875,0.2549708139151335,-3.734375,-3.7390625,0,0,160,0,80,80,40,0.0,0.47858984374999997,0.5226640625000001
0.533671875,0.5,2.7364194385325056,0.0,10.24,0.0,noise,0.0,0.0,0.0,0,0.0,0.0,z_sd,0.03828125,0.4774814661592245,-3.734375,-3.69609375,0,0,160,0,80,80,40,0.0,0.5246875,0.55109375
0.699375,0.5,2.7364194385325056,0.0,20.48,0.0,noise,0.0,0.0,0.0,0,0.0,0.0,z_sd,0.38515625,0.9805418536067009,-3.734375,-3.34921875,0,0,160,0,80,80,40,0.0,0.65109375,0.755634765625
0.47796875,0.5,2.866576577553538,0.0,0.25,0.0,random,0.0,0.0,0.0,0,0.0,0.0,alpha,-0.0453125,0.24999950602650642,-3.734375,-3.7796875,0,0,240,0,120,120,40,0.0,0.44963281250000003,0.49658203125
0.4630208333333333,0.5,2.866576577553538,0.0,0.5,0.0,random,0.0,0.0,0.0,0,0.0,0.0,alpha,-0.065625,0.4999913391967615,-3.734375,-3.8,0,0,240,0,120,120,40,0.0,0.4244674479166667,0.49073828124999996
0.5899479166666667,0.5,2.866576577553538,0.0,1.0,0.0,random,0.0,0.0,0.0,0,0.0,0.0,alpha,0.18333333333333332,0.9999870076775551,-3.734375,-3.551041666666667,0,0,240,0,120,120,40,0.0,0.48125,0.6977343749999999
0.9722395833333334,0.5020833333333333,2.682877915380755,0.36739732434556593,2.0,0.0,random,0.004166666666666667,0.0,0.0,0,0.0,0.008333333333333333,alpha,1.5510416666666667,1.9999530295530954,-3.734375,-2.183333333333333,0,0,240,0,120,120,40,0.0,0.9480169270833333,0.9933359374999999
0.9290625,0.5010416666666667,2.753121733916527,0.22690968727402305,4.0,0.0,random,0.0020833333333333333,0.0,0.0,0,0.0,0.008333333333333333,alpha,1.5041666666666667,3.9999182343482973,-3.734375,-2.230208333333333,0,0,240,0,120,120,40,0.0,0.82176171875,1.0
0.8853125,0.5,2.866576577553538,0.0,8.0,0.0,random,0.0,0.0,0.0,0,0.0,0.0,alpha,1.4380208333333333,7.999822147687277,-3.734375,-2.2963541666666667,0,0,240,0,120,120,40,0.0,0.77953125,0.9903125
1.0,0.6208333333333333,1.782048487837848,2.1690561794313803,16.0,0.0,random,0.24166666666666667,0.0,0.0,0,0.0,0.4083333333333333,alpha,3.240104166666667,15.999633328119915,-3.734375,-0.4942708333333333,0,0,240,0,120,120,40,0.0,1.0,1.0
1.0,0.7145833333333333,1.5221621137381232,2.68882892763083,32.0,0.0,random,0.42916666666666664,0.0,0.375,0,0.0,0.8833333333333333,alpha,3.6669270833333334,31.99933648109436,-3.734375,-0.06744791666666666,0,45,240,0,120,120,40,0.0,1.0,1.0
0.9779166666666667,0.7447916666666666,1.4462909381875113,2.8405712787320536,64.0,0.0,random,0.4895833333333333,0.0,0.6,0,0.0,0.9833333333333333,alpha,3.6438802083333335,63.99879159927368,-3.734375,-0.09049479166666667,0,72,240,0,120,120,40,0.0,0.9114257812500001,1.0
1.0,0.75,1.433288288776769,2.866576577553538,128.0,0.0,random,0.5,0.0,0.9666666666666667,0,0.0,1.0,alpha,3.6958333333333333,127.99663887023925,-3.734375,-0.03854166666666667,0,116,240,0,120,120,40,0.0,1.0,1.0
0.5090104166666667,0.5,2.866576577553538,0.0,0.01,0.0,random,0.0,0.0,0.0,0,0.0,0.0,z_mad,0.005729166666666666,0.00016534781892308577,-3.734375,-3.728645833333333,0,0,240,0,120,120,40,0.0,0.48176041666666664,0.5282291666666666
0.5096875,0.5,2.866576577553538,0.0,0.02,0.0,random,0.0,0.0,0.0,0,0.0,0.0,z_mad,0.00625,0.0004370786145348878,-3.734375,-3.728125,0,0,240,0,120,120,40,0.0,0.48478515625,0.52693359375
0.505625,0.5,2.866576577553538,0.0,0.04,0.0,random,0.0,0.0,0.0,0,0.0,0.0,z_mad,0.0015625,0.0010585164185613395,-3.734375,-3.7328125,0,0,240,0,120,120,40,0.0,0.47973958333333333,0.5274596354166666
0.5084895833333334,0.5,2.866576577553538,0.0,0.08,0.0,random,0.0,0.0,0.0,0,0.0,0.0,z_mad,0.005729166666666666,0.002313909183916015,-3.734375,-3.728645833333333,0,0,240,0,120,120,40,0.0,0.49171744791666666,0.5236979166666667
0.5086458333333334,0.5,2.866576577553538,0.0,0.16,0.0,random,0.0,0.0,0.0,0,0.0,0.0,z_mad,0.003125,0.004697447646564493,-3.734375,-3.73125,0,0,240,0,120,120,40,0.0,0.48102994791666664,0.5317278645833333
0.501875,0.5,2.866576577553538,0.0,0.32,0.0,random,0.0,0.0,0.0,0,0.0,0.0,z_mad,-0.0005208333333333333,0.0092930491703252,-3.734375,-3.7348958333333333,0,0,240,0,120,120,40,0.0,0.47627734375,0.5239596354166667
0.4990625,0.5,2.866576577553538,0.0,0.64,0.0,random,0.0,0.0,0.0,0,0.0,0.0,z_mad,-0.010416666666666666,0.018450419441796838,-3.734375,-3.7447916666666665,0,0,240,0,120,120,40,0.0,0.4778046875,0.5169791666666667
0.5074479166666667,0.5,2.866576577553538,0.0,1.28,0.0,random,0.0,0.0,0.0,0,0.0,0.0,z_mad,0.0036458333333333334,0.03678473676554859,-3.734375,-3.730729166666667,0,0,240,0,120,120,40,0.0,0.4809375,0.5322395833333333
0.5030208333333334,0.5,2.866576577553538,0.0,2.56,0.0,random,0.0,0.0,0.0,0,0.0,0.0,z_mad,-0.0036458333333333334,0.0734920754097402,-3.734375,-3.738020833333333,0,0,240,0,120,120,40,0.0,0.48046875,0.52151171875
0.49213541666666666,0.5,2.866576577553538,0.0,5.12,0.0,random,0.0,0.0,0.0,0,0.0,0.0,z_mad,-0.020833333333333332,0.1469656660531958,-3.734375,-3.7552083333333335,0,0,240,0,120,120,40,0.0,0.4721341145833333,0.50796875
0.4816666666666667,0.5,2.866576577553538,0.0,10.24,0.0,random,0.0,0.0,0.0,0,0.0,0.0,z_mad,-0.040625,0.2939293749630451,-3.734375,-3.775,0,0,240,0,120,120,40,0.0,0.4459375,0.5028177083333333
0.49552083333333335,0.5,2.866576577553538,0.0,20.48,0.0,random,0.0,0.0,0.0,0,0.0,0.0,z_mad,-0.0078125,0.587838913500309,-3.734375,-3.7421875,0,0,240,0,120,120,40,0.0,0.43810937499999997,0.5846783854166666
0.50171875,0.5,2.866576577553538,0.0,0.01,0.0,random,0.0,0.0,0.0,0,0.0,0.0,z_sd,-0.0026041666666666665,0.0005874724730044061,-3.734375,-3.7369791666666665,0,0,240,0,120,120,40,0.0,0.47561848958333336,0.5193763020833334
0.5023958333333334,0.5,2.866576577553538,0.0,0.02,0.0,random,0.0,0.0,0.0,0,0.0,0.0,z_sd,-0.0015625,0.0013279656501254066,-3.734375,-3.7359375,0,0,240,0,120,120,40,0.0,0.48155989583333336,0.5229739583333333
0.4997916666666667,0.5,2.866576577553538,0.0,0.04,0.0,random,0.0,0.0,0.0,0,0.0,0.0,z_sd,-0.007291666666666667,0.0027974836324574427,-3.734375,-3.7416666666666667,0,0,240,0,120,120,40,0.0,0.47666145833333334,0.5182838541666667
0.50453125,0.5,2.866576577553538,0.0,0.08,0.0,random,0.0,0.0,0.0,0,0.0,0.0,z_sd,-0.0015625,0.005669608116537953,-3.734375,-3.7359375,0,0,240,0,120,120,40,0.0,0.4791119791666667,0.5258854166666667
0.5019270833333334,0.5,2.866576577553538,0.0,0.16,0.0,random,0.0,0.0,0.0,0,0.0,0.0,z_sd,-0.0010416666666666667,0.01128654518785576,-3.734375,-3.7354166666666666,0,0,240,0,120,120,40,0.0,0.4771875,0.5257421875
0.4971875,0.5,2.866576577553538,0.0,0.32,0.0,random,0.0,0.0,0.0,0,0.0,0.0,z_sd,-0.011458333333333333,0.02244955737454196,-3.734375,-3.745833333333333,0,0,240,0,120,120,40,0.0,0.4761875,0.5136458333333334
0.49755208333333334,0.5,2.866576577553538,0.0,0.64,0.0,random,0.0,0.0,0.0,0,0.0,0.0,z_sd,-0.0125,0.044765037251636386,-3.734375,-3.746875,0,0,240,0,120,120,40,0.0,0.4746263020833333,0.5124518229166667
0.49921875,0.5,2.866576577553538,0.0,1.28,0.0,random,0.0,0.0,0.0,0,0.0,0.0,z_sd,-0.00625,0.08947685888657968,-3.734375,-3.740625,0,0,240,0,120,120,40,0.0,0.4828984375,0.5151744791666666
0.4870833333333333,0.5,2.866576577553538,0.0,2.56,0.0,random,0.0,0.0,0.0,0,0.0,0.0,z_sd,-0.028125,0.17892308769126733,-3.734375,-3.7625,0,0,240,0,120,120,40,0.0,0.46598828125,0.5014622395833334
0.49875,0.5,2.866576577553538,0.0,5.12,0.0,random,0.0,0.0,0.0,0,0.0,0.0,z_sd,-0.011979166666666667,0.35782712437212466,-3.734375,-3.746354166666667,0,0,240,0,120,120,40,0.0,0.47217578125,0.53578125
0.5844270833333334,0.5,2.866576577553538,0.0,10.24,0.0,random,0.0,0.0,0.0,0,0.0,0.0,z_sd,0.22395833333333334,0.7156286428372065,-3.734375,-3.5104166666666665,0,0,240,0,120,120,40,0.0,0.4459375,0.8049023437499999
0.6630208333333333,0.5010416666666667,2.753121733916527,0.22690968727402305,20.48,0.0,random,0.0020833333333333333,0.0,0.0,0,0.0,0.008333333333333333,z_sd,0.6875,1.4312514657775561,-3.734375,-3.046875,0,0,240,0,120,120,40,0.0,0.42828125,0.99984375
0.527203125,0.5,3.2275758330035513,0.0,0.25,0.0,concept,0.0,0.0,0.0,1,0.0,0.0,alpha,0.0353125,0.24991330035030843,-3.734375,-3.6990625,0,0,800,0,400,400,40,0.0,0.5041320312500001,0.55138828125
0.549265625,0.5,3.2275758330035513,0.0,0.5,0.0,concept,0.0,0.0,0.0,1,0.0,0.0,alpha,0.07,0.499795533195138,-3.734375,-3.664375,0,0,800,0,400,400,40,0.0,0.512263671875,0.586165234375
0.60090625,0.5,3.2275758330035513,0.0,1.0,0.0,concept,0.0,0.0,0.0,1,0.0,0.0,alpha,0.1665625,0.9996461854875087,-3.734375,-3.5678125,0,0,800,0,400,400,40,0.0,0.544841796875,0.6550671875
0.805796875,0.5003125,3.125647626979032,0.20385641204903893,2.0,0.0,concept,0.000625,0.0,0.0,1,0.0,0.0025,alpha,0.868125,1.9991812425851823,-3.734375,-2.86625,0,0,800,0,400,400,40,0.0,0.707994140625,0.89220859375
0.993453125,0.540625,2.310410661485251,1.8343303430366003,4.0,0.0,concept,0.08125,0.0,0.0,1,0.0,0.0875,alpha,2.54625,3.998377231359482,-3.734375,-1.188125,0,0,800,0,400,400,40,0.0,0.98021796875,1.0
0.93321875,0.5,3.2275758330035513,0.0,8.0,0.0,concept,0.0,0.0,0.0,1,0.0,0.0,alpha,1.339375,7.997671570777893,-3.734375,-2.395,0,0,800,0,400,400,40,0.0,0.885446875,0.967947265625
0.35225,0.5,3.2275758330035513,0.0,16.0,0.0,concept,0.0,0.0,0.0,1,0.0,0.0,alpha,-0.28640625,15.994400005340577,-3.734375,-4.02078125,0,0,800,0,400,400,40,0.0,0.22215507812500002,0.50286171875
0.361546875,0.5,3.2275758330035513,0.0,32.0,0.0,concept,0.0,0.0,0.0,1,0.0,0.0,alpha,-0.2371875,31.97622141838074,-3.734375,-3.9715625,0,0,800,0,400,400,40,0.0,0.221888671875,0.5239671874999999
0.517765625,0.5,3.2275758330035513,0.0,64.0,0.0,concept,0.0,0.0,0.0,1,0.0,0.0,alpha,0.098046875,63.948414402008055,-3.734375,-3.636328125,0,0,800,0,400,400,40,0.0,0.378497265625,0.66251953125
0.60428125,0.5,3.2275758330035513,0.0,128.0,0.0,concept,0.0,0.0,0.0,1,0.0,0.0,alpha,0.284296875,127.91884523391724,-3.734375,-3.450078125,0,0,800,0,400,400,40,0.0,0.448968359375,0.7737886718749999
0.502875,0.5,3.2275758330035513,0.0,0.01,0.0,concept,0.0,0.0,0.0,1,0.0,0.0,z_mad,-0.00328125,0.0006944448487774935,-3.734375,-3.73765625,0,0,800,0,400,400,40,0.0,0.482466015625,0.5185625
0.504140625,0.5,3.2275758330035513,0.0,0.02,0.0,concept,0.0,0.0,0.0,1,0.0,0.0,z_mad,-0.00359375,0.0014335602059145458,-3.734375,-3.73796875,0,0,800,0,400,400,40,0.0,0.48415390625,0.517286328125
0.5065,0.5,3.2275758330035513,0.0,0.04,0.0,concept,0.0,0.0,0.0,1,0.0,0.0,z_mad,0.00125,0.0029804931551916524,-3.734375,-3.733125,0,0,800,0,400,400,40,0.0,0.48546640625,0.522812890625
0.50559375,0.5,3.2275758330035513,0.0,0.08,0.0,concept,0.0,0.0,0.0,1,0.0,0.0,z_mad,0.00109375,0.006088271621847525,-3.734375,-3.73328125,0,0,800,0,400,400,40,0.0,0.486490625,0.5206125
0.503390625,0.5,3.2275758330035513,0.0,0.16,0.0,concept,0.0,0.0,0.0,1,0.0,0.0,z_mad,-0.0028125,0.01216832046629861,-3.734375,-3.7371875,0,0,800,0,400,400,40,0.0,0.48245703125,0.5193015625
0.50609375,0.5,3.2275758330035513,0.0,0.32,0.0,concept,0.0,0.0,0.0,1,0.0,0.0,z_mad,0.000625,0.02429289270658046,-3.734375,-3.73375,0,0,800,0,400,400,40,0.0,0.48275546874999997,0.5242820312500001
0.508765625,0.5,3.2275758330035513,0.0,0.64,0.0,concept,0.0,0.0,0.0,1,0.0,0.0,z_mad,0.00625,0.04850547268986702,-3.734375,-3.728125,0,0,800,0,400,400,40,0.0,0.48402500000000004,0.526890625
0.51303125,0.5,3.2275758330035513,0.0,1.28,0.0,concept,0.0,0.0,0.0,1,0.0,0.0,z_mad,0.014375,0.0969069074653089,-3.734375,-3.72,0,0,800,0,400,400,40,0.0,0.492858203125,0.53183046875
0.52209375,0.5,3.2275758330035513,0.0,2.56,0.0,concept,0.0,0.0,0.0,1,0.0,0.0,z_mad,0.026875,0.1937551625072956,-3.734375,-3.7075,0,0,800,0,400,400,40,0.0,0.4981203125,0.5441875
0.53890625,0.5,3.2275758330035513,0.0,5.12,0.0,concept,0.0,0.0,0.0,1,0.0,0.0,z_mad,0.05546875,0.3874766592681408,-3.734375,-3.67890625,0,0,800,0,400,400,40,0.0,0.507999609375,0.5733609375000001
0.575296875,0.5,3.2275758330035513,0.0,10.24,0.0,concept,0.0,0.0,0.0,1,0.0,0.0,z_mad,0.11421875,0.7749516882002354,-3.734375,-3.62015625,0,0,800,0,400,400,40,0.0,0.525458984375,0.6241324218750001
0.695421875,0.5,3.2275758330035513,0.0,20.48,0.0,concept,0.0,0.0,0.0,1,0.0,0.0,z_mad,0.4146875,1.5498809751868248,-3.734375,-3.3196875,0,0,800,0,400,400,40,0.0,0.609119140625,0.775871875
0.700984375,0.5,3.2275758330035513,0.0,0.01,0.0,concept,0.0,0.0,0.0,1,0.0,0.0,z_sd,0.40125,1.6612002658843994,-3.734375,-3.333125,0,0,800,0,400,400,40,0.0,0.640675390625,0.7600207031249999
0.99334375,0.50375,2.815642122894567,0.8238674202179692,0.02,0.0,concept,0.0075,0.0,0.0,1,0.0,0.0225,z_sd,2.245625,3.3223938965797424,-3.734375,-1.48875,0,0,800,0,400,400,40,0.0,0.9810621093749999,1.0
0.9514375,0.51375,2.5686071632478695,1.3179373395113636,0.04,0.0,concept,0.0275,0.0,0.0,1,0.0,0.0525,z_sd,1.94046875,6.645373340845108,-3.734375,-1.79390625,0,0,800,0,400,400,40,0.0,0.90831328125,0.983653515625
0.520890625,0.5,3.2275758330035513,0.0,0.08,0.0,concept,0.0,0.0,0.0,1,0.0,0.0,z_sd,0.0521875,13.290543427467346,-3.734375,-3.6821875,0,0,800,0,400,400,40,0.0,0.328765234375,0.692
0.343296875,0.5,3.2275758330035513,0.0,0.16,0.0,concept,0.0,0.0,0.0,1,0.0,0.0,z_sd,-0.26921875,26.570063328742982,-3.734375,-4.00359375,0,0,800,0,400,400,40,0.0,0.21208437500000002,0.5075359374999999
0.4516875,0.5,3.2275758330035513,0.0,0.32,0.0,concept,0.0,0.0,0.0,1,0.0,0.0,z_sd,-0.02453125,53.140549669265745,-3.734375,-3.75890625,0,0,800,0,400,400,40,0.0,0.296561328125,0.605111328125
0.607046875,0.5,3.2275758330035513,0.0,0.64,0.0,concept,0.0,0.0,0.0,1,0.0,0.0,z_sd,0.276015625,106.2907641029358,-3.734375,-3.458359375,0,0,800,0,400,400,40,0.0,0.45533828125,0.7561183593749999
0.5413125,0.5,3.2275758330035513,0.0,1.28,0.0,concept,0.0,0.0,0.0,1,0.0,0.0,z_sd,0.11390625,212.6062459182739,-3.734375,-3.62046875,0,0,800,0,400,400,40,0.0,0.361659765625,0.723626171875
0.5038125,0.5,3.2275758330035513,0.0,2.56,0.0,concept,0.0,0.0,0.0,1,0.0,0.0,z_sd,-0.00453125,425.2444443511963,-3.734375,-3.73890625,0,0,800,0,400,400,40,0.0,0.3243703125,0.681815234375
0.482546875,0.5,3.2275758330035513,0.0,5.12,0.0,concept,0.0,0.0,0.0,1,0.0,0.0,z_sd,-0.043125,850.5170878601074,-3.734375,-3.7775,0,0,800,0,400,400,40,0.0,0.320934375,0.653634375
0.475421875,0.5,3.2275758330035513,0.0,10.24,0.0,concept,0.0,0.0,0.0,1,0.0,0.0,z_sd,-0.0503125,1701.0595065307616,-3.734375,-3.7846875,0,0,800,0,400,400,40,0.0,0.31296640625,0.6405421875
0.470515625,0.5,3.2275758330035513,0.0,20.48,0.0,concept,0.0,0.0,0.0,1,0.0,0.0,z_sd,-0.058125,3402.1514483642577,-3.734375,-3.7925,0,0,800,0,400,400,40,0.0,0.31019843750000003,0.63466015625
0.50609375,0.5,2.7364194385325056,0.0,0.25,0.0,dropout,0.0,0.0,0.0,1,0.0,0.0,alpha,0.00234375,0.23944426998496054,-3.734375,-3.73203125,0,0,160,0,80,80,40,0.0,0.48185546875,0.5326601562500001
0.498046875,0.5,2.7364194385325056,0.0,0.5,0.0,dropout,0.0,0.0,0.0,1,0.0,0.0,alpha,-0.00546875,0.4904870014637709,-3.734375,-3.73984375,0,0,160,0,80,80,40,0.0,0.467890625,0.523673828125
0.5546875,0.5,2.7364194385325056,0.0,1.0,0.0,dropout,0.0,0.0,0.0,1,0.0,0.0,alpha,0.08515625,0.9911916874349117,-3.734375,-3.64921875,0,0,160,0,80,80,40,0.0,0.5275,0.58265625
0.89671875,0.503125,2.5446008626536925,0.3836371517576267,2.0,0.0,dropout,0.00625,0.0,0.0,1,0.0,0.0125,alpha,1.0671875,1.9830611929297448,-3.734375,-2.6671875,0,0,160,0,80,80,40,0.0,0.859921875,0.930392578125
0.995546875,0.5265625,2.163284176949862,1.1462705231652879,4.0,0.0,dropout,0.053125,0.0,0.0,1,0.0,0.0875,alpha,2.49765625,3.9205007433891295,-3.734375,-1.23671875,0,0,160,0,80,80,40,0.0,0.97890625,1.0
0.966328125,0.5140625,2.3009581159812256,0.87092264510256,8.0,0.0,dropout,0.028125,0.0,0.025,1,0.0,0.0625,alpha,1.907421875,7.780400180816651,-3.734375,-1.826953125,0,2,160,0,80,80,40,0.0,0.93858984375,0.99015625
0.87625,0.5296875,2.1368520774944373,1.1991347220761368,16.0,0.0,dropout,0.059375,0.0,0.025,1,0.0,0.0875,alpha,1.53671875,15.077660453319549,-3.734375,-2.19765625,0,2,160,0,80,80,40,0.0,0.796171875,0.94078125
0.81234375,0.528125,2.1497951276193903,1.1732486218262304,32.0,0.0,dropout,0.05625,0.0,0.0375,1,0.0,0.0625,alpha,1.2423828125,26.6916791677475,-3.734375,-2.4919921875,0,3,160,0,80,80,40,0.0,0.75671484375,0.85890625
0.83515625,0.5234375,2.1921458612181652,1.0885471546286805,64.0,0.0,dropout,0.046875,0.0,0.05,1,0.0,0.0875,alpha,1.3703125,44.21009821891785,-3.734375,-2.3640625,0,4,160,0,80,80,40,0.0,0.78796484375,0.90375
0.859140625,0.509375,2.377752819557824,0.7173332379493633,128.0,0.0,dropout,0.01875,0.0,0.0125,1,0.0,0.0125,alpha,1.13359375,55.394265587627885,-3.734375,-2.60078125,0,1,160,0,80,80,40,0.0,0.801484375,0.9153125
0.5,0.5,2.7364194385325056,0.0,0.01,0.0,dropout,0.0,0.0,0.0,1,0.0,0.0,z_mad,0.0,0.0,-3.734375,-3.734375,0,0,160,0,80,80,40,0.0,0.5,0.5
0.5,0.5,2.7364194385325056,0.0,0.02,0.0,dropout,0.0,0.0,0.0,1,0.0,0.0,z_mad,0.0,0.0,-3.734375,-3.734375,0,0,160,0,80,80,40,0.0,0.5,0.5
0.49890625,0.5,2.7364194385325056,0.0,0.04,0.0,dropout,0.0,0.0,0.0,1,0.0,0.0,z_mad,-0.00234375,2.8101605130359532e-05,-3.734375,-3.73671875,0,0,160,0,80,80,40,0.0,0.49375,0.5
0.497890625,0.5,2.7364194385325056,0.0,0.08,0.0,dropout,0.0,0.0,0.0,1,0.0,0.0,z_mad,-0.003125,0.00024085273180389776,-3.734375,-3.7375,0,0,160,0,80,80,40,0.0,0.493046875,0.5015625
0.50328125,0.5,2.7364194385325056,0.0,0.16,0.0,dropout,0.0,0.0,0.0,1,0.0,0.0,z_mad,0.0015625,0.0005852503894857364,-3.734375,-3.7328125,0,0,160,0,80,80,40,0.0,0.49453125,0.509375
0.507734375,0.5,2.7364194385325056,0.0,0.32,0.0,dropout,0.0,0.0,0.0,1,0.0,0.0,z_mad,0.00625,0.0020165474312307196,-3.734375,-3.728125,0,0,160,0,80,80,40,0.0,0.49359375,0.521875
0.507421875,0.5,2.7364194385325056,0.0,0.64,0.0,dropout,0.0,0.0,0.0,1,0.0,0.0,z_mad,0.00234375,0.008998465682088863,-3.734375,-3.73203125,0,0,160,0,80,80,40,0.0,0.48359375,0.53
0.506953125,0.5,2.7364194385325056,0.0,1.28,0.0,dropout,0.0,0.0,0.0,1,0.0,0.0,z_mad,0.00078125,0.024079856486059724,-3.734375,-3.73359375,0,0,160,0,80,80,40,0.0,0.4771875,0.528125
0.508203125,0.5,2.7364194385325056,0.0,2.56,0.0,dropout,0.0,0.0,0.0,1,0.0,0.0,z_mad,0.0046875,0.06305722477845847,-3.734375,-3.7296875,0,0,160,0,80,80,40,0.0,0.48234375,0.5284375
0.50078125,0.5,2.7364194385325056,0.0,5.12,0.0,dropout,0.0,0.0,0.0,1,0.0,0.0,z_mad,-0.0046875,0.13644729321822524,-3.734375,-3.7390625,0,0,160,0,80,80,40,0.0,0.47733984375,0.5209375
0.51265625,0.5,2.7364194385325056,0.0,10.24,0.0,dropout,0.0,0.0,0.0,1,0.0,0.0,z_mad,0.00703125,0.28708772622048856,-3.734375,-3.72734375,0,0,160,0,80,80,40,0.0,0.474453125,0.5503359375
0.505625,0.5,2.7364194385325056,0.0,20.48,0.0,dropout,0.0,0.0,0.0,1,0.0,0.0,z_mad,0.00234375,0.5820930942893028,-3.734375,-3.73203125,0,0,160,0,80,80,40,0.0,0.4842109375,0.523828125
0.496171875,0.5,2.7364194385325056,0.0,0.01,0.0,dropout,0.0,0.0,0.0,1,0.0,0.0,z_sd,-0.01015625,0.005361249835550553,-3.734375,-3.74453125,0,0,160,0,80,80,40,0.0,0.47703125,0.5090625
0.498984375,0.5,2.7364194385325056,0.0,0.02,0.0,dropout,0.0,0.0,0.0,1,0.0,0.0,z_sd,-0.009375,0.017123376828385516,-3.734375,-3.74375,0,0,160,0,80,80,40,0.0,0.47765625,0.51484375
0.49640625,0.5,2.7364194385325056,0.0,0.04,0.0,dropout,0.0,0.0,0.0,1,0.0,0.0,z_sd,-0.01015625,0.0444158703321591,-3.734375,-3.74453125,0,0,160,0,80,80,40,0.0,0.468279296875,0.514390625
0.498828125,0.5,2.7364194385325056,0.0,0.08,0.0,dropout,0.0,0.0,0.0,1,0.0,0.0,z_sd,-0.003125,0.10785850649699569,-3.734375,-3.7375,0,0,160,0,80,80,40,0.0,0.47984375,0.50875
0.503984375,0.5,2.7364194385325056,0.0,0.16,0.0,dropout,0.0,0.0,0.0,1,0.0,0.0,z_sd,-0.0046875,0.219027104601264,-3.734375,-3.7390625,0,0,160,0,80,80,40,0.0,0.484748046875,0.5221875
0.499375,0.5,2.7364194385325056,0.0,0.32,0.0,dropout,0.0,0.0,0.0,1,0.0,0.0,z_sd,-0.00234375,0.46230042800307275,-3.734375,-3.73671875,0,0,160,0,80,80,40,0.0,0.46765625,0.5317265625
0.53859375,0.5,2.7364194385325056,0.0,0.64,0.0,dropout,0.0,0.0,0.0,1,0.0,0.0,z_sd,0.0453125,0.9166679166257381,-3.734375,-3.6890625,0,0,160,0,80,80,40,0.0,0.509015625,0.571484375
0.83015625,0.5,2.7364194385325056,0.0,1.28,0.0,dropout,0.0,0.0,0.0,1,0.0,0.0,z_sd,0.78359375,1.8373009264469147,-3.734375,-2.95078125,0,0,160,0,80,80,40,0.0,0.7728710937500001,0.8992246093749999
0.999921875,0.5296875,2.1368520774944373,1.1991347220761368,2.56,0.0,dropout,0.059375,0.0,0.0,1,0.0,0.075,z_sd,2.57890625,3.655877923965454,-3.734375,-1.15546875,0,0,160,0,80,80,40,0.0,0.9996875,1.0
0.972109375,0.50625,2.4463875718621657,0.5800637333406797,5.12,0.0,dropout,0.0125,0.0,0.0,1,0.0,0.025,z_sd,1.8171875,7.334617429971695,-3.734375,-1.9171875,0,0,160,0,80,80,40,0.0,0.9384375,0.99375
0.888125,0.5203125,2.224047372521117,1.024744132022777,10.24,0.0,dropout,0.040625,0.0,0.0375,1,0.0,0.075,z_sd,1.57421875,13.634971725940705,-3.734375,-2.16015625,0,3,160,0,80,80,40,0.0,0.8390234375000001,0.94923828125
0.8115625,0.521875,2.2076695506565978,1.0574997757518154,20.48,0.0,dropout,0.04375,0.0,0.05,1,0.0,0.1,z_sd,1.290234375,25.69724085330963,-3.734375,-2.444140625,0,4,160,0,80,80,40,0.0,0.75091796875,0.8600117187499999
0.506796875,0.5,2.7364194385325056,0.0,0.25,0.0,noise,0.0,0.0,0.0,1,0.0,0.0,alpha,0.00234375,0.2500100927427411,-3.734375,-3.73203125,0,0,160,0,80,80,40,0.0,0.48703125,0.5267265625
0.4959375,0.5,2.7364194385325056,0.0,0.5,0.0,noise,0.0,0.0,0.0,1,0.0,0.0,alpha,-0.01875,0.5000060185790062,-3.734375,-3.753125,0,0,160,0,80,80,40,0.0,0.47334179687500005,0.514375
0.525234375,0.5,2.7364194385325056,0.0,1.0,0.0,noise,0.0,0.0,0.0,1,0.0,0.0,alpha,0.0296875,0.9999997779726982,-3.734375,-3.7046875,0,0,160,0,80,80,40,0.0,0.49092578125,0.555640625
0.756015625,0.5,2.7364194385325056,0.0,2.0,0.0,noise,0.0,0.0,0.0,1,0.0,0.0,alpha,0.52265625,2.0000018641352653,-3.734375,-3.21171875,0,0,160,0,80,80,40,0.0,0.7215625,0.802615234375
0.976015625,0.5,2.7364194385325056,0.0,4.0,0.0,noise,0.0,0.0,0.0,1,0.0,0.0,alpha,1.51875,4.00000008046627,-3.734375,-2.215625,0,0,160,0,80,80,40,0.0,0.956875,0.99281640625
0.9340625,0.5,2.7364194385325056,0.0,8.0,0.0,noise,0.0,0.0,0.0,1,0.0,0.0,alpha,1.42421875,8.000012928247452,-3.734375,-2.31015625,0,0,160,0,80,80,40,0.0,0.875234375,0.9775078125000001
0.70953125,0.5,2.7364194385325056,0.0,16.0,0.0,noise,0.0,0.0,0.0,1,0.0,0.0,alpha,0.49921875,15.999969315528869,-3.734375,-3.23515625,0,0,160,0,80,80,40,0.0,0.59984375,0.79001171875
0.588515625,0.5,2.7364194385325056,0.0,32.0,0.0,noise,0.0,0.0,0.0,1,0.0,0.0,alpha,0.1890625,32.000073075294495,-3.734375,-3.5453125,0,0,160,0,80,80,40,0.0,0.53060546875,0.6578125
0.649453125,0.5,2.7364194385325056,0.0,64.0,0.0,noise,0.0,0.0,0.0,1,0.0,0.0,alpha,0.38125,63.99992189407349,-3.734375,-3.353125,0,0,160,0,80,80,40,0.0,0.56953125,0.745
0.8215625,0.503125,2.5446008626536925,0.3836371517576267,128.0,0.0,noise,0.00625,0.0,0.0,1,0.0,0.0125,alpha,1.0625,128.00006942749025,-3.734375,-2.671875,0,0,160,0,80,80,40,0.0,0.7440625,0.8896875
0.50375,0.5,2.7364194385325056,0.0,0.01,0.0,noise,0.0,0.0,0.0,1,0.0,0.0,z_mad,-0.0046875,0.0001292108443522011,-3.734375,-3.7390625,0,0,160,0,80,80,40,0.0,0.47812109375,0.520470703125
0.510078125,0.5,2.7364194385325056,0.0,0.02,0.0,noise,0.0,0.0,0.0,1,0.0,0.0,z_mad,0.00625,0.0003579334395908518,-3.734375,-3.728125,0,0,160,0,80,80,40,0.0,0.484640625,0.5281445312499999
0.506640625,0.5,2.7364194385325056,0.0,0.04,0.0,noise,0.0,0.0,0.0,1,0.0,0.0,z_mad,0.00234375,0.0009396660279890057,-3.734375,-3.73203125,0,0,160,0,80,80,40,0.0,0.47875,0.529296875
0.5015625,0.5,2.7364194385325056,0.0,0.08,0.0,noise,0.0,0.0,0.0,1,0.0,0.0,z_mad,-0.0046875,0.0022897417278727517,-3.734375,-3.7390625,0,0,160,0,80,80,40,0.0,0.4740625,0.52453125
0.5015625,0.5,2.7364194385325056,0.0,0.16,0.0,noise,0.0,0.0,0.0,1,0.0,0.0,z_mad,-0.00625,0.004683017818024382,-3.734375,-3.740625,0,0,160,0,80,80,40,0.0,0.473671875,0.5265625
0.50328125,0.5,2.7364194385325056,0.0,0.32,0.0,noise,0.0,0.0,0.0,1,0.0,0.0,z_mad,-0.00390625,0.009314321272540838,-3.734375,-3.73828125,0,0,160,0,80,80,40,0.0,0.47640625,0.516015625
0.506328125,0.5,2.7364194385325056,0.0,0.64,0.0,noise,0.0,0.0,0.0,1,0.0,0.0,z_mad,-0.0015625,0.018468304793350397,-3.734375,-3.7359375,0,0,160,0,80,80,40,0.0,0.48201171875000004,0.523751953125
0.509921875,0.5,2.7364194385325056,0.0,1.28,0.0,noise,0.0,0.0,0.0,1,0.0,0.0,z_mad,0.00390625,0.03715973016805947,-3.734375,-3.73046875,0,0,160,0,80,80,40,0.0,0.48140429687499997,0.5375156249999999
0.504296875,0.5,2.7364194385325056,0.0,2.56,0.0,noise,0.0,0.0,0.0,1,0.0,0.0,z_mad,-0.00546875,0.07309208335354925,-3.734375,-3.73984375,0,0,160,0,80,80,40,0.0,0.4809375,0.519765625
0.506875,0.5,2.7364194385325056,0.0,5.12,0.0,noise,0.0,0.0,0.0,1,0.0,0.0,z_mad,0.0046875,0.14446762651205064,-3.734375,-3.7296875,0,0,160,0,80,80,40,0.0,0.47796875,0.53687890625
0.5121875,0.5,2.7364194385325056,0.0,10.24,0.0,noise,0.0,0.0,0.0,1,0.0,0.0,z_mad,0.00625,0.2930819343775511,-3.734375,-3.728125,0,0,160,0,80,80,40,0.0,0.49202734374999996,0.53266796875
0.501953125,0.5,2.7364194385325056,0.0,20.48,0.0,noise,0.0,0.0,0.0,1,0.0,0.0,z_mad,-0.009375,0.5855091005563736,-3.734375,-3.74375,0,0,160,0,80,80,40,0.0,0.4684375,0.53875
0.493984375,0.5,2.7364194385325056,0.0,0.01,0.0,noise,0.0,0.0,0.0,1,0.0,0.0,z_sd,-0.0140625,0.026194161036983132,-3.734375,-3.7484375,0,0,160,0,80,80,40,0.0,0.46578125,0.51453125
0.50375,0.5,2.7364194385325056,0.0,0.02,0.0,noise,0.0,0.0,0.0,1,0.0,0.0,z_sd,-0.0078125,0.051771347993053496,-3.734375,-3.7421875,0,0,160,0,80,80,40,0.0,0.48389453125,0.5186015625
0.50609375,0.5,2.7364194385325056,0.0,0.04,0.0,noise,0.0,0.0,0.0,1,0.0,0.0,z_sd,0.0015625,0.10363497296348215,-3.734375,-3.7328125,0,0,160,0,80,80,40,0.0,0.4875,0.52219140625
0.501015625,0.5,2.7364194385325056,0.0,0.08,0.0,noise,0.0,0.0,0.0,1,0.0,0.0,z_sd,-0.00625,0.2050812647677958,-3.734375,-3.740625,0,0,160,0,80,80,40,0.0,0.4778125,0.52046875
0.517421875,0.5,2.7364194385325056,0.0,0.16,0.0,noise,0.0,0.0,0.0,1,0.0,0.0,z_sd,0.01796875,0.3982728303410113,-3.734375,-3.71640625,0,0,160,0,80,80,40,0.0,0.4846875,0.54953125
0.564140625,0.5,2.7364194385325056,0.0,0.32,0.0,noise,0.0,0.0,0.0,1,0.0,0.0,z_sd,0.1203125,0.8267572734504938,-3.734375,-3.6140625,0,0,160,0,80,80,40,0.0,0.52203125,0.6121875
0.7290625,0.5,2.7364194385325056,0.0,0.64,0.0,noise,0.0,0.0,0.0,1,0.0,0.0,z_sd,0.46875,1.6393396958708764,-3.734375,-3.265625,0,0,160,0,80,80,40,0.0,0.7040625,0.77594140625
0.91453125,0.5,2.7364194385325056,0.0,1.28,0.0,noise,0.0,0.0,0.0,1,0.0,0.0,z_sd,1.26015625,3.3738877937197684,-3.734375,-2.47421875,0,0,160,0,80,80,40,0.0,0.8896796874999999,0.94046875
0.960703125,0.5,2.7364194385325056,0.0,2.56,0.0,noise,0.0,0.0,0.0,1,0.0,0.0,z_sd,1.59609375,6.943693700432777,-3.734375,-2.13828125,0,0,160,0,80,80,40,0.0,0.9418671875,0.9864863281249999
0.948984375,0.503125,2.5446008626536925,0.3836371517576267,5.12,0.0,noise,0.00625,0.0,0.0,1,0.0,0.0125,z_sd,1.465625,13.288178604841232,-3.734375,-2.26875,0,0,160,0,80,80,40,0.0,0.9087460937499999,0.9878203125
0.8365625,0.5,2.7364194385325056,0.0,10.24,0.0,noise,0.0,0.0,0.0,1,0.0,0.0,z_sd,0.91953125,27.675572323799134,-3.734375,-2.81484375,0,0,160,0,80,80,40,0.0,0.7158789062500001,0.9195546875
0.85234375,0.5,2.7364194385325056,0.0,20.48,0.0,noise,0.0,0.0,0.0,1,0.0,0.0,z_sd,1.01015625,51.63365759849548,-3.734375,-2.72421875,0,0,160,0,80,80,40,0.0,0.79046875,0.934375
0.5081770833333333,0.5,2.866576577553538,0.0,0.25,0.0,random,0.0,0.0,0.0,1,0.0,0.0,alpha,0.005729166666666666,0.25000077970325946,-3.734375,-3.728645833333333,0,0,240,0,120,120,40,0.0,0.48114583333333333,0.52796875
0.5122916666666667,0.5,2.866576577553538,0.0,0.5,0.0,random,0.0,0.0,0.0,1,0.0,0.0,alpha,0.009895833333333333,0.5000012012819449,-3.734375,-3.724479166666667,0,0,240,0,120,120,40,0.0,0.46552083333333333,0.5685
0.5546875,0.5,2.866576577553538,0.0,1.0,0.0,random,0.0,0.0,0.0,1,0.0,0.0,alpha,0.07916666666666666,0.9999965538581213,-3.734375,-3.6552083333333334,0,0,240,0,120,120,40,0.0,0.45234375,0.6568046875
0.7734895833333333,0.5,2.866576577553538,0.0,2.0,0.0,random,0.0,0.0,0.0,1,0.0,0.0,alpha,0.5625,1.9999708702166876,-3.734375,-3.171875,0,0,240,0,120,120,40,0.0,0.62203125,0.89751953125
0.9315625,0.5,2.866576577553538,0.0,4.0,0.0,random,0.0,0.0,0.0,1,0.0,0.0,alpha,1.125,3.9999563078085583,-3.734375,-2.609375,0,0,240,0,120,120,40,0.0,0.8553945312500001,0.98572265625
0.8558854166666666,0.5041666666666667,2.589567879310235,0.5540173964866058,8.0,0.0,random,0.008333333333333333,0.0,0.0,1,0.0,0.025,alpha,1.6833333333333333,7.999893589814504,-3.734375,-2.051041666666667,0,0,240,0,120,120,40,0.0,0.5894648437500001,1.0
1.0,0.603125,1.8409058305635935,2.0513414939798893,16.0,0.0,random,0.20625,0.0,0.0,1,0.0,0.43333333333333335,alpha,3.0166666666666666,15.999783325195313,-3.734375,-0.7177083333333333,0,0,240,0,120,120,40,0.0,1.0,1.0
1.0,0.7666666666666666,1.3916363759926136,2.949880403121849,32.0,0.0,random,0.5333333333333333,0.0,0.3333333333333333,1,0.0,0.9083333333333333,alpha,3.787239583333333,31.9995992342631,-3.734375,0.05286458333333333,0,40,240,0,120,120,40,0.0,1.0,1.0
1.0,0.78125,1.3549620057421154,3.0232291436228453,64.0,0.0,random,0.5625,0.0,0.4,1,0.0,0.8833333333333333,alpha,3.87421875,63.99911451339722,-3.734375,0.13984375,0,48,240,0,120,120,40,0.0,1.0,1.0
0.9808854166666666,0.7958333333333334,1.3178607467219123,3.0974316616632516,128.0,0.0,random,0.5916666666666667,0.0,0.7666666666666667,1,0.0,0.825,alpha,3.935546875,127.99818935394288,-3.734375,0.201171875,0,92,240,0,120,120,40,0.0,0.9260416666666667,1.0
0.49973958333333335,0.5,2.866576577553538,0.0,0.01,0.0,random,0.0,0.0,0.0,1,0.0,0.0,z_mad,-0.009375,0.0001389330682286527,-3.734375,-3.74375,0,0,240,0,120,120,40,0.0,0.48046875,0.5082291666666666
0.5022395833333333,0.5,2.866576577553538,0.0,0.02,0.0,random,0.0,0.0,0.0,1,0.0,0.0,z_mad,-0.0036458333333333334,0.00038574225327465684,-3.734375,-3.738020833333333,0,0,240,0,120,120,40,0.0,0.47942708333333334,0.5189075520833334
0.4990104166666667,0.5,2.866576577553538,0.0,0.04,0.0,random,0.0,0.0,0.0,1,0.0,0.0,z_mad,-0.00625,0.0010160806957477083,-3.734375,-3.740625,0,0,240,0,120,120,40,0.0,0.4749895833333333,0.51890625
0.5020833333333333,0.5,2.866576577553538,0.0,0.08,0.0,random,0.0,0.0,0.0,1,0.0,0.0,z_mad,-0.0036458333333333334,0.0024002716469112783,-3.734375,-3.738020833333333,0,0,240,0,120,120,40,0.0,0.47365625,0.52203515625
0.505,0.5,2.866576577553538,0.0,0.16,0.0,random,0.0,0.0,0.0,1,0.0,0.0,z_mad,-0.0005208333333333333,0.004984808495889107,-3.734375,-3.7348958333333333,0,0,240,0,120,120,40,0.0,0.4817708333333333,0.5252083333333334
0.5040625,0.5,2.866576577553538,0.0,0.32,0.0,random,0.0,0.0,0.0,1,0.0,0.0,z_mad,0.0,0.009860471007414162,-3.734375,-3.734375,0,0,240,0,120,120,40,0.0,0.48186848958333334,0.523125
0.5049479166666667,0.5,2.866576577553538,0.0,0.64,0.0,random,0.0,0.0,0.0,1,0.0,0.0,z_mad,0.0026041666666666665,0.019523817859590054,-3.734375,-3.7317708333333335,0,0,240,0,120,120,40,0.0,0.48280859374999996,0.5218906249999999
0.5063541666666667,0.5,2.866576577553538,0.0,1.28,0.0,random,0.0,0.0,0.0,1,0.0,0.0,z_mad,-0.0005208333333333333,0.03887625777473052,-3.734375,-3.7348958333333333,0,0,240,0,120,120,40,0.0,0.48379036458333335,0.52671875
0.5074479166666667,0.5,2.866576577553538,0.0,2.56,0.0,random,0.0,0.0,0.0,1,0.0,0.0,z_mad,0.008854166666666666,0.07761803132792314,-3.734375,-3.7255208333333334,0,0,240,0,120,120,40,0.0,0.48181640625,0.52922265625
0.50765625,0.5,2.866576577553538,0.0,5.12,0.0,random,0.0,0.0,0.0,1,0.0,0.0,z_mad,0.0046875,0.15520350473622482,-3.734375,-3.7296875,0,0,240,0,120,120,40,0.0,0.48514843750000003,0.52453125
0.5063541666666667,0.5,2.866576577553538,0.0,10.24,0.0,random,0.0,0.0,0.0,1,0.0,0.0,z_mad,0.007291666666666667,0.3103447616100311,-3.734375,-3.7270833333333333,0,0,240,0,120,120,40,0.0,0.47233984375,0.5413554687500001
0.5129166666666667,0.5,2.866576577553538,0.0,20.48,0.0,random,0.0,0.0,0.0,1,0.0,0.0,z_mad,0.016145833333333335,0.6206491207083066,-3.734375,-3.7182291666666667,0,0,240,0,120,120,40,0.0,0.45274739583333334,0.5752604166666667
0.5007291666666667,0.5,2.866576577553538,0.0,0.01,0.0,random,0.0,0.0,0.0,1,0.0,0.0,z_sd,-0.0078125,0.01668746976647526,-3.734375,-3.7421875,0,0,240,0,120,120,40,0.0,0.4751458333333333,0.5144791666666667
0.50140625,0.5,2.866576577553538,0.0,0.02,0.0,random,0.0,0.0,0.0,1,0.0,0.0,z_sd,-0.0020833333333333333,0.033315210688548785,-3.734375,-3.736458333333333,0,0,240,0,120,120,40,0.0,0.46827994791666666,0.5248958333333333
0.5071875,0.5,2.866576577553538,0.0,0.04,0.0,random,0.0,0.0,0.0,1,0.0,0.0,z_sd,0.0046875,0.066523789249671,-3.734375,-3.7296875,0,0,240,0,120,120,40,0.0,0.481296875,0.5299505208333333
0.49807291666666664,0.5,2.866576577553538,0.0,0.08,0.0,random,0.0,0.0,0.0,1,0.0,0.0,z_sd,-0.005729166666666666,0.13293501959803203,-3.734375,-3.740104166666667,0,0,240,0,120,120,40,0.0,0.4771875,0.5152109375
0.50921875,0.5,2.866576577553538,0.0,0.16,0.0,random,0.0,0.0,0.0,1,0.0,0.0,z_sd,0.004166666666666667,0.2658121264229218,-3.734375,-3.730208333333333,0,0,240,0,120,120,40,0.0,0.48338020833333334,0.5291158854166668
0.510625,0.5,2.866576577553538,0.0,0.32,0.0,random,0.0,0.0,0.0,1,0.0,0.0,z_sd,0.0078125,0.5315460708613197,-3.734375,-3.7265625,0,0,240,0,120,120,40,0.0,0.4665052083333333,0.5461210937500001
0.60328125,0.5,2.866576577553538,0.0,0.64,0.0,random,0.0,0.0,0.0,1,0.0,0.0,z_sd,0.20052083333333334,1.0630839033673207,-3.734375,-3.5338541666666665,0,0,240,0,120,120,40,0.0,0.45880859375,0.81984765625
0.7285416666666666,0.5,2.866576577553538,0.0,1.28,0.0,random,0.0,0.0,0.0,1,0.0,0.0,z_sd,0.60625,2.1261638455092906,-3.734375,-3.128125,0,0,240,0,120,120,40,0.0,0.5406171875,0.985
0.85109375,0.5020833333333333,2.682877915380755,0.36739732434556593,2.56,0.0,random,0.004166666666666667,0.0,0.0,1,0.0,0.008333333333333333,z_sd,1.5890625,4.252352341016134,-3.734375,-2.1453125,0,0,240,0,120,120,40,0.0,0.5791953125,1.0
0.9109375,0.5697916666666667,1.9710307530132103,1.7910916490806557,5.12,0.0,random,0.13958333333333334,0.0,0.0,1,0.0,0.3333333333333333,z_sd,1.9802083333333333,8.504632564385732,-3.734375,-1.7541666666666667,0,0,240,0,120,120,40,0.0,0.756859375,1.0
0.9759895833333333,0.6385416666666667,1.7276725252995964,2.2778081045078835,10.24,0.0,random,0.27708333333333335,0.0,0.05,1,0.0,0.575,z_sd,2.658072916666667,17.00937462647756,-3.734375,-1.0763020833333334,0,6,240,0,120,120,40,0.0,0.92263671875,1.0
0.8330729166666667,0.6822916666666666,1.605657881363155,2.521837392380766,20.48,0.0,random,0.3645833333333333,0.0,0.36666666666666664,1,0.0,0.5916666666666667,z_sd,2.57109375,34.0186692237854,-3.734375,-1.16328125,0,44,240,0,120,120,40,0.0,0.53822265625,1.0
0.505234375,0.5,3.2275758330035513,0.0,0.25,0.0,concept,0.0,0.0,0.0,10,0.0,0.0,alpha,-0.00234375,0.25036678146570923,-3.734375,-3.73671875,0,0,800,0,400,400,40,0.0,0.480591796875,0.5301742187499999
0.507015625,0.5,3.2275758330035513,0.0,0.5,0.0,concept,0.0,0.0,0.0,10,0.0,0.0,alpha,0.0034375,0.49991773642599585,-3.734375,-3.7309375,0,0,800,0,400,400,40,0.0,0.481833984375,0.5324726562500001
0.50875,0.5,3.2275758330035513,0.0,1.0,0.0,concept,0.0,0.0,0.0,10,0.0,0.0,alpha,0.0075,0.9999662408232689,-3.734375,-3.726875,0,0,800,0,400,400,40,0.0,0.465755078125,0.547549609375
0.514890625,0.5,3.2275758330035513,0.0,2.0,0.0,concept,0.0,0.0,0.0,10,0.0,0.0,alpha,0.02171875,1.999529773592949,-3.734375,-3.71265625,0,0,800,0,400,400,40,0.0,0.45110703124999996,0.581537890625
0.5328125,0.5,3.2275758330035513,0.0,4.0,0.0,concept,0.0,0.0,0.0,10,0.0,0.0,alpha,0.0603125,3.999127536416054,-3.734375,-3.6740625,0,0,800,0,400,400,40,0.0,0.441142578125,0.62134375
0.55278125,0.5,3.2275758330035513,0.0,8.0,0.0,concept,0.0,0.0,0.0,10,0.0,0.0,alpha,0.131875,7.998402745723724,-3.734375,-3.6025,0,0,800,0,400,400,40,0.0,0.41567851562499997,0.69483359375
0.48596875,0.5,3.2275758330035513,0.0,16.0,0.0,concept,0.0,0.0,0.0,10,0.0,0.0,alpha,0.1421875,15.996818013191223,-3.734375,-3.5921875,0,0,800,0,400,400,40,0.0,0.322387109375,0.665891796875
0.52103125,0.5,3.2275758330035513,0.0,32.0,0.0,concept,0.0,0.0,0.0,10,0.0,0.0,alpha,0.2375,31.993637862205507,-3.734375,-3.496875,0,0,800,0,400,400,40,0.0,0.358266796875,0.70029140625
0.607375,0.5190625,2.4967658718970966,1.4616199222129096,64.0,0.0,concept,0.038125,0.0,0.0,10,0.0,0.0775,alpha,0.40375,63.98829339981079,-3.734375,-3.330625,0,0,800,0,400,400,40,0.0,0.435158203125,0.7754765625000001
0.615296875,0.525,2.4335032588492673,1.588145148308568,128.0,0.0,concept,0.05,0.0,0.0,10,0.0,0.1,alpha,0.427890625,127.97887521743775,-3.734375,-3.306484375,0,0,800,0,400,400,40,0.0,0.43798671875,0.792596484375
0.506890625,0.5,3.2275758330035513,0.0,0.01,0.0,concept,0.0,0.0,0.0,10,0.0,0.0,z_mad,0.00125,0.002110638500598725,-3.734375,-3.733125,0,0,800,0,400,400,40,0.0,0.48604375,0.527599609375
0.505671875,0.5,3.2275758330035513,0.0,0.02,0.0,concept,0.0,0.0,0.0,10,0.0,0.0,z_mad,-0.00015625,0.005136876886244863,-3.734375,-3.73453125,0,0,800,0,400,400,40,0.0,0.48800390625,0.52189296875
0.506375,0.5,3.2275758330035513,0.0,0.04,0.0,concept,0.0,0.0,0.0,10,0.0,0.0,z_mad,0.00234375,0.01190878259949386,-3.734375,-3.73203125,0,0,800,0,400,400,40,0.0,0.487123828125,0.526721875
0.5035,0.5,3.2275758330035513,0.0,0.08,0.0,concept,0.0,0.0,0.0,10,0.0,0.0,z_mad,-0.00125,0.025160221881233156,-3.734375,-3.735625,0,0,800,0,400,400,40,0.0,0.481327734375,0.52388203125
0.50584375,0.5,3.2275758330035513,0.0,0.16,0.0,concept,0.0,0.0,0.0,10,0.0,0.0,z_mad,-0.00015625,0.05025339183397591,-3.734375,-3.73453125,0,0,800,0,400,400,40,0.0,0.483640625,0.5276453125
0.500859375,0.5,3.2275758330035513,0.0,0.32,0.0,concept,0.0,0.0,0.0,10,0.0,0.0,z_mad,-0.00546875,0.09924353137612343,-3.734375,-3.73984375,0,0,800,0,400,400,40,0.0,0.47906171875,0.518016015625
0.507875,0.5,3.2275758330035513,0.0,0.64,0.0,concept,0.0,0.0,0.0,10,0.0,0.0,z_mad,0.0046875,0.1970959561318159,-3.734375,-3.7296875,0,0,800,0,400,400,40,0.0,0.48807460937499997,0.528609375
0.505671875,0.5,3.2275758330035513,0.0,1.28,0.0,concept,0.0,0.0,0.0,10,0.0,0.0,z_mad,0.0028125,0.39375194676220415,-3.734375,-3.7315625,0,0,800,0,400,400,40,0.0,0.479668359375,0.5287972656250001
0.50603125,0.5,3.2275758330035513,0.0,2.56,0.0,concept,0.0,0.0,0.0,10,0.0,0.0,z_mad,0.0021875,0.7869337649643421,-3.734375,-3.7321875,0,0,800,0,400,400,40,0.0,0.47152734375,0.54148671875
0.509296875,0.5,3.2275758330035513,0.0,5.12,0.0,concept,0.0,0.0,0.0,10,0.0,0.0,z_mad,0.01046875,1.5737654975056647,-3.734375,-3.72390625,0,0,800,0,400,400,40,0.0,0.44839296875,0.56346953125
0.525859375,0.5,3.2275758330035513,0.0,10.24,0.0,concept,0.0,0.0,0.0,10,0.0,0.0,z_mad,0.04625,3.1478582018613817,-3.734375,-3.688125,0,0,800,0,400,400,40,0.0,0.439265625,0.61157890625
0.546703125,0.5,3.2275758330035513,0.0,20.48,0.0,concept,0.0,0.0,0.0,10,0.0,0.0,z_mad,0.10359375,6.295608730316162,-3.734375,-3.63078125,0,0,800,0,400,400,40,0.0,0.418285546875,0.6676687499999999
0.509390625,0.5,3.2275758330035513,0.0,0.01,0.0,concept,0.0,0.0,0.0,10,0.0,0.0,z_sd,0.0071875,0.9276436894387007,-3.734375,-3.7271875,0,0,800,0,400,400,40,0.0,0.471460546875,0.54519609375
0.51665625,0.5,3.2275758330035513,0.0,0.02,0.0,concept,0.0,0.0,0.0,10,0.0,0.0,z_sd,0.0246875,1.855024005174637,-3.734375,-3.7096875,0,0,800,0,400,400,40,0.0,0.462116015625,0.5701027343749999
0.529296875,0.5,3.2275758330035513,0.0,0.04,0.0,concept,0.0,0.0,0.0,10,0.0,0.0,z_sd,0.05828125,3.7099105206131937,-3.734375,-3.67609375,0,0,800,0,400,400,40,0.0,0.4461734375,0.61546875
0.535328125,0.5,3.2275758330035513,0.0,0.08,0.0,concept,0.0,0.0,0.0,10,0.0,0.0,z_sd,0.15875,7.420110812783241,-3.734375,-3.575625,0,0,800,0,400,400,40,0.0,0.39902734375,0.66705
0.510765625,0.5,3.2275758330035513,0.0,0.16,0.0,concept,0.0,0.0,0.0,10,0.0,0.0,z_sd,0.22109375,14.840469527244569,-3.734375,-3.51328125,0,0,800,0,400,400,40,0.0,0.371571875,0.6635761718750001
0.48996875,0.504375,2.789252565256124,0.8766465354948543,0.32,0.0,concept,0.00875,0.0,0.0,10,0.0,0.0225,z_sd,0.2065625,29.68142080068588,-3.734375,-3.5278125,0,0,800,0,400,400,40,0.0,0.3257921875,0.6743046875
0.582390625,0.525,2.4335032588492673,1.588145148308568,0.64,0.0,concept,0.05,0.0,0.0,10,0.0,0.1,z_sd,0.408671875,59.36342758655548,-3.734375,-3.325703125,0,0,800,0,400,400,40,0.0,0.38642187499999997,0.7828191406249999
0.61715625,0.525,2.4335032588492673,1.588145148308568,1.28,0.0,concept,0.05,0.0,0.0,10,0.0,0.1,z_sd,0.452890625,118.7180816936493,-3.734375,-3.281484375,0,0,800,0,400,400,40,0.0,0.4347203125,0.79164375
0.6029375,0.525,2.4335032588492673,1.588145148308568,2.56,0.0,concept,0.05,0.0,0.0,10,0.0,0.1,z_sd,0.422578125,237.43345872879027,-3.734375,-3.311796875,0,0,800,0,400,400,40,0.0,0.41099765625,0.795787109375
0.54196875,0.525,2.4335032588492673,1.588145148308568,5.12,0.0,concept,0.05,0.0,0.0,10,0.0,0.1,z_sd,0.285703125,474.873427734375,-3.734375,-3.448671875,0,0,800,0,400,400,40,0.0,0.36096679687500005,0.723628125
0.518546875,0.525,2.4335032588492673,1.588145148308568,10.24,0.0,concept,0.05,0.0,0.0,10,0.0,0.1,z_sd,0.21796875,949.7536887359619,-3.734375,-3.51640625,0,0,800,0,400,400,40,0.0,0.335132421875,0.72376015625
0.51596875,0.525,2.4335032588492673,1.588145148308568,20.48,0.0,concept,0.05,0.0,0.0,10,0.0,0.1,z_sd,0.2009375,1899.5206781005859,-3.734375,-3.5334375,0,0,800,0,400,400,40,0.0,0.33296054687500004,0.705221484375
0.50890625,0.5,2.7364194385325056,0.0,0.25,0.0,dropout,0.0,0.0,0.0,10,0.0,0.0,alpha,0.0046875,0.21264285054057835,-3.734375,-3.7296875,0,0,160,0,80,80,40,0.0,0.482890625,0.536568359375
0.509296875,0.5,2.7364194385325056,0.0,0.5,0.0,dropout,0.0,0.0,0.0,10,0.0,0.0,alpha,0.0046875,0.45665574483573435,-3.734375,-3.7296875,0,0,160,0,80,80,40,0.0,0.48796875,0.53431640625
0.499375,0.5,2.7364194385325056,0.0,1.0,0.0,dropout,0.0,0.0,0.0,10,0.0,0.0,alpha,-0.00703125,0.9608018942177295,-3.734375,-3.74140625,0,0,160,0,80,80,40,0.0,0.469763671875,0.52234375
0.498046875,0.5,2.7364194385325056,0.0,2.0,0.0,dropout,0.0,0.0,0.0,10,0.0,0.0,alpha,-0.00234375,1.9596415966749192,-3.734375,-3.73671875,0,0,160,0,80,80,40,0.0,0.43984375,0.53546875
0.48234375,0.5,2.7364194385325056,0.0,4.0,0.0,dropout,0.0,0.0,0.0,10,0.0,0.0,alpha,-0.03125,3.989899516105652,-3.734375,-3.765625,0,0,160,0,80,80,40,0.0,0.4384375,0.5346875
0.5403125,0.5,2.7364194385325056,0.0,8.0,0.0,dropout,0.0,0.0,0.0,10,0.0,0.0,alpha,0.08984375,7.986743772029877,-3.734375,-3.64453125,0,0,160,0,80,80,40,0.0,0.45375,0.6274179687499999
0.53625,0.5,2.7364194385325056,0.0,16.0,0.0,dropout,0.0,0.0,0.0,10,0.0,0.0,alpha,0.0875,16.034266555309294,-3.734375,-3.646875,0,0,160,0,80,80,40,0.0,0.45890625,0.6278125
0.69875,0.5,2.7364194385325056,0.0,32.0,0.0,dropout,0.0,0.0,0.0,10,0.0,0.0,alpha,0.4421875,31.008466839790344,-3.734375,-3.2921875,0,0,160,0,80,80,40,0.0,0.60875,0.76
0.869765625,0.5,2.7364194385325056,0.0,64.0,0.0,dropout,0.0,0.0,0.0,10,0.0,0.0,alpha,0.939453125,59.29273376464844,-3.734375,-2.794921875,0,0,160,0,80,80,40,0.0,0.8018671875,0.9590625
0.87171875,0.50625,2.4463875718621657,0.5800637333406797,128.0,0.0,dropout,0.0125,0.0,0.0,10,0.0,0.025,alpha,1.07734375,115.26841382980346,-3.734375,-2.65703125,0,0,160,0,80,80,40,0.0,0.8309375,0.9090625
0.5,0.5,2.7364194385325056,0.0,0.01,0.0,dropout,0.0,0.0,0.0,10,0.0,0.0,z_mad,0.0,0.0,-3.734375,-3.734375,0,0,160,0,80,80,40,0.0,0.5,0.5
0.5,0.5,2.7364194385325056,0.0,0.02,0.0,dropout,0.0,0.0,0.0,10,0.0,0.0,z_mad,0.0,0.0,-3.734375,-3.734375,0,0,160,0,80,80,40,0.0,0.5,0.5
0.50046875,0.5,2.7364194385325056,0.0,0.04,0.0,dropout,0.0,0.0,0.0,10,0.0,0.0,z_mad,0.00078125,0.0002798897912725806,-3.734375,-3.73359375,0,0,160,0,80,80,40,0.0,0.4975,0.504375
0.500625,0.5,2.7364194385325056,0.0,0.08,0.0,dropout,0.0,0.0,0.0,10,0.0,0.0,z_mad,0.00078125,0.00040450324304401873,-3.734375,-3.73359375,0,0,160,0,80,80,40,0.0,0.5,0.5034375
0.498125,0.5,2.7364194385325056,0.0,0.16,0.0,dropout,0.0,0.0,0.0,10,0.0,0.0,z_mad,-0.003125,0.0013028099907387513,-3.734375,-3.7375,0,0,160,0,80,80,40,0.0,0.49046875,0.5075
0.500546875,0.5,2.7364194385325056,0.0,0.32,0.0,dropout,0.0,0.0,0.0,10,0.0,0.0,z_mad,-0.0046875,0.009276974854583387,-3.734375,-3.7390625,0,0,160,0,80,80,40,0.0,0.48234375,0.51703125
0.50640625,0.5,2.7364194385325056,0.0,0.64,0.0,dropout,0.0,0.0,0.0,10,0.0,0.0,z_mad,-0.0015625,0.04127822632581228,-3.734375,-3.7359375,0,0,160,0,80,80,40,0.0,0.480625,0.52796875
0.51046875,0.5,2.7364194385325056,0.0,1.28,0.0,dropout,0.0,0.0,0.0,10,0.0,0.0,z_mad,0.00859375,0.1178941398859024,-3.734375,-3.72578125,0,0,160,0,80,80,40,0.0,0.49171875,0.52703125
0.508828125,0.5,2.7364194385325056,0.0,2.56,0.0,dropout,0.0,0.0,0.0,10,0.0,0.0,z_mad,0.00703125,0.2992571784183383,-3.734375,-3.72734375,0,0,160,0,80,80,40,0.0,0.481859375,0.5287539062500001
0.506171875,0.5,2.7364194385325056,0.0,5.12,0.0,dropout,0.0,0.0,0.0,10,0.0,0.0,z_mad,0.0,0.6144031561911106,-3.734375,-3.734375,0,0,160,0,80,80,40,0.0,0.47812109375,0.52875
0.50640625,0.5,2.7364194385325056,0.0,10.24,0.0,dropout,0.0,0.0,0.0,10,0.0,0.0,z_mad,0.00703125,1.2913033232092856,-3.734375,-3.72734375,0,0,160,0,80,80,40,0.0,0.4715546875,0.5296875
0.504453125,0.5,2.7364194385325056,0.0,20.48,0.0,dropout,0.0,0.0,0.0,10,0.0,0.0,z_mad,0.01328125,2.6330988705158234,-3.734375,-3.72109375,0,0,160,0,80,80,40,0.0,0.46078125,0.549140625
0.503828125,0.5,2.7364194385325056,0.0,0.01,0.0,dropout,0.0,0.0,0.0,10,0.0,0.0,z_sd,0.00390625,0.002320643956772983,-3.734375,-3.73046875,0,0,160,0,80,80,40,0.0,0.49937109375,0.50984375
0.50546875,0.5,2.7364194385325056,0.0,0.02,0.0,dropout,0.0,0.0,0.0,10,0.0,0.0,z_sd,0.00546875,0.0029781898454530166,-3.734375,-3.72890625,0,0,160,0,80,80,40,0.0,0.49640625,0.52141015625
0.50484375,0.5,2.7364194385325056,0.0,0.04,0.0,dropout,0.0,0.0,0.0,10,0.0,0.0,z_sd,-0.00390625,0.017955616425024346,-3.734375,-3.73828125,0,0,160,0,80,80,40,0.0,0.48514843750000003,0.5242617187499999
0.508515625,0.5,2.7364194385325056,0.0,0.08,0.0,dropout,0.0,0.0,0.0,10,0.0,0.0,z_sd,0.00234375,0.06222092944663018,-3.734375,-3.73203125,0,0,160,0,80,80,40,0.0,0.47625,0.5342207031249999
0.5034375,0.5,2.7364194385325056,0.0,0.16,0.0,dropout,0.0,0.0,0.0,10,0.0,0.0,z_sd,-0.00234375,0.16570933712646366,-3.734375,-3.73671875,0,0,160,0,80,80,40,0.0,0.47578125,0.5253125
0.508203125,0.5,2.7364194385325056,0.0,0.32,0.0,dropout,0.0,0.0,0.0,10,0.0,0.0,z_sd,0.00546875,0.39420074671506883,-3.734375,-3.72890625,0,0,160,0,80,80,40,0.0,0.48515625,0.533697265625
0.502578125,0.5,2.7364194385325056,0.0,0.64,0.0,dropout,0.0,0.0,0.0,10,0.0,0.0,z_sd,-0.003125,0.8380272708833217,-3.734375,-3.7375,0,0,160,0,80,80,40,0.0,0.48390625,0.5165625
0.49703125,0.5,2.7364194385325056,0.0,1.28,0.0,dropout,0.0,0.0,0.0,10,0.0,0.0,z_sd,-0.0125,1.7247136771678924,-3.734375,-3.746875,0,0,160,0,80,80,40,0.0,0.45046875,0.52453125
0.520078125,0.5,2.7364194385325056,0.0,2.56,0.0,dropout,0.0,0.0,0.0,10,0.0,0.0,z_sd,0.0328125,3.5105249345302583,-3.734375,-3.7015625,0,0,160,0,80,80,40,0.0,0.48686914062500003,0.5603203125
0.5371875,0.5,2.7364194385325056,0.0,5.12,0.0,dropout,0.0,0.0,0.0,10,0.0,0.0,z_sd,0.0734375,7.071046239137649,-3.734375,-3.6609375,0,0,160,0,80,80,40,0.0,0.500689453125,0.5964999999999999
0.52265625,0.5,2.7364194385325056,0.0,10.24,0.0,dropout,0.0,0.0,0.0,10,0.0,0.0,z_sd,0.06796875,14.055469238758088,-3.734375,-3.66640625,0,0,160,0,80,80,40,0.0,0.4475,0.58921875
0.6175,0.5,2.7364194385325056,0.0,20.48,0.0,dropout,0.0,0.0,0.0,10,0.0,0.0,z_sd,0.26484375,27.760330820083617,-3.734375,-3.46953125,0,0,160,0,80,80,40,0.0,0.54622265625,0.71921875
0.506796875,0.5,2.7364194385325056,0.0,0.25,0.0,noise,0.0,0.0,0.0,10,0.0,0.0,alpha,0.0046875,0.2502604842185974,-3.734375,-3.7296875,0,0,160,0,80,80,40,0.0,0.4840625,0.528203125
0.501875,0.5,2.7364194385325056,0.0,0.5,0.0,noise,0.0,0.0,0.0,10,0.0,0.0,alpha,-0.00234375,0.50012666285038,-3.734375,-3.73671875,0,0,160,0,80,80,40,0.0,0.47686328125,0.523671875
0.50015625,0.5,2.7364194385325056,0.0,1.0,0.0,noise,0.0,0.0,0.0,10,0.0,0.0,alpha,-0.009375,1.0000635430216789,-3.734375,-3.74375,0,0,160,0,80,80,40,0.0,0.4728125,0.52109375
0.49265625,0.5,2.7364194385325056,0.0,2.0,0.0,noise,0.0,0.0,0.0,10,0.0,0.0,alpha,-0.0203125,2.0000117659568786,-3.734375,-3.7546875,0,0,160,0,80,80,40,0.0,0.462265625,0.5253125
0.474609375,0.5,2.7364194385325056,0.0,4.0,0.0,noise,0.0,0.0,0.0,10,0.0,0.0,alpha,-0.03984375,4.000004675984383,-3.734375,-3.77421875,0,0,160,0,80,80,40,0.0,0.42779296875,0.51375
0.538203125,0.5,2.7364194385325056,0.0,8.0,0.0,noise,0.0,0.0,0.0,10,0.0,0.0,alpha,0.09453125,7.999998372793198,-3.734375,-3.63984375,0,0,160,0,80,80,40,0.0,0.45590625,0.613544921875
0.4765625,0.5,2.7364194385325056,0.0,16.0,0.0,noise,0.0,0.0,0.0,10,0.0,0.0,alpha,-0.01953125,15.999910116195679,-3.734375,-3.75390625,0,0,160,0,80,80,40,0.0,0.438267578125,0.543125
0.523828125,0.5,2.7364194385325056,0.0,32.0,0.0,noise,0.0,0.0,0.0,10,0.0,0.0,alpha,0.071875,31.999819350242614,-3.734375,-3.6625,0,0,160,0,80,80,40,0.0,0.42355078125,0.6265625
0.8209375,0.5,2.7364194385325056,0.0,64.0,0.0,noise,0.0,0.0,0.0,10,0.0,0.0,alpha,0.76875,63.999625539779665,-3.734375,-2.965625,0,0,160,0,80,80,40,0.0,0.77375,0.87625
0.886640625,0.5,2.7364194385325056,0.0,128.0,0.0,noise,0.0,0.0,0.0,10,0.0,0.0,alpha,0.966015625,127.99974365234375,-3.734375,-2.768359375,0,0,160,0,80,80,40,0.0,0.82328125,0.94739453125
0.508125,0.5,2.7364194385325056,0.0,0.01,0.0,noise,0.0,0.0,0.0,10,0.0,0.0,z_mad,0.00546875,0.0004784180266142357,-3.734375,-3.72890625,0,0,160,0,80,80,40,0.0,0.4842109375,0.53016015625
0.500859375,0.5,2.7364194385325056,0.0,0.02,0.0,noise,0.0,0.0,0.0,10,0.0,0.0,z_mad,-0.00390625,0.0013490137178450822,-3.734375,-3.73828125,0,0,160,0,80,80,40,0.0,0.473515625,0.5231562499999999
0.4996875,0.5,2.7364194385325056,0.0,0.04,0.0,noise,0.0,0.0,0.0,10,0.0,0.0,z_mad,-0.0078125,0.003672768495744094,-3.734375,-3.7421875,0,0,160,0,80,80,40,0.0,0.476328125,0.517828125
0.50375,0.5,2.7364194385325056,0.0,0.08,0.0,noise,0.0,0.0,0.0,10,0.0,0.0,z_mad,-0.00390625,0.009174223011359572,-3.734375,-3.73828125,0,0,160,0,80,80,40,0.0,0.478421875,0.52375
0.502890625,0.5,2.7364194385325056,0.0,0.16,0.0,noise,0.0,0.0,0.0,10,0.0,0.0,z_mad,-0.00234375,0.02003217190504074,-3.734375,-3.73671875,0,0,160,0,80,80,40,0.0,0.4828046875,0.52140625
0.506015625,0.5,2.7364194385325056,0.0,0.32,0.0,noise,0.0,0.0,0.0,10,0.0,0.0,z_mad,-0.00078125,0.03985661482438445,-3.734375,-3.73515625,0,0,160,0,80,80,40,0.0,0.4859375,0.51976953125
0.5028125,0.5,2.7364194385325056,0.0,0.64,0.0,noise,0.0,0.0,0.0,10,0.0,0.0,z_mad,-0.003125,0.07783162603154778,-3.734375,-3.7375,0,0,160,0,80,80,40,0.0,0.480453125,0.52454296875
0.50359375,0.5,2.7364194385325056,0.0,1.28,0.0,noise,0.0,0.0,0.0,10,0.0,0.0,z_mad,0.0,0.15437576938420533,-3.734375,-3.734375,0,0,160,0,80,80,40,0.0,0.47983984375,0.52687890625
0.498046875,0.5,2.7364194385325056,0.0,2.56,0.0,noise,0.0,0.0,0.0,10,0.0,0.0,z_mad,-0.009375,0.3108843185007572,-3.734375,-3.74375,0,0,160,0,80,80,40,0.0,0.475234375,0.5137539062500001
0.510078125,0.5,2.7364194385325056,0.0,5.12,0.0,noise,0.0,0.0,0.0,10,0.0,0.0,z_mad,0.0078125,0.6167176172137261,-3.734375,-3.7265625,0,0,160,0,80,80,40,0.0,0.49125,0.5293789062500001
0.502265625,0.5,2.7364194385325056,0.0,10.24,0.0,noise,0.0,0.0,0.0,10,0.0,0.0,z_mad,0.0015625,1.2350138768553733,-3.734375,-3.7328125,0,0,160,0,80,80,40,0.0,0.475751953125,0.522748046875
0.48203125,0.5,2.7364194385325056,0.0,20.48,0.0,noise,0.0,0.0,0.0,10,0.0,0.0,z_mad,-0.03671875,2.480247277021408,-3.734375,-3.77109375,0,0,160,0,80,80,40,0.0,0.4365625,0.52546875
0.51015625,0.5,2.7364194385325056,0.0,0.01,0.0,noise,0.0,0.0,0.0,10,0.0,0.0,z_sd,0.01015625,0.02479097287869081,-3.734375,-3.72421875,0,0,160,0,80,80,40,0.0,0.4846796875,0.53109375
0.505078125,0.5,2.7364194385325056,0.0,0.02,0.0,noise,0.0,0.0,0.0,10,0.0,0.0,z_sd,0.0015625,0.054632573504932225,-3.734375,-3.7328125,0,0,160,0,80,80,40,0.0,0.481248046875,0.5318828125
0.50640625,0.5,2.7364194385325056,0.0,0.04,0.0,noise,0.0,0.0,0.0,10,0.0,0.0,z_sd,-0.0015625,0.10431965943425894,-3.734375,-3.7359375,0,0,160,0,80,80,40,0.0,0.48015625,0.521875
0.509296875,0.5,2.7364194385325056,0.0,0.08,0.0,noise,0.0,0.0,0.0,10,0.0,0.0,z_sd,0.00234375,0.2066298531368375,-3.734375,-3.73203125,0,0,160,0,80,80,40,0.0,0.48748046875,0.53566796875
0.49890625,0.5,2.7364194385325056,0.0,0.16,0.0,noise,0.0,0.0,0.0,10,0.0,0.0,z_sd,-0.00859375,0.40707787293940784,-3.734375,-3.74296875,0,0,160,0,80,80,40,0.0,0.47625,0.522974609375
0.5096875,0.5,2.7364194385325056,0.0,0.32,0.0,noise,0.0,0.0,0.0,10,0.0,0.0,z_sd,0.003125,0.8096611123532057,-3.734375,-3.73125,0,0,160,0,80,80,40,0.0,0.486904296875,0.5353125
0.516171875,0.5,2.7364194385325056,0.0,0.64,0.0,noise,0.0,0.0,0.0,10,0.0,0.0,z_sd,0.01796875,1.6535231672227382,-3.734375,-3.71640625,0,0,160,0,80,80,40,0.0,0.492421875,0.54296875
0.49015625,0.5,2.7364194385325056,0.0,1.28,0.0,noise,0.0,0.0,0.0,10,0.0,0.0,z_sd,-0.00703125,3.1901678651571275,-3.734375,-3.74140625,0,0,160,0,80,80,40,0.0,0.4454296875,0.523515625
0.501640625,0.5,2.7364194385325056,0.0,2.56,0.0,noise,0.0,0.0,0.0,10,0.0,0.0,z_sd,-0.003125,6.510444679856301,-3.734375,-3.7375,0,0,160,0,80,80,40,0.0,0.45763671875,0.5336054687499999
0.54578125,0.5,2.7364194385325056,0.0,5.12,0.0,noise,0.0,0.0,0.0,10,0.0,0.0,z_sd,0.0703125,12.954416418075562,-3.734375,-3.6640625,0,0,160,0,80,80,40,0.0,0.46140625,0.6290625
0.685625,0.5,2.7364194385325056,0.0,10.24,0.0,noise,0.0,0.0,0.0,10,0.0,0.0,z_sd,0.3828125,27.527663540840148,-3.734375,-3.3515625,0,0,160,0,80,80,40,0.0,0.56921875,0.7614492187499999
0.759375,0.5,2.7364194385325056,0.0,20.48,0.0,noise,0.0,0.0,0.0,10,0.0,0.0,z_sd,0.5671875,52.37420032024384,-3.734375,-3.1671875,0,0,160,0,80,80,40,0.0,0.669375,0.84171875
0.50859375,0.5,2.866576577553538,0.0,0.25,0.0,random,0.0,0.0,0.0,10,0.0,0.0,alpha,0.008333333333333333,0.2502258559068044,-3.734375,-3.7260416666666667,0,0,240,0,120,120,40,0.0,0.4814934895833333,0.5375
0.5164583333333334,0.5,2.866576577553538,0.0,0.5,0.0,random,0.0,0.0,0.0,10,0.0,0.0,alpha,0.019791666666666666,0.5001173188289006,-3.734375,-3.714583333333333,0,0,240,0,120,120,40,0.0,0.4910325520833333,0.5489583333333333
0.52296875,0.5,2.866576577553538,0.0,1.0,0.0,random,0.0,0.0,0.0,10,0.0,0.0,alpha,0.030729166666666665,1.0000637302796045,-3.734375,-3.7036458333333333,0,0,240,0,120,120,40,0.0,0.4843971354166667,0.5734609375
0.5486458333333334,0.5,2.866576577553538,0.0,2.0,0.0,random,0.0,0.0,0.0,10,0.0,0.0,alpha,0.07135416666666666,2.0000173678000768,-3.734375,-3.6630208333333334,0,0,240,0,120,120,40,0.0,0.479703125,0.639453125
0.5560416666666667,0.5,2.866576577553538,0.0,4.0,0.0,random,0.0,0.0,0.0,10,0.0,0.0,alpha,0.10989583333333333,3.9999308407306673,-3.734375,-3.6244791666666667,0,0,240,0,120,120,40,0.0,0.41109375,0.7542421875
0.5941666666666666,0.5,2.866576577553538,0.0,8.0,0.0,random,0.0,0.0,0.0,10,0.0,0.0,alpha,0.225,7.99971874554952,-3.734375,-3.509375,0,0,240,0,120,120,40,0.0,0.4130546875,0.83594140625
0.5340625,0.5,2.866576577553538,0.0,16.0,0.0,random,0.0,0.0,0.0,10,0.0,0.0,alpha,0.12708333333333333,15.999519888559977,-3.734375,-3.607291666666667,0,0,240,0,120,120,40,0.0,0.28590234375,0.7684375
0.70421875,0.5,2.866576577553538,0.0,32.0,0.0,random,0.0,0.0,0.0,10,0.0,0.0,alpha,0.5885416666666666,31.999047231674194,-3.734375,-3.1458333333333335,0,0,240,0,120,120,40,0.0,0.41842968750000004,0.9286054687499999
0.8575,0.5,2.866576577553538,0.0,64.0,0.0,random,0.0,0.0,0.0,10,0.0,0.0,alpha,1.22734375,63.99810053507487,-3.734375,-2.50703125,0,0,240,0,120,120,40,0.0,0.65804296875,1.0
0.8069791666666667,0.5020833333333333,2.682877915380755,0.36739732434556593,128.0,0.0,random,0.004166666666666667,0.0,0.0,10,0.0,0.008333333333333333,alpha,1.2104166666666667,127.99618047078451,-3.734375,-2.5239583333333333,0,0,240,0,120,120,40,0.0,0.517078125,1.0
0.5075,0.5,2.866576577553538,0.0,0.01,0.0,random,0.0,0.0,0.0,10,0.0,0.0,z_mad,0.004166666666666667,0.0005228896605937431,-3.734375,-3.730208333333333,0,0,240,0,120,120,40,0.0,0.485515625,0.5278151041666667
0.50328125,0.5,2.866576577553538,0.0,0.02,0.0,random,0.0,0.0,0.0,10,0.0,0.0,z_mad,-0.0046875,0.0014653462412146231,-3.734375,-3.7390625,0,0,240,0,120,120,40,0.0,0.47937109375,0.5234375
0.49802083333333336,0.5,2.866576577553538,0.0,0.04,0.0,random,0.0,0.0,0.0,10,0.0,0.0,z_mad,-0.009375,0.0039851054355191685,-3.734375,-3.74375,0,0,240,0,120,120,40,0.0,0.47998437499999996,0.5103125
0.5058854166666666,0.5,2.866576577553538,0.0,0.08,0.0,random,0.0,0.0,0.0,10,0.0,0.0,z_mad,0.003125,0.009940083844897647,-3.734375,-3.73125,0,0,240,0,120,120,40,0.0,0.48523437500000005,0.5276588541666667
0.5095833333333334,0.5,2.866576577553538,0.0,0.16,0.0,random,0.0,0.0,0.0,10,0.0,0.0,z_mad,0.005208333333333333,0.02140659646441539,-3.734375,-3.7291666666666665,0,0,240,0,120,120,40,0.0,0.483109375,0.5301575520833334
0.5040104166666667,0.5,2.866576577553538,0.0,0.32,0.0,random,0.0,0.0,0.0,10,0.0,0.0,z_mad,-0.0005208333333333333,0.04228622761244575,-3.734375,-3.7348958333333333,0,0,240,0,120,120,40,0.0,0.48154296875,0.5228645833333333
0.5075520833333333,0.5,2.866576577553538,0.0,0.64,0.0,random,0.0,0.0,0.0,10,0.0,0.0,z_mad,0.0026041666666666665,0.08296379838138819,-3.734375,-3.7317708333333335,0,0,240,0,120,120,40,0.0,0.48515625,0.5308854166666667
0.5108333333333334,0.5,2.866576577553538,0.0,1.28,0.0,random,0.0,0.0,0.0,10,0.0,0.0,z_mad,0.010416666666666666,0.16505122892558574,-3.734375,-3.7239583333333335,0,0,240,0,120,120,40,0.0,0.48999609375,0.52891015625
0.5202604166666667,0.5,2.866576577553538,0.0,2.56,0.0,random,0.0,0.0,0.0,10,0.0,0.0,z_mad,0.022395833333333334,0.3295878532032172,-3.734375,-3.7119791666666666,0,0,240,0,120,120,40,0.0,0.4910247395833333,0.5468229166666667
0.5222395833333333,0.5,2.866576577553538,0.0,5.12,0.0,random,0.0,0.0,0.0,10,0.0,0.0,z_mad,0.024479166666666666,0.6590238347649574,-3.734375,-3.7098958333333334,0,0,240,0,120,120,40,0.0,0.49270833333333336,0.5598958333333334
0.5328645833333333,0.5,2.866576577553538,0.0,10.24,0.0,random,0.0,0.0,0.0,10,0.0,0.0,z_mad,0.04479166666666667,1.317958230773608,-3.734375,-3.689583333333333,0,0,240,0,120,120,40,0.0,0.48826953125,0.5925
0.5617708333333333,0.5,2.866576577553538,0.0,20.48,0.0,random,0.0,0.0,0.0,10,0.0,0.0,z_mad,0.09895833333333333,2.635786243279775,-3.734375,-3.6354166666666665,0,0,240,0,120,120,40,0.0,0.47577734374999997,0.6865703125
0.5090625,0.5,2.866576577553538,0.0,0.01,0.0,random,0.0,0.0,0.0,10,0.0,0.0,z_sd,0.005729166666666666,0.050360642435650034,-3.734375,-3.728645833333333,0,0,240,0,120,120,40,0.0,0.4808854166666667,0.5320833333333334
0.5115625,0.5,2.866576577553538,0.0,0.02,0.0,random,0.0,0.0,0.0,10,0.0,0.0,z_sd,0.010416666666666666,0.09959142440930009,-3.734375,-3.7239583333333335,0,0,240,0,120,120,40,0.0,0.49276041666666665,0.52844140625
0.5144791666666667,0.5,2.866576577553538,0.0,0.04,0.0,random,0.0,0.0,0.0,10,0.0,0.0,z_sd,0.0109375,0.19825399729112783,-3.734375,-3.7234375,0,0,240,0,120,120,40,0.0,0.49869140625,0.53016015625
0.51484375,0.5,2.866576577553538,0.0,0.08,0.0,random,0.0,0.0,0.0,10,0.0,0.0,z_sd,0.011979166666666667,0.39600567643841106,-3.734375,-3.722395833333333,0,0,240,0,120,120,40,0.0,0.48890494791666667,0.5478255208333334
0.5276041666666667,0.5,2.866576577553538,0.0,0.16,0.0,random,0.0,0.0,0.0,10,0.0,0.0,z_sd,0.034895833333333334,0.7918014687796434,-3.734375,-3.699479166666667,0,0,240,0,120,120,40,0.0,0.49202864583333333,0.57375
0.5438020833333334,0.5,2.866576577553538,0.0,0.32,0.0,random,0.0,0.0,0.0,10,0.0,0.0,z_sd,0.06458333333333334,1.583505344390869,-3.734375,-3.669791666666667,0,0,240,0,120,120,40,0.0,0.47515364583333336,0.64375
0.5656770833333333,0.5,2.866576577553538,0.0,0.64,0.0,random,0.0,0.0,0.0,10,0.0,0.0,z_sd,0.11822916666666666,3.1668553173542024,-3.734375,-3.6161458333333334,0,0,240,0,120,120,40,0.0,0.44973828125,0.74330859375
0.5816666666666667,0.5,2.866576577553538,0.0,1.28,0.0,random,0.0,0.0,0.0,10,0.0,0.0,z_sd,0.20364583333333333,6.333609831333161,-3.734375,-3.5307291666666667,0,0,240,0,120,120,40,0.0,0.3923359375,0.8393984375
0.52375,0.5,2.866576577553538,0.0,2.56,0.0,random,0.0,0.0,0.0,10,0.0,0.0,z_sd,0.10104166666666667,12.667311672369639,-3.734375,-3.6333333333333333,0,0,240,0,120,120,40,0.0,0.29828125,0.7580507812499999
0.6165104166666666,0.5,2.866576577553538,0.0,5.12,0.0,random,0.0,0.0,0.0,10,0.0,0.0,z_sd,0.4265625,25.334596316019695,-3.734375,-3.3078125,0,0,240,0,120,120,40,0.0,0.39162239583333336,0.90610546875
0.758125,0.5,2.866576577553538,0.0,10.24,0.0,random,0.0,0.0,0.0,10,0.0,0.0,z_sd,0.9651041666666667,50.66931646664937,-3.734375,-2.769270833333333,0,0,240,0,120,120,40,0.0,0.56015625,1.0
0.7898958333333334,0.5010416666666667,2.753121733916527,0.22690968727402305,20.48,0.0,random,0.0020833333333333333,0.0,0.0,10,0.0,0.008333333333333333,z_sd,1.1526041666666667,101.33844057718913,-3.734375,-2.581770833333333,0,0,240,0,120,120,40,0.0,0.52578515625,1.0
0.51590625,0.5,3.2275758330035513,0.0,0.25,0.0,concept,0.0,0.0,0.0,11,0.0,0.0,alpha,0.01640625,0.2504614731296897,-3.734375,-3.71796875,0,0,800,0,400,400,40,0.0,0.49419843750000003,0.5363046875
0.526890625,0.5,3.2275758330035513,0.0,0.5,0.0,concept,0.0,0.0,0.0,11,0.0,0.0,alpha,0.035625,0.5004070303589105,-3.734375,-3.69875,0,0,800,0,400,400,40,0.0,0.49725664062499997,0.559743359375
0.54434375,0.5,3.2275758330035513,0.0,1.0,0.0,concept,0.0,0.0,0.0,11,0.0,0.0,alpha,0.06421875,0.9999479724466801,-3.734375,-3.67015625,0,0,800,0,400,400,40,0.0,0.505075,0.587860546875
0.584921875,0.5,3.2275758330035513,0.0,2.0,0.0,concept,0.0,0.0,0.0,11,0.0,0.0,alpha,0.13828125,1.9999584031105042,-3.734375,-3.59609375,0,0,800,0,400,400,40,0.0,0.523691796875,0.647548046875
0.633953125,0.5,3.2275758330035513,0.0,4.0,0.0,concept,0.0,0.0,0.0,11,0.0,0.0,alpha,0.23953125,4.00008116543293,-3.734375,-3.49484375,0,0,800,0,400,400,40,0.0,0.545924609375,0.7196035156249999
0.5999375,0.5,3.2275758330035513,0.0,8.0,0.0,concept,0.0,0.0,0.0,11,0.0,0.0,alpha,0.2115625,8.000083310604095,-3.734375,-3.5228125,0,0,800,0,400,400,40,0.0,0.46738828125,0.723634765625
0.485109375,0.5,3.2275758330035513,0.0,16.0,0.0,concept,0.0,0.0,0.0,11,0.0,0.0,alpha,0.0396875,16.000219101905824,-3.734375,-3.6946875,0,0,800,0,400,400,40,0.0,0.361958984375,0.634239453125
0.488328125,0.5,3.2275758330035513,0.0,32.0,0.0,concept,0.0,0.0,0.0,11,0.0,0.0,alpha,0.0490625,32.00020874023438,-3.734375,-3.6853125,0,0,800,0,400,400,40,0.0,0.34707304687499996,0.6488726562499999
0.579953125,0.5,3.2275758330035513,0.0,64.0,0.0,concept,0.0,0.0,0.0025,11,0.0,0.0,alpha,0.221796875,64.00146069526673,-3.734375,-3.512578125,0,1,800,0,400,400,40,0.0,0.39786249999999995,0.74524609375
0.57821875,0.5153125,2.545431152059104,1.364289361888894,128.0,0.0,concept,0.030625,0.0,0.0475,11,0.0,0.0625,alpha,0.338046875,127.99635721206666,-3.734375,-3.396328125,0,19,800,0,400,400,40,0.0,0.38920117187500003,0.751819140625
0.5065625,0.5,3.2275758330035513,0.0,0.01,0.0,concept,0.0,0.0,0.0,11,0.0,0.0,z_mad,0.00078125,0.0022601766130537727,-3.734375,-3.73359375,0,0,800,0,400,400,40,0.0,0.48307812499999997,0.5275050781249999
0.508953125,0.5,3.2275758330035513,0.0,0.02,0.0,concept,0.0,0.0,0.0,11,0.0,0.0,z_mad,0.00453125,0.00543198121828027,-3.734375,-3.72984375,0,0,800,0,400,400,40,0.0,0.48794257812499997,0.528453515625
0.507328125,0.5,3.2275758330035513,0.0,0.04,0.0,concept,0.0,0.0,0.0,11,0.0,0.0,z_mad,0.00453125,0.01265536769060418,-3.734375,-3.72984375,0,0,800,0,400,400,40,0.0,0.48574570312500004,0.5251417968750001
0.509,0.5,3.2275758330035513,0.0,0.08,0.0,concept,0.0,0.0,0.0,11,0.0,0.0,z_mad,0.00734375,0.026727471598424018,-3.734375,-3.72703125,0,0,800,0,400,400,40,0.0,0.48910820312500003,0.528298828125
0.506734375,0.5,3.2275758330035513,0.0,0.16,0.0,concept,0.0,0.0,0.0,11,0.0,0.0,z_mad,0.005,0.053194590639323,-3.734375,-3.729375,0,0,800,0,400,400,40,0.0,0.48510937499999995,0.5278464843749999
0.5083125,0.5,3.2275758330035513,0.0,0.32,0.0,concept,0.0,0.0,0.0,11,0.0,0.0,z_mad,0.00609375,0.10503817182034254,-3.734375,-3.72828125,0,0,800,0,400,400,40,0.0,0.484562109375,0.52861171875
0.515265625,0.5,3.2275758330035513,0.0,0.64,0.0,concept,0.0,0.0,0.0,11,0.0,0.0,z_mad,0.0165625,0.2087837215140462,-3.734375,-3.7178125,0,0,800,0,400,400,40,0.0,0.49060351562500004,0.537690234375
0.5211875,0.5,3.2275758330035513,0.0,1.28,0.0,concept,0.0,0.0,0.0,11,0.0,0.0,z_mad,0.0253125,0.41671000473201275,-3.734375,-3.7090625,0,0,800,0,400,400,40,0.0,0.495623046875,0.551834375
0.53721875,0.5,3.2275758330035513,0.0,2.56,0.0,concept,0.0,0.0,0.0,11,0.0,0.0,z_mad,0.0521875,0.8335283046960831,-3.734375,-3.6821875,0,0,800,0,400,400,40,0.0,0.502810546875,0.5754707031249999
0.569609375,0.5,3.2275758330035513,0.0,5.12,0.0,concept,0.0,0.0,0.0,11,0.0,0.0,z_mad,0.10640625,1.66665875852108,-3.734375,-3.62796875,0,0,800,0,400,400,40,0.0,0.5151187500000001,0.6300015625000001
0.62059375,0.5,3.2275758330035513,0.0,10.24,0.0,concept,0.0,0.0,0.0,11,0.0,0.0,z_mad,0.20859375,3.333535831570625,-3.734375,-3.52578125,0,0,800,0,400,400,40,0.0,0.533943359375,0.69996953125
0.61896875,0.5,3.2275758330035513,0.0,20.48,0.0,concept,0.0,0.0,0.0,11,0.0,0.0,z_mad,0.224375,6.666938848495484,-3.734375,-3.51,0,0,800,0,400,400,40,0.0,0.5024523437499999,0.73239765625
0.54709375,0.5,3.2275758330035513,0.0,0.01,0.0,concept,0.0,0.0,0.0,11,0.0,0.0,z_sd,0.06796875,0.9147111869603396,-3.734375,-3.66640625,0,0,800,0,400,400,40,0.0,0.5056394531249999,0.5917875
0.5861875,0.5,3.2275758330035513,0.0,0.02,0.0,concept,0.0,0.0,0.0,11,0.0,0.0,z_sd,0.1371875,1.829476928561926,-3.734375,-3.5971875,0,0,800,0,400,400,40,0.0,0.5285695312500001,0.6500011718750001
0.613921875,0.5,3.2275758330035513,0.0,0.04,0.0,concept,0.0,0.0,0.0,11,0.0,0.0,z_sd,0.21078125,3.6589906767010687,-3.734375,-3.52359375,0,0,800,0,400,400,40,0.0,0.53102265625,0.712132421875
0.604,0.5,3.2275758330035513,0.0,0.08,0.0,concept,0.0,0.0,0.0,11,0.0,0.0,z_sd,0.23671875,7.317886689305306,-3.734375,-3.49765625,0,0,800,0,400,400,40,0.0,0.49515859375,0.7227855468750001
0.548515625,0.5,3.2275758330035513,0.0,0.16,0.0,concept,0.0,0.0,0.0,11,0.0,0.0,z_sd,0.19234375,14.6359292447567,-3.734375,-3.54203125,0,0,800,0,400,400,40,0.0,0.4246859375,0.691089453125
0.48134375,0.5,3.2275758330035513,0.0,0.32,0.0,concept,0.0,0.0,0.0,11,0.0,0.0,z_sd,0.038203125,29.271951785087584,-3.734375,-3.696171875,0,0,800,0,400,400,40,0.0,0.35228906249999997,0.62079140625
0.5041875,0.51125,2.6106040351358453,1.2339435957354121,0.64,0.0,concept,0.0225,0.0,0.055,11,0.0,0.05,z_sd,0.11109375,58.54574920654297,-3.734375,-3.62328125,0,22,800,0,400,400,40,0.0,0.347149609375,0.65687421875
0.53646875,0.52125,2.471841794080441,1.5114680778462204,1.28,0.0,concept,0.0425,0.0,0.005,11,0.0,0.0875,z_sd,0.2071484375,117.08566038131714,-3.734375,-3.5272265625,0,2,800,0,400,400,40,0.0,0.35144609375,0.6935839843749999
0.565140625,0.5209375,2.4752731035625772,1.5046054588819484,2.56,0.0,concept,0.041875,0.0,0.0375,11,0.0,0.0875,z_sd,0.2972265625,234.1736710357666,-3.734375,-3.4371484375,0,15,800,0,400,400,40,0.0,0.36464375000000004,0.7468304687499999
0.511015625,0.52,2.4858180992283776,1.483515467550347,5.12,0.0,concept,0.04,0.0,0.08,11,0.0,0.085,z_sd,0.169609375,468.34493473052976,-3.734375,-3.564765625,0,32,800,0,400,400,40,0.0,0.35061875,0.672776171875
0.47025,0.5246875,2.436517501494474,1.5821166630181545,10.24,0.0,concept,0.049375,0.0,0.1,11,0.0,0.1075,z_sd,0.0337890625,936.6936441040039,-3.734375,-3.7005859375,0,40,800,0,400,400,40,0.0,0.28890078124999996,0.6485527343749999
0.462375,0.528125,2.4048790003946747,1.6453936652177537,20.48,0.0,concept,0.05625,0.0,0.1,11,0.0,0.1175,z_sd,-0.0230078125,1873.3926948547364,-3.734375,-3.7573828125,0,40,800,0,400,400,40,0.0,0.268441796875,0.6427835937499999
0.50421875,0.5,2.7364194385325056,0.0,0.25,0.0,dropout,0.0,0.0,0.0,11,0.0,0.0,alpha,-0.0015625,0.2103132100775838,-3.734375,-3.7359375,0,0,160,0,80,80,40,0.0,0.4857734375,0.526103515625
0.497890625,0.5,2.7364194385325056,0.0,0.5,0.0,dropout,0.0,0.0,0.0,11,0.0,0.0,alpha,-0.0078125,0.4548863273113966,-3.734375,-3.7421875,0,0,160,0,80,80,40,0.0,0.4835859375,0.510078125
0.512421875,0.5,2.7364194385325056,0.0,1.0,0.0,dropout,0.0,0.0,0.0,11,0.0,0.0,alpha,0.01171875,0.9660700023174286,-3.734375,-3.72265625,0,0,160,0,80,80,40,0.0,0.485625,0.536484375
0.52421875,0.5,2.7364194385325056,0.0,2.0,0.0,dropout,0.0,0.0,0.0,11,0.0,0.0,alpha,0.02421875,2.007024812698364,-3.734375,-3.71015625,0,0,160,0,80,80,40,0.0,0.48515625,0.5661015625
0.545390625,0.5,2.7364194385325056,0.0,4.0,0.0,dropout,0.0,0.0,0.0,11,0.0,0.0,alpha,0.075,3.97201928794384,-3.734375,-3.659375,0,0,160,0,80,80,40,0.0,0.49343359374999995,0.59296875
0.637578125,0.5,2.7364194385325056,0.0,8.0,0.0,dropout,0.0,0.0,0.0,11,0.0,0.0,alpha,0.24765625,7.9862716615200045,-3.734375,-3.48671875,0,0,160,0,80,80,40,0.0,0.596171875,0.7062734375
0.668046875,0.5,2.7364194385325056,0.0,16.0,0.0,dropout,0.0,0.0,0.0,11,0.0,0.0,alpha,0.33671875,16.002874052524568,-3.734375,-3.39765625,0,0,160,0,80,80,40,0.0,0.616828125,0.72991015625
0.7796875,0.5,2.7364194385325056,0.0,32.0,0.0,dropout,0.0,0.0,0.0,11,0.0,0.0,alpha,0.66015625,31.38365857601166,-3.734375,-3.07421875,0,0,160,0,80,80,40,0.0,0.70875,0.83767578125
0.897734375,0.503125,2.5446008626536925,0.3836371517576267,64.0,0.0,dropout,0.00625,0.0,0.0,11,0.0,0.0125,alpha,1.188671875,62.01918206214905,-3.734375,-2.545703125,0,0,160,0,80,80,40,0.0,0.82046875,0.967890625
0.91765625,0.50625,2.4463875718621657,0.5800637333406797,128.0,0.0,dropout,0.0125,0.0,0.0,11,0.0,0.025,alpha,1.359765625,118.76347332000732,-3.734375,-2.374609375,0,0,160,0,80,80,40,0.0,0.84749609375,0.973125
0.5,0.5,2.7364194385325056,0.0,0.01,0.0,dropout,0.0,0.0,0.0,11,0.0,0.0,z_mad,0.0,0.0,-3.734375,-3.734375,0,0,160,0,80,80,40,0.0,0.5,0.5
0.5,0.5,2.7364194385325056,0.0,0.02,0.0,dropout,0.0,0.0,0.0,11,0.0,0.0,z_mad,0.0,0.0,-3.734375,-3.734375,0,0,160,0,80,80,40,0.0,0.5,0.5
0.500390625,0.5,2.7364194385325056,0.0,0.04,0.0,dropout,0.0,0.0,0.0,11,0.0,0.0,z_mad,0.0,0.00021275111939758062,-3.734375,-3.734375,0,0,160,0,80,80,40,0.0,0.5,0.501875
0.498125,0.5,2.7364194385325056,0.0,0.08,0.0,dropout,0.0,0.0,0.0,11,0.0,0.0,z_mad,-0.003125,0.0004100981284864247,-3.734375,-3.7375,0,0,160,0,80,80,40,0.0,0.49296484375,0.5009375
0.503671875,0.5,2.7364194385325056,0.0,0.16,0.0,dropout,0.0,0.0,0.0,11,0.0,0.0,z_mad,0.00390625,0.0025496165791992096,-3.734375,-3.73046875,0,0,160,0,80,80,40,0.0,0.49592187499999996,0.51296875
0.5025,0.5,2.7364194385325056,0.0,0.32,0.0,dropout,0.0,0.0,0.0,11,0.0,0.0,z_mad,-0.00234375,0.009727152620325797,-3.734375,-3.73671875,0,0,160,0,80,80,40,0.0,0.4849921875,0.518828125
0.50703125,0.5,2.7364194385325056,0.0,0.64,0.0,dropout,0.0,0.0,0.0,11,0.0,0.0,z_mad,0.0046875,0.03244921113655437,-3.734375,-3.7296875,0,0,160,0,80,80,40,0.0,0.48640625,0.53046875
0.50765625,0.5,2.7364194385325056,0.0,1.28,0.0,dropout,0.0,0.0,0.0,11,0.0,0.0,z_mad,0.00078125,0.11717725163325668,-3.734375,-3.73359375,0,0,160,0,80,80,40,0.0,0.478046875,0.5340625
0.510546875,0.5,2.7364194385325056,0.0,2.56,0.0,dropout,0.0,0.0,0.0,11,0.0,0.0,z_mad,0.0125,0.274443575181067,-3.734375,-3.721875,0,0,160,0,80,80,40,0.0,0.48421875,0.534927734375
0.513515625,0.5,2.7364194385325056,0.0,5.12,0.0,dropout,0.0,0.0,0.0,11,0.0,0.0,z_mad,0.015625,0.6157952066510916,-3.734375,-3.71875,0,0,160,0,80,80,40,0.0,0.48812109374999996,0.5343828125000001
0.521640625,0.5,2.7364194385325056,0.0,10.24,0.0,dropout,0.0,0.0,0.0,11,0.0,0.0,z_mad,0.021875,1.3002143025398254,-3.734375,-3.7125,0,0,160,0,80,80,40,0.0,0.4949921875,0.554623046875
0.535625,0.5,2.7364194385325056,0.0,20.48,0.0,dropout,0.0,0.0,0.0,11,0.0,0.0,z_mad,0.0578125,2.5887152165174485,-3.734375,-3.6765625,0,0,160,0,80,80,40,0.0,0.51890625,0.556494140625
0.499375,0.5,2.7364194385325056,0.0,0.01,0.0,dropout,0.0,0.0,0.0,11,0.0,0.0,z_sd,-0.00234375,0.0010533651220612228,-3.734375,-3.73671875,0,0,160,0,80,80,40,0.0,0.49578125,0.50203125
0.502734375,0.5,2.7364194385325056,0.0,0.02,0.0,dropout,0.0,0.0,0.0,11,0.0,0.0,z_sd,0.0,0.0021670751011697575,-3.734375,-3.734375,0,0,160,0,80,80,40,0.0,0.498125,0.50875
0.501796875,0.5,2.7364194385325056,0.0,0.04,0.0,dropout,0.0,0.0,0.0,11,0.0,0.0,z_sd,-0.003125,0.015547170815989376,-3.734375,-3.7375,0,0,160,0,80,80,40,0.0,0.4896875,0.51234375
0.499609375,0.5,2.7364194385325056,0.0,0.08,0.0,dropout,0.0,0.0,0.0,11,0.0,0.0,z_sd,-0.009375,0.05677572526037693,-3.734375,-3.74375,0,0,160,0,80,80,40,0.0,0.477734375,0.51640625
0.503359375,0.5,2.7364194385325056,0.0,0.16,0.0,dropout,0.0,0.0,0.0,11,0.0,0.0,z_sd,-0.00078125,0.16647952441126107,-3.734375,-3.73515625,0,0,160,0,80,80,40,0.0,0.47743749999999996,0.522578125
0.505546875,0.5,2.7364194385325056,0.0,0.32,0.0,dropout,0.0,0.0,0.0,11,0.0,0.0,z_sd,0.00078125,0.3645396063104272,-3.734375,-3.73359375,0,0,160,0,80,80,40,0.0,0.4831015625,0.522109375
0.510390625,0.5,2.7364194385325056,0.0,0.64,0.0,dropout,0.0,0.0,0.0,11,0.0,0.0,z_sd,0.015625,0.7781764760613441,-3.734375,-3.71875,0,0,160,0,80,80,40,0.0,0.4904296875,0.53109375
0.493359375,0.5,2.7364194385325056,0.0,1.28,0.0,dropout,0.0,0.0,0.0,11,0.0,0.0,z_sd,-0.0140625,1.5851828888058663,-3.734375,-3.7484375,0,0,160,0,80,80,40,0.0,0.45512890624999996,0.52375
0.553359375,0.5,2.7364194385325056,0.0,2.56,0.0,dropout,0.0,0.0,0.0,11,0.0,0.0,z_sd,0.08671875,3.2303880006074905,-3.734375,-3.64765625,0,0,160,0,80,80,40,0.0,0.5275,0.587900390625
0.61390625,0.5,2.7364194385325056,0.0,5.12,0.0,dropout,0.0,0.0,0.0,11,0.0,0.0,z_sd,0.19921875,6.516373616456986,-3.734375,-3.53515625,0,0,160,0,80,80,40,0.0,0.5777734375,0.658046875
0.678828125,0.5,2.7364194385325056,0.0,10.24,0.0,dropout,0.0,0.0,0.0,11,0.0,0.0,z_sd,0.334375,12.991410720348359,-3.734375,-3.4,0,0,160,0,80,80,40,0.0,0.645310546875,0.73095703125
0.7421875,0.5,2.7364194385325056,0.0,20.48,0.0,dropout,0.0,0.0,0.0,11,0.0,0.0,z_sd,0.4796875,25.78491723537445,-3.734375,-3.2546875,0,0,160,0,80,80,40,0.0,0.6687460937499999,0.834296875
0.504296875,0.5,2.7364194385325056,0.0,0.25,0.0,noise,0.0,0.0,0.0,11,0.0,0.0,alpha,-0.0015625,0.2502985019236803,-3.734375,-3.7359375,0,0,160,0,80,80,40,0.0,0.48,0.52890625
0.5103125,0.5,2.7364194385325056,0.0,0.5,0.0,noise,0.0,0.0,0.0,11,0.0,0.0,alpha,0.0078125,0.5001662686467171,-3.734375,-3.7265625,0,0,160,0,80,80,40,0.0,0.483125,0.53671875
0.50609375,0.5,2.7364194385325056,0.0,1.0,0.0,noise,0.0,0.0,0.0,11,0.0,0.0,alpha,0.00234375,1.000082340091467,-3.734375,-3.73203125,0,0,160,0,80,80,40,0.0,0.4771875,0.5340625
0.522109375,0.5,2.7364194385325056,0.0,2.0,0.0,noise,0.0,0.0,0.0,11,0.0,0.0,alpha,0.0265625,2.000063931941986,-3.734375,-3.7078125,0,0,160,0,80,80,40,0.0,0.491875,0.554765625
0.575390625,0.5,2.7364194385325056,0.0,4.0,0.0,noise,0.0,0.0,0.0,11,0.0,0.0,alpha,0.12265625,4.000025126338005,-3.734375,-3.61171875,0,0,160,0,80,80,40,0.0,0.55140625,0.62234375
0.624609375,0.5,2.7364194385325056,0.0,8.0,0.0,noise,0.0,0.0,0.0,11,0.0,0.0,alpha,0.21328125,7.999943608045578,-3.734375,-3.52109375,0,0,160,0,80,80,40,0.0,0.56375,0.695
0.6375,0.5,2.7364194385325056,0.0,16.0,0.0,noise,0.0,0.0,0.0,11,0.0,0.0,alpha,0.2609375,15.999995410442352,-3.734375,-3.4734375,0,0,160,0,80,80,40,0.0,0.58718359375,0.70484375
0.69515625,0.5,2.7364194385325056,0.0,32.0,0.0,noise,0.0,0.0,0.0,11,0.0,0.0,alpha,0.36171875,31.999854111671446,-3.734375,-3.37265625,0,0,160,0,80,80,40,0.0,0.629609375,0.76596875
0.89671875,0.5,2.7364194385325056,0.0,64.0,0.0,noise,0.0,0.0,0.0,11,0.0,0.0,alpha,0.9953125,63.999523067474364,-3.734375,-2.7390625,0,0,160,0,80,80,40,0.0,0.851640625,0.9434375
0.952265625,0.5,2.7364194385325056,0.0,128.0,0.0,noise,0.0,0.0,0.0,11,0.0,0.0,alpha,1.26484375,128.00007429122925,-3.734375,-2.46953125,0,0,160,0,80,80,40,0.0,0.927947265625,0.97953125
0.510234375,0.5,2.7364194385325056,0.0,0.01,0.0,noise,0.0,0.0,0.0,11,0.0,0.0,z_mad,0.01328125,0.00047668137231084986,-3.734375,-3.72109375,0,0,160,0,80,80,40,0.0,0.48734375,0.532671875
0.5071875,0.5,2.7364194385325056,0.0,0.02,0.0,noise,0.0,0.0,0.0,11,0.0,0.0,z_mad,0.00390625,0.0013449837089865469,-3.734375,-3.73046875,0,0,160,0,80,80,40,0.0,0.47403125,0.527982421875
0.501796875,0.5,2.7364194385325056,0.0,0.04,0.0,noise,0.0,0.0,0.0,11,0.0,0.0,z_mad,0.0015625,0.003697183096664958,-3.734375,-3.7328125,0,0,160,0,80,80,40,0.0,0.475078125,0.5203125
0.506640625,0.5,2.7364194385325056,0.0,0.08,0.0,noise,0.0,0.0,0.0,11,0.0,0.0,z_mad,0.00625,0.00932880345499143,-3.734375,-3.728125,0,0,160,0,80,80,40,0.0,0.483671875,0.53484375
0.50671875,0.5,2.7364194385325056,0.0,0.16,0.0,noise,0.0,0.0,0.0,11,0.0,0.0,z_mad,0.00625,0.020565198664553464,-3.734375,-3.728125,0,0,160,0,80,80,40,0.0,0.478509765625,0.52609375
0.5078125,0.5,2.7364194385325056,0.0,0.32,0.0,noise,0.0,0.0,0.0,11,0.0,0.0,z_mad,0.00625,0.040787844080477954,-3.734375,-3.728125,0,0,160,0,80,80,40,0.0,0.48234375,0.5296230468750001
0.505625,0.5,2.7364194385325056,0.0,0.64,0.0,noise,0.0,0.0,0.0,11,0.0,0.0,z_mad,-0.00078125,0.08003465803340078,-3.734375,-3.73515625,0,0,160,0,80,80,40,0.0,0.47875,0.53203125
0.50734375,0.5,2.7364194385325056,0.0,1.28,0.0,noise,0.0,0.0,0.0,11,0.0,0.0,z_mad,0.00625,0.15995698645710946,-3.734375,-3.728125,0,0,160,0,80,80,40,0.0,0.484765625,0.532734375
0.504921875,0.5,2.7364194385325056,0.0,2.56,0.0,noise,0.0,0.0,0.0,11,0.0,0.0,z_mad,0.00390625,0.31760797239840033,-3.734375,-3.73046875,0,0,160,0,80,80,40,0.0,0.48168359374999997,0.52625
0.5125,0.5,2.7364194385325056,0.0,5.12,0.0,noise,0.0,0.0,0.0,11,0.0,0.0,z_mad,0.0109375,0.6361512243747711,-3.734375,-3.7234375,0,0,160,0,80,80,40,0.0,0.486875,0.537822265625
0.516875,0.5,2.7364194385325056,0.0,10.24,0.0,noise,0.0,0.0,0.0,11,0.0,0.0,z_mad,0.01328125,1.268377397954464,-3.734375,-3.72109375,0,0,160,0,80,80,40,0.0,0.48609375,0.5386328125
0.516484375,0.5,2.7364194385325056,0.0,20.48,0.0,noise,0.0,0.0,0.0,11,0.0,0.0,z_mad,0.028125,2.542789563536644,-3.734375,-3.70625,0,0,160,0,80,80,40,0.0,0.476953125,0.5547832031250001
0.506171875,0.5,2.7364194385325056,0.0,0.01,0.0,noise,0.0,0.0,0.0,11,0.0,0.0,z_sd,0.003125,0.026045341847930104,-3.734375,-3.73125,0,0,160,0,80,80,40,0.0,0.48124218750000003,0.5245390625
0.508671875,0.5,2.7364194385325056,0.0,0.02,0.0,noise,0.0,0.0,0.0,11,0.0,0.0,z_sd,0.00390625,0.05419191347900778,-3.734375,-3.73046875,0,0,160,0,80,80,40,0.0,0.490078125,0.529296875
0.501953125,0.5,2.7364194385325056,0.0,0.04,0.0,noise,0.0,0.0,0.0,11,0.0,0.0,z_sd,-0.00234375,0.09593718568794429,-3.734375,-3.73671875,0,0,160,0,80,80,40,0.0,0.474705078125,0.51906640625
0.511484375,0.5,2.7364194385325056,0.0,0.08,0.0,noise,0.0,0.0,0.0,11,0.0,0.0,z_sd,0.009375,0.20569287901744246,-3.734375,-3.725,0,0,160,0,80,80,40,0.0,0.47795703125,0.53859375
0.50703125,0.5,2.7364194385325056,0.0,0.16,0.0,noise,0.0,0.0,0.0,11,0.0,0.0,z_sd,0.00234375,0.3971486440859735,-3.734375,-3.73203125,0,0,160,0,80,80,40,0.0,0.48842578125,0.521796875
0.4996875,0.5,2.7364194385325056,0.0,0.32,0.0,noise,0.0,0.0,0.0,11,0.0,0.0,z_sd,-0.00625,0.8058527864515781,-3.734375,-3.740625,0,0,160,0,80,80,40,0.0,0.46515625,0.52265625
0.52703125,0.5,2.7364194385325056,0.0,0.64,0.0,noise,0.0,0.0,0.0,11,0.0,0.0,z_sd,0.03828125,1.699388685077429,-3.734375,-3.69609375,0,0,160,0,80,80,40,0.0,0.5078125,0.5553125
0.54703125,0.5,2.7364194385325056,0.0,1.28,0.0,noise,0.0,0.0,0.0,11,0.0,0.0,z_sd,0.0734375,3.4091283857822416,-3.734375,-3.6609375,0,0,160,0,80,80,40,0.0,0.509015625,0.5879726562500001
0.578203125,0.5,2.7364194385325056,0.0,2.56,0.0,noise,0.0,0.0,0.0,11,0.0,0.0,z_sd,0.1390625,6.486324083805084,-3.734375,-3.5953125,0,0,160,0,80,80,40,0.0,0.55109375,0.6258476562499999
0.624140625,0.5,2.7364194385325056,0.0,5.12,0.0,noise,0.0,0.0,0.0,11,0.0,0.0,z_sd,0.22734375,12.71448287665844,-3.734375,-3.50703125,0,0,160,0,80,80,40,0.0,0.5825,0.69734375
0.72328125,0.5,2.7364194385325056,0.0,10.24,0.0,noise,0.0,0.0,0.0,11,0.0,0.0,z_sd,0.465625,25.751018464565277,-3.734375,-3.26875,0,0,160,0,80,80,40,0.0,0.676953125,0.7779550781249999
0.865859375,0.5,2.7364194385325056,0.0,20.48,0.0,noise,0.0,0.0,0.0,11,0.0,0.0,z_sd,0.91171875,52.1948499917984,-3.734375,-2.82265625,0,0,160,0,80,80,40,0.0,0.817205078125,0.9212734375
0.50125,0.5,2.866576577553538,0.0,0.25,0.0,random,0.0,0.0,0.0,11,0.0,0.0,alpha,-0.0078125,0.250274304052194,-3.734375,-3.7421875,0,0,240,0,120,120,40,0.0,0.4774479166666667,0.5207291666666667
0.50234375,0.5,2.866576577553538,0.0,0.5,0.0,random,0.0,0.0,0.0,11,0.0,0.0,alpha,-0.0026041666666666665,0.5000779571632544,-3.734375,-3.7369791666666665,0,0,240,0,120,120,40,0.0,0.48223828125,0.5204778645833333
0.5056770833333334,0.5,2.866576577553538,0.0,1.0,0.0,random,0.0,0.0,0.0,11,0.0,0.0,alpha,-0.0005208333333333333,1.0000571807225545,-3.734375,-3.7348958333333333,0,0,240,0,120,120,40,0.0,0.4797734375,0.5318776041666666
0.5127604166666667,0.5,2.866576577553538,0.0,2.0,0.0,random,0.0,0.0,0.0,11,0.0,0.0,alpha,0.011979166666666667,2.0000466654698053,-3.734375,-3.722395833333333,0,0,240,0,120,120,40,0.0,0.47171093750000004,0.5611080729166666
0.5666666666666667,0.5,2.866576577553538,0.0,4.0,0.0,random,0.0,0.0,0.0,11,0.0,0.0,alpha,0.10729166666666666,3.999970652659734,-3.734375,-3.627083333333333,0,0,240,0,120,120,40,0.0,0.50265625,0.6462747395833333
0.6472395833333333,0.5,2.866576577553538,0.0,8.0,0.0,random,0.0,0.0,0.0,11,0.0,0.0,alpha,0.259375,7.999831895033519,-3.734375,-3.475,0,0,240,0,120,120,40,0.0,0.53703125,0.7798593749999999
0.62015625,0.5,2.866576577553538,0.0,16.0,0.0,random,0.0,0.0,0.0,11,0.0,0.0,alpha,0.22760416666666666,15.999710003534952,-3.734375,-3.5067708333333334,0,0,240,0,120,120,40,0.0,0.4785859375,0.7709375
0.7167708333333334,0.5,2.866576577553538,0.0,32.0,0.0,random,0.0,0.0,0.0,11,0.0,0.0,alpha,0.4895833333333333,31.999341503779092,-3.734375,-3.2447916666666665,0,0,240,0,120,120,40,0.0,0.5161822916666667,0.94578515625
0.8721354166666667,0.5,2.866576577553538,0.0,64.0,0.0,random,0.0,0.0,0.0,11,0.0,0.0,alpha,1.0802083333333334,63.998466936747235,-3.734375,-2.654166666666667,0,0,240,0,120,120,40,0.0,0.783875,0.9796875
0.9040625,0.5,2.866576577553538,0.0,128.0,0.0,random,0.0,0.0,0.0,11,0.0,0.0,alpha,1.2861979166666666,127.99733231862386,-3.734375,-2.4481770833333334,0,0,240,0,120,120,40,0.0,0.74515625,0.99937890625
0.5068229166666667,0.5,2.866576577553538,0.0,0.01,0.0,random,0.0,0.0,0.0,11,0.0,0.0,z_mad,0.0020833333333333333,0.0004886266748750737,-3.734375,-3.732291666666667,0,0,240,0,120,120,40,0.0,0.48244791666666664,0.5290729166666667
0.5068229166666667,0.5,2.866576577553538,0.0,0.02,0.0,random,0.0,0.0,0.0,11,0.0,0.0,z_mad,0.0026041666666666665,0.001369669734655569,-3.734375,-3.7317708333333335,0,0,240,0,120,120,40,0.0,0.48171875,0.5300026041666667
0.50453125,0.5,2.866576577553538,0.0,0.04,0.0,random,0.0,0.0,0.0,11,0.0,0.0,z_mad,-0.0015625,0.003756239517436673,-3.734375,-3.7359375,0,0,240,0,120,120,40,0.0,0.47875,0.5283867187500001
0.5052604166666667,0.5,2.866576577553538,0.0,0.08,0.0,random,0.0,0.0,0.0,11,0.0,0.0,z_mad,0.0046875,0.009556080983020365,-3.734375,-3.7296875,0,0,240,0,120,120,40,0.0,0.47530468750000004,0.5286979166666667
0.5063541666666667,0.5,2.866576577553538,0.0,0.16,0.0,random,0.0,0.0,0.0,11,0.0,0.0,z_mad,0.0026041666666666665,0.020879137283191084,-3.734375,-3.7317708333333335,0,0,240,0,120,120,40,0.0,0.48244140625,0.5275559895833334
0.51015625,0.5,2.866576577553538,0.0,0.32,0.0,random,0.0,0.0,0.0,11,0.0,0.0,z_mad,0.004166666666666667,0.04121895131344597,-3.734375,-3.730208333333333,0,0,240,0,120,120,40,0.0,0.48625,0.5326158854166666
0.5004166666666666,0.5,2.866576577553538,0.0,0.64,0.0,random,0.0,0.0,0.0,11,0.0,0.0,z_mad,-0.003125,0.080935781262815,-3.734375,-3.7375,0,0,240,0,120,120,40,0.0,0.4776549479166667,0.51890625
0.5090625,0.5,2.866576577553538,0.0,1.28,0.0,random,0.0,0.0,0.0,11,0.0,0.0,z_mad,0.00625,0.16088475634654362,-3.734375,-3.728125,0,0,240,0,120,120,40,0.0,0.48776041666666664,0.5270833333333333
0.5044791666666667,0.5,2.866576577553538,0.0,2.56,0.0,random,0.0,0.0,0.0,11,0.0,0.0,z_mad,0.0,0.3212058293322722,-3.734375,-3.734375,0,0,240,0,120,120,40,0.0,0.4861979166666667,0.5212643229166667
0.5016145833333333,0.5,2.866576577553538,0.0,5.12,0.0,random,0.0,0.0,0.0,11,0.0,0.0,z_mad,-0.0046875,0.6420189023017884,-3.734375,-3.7390625,0,0,240,0,120,120,40,0.0,0.47645703125,0.5194791666666667
0.5028125,0.5,2.866576577553538,0.0,10.24,0.0,random,0.0,0.0,0.0,11,0.0,0.0,z_mad,-0.0010416666666666667,1.2839515765508016,-3.734375,-3.7354166666666666,0,0,240,0,120,120,40,0.0,0.4735625,0.5307304687500001
0.5250520833333333,0.5,2.866576577553538,0.0,20.48,0.0,random,0.0,0.0,0.0,11,0.0,0.0,z_mad,0.036458333333333336,2.567721515893936,-3.734375,-3.6979166666666665,0,0,240,0,120,120,40,0.0,0.4762421875,0.5848502604166667
0.5050520833333333,0.5,2.866576577553538,0.0,0.01,0.0,random,0.0,0.0,0.0,11,0.0,0.0,z_sd,0.005729166666666666,0.010264038659321765,-3.734375,-3.728645833333333,0,0,240,0,120,120,40,0.0,0.48676041666666664,0.5197942708333333
0.5011458333333333,0.5,2.866576577553538,0.0,0.02,0.0,random,0.0,0.0,0.0,11,0.0,0.0,z_sd,-0.005208333333333333,0.021915658509048322,-3.734375,-3.7395833333333335,0,0,240,0,120,120,40,0.0,0.47739583333333335,0.52088671875
0.5057291666666667,0.5,2.866576577553538,0.0,0.04,0.0,random,0.0,0.0,0.0,11,0.0,0.0,z_sd,0.0005208333333333333,0.04378276518546045,-3.734375,-3.7338541666666667,0,0,240,0,120,120,40,0.0,0.48052083333333334,0.5274010416666666
0.5058854166666666,0.5,2.866576577553538,0.0,0.08,0.0,random,0.0,0.0,0.0,11,0.0,0.0,z_sd,0.0036458333333333334,0.08636195479581753,-3.734375,-3.730729166666667,0,0,240,0,120,120,40,0.0,0.4821796875,0.5266145833333333
0.496875,0.5,2.866576577553538,0.0,0.16,0.0,random,0.0,0.0,0.0,11,0.0,0.0,z_sd,-0.007291666666666667,0.17163000963628292,-3.734375,-3.7416666666666667,0,0,240,0,120,120,40,0.0,0.47218619791666666,0.5190625
0.5007291666666667,0.5,2.866576577553538,0.0,0.32,0.0,random,0.0,0.0,0.0,11,0.0,0.0,z_sd,-0.0067708333333333336,0.3424773233632247,-3.734375,-3.7411458333333334,0,0,240,0,120,120,40,0.0,0.4733776041666667,0.52148046875
0.5052083333333334,0.5,2.866576577553538,0.0,0.64,0.0,random,0.0,0.0,0.0,11,0.0,0.0,z_sd,0.0015625,0.6847235048810641,-3.734375,-3.7328125,0,0,240,0,120,120,40,0.0,0.48379296875,0.5234453125
0.50421875,0.5,2.866576577553538,0.0,1.28,0.0,random,0.0,0.0,0.0,11,0.0,0.0,z_sd,0.0005208333333333333,1.369205038746198,-3.734375,-3.7338541666666667,0,0,240,0,120,120,40,0.0,0.4796640625,0.535734375
0.5334375,0.5,2.866576577553538,0.0,2.56,0.0,random,0.0,0.0,0.0,11,0.0,0.0,z_sd,0.050520833333333334,2.738360940416654,-3.734375,-3.683854166666667,0,0,240,0,120,120,40,0.0,0.4746875,0.586875
0.6038020833333333,0.5,2.866576577553538,0.0,5.12,0.0,random,0.0,0.0,0.0,11,0.0,0.0,z_sd,0.17083333333333334,5.476733094453811,-3.734375,-3.5635416666666666,0,0,240,0,120,120,40,0.0,0.49171875,0.70296875
0.6471354166666666,0.5,2.866576577553538,0.0,10.24,0.0,random,0.0,0.0,0.0,11,0.0,0.0,z_sd,0.26614583333333336,10.953340812524159,-3.734375,-3.4682291666666667,0,0,240,0,120,120,40,0.0,0.5423203125,0.775
0.6813020833333333,0.5,2.866576577553538,0.0,20.48,0.0,random,0.0,0.0,0.0,11,0.0,0.0,z_sd,0.39739583333333334,21.90676433245341,-3.734375,-3.3369791666666666,0,0,240,0,120,120,40,0.0,0.51202734375,0.808125
0.51228125,0.5,3.2275758330035513,0.0,0.25,0.0,concept,0.0,0.0,0.0,12,0.0,0.0,alpha,0.0103125,0.25014751855283973,-3.734375,-3.7240625,0,0,800,0,400,400,40,0.0,0.49016953124999996,0.5350613281250001
0.5245625,0.5,3.2275758330035513,0.0,0.5,0.0,concept,0.0,0.0,0.0,12,0.0,0.0,alpha,0.03109375,0.49983857475221155,-3.734375,-3.70328125,0,0,800,0,400,400,40,0.0,0.49738984374999995,0.5558496093749999
0.543828125,0.5,3.2275758330035513,0.0,1.0,0.0,concept,0.0,0.0,0.0,12,0.0,0.0,alpha,0.06375,1.0001747073233127,-3.734375,-3.670625,0,0,800,0,400,400,40,0.0,0.5178859375,0.579987890625
0.57303125,0.5,3.2275758330035513,0.0,2.0,0.0,concept,0.0,0.0,0.0,12,0.0,0.0,alpha,0.11625,2.000357030928135,-3.734375,-3.618125,0,0,800,0,400,400,40,0.0,0.537342578125,0.6171890625
0.609484375,0.5,3.2275758330035513,0.0,4.0,0.0,concept,0.0,0.0,0.0,12,0.0,0.0,alpha,0.18640625,4.0008167719841,-3.734375,-3.54796875,0,0,800,0,400,400,40,0.0,0.564162890625,0.66776015625
0.610734375,0.5,3.2275758330035513,0.0,8.0,0.0,concept,0.0,0.0,0.0,12,0.0,0.0,alpha,0.21796875,8.001314166784287,-3.734375,-3.51640625,0,0,800,0,400,400,40,0.0,0.542326953125,0.6948363281250001
0.57796875,0.5,3.2275758330035513,0.0,16.0,0.0,concept,0.0,0.0,0.0,12,0.0,0.0,alpha,0.2653125,16.002353105545044,-3.734375,-3.4690625,0,0,800,0,400,400,40,0.0,0.497186328125,0.690324609375
0.587328125,0.5,3.2275758330035513,0.0,32.0,0.0,concept,0.0,0.0,0.0,12,0.0,0.0,alpha,0.36921875,32.00466582298279,-3.734375,-3.36515625,0,0,800,0,400,400,40,0.0,0.461933984375,0.730565234375
0.601578125,0.505,2.7657805497653944,0.9235905664763133,64.0,0.0,concept,0.01,0.0,0.0,12,0.0,0.025,alpha,0.471328125,64.0098184967041,-3.734375,-3.263046875,0,0,800,0,400,400,40,0.0,0.45963750000000003,0.7418343749999999
0.573984375,0.52375,2.4457443639873935,1.5636629380323153,128.0,0.0,concept,0.0475,0.0,0.0,12,0.0,0.0975,alpha,0.476796875,128.0220026397705,-3.734375,-3.257578125,0,0,800,0,400,400,40,0.0,0.41156953125,0.7533117187499999
0.504890625,0.5,3.2275758330035513,0.0,0.01,0.0,concept,0.0,0.0,0.0,12,0.0,0.0,z_mad,-0.00078125,0.0029676428745733572,-3.734375,-3.73515625,0,0,800,0,400,400,40,0.0,0.48271640624999995,0.523438671875
0.50334375,0.5,3.2275758330035513,0.0,0.02,0.0,concept,0.0,0.0,0.0,12,0.0,0.0,z_mad,-0.0021875,0.006959565989673138,-3.734375,-3.7365625,0,0,800,0,400,400,40,0.0,0.480590234375,0.520796875
0.506921875,0.5,3.2275758330035513,0.0,0.04,0.0,concept,0.0,0.0,0.0,12,0.0,0.0,z_mad,0.0028125,0.015855223967228084,-3.734375,-3.7315625,0,0,800,0,400,400,40,0.0,0.483764453125,0.530290625
0.504484375,0.5,3.2275758330035513,0.0,0.08,0.0,concept,0.0,0.0,0.0,12,0.0,0.0,z_mad,0.00015625,0.03309431865811348,-3.734375,-3.73421875,0,0,800,0,400,400,40,0.0,0.48124921875,0.52304765625
0.503890625,0.5,3.2275758330035513,0.0,0.16,0.0,concept,0.0,0.0,0.0,12,0.0,0.0,z_mad,0.0,0.06583454018458725,-3.734375,-3.734375,0,0,800,0,400,400,40,0.0,0.482421484375,0.5215164062500001
0.509703125,0.5,3.2275758330035513,0.0,0.32,0.0,concept,0.0,0.0,0.0,12,0.0,0.0,z_mad,0.0075,0.1301031537167728,-3.734375,-3.726875,0,0,800,0,400,400,40,0.0,0.486622265625,0.53336328125
0.513453125,0.5,3.2275758330035513,0.0,0.64,0.0,concept,0.0,0.0,0.0,12,0.0,0.0,z_mad,0.01359375,0.258769654110074,-3.734375,-3.72078125,0,0,800,0,400,400,40,0.0,0.48979062500000003,0.5381890625000001
0.52284375,0.5,3.2275758330035513,0.0,1.28,0.0,concept,0.0,0.0,0.0,12,0.0,0.0,z_mad,0.0284375,0.5173401034623385,-3.734375,-3.7059375,0,0,800,0,400,400,40,0.0,0.50052265625,0.546491796875
0.541484375,0.5,3.2275758330035513,0.0,2.56,0.0,concept,0.0,0.0,0.0,12,0.0,0.0,z_mad,0.06109375,1.0343190583586692,-3.734375,-3.67328125,0,0,800,0,400,400,40,0.0,0.515090234375,0.573272265625
0.5734375,0.5,3.2275758330035513,0.0,5.12,0.0,concept,0.0,0.0,0.0,12,0.0,0.0,z_mad,0.1159375,2.0682393038272857,-3.734375,-3.6184375,0,0,800,0,400,400,40,0.0,0.5364785156249999,0.6208609375
0.607765625,0.5,3.2275758330035513,0.0,10.24,0.0,concept,0.0,0.0,0.0,12,0.0,0.0,z_mad,0.1846875,4.136409448385239,-3.734375,-3.5496875,0,0,800,0,400,400,40,0.0,0.56003515625,0.662122265625
0.61134375,0.5,3.2275758330035513,0.0,20.48,0.0,concept,0.0,0.0,0.0,12,0.0,0.0,z_mad,0.215625,8.272593450546264,-3.734375,-3.51875,0,0,800,0,400,400,40,0.0,0.547155078125,0.6958960937499999
0.5369375,0.5,3.2275758330035513,0.0,0.01,0.0,concept,0.0,0.0,0.0,12,0.0,0.0,z_sd,0.05453125,0.8779723580181599,-3.734375,-3.67984375,0,0,800,0,400,400,40,0.0,0.507012890625,0.569660546875
0.56121875,0.5,3.2275758330035513,0.0,0.02,0.0,concept,0.0,0.0,0.0,12,0.0,0.0,z_sd,0.098125,1.755782971829176,-3.734375,-3.63625,0,0,800,0,400,400,40,0.0,0.5268109375,0.60405625
0.602,0.5,3.2275758330035513,0.0,0.04,0.0,concept,0.0,0.0,0.0,12,0.0,0.0,z_sd,0.17859375,3.5108134788274765,-3.734375,-3.55578125,0,0,800,0,400,400,40,0.0,0.552311328125,0.6641472656249999
0.62184375,0.5,3.2275758330035513,0.0,0.08,0.0,concept,0.0,0.0,0.0,12,0.0,0.0,z_sd,0.2909375,7.022292984724045,-3.734375,-3.4434375,0,0,800,0,400,400,40,0.0,0.5429476562500001,0.7282171875
0.59859375,0.5,3.2275758330035513,0.0,0.16,0.0,concept,0.0,0.0,0.0,12,0.0,0.0,z_sd,0.340625,14.04449651002884,-3.734375,-3.39375,0,0,800,0,400,400,40,0.0,0.5201765625,0.705804296875
0.587953125,0.5,3.2275758330035513,0.0,0.32,0.0,concept,0.0,0.0,0.0,12,0.0,0.0,z_sd,0.33375,28.088627734184264,-3.734375,-3.400625,0,0,800,0,400,400,40,0.0,0.48706640625,0.707273046875
0.590640625,0.5228125,2.4552635666939424,1.5446245326192178,0.64,0.0,concept,0.045625,0.0,0.0,12,0.0,0.0975,z_sd,0.425,56.179589157104495,-3.734375,-3.309375,0,0,800,0,400,400,40,0.0,0.451648828125,0.738139453125
0.59303125,0.5134375,2.573497386632399,1.3081568927423044,1.28,0.0,concept,0.026875,0.0,0.0025,12,0.0,0.0625,z_sd,0.503828125,112.35396202087402,-3.734375,-3.230546875,0,1,800,0,400,400,40,0.0,0.449379296875,0.750440234375
0.58725,0.5,3.2275758330035513,0.0,2.56,0.0,concept,0.0,0.0,0.0375,12,0.0,0.0,z_sd,0.535,224.7084643936157,-3.734375,-3.199375,0,15,800,0,400,400,40,0.0,0.43478046875,0.75628828125
0.537296875,0.501875,2.924836012204869,0.605479641597364,5.12,0.0,concept,0.00375,0.0,0.085,12,0.0,0.01,z_sd,0.435859375,449.41739776611325,-3.734375,-3.298515625,0,34,800,0,400,400,40,0.0,0.357237890625,0.7209378906249999
0.501015625,0.5078125,2.683141290843642,1.0888690843198185,10.24,0.0,concept,0.015625,0.0,0.1,12,0.0,0.0375,z_sd,0.3245703125,898.8319609832764,-3.734375,-3.4098046875,0,40,800,0,400,400,40,0.0,0.302530859375,0.7134886718749999
0.492953125,0.5125,2.588746395894777,1.2776588742175488,20.48,0.0,concept,0.025,0.0,0.1,12,0.0,0.0625,z_sd,0.2823828125,1797.6699449157716,-3.734375,-3.4519921875,0,40,800,0,400,400,40,0.0,0.295312890625,0.695830078125
0.504609375,0.5,2.7364194385325056,0.0,0.25,0.0,dropout,0.0,0.0,0.0,12,0.0,0.0,alpha,0.0,0.1874190617352724,-3.734375,-3.734375,0,0,160,0,80,80,40,0.0,0.48421875,0.526259765625
0.509921875,0.5,2.7364194385325056,0.0,0.5,0.0,dropout,0.0,0.0,0.0,12,0.0,0.0,alpha,0.0078125,0.42454515509307383,-3.734375,-3.7265625,0,0,160,0,80,80,40,0.0,0.487244140625,0.533359375
0.5109375,0.5,2.7364194385325056,0.0,1.0,0.0,dropout,0.0,0.0,0.0,12,0.0,0.0,alpha,0.00703125,0.899370015412569,-3.734375,-3.72734375,0,0,160,0,80,80,40,0.0,0.4946875,0.5340625
0.5303125,0.5,2.7364194385325056,0.0,2.0,0.0,dropout,0.0,0.0,0.0,12,0.0,0.0,alpha,0.0359375,1.9262486323714256,-3.734375,-3.6984375,0,0,160,0,80,80,40,0.0,0.5111621093750001,0.5532832031249999
0.546640625,0.5,2.7364194385325056,0.0,4.0,0.0,dropout,0.0,0.0,0.0,12,0.0,0.0,alpha,0.07734375,3.9483940303325653,-3.734375,-3.65703125,0,0,160,0,80,80,40,0.0,0.513591796875,0.58265625
0.5971875,0.5,2.7364194385325056,0.0,8.0,0.0,dropout,0.0,0.0,0.0,12,0.0,0.0,alpha,0.15390625,7.974443131685257,-3.734375,-3.58046875,0,0,160,0,80,80,40,0.0,0.53625,0.668685546875
0.67359375,0.5,2.7364194385325056,0.0,16.0,0.0,dropout,0.0,0.0,0.0,12,0.0,0.0,alpha,0.33359375,15.77839082479477,-3.734375,-3.40078125,0,0,160,0,80,80,40,0.0,0.62015625,0.729609375
0.82796875,0.5,2.7364194385325056,0.0,32.0,0.0,dropout,0.0,0.0,0.0,12,0.0,0.0,alpha,0.8125,31.722627019882204,-3.734375,-2.921875,0,0,160,0,80,80,40,0.0,0.75578125,0.9026601562500001
0.90984375,0.50625,2.4463875718621657,0.5800637333406797,64.0,0.0,dropout,0.0125,0.0,0.0,12,0.0,0.0,alpha,1.208984375,59.20914487838745,-3.734375,-2.525390625,0,0,160,0,80,80,40,0.0,0.8665625,0.9545546875
0.9509375,0.5,2.7364194385325056,0.0,128.0,0.0,dropout,0.0,0.0,0.0125,12,0.0,0.0,alpha,1.457421875,111.16337356567382,-3.734375,-2.276953125,0,1,160,0,80,80,40,0.0,0.9136875,0.98921875
0.5,0.5,2.7364194385325056,0.0,0.01,0.0,dropout,0.0,0.0,0.0,12,0.0,0.0,z_mad,0.0,0.0,-3.734375,-3.734375,0,0,160,0,80,80,40,0.0,0.5,0.5
0.5,0.5,2.7364194385325056,0.0,0.02,0.0,dropout,0.0,0.0,0.0,12,0.0,0.0,z_mad,0.0,0.0,-3.734375,-3.734375,0,0,160,0,80,80,40,0.0,0.5,0.5
0.5,0.5,2.7364194385325056,0.0,0.04,0.0,dropout,0.0,0.0,0.0,12,0.0,0.0,z_mad,0.0,0.0,-3.734375,-3.734375,0,0,160,0,80,80,40,0.0,0.5,0.5
0.500703125,0.5,2.7364194385325056,0.0,0.08,0.0,dropout,0.0,0.0,0.0,12,0.0,0.0,z_mad,0.00078125,0.0005177815852221102,-3.734375,-3.73359375,0,0,160,0,80,80,40,0.0,0.5,0.50375
0.49734375,0.5,2.7364194385325056,0.0,0.16,0.0,dropout,0.0,0.0,0.0,12,0.0,0.0,z_mad,-0.00390625,0.00458190577919595,-3.734375,-3.73828125,0,0,160,0,80,80,40,0.0,0.49069726562500005,0.50266015625
0.497109375,0.5,2.7364194385325056,0.0,0.32,0.0,dropout,0.0,0.0,0.0,12,0.0,0.0,z_mad,-0.00859375,0.011038322073000017,-3.734375,-3.74296875,0,0,160,0,80,80,40,0.0,0.473046875,0.5132890625000001
0.508828125,0.5,2.7364194385325056,0.0,0.64,0.0,dropout,0.0,0.0,0.0,12,0.0,0.0,z_mad,0.00625,0.02743480616118177,-3.734375,-3.728125,0,0,160,0,80,80,40,0.0,0.482640625,0.5334375
0.4971875,0.5,2.7364194385325056,0.0,1.28,0.0,dropout,0.0,0.0,0.0,12,0.0,0.0,z_mad,-0.009375,0.1050967866089195,-3.734375,-3.74375,0,0,160,0,80,80,40,0.0,0.467265625,0.51891015625
0.500859375,0.5,2.7364194385325056,0.0,2.56,0.0,dropout,0.0,0.0,0.0,12,0.0,0.0,z_mad,-0.003125,0.27972064148634673,-3.734375,-3.7375,0,0,160,0,80,80,40,0.0,0.4759375,0.521171875
0.50171875,0.5,2.7364194385325056,0.0,5.12,0.0,dropout,0.0,0.0,0.0,12,0.0,0.0,z_mad,-0.0046875,0.627149035409093,-3.734375,-3.7390625,0,0,160,0,80,80,40,0.0,0.490310546875,0.5108124999999999
0.502265625,0.5,2.7364194385325056,0.0,10.24,0.0,dropout,0.0,0.0,0.0,12,0.0,0.0,z_mad,-0.0046875,1.230451300740242,-3.734375,-3.7390625,0,0,160,0,80,80,40,0.0,0.47328125,0.5253125
0.530703125,0.5,2.7364194385325056,0.0,20.48,0.0,dropout,0.0,0.0,0.0,12,0.0,0.0,z_mad,0.0453125,2.614794945716858,-3.734375,-3.6890625,0,0,160,0,80,80,40,0.0,0.5090312499999999,0.55546875
0.500703125,0.5,2.7364194385325056,0.0,0.01,0.0,dropout,0.0,0.0,0.0,12,0.0,0.0,z_sd,-0.00234375,0.0047627537496737204,-3.734375,-3.73671875,0,0,160,0,80,80,40,0.0,0.49390234375,0.5084375
0.506953125,0.5,2.7364194385325056,0.0,0.02,0.0,dropout,0.0,0.0,0.0,12,0.0,0.0,z_sd,0.003125,0.015582196831746841,-3.734375,-3.73125,0,0,160,0,80,80,40,0.0,0.49078125,0.51859375
0.503828125,0.5,2.7364194385325056,0.0,0.04,0.0,dropout,0.0,0.0,0.0,12,0.0,0.0,z_sd,0.00234375,0.061979181302012874,-3.734375,-3.73203125,0,0,160,0,80,80,40,0.0,0.479138671875,0.527109375
0.494296875,0.5,2.7364194385325056,0.0,0.08,0.0,dropout,0.0,0.0,0.0,12,0.0,0.0,z_sd,-0.01171875,0.16748025165870786,-3.734375,-3.74609375,0,0,160,0,80,80,40,0.0,0.47796875,0.51266796875
0.505,0.5,2.7364194385325056,0.0,0.16,0.0,dropout,0.0,0.0,0.0,12,0.0,0.0,z_sd,0.00234375,0.4284524541348219,-3.734375,-3.73203125,0,0,160,0,80,80,40,0.0,0.478125,0.52609375
0.5025,0.5,2.7364194385325056,0.0,0.32,0.0,dropout,0.0,0.0,0.0,12,0.0,0.0,z_sd,-0.0046875,0.8910552069544793,-3.734375,-3.7390625,0,0,160,0,80,80,40,0.0,0.48078125,0.5278125
0.504609375,0.5,2.7364194385325056,0.0,0.64,0.0,dropout,0.0,0.0,0.0,12,0.0,0.0,z_sd,0.00625,1.8890911608934402,-3.734375,-3.728125,0,0,160,0,80,80,40,0.0,0.48390625,0.5234375
0.524453125,0.5,2.7364194385325056,0.0,1.28,0.0,dropout,0.0,0.0,0.0,12,0.0,0.0,z_sd,0.03828125,3.8227805972099302,-3.734375,-3.69609375,0,0,160,0,80,80,40,0.0,0.49481640625,0.56140625
0.58421875,0.5,2.7364194385325056,0.0,2.56,0.0,dropout,0.0,0.0,0.0,12,0.0,0.0,z_sd,0.15078125,7.812942719459533,-3.734375,-3.58359375,0,0,160,0,80,80,40,0.0,0.54421875,0.63734375
0.67859375,0.5,2.7364194385325056,0.0,5.12,0.0,dropout,0.0,0.0,0.0,12,0.0,0.0,z_sd,0.3359375,15.565957033634186,-3.734375,-3.3984375,0,0,160,0,80,80,40,0.0,0.62983984375,0.72641796875
0.863125,0.5,2.7364194385325056,0.0,10.24,0.0,dropout,0.0,0.0,0.0,12,0.0,0.0,z_sd,0.8171875,30.33024685382843,-3.734375,-2.9171875,0,0,160,0,80,80,40,0.0,0.8148203125,0.9113125
0.86453125,0.5,2.7364194385325056,0.0,20.48,0.0,dropout,0.0,0.0,0.0,12,0.0,0.0,z_sd,1.04375,58.69583115577698,-3.734375,-2.690625,0,0,160,0,80,80,40,0.0,0.82671875,0.92921875
0.503203125,0.5,2.7364194385325056,0.0,0.25,0.0,noise,0.0,0.0,0.0,12,0.0,0.0,alpha,-0.00625,0.25030583515763283,-3.734375,-3.740625,0,0,160,0,80,80,40,0.0,0.485078125,0.52015625
0.50703125,0.5,2.7364194385325056,0.0,0.5,0.0,noise,0.0,0.0,0.0,12,0.0,0.0,alpha,0.0,0.5001750782132148,-3.734375,-3.734375,0,0,160,0,80,80,40,0.0,0.4874921875,0.528984375
0.506640625,0.5,2.7364194385325056,0.0,1.0,0.0,noise,0.0,0.0,0.0,12,0.0,0.0,alpha,0.00390625,1.0001174859702586,-3.734375,-3.73046875,0,0,160,0,80,80,40,0.0,0.48046875,0.539921875
0.510703125,0.5,2.7364194385325056,0.0,2.0,0.0,noise,0.0,0.0,0.0,12,0.0,0.0,alpha,0.0125,2.000045861303806,-3.734375,-3.721875,0,0,160,0,80,80,40,0.0,0.48046875,0.54421875
0.545078125,0.5,2.7364194385325056,0.0,4.0,0.0,noise,0.0,0.0,0.0,12,0.0,0.0,alpha,0.07734375,4.000038620829582,-3.734375,-3.65703125,0,0,160,0,80,80,40,0.0,0.50484375,0.5863691406249999
0.58609375,0.5,2.7364194385325056,0.0,8.0,0.0,noise,0.0,0.0,0.0,12,0.0,0.0,alpha,0.15234375,7.999958801269531,-3.734375,-3.58203125,0,0,160,0,80,80,40,0.0,0.544375,0.6378125
0.61453125,0.5,2.7364194385325056,0.0,16.0,0.0,noise,0.0,0.0,0.0,12,0.0,0.0,alpha,0.2296875,15.999904263019562,-3.734375,-3.5046875,0,0,160,0,80,80,40,0.0,0.580529296875,0.67328125
0.72984375,0.5,2.7364194385325056,0.0,32.0,0.0,noise,0.0,0.0,0.0,12,0.0,0.0,alpha,0.459375,32.00011315345764,-3.734375,-3.275,0,0,160,0,80,80,40,0.0,0.6834375,0.805390625
0.927265625,0.5,2.7364194385325056,0.0,64.0,0.0,noise,0.0,0.0,0.0,12,0.0,0.0,alpha,1.0171875,63.99995498657226,-3.734375,-2.7171875,0,0,160,0,80,80,40,0.0,0.8774921874999999,0.963046875
0.974296875,0.5,2.7364194385325056,0.0,128.0,0.0,noise,0.0,0.0,0.0,12,0.0,0.0,alpha,1.337109375,127.99976205825806,-3.734375,-2.397265625,0,0,160,0,80,80,40,0.0,0.944908203125,0.996751953125
0.509921875,0.5,2.7364194385325056,0.0,0.01,0.0,noise,0.0,0.0,0.0,12,0.0,0.0,z_mad,0.00234375,0.0005317630904755788,-3.734375,-3.73203125,0,0,160,0,80,80,40,0.0,0.4934375,0.5259609375
0.50328125,0.5,2.7364194385325056,0.0,0.02,0.0,noise,0.0,0.0,0.0,12,0.0,0.0,z_mad,-0.00390625,0.0014994869066867977,-3.734375,-3.73828125,0,0,160,0,80,80,40,0.0,0.485078125,0.52469140625
0.50890625,0.5,2.7364194385325056,0.0,0.04,0.0,noise,0.0,0.0,0.0,12,0.0,0.0,z_mad,0.00625,0.004047607473330573,-3.734375,-3.728125,0,0,160,0,80,80,40,0.0,0.4828125,0.52672265625
0.509765625,0.5,2.7364194385325056,0.0,0.08,0.0,noise,0.0,0.0,0.0,12,0.0,0.0,z_mad,0.00390625,0.010234199464321136,-3.734375,-3.73046875,0,0,160,0,80,80,40,0.0,0.48484375,0.5348671875
0.5096875,0.5,2.7364194385325056,0.0,0.16,0.0,noise,0.0,0.0,0.0,12,0.0,0.0,z_mad,0.003125,0.02244834180455655,-3.734375,-3.73125,0,0,160,0,80,80,40,0.0,0.48390234374999996,0.5375
0.509296875,0.5,2.7364194385325056,0.0,0.32,0.0,noise,0.0,0.0,0.0,12,0.0,0.0,z_mad,0.00625,0.04423061618581414,-3.734375,-3.728125,0,0,160,0,80,80,40,0.0,0.4834375,0.5340625
0.49984375,0.5,2.7364194385325056,0.0,0.64,0.0,noise,0.0,0.0,0.0,12,0.0,0.0,z_mad,-0.0078125,0.08679306851699949,-3.734375,-3.7421875,0,0,160,0,80,80,40,0.0,0.471796875,0.52296875
0.50515625,0.5,2.7364194385325056,0.0,1.28,0.0,noise,0.0,0.0,0.0,12,0.0,0.0,z_mad,0.00390625,0.17140393983572721,-3.734375,-3.73046875,0,0,160,0,80,80,40,0.0,0.47921875,0.52641015625
0.508828125,0.5,2.7364194385325056,0.0,2.56,0.0,noise,0.0,0.0,0.0,12,0.0,0.0,z_mad,0.0109375,0.34423573799431323,-3.734375,-3.7234375,0,0,160,0,80,80,40,0.0,0.4846875,0.5293828125000001
0.505078125,0.5,2.7364194385325056,0.0,5.12,0.0,noise,0.0,0.0,0.0,12,0.0,0.0,z_mad,-0.00234375,0.6773251071572304,-3.734375,-3.73671875,0,0,160,0,80,80,40,0.0,0.48125,0.52359375
0.51453125,0.5,2.7364194385325056,0.0,10.24,0.0,noise,0.0,0.0,0.0,12,0.0,0.0,z_mad,0.00859375,1.369583673775196,-3.734375,-3.72578125,0,0,160,0,80,80,40,0.0,0.48983984375,0.5425
0.51546875,0.5,2.7364194385325056,0.0,20.48,0.0,noise,0.0,0.0,0.0,12,0.0,0.0,z_mad,0.01953125,2.739770147204399,-3.734375,-3.71484375,0,0,160,0,80,80,40,0.0,0.49234375,0.551328125
0.51171875,0.5,2.7364194385325056,0.0,0.01,0.0,noise,0.0,0.0,0.0,12,0.0,0.0,z_sd,0.009375,0.02496476743835956,-3.734375,-3.725,0,0,160,0,80,80,40,0.0,0.489453125,0.53328125
0.50421875,0.5,2.7364194385325056,0.0,0.02,0.0,noise,0.0,0.0,0.0,12,0.0,0.0,z_sd,0.0015625,0.05219168248586357,-3.734375,-3.7328125,0,0,160,0,80,80,40,0.0,0.48296875,0.5215625
0.508515625,0.5,2.7364194385325056,0.0,0.04,0.0,noise,0.0,0.0,0.0,12,0.0,0.0,z_sd,0.00625,0.1050688564311713,-3.734375,-3.728125,0,0,160,0,80,80,40,0.0,0.493125,0.52891015625
0.499609375,0.5,2.7364194385325056,0.0,0.08,0.0,noise,0.0,0.0,0.0,12,0.0,0.0,z_sd,-0.00703125,0.2038082281127572,-3.734375,-3.74140625,0,0,160,0,80,80,40,0.0,0.474375,0.521095703125
0.502734375,0.5,2.7364194385325056,0.0,0.16,0.0,noise,0.0,0.0,0.0,12,0.0,0.0,z_sd,-0.00625,0.41125495489686725,-3.734375,-3.740625,0,0,160,0,80,80,40,0.0,0.4840625,0.51687890625
0.50515625,0.5,2.7364194385325056,0.0,0.32,0.0,noise,0.0,0.0,0.0,12,0.0,0.0,z_sd,0.00390625,0.8014384306967258,-3.734375,-3.73046875,0,0,160,0,80,80,40,0.0,0.4863984375,0.52171875
0.51546875,0.5,2.7364194385325056,0.0,0.64,0.0,noise,0.0,0.0,0.0,12,0.0,0.0,z_sd,0.01796875,1.7773834586143493,-3.734375,-3.71640625,0,0,160,0,80,80,40,0.0,0.48328125,0.55203125
0.556015625,0.5,2.7364194385325056,0.0,1.28,0.0,noise,0.0,0.0,0.0,12,0.0,0.0,z_sd,0.08984375,3.1540560528635977,-3.734375,-3.64453125,0,0,160,0,80,80,40,0.0,0.5190625,0.6040625
0.55984375,0.5,2.7364194385325056,0.0,2.56,0.0,noise,0.0,0.0,0.0,12,0.0,0.0,z_sd,0.103125,6.231256523728371,-3.734375,-3.63125,0,0,160,0,80,80,40,0.0,0.5325,0.58953125
0.614453125,0.5,2.7364194385325056,0.0,5.12,0.0,noise,0.0,0.0,0.0,12,0.0,0.0,z_sd,0.20390625,13.112541049718857,-3.734375,-3.53046875,0,0,160,0,80,80,40,0.0,0.56515625,0.6661484375
0.77828125,0.5,2.7364194385325056,0.0,10.24,0.0,noise,0.0,0.0,0.0,12,0.0,0.0,z_sd,0.5546875,27.161992156505583,-3.734375,-3.1796875,0,0,160,0,80,80,40,0.0,0.719755859375,0.85796875
0.873984375,0.5,2.7364194385325056,0.0,20.48,0.0,noise,0.0,0.0,0.0,12,0.0,0.0,z_sd,0.87734375,52.430183029174806,-3.734375,-2.85703125,0,0,160,0,80,80,40,0.0,0.7971875,0.9546875
0.50890625,0.5,2.866576577553538,0.0,0.25,0.0,random,0.0,0.0,0.0,12,0.0,0.0,alpha,0.0046875,0.250326469540596,-3.734375,-3.7296875,0,0,240,0,120,120,40,0.0,0.4900833333333333,0.5291666666666667
0.5146354166666667,0.5,2.866576577553538,0.0,0.5,0.0,random,0.0,0.0,0.0,12,0.0,0.0,alpha,0.0140625,0.5002167945106825,-3.734375,-3.7203125,0,0,240,0,120,120,40,0.0,0.4892708333333333,0.5412070312499999
0.52625,0.5,2.866576577553538,0.0,1.0,0.0,random,0.0,0.0,0.0,12,0.0,0.0,alpha,0.034895833333333334,1.0000400577982267,-3.734375,-3.699479166666667,0,0,240,0,120,120,40,0.0,0.49774609375,0.55865234375
0.5499479166666666,0.5,2.866576577553538,0.0,2.0,0.0,random,0.0,0.0,0.0,12,0.0,0.0,alpha,0.0703125,1.9999931226174037,-3.734375,-3.6640625,0,0,240,0,120,120,40,0.0,0.5170794270833333,0.5951119791666667
0.5864583333333333,0.5,2.866576577553538,0.0,4.0,0.0,random,0.0,0.0,0.0,12,0.0,0.0,alpha,0.13802083333333334,3.9999569316705066,-3.734375,-3.5963541666666665,0,0,240,0,120,120,40,0.0,0.53140234375,0.6386536458333334
0.6084375,0.5,2.866576577553538,0.0,8.0,0.0,random,0.0,0.0,0.0,12,0.0,0.0,alpha,0.19010416666666666,7.99980206489563,-3.734375,-3.5442708333333335,0,0,240,0,120,120,40,0.0,0.55453125,0.6836328125
0.5988020833333333,0.5,2.866576577553538,0.0,16.0,0.0,random,0.0,0.0,0.0,12,0.0,0.0,alpha,0.1875,15.999580876032512,-3.734375,-3.546875,0,0,240,0,120,120,40,0.0,0.5308333333333334,0.6820703124999999
0.73203125,0.5,2.866576577553538,0.0,32.0,0.0,random,0.0,0.0,0.0,12,0.0,0.0,alpha,0.4640625,31.999174372355142,-3.734375,-3.2703125,0,0,240,0,120,120,40,0.0,0.61578125,0.8869374999999999
0.71,0.5,2.866576577553538,0.0,64.0,0.0,random,0.0,0.0,0.0,12,0.0,0.0,alpha,0.5473958333333333,63.998494148254395,-3.734375,-3.1869791666666667,0,0,240,0,120,120,40,0.0,0.4896875,0.9076666666666667
0.8040625,0.5,2.866576577553538,0.0,128.0,0.0,random,0.0,0.0,0.0,12,0.0,0.0,alpha,1.03125,127.99684193929036,-3.734375,-2.703125,0,0,240,0,120,120,40,0.0,0.6029375,0.99516015625
0.5133854166666667,0.5,2.866576577553538,0.0,0.01,0.0,random,0.0,0.0,0.0,12,0.0,0.0,z_mad,0.010416666666666666,0.0005973847827893526,-3.734375,-3.7239583333333335,0,0,240,0,120,120,40,0.0,0.49233723958333336,0.5355208333333333
0.5017708333333334,0.5,2.866576577553538,0.0,0.02,0.0,random,0.0,0.0,0.0,12,0.0,0.0,z_mad,-0.0026041666666666665,0.0016778560190383966,-3.734375,-3.7369791666666665,0,0,240,0,120,120,40,0.0,0.47275781250000004,0.5283893229166667
0.50234375,0.5,2.866576577553538,0.0,0.04,0.0,random,0.0,0.0,0.0,12,0.0,0.0,z_mad,-0.0078125,0.004529332291955749,-3.734375,-3.7421875,0,0,240,0,120,120,40,0.0,0.47171093750000004,0.5326093749999999
0.50109375,0.5,2.866576577553538,0.0,0.08,0.0,random,0.0,0.0,0.0,12,0.0,0.0,z_mad,-0.0067708333333333336,0.011166422325186432,-3.734375,-3.7411458333333334,0,0,240,0,120,120,40,0.0,0.48072916666666665,0.5201614583333333
0.5063020833333334,0.5,2.866576577553538,0.0,0.16,0.0,random,0.0,0.0,0.0,12,0.0,0.0,z_mad,-0.0020833333333333333,0.02385627293648819,-3.734375,-3.736458333333333,0,0,240,0,120,120,40,0.0,0.4820299479166667,0.5319283854166668
0.50484375,0.5,2.866576577553538,0.0,0.32,0.0,random,0.0,0.0,0.0,12,0.0,0.0,z_mad,0.0010416666666666667,0.04700664763028423,-3.734375,-3.7333333333333334,0,0,240,0,120,120,40,0.0,0.47760416666666666,0.5295859374999999
0.5102604166666667,0.5,2.866576577553538,0.0,0.64,0.0,random,0.0,0.0,0.0,12,0.0,0.0,z_mad,0.008854166666666666,0.09267643094062805,-3.734375,-3.7255208333333334,0,0,240,0,120,120,40,0.0,0.47937109375,0.5327760416666666
0.5092708333333333,0.5,2.866576577553538,0.0,1.28,0.0,random,0.0,0.0,0.0,12,0.0,0.0,z_mad,0.009375,0.18433879154423874,-3.734375,-3.725,0,0,240,0,120,120,40,0.0,0.48869531250000003,0.5266145833333333
0.51375,0.5,2.866576577553538,0.0,2.56,0.0,random,0.0,0.0,0.0,12,0.0,0.0,z_mad,0.013020833333333334,0.3682369202375412,-3.734375,-3.7213541666666665,0,0,240,0,120,120,40,0.0,0.48749869791666667,0.5353177083333333
0.51921875,0.5,2.866576577553538,0.0,5.12,0.0,random,0.0,0.0,0.0,12,0.0,0.0,z_mad,0.022395833333333334,0.7360453213254611,-3.734375,-3.7119791666666666,0,0,240,0,120,120,40,0.0,0.4982239583333333,0.5437526041666666
0.54203125,0.5,2.866576577553538,0.0,10.24,0.0,random,0.0,0.0,0.0,12,0.0,0.0,z_mad,0.0578125,1.471860127647718,-3.734375,-3.6765625,0,0,240,0,120,120,40,0.0,0.5167708333333333,0.5776588541666666
0.57171875,0.5,2.866576577553538,0.0,20.48,0.0,random,0.0,0.0,0.0,12,0.0,0.0,z_mad,0.10833333333333334,2.9436700642108917,-3.734375,-3.6260416666666666,0,0,240,0,120,120,40,0.0,0.5284140625,0.6235039062500001
0.4977083333333333,0.5,2.866576577553538,0.0,0.01,0.0,random,0.0,0.0,0.0,12,0.0,0.0,z_sd,-0.010416666666666666,0.04580331529335429,-3.734375,-3.7447916666666665,0,0,240,0,120,120,40,0.0,0.47150911458333333,0.5205729166666667
0.50515625,0.5,2.866576577553538,0.0,0.02,0.0,random,0.0,0.0,0.0,12,0.0,0.0,z_sd,0.0046875,0.09130709962919355,-3.734375,-3.7296875,0,0,240,0,120,120,40,0.0,0.4777018229166667,0.5242747395833334
0.5083854166666667,0.5,2.866576577553538,0.0,0.04,0.0,random,0.0,0.0,0.0,12,0.0,0.0,z_sd,0.003125,0.18187030867363016,-3.734375,-3.73125,0,0,240,0,120,120,40,0.0,0.48473958333333333,0.5250625
0.5097395833333334,0.5,2.866576577553538,0.0,0.08,0.0,random,0.0,0.0,0.0,12,0.0,0.0,z_sd,0.008854166666666666,0.3629841536283493,-3.734375,-3.7255208333333334,0,0,240,0,120,120,40,0.0,0.48609375,0.5370833333333334
0.5272916666666667,0.5,2.866576577553538,0.0,0.16,0.0,random,0.0,0.0,0.0,12,0.0,0.0,z_sd,0.034895833333333334,0.725347529972593,-3.734375,-3.699479166666667,0,0,240,0,120,120,40,0.0,0.505625,0.5530742187500001
0.5414583333333334,0.5,2.866576577553538,0.0,0.32,0.0,random,0.0,0.0,0.0,12,0.0,0.0,z_sd,0.06145833333333333,1.4504102411369482,-3.734375,-3.6729166666666666,0,0,240,0,120,120,40,0.0,0.496875,0.58517578125
0.5777083333333334,0.5,2.866576577553538,0.0,0.64,0.0,random,0.0,0.0,0.0,12,0.0,0.0,z_sd,0.12604166666666666,2.900741544365883,-3.734375,-3.6083333333333334,0,0,240,0,120,120,40,0.0,0.50390234375,0.6456770833333333
0.5971875,0.5,2.866576577553538,0.0,1.28,0.0,random,0.0,0.0,0.0,12,0.0,0.0,z_sd,0.16302083333333334,5.80157434741656,-3.734375,-3.5713541666666666,0,0,240,0,120,120,40,0.0,0.50625,0.6840625
0.605625,0.5,2.866576577553538,0.0,2.56,0.0,random,0.0,0.0,0.0,12,0.0,0.0,z_sd,0.1953125,11.603088756402334,-3.734375,-3.5390625,0,0,240,0,120,120,40,0.0,0.52234375,0.70453515625
0.7146354166666666,0.5,2.866576577553538,0.0,5.12,0.0,random,0.0,0.0,0.0,12,0.0,0.0,z_sd,0.4625,23.20598908662796,-3.734375,-3.271875,0,0,240,0,120,120,40,0.0,0.5684361979166667,0.96306640625
0.728125,0.5,2.866576577553538,0.0,10.24,0.0,random,0.0,0.0,0.0,12,0.0,0.0,z_sd,0.5901041666666667,46.41197727521261,-3.734375,-3.144270833333333,0,0,240,0,120,120,40,0.0,0.55,0.97990234375
0.72109375,0.5,2.866576577553538,0.0,20.48,0.0,random,0.0,0.0,0.0,12,0.0,0.0,z_sd,0.7286458333333333,92.824298286438,-3.734375,-3.005729166666667,0,0,240,0,120,120,40,0.0,0.5575,0.99297265625
0.511984375,0.5,3.2275758330035513,0.0,0.25,0.0,concept,0.0,0.0,0.0,13,0.0,0.0,alpha,0.01328125,0.2502942909672856,-3.734375,-3.72109375,0,0,800,0,400,400,40,0.0,0.49367109374999996,0.5306097656250001
0.51534375,0.5,3.2275758330035513,0.0,0.5,0.0,concept,0.0,0.0,0.0,13,0.0,0.0,alpha,0.0196875,0.5001883700489997,-3.734375,-3.7146875,0,0,800,0,400,400,40,0.0,0.490388671875,0.541160546875
0.52596875,0.5,3.2275758330035513,0.0,1.0,0.0,concept,0.0,0.0,0.0,13,0.0,0.0,alpha,0.0359375,1.0002480120956898,-3.734375,-3.6984375,0,0,800,0,400,400,40,0.0,0.497571875,0.5594546875
0.5465,0.5,3.2275758330035513,0.0,2.0,0.0,concept,0.0,0.0,0.0,13,0.0,0.0,alpha,0.07265625,2.0001471230387686,-3.734375,-3.66171875,0,0,800,0,400,400,40,0.0,0.50704453125,0.592359765625
0.575703125,0.5,3.2275758330035513,0.0,4.0,0.0,concept,0.0,0.0,0.0,13,0.0,0.0,alpha,0.1328125,3.9998790389299392,-3.734375,-3.6015625,0,0,800,0,400,400,40,0.0,0.52484296875,0.62648046875
0.612671875,0.5,3.2275758330035513,0.0,8.0,0.0,concept,0.0,0.0,0.0,13,0.0,0.0,alpha,0.22390625,8.000131633281708,-3.734375,-3.51046875,0,0,800,0,400,400,40,0.0,0.5453718750000001,0.677460546875
0.642265625,0.5,3.2275758330035513,0.0,16.0,0.0,concept,0.0,0.0,0.0,13,0.0,0.0,alpha,0.335,16.000236330032347,-3.734375,-3.399375,0,0,800,0,400,400,40,0.0,0.560453125,0.73393984375
0.704515625,0.5,3.2275758330035513,0.0,32.0,0.0,concept,0.0,0.0,0.0,13,0.0,0.0,alpha,0.54171875,32.000749588012695,-3.734375,-3.19265625,0,0,800,0,400,400,40,0.0,0.585627734375,0.82345703125
0.744375,0.5221875,2.4617832687769106,1.531585128453282,64.0,0.0,concept,0.044375,0.0,0.1,13,0.0,0.0925,alpha,0.756640625,64.00176644325256,-3.734375,-2.977734375,0,40,800,0,400,400,40,0.0,0.592064453125,0.88845859375
0.752734375,0.5203125,2.4822600643090165,1.49063153738907,128.0,0.0,concept,0.040625,0.0,0.1,13,0.0,0.0825,alpha,0.8496875,128.00831201553345,-3.734375,-2.8846875,0,40,800,0,400,400,40,0.0,0.58358046875,0.909498828125
0.507015625,0.5,3.2275758330035513,0.0,0.01,0.0,concept,0.0,0.0,0.0,13,0.0,0.0,z_mad,0.00515625,0.0028366702707717196,-3.734375,-3.72921875,0,0,800,0,400,400,40,0.0,0.484866015625,0.527142578125
0.50790625,0.5,3.2275758330035513,0.0,0.02,0.0,concept,0.0,0.0,0.0,13,0.0,0.0,z_mad,0.00671875,0.006685441149165854,-3.734375,-3.72765625,0,0,800,0,400,400,40,0.0,0.48946601562500003,0.5296554687499999
0.506140625,0.5,3.2275758330035513,0.0,0.04,0.0,concept,0.0,0.0,0.0,13,0.0,0.0,z_mad,0.0034375,0.015390682988800109,-3.734375,-3.7309375,0,0,800,0,400,400,40,0.0,0.48610859375,0.52464140625
0.50596875,0.5,3.2275758330035513,0.0,0.08,0.0,concept,0.0,0.0,0.0,13,0.0,0.0,z_mad,0.0053125,0.03266821851953864,-3.734375,-3.7290625,0,0,800,0,400,400,40,0.0,0.484373828125,0.528675
0.506390625,0.5,3.2275758330035513,0.0,0.16,0.0,concept,0.0,0.0,0.0,13,0.0,0.0,z_mad,0.00546875,0.0649231350980699,-3.734375,-3.72890625,0,0,800,0,400,400,40,0.0,0.487562109375,0.5249437499999999
0.50934375,0.5,3.2275758330035513,0.0,0.32,0.0,concept,0.0,0.0,0.0,13,0.0,0.0,z_mad,0.00953125,0.12782196059823037,-3.734375,-3.72484375,0,0,800,0,400,400,40,0.0,0.492212109375,0.52936015625
0.506859375,0.5,3.2275758330035513,0.0,0.64,0.0,concept,0.0,0.0,0.0,13,0.0,0.0,z_mad,0.00578125,0.25485808063298465,-3.734375,-3.72859375,0,0,800,0,400,400,40,0.0,0.48688281250000004,0.525377734375
0.515234375,0.5,3.2275758330035513,0.0,1.28,0.0,concept,0.0,0.0,0.0,13,0.0,0.0,z_mad,0.019375,0.5089320825785398,-3.734375,-3.715,0,0,800,0,400,400,40,0.0,0.48966171875,0.542365625
0.523734375,0.5,3.2275758330035513,0.0,2.56,0.0,concept,0.0,0.0,0.0,13,0.0,0.0,z_mad,0.0334375,1.0167560732364656,-3.734375,-3.7009375,0,0,800,0,400,400,40,0.0,0.49415351562500004,0.555494140625
0.54325,0.5,3.2275758330035513,0.0,5.12,0.0,concept,0.0,0.0,0.0,13,0.0,0.0,z_mad,0.0678125,2.0339984080195426,-3.734375,-3.6665625,0,0,800,0,400,400,40,0.0,0.50507421875,0.586376171875
0.57528125,0.5,3.2275758330035513,0.0,10.24,0.0,concept,0.0,0.0,0.0,13,0.0,0.0,z_mad,0.12828125,4.067421923279762,-3.734375,-3.60609375,0,0,800,0,400,400,40,0.0,0.521225,0.633588671875
0.6184375,0.5,3.2275758330035513,0.0,20.48,0.0,concept,0.0,0.0,0.0,13,0.0,0.0,z_mad,0.2309375,8.13495074748993,-3.734375,-3.5034375,0,0,800,0,400,400,40,0.0,0.55378984375,0.6855652343749999
0.5224375,0.5,3.2275758330035513,0.0,0.01,0.0,concept,0.0,0.0,0.0,13,0.0,0.0,z_sd,0.03203125,0.8567160774022341,-3.734375,-3.70234375,0,0,800,0,400,400,40,0.0,0.49866328125,0.547891796875
0.5415,0.5,3.2275758330035513,0.0,0.02,0.0,concept,0.0,0.0,0.0,13,0.0,0.0,z_sd,0.066875,1.7128873479366302,-3.734375,-3.6675,0,0,800,0,400,400,40,0.0,0.5088109375,0.580756640625
0.571671875,0.5,3.2275758330035513,0.0,0.04,0.0,concept,0.0,0.0,0.0,13,0.0,0.0,z_sd,0.126875,3.4258399778604507,-3.734375,-3.6075,0,0,800,0,400,400,40,0.0,0.5229082031250001,0.6230828124999999
0.60903125,0.5,3.2275758330035513,0.0,0.08,0.0,concept,0.0,0.0,0.0,13,0.0,0.0,z_sd,0.235625,6.851989368796349,-3.734375,-3.49875,0,0,800,0,400,400,40,0.0,0.5334492187500001,0.695594921875
0.637046875,0.5,3.2275758330035513,0.0,0.16,0.0,concept,0.0,0.0,0.0,13,0.0,0.0,z_sd,0.36828125,13.703966032266617,-3.734375,-3.36609375,0,0,800,0,400,400,40,0.0,0.5504546874999999,0.74403671875
0.65665625,0.50625,2.7252773244470485,1.0045970171130056,0.32,0.0,concept,0.0125,0.0,0.0775,13,0.0,0.03,z_sd,0.467578125,27.408129618167877,-3.734375,-3.266796875,0,31,800,0,400,400,40,0.0,0.5521343750000001,0.768380859375
0.7145625,0.52375,2.4457443639873935,1.5636629380323153,0.64,0.0,concept,0.0475,0.0,0.1,13,0.0,0.095,z_sd,0.685078125,54.81706468105316,-3.734375,-3.049296875,0,40,800,0,400,400,40,0.0,0.567062890625,0.8495156249999999
0.7496875,0.51,2.6345512709193626,1.186049124168377,1.28,0.0,concept,0.02,0.0,0.1,13,0.0,0.0425,z_sd,0.8643359375,109.63158653259278,-3.734375,-2.8700390625,0,40,800,0,400,400,40,0.0,0.587178515625,0.905590234375
0.743984375,0.525,2.4335032588492673,1.588145148308568,2.56,0.0,concept,0.05,0.0,0.1,13,0.0,0.1,z_sd,0.87171875,219.26425392150878,-3.734375,-2.86265625,0,40,800,0,400,400,40,0.0,0.571287109375,0.8989546875000001
0.698515625,0.525,2.4335032588492673,1.588145148308568,5.12,0.0,concept,0.05,0.0,0.1,13,0.0,0.1,z_sd,0.7603515625,438.53297718048094,-3.734375,-2.9740234375,0,40,800,0,400,400,40,0.0,0.5040753906250001,0.8601816406249999
0.64746875,0.525,2.4335032588492673,1.588145148308568,10.24,0.0,concept,0.05,0.0,0.1,13,0.0,0.1,z_sd,0.63208984375,877.0654979705811,-3.734375,-3.10228515625,0,40,800,0,400,400,40,0.0,0.461244921875,0.823633984375
0.622078125,0.525625,2.4275625961192326,1.6000264737686376,20.48,0.0,concept,0.05125,0.0,0.1,13,0.0,0.1025,z_sd,0.55072265625,1754.1223027038575,-3.734375,-3.18365234375,0,40,800,0,400,400,40,0.0,0.42314140625,0.796597265625
0.502265625,0.5,2.7364194385325056,0.0,0.25,0.0,dropout,0.0,0.0,0.0,13,0.0,0.0,alpha,-0.0015625,0.1902020120061934,-3.734375,-3.7359375,0,0,160,0,80,80,40,0.0,0.48327734375,0.5253242187499999
0.50578125,0.5,2.7364194385325056,0.0,0.5,0.0,dropout,0.0,0.0,0.0,13,0.0,0.0,alpha,0.00390625,0.41283148936927316,-3.734375,-3.73046875,0,0,160,0,80,80,40,0.0,0.478701171875,0.5296875
0.510546875,0.5,2.7364194385325056,0.0,1.0,0.0,dropout,0.0,0.0,0.0,13,0.0,0.0,alpha,0.009375,0.884472382068634,-3.734375,-3.725,0,0,160,0,80,80,40,0.0,0.48296875,0.53594140625
0.511640625,0.5,2.7364194385325056,0.0,2.0,0.0,dropout,0.0,0.0,0.0,13,0.0,0.0,alpha,0.02265625,1.9017781987786293,-3.734375,-3.71171875,0,0,160,0,80,80,40,0.0,0.4835859375,0.53328125
0.53765625,0.5,2.7364194385325056,0.0,4.0,0.0,dropout,0.0,0.0,0.0,13,0.0,0.0,alpha,0.06015625,3.933980429172516,-3.734375,-3.67421875,0,0,160,0,80,80,40,0.0,0.50796875,0.57609375
0.601953125,0.5,2.7364194385325056,0.0,8.0,0.0,dropout,0.0,0.0,0.0,13,0.0,0.0,alpha,0.1796875,7.959858101606369,-3.734375,-3.5546875,0,0,160,0,80,80,40,0.0,0.5621875,0.6564843749999999
0.725234375,0.5,2.7364194385325056,0.0,16.0,0.0,dropout,0.0,0.0,0.0,13,0.0,0.0,alpha,0.45703125,15.87671605348587,-3.734375,-3.27734375,0,0,160,0,80,80,40,0.0,0.6895195312500001,0.77125390625
0.9078125,0.5,2.7364194385325056,0.0,32.0,0.0,dropout,0.0,0.0,0.0,13,0.0,0.0,alpha,0.9515625,32.06003742218017,-3.734375,-2.7828125,0,0,160,0,80,80,40,0.0,0.864453125,0.9570390625
0.902734375,0.5,2.7364194385325056,0.0,64.0,0.0,dropout,0.0,0.0,0.0,13,0.0,0.0,alpha,1.11640625,59.4266236782074,-3.734375,-2.61796875,0,0,160,0,80,80,40,0.0,0.824453125,0.9731875
0.93984375,0.503125,2.5446008626536925,0.3836371517576267,128.0,0.0,dropout,0.00625,0.0,0.0125,13,0.0,0.0125,alpha,1.4359375,111.90078382492065,-3.734375,-2.2984375,0,1,160,0,80,80,40,0.0,0.9224921875,0.9650234375
0.5,0.5,2.7364194385325056,0.0,0.01,0.0,dropout,0.0,0.0,0.0,13,0.0,0.0,z_mad,0.0,0.0,-3.734375,-3.734375,0,0,160,0,80,80,40,0.0,0.5,0.5
0.5,0.5,2.7364194385325056,0.0,0.02,0.0,dropout,0.0,0.0,0.0,13,0.0,0.0,z_mad,0.0,0.0,-3.734375,-3.734375,0,0,160,0,80,80,40,0.0,0.5,0.5
0.5,0.5,2.7364194385325056,0.0,0.04,0.0,dropout,0.0,0.0,0.0,13,0.0,0.0,z_mad,0.0,0.0003997802734375,-3.734375,-3.734375,0,0,160,0,80,80,40,0.0,0.49843554687499997,0.50125390625
0.50328125,0.5,2.7364194385325056,0.0,0.08,0.0,dropout,0.0,0.0,0.0,13,0.0,0.0,z_mad,0.0046875,0.0010599591128993779,-3.734375,-3.7296875,0,0,160,0,80,80,40,0.0,0.5,0.5090625
0.49796875,0.5,2.7364194385325056,0.0,0.16,0.0,dropout,0.0,0.0,0.0,13,0.0,0.0,z_mad,-0.00390625,0.002178955136332661,-3.734375,-3.73828125,0,0,160,0,80,80,40,0.0,0.49,0.5046875
0.50703125,0.5,2.7364194385325056,0.0,0.32,0.0,dropout,0.0,0.0,0.0,13,0.0,0.0,z_mad,0.01015625,0.006722170736611588,-3.734375,-3.72421875,0,0,160,0,80,80,40,0.0,0.49515625,0.51984375
0.510078125,0.5,2.7364194385325056,0.0,0.64,0.0,dropout,0.0,0.0,0.0,13,0.0,0.0,z_mad,0.0109375,0.036996952221670654,-3.734375,-3.7234375,0,0,160,0,80,80,40,0.0,0.4975,0.526890625
0.50375,0.5,2.7364194385325056,0.0,1.28,0.0,dropout,0.0,0.0,0.0,13,0.0,0.0,z_mad,0.003125,0.10680061937309801,-3.734375,-3.73125,0,0,160,0,80,80,40,0.0,0.4871875,0.519927734375
0.50859375,0.5,2.7364194385325056,0.0,2.56,0.0,dropout,0.0,0.0,0.0,13,0.0,0.0,z_mad,0.0078125,0.2660568363964558,-3.734375,-3.7265625,0,0,160,0,80,80,40,0.0,0.488203125,0.53296875
0.502109375,0.5,2.7364194385325056,0.0,5.12,0.0,dropout,0.0,0.0,0.0,13,0.0,0.0,z_mad,-0.0015625,0.6145224150270223,-3.734375,-3.7359375,0,0,160,0,80,80,40,0.0,0.483828125,0.51765625
0.506796875,0.5,2.7364194385325056,0.0,10.24,0.0,dropout,0.0,0.0,0.0,13,0.0,0.0,z_mad,0.0046875,1.2848894089460372,-3.734375,-3.7296875,0,0,160,0,80,80,40,0.0,0.470546875,0.54296875
0.516171875,0.5,2.7364194385325056,0.0,20.48,0.0,dropout,0.0,0.0,0.0,13,0.0,0.0,z_mad,0.02421875,2.7025454193353653,-3.734375,-3.71015625,0,0,160,0,80,80,40,0.0,0.49358984375,0.54203125
0.500859375,0.5,2.7364194385325056,0.0,0.01,0.0,dropout,0.0,0.0,0.0,13,0.0,0.0,z_sd,0.00078125,0.0014102028027991765,-3.734375,-3.73359375,0,0,160,0,80,80,40,0.0,0.4965625,0.50484765625
0.502265625,0.5,2.7364194385325056,0.0,0.02,0.0,dropout,0.0,0.0,0.0,13,0.0,0.0,z_sd,0.0015625,0.007379896177008049,-3.734375,-3.7328125,0,0,160,0,80,80,40,0.0,0.4928125,0.51078125
0.503828125,0.5,2.7364194385325056,0.0,0.04,0.0,dropout,0.0,0.0,0.0,13,0.0,0.0,z_sd,0.003125,0.02740331521781627,-3.734375,-3.73125,0,0,160,0,80,80,40,0.0,0.48858984375,0.522357421875
0.50453125,0.5,2.7364194385325056,0.0,0.08,0.0,dropout,0.0,0.0,0.0,13,0.0,0.0,z_sd,0.003125,0.09371401083189994,-3.734375,-3.73125,0,0,160,0,80,80,40,0.0,0.48140625,0.5268769531249999
0.50125,0.5,2.7364194385325056,0.0,0.16,0.0,dropout,0.0,0.0,0.0,13,0.0,0.0,z_sd,-0.0046875,0.24979039672762154,-3.734375,-3.7390625,0,0,160,0,80,80,40,0.0,0.47765625,0.5215625
0.503515625,0.5,2.7364194385325056,0.0,0.32,0.0,dropout,0.0,0.0,0.0,13,0.0,0.0,z_sd,-0.00234375,0.5779940180480481,-3.734375,-3.73671875,0,0,160,0,80,80,40,0.0,0.47592968750000003,0.53484375
0.52296875,0.5,2.7364194385325056,0.0,0.64,0.0,dropout,0.0,0.0,0.0,13,0.0,0.0,z_sd,0.03046875,1.1506416909396648,-3.734375,-3.70390625,0,0,160,0,80,80,40,0.0,0.500625,0.54954296875
0.52125,0.5,2.7364194385325056,0.0,1.28,0.0,dropout,0.0,0.0,0.0,13,0.0,0.0,z_sd,0.03984375,2.5036861270666124,-3.734375,-3.69453125,0,0,160,0,80,80,40,0.0,0.495,0.5521875
0.54578125,0.5,2.7364194385325056,0.0,2.56,0.0,dropout,0.0,0.0,0.0,13,0.0,0.0,z_sd,0.08125,5.100970351696015,-3.734375,-3.653125,0,0,160,0,80,80,40,0.0,0.522890625,0.58424609375
0.671953125,0.5,2.7364194385325056,0.0,5.12,0.0,dropout,0.0,0.0,0.0,13,0.0,0.0,z_sd,0.31640625,10.274000775814056,-3.734375,-3.41796875,0,0,160,0,80,80,40,0.0,0.62375,0.73111328125
0.762890625,0.5,2.7364194385325056,0.0,10.24,0.0,dropout,0.0,0.0,0.0,13,0.0,0.0,z_sd,0.51328125,20.48705313205719,-3.734375,-3.22109375,0,0,160,0,80,80,40,0.0,0.714375,0.8229550781249998
0.878515625,0.5,2.7364194385325056,0.0,20.48,0.0,dropout,0.0,0.0,0.0,13,0.0,0.0,z_sd,1.03984375,38.967617106437686,-3.734375,-2.69453125,0,0,160,0,80,80,40,0.0,0.81671484375,0.94711328125
0.50375,0.5,2.7364194385325056,0.0,0.25,0.0,noise,0.0,0.0,0.0,13,0.0,0.0,alpha,0.003125,0.25035047233104707,-3.734375,-3.73125,0,0,160,0,80,80,40,0.0,0.4790625,0.53203125
0.50671875,0.5,2.7364194385325056,0.0,0.5,0.0,noise,0.0,0.0,0.0,13,0.0,0.0,alpha,0.00625,0.5001896508038044,-3.734375,-3.728125,0,0,160,0,80,80,40,0.0,0.481484375,0.53172265625
0.50171875,0.5,2.7364194385325056,0.0,1.0,0.0,noise,0.0,0.0,0.0,13,0.0,0.0,alpha,-0.003125,1.0001170635223389,-3.734375,-3.7375,0,0,160,0,80,80,40,0.0,0.469515625,0.52921875
0.51453125,0.5,2.7364194385325056,0.0,2.0,0.0,noise,0.0,0.0,0.0,13,0.0,0.0,alpha,0.02265625,2.0000501945614815,-3.734375,-3.71171875,0,0,160,0,80,80,40,0.0,0.48265625,0.5465625
0.545859375,0.5,2.7364194385325056,0.0,4.0,0.0,noise,0.0,0.0,0.0,13,0.0,0.0,alpha,0.07734375,4.000024265050888,-3.734375,-3.65703125,0,0,160,0,80,80,40,0.0,0.52,0.576265625
0.5765625,0.5,2.7364194385325056,0.0,8.0,0.0,noise,0.0,0.0,0.0,13,0.0,0.0,alpha,0.1375,7.999982863664627,-3.734375,-3.596875,0,0,160,0,80,80,40,0.0,0.544140625,0.608728515625
0.648671875,0.5,2.7364194385325056,0.0,16.0,0.0,noise,0.0,0.0,0.0,13,0.0,0.0,alpha,0.27265625,15.999905800819397,-3.734375,-3.46171875,0,0,160,0,80,80,40,0.0,0.62419140625,0.7009375
0.713671875,0.5,2.7364194385325056,0.0,32.0,0.0,noise,0.0,0.0,0.0,13,0.0,0.0,alpha,0.43046875,31.99986798763275,-3.734375,-3.30390625,0,0,160,0,80,80,40,0.0,0.68296875,0.78
0.91609375,0.5,2.7364194385325056,0.0,64.0,0.0,noise,0.0,0.0,0.0,13,0.0,0.0,alpha,0.9953125,63.999435615539554,-3.734375,-2.7390625,0,0,160,0,80,80,40,0.0,0.871640625,0.96813671875
0.948515625,0.5,2.7364194385325056,0.0,128.0,0.0,noise,0.0,0.0,0.0,13,0.0,0.0,alpha,1.305859375,127.99970445632934,-3.734375,-2.428515625,0,0,160,0,80,80,40,0.0,0.89125,0.994375
0.513671875,0.5,2.7364194385325056,0.0,0.01,0.0,noise,0.0,0.0,0.0,13,0.0,0.0,z_mad,0.0140625,0.0005593300047621597,-3.734375,-3.7203125,0,0,160,0,80,80,40,0.0,0.4910859375,0.53675
0.51,0.5,2.7364194385325056,0.0,0.02,0.0,noise,0.0,0.0,0.0,13,0.0,0.0,z_mad,0.00859375,0.0015571640833513811,-3.734375,-3.72578125,0,0,160,0,80,80,40,0.0,0.492259765625,0.5296875
0.506484375,0.5,2.7364194385325056,0.0,0.04,0.0,noise,0.0,0.0,0.0,13,0.0,0.0,z_mad,0.00703125,0.004284551518503576,-3.734375,-3.72734375,0,0,160,0,80,80,40,0.0,0.47670703125,0.540390625
0.49875,0.5,2.7364194385325056,0.0,0.08,0.0,noise,0.0,0.0,0.0,13,0.0,0.0,z_mad,-0.00703125,0.010661430493928491,-3.734375,-3.74140625,0,0,160,0,80,80,40,0.0,0.476484375,0.514375
0.511875,0.5,2.7364194385325056,0.0,0.16,0.0,noise,0.0,0.0,0.0,13,0.0,0.0,z_mad,0.00703125,0.02343897835817188,-3.734375,-3.72734375,0,0,160,0,80,80,40,0.0,0.48671875,0.53875
0.507734375,0.5,2.7364194385325056,0.0,0.32,0.0,noise,0.0,0.0,0.0,13,0.0,0.0,z_mad,0.0046875,0.046625458914786574,-3.734375,-3.7296875,0,0,160,0,80,80,40,0.0,0.49234375,0.5240625
0.501484375,0.5,2.7364194385325056,0.0,0.64,0.0,noise,0.0,0.0,0.0,13,0.0,0.0,z_mad,-0.0015625,0.09047878431156278,-3.734375,-3.7359375,0,0,160,0,80,80,40,0.0,0.4815625,0.52047265625
0.508125,0.5,2.7364194385325056,0.0,1.28,0.0,noise,0.0,0.0,0.0,13,0.0,0.0,z_mad,0.003125,0.18075046818703414,-3.734375,-3.73125,0,0,160,0,80,80,40,0.0,0.488119140625,0.526875
0.505546875,0.5,2.7364194385325056,0.0,2.56,0.0,noise,0.0,0.0,0.0,13,0.0,0.0,z_mad,0.00078125,0.35869114883244035,-3.734375,-3.73359375,0,0,160,0,80,80,40,0.0,0.483046875,0.52453125
0.510390625,0.5,2.7364194385325056,0.0,5.12,0.0,noise,0.0,0.0,0.0,13,0.0,0.0,z_mad,0.0140625,0.7177396386861801,-3.734375,-3.7203125,0,0,160,0,80,80,40,0.0,0.4871796875,0.5384375
0.512421875,0.5,2.7364194385325056,0.0,10.24,0.0,noise,0.0,0.0,0.0,13,0.0,0.0,z_mad,0.0109375,1.438381339609623,-3.734375,-3.7234375,0,0,160,0,80,80,40,0.0,0.493203125,0.5356328125
0.522578125,0.5,2.7364194385325056,0.0,20.48,0.0,noise,0.0,0.0,0.0,13,0.0,0.0,z_mad,0.03203125,2.8671484142541885,-3.734375,-3.70234375,0,0,160,0,80,80,40,0.0,0.4915625,0.55519140625
0.50125,0.5,2.7364194385325056,0.0,0.01,0.0,noise,0.0,0.0,0.0,13,0.0,0.0,z_sd,-0.00234375,0.027715976210311057,-3.734375,-3.73671875,0,0,160,0,80,80,40,0.0,0.4840546875,0.51781640625
0.511171875,0.5,2.7364194385325056,0.0,0.02,0.0,noise,0.0,0.0,0.0,13,0.0,0.0,z_sd,0.0109375,0.05285247394349426,-3.734375,-3.7234375,0,0,160,0,80,80,40,0.0,0.48875,0.5375078125
0.50390625,0.5,2.7364194385325056,0.0,0.04,0.0,noise,0.0,0.0,0.0,13,0.0,0.0,z_sd,0.00078125,0.10840254449285566,-3.734375,-3.73359375,0,0,160,0,80,80,40,0.0,0.4771796875,0.527578125
0.493359375,0.5,2.7364194385325056,0.0,0.08,0.0,noise,0.0,0.0,0.0,13,0.0,0.0,z_sd,-0.0125,0.22911629462614655,-3.734375,-3.746875,0,0,160,0,80,80,40,0.0,0.46804492187499996,0.5128125
0.503671875,0.5,2.7364194385325056,0.0,0.16,0.0,noise,0.0,0.0,0.0,13,0.0,0.0,z_sd,0.0046875,0.41939321495592596,-3.734375,-3.7296875,0,0,160,0,80,80,40,0.0,0.48546875,0.5240937499999999
0.50890625,0.5,2.7364194385325056,0.0,0.32,0.0,noise,0.0,0.0,0.0,13,0.0,0.0,z_sd,0.009375,0.8523417852818966,-3.734375,-3.725,0,0,160,0,80,80,40,0.0,0.48421875,0.5384375
0.5259375,0.5,2.7364194385325056,0.0,0.64,0.0,noise,0.0,0.0,0.0,13,0.0,0.0,z_sd,0.03515625,1.6773808568716049,-3.734375,-3.69921875,0,0,160,0,80,80,40,0.0,0.499001953125,0.554947265625
0.533359375,0.5,2.7364194385325056,0.0,1.28,0.0,noise,0.0,0.0,0.0,13,0.0,0.0,z_sd,0.0546875,3.1761415630578993,-3.734375,-3.6796875,0,0,160,0,80,80,40,0.0,0.5065546875,0.5796875
0.55,0.5,2.7364194385325056,0.0,2.56,0.0,noise,0.0,0.0,0.0,13,0.0,0.0,z_sd,0.08359375,6.588543739914894,-3.734375,-3.65078125,0,0,160,0,80,80,40,0.0,0.49625,0.61049609375
0.640234375,0.5,2.7364194385325056,0.0,5.12,0.0,noise,0.0,0.0,0.0,13,0.0,0.0,z_sd,0.24765625,14.132100999355316,-3.734375,-3.48671875,0,0,160,0,80,80,40,0.0,0.60734375,0.69109375
0.72265625,0.5,2.7364194385325056,0.0,10.24,0.0,noise,0.0,0.0,0.0,13,0.0,0.0,z_sd,0.43828125,26.51820620894432,-3.734375,-3.29609375,0,0,160,0,80,80,40,0.0,0.685611328125,0.77921875
0.8734375,0.5,2.7364194385325056,0.0,20.48,0.0,noise,0.0,0.0,0.0,13,0.0,0.0,z_sd,0.85390625,55.61084263324737,-3.734375,-2.88046875,0,0,160,0,80,80,40,0.0,0.8223417968750001,0.92390625
0.5083333333333333,0.5,2.866576577553538,0.0,0.25,0.0,random,0.0,0.0,0.0,13,0.0,0.0,alpha,0.00625,0.2503887029985587,-3.734375,-3.728125,0,0,240,0,120,120,40,0.0,0.48561067708333333,0.5306302083333333
0.5020833333333333,0.5,2.866576577553538,0.0,0.5,0.0,random,0.0,0.0,0.0,13,0.0,0.0,alpha,-0.003125,0.5001396405200164,-3.734375,-3.7375,0,0,240,0,120,120,40,0.0,0.47421875,0.53125
0.5071875,0.5,2.866576577553538,0.0,1.0,0.0,random,0.0,0.0,0.0,13,0.0,0.0,alpha,0.005729166666666666,1.0000728155175844,-3.734375,-3.728645833333333,0,0,240,0,120,120,40,0.0,0.48390625,0.5303125
0.5049479166666667,0.5,2.866576577553538,0.0,2.0,0.0,random,0.0,0.0,0.0,13,0.0,0.0,alpha,0.004166666666666667,1.9999538590510686,-3.734375,-3.730208333333333,0,0,240,0,120,120,40,0.0,0.4786458333333333,0.5265638020833334
0.51828125,0.5,2.866576577553538,0.0,4.0,0.0,random,0.0,0.0,0.0,13,0.0,0.0,alpha,0.0296875,3.9999092161655425,-3.734375,-3.7046875,0,0,240,0,120,120,40,0.0,0.48661458333333335,0.55234375
0.5583333333333333,0.5,2.866576577553538,0.0,8.0,0.0,random,0.0,0.0,0.0,13,0.0,0.0,alpha,0.109375,7.9995703061421715,-3.734375,-3.625,0,0,240,0,120,120,40,0.0,0.5350507812499999,0.592671875
0.6150520833333334,0.5,2.866576577553538,0.0,16.0,0.0,random,0.0,0.0,0.0,13,0.0,0.0,alpha,0.21510416666666668,15.999379221598307,-3.734375,-3.519270833333333,0,0,240,0,120,120,40,0.0,0.5856210937499999,0.6702109374999999
0.7465104166666666,0.5,2.866576577553538,0.0,32.0,0.0,random,0.0,0.0,0.0,13,0.0,0.0,alpha,0.48854166666666665,31.998879464467368,-3.734375,-3.245833333333333,0,0,240,0,120,120,40,0.0,0.6791666666666667,0.8153515625
0.8802083333333334,0.5,2.866576577553538,0.0,64.0,0.0,random,0.0,0.0,0.0,13,0.0,0.0,alpha,0.8416666666666667,63.997861830393475,-3.734375,-2.892708333333333,0,0,240,0,120,120,40,0.0,0.81621875,0.9490625
0.9225520833333334,0.5,2.866576577553538,0.0,128.0,0.0,random,0.0,0.0,0.0,13,0.0,0.0,alpha,1.0307291666666667,127.99527250925699,-3.734375,-2.7036458333333333,0,0,240,0,120,120,40,0.0,0.89046875,0.9636979166666667
0.50375,0.5,2.866576577553538,0.0,0.01,0.0,random,0.0,0.0,0.0,13,0.0,0.0,z_mad,0.0015625,0.0004823285448461926,-3.734375,-3.7328125,0,0,240,0,120,120,40,0.0,0.4834765625,0.52432421875
0.5102604166666667,0.5,2.866576577553538,0.0,0.02,0.0,random,0.0,0.0,0.0,13,0.0,0.0,z_mad,0.0109375,0.0013531143825578813,-3.734375,-3.7234375,0,0,240,0,120,120,40,0.0,0.4892578125,0.5306770833333333
0.5010416666666667,0.5,2.866576577553538,0.0,0.04,0.0,random,0.0,0.0,0.0,13,0.0,0.0,z_mad,0.0010416666666666667,0.0037071184662636368,-3.734375,-3.7333333333333334,0,0,240,0,120,120,40,0.0,0.48233984375,0.5184375
0.501875,0.5,2.866576577553538,0.0,0.08,0.0,random,0.0,0.0,0.0,13,0.0,0.0,z_mad,-0.0010416666666666667,0.00950452513837566,-3.734375,-3.7354166666666666,0,0,240,0,120,120,40,0.0,0.48515625,0.5192734375
0.5044270833333333,0.5,2.866576577553538,0.0,0.16,0.0,random,0.0,0.0,0.0,13,0.0,0.0,z_mad,0.0046875,0.021098175520698228,-3.734375,-3.7296875,0,0,240,0,120,120,40,0.0,0.48012630208333335,0.5308854166666667
0.50765625,0.5,2.866576577553538,0.0,0.32,0.0,random,0.0,0.0,0.0,13,0.0,0.0,z_mad,0.008333333333333333,0.041868732590228316,-3.734375,-3.7260416666666667,0,0,240,0,120,120,40,0.0,0.4866666666666667,0.53083984375
0.50609375,0.5,2.866576577553538,0.0,0.64,0.0,random,0.0,0.0,0.0,13,0.0,0.0,z_mad,0.0067708333333333336,0.08219514594723781,-3.734375,-3.7276041666666666,0,0,240,0,120,120,40,0.0,0.47790234375,0.5346966145833333
0.5075520833333333,0.5,2.866576577553538,0.0,1.28,0.0,random,0.0,0.0,0.0,13,0.0,0.0,z_mad,0.0026041666666666665,0.16340642956395943,-3.734375,-3.7317708333333335,0,0,240,0,120,120,40,0.0,0.48650911458333335,0.5284427083333333
0.5033333333333333,0.5,2.866576577553538,0.0,2.56,0.0,random,0.0,0.0,0.0,13,0.0,0.0,z_mad,-0.0046875,0.3259632537762324,-3.734375,-3.7390625,0,0,240,0,120,120,40,0.0,0.47405729166666666,0.5279166666666667
0.5052083333333334,0.5,2.866576577553538,0.0,5.12,0.0,random,0.0,0.0,0.0,13,0.0,0.0,z_mad,0.003125,0.6515866746505101,-3.734375,-3.73125,0,0,240,0,120,120,40,0.0,0.4841015625,0.52640625
0.5081770833333333,0.5,2.866576577553538,0.0,10.24,0.0,random,0.0,0.0,0.0,13,0.0,0.0,z_mad,0.00625,1.3028841326634089,-3.734375,-3.728125,0,0,240,0,120,120,40,0.0,0.4828125,0.53276171875
0.50875,0.5,2.866576577553538,0.0,20.48,0.0,random,0.0,0.0,0.0,13,0.0,0.0,z_mad,0.011979166666666667,2.6055827101071674,-3.734375,-3.722395833333333,0,0,240,0,120,120,40,0.0,0.47665364583333336,0.5364205729166667
0.50859375,0.5,2.866576577553538,0.0,0.01,0.0,random,0.0,0.0,0.0,13,0.0,0.0,z_sd,0.0078125,0.023190572725919387,-3.734375,-3.7265625,0,0,240,0,120,120,40,0.0,0.48651041666666667,0.5279205729166667
0.5022916666666667,0.5,2.866576577553538,0.0,0.02,0.0,random,0.0,0.0,0.0,13,0.0,0.0,z_sd,-0.0015625,0.04611187765064339,-3.734375,-3.7359375,0,0,240,0,120,120,40,0.0,0.47921093750000004,0.5253893229166666
0.5030729166666666,0.5,2.866576577553538,0.0,0.04,0.0,random,0.0,0.0,0.0,13,0.0,0.0,z_sd,0.0015625,0.09075998409340778,-3.734375,-3.7328125,0,0,240,0,120,120,40,0.0,0.4816666666666667,0.5209414062500001
0.5058854166666666,0.5,2.866576577553538,0.0,0.08,0.0,random,0.0,0.0,0.0,13,0.0,0.0,z_sd,0.003125,0.18038168537120025,-3.734375,-3.73125,0,0,240,0,120,120,40,0.0,0.48380208333333335,0.5245924479166666
0.49984375,0.5,2.866576577553538,0.0,0.16,0.0,random,0.0,0.0,0.0,13,0.0,0.0,z_sd,-0.0026041666666666665,0.36018031475444634,-3.734375,-3.7369791666666665,0,0,240,0,120,120,40,0.0,0.47900911458333334,0.5170846354166667
0.5047395833333334,0.5,2.866576577553538,0.0,0.32,0.0,random,0.0,0.0,0.0,13,0.0,0.0,z_sd,0.0020833333333333333,0.7197398719688256,-3.734375,-3.732291666666667,0,0,240,0,120,120,40,0.0,0.47645182291666666,0.5264179687499999
0.4998958333333333,0.5,2.866576577553538,0.0,0.64,0.0,random,0.0,0.0,0.0,13,0.0,0.0,z_sd,-0.008854166666666666,1.4392226512233417,-3.734375,-3.7432291666666666,0,0,240,0,120,120,40,0.0,0.46893359375,0.5228125
0.5115625,0.5,2.866576577553538,0.0,1.28,0.0,random,0.0,0.0,0.0,13,0.0,0.0,z_sd,0.013020833333333334,2.8785455246766407,-3.734375,-3.7213541666666665,0,0,240,0,120,120,40,0.0,0.4819205729166667,0.5390703125
0.5428125,0.5,2.866576577553538,0.0,2.56,0.0,random,0.0,0.0,0.0,13,0.0,0.0,z_sd,0.0703125,5.756886519988378,-3.734375,-3.6640625,0,0,240,0,120,120,40,0.0,0.5128072916666667,0.5773645833333334
0.5983854166666667,0.5,2.866576577553538,0.0,5.12,0.0,random,0.0,0.0,0.0,13,0.0,0.0,z_sd,0.17708333333333334,11.513681292533875,-3.734375,-3.5572916666666665,0,0,240,0,120,120,40,0.0,0.5732291666666667,0.6429908854166666
0.6603125,0.5,2.866576577553538,0.0,10.24,0.0,random,0.0,0.0,0.0,13,0.0,0.0,z_sd,0.303125,23.027480816841127,-3.734375,-3.43125,0,0,240,0,120,120,40,0.0,0.5911367187500001,0.73291796875
0.8149479166666667,0.5,2.866576577553538,0.0,20.48,0.0,random,0.0,0.0,0.0,13,0.0,0.0,z_sd,0.6598958333333333,46.05507384936015,-3.734375,-3.074479166666667,0,0,240,0,120,120,40,0.0,0.73961328125,0.9004856770833334
0.50621875,0.5,3.2275758330035513,0.0,0.25,0.0,concept,0.0,0.0,0.0,14,0.0,0.0,alpha,0.00453125,0.250620779953897,-3.734375,-3.72984375,0,0,800,0,400,400,40,0.0,0.48547500000000005,0.5301296875
0.50521875,0.5,3.2275758330035513,0.0,0.5,0.0,concept,0.0,0.0,0.0,14,0.0,0.0,alpha,0.0034375,0.5004903218150138,-3.734375,-3.7309375,0,0,800,0,400,400,40,0.0,0.483147265625,0.5260640625
0.506171875,0.5,3.2275758330035513,0.0,1.0,0.0,concept,0.0,0.0,0.0,14,0.0,0.0,alpha,0.00546875,0.999909856915474,-3.734375,-3.72890625,0,0,800,0,400,400,40,0.0,0.48459296874999996,0.530844140625
0.5073125,0.5,3.2275758330035513,0.0,2.0,0.0,concept,0.0,0.0,0.0,14,0.0,0.0,alpha,0.00859375,2.000104972720146,-3.734375,-3.72578125,0,0,800,0,400,400,40,0.0,0.483601171875,0.5304550781249999
0.5165,0.5,3.2275758330035513,0.0,4.0,0.0,concept,0.0,0.0,0.0,14,0.0,0.0,alpha,0.02296875,4.000288251042366,-3.734375,-3.71140625,0,0,800,0,400,400,40,0.0,0.4985140625,0.53534765625
0.533671875,0.5,3.2275758330035513,0.0,8.0,0.0,concept,0.0,0.0,0.0,14,0.0,0.0,alpha,0.05140625,8.000488473176956,-3.734375,-3.68296875,0,0,800,0,400,400,40,0.0,0.5074515624999999,0.5699578125
0.576984375,0.5,3.2275758330035513,0.0,16.0,0.0,concept,0.0,0.0,0.0,14,0.0,0.0,alpha,0.1315625,16.001097621917726,-3.734375,-3.6028125,0,0,800,0,400,400,40,0.0,0.5320203125,0.637761328125
0.67021875,0.5,3.2275758330035513,0.0,32.0,0.0,concept,0.0,0.0,0.0,14,0.0,0.0,alpha,0.306640625,32.00204596996307,-3.734375,-3.427734375,0,0,800,0,400,400,40,0.0,0.60031171875,0.757896875
0.691140625,0.5,3.2275758330035513,0.0,64.0,0.0,concept,0.0,0.0,0.1,14,0.0,0.0,alpha,0.45203125,64.00485392570495,-3.734375,-3.28234375,0,40,800,0,400,400,40,0.0,0.603296875,0.78194140625
0.66065625,0.5209375,2.4752731035625772,1.5046054588819484,128.0,0.0,concept,0.041875,0.0,0.1,14,0.0,0.0875,alpha,0.45193359375,128.0137073135376,-3.734375,-3.28244140625,0,40,800,0,400,400,40,0.0,0.5548140625,0.788429296875
0.50703125,0.5,3.2275758330035513,0.0,0.01,0.0,concept,0.0,0.0,0.0,14,0.0,0.0,z_mad,0.00484375,0.003062647841870785,-3.734375,-3.72953125,0,0,800,0,400,400,40,0.0,0.48659492187500003,0.528018359375
0.506828125,0.5,3.2275758330035513,0.0,0.02,0.0,concept,0.0,0.0,0.0,14,0.0,0.0,z_mad,0.005625,0.007378393757389859,-3.734375,-3.72875,0,0,800,0,400,400,40,0.0,0.4855546875,0.530207421875
0.504984375,0.5,3.2275758330035513,0.0,0.04,0.0,concept,0.0,0.0,0.0,14,0.0,0.0,z_mad,0.0028125,0.016999467599671334,-3.734375,-3.7315625,0,0,800,0,400,400,40,0.0,0.48443632812500004,0.525626171875
0.5045,0.5,3.2275758330035513,0.0,0.08,0.0,concept,0.0,0.0,0.0,14,0.0,0.0,z_mad,0.0028125,0.03583626475650817,-3.734375,-3.7315625,0,0,800,0,400,400,40,0.0,0.4822453125,0.5261421875000001
0.50821875,0.5,3.2275758330035513,0.0,0.16,0.0,concept,0.0,0.0,0.0,14,0.0,0.0,z_mad,0.0065625,0.07130710388533772,-3.734375,-3.7278125,0,0,800,0,400,400,40,0.0,0.485015625,0.531691015625
0.50971875,0.5,3.2275758330035513,0.0,0.32,0.0,concept,0.0,0.0,0.0,14,0.0,0.0,z_mad,0.0115625,0.139808540455997,-3.734375,-3.7228125,0,0,800,0,400,400,40,0.0,0.490194921875,0.53212890625
0.505359375,0.5,3.2275758330035513,0.0,0.64,0.0,concept,0.0,0.0,0.0,14,0.0,0.0,z_mad,0.004375,0.2784122920781374,-3.734375,-3.73,0,0,800,0,400,400,40,0.0,0.48546015625,0.5257515625000001
0.505578125,0.5,3.2275758330035513,0.0,1.28,0.0,concept,0.0,0.0,0.0,14,0.0,0.0,z_mad,0.00609375,0.5568213368952274,-3.734375,-3.72828125,0,0,800,0,400,400,40,0.0,0.484233984375,0.527052734375
0.506078125,0.5,3.2275758330035513,0.0,2.56,0.0,concept,0.0,0.0,0.0,14,0.0,0.0,z_mad,0.00546875,1.1133187079429627,-3.734375,-3.72890625,0,0,800,0,400,400,40,0.0,0.484249609375,0.527016796875
0.511015625,0.5,3.2275758330035513,0.0,5.12,0.0,concept,0.0,0.0,0.0,14,0.0,0.0,z_mad,0.01515625,2.2267115476727484,-3.734375,-3.71921875,0,0,800,0,400,400,40,0.0,0.4868609375,0.537348046875
0.518609375,0.5,3.2275758330035513,0.0,10.24,0.0,concept,0.0,0.0,0.0,14,0.0,0.0,z_mad,0.0275,4.453257666826248,-3.734375,-3.706875,0,0,800,0,400,400,40,0.0,0.495166796875,0.544625390625
0.54184375,0.5,3.2275758330035513,0.0,20.48,0.0,concept,0.0,0.0,0.0,14,0.0,0.0,z_mad,0.0659375,8.906117659807204,-3.734375,-3.6684375,0,0,800,0,400,400,40,0.0,0.510728125,0.5850253906249999
0.506140625,0.5,3.2275758330035513,0.0,0.01,0.0,concept,0.0,0.0,0.0,14,0.0,0.0,z_sd,0.005,0.799460878148675,-3.734375,-3.729375,0,0,800,0,400,400,40,0.0,0.4837796875,0.5333
0.50953125,0.5,3.2275758330035513,0.0,0.02,0.0,concept,0.0,0.0,0.0,14,0.0,0.0,z_sd,0.01078125,1.5984805311262607,-3.734375,-3.72359375,0,0,800,0,400,400,40,0.0,0.490015234375,0.534463671875
0.5155625,0.5,3.2275758330035513,0.0,0.04,0.0,concept,0.0,0.0,0.0,14,0.0,0.0,z_sd,0.0221875,3.1962574416399003,-3.734375,-3.7121875,0,0,800,0,400,400,40,0.0,0.494357421875,0.54407890625
0.53165625,0.5,3.2275758330035513,0.0,0.08,0.0,concept,0.0,0.0,0.0,14,0.0,0.0,z_sd,0.05015625,6.39256201505661,-3.734375,-3.68421875,0,0,800,0,400,400,40,0.0,0.502841015625,0.57789921875
0.563546875,0.5,3.2275758330035513,0.0,0.16,0.0,concept,0.0,0.0,0.0,14,0.0,0.0,z_sd,0.1221875,12.78452252984047,-3.734375,-3.6121875,0,0,800,0,400,400,40,0.0,0.5118347656250001,0.6305234375000001
0.56953125,0.5,3.2275758330035513,0.0,0.32,0.0,concept,0.0,0.0,0.0,14,0.0,0.0,z_sd,0.1321875,25.569180922508238,-3.734375,-3.6021875,0,0,800,0,400,400,40,0.0,0.5239480468750001,0.638215625
0.660078125,0.5053125,2.7549355812106606,0.945280503585781,0.64,0.0,concept,0.010625,0.0,0.1,14,0.0,0.0225,z_sd,0.4322265625,51.141527605056766,-3.734375,-3.3021484375,0,40,800,0,400,400,40,0.0,0.578075,0.766458984375
0.719078125,0.5125,2.588746395894777,1.2776588742175488,1.28,0.0,concept,0.025,0.0,0.1,14,0.0,0.0525,z_sd,0.5682421875,102.27531227111817,-3.734375,-3.1661328125,0,40,800,0,400,400,40,0.0,0.62451796875,0.84062421875
0.68103125,0.5,3.2275758330035513,0.0,2.56,0.0,concept,0.0,0.0,0.1,14,0.0,0.0,z_sd,0.51337890625,204.5560615158081,-3.734375,-3.22099609375,0,40,800,0,400,400,40,0.0,0.559001953125,0.805954296875
0.591390625,0.5,3.2275758330035513,0.0,5.12,0.0,concept,0.0,0.0,0.1,14,0.0,0.0,z_sd,0.33640625,409.11904216766357,-3.734375,-3.39796875,0,40,800,0,400,400,40,0.0,0.457833984375,0.7344734375
0.497953125,0.501875,2.924836012204869,0.605479641597364,10.24,0.0,concept,0.00375,0.0,0.1,14,0.0,0.0075,z_sd,0.137294921875,818.2393101501465,-3.734375,-3.597080078125,0,40,800,0,400,400,40,0.0,0.328401953125,0.6720292968749999
0.456703125,0.5096875,2.6409203538860497,1.1733109582350028,20.48,0.0,concept,0.019375,0.0,0.1,14,0.0,0.04,z_sd,0.0217236328125,1636.4721746826172,-3.734375,-3.7126513671875,0,40,800,0,400,400,40,0.0,0.2868703125,0.62929765625
0.50328125,0.5,2.7364194385325056,0.0,0.25,0.0,dropout,0.0,0.0,0.0,14,0.0,0.0,alpha,0.0015625,0.18006949126720428,-3.734375,-3.7328125,0,0,160,0,80,80,40,0.0,0.476005859375,0.53375
0.50078125,0.5,2.7364194385325056,0.0,0.5,0.0,dropout,0.0,0.0,0.0,14,0.0,0.0,alpha,-0.0015625,0.42040233202278615,-3.734375,-3.7359375,0,0,160,0,80,80,40,0.0,0.47640625,0.52171875
0.509453125,0.5,2.7364194385325056,0.0,1.0,0.0,dropout,0.0,0.0,0.0,14,0.0,0.0,alpha,0.0046875,0.9107419222593307,-3.734375,-3.7296875,0,0,160,0,80,80,40,0.0,0.495078125,0.5251640625
0.509765625,0.5,2.7364194385325056,0.0,2.0,0.0,dropout,0.0,0.0,0.0,14,0.0,0.0,alpha,0.00703125,1.8516799435019493,-3.734375,-3.72734375,0,0,160,0,80,80,40,0.0,0.48203125,0.54078125
0.504609375,0.5,2.7364194385325056,0.0,4.0,0.0,dropout,0.0,0.0,0.0,14,0.0,0.0,alpha,0.003125,3.890265852212906,-3.734375,-3.73125,0,0,160,0,80,80,40,0.0,0.478267578125,0.53203515625
0.5478125,0.5,2.7364194385325056,0.0,8.0,0.0,dropout,0.0,0.0,0.0,14,0.0,0.0,alpha,0.071875,7.952116322517395,-3.734375,-3.6625,0,0,160,0,80,80,40,0.0,0.51276171875,0.59078125
0.621328125,0.5,2.7364194385325056,0.0,16.0,0.0,dropout,0.0,0.0,0.0,14,0.0,0.0,alpha,0.21328125,15.808075308799744,-3.734375,-3.52109375,0,0,160,0,80,80,40,0.0,0.57703125,0.683515625
0.788203125,0.5,2.7364194385325056,0.0,32.0,0.0,dropout,0.0,0.0,0.0,14,0.0,0.0,alpha,0.58125,31.502831268310548,-3.734375,-3.153125,0,0,160,0,80,80,40,0.0,0.72605859375,0.8543378906249999
0.81515625,0.5,2.7364194385325056,0.0,64.0,0.0,dropout,0.0,0.0,0.0125,14,0.0,0.0,alpha,0.7578125,59.16693029403687,-3.734375,-2.9765625,0,1,160,0,80,80,40,0.0,0.70953125,0.9125
0.8603125,0.5,2.7364194385325056,0.0,128.0,0.0,dropout,0.0,0.0,0.0125,14,0.0,0.0,alpha,1.044140625,111.33856897354126,-3.734375,-2.690234375,0,1,160,0,80,80,40,0.0,0.77640625,0.9190625
0.50140625,0.5,2.7364194385325056,0.0,0.01,0.0,dropout,0.0,0.0,0.0,14,0.0,0.0,z_mad,0.0015625,0.0004557291977107525,-3.734375,-3.7328125,0,0,160,0,80,80,40,0.0,0.5,0.506875
0.499609375,0.5,2.7364194385325056,0.0,0.02,0.0,dropout,0.0,0.0,0.0,14,0.0,0.0,z_mad,0.0,0.00021449499763548374,-3.734375,-3.734375,0,0,160,0,80,80,40,0.0,0.498125,0.5
0.500625,0.5,2.7364194385325056,0.0,0.04,0.0,dropout,0.0,0.0,0.0,14,0.0,0.0,z_mad,0.00078125,6.190708954818547e-05,-3.734375,-3.73359375,0,0,160,0,80,80,40,0.0,0.5,0.5025
0.501015625,0.5,2.7364194385325056,0.0,0.08,0.0,dropout,0.0,0.0,0.0,14,0.0,0.0,z_mad,0.00078125,0.0005214146571233868,-3.734375,-3.73359375,0,0,160,0,80,80,40,0.0,0.5,0.50421875
0.49828125,0.5,2.7364194385325056,0.0,0.16,0.0,dropout,0.0,0.0,0.0,14,0.0,0.0,z_mad,-0.003125,0.003163292451063171,-3.734375,-3.7375,0,0,160,0,80,80,40,0.0,0.49109375,0.5031328125000001
0.500859375,0.5,2.7364194385325056,0.0,0.32,0.0,dropout,0.0,0.0,0.0,14,0.0,0.0,z_mad,-0.00078125,0.011346786020294531,-3.734375,-3.73515625,0,0,160,0,80,80,40,0.0,0.489453125,0.51140625
0.503046875,0.5,2.7364194385325056,0.0,0.64,0.0,dropout,0.0,0.0,0.0,14,0.0,0.0,z_mad,0.0046875,0.04887971126445336,-3.734375,-3.7296875,0,0,160,0,80,80,40,0.0,0.485234375,0.525095703125
0.5003125,0.5,2.7364194385325056,0.0,1.28,0.0,dropout,0.0,0.0,0.0,14,0.0,0.0,z_mad,0.0,0.1338881084229797,-3.734375,-3.734375,0,0,160,0,80,80,40,0.0,0.47794921875,0.519453125
0.505078125,0.5,2.7364194385325056,0.0,2.56,0.0,dropout,0.0,0.0,0.0,14,0.0,0.0,z_mad,0.00546875,0.33655637968331575,-3.734375,-3.72890625,0,0,160,0,80,80,40,0.0,0.48015625,0.529140625
0.50515625,0.5,2.7364194385325056,0.0,5.12,0.0,dropout,0.0,0.0,0.0,14,0.0,0.0,z_mad,0.00703125,0.6648609437048435,-3.734375,-3.72734375,0,0,160,0,80,80,40,0.0,0.480625,0.5300078125000001
0.50265625,0.5,2.7364194385325056,0.0,10.24,0.0,dropout,0.0,0.0,0.0,14,0.0,0.0,z_mad,0.0,1.488661389052868,-3.734375,-3.734375,0,0,160,0,80,80,40,0.0,0.47561718750000004,0.53143359375
0.513828125,0.5,2.7364194385325056,0.0,20.48,0.0,dropout,0.0,0.0,0.0,14,0.0,0.0,z_mad,0.01953125,3.0481415361166,-3.734375,-3.71484375,0,0,160,0,80,80,40,0.0,0.48890625,0.5412578125
0.49859375,0.5,2.7364194385325056,0.0,0.01,0.0,dropout,0.0,0.0,0.0,14,0.0,0.0,z_sd,-0.0015625,0.0005967639954178594,-3.734375,-3.7359375,0,0,160,0,80,80,40,0.0,0.49405859375,0.5028125
0.506171875,0.5,2.7364194385325056,0.0,0.02,0.0,dropout,0.0,0.0,0.0,14,0.0,0.0,z_sd,0.00625,0.009272104449337348,-3.734375,-3.728125,0,0,160,0,80,80,40,0.0,0.49390625,0.5170390625000001
0.515,0.5,2.7364194385325056,0.0,0.04,0.0,dropout,0.0,0.0,0.0,14,0.0,0.0,z_sd,0.015625,0.04221792702082894,-3.734375,-3.71875,0,0,160,0,80,80,40,0.0,0.4946875,0.53578125
0.514296875,0.5,2.7364194385325056,0.0,0.08,0.0,dropout,0.0,0.0,0.0,14,0.0,0.0,z_sd,0.015625,0.1492368760984391,-3.734375,-3.71875,0,0,160,0,80,80,40,0.0,0.4970234375,0.53765625
0.5175,0.5,2.7364194385325056,0.0,0.16,0.0,dropout,0.0,0.0,0.0,14,0.0,0.0,z_sd,0.01875,0.35426987111568453,-3.734375,-3.715625,0,0,160,0,80,80,40,0.0,0.48859375,0.5484375
0.503671875,0.5,2.7364194385325056,0.0,0.32,0.0,dropout,0.0,0.0,0.0,14,0.0,0.0,z_sd,-0.0015625,0.7588448479771615,-3.734375,-3.7359375,0,0,160,0,80,80,40,0.0,0.48171875,0.5271875
0.49515625,0.5,2.7364194385325056,0.0,0.64,0.0,dropout,0.0,0.0,0.0,14,0.0,0.0,z_sd,-0.01015625,1.6018563732504845,-3.734375,-3.74453125,0,0,160,0,80,80,40,0.0,0.4759375,0.513771484375
0.506796875,0.5,2.7364194385325056,0.0,1.28,0.0,dropout,0.0,0.0,0.0,14,0.0,0.0,z_sd,0.0109375,3.288701644539833,-3.734375,-3.7234375,0,0,160,0,80,80,40,0.0,0.48453125,0.53125
0.52609375,0.5,2.7364194385325056,0.0,2.56,0.0,dropout,0.0,0.0,0.0,14,0.0,0.0,z_sd,0.03828125,6.76167476773262,-3.734375,-3.69609375,0,0,160,0,80,80,40,0.0,0.487734375,0.567359375
0.57,0.5,2.7364194385325056,0.0,5.12,0.0,dropout,0.0,0.0,0.0,14,0.0,0.0,z_sd,0.1203125,13.515386283397675,-3.734375,-3.6140625,0,0,160,0,80,80,40,0.0,0.5406171875,0.6059375
0.71546875,0.5,2.7364194385325056,0.0,10.24,0.0,dropout,0.0,0.0,0.0,14,0.0,0.0,z_sd,0.41484375,26.376804375648497,-3.734375,-3.31953125,0,0,160,0,80,80,40,0.0,0.65405859375,0.7820664062499999
0.804609375,0.503125,2.5446008626536925,0.3836371517576267,20.48,0.0,dropout,0.00625,0.0,0.0,14,0.0,0.0125,z_sd,0.764453125,50.72630181312561,-3.734375,-2.969921875,0,0,160,0,80,80,40,0.0,0.73294921875,0.86265625
0.504140625,0.5,2.7364194385325056,0.0,0.25,0.0,noise,0.0,0.0,0.0,14,0.0,0.0,alpha,0.003125,0.25037774406373503,-3.734375,-3.73125,0,0,160,0,80,80,40,0.0,0.484375,0.52282421875
0.505078125,0.5,2.7364194385325056,0.0,0.5,0.0,noise,0.0,0.0,0.0,14,0.0,0.0,alpha,0.00234375,0.5002026066184044,-3.734375,-3.73203125,0,0,160,0,80,80,40,0.0,0.487109375,0.528125
0.5103125,0.5,2.7364194385325056,0.0,1.0,0.0,noise,0.0,0.0,0.0,14,0.0,0.0,alpha,0.01171875,1.0001220494508742,-3.734375,-3.72265625,0,0,160,0,80,80,40,0.0,0.487890625,0.538125
0.50734375,0.5,2.7364194385325056,0.0,2.0,0.0,noise,0.0,0.0,0.0,14,0.0,0.0,alpha,0.00859375,2.0000457271933554,-3.734375,-3.72578125,0,0,160,0,80,80,40,0.0,0.4882734375,0.530234375
0.510390625,0.5,2.7364194385325056,0.0,4.0,0.0,noise,0.0,0.0,0.0,14,0.0,0.0,alpha,0.00703125,4.000043374300003,-3.734375,-3.72734375,0,0,160,0,80,80,40,0.0,0.4849921875,0.535009765625
0.513515625,0.5,2.7364194385325056,0.0,8.0,0.0,noise,0.0,0.0,0.0,14,0.0,0.0,alpha,0.015625,8.000017738342285,-3.734375,-3.71875,0,0,160,0,80,80,40,0.0,0.488828125,0.54390625
0.540234375,0.5,2.7364194385325056,0.0,16.0,0.0,noise,0.0,0.0,0.0,14,0.0,0.0,alpha,0.0578125,15.999986350536346,-3.734375,-3.6765625,0,0,160,0,80,80,40,0.0,0.5128007812500001,0.58953125
0.648125,0.5,2.7364194385325056,0.0,32.0,0.0,noise,0.0,0.0,0.0,14,0.0,0.0,alpha,0.24453125,32.000005507469176,-3.734375,-3.48984375,0,0,160,0,80,80,40,0.0,0.6207578125,0.675625
0.870625,0.5,2.7364194385325056,0.0,64.0,0.0,noise,0.0,0.0,0.0,14,0.0,0.0,alpha,0.83515625,64.00017523765564,-3.734375,-2.89921875,0,0,160,0,80,80,40,0.0,0.828515625,0.9234609375
0.937421875,0.5,2.7364194385325056,0.0,128.0,0.0,noise,0.0,0.0,0.0,14,0.0,0.0,alpha,1.07734375,128.00046367645263,-3.734375,-2.65703125,0,0,160,0,80,80,40,0.0,0.90171875,0.97751171875
0.5071875,0.5,2.7364194385325056,0.0,0.01,0.0,noise,0.0,0.0,0.0,14,0.0,0.0,z_mad,0.0046875,0.0006134723269497044,-3.734375,-3.7296875,0,0,160,0,80,80,40,0.0,0.49184570312500003,0.52609375
0.5134375,0.5,2.7364194385325056,0.0,0.02,0.0,noise,0.0,0.0,0.0,14,0.0,0.0,z_mad,0.01328125,0.0017201847600517794,-3.734375,-3.72109375,0,0,160,0,80,80,40,0.0,0.48921875,0.54078125
0.512734375,0.5,2.7364194385325056,0.0,0.04,0.0,noise,0.0,0.0,0.0,14,0.0,0.0,z_mad,0.01328125,0.004697802942246199,-3.734375,-3.72109375,0,0,160,0,80,80,40,0.0,0.4896875,0.54
0.50390625,0.5,2.7364194385325056,0.0,0.08,0.0,noise,0.0,0.0,0.0,14,0.0,0.0,z_mad,0.0015625,0.011654585460200905,-3.734375,-3.7328125,0,0,160,0,80,80,40,0.0,0.48100976562500003,0.5259375
0.508203125,0.5,2.7364194385325056,0.0,0.16,0.0,noise,0.0,0.0,0.0,14,0.0,0.0,z_mad,0.0109375,0.025130258221179248,-3.734375,-3.7234375,0,0,160,0,80,80,40,0.0,0.48729296875,0.5334375
0.505703125,0.5,2.7364194385325056,0.0,0.32,0.0,noise,0.0,0.0,0.0,14,0.0,0.0,z_mad,0.00390625,0.049600515887141226,-3.734375,-3.73046875,0,0,160,0,80,80,40,0.0,0.482447265625,0.529609375
0.503203125,0.5,2.7364194385325056,0.0,0.64,0.0,noise,0.0,0.0,0.0,14,0.0,0.0,z_mad,0.0,0.09837624067440628,-3.734375,-3.734375,0,0,160,0,80,80,40,0.0,0.48091796875000004,0.52671875
0.509296875,0.5,2.7364194385325056,0.0,1.28,0.0,noise,0.0,0.0,0.0,14,0.0,0.0,z_mad,0.00703125,0.1924990277737379,-3.734375,-3.72734375,0,0,160,0,80,80,40,0.0,0.489765625,0.53048828125
0.509375,0.5,2.7364194385325056,0.0,2.56,0.0,noise,0.0,0.0,0.0,14,0.0,0.0,z_mad,0.01171875,0.39204169549047946,-3.734375,-3.72265625,0,0,160,0,80,80,40,0.0,0.4803125,0.538048828125
0.506328125,0.5,2.7364194385325056,0.0,5.12,0.0,noise,0.0,0.0,0.0,14,0.0,0.0,z_mad,0.00546875,0.7801734291017055,-3.734375,-3.72890625,0,0,160,0,80,80,40,0.0,0.48140429687499997,0.52921875
0.501640625,0.5,2.7364194385325056,0.0,10.24,0.0,noise,0.0,0.0,0.0,14,0.0,0.0,z_mad,-0.00234375,1.5662267789244653,-3.734375,-3.73671875,0,0,160,0,80,80,40,0.0,0.474921875,0.528828125
0.512890625,0.5,2.7364194385325056,0.0,20.48,0.0,noise,0.0,0.0,0.0,14,0.0,0.0,z_mad,0.01328125,3.1005611270666122,-3.734375,-3.72109375,0,0,160,0,80,80,40,0.0,0.489921875,0.540390625
0.512109375,0.5,2.7364194385325056,0.0,0.01,0.0,noise,0.0,0.0,0.0,14,0.0,0.0,z_sd,0.01171875,0.02583340953569859,-3.734375,-3.72265625,0,0,160,0,80,80,40,0.0,0.489765625,0.53796875
0.50453125,0.5,2.7364194385325056,0.0,0.02,0.0,noise,0.0,0.0,0.0,14,0.0,0.0,z_sd,0.00234375,0.05097867981530726,-3.734375,-3.73203125,0,0,160,0,80,80,40,0.0,0.48248437499999997,0.52125
0.508203125,0.5,2.7364194385325056,0.0,0.04,0.0,noise,0.0,0.0,0.0,14,0.0,0.0,z_sd,0.0046875,0.0963835644070059,-3.734375,-3.7296875,0,0,160,0,80,80,40,0.0,0.485765625,0.5299296875
0.505078125,0.5,2.7364194385325056,0.0,0.08,0.0,noise,0.0,0.0,0.0,14,0.0,0.0,z_sd,0.003125,0.20274126753211022,-3.734375,-3.73125,0,0,160,0,80,80,40,0.0,0.48780859374999996,0.52265625
0.509921875,0.5,2.7364194385325056,0.0,0.16,0.0,noise,0.0,0.0,0.0,14,0.0,0.0,z_sd,0.0078125,0.3896351385861635,-3.734375,-3.7265625,0,0,160,0,80,80,40,0.0,0.49296875,0.534453125
0.504921875,0.5,2.7364194385325056,0.0,0.32,0.0,noise,0.0,0.0,0.0,14,0.0,0.0,z_sd,0.0046875,0.7665643088519574,-3.734375,-3.7296875,0,0,160,0,80,80,40,0.0,0.479921875,0.5278125
0.502734375,0.5,2.7364194385325056,0.0,0.64,0.0,noise,0.0,0.0,0.0,14,0.0,0.0,z_sd,0.003125,1.651229952275753,-3.734375,-3.73125,0,0,160,0,80,80,40,0.0,0.48,0.525859375
0.510859375,0.5,2.7364194385325056,0.0,1.28,0.0,noise,0.0,0.0,0.0,14,0.0,0.0,z_sd,0.01171875,3.131808938086033,-3.734375,-3.72265625,0,0,160,0,80,80,40,0.0,0.488892578125,0.5359375
0.514453125,0.5,2.7364194385325056,0.0,2.56,0.0,noise,0.0,0.0,0.0,14,0.0,0.0,z_sd,0.01953125,6.151770761609077,-3.734375,-3.71484375,0,0,160,0,80,80,40,0.0,0.4896875,0.533125
0.546953125,0.5,2.7364194385325056,0.0,5.12,0.0,noise,0.0,0.0,0.0,14,0.0,0.0,z_sd,0.075,12.715992033481598,-3.734375,-3.659375,0,0,160,0,80,80,40,0.0,0.5178125,0.5879121093749999
0.700390625,0.5,2.7364194385325056,0.0,10.24,0.0,noise,0.0,0.0,0.0,14,0.0,0.0,z_sd,0.3734375,26.164390051364897,-3.734375,-3.3609375,0,0,160,0,80,80,40,0.0,0.648125,0.77515625
0.8328125,0.5,2.7364194385325056,0.0,20.48,0.0,noise,0.0,0.0,0.0,14,0.0,0.0,z_sd,0.77890625,52.37301218509674,-3.734375,-2.95546875,0,0,160,0,80,80,40,0.0,0.7813359375,0.88078125
0.50640625,0.5,2.866576577553538,0.0,0.25,0.0,random,0.0,0.0,0.0,14,0.0,0.0,alpha,0.005729166666666666,0.25028298869729043,-3.734375,-3.728645833333333,0,0,240,0,120,120,40,0.0,0.4843645833333333,0.5303229166666666
0.5068229166666667,0.5,2.866576577553538,0.0,0.5,0.0,random,0.0,0.0,0.0,14,0.0,0.0,alpha,0.0036458333333333334,0.5001852929592132,-3.734375,-3.730729166666667,0,0,240,0,120,120,40,0.0,0.4784713541666667,0.5320833333333334
0.51671875,0.5,2.866576577553538,0.0,1.0,0.0,random,0.0,0.0,0.0,14,0.0,0.0,alpha,0.0203125,1.0001165012518565,-3.734375,-3.7140625,0,0,240,0,120,120,40,0.0,0.49947265625,0.5368229166666667
0.5124479166666667,0.5,2.866576577553538,0.0,2.0,0.0,random,0.0,0.0,0.0,14,0.0,0.0,alpha,0.015625,2.000108078122139,-3.734375,-3.71875,0,0,240,0,120,120,40,0.0,0.48635416666666664,0.5454882812499999
0.5126041666666666,0.5,2.866576577553538,0.0,4.0,0.0,random,0.0,0.0,0.0,14,0.0,0.0,alpha,0.0125,4.000035212437312,-3.734375,-3.721875,0,0,240,0,120,120,40,0.0,0.4828125,0.5470872395833334
0.5082291666666666,0.5,2.866576577553538,0.0,8.0,0.0,random,0.0,0.0,0.0,14,0.0,0.0,alpha,0.007291666666666667,7.999953440825144,-3.734375,-3.7270833333333333,0,0,240,0,120,120,40,0.0,0.45258203124999996,0.5567252604166667
0.5227083333333333,0.5,2.866576577553538,0.0,16.0,0.0,random,0.0,0.0,0.0,14,0.0,0.0,alpha,0.030729166666666665,16.000093992551168,-3.734375,-3.7036458333333333,0,0,240,0,120,120,40,0.0,0.35484375,0.62796875
0.69296875,0.5,2.866576577553538,0.0,32.0,0.0,random,0.0,0.0,0.0,14,0.0,0.0,alpha,0.340625,31.999877055486042,-3.734375,-3.39375,0,0,240,0,120,120,40,0.0,0.57734375,0.8118124999999999
0.6986979166666667,0.5,2.866576577553538,0.0,64.0,0.0,random,0.0,0.0,0.0,14,0.0,0.0,alpha,0.32890625,63.99995759328206,-3.734375,-3.40546875,0,0,240,0,120,120,40,0.0,0.37794140625,0.95172265625
0.67203125,0.5,2.866576577553538,0.0,128.0,0.0,random,0.0,0.0,0.0,14,0.0,0.0,alpha,0.04635416666666667,128.00016117095947,-3.734375,-3.6880208333333333,0,0,240,0,120,120,40,0.0,0.26551562500000003,0.9468880208333333
0.5052083333333334,0.5,2.866576577553538,0.0,0.01,0.0,random,0.0,0.0,0.0,14,0.0,0.0,z_mad,0.0067708333333333336,0.0005670924261115336,-3.734375,-3.7276041666666666,0,0,240,0,120,120,40,0.0,0.4843125,0.526875
0.5042708333333333,0.5,2.866576577553538,0.0,0.02,0.0,random,0.0,0.0,0.0,14,0.0,0.0,z_mad,0.0020833333333333333,0.001593365942244418,-3.734375,-3.732291666666667,0,0,240,0,120,120,40,0.0,0.48358203125,0.5278216145833333
0.5017708333333334,0.5,2.866576577553538,0.0,0.04,0.0,random,0.0,0.0,0.0,14,0.0,0.0,z_mad,-0.0036458333333333334,0.004339669736024613,-3.734375,-3.738020833333333,0,0,240,0,120,120,40,0.0,0.47889322916666666,0.5225520833333334
0.5058333333333334,0.5,2.866576577553538,0.0,0.08,0.0,random,0.0,0.0,0.0,14,0.0,0.0,z_mad,0.005208333333333333,0.01092997743592908,-3.734375,-3.7291666666666665,0,0,240,0,120,120,40,0.0,0.48593359375,0.5256393229166667
0.5065625,0.5,2.866576577553538,0.0,0.16,0.0,random,0.0,0.0,0.0,14,0.0,0.0,z_mad,0.007291666666666667,0.023881313825647035,-3.734375,-3.7270833333333333,0,0,240,0,120,120,40,0.0,0.48359244791666667,0.53265625
0.5081770833333333,0.5,2.866576577553538,0.0,0.32,0.0,random,0.0,0.0,0.0,14,0.0,0.0,z_mad,0.0078125,0.04721474569911758,-3.734375,-3.7265625,0,0,240,0,120,120,40,0.0,0.4852604166666667,0.5303658854166667
0.50609375,0.5,2.866576577553538,0.0,0.64,0.0,random,0.0,0.0,0.0,14,0.0,0.0,z_mad,0.0046875,0.0928326136743029,-3.734375,-3.7296875,0,0,240,0,120,120,40,0.0,0.4865625,0.52807421875
0.5047395833333334,0.5,2.866576577553538,0.0,1.28,0.0,random,0.0,0.0,0.0,14,0.0,0.0,z_mad,0.0010416666666666667,0.18472222822407883,-3.734375,-3.7333333333333334,0,0,240,0,120,120,40,0.0,0.4786419270833333,0.5332291666666666
0.5033854166666667,0.5,2.866576577553538,0.0,2.56,0.0,random,0.0,0.0,0.0,14,0.0,0.0,z_mad,0.0005208333333333333,0.36866125017404555,-3.734375,-3.7338541666666667,0,0,240,0,120,120,40,0.0,0.4817708333333333,0.5284401041666666
0.5073958333333334,0.5,2.866576577553538,0.0,5.12,0.0,random,0.0,0.0,0.0,14,0.0,0.0,z_mad,0.007291666666666667,0.7367197190721829,-3.734375,-3.7270833333333333,0,0,240,0,120,120,40,0.0,0.48426953125,0.5343268229166667
0.5105208333333333,0.5,2.866576577553538,0.0,10.24,0.0,random,0.0,0.0,0.0,14,0.0,0.0,z_mad,0.008333333333333333,1.4732856512069703,-3.734375,-3.7260416666666667,0,0,240,0,120,120,40,0.0,0.48729036458333336,0.5367708333333333
0.5178645833333333,0.5,2.866576577553538,0.0,20.48,0.0,random,0.0,0.0,0.0,14,0.0,0.0,z_mad,0.019270833333333334,2.9464627246061963,-3.734375,-3.715104166666667,0,0,240,0,120,120,40,0.0,0.49702734374999996,0.5430221354166667
0.5084375,0.5,2.866576577553538,0.0,0.01,0.0,random,0.0,0.0,0.0,14,0.0,0.0,z_sd,0.009895833333333333,0.026947366865351798,-3.734375,-3.724479166666667,0,0,240,0,120,120,40,0.0,0.47854166666666664,0.539015625
0.509375,0.5,2.866576577553538,0.0,0.02,0.0,random,0.0,0.0,0.0,14,0.0,0.0,z_sd,0.008333333333333333,0.053370009145389,-3.734375,-3.7260416666666667,0,0,240,0,120,120,40,0.0,0.48796614583333336,0.5308854166666667
0.5127604166666667,0.5,2.866576577553538,0.0,0.04,0.0,random,0.0,0.0,0.0,14,0.0,0.0,z_sd,0.013020833333333334,0.10527905486524106,-3.734375,-3.7213541666666665,0,0,240,0,120,120,40,0.0,0.49421875,0.5368268229166667
0.5128125,0.5,2.866576577553538,0.0,0.08,0.0,random,0.0,0.0,0.0,14,0.0,0.0,z_sd,0.015625,0.20958956864972908,-3.734375,-3.71875,0,0,240,0,120,120,40,0.0,0.4925,0.5375520833333334
0.50171875,0.5,2.866576577553538,0.0,0.16,0.0,random,0.0,0.0,0.0,14,0.0,0.0,z_sd,0.0010416666666666667,0.4184049504498641,-3.734375,-3.7333333333333334,0,0,240,0,120,120,40,0.0,0.4798424479166667,0.5340625
0.5102083333333334,0.5,2.866576577553538,0.0,0.32,0.0,random,0.0,0.0,0.0,14,0.0,0.0,z_sd,0.010416666666666666,0.8364091048638026,-3.734375,-3.7239583333333335,0,0,240,0,120,120,40,0.0,0.49128515624999997,0.5302083333333333
0.5109895833333333,0.5,2.866576577553538,0.0,0.64,0.0,random,0.0,0.0,0.0,14,0.0,0.0,z_sd,0.011979166666666667,1.6726501872142157,-3.734375,-3.722395833333333,0,0,240,0,120,120,40,0.0,0.48989322916666667,0.5330729166666667
0.5173958333333334,0.5,2.866576577553538,0.0,1.28,0.0,random,0.0,0.0,0.0,14,0.0,0.0,z_sd,0.021354166666666667,3.345253986120224,-3.734375,-3.713020833333333,0,0,240,0,120,120,40,0.0,0.4932239583333333,0.5470390625
0.5269270833333334,0.5,2.866576577553538,0.0,2.56,0.0,random,0.0,0.0,0.0,14,0.0,0.0,z_sd,0.03854166666666667,6.690466276804606,-3.734375,-3.6958333333333333,0,0,240,0,120,120,40,0.0,0.49330859375,0.56859765625
0.5394791666666666,0.5,2.866576577553538,0.0,5.12,0.0,random,0.0,0.0,0.0,14,0.0,0.0,z_sd,0.058333333333333334,13.381019894282023,-3.734375,-3.676041666666667,0,0,240,0,120,120,40,0.0,0.44559375,0.6203125
0.59859375,0.5,2.866576577553538,0.0,10.24,0.0,random,0.0,0.0,0.0,14,0.0,0.0,z_sd,0.16875,26.762025515238445,-3.734375,-3.565625,0,0,240,0,120,120,40,0.0,0.35710156249999997,0.77099609375
0.7944791666666666,0.5,2.866576577553538,0.0,20.48,0.0,random,0.0,0.0,0.0,14,0.0,0.0,z_sd,0.5364583333333334,53.524213536580405,-3.734375,-3.1979166666666665,0,0,240,0,120,120,40,0.0,0.6629739583333334,0.9223763020833333
0.505953125,0.5,3.2275758330035513,0.0,0.25,0.0,concept,0.0,0.0,0.0,15,0.0,0.0,alpha,0.00359375,0.2506554410606623,-3.734375,-3.73078125,0,0,800,0,400,400,40,0.0,0.48684257812500004,0.5255640625000001
0.505671875,0.5,3.2275758330035513,0.0,0.5,0.0,concept,0.0,0.0,0.0,15,0.0,0.0,alpha,0.005,0.50014174439013,-3.734375,-3.729375,0,0,800,0,400,400,40,0.0,0.484808984375,0.5261265625
0.5066875,0.5,3.2275758330035513,0.0,1.0,0.0,concept,0.0,0.0,0.0,15,0.0,0.0,alpha,0.0040625,1.00022287145257,-3.734375,-3.7303125,0,0,800,0,400,400,40,0.0,0.487505078125,0.528159375
0.50384375,0.5,3.2275758330035513,0.0,2.0,0.0,concept,0.0,0.0,0.0,15,0.0,0.0,alpha,0.0015625,2.0006858986616134,-3.734375,-3.7328125,0,0,800,0,400,400,40,0.0,0.48281562499999997,0.522906640625
0.506140625,0.5,3.2275758330035513,0.0,4.0,0.0,concept,0.0,0.0,0.0,15,0.0,0.0,alpha,0.00578125,4.000092784762383,-3.734375,-3.72859375,0,0,800,0,400,400,40,0.0,0.4872,0.52379140625
0.51478125,0.5,3.2275758330035513,0.0,8.0,0.0,concept,0.0,0.0,0.0,15,0.0,0.0,alpha,0.01765625,8.00056399345398,-3.734375,-3.71671875,0,0,800,0,400,400,40,0.0,0.495358203125,0.5389402343749999
0.543515625,0.5,3.2275758330035513,0.0,16.0,0.0,concept,0.0,0.0,0.0,15,0.0,0.0,alpha,0.06,16.00139652967453,-3.734375,-3.674375,0,0,800,0,400,400,40,0.0,0.517224609375,0.58058203125
0.604921875,0.5,3.2275758330035513,0.0,32.0,0.0,concept,0.0,0.0,0.0,15,0.0,0.0,alpha,0.16328125,32.00287247180939,-3.734375,-3.57109375,0,0,800,0,400,400,40,0.0,0.5283984374999999,0.69154921875
0.63528125,0.5,3.2275758330035513,0.0,64.0,0.0,concept,0.0,0.0,0.0,15,0.0,0.0,alpha,0.229921875,64.00456385612488,-3.734375,-3.504453125,0,0,800,0,400,400,40,0.0,0.56510546875,0.718765234375
0.584796875,0.5,3.2275758330035513,0.0,128.0,0.0,concept,0.0,0.0,0.0675,15,0.0,0.0,alpha,0.1102734375,128.01008874893188,-3.734375,-3.6241015625,0,27,800,0,400,400,40,0.0,0.4909828125,0.700925
0.504484375,0.5,3.2275758330035513,0.0,0.01,0.0,concept,0.0,0.0,0.0,15,0.0,0.0,z_mad,0.00203125,0.0034693388355663047,-3.734375,-3.73234375,0,0,800,0,400,400,40,0.0,0.48533046875,0.5228300781249999
0.505390625,0.5,3.2275758330035513,0.0,0.02,0.0,concept,0.0,0.0,0.0,15,0.0,0.0,z_mad,0.00453125,0.008504622464533896,-3.734375,-3.72984375,0,0,800,0,400,400,40,0.0,0.48520234375,0.529570703125
0.5038125,0.5,3.2275758330035513,0.0,0.04,0.0,concept,0.0,0.0,0.0,15,0.0,0.0,z_mad,0.00203125,0.019475608319044112,-3.734375,-3.73234375,0,0,800,0,400,400,40,0.0,0.482859375,0.52420390625
0.504640625,0.5,3.2275758330035513,0.0,0.08,0.0,concept,0.0,0.0,0.0,15,0.0,0.0,z_mad,0.00171875,0.04062642727978528,-3.734375,-3.73265625,0,0,800,0,400,400,40,0.0,0.485838671875,0.5217984375000001
0.5035625,0.5,3.2275758330035513,0.0,0.16,0.0,concept,0.0,0.0,0.0,15,0.0,0.0,z_mad,0.00109375,0.08113219669088721,-3.734375,-3.73328125,0,0,800,0,400,400,40,0.0,0.48195,0.525223046875
0.505484375,0.5,3.2275758330035513,0.0,0.32,0.0,concept,0.0,0.0,0.0,15,0.0,0.0,z_mad,0.00265625,0.15976839516311883,-3.734375,-3.73171875,0,0,800,0,400,400,40,0.0,0.4851828125,0.525812890625
0.50490625,0.5,3.2275758330035513,0.0,0.64,0.0,concept,0.0,0.0,0.0,15,0.0,0.0,z_mad,0.0046875,0.3166986110806465,-3.734375,-3.7296875,0,0,800,0,400,400,40,0.0,0.4852171875,0.526740625
0.507515625,0.5,3.2275758330035513,0.0,1.28,0.0,concept,0.0,0.0,0.0,15,0.0,0.0,z_mad,0.00609375,0.6333727553486824,-3.734375,-3.72828125,0,0,800,0,400,400,40,0.0,0.486498046875,0.5259863281249999
0.50625,0.5,3.2275758330035513,0.0,2.56,0.0,concept,0.0,0.0,0.0,15,0.0,0.0,z_mad,0.0059375,1.2675243955850601,-3.734375,-3.7284375,0,0,800,0,400,400,40,0.0,0.486435546875,0.5263640625
0.5055625,0.5,3.2275758330035513,0.0,5.12,0.0,concept,0.0,0.0,0.0,15,0.0,0.0,z_mad,0.00609375,2.5347263062000276,-3.734375,-3.72828125,0,0,800,0,400,400,40,0.0,0.489092578125,0.5257535156250001
0.50871875,0.5,3.2275758330035513,0.0,10.24,0.0,concept,0.0,0.0,0.0,15,0.0,0.0,z_mad,0.0103125,5.068669167757034,-3.734375,-3.7240625,0,0,800,0,400,400,40,0.0,0.48651835937500004,0.531209765625
0.51709375,0.5,3.2275758330035513,0.0,20.48,0.0,concept,0.0,0.0,0.0,15,0.0,0.0,z_mad,0.0196875,10.137389481067657,-3.734375,-3.7146875,0,0,800,0,400,400,40,0.0,0.49729414062500005,0.542116796875
0.50721875,0.5,3.2275758330035513,0.0,0.01,0.0,concept,0.0,0.0,0.0,15,0.0,0.0,z_sd,0.00515625,0.7175951140373945,-3.734375,-3.72921875,0,0,800,0,400,400,40,0.0,0.48706015625,0.534579296875
0.508515625,0.5,3.2275758330035513,0.0,0.02,0.0,concept,0.0,0.0,0.0,15,0.0,0.0,z_sd,0.0078125,1.4353935775160789,-3.734375,-3.7265625,0,0,800,0,400,400,40,0.0,0.490903515625,0.528006640625
0.5061875,0.5,3.2275758330035513,0.0,0.04,0.0,concept,0.0,0.0,0.0,15,0.0,0.0,z_sd,0.00578125,2.870392077565193,-3.734375,-3.72859375,0,0,800,0,400,400,40,0.0,0.486749609375,0.5268007812500001
0.50890625,0.5,3.2275758330035513,0.0,0.08,0.0,concept,0.0,0.0,0.0,15,0.0,0.0,z_sd,0.00890625,5.7414276874065395,-3.734375,-3.72546875,0,0,800,0,400,400,40,0.0,0.490468359375,0.52911328125
0.509390625,0.5,3.2275758330035513,0.0,0.16,0.0,concept,0.0,0.0,0.0,15,0.0,0.0,z_sd,0.00296875,11.482742269039154,-3.734375,-3.73140625,0,0,800,0,400,400,40,0.0,0.493537890625,0.5297859375
0.5026875,0.5,3.2275758330035513,0.0,0.32,0.0,concept,0.0,0.0,0.0,15,0.0,0.0,z_sd,-0.03265625,22.96391538143158,-3.734375,-3.76703125,0,0,800,0,400,400,40,0.0,0.40971367187499996,0.5733625
0.614140625,0.5,3.2275758330035513,0.0,0.64,0.0,concept,0.0,0.0,0.0,15,0.0,0.0,z_sd,0.20609375,45.930399408340456,-3.734375,-3.52828125,0,0,800,0,400,400,40,0.0,0.559494140625,0.6813015625000001
0.652609375,0.5,3.2275758330035513,0.0,1.28,0.0,concept,0.0,0.0,0.1,15,0.0,0.0,z_sd,0.351953125,91.86065673828125,-3.734375,-3.382421875,0,40,800,0,400,400,40,0.0,0.5531503906249999,0.750128515625
0.564796875,0.5109375,2.616377856498434,1.2223959530102344,2.56,0.0,concept,0.021875,0.0,0.1,15,0.0,0.0475,z_sd,0.2100390625,183.72383029937745,-3.734375,-3.5243359375,0,40,800,0,400,400,40,0.0,0.466890625,0.6877378906249999
0.477421875,0.525,2.4335032588492673,1.588145148308568,5.12,0.0,concept,0.05,0.0,0.1,15,0.0,0.1,z_sd,-0.0305859375,367.4428601837158,-3.734375,-3.7649609375,0,40,800,0,400,400,40,0.0,0.385703515625,0.576963671875
0.405265625,0.525,2.4335032588492673,1.588145148308568,10.24,0.0,concept,0.05,0.0,0.1,15,0.0,0.1,z_sd,-0.24166015625,734.8806688690186,-3.734375,-3.97603515625,0,40,800,0,400,400,40,0.0,0.33708789062500005,0.471846484375
0.366046875,0.525,2.4335032588492673,1.588145148308568,20.48,0.0,concept,0.05,0.0,0.1,15,0.0,0.1,z_sd,-0.3539453125,1469.7640043640138,-3.734375,-4.0883203125,0,40,800,0,400,400,40,0.0,0.28950859375,0.432463671875
0.504765625,0.5,2.7364194385325056,0.0,0.25,0.0,dropout,0.0,0.0,0.0,15,0.0,0.0,alpha,0.0015625,0.15005840663798153,-3.734375,-3.7328125,0,0,160,0,80,80,40,0.0,0.4846875,0.5278125
0.50546875,0.5,2.7364194385325056,0.0,0.5,0.0,dropout,0.0,0.0,0.0,15,0.0,0.0,alpha,0.003125,0.39615296572446823,-3.734375,-3.73125,0,0,160,0,80,80,40,0.0,0.4835859375,0.527830078125
0.51125,0.5,2.7364194385325056,0.0,1.0,0.0,dropout,0.0,0.0,0.0,15,0.0,0.0,alpha,0.01171875,0.8628818355500698,-3.734375,-3.72265625,0,0,160,0,80,80,40,0.0,0.48859375,0.531328125
0.508046875,0.5,2.7364194385325056,0.0,2.0,0.0,dropout,0.0,0.0,0.0,15,0.0,0.0,alpha,0.00703125,1.8640888080000877,-3.734375,-3.72734375,0,0,160,0,80,80,40,0.0,0.48843164062500005,0.5278125
0.507890625,0.5,2.7364194385325056,0.0,4.0,0.0,dropout,0.0,0.0,0.0,15,0.0,0.0,alpha,0.00546875,3.9021194010972975,-3.734375,-3.72890625,0,0,160,0,80,80,40,0.0,0.484375,0.53035546875
0.51359375,0.5,2.7364194385325056,0.0,8.0,0.0,dropout,0.0,0.0,0.0,15,0.0,0.0,alpha,0.0171875,7.94987211227417,-3.734375,-3.7171875,0,0,160,0,80,80,40,0.0,0.4803125,0.54640625
0.568671875,0.5,2.7364194385325056,0.0,16.0,0.0,dropout,0.0,0.0,0.0,15,0.0,0.0,alpha,0.11015625,15.83285163640976,-3.734375,-3.62421875,0,0,160,0,80,80,40,0.0,0.5503125,0.5959609375
0.702890625,0.5,2.7364194385325056,0.0,32.0,0.0,dropout,0.0,0.0,0.0,15,0.0,0.0,alpha,0.37890625,31.227184581756593,-3.734375,-3.35546875,0,0,160,0,80,80,40,0.0,0.65703125,0.7733320312499999
0.721015625,0.5,2.7364194385325056,0.0,64.0,0.0,dropout,0.0,0.0,0.0,15,0.0,0.0,alpha,0.59140625,58.42198195457458,-3.734375,-3.14296875,0,0,160,0,80,80,40,0.0,0.64484375,0.80625
0.7703125,0.5,2.7364194385325056,0.0,128.0,0.0,dropout,0.0,0.0,0.0,15,0.0,0.0,alpha,0.583984375,111.63202781677246,-3.734375,-3.150390625,0,0,160,0,80,80,40,0.0,0.70207421875,0.8497148437500001
0.5,0.5,2.7364194385325056,0.0,0.01,0.0,dropout,0.0,0.0,0.0,15,0.0,0.0,z_mad,0.0,0.0,-3.734375,-3.734375,0,0,160,0,80,80,40,0.0,0.5,0.5
0.500234375,0.5,2.7364194385325056,0.0,0.02,0.0,dropout,0.0,0.0,0.0,15,0.0,0.0,z_mad,0.00078125,8.138021075865254e-06,-3.734375,-3.73359375,0,0,160,0,80,80,40,0.0,0.5,0.501875
0.5,0.5,2.7364194385325056,0.0,0.04,0.0,dropout,0.0,0.0,0.0,15,0.0,0.0,z_mad,0.0,0.00041097006760537624,-3.734375,-3.734375,0,0,160,0,80,80,40,0.0,0.5,0.5
0.499765625,0.5,2.7364194385325056,0.0,0.08,0.0,dropout,0.0,0.0,0.0,15,0.0,0.0,z_mad,-0.00078125,9.358724200865254e-05,-3.734375,-3.73515625,0,0,160,0,80,80,40,0.0,0.4975,0.50125
0.50171875,0.5,2.7364194385325056,0.0,0.16,0.0,dropout,0.0,0.0,0.0,15,0.0,0.0,z_mad,0.0046875,0.002429126662900671,-3.734375,-3.7296875,0,0,160,0,80,80,40,0.0,0.496875,0.5065625
0.506015625,0.5,2.7364194385325056,0.0,0.32,0.0,dropout,0.0,0.0,0.0,15,0.0,0.0,z_mad,0.00546875,0.0072175230096036104,-3.734375,-3.72890625,0,0,160,0,80,80,40,0.0,0.49702734374999996,0.5184375
0.502421875,0.5,2.7364194385325056,0.0,0.64,0.0,dropout,0.0,0.0,0.0,15,0.0,0.0,z_mad,0.00234375,0.037461522477678956,-3.734375,-3.73203125,0,0,160,0,80,80,40,0.0,0.48265625,0.523671875
0.50453125,0.5,2.7364194385325056,0.0,1.28,0.0,dropout,0.0,0.0,0.0,15,0.0,0.0,z_mad,0.0,0.12572644660249352,-3.734375,-3.734375,0,0,160,0,80,80,40,0.0,0.48625,0.5240703125
0.500703125,0.5,2.7364194385325056,0.0,2.56,0.0,dropout,0.0,0.0,0.0,15,0.0,0.0,z_mad,-0.0046875,0.339452706836164,-3.734375,-3.7390625,0,0,160,0,80,80,40,0.0,0.48265625,0.52109375
0.508984375,0.5,2.7364194385325056,0.0,5.12,0.0,dropout,0.0,0.0,0.0,15,0.0,0.0,z_mad,0.00703125,0.7225809685885907,-3.734375,-3.72734375,0,0,160,0,80,80,40,0.0,0.489296875,0.530482421875
0.506640625,0.5,2.7364194385325056,0.0,10.24,0.0,dropout,0.0,0.0,0.0,15,0.0,0.0,z_mad,0.00625,1.5383037239313126,-3.734375,-3.728125,0,0,160,0,80,80,40,0.0,0.49109375,0.523908203125
0.509453125,0.5,2.7364194385325056,0.0,20.48,0.0,dropout,0.0,0.0,0.0,15,0.0,0.0,z_mad,0.00859375,3.28791529238224,-3.734375,-3.72578125,0,0,160,0,80,80,40,0.0,0.48828125,0.5331640624999999
0.50328125,0.5,2.7364194385325056,0.0,0.01,0.0,dropout,0.0,0.0,0.0,15,0.0,0.0,z_sd,0.003125,0.00274324060883373,-3.734375,-3.73125,0,0,160,0,80,80,40,0.0,0.49890625,0.51390625
0.49859375,0.5,2.7364194385325056,0.0,0.02,0.0,dropout,0.0,0.0,0.0,15,0.0,0.0,z_sd,-0.0015625,0.0075185474144745966,-3.734375,-3.7359375,0,0,160,0,80,80,40,0.0,0.4865546875,0.5096875
0.504921875,0.5,2.7364194385325056,0.0,0.04,0.0,dropout,0.0,0.0,0.0,15,0.0,0.0,z_sd,0.00703125,0.03050033342296956,-3.734375,-3.72734375,0,0,160,0,80,80,40,0.0,0.48437109375,0.52640625
0.50640625,0.5,2.7364194385325056,0.0,0.08,0.0,dropout,0.0,0.0,0.0,15,0.0,0.0,z_sd,0.00390625,0.11415747030987404,-3.734375,-3.73046875,0,0,160,0,80,80,40,0.0,0.486328125,0.5215625
0.504609375,0.5,2.7364194385325056,0.0,0.16,0.0,dropout,0.0,0.0,0.0,15,0.0,0.0,z_sd,0.00234375,0.27633778359740974,-3.734375,-3.73203125,0,0,160,0,80,80,40,0.0,0.48234375,0.52625
0.50453125,0.5,2.7364194385325056,0.0,0.32,0.0,dropout,0.0,0.0,0.0,15,0.0,0.0,z_sd,0.00078125,0.660871684551239,-3.734375,-3.73359375,0,0,160,0,80,80,40,0.0,0.4815625,0.5271875
0.5075,0.5,2.7364194385325056,0.0,0.64,0.0,dropout,0.0,0.0,0.0,15,0.0,0.0,z_sd,0.0078125,1.4037854939699173,-3.734375,-3.7265625,0,0,160,0,80,80,40,0.0,0.485625,0.52562890625
0.50484375,0.5,2.7364194385325056,0.0,1.28,0.0,dropout,0.0,0.0,0.0,15,0.0,0.0,z_sd,0.00859375,2.9627398252487183,-3.734375,-3.72578125,0,0,160,0,80,80,40,0.0,0.485625,0.52658203125
0.513515625,0.5,2.7364194385325056,0.0,2.56,0.0,dropout,0.0,0.0,0.0,15,0.0,0.0,z_sd,0.0171875,6.1271502614021305,-3.734375,-3.7171875,0,0,160,0,80,80,40,0.0,0.49483398437500004,0.5348515625
0.542265625,0.5,2.7364194385325056,0.0,5.12,0.0,dropout,0.0,0.0,0.0,15,0.0,0.0,z_sd,0.05703125,12.331209826469422,-3.734375,-3.67734375,0,0,160,0,80,80,40,0.0,0.51921875,0.58015625
0.65234375,0.5,2.7364194385325056,0.0,10.24,0.0,dropout,0.0,0.0,0.0,15,0.0,0.0,z_sd,0.26953125,24.016515707969667,-3.734375,-3.46484375,0,0,160,0,80,80,40,0.0,0.615619140625,0.7150117187499999
0.774609375,0.5,2.7364194385325056,0.0,20.48,0.0,dropout,0.0,0.0,0.0,15,0.0,0.0,z_sd,0.667578125,46.67174062728882,-3.734375,-3.066796875,0,0,160,0,80,80,40,0.0,0.72703515625,0.83171875
0.512109375,0.5,2.7364194385325056,0.0,0.25,0.0,noise,0.0,0.0,0.0,15,0.0,0.0,alpha,0.0125,0.2504171282052994,-3.734375,-3.721875,0,0,160,0,80,80,40,0.0,0.49328125,0.53453125
0.49921875,0.5,2.7364194385325056,0.0,0.5,0.0,noise,0.0,0.0,0.0,15,0.0,0.0,alpha,-0.0015625,0.5002240497618914,-3.734375,-3.7359375,0,0,160,0,80,80,40,0.0,0.480234375,0.516171875
0.504921875,0.5,2.7364194385325056,0.0,1.0,0.0,noise,0.0,0.0,0.0,15,0.0,0.0,alpha,0.00234375,1.0001637928187848,-3.734375,-3.73203125,0,0,160,0,80,80,40,0.0,0.48514843750000003,0.5262578125
0.503828125,0.5,2.7364194385325056,0.0,2.0,0.0,noise,0.0,0.0,0.0,15,0.0,0.0,alpha,0.0046875,2.000045669078827,-3.734375,-3.7296875,0,0,160,0,80,80,40,0.0,0.475625,0.527890625
0.506015625,0.5,2.7364194385325056,0.0,4.0,0.0,noise,0.0,0.0,0.0,15,0.0,0.0,alpha,0.00703125,3.999994921684265,-3.734375,-3.72734375,0,0,160,0,80,80,40,0.0,0.48015625,0.5336835937499999
0.508515625,0.5,2.7364194385325056,0.0,8.0,0.0,noise,0.0,0.0,0.0,15,0.0,0.0,alpha,0.00859375,7.999962055683136,-3.734375,-3.72578125,0,0,160,0,80,80,40,0.0,0.481640625,0.53
0.523203125,0.5,2.7364194385325056,0.0,16.0,0.0,noise,0.0,0.0,0.0,15,0.0,0.0,alpha,0.028125,15.999891173839568,-3.734375,-3.70625,0,0,160,0,80,80,40,0.0,0.501953125,0.55046875
0.621953125,0.5,2.7364194385325056,0.0,32.0,0.0,noise,0.0,0.0,0.0,15,0.0,0.0,alpha,0.21171875,31.999788808822633,-3.734375,-3.52265625,0,0,160,0,80,80,40,0.0,0.59607421875,0.6675253906249999
0.77984375,0.5,2.7364194385325056,0.0,64.0,0.0,noise,0.0,0.0,0.0,15,0.0,0.0,alpha,0.60546875,63.999944591522215,-3.734375,-3.12890625,0,0,160,0,80,80,40,0.0,0.72133984375,0.85296875
0.90296875,0.5,2.7364194385325056,0.0,128.0,0.0,noise,0.0,0.0,0.0,15,0.0,0.0,alpha,0.9125,127.99973840713501,-3.734375,-2.821875,0,0,160,0,80,80,40,0.0,0.85234375,0.95921875
0.505390625,0.5,2.7364194385325056,0.0,0.01,0.0,noise,0.0,0.0,0.0,15,0.0,0.0,z_mad,0.003125,0.0007286339503480121,-3.734375,-3.73125,0,0,160,0,80,80,40,0.0,0.485,0.52421875
0.505078125,0.5,2.7364194385325056,0.0,0.02,0.0,noise,0.0,0.0,0.0,15,0.0,0.0,z_mad,0.0046875,0.002034993479901459,-3.734375,-3.7296875,0,0,160,0,80,80,40,0.0,0.48436328125,0.5284375
0.50328125,0.5,2.7364194385325056,0.0,0.04,0.0,noise,0.0,0.0,0.0,15,0.0,0.0,z_mad,0.0015625,0.00542728109867312,-3.734375,-3.7328125,0,0,160,0,80,80,40,0.0,0.48390625,0.524375
0.509296875,0.5,2.7364194385325056,0.0,0.08,0.0,noise,0.0,0.0,0.0,15,0.0,0.0,z_mad,0.0078125,0.013433994457591325,-3.734375,-3.7265625,0,0,160,0,80,80,40,0.0,0.48703125,0.5325
0.50359375,0.5,2.7364194385325056,0.0,0.16,0.0,noise,0.0,0.0,0.0,15,0.0,0.0,z_mad,0.0,0.02889972673729062,-3.734375,-3.734375,0,0,160,0,80,80,40,0.0,0.47865039062500003,0.52187890625
0.5078125,0.5,2.7364194385325056,0.0,0.32,0.0,noise,0.0,0.0,0.0,15,0.0,0.0,z_mad,0.00234375,0.05654525524005294,-3.734375,-3.73203125,0,0,160,0,80,80,40,0.0,0.48481250000000004,0.525859375
0.499921875,0.5,2.7364194385325056,0.0,0.64,0.0,noise,0.0,0.0,0.0,15,0.0,0.0,z_mad,-0.00390625,0.11108623733744025,-3.734375,-3.73828125,0,0,160,0,80,80,40,0.0,0.47866601562500005,0.5222675781249999
0.5084375,0.5,2.7364194385325056,0.0,1.28,0.0,noise,0.0,0.0,0.0,15,0.0,0.0,z_mad,0.0078125,0.22115466985851526,-3.734375,-3.7265625,0,0,160,0,80,80,40,0.0,0.4846875,0.53391796875
0.50609375,0.5,2.7364194385325056,0.0,2.56,0.0,noise,0.0,0.0,0.0,15,0.0,0.0,z_mad,0.003125,0.4439870946109295,-3.734375,-3.73125,0,0,160,0,80,80,40,0.0,0.487341796875,0.5271875
0.50484375,0.5,2.7364194385325056,0.0,5.12,0.0,noise,0.0,0.0,0.0,15,0.0,0.0,z_mad,0.0046875,0.8833691664040089,-3.734375,-3.7296875,0,0,160,0,80,80,40,0.0,0.49015625,0.51828125
0.5075,0.5,2.7364194385325056,0.0,10.24,0.0,noise,0.0,0.0,0.0,15,0.0,0.0,z_mad,0.00625,1.779989030957222,-3.734375,-3.728125,0,0,160,0,80,80,40,0.0,0.48608984375,0.5346992187499999
0.504296875,0.5,2.7364194385325056,0.0,20.48,0.0,noise,0.0,0.0,0.0,15,0.0,0.0,z_mad,0.00078125,3.5383567929267885,-3.734375,-3.73359375,0,0,160,0,80,80,40,0.0,0.4780859375,0.53080078125
0.508125,0.5,2.7364194385325056,0.0,0.01,0.0,noise,0.0,0.0,0.0,15,0.0,0.0,z_sd,0.00859375,0.024847957282327117,-3.734375,-3.72578125,0,0,160,0,80,80,40,0.0,0.4871875,0.53046875
0.509453125,0.5,2.7364194385325056,0.0,0.02,0.0,noise,0.0,0.0,0.0,15,0.0,0.0,z_sd,0.00390625,0.049248786014504733,-3.734375,-3.73046875,0,0,160,0,80,80,40,0.0,0.491248046875,0.534375
0.50390625,0.5,2.7364194385325056,0.0,0.04,0.0,noise,0.0,0.0,0.0,15,0.0,0.0,z_sd,0.003125,0.09820089074783027,-3.734375,-3.73125,0,0,160,0,80,80,40,0.0,0.47443945312499997,0.532109375
0.505625,0.5,2.7364194385325056,0.0,0.08,0.0,noise,0.0,0.0,0.0,15,0.0,0.0,z_sd,0.00625,0.2068557983264327,-3.734375,-3.728125,0,0,160,0,80,80,40,0.0,0.48849804687500004,0.5246875
0.501171875,0.5,2.7364194385325056,0.0,0.16,0.0,noise,0.0,0.0,0.0,15,0.0,0.0,z_sd,0.0,0.4118796717375517,-3.734375,-3.734375,0,0,160,0,80,80,40,0.0,0.4796875,0.52734375
0.50875,0.5,2.7364194385325056,0.0,0.32,0.0,noise,0.0,0.0,0.0,15,0.0,0.0,z_sd,0.00546875,0.823678820207715,-3.734375,-3.72890625,0,0,160,0,80,80,40,0.0,0.481953125,0.52984375
0.51296875,0.5,2.7364194385325056,0.0,0.64,0.0,noise,0.0,0.0,0.0,15,0.0,0.0,z_sd,0.015625,1.6848784543573856,-3.734375,-3.71875,0,0,160,0,80,80,40,0.0,0.490859375,0.53609375
0.5071875,0.5,2.7364194385325056,0.0,1.28,0.0,noise,0.0,0.0,0.0,15,0.0,0.0,z_sd,0.00546875,3.1767575204372407,-3.734375,-3.72890625,0,0,160,0,80,80,40,0.0,0.48951757812499996,0.52140625
0.5125,0.5,2.7364194385325056,0.0,2.56,0.0,noise,0.0,0.0,0.0,15,0.0,0.0,z_sd,0.01796875,6.252431815862655,-3.734375,-3.71640625,0,0,160,0,80,80,40,0.0,0.4859375,0.534798828125
0.53640625,0.5,2.7364194385325056,0.0,5.12,0.0,noise,0.0,0.0,0.0,15,0.0,0.0,z_sd,0.05,12.56086972951889,-3.734375,-3.684375,0,0,160,0,80,80,40,0.0,0.52125,0.561953125
0.615078125,0.5,2.7364194385325056,0.0,10.24,0.0,noise,0.0,0.0,0.0,15,0.0,0.0,z_sd,0.209375,25.97666860818863,-3.734375,-3.525,0,0,160,0,80,80,40,0.0,0.58578125,0.6596875
0.772265625,0.5,2.7364194385325056,0.0,20.48,0.0,noise,0.0,0.0,0.0,15,0.0,0.0,z_sd,0.55390625,50.33387942314148,-3.734375,-3.18046875,0,0,160,0,80,80,40,0.0,0.73359375,0.819375
0.5103125,0.5,2.866576577553538,0.0,0.25,0.0,random,0.0,0.0,0.0,15,0.0,0.0,alpha,0.011458333333333333,0.2504025183618069,-3.734375,-3.722916666666667,0,0,240,0,120,120,40,0.0,0.48546354166666666,0.53734375
0.5105208333333333,0.5,2.866576577553538,0.0,0.5,0.0,random,0.0,0.0,0.0,15,0.0,0.0,alpha,0.011979166666666667,0.500223025927941,-3.734375,-3.722395833333333,0,0,240,0,120,120,40,0.0,0.4920833333333333,0.5311458333333333
0.5132291666666666,0.5,2.866576577553538,0.0,1.0,0.0,random,0.0,0.0,0.0,15,0.0,0.0,alpha,0.013541666666666667,1.0002498944600424,-3.734375,-3.720833333333333,0,0,240,0,120,120,40,0.0,0.49530859374999997,0.5363033854166667
0.5126041666666666,0.5,2.866576577553538,0.0,2.0,0.0,random,0.0,0.0,0.0,15,0.0,0.0,alpha,0.015104166666666667,2.0000606973965964,-3.734375,-3.7192708333333333,0,0,240,0,120,120,40,0.0,0.4934375,0.5346484375
0.5116666666666667,0.5,2.866576577553538,0.0,4.0,0.0,random,0.0,0.0,0.0,15,0.0,0.0,alpha,0.013020833333333334,4.000034260749817,-3.734375,-3.7213541666666665,0,0,240,0,120,120,40,0.0,0.49030859374999997,0.5366197916666666
0.5134375,0.5,2.866576577553538,0.0,8.0,0.0,random,0.0,0.0,0.0,15,0.0,0.0,alpha,0.011458333333333333,8.000312519073486,-3.734375,-3.722916666666667,0,0,240,0,120,120,40,0.0,0.4877578125,0.5399531249999999
0.5166145833333333,0.5,2.866576577553538,0.0,16.0,0.0,random,0.0,0.0,0.0,15,0.0,0.0,alpha,0.0203125,16.000543101628622,-3.734375,-3.7140625,0,0,240,0,120,120,40,0.0,0.4806770833333333,0.5657617187499999
0.5663541666666667,0.5,2.866576577553538,0.0,32.0,0.0,random,0.0,0.0,0.0,15,0.0,0.0,alpha,0.11145833333333334,32.001080735524496,-3.734375,-3.622916666666667,0,0,240,0,120,120,40,0.0,0.48155989583333336,0.67422265625
0.52390625,0.5,2.866576577553538,0.0,64.0,0.0,random,0.0,0.0,0.0,15,0.0,0.0,alpha,-0.04479166666666667,64.00210212071737,-3.734375,-3.779166666666667,0,0,240,0,120,120,40,0.0,0.44888020833333336,0.63484375
0.3865625,0.5,2.866576577553538,0.0,128.0,0.0,random,0.0,0.0,0.0,15,0.0,0.0,alpha,-0.4479166666666667,128.00465621948243,-3.734375,-4.182291666666667,0,0,240,0,120,120,40,0.0,0.084640625,0.629875
0.5041145833333334,0.5,2.866576577553538,0.0,0.01,0.0,random,0.0,0.0,0.0,15,0.0,0.0,z_mad,0.0026041666666666665,0.0006563894882371338,-3.734375,-3.7317708333333335,0,0,240,0,120,120,40,0.0,0.48348697916666666,0.5254166666666666
0.5092708333333333,0.5,2.866576577553538,0.0,0.02,0.0,random,0.0,0.0,0.0,15,0.0,0.0,z_mad,0.0067708333333333336,0.0018449469653811926,-3.734375,-3.7276041666666666,0,0,240,0,120,120,40,0.0,0.4868203125,0.5330234375
0.5102083333333334,0.5,2.866576577553538,0.0,0.04,0.0,random,0.0,0.0,0.0,15,0.0,0.0,z_mad,0.011458333333333333,0.0050075260805897415,-3.734375,-3.722916666666667,0,0,240,0,120,120,40,0.0,0.49286458333333333,0.53350390625
0.5077604166666667,0.5,2.866576577553538,0.0,0.08,0.0,random,0.0,0.0,0.0,15,0.0,0.0,z_mad,0.0067708333333333336,0.012476332842682798,-3.734375,-3.7276041666666666,0,0,240,0,120,120,40,0.0,0.48546614583333336,0.5262526041666666
0.5110416666666666,0.5,2.866576577553538,0.0,0.16,0.0,random,0.0,0.0,0.0,15,0.0,0.0,z_mad,0.009375,0.027103090177600583,-3.734375,-3.725,0,0,240,0,120,120,40,0.0,0.49125,0.5304205729166667
0.50265625,0.5,2.866576577553538,0.0,0.32,0.0,random,0.0,0.0,0.0,15,0.0,0.0,z_mad,-0.0015625,0.0534089682623744,-3.734375,-3.7359375,0,0,240,0,120,120,40,0.0,0.4805143229166667,0.5202604166666667
0.5054166666666666,0.5,2.866576577553538,0.0,0.64,0.0,random,0.0,0.0,0.0,15,0.0,0.0,z_mad,0.005729166666666666,0.10509902611374855,-3.734375,-3.728645833333333,0,0,240,0,120,120,40,0.0,0.4852604166666667,0.5230208333333334
0.50703125,0.5,2.866576577553538,0.0,1.28,0.0,random,0.0,0.0,0.0,15,0.0,0.0,z_mad,0.0046875,0.2091324803729852,-3.734375,-3.7296875,0,0,240,0,120,120,40,0.0,0.48727734375000004,0.5286705729166666
0.5034895833333334,0.5,2.866576577553538,0.0,2.56,0.0,random,0.0,0.0,0.0,15,0.0,0.0,z_mad,0.0005208333333333333,0.41764061426122984,-3.734375,-3.7338541666666667,0,0,240,0,120,120,40,0.0,0.48363802083333335,0.52135546875
0.5016145833333333,0.5,2.866576577553538,0.0,5.12,0.0,random,0.0,0.0,0.0,15,0.0,0.0,z_mad,-0.003125,0.8350622743368149,-3.734375,-3.7375,0,0,240,0,120,120,40,0.0,0.48390625,0.51953125
0.5060416666666666,0.5,2.866576577553538,0.0,10.24,0.0,random,0.0,0.0,0.0,15,0.0,0.0,z_mad,0.007291666666666667,1.6698084622621536,-3.734375,-3.7270833333333333,0,0,240,0,120,120,40,0.0,0.48989322916666667,0.526203125
0.5088020833333333,0.5,2.866576577553538,0.0,20.48,0.0,random,0.0,0.0,0.0,15,0.0,0.0,z_mad,0.00625,3.339335922400157,-3.734375,-3.728125,0,0,240,0,120,120,40,0.0,0.48838281250000004,0.5308333333333334
0.5025,0.5,2.866576577553538,0.0,0.01,0.0,random,0.0,0.0,0.0,15,0.0,0.0,z_sd,0.0015625,0.021182820317335427,-3.734375,-3.7328125,0,0,240,0,120,120,40,0.0,0.47728125,0.5293789062500001
0.5084895833333334,0.5,2.866576577553538,0.0,0.02,0.0,random,0.0,0.0,0.0,15,0.0,0.0,z_sd,0.0078125,0.042901888187043366,-3.734375,-3.7265625,0,0,240,0,120,120,40,0.0,0.49124218750000004,0.5268776041666666
0.5044791666666667,0.5,2.866576577553538,0.0,0.04,0.0,random,0.0,0.0,0.0,15,0.0,0.0,z_sd,0.0015625,0.08577670141433676,-3.734375,-3.7328125,0,0,240,0,120,120,40,0.0,0.4818177083333333,0.52046875
0.51,0.5,2.866576577553538,0.0,0.08,0.0,random,0.0,0.0,0.0,15,0.0,0.0,z_sd,0.008854166666666666,0.17072724029421807,-3.734375,-3.7255208333333334,0,0,240,0,120,120,40,0.0,0.48665625,0.52953125
0.5092708333333333,0.5,2.866576577553538,0.0,0.16,0.0,random,0.0,0.0,0.0,15,0.0,0.0,z_sd,0.007291666666666667,0.3405260349313418,-3.734375,-3.7270833333333333,0,0,240,0,120,120,40,0.0,0.4921875,0.5237565104166667
0.5077083333333333,0.5,2.866576577553538,0.0,0.32,0.0,random,0.0,0.0,0.0,15,0.0,0.0,z_sd,0.0046875,0.6803941012670597,-3.734375,-3.7296875,0,0,240,0,120,120,40,0.0,0.48718229166666666,0.52626953125
0.5084895833333334,0.5,2.866576577553538,0.0,0.64,0.0,random,0.0,0.0,0.0,15,0.0,0.0,z_sd,0.010416666666666666,1.3601975113153457,-3.734375,-3.7239583333333335,0,0,240,0,120,120,40,0.0,0.48622786458333334,0.5313554687500001
0.5054166666666666,0.5,2.866576577553538,0.0,1.28,0.0,random,0.0,0.0,0.0,15,0.0,0.0,z_sd,0.0046875,2.720105595390002,-3.734375,-3.7296875,0,0,240,0,120,120,40,0.0,0.48436848958333334,0.5290234375
0.4998958333333333,0.5,2.866576577553538,0.0,2.56,0.0,random,0.0,0.0,0.0,15,0.0,0.0,z_sd,-0.003125,5.440288682778676,-3.734375,-3.7375,0,0,240,0,120,120,40,0.0,0.47874739583333337,0.5286979166666667
0.503125,0.5,2.866576577553538,0.0,5.12,0.0,random,0.0,0.0,0.0,15,0.0,0.0,z_sd,-0.0026041666666666665,10.880252462625503,-3.734375,-3.7369791666666665,0,0,240,0,120,120,40,0.0,0.47056640625,0.52980859375
0.5241666666666667,0.5,2.866576577553538,0.0,10.24,0.0,random,0.0,0.0,0.0,15,0.0,0.0,z_sd,0.023958333333333335,21.760273909568788,-3.734375,-3.7104166666666667,0,0,240,0,120,120,40,0.0,0.4831002604166667,0.5739960937499999
0.5731770833333333,0.5,2.866576577553538,0.0,20.48,0.0,random,0.0,0.0,0.0,15,0.0,0.0,z_sd,0.06875,43.52097683747609,-3.734375,-3.665625,0,0,240,0,120,120,40,0.0,0.50076171875,0.67734375
0.509328125,0.5,3.2275758330035513,0.0,0.25,0.0,concept,0.0,0.0,0.0,16,0.0,0.0,alpha,0.009375,0.25101043678820134,-3.734375,-3.725,0,0,800,0,400,400,40,0.0,0.48965390625,0.528501171875
0.50634375,0.5,3.2275758330035513,0.0,0.5,0.0,concept,0.0,0.0,0.0,16,0.0,0.0,alpha,0.00578125,0.4999142660945654,-3.734375,-3.72859375,0,0,800,0,400,400,40,0.0,0.48303828125,0.528937890625
0.50715625,0.5,3.2275758330035513,0.0,1.0,0.0,concept,0.0,0.0,0.0,16,0.0,0.0,alpha,0.00609375,1.000816958397627,-3.734375,-3.72828125,0,0,800,0,400,400,40,0.0,0.488935546875,0.528829296875
0.504296875,0.5,3.2275758330035513,0.0,2.0,0.0,concept,0.0,0.0,0.0,16,0.0,0.0,alpha,0.00296875,2.0005628383159637,-3.734375,-3.73140625,0,0,800,0,400,400,40,0.0,0.485027734375,0.522222265625
0.50403125,0.5,3.2275758330035513,0.0,4.0,0.0,concept,0.0,0.0,0.0,16,0.0,0.0,alpha,0.00125,4.000702564120292,-3.734375,-3.733125,0,0,800,0,400,400,40,0.0,0.483853515625,0.5265050781249999
0.5058125,0.5,3.2275758330035513,0.0,8.0,0.0,concept,0.0,0.0,0.0,16,0.0,0.0,alpha,0.0053125,8.001406317949295,-3.734375,-3.7290625,0,0,800,0,400,400,40,0.0,0.48874765625,0.524500390625
0.5115,0.5,3.2275758330035513,0.0,16.0,0.0,concept,0.0,0.0,0.0,16,0.0,0.0,alpha,0.0140625,16.002928967475892,-3.734375,-3.7203125,0,0,800,0,400,400,40,0.0,0.49159140625,0.537504296875
0.516421875,0.5,3.2275758330035513,0.0,32.0,0.0,concept,0.0,0.0,0.0,16,0.0,0.0,alpha,0.00171875,32.00574012756348,-3.734375,-3.73265625,0,0,800,0,400,400,40,0.0,0.42519140625,0.5939152343749999
0.5123125,0.5,3.2275758330035513,0.0,64.0,0.0,concept,0.0,0.0,0.0,16,0.0,0.0,alpha,-0.02234375,64.01238800048829,-3.734375,-3.75671875,0,0,800,0,400,400,40,0.0,0.436540234375,0.5902546875000001
0.44096875,0.5,3.2275758330035513,0.0,128.0,0.0,concept,0.0,0.0,0.0,16,0.0,0.0,alpha,-0.281796875,128.02445518493653,-3.734375,-4.016171875,0,0,800,0,400,400,40,0.0,0.32057265625,0.5897851562499999
0.505703125,0.5,3.2275758330035513,0.0,0.01,0.0,concept,0.0,0.0,0.0,16,0.0,0.0,z_mad,0.00546875,0.003493274913635105,-3.734375,-3.72890625,0,0,800,0,400,400,40,0.0,0.484990625,0.5282683593749999
0.507359375,0.5,3.2275758330035513,0.0,0.02,0.0,concept,0.0,0.0,0.0,16,0.0,0.0,z_mad,0.006875,0.008697528420016169,-3.734375,-3.7275,0,0,800,0,400,400,40,0.0,0.490109375,0.530203515625
0.5059375,0.5,3.2275758330035513,0.0,0.04,0.0,concept,0.0,0.0,0.0,16,0.0,0.0,z_mad,0.00578125,0.02032544513233006,-3.734375,-3.72859375,0,0,800,0,400,400,40,0.0,0.48865195312500004,0.523470703125
0.508421875,0.5,3.2275758330035513,0.0,0.08,0.0,concept,0.0,0.0,0.0,16,0.0,0.0,z_mad,0.0090625,0.0422750795725733,-3.734375,-3.7253125,0,0,800,0,400,400,40,0.0,0.490749609375,0.5301773437499999
0.50834375,0.5,3.2275758330035513,0.0,0.16,0.0,concept,0.0,0.0,0.0,16,0.0,0.0,z_mad,0.00984375,0.08420073717832566,-3.734375,-3.72453125,0,0,800,0,400,400,40,0.0,0.49149101562499997,0.531162109375
0.506703125,0.5,3.2275758330035513,0.0,0.32,0.0,concept,0.0,0.0,0.0,16,0.0,0.0,z_mad,0.00671875,0.16624266900122164,-3.734375,-3.72765625,0,0,800,0,400,400,40,0.0,0.486990625,0.53035078125
0.50553125,0.5,3.2275758330035513,0.0,0.64,0.0,concept,0.0,0.0,0.0,16,0.0,0.0,z_mad,0.00359375,0.3299632459133863,-3.734375,-3.73078125,0,0,800,0,400,400,40,0.0,0.48339218749999996,0.528110546875
0.50584375,0.5,3.2275758330035513,0.0,1.28,0.0,concept,0.0,0.0,0.0,16,0.0,0.0,z_mad,0.00625,0.6591147142648697,-3.734375,-3.728125,0,0,800,0,400,400,40,0.0,0.48699375,0.528972265625
0.50478125,0.5,3.2275758330035513,0.0,2.56,0.0,concept,0.0,0.0,0.0,16,0.0,0.0,z_mad,0.001875,1.3187183380126952,-3.734375,-3.7325,0,0,800,0,400,400,40,0.0,0.484973828125,0.5260984375000001
0.50721875,0.5,3.2275758330035513,0.0,5.12,0.0,concept,0.0,0.0,0.0,16,0.0,0.0,z_mad,0.0075,2.637673929929733,-3.734375,-3.726875,0,0,800,0,400,400,40,0.0,0.490933984375,0.52705546875
0.507859375,0.5,3.2275758330035513,0.0,10.24,0.0,concept,0.0,0.0,0.0,16,0.0,0.0,z_mad,0.00671875,5.275294173955917,-3.734375,-3.72765625,0,0,800,0,400,400,40,0.0,0.48477421875,0.529496484375
0.507953125,0.5,3.2275758330035513,0.0,20.48,0.0,concept,0.0,0.0,0.0,16,0.0,0.0,z_mad,0.00625,10.550258283615113,-3.734375,-3.728125,0,0,800,0,400,400,40,0.0,0.4908265625,0.5288078125000001
0.508,0.5,3.2275758330035513,0.0,0.01,0.0,concept,0.0,0.0,0.0,16,0.0,0.0,z_sd,0.00796875,0.6321724900230765,-3.734375,-3.72640625,0,0,800,0,400,400,40,0.0,0.4874359375,0.526500390625
0.50696875,0.5,3.2275758330035513,0.0,0.02,0.0,concept,0.0,0.0,0.0,16,0.0,0.0,z_sd,0.00484375,1.262415664717555,-3.734375,-3.72953125,0,0,800,0,400,400,40,0.0,0.4902796875,0.5230808593749999
0.504515625,0.5,3.2275758330035513,0.0,0.04,0.0,concept,0.0,0.0,0.0,16,0.0,0.0,z_sd,0.00390625,2.524265845566988,-3.734375,-3.73046875,0,0,800,0,400,400,40,0.0,0.487383203125,0.519847265625
0.509,0.5,3.2275758330035513,0.0,0.08,0.0,concept,0.0,0.0,0.0,16,0.0,0.0,z_sd,0.00890625,5.0487893462181095,-3.734375,-3.72546875,0,0,800,0,400,400,40,0.0,0.4865,0.53081484375
0.5045625,0.5,3.2275758330035513,0.0,0.16,0.0,concept,0.0,0.0,0.0,16,0.0,0.0,z_sd,0.00015625,10.09788262963295,-3.734375,-3.73421875,0,0,800,0,400,400,40,0.0,0.48438476562500005,0.5239804687499999
0.476796875,0.5,3.2275758330035513,0.0,0.32,0.0,concept,0.0,0.0,0.0,16,0.0,0.0,z_sd,-0.06890625,20.196168485879898,-3.734375,-3.80328125,0,0,800,0,400,400,40,0.0,0.39424765625,0.5296703125000001
0.539421875,0.5,3.2275758330035513,0.0,0.64,0.0,concept,0.0,0.0,0.0,16,0.0,0.0,z_sd,0.071953125,40.39239858150482,-3.734375,-3.662421875,0,0,800,0,400,400,40,0.0,0.5038847656250001,0.588303125
0.5671875,0.5,3.2275758330035513,0.0,1.28,0.0,concept,0.0,0.0,0.0,16,0.0,0.0,z_sd,0.140859375,80.78085621833802,-3.734375,-3.593515625,0,0,800,0,400,400,40,0.0,0.49261484375,0.6747292968749999
0.446390625,0.5,3.2275758330035513,0.0,2.56,0.0,concept,0.0,0.0,0.0425,16,0.0,0.0,z_sd,-0.06328125,161.5778411579132,-3.734375,-3.79765625,0,17,800,0,400,400,40,0.0,0.3200703125,0.5913671875000001
0.380625,0.5,3.2275758330035513,0.0,5.12,0.0,concept,0.0,0.0,0.1,16,0.0,0.0,z_sd,-0.3917578125,323.15329042434695,-3.734375,-4.1261328125,0,40,800,0,400,400,40,0.0,0.22404687499999998,0.574145703125
0.2984375,0.5,3.2275758330035513,0.0,10.24,0.0,concept,0.0,0.0,0.1,16,0.0,0.0,z_sd,-0.8001953125,646.2914940261841,-3.734375,-4.5345703125,0,40,800,0,400,400,40,0.0,0.154179296875,0.47081249999999997
0.257984375,0.5,3.2275758330035513,0.0,20.48,0.0,concept,0.0,0.0,0.1,16,0.0,0.0,z_sd,-1.0571484375,1292.5781091308593,-3.734375,-4.7915234375,0,40,800,0,400,400,40,0.0,0.117007421875,0.4373796874999999
0.51640625,0.5,2.7364194385325056,0.0,0.25,0.0,dropout,0.0,0.0,0.0,16,0.0,0.0,alpha,0.01875,0.1515786351636052,-3.734375,-3.715625,0,0,160,0,80,80,40,0.0,0.50125,0.534453125
0.506953125,0.5,2.7364194385325056,0.0,0.5,0.0,dropout,0.0,0.0,0.0,16,0.0,0.0,alpha,0.00859375,0.38183831702917814,-3.734375,-3.72578125,0,0,160,0,80,80,40,0.0,0.49062109374999996,0.522123046875
0.504375,0.5,2.7364194385325056,0.0,1.0,0.0,dropout,0.0,0.0,0.0,16,0.0,0.0,alpha,0.00390625,0.8553222827613354,-3.734375,-3.73046875,0,0,160,0,80,80,40,0.0,0.48288476562500005,0.528125
0.509296875,0.5,2.7364194385325056,0.0,2.0,0.0,dropout,0.0,0.0,0.0,16,0.0,0.0,alpha,0.0125,1.8319500833749771,-3.734375,-3.721875,0,0,160,0,80,80,40,0.0,0.49203125,0.52594140625
0.511875,0.5,2.7364194385325056,0.0,4.0,0.0,dropout,0.0,0.0,0.0,16,0.0,0.0,alpha,0.01328125,3.8371028393507003,-3.734375,-3.72109375,0,0,160,0,80,80,40,0.0,0.48920703125,0.53375
0.50515625,0.5,2.7364194385325056,0.0,8.0,0.0,dropout,0.0,0.0,0.0,16,0.0,0.0,alpha,0.0015625,7.960371613502502,-3.734375,-3.7328125,0,0,160,0,80,80,40,0.0,0.472107421875,0.5359375
0.54890625,0.5,2.7364194385325056,0.0,16.0,0.0,dropout,0.0,0.0,0.0,16,0.0,0.0,alpha,0.065625,15.908109700679779,-3.734375,-3.66875,0,0,160,0,80,80,40,0.0,0.52875,0.589765625
0.6046875,0.5,2.7364194385325056,0.0,32.0,0.0,dropout,0.0,0.0,0.0,16,0.0,0.0,alpha,0.18828125,30.997443127632142,-3.734375,-3.54609375,0,0,160,0,80,80,40,0.0,0.54078125,0.6737734375
0.59265625,0.5,2.7364194385325056,0.0,64.0,0.0,dropout,0.0,0.0,0.0,16,0.0,0.0,alpha,0.13984375,59.74824438095093,-3.734375,-3.59453125,0,0,160,0,80,80,40,0.0,0.5221875,0.695
0.6671875,0.5,2.7364194385325056,0.0,128.0,0.0,dropout,0.0,0.0,0.0,16,0.0,0.0,alpha,0.194921875,112.6693769454956,-3.734375,-3.539453125,0,0,160,0,80,80,40,0.0,0.561078125,0.77078125
0.5,0.5,2.7364194385325056,0.0,0.01,0.0,dropout,0.0,0.0,0.0,16,0.0,0.0,z_mad,0.0,0.0,-3.734375,-3.734375,0,0,160,0,80,80,40,0.0,0.5,0.5
0.5,0.5,2.7364194385325056,0.0,0.02,0.0,dropout,0.0,0.0,0.0,16,0.0,0.0,z_mad,0.0,0.0,-3.734375,-3.734375,0,0,160,0,80,80,40,0.0,0.5,0.5
0.5,0.5,2.7364194385325056,0.0,0.04,0.0,dropout,0.0,0.0,0.0,16,0.0,0.0,z_mad,0.0,0.00031331381760537627,-3.734375,-3.734375,0,0,160,0,80,80,40,0.0,0.5,0.5
0.500390625,0.5,2.7364194385325056,0.0,0.08,0.0,dropout,0.0,0.0,0.0,16,0.0,0.0,z_mad,0.0,0.001030476950109005,-3.734375,-3.734375,0,0,160,0,80,80,40,0.0,0.498125,0.5028125
0.499453125,0.5,2.7364194385325056,0.0,0.16,0.0,dropout,0.0,0.0,0.0,16,0.0,0.0,z_mad,-0.0015625,0.0033590408507734536,-3.734375,-3.7359375,0,0,160,0,80,80,40,0.0,0.49609375,0.50203125
0.504765625,0.5,2.7364194385325056,0.0,0.32,0.0,dropout,0.0,0.0,0.0,16,0.0,0.0,z_mad,0.00390625,0.007563091798419919,-3.734375,-3.73046875,0,0,160,0,80,80,40,0.0,0.490859375,0.52219140625
0.50328125,0.5,2.7364194385325056,0.0,0.64,0.0,dropout,0.0,0.0,0.0,16,0.0,0.0,z_mad,0.003125,0.04108218022156507,-3.734375,-3.73125,0,0,160,0,80,80,40,0.0,0.48466015625,0.5223105468749999
0.511328125,0.5,2.7364194385325056,0.0,1.28,0.0,dropout,0.0,0.0,0.0,16,0.0,0.0,z_mad,0.01171875,0.13355518460739405,-3.734375,-3.72265625,0,0,160,0,80,80,40,0.0,0.48953125,0.53296875
0.507109375,0.5,2.7364194385325056,0.0,2.56,0.0,dropout,0.0,0.0,0.0,16,0.0,0.0,z_mad,0.00859375,0.3411532575264573,-3.734375,-3.72578125,0,0,160,0,80,80,40,0.0,0.4940625,0.5240625
0.502421875,0.5,2.7364194385325056,0.0,5.12,0.0,dropout,0.0,0.0,0.0,16,0.0,0.0,z_mad,0.00078125,0.7268639840185642,-3.734375,-3.73359375,0,0,160,0,80,80,40,0.0,0.47874609375,0.52625
0.508828125,0.5,2.7364194385325056,0.0,10.24,0.0,dropout,0.0,0.0,0.0,16,0.0,0.0,z_mad,0.00546875,1.6072050854563713,-3.734375,-3.72890625,0,0,160,0,80,80,40,0.0,0.483169921875,0.531953125
0.50515625,0.5,2.7364194385325056,0.0,20.48,0.0,dropout,0.0,0.0,0.0,16,0.0,0.0,z_mad,0.0046875,3.499011293053627,-3.734375,-3.7296875,0,0,160,0,80,80,40,0.0,0.484638671875,0.524470703125
0.5015625,0.5,2.7364194385325056,0.0,0.01,0.0,dropout,0.0,0.0,0.0,16,0.0,0.0,z_sd,0.0015625,0.0017445882549509406,-3.734375,-3.7328125,0,0,160,0,80,80,40,0.0,0.49703125,0.50671875
0.499375,0.5,2.7364194385325056,0.0,0.02,0.0,dropout,0.0,0.0,0.0,16,0.0,0.0,z_sd,-0.00390625,0.0028357006740407087,-3.734375,-3.73828125,0,0,160,0,80,80,40,0.0,0.49593359374999996,0.5015625
0.507734375,0.5,2.7364194385325056,0.0,0.04,0.0,dropout,0.0,0.0,0.0,16,0.0,0.0,z_sd,0.00546875,0.007342422739020549,-3.734375,-3.72890625,0,0,160,0,80,80,40,0.0,0.49483593750000004,0.524453125
0.5021875,0.5,2.7364194385325056,0.0,0.08,0.0,dropout,0.0,0.0,0.0,16,0.0,0.0,z_sd,0.0,0.04084552538115531,-3.734375,-3.734375,0,0,160,0,80,80,40,0.0,0.485,0.51734765625
0.504375,0.5,2.7364194385325056,0.0,0.16,0.0,dropout,0.0,0.0,0.0,16,0.0,0.0,z_sd,0.00859375,0.13568976300302893,-3.734375,-3.72578125,0,0,160,0,80,80,40,0.0,0.48608203125,0.5201679687499999
0.496328125,0.5,2.7364194385325056,0.0,0.32,0.0,dropout,0.0,0.0,0.0,16,0.0,0.0,z_sd,-0.0078125,0.35473603568971157,-3.734375,-3.7421875,0,0,160,0,80,80,40,0.0,0.472421875,0.5157890625
0.503125,0.5,2.7364194385325056,0.0,0.64,0.0,dropout,0.0,0.0,0.0,16,0.0,0.0,z_sd,0.0015625,0.8669842883944512,-3.734375,-3.7328125,0,0,160,0,80,80,40,0.0,0.48432421875,0.523125
0.50921875,0.5,2.7364194385325056,0.0,1.28,0.0,dropout,0.0,0.0,0.0,16,0.0,0.0,z_sd,0.01015625,1.7473475217819214,-3.734375,-3.72421875,0,0,160,0,80,80,40,0.0,0.48765625,0.531953125
0.50390625,0.5,2.7364194385325056,0.0,2.56,0.0,dropout,0.0,0.0,0.0,16,0.0,0.0,z_sd,0.0015625,3.572898507118225,-3.734375,-3.7328125,0,0,160,0,80,80,40,0.0,0.48046484375,0.523212890625
0.5125,0.5,2.7364194385325056,0.0,5.12,0.0,dropout,0.0,0.0,0.0,16,0.0,0.0,z_sd,0.01953125,7.39952404499054,-3.734375,-3.71484375,0,0,160,0,80,80,40,0.0,0.49078125,0.54234375
0.532734375,0.5,2.7364194385325056,0.0,10.24,0.0,dropout,0.0,0.0,0.0,16,0.0,0.0,z_sd,0.05078125,14.944455373287202,-3.734375,-3.68359375,0,0,160,0,80,80,40,0.0,0.5078125,0.5703125
0.5921875,0.5,2.7364194385325056,0.0,20.48,0.0,dropout,0.0,0.0,0.0,16,0.0,0.0,z_sd,0.1625,29.40766396522522,-3.734375,-3.571875,0,0,160,0,80,80,40,0.0,0.5695234375,0.6340742187499999
0.510390625,0.5,2.7364194385325056,0.0,0.25,0.0,noise,0.0,0.0,0.0,16,0.0,0.0,alpha,0.01015625,0.2505336876958609,-3.734375,-3.72421875,0,0,160,0,80,80,40,0.0,0.49109375,0.53281640625
0.501875,0.5,2.7364194385325056,0.0,0.5,0.0,noise,0.0,0.0,0.0,16,0.0,0.0,alpha,0.0015625,0.5002786792814732,-3.734375,-3.7328125,0,0,160,0,80,80,40,0.0,0.481796875,0.52140625
0.50328125,0.5,2.7364194385325056,0.0,1.0,0.0,noise,0.0,0.0,0.0,16,0.0,0.0,alpha,0.00390625,1.0001569896936418,-3.734375,-3.73046875,0,0,160,0,80,80,40,0.0,0.4746875,0.5342265625
0.51078125,0.5,2.7364194385325056,0.0,2.0,0.0,noise,0.0,0.0,0.0,16,0.0,0.0,alpha,0.009375,2.0001070857048036,-3.734375,-3.725,0,0,160,0,80,80,40,0.0,0.48640625,0.5314218749999999
0.50953125,0.5,2.7364194385325056,0.0,4.0,0.0,noise,0.0,0.0,0.0,16,0.0,0.0,alpha,0.01015625,4.000058913230896,-3.734375,-3.72421875,0,0,160,0,80,80,40,0.0,0.49,0.5328125
0.508125,0.5,2.7364194385325056,0.0,8.0,0.0,noise,0.0,0.0,0.0,16,0.0,0.0,alpha,0.009375,7.9999818205833435,-3.734375,-3.725,0,0,160,0,80,80,40,0.0,0.4859375,0.525630859375
0.515625,0.5,2.7364194385325056,0.0,16.0,0.0,noise,0.0,0.0,0.0,16,0.0,0.0,alpha,0.0171875,15.999966502189636,-3.734375,-3.7171875,0,0,160,0,80,80,40,0.0,0.49762500000000004,0.536171875
0.557265625,0.5,2.7364194385325056,0.0,32.0,0.0,noise,0.0,0.0,0.0,16,0.0,0.0,alpha,0.08671875,31.9997606754303,-3.734375,-3.64765625,0,0,160,0,80,80,40,0.0,0.5396875,0.588751953125
0.611484375,0.5,2.7364194385325056,0.0,64.0,0.0,noise,0.0,0.0,0.0,16,0.0,0.0,alpha,0.2125,63.99965605735779,-3.734375,-3.521875,0,0,160,0,80,80,40,0.0,0.56890625,0.67078125
0.700703125,0.5,2.7364194385325056,0.0,128.0,0.0,noise,0.0,0.0,0.0,16,0.0,0.0,alpha,0.40859375,127.99916801452636,-3.734375,-3.32578125,0,0,160,0,80,80,40,0.0,0.66341015625,0.766296875
0.50671875,0.5,2.7364194385325056,0.0,0.01,0.0,noise,0.0,0.0,0.0,16,0.0,0.0,z_mad,0.0078125,0.0008086453126452398,-3.734375,-3.7265625,0,0,160,0,80,80,40,0.0,0.48484375,0.5264082031249999
0.509609375,0.5,2.7364194385325056,0.0,0.02,0.0,noise,0.0,0.0,0.0,16,0.0,0.0,z_mad,0.01015625,0.002260949784249533,-3.734375,-3.72421875,0,0,160,0,80,80,40,0.0,0.49014843750000003,0.535
0.507890625,0.5,2.7364194385325056,0.0,0.04,0.0,noise,0.0,0.0,0.0,16,0.0,0.0,z_mad,0.009375,0.006032052723458037,-3.734375,-3.725,0,0,160,0,80,80,40,0.0,0.48421875,0.5353203125
0.507890625,0.5,2.7364194385325056,0.0,0.08,0.0,noise,0.0,0.0,0.0,16,0.0,0.0,z_mad,0.0078125,0.01487673498922959,-3.734375,-3.7265625,0,0,160,0,80,80,40,0.0,0.484375,0.5331660156249999
0.508828125,0.5,2.7364194385325056,0.0,0.16,0.0,noise,0.0,0.0,0.0,16,0.0,0.0,z_mad,0.00859375,0.031962927477434275,-3.734375,-3.72578125,0,0,160,0,80,80,40,0.0,0.486404296875,0.5281542968749999
0.50328125,0.5,2.7364194385325056,0.0,0.32,0.0,noise,0.0,0.0,0.0,16,0.0,0.0,z_mad,0.0,0.06251126294955611,-3.734375,-3.734375,0,0,160,0,80,80,40,0.0,0.48078125,0.5290625
0.508046875,0.5,2.7364194385325056,0.0,0.64,0.0,noise,0.0,0.0,0.0,16,0.0,0.0,z_mad,0.0109375,0.12343291817232967,-3.734375,-3.7234375,0,0,160,0,80,80,40,0.0,0.479375,0.536875
0.51,0.5,2.7364194385325056,0.0,1.28,0.0,noise,0.0,0.0,0.0,16,0.0,0.0,z_mad,0.01328125,0.24438955616205932,-3.734375,-3.72109375,0,0,160,0,80,80,40,0.0,0.487015625,0.535078125
0.5071875,0.5,2.7364194385325056,0.0,2.56,0.0,noise,0.0,0.0,0.0,16,0.0,0.0,z_mad,0.01171875,0.4941142566502094,-3.734375,-3.72265625,0,0,160,0,80,80,40,0.0,0.48484375,0.53140625
0.5065625,0.5,2.7364194385325056,0.0,5.12,0.0,noise,0.0,0.0,0.0,16,0.0,0.0,z_mad,0.00703125,0.9877098135650157,-3.734375,-3.72734375,0,0,160,0,80,80,40,0.0,0.487109375,0.531875
0.5040625,0.5,2.7364194385325056,0.0,10.24,0.0,noise,0.0,0.0,0.0,16,0.0,0.0,z_mad,0.0,1.964934527873993,-3.734375,-3.734375,0,0,160,0,80,80,40,0.0,0.47890625,0.52625
0.5090625,0.5,2.7364194385325056,0.0,20.48,0.0,noise,0.0,0.0,0.0,16,0.0,0.0,z_mad,0.01015625,3.901741999387741,-3.734375,-3.72421875,0,0,160,0,80,80,40,0.0,0.48953125,0.533453125
0.50703125,0.5,2.7364194385325056,0.0,0.01,0.0,noise,0.0,0.0,0.0,16,0.0,0.0,z_sd,0.00859375,0.02595187147380784,-3.734375,-3.72578125,0,0,160,0,80,80,40,0.0,0.48655078125,0.529453125
0.503046875,0.5,2.7364194385325056,0.0,0.02,0.0,noise,0.0,0.0,0.0,16,0.0,0.0,z_sd,0.00390625,0.05135921004693955,-3.734375,-3.73046875,0,0,160,0,80,80,40,0.0,0.478828125,0.527359375
0.510703125,0.5,2.7364194385325056,0.0,0.04,0.0,noise,0.0,0.0,0.0,16,0.0,0.0,z_sd,0.01171875,0.10627338849008083,-3.734375,-3.72265625,0,0,160,0,80,80,40,0.0,0.491794921875,0.5337656249999999
0.5071875,0.5,2.7364194385325056,0.0,0.08,0.0,noise,0.0,0.0,0.0,16,0.0,0.0,z_sd,0.00625,0.21010949164628984,-3.734375,-3.728125,0,0,160,0,80,80,40,0.0,0.48952929687499996,0.5218828125
0.50421875,0.5,2.7364194385325056,0.0,0.16,0.0,noise,0.0,0.0,0.0,16,0.0,0.0,z_sd,0.003125,0.41178070828318597,-3.734375,-3.73125,0,0,160,0,80,80,40,0.0,0.482578125,0.518828125
0.50828125,0.5,2.7364194385325056,0.0,0.32,0.0,noise,0.0,0.0,0.0,16,0.0,0.0,z_sd,0.009375,0.8141532499343157,-3.734375,-3.725,0,0,160,0,80,80,40,0.0,0.484373046875,0.533603515625
0.505,0.5,2.7364194385325056,0.0,0.64,0.0,noise,0.0,0.0,0.0,16,0.0,0.0,z_sd,0.00390625,1.6644304066896438,-3.734375,-3.73046875,0,0,160,0,80,80,40,0.0,0.4853125,0.5234375
0.509921875,0.5,2.7364194385325056,0.0,1.28,0.0,noise,0.0,0.0,0.0,16,0.0,0.0,z_sd,0.0109375,3.1569493472576142,-3.734375,-3.7234375,0,0,160,0,80,80,40,0.0,0.484453125,0.53297265625
0.505,0.5,2.7364194385325056,0.0,2.56,0.0,noise,0.0,0.0,0.0,16,0.0,0.0,z_sd,0.00234375,6.794079455733299,-3.734375,-3.73203125,0,0,160,0,80,80,40,0.0,0.48875,0.523125
0.51734375,0.5,2.7364194385325056,0.0,5.12,0.0,noise,0.0,0.0,0.0,16,0.0,0.0,z_sd,0.01953125,13.095610135793686,-3.734375,-3.71484375,0,0,160,0,80,80,40,0.0,0.50078125,0.54359375
0.54203125,0.5,2.7364194385325056,0.0,10.24,0.0,noise,0.0,0.0,0.0,16,0.0,0.0,z_sd,0.07109375,28.18458025455475,-3.734375,-3.66328125,0,0,160,0,80,80,40,0.0,0.51796875,0.57515625
0.65234375,0.5,2.7364194385325056,0.0,20.48,0.0,noise,0.0,0.0,0.0,16,0.0,0.0,z_sd,0.2953125,54.16377902030945,-3.734375,-3.4390625,0,0,160,0,80,80,40,0.0,0.6186953125,0.687578125
0.505625,0.5,2.866576577553538,0.0,0.25,0.0,random,0.0,0.0,0.0,16,0.0,0.0,alpha,0.0046875,0.25048011615872384,-3.734375,-3.7296875,0,0,240,0,120,120,40,0.0,0.48734375,0.5260416666666666
0.5100520833333333,0.5,2.866576577553538,0.0,0.5,0.0,random,0.0,0.0,0.0,16,0.0,0.0,alpha,0.011979166666666667,0.5004153644045194,-3.734375,-3.722395833333333,0,0,240,0,120,120,40,0.0,0.4928125,0.53171875
0.5088541666666667,0.5,2.866576577553538,0.0,1.0,0.0,random,0.0,0.0,0.0,16,0.0,0.0,alpha,0.010416666666666666,0.9998498936494191,-3.734375,-3.7239583333333335,0,0,240,0,120,120,40,0.0,0.48380208333333335,0.5299153645833333
0.5053645833333333,0.5,2.866576577553538,0.0,2.0,0.0,random,0.0,0.0,0.0,16,0.0,0.0,alpha,0.008854166666666666,2.000057073434194,-3.734375,-3.7255208333333334,0,0,240,0,120,120,40,0.0,0.48280078125,0.52849609375
0.5027604166666667,0.5,2.866576577553538,0.0,4.0,0.0,random,0.0,0.0,0.0,16,0.0,0.0,alpha,0.0,4.00005716085434,-3.734375,-3.734375,0,0,240,0,120,120,40,0.0,0.48217317708333335,0.52265625
0.51109375,0.5,2.866576577553538,0.0,8.0,0.0,random,0.0,0.0,0.0,16,0.0,0.0,alpha,0.0109375,8.00006153980891,-3.734375,-3.7234375,0,0,240,0,120,120,40,0.0,0.48816666666666664,0.5360611979166666
0.50640625,0.5,2.866576577553538,0.0,16.0,0.0,random,0.0,0.0,0.0,16,0.0,0.0,alpha,0.00625,15.999554761250813,-3.734375,-3.728125,0,0,240,0,120,120,40,0.0,0.48389453125,0.5328867187499999
0.5569270833333333,0.5,2.866576577553538,0.0,32.0,0.0,random,0.0,0.0,0.0,16,0.0,0.0,alpha,0.09270833333333334,31.999402062098184,-3.734375,-3.6416666666666666,0,0,240,0,120,120,40,0.0,0.515609375,0.6104765625
0.54125,0.5,2.866576577553538,0.0,64.0,0.0,random,0.0,0.0,0.0,16,0.0,0.0,alpha,0.09739583333333333,63.99890381495158,-3.734375,-3.636979166666667,0,0,240,0,120,120,40,0.0,0.35544921875,0.69454296875
0.39390625,0.5,2.866576577553538,0.0,128.0,0.0,random,0.0,0.0,0.0,16,0.0,0.0,alpha,-0.15859375,127.99767201741537,-3.734375,-3.89296875,0,0,240,0,120,120,40,0.0,0.228125,0.60084765625
0.5081770833333333,0.5,2.866576577553538,0.0,0.01,0.0,random,0.0,0.0,0.0,16,0.0,0.0,z_mad,0.0078125,0.0007917397563384535,-3.734375,-3.7265625,0,0,240,0,120,120,40,0.0,0.4858203125,0.5297395833333334
0.5050520833333333,0.5,2.866576577553538,0.0,0.02,0.0,random,0.0,0.0,0.0,16,0.0,0.0,z_mad,0.0036458333333333334,0.002207914301349471,-3.734375,-3.730729166666667,0,0,240,0,120,120,40,0.0,0.48733984375,0.52329296875
0.5034895833333334,0.5,2.866576577553538,0.0,0.04,0.0,random,0.0,0.0,0.0,16,0.0,0.0,z_mad,0.0036458333333333334,0.00595514663339903,-3.734375,-3.730729166666667,0,0,240,0,120,120,40,0.0,0.48401041666666667,0.52512109375
0.5032291666666666,0.5,2.866576577553538,0.0,0.08,0.0,random,0.0,0.0,0.0,16,0.0,0.0,z_mad,0.0020833333333333333,0.014629900983224312,-3.734375,-3.732291666666667,0,0,240,0,120,120,40,0.0,0.48020703125,0.5283958333333334
0.5078645833333333,0.5,2.866576577553538,0.0,0.16,0.0,random,0.0,0.0,0.0,16,0.0,0.0,z_mad,0.0046875,0.03132225723626713,-3.734375,-3.7296875,0,0,240,0,120,120,40,0.0,0.4896875,0.5241145833333334
0.5065625,0.5,2.866576577553538,0.0,0.32,0.0,random,0.0,0.0,0.0,16,0.0,0.0,z_mad,0.005729166666666666,0.06159499641507864,-3.734375,-3.728645833333333,0,0,240,0,120,120,40,0.0,0.48436848958333334,0.5266796874999999
0.50921875,0.5,2.866576577553538,0.0,0.64,0.0,random,0.0,0.0,0.0,16,0.0,0.0,z_mad,0.008854166666666666,0.12125105373561382,-3.734375,-3.7255208333333334,0,0,240,0,120,120,40,0.0,0.48791666666666667,0.53219140625
0.5013020833333334,0.5,2.866576577553538,0.0,1.28,0.0,random,0.0,0.0,0.0,16,0.0,0.0,z_mad,-0.0015625,0.24146437036494414,-3.734375,-3.7359375,0,0,240,0,120,120,40,0.0,0.48218489583333335,0.51953125
0.5056770833333334,0.5,2.866576577553538,0.0,2.56,0.0,random,0.0,0.0,0.0,16,0.0,0.0,z_mad,0.008854166666666666,0.48253474533557894,-3.734375,-3.7255208333333334,0,0,240,0,120,120,40,0.0,0.4843645833333333,0.5226588541666667
0.5080729166666667,0.5,2.866576577553538,0.0,5.12,0.0,random,0.0,0.0,0.0,16,0.0,0.0,z_mad,0.009375,0.9640455881754557,-3.734375,-3.725,0,0,240,0,120,120,40,0.0,0.48755208333333333,0.52875
0.50703125,0.5,2.866576577553538,0.0,10.24,0.0,random,0.0,0.0,0.0,16,0.0,0.0,z_mad,0.005208333333333333,1.9279689232508341,-3.734375,-3.7291666666666665,0,0,240,0,120,120,40,0.0,0.48630208333333336,0.5314075520833333
0.5057291666666667,0.5,2.866576577553538,0.0,20.48,0.0,random,0.0,0.0,0.0,16,0.0,0.0,z_mad,0.007291666666666667,3.8560448845227557,-3.734375,-3.7270833333333333,0,0,240,0,120,120,40,0.0,0.48296875,0.528125
0.5061979166666667,0.5,2.866576577553538,0.0,0.01,0.0,random,0.0,0.0,0.0,16,0.0,0.0,z_sd,0.004166666666666667,0.02123800344221915,-3.734375,-3.730208333333333,0,0,240,0,120,120,40,0.0,0.4862213541666667,0.5286002604166666
0.50609375,0.5,2.866576577553538,0.0,0.02,0.0,random,0.0,0.0,0.0,16,0.0,0.0,z_sd,0.0046875,0.04330997153495749,-3.734375,-3.7296875,0,0,240,0,120,120,40,0.0,0.48796875,0.52953125
0.5079166666666667,0.5,2.866576577553538,0.0,0.04,0.0,random,0.0,0.0,0.0,16,0.0,0.0,z_sd,0.0078125,0.08697314459520082,-3.734375,-3.7265625,0,0,240,0,120,120,40,0.0,0.4873880208333333,0.52984765625
0.50546875,0.5,2.866576577553538,0.0,0.08,0.0,random,0.0,0.0,0.0,16,0.0,0.0,z_sd,0.0036458333333333334,0.17370068663731217,-3.734375,-3.730729166666667,0,0,240,0,120,120,40,0.0,0.48875,0.5217265625
0.5099479166666666,0.5,2.866576577553538,0.0,0.16,0.0,random,0.0,0.0,0.0,16,0.0,0.0,z_sd,0.011979166666666667,0.3463544719542066,-3.734375,-3.722395833333333,0,0,240,0,120,120,40,0.0,0.4879140625,0.5320833333333334
0.5088020833333333,0.5,2.866576577553538,0.0,0.32,0.0,random,0.0,0.0,0.0,16,0.0,0.0,z_sd,0.007291666666666667,0.691762238740921,-3.734375,-3.7270833333333333,0,0,240,0,120,120,40,0.0,0.4896796875,0.52760546875
0.5044270833333333,0.5,2.866576577553538,0.0,0.64,0.0,random,0.0,0.0,0.0,16,0.0,0.0,z_sd,0.004166666666666667,1.3828236743807794,-3.734375,-3.730208333333333,0,0,240,0,120,120,40,0.0,0.4805169270833333,0.52984375
0.50671875,0.5,2.866576577553538,0.0,1.28,0.0,random,0.0,0.0,0.0,16,0.0,0.0,z_sd,0.0046875,2.76548278828462,-3.734375,-3.7296875,0,0,240,0,120,120,40,0.0,0.48400911458333334,0.5269401041666667
0.5058333333333334,0.5,2.866576577553538,0.0,2.56,0.0,random,0.0,0.0,0.0,16,0.0,0.0,z_sd,0.0026041666666666665,5.53039430975914,-3.734375,-3.7317708333333335,0,0,240,0,120,120,40,0.0,0.482703125,0.5326354166666666
0.5011458333333333,0.5,2.866576577553538,0.0,5.12,0.0,random,0.0,0.0,0.0,16,0.0,0.0,z_sd,0.0,11.060988585154215,-3.734375,-3.734375,0,0,240,0,120,120,40,0.0,0.4843671875,0.5230208333333334
0.49927083333333333,0.5,2.866576577553538,0.0,10.24,0.0,random,0.0,0.0,0.0,16,0.0,0.0,z_sd,-0.0010416666666666667,22.122134319941203,-3.734375,-3.7354166666666666,0,0,240,0,120,120,40,0.0,0.4778125,0.5198541666666667
0.44755208333333335,0.5,2.866576577553538,0.0,20.48,0.0,random,0.0,0.0,0.0,16,0.0,0.0,z_sd,-0.09895833333333333,44.24398047924042,-3.734375,-3.8333333333333335,0,0,240,0,120,120,40,0.0,0.27663671875,0.570625
0.508078125,0.5,3.2275758330035513,0.0,0.25,0.0,concept,0.0,0.0,0.0,17,0.0,0.0,alpha,0.00984375,0.2505584082379937,-3.734375,-3.72453125,0,0,800,0,400,400,40,0.0,0.48910390625,0.5277953125
0.50884375,0.5,3.2275758330035513,0.0,0.5,0.0,concept,0.0,0.0,0.0,17,0.0,0.0,alpha,0.00859375,0.5003143995255231,-3.734375,-3.72578125,0,0,800,0,400,400,40,0.0,0.48607226562500006,0.53384453125
0.506234375,0.5,3.2275758330035513,0.0,1.0,0.0,concept,0.0,0.0,0.0,17,0.0,0.0,alpha,0.00375,1.000521062463522,-3.734375,-3.730625,0,0,800,0,400,400,40,0.0,0.48470195312500003,0.529296875
0.509015625,0.5,3.2275758330035513,0.0,2.0,0.0,concept,0.0,0.0,0.0,17,0.0,0.0,alpha,0.00859375,2.0000990799069402,-3.734375,-3.72578125,0,0,800,0,400,400,40,0.0,0.4906671875,0.53167109375
0.505203125,0.5,3.2275758330035513,0.0,4.0,0.0,concept,0.0,0.0,0.0,17,0.0,0.0,alpha,0.005,4.0002633464336395,-3.734375,-3.729375,0,0,800,0,400,400,40,0.0,0.47858671875,0.529407421875
0.5071875,0.5,3.2275758330035513,0.0,8.0,0.0,concept,0.0,0.0,0.0,17,0.0,0.0,alpha,0.0071875,8.000931885242462,-3.734375,-3.7271875,0,0,800,0,400,400,40,0.0,0.484015234375,0.527830859375
0.5063125,0.5,3.2275758330035513,0.0,16.0,0.0,concept,0.0,0.0,0.0,17,0.0,0.0,alpha,0.00046875,16.001269040107726,-3.734375,-3.73390625,0,0,800,0,400,400,40,0.0,0.473276171875,0.537486328125
0.482234375,0.5,3.2275758330035513,0.0,32.0,0.0,concept,0.0,0.0,0.0,17,0.0,0.0,alpha,-0.08171875,32.002796783447266,-3.734375,-3.81609375,0,0,800,0,400,400,40,0.0,0.36048125000000003,0.564183984375
0.414765625,0.5,3.2275758330035513,0.0,64.0,0.0,concept,0.0,0.0,0.0,17,0.0,0.0,alpha,-0.2946875,64.00543510437012,-3.734375,-4.0290625,0,0,800,0,400,400,40,0.0,0.317459765625,0.503597265625
0.348484375,0.5,3.2275758330035513,0.0,128.0,0.0,concept,0.0,0.0,0.045,17,0.0,0.0,alpha,-0.523046875,128.01140756607055,-3.734375,-4.257421875,0,18,800,0,400,400,40,0.0,0.2644828125,0.41753632812499997
0.506828125,0.5,3.2275758330035513,0.0,0.01,0.0,concept,0.0,0.0,0.0,17,0.0,0.0,z_mad,0.0059375,0.003663549523917027,-3.734375,-3.7284375,0,0,800,0,400,400,40,0.0,0.489069921875,0.52777734375
0.508015625,0.5,3.2275758330035513,0.0,0.02,0.0,concept,0.0,0.0,0.0,17,0.0,0.0,z_mad,0.00828125,0.00923099901410751,-3.734375,-3.72609375,0,0,800,0,400,400,40,0.0,0.48929140625,0.53062578125
0.51084375,0.5,3.2275758330035513,0.0,0.04,0.0,concept,0.0,0.0,0.0,17,0.0,0.0,z_mad,0.0115625,0.021624186080880462,-3.734375,-3.7228125,0,0,800,0,400,400,40,0.0,0.492853125,0.5289078125000001
0.50709375,0.5,3.2275758330035513,0.0,0.08,0.0,concept,0.0,0.0,0.0,17,0.0,0.0,z_mad,0.00734375,0.045661902511492374,-3.734375,-3.72703125,0,0,800,0,400,400,40,0.0,0.491133203125,0.52763203125
0.50603125,0.5,3.2275758330035513,0.0,0.16,0.0,concept,0.0,0.0,0.0,17,0.0,0.0,z_mad,0.00421875,0.08931178592145443,-3.734375,-3.73015625,0,0,800,0,400,400,40,0.0,0.486826953125,0.5247976562500001
0.507734375,0.5,3.2275758330035513,0.0,0.32,0.0,concept,0.0,0.0,0.0,17,0.0,0.0,z_mad,0.00765625,0.1779154095426202,-3.734375,-3.72671875,0,0,800,0,400,400,40,0.0,0.48951601562499997,0.5308125
0.50884375,0.5,3.2275758330035513,0.0,0.64,0.0,concept,0.0,0.0,0.0,17,0.0,0.0,z_mad,0.0090625,0.35286400228738785,-3.734375,-3.7253125,0,0,800,0,400,400,40,0.0,0.494091796875,0.526906640625
0.50840625,0.5,3.2275758330035513,0.0,1.28,0.0,concept,0.0,0.0,0.0,17,0.0,0.0,z_mad,0.00875,0.7044627778232098,-3.734375,-3.725625,0,0,800,0,400,400,40,0.0,0.48849765624999997,0.5328609375000001
0.51071875,0.5,3.2275758330035513,0.0,2.56,0.0,concept,0.0,0.0,0.0,17,0.0,0.0,z_mad,0.01125,1.4085205098986626,-3.734375,-3.723125,0,0,800,0,400,400,40,0.0,0.489468359375,0.531190234375
0.506453125,0.5,3.2275758330035513,0.0,5.12,0.0,concept,0.0,0.0,0.0,17,0.0,0.0,z_mad,0.005,2.818056973218918,-3.734375,-3.729375,0,0,800,0,400,400,40,0.0,0.48517109374999995,0.52905
0.50478125,0.5,3.2275758330035513,0.0,10.24,0.0,concept,0.0,0.0,0.0,17,0.0,0.0,z_mad,0.0034375,5.635934889316559,-3.734375,-3.7309375,0,0,800,0,400,400,40,0.0,0.48370039062500003,0.522988671875
0.501671875,0.5,3.2275758330035513,0.0,20.48,0.0,concept,0.0,0.0,0.0,17,0.0,0.0,z_mad,-0.00671875,11.271658606529236,-3.734375,-3.74109375,0,0,800,0,400,400,40,0.0,0.47204453124999995,0.52895859375
0.5083125,0.5,3.2275758330035513,0.0,0.01,0.0,concept,0.0,0.0,0.0,17,0.0,0.0,z_sd,0.0084375,0.5616292983666062,-3.734375,-3.7259375,0,0,800,0,400,400,40,0.0,0.485608984375,0.53381484375
0.503046875,0.5,3.2275758330035513,0.0,0.02,0.0,concept,0.0,0.0,0.0,17,0.0,0.0,z_sd,0.00390625,1.1220887400209905,-3.734375,-3.73046875,0,0,800,0,400,400,40,0.0,0.48236640625,0.51925625
0.50646875,0.5,3.2275758330035513,0.0,0.04,0.0,concept,0.0,0.0,0.0,17,0.0,0.0,z_sd,0.00609375,2.2446227145195006,-3.734375,-3.72828125,0,0,800,0,400,400,40,0.0,0.48357656250000003,0.53173515625
0.5100625,0.5,3.2275758330035513,0.0,0.08,0.0,concept,0.0,0.0,0.0,17,0.0,0.0,z_sd,0.00984375,4.488101927042007,-3.734375,-3.72453125,0,0,800,0,400,400,40,0.0,0.490468359375,0.5324296875000001
0.5015625,0.5,3.2275758330035513,0.0,0.16,0.0,concept,0.0,0.0,0.0,17,0.0,0.0,z_sd,-0.0046875,8.97670722424984,-3.734375,-3.7390625,0,0,800,0,400,400,40,0.0,0.479401171875,0.52528828125
0.477203125,0.5,3.2275758330035513,0.0,0.32,0.0,concept,0.0,0.0,0.0,17,0.0,0.0,z_sd,-0.06921875,17.953567818403243,-3.734375,-3.80359375,0,0,800,0,400,400,40,0.0,0.38310195312499995,0.527330859375
0.4724375,0.5,3.2275758330035513,0.0,0.64,0.0,concept,0.0,0.0,0.0,17,0.0,0.0,z_sd,-0.143828125,35.906968734264375,-3.734375,-3.878203125,0,0,800,0,400,400,40,0.0,0.35848828125,0.5447054687499999
0.496859375,0.5,3.2275758330035513,0.0,1.28,0.0,concept,0.0,0.0,0.0175,17,0.0,0.0,z_sd,0.00203125,71.81381338596344,-3.734375,-3.73234375,0,7,800,0,400,400,40,0.0,0.44596718750000003,0.543065625
0.397890625,0.5,3.2275758330035513,0.0,2.56,0.0,concept,0.0,0.0,0.1,17,0.0,0.0,z_sd,-0.1778125,143.62691297531128,-3.734375,-3.9121875,0,40,800,0,400,400,40,0.0,0.324437109375,0.46424257812499997
0.327859375,0.5,3.2275758330035513,0.0,5.12,0.0,concept,0.0,0.0,0.1,17,0.0,0.0,z_sd,-0.5275,287.2751106452942,-3.734375,-4.261875,0,40,800,0,400,400,40,0.0,0.2066359375,0.46489375
0.254109375,0.5,3.2275758330035513,0.0,10.24,0.0,concept,0.0,0.0,0.1,17,0.0,0.0,z_sd,-0.9603125,574.5573140335083,-3.734375,-4.6946875,0,40,800,0,400,400,40,0.0,0.12089726562500001,0.4389175781249999
0.21578125,0.5,3.2275758330035513,0.0,20.48,0.0,concept,0.0,0.0,0.1,17,0.0,0.0,z_sd,-1.2466015625,1149.0546891784668,-3.734375,-4.9809765625,0,40,800,0,400,400,40,0.0,0.073817578125,0.415349609375
0.510078125,0.5,2.7364194385325056,0.0,0.25,0.0,dropout,0.0,0.0,0.0,17,0.0,0.0,alpha,0.0109375,0.14043920915573835,-3.734375,-3.7234375,0,0,160,0,80,80,40,0.0,0.49427539062500003,0.531796875
0.503671875,0.5,2.7364194385325056,0.0,0.5,0.0,dropout,0.0,0.0,0.0,17,0.0,0.0,alpha,0.003125,0.3871432630345225,-3.734375,-3.73125,0,0,160,0,80,80,40,0.0,0.4846875,0.5229707031249999
0.505625,0.5,2.7364194385325056,0.0,1.0,0.0,dropout,0.0,0.0,0.0,17,0.0,0.0,alpha,0.00859375,0.884511336684227,-3.734375,-3.72578125,0,0,160,0,80,80,40,0.0,0.487865234375,0.529375
0.51546875,0.5,2.7364194385325056,0.0,2.0,0.0,dropout,0.0,0.0,0.0,17,0.0,0.0,alpha,0.0140625,1.8880818843841554,-3.734375,-3.7203125,0,0,160,0,80,80,40,0.0,0.495390625,0.540015625
0.5090625,0.5,2.7364194385325056,0.0,4.0,0.0,dropout,0.0,0.0,0.0,17,0.0,0.0,alpha,0.01015625,3.8482937157154082,-3.734375,-3.72421875,0,0,160,0,80,80,40,0.0,0.486953125,0.526484375
0.51015625,0.5,2.7364194385325056,0.0,8.0,0.0,dropout,0.0,0.0,0.0,17,0.0,0.0,alpha,0.01484375,7.9346546053886415,-3.734375,-3.71953125,0,0,160,0,80,80,40,0.0,0.48171875,0.538125
0.523125,0.5,2.7364194385325056,0.0,16.0,0.0,dropout,0.0,0.0,0.0,17,0.0,0.0,alpha,0.03046875,15.943943214416503,-3.734375,-3.70390625,0,0,160,0,80,80,40,0.0,0.4990625,0.550625
0.562109375,0.5,2.7364194385325056,0.0,32.0,0.0,dropout,0.0,0.0,0.0,17,0.0,0.0,alpha,0.09296875,30.734697127342223,-3.734375,-3.64140625,0,0,160,0,80,80,40,0.0,0.52359375,0.60046875
0.411171875,0.5,2.7364194385325056,0.0,64.0,0.0,dropout,0.0,0.0,0.0,17,0.0,0.0,alpha,-0.377734375,61.130157995223996,-3.734375,-4.112109375,0,0,160,0,80,80,40,0.0,0.3296875,0.49703125
0.53640625,0.5,2.7364194385325056,0.0,128.0,0.0,dropout,0.0,0.0,0.0,17,0.0,0.0,alpha,-0.18046875,110.50885972976684,-3.734375,-3.91484375,0,0,160,0,80,80,40,0.0,0.446875,0.63862109375
0.5,0.5,2.7364194385325056,0.0,0.01,0.0,dropout,0.0,0.0,0.0,17,0.0,0.0,z_mad,0.0,0.0,-3.734375,-3.734375,0,0,160,0,80,80,40,0.0,0.5,0.5
0.5,0.5,2.7364194385325056,0.0,0.02,0.0,dropout,0.0,0.0,0.0,17,0.0,0.0,z_mad,0.0,0.0,-3.734375,-3.734375,0,0,160,0,80,80,40,0.0,0.5,0.5
0.5,0.5,2.7364194385325056,0.0,0.04,0.0,dropout,0.0,0.0,0.0,17,0.0,0.0,z_mad,0.0,0.0,-3.734375,-3.734375,0,0,160,0,80,80,40,0.0,0.5,0.5
0.500234375,0.5,2.7364194385325056,0.0,0.08,0.0,dropout,0.0,0.0,0.0,17,0.0,0.0,z_mad,-0.00078125,0.0012163435167167336,-3.734375,-3.73515625,0,0,160,0,80,80,40,0.0,0.49655859375,0.5028125
0.5009375,0.5,2.7364194385325056,0.0,0.16,0.0,dropout,0.0,0.0,0.0,17,0.0,0.0,z_mad,0.00078125,0.005287969872370013,-3.734375,-3.73359375,0,0,160,0,80,80,40,0.0,0.48984375,0.5090625
0.5096875,0.5,2.7364194385325056,0.0,0.32,0.0,dropout,0.0,0.0,0.0,17,0.0,0.0,z_mad,0.009375,0.015802762302337216,-3.734375,-3.725,0,0,160,0,80,80,40,0.0,0.4965625,0.523671875
0.515859375,0.5,2.7364194385325056,0.0,0.64,0.0,dropout,0.0,0.0,0.0,17,0.0,0.0,z_mad,0.0171875,0.06178169797640294,-3.734375,-3.7171875,0,0,160,0,80,80,40,0.0,0.4996875,0.5365625
0.509453125,0.5,2.7364194385325056,0.0,1.28,0.0,dropout,0.0,0.0,0.0,17,0.0,0.0,z_mad,0.00859375,0.19524137303233147,-3.734375,-3.72578125,0,0,160,0,80,80,40,0.0,0.49202734374999996,0.528125
0.50984375,0.5,2.7364194385325056,0.0,2.56,0.0,dropout,0.0,0.0,0.0,17,0.0,0.0,z_mad,0.009375,0.4604330126196146,-3.734375,-3.725,0,0,160,0,80,80,40,0.0,0.4903125,0.5284375
0.5109375,0.5,2.7364194385325056,0.0,5.12,0.0,dropout,0.0,0.0,0.0,17,0.0,0.0,z_mad,0.0140625,0.9970033392310143,-3.734375,-3.7203125,0,0,160,0,80,80,40,0.0,0.49702929687499997,0.529064453125
0.506171875,0.5,2.7364194385325056,0.0,10.24,0.0,dropout,0.0,0.0,0.0,17,0.0,0.0,z_mad,0.00703125,2.2488759636878966,-3.734375,-3.72734375,0,0,160,0,80,80,40,0.0,0.48668359375,0.52375
0.51046875,0.5,2.7364194385325056,0.0,20.48,0.0,dropout,0.0,0.0,0.0,17,0.0,0.0,z_mad,0.01015625,4.562901395559311,-3.734375,-3.72421875,0,0,160,0,80,80,40,0.0,0.48328125,0.5381484375
0.500625,0.5,2.7364194385325056,0.0,0.01,0.0,dropout,0.0,0.0,0.0,17,0.0,0.0,z_sd,0.00078125,4.7084264224395156e-05,-3.734375,-3.73359375,0,0,160,0,80,80,40,0.0,0.5,0.5034375
0.498359375,0.5,2.7364194385325056,0.0,0.02,0.0,dropout,0.0,0.0,0.0,17,0.0,0.0,z_sd,-0.00078125,0.0011396839312510566,-3.734375,-3.73515625,0,0,160,0,80,80,40,0.0,0.49249609375,0.502890625
0.5,0.5,2.7364194385325056,0.0,0.04,0.0,dropout,0.0,0.0,0.0,17,0.0,0.0,z_sd,-0.00234375,0.009903517714701594,-3.734375,-3.73671875,0,0,160,0,80,80,40,0.0,0.4940625,0.505625
0.50578125,0.5,2.7364194385325056,0.0,0.08,0.0,dropout,0.0,0.0,0.0,17,0.0,0.0,z_sd,0.00625,0.017175820046395528,-3.734375,-3.728125,0,0,160,0,80,80,40,0.0,0.4910859375,0.5209375
0.505859375,0.5,2.7364194385325056,0.0,0.16,0.0,dropout,0.0,0.0,0.0,17,0.0,0.0,z_sd,0.00234375,0.07476720036938786,-3.734375,-3.73203125,0,0,160,0,80,80,40,0.0,0.48703125,0.52671875
0.510625,0.5,2.7364194385325056,0.0,0.32,0.0,dropout,0.0,0.0,0.0,17,0.0,0.0,z_sd,0.0140625,0.2295287599787116,-3.734375,-3.7203125,0,0,160,0,80,80,40,0.0,0.491947265625,0.538125
0.506171875,0.5,2.7364194385325056,0.0,0.64,0.0,dropout,0.0,0.0,0.0,17,0.0,0.0,z_sd,0.00859375,0.5599910739809275,-3.734375,-3.72578125,0,0,160,0,80,80,40,0.0,0.4915390625,0.51937890625
0.509375,0.5,2.7364194385325056,0.0,1.28,0.0,dropout,0.0,0.0,0.0,17,0.0,0.0,z_sd,0.01015625,1.30542348921299,-3.734375,-3.72421875,0,0,160,0,80,80,40,0.0,0.4885859375,0.5334375
0.506328125,0.5,2.7364194385325056,0.0,2.56,0.0,dropout,0.0,0.0,0.0,17,0.0,0.0,z_sd,0.0015625,2.626564049720764,-3.734375,-3.7328125,0,0,160,0,80,80,40,0.0,0.47890625,0.5312734375
0.503828125,0.5,2.7364194385325056,0.0,5.12,0.0,dropout,0.0,0.0,0.0,17,0.0,0.0,z_sd,-0.0015625,5.4912869274616245,-3.734375,-3.7359375,0,0,160,0,80,80,40,0.0,0.476326171875,0.533515625
0.512734375,0.5,2.7364194385325056,0.0,10.24,0.0,dropout,0.0,0.0,0.0,17,0.0,0.0,z_sd,0.01328125,11.147553479671478,-3.734375,-3.72109375,0,0,160,0,80,80,40,0.0,0.49078125,0.53562890625
0.55359375,0.5,2.7364194385325056,0.0,20.48,0.0,dropout,0.0,0.0,0.0,17,0.0,0.0,z_sd,0.078125,21.89815170764923,-3.734375,-3.65625,0,0,160,0,80,80,40,0.0,0.52859375,0.59375
0.5034375,0.5,2.7364194385325056,0.0,0.25,0.0,noise,0.0,0.0,0.0,17,0.0,0.0,alpha,0.0,0.25060067027807237,-3.734375,-3.734375,0,0,160,0,80,80,40,0.0,0.4856171875,0.5271875
0.5065625,0.5,2.7364194385325056,0.0,0.5,0.0,noise,0.0,0.0,0.0,17,0.0,0.0,alpha,0.003125,0.5003937959671021,-3.734375,-3.73125,0,0,160,0,80,80,40,0.0,0.48030859374999996,0.53890625
0.511640625,0.5,2.7364194385325056,0.0,1.0,0.0,noise,0.0,0.0,0.0,17,0.0,0.0,alpha,0.009375,1.0002123214304448,-3.734375,-3.725,0,0,160,0,80,80,40,0.0,0.4896875,0.5321875
0.509375,0.5,2.7364194385325056,0.0,2.0,0.0,noise,0.0,0.0,0.0,17,0.0,0.0,alpha,0.009375,2.000127857923508,-3.734375,-3.725,0,0,160,0,80,80,40,0.0,0.49015625,0.5315664062500001
0.515078125,0.5,2.7364194385325056,0.0,4.0,0.0,noise,0.0,0.0,0.0,17,0.0,0.0,alpha,0.01640625,4.000040537118911,-3.734375,-3.71796875,0,0,160,0,80,80,40,0.0,0.496078125,0.540796875
0.508671875,0.5,2.7364194385325056,0.0,8.0,0.0,noise,0.0,0.0,0.0,17,0.0,0.0,alpha,0.0078125,7.999978989362717,-3.734375,-3.7265625,0,0,160,0,80,80,40,0.0,0.4890625,0.53109375
0.510390625,0.5,2.7364194385325056,0.0,16.0,0.0,noise,0.0,0.0,0.0,17,0.0,0.0,alpha,0.009375,16.000007677078248,-3.734375,-3.725,0,0,160,0,80,80,40,0.0,0.49390234375,0.52750390625
0.51671875,0.5,2.7364194385325056,0.0,32.0,0.0,noise,0.0,0.0,0.0,17,0.0,0.0,alpha,0.0234375,31.999772000312806,-3.734375,-3.7109375,0,0,160,0,80,80,40,0.0,0.49046875,0.549140625
0.5496875,0.5,2.7364194385325056,0.0,64.0,0.0,noise,0.0,0.0,0.0,17,0.0,0.0,alpha,0.0890625,63.99990234375,-3.734375,-3.6453125,0,0,160,0,80,80,40,0.0,0.507734375,0.60328125
0.633984375,0.5,2.7364194385325056,0.0,128.0,0.0,noise,0.0,0.0,0.0,17,0.0,0.0,alpha,0.25625,128.00016984939575,-3.734375,-3.478125,0,0,160,0,80,80,40,0.0,0.610625,0.675486328125
0.50171875,0.5,2.7364194385325056,0.0,0.01,0.0,noise,0.0,0.0,0.0,17,0.0,0.0,z_mad,-0.00078125,0.0009246335073839873,-3.734375,-3.73515625,0,0,160,0,80,80,40,0.0,0.487720703125,0.5211015625000001
0.508046875,0.5,2.7364194385325056,0.0,0.02,0.0,noise,0.0,0.0,0.0,17,0.0,0.0,z_mad,0.01171875,0.0026044934231322257,-3.734375,-3.72265625,0,0,160,0,80,80,40,0.0,0.484296875,0.5353125
0.510546875,0.5,2.7364194385325056,0.0,0.04,0.0,noise,0.0,0.0,0.0,17,0.0,0.0,z_mad,0.0109375,0.0069678812578786165,-3.734375,-3.7234375,0,0,160,0,80,80,40,0.0,0.489296875,0.535
0.508203125,0.5,2.7364194385325056,0.0,0.08,0.0,noise,0.0,0.0,0.0,17,0.0,0.0,z_mad,0.0078125,0.01693268712842837,-3.734375,-3.7265625,0,0,160,0,80,80,40,0.0,0.482578125,0.53500390625
0.51140625,0.5,2.7364194385325056,0.0,0.16,0.0,noise,0.0,0.0,0.0,17,0.0,0.0,z_mad,0.009375,0.03586035897023976,-3.734375,-3.725,0,0,160,0,80,80,40,0.0,0.49264843750000004,0.53390625
0.51390625,0.5,2.7364194385325056,0.0,0.32,0.0,noise,0.0,0.0,0.0,17,0.0,0.0,z_mad,0.0140625,0.0706890782341361,-3.734375,-3.7203125,0,0,160,0,80,80,40,0.0,0.487654296875,0.5453125
0.506484375,0.5,2.7364194385325056,0.0,0.64,0.0,noise,0.0,0.0,0.0,17,0.0,0.0,z_mad,0.0046875,0.13863150393590332,-3.734375,-3.7296875,0,0,160,0,80,80,40,0.0,0.48265234375,0.5286093749999999
0.499375,0.5,2.7364194385325056,0.0,1.28,0.0,noise,0.0,0.0,0.0,17,0.0,0.0,z_mad,-0.0046875,0.2771057678386569,-3.734375,-3.7390625,0,0,160,0,80,80,40,0.0,0.47640625,0.5215664062500001
0.50953125,0.5,2.7364194385325056,0.0,2.56,0.0,noise,0.0,0.0,0.0,17,0.0,0.0,z_mad,0.01015625,0.5568219341337681,-3.734375,-3.72421875,0,0,160,0,80,80,40,0.0,0.486091796875,0.53296875
0.503828125,0.5,2.7364194385325056,0.0,5.12,0.0,noise,0.0,0.0,0.0,17,0.0,0.0,z_mad,0.00078125,1.1208416432142259,-3.734375,-3.73359375,0,0,160,0,80,80,40,0.0,0.480625,0.525015625
0.50921875,0.5,2.7364194385325056,0.0,10.24,0.0,noise,0.0,0.0,0.0,17,0.0,0.0,z_mad,0.01015625,2.207820898294449,-3.734375,-3.72421875,0,0,160,0,80,80,40,0.0,0.49186914062500003,0.52671875
0.506953125,0.5,2.7364194385325056,0.0,20.48,0.0,noise,0.0,0.0,0.0,17,0.0,0.0,z_mad,0.0046875,4.480256849527359,-3.734375,-3.7296875,0,0,160,0,80,80,40,0.0,0.487109375,0.527666015625
0.503203125,0.5,2.7364194385325056,0.0,0.01,0.0,noise,0.0,0.0,0.0,17,0.0,0.0,z_sd,0.00546875,0.02492444523377344,-3.734375,-3.72890625,0,0,160,0,80,80,40,0.0,0.4828125,0.520703125
0.50828125,0.5,2.7364194385325056,0.0,0.02,0.0,noise,0.0,0.0,0.0,17,0.0,0.0,z_sd,0.01015625,0.04859282921534032,-3.734375,-3.72421875,0,0,160,0,80,80,40,0.0,0.493357421875,0.523125
0.5078125,0.5,2.7364194385325056,0.0,0.04,0.0,noise,0.0,0.0,0.0,17,0.0,0.0,z_sd,0.0078125,0.10093899564817548,-3.734375,-3.7265625,0,0,160,0,80,80,40,0.0,0.489296875,0.530078125
0.50640625,0.5,2.7364194385325056,0.0,0.08,0.0,noise,0.0,0.0,0.0,17,0.0,0.0,z_sd,0.0046875,0.21438308684155344,-3.734375,-3.7296875,0,0,160,0,80,80,40,0.0,0.487265625,0.528671875
0.50234375,0.5,2.7364194385325056,0.0,0.16,0.0,noise,0.0,0.0,0.0,17,0.0,0.0,z_sd,0.00390625,0.41719269286841154,-3.734375,-3.73046875,0,0,160,0,80,80,40,0.0,0.48108984374999997,0.522818359375
0.505625,0.5,2.7364194385325056,0.0,0.32,0.0,noise,0.0,0.0,0.0,17,0.0,0.0,z_sd,0.00390625,0.802545478567481,-3.734375,-3.73046875,0,0,160,0,80,80,40,0.0,0.48328125,0.5261171875
0.506796875,0.5,2.7364194385325056,0.0,0.64,0.0,noise,0.0,0.0,0.0,17,0.0,0.0,z_sd,0.00390625,1.5780582167208195,-3.734375,-3.73046875,0,0,160,0,80,80,40,0.0,0.4853125,0.526796875
0.508671875,0.5,2.7364194385325056,0.0,1.28,0.0,noise,0.0,0.0,0.0,17,0.0,0.0,z_sd,0.0078125,3.173844493180513,-3.734375,-3.7265625,0,0,160,0,80,80,40,0.0,0.491953125,0.52703125
0.509296875,0.5,2.7364194385325056,0.0,2.56,0.0,noise,0.0,0.0,0.0,17,0.0,0.0,z_sd,0.00859375,6.6740527510643,-3.734375,-3.72578125,0,0,160,0,80,80,40,0.0,0.4896796875,0.53814453125
0.51515625,0.5,2.7364194385325056,0.0,5.12,0.0,noise,0.0,0.0,0.0,17,0.0,0.0,z_sd,0.01953125,13.675806975364685,-3.734375,-3.71484375,0,0,160,0,80,80,40,0.0,0.50171875,0.533984375
0.52625,0.5,2.7364194385325056,0.0,10.24,0.0,noise,0.0,0.0,0.0,17,0.0,0.0,z_sd,0.04140625,26.797367572784424,-3.734375,-3.69296875,0,0,160,0,80,80,40,0.0,0.504513671875,0.556734375
0.583359375,0.5,2.7364194385325056,0.0,20.48,0.0,noise,0.0,0.0,0.0,17,0.0,0.0,z_sd,0.16171875,50.864556515216826,-3.734375,-3.57265625,0,0,160,0,80,80,40,0.0,0.5315546875,0.62421875
0.51125,0.5,2.866576577553538,0.0,0.25,0.0,random,0.0,0.0,0.0,17,0.0,0.0,alpha,0.011458333333333333,0.2505443076292674,-3.734375,-3.722916666666667,0,0,240,0,120,120,40,0.0,0.49713541666666666,0.5279179687500001
0.5144270833333333,0.5,2.866576577553538,0.0,0.5,0.0,random,0.0,0.0,0.0,17,0.0,0.0,alpha,0.01875,0.5004075293739637,-3.734375,-3.715625,0,0,240,0,120,120,40,0.0,0.49640625,0.5336015625
0.5100520833333333,0.5,2.866576577553538,0.0,1.0,0.0,random,0.0,0.0,0.0,17,0.0,0.0,alpha,0.009375,1.0001686130960783,-3.734375,-3.725,0,0,240,0,120,120,40,0.0,0.4893528645833333,0.5400625
0.5071875,0.5,2.866576577553538,0.0,2.0,0.0,random,0.0,0.0,0.0,17,0.0,0.0,alpha,0.00625,2.0002500216166177,-3.734375,-3.728125,0,0,240,0,120,120,40,0.0,0.485,0.5282356770833333
0.50546875,0.5,2.866576577553538,0.0,4.0,0.0,random,0.0,0.0,0.0,17,0.0,0.0,alpha,0.007291666666666667,3.9998856921990713,-3.734375,-3.7270833333333333,0,0,240,0,120,120,40,0.0,0.48722786458333334,0.52562890625
0.50765625,0.5,2.866576577553538,0.0,8.0,0.0,random,0.0,0.0,0.0,17,0.0,0.0,alpha,0.011458333333333333,7.999755879243215,-3.734375,-3.722916666666667,0,0,240,0,120,120,40,0.0,0.4908854166666667,0.5287044270833333
0.5096875,0.5,2.866576577553538,0.0,16.0,0.0,random,0.0,0.0,0.0,17,0.0,0.0,alpha,0.010416666666666666,15.99948020776113,-3.734375,-3.7239583333333335,0,0,240,0,120,120,40,0.0,0.47451953125,0.5403190104166666
0.53578125,0.5,2.866576577553538,0.0,32.0,0.0,random,0.0,0.0,0.0,17,0.0,0.0,alpha,0.05,31.999201599756876,-3.734375,-3.684375,0,0,240,0,120,120,40,0.0,0.4453515625,0.63015625
0.35791666666666666,0.5,2.866576577553538,0.0,64.0,0.0,random,0.0,0.0,0.0,17,0.0,0.0,alpha,-0.3885416666666667,63.99786437352498,-3.734375,-4.122916666666667,0,0,240,0,120,120,40,0.0,0.18953125,0.49215234375
0.405625,0.5,2.866576577553538,0.0,128.0,0.0,random,0.0,0.0,0.0,17,0.0,0.0,alpha,-0.39739583333333334,127.99639549255372,-3.734375,-4.131770833333333,0,0,240,0,120,120,40,0.0,0.32589843749999997,0.4907890625
0.5069791666666666,0.5,2.866576577553538,0.0,0.01,0.0,random,0.0,0.0,0.0,17,0.0,0.0,z_mad,0.005208333333333333,0.0009928954192825283,-3.734375,-3.7291666666666665,0,0,240,0,120,120,40,0.0,0.48644010416666666,0.5292734375
0.5103125,0.5,2.866576577553538,0.0,0.02,0.0,random,0.0,0.0,0.0,17,0.0,0.0,z_mad,0.0109375,0.0027694412953375527,-3.734375,-3.7234375,0,0,240,0,120,120,40,0.0,0.4897799479166667,0.5314609375
0.5085416666666667,0.5,2.866576577553538,0.0,0.04,0.0,random,0.0,0.0,0.0,17,0.0,0.0,z_mad,0.008854166666666666,0.007413133163936436,-3.734375,-3.7255208333333334,0,0,240,0,120,120,40,0.0,0.4949986979166667,0.5301263020833333
0.5059895833333333,0.5,2.866576577553538,0.0,0.08,0.0,random,0.0,0.0,0.0,17,0.0,0.0,z_mad,0.0067708333333333336,0.017921628197655082,-3.734375,-3.7276041666666666,0,0,240,0,120,120,40,0.0,0.49254296875,0.52328125
0.50625,0.5,2.866576577553538,0.0,0.16,0.0,random,0.0,0.0,0.0,17,0.0,0.0,z_mad,0.005208333333333333,0.03746811424692472,-3.734375,-3.7291666666666665,0,0,240,0,120,120,40,0.0,0.48692708333333334,0.5248515625000001
0.50765625,0.5,2.866576577553538,0.0,0.32,0.0,random,0.0,0.0,0.0,17,0.0,0.0,z_mad,0.008854166666666666,0.07373636358728011,-3.734375,-3.7255208333333334,0,0,240,0,120,120,40,0.0,0.4844791666666667,0.5317200520833334
0.5041145833333334,0.5,2.866576577553538,0.0,0.64,0.0,random,0.0,0.0,0.0,17,0.0,0.0,z_mad,0.0026041666666666665,0.14558530350526175,-3.734375,-3.7317708333333335,0,0,240,0,120,120,40,0.0,0.48440494791666666,0.5276601562500001
0.508125,0.5,2.866576577553538,0.0,1.28,0.0,random,0.0,0.0,0.0,17,0.0,0.0,z_mad,0.009895833333333333,0.2899619201819102,-3.734375,-3.724479166666667,0,0,240,0,120,120,40,0.0,0.48520442708333333,0.5288033854166667
0.514375,0.5,2.866576577553538,0.0,2.56,0.0,random,0.0,0.0,0.0,17,0.0,0.0,z_mad,0.016145833333333335,0.5789453720053037,-3.734375,-3.7182291666666667,0,0,240,0,120,120,40,0.0,0.49551953125000003,0.5328125
0.5076041666666666,0.5,2.866576577553538,0.0,5.12,0.0,random,0.0,0.0,0.0,17,0.0,0.0,z_mad,0.005729166666666666,1.1577692002058029,-3.734375,-3.728645833333333,0,0,240,0,120,120,40,0.0,0.4843203125,0.5254244791666667
0.5084895833333334,0.5,2.866576577553538,0.0,10.24,0.0,random,0.0,0.0,0.0,17,0.0,0.0,z_mad,0.010416666666666666,2.3153449396292367,-3.734375,-3.7239583333333335,0,0,240,0,120,120,40,0.0,0.48530859374999996,0.535
0.5117708333333333,0.5,2.866576577553538,0.0,20.48,0.0,random,0.0,0.0,0.0,17,0.0,0.0,z_mad,0.015625,4.630224633216858,-3.734375,-3.71875,0,0,240,0,120,120,40,0.0,0.4952578125,0.5336979166666667
0.50484375,0.5,2.866576577553538,0.0,0.01,0.0,random,0.0,0.0,0.0,17,0.0,0.0,z_sd,0.00625,0.004957592846282447,-3.734375,-3.728125,0,0,240,0,120,120,40,0.0,0.48983984375,0.5230729166666667
0.5059375,0.5,2.866576577553538,0.0,0.02,0.0,random,0.0,0.0,0.0,17,0.0,0.0,z_sd,0.0046875,0.012050947597405564,-3.734375,-3.7296875,0,0,240,0,120,120,40,0.0,0.48796875,0.5253658854166667
0.5055208333333333,0.5,2.866576577553538,0.0,0.04,0.0,random,0.0,0.0,0.0,17,0.0,0.0,z_sd,0.0026041666666666665,0.025964493149270615,-3.734375,-3.7317708333333335,0,0,240,0,120,120,40,0.0,0.48192578125,0.5315664062500001
0.50796875,0.5,2.866576577553538,0.0,0.08,0.0,random,0.0,0.0,0.0,17,0.0,0.0,z_sd,0.007291666666666667,0.05256057117755215,-3.734375,-3.7270833333333333,0,0,240,0,120,120,40,0.0,0.49213151041666664,0.5289075520833334
0.5079166666666667,0.5,2.866576577553538,0.0,0.16,0.0,random,0.0,0.0,0.0,17,0.0,0.0,z_sd,0.009375,0.1044552879408002,-3.734375,-3.725,0,0,240,0,120,120,40,0.0,0.485515625,0.52796875
0.5069270833333334,0.5,2.866576577553538,0.0,0.32,0.0,random,0.0,0.0,0.0,17,0.0,0.0,z_sd,0.00625,0.2076617845023672,-3.734375,-3.728125,0,0,240,0,120,120,40,0.0,0.47925390625,0.526875
0.5072395833333333,0.5,2.866576577553538,0.0,0.64,0.0,random,0.0,0.0,0.0,17,0.0,0.0,z_sd,0.0046875,0.4142548235754172,-3.734375,-3.7296875,0,0,240,0,120,120,40,0.0,0.4852604166666667,0.53203125
0.5060416666666666,0.5,2.866576577553538,0.0,1.28,0.0,random,0.0,0.0,0.0,17,0.0,0.0,z_sd,0.0036458333333333334,0.8278123557567596,-3.734375,-3.730729166666667,0,0,240,0,120,120,40,0.0,0.48541536458333334,0.5290729166666667
0.5096875,0.5,2.866576577553538,0.0,2.56,0.0,random,0.0,0.0,0.0,17,0.0,0.0,z_sd,0.0078125,1.6548549423615138,-3.734375,-3.7265625,0,0,240,0,120,120,40,0.0,0.49155989583333337,0.5323580729166667
0.5110416666666666,0.5,2.866576577553538,0.0,5.12,0.0,random,0.0,0.0,0.0,17,0.0,0.0,z_sd,0.0140625,3.309707763791084,-3.734375,-3.7203125,0,0,240,0,120,120,40,0.0,0.4901510416666667,0.5378125
0.5023958333333334,0.5,2.866576577553538,0.0,10.24,0.0,random,0.0,0.0,0.0,17,0.0,0.0,z_sd,-0.0010416666666666667,6.619354852040609,-3.734375,-3.7354166666666666,0,0,240,0,120,120,40,0.0,0.48160286458333335,0.5197513020833333
0.4928125,0.5,2.866576577553538,0.0,20.48,0.0,random,0.0,0.0,0.0,17,0.0,0.0,z_sd,-0.015625,13.238736148675283,-3.734375,-3.75,0,0,240,0,120,120,40,0.0,0.458125,0.5178658854166667
0.507703125,0.5,3.2275758330035513,0.0,0.25,0.0,concept,0.0,0.0,0.0,18,0.0,0.0,alpha,0.00578125,0.25168910942971706,-3.734375,-3.72859375,0,0,800,0,400,400,40,0.0,0.48971679687499997,0.5297539062500001
0.509546875,0.5,3.2275758330035513,0.0,0.5,0.0,concept,0.0,0.0,0.0,18,0.0,0.0,alpha,0.0103125,0.5002416985481978,-3.734375,-3.7240625,0,0,800,0,400,400,40,0.0,0.491353515625,0.529659375
0.508453125,0.5,3.2275758330035513,0.0,1.0,0.0,concept,0.0,0.0,0.0,18,0.0,0.0,alpha,0.008125,0.999919900149107,-3.734375,-3.72625,0,0,800,0,400,400,40,0.0,0.490343359375,0.5318171875000001
0.508484375,0.5,3.2275758330035513,0.0,2.0,0.0,concept,0.0,0.0,0.0,18,0.0,0.0,alpha,0.00875,2.0002631145715712,-3.734375,-3.725625,0,0,800,0,400,400,40,0.0,0.493072265625,0.527683203125
0.509984375,0.5,3.2275758330035513,0.0,4.0,0.0,concept,0.0,0.0,0.0,18,0.0,0.0,alpha,0.01234375,4.000494631528855,-3.734375,-3.72203125,0,0,800,0,400,400,40,0.0,0.49287617187500005,0.5273921875
0.513578125,0.5,3.2275758330035513,0.0,8.0,0.0,concept,0.0,0.0,0.0,18,0.0,0.0,alpha,0.01828125,8.000738455057144,-3.734375,-3.71609375,0,0,800,0,400,400,40,0.0,0.495007421875,0.53457578125
0.5114375,0.5,3.2275758330035513,0.0,16.0,0.0,concept,0.0,0.0,0.0,18,0.0,0.0,alpha,0.01421875,16.00088264942169,-3.734375,-3.72015625,0,0,800,0,400,400,40,0.0,0.482748046875,0.542953515625
0.486203125,0.5,3.2275758330035513,0.0,32.0,0.0,concept,0.0,0.0,0.0,18,0.0,0.0,alpha,-0.04234375,32.00164594173432,-3.734375,-3.77671875,0,0,800,0,400,400,40,0.0,0.38972421874999996,0.562394140625
0.38909375,0.5,3.2275758330035513,0.0,64.0,0.0,concept,0.0,0.0,0.0,18,0.0,0.0,alpha,-0.38328125,64.00353922843934,-3.734375,-4.11765625,0,0,800,0,400,400,40,0.0,0.275350390625,0.49704101562499997
0.27540625,0.5,3.2275758330035513,0.0,128.0,0.0,concept,0.0,0.0,0.0,18,0.0,0.0,alpha,-0.6959375,128.00590049743653,-3.734375,-4.4303125,0,0,800,0,400,400,40,0.0,0.184537890625,0.37008789062499997
0.511203125,0.5,3.2275758330035513,0.0,0.01,0.0,concept,0.0,0.0,0.0,18,0.0,0.0,z_mad,0.01109375,0.004092140753637068,-3.734375,-3.72328125,0,0,800,0,400,400,40,0.0,0.490778125,0.536251171875
0.50675,0.5,3.2275758330035513,0.0,0.02,0.0,concept,0.0,0.0,0.0,18,0.0,0.0,z_mad,0.00296875,0.010296433822950347,-3.734375,-3.73140625,0,0,800,0,400,400,40,0.0,0.48726523437499997,0.52767734375
0.50828125,0.5,3.2275758330035513,0.0,0.04,0.0,concept,0.0,0.0,0.0,18,0.0,0.0,z_mad,0.006875,0.02400682990439236,-3.734375,-3.7275,0,0,800,0,400,400,40,0.0,0.48717148437499996,0.5294226562500001
0.506625,0.5,3.2275758330035513,0.0,0.08,0.0,concept,0.0,0.0,0.0,18,0.0,0.0,z_mad,0.0053125,0.049920063093304635,-3.734375,-3.7290625,0,0,800,0,400,400,40,0.0,0.48685195312499996,0.52525078125
0.5054375,0.5,3.2275758330035513,0.0,0.16,0.0,concept,0.0,0.0,0.0,18,0.0,0.0,z_mad,0.005625,0.0988232602737844,-3.734375,-3.72875,0,0,800,0,400,400,40,0.0,0.4901328125,0.521879296875
0.506484375,0.5,3.2275758330035513,0.0,0.32,0.0,concept,0.0,0.0,0.0,18,0.0,0.0,z_mad,0.005,0.1955066855996847,-3.734375,-3.729375,0,0,800,0,400,400,40,0.0,0.48643164062500005,0.526580078125
0.507921875,0.5,3.2275758330035513,0.0,0.64,0.0,concept,0.0,0.0,0.0,18,0.0,0.0,z_mad,0.00734375,0.38972246035933494,-3.734375,-3.72703125,0,0,800,0,400,400,40,0.0,0.491089453125,0.528156640625
0.508375,0.5,3.2275758330035513,0.0,1.28,0.0,concept,0.0,0.0,0.0,18,0.0,0.0,z_mad,0.00875,0.7773861195147037,-3.734375,-3.725625,0,0,800,0,400,400,40,0.0,0.49173203125,0.529298828125
0.50984375,0.5,3.2275758330035513,0.0,2.56,0.0,concept,0.0,0.0,0.0,18,0.0,0.0,z_mad,0.0115625,1.5540700861811638,-3.734375,-3.7228125,0,0,800,0,400,400,40,0.0,0.48793125000000004,0.5322859375
0.50878125,0.5,3.2275758330035513,0.0,5.12,0.0,concept,0.0,0.0,0.0,18,0.0,0.0,z_mad,0.0096875,3.1081992244720458,-3.734375,-3.7246875,0,0,800,0,400,400,40,0.0,0.49318515625000003,0.525540234375
0.509265625,0.5,3.2275758330035513,0.0,10.24,0.0,concept,0.0,0.0,0.0,18,0.0,0.0,z_mad,0.01125,6.216411293745041,-3.734375,-3.723125,0,0,800,0,400,400,40,0.0,0.4901859375,0.533129296875
0.510953125,0.5,3.2275758330035513,0.0,20.48,0.0,concept,0.0,0.0,0.0,18,0.0,0.0,z_mad,0.013125,12.43311333656311,-3.734375,-3.72125,0,0,800,0,400,400,40,0.0,0.4885265625,0.538995703125
0.508265625,0.5,3.2275758330035513,0.0,0.01,0.0,concept,0.0,0.0,0.0,18,0.0,0.0,z_sd,0.00640625,0.5256574273854494,-3.734375,-3.72796875,0,0,800,0,400,400,40,0.0,0.491515234375,0.5275625
0.505078125,0.5,3.2275758330035513,0.0,0.02,0.0,concept,0.0,0.0,0.0,18,0.0,0.0,z_sd,0.00265625,1.049129388704896,-3.734375,-3.73171875,0,0,800,0,400,400,40,0.0,0.48692109375,0.5229742187499999
0.509546875,0.5,3.2275758330035513,0.0,0.04,0.0,concept,0.0,0.0,0.0,18,0.0,0.0,z_sd,0.009375,2.0991867481172086,-3.734375,-3.725,0,0,800,0,400,400,40,0.0,0.4871390625,0.5337464843749999
0.51109375,0.5,3.2275758330035513,0.0,0.08,0.0,concept,0.0,0.0,0.0,18,0.0,0.0,z_sd,0.01125,4.197955904006958,-3.734375,-3.723125,0,0,800,0,400,400,40,0.0,0.490573828125,0.5337898437499999
0.5083125,0.5,3.2275758330035513,0.0,0.16,0.0,concept,0.0,0.0,0.0,18,0.0,0.0,z_sd,0.00890625,8.394741168618202,-3.734375,-3.72546875,0,0,800,0,400,400,40,0.0,0.484449609375,0.5316015625
0.489546875,0.5,3.2275758330035513,0.0,0.32,0.0,concept,0.0,0.0,0.0,18,0.0,0.0,z_sd,-0.025,16.789100584983824,-3.734375,-3.759375,0,0,800,0,400,400,40,0.0,0.425093359375,0.532063671875
0.476796875,0.5,3.2275758330035513,0.0,0.64,0.0,concept,0.0,0.0,0.0,18,0.0,0.0,z_sd,-0.15640625,33.57837778091431,-3.734375,-3.89078125,0,0,800,0,400,400,40,0.0,0.371030078125,0.550879296875
0.449890625,0.5,3.2275758330035513,0.0,1.28,0.0,concept,0.0,0.0,0.0,18,0.0,0.0,z_sd,-0.115,67.15556523323059,-3.734375,-3.849375,0,0,800,0,400,400,40,0.0,0.34768125,0.525048828125
0.350359375,0.5,3.2275758330035513,0.0,2.56,0.0,concept,0.0,0.0,0.0,18,0.0,0.0,z_sd,-0.33984375,134.31548014640808,-3.734375,-4.07421875,0,0,800,0,400,400,40,0.0,0.246246875,0.45417265625000003
0.26240625,0.5,3.2275758330035513,0.0,5.12,0.0,concept,0.0,0.0,0.0,18,0.0,0.0,z_sd,-0.774765625,268.62670307159425,-3.734375,-4.509140625,0,0,800,0,400,400,40,0.0,0.151896484375,0.367862890625
0.18453125,0.5,3.2275758330035513,0.0,10.24,0.0,concept,0.0,0.0,0.015,18,0.0,0.0,z_sd,-1.1965625,537.2822740554809,-3.734375,-4.9309375,0,6,800,0,400,400,40,0.0,0.0994765625,0.25821640625
0.1479375,0.5,3.2275758330035513,0.0,20.48,0.0,concept,0.0,0.0,0.03,18,0.0,0.0,z_sd,-1.460390625,1074.5501554870605,-3.734375,-5.194765625,0,12,800,0,400,400,40,0.0,0.073379296875,0.234463671875
0.509609375,0.5,2.7364194385325056,0.0,0.25,0.0,dropout,0.0,0.0,0.0,18,0.0,0.0,alpha,0.009375,0.15113725655246527,-3.734375,-3.725,0,0,160,0,80,80,40,0.0,0.492265625,0.5225234375
0.500625,0.5,2.7364194385325056,0.0,0.5,0.0,dropout,0.0,0.0,0.0,18,0.0,0.0,alpha,-0.0015625,0.3658434547483921,-3.734375,-3.7359375,0,0,160,0,80,80,40,0.0,0.477328125,0.52328125
0.50296875,0.5,2.7364194385325056,0.0,1.0,0.0,dropout,0.0,0.0,0.0,18,0.0,0.0,alpha,0.0,0.8427973210811615,-3.734375,-3.734375,0,0,160,0,80,80,40,0.0,0.482421875,0.52234765625
0.5125,0.5,2.7364194385325056,0.0,2.0,0.0,dropout,0.0,0.0,0.0,18,0.0,0.0,alpha,0.01171875,1.8070878118276597,-3.734375,-3.72265625,0,0,160,0,80,80,40,0.0,0.496484375,0.528984375
0.510546875,0.5,2.7364194385325056,0.0,4.0,0.0,dropout,0.0,0.0,0.0,18,0.0,0.0,alpha,0.0109375,3.7836882144212725,-3.734375,-3.7234375,0,0,160,0,80,80,40,0.0,0.488046875,0.53203125
0.506796875,0.5,2.7364194385325056,0.0,8.0,0.0,dropout,0.0,0.0,0.0,18,0.0,0.0,alpha,0.0078125,7.953088706731796,-3.734375,-3.7265625,0,0,160,0,80,80,40,0.0,0.486328125,0.5320527343749999
0.500703125,0.5,2.7364194385325056,0.0,16.0,0.0,dropout,0.0,0.0,0.0,18,0.0,0.0,alpha,-0.003125,15.93195378780365,-3.734375,-3.7375,0,0,160,0,80,80,40,0.0,0.471314453125,0.522734375
0.496484375,0.5,2.7364194385325056,0.0,32.0,0.0,dropout,0.0,0.0,0.0,18,0.0,0.0,alpha,-0.00703125,31.295425605773925,-3.734375,-3.74140625,0,0,160,0,80,80,40,0.0,0.444375,0.5386249999999999
0.433515625,0.5,2.7364194385325056,0.0,64.0,0.0,dropout,0.0,0.0,0.0,18,0.0,0.0,alpha,-0.23828125,61.08928861618042,-3.734375,-3.97265625,0,0,160,0,80,80,40,0.0,0.351859375,0.5149433593749999
0.47453125,0.5,2.7364194385325056,0.0,128.0,0.0,dropout,0.0,0.0,0.0,18,0.0,0.0,alpha,-0.120703125,114.9345142364502,-3.734375,-3.855078125,0,0,160,0,80,80,40,0.0,0.394984375,0.55640625
0.5,0.5,2.7364194385325056,0.0,0.01,0.0,dropout,0.0,0.0,0.0,18,0.0,0.0,z_mad,0.0,0.0,-3.734375,-3.734375,0,0,160,0,80,80,40,0.0,0.5,0.5
0.501328125,0.5,2.7364194385325056,0.0,0.02,0.0,dropout,0.0,0.0,0.0,18,0.0,0.0,z_mad,0.0015625,5.623953766189516e-05,-3.734375,-3.7328125,0,0,160,0,80,80,40,0.0,0.5,0.50625
0.4990625,0.5,2.7364194385325056,0.0,0.04,0.0,dropout,0.0,0.0,0.0,18,0.0,0.0,z_mad,-0.0015625,0.00017525809817016126,-3.734375,-3.7359375,0,0,160,0,80,80,40,0.0,0.4953125,0.5
0.501328125,0.5,2.7364194385325056,0.0,0.08,0.0,dropout,0.0,0.0,0.0,18,0.0,0.0,z_mad,0.0015625,0.00171094624674879,-3.734375,-3.7328125,0,0,160,0,80,80,40,0.0,0.49875,0.5040625
0.500703125,0.5,2.7364194385325056,0.0,0.16,0.0,dropout,0.0,0.0,0.0,18,0.0,0.0,z_mad,-0.00078125,0.004323687076976057,-3.734375,-3.73515625,0,0,160,0,80,80,40,0.0,0.490625,0.5096953125
0.504296875,0.5,2.7364194385325056,0.0,0.32,0.0,dropout,0.0,0.0,0.0,18,0.0,0.0,z_mad,0.0046875,0.015625583121436647,-3.734375,-3.7296875,0,0,160,0,80,80,40,0.0,0.49078125,0.5197031249999999
0.51171875,0.5,2.7364194385325056,0.0,0.64,0.0,dropout,0.0,0.0,0.0,18,0.0,0.0,z_mad,0.00703125,0.049471491471922494,-3.734375,-3.72734375,0,0,160,0,80,80,40,0.0,0.49359375,0.52562890625
0.505859375,0.5,2.7364194385325056,0.0,1.28,0.0,dropout,0.0,0.0,0.0,18,0.0,0.0,z_mad,-0.0015625,0.1991022631060332,-3.734375,-3.7359375,0,0,160,0,80,80,40,0.0,0.4834140625,0.535
0.509453125,0.5,2.7364194385325056,0.0,2.56,0.0,dropout,0.0,0.0,0.0,18,0.0,0.0,z_mad,0.009375,0.43593777865171435,-3.734375,-3.725,0,0,160,0,80,80,40,0.0,0.480625,0.533046875
0.504453125,0.5,2.7364194385325056,0.0,5.12,0.0,dropout,0.0,0.0,0.0,18,0.0,0.0,z_mad,0.00234375,1.0390453889966011,-3.734375,-3.73203125,0,0,160,0,80,80,40,0.0,0.4854609375,0.5225
0.507109375,0.5,2.7364194385325056,0.0,10.24,0.0,dropout,0.0,0.0,0.0,18,0.0,0.0,z_mad,0.00703125,2.150688906013966,-3.734375,-3.72734375,0,0,160,0,80,80,40,0.0,0.4853125,0.528677734375
0.505,0.5,2.7364194385325056,0.0,20.48,0.0,dropout,0.0,0.0,0.0,18,0.0,0.0,z_mad,0.0046875,4.523042142391205,-3.734375,-3.7296875,0,0,160,0,80,80,40,0.0,0.490546875,0.518671875
0.500390625,0.5,2.7364194385325056,0.0,0.01,0.0,dropout,0.0,0.0,0.0,18,0.0,0.0,z_sd,0.0,0.0003056117478990927,-3.734375,-3.734375,0,0,160,0,80,80,40,0.0,0.49507617187499997,0.50625
0.5,0.5,2.7364194385325056,0.0,0.02,0.0,dropout,0.0,0.0,0.0,18,0.0,0.0,z_sd,0.0,0.0,-3.734375,-3.734375,0,0,160,0,80,80,40,0.0,0.5,0.5
0.5003125,0.5,2.7364194385325056,0.0,0.04,0.0,dropout,0.0,0.0,0.0,18,0.0,0.0,z_sd,0.0,0.0029968262659167523,-3.734375,-3.734375,0,0,160,0,80,80,40,0.0,0.49671875,0.5043046875
0.501875,0.5,2.7364194385325056,0.0,0.08,0.0,dropout,0.0,0.0,0.0,18,0.0,0.0,z_sd,0.0,0.014737224260898074,-3.734375,-3.734375,0,0,160,0,80,80,40,0.0,0.495310546875,0.51125390625
0.502578125,0.5,2.7364194385325056,0.0,0.16,0.0,dropout,0.0,0.0,0.0,18,0.0,0.0,z_sd,-0.00234375,0.051534791324229445,-3.734375,-3.73671875,0,0,160,0,80,80,40,0.0,0.481953125,0.5271875
0.51390625,0.5,2.7364194385325056,0.0,0.32,0.0,dropout,0.0,0.0,0.0,18,0.0,0.0,z_sd,0.01640625,0.16301541784778237,-3.734375,-3.71796875,0,0,160,0,80,80,40,0.0,0.497255859375,0.52984375
0.510625,0.5,2.7364194385325056,0.0,0.64,0.0,dropout,0.0,0.0,0.0,18,0.0,0.0,z_sd,0.00703125,0.4274820018559694,-3.734375,-3.72734375,0,0,160,0,80,80,40,0.0,0.487953125,0.53140625
0.504453125,0.5,2.7364194385325056,0.0,1.28,0.0,dropout,0.0,0.0,0.0,18,0.0,0.0,z_sd,-0.00078125,1.0098092801868916,-3.734375,-3.73515625,0,0,160,0,80,80,40,0.0,0.484138671875,0.5203242187499999
0.509609375,0.5,2.7364194385325056,0.0,2.56,0.0,dropout,0.0,0.0,0.0,18,0.0,0.0,z_sd,0.00390625,2.1310575500130655,-3.734375,-3.73046875,0,0,160,0,80,80,40,0.0,0.489375,0.53765625
0.505078125,0.5,2.7364194385325056,0.0,5.12,0.0,dropout,0.0,0.0,0.0,18,0.0,0.0,z_sd,0.003125,4.338230606913567,-3.734375,-3.73125,0,0,160,0,80,80,40,0.0,0.481216796875,0.5366816406249999
0.50640625,0.5,2.7364194385325056,0.0,10.24,0.0,dropout,0.0,0.0,0.0,18,0.0,0.0,z_sd,0.00546875,9.113903856277465,-3.734375,-3.72890625,0,0,160,0,80,80,40,0.0,0.4863984375,0.5239140625
0.50625,0.5,2.7364194385325056,0.0,20.48,0.0,dropout,0.0,0.0,0.0,18,0.0,0.0,z_sd,0.0046875,18.193050622940063,-3.734375,-3.7296875,0,0,160,0,80,80,40,0.0,0.48640625,0.52265625
0.514453125,0.5,2.7364194385325056,0.0,0.25,0.0,noise,0.0,0.0,0.0,18,0.0,0.0,alpha,0.0109375,0.25069478489458563,-3.734375,-3.7234375,0,0,160,0,80,80,40,0.0,0.49326953125,0.537279296875
0.508515625,0.5,2.7364194385325056,0.0,0.5,0.0,noise,0.0,0.0,0.0,18,0.0,0.0,alpha,0.009375,0.5004455164074898,-3.734375,-3.725,0,0,160,0,80,80,40,0.0,0.48546875,0.529765625
0.50734375,0.5,2.7364194385325056,0.0,1.0,0.0,noise,0.0,0.0,0.0,18,0.0,0.0,alpha,0.00703125,1.0002498023211956,-3.734375,-3.72734375,0,0,160,0,80,80,40,0.0,0.4878125,0.527578125
0.50546875,0.5,2.7364194385325056,0.0,2.0,0.0,noise,0.0,0.0,0.0,18,0.0,0.0,alpha,0.00625,2.000104595720768,-3.734375,-3.728125,0,0,160,0,80,80,40,0.0,0.48203125,0.53087109375
0.51171875,0.5,2.7364194385325056,0.0,4.0,0.0,noise,0.0,0.0,0.0,18,0.0,0.0,alpha,0.01484375,4.000043824315071,-3.734375,-3.71953125,0,0,160,0,80,80,40,0.0,0.497890625,0.5325
0.510078125,0.5,2.7364194385325056,0.0,8.0,0.0,noise,0.0,0.0,0.0,18,0.0,0.0,alpha,0.0140625,7.9999420762062075,-3.734375,-3.7203125,0,0,160,0,80,80,40,0.0,0.487966796875,0.53625
0.5078125,0.5,2.7364194385325056,0.0,16.0,0.0,noise,0.0,0.0,0.0,18,0.0,0.0,alpha,0.0078125,15.999859428405761,-3.734375,-3.7265625,0,0,160,0,80,80,40,0.0,0.487107421875,0.530796875
0.523515625,0.5,2.7364194385325056,0.0,32.0,0.0,noise,0.0,0.0,0.0,18,0.0,0.0,alpha,0.0296875,31.999869346618652,-3.734375,-3.7046875,0,0,160,0,80,80,40,0.0,0.50640625,0.5492304687499999
0.4875,0.5,2.7364194385325056,0.0,64.0,0.0,noise,0.0,0.0,0.0,18,0.0,0.0,alpha,-0.021875,63.99966197013855,-3.734375,-3.75625,0,0,160,0,80,80,40,0.0,0.44526171875,0.517052734375
0.62078125,0.5,2.7364194385325056,0.0,128.0,0.0,noise,0.0,0.0,0.0,18,0.0,0.0,alpha,0.23359375,127.99914836883545,-3.734375,-3.50078125,0,0,160,0,80,80,40,0.0,0.56921875,0.66546875
0.512109375,0.5,2.7364194385325056,0.0,0.01,0.0,noise,0.0,0.0,0.0,18,0.0,0.0,z_mad,0.0078125,0.0010488916646863799,-3.734375,-3.7265625,0,0,160,0,80,80,40,0.0,0.49296875,0.53484375
0.5115625,0.5,2.7364194385325056,0.0,0.02,0.0,noise,0.0,0.0,0.0,18,0.0,0.0,z_mad,0.009375,0.0029095103294821457,-3.734375,-3.725,0,0,160,0,80,80,40,0.0,0.4896875,0.539921875
0.5115625,0.5,2.7364194385325056,0.0,0.04,0.0,noise,0.0,0.0,0.0,18,0.0,0.0,z_mad,0.015625,0.00775131625123322,-3.734375,-3.71875,0,0,160,0,80,80,40,0.0,0.492578125,0.53140625
0.50125,0.5,2.7364194385325056,0.0,0.08,0.0,noise,0.0,0.0,0.0,18,0.0,0.0,z_mad,-0.0015625,0.01911380677483976,-3.734375,-3.7359375,0,0,160,0,80,80,40,0.0,0.47671484375,0.529548828125
0.512890625,0.5,2.7364194385325056,0.0,0.16,0.0,noise,0.0,0.0,0.0,18,0.0,0.0,z_mad,0.0109375,0.04018796463496983,-3.734375,-3.7234375,0,0,160,0,80,80,40,0.0,0.488265625,0.5436953125
0.51,0.5,2.7364194385325056,0.0,0.32,0.0,noise,0.0,0.0,0.0,18,0.0,0.0,z_mad,0.01171875,0.07828410444781184,-3.734375,-3.72265625,0,0,160,0,80,80,40,0.0,0.49,0.5315625
0.5128125,0.5,2.7364194385325056,0.0,0.64,0.0,noise,0.0,0.0,0.0,18,0.0,0.0,z_mad,0.0140625,0.15564045067876578,-3.734375,-3.7203125,0,0,160,0,80,80,40,0.0,0.49093359375,0.54515625
0.5090625,0.5,2.7364194385325056,0.0,1.28,0.0,noise,0.0,0.0,0.0,18,0.0,0.0,z_mad,0.00703125,0.30957073494791987,-3.734375,-3.72734375,0,0,160,0,80,80,40,0.0,0.48780859374999996,0.529619140625
0.506484375,0.5,2.7364194385325056,0.0,2.56,0.0,noise,0.0,0.0,0.0,18,0.0,0.0,z_mad,0.0046875,0.6152094021439553,-3.734375,-3.7296875,0,0,160,0,80,80,40,0.0,0.4878125,0.5253125
0.507890625,0.5,2.7364194385325056,0.0,5.12,0.0,noise,0.0,0.0,0.0,18,0.0,0.0,z_mad,0.009375,1.2422834053635596,-3.734375,-3.725,0,0,160,0,80,80,40,0.0,0.49296484375,0.52453125
0.50546875,0.5,2.7364194385325056,0.0,10.24,0.0,noise,0.0,0.0,0.0,18,0.0,0.0,z_mad,0.0046875,2.4920586466789247,-3.734375,-3.7296875,0,0,160,0,80,80,40,0.0,0.485859375,0.535625
0.5125,0.5,2.7364194385325056,0.0,20.48,0.0,noise,0.0,0.0,0.0,18,0.0,0.0,z_mad,0.015625,4.943714821338654,-3.734375,-3.71875,0,0,160,0,80,80,40,0.0,0.490701171875,0.5387734375
0.503828125,0.5,2.7364194385325056,0.0,0.01,0.0,noise,0.0,0.0,0.0,18,0.0,0.0,z_sd,0.0015625,0.02608772545354441,-3.734375,-3.7328125,0,0,160,0,80,80,40,0.0,0.47685546875,0.54016015625
0.508828125,0.5,2.7364194385325056,0.0,0.02,0.0,noise,0.0,0.0,0.0,18,0.0,0.0,z_sd,0.0078125,0.04894995572976768,-3.734375,-3.7265625,0,0,160,0,80,80,40,0.0,0.48639062499999997,0.534296875
0.507421875,0.5,2.7364194385325056,0.0,0.04,0.0,noise,0.0,0.0,0.0,18,0.0,0.0,z_sd,0.00859375,0.09986242623999715,-3.734375,-3.72578125,0,0,160,0,80,80,40,0.0,0.48358984374999997,0.532828125
0.505234375,0.5,2.7364194385325056,0.0,0.08,0.0,noise,0.0,0.0,0.0,18,0.0,0.0,z_sd,0.00546875,0.2030161085538566,-3.734375,-3.72890625,0,0,160,0,80,80,40,0.0,0.48734375,0.523212890625
0.5009375,0.5,2.7364194385325056,0.0,0.16,0.0,noise,0.0,0.0,0.0,18,0.0,0.0,z_sd,-0.0046875,0.40121485739946366,-3.734375,-3.7390625,0,0,160,0,80,80,40,0.0,0.477421875,0.5222714843749999
0.50328125,0.5,2.7364194385325056,0.0,0.32,0.0,noise,0.0,0.0,0.0,18,0.0,0.0,z_sd,0.00078125,0.8439794342964888,-3.734375,-3.73359375,0,0,160,0,80,80,40,0.0,0.4809375,0.5246875
0.50296875,0.5,2.7364194385325056,0.0,0.64,0.0,noise,0.0,0.0,0.0,18,0.0,0.0,z_sd,0.00078125,1.6226293660700322,-3.734375,-3.73359375,0,0,160,0,80,80,40,0.0,0.487185546875,0.517890625
0.505390625,0.5,2.7364194385325056,0.0,1.28,0.0,noise,0.0,0.0,0.0,18,0.0,0.0,z_sd,0.003125,3.194772996008396,-3.734375,-3.73125,0,0,160,0,80,80,40,0.0,0.4853046875,0.522509765625
0.507890625,0.5,2.7364194385325056,0.0,2.56,0.0,noise,0.0,0.0,0.0,18,0.0,0.0,z_sd,0.00546875,6.586020624637603,-3.734375,-3.72890625,0,0,160,0,80,80,40,0.0,0.49296875,0.527109375
0.509453125,0.5,2.7364194385325056,0.0,5.12,0.0,noise,0.0,0.0,0.0,18,0.0,0.0,z_sd,0.009375,12.526392149925233,-3.734375,-3.725,0,0,160,0,80,80,40,0.0,0.4953125,0.5247031249999999
0.514375,0.5,2.7364194385325056,0.0,10.24,0.0,noise,0.0,0.0,0.0,18,0.0,0.0,z_sd,0.0234375,25.359865605831146,-3.734375,-3.7109375,0,0,160,0,80,80,40,0.0,0.48763671875000003,0.55484375
0.576796875,0.5,2.7364194385325056,0.0,20.48,0.0,noise,0.0,0.0,0.0,18,0.0,0.0,z_sd,0.13984375,50.76567890644073,-3.734375,-3.59453125,0,0,160,0,80,80,40,0.0,0.55484375,0.60453125
0.51046875,0.5,2.866576577553538,0.0,0.25,0.0,random,0.0,0.0,0.0,18,0.0,0.0,alpha,0.008854166666666666,0.2507197084526221,-3.734375,-3.7255208333333334,0,0,240,0,120,120,40,0.0,0.49108463541666664,0.53041796875
0.50546875,0.5,2.866576577553538,0.0,0.5,0.0,random,0.0,0.0,0.0,18,0.0,0.0,alpha,0.0026041666666666665,0.5002513654530049,-3.734375,-3.7317708333333335,0,0,240,0,120,120,40,0.0,0.48364453125,0.5309375
0.50234375,0.5,2.866576577553538,0.0,1.0,0.0,random,0.0,0.0,0.0,18,0.0,0.0,alpha,0.0015625,1.0002473851044973,-3.734375,-3.7328125,0,0,240,0,120,120,40,0.0,0.4831770833333333,0.5265677083333333
0.5032291666666666,0.5,2.866576577553538,0.0,2.0,0.0,random,0.0,0.0,0.0,18,0.0,0.0,alpha,-0.0015625,2.000266766548157,-3.734375,-3.7359375,0,0,240,0,120,120,40,0.0,0.48562239583333333,0.52953125
0.5007291666666667,0.5,2.866576577553538,0.0,4.0,0.0,random,0.0,0.0,0.0,18,0.0,0.0,alpha,-0.0020833333333333333,4.000173532962799,-3.734375,-3.736458333333333,0,0,240,0,120,120,40,0.0,0.4778125,0.5285546875
0.4959375,0.5,2.866576577553538,0.0,8.0,0.0,random,0.0,0.0,0.0,18,0.0,0.0,alpha,-0.008854166666666666,8.000126842657725,-3.734375,-3.7432291666666666,0,0,240,0,120,120,40,0.0,0.47400911458333334,0.52109375
0.49041666666666667,0.5,2.866576577553538,0.0,16.0,0.0,random,0.0,0.0,0.0,18,0.0,0.0,alpha,-0.015625,15.999912603696187,-3.734375,-3.75,0,0,240,0,120,120,40,0.0,0.46651041666666665,0.5140625
0.478125,0.5,2.866576577553538,0.0,32.0,0.0,random,0.0,0.0,0.0,18,0.0,0.0,alpha,-0.027604166666666666,31.99995837211609,-3.734375,-3.761979166666667,0,0,240,0,120,120,40,0.0,0.44483984374999996,0.5054739583333333
0.33197916666666666,0.5,2.866576577553538,0.0,64.0,0.0,random,0.0,0.0,0.0,18,0.0,0.0,alpha,-0.33541666666666664,64.0000784556071,-3.734375,-4.069791666666666,0,0,240,0,120,120,40,0.0,0.15570312500000003,0.43505208333333334
0.3088020833333333,0.5,2.866576577553538,0.0,128.0,0.0,random,0.0,0.0,0.0,18,0.0,0.0,alpha,-0.5140625,128.000572013855,-3.734375,-4.2484375,0,0,240,0,120,120,40,0.0,0.031398437499999994,0.5315703125000001
0.5053645833333333,0.5,2.866576577553538,0.0,0.01,0.0,random,0.0,0.0,0.0,18,0.0,0.0,z_mad,0.0020833333333333333,0.0010160403772412488,-3.734375,-3.732291666666667,0,0,240,0,120,120,40,0.0,0.48713411458333333,0.5244804687500001
0.5096354166666667,0.5,2.866576577553538,0.0,0.02,0.0,random,0.0,0.0,0.0,18,0.0,0.0,z_mad,0.007291666666666667,0.0028314153741424283,-3.734375,-3.7270833333333333,0,0,240,0,120,120,40,0.0,0.4878125,0.5370325520833333
0.5059895833333333,0.5,2.866576577553538,0.0,0.04,0.0,random,0.0,0.0,0.0,18,0.0,0.0,z_mad,0.0046875,0.0076517850199403865,-3.734375,-3.7296875,0,0,240,0,120,120,40,0.0,0.4883854166666667,0.5285989583333333
0.50640625,0.5,2.866576577553538,0.0,0.08,0.0,random,0.0,0.0,0.0,18,0.0,0.0,z_mad,0.004166666666666667,0.018750695961837968,-3.734375,-3.730208333333333,0,0,240,0,120,120,40,0.0,0.4883854166666667,0.5312005208333334
0.51046875,0.5,2.866576577553538,0.0,0.16,0.0,random,0.0,0.0,0.0,18,0.0,0.0,z_mad,0.011979166666666667,0.03949674063672622,-3.734375,-3.722395833333333,0,0,240,0,120,120,40,0.0,0.48676953125,0.53578125
0.5108854166666666,0.5,2.866576577553538,0.0,0.32,0.0,random,0.0,0.0,0.0,18,0.0,0.0,z_mad,0.010416666666666666,0.07775034954150518,-3.734375,-3.7239583333333335,0,0,240,0,120,120,40,0.0,0.49143880208333335,0.53328125
0.510625,0.5,2.866576577553538,0.0,0.64,0.0,random,0.0,0.0,0.0,18,0.0,0.0,z_mad,0.010416666666666666,0.15355584000547726,-3.734375,-3.7239583333333335,0,0,240,0,120,120,40,0.0,0.48958203125,0.5321445312499999
0.5080208333333334,0.5,2.866576577553538,0.0,1.28,0.0,random,0.0,0.0,0.0,18,0.0,0.0,z_mad,0.007291666666666667,0.3060823157429695,-3.734375,-3.7270833333333333,0,0,240,0,120,120,40,0.0,0.48467838541666663,0.5300546875
0.5069270833333334,0.5,2.866576577553538,0.0,2.56,0.0,random,0.0,0.0,0.0,18,0.0,0.0,z_mad,0.005729166666666666,0.6111351092656453,-3.734375,-3.728645833333333,0,0,240,0,120,120,40,0.0,0.48952734374999995,0.5253177083333332
0.50328125,0.5,2.866576577553538,0.0,5.12,0.0,random,0.0,0.0,0.0,18,0.0,0.0,z_mad,0.0,1.2212698777516684,-3.734375,-3.734375,0,0,240,0,120,120,40,0.0,0.48213541666666665,0.5227604166666666
0.5038020833333333,0.5,2.866576577553538,0.0,10.24,0.0,random,0.0,0.0,0.0,18,0.0,0.0,z_mad,0.0026041666666666665,2.442565131187439,-3.734375,-3.7317708333333335,0,0,240,0,120,120,40,0.0,0.4825494791666667,0.5242708333333334
0.5070833333333333,0.5,2.866576577553538,0.0,20.48,0.0,random,0.0,0.0,0.0,18,0.0,0.0,z_mad,0.0036458333333333334,4.884432005882263,-3.734375,-3.730729166666667,0,0,240,0,120,120,40,0.0,0.48952604166666663,0.5270872395833334
0.51078125,0.5,2.866576577553538,0.0,0.01,0.0,random,0.0,0.0,0.0,18,0.0,0.0,z_sd,0.013020833333333334,0.003724714738200419,-3.734375,-3.7213541666666665,0,0,240,0,120,120,40,0.0,0.4868177083333333,0.5375104166666667
0.5083333333333333,0.5,2.866576577553538,0.0,0.02,0.0,random,0.0,0.0,0.0,18,0.0,0.0,z_sd,0.0078125,0.009687456929047282,-3.734375,-3.7265625,0,0,240,0,120,120,40,0.0,0.4920208333333333,0.5275
0.5096354166666667,0.5,2.866576577553538,0.0,0.04,0.0,random,0.0,0.0,0.0,18,0.0,0.0,z_sd,0.008854166666666666,0.022468782348247864,-3.734375,-3.7255208333333334,0,0,240,0,120,120,40,0.0,0.49505208333333334,0.5328125
0.5051041666666667,0.5,2.866576577553538,0.0,0.08,0.0,random,0.0,0.0,0.0,18,0.0,0.0,z_sd,0.0005208333333333333,0.0464168439929684,-3.734375,-3.7338541666666667,0,0,240,0,120,120,40,0.0,0.4785755208333333,0.5247421875
0.5111979166666667,0.5,2.866576577553538,0.0,0.16,0.0,random,0.0,0.0,0.0,18,0.0,0.0,z_sd,0.010416666666666666,0.09174932790920139,-3.734375,-3.7239583333333335,0,0,240,0,120,120,40,0.0,0.49394921875,0.53515625
0.5097395833333334,0.5,2.866576577553538,0.0,0.32,0.0,random,0.0,0.0,0.0,18,0.0,0.0,z_sd,0.009895833333333333,0.18142444752156733,-3.734375,-3.724479166666667,0,0,240,0,120,120,40,0.0,0.48947656250000005,0.53432421875
0.5090104166666667,0.5,2.866576577553538,0.0,0.64,0.0,random,0.0,0.0,0.0,18,0.0,0.0,z_sd,0.0067708333333333336,0.36132401414215565,-3.734375,-3.7276041666666666,0,0,240,0,120,120,40,0.0,0.49338411458333337,0.5278125
0.5056770833333334,0.5,2.866576577553538,0.0,1.28,0.0,random,0.0,0.0,0.0,18,0.0,0.0,z_sd,0.004166666666666667,0.7219400112827619,-3.734375,-3.730208333333333,0,0,240,0,120,120,40,0.0,0.4895833333333333,0.5251054687500001
0.5079166666666667,0.5,2.866576577553538,0.0,2.56,0.0,random,0.0,0.0,0.0,18,0.0,0.0,z_sd,0.0067708333333333336,1.4435220032930374,-3.734375,-3.7276041666666666,0,0,240,0,120,120,40,0.0,0.4880182291666667,0.5343268229166667
0.5046875,0.5,2.866576577553538,0.0,5.12,0.0,random,0.0,0.0,0.0,18,0.0,0.0,z_sd,0.0010416666666666667,2.887103732426961,-3.734375,-3.7333333333333334,0,0,240,0,120,120,40,0.0,0.4830729166666667,0.5261614583333333
0.50515625,0.5,2.866576577553538,0.0,10.24,0.0,random,0.0,0.0,0.0,18,0.0,0.0,z_sd,0.0026041666666666665,5.773618425925573,-3.734375,-3.7317708333333335,0,0,240,0,120,120,40,0.0,0.47894140625,0.52977734375
0.49494791666666665,0.5,2.866576577553538,0.0,20.48,0.0,random,0.0,0.0,0.0,18,0.0,0.0,z_sd,-0.0109375,11.546932677427927,-3.734375,-3.7453125,0,0,240,0,120,120,40,0.0,0.47609244791666666,0.51511328125
0.5106875,0.5,3.2275758330035513,0.0,0.25,0.0,concept,0.0,0.0,0.0,19,0.0,0.0,alpha,0.01,0.25151173744350674,-3.734375,-3.724375,0,0,800,0,400,400,40,0.0,0.490450390625,0.534402734375
0.51071875,0.5,3.2275758330035513,0.0,0.5,0.0,concept,0.0,0.0,0.0,19,0.0,0.0,alpha,0.00953125,0.5006825045496225,-3.734375,-3.72484375,0,0,800,0,400,400,40,0.0,0.492373828125,0.532066796875
0.50865625,0.5,3.2275758330035513,0.0,1.0,0.0,concept,0.0,0.0,0.0,19,0.0,0.0,alpha,0.00890625,1.000333495736122,-3.734375,-3.72546875,0,0,800,0,400,400,40,0.0,0.490210546875,0.5274261718750001
0.510390625,0.5,3.2275758330035513,0.0,2.0,0.0,concept,0.0,0.0,0.0,19,0.0,0.0,alpha,0.0109375,2.000175919234753,-3.734375,-3.7234375,0,0,800,0,400,400,40,0.0,0.494299609375,0.533032421875
0.512203125,0.5,3.2275758330035513,0.0,4.0,0.0,concept,0.0,0.0,0.0,19,0.0,0.0,alpha,0.013125,4.000153249502182,-3.734375,-3.72125,0,0,800,0,400,400,40,0.0,0.49081953125,0.535219921875
0.5135,0.5,3.2275758330035513,0.0,8.0,0.0,concept,0.0,0.0,0.0,19,0.0,0.0,alpha,0.01546875,8.000764074325561,-3.734375,-3.71890625,0,0,800,0,400,400,40,0.0,0.4928265625,0.53617265625
0.506828125,0.5,3.2275758330035513,0.0,16.0,0.0,concept,0.0,0.0,0.0,19,0.0,0.0,alpha,0.00203125,16.000834667682646,-3.734375,-3.73234375,0,0,800,0,400,400,40,0.0,0.47554375,0.537876953125
0.48140625,0.5,3.2275758330035513,0.0,32.0,0.0,concept,0.0,0.0,0.0,19,0.0,0.0,alpha,-0.050625,32.00178474426269,-3.734375,-3.785,0,0,800,0,400,400,40,0.0,0.38591484375,0.552303125
0.38109375,0.5,3.2275758330035513,0.0,64.0,0.0,concept,0.0,0.0,0.0,19,0.0,0.0,alpha,-0.411015625,64.00291823387145,-3.734375,-4.145390625,0,0,800,0,400,400,40,0.0,0.283653125,0.4609234375
0.2661875,0.5,3.2275758330035513,0.0,128.0,0.0,concept,0.0,0.0,0.0,19,0.0,0.0,alpha,-0.710703125,128.00647665023803,-3.734375,-4.445078125,0,0,800,0,400,400,40,0.0,0.18439453125,0.3410328125
0.509203125,0.5,3.2275758330035513,0.0,0.01,0.0,concept,0.0,0.0,0.0,19,0.0,0.0,z_mad,0.0075,0.004281468690023758,-3.734375,-3.726875,0,0,800,0,400,400,40,0.0,0.48959921875,0.5322515625
0.510484375,0.5,3.2275758330035513,0.0,0.02,0.0,concept,0.0,0.0,0.0,19,0.0,0.0,z_mad,0.0084375,0.010991793350549416,-3.734375,-3.7259375,0,0,800,0,400,400,40,0.0,0.490639453125,0.53316015625
0.508875,0.5,3.2275758330035513,0.0,0.04,0.0,concept,0.0,0.0,0.0,19,0.0,0.0,z_mad,0.0075,0.025886174729093908,-3.734375,-3.726875,0,0,800,0,400,400,40,0.0,0.491710546875,0.532263671875
0.512671875,0.5,3.2275758330035513,0.0,0.08,0.0,concept,0.0,0.0,0.0,19,0.0,0.0,z_mad,0.0134375,0.05383766085840762,-3.734375,-3.7209375,0,0,800,0,400,400,40,0.0,0.495904296875,0.536125
0.508765625,0.5,3.2275758330035513,0.0,0.16,0.0,concept,0.0,0.0,0.0,19,0.0,0.0,z_mad,0.006875,0.10628916420042515,-3.734375,-3.7275,0,0,800,0,400,400,40,0.0,0.48944414062499997,0.531153125
0.508734375,0.5,3.2275758330035513,0.0,0.32,0.0,concept,0.0,0.0,0.0,19,0.0,0.0,z_mad,0.0075,0.21105134461075067,-3.734375,-3.726875,0,0,800,0,400,400,40,0.0,0.491562109375,0.5280015625000001
0.5089375,0.5,3.2275758330035513,0.0,0.64,0.0,concept,0.0,0.0,0.0,19,0.0,0.0,z_mad,0.0078125,0.4204725766181946,-3.734375,-3.7265625,0,0,800,0,400,400,40,0.0,0.48684101562500004,0.532944140625
0.5095,0.5,3.2275758330035513,0.0,1.28,0.0,concept,0.0,0.0,0.0,19,0.0,0.0,z_mad,0.00671875,0.8389527393877506,-3.734375,-3.72765625,0,0,800,0,400,400,40,0.0,0.491326953125,0.5311398437499999
0.509890625,0.5,3.2275758330035513,0.0,2.56,0.0,concept,0.0,0.0,0.0,19,0.0,0.0,z_mad,0.00953125,1.6769092085957527,-3.734375,-3.72484375,0,0,800,0,400,400,40,0.0,0.48951171875,0.534783984375
0.509078125,0.5,3.2275758330035513,0.0,5.12,0.0,concept,0.0,0.0,0.0,19,0.0,0.0,z_mad,0.00828125,3.3533219277858732,-3.734375,-3.72609375,0,0,800,0,400,400,40,0.0,0.491669140625,0.530740625
0.510875,0.5,3.2275758330035513,0.0,10.24,0.0,concept,0.0,0.0,0.0,19,0.0,0.0,z_mad,0.01203125,6.705791779756546,-3.734375,-3.72234375,0,0,800,0,400,400,40,0.0,0.4902625,0.5354550781249999
0.509109375,0.5,3.2275758330035513,0.0,20.48,0.0,concept,0.0,0.0,0.0,19,0.0,0.0,z_mad,0.0075,13.412232773303986,-3.734375,-3.726875,0,0,800,0,400,400,40,0.0,0.48506171875,0.5311277343749999
0.5073125,0.5,3.2275758330035513,0.0,0.01,0.0,concept,0.0,0.0,0.0,19,0.0,0.0,z_sd,0.0059375,0.48099172044545413,-3.734375,-3.7284375,0,0,800,0,400,400,40,0.0,0.485819140625,0.530254296875
0.5088125,0.5,3.2275758330035513,0.0,0.02,0.0,concept,0.0,0.0,0.0,19,0.0,0.0,z_sd,0.0071875,0.9614511239528656,-3.734375,-3.7271875,0,0,800,0,400,400,40,0.0,0.4883484375,0.52959453125
0.512234375,0.5,3.2275758330035513,0.0,0.04,0.0,concept,0.0,0.0,0.0,19,0.0,0.0,z_sd,0.01265625,1.9220801260322333,-3.734375,-3.72171875,0,0,800,0,400,400,40,0.0,0.49588515624999996,0.533478515625
0.506875,0.5,3.2275758330035513,0.0,0.08,0.0,concept,0.0,0.0,0.0,19,0.0,0.0,z_sd,0.0046875,3.8430695128440857,-3.734375,-3.7296875,0,0,800,0,400,400,40,0.0,0.488194140625,0.52646328125
0.50875,0.5,3.2275758330035513,0.0,0.16,0.0,concept,0.0,0.0,0.0,19,0.0,0.0,z_sd,0.006875,7.6859077578783035,-3.734375,-3.7275,0,0,800,0,400,400,40,0.0,0.488699609375,0.53061171875
0.49559375,0.5,3.2275758330035513,0.0,0.32,0.0,concept,0.0,0.0,0.0,19,0.0,0.0,z_sd,-0.01359375,15.372445776462556,-3.734375,-3.74796875,0,0,800,0,400,400,40,0.0,0.438622265625,0.535173046875
0.478265625,0.5,3.2275758330035513,0.0,0.64,0.0,concept,0.0,0.0,0.0,19,0.0,0.0,z_sd,-0.1503125,30.74356033921242,-3.734375,-3.8846875,0,0,800,0,400,400,40,0.0,0.37748046874999996,0.5436671875
0.477296875,0.5,3.2275758330035513,0.0,1.28,0.0,concept,0.0,0.0,0.0,19,0.0,0.0,z_sd,-0.113359375,61.48883910655975,-3.734375,-3.847734375,0,0,800,0,400,400,40,0.0,0.41994414062499996,0.52703515625
0.36490625,0.5,3.2275758330035513,0.0,2.56,0.0,concept,0.0,0.0,0.0975,19,0.0,0.0,z_sd,-0.277578125,122.98018703460693,-3.734375,-4.011953125,0,39,800,0,400,400,40,0.0,0.27643476562499997,0.447052734375
0.264125,0.5,3.2275758330035513,0.0,5.12,0.0,concept,0.0,0.0,0.1,19,0.0,0.0,z_sd,-0.673203125,245.94604007720946,-3.734375,-4.407578125,0,40,800,0,400,400,40,0.0,0.16868671875000002,0.360936328125
0.187953125,0.5,3.2275758330035513,0.0,10.24,0.0,concept,0.0,0.0,0.1,19,0.0,0.0,z_sd,-1.077421875,491.92182176589967,-3.734375,-4.811796875,0,40,800,0,400,400,40,0.0,0.0928125,0.29026132812499994
0.155109375,0.5,3.2275758330035513,0.0,20.48,0.0,concept,0.0,0.0,0.1,19,0.0,0.0,z_sd,-1.350703125,983.8625200653076,-3.734375,-5.085078125,0,40,800,0,400,400,40,0.0,0.057547265625,0.26563828125
0.508359375,0.5,2.7364194385325056,0.0,0.25,0.0,dropout,0.0,0.0,0.0,19,0.0,0.0,alpha,0.00859375,0.12843469767831267,-3.734375,-3.72578125,0,0,160,0,80,80,40,0.0,0.48953125,0.52703125
0.508046875,0.5,2.7364194385325056,0.0,0.5,0.0,dropout,0.0,0.0,0.0,19,0.0,0.0,alpha,0.0078125,0.3767417035996914,-3.734375,-3.7265625,0,0,160,0,80,80,40,0.0,0.484126953125,0.528046875
0.508984375,0.5,2.7364194385325056,0.0,1.0,0.0,dropout,0.0,0.0,0.0,19,0.0,0.0,alpha,0.0109375,0.8127505883574486,-3.734375,-3.7234375,0,0,160,0,80,80,40,0.0,0.482248046875,0.53640625
0.50578125,0.5,2.7364194385325056,0.0,2.0,0.0,dropout,0.0,0.0,0.0,19,0.0,0.0,alpha,0.00078125,1.831204669177532,-3.734375,-3.73359375,0,0,160,0,80,80,40,0.0,0.4878125,0.52492578125
0.511640625,0.5,2.7364194385325056,0.0,4.0,0.0,dropout,0.0,0.0,0.0,19,0.0,0.0,alpha,0.0109375,3.726490941643715,-3.734375,-3.7234375,0,0,160,0,80,80,40,0.0,0.49390625,0.533125
0.51265625,0.5,2.7364194385325056,0.0,8.0,0.0,dropout,0.0,0.0,0.0,19,0.0,0.0,alpha,0.01171875,7.90664187669754,-3.734375,-3.72265625,0,0,160,0,80,80,40,0.0,0.48201171875000004,0.5453125
0.521484375,0.5,2.7364194385325056,0.0,16.0,0.0,dropout,0.0,0.0,0.0,19,0.0,0.0,alpha,0.025,15.93480180501938,-3.734375,-3.709375,0,0,160,0,80,80,40,0.0,0.501640625,0.552265625
0.5159375,0.5,2.7364194385325056,0.0,32.0,0.0,dropout,0.0,0.0,0.0,19,0.0,0.0,alpha,0.01640625,31.690429949760436,-3.734375,-3.71796875,0,0,160,0,80,80,40,0.0,0.4865625,0.5611484374999999
0.4290625,0.5,2.7364194385325056,0.0,64.0,0.0,dropout,0.0,0.0,0.0,19,0.0,0.0,alpha,-0.203125,62.42286214828491,-3.734375,-3.9375,0,0,160,0,80,80,40,0.0,0.3421875,0.50828125
0.348359375,0.5,2.7364194385325056,0.0,128.0,0.0,dropout,0.0,0.0,0.0125,19,0.0,0.0,alpha,-0.721484375,117.89485721588134,-3.734375,-4.455859375,0,1,160,0,80,80,40,0.0,0.2771640625,0.43
0.5,0.5,2.7364194385325056,0.0,0.01,0.0,dropout,0.0,0.0,0.0,19,0.0,0.0,z_mad,0.0,0.0,-3.734375,-3.734375,0,0,160,0,80,80,40,0.0,0.5,0.5
0.5,0.5,2.7364194385325056,0.0,0.02,0.0,dropout,0.0,0.0,0.0,19,0.0,0.0,z_mad,0.0,0.0005231584887951613,-3.734375,-3.734375,0,0,160,0,80,80,40,0.0,0.5,0.5
0.499140625,0.5,2.7364194385325056,0.0,0.04,0.0,dropout,0.0,0.0,0.0,19,0.0,0.0,z_mad,-0.0015625,0.00019022624474018812,-3.734375,-3.7359375,0,0,160,0,80,80,40,0.0,0.494375,0.5
0.50078125,0.5,2.7364194385325056,0.0,0.08,0.0,dropout,0.0,0.0,0.0,19,0.0,0.0,z_mad,0.00078125,0.0008914039572118782,-3.734375,-3.73359375,0,0,160,0,80,80,40,0.0,0.49578125,0.5065703125000001
0.5021875,0.5,2.7364194385325056,0.0,0.16,0.0,dropout,0.0,0.0,0.0,19,0.0,0.0,z_mad,0.0015625,0.0049933299160329625,-3.734375,-3.7328125,0,0,160,0,80,80,40,0.0,0.49640234375,0.50953125
0.50609375,0.5,2.7364194385325056,0.0,0.32,0.0,dropout,0.0,0.0,0.0,19,0.0,0.0,z_mad,0.00390625,0.01739137717522681,-3.734375,-3.73046875,0,0,160,0,80,80,40,0.0,0.492732421875,0.5221875
0.508671875,0.5,2.7364194385325056,0.0,0.64,0.0,dropout,0.0,0.0,0.0,19,0.0,0.0,z_mad,0.00546875,0.06296493771878886,-3.734375,-3.72890625,0,0,160,0,80,80,40,0.0,0.485078125,0.53125
0.511875,0.5,2.7364194385325056,0.0,1.28,0.0,dropout,0.0,0.0,0.0,19,0.0,0.0,z_mad,0.01171875,0.21623760941438377,-3.734375,-3.72265625,0,0,160,0,80,80,40,0.0,0.492890625,0.5346875
0.508125,0.5,2.7364194385325056,0.0,2.56,0.0,dropout,0.0,0.0,0.0,19,0.0,0.0,z_mad,0.00703125,0.5285352922976017,-3.734375,-3.72734375,0,0,160,0,80,80,40,0.0,0.48390625,0.5317988281249999
0.50640625,0.5,2.7364194385325056,0.0,5.12,0.0,dropout,0.0,0.0,0.0,19,0.0,0.0,z_mad,0.003125,1.3073741145431996,-3.734375,-3.73125,0,0,160,0,80,80,40,0.0,0.47872265625,0.53566796875
0.503828125,0.5,2.7364194385325056,0.0,10.24,0.0,dropout,0.0,0.0,0.0,19,0.0,0.0,z_mad,0.0,2.688690561056137,-3.734375,-3.734375,0,0,160,0,80,80,40,0.0,0.487568359375,0.520625
0.513984375,0.5,2.7364194385325056,0.0,20.48,0.0,dropout,0.0,0.0,0.0,19,0.0,0.0,z_mad,0.0125,5.576861089468002,-3.734375,-3.721875,0,0,160,0,80,80,40,0.0,0.4928125,0.5392343749999999
0.501171875,0.5,2.7364194385325056,0.0,0.01,0.0,dropout,0.0,0.0,0.0,19,0.0,0.0,z_sd,0.00078125,0.0014817011309787632,-3.734375,-3.73359375,0,0,160,0,80,80,40,0.0,0.49858984375,0.5046875
0.5,0.5,2.7364194385325056,0.0,0.02,0.0,dropout,0.0,0.0,0.0,19,0.0,0.0,z_sd,-0.00078125,0.0030791783511631365,-3.734375,-3.73515625,0,0,160,0,80,80,40,0.0,0.4953125,0.5053125
0.505546875,0.5,2.7364194385325056,0.0,0.04,0.0,dropout,0.0,0.0,0.0,19,0.0,0.0,z_sd,0.00234375,0.024995590600155992,-3.734375,-3.73203125,0,0,160,0,80,80,40,0.0,0.489375,0.5240625
0.50859375,0.5,2.7364194385325056,0.0,0.08,0.0,dropout,0.0,0.0,0.0,19,0.0,0.0,z_sd,0.0046875,0.07397983829141594,-3.734375,-3.7296875,0,0,160,0,80,80,40,0.0,0.49194140625,0.5309375
0.5075,0.5,2.7364194385325056,0.0,0.16,0.0,dropout,0.0,0.0,0.0,19,0.0,0.0,z_sd,0.00546875,0.22673958707600833,-3.734375,-3.72890625,0,0,160,0,80,80,40,0.0,0.48109375,0.5353125
0.50484375,0.5,2.7364194385325056,0.0,0.32,0.0,dropout,0.0,0.0,0.0,19,0.0,0.0,z_sd,0.00546875,0.5396729730069637,-3.734375,-3.72890625,0,0,160,0,80,80,40,0.0,0.484140625,0.533359375
0.51,0.5,2.7364194385325056,0.0,0.64,0.0,dropout,0.0,0.0,0.0,19,0.0,0.0,z_sd,0.009375,1.1985478460788728,-3.734375,-3.725,0,0,160,0,80,80,40,0.0,0.48390625,0.5387578125
0.50609375,0.5,2.7364194385325056,0.0,1.28,0.0,dropout,0.0,0.0,0.0,19,0.0,0.0,z_sd,0.00546875,2.5336021706461906,-3.734375,-3.72890625,0,0,160,0,80,80,40,0.0,0.48734375,0.524375
0.501328125,0.5,2.7364194385325056,0.0,2.56,0.0,dropout,0.0,0.0,0.0,19,0.0,0.0,z_sd,-0.00390625,5.285559755563736,-3.734375,-3.73828125,0,0,160,0,80,80,40,0.0,0.48125,0.51921875
0.51984375,0.5,2.7364194385325056,0.0,5.12,0.0,dropout,0.0,0.0,0.0,19,0.0,0.0,z_sd,0.021875,11.005267059803009,-3.734375,-3.7125,0,0,160,0,80,80,40,0.0,0.49013671875000003,0.548671875
0.523359375,0.5,2.7364194385325056,0.0,10.24,0.0,dropout,0.0,0.0,0.0,19,0.0,0.0,z_sd,0.034375,22.092642140388488,-3.734375,-3.7,0,0,160,0,80,80,40,0.0,0.4934375,0.5575
0.46390625,0.5,2.7364194385325056,0.0,20.48,0.0,dropout,0.0,0.0,0.0,19,0.0,0.0,z_sd,-0.07734375,43.06600112915039,-3.734375,-3.81171875,0,0,160,0,80,80,40,0.0,0.4292109375,0.49390625
0.50328125,0.5,2.7364194385325056,0.0,0.25,0.0,noise,0.0,0.0,0.0,19,0.0,0.0,alpha,0.0,0.2508005637675524,-3.734375,-3.734375,0,0,160,0,80,80,40,0.0,0.48515625,0.52734375
0.5065625,0.5,2.7364194385325056,0.0,0.5,0.0,noise,0.0,0.0,0.0,19,0.0,0.0,alpha,0.00546875,0.5004184812307357,-3.734375,-3.72890625,0,0,160,0,80,80,40,0.0,0.483671875,0.53375
0.5078125,0.5,2.7364194385325056,0.0,1.0,0.0,noise,0.0,0.0,0.0,19,0.0,0.0,alpha,0.0078125,1.0003587268292904,-3.734375,-3.7265625,0,0,160,0,80,80,40,0.0,0.4890625,0.53626171875
0.508671875,0.5,2.7364194385325056,0.0,2.0,0.0,noise,0.0,0.0,0.0,19,0.0,0.0,alpha,0.00703125,2.000158302485943,-3.734375,-3.72734375,0,0,160,0,80,80,40,0.0,0.49092968750000004,0.5303125
0.5075,0.5,2.7364194385325056,0.0,4.0,0.0,noise,0.0,0.0,0.0,19,0.0,0.0,alpha,0.00625,4.000066712498665,-3.734375,-3.728125,0,0,160,0,80,80,40,0.0,0.492109375,0.5257832031249999
0.504765625,0.5,2.7364194385325056,0.0,8.0,0.0,noise,0.0,0.0,0.0,19,0.0,0.0,alpha,0.00390625,8.000074523687363,-3.734375,-3.73046875,0,0,160,0,80,80,40,0.0,0.48278515624999996,0.527578125
0.50515625,0.5,2.7364194385325056,0.0,16.0,0.0,noise,0.0,0.0,0.0,19,0.0,0.0,alpha,0.0015625,15.999943351745605,-3.734375,-3.7328125,0,0,160,0,80,80,40,0.0,0.48046875,0.5248710937500001
0.521953125,0.5,2.7364194385325056,0.0,32.0,0.0,noise,0.0,0.0,0.0,19,0.0,0.0,alpha,0.02734375,31.999725246429442,-3.734375,-3.70703125,0,0,160,0,80,80,40,0.0,0.50015625,0.5500039062500001
0.455,0.5,2.7364194385325056,0.0,64.0,0.0,noise,0.0,0.0,0.0,19,0.0,0.0,alpha,-0.10546875,63.99961018562317,-3.734375,-3.83984375,0,0,160,0,80,80,40,0.0,0.421697265625,0.4900546874999999
0.568828125,0.5,2.7364194385325056,0.0,128.0,0.0,noise,0.0,0.0,0.0,19,0.0,0.0,alpha,0.1125,127.99969377517701,-3.734375,-3.621875,0,0,160,0,80,80,40,0.0,0.52421875,0.62265625
0.5071875,0.5,2.7364194385325056,0.0,0.01,0.0,noise,0.0,0.0,0.0,19,0.0,0.0,z_mad,0.0046875,0.001116928574629128,-3.734375,-3.7296875,0,0,160,0,80,80,40,0.0,0.48843359375,0.5271875
0.505390625,0.5,2.7364194385325056,0.0,0.02,0.0,noise,0.0,0.0,0.0,19,0.0,0.0,z_mad,0.00234375,0.003140024931053631,-3.734375,-3.73203125,0,0,160,0,80,80,40,0.0,0.47984375,0.526251953125
0.507421875,0.5,2.7364194385325056,0.0,0.04,0.0,noise,0.0,0.0,0.0,19,0.0,0.0,z_mad,0.00546875,0.008497395110316575,-3.734375,-3.72890625,0,0,160,0,80,80,40,0.0,0.495931640625,0.52578125
0.51046875,0.5,2.7364194385325056,0.0,0.08,0.0,noise,0.0,0.0,0.0,19,0.0,0.0,z_mad,0.0171875,0.02058943551965058,-3.734375,-3.7171875,0,0,160,0,80,80,40,0.0,0.502421875,0.52265625
0.513515625,0.5,2.7364194385325056,0.0,0.16,0.0,noise,0.0,0.0,0.0,19,0.0,0.0,z_mad,0.0125,0.043405617214739324,-3.734375,-3.721875,0,0,160,0,80,80,40,0.0,0.49468359375,0.543125
0.506484375,0.5,2.7364194385325056,0.0,0.32,0.0,noise,0.0,0.0,0.0,19,0.0,0.0,z_mad,0.003125,0.08567335288971663,-3.734375,-3.73125,0,0,160,0,80,80,40,0.0,0.48078125,0.5284765625
0.50875,0.5,2.7364194385325056,0.0,0.64,0.0,noise,0.0,0.0,0.0,19,0.0,0.0,z_mad,0.0078125,0.16786746084690093,-3.734375,-3.7265625,0,0,160,0,80,80,40,0.0,0.491875,0.5270664062499999
0.503359375,0.5,2.7364194385325056,0.0,1.28,0.0,noise,0.0,0.0,0.0,19,0.0,0.0,z_mad,-0.00078125,0.336126771569252,-3.734375,-3.73515625,0,0,160,0,80,80,40,0.0,0.480380859375,0.52921875
0.5103125,0.5,2.7364194385325056,0.0,2.56,0.0,noise,0.0,0.0,0.0,19,0.0,0.0,z_mad,0.0046875,0.6731168165802955,-3.734375,-3.7296875,0,0,160,0,80,80,40,0.0,0.48246484375,0.537359375
0.51234375,0.5,2.7364194385325056,0.0,5.12,0.0,noise,0.0,0.0,0.0,19,0.0,0.0,z_mad,0.01328125,1.3335523009300232,-3.734375,-3.72109375,0,0,160,0,80,80,40,0.0,0.4921875,0.537578125
0.508046875,0.5,2.7364194385325056,0.0,10.24,0.0,noise,0.0,0.0,0.0,19,0.0,0.0,z_mad,0.0078125,2.657384544610977,-3.734375,-3.7265625,0,0,160,0,80,80,40,0.0,0.48734375,0.538830078125
0.514375,0.5,2.7364194385325056,0.0,20.48,0.0,noise,0.0,0.0,0.0,19,0.0,0.0,z_mad,0.0171875,5.394642764329911,-3.734375,-3.7171875,0,0,160,0,80,80,40,0.0,0.493939453125,0.539314453125
0.508359375,0.5,2.7364194385325056,0.0,0.01,0.0,noise,0.0,0.0,0.0,19,0.0,0.0,z_sd,0.0078125,0.023114861047361046,-3.734375,-3.7265625,0,0,160,0,80,80,40,0.0,0.488125,0.53609375
0.511171875,0.5,2.7364194385325056,0.0,0.02,0.0,noise,0.0,0.0,0.0,19,0.0,0.0,z_sd,0.0125,0.049765377305448055,-3.734375,-3.721875,0,0,160,0,80,80,40,0.0,0.4938984375,0.532830078125
0.509453125,0.5,2.7364194385325056,0.0,0.04,0.0,noise,0.0,0.0,0.0,19,0.0,0.0,z_sd,0.01015625,0.09465197287499905,-3.734375,-3.72421875,0,0,160,0,80,80,40,0.0,0.48453125,0.5328125
0.5109375,0.5,2.7364194385325056,0.0,0.08,0.0,noise,0.0,0.0,0.0,19,0.0,0.0,z_sd,0.01171875,0.18674999298527836,-3.734375,-3.72265625,0,0,160,0,80,80,40,0.0,0.48842968750000004,0.53859765625
0.506015625,0.5,2.7364194385325056,0.0,0.16,0.0,noise,0.0,0.0,0.0,19,0.0,0.0,z_sd,0.00234375,0.3770643642172217,-3.734375,-3.73203125,0,0,160,0,80,80,40,0.0,0.48875,0.5250390625
0.509609375,0.5,2.7364194385325056,0.0,0.32,0.0,noise,0.0,0.0,0.0,19,0.0,0.0,z_sd,0.003125,0.7559262569993734,-3.734375,-3.73125,0,0,160,0,80,80,40,0.0,0.483125,0.54546875
0.508671875,0.5,2.7364194385325056,0.0,0.64,0.0,noise,0.0,0.0,0.0,19,0.0,0.0,z_sd,0.00625,1.6284237124025822,-3.734375,-3.728125,0,0,160,0,80,80,40,0.0,0.48201953125,0.532734375
0.512109375,0.5,2.7364194385325056,0.0,1.28,0.0,noise,0.0,0.0,0.0,19,0.0,0.0,z_sd,0.01171875,3.090744823217392,-3.734375,-3.72265625,0,0,160,0,80,80,40,0.0,0.49140234374999997,0.53796875
0.504921875,0.5,2.7364194385325056,0.0,2.56,0.0,noise,0.0,0.0,0.0,19,0.0,0.0,z_sd,0.00234375,5.959265071153641,-3.734375,-3.73203125,0,0,160,0,80,80,40,0.0,0.488046875,0.520947265625
0.504609375,0.5,2.7364194385325056,0.0,5.12,0.0,noise,0.0,0.0,0.0,19,0.0,0.0,z_sd,0.0015625,12.220215034484863,-3.734375,-3.7328125,0,0,160,0,80,80,40,0.0,0.4809375,0.5321875
0.5125,0.5,2.7364194385325056,0.0,10.24,0.0,noise,0.0,0.0,0.0,19,0.0,0.0,z_sd,0.0125,23.865129238367082,-3.734375,-3.721875,0,0,160,0,80,80,40,0.0,0.486919921875,0.53875
0.537109375,0.5,2.7364194385325056,0.0,20.48,0.0,noise,0.0,0.0,0.0,19,0.0,0.0,z_sd,0.05078125,48.850780439376834,-3.734375,-3.68359375,0,0,160,0,80,80,40,0.0,0.50231640625,0.59109375
0.5097395833333334,0.5,2.866576577553538,0.0,0.25,0.0,random,0.0,0.0,0.0,19,0.0,0.0,alpha,0.011458333333333333,0.25086968019604683,-3.734375,-3.722916666666667,0,0,240,0,120,120,40,0.0,0.48791536458333334,0.5349479166666666
0.5046875,0.5,2.866576577553538,0.0,0.5,0.0,random,0.0,0.0,0.0,19,0.0,0.0,alpha,0.0005208333333333333,0.5002815638979276,-3.734375,-3.7338541666666667,0,0,240,0,120,120,40,0.0,0.4837799479166667,0.5266145833333333
0.50578125,0.5,2.866576577553538,0.0,1.0,0.0,random,0.0,0.0,0.0,19,0.0,0.0,alpha,0.0020833333333333333,1.000465135773023,-3.734375,-3.732291666666667,0,0,240,0,120,120,40,0.0,0.48388671875,0.5285416666666667
0.51171875,0.5,2.866576577553538,0.0,2.0,0.0,random,0.0,0.0,0.0,19,0.0,0.0,alpha,0.013020833333333334,2.000274635354678,-3.734375,-3.7213541666666665,0,0,240,0,120,120,40,0.0,0.49546875,0.53703125
0.50890625,0.5,2.866576577553538,0.0,4.0,0.0,random,0.0,0.0,0.0,19,0.0,0.0,alpha,0.011979166666666667,4.000244422753652,-3.734375,-3.722395833333333,0,0,240,0,120,120,40,0.0,0.49104036458333333,0.5308333333333334
0.5125520833333334,0.5,2.866576577553538,0.0,8.0,0.0,random,0.0,0.0,0.0,19,0.0,0.0,alpha,0.010416666666666666,8.000165490309397,-3.734375,-3.7239583333333335,0,0,240,0,120,120,40,0.0,0.4909348958333334,0.5347916666666667
0.5231770833333333,0.5,2.866576577553538,0.0,16.0,0.0,random,0.0,0.0,0.0,19,0.0,0.0,alpha,0.029166666666666667,16.00069518884023,-3.734375,-3.705208333333333,0,0,240,0,120,120,40,0.0,0.5056770833333334,0.5505755208333333
0.5438541666666666,0.5,2.866576577553538,0.0,32.0,0.0,random,0.0,0.0,0.0,19,0.0,0.0,alpha,0.058854166666666666,32.00084490776062,-3.734375,-3.675520833333333,0,0,240,0,120,120,40,0.0,0.5092083333333334,0.58578125
0.40234375,0.5,2.866576577553538,0.0,64.0,0.0,random,0.0,0.0,0.0,19,0.0,0.0,alpha,-0.23645833333333333,64.0017430305481,-3.734375,-3.970833333333333,0,0,240,0,120,120,40,0.0,0.34668880208333336,0.45662109375
0.48489583333333336,0.5,2.866576577553538,0.0,128.0,0.0,random,0.0,0.0,0.0,19,0.0,0.0,alpha,-0.11197916666666667,128.00353507995607,-3.734375,-3.8463541666666665,0,0,240,0,120,120,40,0.0,0.32732421875,0.60421875
0.5090104166666667,0.5,2.866576577553538,0.0,0.01,0.0,random,0.0,0.0,0.0,19,0.0,0.0,z_mad,0.008333333333333333,0.0011187108451849782,-3.734375,-3.7260416666666667,0,0,240,0,120,120,40,0.0,0.4944791666666667,0.5264765625
0.5097916666666666,0.5,2.866576577553538,0.0,0.02,0.0,random,0.0,0.0,0.0,19,0.0,0.0,z_mad,0.007291666666666667,0.0031239574872112524,-3.734375,-3.7270833333333333,0,0,240,0,120,120,40,0.0,0.4908307291666667,0.5331770833333334
0.5113541666666667,0.5,2.866576577553538,0.0,0.04,0.0,random,0.0,0.0,0.0,19,0.0,0.0,z_mad,0.008333333333333333,0.008438263290251295,-3.734375,-3.7260416666666667,0,0,240,0,120,120,40,0.0,0.4907734375,0.53453125
0.5064583333333333,0.5,2.866576577553538,0.0,0.08,0.0,random,0.0,0.0,0.0,19,0.0,0.0,z_mad,0.0036458333333333334,0.020673812848205367,-3.734375,-3.730729166666667,0,0,240,0,120,120,40,0.0,0.485734375,0.5267786458333333
0.5105729166666667,0.5,2.866576577553538,0.0,0.16,0.0,random,0.0,0.0,0.0,19,0.0,0.0,z_mad,0.009895833333333333,0.04353994509826104,-3.734375,-3.724479166666667,0,0,240,0,120,120,40,0.0,0.4913958333333333,0.5315104166666667
0.5096875,0.5,2.866576577553538,0.0,0.32,0.0,random,0.0,0.0,0.0,19,0.0,0.0,z_mad,0.005729166666666666,0.08561231469114622,-3.734375,-3.728645833333333,0,0,240,0,120,120,40,0.0,0.49249739583333335,0.52828125
0.5128125,0.5,2.866576577553538,0.0,0.64,0.0,random,0.0,0.0,0.0,19,0.0,0.0,z_mad,0.0109375,0.1689992477496465,-3.734375,-3.7234375,0,0,240,0,120,120,40,0.0,0.494828125,0.5361458333333333
0.5040104166666667,0.5,2.866576577553538,0.0,1.28,0.0,random,0.0,0.0,0.0,19,0.0,0.0,z_mad,-0.0010416666666666667,0.33645721301436426,-3.734375,-3.7354166666666666,0,0,240,0,120,120,40,0.0,0.4853046875,0.5189075520833334
0.5128125,0.5,2.866576577553538,0.0,2.56,0.0,random,0.0,0.0,0.0,19,0.0,0.0,z_mad,0.0125,0.6720081726710002,-3.734375,-3.721875,0,0,240,0,120,120,40,0.0,0.49328125,0.5360416666666666
0.50734375,0.5,2.866576577553538,0.0,5.12,0.0,random,0.0,0.0,0.0,19,0.0,0.0,z_mad,0.007291666666666667,1.3440516432126364,-3.734375,-3.7270833333333333,0,0,240,0,120,120,40,0.0,0.49077734375,0.5269414062500001
0.5082291666666666,0.5,2.866576577553538,0.0,10.24,0.0,random,0.0,0.0,0.0,19,0.0,0.0,z_mad,0.005729166666666666,2.6874727249145507,-3.734375,-3.728645833333333,0,0,240,0,120,120,40,0.0,0.4822916666666667,0.53297265625
0.5130208333333334,0.5,2.866576577553538,0.0,20.48,0.0,random,0.0,0.0,0.0,19,0.0,0.0,z_mad,0.0140625,5.374223021666209,-3.734375,-3.7203125,0,0,240,0,120,120,40,0.0,0.49296614583333337,0.531984375
0.5095833333333334,0.5,2.866576577553538,0.0,0.01,0.0,random,0.0,0.0,0.0,19,0.0,0.0,z_sd,0.010416666666666666,0.04871860249162031,-3.734375,-3.7239583333333335,0,0,240,0,120,120,40,0.0,0.48833333333333334,0.53234375
0.5056770833333334,0.5,2.866576577553538,0.0,0.02,0.0,random,0.0,0.0,0.0,19,0.0,0.0,z_sd,0.0036458333333333334,0.09693628763779998,-3.734375,-3.730729166666667,0,0,240,0,120,120,40,0.0,0.48686979166666666,0.5272395833333333
0.509375,0.5,2.866576577553538,0.0,0.04,0.0,random,0.0,0.0,0.0,19,0.0,0.0,z_sd,0.0078125,0.19379856560068826,-3.734375,-3.7265625,0,0,240,0,120,120,40,0.0,0.4925494791666667,0.5300533854166667
0.5072395833333333,0.5,2.866576577553538,0.0,0.08,0.0,random,0.0,0.0,0.0,19,0.0,0.0,z_sd,0.004166666666666667,0.38716479058687886,-3.734375,-3.730208333333333,0,0,240,0,120,120,40,0.0,0.48749348958333333,0.5290742187499999
0.5093229166666666,0.5,2.866576577553538,0.0,0.16,0.0,random,0.0,0.0,0.0,19,0.0,0.0,z_sd,0.0078125,0.7734956673656901,-3.734375,-3.7265625,0,0,240,0,120,120,40,0.0,0.49223958333333334,0.5274049479166666
0.5119791666666667,0.5,2.866576577553538,0.0,0.32,0.0,random,0.0,0.0,0.0,19,0.0,0.0,z_sd,0.0125,1.5462026348958413,-3.734375,-3.721875,0,0,240,0,120,120,40,0.0,0.4894791666666667,0.5333385416666666
0.5110416666666666,0.5,2.866576577553538,0.0,0.64,0.0,random,0.0,0.0,0.0,19,0.0,0.0,z_sd,0.009895833333333333,3.0916761649151643,-3.734375,-3.724479166666667,0,0,240,0,120,120,40,0.0,0.48890364583333334,0.5356783854166667
0.5122916666666667,0.5,2.866576577553538,0.0,1.28,0.0,random,0.0,0.0,0.0,19,0.0,0.0,z_sd,0.010416666666666666,6.182890605429808,-3.734375,-3.7239583333333335,0,0,240,0,120,120,40,0.0,0.48915755208333334,0.5366145833333333
0.5196354166666667,0.5,2.866576577553538,0.0,2.56,0.0,random,0.0,0.0,0.0,19,0.0,0.0,z_sd,0.01875,12.36542638639609,-3.734375,-3.715625,0,0,240,0,120,120,40,0.0,0.49796875,0.5480755208333333
0.5088020833333333,0.5,2.866576577553538,0.0,5.12,0.0,random,0.0,0.0,0.0,19,0.0,0.0,z_sd,0.005208333333333333,24.730605089664458,-3.734375,-3.7291666666666665,0,0,240,0,120,120,40,0.0,0.47030598958333336,0.54840234375
0.48973958333333334,0.5,2.866576577553538,0.0,10.24,0.0,random,0.0,0.0,0.0,19,0.0,0.0,z_sd,-0.078125,49.461016261577605,-3.734375,-3.8125,0,0,240,0,120,120,40,0.0,0.3834375,0.5715104166666667
0.45088541666666665,0.5,2.866576577553538,0.0,20.48,0.0,random,0.0,0.0,0.0,19,0.0,0.0,z_sd,-0.2,98.92254635492961,-3.734375,-3.934375,0,0,240,0,120,120,40,0.0,0.23390625,0.60923046875
0.515453125,0.5,3.2275758330035513,0.0,0.25,0.0,concept,0.0,0.0,0.0,2,0.0,0.0,alpha,0.01234375,0.25003064807504416,-3.734375,-3.72203125,0,0,800,0,400,400,40,0.0,0.4937109375,0.537006640625
0.52484375,0.5,3.2275758330035513,0.0,0.5,0.0,concept,0.0,0.0,0.0,2,0.0,0.0,alpha,0.02578125,0.5000171268731356,-3.734375,-3.70859375,0,0,800,0,400,400,40,0.0,0.5043160156250001,0.549290625
0.553671875,0.5,3.2275758330035513,0.0,1.0,0.0,concept,0.0,0.0,0.0,2,0.0,0.0,alpha,0.07875,1.0000458452105523,-3.734375,-3.655625,0,0,800,0,400,400,40,0.0,0.528874609375,0.5869695312500001
0.665046875,0.5,3.2275758330035513,0.0,2.0,0.0,concept,0.0,0.0,0.0,2,0.0,0.0,alpha,0.30421875,2.0001014545559883,-3.734375,-3.43015625,0,0,800,0,400,400,40,0.0,0.608770703125,0.7328378906249999
0.9665625,0.5003125,3.125647626979032,0.20385641204903893,4.0,0.0,concept,0.000625,0.0,0.0,2,0.0,0.0025,alpha,1.500625,4.000090395212173,-3.734375,-2.23375,0,0,800,0,400,400,40,0.0,0.93312109375,0.9915003906250001
0.933359375,0.5,3.2275758330035513,0.0,8.0,0.0,concept,0.0,0.0,0.0,2,0.0,0.0,alpha,1.3146875,7.99997851729393,-3.734375,-2.4196875,0,0,800,0,400,400,40,0.0,0.884322265625,0.97042265625
0.361390625,0.5,3.2275758330035513,0.0,16.0,0.0,concept,0.0,0.0,0.0,2,0.0,0.0,alpha,-0.2471875,16.00078073978424,-3.734375,-3.9815625,0,0,800,0,400,400,40,0.0,0.23005,0.5013738281250001
0.2909375,0.5,3.2275758330035513,0.0,32.0,0.0,concept,0.0,0.0,0.0,2,0.0,0.0,alpha,-0.39,32.001228289604185,-3.734375,-4.124375,0,0,800,0,400,400,40,0.0,0.14629570312499998,0.474725390625
0.462828125,0.5,3.2275758330035513,0.0,64.0,0.0,concept,0.0,0.0,0.0,2,0.0,0.0,alpha,0.017421875,63.99626661300659,-3.734375,-3.716953125,0,0,800,0,400,400,40,0.0,0.308027734375,0.6228113281250001
0.530140625,0.5,3.2275758330035513,0.0,128.0,0.0,concept,0.0,0.0,0.0,2,0.0,0.0,alpha,0.204296875,127.98942964553834,-3.734375,-3.530078125,0,0,800,0,400,400,40,0.0,0.372648828125,0.696458203125
0.5045,0.5,3.2275758330035513,0.0,0.01,0.0,concept,0.0,0.0,0.0,2,0.0,0.0,z_mad,-0.0028125,0.0007194292247731937,-3.734375,-3.7371875,0,0,800,0,400,400,40,0.0,0.48151992187500003,0.52273515625
0.503296875,0.5,3.2275758330035513,0.0,0.02,0.0,concept,0.0,0.0,0.0,2,0.0,0.0,z_mad,-0.0034375,0.0014749494334682822,-3.734375,-3.7378125,0,0,800,0,400,400,40,0.0,0.478840234375,0.5232203125
0.507765625,0.5,3.2275758330035513,0.0,0.04,0.0,concept,0.0,0.0,0.0,2,0.0,0.0,z_mad,0.0015625,0.003112938405247405,-3.734375,-3.7328125,0,0,800,0,400,400,40,0.0,0.48613671875,0.5256097656250001
0.505265625,0.5,3.2275758330035513,0.0,0.08,0.0,concept,0.0,0.0,0.0,2,0.0,0.0,z_mad,-0.00078125,0.006464046441251412,-3.734375,-3.73515625,0,0,800,0,400,400,40,0.0,0.48670078125,0.517894140625
0.508203125,0.5,3.2275758330035513,0.0,0.16,0.0,concept,0.0,0.0,0.0,2,0.0,0.0,z_mad,0.00296875,0.013073842318262904,-3.734375,-3.73140625,0,0,800,0,400,400,40,0.0,0.48345703125,0.52829765625
0.502984375,0.5,3.2275758330035513,0.0,0.32,0.0,concept,0.0,0.0,0.0,2,0.0,0.0,z_mad,-0.00265625,0.026036824476905168,-3.734375,-3.73703125,0,0,800,0,400,400,40,0.0,0.47676484375,0.520470703125
0.5049375,0.5,3.2275758330035513,0.0,0.64,0.0,concept,0.0,0.0,0.0,2,0.0,0.0,z_mad,-0.003125,0.05193490879610181,-3.734375,-3.7375,0,0,800,0,400,400,40,0.0,0.48139374999999995,0.522568359375
0.503171875,0.5,3.2275758330035513,0.0,1.28,0.0,concept,0.0,0.0,0.0,2,0.0,0.0,z_mad,-0.0025,0.10374238407239318,-3.734375,-3.736875,0,0,800,0,400,400,40,0.0,0.4812484375,0.5201281249999999
0.510609375,0.5,3.2275758330035513,0.0,2.56,0.0,concept,0.0,0.0,0.0,2,0.0,0.0,z_mad,0.00578125,0.20730701085180045,-3.734375,-3.72859375,0,0,800,0,400,400,40,0.0,0.486383984375,0.5303125
0.5146875,0.5,3.2275758330035513,0.0,5.12,0.0,concept,0.0,0.0,0.0,2,0.0,0.0,z_mad,0.01203125,0.4145675031095743,-3.734375,-3.72234375,0,0,800,0,400,400,40,0.0,0.494830078125,0.535144140625
0.53940625,0.5,3.2275758330035513,0.0,10.24,0.0,concept,0.0,0.0,0.0,2,0.0,0.0,z_mad,0.0503125,0.8291632622480393,-3.734375,-3.6840625,0,0,800,0,400,400,40,0.0,0.522228125,0.56816796875
0.612859375,0.5,3.2275758330035513,0.0,20.48,0.0,concept,0.0,0.0,0.0,2,0.0,0.0,z_mad,0.1921875,1.6582527253031731,-3.734375,-3.5421875,0,0,800,0,400,400,40,0.0,0.5739824218749999,0.6613640625
0.597828125,0.5,3.2275758330035513,0.0,0.01,0.0,concept,0.0,0.0,0.0,2,0.0,0.0,z_sd,0.164375,1.594790942966938,-3.734375,-3.57,0,0,800,0,400,400,40,0.0,0.5634687500000001,0.642882421875
0.884875,0.5,3.2275758330035513,0.0,0.02,0.0,concept,0.0,0.0,0.0,2,0.0,0.0,z_sd,0.92015625,3.1895291179418566,-3.734375,-2.81421875,0,0,800,0,400,400,40,0.0,0.827343359375,0.939578515625
0.959328125,0.50125,2.981177937732429,0.4927957905422451,0.04,0.0,concept,0.0025,0.0,0.0,2,0.0,0.0075,z_sd,1.68421875,6.378919180631637,-3.734375,-2.05015625,0,0,800,0,400,400,40,0.0,0.9177925781249999,0.989156640625
0.586546875,0.5,3.2275758330035513,0.0,0.08,0.0,concept,0.0,0.0,0.0,2,0.0,0.0,z_sd,0.34765625,12.758262429237366,-3.734375,-3.38671875,0,0,800,0,400,400,40,0.0,0.3718984375,0.77619140625
0.328984375,0.5,3.2275758330035513,0.0,0.16,0.0,concept,0.0,0.0,0.0,2,0.0,0.0,z_sd,-0.29015625,25.51600821018219,-3.734375,-4.02453125,0,0,800,0,400,400,40,0.0,0.17668789062499998,0.5123796875
0.377203125,0.5,3.2275758330035513,0.0,0.32,0.0,concept,0.0,0.0,0.0,2,0.0,0.0,z_sd,-0.182421875,51.028235206604,-3.734375,-3.916796875,0,0,800,0,400,400,40,0.0,0.221044140625,0.56154375
0.523859375,0.5,3.2275758330035513,0.0,0.64,0.0,concept,0.0,0.0,0.0,2,0.0,0.0,z_sd,0.171875,102.05849782943726,-3.734375,-3.5625,0,0,800,0,400,400,40,0.0,0.37401640625,0.688683984375
0.471453125,0.5,3.2275758330035513,0.0,1.28,0.0,concept,0.0,0.0,0.0,2,0.0,0.0,z_sd,0.08140625,204.1148482131958,-3.734375,-3.65296875,0,0,800,0,400,400,40,0.0,0.309759375,0.6545085937499999
0.423484375,0.5,3.2275758330035513,0.0,2.56,0.0,concept,0.0,0.0,0.0,2,0.0,0.0,z_sd,-0.03234375,408.2420244598389,-3.734375,-3.76671875,0,0,800,0,400,400,40,0.0,0.260677734375,0.5983089843749998
0.409765625,0.5,3.2275758330035513,0.0,5.12,0.0,concept,0.0,0.0,0.0,2,0.0,0.0,z_sd,-0.06640625,816.496328125,-3.734375,-3.80078125,0,0,800,0,400,400,40,0.0,0.249041015625,0.570678515625
0.406265625,0.5,3.2275758330035513,0.0,10.24,0.0,concept,0.0,0.0,0.0,2,0.0,0.0,z_sd,-0.083125,1633.0056372070312,-3.734375,-3.8175,0,0,800,0,400,400,40,0.0,0.2557,0.5833820312499999
0.403921875,0.5,3.2275758330035513,0.0,20.48,0.0,concept,0.0,0.0,0.0,2,0.0,0.0,z_sd,-0.08640625,3266.0187170410154,-3.734375,-3.82078125,0,0,800,0,400,400,40,0.0,0.251769140625,0.5681421875
0.506015625,0.5,2.7364194385325056,0.0,0.25,0.0,dropout,0.0,0.0,0.0,2,0.0,0.0,alpha,0.00078125,0.23204187769442797,-3.734375,-3.73359375,0,0,160,0,80,80,40,0.0,0.48155859375,0.525234375
0.510078125,0.5,2.7364194385325056,0.0,0.5,0.0,dropout,0.0,0.0,0.0,2,0.0,0.0,alpha,0.00703125,0.4868785455822945,-3.734375,-3.72734375,0,0,160,0,80,80,40,0.0,0.47779687499999995,0.5362734375
0.544140625,0.5,2.7364194385325056,0.0,1.0,0.0,dropout,0.0,0.0,0.0,2,0.0,0.0,alpha,0.0671875,0.9886419527232647,-3.734375,-3.6671875,0,0,160,0,80,80,40,0.0,0.52060546875,0.577734375
0.65875,0.5,2.7364194385325056,0.0,2.0,0.0,dropout,0.0,0.0,0.0,2,0.0,0.0,alpha,0.284375,1.9785503402352334,-3.734375,-3.45,0,0,160,0,80,80,40,0.0,0.545625,0.74271875
0.986953125,0.5046875,2.490114006411271,0.49261086424246914,4.0,0.0,dropout,0.009375,0.0,0.0,2,0.0,0.0125,alpha,1.7109375,3.9452350229024886,-3.734375,-2.0234375,0,0,160,0,80,80,40,0.0,0.97140625,1.0
0.960859375,0.50625,2.4463875718621657,0.5800637333406797,8.0,0.0,dropout,0.0125,0.0,0.0,2,0.0,0.025,alpha,1.5921875,7.718791800737381,-3.734375,-2.1421875,0,0,160,0,80,80,40,0.0,0.9099921875,0.993125
0.737578125,0.5,2.7364194385325056,0.0,16.0,0.0,dropout,0.0,0.0,0.0,2,0.0,0.0,alpha,0.60859375,15.15986189842224,-3.734375,-3.12578125,0,0,160,0,80,80,40,0.0,0.671859375,0.829927734375
0.54734375,0.5,2.7364194385325056,0.0,32.0,0.0,dropout,0.0,0.0,0.0,2,0.0,0.0,alpha,0.1171875,27.9428218126297,-3.734375,-3.6171875,0,0,160,0,80,80,40,0.0,0.45289453124999995,0.6419062499999999
0.68421875,0.5,2.7364194385325056,0.0,64.0,0.0,dropout,0.0,0.0,0.0,2,0.0,0.0,alpha,0.4828125,52.11041543483734,-3.734375,-3.2515625,0,0,160,0,80,80,40,0.0,0.57375,0.784375
0.847109375,0.5,2.7364194385325056,0.0,128.0,0.0,dropout,0.0,0.0,0.0125,2,0.0,0.0,alpha,1.002734375,77.21731615066528,-3.734375,-2.731640625,0,1,160,0,80,80,40,0.0,0.7325,0.9681953124999999
0.5,0.5,2.7364194385325056,0.0,0.01,0.0,dropout,0.0,0.0,0.0,2,0.0,0.0,z_mad,0.0,0.0,-3.734375,-3.734375,0,0,160,0,80,80,40,0.0,0.5,0.5
0.5,0.5,2.7364194385325056,0.0,0.02,0.0,dropout,0.0,0.0,0.0,2,0.0,0.0,z_mad,0.0,0.0,-3.734375,-3.734375,0,0,160,0,80,80,40,0.0,0.5,0.5
0.500703125,0.5,2.7364194385325056,0.0,0.04,0.0,dropout,0.0,0.0,0.0,2,0.0,0.0,z_mad,0.00078125,1.4750163245480508e-05,-3.734375,-3.73359375,0,0,160,0,80,80,40,0.0,0.5,0.50375
0.49875,0.5,2.7364194385325056,0.0,0.08,0.0,dropout,0.0,0.0,0.0,2,0.0,0.0,z_mad,-0.0015625,4.3832688970724123e-05,-3.734375,-3.7359375,0,0,160,0,80,80,40,0.0,0.494375,0.5025
0.50125,0.5,2.7364194385325056,0.0,0.16,0.0,dropout,0.0,0.0,0.0,2,0.0,0.0,z_mad,-0.00078125,0.0009697596532305397,-3.734375,-3.73515625,0,0,160,0,80,80,40,0.0,0.4925,0.5075
0.493828125,0.5,2.7364194385325056,0.0,0.32,0.0,dropout,0.0,0.0,0.0,2,0.0,0.0,z_mad,-0.01875,0.0048975044195685765,-3.734375,-3.753125,0,0,160,0,80,80,40,0.0,0.47093359375,0.510703125
0.502109375,0.5,2.7364194385325056,0.0,0.64,0.0,dropout,0.0,0.0,0.0,2,0.0,0.0,z_mad,-0.00078125,0.011495531209220644,-3.734375,-3.73515625,0,0,160,0,80,80,40,0.0,0.47998828125,0.5259375
0.505546875,0.5,2.7364194385325056,0.0,1.28,0.0,dropout,0.0,0.0,0.0,2,0.0,0.0,z_mad,0.00078125,0.03303375744726509,-3.734375,-3.73359375,0,0,160,0,80,80,40,0.0,0.474375,0.527734375
0.50015625,0.5,2.7364194385325056,0.0,2.56,0.0,dropout,0.0,0.0,0.0,2,0.0,0.0,z_mad,-0.0046875,0.08100943374447525,-3.734375,-3.7390625,0,0,160,0,80,80,40,0.0,0.47140625,0.52078125
0.5028125,0.5,2.7364194385325056,0.0,5.12,0.0,dropout,0.0,0.0,0.0,2,0.0,0.0,z_mad,-0.0015625,0.18660425804555417,-3.734375,-3.7359375,0,0,160,0,80,80,40,0.0,0.474365234375,0.524375
0.501328125,0.5,2.7364194385325056,0.0,10.24,0.0,dropout,0.0,0.0,0.0,2,0.0,0.0,z_mad,-0.00078125,0.3783785108476877,-3.734375,-3.73515625,0,0,160,0,80,80,40,0.0,0.4790625,0.5196933593749999
0.520234375,0.5,2.7364194385325056,0.0,20.48,0.0,dropout,0.0,0.0,0.0,2,0.0,0.0,z_mad,0.02734375,0.7674961216747761,-3.734375,-3.70703125,0,0,160,0,80,80,40,0.0,0.4915625,0.5525
0.51328125,0.5,2.7364194385325056,0.0,0.01,0.0,dropout,0.0,0.0,0.0,2,0.0,0.0,z_sd,0.00546875,0.0066528967555314015,-3.734375,-3.72890625,0,0,160,0,80,80,40,0.0,0.489328125,0.52921875
0.50453125,0.5,2.7364194385325056,0.0,0.02,0.0,dropout,0.0,0.0,0.0,2,0.0,0.0,z_sd,-0.0046875,0.020231632428476587,-3.734375,-3.7390625,0,0,160,0,80,80,40,0.0,0.48090625000000004,0.5259375
0.50796875,0.5,2.7364194385325056,0.0,0.04,0.0,dropout,0.0,0.0,0.0,2,0.0,0.0,z_sd,-0.00078125,0.055041559250094,-3.734375,-3.73515625,0,0,160,0,80,80,40,0.0,0.48328125,0.5321875
0.5040625,0.5,2.7364194385325056,0.0,0.08,0.0,dropout,0.0,0.0,0.0,2,0.0,0.0,z_sd,-0.00703125,0.13151591615751385,-3.734375,-3.74140625,0,0,160,0,80,80,40,0.0,0.484759765625,0.521640625
0.5065625,0.5,2.7364194385325056,0.0,0.16,0.0,dropout,0.0,0.0,0.0,2,0.0,0.0,z_sd,0.0015625,0.28061612248420714,-3.734375,-3.7328125,0,0,160,0,80,80,40,0.0,0.4834375,0.5240644531249999
0.51328125,0.5,2.7364194385325056,0.0,0.32,0.0,dropout,0.0,0.0,0.0,2,0.0,0.0,z_sd,0.01328125,0.5871066883206367,-3.734375,-3.72109375,0,0,160,0,80,80,40,0.0,0.484296875,0.540013671875
0.53703125,0.5,2.7364194385325056,0.0,0.64,0.0,dropout,0.0,0.0,0.0,2,0.0,0.0,z_sd,0.06015625,1.1860167518258096,-3.734375,-3.67421875,0,0,160,0,80,80,40,0.0,0.51375,0.584375
0.7590625,0.5,2.7364194385325056,0.0,1.28,0.0,dropout,0.0,0.0,0.0,2,0.0,0.0,z_sd,0.50390625,2.368827927112579,-3.734375,-3.23046875,0,0,160,0,80,80,40,0.0,0.7012343750000001,0.819087890625
0.997890625,0.50625,2.4463875718621657,0.5800637333406797,2.56,0.0,dropout,0.0125,0.0,0.0,2,0.0,0.0,z_sd,1.903125,4.733123362064362,-3.734375,-1.83125,0,0,160,0,80,80,40,0.0,0.9896777343750001,1.0
0.93515625,0.503125,2.5446008626536925,0.3836371517576267,5.12,0.0,dropout,0.00625,0.0,0.0,2,0.0,0.0125,z_sd,1.32578125,9.388992553949356,-3.734375,-2.40859375,0,0,160,0,80,80,40,0.0,0.87484375,0.970158203125
0.662109375,0.503125,2.5446008626536925,0.3836371517576267,10.24,0.0,dropout,0.00625,0.0,0.0,2,0.0,0.0125,z_sd,0.3875,18.000124418735503,-3.734375,-3.346875,0,0,160,0,80,80,40,0.0,0.52875,0.76421875
0.5025,0.5,2.7364194385325056,0.0,20.48,0.0,dropout,0.0,0.0,0.0,2,0.0,0.0,z_sd,0.0296875,34.424952673912045,-3.734375,-3.7046875,0,0,160,0,80,80,40,0.0,0.405212890625,0.623203125
0.507578125,0.5,2.7364194385325056,0.0,0.25,0.0,noise,0.0,0.0,0.0,2,0.0,0.0,alpha,0.0046875,0.25003004632890224,-3.734375,-3.7296875,0,0,160,0,80,80,40,0.0,0.48796484375,0.523921875
0.504765625,0.5,2.7364194385325056,0.0,0.5,0.0,noise,0.0,0.0,0.0,2,0.0,0.0,alpha,0.00078125,0.5000174757093191,-3.734375,-3.73359375,0,0,160,0,80,80,40,0.0,0.47810546875000004,0.527421875
0.51578125,0.5,2.7364194385325056,0.0,1.0,0.0,noise,0.0,0.0,0.0,2,0.0,0.0,alpha,0.01953125,1.0000045895576477,-3.734375,-3.71484375,0,0,160,0,80,80,40,0.0,0.4909375,0.5448789062499999
0.636171875,0.5,2.7364194385325056,0.0,2.0,0.0,noise,0.0,0.0,0.0,2,0.0,0.0,alpha,0.23671875,1.9999887093901634,-3.734375,-3.49765625,0,0,160,0,80,80,40,0.0,0.58078125,0.70672265625
0.966796875,0.5,2.7364194385325056,0.0,4.0,0.0,noise,0.0,0.0,0.0,2,0.0,0.0,alpha,1.1671875,3.999957823753357,-3.734375,-2.5671875,0,0,160,0,80,80,40,0.0,0.931828125,0.99328125
0.960390625,0.5,2.7364194385325056,0.0,8.0,0.0,noise,0.0,0.0,0.0,2,0.0,0.0,alpha,1.39453125,7.999941116571426,-3.734375,-2.33984375,0,0,160,0,80,80,40,0.0,0.90357421875,0.9953125
0.65375,0.5,2.7364194385325056,0.0,16.0,0.0,noise,0.0,0.0,0.0,2,0.0,0.0,alpha,0.31484375,15.999833357334136,-3.734375,-3.41953125,0,0,160,0,80,80,40,0.0,0.571828125,0.70671875
0.346953125,0.5,2.7364194385325056,0.0,32.0,0.0,noise,0.0,0.0,0.0,2,0.0,0.0,alpha,-0.390625,31.999829483032226,-3.734375,-4.125,0,0,160,0,80,80,40,0.0,0.25625,0.450625
0.599765625,0.5,2.7364194385325056,0.0,64.0,0.0,noise,0.0,0.0,0.0,2,0.0,0.0,alpha,0.253125,63.999724531173705,-3.734375,-3.48125,0,0,160,0,80,80,40,0.0,0.454609375,0.755
0.864375,0.5,2.7364194385325056,0.0,128.0,0.0,noise,0.0,0.0,0.0,2,0.0,0.0,alpha,0.958984375,127.99914293289184,-3.734375,-2.775390625,0,0,160,0,80,80,40,0.0,0.7972617187500001,0.93346875
0.4975,0.5,2.7364194385325056,0.0,0.01,0.0,noise,0.0,0.0,0.0,2,0.0,0.0,z_mad,-0.01171875,0.00017382626592734595,-3.734375,-3.74609375,0,0,160,0,80,80,40,0.0,0.4690625,0.52046875
0.497890625,0.5,2.7364194385325056,0.0,0.02,0.0,noise,0.0,0.0,0.0,2,0.0,0.0,z_mad,-0.009375,0.000484744795539882,-3.734375,-3.74375,0,0,160,0,80,80,40,0.0,0.46640625,0.5245390625
0.5103125,0.5,2.7364194385325056,0.0,0.04,0.0,noise,0.0,0.0,0.0,2,0.0,0.0,z_mad,0.00703125,0.0012911456971778535,-3.734375,-3.72734375,0,0,160,0,80,80,40,0.0,0.48982421875000004,0.52671875
0.498046875,0.5,2.7364194385325056,0.0,0.08,0.0,noise,0.0,0.0,0.0,2,0.0,0.0,z_mad,-0.0078125,0.003077993376064114,-3.734375,-3.7421875,0,0,160,0,80,80,40,0.0,0.481353515625,0.51283203125
0.500703125,0.5,2.7364194385325056,0.0,0.16,0.0,noise,0.0,0.0,0.0,2,0.0,0.0,z_mad,-0.00859375,0.006587592855794355,-3.734375,-3.74296875,0,0,160,0,80,80,40,0.0,0.48515234375,0.51078125
0.506953125,0.5,2.7364194385325056,0.0,0.32,0.0,noise,0.0,0.0,0.0,2,0.0,0.0,z_mad,0.0046875,0.013077418378088623,-3.734375,-3.7296875,0,0,160,0,80,80,40,0.0,0.483736328125,0.52703125
0.509921875,0.5,2.7364194385325056,0.0,0.64,0.0,noise,0.0,0.0,0.0,2,0.0,0.0,z_mad,0.01328125,0.025798990670591593,-3.734375,-3.72109375,0,0,160,0,80,80,40,0.0,0.48203125,0.53518359375
0.501796875,0.5,2.7364194385325056,0.0,1.28,0.0,noise,0.0,0.0,0.0,2,0.0,0.0,z_mad,-0.0078125,0.051171742007136346,-3.734375,-3.7421875,0,0,160,0,80,80,40,0.0,0.4771875,0.5229804687499999
0.503359375,0.5,2.7364194385325056,0.0,2.56,0.0,noise,0.0,0.0,0.0,2,0.0,0.0,z_mad,-0.0046875,0.10193128129467369,-3.734375,-3.7390625,0,0,160,0,80,80,40,0.0,0.488125,0.51703125
0.499921875,0.5,2.7364194385325056,0.0,5.12,0.0,noise,0.0,0.0,0.0,2,0.0,0.0,z_mad,-0.0078125,0.2051386632025242,-3.734375,-3.7421875,0,0,160,0,80,80,40,0.0,0.47592968750000003,0.5173515625
0.5009375,0.5,2.7364194385325056,0.0,10.24,0.0,noise,0.0,0.0,0.0,2,0.0,0.0,z_mad,-0.00859375,0.4064806681126356,-3.734375,-3.74296875,0,0,160,0,80,80,40,0.0,0.476640625,0.51984375
0.506328125,0.5,2.7364194385325056,0.0,20.48,0.0,noise,0.0,0.0,0.0,2,0.0,0.0,z_mad,0.00078125,0.8197704948484897,-3.734375,-3.73359375,0,0,160,0,80,80,40,0.0,0.48828125,0.52890625
0.49625,0.5,2.7364194385325056,0.0,0.01,0.0,noise,0.0,0.0,0.0,2,0.0,0.0,z_sd,-0.01328125,0.024975746916607023,-3.734375,-3.74765625,0,0,160,0,80,80,40,0.0,0.47078125,0.51171875
0.493203125,0.5,2.7364194385325056,0.0,0.02,0.0,noise,0.0,0.0,0.0,2,0.0,0.0,z_sd,-0.01640625,0.04843213984277099,-3.734375,-3.75078125,0,0,160,0,80,80,40,0.0,0.46640625,0.52048046875
0.509375,0.5,2.7364194385325056,0.0,0.04,0.0,noise,0.0,0.0,0.0,2,0.0,0.0,z_sd,0.00390625,0.09484456717036664,-3.734375,-3.73046875,0,0,160,0,80,80,40,0.0,0.49125,0.5231367187499999
0.499921875,0.5,2.7364194385325056,0.0,0.08,0.0,noise,0.0,0.0,0.0,2,0.0,0.0,z_sd,-0.00859375,0.1961529546417296,-3.734375,-3.74296875,0,0,160,0,80,80,40,0.0,0.4833515625,0.51046875
0.501171875,0.5,2.7364194385325056,0.0,0.16,0.0,noise,0.0,0.0,0.0,2,0.0,0.0,z_sd,-0.00234375,0.3818112670443952,-3.734375,-3.73671875,0,0,160,0,80,80,40,0.0,0.48546875,0.5168828125
0.526953125,0.5,2.7364194385325056,0.0,0.32,0.0,noise,0.0,0.0,0.0,2,0.0,0.0,z_sd,0.040625,0.7300702041015029,-3.734375,-3.69375,0,0,160,0,80,80,40,0.0,0.49078125,0.58015625
0.6553125,0.5,2.7364194385325056,0.0,0.64,0.0,noise,0.0,0.0,0.0,2,0.0,0.0,z_sd,0.26953125,1.563158566504717,-3.734375,-3.46484375,0,0,160,0,80,80,40,0.0,0.6189785156250001,0.7067304687499999
0.807890625,0.5,2.7364194385325056,0.0,1.28,0.0,noise,0.0,0.0,0.0,2,0.0,0.0,z_sd,0.71484375,3.0810238897800444,-3.734375,-3.01953125,0,0,160,0,80,80,40,0.0,0.7457499999999999,0.8782539062499999
0.954375,0.5,2.7364194385325056,0.0,2.56,0.0,noise,0.0,0.0,0.0,2,0.0,0.0,z_sd,1.4171875,6.3467842727899555,-3.734375,-2.3171875,0,0,160,0,80,80,40,0.0,0.92640625,0.99109375
0.911953125,0.5,2.7364194385325056,0.0,5.12,0.0,noise,0.0,0.0,0.0,2,0.0,0.0,z_sd,1.13984375,12.321739837527275,-3.734375,-2.59453125,0,0,160,0,80,80,40,0.0,0.8327109374999999,0.9675
0.775546875,0.5,2.7364194385325056,0.0,10.24,0.0,noise,0.0,0.0,0.0,2,0.0,0.0,z_sd,0.68515625,25.58756732940674,-3.734375,-3.04921875,0,0,160,0,80,80,40,0.0,0.67765625,0.8640625
0.811484375,0.5,2.7364194385325056,0.0,20.48,0.0,noise,0.0,0.0,0.0,2,0.0,0.0,z_sd,0.8484375,50.47459311485291,-3.734375,-2.8859375,0,0,160,0,80,80,40,0.0,0.7146875,0.90875
0.49755208333333334,0.5,2.866576577553538,0.0,0.25,0.0,random,0.0,0.0,0.0,2,0.0,0.0,alpha,-0.009895833333333333,0.25001094304025173,-3.734375,-3.744270833333333,0,0,240,0,120,120,40,0.0,0.46718489583333334,0.5269270833333334
0.50359375,0.5,2.866576577553538,0.0,0.5,0.0,random,0.0,0.0,0.0,2,0.0,0.0,alpha,0.0010416666666666667,0.5000114572544893,-3.734375,-3.7333333333333334,0,0,240,0,120,120,40,0.0,0.47,0.53546875
0.5131770833333333,0.5,2.866576577553538,0.0,1.0,0.0,random,0.0,0.0,0.0,2,0.0,0.0,alpha,0.019270833333333334,0.9999917263785998,-3.734375,-3.715104166666667,0,0,240,0,120,120,40,0.0,0.4589036458333334,0.58360546875
0.6511458333333333,0.5,2.866576577553538,0.0,2.0,0.0,random,0.0,0.0,0.0,2,0.0,0.0,alpha,0.29010416666666666,2.0000342041254044,-3.734375,-3.4442708333333334,0,0,240,0,120,120,40,0.0,0.5393203125,0.7997057291666666
0.8895833333333333,0.5,2.866576577553538,0.0,4.0,0.0,random,0.0,0.0,0.0,2,0.0,0.0,alpha,1.0515625,4.000073581933975,-3.734375,-2.6828125,0,0,240,0,120,120,40,0.0,0.8105208333333334,0.9636510416666666
0.8050520833333333,0.5,2.866576577553538,0.0,8.0,0.0,random,0.0,0.0,0.0,2,0.0,0.0,alpha,1.0713541666666666,8.000126918156942,-3.734375,-2.6630208333333334,0,0,240,0,120,120,40,0.0,0.6288372395833334,0.9828125
0.5294791666666666,0.5,2.866576577553538,0.0,16.0,0.0,random,0.0,0.0,0.0,2,0.0,0.0,alpha,0.0203125,16.000349489847817,-3.734375,-3.7140625,0,0,240,0,120,120,40,0.0,0.17258984375000003,0.9181601562499999
0.56265625,0.5,2.866576577553538,0.0,32.0,0.0,random,0.0,0.0,0.0,2,0.0,0.0,alpha,0.09322916666666667,32.00057943662008,-3.734375,-3.6411458333333333,0,0,240,0,120,120,40,0.0,0.2498203125,0.9582929687499999
0.6163020833333334,0.5,2.866576577553538,0.0,64.0,0.0,random,0.0,0.0,0.0,2,0.0,0.0,alpha,0.22864583333333333,64.00131454467774,-3.734375,-3.505729166666667,0,0,240,0,120,120,40,0.0,0.38259374999999995,0.8062447916666666
0.7827083333333333,0.5,2.866576577553538,0.0,128.0,0.0,random,0.0,0.0,0.0,2,0.0,0.0,alpha,0.9203125,128.0028394063314,-3.734375,-2.8140625,0,0,240,0,120,120,40,0.0,0.56725390625,0.98018359375
0.5070833333333333,0.5,2.866576577553538,0.0,0.01,0.0,random,0.0,0.0,0.0,2,0.0,0.0,z_mad,0.005729166666666666,0.000161174763222031,-3.734375,-3.728645833333333,0,0,240,0,120,120,40,0.0,0.4820833333333333,0.5298997395833334
0.5007291666666667,0.5,2.866576577553538,0.0,0.02,0.0,random,0.0,0.0,0.0,2,0.0,0.0,z_mad,-0.005208333333333333,0.0004489135431261578,-3.734375,-3.7395833333333335,0,0,240,0,120,120,40,0.0,0.4675,0.5260989583333333
0.49875,0.5,2.866576577553538,0.0,0.04,0.0,random,0.0,0.0,0.0,2,0.0,0.0,z_mad,-0.0067708333333333336,0.0011975434511744727,-3.734375,-3.7411458333333334,0,0,240,0,120,120,40,0.0,0.48040494791666666,0.5181328125
0.5034375,0.5,2.866576577553538,0.0,0.08,0.0,random,0.0,0.0,0.0,2,0.0,0.0,z_mad,-0.0015625,0.0029220148047897966,-3.734375,-3.7359375,0,0,240,0,120,120,40,0.0,0.48197526041666666,0.5216171875
0.5054166666666666,0.5,2.866576577553538,0.0,0.16,0.0,random,0.0,0.0,0.0,2,0.0,0.0,z_mad,-0.0026041666666666665,0.0062604470178484915,-3.734375,-3.7369791666666665,0,0,240,0,120,120,40,0.0,0.4784361979166667,0.527296875
0.5016666666666667,0.5,2.866576577553538,0.0,0.32,0.0,random,0.0,0.0,0.0,2,0.0,0.0,z_mad,-0.005729166666666666,0.012382467254064977,-3.734375,-3.740104166666667,0,0,240,0,120,120,40,0.0,0.47963541666666665,0.5179205729166667
0.5009895833333333,0.5,2.866576577553538,0.0,0.64,0.0,random,0.0,0.0,0.0,2,0.0,0.0,z_mad,-0.0067708333333333336,0.02445523318213721,-3.734375,-3.7411458333333334,0,0,240,0,120,120,40,0.0,0.4809375,0.5200026041666667
0.5032291666666666,0.5,2.866576577553538,0.0,1.28,0.0,random,0.0,0.0,0.0,2,0.0,0.0,z_mad,-0.0036458333333333334,0.04862387950221698,-3.734375,-3.738020833333333,0,0,240,0,120,120,40,0.0,0.47875,0.5246901041666666
0.5043229166666666,0.5,2.866576577553538,0.0,2.56,0.0,random,0.0,0.0,0.0,2,0.0,0.0,z_mad,-0.0020833333333333333,0.09707674048841,-3.734375,-3.736458333333333,0,0,240,0,120,120,40,0.0,0.48265234375,0.5182825520833334
0.50046875,0.5,2.866576577553538,0.0,5.12,0.0,random,0.0,0.0,0.0,2,0.0,0.0,z_mad,-0.00625,0.19405839902659258,-3.734375,-3.740625,0,0,240,0,120,120,40,0.0,0.4789583333333333,0.5159609375
0.5039583333333333,0.5,2.866576577553538,0.0,10.24,0.0,random,0.0,0.0,0.0,2,0.0,0.0,z_mad,-0.0005208333333333333,0.3880968627830346,-3.734375,-3.7348958333333333,0,0,240,0,120,120,40,0.0,0.4710833333333333,0.5378125
0.5083854166666667,0.5,2.866576577553538,0.0,20.48,0.0,random,0.0,0.0,0.0,2,0.0,0.0,z_mad,0.0109375,0.7761606961488724,-3.734375,-3.7234375,0,0,240,0,120,120,40,0.0,0.45983984375,0.56921875
0.5016666666666667,0.5,2.866576577553538,0.0,0.01,0.0,random,0.0,0.0,0.0,2,0.0,0.0,z_sd,-0.005208333333333333,0.03704860551127543,-3.734375,-3.7395833333333335,0,0,240,0,120,120,40,0.0,0.47859244791666666,0.5167721354166667
0.5010416666666667,0.5,2.866576577553538,0.0,0.02,0.0,random,0.0,0.0,0.0,2,0.0,0.0,z_sd,-0.008333333333333333,0.07386961552935342,-3.734375,-3.7427083333333333,0,0,240,0,120,120,40,0.0,0.48052083333333334,0.5122408854166667
0.5025,0.5,2.866576577553538,0.0,0.04,0.0,random,0.0,0.0,0.0,2,0.0,0.0,z_sd,-0.004166666666666667,0.14756454865758617,-3.734375,-3.738541666666667,0,0,240,0,120,120,40,0.0,0.4752513020833333,0.51781640625
0.4984375,0.5,2.866576577553538,0.0,0.08,0.0,random,0.0,0.0,0.0,2,0.0,0.0,z_sd,-0.00625,0.2950049094234904,-3.734375,-3.740625,0,0,240,0,120,120,40,0.0,0.473171875,0.52265625
0.49895833333333334,0.5,2.866576577553538,0.0,0.16,0.0,random,0.0,0.0,0.0,2,0.0,0.0,z_sd,-0.0036458333333333334,0.5899185492346685,-3.734375,-3.738020833333333,0,0,240,0,120,120,40,0.0,0.460625,0.53296875
0.5652604166666667,0.5,2.866576577553538,0.0,0.32,0.0,random,0.0,0.0,0.0,2,0.0,0.0,z_sd,0.11614583333333334,1.1798897902170817,-3.734375,-3.6182291666666666,0,0,240,0,120,120,40,0.0,0.4925,0.6435755208333334
0.7348958333333333,0.5,2.866576577553538,0.0,0.64,0.0,random,0.0,0.0,0.0,2,0.0,0.0,z_sd,0.5395833333333333,2.359796178340912,-3.734375,-3.1947916666666667,0,0,240,0,120,120,40,0.0,0.484375,0.89934375
0.69140625,0.5,2.866576577553538,0.0,1.28,0.0,random,0.0,0.0,0.0,2,0.0,0.0,z_sd,0.5244791666666667,4.719548301895459,-3.734375,-3.2098958333333334,0,0,240,0,120,120,40,0.0,0.5136796874999999,0.9362421874999998
0.58546875,0.5,2.866576577553538,0.0,2.56,0.0,random,0.0,0.0,0.0,2,0.0,0.0,z_sd,0.41354166666666664,9.439123195409774,-3.734375,-3.3208333333333333,0,0,240,0,120,120,40,0.0,0.1523125,0.83921875
0.5741145833333333,0.5,2.866576577553538,0.0,5.12,0.0,random,0.0,0.0,0.0,2,0.0,0.0,z_sd,0.2557291666666667,18.878223979473113,-3.734375,-3.478645833333333,0,0,240,0,120,120,40,0.0,0.25046875,0.97015625
0.5834375,0.5,2.866576577553538,0.0,10.24,0.0,random,0.0,0.0,0.0,2,0.0,0.0,z_sd,0.11302083333333333,37.756571586926775,-3.734375,-3.621354166666667,0,0,240,0,120,120,40,0.0,0.3539348958333333,0.8655234374999998
0.7484895833333334,0.5,2.866576577553538,0.0,20.48,0.0,random,0.0,0.0,0.0,2,0.0,0.0,z_sd,0.6067708333333334,75.51313716570536,-3.734375,-3.1276041666666665,0,0,240,0,120,120,40,0.0,0.5369296874999999,0.93291796875
0.5099375,0.5,3.2275758330035513,0.0,0.25,0.0,concept,0.0,0.0,0.0,20,0.0,0.0,alpha,0.0078125,0.2519090968742967,-3.734375,-3.7265625,0,0,800,0,400,400,40,0.0,0.492731640625,0.5324109375
0.50978125,0.5,3.2275758330035513,0.0,0.5,0.0,concept,0.0,0.0,0.0,20,0.0,0.0,alpha,0.0090625,0.5010222855955362,-3.734375,-3.7253125,0,0,800,0,400,400,40,0.0,0.4929734375,0.530614453125
0.51015625,0.5,3.2275758330035513,0.0,1.0,0.0,concept,0.0,0.0,0.0,20,0.0,0.0,alpha,0.0090625,1.0002502611279487,-3.734375,-3.7253125,0,0,800,0,400,400,40,0.0,0.493951953125,0.5301742187499999
0.511328125,0.5,3.2275758330035513,0.0,2.0,0.0,concept,0.0,0.0,0.0,20,0.0,0.0,alpha,0.01,2.0004564809799192,-3.734375,-3.724375,0,0,800,0,400,400,40,0.0,0.49298398437499996,0.52975234375
0.511125,0.5,3.2275758330035513,0.0,4.0,0.0,concept,0.0,0.0,0.0,20,0.0,0.0,alpha,0.0109375,3.99942347407341,-3.734375,-3.7234375,0,0,800,0,400,400,40,0.0,0.494877734375,0.5305984375
0.510640625,0.5,3.2275758330035513,0.0,8.0,0.0,concept,0.0,0.0,0.0,20,0.0,0.0,alpha,0.01,7.999980418682099,-3.734375,-3.724375,0,0,800,0,400,400,40,0.0,0.491796875,0.530688671875
0.50503125,0.5,3.2275758330035513,0.0,16.0,0.0,concept,0.0,0.0,0.0,20,0.0,0.0,alpha,0.00265625,16.0000066614151,-3.734375,-3.73171875,0,0,800,0,400,400,40,0.0,0.482233203125,0.525835546875
0.489453125,0.5,3.2275758330035513,0.0,32.0,0.0,concept,0.0,0.0,0.0,20,0.0,0.0,alpha,-0.02078125,31.99958164691925,-3.734375,-3.75515625,0,0,800,0,400,400,40,0.0,0.44647734375,0.5261890625000001
0.407125,0.5,3.2275758330035513,0.0,64.0,0.0,concept,0.0,0.0,0.0,20,0.0,0.0,alpha,-0.29359375,63.998920392990115,-3.734375,-4.02796875,0,0,800,0,400,400,40,0.0,0.32739609375,0.48037578125
0.27040625,0.5,3.2275758330035513,0.0,128.0,0.0,concept,0.0,0.0,0.0,20,0.0,0.0,alpha,-0.773671875,127.9976611328125,-3.734375,-4.508046875,0,0,800,0,400,400,40,0.0,0.17973554687499999,0.35869023437499997
0.507765625,0.5,3.2275758330035513,0.0,0.01,0.0,concept,0.0,0.0,0.0,20,0.0,0.0,z_mad,0.005625,0.004554676337866112,-3.734375,-3.72875,0,0,800,0,400,400,40,0.0,0.488249609375,0.529437890625
0.5113125,0.5,3.2275758330035513,0.0,0.02,0.0,concept,0.0,0.0,0.0,20,0.0,0.0,z_mad,0.0096875,0.011728241217788309,-3.734375,-3.7246875,0,0,800,0,400,400,40,0.0,0.4922015625,0.53158359375
0.508703125,0.5,3.2275758330035513,0.0,0.04,0.0,concept,0.0,0.0,0.0,20,0.0,0.0,z_mad,0.0071875,0.027525542732328177,-3.734375,-3.7271875,0,0,800,0,400,400,40,0.0,0.487185546875,0.528486328125
0.509546875,0.5,3.2275758330035513,0.0,0.08,0.0,concept,0.0,0.0,0.0,20,0.0,0.0,z_mad,0.0084375,0.057375714611262084,-3.734375,-3.7259375,0,0,800,0,400,400,40,0.0,0.49410468750000003,0.52712578125
0.508015625,0.5,3.2275758330035513,0.0,0.16,0.0,concept,0.0,0.0,0.0,20,0.0,0.0,z_mad,0.005625,0.11335141040384769,-3.734375,-3.72875,0,0,800,0,400,400,40,0.0,0.485824609375,0.52686015625
0.509625,0.5,3.2275758330035513,0.0,0.32,0.0,concept,0.0,0.0,0.0,20,0.0,0.0,z_mad,0.0078125,0.22502042137086392,-3.734375,-3.7265625,0,0,800,0,400,400,40,0.0,0.496046484375,0.524627734375
0.5088125,0.5,3.2275758330035513,0.0,0.64,0.0,concept,0.0,0.0,0.0,20,0.0,0.0,z_mad,0.0071875,0.4476505511254072,-3.734375,-3.7271875,0,0,800,0,400,400,40,0.0,0.49195234375,0.5268136718750001
0.5114375,0.5,3.2275758330035513,0.0,1.28,0.0,concept,0.0,0.0,0.0,20,0.0,0.0,z_mad,0.01203125,0.8942547197639942,-3.734375,-3.72234375,0,0,800,0,400,400,40,0.0,0.4933109375,0.5331269531249999
0.508625,0.5,3.2275758330035513,0.0,2.56,0.0,concept,0.0,0.0,0.0,20,0.0,0.0,z_mad,0.00859375,1.7871708852052688,-3.734375,-3.72578125,0,0,800,0,400,400,40,0.0,0.492109375,0.5306097656250001
0.50909375,0.5,3.2275758330035513,0.0,5.12,0.0,concept,0.0,0.0,0.0,20,0.0,0.0,z_mad,0.006875,3.5739495193958284,-3.734375,-3.7275,0,0,800,0,400,400,40,0.0,0.49079570312500004,0.530546484375
0.51071875,0.5,3.2275758330035513,0.0,10.24,0.0,concept,0.0,0.0,0.0,20,0.0,0.0,z_mad,0.01125,7.147721325159073,-3.734375,-3.723125,0,0,800,0,400,400,40,0.0,0.491496484375,0.532110546875
0.505828125,0.5,3.2275758330035513,0.0,20.48,0.0,concept,0.0,0.0,0.0,20,0.0,0.0,z_mad,0.00390625,14.295512406826019,-3.734375,-3.73046875,0,0,800,0,400,400,40,0.0,0.48752734375,0.5251269531249999
0.509421875,0.5,3.2275758330035513,0.0,0.01,0.0,concept,0.0,0.0,0.0,20,0.0,0.0,z_sd,0.006875,0.4418273947015405,-3.734375,-3.7275,0,0,800,0,400,400,40,0.0,0.49320039062500004,0.528141015625
0.50871875,0.5,3.2275758330035513,0.0,0.02,0.0,concept,0.0,0.0,0.0,20,0.0,0.0,z_sd,0.00671875,0.8831795648485422,-3.734375,-3.72765625,0,0,800,0,400,400,40,0.0,0.49074726562500004,0.5262351562500001
0.5074375,0.5,3.2275758330035513,0.0,0.04,0.0,concept,0.0,0.0,0.0,20,0.0,0.0,z_sd,0.00546875,1.765384034961462,-3.734375,-3.72890625,0,0,800,0,400,400,40,0.0,0.490546484375,0.5231
0.508265625,0.5,3.2275758330035513,0.0,0.08,0.0,concept,0.0,0.0,0.0,20,0.0,0.0,z_sd,0.0078125,3.528653684556484,-3.734375,-3.7265625,0,0,800,0,400,400,40,0.0,0.489359375,0.5268046875000001
0.51121875,0.5,3.2275758330035513,0.0,0.16,0.0,concept,0.0,0.0,0.0,20,0.0,0.0,z_sd,0.01109375,7.057634804844856,-3.734375,-3.72328125,0,0,800,0,400,400,40,0.0,0.489373828125,0.5331812499999999
0.506640625,0.5,3.2275758330035513,0.0,0.32,0.0,concept,0.0,0.0,0.0,20,0.0,0.0,z_sd,0.00625,14.11578253388405,-3.734375,-3.728125,0,0,800,0,400,400,40,0.0,0.48310000000000003,0.528985546875
0.4896875,0.5,3.2275758330035513,0.0,0.64,0.0,concept,0.0,0.0,0.0,20,0.0,0.0,z_sd,-0.02203125,28.23116745710373,-3.734375,-3.75640625,0,0,800,0,400,400,40,0.0,0.43590234375,0.5264554687499999
0.47040625,0.5,3.2275758330035513,0.0,1.28,0.0,concept,0.0,0.0,0.0,20,0.0,0.0,z_sd,-0.14921875,56.46209503650665,-3.734375,-3.88359375,0,0,800,0,400,400,40,0.0,0.41010390625,0.516476953125
0.3603125,0.5,3.2275758330035513,0.0,2.56,0.0,concept,0.0,0.0,0.0,20,0.0,0.0,z_sd,-0.39765625,112.92381083488465,-3.734375,-4.13203125,0,0,800,0,400,400,40,0.0,0.27238124999999996,0.431612109375
0.258296875,0.5,3.2275758330035513,0.0,5.12,0.0,concept,0.0,0.0,0.0,20,0.0,0.0,z_sd,-0.727578125,225.84548583984375,-3.734375,-4.461953125,0,0,800,0,400,400,40,0.0,0.16309765625,0.34702890625
0.201734375,0.5,3.2275758330035513,0.0,10.24,0.0,concept,0.0,0.0,0.0,20,0.0,0.0,z_sd,-1.044765625,451.7003842163086,-3.734375,-4.779140625,0,0,800,0,400,400,40,0.0,0.11166484375,0.28011249999999993
0.154921875,0.5,3.2275758330035513,0.0,20.48,0.0,concept,0.0,0.0,0.0,20,0.0,0.0,z_sd,-1.297265625,903.4560879516602,-3.734375,-5.031640625,0,0,800,0,400,400,40,0.0,0.07207265625,0.228414453125
0.508203125,0.5,2.7364194385325056,0.0,0.25,0.0,dropout,0.0,0.0,0.0,20,0.0,0.0,alpha,0.00546875,0.13085501231253147,-3.734375,-3.72890625,0,0,160,0,80,80,40,0.0,0.4965625,0.51765625
0.50796875,0.5,2.7364194385325056,0.0,0.5,0.0,dropout,0.0,0.0,0.0,20,0.0,0.0,alpha,0.00390625,0.38127144146710634,-3.734375,-3.73046875,0,0,160,0,80,80,40,0.0,0.4859375,0.53421875
0.50984375,0.5,2.7364194385325056,0.0,1.0,0.0,dropout,0.0,0.0,0.0,20,0.0,0.0,alpha,0.009375,0.8404489248991013,-3.734375,-3.725,0,0,160,0,80,80,40,0.0,0.491875,0.52859375
0.509609375,0.5,2.7364194385325056,0.0,2.0,0.0,dropout,0.0,0.0,0.0,20,0.0,0.0,alpha,0.0078125,1.7808204293251038,-3.734375,-3.7265625,0,0,160,0,80,80,40,0.0,0.49248046875,0.52734375
0.513046875,0.5,2.7364194385325056,0.0,4.0,0.0,dropout,0.0,0.0,0.0,20,0.0,0.0,alpha,0.0125,3.8597957134246825,-3.734375,-3.721875,0,0,160,0,80,80,40,0.0,0.4946875,0.533453125
0.512421875,0.5,2.7364194385325056,0.0,8.0,0.0,dropout,0.0,0.0,0.0,20,0.0,0.0,alpha,0.015625,7.941525834798813,-3.734375,-3.71875,0,0,160,0,80,80,40,0.0,0.49171875,0.538609375
0.509921875,0.5,2.7364194385325056,0.0,16.0,0.0,dropout,0.0,0.0,0.0,20,0.0,0.0,alpha,0.01171875,15.914474964141846,-3.734375,-3.72265625,0,0,160,0,80,80,40,0.0,0.4910859375,0.52485546875
0.513984375,0.5,2.7364194385325056,0.0,32.0,0.0,dropout,0.0,0.0,0.0,20,0.0,0.0,alpha,0.01796875,31.545178937911988,-3.734375,-3.71640625,0,0,160,0,80,80,40,0.0,0.48453125,0.548515625
0.42453125,0.5,2.7364194385325056,0.0,64.0,0.0,dropout,0.0,0.0,0.0,20,0.0,0.0,alpha,-0.24609375,60.39605622291565,-3.734375,-3.98046875,0,0,160,0,80,80,40,0.0,0.3353125,0.48646874999999995
0.334140625,0.5,2.7364194385325056,0.0,128.0,0.0,dropout,0.0,0.0,0.0,20,0.0,0.0,alpha,-0.642578125,113.91612796783447,-3.734375,-4.376953125,0,0,160,0,80,80,40,0.0,0.26187109375,0.41589453124999987
0.5,0.5,2.7364194385325056,0.0,0.01,0.0,dropout,0.0,0.0,0.0,20,0.0,0.0,z_mad,0.0,0.0,-3.734375,-3.734375,0,0,160,0,80,80,40,0.0,0.5,0.5
0.499453125,0.5,2.7364194385325056,0.0,0.02,0.0,dropout,0.0,0.0,0.0,20,0.0,0.0,z_mad,0.0,8.85009765625e-05,-3.734375,-3.734375,0,0,160,0,80,80,40,0.0,0.49765625,0.5
0.498828125,0.5,2.7364194385325056,0.0,0.04,0.0,dropout,0.0,0.0,0.0,20,0.0,0.0,z_mad,-0.00078125,0.001080322265625,-3.734375,-3.73515625,0,0,160,0,80,80,40,0.0,0.4940625,0.5009375
0.49953125,0.5,2.7364194385325056,0.0,0.08,0.0,dropout,0.0,0.0,0.0,20,0.0,0.0,z_mad,0.0,0.0018595378380268813,-3.734375,-3.734375,0,0,160,0,80,80,40,0.0,0.49625,0.5028125
0.4990625,0.5,2.7364194385325056,0.0,0.16,0.0,dropout,0.0,0.0,0.0,20,0.0,0.0,z_mad,-0.00078125,0.005404178165917983,-3.734375,-3.73515625,0,0,160,0,80,80,40,0.0,0.49359375,0.503828125
0.507890625,0.5,2.7364194385325056,0.0,0.32,0.0,dropout,0.0,0.0,0.0,20,0.0,0.0,z_mad,0.01015625,0.017105460734455846,-3.734375,-3.72421875,0,0,160,0,80,80,40,0.0,0.49734375,0.51875
0.5059375,0.5,2.7364194385325056,0.0,0.64,0.0,dropout,0.0,0.0,0.0,20,0.0,0.0,z_mad,0.00390625,0.0634183985835989,-3.734375,-3.73046875,0,0,160,0,80,80,40,0.0,0.48702343750000004,0.5240625
0.512421875,0.5,2.7364194385325056,0.0,1.28,0.0,dropout,0.0,0.0,0.0,20,0.0,0.0,z_mad,0.01328125,0.21121106296777725,-3.734375,-3.72109375,0,0,160,0,80,80,40,0.0,0.4890625,0.5336015625
0.51,0.5,2.7364194385325056,0.0,2.56,0.0,dropout,0.0,0.0,0.0,20,0.0,0.0,z_mad,0.009375,0.5491072248667479,-3.734375,-3.725,0,0,160,0,80,80,40,0.0,0.490703125,0.5309375
0.50984375,0.5,2.7364194385325056,0.0,5.12,0.0,dropout,0.0,0.0,0.0,20,0.0,0.0,z_mad,0.0078125,1.2934882037341595,-3.734375,-3.7265625,0,0,160,0,80,80,40,0.0,0.4884140625,0.530625
0.505703125,0.5,2.7364194385325056,0.0,10.24,0.0,dropout,0.0,0.0,0.0,20,0.0,0.0,z_mad,0.00234375,2.701671701669693,-3.734375,-3.73203125,0,0,160,0,80,80,40,0.0,0.48046875,0.5250078125000001
0.509375,0.5,2.7364194385325056,0.0,20.48,0.0,dropout,0.0,0.0,0.0,20,0.0,0.0,z_mad,0.01015625,5.455110943317413,-3.734375,-3.72421875,0,0,160,0,80,80,40,0.0,0.4878125,0.53953125
0.49953125,0.5,2.7364194385325056,0.0,0.01,0.0,dropout,0.0,0.0,0.0,20,0.0,0.0,z_sd,-0.0015625,0.0015176682616584003,-3.734375,-3.7359375,0,0,160,0,80,80,40,0.0,0.4971875,0.5
0.501875,0.5,2.7364194385325056,0.0,0.02,0.0,dropout,0.0,0.0,0.0,20,0.0,0.0,z_sd,0.00078125,0.0031556629633996635,-3.734375,-3.73359375,0,0,160,0,80,80,40,0.0,0.49640625,0.50625
0.505703125,0.5,2.7364194385325056,0.0,0.04,0.0,dropout,0.0,0.0,0.0,20,0.0,0.0,z_sd,0.00859375,0.013244612759444862,-3.734375,-3.72578125,0,0,160,0,80,80,40,0.0,0.49405859375,0.5186015625
0.50203125,0.5,2.7364194385325056,0.0,0.08,0.0,dropout,0.0,0.0,0.0,20,0.0,0.0,z_sd,-0.00078125,0.06358141725650057,-3.734375,-3.73515625,0,0,160,0,80,80,40,0.0,0.480078125,0.52125
0.50671875,0.5,2.7364194385325056,0.0,0.16,0.0,dropout,0.0,0.0,0.0,20,0.0,0.0,z_sd,0.00546875,0.1593068887363188,-3.734375,-3.72890625,0,0,160,0,80,80,40,0.0,0.483671875,0.528828125
0.509921875,0.5,2.7364194385325056,0.0,0.32,0.0,dropout,0.0,0.0,0.0,20,0.0,0.0,z_sd,0.0109375,0.3996428411453962,-3.734375,-3.7234375,0,0,160,0,80,80,40,0.0,0.491875,0.53546875
0.511796875,0.5,2.7364194385325056,0.0,0.64,0.0,dropout,0.0,0.0,0.0,20,0.0,0.0,z_sd,0.0125,0.9463523492217064,-3.734375,-3.721875,0,0,160,0,80,80,40,0.0,0.496064453125,0.53234375
0.505859375,0.5,2.7364194385325056,0.0,1.28,0.0,dropout,0.0,0.0,0.0,20,0.0,0.0,z_sd,0.003125,2.044479660689831,-3.734375,-3.73125,0,0,160,0,80,80,40,0.0,0.4909375,0.52796875
0.506875,0.5,2.7364194385325056,0.0,2.56,0.0,dropout,0.0,0.0,0.0,20,0.0,0.0,z_sd,0.0046875,4.420968729257583,-3.734375,-3.7296875,0,0,160,0,80,80,40,0.0,0.4925,0.52828125
0.508125,0.5,2.7364194385325056,0.0,5.12,0.0,dropout,0.0,0.0,0.0,20,0.0,0.0,z_sd,0.00859375,8.91663624048233,-3.734375,-3.72578125,0,0,160,0,80,80,40,0.0,0.485,0.5308046875
0.504453125,0.5,2.7364194385325056,0.0,10.24,0.0,dropout,0.0,0.0,0.0,20,0.0,0.0,z_sd,0.0,18.008901238441467,-3.734375,-3.734375,0,0,160,0,80,80,40,0.0,0.484796875,0.52609375
0.507265625,0.5,2.7364194385325056,0.0,20.48,0.0,dropout,0.0,0.0,0.0,20,0.0,0.0,z_sd,0.0109375,35.6205577135086,-3.734375,-3.7234375,0,0,160,0,80,80,40,0.0,0.4740234375,0.538203125
0.507265625,0.5,2.7364194385325056,0.0,0.25,0.0,noise,0.0,0.0,0.0,20,0.0,0.0,alpha,0.0078125,0.2509128924459219,-3.734375,-3.7265625,0,0,160,0,80,80,40,0.0,0.48875,0.52296875
0.511953125,0.5,2.7364194385325056,0.0,0.5,0.0,noise,0.0,0.0,0.0,20,0.0,0.0,alpha,0.0109375,0.5005823038518429,-3.734375,-3.7234375,0,0,160,0,80,80,40,0.0,0.494060546875,0.5325
0.5109375,0.5,2.7364194385325056,0.0,1.0,0.0,noise,0.0,0.0,0.0,20,0.0,0.0,alpha,0.01015625,1.0003543213009833,-3.734375,-3.72421875,0,0,160,0,80,80,40,0.0,0.490140625,0.5309375
0.506953125,0.5,2.7364194385325056,0.0,2.0,0.0,noise,0.0,0.0,0.0,20,0.0,0.0,alpha,0.00546875,2.0001746281981467,-3.734375,-3.72890625,0,0,160,0,80,80,40,0.0,0.4933515625,0.5184375
0.509765625,0.5,2.7364194385325056,0.0,4.0,0.0,noise,0.0,0.0,0.0,20,0.0,0.0,alpha,0.00546875,4.000094905495644,-3.734375,-3.72890625,0,0,160,0,80,80,40,0.0,0.4828125,0.53703125
0.51078125,0.5,2.7364194385325056,0.0,8.0,0.0,noise,0.0,0.0,0.0,20,0.0,0.0,alpha,0.01328125,8.000017440319061,-3.734375,-3.72109375,0,0,160,0,80,80,40,0.0,0.49265625,0.528828125
0.512421875,0.5,2.7364194385325056,0.0,16.0,0.0,noise,0.0,0.0,0.0,20,0.0,0.0,alpha,0.0140625,15.999955785274505,-3.734375,-3.7203125,0,0,160,0,80,80,40,0.0,0.49199609375,0.53296875
0.515703125,0.5,2.7364194385325056,0.0,32.0,0.0,noise,0.0,0.0,0.0,20,0.0,0.0,alpha,0.01875,31.99998812675476,-3.734375,-3.715625,0,0,160,0,80,80,40,0.0,0.4934375,0.54671875
0.45515625,0.5,2.7364194385325056,0.0,64.0,0.0,noise,0.0,0.0,0.0,20,0.0,0.0,alpha,-0.08515625,63.999928617477416,-3.734375,-3.81953125,0,0,160,0,80,80,40,0.0,0.42859375,0.47671875
0.514375,0.5,2.7364194385325056,0.0,128.0,0.0,noise,0.0,0.0,0.0,20,0.0,0.0,alpha,0.028125,127.9994728088379,-3.734375,-3.70625,0,0,160,0,80,80,40,0.0,0.4815625,0.545
0.51015625,0.5,2.7364194385325056,0.0,0.01,0.0,noise,0.0,0.0,0.0,20,0.0,0.0,z_mad,0.00859375,0.0012414244629326276,-3.734375,-3.72578125,0,0,160,0,80,80,40,0.0,0.4953125,0.52515625
0.506796875,0.5,2.7364194385325056,0.0,0.02,0.0,noise,0.0,0.0,0.0,20,0.0,0.0,z_mad,0.00390625,0.0034266889153514056,-3.734375,-3.73046875,0,0,160,0,80,80,40,0.0,0.48765625,0.5217265625
0.510546875,0.5,2.7364194385325056,0.0,0.04,0.0,noise,0.0,0.0,0.0,20,0.0,0.0,z_mad,0.0078125,0.009301201906055212,-3.734375,-3.7265625,0,0,160,0,80,80,40,0.0,0.49053515625,0.5289140625000001
0.508125,0.5,2.7364194385325056,0.0,0.08,0.0,noise,0.0,0.0,0.0,20,0.0,0.0,z_mad,0.00546875,0.022532563633285464,-3.734375,-3.72890625,0,0,160,0,80,80,40,0.0,0.489140625,0.53080859375
0.5096875,0.5,2.7364194385325056,0.0,0.16,0.0,noise,0.0,0.0,0.0,20,0.0,0.0,z_mad,0.00859375,0.04792639147490263,-3.734375,-3.72578125,0,0,160,0,80,80,40,0.0,0.49374414062500005,0.52484375
0.51265625,0.5,2.7364194385325056,0.0,0.32,0.0,noise,0.0,0.0,0.0,20,0.0,0.0,z_mad,0.0109375,0.09322346020489931,-3.734375,-3.7234375,0,0,160,0,80,80,40,0.0,0.49078125,0.534546875
0.507265625,0.5,2.7364194385325056,0.0,0.64,0.0,noise,0.0,0.0,0.0,20,0.0,0.0,z_mad,0.0015625,0.18469032738357782,-3.734375,-3.7328125,0,0,160,0,80,80,40,0.0,0.49078125,0.5256328125
0.510546875,0.5,2.7364194385325056,0.0,1.28,0.0,noise,0.0,0.0,0.0,20,0.0,0.0,z_mad,0.009375,0.36912946291267873,-3.734375,-3.725,0,0,160,0,80,80,40,0.0,0.48418359375,0.53687890625
0.50640625,0.5,2.7364194385325056,0.0,2.56,0.0,noise,0.0,0.0,0.0,20,0.0,0.0,z_mad,0.00390625,0.7369173303246498,-3.734375,-3.73046875,0,0,160,0,80,80,40,0.0,0.486634765625,0.526267578125
0.508984375,0.5,2.7364194385325056,0.0,5.12,0.0,noise,0.0,0.0,0.0,20,0.0,0.0,z_mad,0.009375,1.4708772599697113,-3.734375,-3.725,0,0,160,0,80,80,40,0.0,0.48953125,0.5315625
0.51328125,0.5,2.7364194385325056,0.0,10.24,0.0,noise,0.0,0.0,0.0,20,0.0,0.0,z_mad,0.01328125,2.933150205016136,-3.734375,-3.72109375,0,0,160,0,80,80,40,0.0,0.48890625,0.53281640625
0.509453125,0.5,2.7364194385325056,0.0,20.48,0.0,noise,0.0,0.0,0.0,20,0.0,0.0,z_mad,0.00703125,5.816055136919021,-3.734375,-3.72734375,0,0,160,0,80,80,40,0.0,0.48483984375,0.53796875
0.511953125,0.5,2.7364194385325056,0.0,0.01,0.0,noise,0.0,0.0,0.0,20,0.0,0.0,z_sd,0.015625,0.025638472009450197,-3.734375,-3.71875,0,0,160,0,80,80,40,0.0,0.50078125,0.5340859375
0.5084375,0.5,2.7364194385325056,0.0,0.02,0.0,noise,0.0,0.0,0.0,20,0.0,0.0,z_sd,0.0078125,0.04988560372730717,-3.734375,-3.7265625,0,0,160,0,80,80,40,0.0,0.49203125,0.53125
0.509296875,0.5,2.7364194385325056,0.0,0.04,0.0,noise,0.0,0.0,0.0,20,0.0,0.0,z_sd,0.00703125,0.09892925885505974,-3.734375,-3.72734375,0,0,160,0,80,80,40,0.0,0.491306640625,0.526255859375
0.51296875,0.5,2.7364194385325056,0.0,0.08,0.0,noise,0.0,0.0,0.0,20,0.0,0.0,z_sd,0.015625,0.20406256914138793,-3.734375,-3.71875,0,0,160,0,80,80,40,0.0,0.49703125,0.5305
0.508203125,0.5,2.7364194385325056,0.0,0.16,0.0,noise,0.0,0.0,0.0,20,0.0,0.0,z_sd,0.00703125,0.382678316347301,-3.734375,-3.72734375,0,0,160,0,80,80,40,0.0,0.48703125,0.5326015625
0.509921875,0.5,2.7364194385325056,0.0,0.32,0.0,noise,0.0,0.0,0.0,20,0.0,0.0,z_sd,0.00859375,0.7899707287549973,-3.734375,-3.72578125,0,0,160,0,80,80,40,0.0,0.48453125,0.53359375
0.51609375,0.5,2.7364194385325056,0.0,0.64,0.0,noise,0.0,0.0,0.0,20,0.0,0.0,z_sd,0.0203125,1.5462070554494858,-3.734375,-3.7140625,0,0,160,0,80,80,40,0.0,0.498099609375,0.5390625
0.506484375,0.5,2.7364194385325056,0.0,1.28,0.0,noise,0.0,0.0,0.0,20,0.0,0.0,z_sd,0.003125,3.1531499147415163,-3.734375,-3.73125,0,0,160,0,80,80,40,0.0,0.4828125,0.528671875
0.511640625,0.5,2.7364194385325056,0.0,2.56,0.0,noise,0.0,0.0,0.0,20,0.0,0.0,z_sd,0.0125,6.263144180178642,-3.734375,-3.721875,0,0,160,0,80,80,40,0.0,0.48651171875,0.5391445312500001
0.510078125,0.5,2.7364194385325056,0.0,5.12,0.0,noise,0.0,0.0,0.0,20,0.0,0.0,z_sd,0.01171875,12.954038321971893,-3.734375,-3.72265625,0,0,160,0,80,80,40,0.0,0.492578125,0.5323515625
0.505390625,0.5,2.7364194385325056,0.0,10.24,0.0,noise,0.0,0.0,0.0,20,0.0,0.0,z_sd,0.00546875,25.790721666812896,-3.734375,-3.72890625,0,0,160,0,80,80,40,0.0,0.47905859375,0.5489140625000001
0.50578125,0.5,2.7364194385325056,0.0,20.48,0.0,noise,0.0,0.0,0.0,20,0.0,0.0,z_sd,0.003125,53.13284583091736,-3.734375,-3.73125,0,0,160,0,80,80,40,0.0,0.46605859374999997,0.54171875
0.5073958333333334,0.5,2.866576577553538,0.0,0.25,0.0,random,0.0,0.0,0.0,20,0.0,0.0,alpha,0.004166666666666667,0.2509802227218946,-3.734375,-3.730208333333333,0,0,240,0,120,120,40,0.0,0.4903619791666667,0.5269830729166667
0.5097916666666666,0.5,2.866576577553538,0.0,0.5,0.0,random,0.0,0.0,0.0,20,0.0,0.0,alpha,0.009375,0.5003755062818527,-3.734375,-3.725,0,0,240,0,120,120,40,0.0,0.49093098958333337,0.5288593749999999
0.5069270833333334,0.5,2.866576577553538,0.0,1.0,0.0,random,0.0,0.0,0.0,20,0.0,0.0,alpha,0.005729166666666666,1.0002538720766703,-3.734375,-3.728645833333333,0,0,240,0,120,120,40,0.0,0.48369270833333333,0.53109375
0.5095833333333334,0.5,2.866576577553538,0.0,2.0,0.0,random,0.0,0.0,0.0,20,0.0,0.0,alpha,0.009895833333333333,2.0003363291422525,-3.734375,-3.724479166666667,0,0,240,0,120,120,40,0.0,0.4934283854166666,0.5336979166666667
0.5159375,0.5,2.866576577553538,0.0,4.0,0.0,random,0.0,0.0,0.0,20,0.0,0.0,alpha,0.017708333333333333,4.000192222992579,-3.734375,-3.716666666666667,0,0,240,0,120,120,40,0.0,0.49734375,0.538125
0.5058333333333334,0.5,2.866576577553538,0.0,8.0,0.0,random,0.0,0.0,0.0,20,0.0,0.0,alpha,0.005208333333333333,7.999717795848847,-3.734375,-3.7291666666666665,0,0,240,0,120,120,40,0.0,0.4867682291666667,0.5282291666666666
0.5122395833333333,0.5,2.866576577553538,0.0,16.0,0.0,random,0.0,0.0,0.0,20,0.0,0.0,alpha,0.008854166666666666,15.999639026323955,-3.734375,-3.7255208333333334,0,0,240,0,120,120,40,0.0,0.4880729166666667,0.54011328125
0.5109375,0.5,2.866576577553538,0.0,32.0,0.0,random,0.0,0.0,0.0,20,0.0,0.0,alpha,0.00625,31.999260743459065,-3.734375,-3.728125,0,0,240,0,120,120,40,0.0,0.47854166666666664,0.5483854166666666
0.4644270833333333,0.5,2.866576577553538,0.0,64.0,0.0,random,0.0,0.0,0.0,20,0.0,0.0,alpha,-0.0796875,63.99867140452067,-3.734375,-3.8140625,0,0,240,0,120,120,40,0.0,0.4014049479166667,0.5308320312499999
0.41583333333333333,0.5,2.866576577553538,0.0,128.0,0.0,random,0.0,0.0,0.0,20,0.0,0.0,alpha,-0.21145833333333333,127.99676233927408,-3.734375,-3.9458333333333333,0,0,240,0,120,120,40,0.0,0.16434765625,0.5907395833333333
0.5097395833333334,0.5,2.866576577553538,0.0,0.01,0.0,random,0.0,0.0,0.0,20,0.0,0.0,z_mad,0.007291666666666667,0.001185895643235805,-3.734375,-3.7270833333333333,0,0,240,0,120,120,40,0.0,0.48905989583333337,0.5304166666666666
0.50453125,0.5,2.866576577553538,0.0,0.02,0.0,random,0.0,0.0,0.0,20,0.0,0.0,z_mad,-0.0010416666666666667,0.003297346424854671,-3.734375,-3.7354166666666666,0,0,240,0,120,120,40,0.0,0.482390625,0.5254713541666667
0.5107291666666667,0.5,2.866576577553538,0.0,0.04,0.0,random,0.0,0.0,0.0,20,0.0,0.0,z_mad,0.008333333333333333,0.008911268401425332,-3.734375,-3.7260416666666667,0,0,240,0,120,120,40,0.0,0.4940572916666667,0.5246354166666667
0.5075,0.5,2.866576577553538,0.0,0.08,0.0,random,0.0,0.0,0.0,20,0.0,0.0,z_mad,0.0046875,0.021954024924586216,-3.734375,-3.7296875,0,0,240,0,120,120,40,0.0,0.4877565104166666,0.5271875
0.50984375,0.5,2.866576577553538,0.0,0.16,0.0,random,0.0,0.0,0.0,20,0.0,0.0,z_mad,0.0109375,0.04665975570678711,-3.734375,-3.7234375,0,0,240,0,120,120,40,0.0,0.493015625,0.5304700520833334
0.5056770833333334,0.5,2.866576577553538,0.0,0.32,0.0,random,0.0,0.0,0.0,20,0.0,0.0,z_mad,0.0010416666666666667,0.09152116191883881,-3.734375,-3.7333333333333334,0,0,240,0,120,120,40,0.0,0.48739062499999997,0.5245833333333333
0.5118229166666667,0.5,2.866576577553538,0.0,0.64,0.0,random,0.0,0.0,0.0,20,0.0,0.0,z_mad,0.0125,0.18047170725961525,-3.734375,-3.721875,0,0,240,0,120,120,40,0.0,0.4995208333333333,0.5287526041666667
0.5032291666666666,0.5,2.866576577553538,0.0,1.28,0.0,random,0.0,0.0,0.0,20,0.0,0.0,z_mad,-0.0015625,0.35915544256567955,-3.734375,-3.7359375,0,0,240,0,120,120,40,0.0,0.4860833333333333,0.520625
0.5109375,0.5,2.866576577553538,0.0,2.56,0.0,random,0.0,0.0,0.0,20,0.0,0.0,z_mad,0.0109375,0.7171495765447616,-3.734375,-3.7234375,0,0,240,0,120,120,40,0.0,0.49604166666666666,0.5268242187500001
0.5114583333333333,0.5,2.866576577553538,0.0,5.12,0.0,random,0.0,0.0,0.0,20,0.0,0.0,z_mad,0.008854166666666666,1.433794734875361,-3.734375,-3.7255208333333334,0,0,240,0,120,120,40,0.0,0.4936979166666667,0.5338020833333333
0.5103125,0.5,2.866576577553538,0.0,10.24,0.0,random,0.0,0.0,0.0,20,0.0,0.0,z_mad,0.009895833333333333,2.867246659596761,-3.734375,-3.724479166666667,0,0,240,0,120,120,40,0.0,0.4905,0.5298958333333333
0.50828125,0.5,2.866576577553538,0.0,20.48,0.0,random,0.0,0.0,0.0,20,0.0,0.0,z_mad,0.008333333333333333,5.734324590365092,-3.734375,-3.7260416666666667,0,0,240,0,120,120,40,0.0,0.48489453125000004,0.5324895833333333
0.5107291666666667,0.5,2.866576577553538,0.0,0.01,0.0,random,0.0,0.0,0.0,20,0.0,0.0,z_sd,0.008333333333333333,0.015406906542678674,-3.734375,-3.7260416666666667,0,0,240,0,120,120,40,0.0,0.48608203125,0.53588671875
0.5122916666666667,0.5,2.866576577553538,0.0,0.02,0.0,random,0.0,0.0,0.0,20,0.0,0.0,z_sd,0.0109375,0.03460158381300668,-3.734375,-3.7234375,0,0,240,0,120,120,40,0.0,0.49165234375,0.5363294270833333
0.5114583333333333,0.5,2.866576577553538,0.0,0.04,0.0,random,0.0,0.0,0.0,20,0.0,0.0,z_sd,0.0109375,0.06943797785788774,-3.734375,-3.7234375,0,0,240,0,120,120,40,0.0,0.49128515624999997,0.5282330729166667
0.50625,0.5,2.866576577553538,0.0,0.08,0.0,random,0.0,0.0,0.0,20,0.0,0.0,z_sd,0.0036458333333333334,0.13618502002209426,-3.734375,-3.730729166666667,0,0,240,0,120,120,40,0.0,0.48375,0.5267747395833333
0.5093229166666666,0.5,2.866576577553538,0.0,0.16,0.0,random,0.0,0.0,0.0,20,0.0,0.0,z_sd,0.00625,0.2703356293340524,-3.734375,-3.728125,0,0,240,0,120,120,40,0.0,0.49354166666666666,0.52526171875
0.5130729166666667,0.5,2.866576577553538,0.0,0.32,0.0,random,0.0,0.0,0.0,20,0.0,0.0,z_sd,0.011458333333333333,0.5390017454822859,-3.734375,-3.722916666666667,0,0,240,0,120,120,40,0.0,0.49635416666666665,0.5366718749999999
0.5083854166666667,0.5,2.866576577553538,0.0,0.64,0.0,random,0.0,0.0,0.0,20,0.0,0.0,z_sd,0.0078125,1.0774557168285053,-3.734375,-3.7265625,0,0,240,0,120,120,40,0.0,0.49072916666666666,0.528546875
0.50984375,0.5,2.866576577553538,0.0,1.28,0.0,random,0.0,0.0,0.0,20,0.0,0.0,z_sd,0.010416666666666666,2.1543956736723584,-3.734375,-3.7239583333333335,0,0,240,0,120,120,40,0.0,0.4908203125,0.52734375
0.5095833333333334,0.5,2.866576577553538,0.0,2.56,0.0,random,0.0,0.0,0.0,20,0.0,0.0,z_sd,0.009375,4.30879293680191,-3.734375,-3.725,0,0,240,0,120,120,40,0.0,0.48765364583333337,0.5372916666666666
0.5040625,0.5,2.866576577553538,0.0,5.12,0.0,random,0.0,0.0,0.0,20,0.0,0.0,z_sd,0.0026041666666666665,8.617189021905263,-3.734375,-3.7317708333333335,0,0,240,0,120,120,40,0.0,0.4839583333333333,0.5212578125
0.5142708333333333,0.5,2.866576577553538,0.0,10.24,0.0,random,0.0,0.0,0.0,20,0.0,0.0,z_sd,0.014583333333333334,17.234535988171896,-3.734375,-3.7197916666666666,0,0,240,0,120,120,40,0.0,0.48854166666666665,0.5417317708333333
0.5096354166666667,0.5,2.866576577553538,0.0,20.48,0.0,random,0.0,0.0,0.0,20,0.0,0.0,z_sd,0.0026041666666666665,34.46921943028768,-3.734375,-3.7317708333333335,0,0,240,0,120,120,40,0.0,0.46538671875,0.55125
0.50940625,0.5,3.2275758330035513,0.0,0.25,0.0,concept,0.0,0.0,0.0,21,0.0,0.0,alpha,0.00671875,0.2515427517518401,-3.734375,-3.72765625,0,0,800,0,400,400,40,0.0,0.49041796875,0.530251171875
0.508703125,0.5,3.2275758330035513,0.0,0.5,0.0,concept,0.0,0.0,0.0,21,0.0,0.0,alpha,0.008125,0.5010144359618426,-3.734375,-3.72625,0,0,800,0,400,400,40,0.0,0.49235625,0.52520546875
0.5105,0.5,3.2275758330035513,0.0,1.0,0.0,concept,0.0,0.0,0.0,21,0.0,0.0,alpha,0.01046875,1.001248671412468,-3.734375,-3.72390625,0,0,800,0,400,400,40,0.0,0.4930453125,0.53006328125
0.512640625,0.5,3.2275758330035513,0.0,2.0,0.0,concept,0.0,0.0,0.0,21,0.0,0.0,alpha,0.011875,1.9999893125891686,-3.734375,-3.7225,0,0,800,0,400,400,40,0.0,0.49711875,0.530128125
0.5115,0.5,3.2275758330035513,0.0,4.0,0.0,concept,0.0,0.0,0.0,21,0.0,0.0,alpha,0.010625,3.9999688631296157,-3.734375,-3.72375,0,0,800,0,400,400,40,0.0,0.49527890625,0.528960546875
0.51165625,0.5,3.2275758330035513,0.0,8.0,0.0,concept,0.0,0.0,0.0,21,0.0,0.0,alpha,0.01203125,7.9999388670921325,-3.734375,-3.72234375,0,0,800,0,400,400,40,0.0,0.493298828125,0.5292875
0.51409375,0.5,3.2275758330035513,0.0,16.0,0.0,concept,0.0,0.0,0.0,21,0.0,0.0,alpha,0.015,15.999095075130462,-3.734375,-3.719375,0,0,800,0,400,400,40,0.0,0.49337226562500003,0.534536328125
0.509125,0.5,3.2275758330035513,0.0,32.0,0.0,concept,0.0,0.0,0.0,21,0.0,0.0,alpha,0.00734375,31.99786430835724,-3.734375,-3.72703125,0,0,800,0,400,400,40,0.0,0.47386484375,0.543944140625
0.43121875,0.5,3.2275758330035513,0.0,64.0,0.0,concept,0.0,0.0,0.0,21,0.0,0.0,alpha,-0.23671875,63.99575404167175,-3.734375,-3.97109375,0,0,800,0,400,400,40,0.0,0.356154296875,0.494559765625
0.25675,0.5,3.2275758330035513,0.0,128.0,0.0,concept,0.0,0.0,0.0,21,0.0,0.0,alpha,-0.74671875,127.9925729751587,-3.734375,-4.48109375,0,0,800,0,400,400,40,0.0,0.174079296875,0.327844140625
0.50621875,0.5,3.2275758330035513,0.0,0.01,0.0,concept,0.0,0.0,0.0,21,0.0,0.0,z_mad,0.00359375,0.005298305430915207,-3.734375,-3.73078125,0,0,800,0,400,400,40,0.0,0.48915507812500003,0.526845703125
0.508890625,0.5,3.2275758330035513,0.0,0.02,0.0,concept,0.0,0.0,0.0,21,0.0,0.0,z_mad,0.006875,0.013798052237834781,-3.734375,-3.7275,0,0,800,0,400,400,40,0.0,0.49198359374999995,0.52801953125
0.509859375,0.5,3.2275758330035513,0.0,0.04,0.0,concept,0.0,0.0,0.0,21,0.0,0.0,z_mad,0.00921875,0.032012927909381685,-3.734375,-3.72515625,0,0,800,0,400,400,40,0.0,0.495326953125,0.524441015625
0.51053125,0.5,3.2275758330035513,0.0,0.08,0.0,concept,0.0,0.0,0.0,21,0.0,0.0,z_mad,0.00859375,0.06640686197206377,-3.734375,-3.72578125,0,0,800,0,400,400,40,0.0,0.4958578125,0.5252609375
0.50890625,0.5,3.2275758330035513,0.0,0.16,0.0,concept,0.0,0.0,0.0,21,0.0,0.0,z_mad,0.00625,0.13142185276374221,-3.734375,-3.728125,0,0,800,0,400,400,40,0.0,0.49106093749999996,0.527262109375
0.5115625,0.5,3.2275758330035513,0.0,0.32,0.0,concept,0.0,0.0,0.0,21,0.0,0.0,z_mad,0.00921875,0.26016299840062856,-3.734375,-3.72515625,0,0,800,0,400,400,40,0.0,0.4953109375,0.5322207031249999
0.510375,0.5,3.2275758330035513,0.0,0.64,0.0,concept,0.0,0.0,0.0,21,0.0,0.0,z_mad,0.00953125,0.517590923756361,-3.734375,-3.72484375,0,0,800,0,400,400,40,0.0,0.4954359375,0.528206640625
0.50825,0.5,3.2275758330035513,0.0,1.28,0.0,concept,0.0,0.0,0.0,21,0.0,0.0,z_mad,0.00625,1.0334174452722074,-3.734375,-3.728125,0,0,800,0,400,400,40,0.0,0.4925765625,0.5258335937499999
0.5124375,0.5,3.2275758330035513,0.0,2.56,0.0,concept,0.0,0.0,0.0,21,0.0,0.0,z_mad,0.0125,2.065796487927437,-3.734375,-3.721875,0,0,800,0,400,400,40,0.0,0.4972640625,0.53018984375
0.51415625,0.5,3.2275758330035513,0.0,5.12,0.0,concept,0.0,0.0,0.0,21,0.0,0.0,z_mad,0.01421875,4.131985613703728,-3.734375,-3.72015625,0,0,800,0,400,400,40,0.0,0.49856171875,0.53265859375
0.512578125,0.5,3.2275758330035513,0.0,10.24,0.0,concept,0.0,0.0,0.0,21,0.0,0.0,z_mad,0.0128125,8.263345116376877,-3.734375,-3.7215625,0,0,800,0,400,400,40,0.0,0.4947171875,0.532009375
0.51771875,0.5,3.2275758330035513,0.0,20.48,0.0,concept,0.0,0.0,0.0,21,0.0,0.0,z_mad,0.02046875,16.526906886100768,-3.734375,-3.71390625,0,0,800,0,400,400,40,0.0,0.498591796875,0.541616796875
0.509484375,0.5,3.2275758330035513,0.0,0.01,0.0,concept,0.0,0.0,0.0,21,0.0,0.0,z_sd,0.00625,0.39602101989090444,-3.734375,-3.728125,0,0,800,0,400,400,40,0.0,0.496310546875,0.525109765625
0.50984375,0.5,3.2275758330035513,0.0,0.02,0.0,concept,0.0,0.0,0.0,21,0.0,0.0,z_sd,0.0090625,0.7902710938081146,-3.734375,-3.7253125,0,0,800,0,400,400,40,0.0,0.4961359375,0.52578359375
0.507328125,0.5,3.2275758330035513,0.0,0.04,0.0,concept,0.0,0.0,0.0,21,0.0,0.0,z_sd,0.0053125,1.578477994427085,-3.734375,-3.7290625,0,0,800,0,400,400,40,0.0,0.49270312499999996,0.5243488281249999
0.51225,0.5,3.2275758330035513,0.0,0.08,0.0,concept,0.0,0.0,0.0,21,0.0,0.0,z_sd,0.0121875,3.155673805326223,-3.734375,-3.7221875,0,0,800,0,400,400,40,0.0,0.493012109375,0.531306640625
0.512015625,0.5,3.2275758330035513,0.0,0.16,0.0,concept,0.0,0.0,0.0,21,0.0,0.0,z_sd,0.0121875,6.310529464185238,-3.734375,-3.7221875,0,0,800,0,400,400,40,0.0,0.495623828125,0.528908984375
0.513390625,0.5,3.2275758330035513,0.0,0.32,0.0,concept,0.0,0.0,0.0,21,0.0,0.0,z_sd,0.0140625,12.621350412368775,-3.734375,-3.7203125,0,0,800,0,400,400,40,0.0,0.49604453125,0.531627734375
0.506359375,0.5,3.2275758330035513,0.0,0.64,0.0,concept,0.0,0.0,0.0,21,0.0,0.0,z_sd,0.00640625,25.242840205430984,-3.734375,-3.72796875,0,0,800,0,400,400,40,0.0,0.4692640625,0.53691640625
0.46884375,0.5,3.2275758330035513,0.0,1.28,0.0,concept,0.0,0.0,0.0,21,0.0,0.0,z_sd,-0.1128125,50.48607159614563,-3.734375,-3.8471875,0,0,800,0,400,400,40,0.0,0.394058984375,0.53099140625
0.3934375,0.5,3.2275758330035513,0.0,2.56,0.0,concept,0.0,0.0,0.0,21,0.0,0.0,z_sd,-0.291953125,100.97212283611297,-3.734375,-4.026328125,0,0,800,0,400,400,40,0.0,0.2913703125,0.469984375
0.2714375,0.5,3.2275758330035513,0.0,5.12,0.0,concept,0.0,0.0,0.0,21,0.0,0.0,z_sd,-0.552421875,201.9394319343567,-3.734375,-4.286796875,0,0,800,0,400,400,40,0.0,0.1744515625,0.36066601562499995
0.1936875,0.5,3.2275758330035513,0.0,10.24,0.0,concept,0.0,0.0,0.0,21,0.0,0.0,z_sd,-0.931796875,403.88317331314084,-3.734375,-4.666171875,0,0,800,0,400,400,40,0.0,0.110280859375,0.268816796875
0.133234375,0.5,3.2275758330035513,0.0,20.48,0.0,concept,0.0,0.0,0.0,21,0.0,0.0,z_sd,-1.249609375,807.8315814590454,-3.734375,-4.983984375,0,0,800,0,400,400,40,0.0,0.069253125,0.196943359375
0.509765625,0.5,2.7364194385325056,0.0,0.25,0.0,dropout,0.0,0.0,0.0,21,0.0,0.0,alpha,0.00859375,0.1130844024126418,-3.734375,-3.72578125,0,0,160,0,80,80,40,0.0,0.4884375,0.53265625
0.5084375,0.5,2.7364194385325056,0.0,0.5,0.0,dropout,0.0,0.0,0.0,21,0.0,0.0,alpha,0.00625,0.367469416372478,-3.734375,-3.728125,0,0,160,0,80,80,40,0.0,0.49030859374999997,0.53203125
0.51234375,0.5,2.7364194385325056,0.0,1.0,0.0,dropout,0.0,0.0,0.0,21,0.0,0.0,alpha,0.009375,0.7911183625459671,-3.734375,-3.725,0,0,160,0,80,80,40,0.0,0.49515625,0.53421875
0.504921875,0.5,2.7364194385325056,0.0,2.0,0.0,dropout,0.0,0.0,0.0,21,0.0,0.0,alpha,0.00234375,1.7211424306035041,-3.734375,-3.73203125,0,0,160,0,80,80,40,0.0,0.48140234374999996,0.528125
0.514765625,0.5,2.7364194385325056,0.0,4.0,0.0,dropout,0.0,0.0,0.0,21,0.0,0.0,alpha,0.01484375,3.770245745778084,-3.734375,-3.71953125,0,0,160,0,80,80,40,0.0,0.48609375,0.537826171875
0.50921875,0.5,2.7364194385325056,0.0,8.0,0.0,dropout,0.0,0.0,0.0,21,0.0,0.0,alpha,0.00859375,7.853658902645111,-3.734375,-3.72578125,0,0,160,0,80,80,40,0.0,0.48358203125,0.53609375
0.51125,0.5,2.7364194385325056,0.0,16.0,0.0,dropout,0.0,0.0,0.0,21,0.0,0.0,alpha,0.01171875,15.965161335468292,-3.734375,-3.72265625,0,0,160,0,80,80,40,0.0,0.485453125,0.5398457031249999
0.504375,0.5,2.7364194385325056,0.0,32.0,0.0,dropout,0.0,0.0,0.0,21,0.0,0.0,alpha,0.003125,31.744778561592103,-3.734375,-3.73125,0,0,160,0,80,80,40,0.0,0.47953125,0.52953125
0.3478125,0.5,2.7364194385325056,0.0,64.0,0.0,dropout,0.0,0.0,0.0,21,0.0,0.0,alpha,-0.38359375,62.732368087768556,-3.734375,-4.11796875,0,0,160,0,80,80,40,0.0,0.27546875,0.40734375
0.2559375,0.5,2.7364194385325056,0.0,128.0,0.0,dropout,0.0,0.0,0.0,21,0.0,0.0,alpha,-0.93125,117.95411462783814,-3.734375,-4.665625,0,0,160,0,80,80,40,0.0,0.20030859375,0.29703515625000004
0.5,0.5,2.7364194385325056,0.0,0.01,0.0,dropout,0.0,0.0,0.0,21,0.0,0.0,z_mad,0.0,0.0,-3.734375,-3.734375,0,0,160,0,80,80,40,0.0,0.5,0.5
0.5,0.5,2.7364194385325056,0.0,0.02,0.0,dropout,0.0,0.0,0.0,21,0.0,0.0,z_mad,0.0,0.0,-3.734375,-3.734375,0,0,160,0,80,80,40,0.0,0.5,0.5
0.5,0.5,2.7364194385325056,0.0,0.04,0.0,dropout,0.0,0.0,0.0,21,0.0,0.0,z_mad,0.0,0.0,-3.734375,-3.734375,0,0,160,0,80,80,40,0.0,0.5,0.5
0.500703125,0.5,2.7364194385325056,0.0,0.08,0.0,dropout,0.0,0.0,0.0,21,0.0,0.0,z_mad,0.00078125,0.0008446103311143816,-3.734375,-3.73359375,0,0,160,0,80,80,40,0.0,0.5,0.5028125
0.499453125,0.5,2.7364194385325056,0.0,0.16,0.0,dropout,0.0,0.0,0.0,21,0.0,0.0,z_mad,-0.00078125,0.0032137190812136394,-3.734375,-3.73515625,0,0,160,0,80,80,40,0.0,0.494375,0.50421875
0.5065625,0.5,2.7364194385325056,0.0,0.32,0.0,dropout,0.0,0.0,0.0,21,0.0,0.0,z_mad,0.00703125,0.019785310537554324,-3.734375,-3.72734375,0,0,160,0,80,80,40,0.0,0.495,0.516875
0.50734375,0.5,2.7364194385325056,0.0,0.64,0.0,dropout,0.0,0.0,0.0,21,0.0,0.0,z_mad,0.00625,0.06349119057413191,-3.734375,-3.728125,0,0,160,0,80,80,40,0.0,0.486859375,0.525625
0.512265625,0.5,2.7364194385325056,0.0,1.28,0.0,dropout,0.0,0.0,0.0,21,0.0,0.0,z_mad,0.009375,0.2550925431773067,-3.734375,-3.725,0,0,160,0,80,80,40,0.0,0.4921875,0.53578125
0.509296875,0.5,2.7364194385325056,0.0,2.56,0.0,dropout,0.0,0.0,0.0,21,0.0,0.0,z_mad,0.0078125,0.6006332136690616,-3.734375,-3.7265625,0,0,160,0,80,80,40,0.0,0.491875,0.5340625
0.50890625,0.5,2.7364194385325056,0.0,5.12,0.0,dropout,0.0,0.0,0.0,21,0.0,0.0,z_mad,0.00859375,1.3585467234253883,-3.734375,-3.72578125,0,0,160,0,80,80,40,0.0,0.4871796875,0.537203125
0.506953125,0.5,2.7364194385325056,0.0,10.24,0.0,dropout,0.0,0.0,0.0,21,0.0,0.0,z_mad,0.00390625,2.818743535876274,-3.734375,-3.73046875,0,0,160,0,80,80,40,0.0,0.48093164062500005,0.53421875
0.5096875,0.5,2.7364194385325056,0.0,20.48,0.0,dropout,0.0,0.0,0.0,21,0.0,0.0,z_mad,0.0125,6.14772390127182,-3.734375,-3.721875,0,0,160,0,80,80,40,0.0,0.48625,0.53484375
0.499296875,0.5,2.7364194385325056,0.0,0.01,0.0,dropout,0.0,0.0,0.0,21,0.0,0.0,z_sd,-0.00078125,0.0011496407736558468,-3.734375,-3.73515625,0,0,160,0,80,80,40,0.0,0.496875,0.5
0.49921875,0.5,2.7364194385325056,0.0,0.02,0.0,dropout,0.0,0.0,0.0,21,0.0,0.0,z_sd,-0.00234375,0.005943580958410166,-3.734375,-3.73671875,0,0,160,0,80,80,40,0.0,0.4925,0.503126953125
0.501875,0.5,2.7364194385325056,0.0,0.04,0.0,dropout,0.0,0.0,0.0,21,0.0,0.0,z_sd,0.00078125,0.017117128826794215,-3.734375,-3.73359375,0,0,160,0,80,80,40,0.0,0.490544921875,0.5131328125000001
0.50609375,0.5,2.7364194385325056,0.0,0.08,0.0,dropout,0.0,0.0,0.0,21,0.0,0.0,z_sd,0.00234375,0.07572155780799221,-3.734375,-3.73203125,0,0,160,0,80,80,40,0.0,0.48609375,0.524408203125
0.514453125,0.5,2.7364194385325056,0.0,0.16,0.0,dropout,0.0,0.0,0.0,21,0.0,0.0,z_sd,0.01875,0.26774522438645365,-3.734375,-3.715625,0,0,160,0,80,80,40,0.0,0.50203125,0.529927734375
0.508828125,0.5,2.7364194385325056,0.0,0.32,0.0,dropout,0.0,0.0,0.0,21,0.0,0.0,z_sd,0.00546875,0.576286592707038,-3.734375,-3.72890625,0,0,160,0,80,80,40,0.0,0.49139062499999997,0.5303125
0.510625,0.5,2.7364194385325056,0.0,0.64,0.0,dropout,0.0,0.0,0.0,21,0.0,0.0,z_sd,0.00859375,1.3468501344323158,-3.734375,-3.72578125,0,0,160,0,80,80,40,0.0,0.4928125,0.52703125
0.508671875,0.5,2.7364194385325056,0.0,1.28,0.0,dropout,0.0,0.0,0.0,21,0.0,0.0,z_sd,0.009375,2.9953581154346467,-3.734375,-3.725,0,0,160,0,80,80,40,0.0,0.48655078125,0.5276796875
0.506328125,0.5,2.7364194385325056,0.0,2.56,0.0,dropout,0.0,0.0,0.0,21,0.0,0.0,z_sd,0.00390625,6.183127480745315,-3.734375,-3.73046875,0,0,160,0,80,80,40,0.0,0.49203125,0.51875
0.50890625,0.5,2.7364194385325056,0.0,5.12,0.0,dropout,0.0,0.0,0.0,21,0.0,0.0,z_sd,0.009375,12.653564023971558,-3.734375,-3.725,0,0,160,0,80,80,40,0.0,0.4825,0.5328125
0.5171875,0.5,2.7364194385325056,0.0,10.24,0.0,dropout,0.0,0.0,0.0,21,0.0,0.0,z_sd,0.01796875,25.213421678543092,-3.734375,-3.71640625,0,0,160,0,80,80,40,0.0,0.499375,0.5436484374999999
0.43984375,0.5,2.7364194385325056,0.0,20.48,0.0,dropout,0.0,0.0,0.0,21,0.0,0.0,z_sd,-0.18671875,48.75559792518616,-3.734375,-3.92109375,0,0,160,0,80,80,40,0.0,0.39765625,0.4759375
0.5040625,0.5,2.7364194385325056,0.0,0.25,0.0,noise,0.0,0.0,0.0,21,0.0,0.0,alpha,0.00234375,0.2511068508028984,-3.734375,-3.73203125,0,0,160,0,80,80,40,0.0,0.4878046875,0.5234453125
0.5025,0.5,2.7364194385325056,0.0,0.5,0.0,noise,0.0,0.0,0.0,21,0.0,0.0,alpha,-0.0015625,0.5006341345608234,-3.734375,-3.7359375,0,0,160,0,80,80,40,0.0,0.48015625,0.5181406249999999
0.5096875,0.5,2.7364194385325056,0.0,1.0,0.0,noise,0.0,0.0,0.0,21,0.0,0.0,alpha,0.00625,1.0003536008298397,-3.734375,-3.728125,0,0,160,0,80,80,40,0.0,0.499375,0.520091796875
0.510234375,0.5,2.7364194385325056,0.0,2.0,0.0,noise,0.0,0.0,0.0,21,0.0,0.0,alpha,0.0078125,2.0002578407526017,-3.734375,-3.7265625,0,0,160,0,80,80,40,0.0,0.49,0.53
0.510703125,0.5,2.7364194385325056,0.0,4.0,0.0,noise,0.0,0.0,0.0,21,0.0,0.0,alpha,0.0109375,4.000128436088562,-3.734375,-3.7234375,0,0,160,0,80,80,40,0.0,0.49234375,0.5321875
0.510859375,0.5,2.7364194385325056,0.0,8.0,0.0,noise,0.0,0.0,0.0,21,0.0,0.0,alpha,0.00703125,8.000099420547485,-3.734375,-3.72734375,0,0,160,0,80,80,40,0.0,0.48874609375,0.536734375
0.5175,0.5,2.7364194385325056,0.0,16.0,0.0,noise,0.0,0.0,0.0,21,0.0,0.0,alpha,0.01796875,15.999993526935578,-3.734375,-3.71640625,0,0,160,0,80,80,40,0.0,0.4928125,0.543046875
0.518125,0.5,2.7364194385325056,0.0,32.0,0.0,noise,0.0,0.0,0.0,21,0.0,0.0,alpha,0.01875,31.999830436706542,-3.734375,-3.715625,0,0,160,0,80,80,40,0.0,0.492109375,0.550166015625
0.4478125,0.5,2.7364194385325056,0.0,64.0,0.0,noise,0.0,0.0,0.0,21,0.0,0.0,alpha,-0.09375,63.9997154712677,-3.734375,-3.828125,0,0,160,0,80,80,40,0.0,0.42453125,0.46296875
0.4515625,0.5,2.7364194385325056,0.0,128.0,0.0,noise,0.0,0.0,0.0,21,0.0,0.0,alpha,-0.1171875,127.99979667663574,-3.734375,-3.8515625,0,0,160,0,80,80,40,0.0,0.40811328125,0.48234375
0.515390625,0.5,2.7364194385325056,0.0,0.01,0.0,noise,0.0,0.0,0.0,21,0.0,0.0,z_mad,0.0171875,0.0014036969223525375,-3.734375,-3.7171875,0,0,160,0,80,80,40,0.0,0.500546875,0.5359531249999999
0.50890625,0.5,2.7364194385325056,0.0,0.02,0.0,noise,0.0,0.0,0.0,21,0.0,0.0,z_mad,0.00859375,0.003914495077333413,-3.734375,-3.72578125,0,0,160,0,80,80,40,0.0,0.48983984375,0.53109765625
0.502265625,0.5,2.7364194385325056,0.0,0.04,0.0,noise,0.0,0.0,0.0,21,0.0,0.0,z_mad,-0.0015625,0.010505480389110745,-3.734375,-3.7359375,0,0,160,0,80,80,40,0.0,0.48703125,0.513908203125
0.5128125,0.5,2.7364194385325056,0.0,0.08,0.0,noise,0.0,0.0,0.0,21,0.0,0.0,z_mad,0.01015625,0.025485323974862695,-3.734375,-3.72421875,0,0,160,0,80,80,40,0.0,0.4959375,0.53234375
0.507578125,0.5,2.7364194385325056,0.0,0.16,0.0,noise,0.0,0.0,0.0,21,0.0,0.0,z_mad,0.00390625,0.05313801970332861,-3.734375,-3.73046875,0,0,160,0,80,80,40,0.0,0.489375,0.534140625
0.510546875,0.5,2.7364194385325056,0.0,0.32,0.0,noise,0.0,0.0,0.0,21,0.0,0.0,z_mad,0.0109375,0.10579970497637987,-3.734375,-3.7234375,0,0,160,0,80,80,40,0.0,0.49671484374999997,0.52438671875
0.50921875,0.5,2.7364194385325056,0.0,0.64,0.0,noise,0.0,0.0,0.0,21,0.0,0.0,z_mad,0.00390625,0.20782218761742116,-3.734375,-3.73046875,0,0,160,0,80,80,40,0.0,0.48512890625,0.5278125
0.512109375,0.5,2.7364194385325056,0.0,1.28,0.0,noise,0.0,0.0,0.0,21,0.0,0.0,z_mad,0.009375,0.4111892465502024,-3.734375,-3.725,0,0,160,0,80,80,40,0.0,0.4940625,0.53296875
0.5075,0.5,2.7364194385325056,0.0,2.56,0.0,noise,0.0,0.0,0.0,21,0.0,0.0,z_mad,0.01015625,0.8264574445784092,-3.734375,-3.72421875,0,0,160,0,80,80,40,0.0,0.4896875,0.528125
0.506015625,0.5,2.7364194385325056,0.0,5.12,0.0,noise,0.0,0.0,0.0,21,0.0,0.0,z_mad,0.0,1.6535964444279672,-3.734375,-3.734375,0,0,160,0,80,80,40,0.0,0.48921875,0.5178203125
0.508203125,0.5,2.7364194385325056,0.0,10.24,0.0,noise,0.0,0.0,0.0,21,0.0,0.0,z_mad,0.00625,3.318151372671127,-3.734375,-3.728125,0,0,160,0,80,80,40,0.0,0.4910859375,0.53140625
0.509140625,0.5,2.7364194385325056,0.0,20.48,0.0,noise,0.0,0.0,0.0,21,0.0,0.0,z_mad,0.00390625,6.549300521612167,-3.734375,-3.73046875,0,0,160,0,80,80,40,0.0,0.49238085937500004,0.524453125
0.51015625,0.5,2.7364194385325056,0.0,0.01,0.0,noise,0.0,0.0,0.0,21,0.0,0.0,z_sd,0.00859375,0.02505032205954194,-3.734375,-3.72578125,0,0,160,0,80,80,40,0.0,0.494375,0.5289140625000001
0.508125,0.5,2.7364194385325056,0.0,0.02,0.0,noise,0.0,0.0,0.0,21,0.0,0.0,z_sd,0.00703125,0.05272144938353449,-3.734375,-3.72734375,0,0,160,0,80,80,40,0.0,0.4879609375,0.534302734375
0.511015625,0.5,2.7364194385325056,0.0,0.04,0.0,noise,0.0,0.0,0.0,21,0.0,0.0,z_sd,0.00859375,0.1063579433131963,-3.734375,-3.72578125,0,0,160,0,80,80,40,0.0,0.490625,0.53125
0.51171875,0.5,2.7364194385325056,0.0,0.08,0.0,noise,0.0,0.0,0.0,21,0.0,0.0,z_sd,0.0078125,0.21150972908362747,-3.734375,-3.7265625,0,0,160,0,80,80,40,0.0,0.48984375,0.53187890625
0.513046875,0.5,2.7364194385325056,0.0,0.16,0.0,noise,0.0,0.0,0.0,21,0.0,0.0,z_sd,0.0125,0.4079094611108303,-3.734375,-3.721875,0,0,160,0,80,80,40,0.0,0.496248046875,0.53220703125
0.513125,0.5,2.7364194385325056,0.0,0.32,0.0,noise,0.0,0.0,0.0,21,0.0,0.0,z_sd,0.0109375,0.8100587897002697,-3.734375,-3.7234375,0,0,160,0,80,80,40,0.0,0.48788476562500005,0.536171875
0.500859375,0.5,2.7364194385325056,0.0,0.64,0.0,noise,0.0,0.0,0.0,21,0.0,0.0,z_sd,-0.00234375,1.7150204062461853,-3.734375,-3.73671875,0,0,160,0,80,80,40,0.0,0.48890625,0.51016015625
0.50890625,0.5,2.7364194385325056,0.0,1.28,0.0,noise,0.0,0.0,0.0,21,0.0,0.0,z_sd,0.00546875,3.3409534484148025,-3.734375,-3.72890625,0,0,160,0,80,80,40,0.0,0.4926328125,0.5253125
0.509921875,0.5,2.7364194385325056,0.0,2.56,0.0,noise,0.0,0.0,0.0,21,0.0,0.0,z_sd,0.0078125,6.759262537956237,-3.734375,-3.7265625,0,0,160,0,80,80,40,0.0,0.48765625,0.530787109375
0.504140625,0.5,2.7364194385325056,0.0,5.12,0.0,noise,0.0,0.0,0.0,21,0.0,0.0,z_sd,0.003125,14.33207750916481,-3.734375,-3.73125,0,0,160,0,80,80,40,0.0,0.48359375,0.53546875
0.509609375,0.5,2.7364194385325056,0.0,10.24,0.0,noise,0.0,0.0,0.0,21,0.0,0.0,z_sd,0.01484375,24.60245461463928,-3.734375,-3.71953125,0,0,160,0,80,80,40,0.0,0.48703125,0.52859375
0.522734375,0.5,2.7364194385325056,0.0,20.48,0.0,noise,0.0,0.0,0.0,21,0.0,0.0,z_sd,0.0390625,50.88399748802185,-3.734375,-3.6953125,0,0,160,0,80,80,40,0.0,0.50328125,0.552890625
0.5086458333333334,0.5,2.866576577553538,0.0,0.25,0.0,random,0.0,0.0,0.0,21,0.0,0.0,alpha,0.007291666666666667,0.2510806774099668,-3.734375,-3.7270833333333333,0,0,240,0,120,120,40,0.0,0.49176432291666666,0.5283411458333334
0.5051041666666667,0.5,2.866576577553538,0.0,0.5,0.0,random,0.0,0.0,0.0,21,0.0,0.0,alpha,0.0020833333333333333,0.5006001691023508,-3.734375,-3.732291666666667,0,0,240,0,120,120,40,0.0,0.48791666666666667,0.5258932291666667
0.50890625,0.5,2.866576577553538,0.0,1.0,0.0,random,0.0,0.0,0.0,21,0.0,0.0,alpha,0.008333333333333333,1.0004786431789399,-3.734375,-3.7260416666666667,0,0,240,0,120,120,40,0.0,0.4912447916666667,0.53338671875
0.5091666666666667,0.5,2.866576577553538,0.0,2.0,0.0,random,0.0,0.0,0.0,21,0.0,0.0,alpha,0.008333333333333333,2.000235715508461,-3.734375,-3.7260416666666667,0,0,240,0,120,120,40,0.0,0.49185807291666667,0.5261484375
0.5072395833333333,0.5,2.866576577553538,0.0,4.0,0.0,random,0.0,0.0,0.0,21,0.0,0.0,alpha,0.008854166666666666,4.000169895092646,-3.734375,-3.7255208333333334,0,0,240,0,120,120,40,0.0,0.4908268229166667,0.52671875
0.509375,0.5,2.866576577553538,0.0,8.0,0.0,random,0.0,0.0,0.0,21,0.0,0.0,alpha,0.005208333333333333,8.000139768918356,-3.734375,-3.7291666666666665,0,0,240,0,120,120,40,0.0,0.49114583333333334,0.5261992187500001
0.5127083333333333,0.5,2.866576577553538,0.0,16.0,0.0,random,0.0,0.0,0.0,21,0.0,0.0,alpha,0.013541666666666667,15.999954533576965,-3.734375,-3.720833333333333,0,0,240,0,120,120,40,0.0,0.49338281250000005,0.5345833333333333
0.5115625,0.5,2.866576577553538,0.0,32.0,0.0,random,0.0,0.0,0.0,21,0.0,0.0,alpha,0.0067708333333333336,32.00017584164937,-3.734375,-3.7276041666666666,0,0,240,0,120,120,40,0.0,0.48562369791666665,0.5388046875
0.4441145833333333,0.5,2.866576577553538,0.0,64.0,0.0,random,0.0,0.0,0.0,21,0.0,0.0,alpha,-0.11145833333333334,64.00021044413249,-3.734375,-3.845833333333333,0,0,240,0,120,120,40,0.0,0.40921484375,0.47026692708333334
0.49223958333333334,0.5,2.866576577553538,0.0,128.0,0.0,random,0.0,0.0,0.0,21,0.0,0.0,alpha,-0.020833333333333332,128.00033715566,-3.734375,-3.7552083333333335,0,0,240,0,120,120,40,0.0,0.41812109375,0.596140625
0.508125,0.5,2.866576577553538,0.0,0.01,0.0,random,0.0,0.0,0.0,21,0.0,0.0,z_mad,0.008854166666666666,0.001173492231464479,-3.734375,-3.7255208333333334,0,0,240,0,120,120,40,0.0,0.4946875,0.52296875
0.5084375,0.5,2.866576577553538,0.0,0.02,0.0,random,0.0,0.0,0.0,21,0.0,0.0,z_mad,0.005208333333333333,0.0032804918941110373,-3.734375,-3.7291666666666665,0,0,240,0,120,120,40,0.0,0.488328125,0.5302174479166666
0.5081770833333333,0.5,2.866576577553538,0.0,0.04,0.0,random,0.0,0.0,0.0,21,0.0,0.0,z_mad,0.003125,0.008886829592908423,-3.734375,-3.73125,0,0,240,0,120,120,40,0.0,0.49005208333333333,0.52953125
0.5108333333333334,0.5,2.866576577553538,0.0,0.08,0.0,random,0.0,0.0,0.0,21,0.0,0.0,z_mad,0.009895833333333333,0.022176600620150567,-3.734375,-3.724479166666667,0,0,240,0,120,120,40,0.0,0.49015234375,0.5336015625
0.509375,0.5,2.866576577553538,0.0,0.16,0.0,random,0.0,0.0,0.0,21,0.0,0.0,z_mad,0.00625,0.04778557854394118,-3.734375,-3.728125,0,0,240,0,120,120,40,0.0,0.49302083333333335,0.5295338541666667
0.5114583333333333,0.5,2.866576577553538,0.0,0.32,0.0,random,0.0,0.0,0.0,21,0.0,0.0,z_mad,0.0125,0.09387770214428505,-3.734375,-3.721875,0,0,240,0,120,120,40,0.0,0.49781119791666667,0.52912109375
0.5089583333333333,0.5,2.866576577553538,0.0,0.64,0.0,random,0.0,0.0,0.0,21,0.0,0.0,z_mad,0.0067708333333333336,0.18508628718554973,-3.734375,-3.7276041666666666,0,0,240,0,120,120,40,0.0,0.49046354166666667,0.5280755208333333
0.5104166666666666,0.5,2.866576577553538,0.0,1.28,0.0,random,0.0,0.0,0.0,21,0.0,0.0,z_mad,0.009895833333333333,0.36836936821540195,-3.734375,-3.724479166666667,0,0,240,0,120,120,40,0.0,0.49171875,0.5309427083333332
0.5116145833333333,0.5,2.866576577553538,0.0,2.56,0.0,random,0.0,0.0,0.0,21,0.0,0.0,z_mad,0.008854166666666666,0.7351754451791446,-3.734375,-3.7255208333333334,0,0,240,0,120,120,40,0.0,0.49348828125,0.5322005208333334
0.5152083333333334,0.5,2.866576577553538,0.0,5.12,0.0,random,0.0,0.0,0.0,21,0.0,0.0,z_mad,0.015625,1.4699245979388555,-3.734375,-3.71875,0,0,240,0,120,120,40,0.0,0.49854166666666666,0.53474609375
0.5083854166666667,0.5,2.866576577553538,0.0,10.24,0.0,random,0.0,0.0,0.0,21,0.0,0.0,z_mad,0.005729166666666666,2.9394152482350666,-3.734375,-3.728645833333333,0,0,240,0,120,120,40,0.0,0.4893736979166667,0.5306770833333333
0.5076041666666666,0.5,2.866576577553538,0.0,20.48,0.0,random,0.0,0.0,0.0,21,0.0,0.0,z_mad,0.005729166666666666,5.87854749361674,-3.734375,-3.728645833333333,0,0,240,0,120,120,40,0.0,0.49442578125000003,0.5219309895833334
0.5097916666666666,0.5,2.866576577553538,0.0,0.01,0.0,random,0.0,0.0,0.0,21,0.0,0.0,z_sd,0.007291666666666667,0.01068518858179838,-3.734375,-3.7270833333333333,0,0,240,0,120,120,40,0.0,0.49755078125,0.5256328125
0.5094270833333333,0.5,2.866576577553538,0.0,0.02,0.0,random,0.0,0.0,0.0,21,0.0,0.0,z_sd,0.0109375,0.02422196704428643,-3.734375,-3.7234375,0,0,240,0,120,120,40,0.0,0.49265234375,0.531
0.5132291666666666,0.5,2.866576577553538,0.0,0.04,0.0,random,0.0,0.0,0.0,21,0.0,0.0,z_sd,0.013020833333333334,0.04953719578140105,-3.734375,-3.7213541666666665,0,0,240,0,120,120,40,0.0,0.49239062499999997,0.539375
0.5093229166666666,0.5,2.866576577553538,0.0,0.08,0.0,random,0.0,0.0,0.0,21,0.0,0.0,z_sd,0.007291666666666667,0.0989261527856191,-3.734375,-3.7270833333333333,0,0,240,0,120,120,40,0.0,0.4926549479166667,0.5293229166666666
0.5063541666666667,0.5,2.866576577553538,0.0,0.16,0.0,random,0.0,0.0,0.0,21,0.0,0.0,z_sd,0.00625,0.19770209078366557,-3.734375,-3.728125,0,0,240,0,120,120,40,0.0,0.4881770833333333,0.5325520833333334
0.5150520833333333,0.5,2.866576577553538,0.0,0.32,0.0,random,0.0,0.0,0.0,21,0.0,0.0,z_sd,0.013020833333333334,0.39360858059177795,-3.734375,-3.7213541666666665,0,0,240,0,120,120,40,0.0,0.50171875,0.5272395833333333
0.51109375,0.5,2.866576577553538,0.0,0.64,0.0,random,0.0,0.0,0.0,21,0.0,0.0,z_sd,0.010416666666666666,0.7858082134276628,-3.734375,-3.7239583333333335,0,0,240,0,120,120,40,0.0,0.49020703125000004,0.5324544270833333
0.5092708333333333,0.5,2.866576577553538,0.0,1.28,0.0,random,0.0,0.0,0.0,21,0.0,0.0,z_sd,0.0046875,1.5707624991734823,-3.734375,-3.7296875,0,0,240,0,120,120,40,0.0,0.4855729166666667,0.5372421875
0.50609375,0.5,2.866576577553538,0.0,2.56,0.0,random,0.0,0.0,0.0,21,0.0,0.0,z_sd,0.005208333333333333,3.1408920471866923,-3.734375,-3.7291666666666665,0,0,240,0,120,120,40,0.0,0.48703125,0.5316158854166667
0.510625,0.5,2.866576577553538,0.0,5.12,0.0,random,0.0,0.0,0.0,21,0.0,0.0,z_sd,0.0067708333333333336,6.281079975763957,-3.734375,-3.7276041666666666,0,0,240,0,120,120,40,0.0,0.49473828125,0.5325026041666666
0.5094270833333333,0.5,2.866576577553538,0.0,10.24,0.0,random,0.0,0.0,0.0,21,0.0,0.0,z_sd,0.0067708333333333336,12.562393130858739,-3.734375,-3.7276041666666666,0,0,240,0,120,120,40,0.0,0.4863984375,0.5343281249999999
0.5125520833333334,0.5,2.866576577553538,0.0,20.48,0.0,random,0.0,0.0,0.0,21,0.0,0.0,z_sd,0.009375,25.124811522165935,-3.734375,-3.725,0,0,240,0,120,120,40,0.0,0.486875,0.5385156249999999
0.51065625,0.5,3.2275758330035513,0.0,0.25,0.0,concept,0.0,0.0,0.0,22,0.0,0.0,alpha,0.00890625,0.25131605692207815,-3.734375,-3.72546875,0,0,800,0,400,400,40,0.0,0.494593359375,0.528359765625
0.509890625,0.5,3.2275758330035513,0.0,0.5,0.0,concept,0.0,0.0,0.0,22,0.0,0.0,alpha,0.00953125,0.5011292224377394,-3.734375,-3.72484375,0,0,800,0,400,400,40,0.0,0.49406132812500003,0.5271875
0.509921875,0.5,3.2275758330035513,0.0,1.0,0.0,concept,0.0,0.0,0.0,22,0.0,0.0,alpha,0.00875,1.0010258248448372,-3.734375,-3.725625,0,0,800,0,400,400,40,0.0,0.491843359375,0.5307125
0.507890625,0.5,3.2275758330035513,0.0,2.0,0.0,concept,0.0,0.0,0.0,22,0.0,0.0,alpha,0.0059375,2.0007923573255537,-3.734375,-3.7284375,0,0,800,0,400,400,40,0.0,0.49152929687499997,0.526745703125
0.511734375,0.5,3.2275758330035513,0.0,4.0,0.0,concept,0.0,0.0,0.0,22,0.0,0.0,alpha,0.01140625,3.9997724294662476,-3.734375,-3.72296875,0,0,800,0,400,400,40,0.0,0.496444140625,0.52801640625
0.50890625,0.5,3.2275758330035513,0.0,8.0,0.0,concept,0.0,0.0,0.0,22,0.0,0.0,alpha,0.0103125,7.999999828338623,-3.734375,-3.7240625,0,0,800,0,400,400,40,0.0,0.48825,0.52709453125
0.51346875,0.5,3.2275758330035513,0.0,16.0,0.0,concept,0.0,0.0,0.0,22,0.0,0.0,alpha,0.0165625,16.00074052333832,-3.734375,-3.7178125,0,0,800,0,400,400,40,0.0,0.49362460937499997,0.535859375
0.506984375,0.5,3.2275758330035513,0.0,32.0,0.0,concept,0.0,0.0,0.0,22,0.0,0.0,alpha,0.00578125,32.001037435531615,-3.734375,-3.72859375,0,0,800,0,400,400,40,0.0,0.46936875,0.5412796875
0.41275,0.5,3.2275758330035513,0.0,64.0,0.0,concept,0.0,0.0,0.0,22,0.0,0.0,alpha,-0.24140625,64.00218870162963,-3.734375,-3.97578125,0,0,800,0,400,400,40,0.0,0.32355078125,0.49031874999999997
0.26825,0.5,3.2275758330035513,0.0,128.0,0.0,concept,0.0,0.0,0.0,22,0.0,0.0,alpha,-0.73140625,128.0052656173706,-3.734375,-4.46578125,0,0,800,0,400,400,40,0.0,0.155684375,0.38583125
0.510171875,0.5,3.2275758330035513,0.0,0.01,0.0,concept,0.0,0.0,0.0,22,0.0,0.0,z_mad,0.00921875,0.005934759998344816,-3.734375,-3.72515625,0,0,800,0,400,400,40,0.0,0.492997265625,0.5286207031250001
0.5069375,0.5,3.2275758330035513,0.0,0.02,0.0,concept,0.0,0.0,0.0,22,0.0,0.0,z_mad,0.005,0.015348681528121234,-3.734375,-3.729375,0,0,800,0,400,400,40,0.0,0.48859296874999997,0.5279035156249999
0.507765625,0.5,3.2275758330035513,0.0,0.04,0.0,concept,0.0,0.0,0.0,22,0.0,0.0,z_mad,0.00515625,0.03559819342568517,-3.734375,-3.72921875,0,0,800,0,400,400,40,0.0,0.49204609374999997,0.525691015625
0.511828125,0.5,3.2275758330035513,0.0,0.08,0.0,concept,0.0,0.0,0.0,22,0.0,0.0,z_mad,0.01078125,0.07485148241743446,-3.734375,-3.72359375,0,0,800,0,400,400,40,0.0,0.49715234375,0.5287359375
0.507890625,0.5,3.2275758330035513,0.0,0.16,0.0,concept,0.0,0.0,0.0,22,0.0,0.0,z_mad,0.00546875,0.1452384285070002,-3.734375,-3.72890625,0,0,800,0,400,400,40,0.0,0.492703125,0.525289453125
0.5080625,0.5,3.2275758330035513,0.0,0.32,0.0,concept,0.0,0.0,0.0,22,0.0,0.0,z_mad,0.0071875,0.2883459885418415,-3.734375,-3.7271875,0,0,800,0,400,400,40,0.0,0.4911875,0.5268933593749999
0.510609375,0.5,3.2275758330035513,0.0,0.64,0.0,concept,0.0,0.0,0.0,22,0.0,0.0,z_mad,0.01125,0.575757070928812,-3.734375,-3.723125,0,0,800,0,400,400,40,0.0,0.493512109375,0.527549609375
0.507984375,0.5,3.2275758330035513,0.0,1.28,0.0,concept,0.0,0.0,0.0,22,0.0,0.0,z_mad,0.00578125,1.1491275633871556,-3.734375,-3.72859375,0,0,800,0,400,400,40,0.0,0.494519921875,0.52191171875
0.50809375,0.5,3.2275758330035513,0.0,2.56,0.0,concept,0.0,0.0,0.0,22,0.0,0.0,z_mad,0.005625,2.296855303943157,-3.734375,-3.72875,0,0,800,0,400,400,40,0.0,0.4918734375,0.524258984375
0.51259375,0.5,3.2275758330035513,0.0,5.12,0.0,concept,0.0,0.0,0.0,22,0.0,0.0,z_mad,0.01296875,4.593088079690933,-3.734375,-3.72140625,0,0,800,0,400,400,40,0.0,0.495855859375,0.5305550781249999
0.51440625,0.5,3.2275758330035513,0.0,10.24,0.0,concept,0.0,0.0,0.0,22,0.0,0.0,z_mad,0.015625,9.186474139690398,-3.734375,-3.71875,0,0,800,0,400,400,40,0.0,0.4979203125,0.5314390625000001
0.51884375,0.5,3.2275758330035513,0.0,20.48,0.0,concept,0.0,0.0,0.0,22,0.0,0.0,z_mad,0.02296875,18.373712377548216,-3.734375,-3.71140625,0,0,800,0,400,400,40,0.0,0.49957421874999997,0.541969140625
0.507765625,0.5,3.2275758330035513,0.0,0.01,0.0,concept,0.0,0.0,0.0,22,0.0,0.0,z_sd,0.00515625,0.37995832139626146,-3.734375,-3.72921875,0,0,800,0,400,400,40,0.0,0.4892484375,0.5295671875000001
0.511015625,0.5,3.2275758330035513,0.0,0.02,0.0,concept,0.0,0.0,0.0,22,0.0,0.0,z_sd,0.010625,0.7554610625654459,-3.734375,-3.72375,0,0,800,0,400,400,40,0.0,0.496323046875,0.527547265625
0.5085625,0.5,3.2275758330035513,0.0,0.04,0.0,concept,0.0,0.0,0.0,22,0.0,0.0,z_sd,0.0071875,1.5128548999875784,-3.734375,-3.7271875,0,0,800,0,400,400,40,0.0,0.49219687500000003,0.52828359375
0.5081875,0.5,3.2275758330035513,0.0,0.08,0.0,concept,0.0,0.0,0.0,22,0.0,0.0,z_sd,0.0075,3.0222403305768966,-3.734375,-3.726875,0,0,800,0,400,400,40,0.0,0.49506171875,0.525096875
0.509640625,0.5,3.2275758330035513,0.0,0.16,0.0,concept,0.0,0.0,0.0,22,0.0,0.0,z_sd,0.00953125,6.04455927670002,-3.734375,-3.72484375,0,0,800,0,400,400,40,0.0,0.494871484375,0.5302359375000001
0.510234375,0.5,3.2275758330035513,0.0,0.32,0.0,concept,0.0,0.0,0.0,22,0.0,0.0,z_sd,0.01078125,12.087764268517494,-3.734375,-3.72359375,0,0,800,0,400,400,40,0.0,0.49046953125,0.533312890625
0.5081875,0.5,3.2275758330035513,0.0,0.64,0.0,concept,0.0,0.0,0.0,22,0.0,0.0,z_sd,0.0096875,24.17794023513794,-3.734375,-3.7246875,0,0,800,0,400,400,40,0.0,0.47932265625000003,0.5348140625000001
0.453671875,0.5,3.2275758330035513,0.0,1.28,0.0,concept,0.0,0.0,0.0,22,0.0,0.0,z_sd,-0.14109375,48.354723744392395,-3.734375,-3.87546875,0,0,800,0,400,400,40,0.0,0.36301835937500004,0.523718359375
0.372515625,0.5,3.2275758330035513,0.0,2.56,0.0,concept,0.0,0.0,0.0,22,0.0,0.0,z_sd,-0.3765625,96.71003654956817,-3.734375,-4.1109375,0,0,800,0,400,400,40,0.0,0.2571546875,0.47016328125
0.25584375,0.5,3.2275758330035513,0.0,5.12,0.0,concept,0.0,0.0,0.0,22,0.0,0.0,z_sd,-0.68984375,193.41604393959045,-3.734375,-4.42421875,0,0,800,0,400,400,40,0.0,0.14925429687500003,0.365371484375
0.182328125,0.5,3.2275758330035513,0.0,10.24,0.0,concept,0.0,0.0,0.0,22,0.0,0.0,z_sd,-1.031015625,386.83896730422975,-3.734375,-4.765390625,0,0,800,0,400,400,40,0.0,0.0792484375,0.27893476562499997
0.125859375,0.5,3.2275758330035513,0.0,20.48,0.0,concept,0.0,0.0,0.0,22,0.0,0.0,z_sd,-1.30265625,773.6989351272583,-3.734375,-5.03703125,0,0,800,0,400,400,40,0.0,0.052498437499999995,0.19688124999999995
0.5053125,0.5,2.7364194385325056,0.0,0.25,0.0,dropout,0.0,0.0,0.0,22,0.0,0.0,alpha,0.00234375,0.10715382030030014,-3.734375,-3.73203125,0,0,160,0,80,80,40,0.0,0.49296875,0.5196875
0.50265625,0.5,2.7364194385325056,0.0,0.5,0.0,dropout,0.0,0.0,0.0,22,0.0,0.0,alpha,-0.00078125,0.2978825457394123,-3.734375,-3.73515625,0,0,160,0,80,80,40,0.0,0.484921875,0.519453125
0.51,0.5,2.7364194385325056,0.0,1.0,0.0,dropout,0.0,0.0,0.0,22,0.0,0.0,alpha,0.00703125,0.7761929035186768,-3.734375,-3.72734375,0,0,160,0,80,80,40,0.0,0.4871875,0.53078125
0.50828125,0.5,2.7364194385325056,0.0,2.0,0.0,dropout,0.0,0.0,0.0,22,0.0,0.0,alpha,0.01015625,1.6300841197371483,-3.734375,-3.72421875,0,0,160,0,80,80,40,0.0,0.49264453125,0.52203125
0.512109375,0.5,2.7364194385325056,0.0,4.0,0.0,dropout,0.0,0.0,0.0,22,0.0,0.0,alpha,0.0140625,3.7743108361959457,-3.734375,-3.7203125,0,0,160,0,80,80,40,0.0,0.497578125,0.528984375
0.511875,0.5,2.7364194385325056,0.0,8.0,0.0,dropout,0.0,0.0,0.0,22,0.0,0.0,alpha,0.01015625,7.869362139701844,-3.734375,-3.72421875,0,0,160,0,80,80,40,0.0,0.49687109375,0.5268867187499999
0.506796875,0.5,2.7364194385325056,0.0,16.0,0.0,dropout,0.0,0.0,0.0,22,0.0,0.0,alpha,0.0078125,15.942210674285889,-3.734375,-3.7265625,0,0,160,0,80,80,40,0.0,0.493125,0.527734375
0.490390625,0.5,2.7364194385325056,0.0,32.0,0.0,dropout,0.0,0.0,0.0,22,0.0,0.0,alpha,-0.0125,31.85606803894043,-3.734375,-3.746875,0,0,160,0,80,80,40,0.0,0.46840234375,0.50484375
0.3421875,0.5,2.7364194385325056,0.0,64.0,0.0,dropout,0.0,0.0,0.0,22,0.0,0.0,alpha,-0.4578125,60.82121739387512,-3.734375,-4.1921875,0,0,160,0,80,80,40,0.0,0.28076953125,0.3946875
0.24546875,0.5,2.7364194385325056,0.0,128.0,0.0,dropout,0.0,0.0,0.0,22,0.0,0.0,alpha,-0.865625,113.71121807098389,-3.734375,-4.6,0,0,160,0,80,80,40,0.0,0.18233203125,0.29671875
0.5,0.5,2.7364194385325056,0.0,0.01,0.0,dropout,0.0,0.0,0.0,22,0.0,0.0,z_mad,0.0,0.0,-3.734375,-3.734375,0,0,160,0,80,80,40,0.0,0.5,0.5
0.5,0.5,2.7364194385325056,0.0,0.02,0.0,dropout,0.0,0.0,0.0,22,0.0,0.0,z_mad,0.0,0.0,-3.734375,-3.734375,0,0,160,0,80,80,40,0.0,0.5,0.5
0.499453125,0.5,2.7364194385325056,0.0,0.04,0.0,dropout,0.0,0.0,0.0,22,0.0,0.0,z_mad,-0.00078125,0.0008390154223889112,-3.734375,-3.73515625,0,0,160,0,80,80,40,0.0,0.496875,0.5003125
0.501953125,0.5,2.7364194385325056,0.0,0.08,0.0,dropout,0.0,0.0,0.0,22,0.0,0.0,z_mad,0.0015625,0.0023670015623793008,-3.734375,-3.7328125,0,0,160,0,80,80,40,0.0,0.49875,0.5090625
0.501015625,0.5,2.7364194385325056,0.0,0.16,0.0,dropout,0.0,0.0,0.0,22,0.0,0.0,z_mad,-0.0015625,0.005494617478689179,-3.734375,-3.7359375,0,0,160,0,80,80,40,0.0,0.49311328125,0.50937890625
0.5065625,0.5,2.7364194385325056,0.0,0.32,0.0,dropout,0.0,0.0,0.0,22,0.0,0.0,z_mad,0.00703125,0.023137782668345607,-3.734375,-3.72734375,0,0,160,0,80,80,40,0.0,0.4965625,0.517890625
0.505,0.5,2.7364194385325056,0.0,0.64,0.0,dropout,0.0,0.0,0.0,22,0.0,0.0,z_mad,0.003125,0.10188539494702127,-3.734375,-3.73125,0,0,160,0,80,80,40,0.0,0.48453125,0.525625
0.501015625,0.5,2.7364194385325056,0.0,1.28,0.0,dropout,0.0,0.0,0.0,22,0.0,0.0,z_mad,-0.003125,0.2848715649917722,-3.734375,-3.7375,0,0,160,0,80,80,40,0.0,0.485,0.51799609375
0.503515625,0.5,2.7364194385325056,0.0,2.56,0.0,dropout,0.0,0.0,0.0,22,0.0,0.0,z_mad,0.00078125,0.7487105846405029,-3.734375,-3.73359375,0,0,160,0,80,80,40,0.0,0.485078125,0.526953125
0.511640625,0.5,2.7364194385325056,0.0,5.12,0.0,dropout,0.0,0.0,0.0,22,0.0,0.0,z_mad,0.01015625,1.582913401722908,-3.734375,-3.72421875,0,0,160,0,80,80,40,0.0,0.4946875,0.529095703125
0.51515625,0.5,2.7364194385325056,0.0,10.24,0.0,dropout,0.0,0.0,0.0,22,0.0,0.0,z_mad,0.015625,3.504110723733902,-3.734375,-3.71875,0,0,160,0,80,80,40,0.0,0.49098632812500004,0.54171875
0.507734375,0.5,2.7364194385325056,0.0,20.48,0.0,dropout,0.0,0.0,0.0,22,0.0,0.0,z_mad,0.00625,7.128383052349091,-3.734375,-3.728125,0,0,160,0,80,80,40,0.0,0.49,0.52625
0.50203125,0.5,2.7364194385325056,0.0,0.01,0.0,dropout,0.0,0.0,0.0,22,0.0,0.0,z_sd,0.00234375,0.004145522430189885,-3.734375,-3.73203125,0,0,160,0,80,80,40,0.0,0.4990625,0.50875
0.49953125,0.5,2.7364194385325056,0.0,0.02,0.0,dropout,0.0,0.0,0.0,22,0.0,0.0,z_sd,-0.00078125,0.005261957284528762,-3.734375,-3.73515625,0,0,160,0,80,80,40,0.0,0.49625,0.5028125
0.500859375,0.5,2.7364194385325056,0.0,0.04,0.0,dropout,0.0,0.0,0.0,22,0.0,0.0,z_sd,0.0015625,0.016514339708373883,-3.734375,-3.7328125,0,0,160,0,80,80,40,0.0,0.492578125,0.507896484375
0.507578125,0.5,2.7364194385325056,0.0,0.08,0.0,dropout,0.0,0.0,0.0,22,0.0,0.0,z_sd,0.0078125,0.12801717163383727,-3.734375,-3.7265625,0,0,160,0,80,80,40,0.0,0.490859375,0.52890625
0.506015625,0.5,2.7364194385325056,0.0,0.16,0.0,dropout,0.0,0.0,0.0,22,0.0,0.0,z_sd,0.0046875,0.2610081112012267,-3.734375,-3.7296875,0,0,160,0,80,80,40,0.0,0.488791015625,0.52828125
0.50828125,0.5,2.7364194385325056,0.0,0.32,0.0,dropout,0.0,0.0,0.0,22,0.0,0.0,z_sd,0.00546875,0.6358820412307977,-3.734375,-3.72890625,0,0,160,0,80,80,40,0.0,0.49421875,0.5220507812499999
0.508203125,0.5,2.7364194385325056,0.0,0.64,0.0,dropout,0.0,0.0,0.0,22,0.0,0.0,z_sd,0.00546875,1.4148695155978204,-3.734375,-3.72890625,0,0,160,0,80,80,40,0.0,0.4871875,0.528673828125
0.5096875,0.5,2.7364194385325056,0.0,1.28,0.0,dropout,0.0,0.0,0.0,22,0.0,0.0,z_sd,0.00703125,3.078667277097702,-3.734375,-3.72734375,0,0,160,0,80,80,40,0.0,0.49375,0.528212890625
0.509921875,0.5,2.7364194385325056,0.0,2.56,0.0,dropout,0.0,0.0,0.0,22,0.0,0.0,z_sd,0.00703125,6.403343898057938,-3.734375,-3.72734375,0,0,160,0,80,80,40,0.0,0.4934375,0.5287539062500001
0.511171875,0.5,2.7364194385325056,0.0,5.12,0.0,dropout,0.0,0.0,0.0,22,0.0,0.0,z_sd,0.00703125,13.23319352865219,-3.734375,-3.72734375,0,0,160,0,80,80,40,0.0,0.49405859375,0.5278125
0.49375,0.5,2.7364194385325056,0.0,10.24,0.0,dropout,0.0,0.0,0.0,22,0.0,0.0,z_sd,-0.0140625,26.708271551132203,-3.734375,-3.7484375,0,0,160,0,80,80,40,0.0,0.47296484375,0.52265625
0.374296875,0.5,2.7364194385325056,0.0,20.48,0.0,dropout,0.0,0.0,0.0,22,0.0,0.0,z_sd,-0.25859375,52.406362771987915,-3.734375,-3.99296875,0,0,160,0,80,80,40,0.0,0.3196875,0.41859375
0.5075,0.5,2.7364194385325056,0.0,0.25,0.0,noise,0.0,0.0,0.0,22,0.0,0.0,alpha,0.00703125,0.2512604702264071,-3.734375,-3.72734375,0,0,160,0,80,80,40,0.0,0.4953125,0.519765625
0.508046875,0.5,2.7364194385325056,0.0,0.5,0.0,noise,0.0,0.0,0.0,22,0.0,0.0,alpha,0.00703125,0.5007169581949711,-3.734375,-3.72734375,0,0,160,0,80,80,40,0.0,0.49296484375,0.526875
0.50953125,0.5,2.7364194385325056,0.0,1.0,0.0,noise,0.0,0.0,0.0,22,0.0,0.0,alpha,0.00625,1.0004026785492897,-3.734375,-3.728125,0,0,160,0,80,80,40,0.0,0.48748046875,0.53484375
0.510546875,0.5,2.7364194385325056,0.0,2.0,0.0,noise,0.0,0.0,0.0,22,0.0,0.0,alpha,0.01015625,2.000284066796303,-3.734375,-3.72421875,0,0,160,0,80,80,40,0.0,0.496001953125,0.53125
0.5,0.5,2.7364194385325056,0.0,4.0,0.0,noise,0.0,0.0,0.0,22,0.0,0.0,alpha,-0.00625,4.000168281793594,-3.734375,-3.740625,0,0,160,0,80,80,40,0.0,0.48,0.524931640625
0.512734375,0.5,2.7364194385325056,0.0,8.0,0.0,noise,0.0,0.0,0.0,22,0.0,0.0,alpha,0.01328125,8.00002965927124,-3.734375,-3.72109375,0,0,160,0,80,80,40,0.0,0.4938984375,0.53518359375
0.50734375,0.5,2.7364194385325056,0.0,16.0,0.0,noise,0.0,0.0,0.0,22,0.0,0.0,alpha,0.0,15.999949336051941,-3.734375,-3.734375,0,0,160,0,80,80,40,0.0,0.49249609375,0.52046875
0.51140625,0.5,2.7364194385325056,0.0,32.0,0.0,noise,0.0,0.0,0.0,22,0.0,0.0,alpha,0.0140625,32.000073075294495,-3.734375,-3.7203125,0,0,160,0,80,80,40,0.0,0.484658203125,0.5336054687499999
0.43953125,0.5,2.7364194385325056,0.0,64.0,0.0,noise,0.0,0.0,0.0,22,0.0,0.0,alpha,-0.121875,64.0000011920929,-3.734375,-3.85625,0,0,160,0,80,80,40,0.0,0.41640625,0.455
0.450078125,0.5,2.7364194385325056,0.0,128.0,0.0,noise,0.0,0.0,0.0,22,0.0,0.0,alpha,-0.1078125,127.99929351806641,-3.734375,-3.8421875,0,0,160,0,80,80,40,0.0,0.412265625,0.4784375
0.50453125,0.5,2.7364194385325056,0.0,0.01,0.0,noise,0.0,0.0,0.0,22,0.0,0.0,z_mad,0.00078125,0.001599820858973544,-3.734375,-3.73359375,0,0,160,0,80,80,40,0.0,0.4903125,0.5225078125
0.504453125,0.5,2.7364194385325056,0.0,0.02,0.0,noise,0.0,0.0,0.0,22,0.0,0.0,z_mad,0.0015625,0.004290547932032496,-3.734375,-3.7328125,0,0,160,0,80,80,40,0.0,0.48826953125,0.521744140625
0.51,0.5,2.7364194385325056,0.0,0.04,0.0,noise,0.0,0.0,0.0,22,0.0,0.0,z_mad,0.00703125,0.011666314234025777,-3.734375,-3.72734375,0,0,160,0,80,80,40,0.0,0.49187109375,0.5309375
0.507890625,0.5,2.7364194385325056,0.0,0.08,0.0,noise,0.0,0.0,0.0,22,0.0,0.0,z_mad,0.00546875,0.028024288127198815,-3.734375,-3.72890625,0,0,160,0,80,80,40,0.0,0.49140625,0.5287578125000001
0.508359375,0.5,2.7364194385325056,0.0,0.16,0.0,noise,0.0,0.0,0.0,22,0.0,0.0,z_mad,0.00234375,0.05941832368262112,-3.734375,-3.73203125,0,0,160,0,80,80,40,0.0,0.48749609374999997,0.53328125
0.50265625,0.5,2.7364194385325056,0.0,0.32,0.0,noise,0.0,0.0,0.0,22,0.0,0.0,z_mad,-0.0015625,0.1153587399981916,-3.734375,-3.7359375,0,0,160,0,80,80,40,0.0,0.485,0.51953125
0.507265625,0.5,2.7364194385325056,0.0,0.64,0.0,noise,0.0,0.0,0.0,22,0.0,0.0,z_mad,0.009375,0.22722936291247606,-3.734375,-3.725,0,0,160,0,80,80,40,0.0,0.49046289062500004,0.5293828125000001
0.5103125,0.5,2.7364194385325056,0.0,1.28,0.0,noise,0.0,0.0,0.0,22,0.0,0.0,z_mad,0.00625,0.4611150298267603,-3.734375,-3.728125,0,0,160,0,80,80,40,0.0,0.4913984375,0.5266425781249999
0.509140625,0.5,2.7364194385325056,0.0,2.56,0.0,noise,0.0,0.0,0.0,22,0.0,0.0,z_mad,0.00625,0.9128891348838806,-3.734375,-3.728125,0,0,160,0,80,80,40,0.0,0.48671875,0.5319062499999999
0.513671875,0.5,2.7364194385325056,0.0,5.12,0.0,noise,0.0,0.0,0.0,22,0.0,0.0,z_mad,0.0125,1.819586944580078,-3.734375,-3.721875,0,0,160,0,80,80,40,0.0,0.48842968750000004,0.537703125
0.508203125,0.5,2.7364194385325056,0.0,10.24,0.0,noise,0.0,0.0,0.0,22,0.0,0.0,z_mad,0.00703125,3.6557396829128264,-3.734375,-3.72734375,0,0,160,0,80,80,40,0.0,0.4959296875,0.523541015625
0.512265625,0.5,2.7364194385325056,0.0,20.48,0.0,noise,0.0,0.0,0.0,22,0.0,0.0,z_mad,0.0109375,7.35672556757927,-3.734375,-3.7234375,0,0,160,0,80,80,40,0.0,0.493046875,0.534375
0.50546875,0.5,2.7364194385325056,0.0,0.01,0.0,noise,0.0,0.0,0.0,22,0.0,0.0,z_sd,0.00234375,0.02530579608865082,-3.734375,-3.73203125,0,0,160,0,80,80,40,0.0,0.48623828125,0.52734375
0.501875,0.5,2.7364194385325056,0.0,0.02,0.0,noise,0.0,0.0,0.0,22,0.0,0.0,z_sd,-0.0015625,0.05119754259940237,-3.734375,-3.7359375,0,0,160,0,80,80,40,0.0,0.48015625,0.51921875
0.506953125,0.5,2.7364194385325056,0.0,0.04,0.0,noise,0.0,0.0,0.0,22,0.0,0.0,z_sd,0.0046875,0.09990746001712977,-3.734375,-3.7296875,0,0,160,0,80,80,40,0.0,0.492263671875,0.52375
0.506171875,0.5,2.7364194385325056,0.0,0.08,0.0,noise,0.0,0.0,0.0,22,0.0,0.0,z_sd,0.00390625,0.21290242280811073,-3.734375,-3.73046875,0,0,160,0,80,80,40,0.0,0.49075390625,0.524775390625
0.509375,0.5,2.7364194385325056,0.0,0.16,0.0,noise,0.0,0.0,0.0,22,0.0,0.0,z_sd,0.00546875,0.4134659830480814,-3.734375,-3.72890625,0,0,160,0,80,80,40,0.0,0.4909375,0.5278125
0.512890625,0.5,2.7364194385325056,0.0,0.32,0.0,noise,0.0,0.0,0.0,22,0.0,0.0,z_sd,0.0125,0.7938585057854652,-3.734375,-3.721875,0,0,160,0,80,80,40,0.0,0.497421875,0.53234375
0.501015625,0.5,2.7364194385325056,0.0,0.64,0.0,noise,0.0,0.0,0.0,22,0.0,0.0,z_sd,-0.00234375,1.6924072466790676,-3.734375,-3.73671875,0,0,160,0,80,80,40,0.0,0.48280859374999996,0.5192382812499999
0.501875,0.5,2.7364194385325056,0.0,1.28,0.0,noise,0.0,0.0,0.0,22,0.0,0.0,z_sd,0.0,3.1980806961655617,-3.734375,-3.734375,0,0,160,0,80,80,40,0.0,0.483515625,0.521486328125
0.51265625,0.5,2.7364194385325056,0.0,2.56,0.0,noise,0.0,0.0,0.0,22,0.0,0.0,z_sd,0.0109375,6.732640391588211,-3.734375,-3.7234375,0,0,160,0,80,80,40,0.0,0.49609375,0.53203125
0.508984375,0.5,2.7364194385325056,0.0,5.12,0.0,noise,0.0,0.0,0.0,22,0.0,0.0,z_sd,0.01171875,12.391116946935654,-3.734375,-3.72265625,0,0,160,0,80,80,40,0.0,0.490857421875,0.52485546875
0.51140625,0.5,2.7364194385325056,0.0,10.24,0.0,noise,0.0,0.0,0.0,22,0.0,0.0,z_sd,0.0078125,26.162754392623903,-3.734375,-3.7265625,0,0,160,0,80,80,40,0.0,0.491166015625,0.535
0.50328125,0.5,2.7364194385325056,0.0,20.48,0.0,noise,0.0,0.0,0.0,22,0.0,0.0,z_sd,-0.0046875,53.57544529438019,-3.734375,-3.7390625,0,0,160,0,80,80,40,0.0,0.4853125,0.52546875
0.5135416666666667,0.5,2.866576577553538,0.0,0.25,0.0,random,0.0,0.0,0.0,22,0.0,0.0,alpha,0.014583333333333334,0.2513250226775805,-3.734375,-3.7197916666666666,0,0,240,0,120,120,40,0.0,0.5005729166666667,0.53046875
0.50484375,0.5,2.866576577553538,0.0,0.5,0.0,random,0.0,0.0,0.0,22,0.0,0.0,alpha,0.0015625,0.5008435880144437,-3.734375,-3.7328125,0,0,240,0,120,120,40,0.0,0.4931770833333333,0.5237552083333333
0.50796875,0.5,2.866576577553538,0.0,1.0,0.0,random,0.0,0.0,0.0,22,0.0,0.0,alpha,0.005729166666666666,1.000605663160483,-3.734375,-3.728645833333333,0,0,240,0,120,120,40,0.0,0.4898385416666667,0.5281393229166667
0.5061979166666667,0.5,2.866576577553538,0.0,2.0,0.0,random,0.0,0.0,0.0,22,0.0,0.0,alpha,0.005208333333333333,1.9999689052502314,-3.734375,-3.7291666666666665,0,0,240,0,120,120,40,0.0,0.48625,0.5309921875
0.5113541666666667,0.5,2.866576577553538,0.0,4.0,0.0,random,0.0,0.0,0.0,22,0.0,0.0,alpha,0.009895833333333333,3.9995671530564625,-3.734375,-3.724479166666667,0,0,240,0,120,120,40,0.0,0.48994791666666665,0.5362578125
0.5103645833333333,0.5,2.866576577553538,0.0,8.0,0.0,random,0.0,0.0,0.0,22,0.0,0.0,alpha,0.008333333333333333,7.999767390886943,-3.734375,-3.7260416666666667,0,0,240,0,120,120,40,0.0,0.49248307291666665,0.52734375
0.5143229166666666,0.5,2.866576577553538,0.0,16.0,0.0,random,0.0,0.0,0.0,22,0.0,0.0,alpha,0.014583333333333334,15.998834919929504,-3.734375,-3.7197916666666666,0,0,240,0,120,120,40,0.0,0.49640234375,0.53297265625
0.5199479166666666,0.5,2.866576577553538,0.0,32.0,0.0,random,0.0,0.0,0.0,22,0.0,0.0,alpha,0.0203125,31.998210112253826,-3.734375,-3.7140625,0,0,240,0,120,120,40,0.0,0.48773046875,0.5564231770833333
0.4803645833333333,0.5,2.866576577553538,0.0,64.0,0.0,random,0.0,0.0,0.0,22,0.0,0.0,alpha,-0.0578125,63.99582659403483,-3.734375,-3.7921875,0,0,240,0,120,120,40,0.0,0.4084375,0.5872656249999999
0.44666666666666666,0.5,2.866576577553538,0.0,128.0,0.0,random,0.0,0.0,0.0,22,0.0,0.0,alpha,-0.0984375,127.99196681976318,-3.734375,-3.8328125,0,0,240,0,120,120,40,0.0,0.21764843749999999,0.720625
0.5130729166666667,0.5,2.866576577553538,0.0,0.01,0.0,random,0.0,0.0,0.0,22,0.0,0.0,z_mad,0.015104166666666667,0.0015033847235220795,-3.734375,-3.7192708333333333,0,0,240,0,120,120,40,0.0,0.4979674479166667,0.5332291666666666
0.5136979166666666,0.5,2.866576577553538,0.0,0.02,0.0,random,0.0,0.0,0.0,22,0.0,0.0,z_mad,0.010416666666666666,0.004201887644982586,-3.734375,-3.7239583333333335,0,0,240,0,120,120,40,0.0,0.49432291666666667,0.53421875
0.5085416666666667,0.5,2.866576577553538,0.0,0.04,0.0,random,0.0,0.0,0.0,22,0.0,0.0,z_mad,0.0078125,0.011268287695323427,-3.734375,-3.7265625,0,0,240,0,120,120,40,0.0,0.49359375,0.5259908854166667
0.50671875,0.5,2.866576577553538,0.0,0.08,0.0,random,0.0,0.0,0.0,22,0.0,0.0,z_mad,0.008333333333333333,0.027379018642629187,-3.734375,-3.7260416666666667,0,0,240,0,120,120,40,0.0,0.49255078125,0.5238020833333333
0.50734375,0.5,2.866576577553538,0.0,0.16,0.0,random,0.0,0.0,0.0,22,0.0,0.0,z_mad,0.0010416666666666667,0.058105297821263474,-3.734375,-3.7333333333333334,0,0,240,0,120,120,40,0.0,0.49223958333333334,0.5238020833333333
0.5083333333333333,0.5,2.866576577553538,0.0,0.32,0.0,random,0.0,0.0,0.0,22,0.0,0.0,z_mad,0.005729166666666666,0.11365147475153208,-3.734375,-3.728645833333333,0,0,240,0,120,120,40,0.0,0.49291145833333333,0.5264075520833333
0.5056770833333334,0.5,2.866576577553538,0.0,0.64,0.0,random,0.0,0.0,0.0,22,0.0,0.0,z_mad,0.0046875,0.2243071841696898,-3.734375,-3.7296875,0,0,240,0,120,120,40,0.0,0.48932161458333334,0.5220325520833333
0.5084375,0.5,2.866576577553538,0.0,1.28,0.0,random,0.0,0.0,0.0,22,0.0,0.0,z_mad,0.0046875,0.44654006014267605,-3.734375,-3.7296875,0,0,240,0,120,120,40,0.0,0.4922369791666667,0.52673046875
0.50734375,0.5,2.866576577553538,0.0,2.56,0.0,random,0.0,0.0,0.0,22,0.0,0.0,z_mad,0.0020833333333333333,0.8916561841964722,-3.734375,-3.732291666666667,0,0,240,0,120,120,40,0.0,0.49108854166666666,0.5263541666666667
0.5075,0.5,2.866576577553538,0.0,5.12,0.0,random,0.0,0.0,0.0,22,0.0,0.0,z_mad,0.0036458333333333334,1.7832204808791479,-3.734375,-3.730729166666667,0,0,240,0,120,120,40,0.0,0.48755078125,0.53172265625
0.5103125,0.5,2.866576577553538,0.0,10.24,0.0,random,0.0,0.0,0.0,22,0.0,0.0,z_mad,0.010416666666666666,3.5660372535387674,-3.734375,-3.7239583333333335,0,0,240,0,120,120,40,0.0,0.49510286458333336,0.5285416666666667
0.5136979166666666,0.5,2.866576577553538,0.0,20.48,0.0,random,0.0,0.0,0.0,22,0.0,0.0,z_mad,0.0140625,7.131959927082062,-3.734375,-3.7203125,0,0,240,0,120,120,40,0.0,0.496875,0.5334388020833334
0.50515625,0.5,2.866576577553538,0.0,0.01,0.0,random,0.0,0.0,0.0,22,0.0,0.0,z_sd,0.0005208333333333333,0.03196567919415732,-3.734375,-3.7338541666666667,0,0,240,0,120,120,40,0.0,0.4846328125,0.52765625
0.5079166666666667,0.5,2.866576577553538,0.0,0.02,0.0,random,0.0,0.0,0.0,22,0.0,0.0,z_sd,0.004166666666666667,0.06333457459307586,-3.734375,-3.730208333333333,0,0,240,0,120,120,40,0.0,0.491140625,0.5277083333333333
0.5059895833333333,0.5,2.866576577553538,0.0,0.04,0.0,random,0.0,0.0,0.0,22,0.0,0.0,z_sd,0.0015625,0.1257481949403882,-3.734375,-3.7328125,0,0,240,0,120,120,40,0.0,0.48973046875,0.52099609375
0.5061458333333333,0.5,2.866576577553538,0.0,0.08,0.0,random,0.0,0.0,0.0,22,0.0,0.0,z_sd,0.0015625,0.25153825191470486,-3.734375,-3.7328125,0,0,240,0,120,120,40,0.0,0.4920833333333333,0.52359375
0.5115625,0.5,2.866576577553538,0.0,0.16,0.0,random,0.0,0.0,0.0,22,0.0,0.0,z_sd,0.009895833333333333,0.5031030898913741,-3.734375,-3.724479166666667,0,0,240,0,120,120,40,0.0,0.49510156250000004,0.5302083333333333
0.5110416666666666,0.5,2.866576577553538,0.0,0.32,0.0,random,0.0,0.0,0.0,22,0.0,0.0,z_sd,0.008333333333333333,1.0050569362938404,-3.734375,-3.7260416666666667,0,0,240,0,120,120,40,0.0,0.493125,0.5308333333333334
0.5058333333333334,0.5,2.866576577553538,0.0,0.64,0.0,random,0.0,0.0,0.0,22,0.0,0.0,z_sd,0.0046875,2.008747727796435,-3.734375,-3.7296875,0,0,240,0,120,120,40,0.0,0.48999348958333333,0.5240625
0.50859375,0.5,2.866576577553538,0.0,1.28,0.0,random,0.0,0.0,0.0,22,0.0,0.0,z_sd,0.00625,4.0171012751758095,-3.734375,-3.728125,0,0,240,0,120,120,40,0.0,0.49270833333333336,0.5273958333333333
0.5147395833333334,0.5,2.866576577553538,0.0,2.56,0.0,random,0.0,0.0,0.0,22,0.0,0.0,z_sd,0.015625,8.033480400343736,-3.734375,-3.71875,0,0,240,0,120,120,40,0.0,0.4949869791666667,0.5382343749999999
0.51125,0.5,2.866576577553538,0.0,5.12,0.0,random,0.0,0.0,0.0,22,0.0,0.0,z_sd,0.0109375,16.066802444060645,-3.734375,-3.7234375,0,0,240,0,120,120,40,0.0,0.49135416666666665,0.5416145833333333
0.48963541666666666,0.5,2.866576577553538,0.0,10.24,0.0,random,0.0,0.0,0.0,22,0.0,0.0,z_sd,-0.0265625,32.13352829217911,-3.734375,-3.7609375,0,0,240,0,120,120,40,0.0,0.4621875,0.5162018229166667
0.41072916666666665,0.5,2.866576577553538,0.0,20.48,0.0,random,0.0,0.0,0.0,22,0.0,0.0,z_sd,-0.16354166666666667,64.26672246853511,-3.734375,-3.8979166666666667,0,0,240,0,120,120,40,0.0,0.30773828124999997,0.5079921875
0.507296875,0.5,3.2275758330035513,0.0,0.25,0.0,concept,0.0,0.0,0.0,23,0.0,0.0,alpha,0.003125,0.2508904431760311,-3.734375,-3.73125,0,0,800,0,400,400,40,0.0,0.49198085937499997,0.523801953125
0.50715625,0.5,3.2275758330035513,0.0,0.5,0.0,concept,0.0,0.0,0.0,23,0.0,0.0,alpha,0.00421875,0.5001913695037365,-3.734375,-3.73015625,0,0,800,0,400,400,40,0.0,0.48992968750000004,0.526126171875
0.5109375,0.5,3.2275758330035513,0.0,1.0,0.0,concept,0.0,0.0,0.0,23,0.0,0.0,alpha,0.00734375,1.0011738251149653,-3.734375,-3.72703125,0,0,800,0,400,400,40,0.0,0.49388750000000003,0.530510546875
0.508484375,0.5,3.2275758330035513,0.0,2.0,0.0,concept,0.0,0.0,0.0,23,0.0,0.0,alpha,0.0071875,2.0008656030893324,-3.734375,-3.7271875,0,0,800,0,400,400,40,0.0,0.49443515624999995,0.524125390625
0.508859375,0.5,3.2275758330035513,0.0,4.0,0.0,concept,0.0,0.0,0.0,23,0.0,0.0,alpha,0.00625,4.000844217538834,-3.734375,-3.728125,0,0,800,0,400,400,40,0.0,0.49371015625,0.5245195312500001
0.5113125,0.5,3.2275758330035513,0.0,8.0,0.0,concept,0.0,0.0,0.0,23,0.0,0.0,alpha,0.009375,8.001123857498168,-3.734375,-3.725,0,0,800,0,400,400,40,0.0,0.49360820312500003,0.5300332031249999
0.512578125,0.5,3.2275758330035513,0.0,16.0,0.0,concept,0.0,0.0,0.0,23,0.0,0.0,alpha,0.0134375,16.001163406372072,-3.734375,-3.7209375,0,0,800,0,400,400,40,0.0,0.49191875,0.533145703125
0.49725,0.5,3.2275758330035513,0.0,32.0,0.0,concept,0.0,0.0,0.0,23,0.0,0.0,alpha,-0.00796875,32.00217154026031,-3.734375,-3.74234375,0,0,800,0,400,400,40,0.0,0.454333984375,0.5348031249999999
0.415078125,0.5,3.2275758330035513,0.0,64.0,0.0,concept,0.0,0.0,0.0,23,0.0,0.0,alpha,-0.2346875,64.00442901611328,-3.734375,-3.9690625,0,0,800,0,400,400,40,0.0,0.322501171875,0.485361328125
0.252171875,0.5,3.2275758330035513,0.0,128.0,0.0,concept,0.0,0.0,0.0,23,0.0,0.0,alpha,-0.72578125,128.0084122467041,-3.734375,-4.46015625,0,0,800,0,400,400,40,0.0,0.15204374999999998,0.34288828125
0.508328125,0.5,3.2275758330035513,0.0,0.01,0.0,concept,0.0,0.0,0.0,23,0.0,0.0,z_mad,0.00421875,0.0060978886066004635,-3.734375,-3.73015625,0,0,800,0,400,400,40,0.0,0.49298242187499997,0.5252515625
0.506265625,0.5,3.2275758330035513,0.0,0.02,0.0,concept,0.0,0.0,0.0,23,0.0,0.0,z_mad,0.0028125,0.015746167136821896,-3.734375,-3.7315625,0,0,800,0,400,400,40,0.0,0.489514453125,0.523210546875
0.508171875,0.5,3.2275758330035513,0.0,0.04,0.0,concept,0.0,0.0,0.0,23,0.0,0.0,z_mad,0.0040625,0.03665734796784818,-3.734375,-3.7303125,0,0,800,0,400,400,40,0.0,0.49348125,0.52244609375
0.508015625,0.5,3.2275758330035513,0.0,0.08,0.0,concept,0.0,0.0,0.0,23,0.0,0.0,z_mad,0.005,0.07759652099572122,-3.734375,-3.729375,0,0,800,0,400,400,40,0.0,0.491341796875,0.526556640625
0.507734375,0.5,3.2275758330035513,0.0,0.16,0.0,concept,0.0,0.0,0.0,23,0.0,0.0,z_mad,0.00421875,0.1502842694334686,-3.734375,-3.73015625,0,0,800,0,400,400,40,0.0,0.49679023437500003,0.521208984375
0.509015625,0.5,3.2275758330035513,0.0,0.32,0.0,concept,0.0,0.0,0.0,23,0.0,0.0,z_mad,0.0065625,0.29931316927075385,-3.734375,-3.7278125,0,0,800,0,400,400,40,0.0,0.4960625,0.5248007812500001
0.510015625,0.5,3.2275758330035513,0.0,0.64,0.0,concept,0.0,0.0,0.0,23,0.0,0.0,z_mad,0.00734375,0.5952196478098631,-3.734375,-3.72703125,0,0,800,0,400,400,40,0.0,0.494858984375,0.5267507812500001
0.510265625,0.5,3.2275758330035513,0.0,1.28,0.0,concept,0.0,0.0,0.0,23,0.0,0.0,z_mad,0.00703125,1.1907102330029011,-3.734375,-3.72734375,0,0,800,0,400,400,40,0.0,0.4942015625,0.5293644531249999
0.510390625,0.5,3.2275758330035513,0.0,2.56,0.0,concept,0.0,0.0,0.0,23,0.0,0.0,z_mad,0.00859375,2.3780960762500762,-3.734375,-3.72578125,0,0,800,0,400,400,40,0.0,0.49538710937499997,0.528344140625
0.509203125,0.5,3.2275758330035513,0.0,5.12,0.0,concept,0.0,0.0,0.0,23,0.0,0.0,z_mad,0.0078125,4.756737430691719,-3.734375,-3.7265625,0,0,800,0,400,400,40,0.0,0.49143671875,0.52495703125
0.512703125,0.5,3.2275758330035513,0.0,10.24,0.0,concept,0.0,0.0,0.0,23,0.0,0.0,z_mad,0.013125,9.513408055305481,-3.734375,-3.72125,0,0,800,0,400,400,40,0.0,0.500390234375,0.529487890625
0.519015625,0.5,3.2275758330035513,0.0,20.48,0.0,concept,0.0,0.0,0.0,23,0.0,0.0,z_mad,0.023125,19.026353952884673,-3.734375,-3.71125,0,0,800,0,400,400,40,0.0,0.498701171875,0.545440625
0.50815625,0.5,3.2275758330035513,0.0,0.01,0.0,concept,0.0,0.0,0.0,23,0.0,0.0,z_sd,0.00421875,0.34675595480948684,-3.734375,-3.73015625,0,0,800,0,400,400,40,0.0,0.4921703125,0.525209375
0.50771875,0.5,3.2275758330035513,0.0,0.02,0.0,concept,0.0,0.0,0.0,23,0.0,0.0,z_sd,0.00390625,0.6905286165699362,-3.734375,-3.73046875,0,0,800,0,400,400,40,0.0,0.49031171874999996,0.524380078125
0.51015625,0.5,3.2275758330035513,0.0,0.04,0.0,concept,0.0,0.0,0.0,23,0.0,0.0,z_sd,0.00703125,1.3796033857762813,-3.734375,-3.72734375,0,0,800,0,400,400,40,0.0,0.496699609375,0.5241773437499999
0.5076875,0.5,3.2275758330035513,0.0,0.08,0.0,concept,0.0,0.0,0.0,23,0.0,0.0,z_sd,0.00640625,2.7578597703576087,-3.734375,-3.72796875,0,0,800,0,400,400,40,0.0,0.491215234375,0.525632421875
0.510859375,0.5,3.2275758330035513,0.0,0.16,0.0,concept,0.0,0.0,0.0,23,0.0,0.0,z_sd,0.00984375,5.516232724487781,-3.734375,-3.72453125,0,0,800,0,400,400,40,0.0,0.494889453125,0.53195390625
0.512828125,0.5,3.2275758330035513,0.0,0.32,0.0,concept,0.0,0.0,0.0,23,0.0,0.0,z_sd,0.0128125,11.031434581279754,-3.734375,-3.7215625,0,0,800,0,400,400,40,0.0,0.49567109374999996,0.5317890625
0.5021875,0.5,3.2275758330035513,0.0,0.64,0.0,concept,0.0,0.0,0.0,23,0.0,0.0,z_sd,0.0,22.063159042596816,-3.734375,-3.734375,0,0,800,0,400,400,40,0.0,0.4630078125,0.53048671875
0.45565625,0.5,3.2275758330035513,0.0,1.28,0.0,concept,0.0,0.0,0.0,23,0.0,0.0,z_sd,-0.13609375,44.1257980632782,-3.734375,-3.87046875,0,0,800,0,400,400,40,0.0,0.3598265625,0.522628515625
0.40015625,0.5,3.2275758330035513,0.0,2.56,0.0,concept,0.0,0.0,0.0,23,0.0,0.0,z_sd,-0.3225,88.25105017185211,-3.734375,-4.056875,0,0,800,0,400,400,40,0.0,0.2939484375,0.49583789062499994
0.285671875,0.5,3.2275758330035513,0.0,5.12,0.0,concept,0.0,0.0,0.0,23,0.0,0.0,z_sd,-0.613203125,176.50304208755495,-3.734375,-4.347578125,0,0,800,0,400,400,40,0.0,0.17183203125000002,0.377263671875
0.18303125,0.5,3.2275758330035513,0.0,10.24,0.0,concept,0.0,0.0,0.0,23,0.0,0.0,z_sd,-0.961171875,353.00409299850463,-3.734375,-4.695546875,0,0,800,0,400,400,40,0.0,0.090967578125,0.26208476562499994
0.117953125,0.5,3.2275758330035513,0.0,20.48,0.0,concept,0.0,0.0,0.0,23,0.0,0.0,z_sd,-1.22390625,706.0290058135986,-3.734375,-4.95828125,0,0,800,0,400,400,40,0.0,0.05343515625,0.18203515625
0.507109375,0.5,2.7364194385325056,0.0,0.25,0.0,dropout,0.0,0.0,0.0,23,0.0,0.0,alpha,0.00234375,0.09645006726932479,-3.734375,-3.73203125,0,0,160,0,80,80,40,0.0,0.49468359375,0.51781640625
0.51546875,0.5,2.7364194385325056,0.0,0.5,0.0,dropout,0.0,0.0,0.0,23,0.0,0.0,alpha,0.01328125,0.2917475597932935,-3.734375,-3.72109375,0,0,160,0,80,80,40,0.0,0.493125,0.53890625
0.507265625,0.5,2.7364194385325056,0.0,1.0,0.0,dropout,0.0,0.0,0.0,23,0.0,0.0,alpha,0.0,0.7930548992007971,-3.734375,-3.734375,0,0,160,0,80,80,40,0.0,0.48140625,0.5334375
0.511953125,0.5,2.7364194385325056,0.0,2.0,0.0,dropout,0.0,0.0,0.0,23,0.0,0.0,alpha,0.009375,1.7179124444723128,-3.734375,-3.725,0,0,160,0,80,80,40,0.0,0.49591015624999996,0.52984375
0.51203125,0.5,2.7364194385325056,0.0,4.0,0.0,dropout,0.0,0.0,0.0,23,0.0,0.0,alpha,0.00859375,3.749240019917488,-3.734375,-3.72578125,0,0,160,0,80,80,40,0.0,0.492482421875,0.5354960937500001
0.506484375,0.5,2.7364194385325056,0.0,8.0,0.0,dropout,0.0,0.0,0.0,23,0.0,0.0,alpha,0.003125,7.7062911808490755,-3.734375,-3.73125,0,0,160,0,80,80,40,0.0,0.49125,0.5220429687499999
0.508515625,0.5,2.7364194385325056,0.0,16.0,0.0,dropout,0.0,0.0,0.0,23,0.0,0.0,alpha,0.0046875,15.958210504055023,-3.734375,-3.7296875,0,0,160,0,80,80,40,0.0,0.49358984375,0.528908203125
0.50640625,0.5,2.7364194385325056,0.0,32.0,0.0,dropout,0.0,0.0,0.0,23,0.0,0.0,alpha,0.003125,31.818348503112794,-3.734375,-3.73125,0,0,160,0,80,80,40,0.0,0.484453125,0.5334375
0.3675,0.5,2.7364194385325056,0.0,64.0,0.0,dropout,0.0,0.0,0.0,23,0.0,0.0,alpha,-0.425,61.20700325965881,-3.734375,-4.159375,0,0,160,0,80,80,40,0.0,0.3193125,0.41734375
0.23234375,0.5,2.7364194385325056,0.0,128.0,0.0,dropout,0.0,0.0,0.0,23,0.0,0.0,alpha,-1.037109375,118.25255107879639,-3.734375,-4.771484375,0,0,160,0,80,80,40,0.0,0.1596875,0.28375
0.5,0.5,2.7364194385325056,0.0,0.01,0.0,dropout,0.0,0.0,0.0,23,0.0,0.0,z_mad,0.0,0.0,-3.734375,-3.734375,0,0,160,0,80,80,40,0.0,0.5,0.5
0.5,0.5,2.7364194385325056,0.0,0.02,0.0,dropout,0.0,0.0,0.0,23,0.0,0.0,z_mad,0.0,0.0,-3.734375,-3.734375,0,0,160,0,80,80,40,0.0,0.5,0.5
0.500703125,0.5,2.7364194385325056,0.0,0.04,0.0,dropout,0.0,0.0,0.0,23,0.0,0.0,z_mad,0.00078125,0.00012919108849018812,-3.734375,-3.73359375,0,0,160,0,80,80,40,0.0,0.5,0.5028125
0.4996875,0.5,2.7364194385325056,0.0,0.08,0.0,dropout,0.0,0.0,0.0,23,0.0,0.0,z_mad,0.0,0.001986258407123387,-3.734375,-3.734375,0,0,160,0,80,80,40,0.0,0.4971875,0.501640625
0.503125,0.5,2.7364194385325056,0.0,0.16,0.0,dropout,0.0,0.0,0.0,23,0.0,0.0,z_mad,0.0046875,0.005048334191087633,-3.734375,-3.7296875,0,0,160,0,80,80,40,0.0,0.49890625,0.5103125
0.50984375,0.5,2.7364194385325056,0.0,0.32,0.0,dropout,0.0,0.0,0.0,23,0.0,0.0,z_mad,0.00859375,0.023250363115221263,-3.734375,-3.72578125,0,0,160,0,80,80,40,0.0,0.495625,0.52828515625
0.505078125,0.5,2.7364194385325056,0.0,0.64,0.0,dropout,0.0,0.0,0.0,23,0.0,0.0,z_mad,0.00390625,0.09717511425624252,-3.734375,-3.73046875,0,0,160,0,80,80,40,0.0,0.49046875,0.519296875
0.50765625,0.5,2.7364194385325056,0.0,1.28,0.0,dropout,0.0,0.0,0.0,23,0.0,0.0,z_mad,0.0046875,0.3296573145315051,-3.734375,-3.7296875,0,0,160,0,80,80,40,0.0,0.486875,0.529140625
0.50953125,0.5,2.7364194385325056,0.0,2.56,0.0,dropout,0.0,0.0,0.0,23,0.0,0.0,z_mad,0.0078125,0.8029543302953244,-3.734375,-3.7265625,0,0,160,0,80,80,40,0.0,0.49703125,0.530859375
0.50421875,0.5,2.7364194385325056,0.0,5.12,0.0,dropout,0.0,0.0,0.0,23,0.0,0.0,z_mad,0.0015625,1.8189473479986191,-3.734375,-3.7328125,0,0,160,0,80,80,40,0.0,0.48827734375,0.5221875
0.509375,0.5,2.7364194385325056,0.0,10.24,0.0,dropout,0.0,0.0,0.0,23,0.0,0.0,z_mad,0.00703125,3.762595161795616,-3.734375,-3.72734375,0,0,160,0,80,80,40,0.0,0.49,0.5268867187499999
0.504921875,0.5,2.7364194385325056,0.0,20.48,0.0,dropout,0.0,0.0,0.0,23,0.0,0.0,z_mad,0.00078125,7.886538362503051,-3.734375,-3.73359375,0,0,160,0,80,80,40,0.0,0.48546875,0.52765625
0.50046875,0.5,2.7364194385325056,0.0,0.01,0.0,dropout,0.0,0.0,0.0,23,0.0,0.0,z_sd,0.0,0.0005635579582303762,-3.734375,-3.734375,0,0,160,0,80,80,40,0.0,0.5,0.501875
0.50171875,0.5,2.7364194385325056,0.0,0.02,0.0,dropout,0.0,0.0,0.0,23,0.0,0.0,z_sd,0.00234375,0.004527791554573923,-3.734375,-3.73203125,0,0,160,0,80,80,40,0.0,0.499373046875,0.506640625
0.5028125,0.5,2.7364194385325056,0.0,0.04,0.0,dropout,0.0,0.0,0.0,23,0.0,0.0,z_sd,0.0015625,0.028157129664032256,-3.734375,-3.7328125,0,0,160,0,80,80,40,0.0,0.485625,0.52171875
0.511640625,0.5,2.7364194385325056,0.0,0.08,0.0,dropout,0.0,0.0,0.0,23,0.0,0.0,z_sd,0.01015625,0.10169694322394207,-3.734375,-3.72421875,0,0,160,0,80,80,40,0.0,0.49875,0.527359375
0.510390625,0.5,2.7364194385325056,0.0,0.16,0.0,dropout,0.0,0.0,0.0,23,0.0,0.0,z_sd,0.00703125,0.31446466967463493,-3.734375,-3.72734375,0,0,160,0,80,80,40,0.0,0.49609375,0.524375
0.503203125,0.5,2.7364194385325056,0.0,0.32,0.0,dropout,0.0,0.0,0.0,23,0.0,0.0,z_sd,-0.00078125,0.8193079993128777,-3.734375,-3.73515625,0,0,160,0,80,80,40,0.0,0.4865625,0.519375
0.508125,0.5,2.7364194385325056,0.0,0.64,0.0,dropout,0.0,0.0,0.0,23,0.0,0.0,z_sd,0.0046875,1.7078924849629402,-3.734375,-3.7296875,0,0,160,0,80,80,40,0.0,0.4828125,0.526015625
0.501796875,0.5,2.7364194385325056,0.0,1.28,0.0,dropout,0.0,0.0,0.0,23,0.0,0.0,z_sd,-0.00078125,3.7778877884149553,-3.734375,-3.73515625,0,0,160,0,80,80,40,0.0,0.47953125,0.5234375
0.5078125,0.5,2.7364194385325056,0.0,2.56,0.0,dropout,0.0,0.0,0.0,23,0.0,0.0,z_sd,0.00625,7.768494558334351,-3.734375,-3.728125,0,0,160,0,80,80,40,0.0,0.493828125,0.5290625
0.506015625,0.5,2.7364194385325056,0.0,5.12,0.0,dropout,0.0,0.0,0.0,23,0.0,0.0,z_sd,0.0046875,16.49694538116455,-3.734375,-3.7296875,0,0,160,0,80,80,40,0.0,0.484921875,0.5229707031249999
0.50328125,0.5,2.7364194385325056,0.0,10.24,0.0,dropout,0.0,0.0,0.0,23,0.0,0.0,z_sd,-0.0046875,32.711839413642885,-3.734375,-3.7390625,0,0,160,0,80,80,40,0.0,0.481875,0.531875
0.349609375,0.5,2.7364194385325056,0.0,20.48,0.0,dropout,0.0,0.0,0.0,23,0.0,0.0,z_sd,-0.328125,63.39608483314514,-3.734375,-4.0625,0,0,160,0,80,80,40,0.0,0.2899921875,0.38672265625
0.509375,0.5,2.7364194385325056,0.0,0.25,0.0,noise,0.0,0.0,0.0,23,0.0,0.0,alpha,0.00625,0.2515116099268198,-3.734375,-3.728125,0,0,160,0,80,80,40,0.0,0.4925,0.5243984375
0.50296875,0.5,2.7364194385325056,0.0,0.5,0.0,noise,0.0,0.0,0.0,23,0.0,0.0,alpha,0.00078125,0.5008565999567509,-3.734375,-3.73359375,0,0,160,0,80,80,40,0.0,0.4865625,0.5201679687499999
0.507265625,0.5,2.7364194385325056,0.0,1.0,0.0,noise,0.0,0.0,0.0,23,0.0,0.0,alpha,0.0046875,1.0004964604973794,-3.734375,-3.7296875,0,0,160,0,80,80,40,0.0,0.49171875,0.5290625
0.509140625,0.5,2.7364194385325056,0.0,2.0,0.0,noise,0.0,0.0,0.0,23,0.0,0.0,alpha,0.01015625,2.000325304269791,-3.734375,-3.72421875,0,0,160,0,80,80,40,0.0,0.495,0.5278125
0.511328125,0.5,2.7364194385325056,0.0,4.0,0.0,noise,0.0,0.0,0.0,23,0.0,0.0,alpha,0.0078125,4.00013781785965,-3.734375,-3.7265625,0,0,160,0,80,80,40,0.0,0.49498828125,0.52703125
0.516953125,0.5,2.7364194385325056,0.0,8.0,0.0,noise,0.0,0.0,0.0,23,0.0,0.0,alpha,0.01640625,8.00008636713028,-3.734375,-3.71796875,0,0,160,0,80,80,40,0.0,0.501484375,0.535322265625
0.5078125,0.5,2.7364194385325056,0.0,16.0,0.0,noise,0.0,0.0,0.0,23,0.0,0.0,alpha,0.00625,15.99988478422165,-3.734375,-3.728125,0,0,160,0,80,80,40,0.0,0.48859375,0.5314179687499999
0.508828125,0.5,2.7364194385325056,0.0,32.0,0.0,noise,0.0,0.0,0.0,23,0.0,0.0,alpha,0.0078125,31.99976751804352,-3.734375,-3.7265625,0,0,160,0,80,80,40,0.0,0.4825,0.5354765625000001
0.461796875,0.5,2.7364194385325056,0.0,64.0,0.0,noise,0.0,0.0,0.0,23,0.0,0.0,alpha,-0.071875,63.99954657554626,-3.734375,-3.80625,0,0,160,0,80,80,40,0.0,0.44171484375,0.47265625
0.446171875,0.5,2.7364194385325056,0.0,128.0,0.0,noise,0.0,0.0,0.0,23,0.0,0.0,alpha,-0.11875,127.99926586151123,-3.734375,-3.853125,0,0,160,0,80,80,40,0.0,0.41125,0.47876171875
0.51453125,0.5,2.7364194385325056,0.0,0.01,0.0,noise,0.0,0.0,0.0,23,0.0,0.0,z_mad,0.0125,0.001674467972770799,-3.734375,-3.721875,0,0,160,0,80,80,40,0.0,0.49515625,0.538138671875
0.5121875,0.5,2.7364194385325056,0.0,0.02,0.0,noise,0.0,0.0,0.0,23,0.0,0.0,z_mad,0.01484375,0.004763831390300765,-3.734375,-3.71953125,0,0,160,0,80,80,40,0.0,0.498515625,0.52750390625
0.50890625,0.5,2.7364194385325056,0.0,0.04,0.0,noise,0.0,0.0,0.0,23,0.0,0.0,z_mad,0.00390625,0.012775732157751917,-3.734375,-3.73046875,0,0,160,0,80,80,40,0.0,0.49265625,0.5303125
0.49890625,0.5,2.7364194385325056,0.0,0.08,0.0,noise,0.0,0.0,0.0,23,0.0,0.0,z_mad,-0.003125,0.03042081429157406,-3.734375,-3.7375,0,0,160,0,80,80,40,0.0,0.476640625,0.519375
0.51078125,0.5,2.7364194385325056,0.0,0.16,0.0,noise,0.0,0.0,0.0,23,0.0,0.0,z_mad,0.00859375,0.0645130980759859,-3.734375,-3.72578125,0,0,160,0,80,80,40,0.0,0.4925703125,0.5300839843749999
0.508515625,0.5,2.7364194385325056,0.0,0.32,0.0,noise,0.0,0.0,0.0,23,0.0,0.0,z_mad,0.0046875,0.12603995930403472,-3.734375,-3.7296875,0,0,160,0,80,80,40,0.0,0.4896875,0.526875
0.51484375,0.5,2.7364194385325056,0.0,0.64,0.0,noise,0.0,0.0,0.0,23,0.0,0.0,z_mad,0.0125,0.2487294614315033,-3.734375,-3.721875,0,0,160,0,80,80,40,0.0,0.49734375,0.53406640625
0.51375,0.5,2.7364194385325056,0.0,1.28,0.0,noise,0.0,0.0,0.0,23,0.0,0.0,z_mad,0.01484375,0.4948245443403721,-3.734375,-3.71953125,0,0,160,0,80,80,40,0.0,0.49515625,0.53296875
0.51171875,0.5,2.7364194385325056,0.0,2.56,0.0,noise,0.0,0.0,0.0,23,0.0,0.0,z_mad,0.0109375,0.9969809062778949,-3.734375,-3.7234375,0,0,160,0,80,80,40,0.0,0.49734375,0.52844921875
0.50578125,0.5,2.7364194385325056,0.0,5.12,0.0,noise,0.0,0.0,0.0,23,0.0,0.0,z_mad,0.0015625,1.988663136959076,-3.734375,-3.7328125,0,0,160,0,80,80,40,0.0,0.485625,0.522578125
0.518671875,0.5,2.7364194385325056,0.0,10.24,0.0,noise,0.0,0.0,0.0,23,0.0,0.0,z_mad,0.02109375,3.992996707558632,-3.734375,-3.71328125,0,0,160,0,80,80,40,0.0,0.50328125,0.5375
0.504140625,0.5,2.7364194385325056,0.0,20.48,0.0,noise,0.0,0.0,0.0,23,0.0,0.0,z_mad,0.0,7.902560210227966,-3.734375,-3.734375,0,0,160,0,80,80,40,0.0,0.4834375,0.52890625
0.51140625,0.5,2.7364194385325056,0.0,0.01,0.0,noise,0.0,0.0,0.0,23,0.0,0.0,z_sd,0.009375,0.024809307395480575,-3.734375,-3.725,0,0,160,0,80,80,40,0.0,0.49578125,0.531875
0.50671875,0.5,2.7364194385325056,0.0,0.02,0.0,noise,0.0,0.0,0.0,23,0.0,0.0,z_sd,0.0046875,0.048844509804621336,-3.734375,-3.7296875,0,0,160,0,80,80,40,0.0,0.490224609375,0.5290625
0.505234375,0.5,2.7364194385325056,0.0,0.04,0.0,noise,0.0,0.0,0.0,23,0.0,0.0,z_sd,0.0,0.10101700057275594,-3.734375,-3.734375,0,0,160,0,80,80,40,0.0,0.48859375,0.52751953125
0.5053125,0.5,2.7364194385325056,0.0,0.08,0.0,noise,0.0,0.0,0.0,23,0.0,0.0,z_sd,-0.00234375,0.20456675253808498,-3.734375,-3.73671875,0,0,160,0,80,80,40,0.0,0.49078125,0.51953125
0.5075,0.5,2.7364194385325056,0.0,0.16,0.0,noise,0.0,0.0,0.0,23,0.0,0.0,z_sd,0.00234375,0.3981513295322657,-3.734375,-3.73203125,0,0,160,0,80,80,40,0.0,0.48937109375,0.5207890625
0.514140625,0.5,2.7364194385325056,0.0,0.32,0.0,noise,0.0,0.0,0.0,23,0.0,0.0,z_sd,0.0140625,0.792777058109641,-3.734375,-3.7203125,0,0,160,0,80,80,40,0.0,0.491171875,0.54140625
0.509765625,0.5,2.7364194385325056,0.0,0.64,0.0,noise,0.0,0.0,0.0,23,0.0,0.0,z_sd,0.003125,1.5905365265905858,-3.734375,-3.73125,0,0,160,0,80,80,40,0.0,0.49233593750000004,0.52406640625
0.503515625,0.5,2.7364194385325056,0.0,1.28,0.0,noise,0.0,0.0,0.0,23,0.0,0.0,z_sd,-0.00234375,3.233733758330345,-3.734375,-3.73671875,0,0,160,0,80,80,40,0.0,0.487265625,0.5182246093749999
0.51125,0.5,2.7364194385325056,0.0,2.56,0.0,noise,0.0,0.0,0.0,23,0.0,0.0,z_sd,0.00859375,6.244280233979225,-3.734375,-3.72578125,0,0,160,0,80,80,40,0.0,0.48903515625,0.5328925781249999
0.51140625,0.5,2.7364194385325056,0.0,5.12,0.0,noise,0.0,0.0,0.0,23,0.0,0.0,z_sd,0.0109375,12.61044340133667,-3.734375,-3.7234375,0,0,160,0,80,80,40,0.0,0.49578125,0.5284375
0.512421875,0.5,2.7364194385325056,0.0,10.24,0.0,noise,0.0,0.0,0.0,23,0.0,0.0,z_sd,0.00859375,25.667247343063355,-3.734375,-3.72578125,0,0,160,0,80,80,40,0.0,0.49484375,0.5315625
0.498984375,0.5,2.7364194385325056,0.0,20.48,0.0,noise,0.0,0.0,0.0,23,0.0,0.0,z_sd,-0.00859375,52.595584177970885,-3.734375,-3.74296875,0,0,160,0,80,80,40,0.0,0.47265625,0.52703125
0.5139583333333333,0.5,2.866576577553538,0.0,0.25,0.0,random,0.0,0.0,0.0,23,0.0,0.0,alpha,0.015625,0.25150859033068024,-3.734375,-3.71875,0,0,240,0,120,120,40,0.0,0.49999609375,0.5318828125
0.5043229166666666,0.5,2.866576577553538,0.0,0.5,0.0,random,0.0,0.0,0.0,23,0.0,0.0,alpha,-0.0020833333333333333,0.5007638429601987,-3.734375,-3.736458333333333,0,0,240,0,120,120,40,0.0,0.49046875,0.5222486979166666
0.5063541666666667,0.5,2.866576577553538,0.0,1.0,0.0,random,0.0,0.0,0.0,23,0.0,0.0,alpha,0.0010416666666666667,1.0003692626953125,-3.734375,-3.7333333333333334,0,0,240,0,120,120,40,0.0,0.48651041666666667,0.52724609375
0.5111979166666667,0.5,2.866576577553538,0.0,2.0,0.0,random,0.0,0.0,0.0,23,0.0,0.0,alpha,0.009895833333333333,2.00018610060215,-3.734375,-3.724479166666667,0,0,240,0,120,120,40,0.0,0.4915611979166667,0.5335416666666667
0.5088020833333333,0.5,2.866576577553538,0.0,4.0,0.0,random,0.0,0.0,0.0,23,0.0,0.0,alpha,0.005208333333333333,3.999932446082433,-3.734375,-3.7291666666666665,0,0,240,0,120,120,40,0.0,0.49234375,0.5281406249999999
0.5118229166666667,0.5,2.866576577553538,0.0,8.0,0.0,random,0.0,0.0,0.0,23,0.0,0.0,alpha,0.009895833333333333,7.999672182401022,-3.734375,-3.724479166666667,0,0,240,0,120,120,40,0.0,0.48848437499999997,0.5371458333333333
0.5130729166666667,0.5,2.866576577553538,0.0,16.0,0.0,random,0.0,0.0,0.0,23,0.0,0.0,alpha,0.013020833333333334,15.999535655975341,-3.734375,-3.7213541666666665,0,0,240,0,120,120,40,0.0,0.49822526041666665,0.5316145833333333
0.5074479166666667,0.5,2.866576577553538,0.0,32.0,0.0,random,0.0,0.0,0.0,23,0.0,0.0,alpha,0.005208333333333333,31.998443110783896,-3.734375,-3.7291666666666665,0,0,240,0,120,120,40,0.0,0.4790052083333333,0.5347604166666667
0.3772916666666667,0.5,2.866576577553538,0.0,64.0,0.0,random,0.0,0.0,0.0,23,0.0,0.0,alpha,-0.23020833333333332,63.99689696629842,-3.734375,-3.964583333333333,0,0,240,0,120,120,40,0.0,0.24217447916666668,0.5018867187499999
0.32729166666666665,0.5,2.866576577553538,0.0,128.0,0.0,random,0.0,0.0,0.0,23,0.0,0.0,alpha,-0.37864583333333335,127.99425055185954,-3.734375,-4.113020833333334,0,0,240,0,120,120,40,0.0,0.14398828125000002,0.59578125
0.5128125,0.5,2.866576577553538,0.0,0.01,0.0,random,0.0,0.0,0.0,23,0.0,0.0,z_mad,0.008854166666666666,0.001855114585487172,-3.734375,-3.7255208333333334,0,0,240,0,120,120,40,0.0,0.49609375,0.5317708333333333
0.5094270833333333,0.5,2.866576577553538,0.0,0.02,0.0,random,0.0,0.0,0.0,23,0.0,0.0,z_mad,0.0067708333333333336,0.005158660576368371,-3.734375,-3.7276041666666666,0,0,240,0,120,120,40,0.0,0.49302083333333335,0.5328125
0.5060416666666666,0.5,2.866576577553538,0.0,0.04,0.0,random,0.0,0.0,0.0,23,0.0,0.0,z_mad,0.0005208333333333333,0.013726163081203897,-3.734375,-3.7338541666666667,0,0,240,0,120,120,40,0.0,0.486875,0.5307291666666667
0.51140625,0.5,2.866576577553538,0.0,0.08,0.0,random,0.0,0.0,0.0,23,0.0,0.0,z_mad,0.008854166666666666,0.03279483358686169,-3.734375,-3.7255208333333334,0,0,240,0,120,120,40,0.0,0.48905598958333335,0.5364140625
0.50578125,0.5,2.866576577553538,0.0,0.16,0.0,random,0.0,0.0,0.0,23,0.0,0.0,z_mad,0.003125,0.06817655526101589,-3.734375,-3.73125,0,0,240,0,120,120,40,0.0,0.49010156250000003,0.525625
0.5065625,0.5,2.866576577553538,0.0,0.32,0.0,random,0.0,0.0,0.0,23,0.0,0.0,z_mad,0.0015625,0.1338401975731055,-3.734375,-3.7328125,0,0,240,0,120,120,40,0.0,0.4872916666666667,0.52953125
0.5071875,0.5,2.866576577553538,0.0,0.64,0.0,random,0.0,0.0,0.0,23,0.0,0.0,z_mad,0.0046875,0.26447723830739656,-3.734375,-3.7296875,0,0,240,0,120,120,40,0.0,0.49369531250000004,0.5217239583333333
0.5080208333333334,0.5,2.866576577553538,0.0,1.28,0.0,random,0.0,0.0,0.0,23,0.0,0.0,z_mad,0.0046875,0.5265478836993377,-3.734375,-3.7296875,0,0,240,0,120,120,40,0.0,0.49024609375,0.5272916666666667
0.5075520833333333,0.5,2.866576577553538,0.0,2.56,0.0,random,0.0,0.0,0.0,23,0.0,0.0,z_mad,0.0067708333333333336,1.0514712755878766,-3.734375,-3.7276041666666666,0,0,240,0,120,120,40,0.0,0.48760286458333335,0.52484375
0.5104166666666666,0.5,2.866576577553538,0.0,5.12,0.0,random,0.0,0.0,0.0,23,0.0,0.0,z_mad,0.00625,2.102314059933027,-3.734375,-3.728125,0,0,240,0,120,120,40,0.0,0.49269531250000004,0.5282291666666666
0.5100520833333333,0.5,2.866576577553538,0.0,10.24,0.0,random,0.0,0.0,0.0,23,0.0,0.0,z_mad,0.0078125,4.20462456146876,-3.734375,-3.7265625,0,0,240,0,120,120,40,0.0,0.49302083333333335,0.5278125
0.5097916666666666,0.5,2.866576577553538,0.0,20.48,0.0,random,0.0,0.0,0.0,23,0.0,0.0,z_mad,0.0078125,8.408955081303914,-3.734375,-3.7265625,0,0,240,0,120,120,40,0.0,0.49104166666666665,0.5357304687500001
0.5071354166666666,0.5,2.866576577553538,0.0,0.01,0.0,random,0.0,0.0,0.0,23,0.0,0.0,z_sd,0.0020833333333333333,0.030964117986150085,-3.734375,-3.732291666666667,0,0,240,0,120,120,40,0.0,0.48796614583333336,0.5300052083333333
0.5061458333333333,0.5,2.866576577553538,0.0,0.02,0.0,random,0.0,0.0,0.0,23,0.0,0.0,z_sd,0.0010416666666666667,0.06331577325860659,-3.734375,-3.7333333333333334,0,0,240,0,120,120,40,0.0,0.48880208333333336,0.52396875
0.50734375,0.5,2.866576577553538,0.0,0.04,0.0,random,0.0,0.0,0.0,23,0.0,0.0,z_sd,0.0020833333333333333,0.1265887840030094,-3.734375,-3.732291666666667,0,0,240,0,120,120,40,0.0,0.4875,0.5275520833333334
0.5046354166666667,0.5,2.866576577553538,0.0,0.08,0.0,random,0.0,0.0,0.0,23,0.0,0.0,z_sd,0.0,0.251921404649814,-3.734375,-3.734375,0,0,240,0,120,120,40,0.0,0.48703125,0.5231770833333333
0.5113020833333334,0.5,2.866576577553538,0.0,0.16,0.0,random,0.0,0.0,0.0,23,0.0,0.0,z_sd,0.008854166666666666,0.5015048855294784,-3.734375,-3.7255208333333334,0,0,240,0,120,120,40,0.0,0.49400781250000003,0.5290625
0.5136979166666666,0.5,2.866576577553538,0.0,0.32,0.0,random,0.0,0.0,0.0,23,0.0,0.0,z_sd,0.010416666666666666,1.0013942119975885,-3.734375,-3.7239583333333335,0,0,240,0,120,120,40,0.0,0.4942708333333333,0.536109375
0.5090104166666667,0.5,2.866576577553538,0.0,0.64,0.0,random,0.0,0.0,0.0,23,0.0,0.0,z_sd,0.005208333333333333,2.0016886328657466,-3.734375,-3.7291666666666665,0,0,240,0,120,120,40,0.0,0.49088020833333335,0.5293880208333334
0.5063541666666667,0.5,2.866576577553538,0.0,1.28,0.0,random,0.0,0.0,0.0,23,0.0,0.0,z_sd,0.0005208333333333333,4.002458344896635,-3.734375,-3.7338541666666667,0,0,240,0,120,120,40,0.0,0.49083333333333334,0.5225546875
0.5057291666666667,0.5,2.866576577553538,0.0,2.56,0.0,random,0.0,0.0,0.0,23,0.0,0.0,z_sd,0.0010416666666666667,8.004483167330424,-3.734375,-3.7333333333333334,0,0,240,0,120,120,40,0.0,0.48624088541666666,0.5290625
0.5008333333333334,0.5,2.866576577553538,0.0,5.12,0.0,random,0.0,0.0,0.0,23,0.0,0.0,z_sd,-0.0067708333333333336,16.00901364882787,-3.734375,-3.7411458333333334,0,0,240,0,120,120,40,0.0,0.4786328125,0.5209427083333333
0.44135416666666666,0.5,2.866576577553538,0.0,10.24,0.0,random,0.0,0.0,0.0,23,0.0,0.0,z_sd,-0.1046875,32.01789606412252,-3.734375,-3.8390625,0,0,240,0,120,120,40,0.0,0.31796875,0.5208203124999999
0.35953125,0.5,2.866576577553538,0.0,20.48,0.0,random,0.0,0.0,0.0,23,0.0,0.0,z_sd,-0.28489583333333335,64.03609471321106,-3.734375,-4.019270833333334,0,0,240,0,120,120,40,0.0,0.18890234375,0.51846484375
0.507859375,0.5,3.2275758330035513,0.0,0.25,0.0,concept,0.0,0.0,0.0,24,0.0,0.0,alpha,0.00703125,0.2518370072543621,-3.734375,-3.72734375,0,0,800,0,400,400,40,0.0,0.49399921874999997,0.5245667968750001
0.5074375,0.5,3.2275758330035513,0.0,0.5,0.0,concept,0.0,0.0,0.0,24,0.0,0.0,alpha,0.00515625,0.5021936339139939,-3.734375,-3.72921875,0,0,800,0,400,400,40,0.0,0.4934359375,0.523937890625
0.509453125,0.5,3.2275758330035513,0.0,1.0,0.0,concept,0.0,0.0,0.0,24,0.0,0.0,alpha,0.0078125,1.000233986824751,-3.734375,-3.7265625,0,0,800,0,400,400,40,0.0,0.4919796875,0.528409765625
0.50865625,0.5,3.2275758330035513,0.0,2.0,0.0,concept,0.0,0.0,0.0,24,0.0,0.0,alpha,0.0065625,2.0004736292362213,-3.734375,-3.7278125,0,0,800,0,400,400,40,0.0,0.4923109375,0.52520625
0.507921875,0.5,3.2275758330035513,0.0,4.0,0.0,concept,0.0,0.0,0.0,24,0.0,0.0,alpha,0.006875,3.999233407974243,-3.734375,-3.7275,0,0,800,0,400,400,40,0.0,0.491965625,0.52757890625
0.511578125,0.5,3.2275758330035513,0.0,8.0,0.0,concept,0.0,0.0,0.0,24,0.0,0.0,alpha,0.01,8.000552067756653,-3.734375,-3.724375,0,0,800,0,400,400,40,0.0,0.493790234375,0.5299109375000001
0.51346875,0.5,3.2275758330035513,0.0,16.0,0.0,concept,0.0,0.0,0.0,24,0.0,0.0,alpha,0.01609375,15.99994261264801,-3.734375,-3.71828125,0,0,800,0,400,400,40,0.0,0.49834140624999995,0.529428125
0.506328125,0.5,3.2275758330035513,0.0,32.0,0.0,concept,0.0,0.0,0.0,24,0.0,0.0,alpha,0.006875,31.999253849983216,-3.734375,-3.7275,0,0,800,0,400,400,40,0.0,0.478291796875,0.529844140625
0.440046875,0.5,3.2275758330035513,0.0,64.0,0.0,concept,0.0,0.0,0.0,24,0.0,0.0,alpha,-0.126875,63.99859494209289,-3.734375,-3.86125,0,0,800,0,400,400,40,0.0,0.36247968750000004,0.5046421875
0.293140625,0.5,3.2275758330035513,0.0,128.0,0.0,concept,0.0,0.0,0.0,24,0.0,0.0,alpha,-0.5228125,127.99739891052246,-3.734375,-4.2571875,0,0,800,0,400,400,40,0.0,0.196873828125,0.371612890625
0.504875,0.5,3.2275758330035513,0.0,0.01,0.0,concept,0.0,0.0,0.0,24,0.0,0.0,z_mad,0.00125,0.006423487970023416,-3.734375,-3.733125,0,0,800,0,400,400,40,0.0,0.490140625,0.5200800781249999
0.50453125,0.5,3.2275758330035513,0.0,0.02,0.0,concept,0.0,0.0,0.0,24,0.0,0.0,z_mad,-0.00046875,0.0166551027726382,-3.734375,-3.73484375,0,0,800,0,400,400,40,0.0,0.488276171875,0.52136015625
0.5085,0.5,3.2275758330035513,0.0,0.04,0.0,concept,0.0,0.0,0.0,24,0.0,0.0,z_mad,0.009375,0.03883558148052543,-3.734375,-3.725,0,0,800,0,400,400,40,0.0,0.494744921875,0.525072265625
0.50615625,0.5,3.2275758330035513,0.0,0.08,0.0,concept,0.0,0.0,0.0,24,0.0,0.0,z_mad,0.00359375,0.08200992380268872,-3.734375,-3.73078125,0,0,800,0,400,400,40,0.0,0.489326953125,0.52731640625
0.504765625,0.5,3.2275758330035513,0.0,0.16,0.0,concept,0.0,0.0,0.0,24,0.0,0.0,z_mad,0.000625,0.1614095475897193,-3.734375,-3.73375,0,0,800,0,400,400,40,0.0,0.488637109375,0.5208625
0.509234375,0.5,3.2275758330035513,0.0,0.32,0.0,concept,0.0,0.0,0.0,24,0.0,0.0,z_mad,0.008125,0.31785912547260525,-3.734375,-3.72625,0,0,800,0,400,400,40,0.0,0.49155859375,0.52796953125
0.50509375,0.5,3.2275758330035513,0.0,0.64,0.0,concept,0.0,0.0,0.0,24,0.0,0.0,z_mad,0.00125,0.6325280950963497,-3.734375,-3.733125,0,0,800,0,400,400,40,0.0,0.489201171875,0.522099609375
0.50728125,0.5,3.2275758330035513,0.0,1.28,0.0,concept,0.0,0.0,0.0,24,0.0,0.0,z_mad,0.005,1.2662648119032383,-3.734375,-3.729375,0,0,800,0,400,400,40,0.0,0.49079218750000003,0.52459375
0.50921875,0.5,3.2275758330035513,0.0,2.56,0.0,concept,0.0,0.0,0.0,24,0.0,0.0,z_mad,0.0078125,2.531337969005108,-3.734375,-3.7265625,0,0,800,0,400,400,40,0.0,0.4945296875,0.524971875
0.50975,0.5,3.2275758330035513,0.0,5.12,0.0,concept,0.0,0.0,0.0,24,0.0,0.0,z_mad,0.00890625,5.060576732754708,-3.734375,-3.72546875,0,0,800,0,400,400,40,0.0,0.492809375,0.529234765625
0.512375,0.5,3.2275758330035513,0.0,10.24,0.0,concept,0.0,0.0,0.0,24,0.0,0.0,z_mad,0.01234375,10.121134843826294,-3.734375,-3.72203125,0,0,800,0,400,400,40,0.0,0.49407617187499997,0.529767578125
0.520609375,0.5,3.2275758330035513,0.0,20.48,0.0,concept,0.0,0.0,0.0,24,0.0,0.0,z_mad,0.0275,20.242750322818758,-3.734375,-3.706875,0,0,800,0,400,400,40,0.0,0.502227734375,0.546616015625
0.508234375,0.5,3.2275758330035513,0.0,0.01,0.0,concept,0.0,0.0,0.0,24,0.0,0.0,z_sd,0.00734375,0.3399238679744303,-3.734375,-3.72703125,0,0,800,0,400,400,40,0.0,0.493421875,0.526066796875
0.5088125,0.5,3.2275758330035513,0.0,0.02,0.0,concept,0.0,0.0,0.0,24,0.0,0.0,z_sd,0.00703125,0.6761821065470577,-3.734375,-3.72734375,0,0,800,0,400,400,40,0.0,0.49521796874999996,0.52297109375
0.5075625,0.5,3.2275758330035513,0.0,0.04,0.0,concept,0.0,0.0,0.0,24,0.0,0.0,z_sd,0.004375,1.349306603744626,-3.734375,-3.73,0,0,800,0,400,400,40,0.0,0.49139609375,0.524079296875
0.507703125,0.5,3.2275758330035513,0.0,0.08,0.0,concept,0.0,0.0,0.0,24,0.0,0.0,z_sd,0.0053125,2.6979213720560073,-3.734375,-3.7290625,0,0,800,0,400,400,40,0.0,0.49177734375,0.525515625
0.5091875,0.5,3.2275758330035513,0.0,0.16,0.0,concept,0.0,0.0,0.0,24,0.0,0.0,z_sd,0.0084375,5.395386392772198,-3.734375,-3.7259375,0,0,800,0,400,400,40,0.0,0.49215351562500004,0.526776171875
0.511671875,0.5,3.2275758330035513,0.0,0.32,0.0,concept,0.0,0.0,0.0,24,0.0,0.0,z_sd,0.01203125,10.791168771386147,-3.734375,-3.72234375,0,0,800,0,400,400,40,0.0,0.49578046875,0.528254296875
0.510453125,0.5,3.2275758330035513,0.0,0.64,0.0,concept,0.0,0.0,0.0,24,0.0,0.0,z_sd,0.0115625,21.58269082903862,-3.734375,-3.7228125,0,0,800,0,400,400,40,0.0,0.489767578125,0.5321949218750001
0.478,0.5,3.2275758330035513,0.0,1.28,0.0,concept,0.0,0.0,0.0,24,0.0,0.0,z_sd,-0.0428125,43.16444630384445,-3.734375,-3.7771875,0,0,800,0,400,400,40,0.0,0.4095984375,0.526909765625
0.397734375,0.5,3.2275758330035513,0.0,2.56,0.0,concept,0.0,0.0,0.0,24,0.0,0.0,z_sd,-0.21953125,86.32953120708466,-3.734375,-3.95390625,0,0,800,0,400,400,40,0.0,0.303116015625,0.47486093749999997
0.298859375,0.5,3.2275758330035513,0.0,5.12,0.0,concept,0.0,0.0,0.0,24,0.0,0.0,z_sd,-0.47453125,172.6579933357239,-3.734375,-4.20890625,0,0,800,0,400,400,40,0.0,0.18413046875,0.39664218749999997
0.218828125,0.5,3.2275758330035513,0.0,10.24,0.0,concept,0.0,0.0,0.0,24,0.0,0.0,z_sd,-0.7865625,345.3133447647095,-3.734375,-4.5209375,0,0,800,0,400,400,40,0.0,0.114549609375,0.31732265625
0.166765625,0.5,3.2275758330035513,0.0,20.48,0.0,concept,0.0,0.0,0.0,24,0.0,0.0,z_sd,-1.02625,690.6476459884643,-3.734375,-4.760625,0,0,800,0,400,400,40,0.0,0.077853515625,0.24742382812500002
0.50453125,0.5,2.7364194385325056,0.0,0.25,0.0,dropout,0.0,0.0,0.0,24,0.0,0.0,alpha,0.00546875,0.10341838994208956,-3.734375,-3.72890625,0,0,160,0,80,80,40,0.0,0.488345703125,0.521875
0.505234375,0.5,2.7364194385325056,0.0,0.5,0.0,dropout,0.0,0.0,0.0,24,0.0,0.0,alpha,0.00390625,0.3154515436850488,-3.734375,-3.73046875,0,0,160,0,80,80,40,0.0,0.48561328125,0.5265625
0.50734375,0.5,2.7364194385325056,0.0,1.0,0.0,dropout,0.0,0.0,0.0,24,0.0,0.0,alpha,0.0046875,0.7717761293053627,-3.734375,-3.7296875,0,0,160,0,80,80,40,0.0,0.49077734375,0.52859375
0.504765625,0.5,2.7364194385325056,0.0,2.0,0.0,dropout,0.0,0.0,0.0,24,0.0,0.0,alpha,-0.0015625,1.6685385555028915,-3.734375,-3.7359375,0,0,160,0,80,80,40,0.0,0.483046875,0.523125
0.5078125,0.5,2.7364194385325056,0.0,4.0,0.0,dropout,0.0,0.0,0.0,24,0.0,0.0,alpha,0.00625,3.6896293342113493,-3.734375,-3.728125,0,0,160,0,80,80,40,0.0,0.489765625,0.53078125
0.5096875,0.5,2.7364194385325056,0.0,8.0,0.0,dropout,0.0,0.0,0.0,24,0.0,0.0,alpha,0.00859375,7.737733376026154,-3.734375,-3.72578125,0,0,160,0,80,80,40,0.0,0.49452734374999996,0.5253242187499999
0.50703125,0.5,2.7364194385325056,0.0,16.0,0.0,dropout,0.0,0.0,0.0,24,0.0,0.0,alpha,0.01015625,15.785386276245116,-3.734375,-3.72421875,0,0,160,0,80,80,40,0.0,0.48203125,0.530546875
0.505,0.5,2.7364194385325056,0.0,32.0,0.0,dropout,0.0,0.0,0.0,24,0.0,0.0,alpha,-0.00234375,31.782956147193907,-3.734375,-3.73671875,0,0,160,0,80,80,40,0.0,0.48968359375,0.5240625
0.399765625,0.5,2.7364194385325056,0.0,64.0,0.0,dropout,0.0,0.0,0.0,24,0.0,0.0,alpha,-0.2203125,61.00071768760681,-3.734375,-3.9546875,0,0,160,0,80,80,40,0.0,0.36732421875000004,0.4287578125
0.241484375,0.5,2.7364194385325056,0.0,128.0,0.0,dropout,0.0,0.0,0.0,24,0.0,0.0,alpha,-0.855078125,115.74327402114868,-3.734375,-4.589453125,0,0,160,0,80,80,40,0.0,0.19984375,0.2915625
0.5,0.5,2.7364194385325056,0.0,0.01,0.0,dropout,0.0,0.0,0.0,24,0.0,0.0,z_mad,0.0,0.0,-3.734375,-3.734375,0,0,160,0,80,80,40,0.0,0.5,0.5
0.499375,0.5,2.7364194385325056,0.0,0.02,0.0,dropout,0.0,0.0,0.0,24,0.0,0.0,z_mad,-0.00078125,1.627604215173051e-05,-3.734375,-3.73515625,0,0,160,0,80,80,40,0.0,0.496875,0.5
0.5,0.5,2.7364194385325056,0.0,0.04,0.0,dropout,0.0,0.0,0.0,24,0.0,0.0,z_mad,0.0,0.000505719892680645,-3.734375,-3.734375,0,0,160,0,80,80,40,0.0,0.5,0.5
0.499375,0.5,2.7364194385325056,0.0,0.08,0.0,dropout,0.0,0.0,0.0,24,0.0,0.0,z_mad,-0.00078125,0.0006022135727107525,-3.734375,-3.73515625,0,0,160,0,80,80,40,0.0,0.49671875,0.5
0.50109375,0.5,2.7364194385325056,0.0,0.16,0.0,dropout,0.0,0.0,0.0,24,0.0,0.0,z_mad,0.0015625,0.007256135734496638,-3.734375,-3.7328125,0,0,160,0,80,80,40,0.0,0.4965625,0.508125
0.50328125,0.5,2.7364194385325056,0.0,0.32,0.0,dropout,0.0,0.0,0.0,24,0.0,0.0,z_mad,0.00078125,0.021701140832738018,-3.734375,-3.73359375,0,0,160,0,80,80,40,0.0,0.4909375,0.511640625
0.510625,0.5,2.7364194385325056,0.0,0.64,0.0,dropout,0.0,0.0,0.0,24,0.0,0.0,z_mad,0.0078125,0.10701850193727296,-3.734375,-3.7265625,0,0,160,0,80,80,40,0.0,0.50233984375,0.522353515625
0.507890625,0.5,2.7364194385325056,0.0,1.28,0.0,dropout,0.0,0.0,0.0,24,0.0,0.0,z_mad,0.0046875,0.34810645123943684,-3.734375,-3.7296875,0,0,160,0,80,80,40,0.0,0.49359375,0.51953125
0.5071875,0.5,2.7364194385325056,0.0,2.56,0.0,dropout,0.0,0.0,0.0,24,0.0,0.0,z_mad,0.00859375,0.7770222648978233,-3.734375,-3.72578125,0,0,160,0,80,80,40,0.0,0.483125,0.53375
0.506953125,0.5,2.7364194385325056,0.0,5.12,0.0,dropout,0.0,0.0,0.0,24,0.0,0.0,z_mad,0.00546875,1.7931489750742913,-3.734375,-3.72890625,0,0,160,0,80,80,40,0.0,0.49,0.52484375
0.504609375,0.5,2.7364194385325056,0.0,10.24,0.0,dropout,0.0,0.0,0.0,24,0.0,0.0,z_mad,0.0015625,3.829631844162941,-3.734375,-3.7328125,0,0,160,0,80,80,40,0.0,0.481875,0.52953125
0.507890625,0.5,2.7364194385325056,0.0,20.48,0.0,dropout,0.0,0.0,0.0,24,0.0,0.0,z_mad,0.00546875,8.234594410657882,-3.734375,-3.72890625,0,0,160,0,80,80,40,0.0,0.486634765625,0.5296875
0.50046875,0.5,2.7364194385325056,0.0,0.01,0.0,dropout,0.0,0.0,0.0,24,0.0,0.0,z_sd,0.00078125,0.0013253348879516125,-3.734375,-3.73359375,0,0,160,0,80,80,40,0.0,0.5,0.5025
0.500234375,0.5,2.7364194385325056,0.0,0.02,0.0,dropout,0.0,0.0,0.0,24,0.0,0.0,z_sd,0.00078125,7.803781190887093e-05,-3.734375,-3.73359375,0,0,160,0,80,80,40,0.0,0.5,0.501640625
0.49984375,0.5,2.7364194385325056,0.0,0.04,0.0,dropout,0.0,0.0,0.0,24,0.0,0.0,z_sd,-0.00234375,0.008018930004618596,-3.734375,-3.73671875,0,0,160,0,80,80,40,0.0,0.491236328125,0.507109375
0.50734375,0.5,2.7364194385325056,0.0,0.08,0.0,dropout,0.0,0.0,0.0,24,0.0,0.0,z_sd,0.00546875,0.027483984910941218,-3.734375,-3.72890625,0,0,160,0,80,80,40,0.0,0.496875,0.51844140625
0.508515625,0.5,2.7364194385325056,0.0,0.16,0.0,dropout,0.0,0.0,0.0,24,0.0,0.0,z_sd,0.00859375,0.09955007345415652,-3.734375,-3.72578125,0,0,160,0,80,80,40,0.0,0.49375,0.52750390625
0.510625,0.5,2.7364194385325056,0.0,0.32,0.0,dropout,0.0,0.0,0.0,24,0.0,0.0,z_sd,0.009375,0.3754349607974291,-3.734375,-3.725,0,0,160,0,80,80,40,0.0,0.49561328125,0.53344140625
0.502265625,0.5,2.7364194385325056,0.0,0.64,0.0,dropout,0.0,0.0,0.0,24,0.0,0.0,z_sd,0.0,0.8358054719865322,-3.734375,-3.734375,0,0,160,0,80,80,40,0.0,0.47828125,0.5234375
0.510859375,0.5,2.7364194385325056,0.0,1.28,0.0,dropout,0.0,0.0,0.0,24,0.0,0.0,z_sd,0.009375,1.8653696775436401,-3.734375,-3.725,0,0,160,0,80,80,40,0.0,0.49109375,0.52890625
0.511953125,0.5,2.7364194385325056,0.0,2.56,0.0,dropout,0.0,0.0,0.0,24,0.0,0.0,z_sd,0.01171875,4.069515398144722,-3.734375,-3.72265625,0,0,160,0,80,80,40,0.0,0.49279296875,0.5309375
0.513125,0.5,2.7364194385325056,0.0,5.12,0.0,dropout,0.0,0.0,0.0,24,0.0,0.0,z_sd,0.0109375,8.707893550395966,-3.734375,-3.7234375,0,0,160,0,80,80,40,0.0,0.495625,0.526875
0.50578125,0.5,2.7364194385325056,0.0,10.24,0.0,dropout,0.0,0.0,0.0,24,0.0,0.0,z_sd,0.00546875,18.10098798274994,-3.734375,-3.72890625,0,0,160,0,80,80,40,0.0,0.48671875,0.522431640625
0.495078125,0.5,2.7364194385325056,0.0,20.48,0.0,dropout,0.0,0.0,0.0,24,0.0,0.0,z_sd,-0.01328125,35.89900650978088,-3.734375,-3.74765625,0,0,160,0,80,80,40,0.0,0.46655078125,0.518208984375
0.507890625,0.5,2.7364194385325056,0.0,0.25,0.0,noise,0.0,0.0,0.0,24,0.0,0.0,alpha,0.00546875,0.25170366540551187,-3.734375,-3.72890625,0,0,160,0,80,80,40,0.0,0.492734375,0.52421875
0.505546875,0.5,2.7364194385325056,0.0,0.5,0.0,noise,0.0,0.0,0.0,24,0.0,0.0,alpha,0.0015625,0.5010413080453873,-3.734375,-3.7328125,0,0,160,0,80,80,40,0.0,0.48253710937500005,0.532734375
0.5090625,0.5,2.7364194385325056,0.0,1.0,0.0,noise,0.0,0.0,0.0,24,0.0,0.0,alpha,0.0046875,1.0005533874034882,-3.734375,-3.7296875,0,0,160,0,80,80,40,0.0,0.49296875,0.53297265625
0.51734375,0.5,2.7364194385325056,0.0,2.0,0.0,noise,0.0,0.0,0.0,24,0.0,0.0,alpha,0.0171875,2.0003698632121085,-3.734375,-3.7171875,0,0,160,0,80,80,40,0.0,0.5003125,0.540078125
0.5109375,0.5,2.7364194385325056,0.0,4.0,0.0,noise,0.0,0.0,0.0,24,0.0,0.0,alpha,0.01015625,4.000161907076835,-3.734375,-3.72421875,0,0,160,0,80,80,40,0.0,0.491484375,0.5371914062500001
0.5103125,0.5,2.7364194385325056,0.0,8.0,0.0,noise,0.0,0.0,0.0,24,0.0,0.0,alpha,0.0125,8.000052797794343,-3.734375,-3.721875,0,0,160,0,80,80,40,0.0,0.486015625,0.534375
0.506796875,0.5,2.7364194385325056,0.0,16.0,0.0,noise,0.0,0.0,0.0,24,0.0,0.0,alpha,0.00625,15.999935567378998,-3.734375,-3.728125,0,0,160,0,80,80,40,0.0,0.48921875,0.52796875
0.519140625,0.5,2.7364194385325056,0.0,32.0,0.0,noise,0.0,0.0,0.0,24,0.0,0.0,alpha,0.021875,31.999712419509887,-3.734375,-3.7125,0,0,160,0,80,80,40,0.0,0.4925,0.55171875
0.4859375,0.5,2.7364194385325056,0.0,64.0,0.0,noise,0.0,0.0,0.0,24,0.0,0.0,alpha,-0.03515625,63.99965944290161,-3.734375,-3.76953125,0,0,160,0,80,80,40,0.0,0.47030664062500005,0.4978125
0.4171875,0.5,2.7364194385325056,0.0,128.0,0.0,noise,0.0,0.0,0.0,24,0.0,0.0,alpha,-0.1640625,127.99884090423583,-3.734375,-3.8984375,0,0,160,0,80,80,40,0.0,0.377,0.441875
0.504375,0.5,2.7364194385325056,0.0,0.01,0.0,noise,0.0,0.0,0.0,24,0.0,0.0,z_mad,0.0,0.0017859964587842113,-3.734375,-3.734375,0,0,160,0,80,80,40,0.0,0.48515234375,0.5264140625
0.505625,0.5,2.7364194385325056,0.0,0.02,0.0,noise,0.0,0.0,0.0,24,0.0,0.0,z_mad,0.00390625,0.004924550908617676,-3.734375,-3.73046875,0,0,160,0,80,80,40,0.0,0.487890625,0.52140625
0.50734375,0.5,2.7364194385325056,0.0,0.04,0.0,noise,0.0,0.0,0.0,24,0.0,0.0,z_mad,0.0046875,0.01377428659470752,-3.734375,-3.7296875,0,0,160,0,80,80,40,0.0,0.49202929687499997,0.52578125
0.5078125,0.5,2.7364194385325056,0.0,0.08,0.0,noise,0.0,0.0,0.0,24,0.0,0.0,z_mad,0.00546875,0.03276786936912686,-3.734375,-3.72890625,0,0,160,0,80,80,40,0.0,0.491875,0.5233613281249999
0.50109375,0.5,2.7364194385325056,0.0,0.16,0.0,noise,0.0,0.0,0.0,24,0.0,0.0,z_mad,-0.00234375,0.06840056139044463,-3.734375,-3.73671875,0,0,160,0,80,80,40,0.0,0.49078125,0.510625
0.509296875,0.5,2.7364194385325056,0.0,0.32,0.0,noise,0.0,0.0,0.0,24,0.0,0.0,z_mad,0.01015625,0.13615385843440891,-3.734375,-3.72421875,0,0,160,0,80,80,40,0.0,0.49030859374999997,0.531640625
0.5046875,0.5,2.7364194385325056,0.0,0.64,0.0,noise,0.0,0.0,0.0,24,0.0,0.0,z_mad,0.0046875,0.26594377160072324,-3.734375,-3.7296875,0,0,160,0,80,80,40,0.0,0.4875,0.52516015625
0.506328125,0.5,2.7364194385325056,0.0,1.28,0.0,noise,0.0,0.0,0.0,24,0.0,0.0,z_mad,0.00390625,0.5345818486064673,-3.734375,-3.73046875,0,0,160,0,80,80,40,0.0,0.494375,0.5215625
0.509453125,0.5,2.7364194385325056,0.0,2.56,0.0,noise,0.0,0.0,0.0,24,0.0,0.0,z_mad,0.0078125,1.065484120696783,-3.734375,-3.7265625,0,0,160,0,80,80,40,0.0,0.485,0.534634765625
0.50296875,0.5,2.7364194385325056,0.0,5.12,0.0,noise,0.0,0.0,0.0,24,0.0,0.0,z_mad,0.0,2.1227836489677427,-3.734375,-3.734375,0,0,160,0,80,80,40,0.0,0.487732421875,0.51704296875
0.503203125,0.5,2.7364194385325056,0.0,10.24,0.0,noise,0.0,0.0,0.0,24,0.0,0.0,z_mad,0.00234375,4.262071108818054,-3.734375,-3.73203125,0,0,160,0,80,80,40,0.0,0.48576171875,0.5223515625
0.509921875,0.5,2.7364194385325056,0.0,20.48,0.0,noise,0.0,0.0,0.0,24,0.0,0.0,z_mad,0.0078125,8.427086639404298,-3.734375,-3.7265625,0,0,160,0,80,80,40,0.0,0.48968359375,0.5281308593749999
0.502109375,0.5,2.7364194385325056,0.0,0.01,0.0,noise,0.0,0.0,0.0,24,0.0,0.0,z_sd,-0.00234375,0.025466991658322512,-3.734375,-3.73671875,0,0,160,0,80,80,40,0.0,0.488580078125,0.51250390625
0.50421875,0.5,2.7364194385325056,0.0,0.02,0.0,noise,0.0,0.0,0.0,24,0.0,0.0,z_sd,-0.00078125,0.05126888374798,-3.734375,-3.73515625,0,0,160,0,80,80,40,0.0,0.478734375,0.526171875
0.507109375,0.5,2.7364194385325056,0.0,0.04,0.0,noise,0.0,0.0,0.0,24,0.0,0.0,z_sd,0.0046875,0.11077146446332335,-3.734375,-3.7296875,0,0,160,0,80,80,40,0.0,0.486234375,0.52984375
0.5053125,0.5,2.7364194385325056,0.0,0.08,0.0,noise,0.0,0.0,0.0,24,0.0,0.0,z_sd,0.0046875,0.21414882028475404,-3.734375,-3.7296875,0,0,160,0,80,80,40,0.0,0.48453125,0.524296875
0.509609375,0.5,2.7364194385325056,0.0,0.16,0.0,noise,0.0,0.0,0.0,24,0.0,0.0,z_sd,0.0109375,0.43641946744173765,-3.734375,-3.7234375,0,0,160,0,80,80,40,0.0,0.49093359375,0.53359375
0.503515625,0.5,2.7364194385325056,0.0,0.32,0.0,noise,0.0,0.0,0.0,24,0.0,0.0,z_sd,0.00390625,0.8095600515604019,-3.734375,-3.73046875,0,0,160,0,80,80,40,0.0,0.48796875,0.52
0.514375,0.5,2.7364194385325056,0.0,0.64,0.0,noise,0.0,0.0,0.0,24,0.0,0.0,z_sd,0.0171875,1.8031978502869606,-3.734375,-3.7171875,0,0,160,0,80,80,40,0.0,0.49905859375,0.52890625
0.508046875,0.5,2.7364194385325056,0.0,1.28,0.0,noise,0.0,0.0,0.0,24,0.0,0.0,z_sd,0.003125,3.316559413075447,-3.734375,-3.73125,0,0,160,0,80,80,40,0.0,0.49,0.525248046875
0.510078125,0.5,2.7364194385325056,0.0,2.56,0.0,noise,0.0,0.0,0.0,24,0.0,0.0,z_sd,0.00859375,7.332130947709084,-3.734375,-3.72578125,0,0,160,0,80,80,40,0.0,0.49828125,0.5264082031249999
0.51640625,0.5,2.7364194385325056,0.0,5.12,0.0,noise,0.0,0.0,0.0,24,0.0,0.0,z_sd,0.0171875,13.904098641872405,-3.734375,-3.7171875,0,0,160,0,80,80,40,0.0,0.500625,0.537734375
0.51234375,0.5,2.7364194385325056,0.0,10.24,0.0,noise,0.0,0.0,0.0,24,0.0,0.0,z_sd,0.01484375,26.576726734638214,-3.734375,-3.71953125,0,0,160,0,80,80,40,0.0,0.49875,0.53258203125
0.5003125,0.5,2.7364194385325056,0.0,20.48,0.0,noise,0.0,0.0,0.0,24,0.0,0.0,z_sd,-0.00625,54.18224596977234,-3.734375,-3.740625,0,0,160,0,80,80,40,0.0,0.4825,0.51515625
0.50125,0.5,2.866576577553538,0.0,0.25,0.0,random,0.0,0.0,0.0,24,0.0,0.0,alpha,0.0,0.25192846208810804,-3.734375,-3.734375,0,0,240,0,120,120,40,0.0,0.4832799479166667,0.5155234375
0.50390625,0.5,2.866576577553538,0.0,0.5,0.0,random,0.0,0.0,0.0,24,0.0,0.0,alpha,0.0,0.501056062678496,-3.734375,-3.734375,0,0,240,0,120,120,40,0.0,0.48827864583333336,0.5213020833333334
0.5089583333333333,0.5,2.866576577553538,0.0,1.0,0.0,random,0.0,0.0,0.0,24,0.0,0.0,alpha,0.005208333333333333,1.0003076439102492,-3.734375,-3.7291666666666665,0,0,240,0,120,120,40,0.0,0.49432291666666667,0.5254791666666667
0.5034895833333334,0.5,2.866576577553538,0.0,2.0,0.0,random,0.0,0.0,0.0,24,0.0,0.0,alpha,0.0005208333333333333,2.0003149211406708,-3.734375,-3.7338541666666667,0,0,240,0,120,120,40,0.0,0.4844140625,0.5257916666666667
0.5102083333333334,0.5,2.866576577553538,0.0,4.0,0.0,random,0.0,0.0,0.0,24,0.0,0.0,alpha,0.010416666666666666,4.000077708562215,-3.734375,-3.7239583333333335,0,0,240,0,120,120,40,0.0,0.49218098958333334,0.5283880208333334
0.5136458333333334,0.5,2.866576577553538,0.0,8.0,0.0,random,0.0,0.0,0.0,24,0.0,0.0,alpha,0.015625,8.000059533119202,-3.734375,-3.71875,0,0,240,0,120,120,40,0.0,0.49473958333333334,0.5305286458333334
0.5138541666666666,0.5,2.866576577553538,0.0,16.0,0.0,random,0.0,0.0,0.0,24,0.0,0.0,alpha,0.014583333333333334,15.999687107404073,-3.734375,-3.7197916666666666,0,0,240,0,120,120,40,0.0,0.49941796875,0.5300546875
0.5161979166666667,0.5,2.866576577553538,0.0,32.0,0.0,random,0.0,0.0,0.0,24,0.0,0.0,alpha,0.017708333333333333,31.999528964360554,-3.734375,-3.716666666666667,0,0,240,0,120,120,40,0.0,0.49472265625,0.5414609375
0.50625,0.5,2.866576577553538,0.0,64.0,0.0,random,0.0,0.0,0.0,24,0.0,0.0,alpha,-0.0020833333333333333,63.998623021443684,-3.734375,-3.736458333333333,0,0,240,0,120,120,40,0.0,0.47418880208333336,0.5398450520833333
0.4255729166666667,0.5,2.866576577553538,0.0,128.0,0.0,random,0.0,0.0,0.0,24,0.0,0.0,alpha,-0.13958333333333334,127.9984827041626,-3.734375,-3.8739583333333334,0,0,240,0,120,120,40,0.0,0.39343489583333335,0.45609765625000004
0.50484375,0.5,2.866576577553538,0.0,0.01,0.0,random,0.0,0.0,0.0,24,0.0,0.0,z_mad,-0.0010416666666666667,0.0018662287290984144,-3.734375,-3.7354166666666666,0,0,240,0,120,120,40,0.0,0.48531119791666666,0.5232291666666666
0.5098958333333333,0.5,2.866576577553538,0.0,0.02,0.0,random,0.0,0.0,0.0,24,0.0,0.0,z_mad,0.005729166666666666,0.0051952731562778355,-3.734375,-3.728645833333333,0,0,240,0,120,120,40,0.0,0.48551171875,0.5334453125
0.5083854166666667,0.5,2.866576577553538,0.0,0.04,0.0,random,0.0,0.0,0.0,24,0.0,0.0,z_mad,0.0046875,0.013867563180004558,-3.734375,-3.7296875,0,0,240,0,120,120,40,0.0,0.49171875,0.52740625
0.5028645833333333,0.5,2.866576577553538,0.0,0.08,0.0,random,0.0,0.0,0.0,24,0.0,0.0,z_mad,-0.0010416666666666667,0.03356673512607813,-3.734375,-3.7354166666666666,0,0,240,0,120,120,40,0.0,0.48853125,0.5151158854166666
0.5097395833333334,0.5,2.866576577553538,0.0,0.16,0.0,random,0.0,0.0,0.0,24,0.0,0.0,z_mad,0.0078125,0.07026995060344537,-3.734375,-3.7265625,0,0,240,0,120,120,40,0.0,0.4921328125,0.5288606770833333
0.5020833333333333,0.5,2.866576577553538,0.0,0.32,0.0,random,0.0,0.0,0.0,24,0.0,0.0,z_mad,-0.003125,0.13790502212941647,-3.734375,-3.7375,0,0,240,0,120,120,40,0.0,0.48572916666666666,0.52129296875
0.5025,0.5,2.866576577553538,0.0,0.64,0.0,random,0.0,0.0,0.0,24,0.0,0.0,z_mad,-0.0015625,0.27188960984349253,-3.734375,-3.7359375,0,0,240,0,120,120,40,0.0,0.4877057291666667,0.51828125
0.5080208333333334,0.5,2.866576577553538,0.0,1.28,0.0,random,0.0,0.0,0.0,24,0.0,0.0,z_mad,0.00625,0.541611684858799,-3.734375,-3.728125,0,0,240,0,120,120,40,0.0,0.49020833333333336,0.5259375
0.5039583333333333,0.5,2.866576577553538,0.0,2.56,0.0,random,0.0,0.0,0.0,24,0.0,0.0,z_mad,0.0020833333333333333,1.0814847817023596,-3.734375,-3.732291666666667,0,0,240,0,120,120,40,0.0,0.48560807291666663,0.5179205729166667
0.5063020833333334,0.5,2.866576577553538,0.0,5.12,0.0,random,0.0,0.0,0.0,24,0.0,0.0,z_mad,0.0036458333333333334,2.162523227930069,-3.734375,-3.730729166666667,0,0,240,0,120,120,40,0.0,0.4827604166666667,0.5258854166666667
0.50484375,0.5,2.866576577553538,0.0,10.24,0.0,random,0.0,0.0,0.0,24,0.0,0.0,z_mad,0.0005208333333333333,4.3241561849912005,-3.734375,-3.7338541666666667,0,0,240,0,120,120,40,0.0,0.4878645833333333,0.5211979166666667
0.5114583333333333,0.5,2.866576577553538,0.0,20.48,0.0,random,0.0,0.0,0.0,24,0.0,0.0,z_mad,0.0125,8.648505624135336,-3.734375,-3.721875,0,0,240,0,120,120,40,0.0,0.4975,0.5297916666666667
0.5025520833333333,0.5,2.866576577553538,0.0,0.01,0.0,random,0.0,0.0,0.0,24,0.0,0.0,z_sd,-0.0015625,0.027345260027019928,-3.734375,-3.7359375,0,0,240,0,120,120,40,0.0,0.48708072916666667,0.5178151041666667
0.5068229166666667,0.5,2.866576577553538,0.0,0.02,0.0,random,0.0,0.0,0.0,24,0.0,0.0,z_sd,0.0046875,0.05749281534614662,-3.734375,-3.7296875,0,0,240,0,120,120,40,0.0,0.49119140625,0.5220403645833332
0.5094791666666667,0.5,2.866576577553538,0.0,0.04,0.0,random,0.0,0.0,0.0,24,0.0,0.0,z_sd,0.008333333333333333,0.1147895417486628,-3.734375,-3.7260416666666667,0,0,240,0,120,120,40,0.0,0.48953125,0.5300169270833334
0.5051041666666667,0.5,2.866576577553538,0.0,0.08,0.0,random,0.0,0.0,0.0,24,0.0,0.0,z_sd,0.0005208333333333333,0.2273511443908016,-3.734375,-3.7338541666666667,0,0,240,0,120,120,40,0.0,0.48932161458333334,0.5211992187500001
0.505,0.5,2.866576577553538,0.0,0.16,0.0,random,0.0,0.0,0.0,24,0.0,0.0,z_sd,0.0036458333333333334,0.45214660887916885,-3.734375,-3.730729166666667,0,0,240,0,120,120,40,0.0,0.48670442708333334,0.5241145833333334
0.5052083333333334,0.5,2.866576577553538,0.0,0.32,0.0,random,0.0,0.0,0.0,24,0.0,0.0,z_sd,0.0020833333333333333,0.902521833529075,-3.734375,-3.732291666666667,0,0,240,0,120,120,40,0.0,0.4828645833333333,0.5315703125000001
0.5098958333333333,0.5,2.866576577553538,0.0,0.64,0.0,random,0.0,0.0,0.0,24,0.0,0.0,z_sd,0.008854166666666666,1.8038185656070709,-3.734375,-3.7255208333333334,0,0,240,0,120,120,40,0.0,0.49869270833333335,0.524375
0.510625,0.5,2.866576577553538,0.0,1.28,0.0,random,0.0,0.0,0.0,24,0.0,0.0,z_sd,0.009895833333333333,3.606555250287056,-3.734375,-3.724479166666667,0,0,240,0,120,120,40,0.0,0.4933736979166667,0.5309479166666666
0.5097916666666666,0.5,2.866576577553538,0.0,2.56,0.0,random,0.0,0.0,0.0,24,0.0,0.0,z_sd,0.008854166666666666,7.213234875599543,-3.734375,-3.7255208333333334,0,0,240,0,120,120,40,0.0,0.4965104166666667,0.5246380208333333
0.5121875,0.5,2.866576577553538,0.0,5.12,0.0,random,0.0,0.0,0.0,24,0.0,0.0,z_sd,0.013541666666666667,14.425804309050243,-3.734375,-3.720833333333333,0,0,240,0,120,120,40,0.0,0.49113541666666666,0.53578515625
0.5128125,0.5,2.866576577553538,0.0,10.24,0.0,random,0.0,0.0,0.0,24,0.0,0.0,z_sd,0.011458333333333333,28.852070871988932,-3.734375,-3.722916666666667,0,0,240,0,120,120,40,0.0,0.4867434895833333,0.54203125
0.49494791666666665,0.5,2.866576577553538,0.0,20.48,0.0,random,0.0,0.0,0.0,24,0.0,0.0,z_sd,-0.015625,57.704168033599856,-3.734375,-3.75,0,0,240,0,120,120,40,0.0,0.4455208333333333,0.53359765625
0.50678125,0.5,3.2275758330035513,0.0,0.25,0.0,concept,0.0,0.0,0.0,25,0.0,0.0,alpha,0.00515625,0.2521080695465207,-3.734375,-3.72921875,0,0,800,0,400,400,40,0.0,0.49085546874999997,0.52119140625
0.50884375,0.5,3.2275758330035513,0.0,0.5,0.0,concept,0.0,0.0,0.0,25,0.0,0.0,alpha,0.00875,0.5020570672303438,-3.734375,-3.725625,0,0,800,0,400,400,40,0.0,0.495765625,0.522100390625
0.507578125,0.5,3.2275758330035513,0.0,1.0,0.0,concept,0.0,0.0,0.0,25,0.0,0.0,alpha,0.0046875,1.0000343967974186,-3.734375,-3.7296875,0,0,800,0,400,400,40,0.0,0.491793359375,0.52215703125
0.51003125,0.5,3.2275758330035513,0.0,2.0,0.0,concept,0.0,0.0,0.0,25,0.0,0.0,alpha,0.00984375,2.0013957741856574,-3.734375,-3.72453125,0,0,800,0,400,400,40,0.0,0.495747265625,0.525969921875
0.51021875,0.5,3.2275758330035513,0.0,4.0,0.0,concept,0.0,0.0,0.0,25,0.0,0.0,alpha,0.00953125,4.000361613631249,-3.734375,-3.72484375,0,0,800,0,400,400,40,0.0,0.49336914062500004,0.5269703125
0.509703125,0.5,3.2275758330035513,0.0,8.0,0.0,concept,0.0,0.0,0.0,25,0.0,0.0,alpha,0.0109375,7.999371539354325,-3.734375,-3.7234375,0,0,800,0,400,400,40,0.0,0.49273046875,0.5278800781249999
0.511875,0.5,3.2275758330035513,0.0,16.0,0.0,concept,0.0,0.0,0.0,25,0.0,0.0,alpha,0.0121875,16.000510606765747,-3.734375,-3.7221875,0,0,800,0,400,400,40,0.0,0.490760546875,0.52957890625
0.507,0.5,3.2275758330035513,0.0,32.0,0.0,concept,0.0,0.0,0.0,25,0.0,0.0,alpha,0.005625,32.000573816299436,-3.734375,-3.72875,0,0,800,0,400,400,40,0.0,0.48486875,0.529158203125
0.4429375,0.5,3.2275758330035513,0.0,64.0,0.0,concept,0.0,0.0,0.0,25,0.0,0.0,alpha,-0.1403125,64.00052121162415,-3.734375,-3.8746875,0,0,800,0,400,400,40,0.0,0.36228046875,0.508504296875
0.311140625,0.5,3.2275758330035513,0.0,128.0,0.0,concept,0.0,0.0,0.0,25,0.0,0.0,alpha,-0.4725,128.0003953742981,-3.734375,-4.206875,0,0,800,0,400,400,40,0.0,0.21278359375,0.4064781249999999
0.509125,0.5,3.2275758330035513,0.0,0.01,0.0,concept,0.0,0.0,0.0,25,0.0,0.0,z_mad,0.00921875,0.006764622015762143,-3.734375,-3.72515625,0,0,800,0,400,400,40,0.0,0.49399921874999997,0.52495703125
0.506734375,0.5,3.2275758330035513,0.0,0.02,0.0,concept,0.0,0.0,0.0,25,0.0,0.0,z_mad,0.00515625,0.017575004938989877,-3.734375,-3.72921875,0,0,800,0,400,400,40,0.0,0.49138359375,0.52233203125
0.508234375,0.5,3.2275758330035513,0.0,0.04,0.0,concept,0.0,0.0,0.0,25,0.0,0.0,z_mad,0.0071875,0.04126384786330164,-3.734375,-3.7271875,0,0,800,0,400,400,40,0.0,0.492818359375,0.524190234375
0.507140625,0.5,3.2275758330035513,0.0,0.08,0.0,concept,0.0,0.0,0.0,25,0.0,0.0,z_mad,0.00578125,0.08709983232431114,-3.734375,-3.72859375,0,0,800,0,400,400,40,0.0,0.49242109375,0.521577734375
0.508453125,0.5,3.2275758330035513,0.0,0.16,0.0,concept,0.0,0.0,0.0,25,0.0,0.0,z_mad,0.00765625,0.17177167657762765,-3.734375,-3.72671875,0,0,800,0,400,400,40,0.0,0.49548359374999995,0.52439140625
0.50834375,0.5,3.2275758330035513,0.0,0.32,0.0,concept,0.0,0.0,0.0,25,0.0,0.0,z_mad,0.0078125,0.34067686468362807,-3.734375,-3.7265625,0,0,800,0,400,400,40,0.0,0.493226953125,0.522766796875
0.509015625,0.5,3.2275758330035513,0.0,0.64,0.0,concept,0.0,0.0,0.0,25,0.0,0.0,z_mad,0.00625,0.6749199474602938,-3.734375,-3.728125,0,0,800,0,400,400,40,0.0,0.495733984375,0.52220390625
0.509078125,0.5,3.2275758330035513,0.0,1.28,0.0,concept,0.0,0.0,0.0,25,0.0,0.0,z_mad,0.00703125,1.3491939729452134,-3.734375,-3.72734375,0,0,800,0,400,400,40,0.0,0.49356015625,0.5232242187499999
0.5101875,0.5,3.2275758330035513,0.0,2.56,0.0,concept,0.0,0.0,0.0,25,0.0,0.0,z_mad,0.00953125,2.6966029447317124,-3.734375,-3.72484375,0,0,800,0,400,400,40,0.0,0.493312109375,0.528221875
0.5100625,0.5,3.2275758330035513,0.0,5.12,0.0,concept,0.0,0.0,0.0,25,0.0,0.0,z_mad,0.01078125,5.394211246967315,-3.734375,-3.72359375,0,0,800,0,400,400,40,0.0,0.49624921875,0.525544140625
0.513203125,0.5,3.2275758330035513,0.0,10.24,0.0,concept,0.0,0.0,0.0,25,0.0,0.0,z_mad,0.01578125,10.788073477745057,-3.734375,-3.71859375,0,0,800,0,400,400,40,0.0,0.4999671875,0.531646484375
0.515828125,0.5,3.2275758330035513,0.0,20.48,0.0,concept,0.0,0.0,0.0,25,0.0,0.0,z_mad,0.0190625,21.576077847480775,-3.734375,-3.7153125,0,0,800,0,400,400,40,0.0,0.4994375,0.5372816406250001
0.50965625,0.5,3.2275758330035513,0.0,0.01,0.0,concept,0.0,0.0,0.0,25,0.0,0.0,z_sd,0.00921875,0.3117068195156753,-3.734375,-3.72515625,0,0,800,0,400,400,40,0.0,0.49580546875,0.5257453125
0.511203125,0.5,3.2275758330035513,0.0,0.02,0.0,concept,0.0,0.0,0.0,25,0.0,0.0,z_sd,0.010625,0.6192631189897656,-3.734375,-3.72375,0,0,800,0,400,400,40,0.0,0.496495703125,0.5258925781249999
0.5091875,0.5,3.2275758330035513,0.0,0.04,0.0,concept,0.0,0.0,0.0,25,0.0,0.0,z_sd,0.00890625,1.2349101464450358,-3.734375,-3.72546875,0,0,800,0,400,400,40,0.0,0.4963859375,0.523815234375
0.50990625,0.5,3.2275758330035513,0.0,0.08,0.0,concept,0.0,0.0,0.0,25,0.0,0.0,z_sd,0.0096875,2.4681388673186304,-3.734375,-3.7246875,0,0,800,0,400,400,40,0.0,0.49784375,0.5241746093749999
0.51175,0.5,3.2275758330035513,0.0,0.16,0.0,concept,0.0,0.0,0.0,25,0.0,0.0,z_sd,0.01015625,4.935457738637925,-3.734375,-3.72421875,0,0,800,0,400,400,40,0.0,0.49620000000000003,0.5305171875000001
0.510703125,0.5,3.2275758330035513,0.0,0.32,0.0,concept,0.0,0.0,0.0,25,0.0,0.0,z_sd,0.01171875,9.870815166831017,-3.734375,-3.72265625,0,0,800,0,400,400,40,0.0,0.497733984375,0.5259464843749999
0.512171875,0.5,3.2275758330035513,0.0,0.64,0.0,concept,0.0,0.0,0.0,25,0.0,0.0,z_sd,0.0134375,19.741183294057848,-3.734375,-3.7209375,0,0,800,0,400,400,40,0.0,0.4958859375,0.5319421875
0.48440625,0.5,3.2275758330035513,0.0,1.28,0.0,concept,0.0,0.0,0.0,25,0.0,0.0,z_sd,-0.04921875,39.48247666358948,-3.734375,-3.78359375,0,0,800,0,400,400,40,0.0,0.414009765625,0.528504296875
0.426390625,0.5,3.2275758330035513,0.0,2.56,0.0,concept,0.0,0.0,0.0,25,0.0,0.0,z_sd,-0.18875,78.96562205314636,-3.734375,-3.923125,0,0,800,0,400,400,40,0.0,0.31794023437499996,0.49845546874999996
0.32103125,0.5,3.2275758330035513,0.0,5.12,0.0,concept,0.0,0.0,0.0,25,0.0,0.0,z_sd,-0.42640625,157.93208515167237,-3.734375,-4.16078125,0,0,800,0,400,400,40,0.0,0.20949140625,0.41641640625
0.243578125,0.5,3.2275758330035513,0.0,10.24,0.0,concept,0.0,0.0,0.0,25,0.0,0.0,z_sd,-0.677578125,315.86180839538576,-3.734375,-4.411953125,0,0,800,0,400,400,40,0.0,0.13562617187499998,0.3494234375
0.207296875,0.5,3.2275758330035513,0.0,20.48,0.0,concept,0.0,0.0,0.0,25,0.0,0.0,z_sd,-0.86875,631.714688796997,-3.734375,-4.603125,0,0,800,0,400,400,40,0.0,0.106415234375,0.321914453125
0.50453125,0.5,2.7364194385325056,0.0,0.25,0.0,dropout,0.0,0.0,0.0,25,0.0,0.0,alpha,0.00078125,0.08433296162111219,-3.734375,-3.73359375,0,0,160,0,80,80,40,0.0,0.48828125,0.519076171875
0.5025,0.5,2.7364194385325056,0.0,0.5,0.0,dropout,0.0,0.0,0.0,25,0.0,0.0,alpha,0.00078125,0.2613945912569761,-3.734375,-3.73359375,0,0,160,0,80,80,40,0.0,0.482255859375,0.51859765625
0.508359375,0.5,2.7364194385325056,0.0,1.0,0.0,dropout,0.0,0.0,0.0,25,0.0,0.0,alpha,0.00625,0.761176536604762,-3.734375,-3.728125,0,0,160,0,80,80,40,0.0,0.495625,0.5214140625
0.505390625,0.5,2.7364194385325056,0.0,2.0,0.0,dropout,0.0,0.0,0.0,25,0.0,0.0,alpha,0.00390625,1.7131672963500022,-3.734375,-3.73046875,0,0,160,0,80,80,40,0.0,0.48984375,0.5175
0.50796875,0.5,2.7364194385325056,0.0,4.0,0.0,dropout,0.0,0.0,0.0,25,0.0,0.0,alpha,0.01015625,3.5487822234630584,-3.734375,-3.72421875,0,0,160,0,80,80,40,0.0,0.49453125,0.52546875
0.51203125,0.5,2.7364194385325056,0.0,8.0,0.0,dropout,0.0,0.0,0.0,25,0.0,0.0,alpha,0.01484375,7.624147409200669,-3.734375,-3.71953125,0,0,160,0,80,80,40,0.0,0.494677734375,0.53140625
0.50421875,0.5,2.7364194385325056,0.0,16.0,0.0,dropout,0.0,0.0,0.0,25,0.0,0.0,alpha,0.003125,15.90542289018631,-3.734375,-3.73125,0,0,160,0,80,80,40,0.0,0.487109375,0.52453125
0.50359375,0.5,2.7364194385325056,0.0,32.0,0.0,dropout,0.0,0.0,0.0,25,0.0,0.0,alpha,0.00078125,31.78458273410797,-3.734375,-3.73359375,0,0,160,0,80,80,40,0.0,0.48015625,0.526796875
0.399609375,0.5,2.7364194385325056,0.0,64.0,0.0,dropout,0.0,0.0,0.0,25,0.0,0.0,alpha,-0.19296875,62.121428632736205,-3.734375,-3.92734375,0,0,160,0,80,80,40,0.0,0.35249609374999996,0.43625
0.258125,0.5,2.7364194385325056,0.0,128.0,0.0,dropout,0.0,0.0,0.0,25,0.0,0.0,alpha,-0.919140625,116.49439716339111,-3.734375,-4.653515625,0,0,160,0,80,80,40,0.0,0.180625,0.3265859375
0.500703125,0.5,2.7364194385325056,0.0,0.01,0.0,dropout,0.0,0.0,0.0,25,0.0,0.0,z_mad,0.00078125,0.001814778707921505,-3.734375,-3.73359375,0,0,160,0,80,80,40,0.0,0.5,0.50375
0.4990625,0.5,2.7364194385325056,0.0,0.02,0.0,dropout,0.0,0.0,0.0,25,0.0,0.0,z_mad,-0.0015625,0.0002702985657379031,-3.734375,-3.7359375,0,0,160,0,80,80,40,0.0,0.4953046875,0.5
0.5,0.5,2.7364194385325056,0.0,0.04,0.0,dropout,0.0,0.0,0.0,25,0.0,0.0,z_mad,0.0,0.0,-3.734375,-3.734375,0,0,160,0,80,80,40,0.0,0.5,0.5
0.50046875,0.5,2.7364194385325056,0.0,0.08,0.0,dropout,0.0,0.0,0.0,25,0.0,0.0,z_mad,0.0,0.001328531908802688,-3.734375,-3.734375,0,0,160,0,80,80,40,0.0,0.49875,0.5034375
0.500546875,0.5,2.7364194385325056,0.0,0.16,0.0,dropout,0.0,0.0,0.0,25,0.0,0.0,z_mad,0.00078125,0.007504775514826178,-3.734375,-3.73359375,0,0,160,0,80,80,40,0.0,0.49265625,0.50625
0.507890625,0.5,2.7364194385325056,0.0,0.32,0.0,dropout,0.0,0.0,0.0,25,0.0,0.0,z_mad,0.00859375,0.02998184581520036,-3.734375,-3.72578125,0,0,160,0,80,80,40,0.0,0.4971796875,0.5196875
0.511640625,0.5,2.7364194385325056,0.0,0.64,0.0,dropout,0.0,0.0,0.0,25,0.0,0.0,z_mad,0.0125,0.11594159298983868,-3.734375,-3.721875,0,0,160,0,80,80,40,0.0,0.5015625,0.524375
0.504609375,0.5,2.7364194385325056,0.0,1.28,0.0,dropout,0.0,0.0,0.0,25,0.0,0.0,z_mad,0.003125,0.38193650748580693,-3.734375,-3.73125,0,0,160,0,80,80,40,0.0,0.486322265625,0.523916015625
0.506796875,0.5,2.7364194385325056,0.0,2.56,0.0,dropout,0.0,0.0,0.0,25,0.0,0.0,z_mad,0.009375,0.9100727632641792,-3.734375,-3.725,0,0,160,0,80,80,40,0.0,0.49765234375,0.5184375
0.511953125,0.5,2.7364194385325056,0.0,5.12,0.0,dropout,0.0,0.0,0.0,25,0.0,0.0,z_mad,0.01171875,1.9462403357028961,-3.734375,-3.72265625,0,0,160,0,80,80,40,0.0,0.49937109375,0.528203125
0.505703125,0.5,2.7364194385325056,0.0,10.24,0.0,dropout,0.0,0.0,0.0,25,0.0,0.0,z_mad,0.00390625,4.315554764866829,-3.734375,-3.73046875,0,0,160,0,80,80,40,0.0,0.48905468750000003,0.51703125
0.50578125,0.5,2.7364194385325056,0.0,20.48,0.0,dropout,0.0,0.0,0.0,25,0.0,0.0,z_mad,-0.00078125,9.004409688711167,-3.734375,-3.73515625,0,0,160,0,80,80,40,0.0,0.492640625,0.51859375
0.49984375,0.5,2.7364194385325056,0.0,0.01,0.0,dropout,0.0,0.0,0.0,25,0.0,0.0,z_sd,-0.00078125,0.0011047363514080644,-3.734375,-3.73515625,0,0,160,0,80,80,40,0.0,0.49625,0.501875
0.499609375,0.5,2.7364194385325056,0.0,0.02,0.0,dropout,0.0,0.0,0.0,25,0.0,0.0,z_sd,-0.00078125,0.001273309683892876,-3.734375,-3.73515625,0,0,160,0,80,80,40,0.0,0.495625,0.5028125
0.501796875,0.5,2.7364194385325056,0.0,0.04,0.0,dropout,0.0,0.0,0.0,25,0.0,0.0,z_sd,0.00234375,0.009690530376974493,-3.734375,-3.73203125,0,0,160,0,80,80,40,0.0,0.49843359374999996,0.50578515625
0.51265625,0.5,2.7364194385325056,0.0,0.08,0.0,dropout,0.0,0.0,0.0,25,0.0,0.0,z_sd,0.0109375,0.06090435335354414,-3.734375,-3.7234375,0,0,160,0,80,80,40,0.0,0.49358984375,0.529548828125
0.5021875,0.5,2.7364194385325056,0.0,0.16,0.0,dropout,0.0,0.0,0.0,25,0.0,0.0,z_sd,0.0,0.18687833788571878,-3.734375,-3.734375,0,0,160,0,80,80,40,0.0,0.4796796875,0.5184375
0.50984375,0.5,2.7364194385325056,0.0,0.32,0.0,dropout,0.0,0.0,0.0,25,0.0,0.0,z_sd,0.0125,0.5522713694721461,-3.734375,-3.721875,0,0,160,0,80,80,40,0.0,0.49703125,0.52328515625
0.508671875,0.5,2.7364194385325056,0.0,0.64,0.0,dropout,0.0,0.0,0.0,25,0.0,0.0,z_sd,0.01015625,1.3023030877113342,-3.734375,-3.72421875,0,0,160,0,80,80,40,0.0,0.4920234375,0.5234375
0.50578125,0.5,2.7364194385325056,0.0,1.28,0.0,dropout,0.0,0.0,0.0,25,0.0,0.0,z_sd,0.00390625,2.703404833376408,-3.734375,-3.73046875,0,0,160,0,80,80,40,0.0,0.4925,0.52109375
0.5125,0.5,2.7364194385325056,0.0,2.56,0.0,dropout,0.0,0.0,0.0,25,0.0,0.0,z_sd,0.01640625,5.678996419906616,-3.734375,-3.71796875,0,0,160,0,80,80,40,0.0,0.503671875,0.52484375
0.51421875,0.5,2.7364194385325056,0.0,5.12,0.0,dropout,0.0,0.0,0.0,25,0.0,0.0,z_sd,0.0140625,12.283530533313751,-3.734375,-3.7203125,0,0,160,0,80,80,40,0.0,0.49872265625,0.53141015625
0.498671875,0.5,2.7364194385325056,0.0,10.24,0.0,dropout,0.0,0.0,0.0,25,0.0,0.0,z_sd,-0.00703125,24.689291310310363,-3.734375,-3.74140625,0,0,160,0,80,80,40,0.0,0.484515625,0.5118867187499999
0.45015625,0.5,2.7364194385325056,0.0,20.48,0.0,dropout,0.0,0.0,0.0,25,0.0,0.0,z_sd,-0.09375,48.82001671791077,-3.734375,-3.828125,0,0,160,0,80,80,40,0.0,0.41296875,0.4798515625
0.504609375,0.5,2.7364194385325056,0.0,0.25,0.0,noise,0.0,0.0,0.0,25,0.0,0.0,alpha,0.00234375,0.251968028396368,-3.734375,-3.73203125,0,0,160,0,80,80,40,0.0,0.490078125,0.5186171875
0.506875,0.5,2.7364194385325056,0.0,0.5,0.0,noise,0.0,0.0,0.0,25,0.0,0.0,alpha,0.00546875,0.5012107327580452,-3.734375,-3.72890625,0,0,160,0,80,80,40,0.0,0.49109375,0.51969140625
0.5053125,0.5,2.7364194385325056,0.0,1.0,0.0,noise,0.0,0.0,0.0,25,0.0,0.0,alpha,0.00234375,1.0006232276558875,-3.734375,-3.73203125,0,0,160,0,80,80,40,0.0,0.49124218750000004,0.51501171875
0.50703125,0.5,2.7364194385325056,0.0,2.0,0.0,noise,0.0,0.0,0.0,25,0.0,0.0,alpha,0.00390625,2.000383365154266,-3.734375,-3.73046875,0,0,160,0,80,80,40,0.0,0.484640625,0.52672265625
0.51015625,0.5,2.7364194385325056,0.0,4.0,0.0,noise,0.0,0.0,0.0,25,0.0,0.0,alpha,0.01015625,4.000201642513275,-3.734375,-3.72421875,0,0,160,0,80,80,40,0.0,0.5025,0.51640625
0.510234375,0.5,2.7364194385325056,0.0,8.0,0.0,noise,0.0,0.0,0.0,25,0.0,0.0,alpha,0.0078125,8.000090849399566,-3.734375,-3.7265625,0,0,160,0,80,80,40,0.0,0.49513671875000004,0.526171875
0.51140625,0.5,2.7364194385325056,0.0,16.0,0.0,noise,0.0,0.0,0.0,25,0.0,0.0,alpha,0.0109375,15.99998220205307,-3.734375,-3.7234375,0,0,160,0,80,80,40,0.0,0.49390625,0.52921875
0.512421875,0.5,2.7364194385325056,0.0,32.0,0.0,noise,0.0,0.0,0.0,25,0.0,0.0,alpha,0.00703125,32.000011682510376,-3.734375,-3.72734375,0,0,160,0,80,80,40,0.0,0.495625,0.5278125
0.482265625,0.5,2.7364194385325056,0.0,64.0,0.0,noise,0.0,0.0,0.0,25,0.0,0.0,alpha,-0.04140625,63.999663782119754,-3.734375,-3.77578125,0,0,160,0,80,80,40,0.0,0.4571875,0.501953125
0.41671875,0.5,2.7364194385325056,0.0,128.0,0.0,noise,0.0,0.0,0.0,25,0.0,0.0,alpha,-0.14765625,127.99949340820312,-3.734375,-3.88203125,0,0,160,0,80,80,40,0.0,0.3909375,0.43156640625000003
0.511953125,0.5,2.7364194385325056,0.0,0.01,0.0,noise,0.0,0.0,0.0,25,0.0,0.0,z_mad,0.01171875,0.0019431731110671536,-3.734375,-3.72265625,0,0,160,0,80,80,40,0.0,0.500625,0.521875
0.505625,0.5,2.7364194385325056,0.0,0.02,0.0,noise,0.0,0.0,0.0,25,0.0,0.0,z_mad,0.0046875,0.005344352318206802,-3.734375,-3.7296875,0,0,160,0,80,80,40,0.0,0.4920234375,0.520078125
0.50875,0.5,2.7364194385325056,0.0,0.04,0.0,noise,0.0,0.0,0.0,25,0.0,0.0,z_mad,0.00703125,0.014434311795048416,-3.734375,-3.72734375,0,0,160,0,80,80,40,0.0,0.493125,0.523751953125
0.509921875,0.5,2.7364194385325056,0.0,0.08,0.0,noise,0.0,0.0,0.0,25,0.0,0.0,z_mad,0.00703125,0.03459334154613316,-3.734375,-3.72734375,0,0,160,0,80,80,40,0.0,0.49234375,0.519375
0.50578125,0.5,2.7364194385325056,0.0,0.16,0.0,noise,0.0,0.0,0.0,25,0.0,0.0,z_mad,0.003125,0.07454554652795195,-3.734375,-3.73125,0,0,160,0,80,80,40,0.0,0.492578125,0.522421875
0.505,0.5,2.7364194385325056,0.0,0.32,0.0,noise,0.0,0.0,0.0,25,0.0,0.0,z_mad,0.003125,0.14504136350005864,-3.734375,-3.73125,0,0,160,0,80,80,40,0.0,0.489375,0.51625
0.51,0.5,2.7364194385325056,0.0,0.64,0.0,noise,0.0,0.0,0.0,25,0.0,0.0,z_mad,0.01015625,0.2864632211625576,-3.734375,-3.72421875,0,0,160,0,80,80,40,0.0,0.498515625,0.52046875
0.50265625,0.5,2.7364194385325056,0.0,1.28,0.0,noise,0.0,0.0,0.0,25,0.0,0.0,z_mad,0.0,0.5673274092376233,-3.734375,-3.734375,0,0,160,0,80,80,40,0.0,0.488046875,0.52
0.50296875,0.5,2.7364194385325056,0.0,2.56,0.0,noise,0.0,0.0,0.0,25,0.0,0.0,z_mad,0.0,1.1292861178517342,-3.734375,-3.734375,0,0,160,0,80,80,40,0.0,0.49187109375,0.5168906249999999
0.507421875,0.5,2.7364194385325056,0.0,5.12,0.0,noise,0.0,0.0,0.0,25,0.0,0.0,z_mad,0.003125,2.2727209478616714,-3.734375,-3.73125,0,0,160,0,80,80,40,0.0,0.490859375,0.52516015625
0.513203125,0.5,2.7364194385325056,0.0,10.24,0.0,noise,0.0,0.0,0.0,25,0.0,0.0,z_mad,0.01328125,4.540725457668304,-3.734375,-3.72109375,0,0,160,0,80,80,40,0.0,0.4957734375,0.528125
0.505859375,0.5,2.7364194385325056,0.0,20.48,0.0,noise,0.0,0.0,0.0,25,0.0,0.0,z_mad,0.0046875,9.082732284069062,-3.734375,-3.7296875,0,0,160,0,80,80,40,0.0,0.493125,0.52140625
0.50953125,0.5,2.7364194385325056,0.0,0.01,0.0,noise,0.0,0.0,0.0,25,0.0,0.0,z_sd,0.00859375,0.024781835195608438,-3.734375,-3.72578125,0,0,160,0,80,80,40,0.0,0.490625,0.526953125
0.49796875,0.5,2.7364194385325056,0.0,0.02,0.0,noise,0.0,0.0,0.0,25,0.0,0.0,z_sd,-0.0078125,0.049877038109116256,-3.734375,-3.7421875,0,0,160,0,80,80,40,0.0,0.484375,0.510625
0.510390625,0.5,2.7364194385325056,0.0,0.04,0.0,noise,0.0,0.0,0.0,25,0.0,0.0,z_sd,0.01015625,0.11144436364993453,-3.734375,-3.72421875,0,0,160,0,80,80,40,0.0,0.491875,0.52703515625
0.507578125,0.5,2.7364194385325056,0.0,0.08,0.0,noise,0.0,0.0,0.0,25,0.0,0.0,z_sd,0.00625,0.22193534672260284,-3.734375,-3.728125,0,0,160,0,80,80,40,0.0,0.49326953125,0.52875
0.50515625,0.5,2.7364194385325056,0.0,0.16,0.0,noise,0.0,0.0,0.0,25,0.0,0.0,z_sd,0.003125,0.4385010851547122,-3.734375,-3.73125,0,0,160,0,80,80,40,0.0,0.489671875,0.51890625
0.5075,0.5,2.7364194385325056,0.0,0.32,0.0,noise,0.0,0.0,0.0,25,0.0,0.0,z_sd,0.0046875,0.7865902174264192,-3.734375,-3.7296875,0,0,160,0,80,80,40,0.0,0.4890625,0.521486328125
0.511015625,0.5,2.7364194385325056,0.0,0.64,0.0,noise,0.0,0.0,0.0,25,0.0,0.0,z_sd,0.01015625,1.6012959413230419,-3.734375,-3.72421875,0,0,160,0,80,80,40,0.0,0.4928125,0.528359375
0.51,0.5,2.7364194385325056,0.0,1.28,0.0,noise,0.0,0.0,0.0,25,0.0,0.0,z_sd,0.00859375,3.289563515782356,-3.734375,-3.72578125,0,0,160,0,80,80,40,0.0,0.49812109374999997,0.527109375
0.511328125,0.5,2.7364194385325056,0.0,2.56,0.0,noise,0.0,0.0,0.0,25,0.0,0.0,z_sd,0.01328125,6.638815981149674,-3.734375,-3.72109375,0,0,160,0,80,80,40,0.0,0.49140625,0.52875
0.5159375,0.5,2.7364194385325056,0.0,5.12,0.0,noise,0.0,0.0,0.0,25,0.0,0.0,z_sd,0.01640625,13.830410194396972,-3.734375,-3.71796875,0,0,160,0,80,80,40,0.0,0.49858203125,0.5340625
0.506640625,0.5,2.7364194385325056,0.0,10.24,0.0,noise,0.0,0.0,0.0,25,0.0,0.0,z_sd,0.0015625,27.33680808544159,-3.734375,-3.7328125,0,0,160,0,80,80,40,0.0,0.48203125,0.537421875
0.493828125,0.5,2.7364194385325056,0.0,20.48,0.0,noise,0.0,0.0,0.0,25,0.0,0.0,z_sd,-0.0203125,52.192783212661745,-3.734375,-3.7546875,0,0,160,0,80,80,40,0.0,0.46890625,0.52015625
0.5132291666666666,0.5,2.866576577553538,0.0,0.25,0.0,random,0.0,0.0,0.0,25,0.0,0.0,alpha,0.0140625,0.2519925939540068,-3.734375,-3.7203125,0,0,240,0,120,120,40,0.0,0.4982799479166667,0.5300052083333333
0.505,0.5,2.866576577553538,0.0,0.5,0.0,random,0.0,0.0,0.0,25,0.0,0.0,alpha,0.0026041666666666665,0.5011924306551615,-3.734375,-3.7317708333333335,0,0,240,0,120,120,40,0.0,0.48859114583333335,0.5215625
0.5069791666666666,0.5,2.866576577553538,0.0,1.0,0.0,random,0.0,0.0,0.0,25,0.0,0.0,alpha,0.005208333333333333,1.0005589519937834,-3.734375,-3.7291666666666665,0,0,240,0,120,120,40,0.0,0.49192578125,0.5247916666666667
0.50453125,0.5,2.866576577553538,0.0,2.0,0.0,random,0.0,0.0,0.0,25,0.0,0.0,alpha,0.0020833333333333333,2.0001902312040327,-3.734375,-3.732291666666667,0,0,240,0,120,120,40,0.0,0.49009765625,0.5169270833333334
0.5094791666666667,0.5,2.866576577553538,0.0,4.0,0.0,random,0.0,0.0,0.0,25,0.0,0.0,alpha,0.0109375,4.000022310018539,-3.734375,-3.7234375,0,0,240,0,120,120,40,0.0,0.491875,0.53173046875
0.5036979166666666,0.5,2.866576577553538,0.0,8.0,0.0,random,0.0,0.0,0.0,25,0.0,0.0,alpha,0.0005208333333333333,8.000004692872364,-3.734375,-3.7338541666666667,0,0,240,0,120,120,40,0.0,0.48530859374999996,0.5214153645833333
0.5104166666666666,0.5,2.866576577553538,0.0,16.0,0.0,random,0.0,0.0,0.0,25,0.0,0.0,alpha,0.005729166666666666,15.99940976301829,-3.734375,-3.728645833333333,0,0,240,0,120,120,40,0.0,0.4902018229166667,0.5281367187499999
0.509375,0.5,2.866576577553538,0.0,32.0,0.0,random,0.0,0.0,0.0,25,0.0,0.0,alpha,0.0109375,31.998919630050658,-3.734375,-3.7234375,0,0,240,0,120,120,40,0.0,0.48465885416666665,0.5379999999999999
0.4741666666666667,0.5,2.866576577553538,0.0,64.0,0.0,random,0.0,0.0,0.0,25,0.0,0.0,alpha,-0.043229166666666666,63.99763933817545,-3.734375,-3.777604166666667,0,0,240,0,120,120,40,0.0,0.38199609375,0.55564453125
0.41625,0.5,2.866576577553538,0.0,128.0,0.0,random,0.0,0.0,0.0,25,0.0,0.0,alpha,-0.15833333333333333,127.99556490580241,-3.734375,-3.892708333333333,0,0,240,0,120,120,40,0.0,0.20931640625,0.56362109375
0.5054166666666666,0.5,2.866576577553538,0.0,0.01,0.0,random,0.0,0.0,0.0,25,0.0,0.0,z_mad,0.003125,0.0019190584018360824,-3.734375,-3.73125,0,0,240,0,120,120,40,0.0,0.4859375,0.52177734375
0.5051041666666667,0.5,2.866576577553538,0.0,0.02,0.0,random,0.0,0.0,0.0,25,0.0,0.0,z_mad,0.0020833333333333333,0.005345559221071502,-3.734375,-3.732291666666667,0,0,240,0,120,120,40,0.0,0.48098046875,0.5288619791666667
0.5065104166666666,0.5,2.866576577553538,0.0,0.04,0.0,random,0.0,0.0,0.0,25,0.0,0.0,z_mad,0.0067708333333333336,0.01436353090684861,-3.734375,-3.7276041666666666,0,0,240,0,120,120,40,0.0,0.48888671875,0.5267708333333333
0.5076041666666666,0.5,2.866576577553538,0.0,0.08,0.0,random,0.0,0.0,0.0,25,0.0,0.0,z_mad,0.008333333333333333,0.03509520678780973,-3.734375,-3.7260416666666667,0,0,240,0,120,120,40,0.0,0.49359375,0.5229817708333333
0.5059895833333333,0.5,2.866576577553538,0.0,0.16,0.0,random,0.0,0.0,0.0,25,0.0,0.0,z_mad,0.0020833333333333333,0.07410147450864316,-3.734375,-3.732291666666667,0,0,240,0,120,120,40,0.0,0.48583333333333334,0.5210963541666667
0.5057291666666667,0.5,2.866576577553538,0.0,0.32,0.0,random,0.0,0.0,0.0,25,0.0,0.0,z_mad,0.0020833333333333333,0.1455626147488753,-3.734375,-3.732291666666667,0,0,240,0,120,120,40,0.0,0.48811979166666664,0.5218411458333333
0.5065104166666666,0.5,2.866576577553538,0.0,0.64,0.0,random,0.0,0.0,0.0,25,0.0,0.0,z_mad,0.0020833333333333333,0.2869197527567546,-3.734375,-3.732291666666667,0,0,240,0,120,120,40,0.0,0.48957682291666665,0.520578125
0.5052604166666667,0.5,2.866576577553538,0.0,1.28,0.0,random,0.0,0.0,0.0,25,0.0,0.0,z_mad,0.007291666666666667,0.5713056236505508,-3.734375,-3.7270833333333333,0,0,240,0,120,120,40,0.0,0.48712890625,0.52703515625
0.51078125,0.5,2.866576577553538,0.0,2.56,0.0,random,0.0,0.0,0.0,25,0.0,0.0,z_mad,0.0109375,1.1407830874125162,-3.734375,-3.7234375,0,0,240,0,120,120,40,0.0,0.4927565104166666,0.531875
0.5084895833333334,0.5,2.866576577553538,0.0,5.12,0.0,random,0.0,0.0,0.0,25,0.0,0.0,z_mad,0.0067708333333333336,2.2802783767382304,-3.734375,-3.7276041666666666,0,0,240,0,120,120,40,0.0,0.49307031250000005,0.52332421875
0.5086458333333334,0.5,2.866576577553538,0.0,10.24,0.0,random,0.0,0.0,0.0,25,0.0,0.0,z_mad,0.007291666666666667,4.560529339313507,-3.734375,-3.7270833333333333,0,0,240,0,120,120,40,0.0,0.49328125,0.5249531249999999
0.5113541666666667,0.5,2.866576577553538,0.0,20.48,0.0,random,0.0,0.0,0.0,25,0.0,0.0,z_mad,0.011458333333333333,9.121016677220663,-3.734375,-3.722916666666667,0,0,240,0,120,120,40,0.0,0.49375,0.5268763020833334
0.5031770833333333,0.5,2.866576577553538,0.0,0.01,0.0,random,0.0,0.0,0.0,25,0.0,0.0,z_sd,0.0026041666666666665,0.014844475136487744,-3.734375,-3.7317708333333335,0,0,240,0,120,120,40,0.0,0.4893736979166667,0.5190703125
0.5084895833333334,0.5,2.866576577553538,0.0,0.02,0.0,random,0.0,0.0,0.0,25,0.0,0.0,z_sd,0.008333333333333333,0.03452814695192501,-3.734375,-3.7260416666666667,0,0,240,0,120,120,40,0.0,0.49014583333333334,0.52828125
0.5092708333333333,0.5,2.866576577553538,0.0,0.04,0.0,random,0.0,0.0,0.0,25,0.0,0.0,z_sd,0.009895833333333333,0.07060178921092301,-3.734375,-3.724479166666667,0,0,240,0,120,120,40,0.0,0.49557291666666664,0.5261979166666667
0.5099479166666666,0.5,2.866576577553538,0.0,0.08,0.0,random,0.0,0.0,0.0,25,0.0,0.0,z_sd,0.009895833333333333,0.14033086153989036,-3.734375,-3.724479166666667,0,0,240,0,120,120,40,0.0,0.49937239583333337,0.5228151041666667
0.50703125,0.5,2.866576577553538,0.0,0.16,0.0,random,0.0,0.0,0.0,25,0.0,0.0,z_sd,0.008854166666666666,0.2801617988695701,-3.734375,-3.7255208333333334,0,0,240,0,120,120,40,0.0,0.49296875,0.5196875
0.5058854166666666,0.5,2.866576577553538,0.0,0.32,0.0,random,0.0,0.0,0.0,25,0.0,0.0,z_sd,0.004166666666666667,0.5584312818944455,-3.734375,-3.730208333333333,0,0,240,0,120,120,40,0.0,0.49130078125,0.5247421875
0.5110416666666666,0.5,2.866576577553538,0.0,0.64,0.0,random,0.0,0.0,0.0,25,0.0,0.0,z_sd,0.009895833333333333,1.1145649266739686,-3.734375,-3.724479166666667,0,0,240,0,120,120,40,0.0,0.49760286458333336,0.5254739583333333
0.50734375,0.5,2.866576577553538,0.0,1.28,0.0,random,0.0,0.0,0.0,25,0.0,0.0,z_sd,0.0046875,2.2277803930143514,-3.734375,-3.7296875,0,0,240,0,120,120,40,0.0,0.48802083333333335,0.5276640625000001
0.5116666666666667,0.5,2.866576577553538,0.0,2.56,0.0,random,0.0,0.0,0.0,25,0.0,0.0,z_sd,0.009375,4.454447892308235,-3.734375,-3.725,0,0,240,0,120,120,40,0.0,0.49359114583333336,0.5340703125
0.5109895833333333,0.5,2.866576577553538,0.0,5.12,0.0,random,0.0,0.0,0.0,25,0.0,0.0,z_sd,0.010416666666666666,8.908725497126579,-3.734375,-3.7239583333333335,0,0,240,0,120,120,40,0.0,0.49276041666666665,0.5345911458333333
0.5125,0.5,2.866576577553538,0.0,10.24,0.0,random,0.0,0.0,0.0,25,0.0,0.0,z_sd,0.009895833333333333,17.817082180579504,-3.734375,-3.724479166666667,0,0,240,0,120,120,40,0.0,0.48952604166666663,0.5375677083333333
0.5136979166666666,0.5,2.866576577553538,0.0,20.48,0.0,random,0.0,0.0,0.0,25,0.0,0.0,z_sd,0.015104166666666667,35.633858295281726,-3.734375,-3.7192708333333333,0,0,240,0,120,120,40,0.0,0.4875,0.5484388020833334
0.509953125,0.5,3.2275758330035513,0.0,0.25,0.0,concept,0.0,0.0,0.0,26,0.0,0.0,alpha,0.0075,0.2533475088328123,-3.734375,-3.726875,0,0,800,0,400,400,40,0.0,0.498187109375,0.5252359375000001
0.51115625,0.5,3.2275758330035513,0.0,0.5,0.0,concept,0.0,0.0,0.0,26,0.0,0.0,alpha,0.01015625,0.501060398593545,-3.734375,-3.72421875,0,0,800,0,400,400,40,0.0,0.499312109375,0.52445
0.508890625,0.5,3.2275758330035513,0.0,1.0,0.0,concept,0.0,0.0,0.0,26,0.0,0.0,alpha,0.0059375,1.0002623946964742,-3.734375,-3.7284375,0,0,800,0,400,400,40,0.0,0.49448398437499996,0.52570859375
0.511140625,0.5,3.2275758330035513,0.0,2.0,0.0,concept,0.0,0.0,0.0,26,0.0,0.0,alpha,0.009375,2.0009667280316354,-3.734375,-3.725,0,0,800,0,400,400,40,0.0,0.500573828125,0.5245078125
0.510609375,0.5,3.2275758330035513,0.0,4.0,0.0,concept,0.0,0.0,0.0,26,0.0,0.0,alpha,0.0103125,4.001608667373657,-3.734375,-3.7240625,0,0,800,0,400,400,40,0.0,0.49674453125,0.5253984375
0.51046875,0.5,3.2275758330035513,0.0,8.0,0.0,concept,0.0,0.0,0.0,26,0.0,0.0,alpha,0.01015625,8.000785692930222,-3.734375,-3.72421875,0,0,800,0,400,400,40,0.0,0.494746484375,0.5285953125
0.51525,0.5,3.2275758330035513,0.0,16.0,0.0,concept,0.0,0.0,0.0,26,0.0,0.0,alpha,0.01734375,16.00105188369751,-3.734375,-3.71703125,0,0,800,0,400,400,40,0.0,0.502843359375,0.530737109375
0.51159375,0.5,3.2275758330035513,0.0,32.0,0.0,concept,0.0,0.0,0.0,26,0.0,0.0,alpha,0.0134375,32.00281960964203,-3.734375,-3.7209375,0,0,800,0,400,400,40,0.0,0.488311328125,0.5346296875000001
0.463234375,0.5,3.2275758330035513,0.0,64.0,0.0,concept,0.0,0.0,0.0,26,0.0,0.0,alpha,-0.0790625,64.00684452056885,-3.734375,-3.8134375,0,0,800,0,400,400,40,0.0,0.41871875,0.502174609375
0.330375,0.5,3.2275758330035513,0.0,128.0,0.0,concept,0.0,0.0,0.0,26,0.0,0.0,alpha,-0.3759375,128.01348276138305,-3.734375,-4.1103125,0,0,800,0,400,400,40,0.0,0.2550765625,0.388394140625
0.50734375,0.5,3.2275758330035513,0.0,0.01,0.0,concept,0.0,0.0,0.0,26,0.0,0.0,z_mad,0.00359375,0.006994595915311947,-3.734375,-3.73078125,0,0,800,0,400,400,40,0.0,0.491937109375,0.524376953125
0.508015625,0.5,3.2275758330035513,0.0,0.02,0.0,concept,0.0,0.0,0.0,26,0.0,0.0,z_mad,0.0046875,0.018321804304141553,-3.734375,-3.7296875,0,0,800,0,400,400,40,0.0,0.494670703125,0.5214121093749999
0.508171875,0.5,3.2275758330035513,0.0,0.04,0.0,concept,0.0,0.0,0.0,26,0.0,0.0,z_mad,0.00484375,0.043470996082760394,-3.734375,-3.72953125,0,0,800,0,400,400,40,0.0,0.496591796875,0.5235625
0.508859375,0.5,3.2275758330035513,0.0,0.08,0.0,concept,0.0,0.0,0.0,26,0.0,0.0,z_mad,0.005,0.0912913216650486,-3.734375,-3.729375,0,0,800,0,400,400,40,0.0,0.4947328125,0.5223289062500001
0.510046875,0.5,3.2275758330035513,0.0,0.16,0.0,concept,0.0,0.0,0.0,26,0.0,0.0,z_mad,0.00796875,0.18149358473718166,-3.734375,-3.72640625,0,0,800,0,400,400,40,0.0,0.49906132812500004,0.52243828125
0.51221875,0.5,3.2275758330035513,0.0,0.32,0.0,concept,0.0,0.0,0.0,26,0.0,0.0,z_mad,0.0109375,0.3580506683886051,-3.734375,-3.7234375,0,0,800,0,400,400,40,0.0,0.49953085937499997,0.5254085937499999
0.51003125,0.5,3.2275758330035513,0.0,0.64,0.0,concept,0.0,0.0,0.0,26,0.0,0.0,z_mad,0.00703125,0.712059470564127,-3.734375,-3.72734375,0,0,800,0,400,400,40,0.0,0.4970921875,0.522143359375
0.509796875,0.5,3.2275758330035513,0.0,1.28,0.0,concept,0.0,0.0,0.0,26,0.0,0.0,z_mad,0.0078125,1.423224964737892,-3.734375,-3.7265625,0,0,800,0,400,400,40,0.0,0.4966375,0.525296875
0.5113125,0.5,3.2275758330035513,0.0,2.56,0.0,concept,0.0,0.0,0.0,26,0.0,0.0,z_mad,0.0103125,2.8448033255338667,-3.734375,-3.7240625,0,0,800,0,400,400,40,0.0,0.49827851562500003,0.52612890625
0.512328125,0.5,3.2275758330035513,0.0,5.12,0.0,concept,0.0,0.0,0.0,26,0.0,0.0,z_mad,0.01296875,5.686921757459641,-3.734375,-3.72140625,0,0,800,0,400,400,40,0.0,0.49722890625,0.52671953125
0.511546875,0.5,3.2275758330035513,0.0,10.24,0.0,concept,0.0,0.0,0.0,26,0.0,0.0,z_mad,0.0121875,11.37490561246872,-3.734375,-3.7221875,0,0,800,0,400,400,40,0.0,0.4994015625,0.525312890625
0.51709375,0.5,3.2275758330035513,0.0,20.48,0.0,concept,0.0,0.0,0.0,26,0.0,0.0,z_mad,0.0225,22.750586471557618,-3.734375,-3.711875,0,0,800,0,400,400,40,0.0,0.5014992187499999,0.5357992187499999
0.512703125,0.5,3.2275758330035513,0.0,0.01,0.0,concept,0.0,0.0,0.0,26,0.0,0.0,z_sd,0.0115625,0.296089626327157,-3.734375,-3.7228125,0,0,800,0,400,400,40,0.0,0.5009824218750001,0.52801796875
0.508203125,0.5,3.2275758330035513,0.0,0.02,0.0,concept,0.0,0.0,0.0,26,0.0,0.0,z_sd,0.00609375,0.5865151225402951,-3.734375,-3.72828125,0,0,800,0,400,400,40,0.0,0.492593359375,0.52667421875
0.512328125,0.5,3.2275758330035513,0.0,0.04,0.0,concept,0.0,0.0,0.0,26,0.0,0.0,z_sd,0.010625,1.172034541480243,-3.734375,-3.72375,0,0,800,0,400,400,40,0.0,0.500936328125,0.5251273437499999
0.51353125,0.5,3.2275758330035513,0.0,0.08,0.0,concept,0.0,0.0,0.0,26,0.0,0.0,z_sd,0.0153125,2.341478853151202,-3.734375,-3.7190625,0,0,800,0,400,400,40,0.0,0.49871796874999996,0.5318078125
0.511875,0.5,3.2275758330035513,0.0,0.16,0.0,concept,0.0,0.0,0.0,26,0.0,0.0,z_sd,0.01265625,4.683724327683449,-3.734375,-3.72171875,0,0,800,0,400,400,40,0.0,0.49932695312500003,0.52582890625
0.51428125,0.5,3.2275758330035513,0.0,0.32,0.0,concept,0.0,0.0,0.0,26,0.0,0.0,z_sd,0.01609375,9.367744269371032,-3.734375,-3.71828125,0,0,800,0,400,400,40,0.0,0.500140625,0.5303292968750001
0.516640625,0.5,3.2275758330035513,0.0,0.64,0.0,concept,0.0,0.0,0.0,26,0.0,0.0,z_sd,0.01953125,18.734433938264846,-3.734375,-3.71484375,0,0,800,0,400,400,40,0.0,0.50119921875,0.533473828125
0.50565625,0.5,3.2275758330035513,0.0,1.28,0.0,concept,0.0,0.0,0.0,26,0.0,0.0,z_sd,0.0009375,37.466806716918946,-3.734375,-3.7334375,0,0,800,0,400,400,40,0.0,0.481918359375,0.5258964843749999
0.4498125,0.5,3.2275758330035513,0.0,2.56,0.0,concept,0.0,0.0,0.0,26,0.0,0.0,z_sd,-0.1090625,74.93225626707077,-3.734375,-3.8434375,0,0,800,0,400,400,40,0.0,0.372882421875,0.5068796875
0.354765625,0.5,3.2275758330035513,0.0,5.12,0.0,concept,0.0,0.0,0.0,26,0.0,0.0,z_sd,-0.30234375,149.86263319969177,-3.734375,-4.03671875,0,0,800,0,400,400,40,0.0,0.2634015625,0.43720234375
0.271265625,0.5,3.2275758330035513,0.0,10.24,0.0,concept,0.0,0.0,0.0,26,0.0,0.0,z_sd,-0.54109375,299.7317078590393,-3.734375,-4.27546875,0,0,800,0,400,400,40,0.0,0.17314609375,0.35141093749999996
0.221296875,0.5,3.2275758330035513,0.0,20.48,0.0,concept,0.0,0.0,0.0,26,0.0,0.0,z_sd,-0.749921875,599.4516276550293,-3.734375,-4.484296875,0,0,800,0,400,400,40,0.0,0.12646523437499999,0.3007636718749999
0.509453125,0.5,2.7364194385325056,0.0,0.25,0.0,dropout,0.0,0.0,0.0,26,0.0,0.0,alpha,0.00859375,0.07198752661934123,-3.734375,-3.72578125,0,0,160,0,80,80,40,0.0,0.497654296875,0.5240625
0.511328125,0.5,2.7364194385325056,0.0,0.5,0.0,dropout,0.0,0.0,0.0,26,0.0,0.0,alpha,0.01015625,0.2499146603513509,-3.734375,-3.72421875,0,0,160,0,80,80,40,0.0,0.498359375,0.527748046875
0.510546875,0.5,2.7364194385325056,0.0,1.0,0.0,dropout,0.0,0.0,0.0,26,0.0,0.0,alpha,0.00546875,0.7037808276712895,-3.734375,-3.72890625,0,0,160,0,80,80,40,0.0,0.49578125,0.52890625
0.51359375,0.5,2.7364194385325056,0.0,2.0,0.0,dropout,0.0,0.0,0.0,26,0.0,0.0,alpha,0.0125,1.6048546388745308,-3.734375,-3.721875,0,0,160,0,80,80,40,0.0,0.49671875,0.535703125
0.51453125,0.5,2.7364194385325056,0.0,4.0,0.0,dropout,0.0,0.0,0.0,26,0.0,0.0,alpha,0.0171875,3.470050236582756,-3.734375,-3.7171875,0,0,160,0,80,80,40,0.0,0.49811328125,0.53109375
0.5046875,0.5,2.7364194385325056,0.0,8.0,0.0,dropout,0.0,0.0,0.0,26,0.0,0.0,alpha,0.003125,7.602198088169098,-3.734375,-3.73125,0,0,160,0,80,80,40,0.0,0.48897851562500005,0.52033984375
0.502578125,0.5,2.7364194385325056,0.0,16.0,0.0,dropout,0.0,0.0,0.0,26,0.0,0.0,alpha,0.0,15.838087439537048,-3.734375,-3.734375,0,0,160,0,80,80,40,0.0,0.48453125,0.5240625
0.48890625,0.5,2.7364194385325056,0.0,32.0,0.0,dropout,0.0,0.0,0.0,26,0.0,0.0,alpha,-0.028125,31.916768550872803,-3.734375,-3.7625,0,0,160,0,80,80,40,0.0,0.46875,0.5056328125
0.435390625,0.5,2.7364194385325056,0.0,64.0,0.0,dropout,0.0,0.0,0.0,26,0.0,0.0,alpha,-0.1359375,61.575962495803836,-3.734375,-3.8703125,0,0,160,0,80,80,40,0.0,0.39765625,0.46703125
0.27359375,0.5,2.7364194385325056,0.0,128.0,0.0,dropout,0.0,0.0,0.0,26,0.0,0.0,alpha,-0.60078125,116.00584630966186,-3.734375,-4.33515625,0,0,160,0,80,80,40,0.0,0.22,0.31390625
0.5,0.5,2.7364194385325056,0.0,0.01,0.0,dropout,0.0,0.0,0.0,26,0.0,0.0,z_mad,0.0,0.0,-3.734375,-3.734375,0,0,160,0,80,80,40,0.0,0.5,0.5
0.500390625,0.5,2.7364194385325056,0.0,0.02,0.0,dropout,0.0,0.0,0.0,26,0.0,0.0,z_mad,0.0,0.0004801432602107525,-3.734375,-3.734375,0,0,160,0,80,80,40,0.0,0.5,0.5028125
0.5,0.5,2.7364194385325056,0.0,0.04,0.0,dropout,0.0,0.0,0.0,26,0.0,0.0,z_mad,0.0,0.0,-3.734375,-3.734375,0,0,160,0,80,80,40,0.0,0.5,0.5
0.501484375,0.5,2.7364194385325056,0.0,0.08,0.0,dropout,0.0,0.0,0.0,26,0.0,0.0,z_mad,0.00078125,0.0035791488568065687,-3.734375,-3.73359375,0,0,160,0,80,80,40,0.0,0.499375,0.50625
0.501875,0.5,2.7364194385325056,0.0,0.16,0.0,dropout,0.0,0.0,0.0,26,0.0,0.0,z_mad,0.0015625,0.011012922384543345,-3.734375,-3.7328125,0,0,160,0,80,80,40,0.0,0.49859375,0.505625
0.501328125,0.5,2.7364194385325056,0.0,0.32,0.0,dropout,0.0,0.0,0.0,26,0.0,0.0,z_mad,-0.00078125,0.0342614644439891,-3.734375,-3.73515625,0,0,160,0,80,80,40,0.0,0.4915625,0.5109375
0.511015625,0.5,2.7364194385325056,0.0,0.64,0.0,dropout,0.0,0.0,0.0,26,0.0,0.0,z_mad,0.0109375,0.10257950997329317,-3.734375,-3.7234375,0,0,160,0,80,80,40,0.0,0.491875,0.532578125
0.51140625,0.5,2.7364194385325056,0.0,1.28,0.0,dropout,0.0,0.0,0.0,26,0.0,0.0,z_mad,0.01171875,0.3539462607353926,-3.734375,-3.72265625,0,0,160,0,80,80,40,0.0,0.4990625,0.5231328125
0.50671875,0.5,2.7364194385325056,0.0,2.56,0.0,dropout,0.0,0.0,0.0,26,0.0,0.0,z_mad,0.00390625,1.0400428630411624,-3.734375,-3.73046875,0,0,160,0,80,80,40,0.0,0.49234375,0.51830859375
0.508125,0.5,2.7364194385325056,0.0,5.12,0.0,dropout,0.0,0.0,0.0,26,0.0,0.0,z_mad,0.00625,2.083317694067955,-3.734375,-3.728125,0,0,160,0,80,80,40,0.0,0.49546484375,0.527578125
0.505078125,0.5,2.7364194385325056,0.0,10.24,0.0,dropout,0.0,0.0,0.0,26,0.0,0.0,z_mad,0.0078125,4.453100794553757,-3.734375,-3.7265625,0,0,160,0,80,80,40,0.0,0.4865625,0.522421875
0.515625,0.5,2.7364194385325056,0.0,20.48,0.0,dropout,0.0,0.0,0.0,26,0.0,0.0,z_mad,0.015625,9.30010083913803,-3.734375,-3.71875,0,0,160,0,80,80,40,0.0,0.5032734375,0.5325078125
0.499296875,0.5,2.7364194385325056,0.0,0.01,0.0,dropout,0.0,0.0,0.0,26,0.0,0.0,z_sd,-0.0015625,0.0023030599113553762,-3.734375,-3.7359375,0,0,160,0,80,80,40,0.0,0.4959375,0.5
0.50015625,0.5,2.7364194385325056,0.0,0.02,0.0,dropout,0.0,0.0,0.0,26,0.0,0.0,z_sd,0.0,0.00408238020427234,-3.734375,-3.734375,0,0,160,0,80,80,40,0.0,0.4975,0.5031328125000001
0.499609375,0.5,2.7364194385325056,0.0,0.04,0.0,dropout,0.0,0.0,0.0,26,0.0,0.0,z_sd,-0.003125,0.01588840408658143,-3.734375,-3.7375,0,0,160,0,80,80,40,0.0,0.48968359375,0.50876171875
0.50375,0.5,2.7364194385325056,0.0,0.08,0.0,dropout,0.0,0.0,0.0,26,0.0,0.0,z_sd,-0.00078125,0.0844590752691147,-3.734375,-3.73515625,0,0,160,0,80,80,40,0.0,0.490625,0.51705078125
0.503984375,0.5,2.7364194385325056,0.0,0.16,0.0,dropout,0.0,0.0,0.0,26,0.0,0.0,z_sd,0.0,0.30724234380759297,-3.734375,-3.734375,0,0,160,0,80,80,40,0.0,0.4890625,0.5165703125000001
0.506015625,0.5,2.7364194385325056,0.0,0.32,0.0,dropout,0.0,0.0,0.0,26,0.0,0.0,z_sd,0.003125,0.7649061512202024,-3.734375,-3.73125,0,0,160,0,80,80,40,0.0,0.493896484375,0.521875
0.51125,0.5,2.7364194385325056,0.0,0.64,0.0,dropout,0.0,0.0,0.0,26,0.0,0.0,z_sd,0.009375,1.70184169113636,-3.734375,-3.725,0,0,160,0,80,80,40,0.0,0.49265625,0.5321875
0.510625,0.5,2.7364194385325056,0.0,1.28,0.0,dropout,0.0,0.0,0.0,26,0.0,0.0,z_sd,0.009375,3.6880233228206634,-3.734375,-3.725,0,0,160,0,80,80,40,0.0,0.4909375,0.531029296875
0.502265625,0.5,2.7364194385325056,0.0,2.56,0.0,dropout,0.0,0.0,0.0,26,0.0,0.0,z_sd,-0.0015625,7.5340895593166355,-3.734375,-3.7359375,0,0,160,0,80,80,40,0.0,0.4785078125,0.52003125
0.50453125,0.5,2.7364194385325056,0.0,5.12,0.0,dropout,0.0,0.0,0.0,26,0.0,0.0,z_sd,0.0,16.84340295791626,-3.734375,-3.734375,0,0,160,0,80,80,40,0.0,0.48530859374999996,0.520703125
0.49703125,0.5,2.7364194385325056,0.0,10.24,0.0,dropout,0.0,0.0,0.0,26,0.0,0.0,z_sd,-0.01953125,34.01558938026428,-3.734375,-3.75390625,0,0,160,0,80,80,40,0.0,0.47998046875,0.51109375
0.410234375,0.5,2.7364194385325056,0.0,20.48,0.0,dropout,0.0,0.0,0.0,26,0.0,0.0,z_sd,-0.20234375,65.4386269569397,-3.734375,-3.93671875,0,0,160,0,80,80,40,0.0,0.3801484375,0.43578125
0.513203125,0.5,2.7364194385325056,0.0,0.25,0.0,noise,0.0,0.0,0.0,26,0.0,0.0,alpha,0.01171875,0.2523565389215946,-3.734375,-3.72265625,0,0,160,0,80,80,40,0.0,0.501640625,0.5300800781249999
0.50015625,0.5,2.7364194385325056,0.0,0.5,0.0,noise,0.0,0.0,0.0,26,0.0,0.0,alpha,-0.00546875,0.501419959962368,-3.734375,-3.73984375,0,0,160,0,80,80,40,0.0,0.48609375,0.511572265625
0.5075,0.5,2.7364194385325056,0.0,1.0,0.0,noise,0.0,0.0,0.0,26,0.0,0.0,alpha,0.0046875,1.0006612882018089,-3.734375,-3.7296875,0,0,160,0,80,80,40,0.0,0.48920312499999996,0.52015625
0.509140625,0.5,2.7364194385325056,0.0,2.0,0.0,noise,0.0,0.0,0.0,26,0.0,0.0,alpha,0.01015625,2.0003193095326424,-3.734375,-3.72421875,0,0,160,0,80,80,40,0.0,0.493125,0.521875
0.5071875,0.5,2.7364194385325056,0.0,4.0,0.0,noise,0.0,0.0,0.0,26,0.0,0.0,alpha,0.0078125,4.000235217809677,-3.734375,-3.7265625,0,0,160,0,80,80,40,0.0,0.49123828125,0.5296875
0.509921875,0.5,2.7364194385325056,0.0,8.0,0.0,noise,0.0,0.0,0.0,26,0.0,0.0,alpha,0.00859375,8.000068461894989,-3.734375,-3.72578125,0,0,160,0,80,80,40,0.0,0.494609375,0.52578125
0.509296875,0.5,2.7364194385325056,0.0,16.0,0.0,noise,0.0,0.0,0.0,26,0.0,0.0,alpha,0.00703125,16.000142312049867,-3.734375,-3.72734375,0,0,160,0,80,80,40,0.0,0.49241601562500004,0.525
0.512109375,0.5,2.7364194385325056,0.0,32.0,0.0,noise,0.0,0.0,0.0,26,0.0,0.0,alpha,0.009375,31.9998651266098,-3.734375,-3.725,0,0,160,0,80,80,40,0.0,0.486953125,0.5387714843749999
0.4746875,0.5,2.7364194385325056,0.0,64.0,0.0,noise,0.0,0.0,0.0,26,0.0,0.0,alpha,-0.04375,63.999588537216184,-3.734375,-3.778125,0,0,160,0,80,80,40,0.0,0.450689453125,0.48423046875
0.4096875,0.5,2.7364194385325056,0.0,128.0,0.0,noise,0.0,0.0,0.0,26,0.0,0.0,alpha,-0.16484375,127.99914426803589,-3.734375,-3.89921875,0,0,160,0,80,80,40,0.0,0.3802734375,0.41579296875
0.507265625,0.5,2.7364194385325056,0.0,0.01,0.0,noise,0.0,0.0,0.0,26,0.0,0.0,z_mad,0.0,0.00201975404197583,-3.734375,-3.734375,0,0,160,0,80,80,40,0.0,0.48928710937500003,0.52
0.510546875,0.5,2.7364194385325056,0.0,0.02,0.0,noise,0.0,0.0,0.0,26,0.0,0.0,z_mad,0.0078125,0.005669277178822085,-3.734375,-3.7265625,0,0,160,0,80,80,40,0.0,0.49530078125,0.52641015625
0.51015625,0.5,2.7364194385325056,0.0,0.04,0.0,noise,0.0,0.0,0.0,26,0.0,0.0,z_mad,0.00859375,0.015300382953137159,-3.734375,-3.72578125,0,0,160,0,80,80,40,0.0,0.4942109375,0.5259375
0.51171875,0.5,2.7364194385325056,0.0,0.08,0.0,noise,0.0,0.0,0.0,26,0.0,0.0,z_mad,0.01171875,0.03749218210577965,-3.734375,-3.72265625,0,0,160,0,80,80,40,0.0,0.499525390625,0.5290625
0.50703125,0.5,2.7364194385325056,0.0,0.16,0.0,noise,0.0,0.0,0.0,26,0.0,0.0,z_mad,0.003125,0.07894719168543815,-3.734375,-3.73125,0,0,160,0,80,80,40,0.0,0.4859375,0.51921875
0.504921875,0.5,2.7364194385325056,0.0,0.32,0.0,noise,0.0,0.0,0.0,26,0.0,0.0,z_mad,0.0015625,0.15595381632447242,-3.734375,-3.7328125,0,0,160,0,80,80,40,0.0,0.49171484374999996,0.517189453125
0.511015625,0.5,2.7364194385325056,0.0,0.64,0.0,noise,0.0,0.0,0.0,26,0.0,0.0,z_mad,0.00703125,0.30237908884882925,-3.734375,-3.72734375,0,0,160,0,80,80,40,0.0,0.499451171875,0.52453125
0.515234375,0.5,2.7364194385325056,0.0,1.28,0.0,noise,0.0,0.0,0.0,26,0.0,0.0,z_mad,0.01484375,0.6110545165836812,-3.734375,-3.71953125,0,0,160,0,80,80,40,0.0,0.5028125,0.52562890625
0.514765625,0.5,2.7364194385325056,0.0,2.56,0.0,noise,0.0,0.0,0.0,26,0.0,0.0,z_mad,0.015625,1.2115057095885278,-3.734375,-3.71875,0,0,160,0,80,80,40,0.0,0.49875,0.536484375
0.508359375,0.5,2.7364194385325056,0.0,5.12,0.0,noise,0.0,0.0,0.0,26,0.0,0.0,z_mad,0.00703125,2.4285594165325164,-3.734375,-3.72734375,0,0,160,0,80,80,40,0.0,0.48890625,0.52578125
0.5059375,0.5,2.7364194385325056,0.0,10.24,0.0,noise,0.0,0.0,0.0,26,0.0,0.0,z_mad,0.0015625,4.882550811767578,-3.734375,-3.7328125,0,0,160,0,80,80,40,0.0,0.4890625,0.52265625
0.50625,0.5,2.7364194385325056,0.0,20.48,0.0,noise,0.0,0.0,0.0,26,0.0,0.0,z_mad,0.00390625,9.750014615058898,-3.734375,-3.73046875,0,0,160,0,80,80,40,0.0,0.48732421875000004,0.52421875
0.50421875,0.5,2.7364194385325056,0.0,0.01,0.0,noise,0.0,0.0,0.0,26,0.0,0.0,z_sd,0.00078125,0.023003913165302946,-3.734375,-3.73359375,0,0,160,0,80,80,40,0.0,0.4915625,0.519767578125
0.50546875,0.5,2.7364194385325056,0.0,0.02,0.0,noise,0.0,0.0,0.0,26,0.0,0.0,z_sd,-0.00078125,0.052476747706532476,-3.734375,-3.73515625,0,0,160,0,80,80,40,0.0,0.4878125,0.5215703125000001
0.510234375,0.5,2.7364194385325056,0.0,0.04,0.0,noise,0.0,0.0,0.0,26,0.0,0.0,z_sd,0.01015625,0.09957351968623698,-3.734375,-3.72421875,0,0,160,0,80,80,40,0.0,0.49811328125,0.5225
0.5134375,0.5,2.7364194385325056,0.0,0.08,0.0,noise,0.0,0.0,0.0,26,0.0,0.0,z_sd,0.01015625,0.21467478154227138,-3.734375,-3.72421875,0,0,160,0,80,80,40,0.0,0.503125,0.5250078125000001
0.5059375,0.5,2.7364194385325056,0.0,0.16,0.0,noise,0.0,0.0,0.0,26,0.0,0.0,z_sd,0.003125,0.4373489856719971,-3.734375,-3.73125,0,0,160,0,80,80,40,0.0,0.4909375,0.52078125
0.507890625,0.5,2.7364194385325056,0.0,0.32,0.0,noise,0.0,0.0,0.0,26,0.0,0.0,z_sd,0.00625,0.8101145200431347,-3.734375,-3.728125,0,0,160,0,80,80,40,0.0,0.48703125,0.52859375
0.511328125,0.5,2.7364194385325056,0.0,0.64,0.0,noise,0.0,0.0,0.0,26,0.0,0.0,z_sd,0.01015625,1.668822668492794,-3.734375,-3.72421875,0,0,160,0,80,80,40,0.0,0.5003125,0.52657421875
0.50765625,0.5,2.7364194385325056,0.0,1.28,0.0,noise,0.0,0.0,0.0,26,0.0,0.0,z_sd,0.003125,3.3806852251291275,-3.734375,-3.73125,0,0,160,0,80,80,40,0.0,0.49405859375,0.5261015625000001
0.508125,0.5,2.7364194385325056,0.0,2.56,0.0,noise,0.0,0.0,0.0,26,0.0,0.0,z_sd,0.00625,6.332872724533081,-3.734375,-3.728125,0,0,160,0,80,80,40,0.0,0.49125,0.5284589843749999
0.505859375,0.5,2.7364194385325056,0.0,5.12,0.0,noise,0.0,0.0,0.0,26,0.0,0.0,z_sd,0.003125,13.069743037223816,-3.734375,-3.73125,0,0,160,0,80,80,40,0.0,0.490390625,0.52078125
0.507421875,0.5,2.7364194385325056,0.0,10.24,0.0,noise,0.0,0.0,0.0,26,0.0,0.0,z_sd,0.009375,25.187726986408233,-3.734375,-3.725,0,0,160,0,80,80,40,0.0,0.4878046875,0.5290859375
0.481171875,0.5,2.7364194385325056,0.0,20.48,0.0,noise,0.0,0.0,0.0,26,0.0,0.0,z_sd,-0.04140625,54.60045199394226,-3.734375,-3.77578125,0,0,160,0,80,80,40,0.0,0.4490625,0.50765625
0.5099479166666666,0.5,2.866576577553538,0.0,0.25,0.0,random,0.0,0.0,0.0,26,0.0,0.0,alpha,0.009375,0.252144838621219,-3.734375,-3.725,0,0,240,0,120,120,40,0.0,0.4973958333333333,0.52375
0.5084895833333334,0.5,2.866576577553538,0.0,0.5,0.0,random,0.0,0.0,0.0,26,0.0,0.0,alpha,0.005729166666666666,0.5016763756672541,-3.734375,-3.728645833333333,0,0,240,0,120,120,40,0.0,0.49645833333333333,0.5218229166666667
0.5071875,0.5,2.866576577553538,0.0,1.0,0.0,random,0.0,0.0,0.0,26,0.0,0.0,alpha,0.003125,1.0007154067357382,-3.734375,-3.73125,0,0,240,0,120,120,40,0.0,0.4945234375,0.5174010416666667
0.50984375,0.5,2.866576577553538,0.0,2.0,0.0,random,0.0,0.0,0.0,26,0.0,0.0,alpha,0.009375,2.000797919432322,-3.734375,-3.725,0,0,240,0,120,120,40,0.0,0.49728906250000005,0.5254726562500001
0.5094270833333333,0.5,2.866576577553538,0.0,4.0,0.0,random,0.0,0.0,0.0,26,0.0,0.0,alpha,0.0067708333333333336,3.9997352083524067,-3.734375,-3.7276041666666666,0,0,240,0,120,120,40,0.0,0.49010286458333335,0.5285963541666666
0.50984375,0.5,2.866576577553538,0.0,8.0,0.0,random,0.0,0.0,0.0,26,0.0,0.0,alpha,0.008333333333333333,7.999800117810567,-3.734375,-3.7260416666666667,0,0,240,0,120,120,40,0.0,0.48827864583333336,0.5319348958333334
0.50921875,0.5,2.866576577553538,0.0,16.0,0.0,random,0.0,0.0,0.0,26,0.0,0.0,alpha,0.0078125,15.999887983004252,-3.734375,-3.7265625,0,0,240,0,120,120,40,0.0,0.49057161458333337,0.5286015625
0.51328125,0.5,2.866576577553538,0.0,32.0,0.0,random,0.0,0.0,0.0,26,0.0,0.0,alpha,0.0109375,31.999406862258912,-3.734375,-3.7234375,0,0,240,0,120,120,40,0.0,0.4840625,0.5439114583333333
0.45786458333333335,0.5,2.866576577553538,0.0,64.0,0.0,random,0.0,0.0,0.0,26,0.0,0.0,alpha,-0.08177083333333333,63.998489157358804,-3.734375,-3.816145833333333,0,0,240,0,120,120,40,0.0,0.38857421875000003,0.5053372395833333
0.31125,0.5,2.866576577553538,0.0,128.0,0.0,random,0.0,0.0,0.0,26,0.0,0.0,alpha,-0.3614583333333333,127.9973554611206,-3.734375,-4.095833333333333,0,0,240,0,120,120,40,0.0,0.20229166666666668,0.42015625
0.5078645833333333,0.5,2.866576577553538,0.0,0.01,0.0,random,0.0,0.0,0.0,26,0.0,0.0,z_mad,0.0067708333333333336,0.0018449168749308834,-3.734375,-3.7276041666666666,0,0,240,0,120,120,40,0.0,0.49296875,0.5290690104166667
0.50734375,0.5,2.866576577553538,0.0,0.02,0.0,random,0.0,0.0,0.0,26,0.0,0.0,z_mad,0.005208333333333333,0.005117374315159395,-3.734375,-3.7291666666666665,0,0,240,0,120,120,40,0.0,0.49249739583333335,0.52370703125
0.5096354166666667,0.5,2.866576577553538,0.0,0.04,0.0,random,0.0,0.0,0.0,26,0.0,0.0,z_mad,0.0067708333333333336,0.013832088916872938,-3.734375,-3.7276041666666666,0,0,240,0,120,120,40,0.0,0.4976510416666667,0.5220859375
0.50296875,0.5,2.866576577553538,0.0,0.08,0.0,random,0.0,0.0,0.0,26,0.0,0.0,z_mad,-0.0020833333333333333,0.0341033427665631,-3.734375,-3.736458333333333,0,0,240,0,120,120,40,0.0,0.4841666666666667,0.51994921875
0.5113020833333334,0.5,2.866576577553538,0.0,0.16,0.0,random,0.0,0.0,0.0,26,0.0,0.0,z_mad,0.008854166666666666,0.07307898107295235,-3.734375,-3.7255208333333334,0,0,240,0,120,120,40,0.0,0.5010390625000001,0.5221354166666666
0.51359375,0.5,2.866576577553538,0.0,0.32,0.0,random,0.0,0.0,0.0,26,0.0,0.0,z_mad,0.0140625,0.1441039986908436,-3.734375,-3.7203125,0,0,240,0,120,120,40,0.0,0.5005208333333333,0.5300065104166667
0.5111458333333333,0.5,2.866576577553538,0.0,0.64,0.0,random,0.0,0.0,0.0,26,0.0,0.0,z_mad,0.008333333333333333,0.28324298188090324,-3.734375,-3.7260416666666667,0,0,240,0,120,120,40,0.0,0.49203125,0.5306302083333333
0.50953125,0.5,2.866576577553538,0.0,1.28,0.0,random,0.0,0.0,0.0,26,0.0,0.0,z_mad,0.007291666666666667,0.5639015068610509,-3.734375,-3.7270833333333333,0,0,240,0,120,120,40,0.0,0.49400911458333335,0.5259375
0.509375,0.5,2.866576577553538,0.0,2.56,0.0,random,0.0,0.0,0.0,26,0.0,0.0,z_mad,0.007291666666666667,1.1261985902984937,-3.734375,-3.7270833333333333,0,0,240,0,120,120,40,0.0,0.4923958333333333,0.5282890625000001
0.5117708333333333,0.5,2.866576577553538,0.0,5.12,0.0,random,0.0,0.0,0.0,26,0.0,0.0,z_mad,0.0109375,2.2519384970267615,-3.734375,-3.7234375,0,0,240,0,120,120,40,0.0,0.495046875,0.52641015625
0.5078125,0.5,2.866576577553538,0.0,10.24,0.0,random,0.0,0.0,0.0,26,0.0,0.0,z_mad,0.004166666666666667,4.502932761112849,-3.734375,-3.730208333333333,0,0,240,0,120,120,40,0.0,0.49234375,0.5252604166666667
0.5119791666666667,0.5,2.866576577553538,0.0,20.48,0.0,random,0.0,0.0,0.0,26,0.0,0.0,z_mad,0.011458333333333333,9.005332493782044,-3.734375,-3.722916666666667,0,0,240,0,120,120,40,0.0,0.4969791666666667,0.53083984375
0.50671875,0.5,2.866576577553538,0.0,0.01,0.0,random,0.0,0.0,0.0,26,0.0,0.0,z_sd,0.0046875,0.026426792657002807,-3.734375,-3.7296875,0,0,240,0,120,120,40,0.0,0.49088281250000004,0.52453125
0.51234375,0.5,2.866576577553538,0.0,0.02,0.0,random,0.0,0.0,0.0,26,0.0,0.0,z_sd,0.008333333333333333,0.056416655494831505,-3.734375,-3.7260416666666667,0,0,240,0,120,120,40,0.0,0.4990625,0.5282291666666666
0.5077604166666667,0.5,2.866576577553538,0.0,0.04,0.0,random,0.0,0.0,0.0,26,0.0,0.0,z_sd,0.005208333333333333,0.11302393229367833,-3.734375,-3.7291666666666665,0,0,240,0,120,120,40,0.0,0.49300911458333335,0.5258997395833334
0.5090104166666667,0.5,2.866576577553538,0.0,0.08,0.0,random,0.0,0.0,0.0,26,0.0,0.0,z_sd,0.004166666666666667,0.22522794061029952,-3.734375,-3.730208333333333,0,0,240,0,120,120,40,0.0,0.494828125,0.5233385416666666
0.5120833333333333,0.5,2.866576577553538,0.0,0.16,0.0,random,0.0,0.0,0.0,26,0.0,0.0,z_sd,0.011979166666666667,0.4488274484872818,-3.734375,-3.722395833333333,0,0,240,0,120,120,40,0.0,0.496875,0.5309375
0.51515625,0.5,2.866576577553538,0.0,0.32,0.0,random,0.0,0.0,0.0,26,0.0,0.0,z_sd,0.0140625,0.894649047528704,-3.734375,-3.7203125,0,0,240,0,120,120,40,0.0,0.5016145833333333,0.5295833333333333
0.5088020833333333,0.5,2.866576577553538,0.0,0.64,0.0,random,0.0,0.0,0.0,26,0.0,0.0,z_sd,0.0078125,1.787532885124286,-3.734375,-3.7265625,0,0,240,0,120,120,40,0.0,0.4940611979166667,0.5249505208333333
0.5069270833333334,0.5,2.866576577553538,0.0,1.28,0.0,random,0.0,0.0,0.0,26,0.0,0.0,z_sd,0.004166666666666667,3.573202579220136,-3.734375,-3.730208333333333,0,0,240,0,120,120,40,0.0,0.4922825520833333,0.51781640625
0.510625,0.5,2.866576577553538,0.0,2.56,0.0,random,0.0,0.0,0.0,26,0.0,0.0,z_sd,0.008854166666666666,7.14545656144619,-3.734375,-3.7255208333333334,0,0,240,0,120,120,40,0.0,0.49661328125000004,0.5277643229166666
0.5058333333333334,0.5,2.866576577553538,0.0,5.12,0.0,random,0.0,0.0,0.0,26,0.0,0.0,z_sd,0.0036458333333333334,14.29224577943484,-3.734375,-3.730729166666667,0,0,240,0,120,120,40,0.0,0.4867708333333333,0.52541796875
0.5017708333333334,0.5,2.866576577553538,0.0,10.24,0.0,random,0.0,0.0,0.0,26,0.0,0.0,z_sd,-0.00625,28.584846250216167,-3.734375,-3.740625,0,0,240,0,120,120,40,0.0,0.47791015625,0.52609765625
0.4465104166666667,0.5,2.866576577553538,0.0,20.48,0.0,random,0.0,0.0,0.0,26,0.0,0.0,z_sd,-0.09791666666666667,57.16887706915538,-3.734375,-3.832291666666667,0,0,240,0,120,120,40,0.0,0.3548046875,0.51075
0.508640625,0.5,3.2275758330035513,0.0,0.25,0.0,concept,0.0,0.0,0.0,27,0.0,0.0,alpha,0.0059375,0.2539649023860693,-3.734375,-3.7284375,0,0,800,0,400,400,40,0.0,0.494919921875,0.5234703125000001
0.507734375,0.5,3.2275758330035513,0.0,0.5,0.0,concept,0.0,0.0,0.0,27,0.0,0.0,alpha,0.004375,0.5014170850068331,-3.734375,-3.73,0,0,800,0,400,400,40,0.0,0.492481640625,0.524063671875
0.5091875,0.5,3.2275758330035513,0.0,1.0,0.0,concept,0.0,0.0,0.0,27,0.0,0.0,alpha,0.006875,1.0019623740017414,-3.734375,-3.7275,0,0,800,0,400,400,40,0.0,0.496873046875,0.5238800781249999
0.510625,0.5,3.2275758330035513,0.0,2.0,0.0,concept,0.0,0.0,0.0,27,0.0,0.0,alpha,0.00828125,1.9995140784978866,-3.734375,-3.72609375,0,0,800,0,400,400,40,0.0,0.4973421875,0.5256566406250001
0.509140625,0.5,3.2275758330035513,0.0,4.0,0.0,concept,0.0,0.0,0.0,27,0.0,0.0,alpha,0.00625,4.000847113728523,-3.734375,-3.728125,0,0,800,0,400,400,40,0.0,0.49701445312500003,0.523934765625
0.5108125,0.5,3.2275758330035513,0.0,8.0,0.0,concept,0.0,0.0,0.0,27,0.0,0.0,alpha,0.00890625,7.999629099369049,-3.734375,-3.72546875,0,0,800,0,400,400,40,0.0,0.495886328125,0.5277363281249999
0.509109375,0.5,3.2275758330035513,0.0,16.0,0.0,concept,0.0,0.0,0.0,27,0.0,0.0,alpha,0.00859375,15.998223814964295,-3.734375,-3.72578125,0,0,800,0,400,400,40,0.0,0.497622265625,0.5235015625
0.507515625,0.5,3.2275758330035513,0.0,32.0,0.0,concept,0.0,0.0,0.0,27,0.0,0.0,alpha,0.00515625,31.996553001403807,-3.734375,-3.72921875,0,0,800,0,400,400,40,0.0,0.491170703125,0.52601796875
0.482328125,0.5,3.2275758330035513,0.0,64.0,0.0,concept,0.0,0.0,0.0,27,0.0,0.0,alpha,-0.0415625,63.99358775138855,-3.734375,-3.7759375,0,0,800,0,400,400,40,0.0,0.4536171875,0.5078296875
0.3881875,0.5,3.2275758330035513,0.0,128.0,0.0,concept,0.0,0.0,0.0,27,0.0,0.0,alpha,-0.2228125,127.98770503997802,-3.734375,-3.9571875,0,0,800,0,400,400,40,0.0,0.33533515625,0.429876171875
0.507296875,0.5,3.2275758330035513,0.0,0.01,0.0,concept,0.0,0.0,0.0,27,0.0,0.0,z_mad,0.00390625,0.007083370039472356,-3.734375,-3.73046875,0,0,800,0,400,400,40,0.0,0.496796484375,0.5197507812500001
0.5075,0.5,3.2275758330035513,0.0,0.02,0.0,concept,0.0,0.0,0.0,27,0.0,0.0,z_mad,0.005,0.018679281354416162,-3.734375,-3.729375,0,0,800,0,400,400,40,0.0,0.495512109375,0.521319140625
0.50853125,0.5,3.2275758330035513,0.0,0.04,0.0,concept,0.0,0.0,0.0,27,0.0,0.0,z_mad,0.005,0.04461966429837048,-3.734375,-3.729375,0,0,800,0,400,400,40,0.0,0.497123828125,0.522627734375
0.508953125,0.5,3.2275758330035513,0.0,0.08,0.0,concept,0.0,0.0,0.0,27,0.0,0.0,z_mad,0.00640625,0.09421217672526837,-3.734375,-3.72796875,0,0,800,0,400,400,40,0.0,0.498078125,0.522815625
0.5083125,0.5,3.2275758330035513,0.0,0.16,0.0,concept,0.0,0.0,0.0,27,0.0,0.0,z_mad,0.00640625,0.18753210484981536,-3.734375,-3.72796875,0,0,800,0,400,400,40,0.0,0.493919921875,0.524377734375
0.507734375,0.5,3.2275758330035513,0.0,0.32,0.0,concept,0.0,0.0,0.0,27,0.0,0.0,z_mad,0.00421875,0.37053430289030076,-3.734375,-3.73015625,0,0,800,0,400,400,40,0.0,0.493968359375,0.5232515625
0.50884375,0.5,3.2275758330035513,0.0,0.64,0.0,concept,0.0,0.0,0.0,27,0.0,0.0,z_mad,0.00546875,0.7383970785140991,-3.734375,-3.72890625,0,0,800,0,400,400,40,0.0,0.4962640625,0.523830859375
0.509234375,0.5,3.2275758330035513,0.0,1.28,0.0,concept,0.0,0.0,0.0,27,0.0,0.0,z_mad,0.00515625,1.4724477753043175,-3.734375,-3.72921875,0,0,800,0,400,400,40,0.0,0.494803125,0.525487109375
0.50884375,0.5,3.2275758330035513,0.0,2.56,0.0,concept,0.0,0.0,0.0,27,0.0,0.0,z_mad,0.00484375,2.944444169998169,-3.734375,-3.72953125,0,0,800,0,400,400,40,0.0,0.498,0.520204296875
0.508515625,0.5,3.2275758330035513,0.0,5.12,0.0,concept,0.0,0.0,0.0,27,0.0,0.0,z_mad,0.00609375,5.888574160337448,-3.734375,-3.72828125,0,0,800,0,400,400,40,0.0,0.49370195312500004,0.52395703125
0.510390625,0.5,3.2275758330035513,0.0,10.24,0.0,concept,0.0,0.0,0.0,27,0.0,0.0,z_mad,0.00859375,11.777385497093201,-3.734375,-3.72578125,0,0,800,0,400,400,40,0.0,0.500093359375,0.522828515625
0.51225,0.5,3.2275758330035513,0.0,20.48,0.0,concept,0.0,0.0,0.0,27,0.0,0.0,z_mad,0.01109375,23.551873598098755,-3.734375,-3.72328125,0,0,800,0,400,400,40,0.0,0.497499609375,0.527909765625
0.50659375,0.5,3.2275758330035513,0.0,0.01,0.0,concept,0.0,0.0,0.0,27,0.0,0.0,z_sd,0.00359375,0.2791077473806217,-3.734375,-3.73078125,0,0,800,0,400,400,40,0.0,0.494170703125,0.520471875
0.506859375,0.5,3.2275758330035513,0.0,0.02,0.0,concept,0.0,0.0,0.0,27,0.0,0.0,z_sd,0.004375,0.5534730044007301,-3.734375,-3.73,0,0,800,0,400,400,40,0.0,0.492340234375,0.5208910156250001
0.508609375,0.5,3.2275758330035513,0.0,0.04,0.0,concept,0.0,0.0,0.0,27,0.0,0.0,z_sd,0.0053125,1.1073730121552945,-3.734375,-3.7290625,0,0,800,0,400,400,40,0.0,0.49510859375,0.5246105468750001
0.509296875,0.5,3.2275758330035513,0.0,0.08,0.0,concept,0.0,0.0,0.0,27,0.0,0.0,z_sd,0.0059375,2.210747188143432,-3.734375,-3.7284375,0,0,800,0,400,400,40,0.0,0.496359375,0.524594921875
0.507671875,0.5,3.2275758330035513,0.0,0.16,0.0,concept,0.0,0.0,0.0,27,0.0,0.0,z_sd,0.005,4.421547010689974,-3.734375,-3.729375,0,0,800,0,400,400,40,0.0,0.49242109375,0.522532421875
0.51040625,0.5,3.2275758330035513,0.0,0.32,0.0,concept,0.0,0.0,0.0,27,0.0,0.0,z_sd,0.00796875,8.84055217474699,-3.734375,-3.72640625,0,0,800,0,400,400,40,0.0,0.498025390625,0.524098828125
0.510734375,0.5,3.2275758330035513,0.0,0.64,0.0,concept,0.0,0.0,0.0,27,0.0,0.0,z_sd,0.00890625,17.68138658374548,-3.734375,-3.72546875,0,0,800,0,400,400,40,0.0,0.497134375,0.52600234375
0.50521875,0.5,3.2275758330035513,0.0,1.28,0.0,concept,0.0,0.0,0.0,27,0.0,0.0,z_sd,0.00078125,35.362435544133184,-3.734375,-3.73359375,0,0,800,0,400,400,40,0.0,0.48788984375,0.519708203125
0.4690625,0.5,3.2275758330035513,0.0,2.56,0.0,concept,0.0,0.0,0.0,27,0.0,0.0,z_sd,-0.06546875,70.7243251812458,-3.734375,-3.79984375,0,0,800,0,400,400,40,0.0,0.4248125,0.5049875
0.403515625,0.5,3.2275758330035513,0.0,5.12,0.0,concept,0.0,0.0,0.0,27,0.0,0.0,z_sd,-0.184375,141.44800723075866,-3.734375,-3.91875,0,0,800,0,400,400,40,0.0,0.32968281250000003,0.46014882812499996
0.341890625,0.5,3.2275758330035513,0.0,10.24,0.0,concept,0.0,0.0,0.0,27,0.0,0.0,z_sd,-0.32265625,282.89314463615415,-3.734375,-4.05703125,0,0,800,0,400,400,40,0.0,0.25280390625,0.4177390625
0.289109375,0.5,3.2275758330035513,0.0,20.48,0.0,concept,0.0,0.0,0.0,27,0.0,0.0,z_sd,-0.46671875,565.7909925079346,-3.734375,-4.20109375,0,0,800,0,400,400,40,0.0,0.192495703125,0.36985039062499997
0.51078125,0.5,2.7364194385325056,0.0,0.25,0.0,dropout,0.0,0.0,0.0,27,0.0,0.0,alpha,0.00859375,0.05961466254775587,-3.734375,-3.72578125,0,0,160,0,80,80,40,0.0,0.4982734375,0.5265625
0.505390625,0.5,2.7364194385325056,0.0,0.5,0.0,dropout,0.0,0.0,0.0,27,0.0,0.0,alpha,0.0015625,0.2724791664164513,-3.734375,-3.7328125,0,0,160,0,80,80,40,0.0,0.4903125,0.516796875
0.506875,0.5,2.7364194385325056,0.0,1.0,0.0,dropout,0.0,0.0,0.0,27,0.0,0.0,alpha,0.0,0.7200842715799809,-3.734375,-3.734375,0,0,160,0,80,80,40,0.0,0.48498437499999997,0.52922265625
0.50203125,0.5,2.7364194385325056,0.0,2.0,0.0,dropout,0.0,0.0,0.0,27,0.0,0.0,alpha,-0.00234375,1.5750394314527512,-3.734375,-3.73671875,0,0,160,0,80,80,40,0.0,0.4902890625,0.511953125
0.510703125,0.5,2.7364194385325056,0.0,4.0,0.0,dropout,0.0,0.0,0.0,27,0.0,0.0,alpha,0.00703125,3.31020225584507,-3.734375,-3.72734375,0,0,160,0,80,80,40,0.0,0.49624609375,0.52891796875
0.50421875,0.5,2.7364194385325056,0.0,8.0,0.0,dropout,0.0,0.0,0.0,27,0.0,0.0,alpha,-0.00234375,7.5167315900325775,-3.734375,-3.73671875,0,0,160,0,80,80,40,0.0,0.49179101562500005,0.520625
0.507578125,0.5,2.7364194385325056,0.0,16.0,0.0,dropout,0.0,0.0,0.0,27,0.0,0.0,alpha,0.00546875,15.55402615070343,-3.734375,-3.72890625,0,0,160,0,80,80,40,0.0,0.494365234375,0.5303125
0.493671875,0.5,2.7364194385325056,0.0,32.0,0.0,dropout,0.0,0.0,0.0,27,0.0,0.0,alpha,-0.0203125,31.935170388221742,-3.734375,-3.7546875,0,0,160,0,80,80,40,0.0,0.478515625,0.5059375
0.439140625,0.5,2.7364194385325056,0.0,64.0,0.0,dropout,0.0,0.0,0.0,27,0.0,0.0,alpha,-0.1265625,62.3257981300354,-3.734375,-3.8609375,0,0,160,0,80,80,40,0.0,0.4076484375,0.46390625
0.291015625,0.5,2.7364194385325056,0.0,128.0,0.0,dropout,0.0,0.0,0.0,27,0.0,0.0,alpha,-0.496875,117.77796697616577,-3.734375,-4.23125,0,0,160,0,80,80,40,0.0,0.23015625,0.32625
0.49921875,0.5,2.7364194385325056,0.0,0.01,0.0,dropout,0.0,0.0,0.0,27,0.0,0.0,z_mad,-0.00078125,0.000359235517680645,-3.734375,-3.73515625,0,0,160,0,80,80,40,0.0,0.496875,0.5
0.5,0.5,2.7364194385325056,0.0,0.02,0.0,dropout,0.0,0.0,0.0,27,0.0,0.0,z_mad,0.0,0.0,-3.734375,-3.734375,0,0,160,0,80,80,40,0.0,0.5,0.5
0.5,0.5,2.7364194385325056,0.0,0.04,0.0,dropout,0.0,0.0,0.0,27,0.0,0.0,z_mad,0.0,0.0,-3.734375,-3.734375,0,0,160,0,80,80,40,0.0,0.5,0.5
0.5,0.5,2.7364194385325056,0.0,0.08,0.0,dropout,0.0,0.0,0.0,27,0.0,0.0,z_mad,0.0,0.0007536388875450939,-3.734375,-3.734375,0,0,160,0,80,80,40,0.0,0.5,0.5
0.499453125,0.5,2.7364194385325056,0.0,0.16,0.0,dropout,0.0,0.0,0.0,27,0.0,0.0,z_mad,-0.003125,0.007805125194136053,-3.734375,-3.7375,0,0,160,0,80,80,40,0.0,0.4946875,0.501875
0.503984375,0.5,2.7364194385325056,0.0,0.32,0.0,dropout,0.0,0.0,0.0,27,0.0,0.0,z_mad,0.003125,0.03313907972769812,-3.734375,-3.73125,0,0,160,0,80,80,40,0.0,0.49390625,0.51421875
0.51078125,0.5,2.7364194385325056,0.0,0.64,0.0,dropout,0.0,0.0,0.0,27,0.0,0.0,z_mad,0.0109375,0.11408891865285113,-3.734375,-3.7234375,0,0,160,0,80,80,40,0.0,0.49515625,0.53062890625
0.511328125,0.5,2.7364194385325056,0.0,1.28,0.0,dropout,0.0,0.0,0.0,27,0.0,0.0,z_mad,0.009375,0.3809036144055426,-3.734375,-3.725,0,0,160,0,80,80,40,0.0,0.497419921875,0.532828125
0.50609375,0.5,2.7364194385325056,0.0,2.56,0.0,dropout,0.0,0.0,0.0,27,0.0,0.0,z_mad,0.00546875,0.9486541464924813,-3.734375,-3.72890625,0,0,160,0,80,80,40,0.0,0.493359375,0.519533203125
0.50828125,0.5,2.7364194385325056,0.0,5.12,0.0,dropout,0.0,0.0,0.0,27,0.0,0.0,z_mad,0.00546875,2.159009870886803,-3.734375,-3.72890625,0,0,160,0,80,80,40,0.0,0.4940625,0.5234375
0.506015625,0.5,2.7364194385325056,0.0,10.24,0.0,dropout,0.0,0.0,0.0,27,0.0,0.0,z_mad,0.00078125,4.827653303742409,-3.734375,-3.73359375,0,0,160,0,80,80,40,0.0,0.49625,0.51625
0.50828125,0.5,2.7364194385325056,0.0,20.48,0.0,dropout,0.0,0.0,0.0,27,0.0,0.0,z_mad,0.00390625,10.097364366054535,-3.734375,-3.73046875,0,0,160,0,80,80,40,0.0,0.49765625,0.5198476562500001
0.501015625,0.5,2.7364194385325056,0.0,0.01,0.0,dropout,0.0,0.0,0.0,27,0.0,0.0,z_sd,0.0015625,0.0028448197059333324,-3.734375,-3.7328125,0,0,160,0,80,80,40,0.0,0.5,0.5046875
0.499765625,0.5,2.7364194385325056,0.0,0.02,0.0,dropout,0.0,0.0,0.0,27,0.0,0.0,z_sd,-0.00078125,0.0036312286159954966,-3.734375,-3.73515625,0,0,160,0,80,80,40,0.0,0.49577734375,0.502583984375
0.50140625,0.5,2.7364194385325056,0.0,0.04,0.0,dropout,0.0,0.0,0.0,27,0.0,0.0,z_sd,0.0015625,0.006677714246325195,-3.734375,-3.7328125,0,0,160,0,80,80,40,0.0,0.499296875,0.50625
0.5071875,0.5,2.7364194385325056,0.0,0.08,0.0,dropout,0.0,0.0,0.0,27,0.0,0.0,z_sd,0.0078125,0.0391606523131486,-3.734375,-3.7265625,0,0,160,0,80,80,40,0.0,0.4990625,0.52
0.5053125,0.5,2.7364194385325056,0.0,0.16,0.0,dropout,0.0,0.0,0.0,27,0.0,0.0,z_sd,0.00390625,0.1320082878228277,-3.734375,-3.73046875,0,0,160,0,80,80,40,0.0,0.49265625,0.5196953125
0.50484375,0.5,2.7364194385325056,0.0,0.32,0.0,dropout,0.0,0.0,0.0,27,0.0,0.0,z_sd,0.00234375,0.5027532327920199,-3.734375,-3.73203125,0,0,160,0,80,80,40,0.0,0.49171875,0.515625
0.50828125,0.5,2.7364194385325056,0.0,0.64,0.0,dropout,0.0,0.0,0.0,27,0.0,0.0,z_sd,0.0046875,1.1475814618170261,-3.734375,-3.7296875,0,0,160,0,80,80,40,0.0,0.4953125,0.520939453125
0.50859375,0.5,2.7364194385325056,0.0,1.28,0.0,dropout,0.0,0.0,0.0,27,0.0,0.0,z_sd,0.0046875,2.5169316276907923,-3.734375,-3.7296875,0,0,160,0,80,80,40,0.0,0.495625,0.5228125
0.503125,0.5,2.7364194385325056,0.0,2.56,0.0,dropout,0.0,0.0,0.0,27,0.0,0.0,z_sd,-0.0015625,5.559132689237595,-3.734375,-3.7359375,0,0,160,0,80,80,40,0.0,0.49359375,0.51171875
0.51203125,0.5,2.7364194385325056,0.0,5.12,0.0,dropout,0.0,0.0,0.0,27,0.0,0.0,z_sd,0.00859375,11.741256880760194,-3.734375,-3.72578125,0,0,160,0,80,80,40,0.0,0.49327734375,0.53312890625
0.49890625,0.5,2.7364194385325056,0.0,10.24,0.0,dropout,0.0,0.0,0.0,27,0.0,0.0,z_sd,-0.01484375,24.363461089134216,-3.734375,-3.74921875,0,0,160,0,80,80,40,0.0,0.4809375,0.5190625
0.45796875,0.5,2.7364194385325056,0.0,20.48,0.0,dropout,0.0,0.0,0.0,27,0.0,0.0,z_sd,-0.08359375,48.37490019798279,-3.734375,-3.81796875,0,0,160,0,80,80,40,0.0,0.436939453125,0.4684453125
0.505,0.5,2.7364194385325056,0.0,0.25,0.0,noise,0.0,0.0,0.0,27,0.0,0.0,alpha,0.00078125,0.2527330830693245,-3.734375,-3.73359375,0,0,160,0,80,80,40,0.0,0.4815625,0.5231445312499999
0.50734375,0.5,2.7364194385325056,0.0,0.5,0.0,noise,0.0,0.0,0.0,27,0.0,0.0,alpha,0.00390625,0.5016404703259468,-3.734375,-3.73046875,0,0,160,0,80,80,40,0.0,0.4883984375,0.5253125
0.505703125,0.5,2.7364194385325056,0.0,1.0,0.0,noise,0.0,0.0,0.0,27,0.0,0.0,alpha,0.00234375,1.0008160188794135,-3.734375,-3.73203125,0,0,160,0,80,80,40,0.0,0.496171875,0.52109375
0.5040625,0.5,2.7364194385325056,0.0,2.0,0.0,noise,0.0,0.0,0.0,27,0.0,0.0,alpha,-0.00234375,2.000316622853279,-3.734375,-3.73671875,0,0,160,0,80,80,40,0.0,0.486875,0.52878515625
0.508203125,0.5,2.7364194385325056,0.0,4.0,0.0,noise,0.0,0.0,0.0,27,0.0,0.0,alpha,0.00546875,4.000335147976875,-3.734375,-3.72890625,0,0,160,0,80,80,40,0.0,0.49390234375,0.524466796875
0.50421875,0.5,2.7364194385325056,0.0,8.0,0.0,noise,0.0,0.0,0.0,27,0.0,0.0,alpha,-0.00078125,8.000229293107987,-3.734375,-3.73515625,0,0,160,0,80,80,40,0.0,0.48937109375,0.5253125
0.5046875,0.5,2.7364194385325056,0.0,16.0,0.0,noise,0.0,0.0,0.0,27,0.0,0.0,alpha,0.00234375,16.00012114048004,-3.734375,-3.73203125,0,0,160,0,80,80,40,0.0,0.489912109375,0.517677734375
0.505390625,0.5,2.7364194385325056,0.0,32.0,0.0,noise,0.0,0.0,0.0,27,0.0,0.0,alpha,0.0,31.999920344352724,-3.734375,-3.734375,0,0,160,0,80,80,40,0.0,0.49287890625,0.5128203125
0.48140625,0.5,2.7364194385325056,0.0,64.0,0.0,noise,0.0,0.0,0.0,27,0.0,0.0,alpha,-0.03984375,63.99981188774109,-3.734375,-3.77421875,0,0,160,0,80,80,40,0.0,0.46359375,0.49515625
0.41328125,0.5,2.7364194385325056,0.0,128.0,0.0,noise,0.0,0.0,0.0,27,0.0,0.0,alpha,-0.1671875,127.99955339431763,-3.734375,-3.9015625,0,0,160,0,80,80,40,0.0,0.38355273437500004,0.425
0.504296875,0.5,2.7364194385325056,0.0,0.01,0.0,noise,0.0,0.0,0.0,27,0.0,0.0,z_mad,0.00078125,0.002138375230424572,-3.734375,-3.73359375,0,0,160,0,80,80,40,0.0,0.4875,0.5214257812499999
0.507421875,0.5,2.7364194385325056,0.0,0.02,0.0,noise,0.0,0.0,0.0,27,0.0,0.0,z_mad,0.0046875,0.006030293478397652,-3.734375,-3.7296875,0,0,160,0,80,80,40,0.0,0.488576171875,0.526875
0.508828125,0.5,2.7364194385325056,0.0,0.04,0.0,noise,0.0,0.0,0.0,27,0.0,0.0,z_mad,0.00546875,0.01641584561439231,-3.734375,-3.72890625,0,0,160,0,80,80,40,0.0,0.497578125,0.520703125
0.5121875,0.5,2.7364194385325056,0.0,0.08,0.0,noise,0.0,0.0,0.0,27,0.0,0.0,z_mad,0.01015625,0.03936530752107501,-3.734375,-3.72421875,0,0,160,0,80,80,40,0.0,0.494375,0.5303125
0.504453125,0.5,2.7364194385325056,0.0,0.16,0.0,noise,0.0,0.0,0.0,27,0.0,0.0,z_mad,-0.00078125,0.08414265438914299,-3.734375,-3.73515625,0,0,160,0,80,80,40,0.0,0.486796875,0.52125
0.510625,0.5,2.7364194385325056,0.0,0.32,0.0,noise,0.0,0.0,0.0,27,0.0,0.0,z_mad,0.00625,0.16555813048034906,-3.734375,-3.728125,0,0,160,0,80,80,40,0.0,0.49359375,0.52859765625
0.501875,0.5,2.7364194385325056,0.0,0.64,0.0,noise,0.0,0.0,0.0,27,0.0,0.0,z_mad,-0.00078125,0.3265223067253828,-3.734375,-3.73515625,0,0,160,0,80,80,40,0.0,0.484123046875,0.5211777343749999
0.511796875,0.5,2.7364194385325056,0.0,1.28,0.0,noise,0.0,0.0,0.0,27,0.0,0.0,z_mad,0.0078125,0.652040571719408,-3.734375,-3.7265625,0,0,160,0,80,80,40,0.0,0.4945078125,0.531484375
0.50453125,0.5,2.7364194385325056,0.0,2.56,0.0,noise,0.0,0.0,0.0,27,0.0,0.0,z_mad,0.00234375,1.3107518076896667,-3.734375,-3.73203125,0,0,160,0,80,80,40,0.0,0.485625,0.52735546875
0.51203125,0.5,2.7364194385325056,0.0,5.12,0.0,noise,0.0,0.0,0.0,27,0.0,0.0,z_mad,0.01171875,2.6009426772594453,-3.734375,-3.72265625,0,0,160,0,80,80,40,0.0,0.497884765625,0.525861328125
0.5053125,0.5,2.7364194385325056,0.0,10.24,0.0,noise,0.0,0.0,0.0,27,0.0,0.0,z_mad,0.0046875,5.226670718193054,-3.734375,-3.7296875,0,0,160,0,80,80,40,0.0,0.48703125,0.52703125
0.50921875,0.5,2.7364194385325056,0.0,20.48,0.0,noise,0.0,0.0,0.0,27,0.0,0.0,z_mad,0.00390625,10.26029305458069,-3.734375,-3.73046875,0,0,160,0,80,80,40,0.0,0.49375,0.526955078125
0.511953125,0.5,2.7364194385325056,0.0,0.01,0.0,noise,0.0,0.0,0.0,27,0.0,0.0,z_sd,0.01015625,0.0247554621193558,-3.734375,-3.72421875,0,0,160,0,80,80,40,0.0,0.50171875,0.52328515625
0.50578125,0.5,2.7364194385325056,0.0,0.02,0.0,noise,0.0,0.0,0.0,27,0.0,0.0,z_sd,0.003125,0.05253866834100336,-3.734375,-3.73125,0,0,160,0,80,80,40,0.0,0.490228515625,0.524296875
0.50640625,0.5,2.7364194385325056,0.0,0.04,0.0,noise,0.0,0.0,0.0,27,0.0,0.0,z_sd,0.00625,0.10445624054409564,-3.734375,-3.728125,0,0,160,0,80,80,40,0.0,0.49062109374999996,0.524609375
0.511328125,0.5,2.7364194385325056,0.0,0.08,0.0,noise,0.0,0.0,0.0,27,0.0,0.0,z_sd,0.01015625,0.22254736945033074,-3.734375,-3.72421875,0,0,160,0,80,80,40,0.0,0.49453125,0.52969140625
0.51,0.5,2.7364194385325056,0.0,0.16,0.0,noise,0.0,0.0,0.0,27,0.0,0.0,z_sd,0.00546875,0.4372679753229022,-3.734375,-3.72890625,0,0,160,0,80,80,40,0.0,0.49578125,0.5271875
0.508515625,0.5,2.7364194385325056,0.0,0.32,0.0,noise,0.0,0.0,0.0,27,0.0,0.0,z_sd,0.0046875,0.8291183866560459,-3.734375,-3.7296875,0,0,160,0,80,80,40,0.0,0.49265625,0.520392578125
0.508515625,0.5,2.7364194385325056,0.0,0.64,0.0,noise,0.0,0.0,0.0,27,0.0,0.0,z_sd,0.00546875,1.7223717264831067,-3.734375,-3.72890625,0,0,160,0,80,80,40,0.0,0.49328125,0.525546875
0.509453125,0.5,2.7364194385325056,0.0,1.28,0.0,noise,0.0,0.0,0.0,27,0.0,0.0,z_sd,0.00390625,3.202487953007221,-3.734375,-3.73046875,0,0,160,0,80,80,40,0.0,0.49625,0.521255859375
0.506875,0.5,2.7364194385325056,0.0,2.56,0.0,noise,0.0,0.0,0.0,27,0.0,0.0,z_sd,0.00390625,6.678433531522751,-3.734375,-3.73046875,0,0,160,0,80,80,40,0.0,0.491015625,0.526875
0.50515625,0.5,2.7364194385325056,0.0,5.12,0.0,noise,0.0,0.0,0.0,27,0.0,0.0,z_sd,0.0015625,13.762210988998413,-3.734375,-3.7328125,0,0,160,0,80,80,40,0.0,0.4834140625,0.52515625
0.499609375,0.5,2.7364194385325056,0.0,10.24,0.0,noise,0.0,0.0,0.0,27,0.0,0.0,z_sd,-0.00859375,26.35897057056427,-3.734375,-3.74296875,0,0,160,0,80,80,40,0.0,0.47703125,0.51578125
0.48421875,0.5,2.7364194385325056,0.0,20.48,0.0,noise,0.0,0.0,0.0,27,0.0,0.0,z_sd,-0.03203125,53.629890537261964,-3.734375,-3.76640625,0,0,160,0,80,80,40,0.0,0.455078125,0.50046875
0.5083333333333333,0.5,2.866576577553538,0.0,0.25,0.0,random,0.0,0.0,0.0,27,0.0,0.0,alpha,0.005729166666666666,0.25285295968254407,-3.734375,-3.728645833333333,0,0,240,0,120,120,40,0.0,0.4930729166666667,0.5257330729166667
0.5114583333333333,0.5,2.866576577553538,0.0,0.5,0.0,random,0.0,0.0,0.0,27,0.0,0.0,alpha,0.013541666666666667,0.50175641477108,-3.734375,-3.720833333333333,0,0,240,0,120,120,40,0.0,0.4970833333333333,0.5272408854166667
0.50921875,0.5,2.866576577553538,0.0,1.0,0.0,random,0.0,0.0,0.0,27,0.0,0.0,alpha,0.0067708333333333336,1.000911963979403,-3.734375,-3.7276041666666666,0,0,240,0,120,120,40,0.0,0.49541015625,0.5219283854166668
0.5091666666666667,0.5,2.866576577553538,0.0,2.0,0.0,random,0.0,0.0,0.0,27,0.0,0.0,alpha,0.007291666666666667,2.000375984112422,-3.734375,-3.7270833333333333,0,0,240,0,120,120,40,0.0,0.49536458333333333,0.5270455729166666
0.5086979166666666,0.5,2.866576577553538,0.0,4.0,0.0,random,0.0,0.0,0.0,27,0.0,0.0,alpha,0.004166666666666667,4.000549165407817,-3.734375,-3.730208333333333,0,0,240,0,120,120,40,0.0,0.493953125,0.525
0.5057291666666667,0.5,2.866576577553538,0.0,8.0,0.0,random,0.0,0.0,0.0,27,0.0,0.0,alpha,0.0010416666666666667,8.000912507375082,-3.734375,-3.7333333333333334,0,0,240,0,120,120,40,0.0,0.48734375,0.5200546875
0.5041666666666667,0.5,2.866576577553538,0.0,16.0,0.0,random,0.0,0.0,0.0,27,0.0,0.0,alpha,-0.0020833333333333333,16.00046416123708,-3.734375,-3.736458333333333,0,0,240,0,120,120,40,0.0,0.48734375,0.51734765625
0.50109375,0.5,2.866576577553538,0.0,32.0,0.0,random,0.0,0.0,0.0,27,0.0,0.0,alpha,-0.0046875,32.000823990503946,-3.734375,-3.7390625,0,0,240,0,120,120,40,0.0,0.48140625,0.5181328125
0.46588541666666666,0.5,2.866576577553538,0.0,64.0,0.0,random,0.0,0.0,0.0,27,0.0,0.0,alpha,-0.06145833333333333,64.00224974950154,-3.734375,-3.7958333333333334,0,0,240,0,120,120,40,0.0,0.4245299479166667,0.5001041666666667
0.37885416666666666,0.5,2.866576577553538,0.0,128.0,0.0,random,0.0,0.0,0.0,27,0.0,0.0,alpha,-0.22083333333333333,128.00355002085368,-3.734375,-3.955208333333333,0,0,240,0,120,120,40,0.0,0.2912421875,0.46796875
0.50671875,0.5,2.866576577553538,0.0,0.01,0.0,random,0.0,0.0,0.0,27,0.0,0.0,z_mad,0.004166666666666667,0.002036693949291172,-3.734375,-3.730208333333333,0,0,240,0,120,120,40,0.0,0.49243359375,0.5244921875
0.5084375,0.5,2.866576577553538,0.0,0.02,0.0,random,0.0,0.0,0.0,27,0.0,0.0,z_mad,0.005208333333333333,0.005698868640077611,-3.734375,-3.7291666666666665,0,0,240,0,120,120,40,0.0,0.49296484375,0.5236458333333334
0.5089583333333333,0.5,2.866576577553538,0.0,0.04,0.0,random,0.0,0.0,0.0,27,0.0,0.0,z_mad,0.00625,0.01544068035048743,-3.734375,-3.728125,0,0,240,0,120,120,40,0.0,0.49234375,0.52703125
0.509375,0.5,2.866576577553538,0.0,0.08,0.0,random,0.0,0.0,0.0,27,0.0,0.0,z_mad,0.008333333333333333,0.03819002254555623,-3.734375,-3.7260416666666667,0,0,240,0,120,120,40,0.0,0.48952994791666665,0.5290638020833334
0.5095833333333334,0.5,2.866576577553538,0.0,0.16,0.0,random,0.0,0.0,0.0,27,0.0,0.0,z_mad,0.008333333333333333,0.08130625349779924,-3.734375,-3.7260416666666667,0,0,240,0,120,120,40,0.0,0.49234375,0.52562890625
0.5094791666666667,0.5,2.866576577553538,0.0,0.32,0.0,random,0.0,0.0,0.0,27,0.0,0.0,z_mad,0.0078125,0.1604696661233902,-3.734375,-3.7265625,0,0,240,0,120,120,40,0.0,0.49343359374999995,0.5300520833333333
0.5072916666666667,0.5,2.866576577553538,0.0,0.64,0.0,random,0.0,0.0,0.0,27,0.0,0.0,z_mad,0.005729166666666666,0.31622998292247456,-3.734375,-3.728645833333333,0,0,240,0,120,120,40,0.0,0.4915625,0.5242864583333333
0.5071875,0.5,2.866576577553538,0.0,1.28,0.0,random,0.0,0.0,0.0,27,0.0,0.0,z_mad,0.004166666666666667,0.6285301461815834,-3.734375,-3.730208333333333,0,0,240,0,120,120,40,0.0,0.49161458333333335,0.5246875
0.5094270833333333,0.5,2.866576577553538,0.0,2.56,0.0,random,0.0,0.0,0.0,27,0.0,0.0,z_mad,0.00625,1.2552382618188858,-3.734375,-3.728125,0,0,240,0,120,120,40,0.0,0.497078125,0.5215651041666667
0.5091666666666667,0.5,2.866576577553538,0.0,5.12,0.0,random,0.0,0.0,0.0,27,0.0,0.0,z_mad,0.0046875,2.509559506177902,-3.734375,-3.7296875,0,0,240,0,120,120,40,0.0,0.49395703125,0.5265625
0.50859375,0.5,2.866576577553538,0.0,10.24,0.0,random,0.0,0.0,0.0,27,0.0,0.0,z_mad,0.00625,5.01935908794403,-3.734375,-3.728125,0,0,240,0,120,120,40,0.0,0.49109114583333335,0.5296419270833334
0.5058333333333334,0.5,2.866576577553538,0.0,20.48,0.0,random,0.0,0.0,0.0,27,0.0,0.0,z_mad,0.0020833333333333333,10.038239026069641,-3.734375,-3.732291666666667,0,0,240,0,120,120,40,0.0,0.48702734375,0.52359375
0.5038541666666667,0.5,2.866576577553538,0.0,0.01,0.0,random,0.0,0.0,0.0,27,0.0,0.0,z_sd,-0.0005208333333333333,0.022526732900102313,-3.734375,-3.7348958333333333,0,0,240,0,120,120,40,0.0,0.4931171875,0.5165625
0.5053125,0.5,2.866576577553538,0.0,0.02,0.0,random,0.0,0.0,0.0,27,0.0,0.0,z_sd,0.0015625,0.05018581723949562,-3.734375,-3.7328125,0,0,240,0,120,120,40,0.0,0.49255208333333333,0.5169322916666667
0.5088020833333333,0.5,2.866576577553538,0.0,0.04,0.0,random,0.0,0.0,0.0,27,0.0,0.0,z_sd,0.0046875,0.1022822752284507,-3.734375,-3.7296875,0,0,240,0,120,120,40,0.0,0.494265625,0.5239075520833334
0.5074479166666667,0.5,2.866576577553538,0.0,0.08,0.0,random,0.0,0.0,0.0,27,0.0,0.0,z_sd,0.005729166666666666,0.2034509813413024,-3.734375,-3.728645833333333,0,0,240,0,120,120,40,0.0,0.48890625,0.527203125
0.5052083333333334,0.5,2.866576577553538,0.0,0.16,0.0,random,0.0,0.0,0.0,27,0.0,0.0,z_sd,0.0015625,0.4044067071129878,-3.734375,-3.7328125,0,0,240,0,120,120,40,0.0,0.49280729166666665,0.5163059895833334
0.5110416666666666,0.5,2.866576577553538,0.0,0.32,0.0,random,0.0,0.0,0.0,27,0.0,0.0,z_sd,0.0078125,0.805874764546752,-3.734375,-3.7265625,0,0,240,0,120,120,40,0.0,0.4986979166666667,0.5272421875
0.5075,0.5,2.866576577553538,0.0,0.64,0.0,random,0.0,0.0,0.0,27,0.0,0.0,z_sd,0.0046875,1.6094945567349592,-3.734375,-3.7296875,0,0,240,0,120,120,40,0.0,0.49801953125000004,0.5187526041666667
0.5081770833333333,0.5,2.866576577553538,0.0,1.28,0.0,random,0.0,0.0,0.0,27,0.0,0.0,z_sd,0.005208333333333333,3.2177529896299046,-3.734375,-3.7291666666666665,0,0,240,0,120,120,40,0.0,0.49145182291666667,0.5279166666666667
0.5055208333333333,0.5,2.866576577553538,0.0,2.56,0.0,random,0.0,0.0,0.0,27,0.0,0.0,z_sd,0.0026041666666666665,6.435051319996516,-3.734375,-3.7317708333333335,0,0,240,0,120,120,40,0.0,0.4912486979166667,0.5241666666666667
0.508125,0.5,2.866576577553538,0.0,5.12,0.0,random,0.0,0.0,0.0,27,0.0,0.0,z_sd,0.005729166666666666,12.869455488522847,-3.734375,-3.728645833333333,0,0,240,0,120,120,40,0.0,0.49343489583333333,0.52703125
0.500625,0.5,2.866576577553538,0.0,10.24,0.0,random,0.0,0.0,0.0,27,0.0,0.0,z_sd,-0.007291666666666667,25.738943835099537,-3.734375,-3.7416666666666667,0,0,240,0,120,120,40,0.0,0.4805182291666667,0.51625
0.48104166666666665,0.5,2.866576577553538,0.0,20.48,0.0,random,0.0,0.0,0.0,27,0.0,0.0,z_sd,-0.03697916666666667,51.4767342487971,-3.734375,-3.771354166666667,0,0,240,0,120,120,40,0.0,0.43526041666666665,0.5113541666666667
0.509625,0.5,3.2275758330035513,0.0,0.25,0.0,concept,0.0,0.0,0.0,28,0.0,0.0,alpha,0.0078125,0.25501183345913886,-3.734375,-3.7265625,0,0,800,0,400,400,40,0.0,0.498562109375,0.520942578125
0.5096875,0.5,3.2275758330035513,0.0,0.5,0.0,concept,0.0,0.0,0.0,28,0.0,0.0,alpha,0.0078125,0.5003316430002451,-3.734375,-3.7265625,0,0,800,0,400,400,40,0.0,0.498434375,0.523424609375
0.50825,0.5,3.2275758330035513,0.0,1.0,0.0,concept,0.0,0.0,0.0,28,0.0,0.0,alpha,0.00453125,1.0004439990222453,-3.734375,-3.72984375,0,0,800,0,400,400,40,0.0,0.497123046875,0.51914140625
0.509609375,0.5,3.2275758330035513,0.0,2.0,0.0,concept,0.0,0.0,0.0,28,0.0,0.0,alpha,0.009375,2.000674972832203,-3.734375,-3.725,0,0,800,0,400,400,40,0.0,0.49668125,0.524140625
0.510578125,0.5,3.2275758330035513,0.0,4.0,0.0,concept,0.0,0.0,0.0,28,0.0,0.0,alpha,0.0096875,4.002065510749817,-3.734375,-3.7246875,0,0,800,0,400,400,40,0.0,0.49889023437499996,0.52462578125
0.51071875,0.5,3.2275758330035513,0.0,8.0,0.0,concept,0.0,0.0,0.0,28,0.0,0.0,alpha,0.0090625,8.000267832279205,-3.734375,-3.7253125,0,0,800,0,400,400,40,0.0,0.49715507812500004,0.525187890625
0.5110625,0.5,3.2275758330035513,0.0,16.0,0.0,concept,0.0,0.0,0.0,28,0.0,0.0,alpha,0.009375,15.99921101808548,-3.734375,-3.725,0,0,800,0,400,400,40,0.0,0.49635546875,0.5255671875000001
0.50896875,0.5,3.2275758330035513,0.0,32.0,0.0,concept,0.0,0.0,0.0,28,0.0,0.0,alpha,0.0053125,32.000680003166195,-3.734375,-3.7290625,0,0,800,0,400,400,40,0.0,0.490669140625,0.52693828125
0.497578125,0.5,3.2275758330035513,0.0,64.0,0.0,concept,0.0,0.0,0.0,28,0.0,0.0,alpha,-0.016875,63.999388475418094,-3.734375,-3.75125,0,0,800,0,400,400,40,0.0,0.47814531250000003,0.515971484375
0.43296875,0.5,3.2275758330035513,0.0,128.0,0.0,concept,0.0,0.0,0.0,28,0.0,0.0,alpha,-0.13515625,127.99990962982177,-3.734375,-3.86953125,0,0,800,0,400,400,40,0.0,0.399296484375,0.45329960937499997
0.510390625,0.5,3.2275758330035513,0.0,0.01,0.0,concept,0.0,0.0,0.0,28,0.0,0.0,z_mad,0.008125,0.007738678035093471,-3.734375,-3.72625,0,0,800,0,400,400,40,0.0,0.5007480468750001,0.52041328125
0.50940625,0.5,3.2275758330035513,0.0,0.02,0.0,concept,0.0,0.0,0.0,28,0.0,0.0,z_mad,0.0075,0.020523832365870475,-3.734375,-3.726875,0,0,800,0,400,400,40,0.0,0.49978125,0.52020546875
0.507890625,0.5,3.2275758330035513,0.0,0.04,0.0,concept,0.0,0.0,0.0,28,0.0,0.0,z_mad,0.00609375,0.04925219817552715,-3.734375,-3.72828125,0,0,800,0,400,400,40,0.0,0.499998828125,0.517425
0.508265625,0.5,3.2275758330035513,0.0,0.08,0.0,concept,0.0,0.0,0.0,28,0.0,0.0,z_mad,0.0053125,0.1043854571133852,-3.734375,-3.7290625,0,0,800,0,400,400,40,0.0,0.496416796875,0.5210335937499999
0.506953125,0.5,3.2275758330035513,0.0,0.16,0.0,concept,0.0,0.0,0.0,28,0.0,0.0,z_mad,0.005,0.20716111082583666,-3.734375,-3.729375,0,0,800,0,400,400,40,0.0,0.49533828125,0.518113671875
0.51046875,0.5,3.2275758330035513,0.0,0.32,0.0,concept,0.0,0.0,0.0,28,0.0,0.0,z_mad,0.00765625,0.40896396920084954,-3.734375,-3.72671875,0,0,800,0,400,400,40,0.0,0.496760546875,0.524440625
0.5069375,0.5,3.2275758330035513,0.0,0.64,0.0,concept,0.0,0.0,0.0,28,0.0,0.0,z_mad,0.0053125,0.8171370840072631,-3.734375,-3.7290625,0,0,800,0,400,400,40,0.0,0.492499609375,0.5206574218750001
0.50940625,0.5,3.2275758330035513,0.0,1.28,0.0,concept,0.0,0.0,0.0,28,0.0,0.0,z_mad,0.0084375,1.6247309949994087,-3.734375,-3.7259375,0,0,800,0,400,400,40,0.0,0.4976390625,0.5221277343749999
0.511,0.5,3.2275758330035513,0.0,2.56,0.0,concept,0.0,0.0,0.0,28,0.0,0.0,z_mad,0.00859375,3.2530895793437957,-3.734375,-3.72578125,0,0,800,0,400,400,40,0.0,0.498261328125,0.524258984375
0.51259375,0.5,3.2275758330035513,0.0,5.12,0.0,concept,0.0,0.0,0.0,28,0.0,0.0,z_mad,0.01015625,6.502110244035721,-3.734375,-3.72421875,0,0,800,0,400,400,40,0.0,0.4988515625,0.529079296875
0.5113125,0.5,3.2275758330035513,0.0,10.24,0.0,concept,0.0,0.0,0.0,28,0.0,0.0,z_mad,0.0103125,13.004626970291138,-3.734375,-3.7240625,0,0,800,0,400,400,40,0.0,0.499528515625,0.52604921875
0.508578125,0.5,3.2275758330035513,0.0,20.48,0.0,concept,0.0,0.0,0.0,28,0.0,0.0,z_mad,0.0053125,26.012187447547912,-3.734375,-3.7290625,0,0,800,0,400,400,40,0.0,0.49288984375,0.52486328125
0.509046875,0.5,3.2275758330035513,0.0,0.01,0.0,concept,0.0,0.0,0.0,28,0.0,0.0,z_sd,0.0075,0.269899278068915,-3.734375,-3.726875,0,0,800,0,400,400,40,0.0,0.49903125,0.520312890625
0.509984375,0.5,3.2275758330035513,0.0,0.02,0.0,concept,0.0,0.0,0.0,28,0.0,0.0,z_sd,0.00734375,0.5342990911006927,-3.734375,-3.72703125,0,0,800,0,400,400,40,0.0,0.49993671874999995,0.52209921875
0.5095,0.5,3.2275758330035513,0.0,0.04,0.0,concept,0.0,0.0,0.0,28,0.0,0.0,z_sd,0.0084375,1.0679569857567548,-3.734375,-3.7259375,0,0,800,0,400,400,40,0.0,0.49946601562500004,0.520253515625
0.50796875,0.5,3.2275758330035513,0.0,0.08,0.0,concept,0.0,0.0,0.0,28,0.0,0.0,z_sd,0.00703125,2.130549064427614,-3.734375,-3.72734375,0,0,800,0,400,400,40,0.0,0.49552382812499995,0.51934453125
0.50871875,0.5,3.2275758330035513,0.0,0.16,0.0,concept,0.0,0.0,0.0,28,0.0,0.0,z_sd,0.00671875,4.256661948561669,-3.734375,-3.72765625,0,0,800,0,400,400,40,0.0,0.49847890624999996,0.519129296875
0.510578125,0.5,3.2275758330035513,0.0,0.32,0.0,concept,0.0,0.0,0.0,28,0.0,0.0,z_sd,0.009375,8.510700605213643,-3.734375,-3.725,0,0,800,0,400,400,40,0.0,0.4959015625,0.524594140625
0.51303125,0.5,3.2275758330035513,0.0,0.64,0.0,concept,0.0,0.0,0.0,28,0.0,0.0,z_sd,0.01171875,17.025029960870743,-3.734375,-3.72265625,0,0,800,0,400,400,40,0.0,0.499590625,0.527298046875
0.509359375,0.5,3.2275758330035513,0.0,1.28,0.0,concept,0.0,0.0,0.0,28,0.0,0.0,z_sd,0.00625,34.04947054624557,-3.734375,-3.728125,0,0,800,0,400,400,40,0.0,0.493590625,0.52643515625
0.486203125,0.5,3.2275758330035513,0.0,2.56,0.0,concept,0.0,0.0,0.0,28,0.0,0.0,z_sd,-0.03625,68.09843550205231,-3.734375,-3.770625,0,0,800,0,400,400,40,0.0,0.460796875,0.504875390625
0.4346875,0.5,3.2275758330035513,0.0,5.12,0.0,concept,0.0,0.0,0.0,28,0.0,0.0,z_sd,-0.1275,136.19863218307495,-3.734375,-3.861875,0,0,800,0,400,400,40,0.0,0.379330859375,0.47586757812499997
0.378484375,0.5,3.2275758330035513,0.0,10.24,0.0,concept,0.0,0.0,0.0,28,0.0,0.0,z_sd,-0.23453125,272.3975573444366,-3.734375,-3.96890625,0,0,800,0,400,400,40,0.0,0.309542578125,0.429626953125
0.327546875,0.5,3.2275758330035513,0.0,20.48,0.0,concept,0.0,0.0,0.0,28,0.0,0.0,z_sd,-0.3434375,544.7879012107849,-3.734375,-4.0778125,0,0,800,0,400,400,40,0.0,0.2629609375,0.384190234375
0.50875,0.5,2.7364194385325056,0.0,0.25,0.0,dropout,0.0,0.0,0.0,28,0.0,0.0,alpha,0.00625,0.06746857649995945,-3.734375,-3.728125,0,0,160,0,80,80,40,0.0,0.5025,0.51640625
0.510703125,0.5,2.7364194385325056,0.0,0.5,0.0,dropout,0.0,0.0,0.0,28,0.0,0.0,alpha,0.01015625,0.2439024843974039,-3.734375,-3.72421875,0,0,160,0,80,80,40,0.0,0.49671875,0.5290625
0.508359375,0.5,2.7364194385325056,0.0,1.0,0.0,dropout,0.0,0.0,0.0,28,0.0,0.0,alpha,0.00546875,0.6879614554345608,-3.734375,-3.72890625,0,0,160,0,80,80,40,0.0,0.4960859375,0.5221875
0.513046875,0.5,2.7364194385325056,0.0,2.0,0.0,dropout,0.0,0.0,0.0,28,0.0,0.0,alpha,0.01640625,1.6024645850062371,-3.734375,-3.71796875,0,0,160,0,80,80,40,0.0,0.49703125,0.527828125
0.511953125,0.5,2.7364194385325056,0.0,4.0,0.0,dropout,0.0,0.0,0.0,28,0.0,0.0,alpha,0.00859375,3.5065820097923277,-3.734375,-3.72578125,0,0,160,0,80,80,40,0.0,0.49748828125,0.52641015625
0.511171875,0.5,2.7364194385325056,0.0,8.0,0.0,dropout,0.0,0.0,0.0,28,0.0,0.0,alpha,0.0109375,7.32116259932518,-3.734375,-3.7234375,0,0,160,0,80,80,40,0.0,0.49875,0.524375
0.50671875,0.5,2.7364194385325056,0.0,16.0,0.0,dropout,0.0,0.0,0.0,28,0.0,0.0,alpha,0.0015625,15.2468829870224,-3.734375,-3.7328125,0,0,160,0,80,80,40,0.0,0.49515625,0.518751953125
0.489453125,0.5,2.7364194385325056,0.0,32.0,0.0,dropout,0.0,0.0,0.0,28,0.0,0.0,alpha,-0.025,31.901705574989318,-3.734375,-3.759375,0,0,160,0,80,80,40,0.0,0.46828125,0.5065625
0.441328125,0.5,2.7364194385325056,0.0,64.0,0.0,dropout,0.0,0.0,0.0,28,0.0,0.0,alpha,-0.10703125,61.729745054244994,-3.734375,-3.84140625,0,0,160,0,80,80,40,0.0,0.416634765625,0.45423046875
0.319140625,0.5,2.7364194385325056,0.0,128.0,0.0,dropout,0.0,0.0,0.0,28,0.0,0.0,alpha,-0.4109375,122.15166311264038,-3.734375,-4.1453125,0,0,160,0,80,80,40,0.0,0.2810703125,0.34515625
0.5,0.5,2.7364194385325056,0.0,0.01,0.0,dropout,0.0,0.0,0.0,28,0.0,0.0,z_mad,0.0,0.0,-3.734375,-3.734375,0,0,160,0,80,80,40,0.0,0.5,0.5
0.5,0.5,2.7364194385325056,0.0,0.02,0.0,dropout,0.0,0.0,0.0,28,0.0,0.0,z_mad,0.0,0.0,-3.734375,-3.734375,0,0,160,0,80,80,40,0.0,0.5,0.5
0.5,0.5,2.7364194385325056,0.0,0.04,0.0,dropout,0.0,0.0,0.0,28,0.0,0.0,z_mad,0.0,0.0011201404733583332,-3.734375,-3.734375,0,0,160,0,80,80,40,0.0,0.5,0.5
0.501328125,0.5,2.7364194385325056,0.0,0.08,0.0,dropout,0.0,0.0,0.0,28,0.0,0.0,z_mad,0.0015625,0.004591006599366665,-3.734375,-3.7328125,0,0,160,0,80,80,40,0.0,0.5,0.50484375
0.503125,0.5,2.7364194385325056,0.0,0.16,0.0,dropout,0.0,0.0,0.0,28,0.0,0.0,z_mad,0.00390625,0.012836638500448316,-3.734375,-3.73046875,0,0,160,0,80,80,40,0.0,0.5,0.5084375
0.50421875,0.5,2.7364194385325056,0.0,0.32,0.0,dropout,0.0,0.0,0.0,28,0.0,0.0,z_mad,0.0046875,0.04516458493890241,-3.734375,-3.7296875,0,0,160,0,80,80,40,0.0,0.49421875,0.513126953125
0.506328125,0.5,2.7364194385325056,0.0,0.64,0.0,dropout,0.0,0.0,0.0,28,0.0,0.0,z_mad,0.00390625,0.12005037681083194,-3.734375,-3.73046875,0,0,160,0,80,80,40,0.0,0.498125,0.516341796875
0.50953125,0.5,2.7364194385325056,0.0,1.28,0.0,dropout,0.0,0.0,0.0,28,0.0,0.0,z_mad,0.00703125,0.42760451678186656,-3.734375,-3.72734375,0,0,160,0,80,80,40,0.0,0.4913984375,0.5248476562500001
0.5084375,0.5,2.7364194385325056,0.0,2.56,0.0,dropout,0.0,0.0,0.0,28,0.0,0.0,z_mad,0.00546875,1.0523373000323772,-3.734375,-3.72890625,0,0,160,0,80,80,40,0.0,0.4946875,0.521330078125
0.50640625,0.5,2.7364194385325056,0.0,5.12,0.0,dropout,0.0,0.0,0.0,28,0.0,0.0,z_mad,0.003125,2.322957457602024,-3.734375,-3.73125,0,0,160,0,80,80,40,0.0,0.4928125,0.5184453125
0.50515625,0.5,2.7364194385325056,0.0,10.24,0.0,dropout,0.0,0.0,0.0,28,0.0,0.0,z_mad,0.0015625,5.065909612178802,-3.734375,-3.7328125,0,0,160,0,80,80,40,0.0,0.49,0.5215703125000001
0.508359375,0.5,2.7364194385325056,0.0,20.48,0.0,dropout,0.0,0.0,0.0,28,0.0,0.0,z_mad,0.00703125,10.533099758625031,-3.734375,-3.72734375,0,0,160,0,80,80,40,0.0,0.49625,0.52578125
0.499609375,0.5,2.7364194385325056,0.0,0.01,0.0,dropout,0.0,0.0,0.0,28,0.0,0.0,z_sd,0.0,0.00394694022834301,-3.734375,-3.734375,0,0,160,0,80,80,40,0.0,0.49609375,0.50140625
0.499296875,0.5,2.7364194385325056,0.0,0.02,0.0,dropout,0.0,0.0,0.0,28,0.0,0.0,z_sd,-0.00078125,0.002911667712032795,-3.734375,-3.73515625,0,0,160,0,80,80,40,0.0,0.49609375,0.5003125
0.500546875,0.5,2.7364194385325056,0.0,0.04,0.0,dropout,0.0,0.0,0.0,28,0.0,0.0,z_sd,0.00078125,0.005654980160761625,-3.734375,-3.73359375,0,0,160,0,80,80,40,0.0,0.4984375,0.5034375
0.503359375,0.5,2.7364194385325056,0.0,0.08,0.0,dropout,0.0,0.0,0.0,28,0.0,0.0,z_sd,0.00390625,0.015136552144031156,-3.734375,-3.73046875,0,0,160,0,80,80,40,0.0,0.49734375,0.5131328125000001
0.509375,0.5,2.7364194385325056,0.0,0.16,0.0,dropout,0.0,0.0,0.0,28,0.0,0.0,z_sd,0.00546875,0.05198951261700131,-3.734375,-3.72890625,0,0,160,0,80,80,40,0.0,0.4978125,0.5259375
0.5034375,0.5,2.7364194385325056,0.0,0.32,0.0,dropout,0.0,0.0,0.0,28,0.0,0.0,z_sd,-0.0015625,0.29945980217307805,-3.734375,-3.7359375,0,0,160,0,80,80,40,0.0,0.488203125,0.5161816406249999
0.508671875,0.5,2.7364194385325056,0.0,0.64,0.0,dropout,0.0,0.0,0.0,28,0.0,0.0,z_sd,0.0046875,0.581065671145916,-3.734375,-3.7296875,0,0,160,0,80,80,40,0.0,0.49343554687499996,0.52640625
0.511796875,0.5,2.7364194385325056,0.0,1.28,0.0,dropout,0.0,0.0,0.0,28,0.0,0.0,z_sd,0.01171875,1.3081240192055703,-3.734375,-3.72265625,0,0,160,0,80,80,40,0.0,0.49576953125,0.528373046875
0.506640625,0.5,2.7364194385325056,0.0,2.56,0.0,dropout,0.0,0.0,0.0,28,0.0,0.0,z_sd,0.00390625,2.881551569700241,-3.734375,-3.73046875,0,0,160,0,80,80,40,0.0,0.4959375,0.5175
0.506171875,0.5,2.7364194385325056,0.0,5.12,0.0,dropout,0.0,0.0,0.0,28,0.0,0.0,z_sd,0.0046875,6.609548664093017,-3.734375,-3.7296875,0,0,160,0,80,80,40,0.0,0.492421875,0.51625
0.500625,0.5,2.7364194385325056,0.0,10.24,0.0,dropout,0.0,0.0,0.0,28,0.0,0.0,z_sd,-0.00703125,13.453094518184662,-3.734375,-3.74140625,0,0,160,0,80,80,40,0.0,0.48562109374999995,0.51453125
0.49421875,0.5,2.7364194385325056,0.0,20.48,0.0,dropout,0.0,0.0,0.0,28,0.0,0.0,z_sd,-0.021875,27.784759044647217,-3.734375,-3.75625,0,0,160,0,80,80,40,0.0,0.4710859375,0.51908984375
0.5115625,0.5,2.7364194385325056,0.0,0.25,0.0,noise,0.0,0.0,0.0,28,0.0,0.0,alpha,0.009375,0.2534492924809456,-3.734375,-3.725,0,0,160,0,80,80,40,0.0,0.5003046875,0.523125
0.516484375,0.5,2.7364194385325056,0.0,0.5,0.0,noise,0.0,0.0,0.0,28,0.0,0.0,alpha,0.01796875,0.5020217344164848,-3.734375,-3.71640625,0,0,160,0,80,80,40,0.0,0.5034375,0.52875
0.508984375,0.5,2.7364194385325056,0.0,1.0,0.0,noise,0.0,0.0,0.0,28,0.0,0.0,alpha,0.01015625,1.0009538516402245,-3.734375,-3.72421875,0,0,160,0,80,80,40,0.0,0.49859375,0.52140625
0.509296875,0.5,2.7364194385325056,0.0,2.0,0.0,noise,0.0,0.0,0.0,28,0.0,0.0,alpha,0.00546875,2.000502589344978,-3.734375,-3.72890625,0,0,160,0,80,80,40,0.0,0.4917109375,0.520625
0.510390625,0.5,2.7364194385325056,0.0,4.0,0.0,noise,0.0,0.0,0.0,28,0.0,0.0,alpha,0.009375,4.000406178832054,-3.734375,-3.725,0,0,160,0,80,80,40,0.0,0.49296875,0.53109375
0.504140625,0.5,2.7364194385325056,0.0,8.0,0.0,noise,0.0,0.0,0.0,28,0.0,0.0,alpha,0.00078125,8.000198245048523,-3.734375,-3.73359375,0,0,160,0,80,80,40,0.0,0.48592968750000004,0.523125
0.5084375,0.5,2.7364194385325056,0.0,16.0,0.0,noise,0.0,0.0,0.0,28,0.0,0.0,alpha,0.00390625,15.999975204467773,-3.734375,-3.73046875,0,0,160,0,80,80,40,0.0,0.490546875,0.5253203125
0.502890625,0.5,2.7364194385325056,0.0,32.0,0.0,noise,0.0,0.0,0.0,28,0.0,0.0,alpha,-0.00390625,31.999811911582945,-3.734375,-3.73828125,0,0,160,0,80,80,40,0.0,0.49076367187500003,0.513541015625
0.47515625,0.5,2.7364194385325056,0.0,64.0,0.0,noise,0.0,0.0,0.0,28,0.0,0.0,alpha,-0.04921875,63.999707746505734,-3.734375,-3.78359375,0,0,160,0,80,80,40,0.0,0.45812109375,0.48250781249999997
0.407421875,0.5,2.7364194385325056,0.0,128.0,0.0,noise,0.0,0.0,0.0,28,0.0,0.0,alpha,-0.16796875,127.99974927902221,-3.734375,-3.90234375,0,0,160,0,80,80,40,0.0,0.38140625,0.4161171875
0.505390625,0.5,2.7364194385325056,0.0,0.01,0.0,noise,0.0,0.0,0.0,28,0.0,0.0,z_mad,0.003125,0.002328946060151793,-3.734375,-3.73125,0,0,160,0,80,80,40,0.0,0.4934375,0.5176796875
0.507734375,0.5,2.7364194385325056,0.0,0.02,0.0,noise,0.0,0.0,0.0,28,0.0,0.0,z_mad,0.003125,0.006339776265667752,-3.734375,-3.73125,0,0,160,0,80,80,40,0.0,0.49765625,0.51671875
0.509609375,0.5,2.7364194385325056,0.0,0.04,0.0,noise,0.0,0.0,0.0,28,0.0,0.0,z_mad,0.00859375,0.0174392718821764,-3.734375,-3.72578125,0,0,160,0,80,80,40,0.0,0.49421875,0.527265625
0.5125,0.5,2.7364194385325056,0.0,0.08,0.0,noise,0.0,0.0,0.0,28,0.0,0.0,z_mad,0.01171875,0.0429585459176451,-3.734375,-3.72265625,0,0,160,0,80,80,40,0.0,0.49875,0.52734375
0.508828125,0.5,2.7364194385325056,0.0,0.16,0.0,noise,0.0,0.0,0.0,28,0.0,0.0,z_mad,0.00625,0.09240937558934093,-3.734375,-3.728125,0,0,160,0,80,80,40,0.0,0.50203125,0.5207929687499999
0.508046875,0.5,2.7364194385325056,0.0,0.32,0.0,noise,0.0,0.0,0.0,28,0.0,0.0,z_mad,0.00703125,0.1805731039494276,-3.734375,-3.72734375,0,0,160,0,80,80,40,0.0,0.494375,0.520625
0.506328125,0.5,2.7364194385325056,0.0,0.64,0.0,noise,0.0,0.0,0.0,28,0.0,0.0,z_mad,0.0015625,0.36069811657071116,-3.734375,-3.7328125,0,0,160,0,80,80,40,0.0,0.49328125,0.519611328125
0.508359375,0.5,2.7364194385325056,0.0,1.28,0.0,noise,0.0,0.0,0.0,28,0.0,0.0,z_mad,0.00546875,0.7151885040104389,-3.734375,-3.72890625,0,0,160,0,80,80,40,0.0,0.4909375,0.523205078125
0.507734375,0.5,2.7364194385325056,0.0,2.56,0.0,noise,0.0,0.0,0.0,28,0.0,0.0,z_mad,0.0078125,1.412675403058529,-3.734375,-3.7265625,0,0,160,0,80,80,40,0.0,0.49328125,0.52375
0.509140625,0.5,2.7364194385325056,0.0,5.12,0.0,noise,0.0,0.0,0.0,28,0.0,0.0,z_mad,0.0078125,2.8506664037704468,-3.734375,-3.7265625,0,0,160,0,80,80,40,0.0,0.49632226562500004,0.521640625
0.509921875,0.5,2.7364194385325056,0.0,10.24,0.0,noise,0.0,0.0,0.0,28,0.0,0.0,z_mad,0.0078125,5.70497236251831,-3.734375,-3.7265625,0,0,160,0,80,80,40,0.0,0.497654296875,0.5198476562500001
0.50734375,0.5,2.7364194385325056,0.0,20.48,0.0,noise,0.0,0.0,0.0,28,0.0,0.0,z_mad,0.0046875,11.479871261119843,-3.734375,-3.7296875,0,0,160,0,80,80,40,0.0,0.49858203125,0.5175
0.5046875,0.5,2.7364194385325056,0.0,0.01,0.0,noise,0.0,0.0,0.0,28,0.0,0.0,z_sd,0.0015625,0.023580641526496037,-3.734375,-3.7328125,0,0,160,0,80,80,40,0.0,0.49625,0.513984375
0.508984375,0.5,2.7364194385325056,0.0,0.02,0.0,noise,0.0,0.0,0.0,28,0.0,0.0,z_sd,0.0078125,0.05218598179053515,-3.734375,-3.7265625,0,0,160,0,80,80,40,0.0,0.494984375,0.52250390625
0.50609375,0.5,2.7364194385325056,0.0,0.04,0.0,noise,0.0,0.0,0.0,28,0.0,0.0,z_sd,0.0015625,0.10507618244737386,-3.734375,-3.7328125,0,0,160,0,80,80,40,0.0,0.49046484375,0.5195546875
0.5084375,0.5,2.7364194385325056,0.0,0.08,0.0,noise,0.0,0.0,0.0,28,0.0,0.0,z_sd,0.00703125,0.21253194445744156,-3.734375,-3.72734375,0,0,160,0,80,80,40,0.0,0.494048828125,0.52453515625
0.508203125,0.5,2.7364194385325056,0.0,0.16,0.0,noise,0.0,0.0,0.0,28,0.0,0.0,z_sd,0.0046875,0.4348827613517642,-3.734375,-3.7296875,0,0,160,0,80,80,40,0.0,0.4953125,0.5221875
0.5096875,0.5,2.7364194385325056,0.0,0.32,0.0,noise,0.0,0.0,0.0,28,0.0,0.0,z_sd,0.01171875,0.8471114359796047,-3.734375,-3.72265625,0,0,160,0,80,80,40,0.0,0.49765625,0.520625
0.50703125,0.5,2.7364194385325056,0.0,0.64,0.0,noise,0.0,0.0,0.0,28,0.0,0.0,z_sd,0.00390625,1.6170175664126873,-3.734375,-3.73046875,0,0,160,0,80,80,40,0.0,0.493046875,0.521328125
0.510078125,0.5,2.7364194385325056,0.0,1.28,0.0,noise,0.0,0.0,0.0,28,0.0,0.0,z_sd,0.00703125,3.419589859247208,-3.734375,-3.72734375,0,0,160,0,80,80,40,0.0,0.49671484374999997,0.527734375
0.506484375,0.5,2.7364194385325056,0.0,2.56,0.0,noise,0.0,0.0,0.0,28,0.0,0.0,z_sd,0.003125,6.850608161091804,-3.734375,-3.73125,0,0,160,0,80,80,40,0.0,0.4865546875,0.522265625
0.504453125,0.5,2.7364194385325056,0.0,5.12,0.0,noise,0.0,0.0,0.0,28,0.0,0.0,z_sd,0.0,14.082190895080567,-3.734375,-3.734375,0,0,160,0,80,80,40,0.0,0.49203125,0.515630859375
0.50125,0.5,2.7364194385325056,0.0,10.24,0.0,noise,0.0,0.0,0.0,28,0.0,0.0,z_sd,-0.0078125,25.19186637401581,-3.734375,-3.7421875,0,0,160,0,80,80,40,0.0,0.4875,0.5132890625000001
0.47546875,0.5,2.7364194385325056,0.0,20.48,0.0,noise,0.0,0.0,0.0,28,0.0,0.0,z_sd,-0.05,55.27462084293366,-3.734375,-3.784375,0,0,160,0,80,80,40,0.0,0.448416015625,0.48953125
0.51171875,0.5,2.866576577553538,0.0,0.25,0.0,random,0.0,0.0,0.0,28,0.0,0.0,alpha,0.008333333333333333,0.2533208946386973,-3.734375,-3.7260416666666667,0,0,240,0,120,120,40,0.0,0.50348828125,0.52312890625
0.5080729166666667,0.5,2.866576577553538,0.0,0.5,0.0,random,0.0,0.0,0.0,28,0.0,0.0,alpha,0.005208333333333333,0.5021521533528964,-3.734375,-3.7291666666666665,0,0,240,0,120,120,40,0.0,0.49468359375,0.5240625
0.50859375,0.5,2.866576577553538,0.0,1.0,0.0,random,0.0,0.0,0.0,28,0.0,0.0,alpha,0.0036458333333333334,1.0010984013477962,-3.734375,-3.730729166666667,0,0,240,0,120,120,40,0.0,0.49390234375,0.5261484375
0.51078125,0.5,2.866576577553538,0.0,2.0,0.0,random,0.0,0.0,0.0,28,0.0,0.0,alpha,0.007291666666666667,2.000394398967425,-3.734375,-3.7270833333333333,0,0,240,0,120,120,40,0.0,0.4952083333333333,0.5278645833333333
0.5080208333333334,0.5,2.866576577553538,0.0,4.0,0.0,random,0.0,0.0,0.0,28,0.0,0.0,alpha,0.004166666666666667,4.000462806224823,-3.734375,-3.730208333333333,0,0,240,0,120,120,40,0.0,0.490625,0.5276119791666667
0.5065104166666666,0.5,2.866576577553538,0.0,8.0,0.0,random,0.0,0.0,0.0,28,0.0,0.0,alpha,0.003125,8.000103418032328,-3.734375,-3.73125,0,0,240,0,120,120,40,0.0,0.4910924479166667,0.5225260416666666
0.508125,0.5,2.866576577553538,0.0,16.0,0.0,random,0.0,0.0,0.0,28,0.0,0.0,alpha,0.004166666666666667,16.00025975704193,-3.734375,-3.730208333333333,0,0,240,0,120,120,40,0.0,0.49437109375,0.5256770833333333
0.49963541666666667,0.5,2.866576577553538,0.0,32.0,0.0,random,0.0,0.0,0.0,28,0.0,0.0,alpha,-0.007291666666666667,32.000382041931154,-3.734375,-3.7416666666666667,0,0,240,0,120,120,40,0.0,0.47708333333333336,0.52345703125
0.4752604166666667,0.5,2.866576577553538,0.0,64.0,0.0,random,0.0,0.0,0.0,28,0.0,0.0,alpha,-0.04739583333333333,63.9999659538269,-3.734375,-3.7817708333333333,0,0,240,0,120,120,40,0.0,0.44083333333333335,0.50359765625
0.41723958333333333,0.5,2.866576577553538,0.0,128.0,0.0,random,0.0,0.0,0.0,28,0.0,0.0,alpha,-0.1578125,128.0013407389323,-3.734375,-3.8921875,0,0,240,0,120,120,40,0.0,0.3468671875,0.4797109375
0.5109895833333333,0.5,2.866576577553538,0.0,0.01,0.0,random,0.0,0.0,0.0,28,0.0,0.0,z_mad,0.009375,0.0023934524389915167,-3.734375,-3.725,0,0,240,0,120,120,40,0.0,0.5005195312499999,0.5226093749999999
0.5147916666666666,0.5,2.866576577553538,0.0,0.02,0.0,random,0.0,0.0,0.0,28,0.0,0.0,z_mad,0.016145833333333335,0.006684043479617685,-3.734375,-3.7182291666666667,0,0,240,0,120,120,40,0.0,0.50426953125,0.5293815104166667
0.5055208333333333,0.5,2.866576577553538,0.0,0.04,0.0,random,0.0,0.0,0.0,28,0.0,0.0,z_mad,0.0020833333333333333,0.0179871319172283,-3.734375,-3.732291666666667,0,0,240,0,120,120,40,0.0,0.49510286458333336,0.5159427083333333
0.50671875,0.5,2.866576577553538,0.0,0.08,0.0,random,0.0,0.0,0.0,28,0.0,0.0,z_mad,0.0015625,0.04465859467163682,-3.734375,-3.7328125,0,0,240,0,120,120,40,0.0,0.49420182291666664,0.5231276041666666
0.5070833333333333,0.5,2.866576577553538,0.0,0.16,0.0,random,0.0,0.0,0.0,28,0.0,0.0,z_mad,0.003125,0.09568925897280375,-3.734375,-3.73125,0,0,240,0,120,120,40,0.0,0.4945807291666667,0.5209947916666666
0.5099479166666666,0.5,2.866576577553538,0.0,0.32,0.0,random,0.0,0.0,0.0,28,0.0,0.0,z_mad,0.009895833333333333,0.18717411731680234,-3.734375,-3.724479166666667,0,0,240,0,120,120,40,0.0,0.49728515625,0.5251614583333333
0.51078125,0.5,2.866576577553538,0.0,0.64,0.0,random,0.0,0.0,0.0,28,0.0,0.0,z_mad,0.008854166666666666,0.36855296591917674,-3.734375,-3.7255208333333334,0,0,240,0,120,120,40,0.0,0.49942708333333335,0.5189583333333333
0.50796875,0.5,2.866576577553538,0.0,1.28,0.0,random,0.0,0.0,0.0,28,0.0,0.0,z_mad,0.0078125,0.7333988269170125,-3.734375,-3.7265625,0,0,240,0,120,120,40,0.0,0.49478906250000004,0.5228125
0.5065104166666666,0.5,2.866576577553538,0.0,2.56,0.0,random,0.0,0.0,0.0,28,0.0,0.0,z_mad,0.004166666666666667,1.4641047179698945,-3.734375,-3.730208333333333,0,0,240,0,120,120,40,0.0,0.49286458333333333,0.52115234375
0.5127604166666667,0.5,2.866576577553538,0.0,5.12,0.0,random,0.0,0.0,0.0,28,0.0,0.0,z_mad,0.011979166666666667,2.927470988035202,-3.734375,-3.722395833333333,0,0,240,0,120,120,40,0.0,0.49848828125,0.52901953125
0.5040104166666667,0.5,2.866576577553538,0.0,10.24,0.0,random,0.0,0.0,0.0,28,0.0,0.0,z_mad,-0.0005208333333333333,5.855864556630452,-3.734375,-3.7348958333333333,0,0,240,0,120,120,40,0.0,0.49124609375,0.5171875
0.5077604166666667,0.5,2.866576577553538,0.0,20.48,0.0,random,0.0,0.0,0.0,28,0.0,0.0,z_mad,0.005729166666666666,11.71009787718455,-3.734375,-3.728645833333333,0,0,240,0,120,120,40,0.0,0.49390625,0.521203125
0.51171875,0.5,2.866576577553538,0.0,0.01,0.0,random,0.0,0.0,0.0,28,0.0,0.0,z_sd,0.009895833333333333,0.018109744868706912,-3.734375,-3.724479166666667,0,0,240,0,120,120,40,0.0,0.49640234375,0.5300520833333333
0.50796875,0.5,2.866576577553538,0.0,0.02,0.0,random,0.0,0.0,0.0,28,0.0,0.0,z_sd,0.005729166666666666,0.042917112408516304,-3.734375,-3.728645833333333,0,0,240,0,120,120,40,0.0,0.4965625,0.5186979166666666
0.5077604166666667,0.5,2.866576577553538,0.0,0.04,0.0,random,0.0,0.0,0.0,28,0.0,0.0,z_sd,0.003125,0.09085437695806226,-3.734375,-3.73125,0,0,240,0,120,120,40,0.0,0.49510156250000004,0.5168268229166667
0.509375,0.5,2.866576577553538,0.0,0.08,0.0,random,0.0,0.0,0.0,28,0.0,0.0,z_sd,0.0067708333333333336,0.18103771694004536,-3.734375,-3.7276041666666666,0,0,240,0,120,120,40,0.0,0.49541406250000003,0.52526171875
0.5084375,0.5,2.866576577553538,0.0,0.16,0.0,random,0.0,0.0,0.0,28,0.0,0.0,z_sd,0.008333333333333333,0.35754710944990314,-3.734375,-3.7260416666666667,0,0,240,0,120,120,40,0.0,0.49661458333333336,0.5211510416666666
0.5049479166666667,0.5,2.866576577553538,0.0,0.32,0.0,random,0.0,0.0,0.0,28,0.0,0.0,z_sd,0.0010416666666666667,0.7110674912730853,-3.734375,-3.7333333333333334,0,0,240,0,120,120,40,0.0,0.49359114583333336,0.5157968749999999
0.505625,0.5,2.866576577553538,0.0,0.64,0.0,random,0.0,0.0,0.0,28,0.0,0.0,z_sd,0.0026041666666666665,1.4194791997472445,-3.734375,-3.7317708333333335,0,0,240,0,120,120,40,0.0,0.4915026041666667,0.51890625
0.5103645833333333,0.5,2.866576577553538,0.0,1.28,0.0,random,0.0,0.0,0.0,28,0.0,0.0,z_sd,0.009375,2.8375911702712378,-3.734375,-3.725,0,0,240,0,120,120,40,0.0,0.49650781250000003,0.52777734375
0.50546875,0.5,2.866576577553538,0.0,2.56,0.0,random,0.0,0.0,0.0,28,0.0,0.0,z_sd,0.0010416666666666667,5.674957110484441,-3.734375,-3.7333333333333334,0,0,240,0,120,120,40,0.0,0.4904609375,0.5200013020833334
0.5053645833333333,0.5,2.866576577553538,0.0,5.12,0.0,random,0.0,0.0,0.0,28,0.0,0.0,z_sd,-0.0026041666666666665,11.349503831068676,-3.734375,-3.7369791666666665,0,0,240,0,120,120,40,0.0,0.4941640625,0.51969140625
0.4991145833333333,0.5,2.866576577553538,0.0,10.24,0.0,random,0.0,0.0,0.0,28,0.0,0.0,z_sd,-0.011458333333333333,22.69930470784505,-3.734375,-3.745833333333333,0,0,240,0,120,120,40,0.0,0.48030859374999996,0.5138046875
0.4777604166666667,0.5,2.866576577553538,0.0,20.48,0.0,random,0.0,0.0,0.0,28,0.0,0.0,z_sd,-0.046875,45.39792167345683,-3.734375,-3.78125,0,0,240,0,120,120,40,0.0,0.42410546875,0.51433984375
0.511453125,0.5,3.2275758330035513,0.0,0.25,0.0,concept,0.0,0.0,0.0,29,0.0,0.0,alpha,0.01171875,0.2557442131638527,-3.734375,-3.72265625,0,0,800,0,400,400,40,0.0,0.5013894531249999,0.520687890625
0.508953125,0.5,3.2275758330035513,0.0,0.5,0.0,concept,0.0,0.0,0.0,29,0.0,0.0,alpha,0.00875,0.5025040476769209,-3.734375,-3.725625,0,0,800,0,400,400,40,0.0,0.5001859375,0.519609765625
0.5091875,0.5,3.2275758330035513,0.0,1.0,0.0,concept,0.0,0.0,0.0,29,0.0,0.0,alpha,0.00890625,1.0033702656626702,-3.734375,-3.72546875,0,0,800,0,400,400,40,0.0,0.50071796875,0.518828515625
0.510296875,0.5,3.2275758330035513,0.0,2.0,0.0,concept,0.0,0.0,0.0,29,0.0,0.0,alpha,0.01,2.000579226911068,-3.734375,-3.724375,0,0,800,0,400,400,40,0.0,0.5012136718750001,0.5214558593749999
0.511015625,0.5,3.2275758330035513,0.0,4.0,0.0,concept,0.0,0.0,0.0,29,0.0,0.0,alpha,0.0096875,3.9987330764532087,-3.734375,-3.7246875,0,0,800,0,400,400,40,0.0,0.50276484375,0.520062890625
0.512078125,0.5,3.2275758330035513,0.0,8.0,0.0,concept,0.0,0.0,0.0,29,0.0,0.0,alpha,0.01234375,8.00034009218216,-3.734375,-3.72203125,0,0,800,0,400,400,40,0.0,0.500483984375,0.524971875
0.507796875,0.5,3.2275758330035513,0.0,16.0,0.0,concept,0.0,0.0,0.0,29,0.0,0.0,alpha,0.005625,16.000357582569123,-3.734375,-3.72875,0,0,800,0,400,400,40,0.0,0.495966796875,0.519331640625
0.505125,0.5,3.2275758330035513,0.0,32.0,0.0,concept,0.0,0.0,0.0,29,0.0,0.0,alpha,0.00125,32.00018521308899,-3.734375,-3.733125,0,0,800,0,400,400,40,0.0,0.491639453125,0.517266015625
0.490765625,0.5,3.2275758330035513,0.0,64.0,0.0,concept,0.0,0.0,0.0,29,0.0,0.0,alpha,-0.02390625,64.00029562950134,-3.734375,-3.75828125,0,0,800,0,400,400,40,0.0,0.47121289062500005,0.504579296875
0.434671875,0.5,3.2275758330035513,0.0,128.0,0.0,concept,0.0,0.0,0.0,29,0.0,0.0,alpha,-0.1215625,128.00162506103516,-3.734375,-3.8559375,0,0,800,0,400,400,40,0.0,0.39913281250000004,0.454719140625
0.508921875,0.5,3.2275758330035513,0.0,0.01,0.0,concept,0.0,0.0,0.0,29,0.0,0.0,z_mad,0.0075,0.008714357382850722,-3.734375,-3.726875,0,0,800,0,400,400,40,0.0,0.5021082031249999,0.51715703125
0.508109375,0.5,3.2275758330035513,0.0,0.02,0.0,concept,0.0,0.0,0.0,29,0.0,0.0,z_mad,0.00578125,0.023264137906953693,-3.734375,-3.72859375,0,0,800,0,400,400,40,0.0,0.49957578124999996,0.5174492187499999
0.5105,0.5,3.2275758330035513,0.0,0.04,0.0,concept,0.0,0.0,0.0,29,0.0,0.0,z_mad,0.00953125,0.05565899115987122,-3.734375,-3.72484375,0,0,800,0,400,400,40,0.0,0.502046484375,0.521672265625
0.508140625,0.5,3.2275758330035513,0.0,0.08,0.0,concept,0.0,0.0,0.0,29,0.0,0.0,z_mad,0.00625,0.1175522612966597,-3.734375,-3.728125,0,0,800,0,400,400,40,0.0,0.499109375,0.5168296875
0.51078125,0.5,3.2275758330035513,0.0,0.16,0.0,concept,0.0,0.0,0.0,29,0.0,0.0,z_mad,0.01046875,0.23273210354149343,-3.734375,-3.72390625,0,0,800,0,400,400,40,0.0,0.50137421875,0.5219546875000001
0.51078125,0.5,3.2275758330035513,0.0,0.32,0.0,concept,0.0,0.0,0.0,29,0.0,0.0,z_mad,0.00984375,0.45778303921222685,-3.734375,-3.72453125,0,0,800,0,400,400,40,0.0,0.5034992187499999,0.51957890625
0.510328125,0.5,3.2275758330035513,0.0,0.64,0.0,concept,0.0,0.0,0.0,29,0.0,0.0,z_mad,0.0096875,0.9120557478070259,-3.734375,-3.7246875,0,0,800,0,400,400,40,0.0,0.50249375,0.519344140625
0.50928125,0.5,3.2275758330035513,0.0,1.28,0.0,concept,0.0,0.0,0.0,29,0.0,0.0,z_mad,0.0084375,1.8217569023370743,-3.734375,-3.7259375,0,0,800,0,400,400,40,0.0,0.500340234375,0.5186332031249999
0.510265625,0.5,3.2275758330035513,0.0,2.56,0.0,concept,0.0,0.0,0.0,29,0.0,0.0,z_mad,0.00921875,3.6424978470802305,-3.734375,-3.72515625,0,0,800,0,400,400,40,0.0,0.502276953125,0.519423828125
0.513921875,0.5,3.2275758330035513,0.0,5.12,0.0,concept,0.0,0.0,0.0,29,0.0,0.0,z_mad,0.01453125,7.2835839247703555,-3.734375,-3.71984375,0,0,800,0,400,400,40,0.0,0.5016671875,0.527533203125
0.51184375,0.5,3.2275758330035513,0.0,10.24,0.0,concept,0.0,0.0,0.0,29,0.0,0.0,z_mad,0.01046875,14.564767343997955,-3.734375,-3.72390625,0,0,800,0,400,400,40,0.0,0.5015140625,0.52406796875
0.50803125,0.5,3.2275758330035513,0.0,20.48,0.0,concept,0.0,0.0,0.0,29,0.0,0.0,z_mad,0.00484375,29.130481395721436,-3.734375,-3.72953125,0,0,800,0,400,400,40,0.0,0.495824609375,0.522603125
0.50915625,0.5,3.2275758330035513,0.0,0.01,0.0,concept,0.0,0.0,0.0,29,0.0,0.0,z_sd,0.00796875,0.23577869764762,-3.734375,-3.72640625,0,0,800,0,400,400,40,0.0,0.500951171875,0.5179078125000001
0.509171875,0.5,3.2275758330035513,0.0,0.02,0.0,concept,0.0,0.0,0.0,29,0.0,0.0,z_sd,0.006875,0.4713656121911481,-3.734375,-3.7275,0,0,800,0,400,400,40,0.0,0.5005300781249999,0.51758203125
0.510359375,0.5,3.2275758330035513,0.0,0.04,0.0,concept,0.0,0.0,0.0,29,0.0,0.0,z_sd,0.0096875,0.938622127296403,-3.734375,-3.7246875,0,0,800,0,400,400,40,0.0,0.503405078125,0.520266015625
0.508421875,0.5,3.2275758330035513,0.0,0.08,0.0,concept,0.0,0.0,0.0,29,0.0,0.0,z_sd,0.00640625,1.8763252703472972,-3.734375,-3.72796875,0,0,800,0,400,400,40,0.0,0.500402734375,0.516859765625
0.511140625,0.5,3.2275758330035513,0.0,0.16,0.0,concept,0.0,0.0,0.0,29,0.0,0.0,z_sd,0.01109375,3.751647751554847,-3.734375,-3.72328125,0,0,800,0,400,400,40,0.0,0.50228125,0.5209078125000001
0.511515625,0.5,3.2275758330035513,0.0,0.32,0.0,concept,0.0,0.0,0.0,29,0.0,0.0,z_sd,0.0121875,7.5022719665616755,-3.734375,-3.7221875,0,0,800,0,400,400,40,0.0,0.50124765625,0.52620703125
0.51103125,0.5,3.2275758330035513,0.0,0.64,0.0,concept,0.0,0.0,0.0,29,0.0,0.0,z_sd,0.010625,15.00002646252513,-3.734375,-3.72375,0,0,800,0,400,400,40,0.0,0.49909296875,0.5234671875
0.50584375,0.5,3.2275758330035513,0.0,1.28,0.0,concept,0.0,0.0,0.0,29,0.0,0.0,z_sd,0.00046875,30.002067113518716,-3.734375,-3.73390625,0,0,800,0,400,400,40,0.0,0.48998320312500004,0.520143359375
0.480984375,0.5,3.2275758330035513,0.0,2.56,0.0,concept,0.0,0.0,0.0,29,0.0,0.0,z_sd,-0.0403125,60.00210240244866,-3.734375,-3.7746875,0,0,800,0,400,400,40,0.0,0.438319140625,0.5106265625
0.446984375,0.5,3.2275758330035513,0.0,5.12,0.0,concept,0.0,0.0,0.0,29,0.0,0.0,z_sd,-0.093125,120.00389739990234,-3.734375,-3.8275,0,0,800,0,400,400,40,0.0,0.38301953125,0.489485546875
0.40925,0.5,3.2275758330035513,0.0,10.24,0.0,concept,0.0,0.0,0.0,29,0.0,0.0,z_sd,-0.151875,240.00683060646057,-3.734375,-3.88625,0,0,800,0,400,400,40,0.0,0.34705703125,0.45636249999999995
0.369296875,0.5,3.2275758330035513,0.0,20.48,0.0,concept,0.0,0.0,0.0,29,0.0,0.0,z_sd,-0.22875,480.0128333234787,-3.734375,-3.963125,0,0,800,0,400,400,40,0.0,0.301227734375,0.425623046875
0.505,0.5,2.7364194385325056,0.0,0.25,0.0,dropout,0.0,0.0,0.0,29,0.0,0.0,alpha,0.0015625,0.05773133361471992,-3.734375,-3.7328125,0,0,160,0,80,80,40,0.0,0.49515625,0.51765625
0.506875,0.5,2.7364194385325056,0.0,0.5,0.0,dropout,0.0,0.0,0.0,29,0.0,0.0,alpha,0.0046875,0.21388709536986425,-3.734375,-3.7296875,0,0,160,0,80,80,40,0.0,0.500150390625,0.5156328125
0.5059375,0.5,2.7364194385325056,0.0,1.0,0.0,dropout,0.0,0.0,0.0,29,0.0,0.0,alpha,0.00390625,0.6866028808057308,-3.734375,-3.73046875,0,0,160,0,80,80,40,0.0,0.49373828125,0.521251953125
0.504921875,0.5,2.7364194385325056,0.0,2.0,0.0,dropout,0.0,0.0,0.0,29,0.0,0.0,alpha,0.0015625,1.5873387932777405,-3.734375,-3.7328125,0,0,160,0,80,80,40,0.0,0.4896875,0.520943359375
0.512109375,0.5,2.7364194385325056,0.0,4.0,0.0,dropout,0.0,0.0,0.0,29,0.0,0.0,alpha,0.0140625,3.4134096175432207,-3.734375,-3.7203125,0,0,160,0,80,80,40,0.0,0.50296875,0.5259375
0.505546875,0.5,2.7364194385325056,0.0,8.0,0.0,dropout,0.0,0.0,0.0,29,0.0,0.0,alpha,0.00546875,7.246263712644577,-3.734375,-3.72890625,0,0,160,0,80,80,40,0.0,0.4928125,0.521875
0.50140625,0.5,2.7364194385325056,0.0,16.0,0.0,dropout,0.0,0.0,0.0,29,0.0,0.0,alpha,-0.0015625,15.574667763710021,-3.734375,-3.7359375,0,0,160,0,80,80,40,0.0,0.48265625,0.517427734375
0.489765625,0.5,2.7364194385325056,0.0,32.0,0.0,dropout,0.0,0.0,0.0,29,0.0,0.0,alpha,-0.0265625,31.949887180328368,-3.734375,-3.7609375,0,0,160,0,80,80,40,0.0,0.4584375,0.505798828125
0.44578125,0.5,2.7364194385325056,0.0,64.0,0.0,dropout,0.0,0.0,0.0,29,0.0,0.0,alpha,-0.1,62.854505348205564,-3.734375,-3.834375,0,0,160,0,80,80,40,0.0,0.4204609375,0.45516406249999997
0.36421875,0.5,2.7364194385325056,0.0,128.0,0.0,dropout,0.0,0.0,0.0,29,0.0,0.0,alpha,-0.29296875,118.93066902160645,-3.734375,-4.02734375,0,0,160,0,80,80,40,0.0,0.31373828125,0.38421875
0.5,0.5,2.7364194385325056,0.0,0.01,0.0,dropout,0.0,0.0,0.0,29,0.0,0.0,z_mad,0.0,0.0,-3.734375,-3.734375,0,0,160,0,80,80,40,0.0,0.5,0.5
0.5,0.5,2.7364194385325056,0.0,0.02,0.0,dropout,0.0,0.0,0.0,29,0.0,0.0,z_mad,0.0,0.0010009765625,-3.734375,-3.734375,0,0,160,0,80,80,40,0.0,0.5,0.5
0.5,0.5,2.7364194385325056,0.0,0.04,0.0,dropout,0.0,0.0,0.0,29,0.0,0.0,z_mad,0.0,0.0006591796875,-3.734375,-3.734375,0,0,160,0,80,80,40,0.0,0.5,0.5
0.5,0.5,2.7364194385325056,0.0,0.08,0.0,dropout,0.0,0.0,0.0,29,0.0,0.0,z_mad,0.0,0.0019444057601504029,-3.734375,-3.734375,0,0,160,0,80,80,40,0.0,0.5,0.5
0.5,0.5,2.7364194385325056,0.0,0.16,0.0,dropout,0.0,0.0,0.0,29,0.0,0.0,z_mad,0.0,0.0059127082233317195,-3.734375,-3.734375,0,0,160,0,80,80,40,0.0,0.49796484375,0.501328125
0.5034375,0.5,2.7364194385325056,0.0,0.32,0.0,dropout,0.0,0.0,0.0,29,0.0,0.0,z_mad,0.0015625,0.03820049515925348,-3.734375,-3.7328125,0,0,160,0,80,80,40,0.0,0.49577734375,0.51171875
0.505,0.5,2.7364194385325056,0.0,0.64,0.0,dropout,0.0,0.0,0.0,29,0.0,0.0,z_mad,0.00390625,0.1314758824039018,-3.734375,-3.73046875,0,0,160,0,80,80,40,0.0,0.495625,0.5121875
0.512109375,0.5,2.7364194385325056,0.0,1.28,0.0,dropout,0.0,0.0,0.0,29,0.0,0.0,z_mad,0.0109375,0.447460862994194,-3.734375,-3.7234375,0,0,160,0,80,80,40,0.0,0.50014453125,0.5234375
0.51171875,0.5,2.7364194385325056,0.0,2.56,0.0,dropout,0.0,0.0,0.0,29,0.0,0.0,z_mad,0.009375,1.2039476834237575,-3.734375,-3.725,0,0,160,0,80,80,40,0.0,0.501859375,0.526015625
0.5153125,0.5,2.7364194385325056,0.0,5.12,0.0,dropout,0.0,0.0,0.0,29,0.0,0.0,z_mad,0.015625,2.4855744153261186,-3.734375,-3.71875,0,0,160,0,80,80,40,0.0,0.505224609375,0.52765625
0.509765625,0.5,2.7364194385325056,0.0,10.24,0.0,dropout,0.0,0.0,0.0,29,0.0,0.0,z_mad,0.009375,5.465033155679703,-3.734375,-3.725,0,0,160,0,80,80,40,0.0,0.49858984375,0.52265625
0.5025,0.5,2.7364194385325056,0.0,20.48,0.0,dropout,0.0,0.0,0.0,29,0.0,0.0,z_mad,-0.00234375,11.854738342761994,-3.734375,-3.73671875,0,0,160,0,80,80,40,0.0,0.48812109374999996,0.5128125
0.500234375,0.5,2.7364194385325056,0.0,0.01,0.0,dropout,0.0,0.0,0.0,29,0.0,0.0,z_sd,0.00078125,0.0009684245102107525,-3.734375,-3.73359375,0,0,160,0,80,80,40,0.0,0.5,0.50125
0.500625,0.5,2.7364194385325056,0.0,0.02,0.0,dropout,0.0,0.0,0.0,29,0.0,0.0,z_sd,0.00078125,0.005032673454843461,-3.734375,-3.73359375,0,0,160,0,80,80,40,0.0,0.4978125,0.5034375
0.50125,0.5,2.7364194385325056,0.0,0.04,0.0,dropout,0.0,0.0,0.0,29,0.0,0.0,z_sd,0.0015625,0.01688296060310677,-3.734375,-3.7328125,0,0,160,0,80,80,40,0.0,0.494609375,0.5065625
0.50984375,0.5,2.7364194385325056,0.0,0.08,0.0,dropout,0.0,0.0,0.0,29,0.0,0.0,z_sd,0.01171875,0.08734402902191504,-3.734375,-3.72265625,0,0,160,0,80,80,40,0.0,0.5046875,0.5165625
0.503046875,0.5,2.7364194385325056,0.0,0.16,0.0,dropout,0.0,0.0,0.0,29,0.0,0.0,z_sd,0.0,0.29300826536491514,-3.734375,-3.734375,0,0,160,0,80,80,40,0.0,0.493828125,0.5128203125
0.502734375,0.5,2.7364194385325056,0.0,0.32,0.0,dropout,0.0,0.0,0.0,29,0.0,0.0,z_sd,0.0015625,0.8571939632296562,-3.734375,-3.7328125,0,0,160,0,80,80,40,0.0,0.494375,0.50859375
0.51046875,0.5,2.7364194385325056,0.0,0.64,0.0,dropout,0.0,0.0,0.0,29,0.0,0.0,z_sd,0.009375,1.8421829015016555,-3.734375,-3.725,0,0,160,0,80,80,40,0.0,0.49764843750000004,0.519375
0.50515625,0.5,2.7364194385325056,0.0,1.28,0.0,dropout,0.0,0.0,0.0,29,0.0,0.0,z_sd,0.0015625,4.063660788536072,-3.734375,-3.7328125,0,0,160,0,80,80,40,0.0,0.492421875,0.5157890625
0.509296875,0.5,2.7364194385325056,0.0,2.56,0.0,dropout,0.0,0.0,0.0,29,0.0,0.0,z_sd,0.0078125,8.583422541618347,-3.734375,-3.7265625,0,0,160,0,80,80,40,0.0,0.499921875,0.5201640625
0.4959375,0.5,2.7364194385325056,0.0,5.12,0.0,dropout,0.0,0.0,0.0,29,0.0,0.0,z_sd,-0.0140625,18.137979447841644,-3.734375,-3.7484375,0,0,160,0,80,80,40,0.0,0.48093164062500005,0.5053125
0.48640625,0.5,2.7364194385325056,0.0,10.24,0.0,dropout,0.0,0.0,0.0,29,0.0,0.0,z_sd,-0.0296875,37.4514461517334,-3.734375,-3.7640625,0,0,160,0,80,80,40,0.0,0.46328125,0.503046875
0.448125,0.5,2.7364194385325056,0.0,20.48,0.0,dropout,0.0,0.0,0.0,29,0.0,0.0,z_sd,-0.10390625,72.83987145423889,-3.734375,-3.83828125,0,0,160,0,80,80,40,0.0,0.423125,0.45984375
0.50484375,0.5,2.7364194385325056,0.0,0.25,0.0,noise,0.0,0.0,0.0,29,0.0,0.0,alpha,0.0015625,0.25426256433129313,-3.734375,-3.7328125,0,0,160,0,80,80,40,0.0,0.49,0.51875
0.50953125,0.5,2.7364194385325056,0.0,0.5,0.0,noise,0.0,0.0,0.0,29,0.0,0.0,alpha,0.0078125,0.502452141046524,-3.734375,-3.7265625,0,0,160,0,80,80,40,0.0,0.4991953125,0.5203125
0.51,0.5,2.7364194385325056,0.0,1.0,0.0,noise,0.0,0.0,0.0,29,0.0,0.0,alpha,0.0125,1.0011269882321359,-3.734375,-3.721875,0,0,160,0,80,80,40,0.0,0.49765625,0.52453125
0.505,0.5,2.7364194385325056,0.0,2.0,0.0,noise,0.0,0.0,0.0,29,0.0,0.0,alpha,0.00234375,2.0005295500159264,-3.734375,-3.73203125,0,0,160,0,80,80,40,0.0,0.49375,0.514931640625
0.506328125,0.5,2.7364194385325056,0.0,4.0,0.0,noise,0.0,0.0,0.0,29,0.0,0.0,alpha,0.0046875,4.000424712896347,-3.734375,-3.7296875,0,0,160,0,80,80,40,0.0,0.49686718750000003,0.518828125
0.50734375,0.5,2.7364194385325056,0.0,8.0,0.0,noise,0.0,0.0,0.0,29,0.0,0.0,alpha,0.00390625,8.000079959630966,-3.734375,-3.73046875,0,0,160,0,80,80,40,0.0,0.4946875,0.521796875
0.505546875,0.5,2.7364194385325056,0.0,16.0,0.0,noise,0.0,0.0,0.0,29,0.0,0.0,alpha,0.0,16.000041055679322,-3.734375,-3.734375,0,0,160,0,80,80,40,0.0,0.491087890625,0.51703125
0.50296875,0.5,2.7364194385325056,0.0,32.0,0.0,noise,0.0,0.0,0.0,29,0.0,0.0,alpha,-0.00859375,31.99985475540161,-3.734375,-3.74296875,0,0,160,0,80,80,40,0.0,0.49109375,0.5115625
0.483203125,0.5,2.7364194385325056,0.0,64.0,0.0,noise,0.0,0.0,0.0,29,0.0,0.0,alpha,-0.0375,63.9994152545929,-3.734375,-3.771875,0,0,160,0,80,80,40,0.0,0.46578125,0.4903125
0.443125,0.5,2.7364194385325056,0.0,128.0,0.0,noise,0.0,0.0,0.0,29,0.0,0.0,alpha,-0.103125,127.99917631149292,-3.734375,-3.8375,0,0,160,0,80,80,40,0.0,0.4234375,0.4470390625
0.5071875,0.5,2.7364194385325056,0.0,0.01,0.0,noise,0.0,0.0,0.0,29,0.0,0.0,z_mad,0.00546875,0.0025033678190084173,-3.734375,-3.72890625,0,0,160,0,80,80,40,0.0,0.49499609375,0.51625
0.505546875,0.5,2.7364194385325056,0.0,0.02,0.0,noise,0.0,0.0,0.0,29,0.0,0.0,z_mad,0.0046875,0.007141321856761351,-3.734375,-3.7296875,0,0,160,0,80,80,40,0.0,0.4990625,0.5140625
0.504765625,0.5,2.7364194385325056,0.0,0.04,0.0,noise,0.0,0.0,0.0,29,0.0,0.0,z_mad,0.0046875,0.019095771573483945,-3.734375,-3.7296875,0,0,160,0,80,80,40,0.0,0.49296484375,0.51812890625
0.513046875,0.5,2.7364194385325056,0.0,0.08,0.0,noise,0.0,0.0,0.0,29,0.0,0.0,z_mad,0.0140625,0.04692282779142261,-3.734375,-3.7203125,0,0,160,0,80,80,40,0.0,0.5053066406250001,0.5215625
0.5078125,0.5,2.7364194385325056,0.0,0.16,0.0,noise,0.0,0.0,0.0,29,0.0,0.0,z_mad,0.0046875,0.10206404216587543,-3.734375,-3.7296875,0,0,160,0,80,80,40,0.0,0.49538867187499996,0.52296875
0.510625,0.5,2.7364194385325056,0.0,0.32,0.0,noise,0.0,0.0,0.0,29,0.0,0.0,z_mad,0.0078125,0.20013689808547497,-3.734375,-3.7265625,0,0,160,0,80,80,40,0.0,0.498671875,0.52203125
0.51109375,0.5,2.7364194385325056,0.0,0.64,0.0,noise,0.0,0.0,0.0,29,0.0,0.0,z_mad,0.01015625,0.3940154820680618,-3.734375,-3.72421875,0,0,160,0,80,80,40,0.0,0.503125,0.51812890625
0.513203125,0.5,2.7364194385325056,0.0,1.28,0.0,noise,0.0,0.0,0.0,29,0.0,0.0,z_mad,0.01328125,0.7794899195432663,-3.734375,-3.72109375,0,0,160,0,80,80,40,0.0,0.498357421875,0.52625
0.511171875,0.5,2.7364194385325056,0.0,2.56,0.0,noise,0.0,0.0,0.0,29,0.0,0.0,z_mad,0.0125,1.5665656596422195,-3.734375,-3.721875,0,0,160,0,80,80,40,0.0,0.5054609375,0.51984375
0.5084375,0.5,2.7364194385325056,0.0,5.12,0.0,noise,0.0,0.0,0.0,29,0.0,0.0,z_mad,0.0078125,3.1542503476142882,-3.734375,-3.7265625,0,0,160,0,80,80,40,0.0,0.49984375,0.517890625
0.510703125,0.5,2.7364194385325056,0.0,10.24,0.0,noise,0.0,0.0,0.0,29,0.0,0.0,z_mad,0.00859375,6.350979155302047,-3.734375,-3.72578125,0,0,160,0,80,80,40,0.0,0.49841796875,0.528125
0.509375,0.5,2.7364194385325056,0.0,20.48,0.0,noise,0.0,0.0,0.0,29,0.0,0.0,z_mad,0.00703125,12.574032199382781,-3.734375,-3.72734375,0,0,160,0,80,80,40,0.0,0.498125,0.52125
0.508828125,0.5,2.7364194385325056,0.0,0.01,0.0,noise,0.0,0.0,0.0,29,0.0,0.0,z_sd,0.009375,0.02118908929405734,-3.734375,-3.725,0,0,160,0,80,80,40,0.0,0.4990625,0.51875
0.50484375,0.5,2.7364194385325056,0.0,0.02,0.0,noise,0.0,0.0,0.0,29,0.0,0.0,z_sd,0.0015625,0.04787490989547223,-3.734375,-3.7328125,0,0,160,0,80,80,40,0.0,0.496166015625,0.5128125
0.51015625,0.5,2.7364194385325056,0.0,0.04,0.0,noise,0.0,0.0,0.0,29,0.0,0.0,z_sd,0.00703125,0.10459008663892747,-3.734375,-3.72734375,0,0,160,0,80,80,40,0.0,0.498125,0.521328125
0.50828125,0.5,2.7364194385325056,0.0,0.08,0.0,noise,0.0,0.0,0.0,29,0.0,0.0,z_sd,0.00546875,0.1980730114504695,-3.734375,-3.72890625,0,0,160,0,80,80,40,0.0,0.49639453125,0.518125
0.51171875,0.5,2.7364194385325056,0.0,0.16,0.0,noise,0.0,0.0,0.0,29,0.0,0.0,z_sd,0.01171875,0.391926290653646,-3.734375,-3.72265625,0,0,160,0,80,80,40,0.0,0.499375,0.5242207031249999
0.506171875,0.5,2.7364194385325056,0.0,0.32,0.0,noise,0.0,0.0,0.0,29,0.0,0.0,z_sd,0.00390625,0.8050116121768951,-3.734375,-3.73046875,0,0,160,0,80,80,40,0.0,0.4954453125,0.51734375
0.5096875,0.5,2.7364194385325056,0.0,0.64,0.0,noise,0.0,0.0,0.0,29,0.0,0.0,z_sd,0.0078125,1.6398044131696223,-3.734375,-3.7265625,0,0,160,0,80,80,40,0.0,0.501328125,0.519375
0.508984375,0.5,2.7364194385325056,0.0,1.28,0.0,noise,0.0,0.0,0.0,29,0.0,0.0,z_sd,0.00625,3.4589848831295966,-3.734375,-3.728125,0,0,160,0,80,80,40,0.0,0.49608984375,0.5234375
0.5084375,0.5,2.7364194385325056,0.0,2.56,0.0,noise,0.0,0.0,0.0,29,0.0,0.0,z_sd,0.00546875,6.5311152845621105,-3.734375,-3.72890625,0,0,160,0,80,80,40,0.0,0.50140625,0.516875
0.5028125,0.5,2.7364194385325056,0.0,5.12,0.0,noise,0.0,0.0,0.0,29,0.0,0.0,z_sd,-0.0015625,13.248696899414062,-3.734375,-3.7359375,0,0,160,0,80,80,40,0.0,0.48812109374999996,0.5175
0.50453125,0.5,2.7364194385325056,0.0,10.24,0.0,noise,0.0,0.0,0.0,29,0.0,0.0,z_sd,-0.00390625,25.286213600635527,-3.734375,-3.73828125,0,0,160,0,80,80,40,0.0,0.48905664062500004,0.51796875
0.4875,0.5,2.7364194385325056,0.0,20.48,0.0,noise,0.0,0.0,0.0,29,0.0,0.0,z_sd,-0.028125,51.41483240127563,-3.734375,-3.7625,0,0,160,0,80,80,40,0.0,0.4690625,0.50328125
0.50953125,0.5,2.866576577553538,0.0,0.25,0.0,random,0.0,0.0,0.0,29,0.0,0.0,alpha,0.0078125,0.25413719738523166,-3.734375,-3.7265625,0,0,240,0,120,120,40,0.0,0.5022916666666667,0.5217734374999999
0.5083333333333333,0.5,2.866576577553538,0.0,0.5,0.0,random,0.0,0.0,0.0,29,0.0,0.0,alpha,0.005208333333333333,0.5023515899976094,-3.734375,-3.7291666666666665,0,0,240,0,120,120,40,0.0,0.49894661458333334,0.5155208333333333
0.511875,0.5,2.866576577553538,0.0,1.0,0.0,random,0.0,0.0,0.0,29,0.0,0.0,alpha,0.009895833333333333,1.0012965112924577,-3.734375,-3.724479166666667,0,0,240,0,120,120,40,0.0,0.49885416666666665,0.5267708333333333
0.5103125,0.5,2.866576577553538,0.0,2.0,0.0,random,0.0,0.0,0.0,29,0.0,0.0,alpha,0.0078125,2.0004263430833817,-3.734375,-3.7265625,0,0,240,0,120,120,40,0.0,0.5002083333333334,0.5214609375
0.5066145833333333,0.5,2.866576577553538,0.0,4.0,0.0,random,0.0,0.0,0.0,29,0.0,0.0,alpha,0.00625,4.00038451552391,-3.734375,-3.728125,0,0,240,0,120,120,40,0.0,0.4972916666666667,0.51954296875
0.5141666666666667,0.5,2.866576577553538,0.0,8.0,0.0,random,0.0,0.0,0.0,29,0.0,0.0,alpha,0.015625,8.001006277402242,-3.734375,-3.71875,0,0,240,0,120,120,40,0.0,0.50499609375,0.5229765625
0.5110416666666666,0.5,2.866576577553538,0.0,16.0,0.0,random,0.0,0.0,0.0,29,0.0,0.0,alpha,0.009895833333333333,16.00104044278463,-3.734375,-3.724479166666667,0,0,240,0,120,120,40,0.0,0.50228125,0.51932421875
0.51234375,0.5,2.866576577553538,0.0,32.0,0.0,random,0.0,0.0,0.0,29,0.0,0.0,alpha,0.011979166666666667,32.001409975687665,-3.734375,-3.722395833333333,0,0,240,0,120,120,40,0.0,0.4972916666666667,0.5281770833333334
0.5042708333333333,0.5,2.866576577553538,0.0,64.0,0.0,random,0.0,0.0,0.0,29,0.0,0.0,alpha,0.0020833333333333333,64.0029416402181,-3.734375,-3.732291666666667,0,0,240,0,120,120,40,0.0,0.4851549479166667,0.5324479166666667
0.4923958333333333,0.5,2.866576577553538,0.0,128.0,0.0,random,0.0,0.0,0.0,29,0.0,0.0,alpha,-0.016145833333333335,128.00603065490722,-3.734375,-3.7505208333333333,0,0,240,0,120,120,40,0.0,0.4582747395833333,0.5296992187499999
0.5118229166666667,0.5,2.866576577553538,0.0,0.01,0.0,random,0.0,0.0,0.0,29,0.0,0.0,z_mad,0.013020833333333334,0.002571971638826653,-3.734375,-3.7213541666666665,0,0,240,0,120,120,40,0.0,0.5052083333333334,0.5197421875
0.5110416666666666,0.5,2.866576577553538,0.0,0.02,0.0,random,0.0,0.0,0.0,29,0.0,0.0,z_mad,0.011979166666666667,0.00721317440426598,-3.734375,-3.722395833333333,0,0,240,0,120,120,40,0.0,0.5029166666666667,0.5203138020833333
0.5105208333333333,0.5,2.866576577553538,0.0,0.04,0.0,random,0.0,0.0,0.0,29,0.0,0.0,z_mad,0.013020833333333334,0.01944940318353474,-3.734375,-3.7213541666666665,0,0,240,0,120,120,40,0.0,0.5013333333333333,0.52041796875
0.51015625,0.5,2.866576577553538,0.0,0.08,0.0,random,0.0,0.0,0.0,29,0.0,0.0,z_mad,0.005729166666666666,0.0482328402188917,-3.734375,-3.728645833333333,0,0,240,0,120,120,40,0.0,0.49984375,0.5209895833333333
0.5113020833333334,0.5,2.866576577553538,0.0,0.16,0.0,random,0.0,0.0,0.0,29,0.0,0.0,z_mad,0.009895833333333333,0.1036728793134292,-3.734375,-3.724479166666667,0,0,240,0,120,120,40,0.0,0.5044739583333334,0.5183346354166667
0.5096354166666667,0.5,2.866576577553538,0.0,0.32,0.0,random,0.0,0.0,0.0,29,0.0,0.0,z_mad,0.0067708333333333336,0.20321281552314757,-3.734375,-3.7276041666666666,0,0,240,0,120,120,40,0.0,0.4991106770833333,0.521875
0.51140625,0.5,2.866576577553538,0.0,0.64,0.0,random,0.0,0.0,0.0,29,0.0,0.0,z_mad,0.009895833333333333,0.400947105884552,-3.734375,-3.724479166666667,0,0,240,0,120,120,40,0.0,0.4991653645833333,0.524375
0.5111979166666667,0.5,2.866576577553538,0.0,1.28,0.0,random,0.0,0.0,0.0,29,0.0,0.0,z_mad,0.0109375,0.7969584827621777,-3.734375,-3.7234375,0,0,240,0,120,120,40,0.0,0.4999453125,0.5219791666666667
0.50875,0.5,2.866576577553538,0.0,2.56,0.0,random,0.0,0.0,0.0,29,0.0,0.0,z_mad,0.009375,1.5912587692340214,-3.734375,-3.725,0,0,240,0,120,120,40,0.0,0.49494791666666665,0.5234895833333333
0.5138020833333333,0.5,2.866576577553538,0.0,5.12,0.0,random,0.0,0.0,0.0,29,0.0,0.0,z_mad,0.013541666666666667,3.1809658845265707,-3.734375,-3.720833333333333,0,0,240,0,120,120,40,0.0,0.50546484375,0.5235416666666667
0.5124479166666667,0.5,2.866576577553538,0.0,10.24,0.0,random,0.0,0.0,0.0,29,0.0,0.0,z_mad,0.011979166666666667,6.36238268216451,-3.734375,-3.722395833333333,0,0,240,0,120,120,40,0.0,0.5016666666666667,0.52671875
0.5143229166666666,0.5,2.866576577553538,0.0,20.48,0.0,random,0.0,0.0,0.0,29,0.0,0.0,z_mad,0.013020833333333334,12.724043194452921,-3.734375,-3.7213541666666665,0,0,240,0,120,120,40,0.0,0.5036458333333333,0.5267708333333333
0.5098958333333333,0.5,2.866576577553538,0.0,0.01,0.0,random,0.0,0.0,0.0,29,0.0,0.0,z_sd,0.008333333333333333,0.04392281913508971,-3.734375,-3.7260416666666667,0,0,240,0,120,120,40,0.0,0.5003125,0.5195859374999999
0.50984375,0.5,2.866576577553538,0.0,0.02,0.0,random,0.0,0.0,0.0,29,0.0,0.0,z_sd,0.009375,0.09513139178355536,-3.734375,-3.725,0,0,240,0,120,120,40,0.0,0.4984895833333333,0.5218268229166667
0.5098958333333333,0.5,2.866576577553538,0.0,0.04,0.0,random,0.0,0.0,0.0,29,0.0,0.0,z_sd,0.008854166666666666,0.18894221174220244,-3.734375,-3.7255208333333334,0,0,240,0,120,120,40,0.0,0.49895833333333334,0.518125
0.51015625,0.5,2.866576577553538,0.0,0.08,0.0,random,0.0,0.0,0.0,29,0.0,0.0,z_sd,0.0078125,0.3712429702281952,-3.734375,-3.7265625,0,0,240,0,120,120,40,0.0,0.4997369791666667,0.5215104166666666
0.5086979166666666,0.5,2.866576577553538,0.0,0.16,0.0,random,0.0,0.0,0.0,29,0.0,0.0,z_sd,0.007291666666666667,0.738190396130085,-3.734375,-3.7270833333333333,0,0,240,0,120,120,40,0.0,0.5007799479166666,0.5153138020833333
0.510625,0.5,2.866576577553538,0.0,0.32,0.0,random,0.0,0.0,0.0,29,0.0,0.0,z_sd,0.009895833333333333,1.4733846674362818,-3.734375,-3.724479166666667,0,0,240,0,120,120,40,0.0,0.5000520833333333,0.52225390625
0.51,0.5,2.866576577553538,0.0,0.64,0.0,random,0.0,0.0,0.0,29,0.0,0.0,z_sd,0.009895833333333333,2.9454249799251557,-3.734375,-3.724479166666667,0,0,240,0,120,120,40,0.0,0.49609375,0.524375
0.5080208333333334,0.5,2.866576577553538,0.0,1.28,0.0,random,0.0,0.0,0.0,29,0.0,0.0,z_sd,0.00625,5.8901906927426655,-3.734375,-3.728125,0,0,240,0,120,120,40,0.0,0.50020703125,0.5184518229166667
0.5142708333333333,0.5,2.866576577553538,0.0,2.56,0.0,random,0.0,0.0,0.0,29,0.0,0.0,z_sd,0.014583333333333334,11.780655280749004,-3.734375,-3.7197916666666666,0,0,240,0,120,120,40,0.0,0.505625,0.5255234375
0.5147395833333334,0.5,2.866576577553538,0.0,5.12,0.0,random,0.0,0.0,0.0,29,0.0,0.0,z_sd,0.014583333333333334,23.560071357091267,-3.734375,-3.7197916666666666,0,0,240,0,120,120,40,0.0,0.49770312499999997,0.5307291666666667
0.50625,0.5,2.866576577553538,0.0,10.24,0.0,random,0.0,0.0,0.0,29,0.0,0.0,z_sd,0.0036458333333333334,47.12018785476685,-3.734375,-3.730729166666667,0,0,240,0,120,120,40,0.0,0.48707291666666663,0.5245364583333333
0.50296875,0.5,2.866576577553538,0.0,20.48,0.0,random,0.0,0.0,0.0,29,0.0,0.0,z_sd,-0.0026041666666666665,94.24153556823731,-3.734375,-3.7369791666666665,0,0,240,0,120,120,40,0.0,0.4820299479166667,0.5271888020833334
0.50290625,0.5,3.2275758330035513,0.0,0.25,0.0,concept,0.0,0.0,0.0,3,0.0,0.0,alpha,-0.0046875,0.25007188819348813,-3.734375,-3.7390625,0,0,800,0,400,400,40,0.0,0.48104296874999997,0.5209546875000001
0.503859375,0.5,3.2275758330035513,0.0,0.5,0.0,concept,0.0,0.0,0.0,3,0.0,0.0,alpha,-0.0028125,0.5000601994991303,-3.734375,-3.7371875,0,0,800,0,400,400,40,0.0,0.483733203125,0.52401875
0.511203125,0.5,3.2275758330035513,0.0,1.0,0.0,concept,0.0,0.0,0.0,3,0.0,0.0,alpha,0.0109375,0.9999703933298588,-3.734375,-3.7234375,0,0,800,0,400,400,40,0.0,0.48101171875,0.548042578125
0.575421875,0.5,3.2275758330035513,0.0,2.0,0.0,concept,0.0,0.0,0.0,3,0.0,0.0,alpha,0.12421875,2.0000223863124846,-3.734375,-3.61015625,0,0,800,0,400,400,40,0.0,0.5176074218750001,0.636430078125
0.89328125,0.5,3.2275758330035513,0.0,4.0,0.0,concept,0.0,0.0,0.0,3,0.0,0.0,alpha,0.9615625,3.999850535392761,-3.734375,-2.7728125,0,0,800,0,400,400,40,0.0,0.816941015625,0.9518617187499999
0.913671875,0.5,3.2275758330035513,0.0,8.0,0.0,concept,0.0,0.0,0.0,3,0.0,0.0,alpha,1.2765625,7.999792782068252,-3.734375,-2.4578125,0,0,800,0,400,400,40,0.0,0.84659140625,0.96523515625
0.447046875,0.5,3.2275758330035513,0.0,16.0,0.0,concept,0.0,0.0,0.0,3,0.0,0.0,alpha,-0.13578125,15.999559755325317,-3.734375,-3.87015625,0,0,800,0,400,400,40,0.0,0.298024609375,0.577930078125
0.272375,0.5,3.2275758330035513,0.0,32.0,0.0,concept,0.0,0.0,0.0,3,0.0,0.0,alpha,-0.57484375,31.999682445526123,-3.734375,-4.30921875,0,0,800,0,400,400,40,0.0,0.165119921875,0.38338359375
0.402890625,0.5,3.2275758330035513,0.0,64.0,0.0,concept,0.0,0.0,0.0,3,0.0,0.0,alpha,-0.277109375,63.99630063056946,-3.734375,-4.011484375,0,0,800,0,400,400,40,0.0,0.254622265625,0.55178984375
0.432296875,0.5,3.2275758330035513,0.0,128.0,0.0,concept,0.0,0.0,0.0,3,0.0,0.0,alpha,-0.19484375,127.99036211013794,-3.734375,-3.92921875,0,0,800,0,400,400,40,0.0,0.26726640625000003,0.607903125
0.50475,0.5,3.2275758330035513,0.0,0.01,0.0,concept,0.0,0.0,0.0,3,0.0,0.0,z_mad,-0.00203125,0.0008365678515838226,-3.734375,-3.73640625,0,0,800,0,400,400,40,0.0,0.48101835937500004,0.5217367187499999
0.504359375,0.5,3.2275758330035513,0.0,0.02,0.0,concept,0.0,0.0,0.0,3,0.0,0.0,z_mad,-0.001875,0.001796143781975843,-3.734375,-3.73625,0,0,800,0,400,400,40,0.0,0.483754296875,0.5213625
0.506296875,0.5,3.2275758330035513,0.0,0.04,0.0,concept,0.0,0.0,0.0,3,0.0,0.0,z_mad,-0.000625,0.00389236043789424,-3.734375,-3.735,0,0,800,0,400,400,40,0.0,0.484873046875,0.521316796875
0.5075,0.5,3.2275758330035513,0.0,0.08,0.0,concept,0.0,0.0,0.0,3,0.0,0.0,z_mad,0.003125,0.008272054137196392,-3.734375,-3.73125,0,0,800,0,400,400,40,0.0,0.48428984375,0.5262488281250001
0.502703125,0.5,3.2275758330035513,0.0,0.16,0.0,concept,0.0,0.0,0.0,3,0.0,0.0,z_mad,-0.00453125,0.016768845103215427,-3.734375,-3.73890625,0,0,800,0,400,400,40,0.0,0.481217578125,0.520062890625
0.506421875,0.5,3.2275758330035513,0.0,0.32,0.0,concept,0.0,0.0,0.0,3,0.0,0.0,z_mad,0.0015625,0.033340950477868316,-3.734375,-3.7328125,0,0,800,0,400,400,40,0.0,0.48391640625,0.52436328125
0.502875,0.5,3.2275758330035513,0.0,0.64,0.0,concept,0.0,0.0,0.0,3,0.0,0.0,z_mad,-0.003125,0.06638846212998033,-3.734375,-3.7375,0,0,800,0,400,400,40,0.0,0.47861718750000004,0.520674609375
0.504734375,0.5,3.2275758330035513,0.0,1.28,0.0,concept,0.0,0.0,0.0,3,0.0,0.0,z_mad,-0.00046875,0.13252483982592822,-3.734375,-3.73484375,0,0,800,0,400,400,40,0.0,0.482311328125,0.52294375
0.502921875,0.5,3.2275758330035513,0.0,2.56,0.0,concept,0.0,0.0,0.0,3,0.0,0.0,z_mad,-0.00484375,0.26485482830554247,-3.734375,-3.73921875,0,0,800,0,400,400,40,0.0,0.478654296875,0.5227203125000001
0.5014375,0.5,3.2275758330035513,0.0,5.12,0.0,concept,0.0,0.0,0.0,3,0.0,0.0,z_mad,-0.00359375,0.5296864070743322,-3.734375,-3.73796875,0,0,800,0,400,400,40,0.0,0.47931210937499996,0.522345703125
0.512765625,0.5,3.2275758330035513,0.0,10.24,0.0,concept,0.0,0.0,0.0,3,0.0,0.0,z_mad,0.01359375,1.0592907060682775,-3.734375,-3.72078125,0,0,800,0,400,400,40,0.0,0.480465234375,0.548484765625
0.58859375,0.5,3.2275758330035513,0.0,20.48,0.0,concept,0.0,0.0,0.0,3,0.0,0.0,z_mad,0.14546875,2.118653983771801,-3.734375,-3.58890625,0,0,800,0,400,400,40,0.0,0.5406,0.6442984375
0.535375,0.5,3.2275758330035513,0.0,0.01,0.0,concept,0.0,0.0,0.0,3,0.0,0.0,z_sd,0.05203125,1.4320083494484424,-3.734375,-3.68234375,0,0,800,0,400,400,40,0.0,0.49545078124999997,0.582187890625
0.714328125,0.5,3.2275758330035513,0.0,0.02,0.0,concept,0.0,0.0,0.0,3,0.0,0.0,z_sd,0.42,2.8639451715350153,-3.734375,-3.314375,0,0,800,0,400,400,40,0.0,0.6363089843749999,0.8058960937499999
0.907984375,0.5,3.2275758330035513,0.0,0.04,0.0,concept,0.0,0.0,0.0,3,0.0,0.0,z_sd,1.055,5.727899603247643,-3.734375,-2.679375,0,0,800,0,400,400,40,0.0,0.8429421875,0.963329296875
0.67125,0.5003125,3.125647626979032,0.20385641204903893,0.08,0.0,concept,0.000625,0.0,0.0,3,0.0,0.0025,z_sd,0.6734375,11.45545107126236,-3.734375,-3.0609375,0,0,800,0,400,400,40,0.0,0.475839453125,0.868344140625
0.44471875,0.5,3.2275758330035513,0.0,0.16,0.0,concept,0.0,0.0,0.0,3,0.0,0.0,z_sd,-0.13140625,22.91193734407425,-3.734375,-3.86578125,0,0,800,0,400,400,40,0.0,0.2934796875,0.6246058593749999
0.354234375,0.5,3.2275758330035513,0.0,0.32,0.0,concept,0.0,0.0,0.0,3,0.0,0.0,z_sd,-0.3925,45.82175665855408,-3.734375,-4.126875,0,0,800,0,400,400,40,0.0,0.207531640625,0.492481640625
0.3866875,0.5,3.2275758330035513,0.0,0.64,0.0,concept,0.0,0.0,0.0,3,0.0,0.0,z_sd,-0.300546875,91.64022985458374,-3.734375,-4.034921875,0,0,800,0,400,400,40,0.0,0.23644218749999998,0.547062890625
0.373546875,0.5,3.2275758330035513,0.0,1.28,0.0,concept,0.0,0.0,0.0,3,0.0,0.0,z_sd,-0.340546875,183.2887117767334,-3.734375,-4.074921875,0,0,800,0,400,400,40,0.0,0.22639765625,0.534738671875
0.2883125,0.5,3.2275758330035513,0.0,2.56,0.0,concept,0.0,0.0,0.0,3,0.0,0.0,z_sd,-0.5959375,366.57850410461424,-3.734375,-4.3303125,0,0,800,0,400,400,40,0.0,0.160850390625,0.42468242187499994
0.253171875,0.5,3.2275758330035513,0.0,5.12,0.0,concept,0.0,0.0,0.0,3,0.0,0.0,z_sd,-0.72484375,733.1668058013915,-3.734375,-4.45921875,0,0,800,0,400,400,40,0.0,0.151095703125,0.35800937499999996
0.241671875,0.5,3.2275758330035513,0.0,10.24,0.0,concept,0.0,0.0,0.0,3,0.0,0.0,z_sd,-0.786953125,1466.3382209777833,-3.734375,-4.521328125,0,0,800,0,400,400,40,0.0,0.136772265625,0.34768125
0.24153125,0.5,3.2275758330035513,0.0,20.48,0.0,concept,0.0,0.0,0.0,3,0.0,0.0,z_sd,-0.8046875,2932.6686346435545,-3.734375,-4.5390625,0,0,800,0,400,400,40,0.0,0.136523046875,0.35739882812499996
0.505625,0.5,2.7364194385325056,0.0,0.25,0.0,dropout,0.0,0.0,0.0,3,0.0,0.0,alpha,0.0015625,0.22457839660346507,-3.734375,-3.7328125,0,0,160,0,80,80,40,0.0,0.4765625,0.5234375
0.505859375,0.5,2.7364194385325056,0.0,0.5,0.0,dropout,0.0,0.0,0.0,3,0.0,0.0,alpha,0.0015625,0.4721329636871815,-3.734375,-3.7328125,0,0,160,0,80,80,40,0.0,0.48483593750000004,0.523447265625
0.5134375,0.5,2.7364194385325056,0.0,1.0,0.0,dropout,0.0,0.0,0.0,3,0.0,0.0,alpha,0.0140625,0.9791073605418206,-3.734375,-3.7203125,0,0,160,0,80,80,40,0.0,0.46765234375,0.56078125
0.562109375,0.5,2.7364194385325056,0.0,2.0,0.0,dropout,0.0,0.0,0.0,3,0.0,0.0,alpha,0.10234375,1.9716443136334418,-3.734375,-3.63203125,0,0,160,0,80,80,40,0.0,0.52046875,0.6186171875
0.901171875,0.5,2.7364194385325056,0.0,4.0,0.0,dropout,0.0,0.0,0.0,3,0.0,0.0,alpha,0.87265625,3.9673876076936723,-3.734375,-2.86171875,0,0,160,0,80,80,40,0.0,0.84217578125,0.956640625
0.95734375,0.5,2.7364194385325056,0.0,8.0,0.0,dropout,0.0,0.0,0.0,3,0.0,0.0,alpha,1.725,7.891792213916778,-3.734375,-2.009375,0,0,160,0,80,80,40,0.0,0.8990625,0.9915625
0.8025,0.5,2.7364194385325056,0.0,16.0,0.0,dropout,0.0,0.0,0.0,3,0.0,0.0,alpha,0.85078125,15.534436655044555,-3.734375,-2.88359375,0,0,160,0,80,80,40,0.0,0.69875,0.870625
0.550546875,0.5,2.7364194385325056,0.0,32.0,0.0,dropout,0.0,0.0,0.0,3,0.0,0.0,alpha,0.0671875,30.219140005111694,-3.734375,-3.6671875,0,0,160,0,80,80,40,0.0,0.48765625,0.6353125
0.66015625,0.503125,2.5446008626536925,0.3836371517576267,64.0,0.0,dropout,0.00625,0.0,0.0,3,0.0,0.0125,alpha,0.4171875,56.17490668296814,-3.734375,-3.3171875,0,0,160,0,80,80,40,0.0,0.594375,0.735859375
0.753203125,0.5,2.7364194385325056,0.0,128.0,0.0,dropout,0.0,0.0,0.0,3,0.0,0.0,alpha,0.753515625,97.26792335510254,-3.734375,-2.980859375,0,0,160,0,80,80,40,0.0,0.6945859375,0.83140625
0.5,0.5,2.7364194385325056,0.0,0.01,0.0,dropout,0.0,0.0,0.0,3,0.0,0.0,z_mad,0.0,0.0,-3.734375,-3.734375,0,0,160,0,80,80,40,0.0,0.5,0.5
0.5,0.5,2.7364194385325056,0.0,0.02,0.0,dropout,0.0,0.0,0.0,3,0.0,0.0,z_mad,0.0,0.0,-3.734375,-3.734375,0,0,160,0,80,80,40,0.0,0.5,0.5
0.5,0.5,2.7364194385325056,0.0,0.04,0.0,dropout,0.0,0.0,0.0,3,0.0,0.0,z_mad,0.0,0.0,-3.734375,-3.734375,0,0,160,0,80,80,40,0.0,0.5,0.5
0.501484375,0.5,2.7364194385325056,0.0,0.08,0.0,dropout,0.0,0.0,0.0,3,0.0,0.0,z_mad,0.0,0.00018274216999998317,-3.734375,-3.734375,0,0,160,0,80,80,40,0.0,0.498125,0.50578125
0.49890625,0.5,2.7364194385325056,0.0,0.16,0.0,dropout,0.0,0.0,0.0,3,0.0,0.0,z_mad,-0.00625,0.0018536704279540571,-3.734375,-3.740625,0,0,160,0,80,80,40,0.0,0.489373046875,0.5059375
0.503828125,0.5,2.7364194385325056,0.0,0.32,0.0,dropout,0.0,0.0,0.0,3,0.0,0.0,z_mad,0.00390625,0.003709339221200025,-3.734375,-3.73046875,0,0,160,0,80,80,40,0.0,0.489140625,0.516875
0.506328125,0.5,2.7364194385325056,0.0,0.64,0.0,dropout,0.0,0.0,0.0,3,0.0,0.0,z_mad,0.00390625,0.015487400312849786,-3.734375,-3.73046875,0,0,160,0,80,80,40,0.0,0.4881171875,0.5265625
0.499921875,0.5,2.7364194385325056,0.0,1.28,0.0,dropout,0.0,0.0,0.0,3,0.0,0.0,z_mad,-0.00625,0.05333396114874631,-3.734375,-3.740625,0,0,160,0,80,80,40,0.0,0.478828125,0.516875
0.50859375,0.5,2.7364194385325056,0.0,2.56,0.0,dropout,0.0,0.0,0.0,3,0.0,0.0,z_mad,0.0046875,0.12185767283663154,-3.734375,-3.7296875,0,0,160,0,80,80,40,0.0,0.48171875,0.537197265625
0.50484375,0.5,2.7364194385325056,0.0,5.12,0.0,dropout,0.0,0.0,0.0,3,0.0,0.0,z_mad,0.003125,0.2720231836661696,-3.734375,-3.73125,0,0,160,0,80,80,40,0.0,0.479453125,0.52515625
0.506015625,0.5,2.7364194385325056,0.0,10.24,0.0,dropout,0.0,0.0,0.0,3,0.0,0.0,z_mad,0.00703125,0.5654643334448337,-3.734375,-3.72734375,0,0,160,0,80,80,40,0.0,0.48625,0.52109375
0.5084375,0.5,2.7364194385325056,0.0,20.48,0.0,dropout,0.0,0.0,0.0,3,0.0,0.0,z_mad,0.0109375,1.1388906255364417,-3.734375,-3.7234375,0,0,160,0,80,80,40,0.0,0.4821796875,0.53484375
0.503203125,0.5,2.7364194385325056,0.0,0.01,0.0,dropout,0.0,0.0,0.0,3,0.0,0.0,z_sd,0.0,0.017349328172986133,-3.734375,-3.734375,0,0,160,0,80,80,40,0.0,0.473671875,0.5288300781249999
0.500234375,0.5,2.7364194385325056,0.0,0.02,0.0,dropout,0.0,0.0,0.0,3,0.0,0.0,z_sd,-0.01171875,0.04576766362879425,-3.734375,-3.74609375,0,0,160,0,80,80,40,0.0,0.474609375,0.520953125
0.497109375,0.5,2.7364194385325056,0.0,0.04,0.0,dropout,0.0,0.0,0.0,3,0.0,0.0,z_sd,-0.0125,0.11930863661691546,-3.734375,-3.746875,0,0,160,0,80,80,40,0.0,0.470234375,0.51421875
0.504296875,0.5,2.7364194385325056,0.0,0.08,0.0,dropout,0.0,0.0,0.0,3,0.0,0.0,z_sd,0.00234375,0.24916952047497035,-3.734375,-3.73203125,0,0,160,0,80,80,40,0.0,0.4860859375,0.52125
0.515390625,0.5,2.7364194385325056,0.0,0.16,0.0,dropout,0.0,0.0,0.0,3,0.0,0.0,z_sd,0.0140625,0.5163673486560583,-3.734375,-3.7203125,0,0,160,0,80,80,40,0.0,0.485849609375,0.541140625
0.515234375,0.5,2.7364194385325056,0.0,0.32,0.0,dropout,0.0,0.0,0.0,3,0.0,0.0,z_sd,0.0234375,1.056282015144825,-3.734375,-3.7109375,0,0,160,0,80,80,40,0.0,0.49232421875000004,0.5386054687499999
0.591171875,0.5,2.7364194385325056,0.0,0.64,0.0,dropout,0.0,0.0,0.0,3,0.0,0.0,z_sd,0.15546875,2.113737550377846,-3.734375,-3.57890625,0,0,160,0,80,80,40,0.0,0.5462265625,0.63671875
0.942578125,0.5,2.7364194385325056,0.0,1.28,0.0,dropout,0.0,0.0,0.0,3,0.0,0.0,z_sd,1.0890625,4.218260461091996,-3.734375,-2.6453125,0,0,160,0,80,80,40,0.0,0.907734375,0.97439453125
0.98203125,0.5,2.7364194385325056,0.0,2.56,0.0,dropout,0.0,0.0,0.0,3,0.0,0.0,z_sd,1.7625,8.348699206113816,-3.734375,-1.971875,0,0,160,0,80,80,40,0.0,0.951328125,0.99890625
0.71703125,0.5,2.7364194385325056,0.0,5.12,0.0,dropout,0.0,0.0,0.0,3,0.0,0.0,z_sd,0.53359375,16.47531952857971,-3.734375,-3.20078125,0,0,160,0,80,80,40,0.0,0.6160566406250001,0.8103125
0.543984375,0.5,2.7364194385325056,0.0,10.24,0.0,dropout,0.0,0.0,0.0,3,0.0,0.0,z_sd,0.08671875,31.588812899589538,-3.734375,-3.64765625,0,0,160,0,80,80,40,0.0,0.40703125,0.66171875
0.6796875,0.5,2.7364194385325056,0.0,20.48,0.0,dropout,0.0,0.0,0.0,3,0.0,0.0,z_sd,0.530078125,59.84542384147644,-3.734375,-3.204296875,0,0,160,0,80,80,40,0.0,0.543046875,0.7925078125
0.495625,0.5,2.7364194385325056,0.0,0.25,0.0,noise,0.0,0.0,0.0,3,0.0,0.0,alpha,-0.01640625,0.25005088169127704,-3.734375,-3.75078125,0,0,160,0,80,80,40,0.0,0.47765234375,0.509705078125
0.517265625,0.5,2.7364194385325056,0.0,0.5,0.0,noise,0.0,0.0,0.0,3,0.0,0.0,alpha,0.0171875,0.5000212900340557,-3.734375,-3.7171875,0,0,160,0,80,80,40,0.0,0.48982421875000004,0.54171875
0.509375,0.5,2.7364194385325056,0.0,1.0,0.0,noise,0.0,0.0,0.0,3,0.0,0.0,alpha,0.00625,1.0000058762729167,-3.734375,-3.728125,0,0,160,0,80,80,40,0.0,0.484046875,0.53890625
0.560859375,0.5,2.7364194385325056,0.0,2.0,0.0,noise,0.0,0.0,0.0,3,0.0,0.0,alpha,0.09375,1.999986670911312,-3.734375,-3.640625,0,0,160,0,80,80,40,0.0,0.52546875,0.6085546874999999
0.82625,0.5,2.7364194385325056,0.0,4.0,0.0,noise,0.0,0.0,0.0,3,0.0,0.0,alpha,0.6671875,3.999986708164215,-3.734375,-3.0671875,0,0,160,0,80,80,40,0.0,0.771875,0.89328125
0.982421875,0.5046875,2.490114006411271,0.49261086424246914,8.0,0.0,noise,0.009375,0.0,0.0,3,0.0,0.0125,alpha,1.91640625,7.99990895986557,-3.734375,-1.81796875,0,0,160,0,80,80,40,0.0,0.95184765625,0.998125
0.742578125,0.5,2.7364194385325056,0.0,16.0,0.0,noise,0.0,0.0,0.0,3,0.0,0.0,alpha,0.54453125,15.999908351898194,-3.734375,-3.18984375,0,0,160,0,80,80,40,0.0,0.60640625,0.8670488281250001
0.4,0.5,2.7364194385325056,0.0,32.0,0.0,noise,0.0,0.0,0.0,3,0.0,0.0,alpha,-0.22265625,31.999872040748595,-3.734375,-3.95703125,0,0,160,0,80,80,40,0.0,0.327330078125,0.4571875
0.66234375,0.5,2.7364194385325056,0.0,64.0,0.0,noise,0.0,0.0,0.0,3,0.0,0.0,alpha,0.36484375,63.99966101646423,-3.734375,-3.36953125,0,0,160,0,80,80,40,0.0,0.5344609375,0.7871875
0.861484375,0.5,2.7364194385325056,0.0,128.0,0.0,noise,0.0,0.0,0.0,3,0.0,0.0,alpha,1.032421875,127.99930963516235,-3.734375,-2.701953125,0,0,160,0,80,80,40,0.0,0.81603125,0.9078125
0.501171875,0.5,2.7364194385325056,0.0,0.01,0.0,noise,0.0,0.0,0.0,3,0.0,0.0,z_mad,-0.00625,0.00023957487392181064,-3.734375,-3.740625,0,0,160,0,80,80,40,0.0,0.472173828125,0.5226601562500001
0.50453125,0.5,2.7364194385325056,0.0,0.02,0.0,noise,0.0,0.0,0.0,3,0.0,0.0,z_mad,-0.00390625,0.0006699683741317131,-3.734375,-3.73828125,0,0,160,0,80,80,40,0.0,0.4840625,0.525015625
0.510234375,0.5,2.7364194385325056,0.0,0.04,0.0,noise,0.0,0.0,0.0,3,0.0,0.0,z_mad,0.00234375,0.0018192213756265119,-3.734375,-3.73203125,0,0,160,0,80,80,40,0.0,0.484375,0.53375
0.509140625,0.5,2.7364194385325056,0.0,0.08,0.0,noise,0.0,0.0,0.0,3,0.0,0.0,z_mad,0.00546875,0.0043220783758442845,-3.734375,-3.72890625,0,0,160,0,80,80,40,0.0,0.4782734375,0.53703125
0.50234375,0.5,2.7364194385325056,0.0,0.16,0.0,noise,0.0,0.0,0.0,3,0.0,0.0,z_mad,0.00078125,0.00923767201602459,-3.734375,-3.73359375,0,0,160,0,80,80,40,0.0,0.471796875,0.522203125
0.49984375,0.5,2.7364194385325056,0.0,0.32,0.0,noise,0.0,0.0,0.0,3,0.0,0.0,z_mad,-0.00625,0.01821355982683599,-3.734375,-3.740625,0,0,160,0,80,80,40,0.0,0.4753125,0.523828125
0.506875,0.5,2.7364194385325056,0.0,0.64,0.0,noise,0.0,0.0,0.0,3,0.0,0.0,z_mad,0.0046875,0.036166185652837156,-3.734375,-3.7296875,0,0,160,0,80,80,40,0.0,0.490505859375,0.52140625
0.500703125,0.5,2.7364194385325056,0.0,1.28,0.0,noise,0.0,0.0,0.0,3,0.0,0.0,z_mad,-0.00703125,0.0706840212456882,-3.734375,-3.74140625,0,0,160,0,80,80,40,0.0,0.47484375,0.52078125
0.50609375,0.5,2.7364194385325056,0.0,2.56,0.0,noise,0.0,0.0,0.0,3,0.0,0.0,z_mad,-0.0015625,0.14289780538529157,-3.734375,-3.7359375,0,0,160,0,80,80,40,0.0,0.481697265625,0.52734765625
0.504921875,0.5,2.7364194385325056,0.0,5.12,0.0,noise,0.0,0.0,0.0,3,0.0,0.0,z_mad,0.00078125,0.2859279692173004,-3.734375,-3.73359375,0,0,160,0,80,80,40,0.0,0.4775,0.530171875
0.5015625,0.5,2.7364194385325056,0.0,10.24,0.0,noise,0.0,0.0,0.0,3,0.0,0.0,z_mad,-0.0078125,0.5663940586149693,-3.734375,-3.7421875,0,0,160,0,80,80,40,0.0,0.4801484375,0.52439453125
0.51671875,0.5,2.7364194385325056,0.0,20.48,0.0,noise,0.0,0.0,0.0,3,0.0,0.0,z_mad,0.01953125,1.1446491539478303,-3.734375,-3.71484375,0,0,160,0,80,80,40,0.0,0.476796875,0.580009765625
0.505859375,0.5,2.7364194385325056,0.0,0.01,0.0,noise,0.0,0.0,0.0,3,0.0,0.0,z_sd,-0.00234375,0.024572751997038723,-3.734375,-3.73671875,0,0,160,0,80,80,40,0.0,0.483671875,0.52281640625
0.504453125,0.5,2.7364194385325056,0.0,0.02,0.0,noise,0.0,0.0,0.0,3,0.0,0.0,z_sd,0.0,0.04945126094389707,-3.734375,-3.734375,0,0,160,0,80,80,40,0.0,0.47958007812500003,0.526337890625
0.51015625,0.5,2.7364194385325056,0.0,0.04,0.0,noise,0.0,0.0,0.0,3,0.0,0.0,z_sd,0.003125,0.09946735054254532,-3.734375,-3.73125,0,0,160,0,80,80,40,0.0,0.479375,0.5384375
0.51296875,0.5,2.7364194385325056,0.0,0.08,0.0,noise,0.0,0.0,0.0,3,0.0,0.0,z_sd,0.01015625,0.18838570192456244,-3.734375,-3.72421875,0,0,160,0,80,80,40,0.0,0.48390625,0.535625
0.500234375,0.5,2.7364194385325056,0.0,0.16,0.0,noise,0.0,0.0,0.0,3,0.0,0.0,z_sd,-0.00546875,0.38561152797192333,-3.734375,-3.73984375,0,0,160,0,80,80,40,0.0,0.48671484374999996,0.51453125
0.5078125,0.5,2.7364194385325056,0.0,0.32,0.0,noise,0.0,0.0,0.0,3,0.0,0.0,z_sd,0.00859375,0.7875673942267895,-3.734375,-3.72578125,0,0,160,0,80,80,40,0.0,0.48390625,0.5350800781249999
0.578984375,0.5,2.7364194385325056,0.0,0.64,0.0,noise,0.0,0.0,0.0,3,0.0,0.0,z_sd,0.121875,1.5784793607890606,-3.734375,-3.6125,0,0,160,0,80,80,40,0.0,0.52890625,0.64315234375
0.7678125,0.5,2.7364194385325056,0.0,1.28,0.0,noise,0.0,0.0,0.0,3,0.0,0.0,z_sd,0.596875,3.216784369200468,-3.734375,-3.1375,0,0,160,0,80,80,40,0.0,0.71796875,0.825625
0.936484375,0.5,2.7364194385325056,0.0,2.56,0.0,noise,0.0,0.0,0.0,3,0.0,0.0,z_sd,1.153125,6.573586902022361,-3.734375,-2.58125,0,0,160,0,80,80,40,0.0,0.9109375,0.9671953125
0.903359375,0.5,2.7364194385325056,0.0,5.12,0.0,noise,0.0,0.0,0.0,3,0.0,0.0,z_sd,1.15,12.011632803082467,-3.734375,-2.584375,0,0,160,0,80,80,40,0.0,0.8221875,0.9684394531249999
0.79515625,0.5,2.7364194385325056,0.0,10.24,0.0,noise,0.0,0.0,0.0,3,0.0,0.0,z_sd,0.8890625,25.843506705760955,-3.734375,-2.8453125,0,0,160,0,80,80,40,0.0,0.7063671875,0.8925390624999999
0.80234375,0.5,2.7364194385325056,0.0,20.48,0.0,noise,0.0,0.0,0.0,3,0.0,0.0,z_sd,0.93515625,48.58503878116608,-3.734375,-2.79921875,0,0,160,0,80,80,40,0.0,0.6434375,0.9025
0.5041666666666667,0.5,2.866576577553538,0.0,0.25,0.0,random,0.0,0.0,0.0,3,0.0,0.0,alpha,-0.003125,0.25007063696781795,-3.734375,-3.7375,0,0,240,0,120,120,40,0.0,0.47598958333333335,0.5289583333333333
0.5063020833333334,0.5,2.866576577553538,0.0,0.5,0.0,random,0.0,0.0,0.0,3,0.0,0.0,alpha,0.0020833333333333333,0.5000366777181625,-3.734375,-3.732291666666667,0,0,240,0,120,120,40,0.0,0.4813984375,0.5345494791666666
0.5079166666666667,0.5,2.866576577553538,0.0,1.0,0.0,random,0.0,0.0,0.0,3,0.0,0.0,alpha,0.0005208333333333333,1.0000570451219877,-3.734375,-3.7338541666666667,0,0,240,0,120,120,40,0.0,0.4772356770833333,0.5401250000000001
0.5225,0.5,2.866576577553538,0.0,2.0,0.0,random,0.0,0.0,0.0,3,0.0,0.0,alpha,0.029166666666666667,2.000077894330025,-3.734375,-3.705208333333333,0,0,240,0,120,120,40,0.0,0.4837838541666667,0.57109375
0.7986458333333334,0.5,2.866576577553538,0.0,4.0,0.0,random,0.0,0.0,0.0,3,0.0,0.0,alpha,0.5697916666666667,4.000169597069422,-3.734375,-3.1645833333333333,0,0,240,0,120,120,40,0.0,0.71128515625,0.8706367187499999
0.95875,0.5,2.866576577553538,0.0,8.0,0.0,random,0.0,0.0,0.0,3,0.0,0.0,alpha,1.4541666666666666,8.000330078601838,-3.734375,-2.2802083333333334,0,0,240,0,120,120,40,0.0,0.9102955729166666,0.9972109375
0.67109375,0.5,2.866576577553538,0.0,16.0,0.0,random,0.0,0.0,0.0,3,0.0,0.0,alpha,0.340625,16.000671299298606,-3.734375,-3.39375,0,0,240,0,120,120,40,0.0,0.5615546874999999,0.7691145833333334
0.4934895833333333,0.5,2.866576577553538,0.0,32.0,0.0,random,0.0,0.0,0.0,3,0.0,0.0,alpha,-0.008854166666666666,32.0013099193573,-3.734375,-3.7432291666666666,0,0,240,0,120,120,40,0.0,0.34052083333333333,0.6310625
0.5844791666666667,0.5,2.866576577553538,0.0,64.0,0.0,random,0.0,0.0,0.0,3,0.0,0.0,alpha,0.21041666666666667,64.00271447499593,-3.734375,-3.5239583333333333,0,0,240,0,120,120,40,0.0,0.32354166666666667,0.8444609375
0.76375,0.5,2.866576577553538,0.0,128.0,0.0,random,0.0,0.0,0.0,3,0.0,0.0,alpha,0.65625,128.0056167602539,-3.734375,-3.078125,0,0,240,0,120,120,40,0.0,0.49927343750000003,0.9796914062500001
0.5130208333333334,0.5,2.866576577553538,0.0,0.01,0.0,random,0.0,0.0,0.0,3,0.0,0.0,z_mad,0.008333333333333333,0.0002458555872484188,-3.734375,-3.7260416666666667,0,0,240,0,120,120,40,0.0,0.4883763020833333,0.5330416666666667
0.5049479166666667,0.5,2.866576577553538,0.0,0.02,0.0,random,0.0,0.0,0.0,3,0.0,0.0,z_mad,0.0015625,0.0006871377365314402,-3.734375,-3.7328125,0,0,240,0,120,120,40,0.0,0.48041666666666666,0.5259388020833333
0.5069791666666666,0.5,2.866576577553538,0.0,0.04,0.0,random,0.0,0.0,0.0,3,0.0,0.0,z_mad,0.0036458333333333334,0.0018429381588551527,-3.734375,-3.730729166666667,0,0,240,0,120,120,40,0.0,0.4840625,0.5255846354166666
0.5070833333333333,0.5,2.866576577553538,0.0,0.08,0.0,random,0.0,0.0,0.0,3,0.0,0.0,z_mad,-0.0010416666666666667,0.004475760995410383,-3.734375,-3.7354166666666666,0,0,240,0,120,120,40,0.0,0.478421875,0.52959765625
0.5072395833333333,0.5,2.866576577553538,0.0,0.16,0.0,random,0.0,0.0,0.0,3,0.0,0.0,z_mad,0.0015625,0.0093973790993914,-3.734375,-3.7328125,0,0,240,0,120,120,40,0.0,0.47640625,0.5318333333333334
0.5030729166666666,0.5,2.866576577553538,0.0,0.32,0.0,random,0.0,0.0,0.0,3,0.0,0.0,z_mad,-0.0036458333333333334,0.01852417653426528,-3.734375,-3.738020833333333,0,0,240,0,120,120,40,0.0,0.47807031250000004,0.5184375
0.5040625,0.5,2.866576577553538,0.0,0.64,0.0,random,0.0,0.0,0.0,3,0.0,0.0,z_mad,-0.0020833333333333333,0.03659624798844258,-3.734375,-3.736458333333333,0,0,240,0,120,120,40,0.0,0.47552083333333334,0.5278190104166667
0.5008333333333334,0.5,2.866576577553538,0.0,1.28,0.0,random,0.0,0.0,0.0,3,0.0,0.0,z_mad,-0.005729166666666666,0.07285282835364341,-3.734375,-3.740104166666667,0,0,240,0,120,120,40,0.0,0.47046614583333335,0.5232864583333333
0.5036979166666666,0.5,2.866576577553538,0.0,2.56,0.0,random,0.0,0.0,0.0,3,0.0,0.0,z_mad,-0.0026041666666666665,0.1454802984992663,-3.734375,-3.7369791666666665,0,0,240,0,120,120,40,0.0,0.48233984375,0.524375
0.50015625,0.5,2.866576577553538,0.0,5.12,0.0,random,0.0,0.0,0.0,3,0.0,0.0,z_mad,-0.0109375,0.290851658085982,-3.734375,-3.7453125,0,0,240,0,120,120,40,0.0,0.4764544270833333,0.52078515625
0.5040104166666667,0.5,2.866576577553538,0.0,10.24,0.0,random,0.0,0.0,0.0,3,0.0,0.0,z_mad,-0.0026041666666666665,0.5816350549459457,-3.734375,-3.7369791666666665,0,0,240,0,120,120,40,0.0,0.47833203125,0.5330234375
0.51390625,0.5,2.866576577553538,0.0,20.48,0.0,random,0.0,0.0,0.0,3,0.0,0.0,z_mad,0.013541666666666667,1.163203955690066,-3.734375,-3.720833333333333,0,0,240,0,120,120,40,0.0,0.4890611979166667,0.55174609375
0.5009895833333333,0.5,2.866576577553538,0.0,0.01,0.0,random,0.0,0.0,0.0,3,0.0,0.0,z_sd,-0.007291666666666667,0.045845961788048346,-3.734375,-3.7416666666666667,0,0,240,0,120,120,40,0.0,0.4658333333333333,0.5269414062500001
0.5081770833333333,0.5,2.866576577553538,0.0,0.02,0.0,random,0.0,0.0,0.0,3,0.0,0.0,z_sd,0.0020833333333333333,0.09141447991132737,-3.734375,-3.732291666666667,0,0,240,0,120,120,40,0.0,0.47868619791666667,0.5307916666666667
0.5035416666666667,0.5,2.866576577553538,0.0,0.04,0.0,random,0.0,0.0,0.0,3,0.0,0.0,z_sd,-0.003125,0.18263879256943863,-3.734375,-3.7375,0,0,240,0,120,120,40,0.0,0.47926041666666663,0.5269270833333334
0.508125,0.5,2.866576577553538,0.0,0.08,0.0,random,0.0,0.0,0.0,3,0.0,0.0,z_sd,0.005729166666666666,0.365135345607996,-3.734375,-3.728645833333333,0,0,240,0,120,120,40,0.0,0.48623958333333334,0.5326627604166667
0.5006770833333334,0.5,2.866576577553538,0.0,0.16,0.0,random,0.0,0.0,0.0,3,0.0,0.0,z_sd,-0.004166666666666667,0.7302075778444608,-3.734375,-3.738541666666667,0,0,240,0,120,120,40,0.0,0.4801015625,0.5248463541666667
0.5086458333333334,0.5,2.866576577553538,0.0,0.32,0.0,random,0.0,0.0,0.0,3,0.0,0.0,z_sd,0.008333333333333333,1.4603369901577632,-3.734375,-3.7260416666666667,0,0,240,0,120,120,40,0.0,0.4685846354166666,0.55229296875
0.6255729166666667,0.5,2.866576577553538,0.0,0.64,0.0,random,0.0,0.0,0.0,3,0.0,0.0,z_sd,0.21666666666666667,2.920635716120402,-3.734375,-3.517708333333333,0,0,240,0,120,120,40,0.0,0.5248242187500001,0.7454062499999998
0.9416666666666667,0.5,2.866576577553538,0.0,1.28,0.0,random,0.0,0.0,0.0,3,0.0,0.0,z_sd,1.165625,5.841296943028768,-3.734375,-2.56875,0,0,240,0,120,120,40,0.0,0.8710703125,0.9990625
0.85375,0.5,2.866576577553538,0.0,2.56,0.0,random,0.0,0.0,0.0,3,0.0,0.0,z_sd,1.0401041666666666,11.682610249519348,-3.734375,-2.6942708333333334,0,0,240,0,120,120,40,0.0,0.76234375,0.94453125
0.5163020833333334,0.5,2.866576577553538,0.0,5.12,0.0,random,0.0,0.0,0.0,3,0.0,0.0,z_sd,0.030208333333333334,23.365225251515707,-3.734375,-3.7041666666666666,0,0,240,0,120,120,40,0.0,0.3486458333333333,0.6561041666666667
0.4858854166666667,0.5,2.866576577553538,0.0,10.24,0.0,random,0.0,0.0,0.0,3,0.0,0.0,z_sd,-0.027083333333333334,46.73051280975342,-3.734375,-3.761458333333333,0,0,240,0,120,120,40,0.0,0.34533593749999997,0.6218229166666667
0.7751041666666667,0.5,2.866576577553538,0.0,20.48,0.0,random,0.0,0.0,0.0,3,0.0,0.0,z_sd,0.65390625,93.46104984283447,-3.734375,-3.08046875,0,0,240,0,120,120,40,0.0,0.5614765625,0.9477161458333333
0.505484375,0.5,3.2275758330035513,0.0,0.25,0.0,concept,0.0,0.0,0.0,30,0.0,0.0,alpha,0.006875,0.25550881132483483,-3.734375,-3.7275,0,0,800,0,400,400,40,0.0,0.501312109375,0.510813671875
0.506578125,0.5,3.2275758330035513,0.0,0.5,0.0,concept,0.0,0.0,0.0,30,0.0,0.0,alpha,0.00828125,0.504594748467207,-3.734375,-3.72609375,0,0,800,0,400,400,40,0.0,0.502968359375,0.51139296875
0.5065,0.5,3.2275758330035513,0.0,1.0,0.0,concept,0.0,0.0,0.0,30,0.0,0.0,alpha,0.008125,1.003995701521635,-3.734375,-3.72625,0,0,800,0,400,400,40,0.0,0.5031550781249999,0.5109847656250001
0.504859375,0.5,3.2275758330035513,0.0,2.0,0.0,concept,0.0,0.0,0.0,30,0.0,0.0,alpha,0.00578125,2.0005170568823814,-3.734375,-3.72859375,0,0,800,0,400,400,40,0.0,0.500890234375,0.5096105468750001
0.505640625,0.5,3.2275758330035513,0.0,4.0,0.0,concept,0.0,0.0,0.0,30,0.0,0.0,alpha,0.005625,3.9995421415567396,-3.734375,-3.72875,0,0,800,0,400,400,40,0.0,0.502092578125,0.50934453125
0.5060625,0.5,3.2275758330035513,0.0,8.0,0.0,concept,0.0,0.0,0.0,30,0.0,0.0,alpha,0.00625,8.002197761535644,-3.734375,-3.728125,0,0,800,0,400,400,40,0.0,0.501890234375,0.5101113281249999
0.50546875,0.5,3.2275758330035513,0.0,16.0,0.0,concept,0.0,0.0,0.0,30,0.0,0.0,alpha,0.005625,16.000903193950652,-3.734375,-3.72875,0,0,800,0,400,400,40,0.0,0.499483203125,0.511849609375
0.505546875,0.5,3.2275758330035513,0.0,32.0,0.0,concept,0.0,0.0,0.0,30,0.0,0.0,alpha,0.00546875,32.00028758049011,-3.734375,-3.72890625,0,0,800,0,400,400,40,0.0,0.499186328125,0.5127980468750001
0.496,0.5,3.2275758330035513,0.0,64.0,0.0,concept,0.0,0.0,0.0,30,0.0,0.0,alpha,-0.01375,64.00294735908508,-3.734375,-3.748125,0,0,800,0,400,400,40,0.0,0.47806015625,0.5122328125
0.45096875,0.5,3.2275758330035513,0.0,128.0,0.0,concept,0.0,0.0,0.0,30,0.0,0.0,alpha,-0.08484375,128.00607719421387,-3.734375,-3.81921875,0,0,800,0,400,400,40,0.0,0.404080859375,0.487656640625
0.505171875,0.5,3.2275758330035513,0.0,0.01,0.0,concept,0.0,0.0,0.0,30,0.0,0.0,z_mad,0.00625,0.009782233049627394,-3.734375,-3.728125,0,0,800,0,400,400,40,0.0,0.50081171875,0.510234765625
0.50525,0.5,3.2275758330035513,0.0,0.02,0.0,concept,0.0,0.0,0.0,30,0.0,0.0,z_mad,0.0071875,0.02604510428616777,-3.734375,-3.7271875,0,0,800,0,400,400,40,0.0,0.502109375,0.50950078125
0.505015625,0.5,3.2275758330035513,0.0,0.04,0.0,concept,0.0,0.0,0.0,30,0.0,0.0,z_mad,0.00609375,0.0634306424856186,-3.734375,-3.72828125,0,0,800,0,400,400,40,0.0,0.50096875,0.51000078125
0.505203125,0.5,3.2275758330035513,0.0,0.08,0.0,concept,0.0,0.0,0.0,30,0.0,0.0,z_mad,0.0071875,0.1353741061873734,-3.734375,-3.7271875,0,0,800,0,400,400,40,0.0,0.501890234375,0.509203515625
0.50675,0.5,3.2275758330035513,0.0,0.16,0.0,concept,0.0,0.0,0.0,30,0.0,0.0,z_mad,0.0090625,0.2678616809844971,-3.734375,-3.7253125,0,0,800,0,400,400,40,0.0,0.502858203125,0.5119238281249999
0.505578125,0.5,3.2275758330035513,0.0,0.32,0.0,concept,0.0,0.0,0.0,30,0.0,0.0,z_mad,0.0071875,0.5279830843955279,-3.734375,-3.7271875,0,0,800,0,400,400,40,0.0,0.501576171875,0.510594921875
0.5075,0.5,3.2275758330035513,0.0,0.64,0.0,concept,0.0,0.0,0.0,30,0.0,0.0,z_mad,0.00890625,1.0500077667832375,-3.734375,-3.72546875,0,0,800,0,400,400,40,0.0,0.5038273437499999,0.511360546875
0.50578125,0.5,3.2275758330035513,0.0,1.28,0.0,concept,0.0,0.0,0.0,30,0.0,0.0,z_mad,0.00671875,2.1000165051221846,-3.734375,-3.72765625,0,0,800,0,400,400,40,0.0,0.502140234375,0.51011015625
0.503671875,0.5,3.2275758330035513,0.0,2.56,0.0,concept,0.0,0.0,0.0,30,0.0,0.0,z_mad,0.0034375,4.194348170757293,-3.734375,-3.7309375,0,0,800,0,400,400,40,0.0,0.5006875,0.506844140625
0.505796875,0.5,3.2275758330035513,0.0,5.12,0.0,concept,0.0,0.0,0.0,30,0.0,0.0,z_mad,0.006875,8.386778178215026,-3.734375,-3.7275,0,0,800,0,400,400,40,0.0,0.501452734375,0.51045390625
0.505109375,0.5,3.2275758330035513,0.0,10.24,0.0,concept,0.0,0.0,0.0,30,0.0,0.0,z_mad,0.0040625,16.77366288661957,-3.734375,-3.7303125,0,0,800,0,400,400,40,0.0,0.500371875,0.511109765625
0.503359375,0.5,3.2275758330035513,0.0,20.48,0.0,concept,0.0,0.0,0.0,30,0.0,0.0,z_mad,0.0009375,33.550280165672305,-3.734375,-3.7334375,0,0,800,0,400,400,40,0.0,0.495015234375,0.5100785156250001
0.5066875,0.5,3.2275758330035513,0.0,0.01,0.0,concept,0.0,0.0,0.0,30,0.0,0.0,z_sd,0.00921875,0.19447116245515644,-3.734375,-3.72515625,0,0,800,0,400,400,40,0.0,0.50320234375,0.511578125
0.507,0.5,3.2275758330035513,0.0,0.02,0.0,concept,0.0,0.0,0.0,30,0.0,0.0,z_sd,0.00859375,0.39125410860404375,-3.734375,-3.72578125,0,0,800,0,400,400,40,0.0,0.50374921875,0.51125078125
0.50640625,0.5,3.2275758330035513,0.0,0.04,0.0,concept,0.0,0.0,0.0,30,0.0,0.0,z_sd,0.006875,0.7752502871491015,-3.734375,-3.7275,0,0,800,0,400,400,40,0.0,0.5023425781249999,0.5113921875
0.505703125,0.5,3.2275758330035513,0.0,0.08,0.0,concept,0.0,0.0,0.0,30,0.0,0.0,z_sd,0.0071875,1.5479786225780845,-3.734375,-3.7271875,0,0,800,0,400,400,40,0.0,0.50328046875,0.508859765625
0.505234375,0.5,3.2275758330035513,0.0,0.16,0.0,concept,0.0,0.0,0.0,30,0.0,0.0,z_sd,0.00546875,3.096352536305785,-3.734375,-3.72890625,0,0,800,0,400,400,40,0.0,0.50101328125,0.5090644531249999
0.50559375,0.5,3.2275758330035513,0.0,0.32,0.0,concept,0.0,0.0,0.0,30,0.0,0.0,z_sd,0.005625,6.182033775299788,-3.734375,-3.72875,0,0,800,0,400,400,40,0.0,0.501718359375,0.509673046875
0.505109375,0.5,3.2275758330035513,0.0,0.64,0.0,concept,0.0,0.0,0.0,30,0.0,0.0,z_sd,0.00546875,12.365341269373893,-3.734375,-3.72890625,0,0,800,0,400,400,40,0.0,0.49996757812500003,0.51267421875
0.501125,0.5,3.2275758330035513,0.0,1.28,0.0,concept,0.0,0.0,0.0,30,0.0,0.0,z_sd,-0.00125,24.732869387865065,-3.734375,-3.735625,0,0,800,0,400,400,40,0.0,0.492450390625,0.5070648437499999
0.479015625,0.5,3.2275758330035513,0.0,2.56,0.0,concept,0.0,0.0,0.0,30,0.0,0.0,z_sd,-0.03734375,49.463192307949065,-3.734375,-3.77171875,0,0,800,0,400,400,40,0.0,0.44241796875,0.505047265625
0.4466875,0.5,3.2275758330035513,0.0,5.12,0.0,concept,0.0,0.0,0.0,30,0.0,0.0,z_sd,-0.09328125,98.92703052043915,-3.734375,-3.82765625,0,0,800,0,400,400,40,0.0,0.3782125,0.495473046875
0.419875,0.5,3.2275758330035513,0.0,10.24,0.0,concept,0.0,0.0,0.0,30,0.0,0.0,z_sd,-0.1453125,197.8527192401886,-3.734375,-3.8796875,0,0,800,0,400,400,40,0.0,0.34107499999999996,0.478721875
0.384921875,0.5,3.2275758330035513,0.0,20.48,0.0,concept,0.0,0.0,0.0,30,0.0,0.0,z_sd,-0.20546875,395.70535274505613,-3.734375,-3.93984375,0,0,800,0,400,400,40,0.0,0.294088671875,0.455937109375
0.503515625,0.5,2.7364194385325056,0.0,0.25,0.0,dropout,0.0,0.0,0.0,30,0.0,0.0,alpha,0.003125,0.07861010748511035,-3.734375,-3.73125,0,0,160,0,80,80,40,0.0,0.4975,0.50859375
0.505859375,0.5,2.7364194385325056,0.0,0.5,0.0,dropout,0.0,0.0,0.0,30,0.0,0.0,alpha,0.0078125,0.21009770387317986,-3.734375,-3.7265625,0,0,160,0,80,80,40,0.0,0.501248046875,0.51219921875
0.503984375,0.5,2.7364194385325056,0.0,1.0,0.0,dropout,0.0,0.0,0.0,30,0.0,0.0,alpha,0.00546875,0.7006176818162203,-3.734375,-3.72890625,0,0,160,0,80,80,40,0.0,0.499375,0.510625
0.508125,0.5,2.7364194385325056,0.0,2.0,0.0,dropout,0.0,0.0,0.0,30,0.0,0.0,alpha,0.01171875,1.686296597123146,-3.734375,-3.72265625,0,0,160,0,80,80,40,0.0,0.5040625,0.5146894531249999
0.50515625,0.5,2.7364194385325056,0.0,4.0,0.0,dropout,0.0,0.0,0.0,30,0.0,0.0,alpha,0.00546875,3.5985287755727766,-3.734375,-3.72890625,0,0,160,0,80,80,40,0.0,0.49890625,0.513125
0.504453125,0.5,2.7364194385325056,0.0,8.0,0.0,dropout,0.0,0.0,0.0,30,0.0,0.0,alpha,0.00390625,7.2566085934638975,-3.734375,-3.73046875,0,0,160,0,80,80,40,0.0,0.50030859375,0.509533203125
0.508515625,0.5,2.7364194385325056,0.0,16.0,0.0,dropout,0.0,0.0,0.0,30,0.0,0.0,alpha,0.0109375,15.80402649641037,-3.734375,-3.7234375,0,0,160,0,80,80,40,0.0,0.50359375,0.511875
0.50375,0.5,2.7364194385325056,0.0,32.0,0.0,dropout,0.0,0.0,0.0,30,0.0,0.0,alpha,0.00234375,32.023550796508786,-3.734375,-3.73203125,0,0,160,0,80,80,40,0.0,0.494609375,0.515625
0.50296875,0.5,2.7364194385325056,0.0,64.0,0.0,dropout,0.0,0.0,0.0,30,0.0,0.0,alpha,0.0,63.162180233001706,-3.734375,-3.734375,0,0,160,0,80,80,40,0.0,0.48390234374999996,0.5165625
0.496015625,0.5,2.7364194385325056,0.0,128.0,0.0,dropout,0.0,0.0,0.0,30,0.0,0.0,alpha,-0.0125,125.14241027832031,-3.734375,-3.746875,0,0,160,0,80,80,40,0.0,0.4878125,0.505
0.5,0.5,2.7364194385325056,0.0,0.01,0.0,dropout,0.0,0.0,0.0,30,0.0,0.0,z_mad,0.0,0.0,-3.734375,-3.734375,0,0,160,0,80,80,40,0.0,0.5,0.5
0.5,0.5,2.7364194385325056,0.0,0.02,0.0,dropout,0.0,0.0,0.0,30,0.0,0.0,z_mad,0.0,0.0,-3.734375,-3.734375,0,0,160,0,80,80,40,0.0,0.5,0.5
0.5,0.5,2.7364194385325056,0.0,0.04,0.0,dropout,0.0,0.0,0.0,30,0.0,0.0,z_mad,0.0,0.00240885429084301,-3.734375,-3.734375,0,0,160,0,80,80,40,0.0,0.5,0.5
0.50078125,0.5,2.7364194385325056,0.0,0.08,0.0,dropout,0.0,0.0,0.0,30,0.0,0.0,z_mad,0.00078125,0.0009739467277540825,-3.734375,-3.73359375,0,0,160,0,80,80,40,0.0,0.5,0.503125
0.5,0.5,2.7364194385325056,0.0,0.16,0.0,dropout,0.0,0.0,0.0,30,0.0,0.0,z_mad,0.0,0.01617751423473237,-3.734375,-3.734375,0,0,160,0,80,80,40,0.0,0.5,0.5
0.503828125,0.5,2.7364194385325056,0.0,0.32,0.0,dropout,0.0,0.0,0.0,30,0.0,0.0,z_mad,0.00546875,0.04877697401097976,-3.734375,-3.72890625,0,0,160,0,80,80,40,0.0,0.5,0.509375
0.50703125,0.5,2.7364194385325056,0.0,0.64,0.0,dropout,0.0,0.0,0.0,30,0.0,0.0,z_mad,0.009375,0.18015066962107085,-3.734375,-3.725,0,0,160,0,80,80,40,0.0,0.503515625,0.51140625
0.506953125,0.5,2.7364194385325056,0.0,1.28,0.0,dropout,0.0,0.0,0.0,30,0.0,0.0,z_mad,0.00859375,0.6194949870929122,-3.734375,-3.72578125,0,0,160,0,80,80,40,0.0,0.50296875,0.5128125
0.503125,0.5,2.7364194385325056,0.0,2.56,0.0,dropout,0.0,0.0,0.0,30,0.0,0.0,z_mad,0.00390625,1.461816468834877,-3.734375,-3.73046875,0,0,160,0,80,80,40,0.0,0.49843359374999996,0.50797265625
0.501640625,0.5,2.7364194385325056,0.0,5.12,0.0,dropout,0.0,0.0,0.0,30,0.0,0.0,z_mad,0.0015625,3.352842393517494,-3.734375,-3.7328125,0,0,160,0,80,80,40,0.0,0.49343359374999995,0.508125
0.507578125,0.5,2.7364194385325056,0.0,10.24,0.0,dropout,0.0,0.0,0.0,30,0.0,0.0,z_mad,0.0078125,6.699232733249664,-3.734375,-3.7265625,0,0,160,0,80,80,40,0.0,0.501951171875,0.51406640625
0.50625,0.5,2.7364194385325056,0.0,20.48,0.0,dropout,0.0,0.0,0.0,30,0.0,0.0,z_mad,0.00625,13.94003747701645,-3.734375,-3.728125,0,0,160,0,80,80,40,0.0,0.499833984375,0.5134453125
0.5,0.5,2.7364194385325056,0.0,0.01,0.0,dropout,0.0,0.0,0.0,30,0.0,0.0,z_sd,0.0,0.0,-3.734375,-3.734375,0,0,160,0,80,80,40,0.0,0.5,0.5
0.5,0.5,2.7364194385325056,0.0,0.02,0.0,dropout,0.0,0.0,0.0,30,0.0,0.0,z_sd,0.0,0.0027733212962630207,-3.734375,-3.734375,0,0,160,0,80,80,40,0.0,0.5,0.5
0.501796875,0.5,2.7364194385325056,0.0,0.04,0.0,dropout,0.0,0.0,0.0,30,0.0,0.0,z_sd,0.00234375,0.015409924206323922,-3.734375,-3.73203125,0,0,160,0,80,80,40,0.0,0.5,0.50484375
0.50234375,0.5,2.7364194385325056,0.0,0.08,0.0,dropout,0.0,0.0,0.0,30,0.0,0.0,z_sd,0.003125,0.06409354698262178,-3.734375,-3.73125,0,0,160,0,80,80,40,0.0,0.498125,0.506875
0.5075,0.5,2.7364194385325056,0.0,0.16,0.0,dropout,0.0,0.0,0.0,30,0.0,0.0,z_sd,0.009375,0.21378198866732417,-3.734375,-3.725,0,0,160,0,80,80,40,0.0,0.501171875,0.514375
0.50578125,0.5,2.7364194385325056,0.0,0.32,0.0,dropout,0.0,0.0,0.0,30,0.0,0.0,z_sd,0.00703125,0.7479472666978836,-3.734375,-3.72734375,0,0,160,0,80,80,40,0.0,0.5025,0.511015625
0.50984375,0.5,2.7364194385325056,0.0,0.64,0.0,dropout,0.0,0.0,0.0,30,0.0,0.0,z_sd,0.01328125,1.8886627763509751,-3.734375,-3.72109375,0,0,160,0,80,80,40,0.0,0.50421875,0.51703125
0.506171875,0.5,2.7364194385325056,0.0,1.28,0.0,dropout,0.0,0.0,0.0,30,0.0,0.0,z_sd,0.00703125,3.828145354986191,-3.734375,-3.72734375,0,0,160,0,80,80,40,0.0,0.500625,0.51171875
0.50703125,0.5,2.7364194385325056,0.0,2.56,0.0,dropout,0.0,0.0,0.0,30,0.0,0.0,z_sd,0.00625,7.742135709524154,-3.734375,-3.728125,0,0,160,0,80,80,40,0.0,0.50171875,0.51234375
0.502109375,0.5,2.7364194385325056,0.0,5.12,0.0,dropout,0.0,0.0,0.0,30,0.0,0.0,z_sd,0.00078125,16.688410902023314,-3.734375,-3.73359375,0,0,160,0,80,80,40,0.0,0.49452734374999996,0.51
0.506796875,0.5,2.7364194385325056,0.0,10.24,0.0,dropout,0.0,0.0,0.0,30,0.0,0.0,z_sd,0.0078125,33.247000336647034,-3.734375,-3.7265625,0,0,160,0,80,80,40,0.0,0.498125,0.51812890625
0.503046875,0.5,2.7364194385325056,0.0,20.48,0.0,dropout,0.0,0.0,0.0,30,0.0,0.0,z_sd,-0.00390625,65.67602815628052,-3.734375,-3.73828125,0,0,160,0,80,80,40,0.0,0.48328125,0.519921875
0.50609375,0.5,2.7364194385325056,0.0,0.25,0.0,noise,0.0,0.0,0.0,30,0.0,0.0,alpha,0.0078125,0.25612314641475675,-3.734375,-3.7265625,0,0,160,0,80,80,40,0.0,0.50140625,0.513125
0.508515625,0.5,2.7364194385325056,0.0,0.5,0.0,noise,0.0,0.0,0.0,30,0.0,0.0,alpha,0.01171875,0.503551172465086,-3.734375,-3.72265625,0,0,160,0,80,80,40,0.0,0.50171875,0.51671875
0.5059375,0.5,2.7364194385325056,0.0,1.0,0.0,noise,0.0,0.0,0.0,30,0.0,0.0,alpha,0.00703125,1.0017698600888252,-3.734375,-3.72734375,0,0,160,0,80,80,40,0.0,0.5015625,0.5112617187499999
0.509375,0.5,2.7364194385325056,0.0,2.0,0.0,noise,0.0,0.0,0.0,30,0.0,0.0,alpha,0.0125,2.0008904367685316,-3.734375,-3.721875,0,0,160,0,80,80,40,0.0,0.50421875,0.5159375
0.504765625,0.5,2.7364194385325056,0.0,4.0,0.0,noise,0.0,0.0,0.0,30,0.0,0.0,alpha,0.00390625,4.000725397467614,-3.734375,-3.73046875,0,0,160,0,80,80,40,0.0,0.49999609375,0.509375
0.50875,0.5,2.7364194385325056,0.0,8.0,0.0,noise,0.0,0.0,0.0,30,0.0,0.0,alpha,0.01015625,8.000390285253525,-3.734375,-3.72421875,0,0,160,0,80,80,40,0.0,0.4990625,0.515703125
0.50125,0.5,2.7364194385325056,0.0,16.0,0.0,noise,0.0,0.0,0.0,30,0.0,0.0,alpha,0.00234375,16.000016689300537,-3.734375,-3.73203125,0,0,160,0,80,80,40,0.0,0.492734375,0.509375
0.50765625,0.5,2.7364194385325056,0.0,32.0,0.0,noise,0.0,0.0,0.0,30,0.0,0.0,alpha,0.00625,32.00014033317566,-3.734375,-3.728125,0,0,160,0,80,80,40,0.0,0.49203125,0.520005859375
0.50953125,0.5,2.7364194385325056,0.0,64.0,0.0,noise,0.0,0.0,0.0,30,0.0,0.0,alpha,0.0046875,64.00003309249878,-3.734375,-3.7296875,0,0,160,0,80,80,40,0.0,0.49312109374999996,0.5279003906249999
0.50390625,0.5,2.7364194385325056,0.0,128.0,0.0,noise,0.0,0.0,0.0,30,0.0,0.0,alpha,-0.0015625,127.99968013763427,-3.734375,-3.7359375,0,0,160,0,80,80,40,0.0,0.48624218750000003,0.52734375
0.5034375,0.5,2.7364194385325056,0.0,0.01,0.0,noise,0.0,0.0,0.0,30,0.0,0.0,z_mad,0.00390625,0.0029403530701529236,-3.734375,-3.73046875,0,0,160,0,80,80,40,0.0,0.49593359374999996,0.510390625
0.505234375,0.5,2.7364194385325056,0.0,0.02,0.0,noise,0.0,0.0,0.0,30,0.0,0.0,z_mad,0.0078125,0.008212368853855878,-3.734375,-3.7265625,0,0,160,0,80,80,40,0.0,0.49984179687499997,0.51390625
0.506015625,0.5,2.7364194385325056,0.0,0.04,0.0,noise,0.0,0.0,0.0,30,0.0,0.0,z_mad,0.0078125,0.022361323493532835,-3.734375,-3.7265625,0,0,160,0,80,80,40,0.0,0.50202734375,0.51109375
0.505,0.5,2.7364194385325056,0.0,0.08,0.0,noise,0.0,0.0,0.0,30,0.0,0.0,z_mad,0.00625,0.05515142907388508,-3.734375,-3.728125,0,0,160,0,80,80,40,0.0,0.5009375,0.51109765625
0.507890625,0.5,2.7364194385325056,0.0,0.16,0.0,noise,0.0,0.0,0.0,30,0.0,0.0,z_mad,0.01015625,0.11950130797922612,-3.734375,-3.72421875,0,0,160,0,80,80,40,0.0,0.50359375,0.51296875
0.50796875,0.5,2.7364194385325056,0.0,0.32,0.0,noise,0.0,0.0,0.0,30,0.0,0.0,z_mad,0.01171875,0.23420530017465352,-3.734375,-3.72265625,0,0,160,0,80,80,40,0.0,0.5021875,0.5155488281249999
0.50734375,0.5,2.7364194385325056,0.0,0.64,0.0,noise,0.0,0.0,0.0,30,0.0,0.0,z_mad,0.0078125,0.4667887717485428,-3.734375,-3.7265625,0,0,160,0,80,80,40,0.0,0.500859375,0.51390625
0.506875,0.5,2.7364194385325056,0.0,1.28,0.0,noise,0.0,0.0,0.0,30,0.0,0.0,z_mad,0.00859375,0.9378296010196209,-3.734375,-3.72578125,0,0,160,0,80,80,40,0.0,0.5021875,0.514921875
0.50765625,0.5,2.7364194385325056,0.0,2.56,0.0,noise,0.0,0.0,0.0,30,0.0,0.0,z_mad,0.0078125,1.8648080497980117,-3.734375,-3.7265625,0,0,160,0,80,80,40,0.0,0.5028125,0.51344140625
0.503046875,0.5,2.7364194385325056,0.0,5.12,0.0,noise,0.0,0.0,0.0,30,0.0,0.0,z_mad,0.0046875,3.7016579836606978,-3.734375,-3.7296875,0,0,160,0,80,80,40,0.0,0.4959375,0.508125
0.505,0.5,2.7364194385325056,0.0,10.24,0.0,noise,0.0,0.0,0.0,30,0.0,0.0,z_mad,0.00625,7.4467394888401035,-3.734375,-3.728125,0,0,160,0,80,80,40,0.0,0.499375,0.5121113281249999
0.503515625,0.5,2.7364194385325056,0.0,20.48,0.0,noise,0.0,0.0,0.0,30,0.0,0.0,z_mad,0.00546875,14.686458563804626,-3.734375,-3.72890625,0,0,160,0,80,80,40,0.0,0.49828125,0.509375
0.504296875,0.5,2.7364194385325056,0.0,0.01,0.0,noise,0.0,0.0,0.0,30,0.0,0.0,z_sd,0.00546875,0.02250788397504948,-3.734375,-3.72890625,0,0,160,0,80,80,40,0.0,0.500859375,0.50796875
0.5059375,0.5,2.7364194385325056,0.0,0.02,0.0,noise,0.0,0.0,0.0,30,0.0,0.0,z_sd,0.00703125,0.05114725627936423,-3.734375,-3.72734375,0,0,160,0,80,80,40,0.0,0.49968359375,0.5128125
0.5078125,0.5,2.7364194385325056,0.0,0.04,0.0,noise,0.0,0.0,0.0,30,0.0,0.0,z_sd,0.01015625,0.10691084819845856,-3.734375,-3.72421875,0,0,160,0,80,80,40,0.0,0.504296875,0.51250390625
0.506015625,0.5,2.7364194385325056,0.0,0.08,0.0,noise,0.0,0.0,0.0,30,0.0,0.0,z_sd,0.00703125,0.21271093832328916,-3.734375,-3.72734375,0,0,160,0,80,80,40,0.0,0.50125,0.5140625
0.50328125,0.5,2.7364194385325056,0.0,0.16,0.0,noise,0.0,0.0,0.0,30,0.0,0.0,z_sd,0.00546875,0.43858751747757196,-3.734375,-3.72890625,0,0,160,0,80,80,40,0.0,0.49921875,0.5100078125
0.50875,0.5,2.7364194385325056,0.0,0.32,0.0,noise,0.0,0.0,0.0,30,0.0,0.0,z_sd,0.0125,0.8197961993515491,-3.734375,-3.721875,0,0,160,0,80,80,40,0.0,0.5034375,0.518125
0.50703125,0.5,2.7364194385325056,0.0,0.64,0.0,noise,0.0,0.0,0.0,30,0.0,0.0,z_sd,0.0078125,1.7251517437398434,-3.734375,-3.7265625,0,0,160,0,80,80,40,0.0,0.5021875,0.5143828125000001
0.505546875,0.5,2.7364194385325056,0.0,1.28,0.0,noise,0.0,0.0,0.0,30,0.0,0.0,z_sd,0.00546875,3.4310403652489185,-3.734375,-3.72890625,0,0,160,0,80,80,40,0.0,0.4984375,0.511802734375
0.504140625,0.5,2.7364194385325056,0.0,2.56,0.0,noise,0.0,0.0,0.0,30,0.0,0.0,z_sd,0.00546875,6.866409948468208,-3.734375,-3.72890625,0,0,160,0,80,80,40,0.0,0.4953125,0.51203125
0.503671875,0.5,2.7364194385325056,0.0,5.12,0.0,noise,0.0,0.0,0.0,30,0.0,0.0,z_sd,0.00390625,13.745547783374786,-3.734375,-3.73046875,0,0,160,0,80,80,40,0.0,0.49265234375,0.51109375
0.50171875,0.5,2.7364194385325056,0.0,10.24,0.0,noise,0.0,0.0,0.0,30,0.0,0.0,z_sd,0.00078125,27.289689779281616,-3.734375,-3.73359375,0,0,160,0,80,80,40,0.0,0.49460351562500005,0.50875
0.505703125,0.5,2.7364194385325056,0.0,20.48,0.0,noise,0.0,0.0,0.0,30,0.0,0.0,z_sd,0.0,55.67539739608765,-3.734375,-3.734375,0,0,160,0,80,80,40,0.0,0.49327734375,0.5168867187499999
0.5065625,0.5,2.866576577553538,0.0,0.25,0.0,random,0.0,0.0,0.0,30,0.0,0.0,alpha,0.0067708333333333336,0.25608132357398666,-3.734375,-3.7276041666666666,0,0,240,0,120,120,40,0.0,0.5020286458333334,0.51073046875
0.5080208333333334,0.5,2.866576577553538,0.0,0.5,0.0,random,0.0,0.0,0.0,30,0.0,0.0,alpha,0.009895833333333333,0.5036110530296961,-3.734375,-3.724479166666667,0,0,240,0,120,120,40,0.0,0.5038515625000001,0.51390625
0.50734375,0.5,2.866576577553538,0.0,1.0,0.0,random,0.0,0.0,0.0,30,0.0,0.0,alpha,0.008854166666666666,1.0015858342250188,-3.734375,-3.7255208333333334,0,0,240,0,120,120,40,0.0,0.5030208333333334,0.5122421875
0.5051041666666667,0.5,2.866576577553538,0.0,2.0,0.0,random,0.0,0.0,0.0,30,0.0,0.0,alpha,0.00625,2.0004718651374183,-3.734375,-3.728125,0,0,240,0,120,120,40,0.0,0.4981158854166666,0.5123984375
0.5075520833333333,0.5,2.866576577553538,0.0,4.0,0.0,random,0.0,0.0,0.0,30,0.0,0.0,alpha,0.007291666666666667,4.000704127550125,-3.734375,-3.7270833333333333,0,0,240,0,120,120,40,0.0,0.49932161458333335,0.51578125
0.5065625,0.5,2.866576577553538,0.0,8.0,0.0,random,0.0,0.0,0.0,30,0.0,0.0,alpha,0.009375,8.000020229816437,-3.734375,-3.725,0,0,240,0,120,120,40,0.0,0.5031770833333333,0.51125
0.5051041666666667,0.5,2.866576577553538,0.0,16.0,0.0,random,0.0,0.0,0.0,30,0.0,0.0,alpha,0.00625,16.000178742408753,-3.734375,-3.728125,0,0,240,0,120,120,40,0.0,0.4992669270833333,0.51323046875
0.5097916666666666,0.5,2.866576577553538,0.0,32.0,0.0,random,0.0,0.0,0.0,30,0.0,0.0,alpha,0.010416666666666666,31.999929491678873,-3.734375,-3.7239583333333335,0,0,240,0,120,120,40,0.0,0.5024479166666667,0.5203203125
0.5026041666666666,0.5,2.866576577553538,0.0,64.0,0.0,random,0.0,0.0,0.0,30,0.0,0.0,alpha,-0.0020833333333333333,63.997811476389565,-3.734375,-3.736458333333333,0,0,240,0,120,120,40,0.0,0.48311718750000004,0.52635546875
0.481875,0.5,2.866576577553538,0.0,128.0,0.0,random,0.0,0.0,0.0,30,0.0,0.0,alpha,-0.03229166666666667,127.99638296763102,-3.734375,-3.7666666666666666,0,0,240,0,120,120,40,0.0,0.4415104166666667,0.51271875
0.5049479166666667,0.5,2.866576577553538,0.0,0.01,0.0,random,0.0,0.0,0.0,30,0.0,0.0,z_mad,0.005208333333333333,0.0027243551642944417,-3.734375,-3.7291666666666665,0,0,240,0,120,120,40,0.0,0.5009869791666667,0.5087513020833334
0.5039583333333333,0.5,2.866576577553538,0.0,0.02,0.0,random,0.0,0.0,0.0,30,0.0,0.0,z_mad,0.005208333333333333,0.007625359168741852,-3.734375,-3.7291666666666665,0,0,240,0,120,120,40,0.0,0.49963411458333334,0.5094791666666667
0.5072916666666667,0.5,2.866576577553538,0.0,0.04,0.0,random,0.0,0.0,0.0,30,0.0,0.0,z_mad,0.008333333333333333,0.020811742404475808,-3.734375,-3.7260416666666667,0,0,240,0,120,120,40,0.0,0.5028125,0.513125
0.5069270833333334,0.5,2.866576577553538,0.0,0.08,0.0,random,0.0,0.0,0.0,30,0.0,0.0,z_mad,0.009375,0.05246963007375598,-3.734375,-3.725,0,0,240,0,120,120,40,0.0,0.5028645833333333,0.51213671875
0.50484375,0.5,2.866576577553538,0.0,0.16,0.0,random,0.0,0.0,0.0,30,0.0,0.0,z_mad,0.00625,0.11540685066332419,-3.734375,-3.728125,0,0,240,0,120,120,40,0.0,0.5011458333333333,0.5089583333333333
0.50390625,0.5,2.866576577553538,0.0,0.32,0.0,random,0.0,0.0,0.0,30,0.0,0.0,z_mad,0.0046875,0.22798482626676558,-3.734375,-3.7296875,0,0,240,0,120,120,40,0.0,0.49921744791666667,0.5114075520833333
0.5066145833333333,0.5,2.866576577553538,0.0,0.64,0.0,random,0.0,0.0,0.0,30,0.0,0.0,z_mad,0.008854166666666666,0.44756452217698095,-3.734375,-3.7255208333333334,0,0,240,0,120,120,40,0.0,0.5017708333333334,0.5125533854166667
0.5060416666666666,0.5,2.866576577553538,0.0,1.28,0.0,random,0.0,0.0,0.0,30,0.0,0.0,z_mad,0.005729166666666666,0.8887510577837626,-3.734375,-3.728645833333333,0,0,240,0,120,120,40,0.0,0.5005729166666667,0.51265625
0.5047916666666666,0.5,2.866576577553538,0.0,2.56,0.0,random,0.0,0.0,0.0,30,0.0,0.0,z_mad,0.005729166666666666,1.7749778976043065,-3.734375,-3.728645833333333,0,0,240,0,120,120,40,0.0,0.4985325520833333,0.5139583333333333
0.5046354166666667,0.5,2.866576577553538,0.0,5.12,0.0,random,0.0,0.0,0.0,30,0.0,0.0,z_mad,0.0046875,3.5495046734809876,-3.734375,-3.7296875,0,0,240,0,120,120,40,0.0,0.49723828125,0.51323046875
0.5089583333333333,0.5,2.866576577553538,0.0,10.24,0.0,random,0.0,0.0,0.0,30,0.0,0.0,z_mad,0.011979166666666667,7.09737761815389,-3.734375,-3.722395833333333,0,0,240,0,120,120,40,0.0,0.5046341145833333,0.5152083333333334
0.5018229166666667,0.5,2.866576577553538,0.0,20.48,0.0,random,0.0,0.0,0.0,30,0.0,0.0,z_mad,0.0020833333333333333,14.195180455843607,-3.734375,-3.732291666666667,0,0,240,0,120,120,40,0.0,0.4945833333333333,0.5089609374999999
0.5081770833333333,0.5,2.866576577553538,0.0,0.01,0.0,random,0.0,0.0,0.0,30,0.0,0.0,z_sd,0.009895833333333333,0.009984291853227963,-3.734375,-3.724479166666667,0,0,240,0,120,120,40,0.0,0.5040078125,0.513125
0.5041666666666667,0.5,2.866576577553538,0.0,0.02,0.0,random,0.0,0.0,0.0,30,0.0,0.0,z_sd,0.0046875,0.02560377240103359,-3.734375,-3.7296875,0,0,240,0,120,120,40,0.0,0.5001041666666667,0.5084401041666666
0.50625,0.5,2.866576577553538,0.0,0.04,0.0,random,0.0,0.0,0.0,30,0.0,0.0,z_sd,0.008333333333333333,0.05914905170599619,-3.734375,-3.7260416666666667,0,0,240,0,120,120,40,0.0,0.50109375,0.5121875
0.5041666666666667,0.5,2.866576577553538,0.0,0.08,0.0,random,0.0,0.0,0.0,30,0.0,0.0,z_sd,0.005208333333333333,0.12480316009993354,-3.734375,-3.7291666666666665,0,0,240,0,120,120,40,0.0,0.4976041666666667,0.5101575520833334
0.506875,0.5,2.866576577553538,0.0,0.16,0.0,random,0.0,0.0,0.0,30,0.0,0.0,z_sd,0.009375,0.2513732358813286,-3.734375,-3.725,0,0,240,0,120,120,40,0.0,0.5016666666666667,0.5132838541666667
0.5057291666666667,0.5,2.866576577553538,0.0,0.32,0.0,random,0.0,0.0,0.0,30,0.0,0.0,z_sd,0.008333333333333333,0.49733130062619846,-3.734375,-3.7260416666666667,0,0,240,0,120,120,40,0.0,0.50098828125,0.5119283854166667
0.5050520833333333,0.5,2.866576577553538,0.0,0.64,0.0,random,0.0,0.0,0.0,30,0.0,0.0,z_sd,0.0046875,0.9882220303018888,-3.734375,-3.7296875,0,0,240,0,120,120,40,0.0,0.5008841145833333,0.50859765625
0.5075520833333333,0.5,2.866576577553538,0.0,1.28,0.0,random,0.0,0.0,0.0,30,0.0,0.0,z_sd,0.008854166666666666,1.9730724434057871,-3.734375,-3.7255208333333334,0,0,240,0,120,120,40,0.0,0.5019270833333334,0.51453125
0.5052083333333334,0.5,2.866576577553538,0.0,2.56,0.0,random,0.0,0.0,0.0,30,0.0,0.0,z_sd,0.0036458333333333334,3.944093863169352,-3.734375,-3.730729166666667,0,0,240,0,120,120,40,0.0,0.49682291666666667,0.51323046875
0.5053645833333333,0.5,2.866576577553538,0.0,5.12,0.0,random,0.0,0.0,0.0,30,0.0,0.0,z_sd,0.004166666666666667,7.886268186569214,-3.734375,-3.730208333333333,0,0,240,0,120,120,40,0.0,0.4988020833333333,0.5109388020833334
0.5111458333333333,0.5,2.866576577553538,0.0,10.24,0.0,random,0.0,0.0,0.0,30,0.0,0.0,z_sd,0.013541666666666667,15.771430512269339,-3.734375,-3.720833333333333,0,0,240,0,120,120,40,0.0,0.50515625,0.5184895833333333
0.5053645833333333,0.5,2.866576577553538,0.0,20.48,0.0,random,0.0,0.0,0.0,30,0.0,0.0,z_sd,0.005208333333333333,31.545256765683494,-3.734375,-3.7291666666666665,0,0,240,0,120,120,40,0.0,0.49734375,0.52391015625
0.501375,0.5,3.2275758330035513,0.0,0.25,0.0,concept,0.0,0.0,0.0,4,0.0,0.0,alpha,-0.00640625,0.2499849672988057,-3.734375,-3.74078125,0,0,800,0,400,400,40,0.0,0.470983203125,0.52434765625
0.502453125,0.5,3.2275758330035513,0.0,0.5,0.0,concept,0.0,0.0,0.0,4,0.0,0.0,alpha,-0.004375,0.49984753906726836,-3.734375,-3.73875,0,0,800,0,400,400,40,0.0,0.47404609374999995,0.527346875
0.509703125,0.5,3.2275758330035513,0.0,1.0,0.0,concept,0.0,0.0,0.0,4,0.0,0.0,alpha,0.0103125,0.9996784335374832,-3.734375,-3.7240625,0,0,800,0,400,400,40,0.0,0.47383828125,0.545033984375
0.59228125,0.5,3.2275758330035513,0.0,2.0,0.0,concept,0.0,0.0,0.0,4,0.0,0.0,alpha,0.15625,1.9993597102165221,-3.734375,-3.578125,0,0,800,0,400,400,40,0.0,0.528627734375,0.658906640625
0.844609375,0.5,3.2275758330035513,0.0,4.0,0.0,concept,0.0,0.0,0.0,4,0.0,0.0,alpha,0.75625,3.9986816990375518,-3.734375,-2.978125,0,0,800,0,400,400,40,0.0,0.7641683593749999,0.9202824218750001
0.81396875,0.5,3.2275758330035513,0.0,8.0,0.0,concept,0.0,0.0,0.0,4,0.0,0.0,alpha,0.8421875,7.997427178621292,-3.734375,-2.8921875,0,0,800,0,400,400,40,0.0,0.70673984375,0.904094140625
0.4389375,0.5,3.2275758330035513,0.0,16.0,0.0,concept,0.0,0.0,0.0,4,0.0,0.0,alpha,-0.15671875,15.994984970092773,-3.734375,-3.89109375,0,0,800,0,400,400,40,0.0,0.29430273437500004,0.598604296875
0.311359375,0.5,3.2275758330035513,0.0,32.0,0.0,concept,0.0,0.0,0.0,4,0.0,0.0,alpha,-0.4528125,31.990283012390137,-3.734375,-4.1871875,0,0,800,0,400,400,40,0.0,0.18670625,0.447855859375
0.421953125,0.5,3.2275758330035513,0.0,64.0,0.0,concept,0.0,0.0,0.0,4,0.0,0.0,alpha,-0.20015625,63.97700551986694,-3.734375,-3.93453125,0,0,800,0,400,400,40,0.0,0.28985703125,0.58578203125
0.48909375,0.5,3.2275758330035513,0.0,128.0,0.0,concept,0.0,0.0,0.0,4,0.0,0.0,alpha,-0.02421875,127.94320455551147,-3.734375,-3.75859375,0,0,800,0,400,400,40,0.0,0.319656640625,0.660629296875
0.506609375,0.5,3.2275758330035513,0.0,0.01,0.0,concept,0.0,0.0,0.0,4,0.0,0.0,z_mad,0.0025,0.0009908527009247336,-3.734375,-3.731875,0,0,800,0,400,400,40,0.0,0.49130859374999997,0.519735546875
0.505453125,0.5,3.2275758330035513,0.0,0.02,0.0,concept,0.0,0.0,0.0,4,0.0,0.0,z_mad,-0.00015625,0.0020439360549789854,-3.734375,-3.73453125,0,0,800,0,400,400,40,0.0,0.48416484374999996,0.5204589843749999
0.508734375,0.5,3.2275758330035513,0.0,0.04,0.0,concept,0.0,0.0,0.0,4,0.0,0.0,z_mad,0.006875,0.004572652286733501,-3.734375,-3.7275,0,0,800,0,400,400,40,0.0,0.48694453125,0.5254117187499999
0.51075,0.5,3.2275758330035513,0.0,0.08,0.0,concept,0.0,0.0,0.0,4,0.0,0.0,z_mad,0.00796875,0.00985213553532958,-3.734375,-3.72640625,0,0,800,0,400,400,40,0.0,0.48819375000000004,0.529205078125
0.5056875,0.5,3.2275758330035513,0.0,0.16,0.0,concept,0.0,0.0,0.0,4,0.0,0.0,z_mad,0.00125,0.019983895844779907,-3.734375,-3.733125,0,0,800,0,400,400,40,0.0,0.486546875,0.522861328125
0.504125,0.5,3.2275758330035513,0.0,0.32,0.0,concept,0.0,0.0,0.0,4,0.0,0.0,z_mad,0.0021875,0.03958525815978646,-3.734375,-3.7321875,0,0,800,0,400,400,40,0.0,0.48493437500000003,0.52234609375
0.505125,0.5,3.2275758330035513,0.0,0.64,0.0,concept,0.0,0.0,0.0,4,0.0,0.0,z_mad,-0.00078125,0.07884271733462811,-3.734375,-3.73515625,0,0,800,0,400,400,40,0.0,0.479884765625,0.52454765625
0.500875,0.5,3.2275758330035513,0.0,1.28,0.0,concept,0.0,0.0,0.0,4,0.0,0.0,z_mad,-0.0071875,0.1573361312225461,-3.734375,-3.7415625,0,0,800,0,400,400,40,0.0,0.475749609375,0.518363671875
0.4998125,0.5,3.2275758330035513,0.0,2.56,0.0,concept,0.0,0.0,0.0,4,0.0,0.0,z_mad,-0.00859375,0.3145155994594097,-3.734375,-3.74296875,0,0,800,0,400,400,40,0.0,0.47500664062500003,0.518474609375
0.5005625,0.5,3.2275758330035513,0.0,5.12,0.0,concept,0.0,0.0,0.0,4,0.0,0.0,z_mad,-0.00265625,0.6289415428042412,-3.734375,-3.73703125,0,0,800,0,400,400,40,0.0,0.471677734375,0.523239453125
0.52734375,0.5,3.2275758330035513,0.0,10.24,0.0,concept,0.0,0.0,0.0,4,0.0,0.0,z_mad,0.0396875,1.2576812890172004,-3.734375,-3.6946875,0,0,800,0,400,400,40,0.0,0.48412499999999997,0.5691499999999999
0.6620625,0.5,3.2275758330035513,0.0,20.48,0.0,concept,0.0,0.0,0.0,4,0.0,0.0,z_mad,0.28890625,2.515459905862808,-3.734375,-3.44546875,0,0,800,0,400,400,40,0.0,0.58163125,0.731516015625
0.535671875,0.5,3.2275758330035513,0.0,0.01,0.0,concept,0.0,0.0,0.0,4,0.0,0.0,z_sd,0.058125,1.2923737239837647,-3.734375,-3.67625,0,0,800,0,400,400,40,0.0,0.486014453125,0.59413203125
0.673109375,0.5,3.2275758330035513,0.0,0.02,0.0,concept,0.0,0.0,0.0,4,0.0,0.0,z_sd,0.34859375,2.584674305319786,-3.734375,-3.38578125,0,0,800,0,400,400,40,0.0,0.58351484375,0.7806640625000001
0.816453125,0.5,3.2275758330035513,0.0,0.04,0.0,concept,0.0,0.0,0.0,4,0.0,0.0,z_sd,0.8015625,5.169386156201362,-3.734375,-2.9328125,0,0,800,0,400,400,40,0.0,0.726323828125,0.896190625
0.71734375,0.5,3.2275758330035513,0.0,0.08,0.0,concept,0.0,0.0,0.0,4,0.0,0.0,z_sd,0.4946875,10.339056795835495,-3.734375,-3.2396875,0,0,800,0,400,400,40,0.0,0.53606171875,0.87923515625
0.456390625,0.5,3.2275758330035513,0.0,0.16,0.0,concept,0.0,0.0,0.0,4,0.0,0.0,z_sd,-0.1025,20.678496718406677,-3.734375,-3.836875,0,0,800,0,400,400,40,0.0,0.31419843750000004,0.6023578124999999
0.395078125,0.5,3.2275758330035513,0.0,0.32,0.0,concept,0.0,0.0,0.0,4,0.0,0.0,z_sd,-0.25984375,41.35259815692902,-3.734375,-3.99421875,0,0,800,0,400,400,40,0.0,0.24346054687500002,0.543319140625
0.437265625,0.5,3.2275758330035513,0.0,0.64,0.0,concept,0.0,0.0,0.0,4,0.0,0.0,z_sd,-0.12515625,82.70118467330933,-3.734375,-3.85953125,0,0,800,0,400,400,40,0.0,0.27050703125,0.6123753906249999
0.465890625,0.5,3.2275758330035513,0.0,1.28,0.0,concept,0.0,0.0,0.0,4,0.0,0.0,z_sd,-0.0628125,165.41110233306884,-3.734375,-3.7971875,0,0,800,0,400,400,40,0.0,0.30941640625,0.64051328125
0.422125,0.5,3.2275758330035513,0.0,2.56,0.0,concept,0.0,0.0,0.0,4,0.0,0.0,z_sd,-0.25625,330.821202583313,-3.734375,-3.990625,0,0,800,0,400,400,40,0.0,0.26287109375,0.591855078125
0.401875,0.5,3.2275758330035513,0.0,5.12,0.0,concept,0.0,0.0,0.0,4,0.0,0.0,z_sd,-0.413515625,661.6562213134765,-3.734375,-4.147890625,0,0,800,0,400,400,40,0.0,0.228703515625,0.5729683593749999
0.394140625,0.5,3.2275758330035513,0.0,10.24,0.0,concept,0.0,0.0,0.0,4,0.0,0.0,z_sd,-0.485703125,1323.3353189086913,-3.734375,-4.220078125,0,0,800,0,400,400,40,0.0,0.2243703125,0.560695703125
0.392671875,0.5,3.2275758330035513,0.0,20.48,0.0,concept,0.0,0.0,0.0,4,0.0,0.0,z_sd,-0.518203125,2646.6952984619143,-3.734375,-4.252578125,0,0,800,0,400,400,40,0.0,0.229653515625,0.558168359375
0.50375,0.5,2.7364194385325056,0.0,0.25,0.0,dropout,0.0,0.0,0.0,4,0.0,0.0,alpha,-0.00078125,0.233176645450294,-3.734375,-3.73515625,0,0,160,0,80,80,40,0.0,0.47796484375,0.520078125
0.514921875,0.5,2.7364194385325056,0.0,0.5,0.0,dropout,0.0,0.0,0.0,4,0.0,0.0,alpha,0.01171875,0.47055406831204893,-3.734375,-3.72265625,0,0,160,0,80,80,40,0.0,0.4909375,0.5453242187499999
0.533515625,0.5,2.7364194385325056,0.0,1.0,0.0,dropout,0.0,0.0,0.0,4,0.0,0.0,alpha,0.05,0.9745553292334079,-3.734375,-3.684375,0,0,160,0,80,80,40,0.0,0.5060820312500001,0.5598671875
0.61703125,0.5,2.7364194385325056,0.0,2.0,0.0,dropout,0.0,0.0,0.0,4,0.0,0.0,alpha,0.1859375,1.978802327811718,-3.734375,-3.5484375,0,0,160,0,80,80,40,0.0,0.57733984375,0.67299609375
0.86734375,0.5,2.7364194385325056,0.0,4.0,0.0,dropout,0.0,0.0,0.0,4,0.0,0.0,alpha,0.740625,3.9771643698215486,-3.734375,-2.99375,0,0,160,0,80,80,40,0.0,0.82359375,0.927109375
0.972109375,0.5,2.7364194385325056,0.0,8.0,0.0,dropout,0.0,0.0,0.0,4,0.0,0.0,alpha,1.50546875,7.966863667964935,-3.734375,-2.22890625,0,0,160,0,80,80,40,0.0,0.935,0.99500390625
0.694375,0.5,2.7364194385325056,0.0,16.0,0.0,dropout,0.0,0.0,0.0,4,0.0,0.0,alpha,0.428125,15.40801203250885,-3.734375,-3.30625,0,0,160,0,80,80,40,0.0,0.5641582031250001,0.8003710937499999
0.5571875,0.5,2.7364194385325056,0.0,32.0,0.0,dropout,0.0,0.0,0.0,4,0.0,0.0,alpha,0.14140625,30.283136320114135,-3.734375,-3.59296875,0,0,160,0,80,80,40,0.0,0.4253125,0.68844921875
0.69078125,0.5,2.7364194385325056,0.0,64.0,0.0,dropout,0.0,0.0,0.0,4,0.0,0.0,alpha,0.46171875,56.793290281295775,-3.734375,-3.27265625,0,0,160,0,80,80,40,0.0,0.56716015625,0.84590234375
0.77046875,0.503125,2.5446008626536925,0.3836371517576267,128.0,0.0,dropout,0.00625,0.0,0.0125,4,0.0,0.0125,alpha,0.8189453125,99.30631985664368,-3.734375,-2.9154296875,0,1,160,0,80,80,40,0.0,0.62953125,0.873203125
0.5,0.5,2.7364194385325056,0.0,0.01,0.0,dropout,0.0,0.0,0.0,4,0.0,0.0,z_mad,0.0,0.0,-3.734375,-3.734375,0,0,160,0,80,80,40,0.0,0.5,0.5
0.5,0.5,2.7364194385325056,0.0,0.02,0.0,dropout,0.0,0.0,0.0,4,0.0,0.0,z_mad,0.0,0.0,-3.734375,-3.734375,0,0,160,0,80,80,40,0.0,0.5,0.5
0.499375,0.5,2.7364194385325056,0.0,0.04,0.0,dropout,0.0,0.0,0.0,4,0.0,0.0,z_mad,-0.00078125,0.00017700196185614913,-3.734375,-3.73515625,0,0,160,0,80,80,40,0.0,0.4971875,0.5
0.501484375,0.5,2.7364194385325056,0.0,0.08,0.0,dropout,0.0,0.0,0.0,4,0.0,0.0,z_mad,0.003125,0.00037152427685214204,-3.734375,-3.73125,0,0,160,0,80,80,40,0.0,0.5,0.50421875
0.501875,0.5,2.7364194385325056,0.0,0.16,0.0,dropout,0.0,0.0,0.0,4,0.0,0.0,z_mad,0.00078125,0.0016124687868796172,-3.734375,-3.73359375,0,0,160,0,80,80,40,0.0,0.4965625,0.5053125
0.5015625,0.5,2.7364194385325056,0.0,0.32,0.0,dropout,0.0,0.0,0.0,4,0.0,0.0,z_mad,-0.00625,0.0045108805163181385,-3.734375,-3.740625,0,0,160,0,80,80,40,0.0,0.486484375,0.5137539062500001
0.502734375,0.5,2.7364194385325056,0.0,0.64,0.0,dropout,0.0,0.0,0.0,4,0.0,0.0,z_mad,-0.00078125,0.02009791902746656,-3.734375,-3.73515625,0,0,160,0,80,80,40,0.0,0.486166015625,0.5203125
0.500078125,0.5,2.7364194385325056,0.0,1.28,0.0,dropout,0.0,0.0,0.0,4,0.0,0.0,z_mad,-0.00234375,0.06276035299524665,-3.734375,-3.73671875,0,0,160,0,80,80,40,0.0,0.477734375,0.520625
0.5103125,0.5,2.7364194385325056,0.0,2.56,0.0,dropout,0.0,0.0,0.0,4,0.0,0.0,z_mad,0.0078125,0.1564993042498827,-3.734375,-3.7265625,0,0,160,0,80,80,40,0.0,0.4884375,0.53203125
0.506640625,0.5,2.7364194385325056,0.0,5.12,0.0,dropout,0.0,0.0,0.0,4,0.0,0.0,z_mad,0.00703125,0.3471842367202044,-3.734375,-3.72734375,0,0,160,0,80,80,40,0.0,0.481546875,0.5315625
0.51453125,0.5,2.7364194385325056,0.0,10.24,0.0,dropout,0.0,0.0,0.0,4,0.0,0.0,z_mad,0.01328125,0.6887477666139603,-3.734375,-3.72109375,0,0,160,0,80,80,40,0.0,0.49328125,0.54421875
0.553203125,0.5,2.7364194385325056,0.0,20.48,0.0,dropout,0.0,0.0,0.0,4,0.0,0.0,z_mad,0.078125,1.416492575407028,-3.734375,-3.65625,0,0,160,0,80,80,40,0.0,0.5171875,0.5934375
0.506015625,0.5,2.7364194385325056,0.0,0.01,0.0,dropout,0.0,0.0,0.0,4,0.0,0.0,z_sd,0.003125,0.005095289295195471,-3.734375,-3.73125,0,0,160,0,80,80,40,0.0,0.494431640625,0.516498046875
0.504921875,0.5,2.7364194385325056,0.0,0.02,0.0,dropout,0.0,0.0,0.0,4,0.0,0.0,z_sd,-0.00390625,0.016106669402506667,-3.734375,-3.73828125,0,0,160,0,80,80,40,0.0,0.477015625,0.52453125
0.50765625,0.5,2.7364194385325056,0.0,0.04,0.0,dropout,0.0,0.0,0.0,4,0.0,0.0,z_sd,0.0015625,0.06096929218620062,-3.734375,-3.7328125,0,0,160,0,80,80,40,0.0,0.482880859375,0.52953125
0.509375,0.5,2.7364194385325056,0.0,0.08,0.0,dropout,0.0,0.0,0.0,4,0.0,0.0,z_sd,0.00390625,0.13378283875063063,-3.734375,-3.73046875,0,0,160,0,80,80,40,0.0,0.484375,0.5271875
0.50546875,0.5,2.7364194385325056,0.0,0.16,0.0,dropout,0.0,0.0,0.0,4,0.0,0.0,z_sd,-0.00390625,0.2981888772919774,-3.734375,-3.73828125,0,0,160,0,80,80,40,0.0,0.4790390625,0.529939453125
0.51296875,0.5,2.7364194385325056,0.0,0.32,0.0,dropout,0.0,0.0,0.0,4,0.0,0.0,z_sd,0.01015625,0.6227825522422791,-3.734375,-3.72421875,0,0,160,0,80,80,40,0.0,0.481015625,0.54390625
0.54984375,0.5,2.7364194385325056,0.0,0.64,0.0,dropout,0.0,0.0,0.0,4,0.0,0.0,z_sd,0.07109375,1.2821702539920807,-3.734375,-3.66328125,0,0,160,0,80,80,40,0.0,0.5128125,0.5862539062500001
0.68734375,0.5,2.7364194385325056,0.0,1.28,0.0,dropout,0.0,0.0,0.0,4,0.0,0.0,z_sd,0.32578125,2.6033832103013994,-3.734375,-3.40859375,0,0,160,0,80,80,40,0.0,0.6455625,0.745625
0.9815625,0.5,2.7364194385325056,0.0,2.56,0.0,dropout,0.0,0.0,0.0,4,0.0,0.0,z_sd,1.3578125,5.216769033670426,-3.734375,-2.3765625,0,0,160,0,80,80,40,0.0,0.96625,0.996640625
0.911484375,0.5,2.7364194385325056,0.0,5.12,0.0,dropout,0.0,0.0,0.0,4,0.0,0.0,z_sd,1.23984375,10.320687747001648,-3.734375,-2.49453125,0,0,160,0,80,80,40,0.0,0.842421875,0.96549609375
0.557734375,0.5,2.7364194385325056,0.0,10.24,0.0,dropout,0.0,0.0,0.0,4,0.0,0.0,z_sd,0.121875,20.475396513938904,-3.734375,-3.6125,0,0,160,0,80,80,40,0.0,0.4049609375,0.6909375
0.515859375,0.5,2.7364194385325056,0.0,20.48,0.0,dropout,0.0,0.0,0.0,4,0.0,0.0,z_sd,0.014453125,38.98477399349213,-3.734375,-3.719921875,0,0,160,0,80,80,40,0.0,0.399310546875,0.61536328125
0.50734375,0.5,2.7364194385325056,0.0,0.25,0.0,noise,0.0,0.0,0.0,4,0.0,0.0,alpha,0.0,0.2500789899379015,-3.734375,-3.734375,0,0,160,0,80,80,40,0.0,0.48296875,0.52546875
0.508828125,0.5,2.7364194385325056,0.0,0.5,0.0,noise,0.0,0.0,0.0,4,0.0,0.0,alpha,0.01015625,0.5000317264348269,-3.734375,-3.72421875,0,0,160,0,80,80,40,0.0,0.489375,0.52735546875
0.525234375,0.5,2.7364194385325056,0.0,1.0,0.0,noise,0.0,0.0,0.0,4,0.0,0.0,alpha,0.03515625,1.0000179082155227,-3.734375,-3.69921875,0,0,160,0,80,80,40,0.0,0.50146875,0.54859375
0.586640625,0.5,2.7364194385325056,0.0,2.0,0.0,noise,0.0,0.0,0.0,4,0.0,0.0,alpha,0.1328125,1.9999943360686303,-3.734375,-3.6015625,0,0,160,0,80,80,40,0.0,0.53953125,0.6340625
0.830546875,0.5,2.7364194385325056,0.0,4.0,0.0,noise,0.0,0.0,0.0,4,0.0,0.0,alpha,0.6734375,3.999969521164894,-3.734375,-3.0609375,0,0,160,0,80,80,40,0.0,0.79734375,0.871908203125
0.976953125,0.5,2.7364194385325056,0.0,8.0,0.0,noise,0.0,0.0,0.0,4,0.0,0.0,alpha,1.6890625,7.999953329563141,-3.734375,-2.0453125,0,0,160,0,80,80,40,0.0,0.944375,0.99656640625
0.66484375,0.5,2.7364194385325056,0.0,16.0,0.0,noise,0.0,0.0,0.0,4,0.0,0.0,alpha,0.36015625,15.999890887737275,-3.734375,-3.37421875,0,0,160,0,80,80,40,0.0,0.5648222656249999,0.772669921875
0.47328125,0.5,2.7364194385325056,0.0,32.0,0.0,noise,0.0,0.0,0.0,4,0.0,0.0,alpha,-0.09765625,31.999742484092714,-3.734375,-3.83203125,0,0,160,0,80,80,40,0.0,0.346015625,0.6190625
0.734375,0.5,2.7364194385325056,0.0,64.0,0.0,noise,0.0,0.0,0.0,4,0.0,0.0,alpha,0.565625,63.999651193618774,-3.734375,-3.16875,0,0,160,0,80,80,40,0.0,0.625232421875,0.83359375
0.832421875,0.5,2.7364194385325056,0.0,128.0,0.0,noise,0.0,0.0,0.0,4,0.0,0.0,alpha,0.90703125,127.99958581924439,-3.734375,-2.82734375,0,0,160,0,80,80,40,0.0,0.7712265625,0.8971875
0.515625,0.5,2.7364194385325056,0.0,0.01,0.0,noise,0.0,0.0,0.0,4,0.0,0.0,z_mad,0.01640625,0.0003091049391514389,-3.734375,-3.71796875,0,0,160,0,80,80,40,0.0,0.49967578125,0.5301953125
0.50984375,0.5,2.7364194385325056,0.0,0.02,0.0,noise,0.0,0.0,0.0,4,0.0,0.0,z_mad,0.003125,0.0008533024702046532,-3.734375,-3.73125,0,0,160,0,80,80,40,0.0,0.4875,0.52750390625
0.50140625,0.5,2.7364194385325056,0.0,0.04,0.0,noise,0.0,0.0,0.0,4,0.0,0.0,z_mad,-0.00625,0.002319682823144831,-3.734375,-3.740625,0,0,160,0,80,80,40,0.0,0.47981250000000003,0.5231503906249999
0.50796875,0.5,2.7364194385325056,0.0,0.08,0.0,noise,0.0,0.0,0.0,4,0.0,0.0,z_mad,0.003125,0.005642700864700601,-3.734375,-3.73125,0,0,160,0,80,80,40,0.0,0.4832734375,0.5290625
0.5046875,0.5,2.7364194385325056,0.0,0.16,0.0,noise,0.0,0.0,0.0,4,0.0,0.0,z_mad,-0.0015625,0.011884408048354089,-3.734375,-3.7359375,0,0,160,0,80,80,40,0.0,0.47433203125,0.53173046875
0.49890625,0.5,2.7364194385325056,0.0,0.32,0.0,noise,0.0,0.0,0.0,4,0.0,0.0,z_mad,-0.00859375,0.02348306227941066,-3.734375,-3.74296875,0,0,160,0,80,80,40,0.0,0.4765625,0.5196875
0.508828125,0.5,2.7364194385325056,0.0,0.64,0.0,noise,0.0,0.0,0.0,4,0.0,0.0,z_mad,0.0015625,0.046371324267238376,-3.734375,-3.7328125,0,0,160,0,80,80,40,0.0,0.48875,0.5265703125000001
0.502890625,0.5,2.7364194385325056,0.0,1.28,0.0,noise,0.0,0.0,0.0,4,0.0,0.0,z_mad,-0.0015625,0.09162004282698036,-3.734375,-3.7359375,0,0,160,0,80,80,40,0.0,0.47859375,0.523052734375
0.496796875,0.5,2.7364194385325056,0.0,2.56,0.0,noise,0.0,0.0,0.0,4,0.0,0.0,z_mad,-0.009375,0.18542306423187255,-3.734375,-3.74375,0,0,160,0,80,80,40,0.0,0.4703125,0.51781640625
0.511953125,0.5,2.7364194385325056,0.0,5.12,0.0,noise,0.0,0.0,0.0,4,0.0,0.0,z_mad,0.01171875,0.3628793120384216,-3.734375,-3.72265625,0,0,160,0,80,80,40,0.0,0.47828125,0.53265625
0.521953125,0.5,2.7364194385325056,0.0,10.24,0.0,noise,0.0,0.0,0.0,4,0.0,0.0,z_mad,0.021875,0.7271593287587166,-3.734375,-3.7125,0,0,160,0,80,80,40,0.0,0.49952734374999996,0.54484765625
0.556484375,0.5,2.7364194385325056,0.0,20.48,0.0,noise,0.0,0.0,0.0,4,0.0,0.0,z_mad,0.08046875,1.4687819987535478,-3.734375,-3.65390625,0,0,160,0,80,80,40,0.0,0.5240625,0.59517578125
0.509296875,0.5,2.7364194385325056,0.0,0.01,0.0,noise,0.0,0.0,0.0,4,0.0,0.0,z_sd,0.00078125,0.025701712467707694,-3.734375,-3.73359375,0,0,160,0,80,80,40,0.0,0.489140625,0.525390625
0.513984375,0.5,2.7364194385325056,0.0,0.02,0.0,noise,0.0,0.0,0.0,4,0.0,0.0,z_sd,0.009375,0.048332364996895194,-3.734375,-3.725,0,0,160,0,80,80,40,0.0,0.49828125,0.5340625
0.514453125,0.5,2.7364194385325056,0.0,0.04,0.0,noise,0.0,0.0,0.0,4,0.0,0.0,z_sd,0.01015625,0.09686022652313113,-3.734375,-3.72421875,0,0,160,0,80,80,40,0.0,0.489375,0.54578125
0.51234375,0.5,2.7364194385325056,0.0,0.08,0.0,noise,0.0,0.0,0.0,4,0.0,0.0,z_sd,0.009375,0.2040846798568964,-3.734375,-3.725,0,0,160,0,80,80,40,0.0,0.49046875,0.53296875
0.515625,0.5,2.7364194385325056,0.0,0.16,0.0,noise,0.0,0.0,0.0,4,0.0,0.0,z_sd,0.01796875,0.37033130396157504,-3.734375,-3.71640625,0,0,160,0,80,80,40,0.0,0.49591015624999996,0.54125
0.53203125,0.5,2.7364194385325056,0.0,0.32,0.0,noise,0.0,0.0,0.0,4,0.0,0.0,z_sd,0.04375,0.7573235757648945,-3.734375,-3.690625,0,0,160,0,80,80,40,0.0,0.510154296875,0.55251953125
0.601171875,0.5,2.7364194385325056,0.0,0.64,0.0,noise,0.0,0.0,0.0,4,0.0,0.0,z_sd,0.1703125,1.6098000153899192,-3.734375,-3.5640625,0,0,160,0,80,80,40,0.0,0.573125,0.6365625
0.7890625,0.5,2.7364194385325056,0.0,1.28,0.0,noise,0.0,0.0,0.0,4,0.0,0.0,z_sd,0.58828125,3.2588559851050376,-3.734375,-3.14609375,0,0,160,0,80,80,40,0.0,0.74359375,0.8415625
0.932265625,0.5,2.7364194385325056,0.0,2.56,0.0,noise,0.0,0.0,0.0,4,0.0,0.0,z_sd,1.03984375,6.698909875750542,-3.734375,-2.69453125,0,0,160,0,80,80,40,0.0,0.88578125,0.9690625
0.91921875,0.5,2.7364194385325056,0.0,5.12,0.0,noise,0.0,0.0,0.0,4,0.0,0.0,z_sd,1.1984375,12.82839086651802,-3.734375,-2.5359375,0,0,160,0,80,80,40,0.0,0.83625,0.9668984375
0.803984375,0.5,2.7364194385325056,0.0,10.24,0.0,noise,0.0,0.0,0.0,4,0.0,0.0,z_sd,0.83125,25.942540323734285,-3.734375,-2.903125,0,0,160,0,80,80,40,0.0,0.69546875,0.92
0.803671875,0.5,2.7364194385325056,0.0,20.48,0.0,noise,0.0,0.0,0.0,4,0.0,0.0,z_sd,0.846875,49.00504038333893,-3.734375,-2.8875,0,0,160,0,80,80,40,0.0,0.695234375,0.8982988281250001
0.5016666666666667,0.5,2.866576577553538,0.0,0.25,0.0,random,0.0,0.0,0.0,4,0.0,0.0,alpha,-0.0010416666666666667,0.2500990066677332,-3.734375,-3.7354166666666666,0,0,240,0,120,120,40,0.0,0.47733723958333335,0.5184960937499999
0.5153125,0.5,2.866576577553538,0.0,0.5,0.0,random,0.0,0.0,0.0,4,0.0,0.0,alpha,0.020833333333333332,0.500072373698155,-3.734375,-3.7135416666666665,0,0,240,0,120,120,40,0.0,0.4901549479166667,0.5404166666666667
0.5383333333333333,0.5,2.866576577553538,0.0,1.0,0.0,random,0.0,0.0,0.0,4,0.0,0.0,alpha,0.05625,1.0000386834144592,-3.734375,-3.678125,0,0,240,0,120,120,40,0.0,0.51265625,0.5651575520833334
0.6186458333333333,0.5,2.866576577553538,0.0,2.0,0.0,random,0.0,0.0,0.0,4,0.0,0.0,alpha,0.1859375,2.0000273237625756,-3.734375,-3.5484375,0,0,240,0,120,120,40,0.0,0.5651028645833334,0.6782291666666667
0.8457291666666666,0.5,2.866576577553538,0.0,4.0,0.0,random,0.0,0.0,0.0,4,0.0,0.0,alpha,0.7546875,4.000046286980311,-3.734375,-2.9796875,0,0,240,0,120,120,40,0.0,0.7531106770833333,0.940703125
0.96328125,0.5,2.866576577553538,0.0,8.0,0.0,random,0.0,0.0,0.0,4,0.0,0.0,alpha,1.3880208333333333,8.00011525551478,-3.734375,-2.3463541666666665,0,0,240,0,120,120,40,0.0,0.9015625,0.9948984375
0.54640625,0.5,2.866576577553538,0.0,16.0,0.0,random,0.0,0.0,0.0,4,0.0,0.0,alpha,0.05625,16.00022137959798,-3.734375,-3.678125,0,0,240,0,120,120,40,0.0,0.3672916666666667,0.7108854166666667
0.5797395833333333,0.5,2.866576577553538,0.0,32.0,0.0,random,0.0,0.0,0.0,4,0.0,0.0,alpha,0.15,32.00062322616577,-3.734375,-3.584375,0,0,240,0,120,120,40,0.0,0.3867109375,0.76375390625
0.6817708333333333,0.5,2.866576577553538,0.0,64.0,0.0,random,0.0,0.0,0.0,4,0.0,0.0,alpha,0.8119791666666667,64.00087334314982,-3.734375,-2.9223958333333333,0,0,240,0,120,120,40,0.0,0.35064453125,1.0
0.5357291666666667,0.5385416666666667,2.139753218419902,1.4536467182672725,128.0,0.0,random,0.07708333333333334,0.0,0.06666666666666667,4,0.0,0.1,alpha,0.6783854166666666,128.00207475026448,-3.734375,-3.0559895833333335,0,8,240,0,120,120,40,0.0,0.045,1.0
0.5075520833333333,0.5,2.866576577553538,0.0,0.01,0.0,random,0.0,0.0,0.0,4,0.0,0.0,z_mad,0.003125,0.0003043256084007832,-3.734375,-3.73125,0,0,240,0,120,120,40,0.0,0.47752994791666664,0.5257304687500001
0.50859375,0.5,2.866576577553538,0.0,0.02,0.0,random,0.0,0.0,0.0,4,0.0,0.0,z_mad,0.005208333333333333,0.0008475571322681693,-3.734375,-3.7291666666666665,0,0,240,0,120,120,40,0.0,0.4829674479166667,0.5279700520833334
0.5014583333333333,0.5,2.866576577553538,0.0,0.04,0.0,random,0.0,0.0,0.0,4,0.0,0.0,z_mad,-0.0010416666666666667,0.002272608229153169,-3.734375,-3.7354166666666666,0,0,240,0,120,120,40,0.0,0.47583333333333333,0.5229856770833333
0.5093229166666666,0.5,2.866576577553538,0.0,0.08,0.0,random,0.0,0.0,0.0,4,0.0,0.0,z_mad,0.004166666666666667,0.0055396308889612556,-3.734375,-3.730208333333333,0,0,240,0,120,120,40,0.0,0.48754166666666665,0.5257434895833334
0.50578125,0.5,2.866576577553538,0.0,0.16,0.0,random,0.0,0.0,0.0,4,0.0,0.0,z_mad,0.0010416666666666667,0.01173829056788236,-3.734375,-3.7333333333333334,0,0,240,0,120,120,40,0.0,0.48755208333333333,0.5190625
0.5090104166666667,0.5,2.866576577553538,0.0,0.32,0.0,random,0.0,0.0,0.0,4,0.0,0.0,z_mad,0.0125,0.02316849658576151,-3.734375,-3.721875,0,0,240,0,120,120,40,0.0,0.48296875,0.52875
0.50765625,0.5,2.866576577553538,0.0,0.64,0.0,random,0.0,0.0,0.0,4,0.0,0.0,z_mad,0.0020833333333333333,0.04567968621850014,-3.734375,-3.732291666666667,0,0,240,0,120,120,40,0.0,0.49239322916666667,0.5192734375
0.5053125,0.5,2.866576577553538,0.0,1.28,0.0,random,0.0,0.0,0.0,4,0.0,0.0,z_mad,0.0026041666666666665,0.09082287419587373,-3.734375,-3.7317708333333335,0,0,240,0,120,120,40,0.0,0.47953125,0.5260494791666667
0.5055729166666667,0.5,2.866576577553538,0.0,2.56,0.0,random,0.0,0.0,0.0,4,0.0,0.0,z_mad,0.0046875,0.18131077140569687,-3.734375,-3.7296875,0,0,240,0,120,120,40,0.0,0.4869791666666667,0.51833984375
0.5171354166666666,0.5,2.866576577553538,0.0,5.12,0.0,random,0.0,0.0,0.0,4,0.0,0.0,z_mad,0.015625,0.3625347209473451,-3.734375,-3.71875,0,0,240,0,120,120,40,0.0,0.4997916666666667,0.53359375
0.5308854166666667,0.5,2.866576577553538,0.0,10.24,0.0,random,0.0,0.0,0.0,4,0.0,0.0,z_mad,0.0453125,0.7249601061145464,-3.734375,-3.6890625,0,0,240,0,120,120,40,0.0,0.50222265625,0.569046875
0.56796875,0.5,2.866576577553538,0.0,20.48,0.0,random,0.0,0.0,0.0,4,0.0,0.0,z_mad,0.10572916666666667,1.4498899231354396,-3.734375,-3.628645833333333,0,0,240,0,120,120,40,0.0,0.52403515625,0.6152395833333333
0.5008854166666666,0.5,2.866576577553538,0.0,0.01,0.0,random,0.0,0.0,0.0,4,0.0,0.0,z_sd,0.0,0.019555810581853923,-3.734375,-3.734375,0,0,240,0,120,120,40,0.0,0.47020703125,0.5275156249999999
0.5084895833333334,0.5,2.866576577553538,0.0,0.02,0.0,random,0.0,0.0,0.0,4,0.0,0.0,z_sd,0.0046875,0.039018817145066956,-3.734375,-3.7296875,0,0,240,0,120,120,40,0.0,0.4847265625,0.5321354166666666
0.5011458333333333,0.5,2.866576577553538,0.0,0.04,0.0,random,0.0,0.0,0.0,4,0.0,0.0,z_sd,-0.004166666666666667,0.07803872072836385,-3.734375,-3.738541666666667,0,0,240,0,120,120,40,0.0,0.4781770833333333,0.5191250000000001
0.509375,0.5,2.866576577553538,0.0,0.08,0.0,random,0.0,0.0,0.0,4,0.0,0.0,z_sd,0.00625,0.15607103079091758,-3.734375,-3.728125,0,0,240,0,120,120,40,0.0,0.47888671875,0.5340625
0.5091666666666667,0.5,2.866576577553538,0.0,0.16,0.0,random,0.0,0.0,0.0,4,0.0,0.0,z_sd,0.00625,0.31185604583782456,-3.734375,-3.728125,0,0,240,0,120,120,40,0.0,0.48765234375,0.5341809895833334
0.5259375,0.5,2.866576577553538,0.0,0.32,0.0,random,0.0,0.0,0.0,4,0.0,0.0,z_sd,0.03125,0.6235050453493992,-3.734375,-3.703125,0,0,240,0,120,120,40,0.0,0.49171875,0.5737604166666667
0.5688020833333334,0.5,2.866576577553538,0.0,0.64,0.0,random,0.0,0.0,0.0,4,0.0,0.0,z_sd,0.109375,1.246808928437531,-3.734375,-3.625,0,0,240,0,120,120,40,0.0,0.5083723958333334,0.6739635416666666
0.6884895833333333,0.5,2.866576577553538,0.0,1.28,0.0,random,0.0,0.0,0.0,4,0.0,0.0,z_sd,0.47604166666666664,2.493532716110349,-3.734375,-3.2583333333333333,0,0,240,0,120,120,40,0.0,0.5130546875,0.9620312499999999
0.7466666666666667,0.5,2.866576577553538,0.0,2.56,0.0,random,0.0,0.0,0.0,4,0.0,0.0,z_sd,0.5963541666666666,4.98695272008578,-3.734375,-3.1380208333333335,0,0,240,0,120,120,40,0.0,0.526875,0.9075143229166667
0.6992708333333333,0.5,2.866576577553538,0.0,5.12,0.0,random,0.0,0.0,0.0,4,0.0,0.0,z_sd,0.5614583333333333,9.973825838665167,-3.734375,-3.1729166666666666,0,0,240,0,120,120,40,0.0,0.52918359375,0.9190078124999997
0.72484375,0.5,2.866576577553538,0.0,10.24,0.0,random,0.0,0.0,0.0,4,0.0,0.0,z_sd,0.5822916666666667,19.947689480582874,-3.734375,-3.152083333333333,0,0,240,0,120,120,40,0.0,0.5301497395833333,0.98359375
0.7100520833333334,0.5010416666666667,2.753121733916527,0.22690968727402305,20.48,0.0,random,0.0020833333333333333,0.0,0.0,4,0.0,0.008333333333333333,z_sd,1.0041666666666667,39.895318080981575,-3.734375,-2.730208333333333,0,0,240,0,120,120,40,0.0,0.42087109375,1.0
0.50728125,0.5,3.2275758330035513,0.0,0.25,0.0,concept,0.0,0.0,0.0,5,0.0,0.0,alpha,0.005625,0.2502179128304124,-3.734375,-3.72875,0,0,800,0,400,400,40,0.0,0.4877796875,0.526142578125
0.508953125,0.5,3.2275758330035513,0.0,0.5,0.0,concept,0.0,0.0,0.0,5,0.0,0.0,alpha,0.0075,0.5002246655523777,-3.734375,-3.726875,0,0,800,0,400,400,40,0.0,0.482137109375,0.533625390625
0.532765625,0.5,3.2275758330035513,0.0,1.0,0.0,concept,0.0,0.0,0.0,5,0.0,0.0,alpha,0.048125,1.0002539485692978,-3.734375,-3.68625,0,0,800,0,400,400,40,0.0,0.49864804687500003,0.576382421875
0.61509375,0.5,3.2275758330035513,0.0,2.0,0.0,concept,0.0,0.0,0.0,5,0.0,0.0,alpha,0.19515625,2.000559366941452,-3.734375,-3.53921875,0,0,800,0,400,400,40,0.0,0.55493359375,0.673189453125
0.807765625,0.5,3.2275758330035513,0.0,4.0,0.0,concept,0.0,0.0,0.0,5,0.0,0.0,alpha,0.6121875,4.0011783713102345,-3.734375,-3.1221875,0,0,800,0,400,400,40,0.0,0.7325917968750001,0.888312890625
0.807375,0.5,3.2275758330035513,0.0,8.0,0.0,concept,0.0,0.0,0.0,5,0.0,0.0,alpha,0.6615625,8.002363319396972,-3.734375,-3.0728125,0,0,800,0,400,400,40,0.0,0.68662109375,0.9090238281249999
0.52534375,0.5,3.2275758330035513,0.0,16.0,0.0,concept,0.0,0.0,0.0,5,0.0,0.0,alpha,0.050625,16.00492559194565,-3.734375,-3.68375,0,0,800,0,400,400,40,0.0,0.383783984375,0.6630124999999999
0.450078125,0.5,3.2275758330035513,0.0,32.0,0.0,concept,0.0,0.0,0.0,5,0.0,0.0,alpha,-0.07875,32.009071340560915,-3.734375,-3.813125,0,0,800,0,400,400,40,0.0,0.287646484375,0.6139660156249999
0.55984375,0.5,3.2275758330035513,0.0,64.0,0.0,concept,0.0,0.0,0.0,5,0.0,0.0,alpha,0.152109375,64.01651483535767,-3.734375,-3.582265625,0,0,800,0,400,400,40,0.0,0.38966601562500003,0.7411589843749999
0.5883125,0.5,3.2275758330035513,0.0,128.0,0.0,concept,0.0,0.0,0.0,5,0.0,0.0,alpha,0.346875,128.03263063430785,-3.734375,-3.3875,0,0,800,0,400,400,40,0.0,0.39995625,0.7803277343749999
0.507609375,0.5,3.2275758330035513,0.0,0.01,0.0,concept,0.0,0.0,0.0,5,0.0,0.0,z_mad,0.0065625,0.0012024351321451832,-3.734375,-3.7278125,0,0,800,0,400,400,40,0.0,0.490166796875,0.5233453125
0.504921875,0.5,3.2275758330035513,0.0,0.02,0.0,concept,0.0,0.0,0.0,5,0.0,0.0,z_mad,0.00203125,0.0025539458720595576,-3.734375,-3.73234375,0,0,800,0,400,400,40,0.0,0.48385859374999995,0.5257035156250001
0.50628125,0.5,3.2275758330035513,0.0,0.04,0.0,concept,0.0,0.0,0.0,5,0.0,0.0,z_mad,0.0040625,0.005677084564231336,-3.734375,-3.7303125,0,0,800,0,400,400,40,0.0,0.483023828125,0.525142578125
0.50465625,0.5,3.2275758330035513,0.0,0.08,0.0,concept,0.0,0.0,0.0,5,0.0,0.0,z_mad,-0.00125,0.012179114201571792,-3.734375,-3.735625,0,0,800,0,400,400,40,0.0,0.48226367187499997,0.518801953125
0.505765625,0.5,3.2275758330035513,0.0,0.16,0.0,concept,0.0,0.0,0.0,5,0.0,0.0,z_mad,0.0034375,0.024730160241015254,-3.734375,-3.7309375,0,0,800,0,400,400,40,0.0,0.48509296874999996,0.52386015625
0.508609375,0.5,3.2275758330035513,0.0,0.32,0.0,concept,0.0,0.0,0.0,5,0.0,0.0,z_mad,0.003125,0.04906893026083708,-3.734375,-3.73125,0,0,800,0,400,400,40,0.0,0.4856390625,0.526315625
0.50575,0.5,3.2275758330035513,0.0,0.64,0.0,concept,0.0,0.0,0.0,5,0.0,0.0,z_mad,0.001875,0.09767766140401363,-3.734375,-3.7325,0,0,800,0,400,400,40,0.0,0.48076523437499996,0.524547265625
0.509453125,0.5,3.2275758330035513,0.0,1.28,0.0,concept,0.0,0.0,0.0,5,0.0,0.0,z_mad,0.0059375,0.19476868972182274,-3.734375,-3.7284375,0,0,800,0,400,400,40,0.0,0.49043593750000003,0.52790859375
0.508453125,0.5,3.2275758330035513,0.0,2.56,0.0,concept,0.0,0.0,0.0,5,0.0,0.0,z_mad,0.00625,0.38916453287005426,-3.734375,-3.728125,0,0,800,0,400,400,40,0.0,0.4863234375,0.531500390625
0.518203125,0.5,3.2275758330035513,0.0,5.12,0.0,concept,0.0,0.0,0.0,5,0.0,0.0,z_mad,0.02375,0.7782329697906971,-3.734375,-3.710625,0,0,800,0,400,400,40,0.0,0.48527109375,0.5492382812500001
0.570859375,0.5,3.2275758330035513,0.0,10.24,0.0,concept,0.0,0.0,0.0,5,0.0,0.0,z_mad,0.11703125,1.556447723209858,-3.734375,-3.61734375,0,0,800,0,400,400,40,0.0,0.5225730468750001,0.6232140625
0.729421875,0.5,3.2275758330035513,0.0,20.48,0.0,concept,0.0,0.0,0.0,5,0.0,0.0,z_mad,0.42140625,3.112954350113869,-3.734375,-3.31296875,0,0,800,0,400,400,40,0.0,0.65580234375,0.8094937499999999
0.54365625,0.5,3.2275758330035513,0.0,0.01,0.0,concept,0.0,0.0,0.0,5,0.0,0.0,z_sd,0.07015625,1.230368627756834,-3.734375,-3.66421875,0,0,800,0,400,400,40,0.0,0.501747265625,0.589568359375
0.649578125,0.5,3.2275758330035513,0.0,0.02,0.0,concept,0.0,0.0,0.0,5,0.0,0.0,z_sd,0.270625,2.460750481188297,-3.734375,-3.46375,0,0,800,0,400,400,40,0.0,0.585465234375,0.734642578125
0.77346875,0.5,3.2275758330035513,0.0,0.04,0.0,concept,0.0,0.0,0.0,5,0.0,0.0,z_sd,0.5628125,4.921428425312042,-3.734375,-3.1715625,0,0,800,0,400,400,40,0.0,0.692282421875,0.8609242187499999
0.722390625,0.5,3.2275758330035513,0.0,0.08,0.0,concept,0.0,0.0,0.0,5,0.0,0.0,z_sd,0.48328125,9.842944008111953,-3.734375,-3.25109375,0,0,800,0,400,400,40,0.0,0.56609296875,0.86435078125
0.5970625,0.5,3.2275758330035513,0.0,0.16,0.0,concept,0.0,0.0,0.0,5,0.0,0.0,z_sd,0.2075,19.6853670167923,-3.734375,-3.526875,0,0,800,0,400,400,40,0.0,0.418834375,0.762639453125
0.50953125,0.5,3.2275758330035513,0.0,0.32,0.0,concept,0.0,0.0,0.0,5,0.0,0.0,z_sd,0.038828125,39.36895902633667,-3.734375,-3.695546875,0,0,800,0,400,400,40,0.0,0.352076171875,0.6717562499999999
0.527328125,0.5,3.2275758330035513,0.0,0.64,0.0,concept,0.0,0.0,0.0,5,0.0,0.0,z_sd,0.134921875,78.74209424018859,-3.734375,-3.599453125,0,0,800,0,400,400,40,0.0,0.353042578125,0.7058937499999999
0.5575625,0.5,3.2275758330035513,0.0,1.28,0.0,concept,0.0,0.0,0.0,5,0.0,0.0,z_sd,0.238984375,157.4884581756592,-3.734375,-3.495390625,0,0,800,0,400,400,40,0.0,0.360996484375,0.7535953125
0.522640625,0.5,3.2275758330035513,0.0,2.56,0.0,concept,0.0,0.0,0.0,5,0.0,0.0,z_sd,0.1725,314.9736866760254,-3.734375,-3.561875,0,0,800,0,400,400,40,0.0,0.32551640625,0.7226257812499999
0.49046875,0.5,3.2275758330035513,0.0,5.12,0.0,concept,0.0,0.0,0.0,5,0.0,0.0,z_sd,0.07796875,629.9440928649902,-3.734375,-3.65640625,0,0,800,0,400,400,40,0.0,0.302984765625,0.6969859374999999
0.47271875,0.5,3.2275758330035513,0.0,10.24,0.0,concept,0.0,0.0,0.0,5,0.0,0.0,z_sd,0.01984375,1259.8873681640625,-3.734375,-3.71453125,0,0,800,0,400,400,40,0.0,0.300331640625,0.6846078125
0.4685625,0.5,3.2275758330035513,0.0,20.48,0.0,concept,0.0,0.0,0.0,5,0.0,0.0,z_sd,-0.0034375,2519.76863861084,-3.734375,-3.7378125,0,0,800,0,400,400,40,0.0,0.2651046875,0.672403125
0.508125,0.5,2.7364194385325056,0.0,0.25,0.0,dropout,0.0,0.0,0.0,5,0.0,0.0,alpha,0.00703125,0.2262637797743082,-3.734375,-3.72734375,0,0,160,0,80,80,40,0.0,0.48544921875,0.5367265625000001
0.5140625,0.5,2.7364194385325056,0.0,0.5,0.0,dropout,0.0,0.0,0.0,5,0.0,0.0,alpha,0.015625,0.4650497976690531,-3.734375,-3.71875,0,0,160,0,80,80,40,0.0,0.48998437499999997,0.538939453125
0.53203125,0.5,2.7364194385325056,0.0,1.0,0.0,dropout,0.0,0.0,0.0,5,0.0,0.0,alpha,0.04921875,0.9680470481514931,-3.734375,-3.68515625,0,0,160,0,80,80,40,0.0,0.51685546875,0.5563125
0.61265625,0.5,2.7364194385325056,0.0,2.0,0.0,dropout,0.0,0.0,0.0,5,0.0,0.0,alpha,0.18125,1.9800447285175324,-3.734375,-3.553125,0,0,160,0,80,80,40,0.0,0.568951171875,0.6720371093749999
0.791640625,0.5,2.7364194385325056,0.0,4.0,0.0,dropout,0.0,0.0,0.0,5,0.0,0.0,alpha,0.59375,3.9806226432323455,-3.734375,-3.140625,0,0,160,0,80,80,40,0.0,0.75078125,0.8379726562500001
0.949453125,0.5,2.7364194385325056,0.0,8.0,0.0,dropout,0.0,0.0,0.0,5,0.0,0.0,alpha,1.209375,7.932589048147202,-3.734375,-2.525,0,0,160,0,80,80,40,0.0,0.89546875,0.9903125
0.767265625,0.5,2.7364194385325056,0.0,16.0,0.0,dropout,0.0,0.0,0.0,5,0.0,0.0,alpha,0.56796875,15.72720502614975,-3.734375,-3.16640625,0,0,160,0,80,80,40,0.0,0.638333984375,0.87018359375
0.554921875,0.5,2.7364194385325056,0.0,32.0,0.0,dropout,0.0,0.0,0.0,5,0.0,0.0,alpha,0.11015625,30.25193600654602,-3.734375,-3.62421875,0,0,160,0,80,80,40,0.0,0.408234375,0.6940625
0.7634375,0.503125,2.5446008626536925,0.3836371517576267,64.0,0.0,dropout,0.00625,0.0,0.0125,5,0.0,0.0125,alpha,0.655078125,58.0775062084198,-3.734375,-3.079296875,0,1,160,0,80,80,40,0.0,0.621556640625,0.8575
0.798125,0.5,2.7364194385325056,0.0,128.0,0.0,dropout,0.0,0.0,0.0125,5,0.0,0.0,alpha,0.8984375,105.18290390968323,-3.734375,-2.8359375,0,1,160,0,80,80,40,0.0,0.722171875,0.8669394531249999
0.5,0.5,2.7364194385325056,0.0,0.01,0.0,dropout,0.0,0.0,0.0,5,0.0,0.0,z_mad,0.0,0.0,-3.734375,-3.734375,0,0,160,0,80,80,40,0.0,0.5,0.5
0.5,0.5,2.7364194385325056,0.0,0.02,0.0,dropout,0.0,0.0,0.0,5,0.0,0.0,z_mad,0.0,0.0,-3.734375,-3.734375,0,0,160,0,80,80,40,0.0,0.5,0.5
0.5,0.5,2.7364194385325056,0.0,0.04,0.0,dropout,0.0,0.0,0.0,5,0.0,0.0,z_mad,0.0,0.0,-3.734375,-3.734375,0,0,160,0,80,80,40,0.0,0.5,0.5
0.5003125,0.5,2.7364194385325056,0.0,0.08,0.0,dropout,0.0,0.0,0.0,5,0.0,0.0,z_mad,0.00078125,0.0001998174877371639,-3.734375,-3.73359375,0,0,160,0,80,80,40,0.0,0.4978125,0.5046875
0.5003125,0.5,2.7364194385325056,0.0,0.16,0.0,dropout,0.0,0.0,0.0,5,0.0,0.0,z_mad,0.0,0.0015711830262262084,-3.734375,-3.734375,0,0,160,0,80,80,40,0.0,0.49359375,0.50765625
0.502734375,0.5,2.7364194385325056,0.0,0.32,0.0,dropout,0.0,0.0,0.0,5,0.0,0.0,z_mad,0.00078125,0.00654052886457066,-3.734375,-3.73359375,0,0,160,0,80,80,40,0.0,0.482421875,0.5215625
0.51328125,0.5,2.7364194385325056,0.0,0.64,0.0,dropout,0.0,0.0,0.0,5,0.0,0.0,z_mad,0.0109375,0.025462707676342688,-3.734375,-3.7234375,0,0,160,0,80,80,40,0.0,0.484609375,0.5296875
0.509765625,0.5,2.7364194385325056,0.0,1.28,0.0,dropout,0.0,0.0,0.0,5,0.0,0.0,z_mad,0.01171875,0.08274205832276493,-3.734375,-3.72265625,0,0,160,0,80,80,40,0.0,0.473671875,0.53641015625
0.50265625,0.5,2.7364194385325056,0.0,2.56,0.0,dropout,0.0,0.0,0.0,5,0.0,0.0,z_mad,0.00390625,0.18447084669023753,-3.734375,-3.73046875,0,0,160,0,80,80,40,0.0,0.47341992187500004,0.521576171875
0.506484375,0.5,2.7364194385325056,0.0,5.12,0.0,dropout,0.0,0.0,0.0,5,0.0,0.0,z_mad,0.00546875,0.4097850278019905,-3.734375,-3.72890625,0,0,160,0,80,80,40,0.0,0.484451171875,0.52765625
0.5290625,0.5,2.7364194385325056,0.0,10.24,0.0,dropout,0.0,0.0,0.0,5,0.0,0.0,z_mad,0.03515625,0.8380868665874004,-3.734375,-3.69921875,0,0,160,0,80,80,40,0.0,0.502484375,0.56109375
0.568828125,0.5,2.7364194385325056,0.0,20.48,0.0,dropout,0.0,0.0,0.0,5,0.0,0.0,z_mad,0.1078125,1.700864841043949,-3.734375,-3.6265625,0,0,160,0,80,80,40,0.0,0.531626953125,0.6070390625000001
0.49765625,0.5,2.7364194385325056,0.0,0.01,0.0,dropout,0.0,0.0,0.0,5,0.0,0.0,z_sd,-0.003125,0.007083517184219091,-3.734375,-3.7375,0,0,160,0,80,80,40,0.0,0.47968359374999997,0.51000390625
0.50296875,0.5,2.7364194385325056,0.0,0.02,0.0,dropout,0.0,0.0,0.0,5,0.0,0.0,z_sd,0.0,0.018532653109286912,-3.734375,-3.734375,0,0,160,0,80,80,40,0.0,0.47718359374999997,0.51953125
0.51140625,0.5,2.7364194385325056,0.0,0.04,0.0,dropout,0.0,0.0,0.0,5,0.0,0.0,z_sd,0.0125,0.05817129502538591,-3.734375,-3.721875,0,0,160,0,80,80,40,0.0,0.48828125,0.5340625
0.502421875,0.5,2.7364194385325056,0.0,0.08,0.0,dropout,0.0,0.0,0.0,5,0.0,0.0,z_sd,-0.00234375,0.1486900344491005,-3.734375,-3.73671875,0,0,160,0,80,80,40,0.0,0.475234375,0.52879296875
0.5059375,0.5,2.7364194385325056,0.0,0.16,0.0,dropout,0.0,0.0,0.0,5,0.0,0.0,z_sd,-0.00078125,0.34224110934883356,-3.734375,-3.73515625,0,0,160,0,80,80,40,0.0,0.477630859375,0.52862109375
0.527265625,0.5,2.7364194385325056,0.0,0.32,0.0,dropout,0.0,0.0,0.0,5,0.0,0.0,z_sd,0.03671875,0.7102211214601993,-3.734375,-3.69765625,0,0,160,0,80,80,40,0.0,0.504609375,0.558125
0.5421875,0.5,2.7364194385325056,0.0,0.64,0.0,dropout,0.0,0.0,0.0,5,0.0,0.0,z_sd,0.0703125,1.4348265200853347,-3.734375,-3.6640625,0,0,160,0,80,80,40,0.0,0.523125,0.5670429687499999
0.671953125,0.5,2.7364194385325056,0.0,1.28,0.0,dropout,0.0,0.0,0.0,5,0.0,0.0,z_sd,0.29765625,2.9176427900791166,-3.734375,-3.43671875,0,0,160,0,80,80,40,0.0,0.63625,0.722265625
0.92765625,0.5,2.7364194385325056,0.0,2.56,0.0,dropout,0.0,0.0,0.0,5,0.0,0.0,z_sd,1.0125,5.825087904930115,-3.734375,-2.721875,0,0,160,0,80,80,40,0.0,0.872181640625,0.9778125
0.850546875,0.5,2.7364194385325056,0.0,5.12,0.0,dropout,0.0,0.0,0.0,5,0.0,0.0,z_sd,0.8578125,11.645305871963501,-3.734375,-2.8765625,0,0,160,0,80,80,40,0.0,0.769599609375,0.90703125
0.644921875,0.5,2.7364194385325056,0.0,10.24,0.0,dropout,0.0,0.0,0.0,5,0.0,0.0,z_sd,0.3046875,22.931845927238463,-3.734375,-3.4296875,0,0,160,0,80,80,40,0.0,0.541333984375,0.747421875
0.670078125,0.5,2.7364194385325056,0.0,20.48,0.0,dropout,0.0,0.0,0.0,5,0.0,0.0,z_sd,0.38359375,45.6202052116394,-3.734375,-3.35078125,0,0,160,0,80,80,40,0.0,0.55921875,0.78078125
0.5034375,0.5,2.7364194385325056,0.0,0.25,0.0,noise,0.0,0.0,0.0,5,0.0,0.0,alpha,-0.00078125,0.2501107409596443,-3.734375,-3.73515625,0,0,160,0,80,80,40,0.0,0.473564453125,0.525015625
0.51453125,0.5,2.7364194385325056,0.0,0.5,0.0,noise,0.0,0.0,0.0,5,0.0,0.0,alpha,0.0171875,0.5000594522804022,-3.734375,-3.7171875,0,0,160,0,80,80,40,0.0,0.482890625,0.542982421875
0.526796875,0.5,2.7364194385325056,0.0,1.0,0.0,noise,0.0,0.0,0.0,5,0.0,0.0,alpha,0.0375,1.0000197194516658,-3.734375,-3.696875,0,0,160,0,80,80,40,0.0,0.4934140625,0.5584375
0.591171875,0.5,2.7364194385325056,0.0,2.0,0.0,noise,0.0,0.0,0.0,5,0.0,0.0,alpha,0.146875,2.0000146970152857,-3.734375,-3.5875,0,0,160,0,80,80,40,0.0,0.5658984375,0.63869140625
0.796953125,0.5,2.7364194385325056,0.0,4.0,0.0,noise,0.0,0.0,0.0,5,0.0,0.0,alpha,0.584375,3.999944639205933,-3.734375,-3.15,0,0,160,0,80,80,40,0.0,0.74966796875,0.85921875
0.9696875,0.5,2.7364194385325056,0.0,8.0,0.0,noise,0.0,0.0,0.0,5,0.0,0.0,alpha,1.34609375,7.999974113702774,-3.734375,-2.38828125,0,0,160,0,80,80,40,0.0,0.94108203125,0.9921875
0.722421875,0.5,2.7364194385325056,0.0,16.0,0.0,noise,0.0,0.0,0.0,5,0.0,0.0,alpha,0.48046875,15.999895715713501,-3.734375,-3.25390625,0,0,160,0,80,80,40,0.0,0.59077734375,0.8134375
0.548828125,0.5,2.7364194385325056,0.0,32.0,0.0,noise,0.0,0.0,0.0,5,0.0,0.0,alpha,0.09921875,31.999908876419067,-3.734375,-3.63515625,0,0,160,0,80,80,40,0.0,0.4021796875,0.69484375
0.763203125,0.5,2.7364194385325056,0.0,64.0,0.0,noise,0.0,0.0,0.0,5,0.0,0.0,alpha,0.66484375,63.999920129776,-3.734375,-3.06953125,0,0,160,0,80,80,40,0.0,0.656306640625,0.860390625
0.877890625,0.5,2.7364194385325056,0.0,128.0,0.0,noise,0.0,0.0,0.0,5,0.0,0.0,alpha,1.114453125,127.99949884414673,-3.734375,-2.619921875,0,0,160,0,80,80,40,0.0,0.8315546875,0.923125
0.5065625,0.5,2.7364194385325056,0.0,0.01,0.0,noise,0.0,0.0,0.0,5,0.0,0.0,z_mad,0.0078125,0.00034625969783519395,-3.734375,-3.7265625,0,0,160,0,80,80,40,0.0,0.48257226562500005,0.52890625
0.507265625,0.5,2.7364194385325056,0.0,0.02,0.0,noise,0.0,0.0,0.0,5,0.0,0.0,z_mad,0.00390625,0.0009655261012085248,-3.734375,-3.73046875,0,0,160,0,80,80,40,0.0,0.47952734375,0.5317695312499999
0.499296875,0.5,2.7364194385325056,0.0,0.04,0.0,noise,0.0,0.0,0.0,5,0.0,0.0,z_mad,-0.003125,0.002645518202916719,-3.734375,-3.7375,0,0,160,0,80,80,40,0.0,0.4809375,0.518046875
0.506875,0.5,2.7364194385325056,0.0,0.08,0.0,noise,0.0,0.0,0.0,5,0.0,0.0,z_mad,0.00703125,0.006464095046976581,-3.734375,-3.72734375,0,0,160,0,80,80,40,0.0,0.47577734374999997,0.5290703125
0.50734375,0.5,2.7364194385325056,0.0,0.16,0.0,noise,0.0,0.0,0.0,5,0.0,0.0,z_mad,0.0015625,0.013799319311510771,-3.734375,-3.7328125,0,0,160,0,80,80,40,0.0,0.48515625,0.52203125
0.512734375,0.5,2.7364194385325056,0.0,0.32,0.0,noise,0.0,0.0,0.0,5,0.0,0.0,z_mad,0.00859375,0.027649281732738017,-3.734375,-3.72578125,0,0,160,0,80,80,40,0.0,0.4895234375,0.531263671875
0.511796875,0.5,2.7364194385325056,0.0,0.64,0.0,noise,0.0,0.0,0.0,5,0.0,0.0,z_mad,0.00703125,0.054036126984283325,-3.734375,-3.72734375,0,0,160,0,80,80,40,0.0,0.48859375,0.531015625
0.50515625,0.5,2.7364194385325056,0.0,1.28,0.0,noise,0.0,0.0,0.0,5,0.0,0.0,z_mad,0.003125,0.10768303647637367,-3.734375,-3.73125,0,0,160,0,80,80,40,0.0,0.48038281250000003,0.5226601562500001
0.50640625,0.5,2.7364194385325056,0.0,2.56,0.0,noise,0.0,0.0,0.0,5,0.0,0.0,z_mad,-0.00234375,0.214569547213614,-3.734375,-3.73671875,0,0,160,0,80,80,40,0.0,0.480921875,0.52578515625
0.501328125,0.5,2.7364194385325056,0.0,5.12,0.0,noise,0.0,0.0,0.0,5,0.0,0.0,z_mad,-0.00390625,0.4303564440459013,-3.734375,-3.73828125,0,0,160,0,80,80,40,0.0,0.47328125,0.52765625
0.5409375,0.5,2.7364194385325056,0.0,10.24,0.0,noise,0.0,0.0,0.0,5,0.0,0.0,z_mad,0.05390625,0.867634902894497,-3.734375,-3.68046875,0,0,160,0,80,80,40,0.0,0.51515625,0.565625
0.56421875,0.5,2.7364194385325056,0.0,20.48,0.0,noise,0.0,0.0,0.0,5,0.0,0.0,z_mad,0.103125,1.7154216468334198,-3.734375,-3.63125,0,0,160,0,80,80,40,0.0,0.533421875,0.5995976562499999
0.495,0.5,2.7364194385325056,0.0,0.01,0.0,noise,0.0,0.0,0.0,5,0.0,0.0,z_sd,-0.0140625,0.02578499201918021,-3.734375,-3.7484375,0,0,160,0,80,80,40,0.0,0.471703125,0.5090625
0.505859375,0.5,2.7364194385325056,0.0,0.02,0.0,noise,0.0,0.0,0.0,5,0.0,0.0,z_sd,0.00234375,0.05065250210464001,-3.734375,-3.73203125,0,0,160,0,80,80,40,0.0,0.47640625,0.5301914062499999
0.508828125,0.5,2.7364194385325056,0.0,0.04,0.0,noise,0.0,0.0,0.0,5,0.0,0.0,z_sd,0.00859375,0.09669508412480354,-3.734375,-3.72578125,0,0,160,0,80,80,40,0.0,0.48115625,0.5303125
0.50546875,0.5,2.7364194385325056,0.0,0.08,0.0,noise,0.0,0.0,0.0,5,0.0,0.0,z_sd,0.00546875,0.19311672039330005,-3.734375,-3.72890625,0,0,160,0,80,80,40,0.0,0.47805078125,0.52140625
0.512890625,0.5,2.7364194385325056,0.0,0.16,0.0,noise,0.0,0.0,0.0,5,0.0,0.0,z_sd,0.01484375,0.4093699913471937,-3.734375,-3.71953125,0,0,160,0,80,80,40,0.0,0.4978125,0.52640625
0.532890625,0.5,2.7364194385325056,0.0,0.32,0.0,noise,0.0,0.0,0.0,5,0.0,0.0,z_sd,0.04375,0.765773905441165,-3.734375,-3.690625,0,0,160,0,80,80,40,0.0,0.506875,0.5592304687499999
0.596875,0.5,2.7364194385325056,0.0,0.64,0.0,noise,0.0,0.0,0.0,5,0.0,0.0,z_sd,0.15390625,1.6726789992302655,-3.734375,-3.58046875,0,0,160,0,80,80,40,0.0,0.5605664062500001,0.65265625
0.74109375,0.5,2.7364194385325056,0.0,1.28,0.0,noise,0.0,0.0,0.0,5,0.0,0.0,z_sd,0.46953125,3.2443129807710647,-3.734375,-3.26484375,0,0,160,0,80,80,40,0.0,0.6990625,0.8040625
0.876875,0.5,2.7364194385325056,0.0,2.56,0.0,noise,0.0,0.0,0.0,5,0.0,0.0,z_sd,0.84296875,6.824407526850701,-3.734375,-2.89140625,0,0,160,0,80,80,40,0.0,0.82011328125,0.940625
0.889765625,0.5,2.7364194385325056,0.0,5.12,0.0,noise,0.0,0.0,0.0,5,0.0,0.0,z_sd,0.89453125,12.793952924013137,-3.734375,-2.83984375,0,0,160,0,80,80,40,0.0,0.8394511718750001,0.94109375
0.765703125,0.5,2.7364194385325056,0.0,10.24,0.0,noise,0.0,0.0,0.0,5,0.0,0.0,z_sd,0.678125,26.10413897037506,-3.734375,-3.05625,0,0,160,0,80,80,40,0.0,0.6688671875000001,0.8516328124999999
0.88203125,0.5,2.7364194385325056,0.0,20.48,0.0,noise,0.0,0.0,0.0,5,0.0,0.0,z_sd,1.0015625,50.40369620323181,-3.734375,-2.7328125,0,0,160,0,80,80,40,0.0,0.7940625,0.959375
0.51921875,0.5,2.866576577553538,0.0,0.25,0.0,random,0.0,0.0,0.0,5,0.0,0.0,alpha,0.021875,0.25012634036441644,-3.734375,-3.7125,0,0,240,0,120,120,40,0.0,0.50473828125,0.5339088541666667
0.5272395833333333,0.5,2.866576577553538,0.0,0.5,0.0,random,0.0,0.0,0.0,5,0.0,0.0,alpha,0.035416666666666666,0.5000223649044832,-3.734375,-3.698958333333333,0,0,240,0,120,120,40,0.0,0.4967669270833333,0.5575598958333333
0.5590625,0.5,2.866576577553538,0.0,1.0,0.0,random,0.0,0.0,0.0,5,0.0,0.0,alpha,0.0890625,0.9999705344438553,-3.734375,-3.6453125,0,0,240,0,120,120,40,0.0,0.52952734375,0.6067200520833333
0.6317708333333333,0.5,2.866576577553538,0.0,2.0,0.0,random,0.0,0.0,0.0,5,0.0,0.0,alpha,0.2171875,1.999990768233935,-3.734375,-3.5171875,0,0,240,0,120,120,40,0.0,0.5794270833333334,0.6934401041666667
0.8022395833333333,0.5,2.866576577553538,0.0,4.0,0.0,random,0.0,0.0,0.0,5,0.0,0.0,alpha,0.6140625,3.9999314308166505,-3.734375,-3.1203125,0,0,240,0,120,120,40,0.0,0.712953125,0.8912630208333333
0.9359375,0.5,2.866576577553538,0.0,8.0,0.0,random,0.0,0.0,0.0,5,0.0,0.0,alpha,1.2291666666666667,7.999846955140431,-3.734375,-2.5052083333333335,0,0,240,0,120,120,40,0.0,0.8413776041666667,0.99953125
0.6470833333333333,0.5,2.866576577553538,0.0,16.0,0.0,random,0.0,0.0,0.0,5,0.0,0.0,alpha,0.32447916666666665,15.999665546417237,-3.734375,-3.409895833333333,0,0,240,0,120,120,40,0.0,0.41234375,0.83671875
0.5093229166666666,0.5,2.866576577553538,0.0,32.0,0.0,random,0.0,0.0,0.0,5,0.0,0.0,alpha,0.0046875,31.999190616607667,-3.734375,-3.7296875,0,0,240,0,120,120,40,0.0,0.16163671875,0.8315976562499999
0.6058854166666666,0.5,2.866576577553538,0.0,64.0,0.0,random,0.0,0.0,0.0,5,0.0,0.0,alpha,0.5015625,63.99868268966675,-3.734375,-3.2328125,0,0,240,0,120,120,40,0.0,0.11278515625,0.9646875
0.7446354166666667,0.5,2.866576577553538,0.0,128.0,0.0,random,0.0,0.0,0.0,5,0.0,0.0,alpha,1.22265625,127.99736677805582,-3.734375,-2.51171875,0,0,240,0,120,120,40,0.0,0.24503515625,1.0
0.5048958333333333,0.5,2.866576577553538,0.0,0.01,0.0,random,0.0,0.0,0.0,5,0.0,0.0,z_mad,0.0036458333333333334,0.0003536250476220933,-3.734375,-3.730729166666667,0,0,240,0,120,120,40,0.0,0.478640625,0.5213020833333334
0.5094270833333333,0.5,2.866576577553538,0.0,0.02,0.0,random,0.0,0.0,0.0,5,0.0,0.0,z_mad,0.00625,0.0009898251009872183,-3.734375,-3.728125,0,0,240,0,120,120,40,0.0,0.4838450520833333,0.530109375
0.49932291666666667,0.5,2.866576577553538,0.0,0.04,0.0,random,0.0,0.0,0.0,5,0.0,0.0,z_mad,-0.0067708333333333336,0.0026614798659769195,-3.734375,-3.7411458333333334,0,0,240,0,120,120,40,0.0,0.47822916666666665,0.5186979166666666
0.5124479166666667,0.5,2.866576577553538,0.0,0.08,0.0,random,0.0,0.0,0.0,5,0.0,0.0,z_mad,0.013020833333333334,0.006515190451561163,-3.734375,-3.7213541666666665,0,0,240,0,120,120,40,0.0,0.48926953125,0.53609375
0.5046354166666667,0.5,2.866576577553538,0.0,0.16,0.0,random,0.0,0.0,0.0,5,0.0,0.0,z_mad,-0.0015625,0.014025501526581744,-3.734375,-3.7359375,0,0,240,0,120,120,40,0.0,0.48680729166666664,0.5194296875
0.51015625,0.5,2.866576577553538,0.0,0.32,0.0,random,0.0,0.0,0.0,5,0.0,0.0,z_mad,0.005729166666666666,0.027663480040306845,-3.734375,-3.728645833333333,0,0,240,0,120,120,40,0.0,0.49265234375,0.5236471354166667
0.5109895833333333,0.5,2.866576577553538,0.0,0.64,0.0,random,0.0,0.0,0.0,5,0.0,0.0,z_mad,0.010416666666666666,0.054509150733550386,-3.734375,-3.7239583333333335,0,0,240,0,120,120,40,0.0,0.4863385416666666,0.5330208333333334
0.50296875,0.5,2.866576577553538,0.0,1.28,0.0,random,0.0,0.0,0.0,5,0.0,0.0,z_mad,0.0015625,0.10835663465162118,-3.734375,-3.7328125,0,0,240,0,120,120,40,0.0,0.48671875,0.5158333333333334
0.5166145833333333,0.5,2.866576577553538,0.0,2.56,0.0,random,0.0,0.0,0.0,5,0.0,0.0,z_mad,0.01875,0.2163687708477179,-3.734375,-3.715625,0,0,240,0,120,120,40,0.0,0.49499088541666664,0.54078125
0.5240104166666667,0.5,2.866576577553538,0.0,5.12,0.0,random,0.0,0.0,0.0,5,0.0,0.0,z_mad,0.028125,0.4325995105008284,-3.734375,-3.70625,0,0,240,0,120,120,40,0.0,0.5018710937499999,0.543125
0.5430208333333333,0.5,2.866576577553538,0.0,10.24,0.0,random,0.0,0.0,0.0,5,0.0,0.0,z_mad,0.06770833333333333,0.8650961538155874,-3.734375,-3.6666666666666665,0,0,240,0,120,120,40,0.0,0.52015625,0.5771927083333332
0.60546875,0.5,2.866576577553538,0.0,20.48,0.0,random,0.0,0.0,0.0,5,0.0,0.0,z_mad,0.16927083333333334,1.7301332930723825,-3.734375,-3.5651041666666665,0,0,240,0,120,120,40,0.0,0.56843359375,0.66390625
0.5099479166666666,0.5,2.866576577553538,0.0,0.01,0.0,random,0.0,0.0,0.0,5,0.0,0.0,z_sd,0.005208333333333333,0.012933768025444199,-3.734375,-3.7291666666666665,0,0,240,0,120,120,40,0.0,0.489265625,0.5261979166666667
0.5065625,0.5,2.866576577553538,0.0,0.02,0.0,random,0.0,0.0,0.0,5,0.0,0.0,z_sd,0.0046875,0.026263207468825083,-3.734375,-3.7296875,0,0,240,0,120,120,40,0.0,0.48321875,0.5248489583333333
0.5059375,0.5,2.866576577553538,0.0,0.04,0.0,random,0.0,0.0,0.0,5,0.0,0.0,z_sd,-0.0005208333333333333,0.05212675159176191,-3.734375,-3.7348958333333333,0,0,240,0,120,120,40,0.0,0.48160546875,0.52109375
0.5076041666666666,0.5,2.866576577553538,0.0,0.08,0.0,random,0.0,0.0,0.0,5,0.0,0.0,z_sd,0.0046875,0.10366443945094943,-3.734375,-3.7296875,0,0,240,0,120,120,40,0.0,0.4817682291666667,0.5326067708333333
0.5097395833333334,0.5,2.866576577553538,0.0,0.16,0.0,random,0.0,0.0,0.0,5,0.0,0.0,z_sd,0.010416666666666666,0.20677844397723674,-3.734375,-3.7239583333333335,0,0,240,0,120,120,40,0.0,0.4881744791666667,0.5294283854166667
0.5194791666666667,0.5,2.866576577553538,0.0,0.32,0.0,random,0.0,0.0,0.0,5,0.0,0.0,z_sd,0.023958333333333335,0.41330760655303794,-3.734375,-3.7104166666666667,0,0,240,0,120,120,40,0.0,0.5005169270833333,0.5387617187499999
0.5420833333333334,0.5,2.866576577553538,0.0,0.64,0.0,random,0.0,0.0,0.0,5,0.0,0.0,z_sd,0.0609375,0.8265013399223486,-3.734375,-3.6734375,0,0,240,0,120,120,40,0.0,0.51140625,0.5875104166666667
0.6007291666666666,0.5,2.866576577553538,0.0,1.28,0.0,random,0.0,0.0,0.0,5,0.0,0.0,z_sd,0.16302083333333334,1.6529250671466191,-3.734375,-3.5713541666666666,0,0,240,0,120,120,40,0.0,0.53515625,0.7033854166666667
0.69796875,0.5,2.866576577553538,0.0,2.56,0.0,random,0.0,0.0,0.0,5,0.0,0.0,z_sd,0.35572916666666665,3.3057511746883392,-3.734375,-3.378645833333333,0,0,240,0,120,120,40,0.0,0.5799440104166667,0.865625
0.6665625,0.5,2.866576577553538,0.0,5.12,0.0,random,0.0,0.0,0.0,5,0.0,0.0,z_sd,0.3078125,6.611528885364533,-3.734375,-3.4265625,0,0,240,0,120,120,40,0.0,0.50640625,0.78070703125
0.6825520833333333,0.5,2.866576577553538,0.0,10.24,0.0,random,0.0,0.0,0.0,5,0.0,0.0,z_sd,0.5421875,13.222997490564982,-3.734375,-3.1921875,0,0,240,0,120,120,40,0.0,0.13493359375000002,0.98651171875
0.62640625,0.5,2.866576577553538,0.0,20.48,0.0,random,0.0,0.0,0.0,5,0.0,0.0,z_sd,0.3854166666666667,26.4459849357605,-3.734375,-3.3489583333333335,0,0,240,0,120,120,40,0.0,0.11959765625,0.9798828125
0.513625,0.5,3.2275758330035513,0.0,0.25,0.0,concept,0.0,0.0,0.0,6,0.0,0.0,alpha,0.01375,0.25028607752174137,-3.734375,-3.720625,0,0,800,0,400,400,40,0.0,0.490355859375,0.537453515625
0.516921875,0.5,3.2275758330035513,0.0,0.5,0.0,concept,0.0,0.0,0.0,6,0.0,0.0,alpha,0.02234375,0.5002882611751557,-3.734375,-3.71203125,0,0,800,0,400,400,40,0.0,0.491488671875,0.540509375
0.533859375,0.5,3.2275758330035513,0.0,1.0,0.0,concept,0.0,0.0,0.0,6,0.0,0.0,alpha,0.04796875,1.000340493619442,-3.734375,-3.68640625,0,0,800,0,400,400,40,0.0,0.5029921875,0.56615859375
0.581859375,0.5,3.2275758330035513,0.0,2.0,0.0,concept,0.0,0.0,0.0,6,0.0,0.0,alpha,0.13171875,2.000649057328701,-3.734375,-3.60265625,0,0,800,0,400,400,40,0.0,0.5392820312500001,0.634190234375
0.664140625,0.5,3.2275758330035513,0.0,4.0,0.0,concept,0.0,0.0,0.0,6,0.0,0.0,alpha,0.2965625,4.00131547510624,-3.734375,-3.4378125,0,0,800,0,400,400,40,0.0,0.587701171875,0.7473378906249999
0.550421875,0.5,3.2275758330035513,0.0,8.0,0.0,concept,0.0,0.0,0.0,6,0.0,0.0,alpha,0.12671875,8.002529056072236,-3.734375,-3.60765625,0,0,800,0,400,400,40,0.0,0.4107796875,0.6839875
0.397640625,0.5,3.2275758330035513,0.0,16.0,0.0,concept,0.0,0.0,0.0,6,0.0,0.0,alpha,-0.17671875,16.004954178333282,-3.734375,-3.91109375,0,0,800,0,400,400,40,0.0,0.287423828125,0.515751953125
0.43440625,0.5,3.2275758330035513,0.0,32.0,0.0,concept,0.0,0.0,0.0,6,0.0,0.0,alpha,-0.06375,32.010347518920895,-3.734375,-3.798125,0,0,800,0,400,400,40,0.0,0.26399609375,0.6054499999999999
0.54878125,0.5,3.2275758330035513,0.0,64.0,0.0,concept,0.0,0.0,0.0,6,0.0,0.0,alpha,0.22859375,64.02029280662536,-3.734375,-3.50578125,0,0,800,0,400,400,40,0.0,0.366799609375,0.7294730468749999
0.57375,0.5,3.2275758330035513,0.0,128.0,0.0,concept,0.0,0.0,0.0,6,0.0,0.0,alpha,0.441484375,128.0410859298706,-3.734375,-3.292890625,0,0,800,0,400,400,40,0.0,0.375566796875,0.776223828125
0.50721875,0.5,3.2275758330035513,0.0,0.01,0.0,concept,0.0,0.0,0.0,6,0.0,0.0,z_mad,0.003125,0.0013695903890766203,-3.734375,-3.73125,0,0,800,0,400,400,40,0.0,0.4857078125,0.523125390625
0.50709375,0.5,3.2275758330035513,0.0,0.02,0.0,concept,0.0,0.0,0.0,6,0.0,0.0,z_mad,0.00296875,0.002956764421542175,-3.734375,-3.73140625,0,0,800,0,400,400,40,0.0,0.488316796875,0.522078125
0.507046875,0.5,3.2275758330035513,0.0,0.04,0.0,concept,0.0,0.0,0.0,6,0.0,0.0,z_mad,0.00421875,0.006674861467909068,-3.734375,-3.73015625,0,0,800,0,400,400,40,0.0,0.48607187500000004,0.5279375
0.505890625,0.5,3.2275758330035513,0.0,0.08,0.0,concept,0.0,0.0,0.0,6,0.0,0.0,z_mad,-0.00015625,0.014424530835822225,-3.734375,-3.73453125,0,0,800,0,400,400,40,0.0,0.48321796874999995,0.5257070312500001
0.50853125,0.5,3.2275758330035513,0.0,0.16,0.0,concept,0.0,0.0,0.0,6,0.0,0.0,z_mad,0.0065625,0.02916610920801759,-3.734375,-3.7278125,0,0,800,0,400,400,40,0.0,0.48624296875,0.528190625
0.511671875,0.5,3.2275758330035513,0.0,0.32,0.0,concept,0.0,0.0,0.0,6,0.0,0.0,z_mad,0.0121875,0.0578416492883116,-3.734375,-3.7221875,0,0,800,0,400,400,40,0.0,0.49299921874999997,0.52662578125
0.5123125,0.5,3.2275758330035513,0.0,0.64,0.0,concept,0.0,0.0,0.0,6,0.0,0.0,z_mad,0.0109375,0.11477339709177613,-3.734375,-3.7234375,0,0,800,0,400,400,40,0.0,0.49549765625,0.528937890625
0.510875,0.5,3.2275758330035513,0.0,1.28,0.0,concept,0.0,0.0,0.0,6,0.0,0.0,z_mad,0.0084375,0.22891121543943882,-3.734375,-3.7259375,0,0,800,0,400,400,40,0.0,0.491729296875,0.528234765625
0.517703125,0.5,3.2275758330035513,0.0,2.56,0.0,concept,0.0,0.0,0.0,6,0.0,0.0,z_mad,0.02109375,0.4576452425867319,-3.734375,-3.71328125,0,0,800,0,400,400,40,0.0,0.492171875,0.53983125
0.532515625,0.5,3.2275758330035513,0.0,5.12,0.0,concept,0.0,0.0,0.0,6,0.0,0.0,z_mad,0.04578125,0.9151615498960018,-3.734375,-3.68859375,0,0,800,0,400,400,40,0.0,0.499976171875,0.566268359375
0.57365625,0.5,3.2275758330035513,0.0,10.24,0.0,concept,0.0,0.0,0.0,6,0.0,0.0,z_mad,0.11765625,1.8302958020567894,-3.734375,-3.61671875,0,0,800,0,400,400,40,0.0,0.536715625,0.622521484375
0.656484375,0.5,3.2275758330035513,0.0,20.48,0.0,concept,0.0,0.0,0.0,6,0.0,0.0,z_mad,0.2778125,3.66055717587471,-3.734375,-3.4565625,0,0,800,0,400,400,40,0.0,0.587087109375,0.729799609375
0.53825,0.5,3.2275758330035513,0.0,0.01,0.0,concept,0.0,0.0,0.0,6,0.0,0.0,z_sd,0.0553125,1.128150440901518,-3.734375,-3.6790625,0,0,800,0,400,400,40,0.0,0.5065125,0.5751765625
0.58003125,0.5,3.2275758330035513,0.0,0.02,0.0,concept,0.0,0.0,0.0,6,0.0,0.0,z_sd,0.129375,2.25631350338459,-3.734375,-3.605,0,0,800,0,400,400,40,0.0,0.53608359375,0.6342621093749999
0.613953125,0.5,3.2275758330035513,0.0,0.04,0.0,concept,0.0,0.0,0.0,6,0.0,0.0,z_sd,0.21125,4.512544634342194,-3.734375,-3.523125,0,0,800,0,400,400,40,0.0,0.519237890625,0.7068625
0.53859375,0.5,3.2275758330035513,0.0,0.08,0.0,concept,0.0,0.0,0.0,6,0.0,0.0,z_sd,0.07953125,9.025085873603821,-3.734375,-3.65484375,0,0,800,0,400,400,40,0.0,0.388780859375,0.6845289062499998
0.478765625,0.5,3.2275758330035513,0.0,0.16,0.0,concept,0.0,0.0,0.0,6,0.0,0.0,z_sd,0.0340625,18.049607021808626,-3.734375,-3.7003125,0,0,800,0,400,400,40,0.0,0.338584765625,0.6383214843749999
0.46759375,0.5,3.2275758330035513,0.0,0.32,0.0,concept,0.0,0.0,0.0,6,0.0,0.0,z_sd,0.063125,36.099170780181886,-3.734375,-3.67125,0,0,800,0,400,400,40,0.0,0.30909140625,0.6484046874999999
0.522046875,0.5,3.2275758330035513,0.0,0.64,0.0,concept,0.0,0.0,0.0,6,0.0,0.0,z_sd,0.223046875,72.2014869594574,-3.734375,-3.511328125,0,0,800,0,400,400,40,0.0,0.32478124999999997,0.7235089843749999
0.54509375,0.501875,2.924836012204869,0.605479641597364,1.28,0.0,concept,0.00375,0.0,0.0,6,0.0,0.01,z_sd,0.316015625,144.40043409347535,-3.734375,-3.418359375,0,0,800,0,400,400,40,0.0,0.335395703125,0.762143359375
0.532578125,0.5078125,2.683141290843642,1.0888690843198185,2.56,0.0,concept,0.015625,0.0,0.0,6,0.0,0.035,z_sd,0.36953125,288.8051488876343,-3.734375,-3.36484375,0,0,800,0,400,400,40,0.0,0.3309625,0.7468527343749999
0.50575,0.51,2.6345512709193626,1.186049124168377,5.12,0.0,concept,0.02,0.0,0.0,6,0.0,0.0475,z_sd,0.313515625,577.6062078094483,-3.734375,-3.420859375,0,0,800,0,400,400,40,0.0,0.29190546875,0.7312785156249999
0.49684375,0.51125,2.6106040351358453,1.2339435957354121,10.24,0.0,concept,0.0225,0.0,0.0,6,0.0,0.0525,z_sd,0.285,1155.2045446777345,-3.734375,-3.449375,0,0,800,0,400,400,40,0.0,0.264973046875,0.705428515625
0.494015625,0.51125,2.6106040351358453,1.2339435957354121,20.48,0.0,concept,0.0225,0.0,0.0,6,0.0,0.055,z_sd,0.27875,2310.3810650634764,-3.734375,-3.455625,0,0,800,0,400,400,40,0.0,0.270132421875,0.7348945312499998
0.505078125,0.5,2.7364194385325056,0.0,0.25,0.0,dropout,0.0,0.0,0.0,6,0.0,0.0,alpha,0.0015625,0.22004889715462922,-3.734375,-3.7328125,0,0,160,0,80,80,40,0.0,0.481875,0.525
0.504296875,0.5,2.7364194385325056,0.0,0.5,0.0,dropout,0.0,0.0,0.0,6,0.0,0.0,alpha,0.00390625,0.476422506198287,-3.734375,-3.73046875,0,0,160,0,80,80,40,0.0,0.479921875,0.52546875
0.525234375,0.5,2.7364194385325056,0.0,1.0,0.0,dropout,0.0,0.0,0.0,6,0.0,0.0,alpha,0.03046875,0.9629379555583,-3.734375,-3.70390625,0,0,160,0,80,80,40,0.0,0.498044921875,0.5603125
0.549609375,0.5,2.7364194385325056,0.0,2.0,0.0,dropout,0.0,0.0,0.0,6,0.0,0.0,alpha,0.075,1.9812942937016487,-3.734375,-3.659375,0,0,160,0,80,80,40,0.0,0.51703125,0.580625
0.64640625,0.5,2.7364194385325056,0.0,4.0,0.0,dropout,0.0,0.0,0.0,6,0.0,0.0,alpha,0.2671875,3.9767552971839906,-3.734375,-3.4671875,0,0,160,0,80,80,40,0.0,0.602083984375,0.709275390625
0.735234375,0.5,2.7364194385325056,0.0,8.0,0.0,dropout,0.0,0.0,0.0,6,0.0,0.0,alpha,0.50390625,7.909219300746917,-3.734375,-3.23046875,0,0,160,0,80,80,40,0.0,0.64875,0.837109375
0.535859375,0.5,2.7364194385325056,0.0,16.0,0.0,dropout,0.0,0.0,0.0,6,0.0,0.0,alpha,0.0875,15.603346920013427,-3.734375,-3.646875,0,0,160,0,80,80,40,0.0,0.38578125,0.68140625
0.480234375,0.5,2.7364194385325056,0.0,32.0,0.0,dropout,0.0,0.0,0.0,6,0.0,0.0,alpha,-0.01953125,30.57132754325867,-3.734375,-3.75390625,0,0,160,0,80,80,40,0.0,0.36515625,0.6017343749999999
0.725703125,0.5,2.7364194385325056,0.0,64.0,0.0,dropout,0.0,0.0,0.0,6,0.0,0.0,alpha,0.563671875,58.36192622184753,-3.734375,-3.170703125,0,0,160,0,80,80,40,0.0,0.6291640625,0.79
0.802421875,0.5046875,2.490114006411271,0.49261086424246914,128.0,0.0,dropout,0.009375,0.0,0.0125,6,0.0,0.0125,alpha,0.87890625,113.18184900283813,-3.734375,-2.85546875,0,1,160,0,80,80,40,0.0,0.7388105468749999,0.8579804687499999
0.5,0.5,2.7364194385325056,0.0,0.01,0.0,dropout,0.0,0.0,0.0,6,0.0,0.0,z_mad,0.0,0.0,-3.734375,-3.734375,0,0,160,0,80,80,40,0.0,0.5,0.5
0.5,0.5,2.7364194385325056,0.0,0.02,0.0,dropout,0.0,0.0,0.0,6,0.0,0.0,z_mad,0.0,0.0,-3.734375,-3.734375,0,0,160,0,80,80,40,0.0,0.5,0.5
0.500234375,0.5,2.7364194385325056,0.0,0.04,0.0,dropout,0.0,0.0,0.0,6,0.0,0.0,z_mad,0.00078125,0.0001674107275903225,-3.734375,-3.73359375,0,0,160,0,80,80,40,0.0,0.5,0.501875
0.501875,0.5,2.7364194385325056,0.0,0.08,0.0,dropout,0.0,0.0,0.0,6,0.0,0.0,z_mad,0.0015625,0.0005731492012273521,-3.734375,-3.7328125,0,0,160,0,80,80,40,0.0,0.499375,0.50641015625
0.504453125,0.5,2.7364194385325056,0.0,0.16,0.0,dropout,0.0,0.0,0.0,6,0.0,0.0,z_mad,0.0046875,0.0012888227553048636,-3.734375,-3.7296875,0,0,160,0,80,80,40,0.0,0.50125,0.5084375
0.509375,0.5,2.7364194385325056,0.0,0.32,0.0,dropout,0.0,0.0,0.0,6,0.0,0.0,z_mad,0.00703125,0.006951029022684452,-3.734375,-3.72734375,0,0,160,0,80,80,40,0.0,0.49537890625,0.53297265625
0.503125,0.5,2.7364194385325056,0.0,0.64,0.0,dropout,0.0,0.0,0.0,6,0.0,0.0,z_mad,-0.0046875,0.0271610377873003,-3.734375,-3.7390625,0,0,160,0,80,80,40,0.0,0.485625,0.5177363281249999
0.507109375,0.5,2.7364194385325056,0.0,1.28,0.0,dropout,0.0,0.0,0.0,6,0.0,0.0,z_mad,0.00625,0.08547900847624987,-3.734375,-3.728125,0,0,160,0,80,80,40,0.0,0.487578125,0.52953125
0.511796875,0.5,2.7364194385325056,0.0,2.56,0.0,dropout,0.0,0.0,0.0,6,0.0,0.0,z_mad,0.00859375,0.21761181205511093,-3.734375,-3.72578125,0,0,160,0,80,80,40,0.0,0.4921875,0.5284375
0.513671875,0.5,2.7364194385325056,0.0,5.12,0.0,dropout,0.0,0.0,0.0,6,0.0,0.0,z_mad,0.01640625,0.4662793479859829,-3.734375,-3.71796875,0,0,160,0,80,80,40,0.0,0.488046875,0.53758984375
0.50625,0.5,2.7364194385325056,0.0,10.24,0.0,dropout,0.0,0.0,0.0,6,0.0,0.0,z_mad,-0.00078125,0.9303963355720043,-3.734375,-3.73515625,0,0,160,0,80,80,40,0.0,0.47718359374999997,0.532421875
0.549609375,0.5,2.7364194385325056,0.0,20.48,0.0,dropout,0.0,0.0,0.0,6,0.0,0.0,z_mad,0.07734375,1.8727190002799035,-3.734375,-3.65703125,0,0,160,0,80,80,40,0.0,0.5210449218750001,0.5840625
0.5028125,0.5,2.7364194385325056,0.0,0.01,0.0,dropout,0.0,0.0,0.0,6,0.0,0.0,z_sd,0.00390625,0.0022802807929110714,-3.734375,-3.73046875,0,0,160,0,80,80,40,0.0,0.493125,0.51047265625
0.501640625,0.5,2.7364194385325056,0.0,0.02,0.0,dropout,0.0,0.0,0.0,6,0.0,0.0,z_sd,0.0015625,0.008847590852928989,-3.734375,-3.7328125,0,0,160,0,80,80,40,0.0,0.486404296875,0.51515625
0.50546875,0.5,2.7364194385325056,0.0,0.04,0.0,dropout,0.0,0.0,0.0,6,0.0,0.0,z_sd,-0.00234375,0.030570948121021502,-3.734375,-3.73671875,0,0,160,0,80,80,40,0.0,0.47625,0.52265625
0.506953125,0.5,2.7364194385325056,0.0,0.08,0.0,dropout,0.0,0.0,0.0,6,0.0,0.0,z_sd,0.00078125,0.09205185918835923,-3.734375,-3.73359375,0,0,160,0,80,80,40,0.0,0.487107421875,0.520625
0.509140625,0.5,2.7364194385325056,0.0,0.16,0.0,dropout,0.0,0.0,0.0,6,0.0,0.0,z_sd,0.00546875,0.21970483008772135,-3.734375,-3.72890625,0,0,160,0,80,80,40,0.0,0.48859375,0.530078125
0.5146875,0.5,2.7364194385325056,0.0,0.32,0.0,dropout,0.0,0.0,0.0,6,0.0,0.0,z_sd,0.01484375,0.4792746935039759,-3.734375,-3.71953125,0,0,160,0,80,80,40,0.0,0.49187109375,0.53703125
0.51640625,0.5,2.7364194385325056,0.0,0.64,0.0,dropout,0.0,0.0,0.0,6,0.0,0.0,z_sd,0.025,0.9890793122351169,-3.734375,-3.709375,0,0,160,0,80,80,40,0.0,0.49328125,0.54595703125
0.541796875,0.5,2.7364194385325056,0.0,1.28,0.0,dropout,0.0,0.0,0.0,6,0.0,0.0,z_sd,0.06015625,2.0273685589432717,-3.734375,-3.67421875,0,0,160,0,80,80,40,0.0,0.50562109375,0.5878125
0.65671875,0.5,2.7364194385325056,0.0,2.56,0.0,dropout,0.0,0.0,0.0,6,0.0,0.0,z_sd,0.278125,4.053574603796005,-3.734375,-3.45625,0,0,160,0,80,80,40,0.0,0.604375,0.725234375
0.76171875,0.5,2.7364194385325056,0.0,5.12,0.0,dropout,0.0,0.0,0.0,6,0.0,0.0,z_sd,0.5265625,8.12281837463379,-3.734375,-3.2078125,0,0,160,0,80,80,40,0.0,0.68578125,0.848359375
0.5703125,0.5,2.7364194385325056,0.0,10.24,0.0,dropout,0.0,0.0,0.0,6,0.0,0.0,z_sd,0.14296875,16.084284567832945,-3.734375,-3.59140625,0,0,160,0,80,80,40,0.0,0.43252929687499997,0.678046875
0.477109375,0.5,2.7364194385325056,0.0,20.48,0.0,dropout,0.0,0.0,0.0,6,0.0,0.0,z_sd,-0.0421875,31.70400137901306,-3.734375,-3.7765625,0,0,160,0,80,80,40,0.0,0.30569921875,0.634609375
0.505390625,0.5,2.7364194385325056,0.0,0.25,0.0,noise,0.0,0.0,0.0,6,0.0,0.0,alpha,0.00546875,0.250140393152833,-3.734375,-3.72890625,0,0,160,0,80,80,40,0.0,0.476794921875,0.52789453125
0.50796875,0.5,2.7364194385325056,0.0,0.5,0.0,noise,0.0,0.0,0.0,6,0.0,0.0,alpha,0.003125,0.5000648945569992,-3.734375,-3.73125,0,0,160,0,80,80,40,0.0,0.47453125,0.54578125
0.513359375,0.5,2.7364194385325056,0.0,1.0,0.0,noise,0.0,0.0,0.0,6,0.0,0.0,alpha,0.0125,1.000042439252138,-3.734375,-3.721875,0,0,160,0,80,80,40,0.0,0.48953125,0.5442265625
0.532109375,0.5,2.7364194385325056,0.0,2.0,0.0,noise,0.0,0.0,0.0,6,0.0,0.0,alpha,0.05234375,2.00001173466444,-3.734375,-3.68203125,0,0,160,0,80,80,40,0.0,0.505,0.5615625
0.627890625,0.5,2.7364194385325056,0.0,4.0,0.0,noise,0.0,0.0,0.0,6,0.0,0.0,alpha,0.22265625,3.9999921202659605,-3.734375,-3.51171875,0,0,160,0,80,80,40,0.0,0.5965625,0.68016796875
0.761796875,0.5,2.7364194385325056,0.0,8.0,0.0,noise,0.0,0.0,0.0,6,0.0,0.0,alpha,0.52421875,7.99993422627449,-3.734375,-3.21015625,0,0,160,0,80,80,40,0.0,0.6903125,0.844375
0.509765625,0.5,2.7364194385325056,0.0,16.0,0.0,noise,0.0,0.0,0.0,6,0.0,0.0,alpha,0.0484375,15.999969065189362,-3.734375,-3.6859375,0,0,160,0,80,80,40,0.0,0.418875,0.604037109375
0.416328125,0.5,2.7364194385325056,0.0,32.0,0.0,noise,0.0,0.0,0.0,6,0.0,0.0,alpha,-0.1609375,31.999987077713012,-3.734375,-3.8953125,0,0,160,0,80,80,40,0.0,0.30524999999999997,0.5221875
0.763359375,0.5,2.7364194385325056,0.0,64.0,0.0,noise,0.0,0.0,0.0,6,0.0,0.0,alpha,0.5953125,63.99961590766907,-3.734375,-3.1390625,0,0,160,0,80,80,40,0.0,0.62559765625,0.8660312499999999
0.8734375,0.5,2.7364194385325056,0.0,128.0,0.0,noise,0.0,0.0,0.0,6,0.0,0.0,alpha,0.95859375,127.99950037002563,-3.734375,-2.77578125,0,0,160,0,80,80,40,0.0,0.792876953125,0.93875
0.5153125,0.5,2.7364194385325056,0.0,0.01,0.0,noise,0.0,0.0,0.0,6,0.0,0.0,z_mad,0.0109375,0.0003845346764137503,-3.734375,-3.7234375,0,0,160,0,80,80,40,0.0,0.49015625,0.535876953125
0.507578125,0.5,2.7364194385325056,0.0,0.02,0.0,noise,0.0,0.0,0.0,6,0.0,0.0,z_mad,0.00703125,0.0010698163496272173,-3.734375,-3.72734375,0,0,160,0,80,80,40,0.0,0.491328125,0.52265625
0.51390625,0.5,2.7364194385325056,0.0,0.04,0.0,noise,0.0,0.0,0.0,6,0.0,0.0,z_mad,0.01015625,0.002960439506568946,-3.734375,-3.72421875,0,0,160,0,80,80,40,0.0,0.490232421875,0.532109375
0.507734375,0.5,2.7364194385325056,0.0,0.08,0.0,noise,0.0,0.0,0.0,6,0.0,0.0,z_mad,0.00390625,0.007302020717179403,-3.734375,-3.73046875,0,0,160,0,80,80,40,0.0,0.4784375,0.52765625
0.504140625,0.5,2.7364194385325056,0.0,0.16,0.0,noise,0.0,0.0,0.0,6,0.0,0.0,z_mad,-0.00234375,0.0155481435242109,-3.734375,-3.73671875,0,0,160,0,80,80,40,0.0,0.47904296875,0.525625
0.5065625,0.5,2.7364194385325056,0.0,0.32,0.0,noise,0.0,0.0,0.0,6,0.0,0.0,z_mad,0.00078125,0.031007680250331758,-3.734375,-3.73359375,0,0,160,0,80,80,40,0.0,0.488734375,0.521484375
0.50765625,0.5,2.7364194385325056,0.0,0.64,0.0,noise,0.0,0.0,0.0,6,0.0,0.0,z_mad,0.003125,0.06053638062439859,-3.734375,-3.73125,0,0,160,0,80,80,40,0.0,0.48609375,0.525326171875
0.51109375,0.5,2.7364194385325056,0.0,1.28,0.0,noise,0.0,0.0,0.0,6,0.0,0.0,z_mad,0.009375,0.1216801069676876,-3.734375,-3.725,0,0,160,0,80,80,40,0.0,0.485859375,0.5344140625
0.511875,0.5,2.7364194385325056,0.0,2.56,0.0,noise,0.0,0.0,0.0,6,0.0,0.0,z_mad,0.01328125,0.2432425929233432,-3.734375,-3.72109375,0,0,160,0,80,80,40,0.0,0.489986328125,0.532421875
0.5078125,0.5,2.7364194385325056,0.0,5.12,0.0,noise,0.0,0.0,0.0,6,0.0,0.0,z_mad,0.00546875,0.4816066734492779,-3.734375,-3.72890625,0,0,160,0,80,80,40,0.0,0.4821875,0.54174609375
0.521484375,0.5,2.7364194385325056,0.0,10.24,0.0,noise,0.0,0.0,0.0,6,0.0,0.0,z_mad,0.0203125,0.9668967761099339,-3.734375,-3.7140625,0,0,160,0,80,80,40,0.0,0.4890625,0.56298046875
0.5396875,0.5,2.7364194385325056,0.0,20.48,0.0,noise,0.0,0.0,0.0,6,0.0,0.0,z_mad,0.05,1.9277272313833236,-3.734375,-3.684375,0,0,160,0,80,80,40,0.0,0.517421875,0.56469140625
0.508671875,0.5,2.7364194385325056,0.0,0.01,0.0,noise,0.0,0.0,0.0,6,0.0,0.0,z_sd,0.0015625,0.027095514978282154,-3.734375,-3.7328125,0,0,160,0,80,80,40,0.0,0.48605859375,0.539375
0.5021875,0.5,2.7364194385325056,0.0,0.02,0.0,noise,0.0,0.0,0.0,6,0.0,0.0,z_sd,-0.00390625,0.05083851777017116,-3.734375,-3.73828125,0,0,160,0,80,80,40,0.0,0.480390625,0.52171875
0.501796875,0.5,2.7364194385325056,0.0,0.04,0.0,noise,0.0,0.0,0.0,6,0.0,0.0,z_sd,-0.003125,0.10343551547266543,-3.734375,-3.7375,0,0,160,0,80,80,40,0.0,0.469296875,0.5265664062500001
0.506796875,0.5,2.7364194385325056,0.0,0.08,0.0,noise,0.0,0.0,0.0,6,0.0,0.0,z_sd,0.00078125,0.20695223342627286,-3.734375,-3.73359375,0,0,160,0,80,80,40,0.0,0.48249609374999997,0.53390625
0.5059375,0.5,2.7364194385325056,0.0,0.16,0.0,noise,0.0,0.0,0.0,6,0.0,0.0,z_sd,-0.00078125,0.3856090549379587,-3.734375,-3.73515625,0,0,160,0,80,80,40,0.0,0.47990625,0.527986328125
0.50828125,0.5,2.7364194385325056,0.0,0.32,0.0,noise,0.0,0.0,0.0,6,0.0,0.0,z_sd,0.0109375,0.8011096447706223,-3.734375,-3.7234375,0,0,160,0,80,80,40,0.0,0.47609375,0.536796875
0.530078125,0.5,2.7364194385325056,0.0,0.64,0.0,noise,0.0,0.0,0.0,6,0.0,0.0,z_sd,0.04375,1.4926952444016934,-3.734375,-3.690625,0,0,160,0,80,80,40,0.0,0.51,0.556328125
0.613828125,0.5,2.7364194385325056,0.0,1.28,0.0,noise,0.0,0.0,0.0,6,0.0,0.0,z_sd,0.2,3.5678533241152763,-3.734375,-3.534375,0,0,160,0,80,80,40,0.0,0.5553125,0.681580078125
0.734140625,0.5,2.7364194385325056,0.0,2.56,0.0,noise,0.0,0.0,0.0,6,0.0,0.0,z_sd,0.4109375,6.3529474720358845,-3.734375,-3.3234375,0,0,160,0,80,80,40,0.0,0.68178125,0.7988124999999999
0.6934375,0.5,2.7364194385325056,0.0,5.12,0.0,noise,0.0,0.0,0.0,6,0.0,0.0,z_sd,0.3953125,13.06887686252594,-3.734375,-3.3390625,0,0,160,0,80,80,40,0.0,0.609359375,0.795625
0.68953125,0.5,2.7364194385325056,0.0,10.24,0.0,noise,0.0,0.0,0.0,6,0.0,0.0,z_sd,0.3953125,25.498469948768616,-3.734375,-3.3390625,0,0,160,0,80,80,40,0.0,0.54420703125,0.8140625
0.778125,0.5,2.7364194385325056,0.0,20.48,0.0,noise,0.0,0.0,0.0,6,0.0,0.0,z_sd,0.67265625,52.0869523525238,-3.734375,-3.06171875,0,0,160,0,80,80,40,0.0,0.7306171874999999,0.8478125
0.5064583333333333,0.5,2.866576577553538,0.0,0.25,0.0,random,0.0,0.0,0.0,6,0.0,0.0,alpha,0.0010416666666666667,0.25019605035583176,-3.734375,-3.7333333333333334,0,0,240,0,120,120,40,0.0,0.48796354166666667,0.5268867187499999
0.5036458333333333,0.5,2.866576577553538,0.0,0.5,0.0,random,0.0,0.0,0.0,6,0.0,0.0,alpha,-0.0010416666666666667,0.5000613840917746,-3.734375,-3.7354166666666666,0,0,240,0,120,120,40,0.0,0.48125,0.5178125
0.5126041666666666,0.5,2.866576577553538,0.0,1.0,0.0,random,0.0,0.0,0.0,6,0.0,0.0,alpha,0.0109375,1.00001094241937,-3.734375,-3.7234375,0,0,240,0,120,120,40,0.0,0.49384635416666667,0.53484375
0.53359375,0.5,2.866576577553538,0.0,2.0,0.0,random,0.0,0.0,0.0,6,0.0,0.0,alpha,0.04583333333333333,1.9999710291624069,-3.734375,-3.6885416666666666,0,0,240,0,120,120,40,0.0,0.5054674479166666,0.5689205729166666
0.6189583333333334,0.5,2.866576577553538,0.0,4.0,0.0,random,0.0,0.0,0.0,6,0.0,0.0,alpha,0.2078125,4.000006628036499,-3.734375,-3.5265625,0,0,240,0,120,120,40,0.0,0.5427057291666667,0.7159440104166667
0.6217708333333334,0.5,2.866576577553538,0.0,8.0,0.0,random,0.0,0.0,0.0,6,0.0,0.0,alpha,0.26510416666666664,7.999990701675415,-3.734375,-3.4692708333333333,0,0,240,0,120,120,40,0.0,0.41126953125,0.8158710937499999
0.28296875,0.5,2.866576577553538,0.0,16.0,0.0,random,0.0,0.0,0.0,6,0.0,0.0,alpha,-0.4953125,15.999923531214396,-3.734375,-4.2296875,0,0,240,0,120,120,40,0.0,0.07817708333333333,0.568140625
0.2732291666666667,0.5,2.866576577553538,0.0,32.0,0.0,random,0.0,0.0,0.0,6,0.0,0.0,alpha,-0.7046875,31.99989916483561,-3.734375,-4.4390625,0,0,240,0,120,120,40,0.0,0.029791666666666668,0.6523984374999999
0.3190104166666667,0.5,2.866576577553538,0.0,64.0,0.0,random,0.0,0.0,0.0,6,0.0,0.0,alpha,-0.5799479166666667,63.999963919321694,-3.734375,-4.314322916666667,0,0,240,0,120,120,40,0.0,0.07838671875,0.69851171875
0.36041666666666666,0.5,2.866576577553538,0.0,128.0,0.0,random,0.0,0.0,0.0,6,0.0,0.0,alpha,-0.45729166666666665,127.99996795654297,-3.734375,-4.191666666666666,0,0,240,0,120,120,40,0.0,0.0623359375,0.70809375
0.5061979166666667,0.5,2.866576577553538,0.0,0.01,0.0,random,0.0,0.0,0.0,6,0.0,0.0,z_mad,-0.004166666666666667,0.00041459795659951244,-3.734375,-3.738541666666667,0,0,240,0,120,120,40,0.0,0.4834375,0.5249088541666667
0.5093229166666666,0.5,2.866576577553538,0.0,0.02,0.0,random,0.0,0.0,0.0,6,0.0,0.0,z_mad,0.0067708333333333336,0.0011556236296504116,-3.734375,-3.7276041666666666,0,0,240,0,120,120,40,0.0,0.48614583333333333,0.5318828125
0.5110416666666666,0.5,2.866576577553538,0.0,0.04,0.0,random,0.0,0.0,0.0,6,0.0,0.0,z_mad,0.004166666666666667,0.003112092491937801,-3.734375,-3.730208333333333,0,0,240,0,120,120,40,0.0,0.49196354166666667,0.5239596354166667
0.5086458333333334,0.5,2.866576577553538,0.0,0.08,0.0,random,0.0,0.0,0.0,6,0.0,0.0,z_mad,0.0046875,0.007643114484380931,-3.734375,-3.7296875,0,0,240,0,120,120,40,0.0,0.488125,0.53104296875
0.50859375,0.5,2.866576577553538,0.0,0.16,0.0,random,0.0,0.0,0.0,6,0.0,0.0,z_mad,0.005208333333333333,0.0163577729370445,-3.734375,-3.7291666666666665,0,0,240,0,120,120,40,0.0,0.4848411458333334,0.5307955729166667
0.5088020833333333,0.5,2.866576577553538,0.0,0.32,0.0,random,0.0,0.0,0.0,6,0.0,0.0,z_mad,0.005729166666666666,0.03224546769633889,-3.734375,-3.728645833333333,0,0,240,0,120,120,40,0.0,0.48921744791666666,0.52703515625
0.5133333333333333,0.5,2.866576577553538,0.0,0.64,0.0,random,0.0,0.0,0.0,6,0.0,0.0,z_mad,0.010416666666666666,0.0635380977143844,-3.734375,-3.7239583333333335,0,0,240,0,120,120,40,0.0,0.49197395833333335,0.5374609375
0.5059895833333333,0.5,2.866576577553538,0.0,1.28,0.0,random,0.0,0.0,0.0,6,0.0,0.0,z_mad,0.0,0.12636963035911322,-3.734375,-3.734375,0,0,240,0,120,120,40,0.0,0.48744791666666665,0.5243802083333333
0.5148958333333333,0.5,2.866576577553538,0.0,2.56,0.0,random,0.0,0.0,0.0,6,0.0,0.0,z_mad,0.0125,0.25223583231369656,-3.734375,-3.721875,0,0,240,0,120,120,40,0.0,0.49421875,0.533125
0.5008854166666666,0.5,2.866576577553538,0.0,5.12,0.0,random,0.0,0.0,0.0,6,0.0,0.0,z_mad,-0.008854166666666666,0.5042485646903515,-3.734375,-3.7432291666666666,0,0,240,0,120,120,40,0.0,0.4711770833333333,0.52698828125
0.50765625,0.5,2.866576577553538,0.0,10.24,0.0,random,0.0,0.0,0.0,6,0.0,0.0,z_mad,0.005208333333333333,1.0084755753477415,-3.734375,-3.7291666666666665,0,0,240,0,120,120,40,0.0,0.4875,0.5295377604166667
0.5305729166666666,0.5,2.866576577553538,0.0,20.48,0.0,random,0.0,0.0,0.0,6,0.0,0.0,z_mad,0.0453125,2.0168996045986813,-3.734375,-3.6890625,0,0,240,0,120,120,40,0.0,0.49723958333333335,0.57094140625
0.505,0.5,2.866576577553538,0.0,0.01,0.0,random,0.0,0.0,0.0,6,0.0,0.0,z_sd,0.0,0.01433724514208734,-3.734375,-3.734375,0,0,240,0,120,120,40,0.0,0.4827018229166667,0.5211640624999999
0.5105208333333333,0.5,2.866576577553538,0.0,0.02,0.0,random,0.0,0.0,0.0,6,0.0,0.0,z_sd,0.009375,0.028650619260345896,-3.734375,-3.725,0,0,240,0,120,120,40,0.0,0.48401041666666667,0.5345885416666666
0.50875,0.5,2.866576577553538,0.0,0.04,0.0,random,0.0,0.0,0.0,6,0.0,0.0,z_sd,0.005729166666666666,0.05646321528280775,-3.734375,-3.728645833333333,0,0,240,0,120,120,40,0.0,0.48936848958333334,0.52515625
0.5053125,0.5,2.866576577553538,0.0,0.08,0.0,random,0.0,0.0,0.0,6,0.0,0.0,z_sd,0.0020833333333333333,0.11201405804604292,-3.734375,-3.732291666666667,0,0,240,0,120,120,40,0.0,0.4815494791666667,0.5245325520833334
0.51078125,0.5,2.866576577553538,0.0,0.16,0.0,random,0.0,0.0,0.0,6,0.0,0.0,z_sd,0.0067708333333333336,0.22348129972815514,-3.734375,-3.7276041666666666,0,0,240,0,120,120,40,0.0,0.48045703125,0.5380729166666667
0.51078125,0.5,2.866576577553538,0.0,0.32,0.0,random,0.0,0.0,0.0,6,0.0,0.0,z_sd,0.008333333333333333,0.4467186143000921,-3.734375,-3.7260416666666667,0,0,240,0,120,120,40,0.0,0.48249869791666666,0.5353671875
0.5090625,0.5,2.866576577553538,0.0,0.64,0.0,random,0.0,0.0,0.0,6,0.0,0.0,z_sd,0.005208333333333333,0.8933611770470937,-3.734375,-3.7291666666666665,0,0,240,0,120,120,40,0.0,0.48478645833333334,0.5341666666666667
0.5274479166666667,0.5,2.866576577553538,0.0,1.28,0.0,random,0.0,0.0,0.0,6,0.0,0.0,z_sd,0.033854166666666664,1.7867484470208486,-3.734375,-3.7005208333333335,0,0,240,0,120,120,40,0.0,0.5063020833333334,0.55515625
0.59140625,0.5,2.866576577553538,0.0,2.56,0.0,random,0.0,0.0,0.0,6,0.0,0.0,z_sd,0.1484375,3.573385566473007,-3.734375,-3.5859375,0,0,240,0,120,120,40,0.0,0.5369791666666667,0.6555286458333334
0.6507291666666667,0.5,2.866576577553538,0.0,5.12,0.0,random,0.0,0.0,0.0,6,0.0,0.0,z_sd,0.31614583333333335,7.14676476319631,-3.734375,-3.418229166666667,0,0,240,0,120,120,40,0.0,0.48713541666666665,0.81590234375
0.30546875,0.5,2.866576577553538,0.0,10.24,0.0,random,0.0,0.0,0.0,6,0.0,0.0,z_sd,-0.45729166666666665,14.293582487106324,-3.734375,-4.191666666666666,0,0,240,0,120,120,40,0.0,0.07498046875,0.598125
0.24973958333333332,0.5,2.866576577553538,0.0,20.48,0.0,random,0.0,0.0,0.0,6,0.0,0.0,z_sd,-0.7,28.587245432535806,-3.734375,-4.434375,0,0,240,0,120,120,40,0.0,0.03656119791666666,0.61203515625
0.509609375,0.5,3.2275758330035513,0.0,0.25,0.0,concept,0.0,0.0,0.0,7,0.0,0.0,alpha,0.00859375,0.2502923900261521,-3.734375,-3.72578125,0,0,800,0,400,400,40,0.0,0.4877171875,0.5292417968750001
0.519984375,0.5,3.2275758330035513,0.0,0.5,0.0,concept,0.0,0.0,0.0,7,0.0,0.0,alpha,0.02265625,0.5001045551151038,-3.734375,-3.71171875,0,0,800,0,400,400,40,0.0,0.49769726562500005,0.545504296875
0.536453125,0.5,3.2275758330035513,0.0,1.0,0.0,concept,0.0,0.0,0.0,7,0.0,0.0,alpha,0.04984375,1.0000603465735913,-3.734375,-3.68453125,0,0,800,0,400,400,40,0.0,0.5037609375,0.580142578125
0.575953125,0.5,3.2275758330035513,0.0,2.0,0.0,concept,0.0,0.0,0.0,7,0.0,0.0,alpha,0.12109375,2.0002770522236824,-3.734375,-3.61328125,0,0,800,0,400,400,40,0.0,0.51819453125,0.636802734375
0.620828125,0.5,3.2275758330035513,0.0,4.0,0.0,concept,0.0,0.0,0.0,7,0.0,0.0,alpha,0.23,4.000463923811912,-3.734375,-3.504375,0,0,800,0,400,400,40,0.0,0.522388671875,0.7146453125000001
0.538390625,0.5,3.2275758330035513,0.0,8.0,0.0,concept,0.0,0.0,0.0,7,0.0,0.0,alpha,0.1678125,8.000752313137054,-3.734375,-3.5665625,0,0,800,0,400,400,40,0.0,0.367243359375,0.7002078125
0.412125,0.5,3.2275758330035513,0.0,16.0,0.0,concept,0.0,0.0,0.0,7,0.0,0.0,alpha,-0.13203125,16.001923179626466,-3.734375,-3.86640625,0,0,800,0,400,400,40,0.0,0.2914015625,0.538793359375
0.41540625,0.5,3.2275758330035513,0.0,32.0,0.0,concept,0.0,0.0,0.0,7,0.0,0.0,alpha,-0.050625,32.003712906837464,-3.734375,-3.785,0,0,800,0,400,400,40,0.0,0.27036171875,0.595334375
0.51384375,0.5003125,3.125647626979032,0.20385641204903893,64.0,0.0,concept,0.000625,0.0,0.0,7,0.0,0.0025,alpha,0.196484375,64.00800652503968,-3.734375,-3.537890625,0,0,800,0,400,400,40,0.0,0.37259921875,0.678764453125
0.5123125,0.51125,2.6106040351358453,1.2339435957354121,128.0,0.0,concept,0.0225,0.0,0.0,7,0.0,0.03,alpha,0.266796875,128.01265274047853,-3.734375,-3.467578125,0,0,800,0,400,400,40,0.0,0.34222265625,0.6773601562499999
0.51021875,0.5,3.2275758330035513,0.0,0.01,0.0,concept,0.0,0.0,0.0,7,0.0,0.0,z_mad,0.00546875,0.0016589528691838495,-3.734375,-3.72890625,0,0,800,0,400,400,40,0.0,0.48996601562500003,0.528485546875
0.5053125,0.5,3.2275758330035513,0.0,0.02,0.0,concept,0.0,0.0,0.0,7,0.0,0.0,z_mad,-0.0003125,0.0038203804043587296,-3.734375,-3.7346875,0,0,800,0,400,400,40,0.0,0.484151953125,0.52187578125
0.507625,0.5,3.2275758330035513,0.0,0.04,0.0,concept,0.0,0.0,0.0,7,0.0,0.0,z_mad,0.003125,0.008811400209087878,-3.734375,-3.73125,0,0,800,0,400,400,40,0.0,0.4812796875,0.530205859375
0.507171875,0.5,3.2275758330035513,0.0,0.08,0.0,concept,0.0,0.0,0.0,7,0.0,0.0,z_mad,0.0025,0.018839406396728008,-3.734375,-3.731875,0,0,800,0,400,400,40,0.0,0.483625390625,0.5281878906249999
0.508125,0.5,3.2275758330035513,0.0,0.16,0.0,concept,0.0,0.0,0.0,7,0.0,0.0,z_mad,0.00375,0.03781484996899962,-3.734375,-3.730625,0,0,800,0,400,400,40,0.0,0.48588945312500004,0.5255078125
0.508,0.5,3.2275758330035513,0.0,0.32,0.0,concept,0.0,0.0,0.0,7,0.0,0.0,z_mad,0.00359375,0.07458718653768301,-3.734375,-3.73078125,0,0,800,0,400,400,40,0.0,0.487139453125,0.5248296875
0.51265625,0.5,3.2275758330035513,0.0,0.64,0.0,concept,0.0,0.0,0.0,7,0.0,0.0,z_mad,0.0109375,0.14830645699054001,-3.734375,-3.7234375,0,0,800,0,400,400,40,0.0,0.49074765625,0.53690859375
0.511328125,0.5,3.2275758330035513,0.0,1.28,0.0,concept,0.0,0.0,0.0,7,0.0,0.0,z_mad,0.01015625,0.29628838315606115,-3.734375,-3.72421875,0,0,800,0,400,400,40,0.0,0.488671875,0.533232421875
0.520453125,0.5,3.2275758330035513,0.0,2.56,0.0,concept,0.0,0.0,0.0,7,0.0,0.0,z_mad,0.02296875,0.5923443897068501,-3.734375,-3.71140625,0,0,800,0,400,400,40,0.0,0.491306640625,0.5497453125
0.54453125,0.5,3.2275758330035513,0.0,5.12,0.0,concept,0.0,0.0,0.0,7,0.0,0.0,z_mad,0.06296875,1.1842885279655457,-3.734375,-3.67140625,0,0,800,0,400,400,40,0.0,0.50519765625,0.587328125
0.58978125,0.5,3.2275758330035513,0.0,10.24,0.0,concept,0.0,0.0,0.0,7,0.0,0.0,z_mad,0.15265625,2.368894000053406,-3.734375,-3.58171875,0,0,800,0,400,400,40,0.0,0.531395703125,0.654619140625
0.62065625,0.5,3.2275758330035513,0.0,20.48,0.0,concept,0.0,0.0,0.0,7,0.0,0.0,z_mad,0.25359375,4.737495783567429,-3.734375,-3.48078125,0,0,800,0,400,400,40,0.0,0.505849609375,0.7442054687499999
0.530640625,0.5,3.2275758330035513,0.0,0.01,0.0,concept,0.0,0.0,0.0,7,0.0,0.0,z_sd,0.04015625,1.016249971613288,-3.734375,-3.69421875,0,0,800,0,400,400,40,0.0,0.5010589843750001,0.564631640625
0.551703125,0.5,3.2275758330035513,0.0,0.02,0.0,concept,0.0,0.0,0.0,7,0.0,0.0,z_sd,0.07921875,2.032547314912081,-3.734375,-3.65515625,0,0,800,0,400,400,40,0.0,0.5102121093750001,0.599052734375
0.556875,0.5,3.2275758330035513,0.0,0.04,0.0,concept,0.0,0.0,0.0,7,0.0,0.0,z_sd,0.1103125,4.065016973614693,-3.734375,-3.6240625,0,0,800,0,400,400,40,0.0,0.454227734375,0.65770078125
0.549109375,0.5,3.2275758330035513,0.0,0.08,0.0,concept,0.0,0.0,0.0,7,0.0,0.0,z_sd,0.10796875,8.129896503090858,-3.734375,-3.62640625,0,0,800,0,400,400,40,0.0,0.4212796875,0.683205078125
0.56,0.5,3.2275758330035513,0.0,0.16,0.0,concept,0.0,0.0,0.0,7,0.0,0.0,z_sd,0.2925,16.25994776248932,-3.734375,-3.441875,0,0,800,0,400,400,40,0.0,0.40772031249999996,0.71851328125
0.508625,0.5,3.2275758330035513,0.0,0.32,0.0,concept,0.0,0.0,0.0,7,0.0,0.0,z_sd,0.236484375,32.520304596424104,-3.734375,-3.497890625,0,0,800,0,400,400,40,0.0,0.364416796875,0.678619140625
0.483109375,0.5078125,2.683141290843642,1.0888690843198185,0.64,0.0,concept,0.015625,0.0,0.0,7,0.0,0.0325,z_sd,0.215546875,65.04561437606812,-3.734375,-3.518828125,0,0,800,0,400,400,40,0.0,0.31967304687500003,0.6569328125
0.444765625,0.523125,2.4520566626471694,1.5510383407127637,1.28,0.0,concept,0.04625,0.0,0.0,7,0.0,0.03,z_sd,0.14875,130.08082056045532,-3.734375,-3.585625,0,0,800,0,400,400,40,0.0,0.287976953125,0.6415718749999999
0.468828125,0.53375,2.359062497394544,1.7370266712180151,2.56,0.0,concept,0.0675,0.0,0.0,7,0.0,0.0125,z_sd,0.202421875,260.1670796394348,-3.734375,-3.531953125,0,0,800,0,400,400,40,0.0,0.30348515625,0.644559765625
0.437484375,0.536875,2.3360985521098585,1.7829545617873857,5.12,0.0,concept,0.07375,0.0,0.0,7,0.0,0.0225,z_sd,0.046875,520.3222339248657,-3.734375,-3.6875,0,0,800,0,400,400,40,0.0,0.270952734375,0.6377492187499999
0.419421875,0.53875,2.3230206201069796,1.809110425793143,10.24,0.0,concept,0.0775,0.0,0.0,7,0.0,0.02,z_sd,-0.05140625,1040.639539489746,-3.734375,-3.78578125,0,0,800,0,400,400,40,0.0,0.25716132812500003,0.610801953125
0.40625,0.5390625,2.3208876051240805,1.8133764557589418,20.48,0.0,concept,0.078125,0.0,0.0,7,0.0,0.0275,z_sd,-0.10203125,2081.261432342529,-3.734375,-3.83640625,0,0,800,0,400,400,40,0.0,0.232053125,0.6004859374999999
0.5028125,0.5,2.7364194385325056,0.0,0.25,0.0,dropout,0.0,0.0,0.0,7,0.0,0.0,alpha,-0.0015625,0.22200056724250317,-3.734375,-3.7359375,0,0,160,0,80,80,40,0.0,0.4821875,0.525640625
0.50421875,0.5,2.7364194385325056,0.0,0.5,0.0,dropout,0.0,0.0,0.0,7,0.0,0.0,alpha,0.00234375,0.45635898746550085,-3.734375,-3.73203125,0,0,160,0,80,80,40,0.0,0.48015039062500003,0.5234375
0.51046875,0.5,2.7364194385325056,0.0,1.0,0.0,dropout,0.0,0.0,0.0,7,0.0,0.0,alpha,0.01171875,0.9632027298212051,-3.734375,-3.72265625,0,0,160,0,80,80,40,0.0,0.47921875,0.53359375
0.542421875,0.5,2.7364194385325056,0.0,2.0,0.0,dropout,0.0,0.0,0.0,7,0.0,0.0,alpha,0.0671875,1.970938040316105,-3.734375,-3.6671875,0,0,160,0,80,80,40,0.0,0.51703125,0.5733320312499999
0.612890625,0.5,2.7364194385325056,0.0,4.0,0.0,dropout,0.0,0.0,0.0,7,0.0,0.0,alpha,0.19609375,3.975434750318527,-3.734375,-3.53828125,0,0,160,0,80,80,40,0.0,0.568203125,0.68078125
0.6353125,0.5,2.7364194385325056,0.0,8.0,0.0,dropout,0.0,0.0,0.0,7,0.0,0.0,alpha,0.25703125,7.960278570652008,-3.734375,-3.47734375,0,0,160,0,80,80,40,0.0,0.5684082031250001,0.720078125
0.57125,0.5,2.7364194385325056,0.0,16.0,0.0,dropout,0.0,0.0,0.0,7,0.0,0.0,alpha,0.14296875,15.811379134654999,-3.734375,-3.59140625,0,0,160,0,80,80,40,0.0,0.448828125,0.69765625
0.5590625,0.5,2.7364194385325056,0.0,32.0,0.0,dropout,0.0,0.0,0.0,7,0.0,0.0,alpha,0.13359375,30.788980150222777,-3.734375,-3.60078125,0,0,160,0,80,80,40,0.0,0.42590625,0.651275390625
0.76125,0.5,2.7364194385325056,0.0,64.0,0.0,dropout,0.0,0.0,0.0,7,0.0,0.0,alpha,0.60546875,60.07187342643738,-3.734375,-3.12890625,0,0,160,0,80,80,40,0.0,0.67,0.82046875
0.87078125,0.5,2.7364194385325056,0.0,128.0,0.0,dropout,0.0,0.0,0.0,7,0.0,0.0,alpha,1.04375,114.5381178855896,-3.734375,-2.690625,0,0,160,0,80,80,40,0.0,0.82203125,0.9119140625
0.5,0.5,2.7364194385325056,0.0,0.01,0.0,dropout,0.0,0.0,0.0,7,0.0,0.0,z_mad,0.0,0.0,-3.734375,-3.734375,0,0,160,0,80,80,40,0.0,0.5,0.5
0.500625,0.5,2.7364194385325056,0.0,0.02,0.0,dropout,0.0,0.0,0.0,7,0.0,0.0,z_mad,0.00078125,7.847377855796366e-06,-3.734375,-3.73359375,0,0,160,0,80,80,40,0.0,0.5,0.5028125
0.5,0.5,2.7364194385325056,0.0,0.04,0.0,dropout,0.0,0.0,0.0,7,0.0,0.0,z_mad,0.0,8.138021075865254e-06,-3.734375,-3.734375,0,0,160,0,80,80,40,0.0,0.5,0.5
0.499609375,0.5,2.7364194385325056,0.0,0.08,0.0,dropout,0.0,0.0,0.0,7,0.0,0.0,z_mad,0.0,0.00020715623104479165,-3.734375,-3.734375,0,0,160,0,80,80,40,0.0,0.496875,0.501875
0.500859375,0.5,2.7364194385325056,0.0,0.16,0.0,dropout,0.0,0.0,0.0,7,0.0,0.0,z_mad,0.0,0.0013326009386219085,-3.734375,-3.734375,0,0,160,0,80,80,40,0.0,0.49765625,0.503125
0.50765625,0.5,2.7364194385325056,0.0,0.32,0.0,dropout,0.0,0.0,0.0,7,0.0,0.0,z_mad,0.0078125,0.00797139364440227,-3.734375,-3.7265625,0,0,160,0,80,80,40,0.0,0.49828125,0.5226601562500001
0.505078125,0.5,2.7364194385325056,0.0,0.64,0.0,dropout,0.0,0.0,0.0,7,0.0,0.0,z_mad,-0.00078125,0.02755545019681449,-3.734375,-3.73515625,0,0,160,0,80,80,40,0.0,0.47543359375,0.535625
0.5046875,0.5,2.7364194385325056,0.0,1.28,0.0,dropout,0.0,0.0,0.0,7,0.0,0.0,z_mad,-0.00234375,0.09091114131733775,-3.734375,-3.73671875,0,0,160,0,80,80,40,0.0,0.47777343749999995,0.5265703125000001
0.508359375,0.5,2.7364194385325056,0.0,2.56,0.0,dropout,0.0,0.0,0.0,7,0.0,0.0,z_mad,0.0046875,0.22482116036117078,-3.734375,-3.7296875,0,0,160,0,80,80,40,0.0,0.48078125,0.5350078125000001
0.515703125,0.5,2.7364194385325056,0.0,5.12,0.0,dropout,0.0,0.0,0.0,7,0.0,0.0,z_mad,0.01875,0.5080179397016764,-3.734375,-3.715625,0,0,160,0,80,80,40,0.0,0.48609375,0.549375
0.520234375,0.5,2.7364194385325056,0.0,10.24,0.0,dropout,0.0,0.0,0.0,7,0.0,0.0,z_mad,0.02578125,1.0195638149976731,-3.734375,-3.70859375,0,0,160,0,80,80,40,0.0,0.490845703125,0.550328125
0.5396875,0.5,2.7364194385325056,0.0,20.48,0.0,dropout,0.0,0.0,0.0,7,0.0,0.0,z_mad,0.0609375,2.0907152935862543,-3.734375,-3.6734375,0,0,160,0,80,80,40,0.0,0.5088945312500001,0.580546875
0.506640625,0.5,2.7364194385325056,0.0,0.01,0.0,dropout,0.0,0.0,0.0,7,0.0,0.0,z_sd,-0.00078125,0.0073691052828507965,-3.734375,-3.73515625,0,0,160,0,80,80,40,0.0,0.489375,0.52125
0.5053125,0.5,2.7364194385325056,0.0,0.02,0.0,dropout,0.0,0.0,0.0,7,0.0,0.0,z_sd,0.003125,0.026892922932165674,-3.734375,-3.73125,0,0,160,0,80,80,40,0.0,0.48328125,0.527265625
0.51078125,0.5,2.7364194385325056,0.0,0.04,0.0,dropout,0.0,0.0,0.0,7,0.0,0.0,z_sd,0.00859375,0.0831613517832011,-3.734375,-3.72578125,0,0,160,0,80,80,40,0.0,0.48625,0.5328125
0.506640625,0.5,2.7364194385325056,0.0,0.08,0.0,dropout,0.0,0.0,0.0,7,0.0,0.0,z_sd,0.003125,0.21420202422887086,-3.734375,-3.73125,0,0,160,0,80,80,40,0.0,0.48734375,0.5192343749999999
0.50578125,0.5,2.7364194385325056,0.0,0.16,0.0,dropout,0.0,0.0,0.0,7,0.0,0.0,z_sd,0.00078125,0.46322786547243594,-3.734375,-3.73359375,0,0,160,0,80,80,40,0.0,0.48171875,0.5315625
0.512109375,0.5,2.7364194385325056,0.0,0.32,0.0,dropout,0.0,0.0,0.0,7,0.0,0.0,z_sd,0.0125,0.9563640087842942,-3.734375,-3.721875,0,0,160,0,80,80,40,0.0,0.48171875,0.5340625
0.54921875,0.5,2.7364194385325056,0.0,0.64,0.0,dropout,0.0,0.0,0.0,7,0.0,0.0,z_sd,0.078125,1.955153389275074,-3.734375,-3.65625,0,0,160,0,80,80,40,0.0,0.5328125,0.58375
0.625234375,0.5,2.7364194385325056,0.0,1.28,0.0,dropout,0.0,0.0,0.0,7,0.0,0.0,z_sd,0.21484375,3.955736991763115,-3.734375,-3.51953125,0,0,160,0,80,80,40,0.0,0.59453125,0.663984375
0.6684375,0.5,2.7364194385325056,0.0,2.56,0.0,dropout,0.0,0.0,0.0,7,0.0,0.0,z_sd,0.325,7.923036062717438,-3.734375,-3.409375,0,0,160,0,80,80,40,0.0,0.5790625,0.7659375
0.5690625,0.5,2.7364194385325056,0.0,5.12,0.0,dropout,0.0,0.0,0.0,7,0.0,0.0,z_sd,0.153125,15.627572989463806,-3.734375,-3.58125,0,0,160,0,80,80,40,0.0,0.48375,0.66953125
0.61421875,0.5,2.7364194385325056,0.0,10.24,0.0,dropout,0.0,0.0,0.0,7,0.0,0.0,z_sd,0.228125,30.711325645446777,-3.734375,-3.50625,0,0,160,0,80,80,40,0.0,0.523814453125,0.720796875
0.773046875,0.503125,2.5446008626536925,0.3836371517576267,20.48,0.0,dropout,0.00625,0.0,0.0,7,0.0,0.0125,z_sd,0.698828125,59.58258004188538,-3.734375,-3.035546875,0,0,160,0,80,80,40,0.0,0.6816015625,0.852220703125
0.5134375,0.5,2.7364194385325056,0.0,0.25,0.0,noise,0.0,0.0,0.0,7,0.0,0.0,alpha,0.015625,0.25017418898642063,-3.734375,-3.71875,0,0,160,0,80,80,40,0.0,0.491796875,0.53328125
0.50984375,0.5,2.7364194385325056,0.0,0.5,0.0,noise,0.0,0.0,0.0,7,0.0,0.0,alpha,0.00703125,0.5001063711941243,-3.734375,-3.72734375,0,0,160,0,80,80,40,0.0,0.490388671875,0.532109375
0.526953125,0.5,2.7364194385325056,0.0,1.0,0.0,noise,0.0,0.0,0.0,7,0.0,0.0,alpha,0.03359375,1.000055193901062,-3.734375,-3.70078125,0,0,160,0,80,80,40,0.0,0.5053125,0.559609375
0.547109375,0.5,2.7364194385325056,0.0,2.0,0.0,noise,0.0,0.0,0.0,7,0.0,0.0,alpha,0.075,2.000004856288433,-3.734375,-3.659375,0,0,160,0,80,80,40,0.0,0.51828125,0.58
0.605390625,0.5,2.7364194385325056,0.0,4.0,0.0,noise,0.0,0.0,0.0,7,0.0,0.0,alpha,0.18515625,3.999991145730019,-3.734375,-3.54921875,0,0,160,0,80,80,40,0.0,0.566875,0.6658984374999999
0.686953125,0.5,2.7364194385325056,0.0,8.0,0.0,noise,0.0,0.0,0.0,7,0.0,0.0,alpha,0.34609375,8.000014871358871,-3.734375,-3.38828125,0,0,160,0,80,80,40,0.0,0.6140312499999999,0.768984375
0.5425,0.5,2.7364194385325056,0.0,16.0,0.0,noise,0.0,0.0,0.0,7,0.0,0.0,alpha,0.10703125,15.999873733520507,-3.734375,-3.62734375,0,0,160,0,80,80,40,0.0,0.44296875,0.6421875
0.50078125,0.5,2.7364194385325056,0.0,32.0,0.0,noise,0.0,0.0,0.0,7,0.0,0.0,alpha,0.00703125,31.999835753440856,-3.734375,-3.72734375,0,0,160,0,80,80,40,0.0,0.423353515625,0.58328125
0.845390625,0.5,2.7364194385325056,0.0,64.0,0.0,noise,0.0,0.0,0.0,7,0.0,0.0,alpha,0.84765625,63.99995260238647,-3.734375,-2.88671875,0,0,160,0,80,80,40,0.0,0.790625,0.9098593749999999
0.882734375,0.5,2.7364194385325056,0.0,128.0,0.0,noise,0.0,0.0,0.0,7,0.0,0.0,alpha,1.05859375,127.999671459198,-3.734375,-2.67578125,0,0,160,0,80,80,40,0.0,0.834375,0.93140625
0.514765625,0.5,2.7364194385325056,0.0,0.01,0.0,noise,0.0,0.0,0.0,7,0.0,0.0,z_mad,0.01171875,0.0004301342039980227,-3.734375,-3.72265625,0,0,160,0,80,80,40,0.0,0.49328125,0.535169921875
0.50703125,0.5,2.7364194385325056,0.0,0.02,0.0,noise,0.0,0.0,0.0,7,0.0,0.0,z_mad,0.003125,0.0012044457238516771,-3.734375,-3.73125,0,0,160,0,80,80,40,0.0,0.48296875,0.52859375
0.50828125,0.5,2.7364194385325056,0.0,0.04,0.0,noise,0.0,0.0,0.0,7,0.0,0.0,z_mad,0.00546875,0.003249690553639084,-3.734375,-3.72890625,0,0,160,0,80,80,40,0.0,0.48765625,0.5311738281249999
0.509921875,0.5,2.7364194385325056,0.0,0.08,0.0,noise,0.0,0.0,0.0,7,0.0,0.0,z_mad,0.00625,0.008193329314235599,-3.734375,-3.728125,0,0,160,0,80,80,40,0.0,0.48484375,0.53016015625
0.504609375,0.5,2.7364194385325056,0.0,0.16,0.0,noise,0.0,0.0,0.0,7,0.0,0.0,z_mad,-0.0046875,0.01759543075459078,-3.734375,-3.7390625,0,0,160,0,80,80,40,0.0,0.47693749999999996,0.527203125
0.51015625,0.5,2.7364194385325056,0.0,0.32,0.0,noise,0.0,0.0,0.0,7,0.0,0.0,z_mad,0.00859375,0.035058243200182915,-3.734375,-3.72578125,0,0,160,0,80,80,40,0.0,0.486171875,0.5320390625
0.5096875,0.5,2.7364194385325056,0.0,0.64,0.0,noise,0.0,0.0,0.0,7,0.0,0.0,z_mad,0.00234375,0.06780348978936672,-3.734375,-3.73203125,0,0,160,0,80,80,40,0.0,0.484515625,0.540408203125
0.50953125,0.5,2.7364194385325056,0.0,1.28,0.0,noise,0.0,0.0,0.0,7,0.0,0.0,z_mad,0.0046875,0.13436953080818057,-3.734375,-3.7296875,0,0,160,0,80,80,40,0.0,0.47921875,0.5407050781249999
0.506171875,0.5,2.7364194385325056,0.0,2.56,0.0,noise,0.0,0.0,0.0,7,0.0,0.0,z_mad,0.0046875,0.2697579421103001,-3.734375,-3.7296875,0,0,160,0,80,80,40,0.0,0.48512500000000003,0.5340703125
0.511015625,0.5,2.7364194385325056,0.0,5.12,0.0,noise,0.0,0.0,0.0,7,0.0,0.0,z_mad,0.01171875,0.5438630979508161,-3.734375,-3.72265625,0,0,160,0,80,80,40,0.0,0.49202929687499997,0.5293789062500001
0.518984375,0.5,2.7364194385325056,0.0,10.24,0.0,noise,0.0,0.0,0.0,7,0.0,0.0,z_mad,0.0203125,1.0762740515172482,-3.734375,-3.7140625,0,0,160,0,80,80,40,0.0,0.5003027343750001,0.54515625
0.5621875,0.5,2.7364194385325056,0.0,20.48,0.0,noise,0.0,0.0,0.0,7,0.0,0.0,z_mad,0.096875,2.163877983391285,-3.734375,-3.6375,0,0,160,0,80,80,40,0.0,0.52295703125,0.6069785156249999
0.505078125,0.5,2.7364194385325056,0.0,0.01,0.0,noise,0.0,0.0,0.0,7,0.0,0.0,z_sd,0.0015625,0.024768402217887342,-3.734375,-3.7328125,0,0,160,0,80,80,40,0.0,0.4870078125,0.51796875
0.509140625,0.5,2.7364194385325056,0.0,0.02,0.0,noise,0.0,0.0,0.0,7,0.0,0.0,z_sd,0.0046875,0.0509284685133025,-3.734375,-3.7296875,0,0,160,0,80,80,40,0.0,0.48828125,0.530236328125
0.506015625,0.5,2.7364194385325056,0.0,0.04,0.0,noise,0.0,0.0,0.0,7,0.0,0.0,z_sd,0.00078125,0.0933553890325129,-3.734375,-3.73359375,0,0,160,0,80,80,40,0.0,0.48640625,0.5221875
0.50421875,0.5,2.7364194385325056,0.0,0.08,0.0,noise,0.0,0.0,0.0,7,0.0,0.0,z_sd,-0.00078125,0.19863512199372052,-3.734375,-3.73515625,0,0,160,0,80,80,40,0.0,0.483125,0.52421875
0.519296875,0.5,2.7364194385325056,0.0,0.16,0.0,noise,0.0,0.0,0.0,7,0.0,0.0,z_sd,0.0171875,0.3943570939823985,-3.734375,-3.7171875,0,0,160,0,80,80,40,0.0,0.496953125,0.54359375
0.525625,0.5,2.7364194385325056,0.0,0.32,0.0,noise,0.0,0.0,0.0,7,0.0,0.0,z_sd,0.0328125,0.791751166433096,-3.734375,-3.7015625,0,0,160,0,80,80,40,0.0,0.50578125,0.55251953125
0.522421875,0.5,2.7364194385325056,0.0,0.64,0.0,noise,0.0,0.0,0.0,7,0.0,0.0,z_sd,0.0296875,1.54431792460382,-3.734375,-3.7046875,0,0,160,0,80,80,40,0.0,0.507853515625,0.5404726562500001
0.590390625,0.5,2.7364194385325056,0.0,1.28,0.0,noise,0.0,0.0,0.0,7,0.0,0.0,z_sd,0.15703125,3.227065922319889,-3.734375,-3.57734375,0,0,160,0,80,80,40,0.0,0.545765625,0.63859375
0.625625,0.5,2.7364194385325056,0.0,2.56,0.0,noise,0.0,0.0,0.0,7,0.0,0.0,z_sd,0.24296875,6.267945110797882,-3.734375,-3.49140625,0,0,160,0,80,80,40,0.0,0.5771875,0.690859375
0.573828125,0.5,2.7364194385325056,0.0,5.12,0.0,noise,0.0,0.0,0.0,7,0.0,0.0,z_sd,0.14296875,12.85602793097496,-3.734375,-3.59140625,0,0,160,0,80,80,40,0.0,0.490859375,0.6932968749999999
0.67,0.5,2.7364194385325056,0.0,10.24,0.0,noise,0.0,0.0,0.0,7,0.0,0.0,z_sd,0.36796875,25.24797123670578,-3.734375,-3.36640625,0,0,160,0,80,80,40,0.0,0.5896875,0.7604921875
0.80375,0.5,2.7364194385325056,0.0,20.48,0.0,noise,0.0,0.0,0.0,7,0.0,0.0,z_sd,0.69140625,51.81083073616028,-3.734375,-3.04296875,0,0,160,0,80,80,40,0.0,0.73296875,0.8763281249999999
0.4946875,0.5,2.866576577553538,0.0,0.25,0.0,random,0.0,0.0,0.0,7,0.0,0.0,alpha,-0.018229166666666668,0.25018576929966607,-3.734375,-3.7526041666666665,0,0,240,0,120,120,40,0.0,0.47390625,0.5121875
0.4841666666666667,0.5,2.866576577553538,0.0,0.5,0.0,random,0.0,0.0,0.0,7,0.0,0.0,alpha,-0.03333333333333333,0.5000930043558279,-3.734375,-3.767708333333333,0,0,240,0,120,120,40,0.0,0.44478515625,0.5117708333333333
0.47322916666666665,0.5,2.866576577553538,0.0,1.0,0.0,random,0.0,0.0,0.0,7,0.0,0.0,alpha,-0.04895833333333333,1.000009683271249,-3.734375,-3.783333333333333,0,0,240,0,120,120,40,0.0,0.4188984375,0.5198476562500001
0.45927083333333335,0.5,2.866576577553538,0.0,2.0,0.0,random,0.0,0.0,0.0,7,0.0,0.0,alpha,-0.0796875,1.999964745839437,-3.734375,-3.8140625,0,0,240,0,120,120,40,0.0,0.34187109374999997,0.53408984375
0.48015625,0.5,2.866576577553538,0.0,4.0,0.0,random,0.0,0.0,0.0,7,0.0,0.0,alpha,-0.0296875,3.999988510211309,-3.734375,-3.7640625,0,0,240,0,120,120,40,0.0,0.332265625,0.5947252604166666
0.6003125,0.5,2.866576577553538,0.0,8.0,0.0,random,0.0,0.0,0.0,7,0.0,0.0,alpha,0.19635416666666666,7.999862817923228,-3.734375,-3.5380208333333334,0,0,240,0,120,120,40,0.0,0.5059231770833333,0.6936380208333333
0.4972916666666667,0.5,2.866576577553538,0.0,16.0,0.0,random,0.0,0.0,0.0,7,0.0,0.0,alpha,0.021875,15.999776705106099,-3.734375,-3.7125,0,0,240,0,120,120,40,0.0,0.29261328125,0.7189453124999999
0.60578125,0.5,2.866576577553538,0.0,32.0,0.0,random,0.0,0.0,0.0,7,0.0,0.0,alpha,0.2677083333333333,31.999673652648926,-3.734375,-3.466666666666667,0,0,240,0,120,120,40,0.0,0.14458203125,0.962546875
0.8853645833333333,0.5020833333333333,2.682877915380755,0.36739732434556593,64.0,0.0,random,0.004166666666666667,0.0,0.0,7,0.0,0.0,alpha,1.3533854166666666,63.99939273198446,-3.734375,-2.380989583333333,0,0,240,0,120,120,40,0.0,0.67234375,1.0
0.9727604166666667,0.5458333333333333,2.0934575914486353,1.5462379722098056,128.0,0.0,random,0.09166666666666666,0.0,0.0,7,0.0,0.058333333333333334,alpha,1.7739583333333333,127.99841245015462,-3.734375,-1.9604166666666667,0,0,240,0,120,120,40,0.0,0.92603125,1.0
0.5077604166666667,0.5,2.866576577553538,0.0,0.01,0.0,random,0.0,0.0,0.0,7,0.0,0.0,z_mad,0.003125,0.0003945659753905299,-3.734375,-3.73125,0,0,240,0,120,120,40,0.0,0.48217578125,0.53016015625
0.5054166666666666,0.5,2.866576577553538,0.0,0.02,0.0,random,0.0,0.0,0.0,7,0.0,0.0,z_mad,-0.0015625,0.001107900332620678,-3.734375,-3.7359375,0,0,240,0,120,120,40,0.0,0.4852018229166667,0.5216770833333333
0.50859375,0.5,2.866576577553538,0.0,0.04,0.0,random,0.0,0.0,0.0,7,0.0,0.0,z_mad,0.00625,0.0030105444447447857,-3.734375,-3.728125,0,0,240,0,120,120,40,0.0,0.48617187500000003,0.5274635416666666
0.49921875,0.5,2.866576577553538,0.0,0.08,0.0,random,0.0,0.0,0.0,7,0.0,0.0,z_mad,-0.008333333333333333,0.0075344970605025685,-3.734375,-3.7427083333333333,0,0,240,0,120,120,40,0.0,0.47713541666666665,0.51546875
0.5089583333333333,0.5,2.866576577553538,0.0,0.16,0.0,random,0.0,0.0,0.0,7,0.0,0.0,z_mad,0.005208333333333333,0.016407661186531187,-3.734375,-3.7291666666666665,0,0,240,0,120,120,40,0.0,0.4782591145833333,0.5337552083333332
0.5088020833333333,0.5,2.866576577553538,0.0,0.32,0.0,random,0.0,0.0,0.0,7,0.0,0.0,z_mad,0.00625,0.032522162826110916,-3.734375,-3.728125,0,0,240,0,120,120,40,0.0,0.4839453125,0.53234375
0.50359375,0.5,2.866576577553538,0.0,0.64,0.0,random,0.0,0.0,0.0,7,0.0,0.0,z_mad,-0.0020833333333333333,0.0639099788852036,-3.734375,-3.736458333333333,0,0,240,0,120,120,40,0.0,0.47540625,0.5358854166666667
0.5014583333333333,0.5,2.866576577553538,0.0,1.28,0.0,random,0.0,0.0,0.0,7,0.0,0.0,z_mad,-0.005208333333333333,0.12707208550224702,-3.734375,-3.7395833333333335,0,0,240,0,120,120,40,0.0,0.4790625,0.5242786458333334
0.49734375,0.5,2.866576577553538,0.0,2.56,0.0,random,0.0,0.0,0.0,7,0.0,0.0,z_mad,-0.0109375,0.25365545228123665,-3.734375,-3.7453125,0,0,240,0,120,120,40,0.0,0.47640494791666665,0.5131341145833334
0.49244791666666665,0.5,2.866576577553538,0.0,5.12,0.0,random,0.0,0.0,0.0,7,0.0,0.0,z_mad,-0.021875,0.5071329114337763,-3.734375,-3.75625,0,0,240,0,120,120,40,0.0,0.45906119791666666,0.51828125
0.47875,0.5,2.866576577553538,0.0,10.24,0.0,random,0.0,0.0,0.0,7,0.0,0.0,z_mad,-0.044270833333333336,1.0140467142065366,-3.734375,-3.7786458333333335,0,0,240,0,120,120,40,0.0,0.42670703125,0.5215625
0.46,0.5,2.866576577553538,0.0,20.48,0.0,random,0.0,0.0,0.0,7,0.0,0.0,z_mad,-0.075,2.0280308345953624,-3.734375,-3.809375,0,0,240,0,120,120,40,0.0,0.36763671875000004,0.5265156249999999
0.5059895833333333,0.5,2.866576577553538,0.0,0.01,0.0,random,0.0,0.0,0.0,7,0.0,0.0,z_sd,0.0015625,0.03828834253363311,-3.734375,-3.7328125,0,0,240,0,120,120,40,0.0,0.48878645833333334,0.5229179687500001
0.5011979166666667,0.5,2.866576577553538,0.0,0.02,0.0,random,0.0,0.0,0.0,7,0.0,0.0,z_sd,-0.005208333333333333,0.07546725437665978,-3.734375,-3.7395833333333335,0,0,240,0,120,120,40,0.0,0.48376302083333333,0.5140104166666667
0.5011979166666667,0.5,2.866576577553538,0.0,0.04,0.0,random,0.0,0.0,0.0,7,0.0,0.0,z_sd,-0.005208333333333333,0.15011325124651193,-3.734375,-3.7395833333333335,0,0,240,0,120,120,40,0.0,0.47525781250000004,0.5225546875
0.4901041666666667,0.5,2.866576577553538,0.0,0.08,0.0,random,0.0,0.0,0.0,7,0.0,0.0,z_sd,-0.024479166666666666,0.29992942983905474,-3.734375,-3.7588541666666666,0,0,240,0,120,120,40,0.0,0.46536458333333336,0.5121354166666666
0.48552083333333335,0.5,2.866576577553538,0.0,0.16,0.0,random,0.0,0.0,0.0,7,0.0,0.0,z_sd,-0.027083333333333334,0.5996772952377796,-3.734375,-3.761458333333333,0,0,240,0,120,120,40,0.0,0.4490625,0.5177604166666666
0.46140625,0.5,2.866576577553538,0.0,0.32,0.0,random,0.0,0.0,0.0,7,0.0,0.0,z_sd,-0.07135416666666666,1.1991837685306868,-3.734375,-3.8057291666666666,0,0,240,0,120,120,40,0.0,0.39327343750000004,0.513125
0.4527083333333333,0.5,2.866576577553538,0.0,0.64,0.0,random,0.0,0.0,0.0,7,0.0,0.0,z_sd,-0.084375,2.3982538799444835,-3.734375,-3.81875,0,0,240,0,120,120,40,0.0,0.3454375,0.52671875
0.49375,0.5,2.866576577553538,0.0,1.28,0.0,random,0.0,0.0,0.0,7,0.0,0.0,z_sd,0.00625,4.79639232357343,-3.734375,-3.728125,0,0,240,0,120,120,40,0.0,0.3736875,0.5845325520833333
0.5861979166666667,0.5,2.866576577553538,0.0,2.56,0.0,random,0.0,0.0,0.0,7,0.0,0.0,z_sd,0.1828125,9.592727132638295,-3.734375,-3.5515625,0,0,240,0,120,120,40,0.0,0.4466796875,0.6939414062499999
0.51890625,0.5,2.866576577553538,0.0,5.12,0.0,random,0.0,0.0,0.0,7,0.0,0.0,z_sd,0.06614583333333333,19.18547598520915,-3.734375,-3.668229166666667,0,0,240,0,120,120,40,0.0,0.24278776041666666,0.8163242187499999
0.59390625,0.5,2.866576577553538,0.0,10.24,0.0,random,0.0,0.0,0.0,7,0.0,0.0,z_sd,0.4875,38.37101632754008,-3.734375,-3.246875,0,0,240,0,120,120,40,0.0,0.1903125,0.9996875
0.9766145833333333,0.5229166666666667,2.2669862990428107,1.199180557021455,20.48,0.0,random,0.04583333333333333,0.0,0.0,7,0.0,0.041666666666666664,z_sd,1.6838541666666667,76.7421599706014,-3.734375,-2.050520833333333,0,0,240,0,120,120,40,0.0,0.9368619791666667,1.0
0.5104375,0.5,3.2275758330035513,0.0,0.25,0.0,concept,0.0,0.0,0.0,8,0.0,0.0,alpha,0.0071875,0.2500482226163149,-3.734375,-3.7271875,0,0,800,0,400,400,40,0.0,0.4852609375,0.536142578125
0.51621875,0.5,3.2275758330035513,0.0,0.5,0.0,concept,0.0,0.0,0.0,8,0.0,0.0,alpha,0.01703125,0.500329511910677,-3.734375,-3.71734375,0,0,800,0,400,400,40,0.0,0.49336914062500004,0.5410832031249999
0.5185625,0.5,3.2275758330035513,0.0,1.0,0.0,concept,0.0,0.0,0.0,8,0.0,0.0,alpha,0.02015625,1.0003561769425868,-3.734375,-3.71421875,0,0,800,0,400,400,40,0.0,0.491180859375,0.54555
0.5130625,0.5,3.2275758330035513,0.0,2.0,0.0,concept,0.0,0.0,0.0,8,0.0,0.0,alpha,0.01453125,2.000076293051243,-3.734375,-3.71984375,0,0,800,0,400,400,40,0.0,0.476233984375,0.546360546875
0.456390625,0.5,3.2275758330035513,0.0,4.0,0.0,concept,0.0,0.0,0.0,8,0.0,0.0,alpha,-0.06421875,4.000250198245048,-3.734375,-3.79859375,0,0,800,0,400,400,40,0.0,0.383115625,0.5296816406249999
0.401421875,0.5,3.2275758330035513,0.0,8.0,0.0,concept,0.0,0.0,0.0,8,0.0,0.0,alpha,-0.169375,8.000715059041976,-3.734375,-3.90375,0,0,800,0,400,400,40,0.0,0.28491640625,0.5203460937499998
0.326921875,0.5,3.2275758330035513,0.0,16.0,0.0,concept,0.0,0.0,0.0,8,0.0,0.0,alpha,-0.33140625,16.00174998998642,-3.734375,-4.06578125,0,0,800,0,400,400,40,0.0,0.213848046875,0.456984375
0.39090625,0.5,3.2275758330035513,0.0,32.0,0.0,concept,0.0,0.0,0.0,8,0.0,0.0,alpha,-0.1178125,32.00370427131653,-3.734375,-3.8521875,0,0,800,0,400,400,40,0.0,0.22684296875,0.5644035156249999
0.555984375,0.5,3.2275758330035513,0.0,64.0,0.0,concept,0.0,0.0,0.005,8,0.0,0.0,alpha,0.269609375,64.00696739196778,-3.734375,-3.464765625,0,2,800,0,400,400,40,0.0,0.38977617187499997,0.726122265625
0.594078125,0.5090625,2.654182634521547,1.1467863969640084,128.0,0.0,concept,0.018125,0.0,0.09,8,0.0,0.0425,alpha,0.409609375,128.0081099319458,-3.734375,-3.324765625,0,36,800,0,400,400,40,0.0,0.411482421875,0.7656867187499999
0.502375,0.5,3.2275758330035513,0.0,0.01,0.0,concept,0.0,0.0,0.0,8,0.0,0.0,z_mad,-0.005,0.0018565954006044194,-3.734375,-3.739375,0,0,800,0,400,400,40,0.0,0.479434375,0.5232386718750001
0.50615625,0.5,3.2275758330035513,0.0,0.02,0.0,concept,0.0,0.0,0.0,8,0.0,0.0,z_mad,0.001875,0.004384197911131196,-3.734375,-3.7325,0,0,800,0,400,400,40,0.0,0.480378125,0.530658984375
0.507703125,0.5,3.2275758330035513,0.0,0.04,0.0,concept,0.0,0.0,0.0,8,0.0,0.0,z_mad,0.00375,0.010101371246855706,-3.734375,-3.730625,0,0,800,0,400,400,40,0.0,0.48279140625,0.53376796875
0.508703125,0.5,3.2275758330035513,0.0,0.08,0.0,concept,0.0,0.0,0.0,8,0.0,0.0,z_mad,0.00390625,0.02144163616001606,-3.734375,-3.73046875,0,0,800,0,400,400,40,0.0,0.48761015625,0.5316457031249999
0.506375,0.5,3.2275758330035513,0.0,0.16,0.0,concept,0.0,0.0,0.0,8,0.0,0.0,z_mad,0.001875,0.04285043651238084,-3.734375,-3.7325,0,0,800,0,400,400,40,0.0,0.480772265625,0.534473828125
0.50846875,0.5,3.2275758330035513,0.0,0.32,0.0,concept,0.0,0.0,0.0,8,0.0,0.0,z_mad,0.00390625,0.08412634940817952,-3.734375,-3.73046875,0,0,800,0,400,400,40,0.0,0.483495703125,0.5304546875
0.511078125,0.5,3.2275758330035513,0.0,0.64,0.0,concept,0.0,0.0,0.0,8,0.0,0.0,z_mad,0.00859375,0.16770327221602202,-3.734375,-3.72578125,0,0,800,0,400,400,40,0.0,0.488622265625,0.53335234375
0.513390625,0.5,3.2275758330035513,0.0,1.28,0.0,concept,0.0,0.0,0.0,8,0.0,0.0,z_mad,0.00921875,0.3351840904355049,-3.734375,-3.72515625,0,0,800,0,400,400,40,0.0,0.49107265624999996,0.5367046875
0.51221875,0.5,3.2275758330035513,0.0,2.56,0.0,concept,0.0,0.0,0.0,8,0.0,0.0,z_mad,0.01015625,0.6700946407020092,-3.734375,-3.72421875,0,0,800,0,400,400,40,0.0,0.486027734375,0.537815234375
0.51828125,0.5,3.2275758330035513,0.0,5.12,0.0,concept,0.0,0.0,0.0,8,0.0,0.0,z_mad,0.01921875,1.3396979853510858,-3.734375,-3.71515625,0,0,800,0,400,400,40,0.0,0.486713671875,0.5497519531249999
0.497921875,0.5,3.2275758330035513,0.0,10.24,0.0,concept,0.0,0.0,0.0,8,0.0,0.0,z_mad,-0.00484375,2.679418712258339,-3.734375,-3.73921875,0,0,800,0,400,400,40,0.0,0.443915625,0.5491625
0.433140625,0.5,3.2275758330035513,0.0,20.48,0.0,concept,0.0,0.0,0.0,8,0.0,0.0,z_mad,-0.1028125,5.358805196285248,-3.734375,-3.8371875,0,0,800,0,400,400,40,0.0,0.34230390625,0.5291542968749999
0.512359375,0.5,3.2275758330035513,0.0,0.01,0.0,concept,0.0,0.0,0.0,8,0.0,0.0,z_sd,0.00890625,0.9581057762354612,-3.734375,-3.72546875,0,0,800,0,400,400,40,0.0,0.486994140625,0.53547109375
0.50665625,0.5,3.2275758330035513,0.0,0.02,0.0,concept,0.0,0.0,0.0,8,0.0,0.0,z_sd,0.00265625,1.9160273033380508,-3.734375,-3.73171875,0,0,800,0,400,400,40,0.0,0.46731914062499996,0.54081796875
0.4824375,0.5,3.2275758330035513,0.0,0.04,0.0,concept,0.0,0.0,0.0,8,0.0,0.0,z_sd,-0.0284375,3.8321676418185233,-3.734375,-3.7628125,0,0,800,0,400,400,40,0.0,0.41660234375,0.5437015625
0.408375,0.5,3.2275758330035513,0.0,0.08,0.0,concept,0.0,0.0,0.0,8,0.0,0.0,z_sd,-0.15,7.664207476377487,-3.734375,-3.884375,0,0,800,0,400,400,40,0.0,0.315544140625,0.502925
0.3983125,0.5,3.2275758330035513,0.0,0.16,0.0,concept,0.0,0.0,0.0,8,0.0,0.0,z_sd,-0.0925,15.32820417881012,-3.734375,-3.826875,0,0,800,0,400,400,40,0.0,0.25335234375,0.558044921875
0.374515625,0.5,3.2275758330035513,0.0,0.32,0.0,concept,0.0,0.0,0.0,8,0.0,0.0,z_sd,-0.111484375,30.657497346401215,-3.734375,-3.845859375,0,0,800,0,400,400,40,0.0,0.228294140625,0.5449386718749999
0.478171875,0.5053125,2.7549355812106606,0.945280503585781,0.64,0.0,concept,0.010625,0.0,0.0875,8,0.0,0.0225,z_sd,0.11890625,61.31698669433594,-3.734375,-3.61546875,0,35,800,0,400,400,40,0.0,0.3165453125,0.6679421875
0.556125,0.5178125,2.5120553640869527,1.4310409378331967,1.28,0.0,concept,0.035625,0.0,0.0075,8,0.0,0.0725,z_sd,0.33484375,122.62468265533447,-3.734375,-3.39953125,0,3,800,0,400,400,40,0.0,0.39796835937499997,0.7276964843749999
0.580015625,0.5196875,2.489420848502223,1.4763099690026567,2.56,0.0,concept,0.039375,0.0,0.0,8,0.0,0.08,z_sd,0.405078125,245.24987277984619,-3.734375,-3.329296875,0,0,800,0,400,400,40,0.0,0.394778125,0.7611066406249999
0.5234375,0.521875,2.465097926624053,1.524955812758996,5.12,0.0,concept,0.04375,0.0,0.0,8,0.0,0.09,z_sd,0.2834375,490.4989920425415,-3.734375,-3.4509375,0,0,800,0,400,400,40,0.0,0.33004335937499996,0.72840390625
0.50559375,0.5221875,2.4617832687769106,1.531585128453282,10.24,0.0,concept,0.044375,0.0,0.0,8,0.0,0.0925,z_sd,0.22859375,981.0068775939941,-3.734375,-3.50578125,0,0,800,0,400,400,40,0.0,0.313666796875,0.7225578125000001
0.501015625,0.5228125,2.4552635666939424,1.5446245326192178,20.48,0.0,concept,0.045625,0.0,0.0,8,0.0,0.0925,z_sd,0.221875,1961.9962812805177,-3.734375,-3.5125,0,0,800,0,400,400,40,0.0,0.3024921875,0.71681953125
0.50578125,0.5,2.7364194385325056,0.0,0.25,0.0,dropout,0.0,0.0,0.0,8,0.0,0.0,alpha,0.0015625,0.21723062340170146,-3.734375,-3.7328125,0,0,160,0,80,80,40,0.0,0.4788828125,0.53283203125
0.509921875,0.5,2.7364194385325056,0.0,0.5,0.0,dropout,0.0,0.0,0.0,8,0.0,0.0,alpha,0.00703125,0.4569066520780325,-3.734375,-3.72734375,0,0,160,0,80,80,40,0.0,0.5,0.5190625
0.509609375,0.5,2.7364194385325056,0.0,1.0,0.0,dropout,0.0,0.0,0.0,8,0.0,0.0,alpha,0.00546875,0.961486891657114,-3.734375,-3.72890625,0,0,160,0,80,80,40,0.0,0.4840625,0.5278125
0.4965625,0.5,2.7364194385325056,0.0,2.0,0.0,dropout,0.0,0.0,0.0,8,0.0,0.0,alpha,-0.0203125,1.9706059232354165,-3.734375,-3.7546875,0,0,160,0,80,80,40,0.0,0.46593359375,0.52390625
0.445859375,0.5,2.7364194385325056,0.0,4.0,0.0,dropout,0.0,0.0,0.0,8,0.0,0.0,alpha,-0.090625,3.962444117665291,-3.734375,-3.825,0,0,160,0,80,80,40,0.0,0.39132226562500005,0.48926953124999994
0.471953125,0.5,2.7364194385325056,0.0,8.0,0.0,dropout,0.0,0.0,0.0,8,0.0,0.0,alpha,-0.03671875,7.975326895713806,-3.734375,-3.77109375,0,0,160,0,80,80,40,0.0,0.401078125,0.569765625
0.335390625,0.5,2.7364194385325056,0.0,16.0,0.0,dropout,0.0,0.0,0.0,8,0.0,0.0,alpha,-0.28984375,15.788273680210114,-3.734375,-4.02421875,0,0,160,0,80,80,40,0.0,0.24078125,0.43453125
0.436640625,0.5,2.7364194385325056,0.0,32.0,0.0,dropout,0.0,0.0,0.0,8,0.0,0.0,alpha,-0.09609375,31.255544233322144,-3.734375,-3.83046875,0,0,160,0,80,80,40,0.0,0.3765625,0.5165625
0.683984375,0.5,2.7364194385325056,0.0,64.0,0.0,dropout,0.0,0.0,0.0,8,0.0,0.0,alpha,0.399609375,61.711661195755006,-3.734375,-3.334765625,0,0,160,0,80,80,40,0.0,0.59359375,0.82734375
0.853828125,0.5,2.7364194385325056,0.0,128.0,0.0,dropout,0.0,0.0,0.0,8,0.0,0.0,alpha,0.93203125,111.79194269180297,-3.734375,-2.80234375,0,0,160,0,80,80,40,0.0,0.80703125,0.91726953125
0.5,0.5,2.7364194385325056,0.0,0.01,0.0,dropout,0.0,0.0,0.0,8,0.0,0.0,z_mad,0.0,0.0,-3.734375,-3.734375,0,0,160,0,80,80,40,0.0,0.5,0.5
0.5,0.5,2.7364194385325056,0.0,0.02,0.0,dropout,0.0,0.0,0.0,8,0.0,0.0,z_mad,0.0,0.0,-3.734375,-3.734375,0,0,160,0,80,80,40,0.0,0.5,0.5
0.50109375,0.5,2.7364194385325056,0.0,0.04,0.0,dropout,0.0,0.0,0.0,8,0.0,0.0,z_mad,0.00078125,1.9073487055720762e-05,-3.734375,-3.73359375,0,0,160,0,80,80,40,0.0,0.5,0.5046875
0.50265625,0.5,2.7364194385325056,0.0,0.08,0.0,dropout,0.0,0.0,0.0,8,0.0,0.0,z_mad,0.0015625,0.0005518958962056786,-3.734375,-3.7328125,0,0,160,0,80,80,40,0.0,0.5,0.5071875
0.5034375,0.5,2.7364194385325056,0.0,0.16,0.0,dropout,0.0,0.0,0.0,8,0.0,0.0,z_mad,0.003125,0.0006071545176382642,-3.734375,-3.73125,0,0,160,0,80,80,40,0.0,0.49375,0.5153125
0.505078125,0.5,2.7364194385325056,0.0,0.32,0.0,dropout,0.0,0.0,0.0,8,0.0,0.0,z_mad,-0.00078125,0.007794048138021026,-3.734375,-3.73515625,0,0,160,0,80,80,40,0.0,0.49359375,0.51734375
0.506171875,0.5,2.7364194385325056,0.0,0.64,0.0,dropout,0.0,0.0,0.0,8,0.0,0.0,z_mad,0.0046875,0.026924572880670895,-3.734375,-3.7296875,0,0,160,0,80,80,40,0.0,0.47609375,0.539771484375
0.508359375,0.5,2.7364194385325056,0.0,1.28,0.0,dropout,0.0,0.0,0.0,8,0.0,0.0,z_mad,0.003125,0.08912514906842262,-3.734375,-3.73125,0,0,160,0,80,80,40,0.0,0.48765625,0.53359375
0.508125,0.5,2.7364194385325056,0.0,2.56,0.0,dropout,0.0,0.0,0.0,8,0.0,0.0,z_mad,0.00234375,0.21781399948522448,-3.734375,-3.73203125,0,0,160,0,80,80,40,0.0,0.48484375,0.531810546875
0.50640625,0.5,2.7364194385325056,0.0,5.12,0.0,dropout,0.0,0.0,0.0,8,0.0,0.0,z_mad,0.0015625,0.4692297078669071,-3.734375,-3.7328125,0,0,160,0,80,80,40,0.0,0.48311718750000004,0.527109375
0.498671875,0.5,2.7364194385325056,0.0,10.24,0.0,dropout,0.0,0.0,0.0,8,0.0,0.0,z_mad,-0.00859375,0.9578453712165356,-3.734375,-3.74296875,0,0,160,0,80,80,40,0.0,0.47340625000000003,0.529453125
0.475546875,0.5,2.7364194385325056,0.0,20.48,0.0,dropout,0.0,0.0,0.0,8,0.0,0.0,z_mad,-0.034375,1.9966489002108574,-3.734375,-3.76875,0,0,160,0,80,80,40,0.0,0.4459375,0.505078125
0.501640625,0.5,2.7364194385325056,0.0,0.01,0.0,dropout,0.0,0.0,0.0,8,0.0,0.0,z_sd,0.003125,0.0035218487628299044,-3.734375,-3.73125,0,0,160,0,80,80,40,0.0,0.49374609375,0.5084375
0.504140625,0.5,2.7364194385325056,0.0,0.02,0.0,dropout,0.0,0.0,0.0,8,0.0,0.0,z_sd,0.0015625,0.008842957511296845,-3.734375,-3.7328125,0,0,160,0,80,80,40,0.0,0.49608984375,0.50953125
0.506875,0.5,2.7364194385325056,0.0,0.04,0.0,dropout,0.0,0.0,0.0,8,0.0,0.0,z_sd,0.0015625,0.024296463625796606,-3.734375,-3.7328125,0,0,160,0,80,80,40,0.0,0.481640625,0.531333984375
0.50453125,0.5,2.7364194385325056,0.0,0.08,0.0,dropout,0.0,0.0,0.0,8,0.0,0.0,z_sd,-0.00625,0.09633037941530347,-3.734375,-3.740625,0,0,160,0,80,80,40,0.0,0.4778046875,0.52625
0.516328125,0.5,2.7364194385325056,0.0,0.16,0.0,dropout,0.0,0.0,0.0,8,0.0,0.0,z_sd,0.01640625,0.22524006180465223,-3.734375,-3.71796875,0,0,160,0,80,80,40,0.0,0.492607421875,0.5453125
0.514140625,0.5,2.7364194385325056,0.0,0.32,0.0,dropout,0.0,0.0,0.0,8,0.0,0.0,z_sd,0.0140625,0.48496882878243924,-3.734375,-3.7203125,0,0,160,0,80,80,40,0.0,0.49608984375,0.53219921875
0.50578125,0.5,2.7364194385325056,0.0,0.64,0.0,dropout,0.0,0.0,0.0,8,0.0,0.0,z_sd,0.00625,1.005139271914959,-3.734375,-3.728125,0,0,160,0,80,80,40,0.0,0.47232421875,0.537974609375
0.486484375,0.5,2.7364194385325056,0.0,1.28,0.0,dropout,0.0,0.0,0.0,8,0.0,0.0,z_sd,-0.02578125,2.0653722643852235,-3.734375,-3.76015625,0,0,160,0,80,80,40,0.0,0.443548828125,0.5309570312499999
0.486875,0.5,2.7364194385325056,0.0,2.56,0.0,dropout,0.0,0.0,0.0,8,0.0,0.0,z_sd,-0.0234375,4.150914651155472,-3.734375,-3.7578125,0,0,160,0,80,80,40,0.0,0.44373828125,0.5275078125
0.436953125,0.5,2.7364194385325056,0.0,5.12,0.0,dropout,0.0,0.0,0.0,8,0.0,0.0,z_sd,-0.09140625,8.341590535640716,-3.734375,-3.82578125,0,0,160,0,80,80,40,0.0,0.343671875,0.540166015625
0.36640625,0.5,2.7364194385325056,0.0,10.24,0.0,dropout,0.0,0.0,0.0,8,0.0,0.0,z_sd,-0.23359375,16.522472083568573,-3.734375,-3.96796875,0,0,160,0,80,80,40,0.0,0.23761328125,0.4934140624999997
0.471875,0.5,2.7364194385325056,0.0,20.48,0.0,dropout,0.0,0.0,0.0,8,0.0,0.0,z_sd,-0.06640625,32.63328845500946,-3.734375,-3.80078125,0,0,160,0,80,80,40,0.0,0.4190390625,0.5228125
0.505078125,0.5,2.7364194385325056,0.0,0.25,0.0,noise,0.0,0.0,0.0,8,0.0,0.0,alpha,0.00078125,0.25018159560859204,-3.734375,-3.73359375,0,0,160,0,80,80,40,0.0,0.48350976562500003,0.52796875
0.50625,0.5,2.7364194385325056,0.0,0.5,0.0,noise,0.0,0.0,0.0,8,0.0,0.0,alpha,-0.00078125,0.5001016825437545,-3.734375,-3.73515625,0,0,160,0,80,80,40,0.0,0.48578125,0.519375
0.4978125,0.5,2.7364194385325056,0.0,1.0,0.0,noise,0.0,0.0,0.0,8,0.0,0.0,alpha,-0.01015625,1.000060061365366,-3.734375,-3.74453125,0,0,160,0,80,80,40,0.0,0.465,0.52578125
0.503203125,0.5,2.7364194385325056,0.0,2.0,0.0,noise,0.0,0.0,0.0,8,0.0,0.0,alpha,0.0,2.00002651065588,-3.734375,-3.734375,0,0,160,0,80,80,40,0.0,0.46875,0.53580078125
0.4590625,0.5,2.7364194385325056,0.0,4.0,0.0,noise,0.0,0.0,0.0,8,0.0,0.0,alpha,-0.0609375,4.000020551681518,-3.734375,-3.7953125,0,0,160,0,80,80,40,0.0,0.42605859375,0.49734375
0.509140625,0.5,2.7364194385325056,0.0,8.0,0.0,noise,0.0,0.0,0.0,8,0.0,0.0,alpha,0.04296875,7.999950420856476,-3.734375,-3.69140625,0,0,160,0,80,80,40,0.0,0.43199609375,0.59671875
0.39421875,0.5,2.7364194385325056,0.0,16.0,0.0,noise,0.0,0.0,0.0,8,0.0,0.0,alpha,-0.1515625,15.999953866004944,-3.734375,-3.8859375,0,0,160,0,80,80,40,0.0,0.319375,0.49926953124999995
0.375078125,0.5,2.7364194385325056,0.0,32.0,0.0,noise,0.0,0.0,0.0,8,0.0,0.0,alpha,-0.225,31.999836874008178,-3.734375,-3.959375,0,0,160,0,80,80,40,0.0,0.2878125,0.4403125
0.812578125,0.5,2.7364194385325056,0.0,64.0,0.0,noise,0.0,0.0,0.0,8,0.0,0.0,alpha,0.75703125,63.9999144077301,-3.734375,-2.97734375,0,0,160,0,80,80,40,0.0,0.75053125,0.89289453125
0.87171875,0.5,2.7364194385325056,0.0,128.0,0.0,noise,0.0,0.0,0.0,8,0.0,0.0,alpha,1.004296875,127.99946613311768,-3.734375,-2.730078125,0,0,160,0,80,80,40,0.0,0.81796875,0.92390625
0.508984375,0.5,2.7364194385325056,0.0,0.01,0.0,noise,0.0,0.0,0.0,8,0.0,0.0,z_mad,0.00625,0.00046030397970753256,-3.734375,-3.728125,0,0,160,0,80,80,40,0.0,0.48484375,0.53297265625
0.50453125,0.5,2.7364194385325056,0.0,0.02,0.0,noise,0.0,0.0,0.0,8,0.0,0.0,z_mad,0.0015625,0.001302091845718678,-3.734375,-3.7328125,0,0,160,0,80,80,40,0.0,0.48624414062500004,0.51921875
0.506875,0.5,2.7364194385325056,0.0,0.04,0.0,noise,0.0,0.0,0.0,8,0.0,0.0,z_mad,0.00390625,0.003470947334426455,-3.734375,-3.73046875,0,0,160,0,80,80,40,0.0,0.489375,0.52439453125
0.502734375,0.5,2.7364194385325056,0.0,0.08,0.0,noise,0.0,0.0,0.0,8,0.0,0.0,z_mad,-0.0046875,0.008780543028842657,-3.734375,-3.7390625,0,0,160,0,80,80,40,0.0,0.483125,0.52328125
0.50546875,0.5,2.7364194385325056,0.0,0.16,0.0,noise,0.0,0.0,0.0,8,0.0,0.0,z_mad,0.00078125,0.018695396813564004,-3.734375,-3.73359375,0,0,160,0,80,80,40,0.0,0.48202734375,0.5250800781249999
0.50890625,0.5,2.7364194385325056,0.0,0.32,0.0,noise,0.0,0.0,0.0,8,0.0,0.0,z_mad,0.0046875,0.03686939487233758,-3.734375,-3.7296875,0,0,160,0,80,80,40,0.0,0.484375,0.53828125
0.501328125,0.5,2.7364194385325056,0.0,0.64,0.0,noise,0.0,0.0,0.0,8,0.0,0.0,z_mad,-0.00390625,0.07298083789646626,-3.734375,-3.73828125,0,0,160,0,80,80,40,0.0,0.47796875,0.52390625
0.511640625,0.5,2.7364194385325056,0.0,1.28,0.0,noise,0.0,0.0,0.0,8,0.0,0.0,z_mad,0.00703125,0.14413410425186157,-3.734375,-3.72734375,0,0,160,0,80,80,40,0.0,0.490546875,0.541732421875
0.50921875,0.5,2.7364194385325056,0.0,2.56,0.0,noise,0.0,0.0,0.0,8,0.0,0.0,z_mad,0.00703125,0.2880059823393822,-3.734375,-3.72734375,0,0,160,0,80,80,40,0.0,0.4778125,0.5357050781249999
0.508515625,0.5,2.7364194385325056,0.0,5.12,0.0,noise,0.0,0.0,0.0,8,0.0,0.0,z_mad,0.00390625,0.5798546187579632,-3.734375,-3.73046875,0,0,160,0,80,80,40,0.0,0.473515625,0.541328125
0.51,0.5,2.7364194385325056,0.0,10.24,0.0,noise,0.0,0.0,0.0,8,0.0,0.0,z_mad,0.009375,1.1490417435765266,-3.734375,-3.725,0,0,160,0,80,80,40,0.0,0.48265625,0.534765625
0.481484375,0.5,2.7364194385325056,0.0,20.48,0.0,noise,0.0,0.0,0.0,8,0.0,0.0,z_mad,-0.02734375,2.2751421481370926,-3.734375,-3.76171875,0,0,160,0,80,80,40,0.0,0.447162109375,0.51219921875
0.505703125,0.5,2.7364194385325056,0.0,0.01,0.0,noise,0.0,0.0,0.0,8,0.0,0.0,z_sd,0.00078125,0.026137552782893182,-3.734375,-3.73359375,0,0,160,0,80,80,40,0.0,0.47734375,0.531015625
0.51125,0.5,2.7364194385325056,0.0,0.02,0.0,noise,0.0,0.0,0.0,8,0.0,0.0,z_sd,0.0046875,0.05090341763570905,-3.734375,-3.7296875,0,0,160,0,80,80,40,0.0,0.4859375,0.52984765625
0.510546875,0.5,2.7364194385325056,0.0,0.04,0.0,noise,0.0,0.0,0.0,8,0.0,0.0,z_sd,0.0078125,0.09801124408841133,-3.734375,-3.7265625,0,0,160,0,80,80,40,0.0,0.474140625,0.5459375
0.503125,0.5,2.7364194385325056,0.0,0.08,0.0,noise,0.0,0.0,0.0,8,0.0,0.0,z_sd,-0.00390625,0.20209619947709143,-3.734375,-3.73828125,0,0,160,0,80,80,40,0.0,0.4803125,0.5255527343749999
0.509921875,0.5,2.7364194385325056,0.0,0.16,0.0,noise,0.0,0.0,0.0,8,0.0,0.0,z_sd,0.00546875,0.3960760660469532,-3.734375,-3.72890625,0,0,160,0,80,80,40,0.0,0.4809375,0.54281640625
0.503203125,0.5,2.7364194385325056,0.0,0.32,0.0,noise,0.0,0.0,0.0,8,0.0,0.0,z_sd,-0.0015625,0.7941795095801354,-3.734375,-3.7359375,0,0,160,0,80,80,40,0.0,0.473125,0.52171875
0.496328125,0.5,2.7364194385325056,0.0,0.64,0.0,noise,0.0,0.0,0.0,8,0.0,0.0,z_sd,-0.01015625,1.5414220795035363,-3.734375,-3.74453125,0,0,160,0,80,80,40,0.0,0.455859375,0.5407890625
0.523125,0.5,2.7364194385325056,0.0,1.28,0.0,noise,0.0,0.0,0.0,8,0.0,0.0,z_sd,0.03359375,3.127602349221706,-3.734375,-3.70078125,0,0,160,0,80,80,40,0.0,0.463984375,0.57375
0.513984375,0.5,2.7364194385325056,0.0,2.56,0.0,noise,0.0,0.0,0.0,8,0.0,0.0,z_sd,0.03359375,6.704203498363495,-3.734375,-3.70078125,0,0,160,0,80,80,40,0.0,0.44795703125,0.58546875
0.456953125,0.5,2.7364194385325056,0.0,5.12,0.0,noise,0.0,0.0,0.0,8,0.0,0.0,z_sd,-0.06171875,13.085799530148506,-3.734375,-3.79609375,0,0,160,0,80,80,40,0.0,0.391875,0.53078125
0.558671875,0.5,2.7364194385325056,0.0,10.24,0.0,noise,0.0,0.0,0.0,8,0.0,0.0,z_sd,0.146875,26.502666068077087,-3.734375,-3.5875,0,0,160,0,80,80,40,0.0,0.43640625,0.664765625
0.768984375,0.5,2.7364194385325056,0.0,20.48,0.0,noise,0.0,0.0,0.0,8,0.0,0.0,z_sd,0.61640625,50.43426041603088,-3.734375,-3.11796875,0,0,160,0,80,80,40,0.0,0.6981015625,0.859375
0.5026041666666666,0.5,2.866576577553538,0.0,0.25,0.0,random,0.0,0.0,0.0,8,0.0,0.0,alpha,-0.0046875,0.2502475082874298,-3.734375,-3.7390625,0,0,240,0,120,120,40,0.0,0.46603645833333335,0.52671875
0.4959895833333333,0.5,2.866576577553538,0.0,0.5,0.0,random,0.0,0.0,0.0,8,0.0,0.0,alpha,-0.010416666666666666,0.5001265006760757,-3.734375,-3.7447916666666665,0,0,240,0,120,120,40,0.0,0.46607812499999995,0.5266666666666666
0.4991145833333333,0.5,2.866576577553538,0.0,1.0,0.0,random,0.0,0.0,0.0,8,0.0,0.0,alpha,-0.0067708333333333336,1.0000078906615575,-3.734375,-3.7411458333333334,0,0,240,0,120,120,40,0.0,0.46509635416666667,0.5271041666666667
0.4753125,0.5,2.866576577553538,0.0,2.0,0.0,random,0.0,0.0,0.0,8,0.0,0.0,alpha,-0.0390625,1.9999192694822947,-3.734375,-3.7734375,0,0,240,0,120,120,40,0.0,0.42463541666666665,0.5225117187499999
0.438125,0.5,2.866576577553538,0.0,4.0,0.0,random,0.0,0.0,0.0,8,0.0,0.0,alpha,-0.084375,3.9998545249303183,-3.734375,-3.81875,0,0,240,0,120,120,40,0.0,0.3596875,0.5258177083333332
0.48713541666666665,0.5,2.866576577553538,0.0,8.0,0.0,random,0.0,0.0,0.0,8,0.0,0.0,alpha,0.0026041666666666665,7.999696091810862,-3.734375,-3.7317708333333335,0,0,240,0,120,120,40,0.0,0.3293229166666667,0.65277734375
0.32697916666666665,0.5,2.866576577553538,0.0,16.0,0.0,random,0.0,0.0,0.0,8,0.0,0.0,alpha,-0.2875,15.99946742852529,-3.734375,-4.021875,0,0,240,0,120,120,40,0.0,0.18811718749999998,0.4598046875
0.40078125,0.5,2.866576577553538,0.0,32.0,0.0,random,0.0,0.0,0.0,8,0.0,0.0,alpha,-0.165625,31.9988694190979,-3.734375,-3.9,0,0,240,0,120,120,40,0.0,0.1253125,0.7484921874999998
0.6374479166666667,0.5,2.866576577553538,0.0,64.0,0.0,random,0.0,0.0,0.0,8,0.0,0.0,alpha,0.815625,63.99775193532308,-3.734375,-2.91875,0,0,240,0,120,120,40,0.0,0.30149609375,1.0
0.7602604166666667,0.5,2.866576577553538,0.0,128.0,0.0,random,0.0,0.0,0.0,8,0.0,0.0,alpha,0.93828125,127.99540519714355,-3.734375,-2.79609375,0,0,240,0,120,120,40,0.0,0.30983203125,1.0
0.50734375,0.5,2.866576577553538,0.0,0.01,0.0,random,0.0,0.0,0.0,8,0.0,0.0,z_mad,0.0015625,0.00040645458648214117,-3.734375,-3.7328125,0,0,240,0,120,120,40,0.0,0.48384765625,0.52953125
0.4988020833333333,0.5,2.866576577553538,0.0,0.02,0.0,random,0.0,0.0,0.0,8,0.0,0.0,z_mad,-0.005729166666666666,0.0011340838119698069,-3.734375,-3.740104166666667,0,0,240,0,120,120,40,0.0,0.47453125,0.5203125
0.5027083333333333,0.5,2.866576577553538,0.0,0.04,0.0,random,0.0,0.0,0.0,8,0.0,0.0,z_mad,-0.004166666666666667,0.003098872678431993,-3.734375,-3.738541666666667,0,0,240,0,120,120,40,0.0,0.47708203125000004,0.5227630208333333
0.5080208333333334,0.5,2.866576577553538,0.0,0.08,0.0,random,0.0,0.0,0.0,8,0.0,0.0,z_mad,0.0010416666666666667,0.007736888302800556,-3.734375,-3.7333333333333334,0,0,240,0,120,120,40,0.0,0.48682291666666666,0.53153125
0.5014583333333333,0.5,2.866576577553538,0.0,0.16,0.0,random,0.0,0.0,0.0,8,0.0,0.0,z_mad,-0.004166666666666667,0.016830905930449565,-3.734375,-3.738541666666667,0,0,240,0,120,120,40,0.0,0.47806640625,0.5227708333333333
0.5047916666666666,0.5,2.866576577553538,0.0,0.32,0.0,random,0.0,0.0,0.0,8,0.0,0.0,z_mad,0.0,0.033485049319763975,-3.734375,-3.734375,0,0,240,0,120,120,40,0.0,0.4880729166666667,0.5213098958333334
0.5059375,0.5,2.866576577553538,0.0,0.64,0.0,random,0.0,0.0,0.0,8,0.0,0.0,z_mad,-0.0026041666666666665,0.06578711417193214,-3.734375,-3.7369791666666665,0,0,240,0,120,120,40,0.0,0.48281119791666666,0.5271406249999999
0.5075,0.5,2.866576577553538,0.0,1.28,0.0,random,0.0,0.0,0.0,8,0.0,0.0,z_mad,0.0010416666666666667,0.1307110534980893,-3.734375,-3.7333333333333334,0,0,240,0,120,120,40,0.0,0.47967317708333335,0.5312526041666666
0.5061979166666667,0.5,2.866576577553538,0.0,2.56,0.0,random,0.0,0.0,0.0,8,0.0,0.0,z_mad,0.0036458333333333334,0.26101229737202325,-3.734375,-3.730729166666667,0,0,240,0,120,120,40,0.0,0.47697656250000003,0.5362578125
0.5015104166666666,0.5,2.866576577553538,0.0,5.12,0.0,random,0.0,0.0,0.0,8,0.0,0.0,z_mad,-0.00625,0.5217862114310264,-3.734375,-3.740625,0,0,240,0,120,120,40,0.0,0.47802083333333334,0.5265729166666667
0.4884375,0.5,2.866576577553538,0.0,10.24,0.0,random,0.0,0.0,0.0,8,0.0,0.0,z_mad,-0.021875,1.0434202432632447,-3.734375,-3.75625,0,0,240,0,120,120,40,0.0,0.4503515625,0.520625
0.4744791666666667,0.5,2.866576577553538,0.0,20.48,0.0,random,0.0,0.0,0.0,8,0.0,0.0,z_mad,-0.03958333333333333,2.0866706778605777,-3.734375,-3.7739583333333333,0,0,240,0,120,120,40,0.0,0.4275481770833333,0.5236497395833334
0.51109375,0.5,2.866576577553538,0.0,0.01,0.0,random,0.0,0.0,0.0,8,0.0,0.0,z_sd,0.003125,0.006474094056951193,-3.734375,-3.73125,0,0,240,0,120,120,40,0.0,0.4887486979166667,0.5333033854166667
0.5090625,0.5,2.866576577553538,0.0,0.02,0.0,random,0.0,0.0,0.0,8,0.0,0.0,z_sd,0.004166666666666667,0.013896556369339426,-3.734375,-3.730208333333333,0,0,240,0,120,120,40,0.0,0.4841080729166667,0.5309492187499999
0.5113020833333334,0.5,2.866576577553538,0.0,0.04,0.0,random,0.0,0.0,0.0,8,0.0,0.0,z_sd,0.0067708333333333336,0.02797475039260462,-3.734375,-3.7276041666666666,0,0,240,0,120,120,40,0.0,0.48889192708333334,0.5419101562499999
0.5049479166666667,0.5,2.866576577553538,0.0,0.08,0.0,random,0.0,0.0,0.0,8,0.0,0.0,z_sd,0.0015625,0.05581512621914347,-3.734375,-3.7328125,0,0,240,0,120,120,40,0.0,0.48078125,0.5273020833333334
0.5067708333333333,0.5,2.866576577553538,0.0,0.16,0.0,random,0.0,0.0,0.0,8,0.0,0.0,z_sd,0.0015625,0.1112688343351086,-3.734375,-3.7328125,0,0,240,0,120,120,40,0.0,0.48280859374999996,0.53231640625
0.50078125,0.5,2.866576577553538,0.0,0.32,0.0,random,0.0,0.0,0.0,8,0.0,0.0,z_sd,-0.0067708333333333336,0.22190680618708333,-3.734375,-3.7411458333333334,0,0,240,0,120,120,40,0.0,0.4643046875,0.5321875
0.4986979166666667,0.5,2.866576577553538,0.0,0.64,0.0,random,0.0,0.0,0.0,8,0.0,0.0,z_sd,-0.0078125,0.4432881189510226,-3.734375,-3.7421875,0,0,240,0,120,120,40,0.0,0.4744127604166667,0.52171875
0.5016145833333333,0.5,2.866576577553538,0.0,1.28,0.0,random,0.0,0.0,0.0,8,0.0,0.0,z_sd,-0.0010416666666666667,0.8862163286656142,-3.734375,-3.7354166666666666,0,0,240,0,120,120,40,0.0,0.4727044270833333,0.5316809895833333
0.493125,0.5,2.866576577553538,0.0,2.56,0.0,random,0.0,0.0,0.0,8,0.0,0.0,z_sd,-0.010416666666666666,1.7721537306904793,-3.734375,-3.7447916666666665,0,0,240,0,120,120,40,0.0,0.45613932291666665,0.5275026041666666
0.5205208333333333,0.5,2.866576577553538,0.0,5.12,0.0,random,0.0,0.0,0.0,8,0.0,0.0,z_sd,0.0484375,3.5442210718989373,-3.734375,-3.6859375,0,0,240,0,120,120,40,0.0,0.441078125,0.63566796875
0.48578125,0.5,2.866576577553538,0.0,10.24,0.0,random,0.0,0.0,0.0,8,0.0,0.0,z_sd,0.0005208333333333333,7.0885302186012265,-3.734375,-3.7338541666666667,0,0,240,0,120,120,40,0.0,0.42640625,0.5600559895833334
0.31026041666666665,0.5,2.866576577553538,0.0,20.48,0.0,random,0.0,0.0,0.0,8,0.0,0.0,z_sd,-0.3125,14.177011787891388,-3.734375,-4.046875,0,0,240,0,120,120,40,0.0,0.22234375,0.3828671875
0.506046875,0.5,3.2275758330035513,0.0,0.25,0.0,concept,0.0,0.0,0.0,9,0.0,0.0,alpha,0.00140625,0.2502731878310442,-3.734375,-3.73296875,0,0,800,0,400,400,40,0.0,0.48760859375,0.521109765625
0.5068125,0.5,3.2275758330035513,0.0,0.5,0.0,concept,0.0,0.0,0.0,9,0.0,0.0,alpha,0.00015625,0.5001468774676323,-3.734375,-3.73421875,0,0,800,0,400,400,40,0.0,0.48481054687499997,0.528675390625
0.5039375,0.5,3.2275758330035513,0.0,1.0,0.0,concept,0.0,0.0,0.0,9,0.0,0.0,alpha,-0.00109375,1.0004766802489757,-3.734375,-3.73546875,0,0,800,0,400,400,40,0.0,0.47441289062499997,0.530089453125
0.499171875,0.5,3.2275758330035513,0.0,2.0,0.0,concept,0.0,0.0,0.0,9,0.0,0.0,alpha,-0.00515625,2.0004613786935805,-3.734375,-3.73953125,0,0,800,0,400,400,40,0.0,0.44328671875,0.55160078125
0.4771875,0.5,3.2275758330035513,0.0,4.0,0.0,concept,0.0,0.0,0.0,9,0.0,0.0,alpha,-0.03359375,4.00090394794941,-3.734375,-3.76796875,0,0,800,0,400,400,40,0.0,0.362786328125,0.58042265625
0.46634375,0.5,3.2275758330035513,0.0,8.0,0.0,concept,0.0,0.0,0.0,9,0.0,0.0,alpha,-0.0684375,8.001759278774262,-3.734375,-3.8028125,0,0,800,0,400,400,40,0.0,0.31441406250000004,0.630996484375
0.36378125,0.5,3.2275758330035513,0.0,16.0,0.0,concept,0.0,0.0,0.0,9,0.0,0.0,alpha,-0.23765625,16.003529453277586,-3.734375,-3.97203125,0,0,800,0,400,400,40,0.0,0.2106296875,0.5513796875
0.447078125,0.5,3.2275758330035513,0.0,32.0,0.0,concept,0.0,0.0,0.0,9,0.0,0.0,alpha,-0.01359375,32.00710889816284,-3.734375,-3.74796875,0,0,800,0,400,400,40,0.0,0.2661484375,0.63416875
0.564,0.5096875,2.6409203538860497,1.1733109582350028,64.0,0.0,concept,0.019375,0.0,0.1,9,0.0,0.045,alpha,0.25453125,64.01386529922485,-3.734375,-3.47984375,0,40,800,0,400,400,40,0.0,0.355446875,0.7692843749999999
0.55696875,0.525,2.4335032588492673,1.588145148308568,128.0,0.0,concept,0.05,0.0,0.1,9,0.0,0.1,alpha,0.4041015625,128.03343740463256,-3.734375,-3.3302734375,0,40,800,0,400,400,40,0.0,0.365862109375,0.7449640625
0.504578125,0.5,3.2275758330035513,0.0,0.01,0.0,concept,0.0,0.0,0.0,9,0.0,0.0,z_mad,-0.0003125,0.002020898235787172,-3.734375,-3.7346875,0,0,800,0,400,400,40,0.0,0.484683203125,0.52048515625
0.505,0.5,3.2275758330035513,0.0,0.02,0.0,concept,0.0,0.0,0.0,9,0.0,0.0,z_mad,0.00015625,0.004905312927439809,-3.734375,-3.73421875,0,0,800,0,400,400,40,0.0,0.484326171875,0.5197890625
0.506640625,0.5,3.2275758330035513,0.0,0.04,0.0,concept,0.0,0.0,0.0,9,0.0,0.0,z_mad,0.00015625,0.011287444420158863,-3.734375,-3.73421875,0,0,800,0,400,400,40,0.0,0.49066992187499997,0.522705859375
0.508,0.5,3.2275758330035513,0.0,0.08,0.0,concept,0.0,0.0,0.0,9,0.0,0.0,z_mad,0.00390625,0.024015618325211107,-3.734375,-3.73046875,0,0,800,0,400,400,40,0.0,0.487999609375,0.526328125
0.5053125,0.5,3.2275758330035513,0.0,0.16,0.0,concept,0.0,0.0,0.0,9,0.0,0.0,z_mad,-0.000625,0.04763857556506992,-3.734375,-3.735,0,0,800,0,400,400,40,0.0,0.480875,0.524831640625
0.505578125,0.5,3.2275758330035513,0.0,0.32,0.0,concept,0.0,0.0,0.0,9,0.0,0.0,z_mad,0.00046875,0.09401929216459394,-3.734375,-3.73390625,0,0,800,0,400,400,40,0.0,0.48489882812499996,0.5223144531249999
0.503953125,0.5,3.2275758330035513,0.0,0.64,0.0,concept,0.0,0.0,0.0,9,0.0,0.0,z_mad,-0.00140625,0.18710277382284402,-3.734375,-3.73578125,0,0,800,0,400,400,40,0.0,0.485374609375,0.521988671875
0.503578125,0.5,3.2275758330035513,0.0,1.28,0.0,concept,0.0,0.0,0.0,9,0.0,0.0,z_mad,-0.00484375,0.3738195461779833,-3.734375,-3.73921875,0,0,800,0,400,400,40,0.0,0.480296484375,0.523984765625
0.503515625,0.5,3.2275758330035513,0.0,2.56,0.0,concept,0.0,0.0,0.0,9,0.0,0.0,z_mad,-0.00265625,0.7475459790229797,-3.734375,-3.73703125,0,0,800,0,400,400,40,0.0,0.47371171875,0.528266015625
0.49996875,0.5,3.2275758330035513,0.0,5.12,0.0,concept,0.0,0.0,0.0,9,0.0,0.0,z_mad,-0.0059375,1.4949216574430466,-3.734375,-3.7403125,0,0,800,0,400,400,40,0.0,0.451671484375,0.544271484375
0.483171875,0.5,3.2275758330035513,0.0,10.24,0.0,concept,0.0,0.0,0.0,9,0.0,0.0,z_mad,-0.02703125,2.9895274329185484,-3.734375,-3.76140625,0,0,800,0,400,400,40,0.0,0.39693515625,0.5682070312499999
0.487171875,0.5,3.2275758330035513,0.0,20.48,0.0,concept,0.0,0.0,0.0,9,0.0,0.0,z_mad,-0.02703125,5.979053175449371,-3.734375,-3.76140625,0,0,800,0,400,400,40,0.0,0.33940703125,0.6254121093749999
0.508640625,0.5,3.2275758330035513,0.0,0.01,0.0,concept,0.0,0.0,0.0,9,0.0,0.0,z_sd,0.006875,0.9327605925500393,-3.734375,-3.7275,0,0,800,0,400,400,40,0.0,0.4753578125,0.53736015625
0.515890625,0.5,3.2275758330035513,0.0,0.02,0.0,concept,0.0,0.0,0.0,9,0.0,0.0,z_sd,0.0240625,1.865290625691414,-3.734375,-3.7103125,0,0,800,0,400,400,40,0.0,0.4564171875,0.5750429687499999
0.501578125,0.5,3.2275758330035513,0.0,0.04,0.0,concept,0.0,0.0,0.0,9,0.0,0.0,z_sd,0.00921875,3.730415081381798,-3.734375,-3.72515625,0,0,800,0,400,400,40,0.0,0.409359765625,0.60203671875
0.438703125,0.5,3.2275758330035513,0.0,0.08,0.0,concept,0.0,0.0,0.0,9,0.0,0.0,z_sd,-0.0978125,7.460674650073051,-3.734375,-3.8321875,0,0,800,0,400,400,40,0.0,0.315771875,0.5688851562499999
0.420609375,0.5,3.2275758330035513,0.0,0.16,0.0,concept,0.0,0.0,0.0,9,0.0,0.0,z_sd,-0.041484375,14.921509437561035,-3.734375,-3.775859375,0,0,800,0,400,400,40,0.0,0.2600171875,0.585571875
0.369796875,0.5,3.2275758330035513,0.0,0.32,0.0,concept,0.0,0.0,0.085,9,0.0,0.0,z_sd,-0.1267578125,29.84279681921005,-3.734375,-3.8611328125,0,34,800,0,400,400,40,0.0,0.2033703125,0.567498828125
0.481734375,0.525,2.4335032588492673,1.588145148308568,0.64,0.0,concept,0.05,0.0,0.1,9,0.0,0.1,z_sd,0.1308984375,59.68708201408386,-3.734375,-3.6034765625,0,40,800,0,400,400,40,0.0,0.3073328125,0.66725859375
0.54475,0.525,2.4335032588492673,1.588145148308568,1.28,0.0,concept,0.05,0.0,0.1,9,0.0,0.1,z_sd,0.31546875,119.37096531867981,-3.734375,-3.41890625,0,40,800,0,400,400,40,0.0,0.341166796875,0.7391117187499999
0.53440625,0.525,2.4335032588492673,1.588145148308568,2.56,0.0,concept,0.05,0.0,0.04,9,0.0,0.1,z_sd,0.3846875,238.74087562561036,-3.734375,-3.3496875,0,16,800,0,400,400,40,0.0,0.32948515625,0.7410304687499999
0.509890625,0.525,2.4335032588492673,1.588145148308568,5.12,0.0,concept,0.05,0.0,0.07,9,0.0,0.1,z_sd,0.303203125,477.48605278015134,-3.734375,-3.431171875,0,28,800,0,400,400,40,0.0,0.316385546875,0.7110996093749998
0.497546875,0.525,2.4335032588492673,1.588145148308568,10.24,0.0,concept,0.05,0.0,0.095,9,0.0,0.1,z_sd,0.263046875,954.9780204772949,-3.734375,-3.471328125,0,38,800,0,400,400,40,0.0,0.305293359375,0.7005378906249999
0.488359375,0.525,2.4335032588492673,1.588145148308568,20.48,0.0,concept,0.05,0.0,0.0975,9,0.0,0.1,z_sd,0.24140625,1909.9347161865235,-3.734375,-3.49296875,0,39,800,0,400,400,40,0.0,0.270376953125,0.6862941406249999
0.50625,0.5,2.7364194385325056,0.0,0.25,0.0,dropout,0.0,0.0,0.0,9,0.0,0.0,alpha,0.00078125,0.19946619002148508,-3.734375,-3.73359375,0,0,160,0,80,80,40,0.0,0.488875,0.52296875
0.5071875,0.5,2.7364194385325056,0.0,0.5,0.0,dropout,0.0,0.0,0.0,9,0.0,0.0,alpha,0.00390625,0.4525806654244661,-3.734375,-3.73046875,0,0,160,0,80,80,40,0.0,0.48671484374999996,0.525640625
0.502890625,0.5,2.7364194385325056,0.0,1.0,0.0,dropout,0.0,0.0,0.0,9,0.0,0.0,alpha,-0.0046875,0.9563692837953568,-3.734375,-3.7390625,0,0,160,0,80,80,40,0.0,0.4696875,0.521361328125
0.518125,0.5,2.7364194385325056,0.0,2.0,0.0,dropout,0.0,0.0,0.0,9,0.0,0.0,alpha,0.025,1.9818450018763543,-3.734375,-3.709375,0,0,160,0,80,80,40,0.0,0.48183984375,0.56421875
0.54484375,0.5,2.7364194385325056,0.0,4.0,0.0,dropout,0.0,0.0,0.0,9,0.0,0.0,alpha,0.0765625,3.978324627876282,-3.734375,-3.6578125,0,0,160,0,80,80,40,0.0,0.48794140625,0.61328125
0.513828125,0.5,2.7364194385325056,0.0,8.0,0.0,dropout,0.0,0.0,0.0,9,0.0,0.0,alpha,0.04453125,7.993713009357452,-3.734375,-3.68984375,0,0,160,0,80,80,40,0.0,0.4103125,0.61640625
0.3940625,0.5,2.7364194385325056,0.0,16.0,0.0,dropout,0.0,0.0,0.0,9,0.0,0.0,alpha,-0.1671875,15.902628815174102,-3.734375,-3.9015625,0,0,160,0,80,80,40,0.0,0.29542773437500003,0.5119531249999999
0.518828125,0.5,2.7364194385325056,0.0,32.0,0.0,dropout,0.0,0.0,0.0,9,0.0,0.0,alpha,0.0625,31.07906937599182,-3.734375,-3.671875,0,0,160,0,80,80,40,0.0,0.43921484375,0.63359375
0.789921875,0.5,2.7364194385325056,0.0,64.0,0.0,dropout,0.0,0.0,0.0,9,0.0,0.0,alpha,0.689453125,60.303513813018796,-3.734375,-3.044921875,0,0,160,0,80,80,40,0.0,0.678296875,0.865005859375
0.817734375,0.50625,2.4463875718621657,0.5800637333406797,128.0,0.0,dropout,0.0125,0.0,0.0125,9,0.0,0.025,alpha,0.91484375,109.39832677841187,-3.734375,-2.81953125,0,1,160,0,80,80,40,0.0,0.76265625,0.8612656249999999
0.5,0.5,2.7364194385325056,0.0,0.01,0.0,dropout,0.0,0.0,0.0,9,0.0,0.0,z_mad,0.0,0.0,-3.734375,-3.734375,0,0,160,0,80,80,40,0.0,0.5,0.5
0.50015625,0.5,2.7364194385325056,0.0,0.02,0.0,dropout,0.0,0.0,0.0,9,0.0,0.0,z_mad,-0.00078125,0.00021798270754516124,-3.734375,-3.73515625,0,0,160,0,80,80,40,0.0,0.49937109375,0.50078125
0.5,0.5,2.7364194385325056,0.0,0.04,0.0,dropout,0.0,0.0,0.0,9,0.0,0.0,z_mad,0.0,0.0,-3.734375,-3.734375,0,0,160,0,80,80,40,0.0,0.5,0.5
0.50046875,0.5,2.7364194385325056,0.0,0.08,0.0,dropout,0.0,0.0,0.0,9,0.0,0.0,z_mad,0.0,0.00030168808298185467,-3.734375,-3.734375,0,0,160,0,80,80,40,0.0,0.5,0.501875
0.501875,0.5,2.7364194385325056,0.0,0.16,0.0,dropout,0.0,0.0,0.0,9,0.0,0.0,z_mad,0.0,0.0014601753144233953,-3.734375,-3.734375,0,0,160,0,80,80,40,0.0,0.4984375,0.50515625
0.50046875,0.5,2.7364194385325056,0.0,0.32,0.0,dropout,0.0,0.0,0.0,9,0.0,0.0,z_mad,0.0,0.007650826631834207,-3.734375,-3.734375,0,0,160,0,80,80,40,0.0,0.48828125,0.510625
0.50734375,0.5,2.7364194385325056,0.0,0.64,0.0,dropout,0.0,0.0,0.0,9,0.0,0.0,z_mad,0.00625,0.02869548201147154,-3.734375,-3.728125,0,0,160,0,80,80,40,0.0,0.479296875,0.5264121093749999
0.50328125,0.5,2.7364194385325056,0.0,1.28,0.0,dropout,0.0,0.0,0.0,9,0.0,0.0,z_mad,-0.00625,0.08984958161599935,-3.734375,-3.740625,0,0,160,0,80,80,40,0.0,0.4823203125,0.5198476562500001
0.508515625,0.5,2.7364194385325056,0.0,2.56,0.0,dropout,0.0,0.0,0.0,9,0.0,0.0,z_mad,0.0046875,0.24228948317468166,-3.734375,-3.7296875,0,0,160,0,80,80,40,0.0,0.4865625,0.531171875
0.505390625,0.5,2.7364194385325056,0.0,5.12,0.0,dropout,0.0,0.0,0.0,9,0.0,0.0,z_mad,0.00625,0.5274072308093309,-3.734375,-3.728125,0,0,160,0,80,80,40,0.0,0.475435546875,0.5368027343749999
0.503984375,0.5,2.7364194385325056,0.0,10.24,0.0,dropout,0.0,0.0,0.0,9,0.0,0.0,z_mad,-0.0015625,1.0816155202686786,-3.734375,-3.7359375,0,0,160,0,80,80,40,0.0,0.47859375,0.5264140625
0.523046875,0.5,2.7364194385325056,0.0,20.48,0.0,dropout,0.0,0.0,0.0,9,0.0,0.0,z_mad,0.0328125,2.2748137950897216,-3.734375,-3.7015625,0,0,160,0,80,80,40,0.0,0.48453125,0.574490234375
0.504453125,0.5,2.7364194385325056,0.0,0.01,0.0,dropout,0.0,0.0,0.0,9,0.0,0.0,z_sd,0.00078125,0.005651793794095283,-3.734375,-3.73359375,0,0,160,0,80,80,40,0.0,0.49765625,0.51171875
0.502578125,0.5,2.7364194385325056,0.0,0.02,0.0,dropout,0.0,0.0,0.0,9,0.0,0.0,z_sd,0.0,0.0135614487764542,-3.734375,-3.734375,0,0,160,0,80,80,40,0.0,0.482341796875,0.5228125
0.506015625,0.5,2.7364194385325056,0.0,0.04,0.0,dropout,0.0,0.0,0.0,9,0.0,0.0,z_sd,0.003125,0.0500768028316088,-3.734375,-3.73125,0,0,160,0,80,80,40,0.0,0.48779296875,0.52421875
0.505625,0.5,2.7364194385325056,0.0,0.08,0.0,dropout,0.0,0.0,0.0,9,0.0,0.0,z_sd,0.0,0.16513721691444516,-3.734375,-3.734375,0,0,160,0,80,80,40,0.0,0.4875,0.521328125
0.51015625,0.5,2.7364194385325056,0.0,0.16,0.0,dropout,0.0,0.0,0.0,9,0.0,0.0,z_sd,0.0078125,0.36540142372250556,-3.734375,-3.7265625,0,0,160,0,80,80,40,0.0,0.48600976562500003,0.53110546875
0.51546875,0.5,2.7364194385325056,0.0,0.32,0.0,dropout,0.0,0.0,0.0,9,0.0,0.0,z_sd,0.0125,0.757700688391924,-3.734375,-3.721875,0,0,160,0,80,80,40,0.0,0.4896875,0.536875
0.517421875,0.5,2.7364194385325056,0.0,0.64,0.0,dropout,0.0,0.0,0.0,9,0.0,0.0,z_sd,0.0234375,1.5552081361413002,-3.734375,-3.7109375,0,0,160,0,80,80,40,0.0,0.47921093750000004,0.547970703125
0.547109375,0.5,2.7364194385325056,0.0,1.28,0.0,dropout,0.0,0.0,0.0,9,0.0,0.0,z_sd,0.075,3.204751616716385,-3.734375,-3.659375,0,0,160,0,80,80,40,0.0,0.48875,0.594775390625
0.535234375,0.5,2.7364194385325056,0.0,2.56,0.0,dropout,0.0,0.0,0.0,9,0.0,0.0,z_sd,0.08046875,6.442842465639115,-3.734375,-3.65390625,0,0,160,0,80,80,40,0.0,0.44484375,0.626640625
0.44875,0.5,2.7364194385325056,0.0,5.12,0.0,dropout,0.0,0.0,0.0,9,0.0,0.0,z_sd,-0.0890625,12.835659146308899,-3.734375,-3.8234375,0,0,160,0,80,80,40,0.0,0.38529492187500003,0.515078125
0.451796875,0.5,2.7364194385325056,0.0,10.24,0.0,dropout,0.0,0.0,0.0,9,0.0,0.0,z_sd,-0.06015625,25.12678725719452,-3.734375,-3.79453125,0,0,160,0,80,80,40,0.0,0.3846875,0.5225
0.70203125,0.5,2.7364194385325056,0.0,20.48,0.0,dropout,0.0,0.0,0.0,9,0.0,0.0,z_sd,0.490234375,50.006018447875974,-3.734375,-3.244140625,0,0,160,0,80,80,40,0.0,0.6171875,0.8082460937499999
0.50609375,0.5,2.7364194385325056,0.0,0.25,0.0,noise,0.0,0.0,0.0,9,0.0,0.0,alpha,0.00234375,0.25022892337292435,-3.734375,-3.73203125,0,0,160,0,80,80,40,0.0,0.48732421875000004,0.52734375
0.5009375,0.5,2.7364194385325056,0.0,0.5,0.0,noise,0.0,0.0,0.0,9,0.0,0.0,alpha,-0.009375,0.5001470863819122,-3.734375,-3.74375,0,0,160,0,80,80,40,0.0,0.47828125,0.5176835937500001
0.513671875,0.5,2.7364194385325056,0.0,1.0,0.0,noise,0.0,0.0,0.0,9,0.0,0.0,alpha,0.01640625,1.000058425962925,-3.734375,-3.71796875,0,0,160,0,80,80,40,0.0,0.488044921875,0.5436054687499999
0.511484375,0.5,2.7364194385325056,0.0,2.0,0.0,noise,0.0,0.0,0.0,9,0.0,0.0,alpha,0.01640625,2.0000280916690825,-3.734375,-3.71796875,0,0,160,0,80,80,40,0.0,0.476875,0.545625
0.54125,0.5,2.7364194385325056,0.0,4.0,0.0,noise,0.0,0.0,0.0,9,0.0,0.0,alpha,0.075,4.000026458501816,-3.734375,-3.659375,0,0,160,0,80,80,40,0.0,0.5032695312500001,0.574609375
0.54234375,0.5,2.7364194385325056,0.0,8.0,0.0,noise,0.0,0.0,0.0,9,0.0,0.0,alpha,0.090625,7.999994212388993,-3.734375,-3.64375,0,0,160,0,80,80,40,0.0,0.449521484375,0.64703125
0.422734375,0.5,2.7364194385325056,0.0,16.0,0.0,noise,0.0,0.0,0.0,9,0.0,0.0,alpha,-0.1109375,15.999923002719878,-3.734375,-3.8453125,0,0,160,0,80,80,40,0.0,0.33739843750000004,0.51234375
0.4421875,0.5,2.7364194385325056,0.0,32.0,0.0,noise,0.0,0.0,0.0,9,0.0,0.0,alpha,-0.0984375,32.00001332759857,-3.734375,-3.8328125,0,0,160,0,80,80,40,0.0,0.3365390625,0.5359375
0.784453125,0.5,2.7364194385325056,0.0,64.0,0.0,noise,0.0,0.0,0.0,9,0.0,0.0,alpha,0.63984375,64.00009450912475,-3.734375,-3.09453125,0,0,160,0,80,80,40,0.0,0.6878125,0.8775
0.832578125,0.5,2.7364194385325056,0.0,128.0,0.0,noise,0.0,0.0,0.0,9,0.0,0.0,alpha,0.83125,128.0002882003784,-3.734375,-2.903125,0,0,160,0,80,80,40,0.0,0.7405078125,0.904466796875
0.508359375,0.5,2.7364194385325056,0.0,0.01,0.0,noise,0.0,0.0,0.0,9,0.0,0.0,z_mad,0.00390625,0.00046287789700727444,-3.734375,-3.73046875,0,0,160,0,80,80,40,0.0,0.4796875,0.52640625
0.5078125,0.5,2.7364194385325056,0.0,0.02,0.0,noise,0.0,0.0,0.0,9,0.0,0.0,z_mad,0.003125,0.001330262902774848,-3.734375,-3.73125,0,0,160,0,80,80,40,0.0,0.48140625,0.53094140625
0.501953125,0.5,2.7364194385325056,0.0,0.04,0.0,noise,0.0,0.0,0.0,9,0.0,0.0,z_mad,-0.00546875,0.00355665568204131,-3.734375,-3.73984375,0,0,160,0,80,80,40,0.0,0.4840625,0.51783984375
0.5065625,0.5,2.7364194385325056,0.0,0.08,0.0,noise,0.0,0.0,0.0,9,0.0,0.0,z_mad,-0.00078125,0.00894211013801396,-3.734375,-3.73515625,0,0,160,0,80,80,40,0.0,0.4853125,0.5262128906249999
0.50921875,0.5,2.7364194385325056,0.0,0.16,0.0,noise,0.0,0.0,0.0,9,0.0,0.0,z_mad,0.0,0.019177075196057557,-3.734375,-3.734375,0,0,160,0,80,80,40,0.0,0.484828125,0.53046875
0.50828125,0.5,2.7364194385325056,0.0,0.32,0.0,noise,0.0,0.0,0.0,9,0.0,0.0,z_mad,0.0,0.03820953899994493,-3.734375,-3.734375,0,0,160,0,80,80,40,0.0,0.487734375,0.52078515625
0.502578125,0.5,2.7364194385325056,0.0,0.64,0.0,noise,0.0,0.0,0.0,9,0.0,0.0,z_mad,-0.00546875,0.07396793719381094,-3.734375,-3.73984375,0,0,160,0,80,80,40,0.0,0.48765234375,0.5134375
0.50703125,0.5,2.7364194385325056,0.0,1.28,0.0,noise,0.0,0.0,0.0,9,0.0,0.0,z_mad,0.0078125,0.14917092509567736,-3.734375,-3.7265625,0,0,160,0,80,80,40,0.0,0.4910703125,0.527578125
0.511484375,0.5,2.7364194385325056,0.0,2.56,0.0,noise,0.0,0.0,0.0,9,0.0,0.0,z_mad,0.00703125,0.29729165099561217,-3.734375,-3.72734375,0,0,160,0,80,80,40,0.0,0.4925,0.5340625
0.50859375,0.5,2.7364194385325056,0.0,5.12,0.0,noise,0.0,0.0,0.0,9,0.0,0.0,z_mad,0.0078125,0.5943758025765419,-3.734375,-3.7265625,0,0,160,0,80,80,40,0.0,0.485625,0.53390625
0.507109375,0.5,2.7364194385325056,0.0,10.24,0.0,noise,0.0,0.0,0.0,9,0.0,0.0,z_mad,0.00234375,1.1881366863846778,-3.734375,-3.73203125,0,0,160,0,80,80,40,0.0,0.48484375,0.52984375
0.531953125,0.5,2.7364194385325056,0.0,20.48,0.0,noise,0.0,0.0,0.0,9,0.0,0.0,z_mad,0.04609375,2.3682855322957037,-3.734375,-3.68828125,0,0,160,0,80,80,40,0.0,0.4971875,0.57105859375
0.50171875,0.5,2.7364194385325056,0.0,0.01,0.0,noise,0.0,0.0,0.0,9,0.0,0.0,z_sd,-0.003125,0.025016941380454228,-3.734375,-3.7375,0,0,160,0,80,80,40,0.0,0.4796875,0.5246875
0.5009375,0.5,2.7364194385325056,0.0,0.02,0.0,noise,0.0,0.0,0.0,9,0.0,0.0,z_sd,-0.00546875,0.04974944577552378,-3.734375,-3.73984375,0,0,160,0,80,80,40,0.0,0.48734375,0.511640625
0.50734375,0.5,2.7364194385325056,0.0,0.04,0.0,noise,0.0,0.0,0.0,9,0.0,0.0,z_sd,0.00234375,0.10144643411040306,-3.734375,-3.73203125,0,0,160,0,80,80,40,0.0,0.48015625,0.53125
0.502421875,0.5,2.7364194385325056,0.0,0.08,0.0,noise,0.0,0.0,0.0,9,0.0,0.0,z_sd,-0.003125,0.1976427341811359,-3.734375,-3.7375,0,0,160,0,80,80,40,0.0,0.473501953125,0.523828125
0.511640625,0.5,2.7364194385325056,0.0,0.16,0.0,noise,0.0,0.0,0.0,9,0.0,0.0,z_sd,0.00625,0.4102109380066395,-3.734375,-3.728125,0,0,160,0,80,80,40,0.0,0.485625,0.533828125
0.51078125,0.5,2.7364194385325056,0.0,0.32,0.0,noise,0.0,0.0,0.0,9,0.0,0.0,z_sd,0.00859375,0.7878061244264245,-3.734375,-3.72578125,0,0,160,0,80,80,40,0.0,0.4909375,0.534609375
0.508515625,0.5,2.7364194385325056,0.0,0.64,0.0,noise,0.0,0.0,0.0,9,0.0,0.0,z_sd,0.0046875,1.5006122045218944,-3.734375,-3.7296875,0,0,160,0,80,80,40,0.0,0.47921093750000004,0.55046875
0.52984375,0.5,2.7364194385325056,0.0,1.28,0.0,noise,0.0,0.0,0.0,9,0.0,0.0,z_sd,0.05,3.453051593899727,-3.734375,-3.684375,0,0,160,0,80,80,40,0.0,0.49953125,0.55234375
0.5253125,0.5,2.7364194385325056,0.0,2.56,0.0,noise,0.0,0.0,0.0,9,0.0,0.0,z_sd,0.05234375,6.711609894037247,-3.734375,-3.68203125,0,0,160,0,80,80,40,0.0,0.46925585937500003,0.56984375
0.45671875,0.5,2.7364194385325056,0.0,5.12,0.0,noise,0.0,0.0,0.0,9,0.0,0.0,z_sd,-0.053125,13.20102807879448,-3.734375,-3.7875,0,0,160,0,80,80,40,0.0,0.384205078125,0.5498593749999999
0.541640625,0.5,2.7364194385325056,0.0,10.24,0.0,noise,0.0,0.0,0.0,9,0.0,0.0,z_sd,0.1015625,25.28814301490784,-3.734375,-3.6328125,0,0,160,0,80,80,40,0.0,0.47296875,0.6118046874999999
0.734140625,0.5,2.7364194385325056,0.0,20.48,0.0,noise,0.0,0.0,0.0,9,0.0,0.0,z_sd,0.521875,51.04659600257874,-3.734375,-3.2125,0,0,160,0,80,80,40,0.0,0.6513749999999999,0.81265625
0.5066145833333333,0.5,2.866576577553538,0.0,0.25,0.0,random,0.0,0.0,0.0,9,0.0,0.0,alpha,0.0005208333333333333,0.25023781483372054,-3.734375,-3.7338541666666667,0,0,240,0,120,120,40,0.0,0.48713541666666665,0.5223984374999999
0.49953125,0.5,2.866576577553538,0.0,0.5,0.0,random,0.0,0.0,0.0,9,0.0,0.0,alpha,-0.009375,0.5000890259941418,-3.734375,-3.74375,0,0,240,0,120,120,40,0.0,0.47176953125,0.5218932291666666
0.4911979166666667,0.5,2.866576577553538,0.0,1.0,0.0,random,0.0,0.0,0.0,9,0.0,0.0,alpha,-0.017708333333333333,1.0000759467482567,-3.734375,-3.752083333333333,0,0,240,0,120,120,40,0.0,0.45635416666666667,0.5144270833333333
0.4921875,0.5,2.866576577553538,0.0,2.0,0.0,random,0.0,0.0,0.0,9,0.0,0.0,alpha,-0.017708333333333333,2.0000980148712793,-3.734375,-3.752083333333333,0,0,240,0,120,120,40,0.0,0.44201953125,0.52734375
0.49677083333333333,0.5,2.866576577553538,0.0,4.0,0.0,random,0.0,0.0,0.0,9,0.0,0.0,alpha,0.0067708333333333336,4.000068906943003,-3.734375,-3.7276041666666666,0,0,240,0,120,120,40,0.0,0.41717578125,0.5770377604166667
0.5418229166666667,0.5,2.866576577553538,0.0,8.0,0.0,random,0.0,0.0,0.0,9,0.0,0.0,alpha,0.096875,8.00005909204483,-3.734375,-3.6375,0,0,240,0,120,120,40,0.0,0.4013802083333334,0.71859375
0.53578125,0.5,2.866576577553538,0.0,16.0,0.0,random,0.0,0.0,0.0,9,0.0,0.0,alpha,0.078125,16.000142868359884,-3.734375,-3.65625,0,0,240,0,120,120,40,0.0,0.4027604166666667,0.6582539062499999
0.9091145833333333,0.5,2.866576577553538,0.0,32.0,0.0,random,0.0,0.0,0.0,9,0.0,0.0,alpha,0.8770833333333333,32.000322596232095,-3.734375,-2.857291666666667,0,0,240,0,120,120,40,0.0,0.7936458333333334,0.99125390625
0.9852604166666666,0.5,2.866576577553538,0.0,64.0,0.0,random,0.0,0.0,0.0,9,0.0,0.0,alpha,1.63515625,64.00064767201742,-3.734375,-2.09921875,0,0,240,0,120,120,40,0.0,0.9590338541666668,1.0
0.9636458333333333,0.5,2.866576577553538,0.0,128.0,0.0,random,0.0,0.0,0.0,9,0.0,0.0,alpha,1.8244791666666667,128.00080890655516,-3.734375,-1.9098958333333333,0,0,240,0,120,120,40,0.0,0.89125,1.0
0.5022916666666667,0.5,2.866576577553538,0.0,0.01,0.0,random,0.0,0.0,0.0,9,0.0,0.0,z_mad,-0.005729166666666666,0.00047534446542461714,-3.734375,-3.740104166666667,0,0,240,0,120,120,40,0.0,0.48046875,0.5232317708333333
0.5044791666666667,0.5,2.866576577553538,0.0,0.02,0.0,random,0.0,0.0,0.0,9,0.0,0.0,z_mad,-0.003125,0.001333427004283294,-3.734375,-3.7375,0,0,240,0,120,120,40,0.0,0.48401041666666667,0.5197916666666667
0.5090104166666667,0.5,2.866576577553538,0.0,0.04,0.0,random,0.0,0.0,0.0,9,0.0,0.0,z_mad,0.0046875,0.0036535631651834896,-3.734375,-3.7296875,0,0,240,0,120,120,40,0.0,0.48130208333333335,0.5307877604166666
0.5034895833333334,0.5,2.866576577553538,0.0,0.08,0.0,random,0.0,0.0,0.0,9,0.0,0.0,z_mad,-0.0067708333333333336,0.009203898448807498,-3.734375,-3.7411458333333334,0,0,240,0,120,120,40,0.0,0.47749479166666664,0.5249557291666667
0.5103645833333333,0.5,2.866576577553538,0.0,0.16,0.0,random,0.0,0.0,0.0,9,0.0,0.0,z_mad,0.0067708333333333336,0.019745023160551985,-3.734375,-3.7276041666666666,0,0,240,0,120,120,40,0.0,0.48734375,0.53
0.49734375,0.5,2.866576577553538,0.0,0.32,0.0,random,0.0,0.0,0.0,9,0.0,0.0,z_mad,-0.015625,0.03898800717045863,-3.734375,-3.75,0,0,240,0,120,120,40,0.0,0.4763541666666667,0.5133854166666667
0.5106770833333333,0.5,2.866576577553538,0.0,0.64,0.0,random,0.0,0.0,0.0,9,0.0,0.0,z_mad,0.0067708333333333336,0.07664345825711887,-3.734375,-3.7276041666666666,0,0,240,0,120,120,40,0.0,0.4867122395833333,0.5303697916666666
0.506875,0.5,2.866576577553538,0.0,1.28,0.0,random,0.0,0.0,0.0,9,0.0,0.0,z_mad,0.0015625,0.15246528399487336,-3.734375,-3.7328125,0,0,240,0,120,120,40,0.0,0.4829583333333333,0.5255208333333333
0.4995833333333333,0.5,2.866576577553538,0.0,2.56,0.0,random,0.0,0.0,0.0,9,0.0,0.0,z_mad,-0.009375,0.3044209601978461,-3.734375,-3.74375,0,0,240,0,120,120,40,0.0,0.47619401041666665,0.5166145833333333
0.5075,0.5,2.866576577553538,0.0,5.12,0.0,random,0.0,0.0,0.0,9,0.0,0.0,z_mad,0.0015625,0.6086324200034141,-3.734375,-3.7328125,0,0,240,0,120,120,40,0.0,0.4803528645833333,0.5283372395833333
0.4938020833333333,0.5,2.866576577553538,0.0,10.24,0.0,random,0.0,0.0,0.0,9,0.0,0.0,z_mad,-0.015625,1.2171965499718984,-3.734375,-3.75,0,0,240,0,120,120,40,0.0,0.46499609375,0.51734375
0.4971875,0.5,2.866576577553538,0.0,20.48,0.0,random,0.0,0.0,0.0,9,0.0,0.0,z_mad,-0.007291666666666667,2.4341940601666767,-3.734375,-3.7416666666666667,0,0,240,0,120,120,40,0.0,0.44982421875,0.5373151041666666
0.50921875,0.5,2.866576577553538,0.0,0.01,0.0,random,0.0,0.0,0.0,9,0.0,0.0,z_sd,0.0036458333333333334,0.02848464621541401,-3.734375,-3.730729166666667,0,0,240,0,120,120,40,0.0,0.48389453125,0.5291158854166668
0.50546875,0.5,2.866576577553538,0.0,0.02,0.0,random,0.0,0.0,0.0,9,0.0,0.0,z_sd,0.0010416666666666667,0.056044716481119396,-3.734375,-3.7333333333333334,0,0,240,0,120,120,40,0.0,0.48728515625,0.5206809895833333
0.5022916666666667,0.5,2.866576577553538,0.0,0.04,0.0,random,0.0,0.0,0.0,9,0.0,0.0,z_sd,-0.0046875,0.11113934510697922,-3.734375,-3.7390625,0,0,240,0,120,120,40,0.0,0.4824427083333333,0.5264765625
0.5051041666666667,0.5,2.866576577553538,0.0,0.08,0.0,random,0.0,0.0,0.0,9,0.0,0.0,z_sd,-0.0010416666666666667,0.22159016902248066,-3.734375,-3.7354166666666666,0,0,240,0,120,120,40,0.0,0.4795677083333333,0.5234921874999999
0.5021875,0.5,2.866576577553538,0.0,0.16,0.0,random,0.0,0.0,0.0,9,0.0,0.0,z_sd,-0.0015625,0.4427025097111861,-3.734375,-3.7359375,0,0,240,0,120,120,40,0.0,0.4750520833333333,0.52421875
0.4991145833333333,0.5,2.866576577553538,0.0,0.32,0.0,random,0.0,0.0,0.0,9,0.0,0.0,z_sd,-0.008333333333333333,0.8851601074139277,-3.734375,-3.7427083333333333,0,0,240,0,120,120,40,0.0,0.47785416666666664,0.5154166666666666
0.4959375,0.5,2.866576577553538,0.0,0.64,0.0,random,0.0,0.0,0.0,9,0.0,0.0,z_sd,-0.011458333333333333,1.7702893714110057,-3.734375,-3.745833333333333,0,0,240,0,120,120,40,0.0,0.465625,0.5266705729166666
0.4917708333333333,0.5,2.866576577553538,0.0,1.28,0.0,random,0.0,0.0,0.0,9,0.0,0.0,z_sd,-0.005208333333333333,3.540488654375076,-3.734375,-3.7395833333333335,0,0,240,0,120,120,40,0.0,0.4259231770833334,0.55671875
0.5325,0.5,2.866576577553538,0.0,2.56,0.0,random,0.0,0.0,0.0,9,0.0,0.0,z_sd,0.07552083333333333,7.08093759616216,-3.734375,-3.6588541666666665,0,0,240,0,120,120,40,0.0,0.3974986979166667,0.6725208333333333
0.56546875,0.5,2.866576577553538,0.0,5.12,0.0,random,0.0,0.0,0.0,9,0.0,0.0,z_sd,0.12395833333333334,14.161931125322978,-3.734375,-3.6104166666666666,0,0,240,0,120,120,40,0.0,0.4452994791666667,0.68828125
0.7647916666666666,0.5,2.866576577553538,0.0,10.24,0.0,random,0.0,0.0,0.0,9,0.0,0.0,z_sd,0.5052083333333334,28.323759349187217,-3.734375,-3.2291666666666665,0,0,240,0,120,120,40,0.0,0.5413828125,0.933078125
0.9975520833333333,0.5,2.866576577553538,0.0,20.48,0.0,random,0.0,0.0,0.0,9,0.0,0.0,z_sd,1.5588541666666667,56.64767630894979,-3.734375,-2.175520833333333,0,0,240,0,120,120,40,0.0,0.99125,1.0
