layer,task,family,matching,dose,mapping,n,unrestricted_xy,ties,unrestricted_xy_rate
0,presence,concept,alpha,0.25,XY,400,400,0,1.0
0,presence,concept,alpha,0.25,YX,400,400,0,1.0
0,presence,concept,alpha,0.5,XY,400,400,0,1.0
0,presence,concept,alpha,0.5,YX,400,400,0,1.0
0,presence,concept,alpha,1.0,XY,400,400,0,1.0
0,presence,concept,alpha,1.0,YX,400,400,0,1.0
0,presence,concept,alpha,2.0,XY,400,400,24,1.0
0,presence,concept,alpha,2.0,YX,400,400,11,1.0
0,presence,concept,alpha,4.0,XY,400,400,6,1.0
0,presence,concept,alpha,4.0,YX,400,400,3,1.0
0,presence,concept,alpha,8.0,XY,400,399,6,0.9975
0,presence,concept,alpha,8.0,YX,400,400,10,1.0
0,presence,concept,alpha,16.0,XY,400,302,18,0.755
0,presence,concept,alpha,16.0,YX,400,304,20,0.76
0,presence,concept,alpha,32.0,XY,400,259,13,0.6475
0,presence,concept,alpha,32.0,YX,400,253,8,0.6325
0,presence,concept,alpha,64.0,XY,400,218,13,0.545
0,presence,concept,alpha,64.0,YX,400,214,8,0.535
0,presence,concept,alpha,128.0,XY,400,160,12,0.4
0,presence,concept,alpha,128.0,YX,400,160,5,0.4
0,presence,concept,z_mad,0.01,XY,400,400,0,1.0
0,presence,concept,z_mad,0.01,YX,400,400,0,1.0
0,presence,concept,z_mad,0.02,XY,400,400,0,1.0
0,presence,concept,z_mad,0.02,YX,400,400,0,1.0
0,presence,concept,z_mad,0.04,XY,400,400,0,1.0
0,presence,concept,z_mad,0.04,YX,400,400,0,1.0
0,presence,concept,z_mad,0.08,XY,400,400,0,1.0
0,presence,concept,z_mad,0.08,YX,400,400,0,1.0
0,presence,concept,z_mad,0.16,XY,400,400,0,1.0
0,presence,concept,z_mad,0.16,YX,400,400,0,1.0
0,presence,concept,z_mad,0.32,XY,400,400,0,1.0
0,presence,concept,z_mad,0.32,YX,400,400,0,1.0
0,presence,concept,z_mad,0.64,XY,400,400,0,1.0
0,presence,concept,z_mad,0.64,YX,400,400,0,1.0
0,presence,concept,z_mad,1.28,XY,400,400,0,1.0
0,presence,concept,z_mad,1.28,YX,400,400,0,1.0
0,presence,concept,z_mad,2.56,XY,400,400,0,1.0
0,presence,concept,z_mad,2.56,YX,400,400,0,1.0
0,presence,concept,z_mad,5.12,XY,400,400,9,1.0
0,presence,concept,z_mad,5.12,YX,400,400,9,1.0
0,presence,concept,z_mad,10.24,XY,400,400,13,1.0
0,presence,concept,z_mad,10.24,YX,400,400,8,1.0
0,presence,concept,z_mad,20.48,XY,400,400,16,1.0
0,presence,concept,z_mad,20.48,YX,400,399,16,0.9975
0,presence,concept,z_sd,0.01,XY,400,400,0,1.0
0,presence,concept,z_sd,0.01,YX,400,400,0,1.0
0,presence,concept,z_sd,0.02,XY,400,400,0,1.0
0,presence,concept,z_sd,0.02,YX,400,400,0,1.0
0,presence,concept,z_sd,0.04,XY,400,400,0,1.0
0,presence,concept,z_sd,0.04,YX,400,400,0,1.0
0,presence,concept,z_sd,0.08,XY,400,400,0,1.0
0,presence,concept,z_sd,0.08,YX,400,400,0,1.0
0,presence,concept,z_sd,0.16,XY,400,400,0,1.0
0,presence,concept,z_sd,0.16,YX,400,400,0,1.0
0,presence,concept,z_sd,0.32,XY,400,400,0,1.0
0,presence,concept,z_sd,0.32,YX,400,400,0,1.0
0,presence,concept,z_sd,0.64,XY,400,400,0,1.0
0,presence,concept,z_sd,0.64,YX,400,400,0,1.0
0,presence,concept,z_sd,1.28,XY,400,400,8,1.0
0,presence,concept,z_sd,1.28,YX,400,400,5,1.0
0,presence,concept,z_sd,2.56,XY,400,400,13,1.0
0,presence,concept,z_sd,2.56,YX,400,400,11,1.0
0,presence,concept,z_sd,5.12,XY,400,400,9,1.0
0,presence,concept,z_sd,5.12,YX,400,400,6,1.0
0,presence,concept,z_sd,10.24,XY,400,348,11,0.87
0,presence,concept,z_sd,10.24,YX,400,351,8,0.8775
0,presence,concept,z_sd,20.48,XY,400,278,14,0.695
0,presence,concept,z_sd,20.48,YX,400,273,7,0.6825
0,presence,dropout,alpha,0.25,XY,80,80,0,1.0
0,presence,dropout,alpha,0.25,YX,80,80,0,1.0
0,presence,dropout,alpha,0.5,XY,80,80,0,1.0
0,presence,dropout,alpha,0.5,YX,80,80,0,1.0
0,presence,dropout,alpha,1.0,XY,80,80,0,1.0
0,presence,dropout,alpha,1.0,YX,80,80,0,1.0
0,presence,dropout,alpha,2.0,XY,80,80,1,1.0
0,presence,dropout,alpha,2.0,YX,80,80,1,1.0
0,presence,dropout,alpha,4.0,XY,80,80,0,1.0
0,presence,dropout,alpha,4.0,YX,80,80,1,1.0
0,presence,dropout,alpha,8.0,XY,80,80,0,1.0
0,presence,dropout,alpha,8.0,YX,80,80,0,1.0
0,presence,dropout,alpha,16.0,XY,80,79,3,0.9875
0,presence,dropout,alpha,16.0,YX,80,78,1,0.975
0,presence,dropout,alpha,32.0,XY,80,71,1,0.8875
0,presence,dropout,alpha,32.0,YX,80,72,0,0.9
0,presence,dropout,alpha,64.0,XY,80,43,3,0.5375
0,presence,dropout,alpha,64.0,YX,80,41,6,0.5125
0,presence,dropout,alpha,128.0,XY,80,4,0,0.05
0,presence,dropout,alpha,128.0,YX,80,5,0,0.0625
0,presence,dropout,z_mad,0.01,XY,80,80,0,1.0
0,presence,dropout,z_mad,0.01,YX,80,80,0,1.0
0,presence,dropout,z_mad,0.02,XY,80,80,0,1.0
0,presence,dropout,z_mad,0.02,YX,80,80,0,1.0
0,presence,dropout,z_mad,0.04,XY,80,80,0,1.0
0,presence,dropout,z_mad,0.04,YX,80,80,0,1.0
0,presence,dropout,z_mad,0.08,XY,80,80,0,1.0
0,presence,dropout,z_mad,0.08,YX,80,80,0,1.0
0,presence,dropout,z_mad,0.16,XY,80,80,0,1.0
0,presence,dropout,z_mad,0.16,YX,80,80,0,1.0
0,presence,dropout,z_mad,0.32,XY,80,80,0,1.0
0,presence,dropout,z_mad,0.32,YX,80,80,0,1.0
0,presence,dropout,z_mad,0.64,XY,80,80,0,1.0
0,presence,dropout,z_mad,0.64,YX,80,80,0,1.0
0,presence,dropout,z_mad,1.28,XY,80,80,0,1.0
0,presence,dropout,z_mad,1.28,YX,80,80,0,1.0
0,presence,dropout,z_mad,2.56,XY,80,80,0,1.0
0,presence,dropout,z_mad,2.56,YX,80,80,0,1.0
0,presence,dropout,z_mad,5.12,XY,80,80,0,1.0
0,presence,dropout,z_mad,5.12,YX,80,80,0,1.0
0,presence,dropout,z_mad,10.24,XY,80,80,0,1.0
0,presence,dropout,z_mad,10.24,YX,80,80,0,1.0
0,presence,dropout,z_mad,20.48,XY,80,80,0,1.0
0,presence,dropout,z_mad,20.48,YX,80,80,0,1.0
0,presence,dropout,z_sd,0.01,XY,80,80,0,1.0
0,presence,dropout,z_sd,0.01,YX,80,80,0,1.0
0,presence,dropout,z_sd,0.02,XY,80,80,0,1.0
0,presence,dropout,z_sd,0.02,YX,80,80,0,1.0
0,presence,dropout,z_sd,0.04,XY,80,80,0,1.0
0,presence,dropout,z_sd,0.04,YX,80,80,0,1.0
0,presence,dropout,z_sd,0.08,XY,80,80,0,1.0
0,presence,dropout,z_sd,0.08,YX,80,80,0,1.0
0,presence,dropout,z_sd,0.16,XY,80,80,0,1.0
0,presence,dropout,z_sd,0.16,YX,80,80,0,1.0
0,presence,dropout,z_sd,0.32,XY,80,80,0,1.0
0,presence,dropout,z_sd,0.32,YX,80,80,0,1.0
0,presence,dropout,z_sd,0.64,XY,80,80,0,1.0
0,presence,dropout,z_sd,0.64,YX,80,80,0,1.0
0,presence,dropout,z_sd,1.28,XY,80,80,0,1.0
0,presence,dropout,z_sd,1.28,YX,80,80,0,1.0
0,presence,dropout,z_sd,2.56,XY,80,80,0,1.0
0,presence,dropout,z_sd,2.56,YX,80,80,0,1.0
0,presence,dropout,z_sd,5.12,XY,80,80,0,1.0
0,presence,dropout,z_sd,5.12,YX,80,80,0,1.0
0,presence,dropout,z_sd,10.24,XY,80,80,0,1.0
0,presence,dropout,z_sd,10.24,YX,80,80,0,1.0
0,presence,dropout,z_sd,20.48,XY,80,80,0,1.0
0,presence,dropout,z_sd,20.48,YX,80,80,0,1.0
0,presence,noise,alpha,0.25,XY,80,80,0,1.0
0,presence,noise,alpha,0.25,YX,80,80,0,1.0
0,presence,noise,alpha,0.5,XY,80,80,0,1.0
0,presence,noise,alpha,0.5,YX,80,80,0,1.0
0,presence,noise,alpha,1.0,XY,80,80,0,1.0
0,presence,noise,alpha,1.0,YX,80,80,0,1.0
0,presence,noise,alpha,2.0,XY,80,80,0,1.0
0,presence,noise,alpha,2.0,YX,80,80,0,1.0
0,presence,noise,alpha,4.0,XY,80,80,0,1.0
0,presence,noise,alpha,4.0,YX,80,80,1,1.0
0,presence,noise,alpha,8.0,XY,80,80,0,1.0
0,presence,noise,alpha,8.0,YX,80,80,0,1.0
0,presence,noise,alpha,16.0,XY,80,80,0,1.0
0,presence,noise,alpha,16.0,YX,80,80,0,1.0
0,presence,noise,alpha,32.0,XY,80,80,0,1.0
0,presence,noise,alpha,32.0,YX,80,80,0,1.0
0,presence,noise,alpha,64.0,XY,80,80,0,1.0
0,presence,noise,alpha,64.0,YX,80,80,0,1.0
0,presence,noise,alpha,128.0,XY,80,80,0,1.0
0,presence,noise,alpha,128.0,YX,80,80,0,1.0
0,presence,noise,z_mad,0.01,XY,80,80,0,1.0
0,presence,noise,z_mad,0.01,YX,80,80,0,1.0
0,presence,noise,z_mad,0.02,XY,80,80,0,1.0
0,presence,noise,z_mad,0.02,YX,80,80,0,1.0
0,presence,noise,z_mad,0.04,XY,80,80,0,1.0
0,presence,noise,z_mad,0.04,YX,80,80,0,1.0
0,presence,noise,z_mad,0.08,XY,80,80,0,1.0
0,presence,noise,z_mad,0.08,YX,80,80,0,1.0
0,presence,noise,z_mad,0.16,XY,80,80,0,1.0
0,presence,noise,z_mad,0.16,YX,80,80,0,1.0
0,presence,noise,z_mad,0.32,XY,80,80,0,1.0
0,presence,noise,z_mad,0.32,YX,80,80,0,1.0
0,presence,noise,z_mad,0.64,XY,80,80,0,1.0
0,presence,noise,z_mad,0.64,YX,80,80,0,1.0
0,presence,noise,z_mad,1.28,XY,80,80,0,1.0
0,presence,noise,z_mad,1.28,YX,80,80,0,1.0
0,presence,noise,z_mad,2.56,XY,80,80,0,1.0
0,presence,noise,z_mad,2.56,YX,80,80,0,1.0
0,presence,noise,z_mad,5.12,XY,80,80,0,1.0
0,presence,noise,z_mad,5.12,YX,80,80,0,1.0
0,presence,noise,z_mad,10.24,XY,80,80,0,1.0
0,presence,noise,z_mad,10.24,YX,80,80,0,1.0
0,presence,noise,z_mad,20.48,XY,80,80,0,1.0
0,presence,noise,z_mad,20.48,YX,80,80,0,1.0
0,presence,noise,z_sd,0.01,XY,80,80,0,1.0
0,presence,noise,z_sd,0.01,YX,80,80,0,1.0
0,presence,noise,z_sd,0.02,XY,80,80,0,1.0
0,presence,noise,z_sd,0.02,YX,80,80,0,1.0
0,presence,noise,z_sd,0.04,XY,80,80,0,1.0
0,presence,noise,z_sd,0.04,YX,80,80,0,1.0
0,presence,noise,z_sd,0.08,XY,80,80,0,1.0
0,presence,noise,z_sd,0.08,YX,80,80,0,1.0
0,presence,noise,z_sd,0.16,XY,80,80,0,1.0
0,presence,noise,z_sd,0.16,YX,80,80,0,1.0
0,presence,noise,z_sd,0.32,XY,80,80,0,1.0
0,presence,noise,z_sd,0.32,YX,80,80,0,1.0
0,presence,noise,z_sd,0.64,XY,80,80,0,1.0
0,presence,noise,z_sd,0.64,YX,80,80,0,1.0
0,presence,noise,z_sd,1.28,XY,80,80,0,1.0
0,presence,noise,z_sd,1.28,YX,80,80,0,1.0
0,presence,noise,z_sd,2.56,XY,80,80,0,1.0
0,presence,noise,z_sd,2.56,YX,80,80,0,1.0
0,presence,noise,z_sd,5.12,XY,80,80,0,1.0
0,presence,noise,z_sd,5.12,YX,80,80,0,1.0
0,presence,noise,z_sd,10.24,XY,80,80,0,1.0
0,presence,noise,z_sd,10.24,YX,80,80,0,1.0
0,presence,noise,z_sd,20.48,XY,80,80,0,1.0
0,presence,noise,z_sd,20.48,YX,80,80,0,1.0
0,presence,random,alpha,0.25,XY,120,120,0,1.0
0,presence,random,alpha,0.25,YX,120,120,0,1.0
0,presence,random,alpha,0.5,XY,120,120,0,1.0
0,presence,random,alpha,0.5,YX,120,120,0,1.0
0,presence,random,alpha,1.0,XY,120,120,0,1.0
0,presence,random,alpha,1.0,YX,120,120,0,1.0
0,presence,random,alpha,2.0,XY,120,120,0,1.0
0,presence,random,alpha,2.0,YX,120,120,0,1.0
0,presence,random,alpha,4.0,XY,120,120,0,1.0
0,presence,random,alpha,4.0,YX,120,120,1,1.0
0,presence,random,alpha,8.0,XY,120,120,0,1.0
0,presence,random,alpha,8.0,YX,120,120,0,1.0
0,presence,random,alpha,16.0,XY,120,120,3,1.0
0,presence,random,alpha,16.0,YX,120,120,3,1.0
0,presence,random,alpha,32.0,XY,120,79,13,0.6583333333333333
0,presence,random,alpha,32.0,YX,120,75,1,0.625
0,presence,random,alpha,64.0,XY,120,56,1,0.4666666666666667
0,presence,random,alpha,64.0,YX,120,51,2,0.425
0,presence,random,alpha,128.0,XY,120,13,0,0.10833333333333334
0,presence,random,alpha,128.0,YX,120,5,0,0.041666666666666664
0,presence,random,z_mad,0.01,XY,120,120,0,1.0
0,presence,random,z_mad,0.01,YX,120,120,0,1.0
0,presence,random,z_mad,0.02,XY,120,120,0,1.0
0,presence,random,z_mad,0.02,YX,120,120,0,1.0
0,presence,random,z_mad,0.04,XY,120,120,0,1.0
0,presence,random,z_mad,0.04,YX,120,120,0,1.0
0,presence,random,z_mad,0.08,XY,120,120,0,1.0
0,presence,random,z_mad,0.08,YX,120,120,0,1.0
0,presence,random,z_mad,0.16,XY,120,120,0,1.0
0,presence,random,z_mad,0.16,YX,120,120,0,1.0
0,presence,random,z_mad,0.32,XY,120,120,0,1.0
0,presence,random,z_mad,0.32,YX,120,120,0,1.0
0,presence,random,z_mad,0.64,XY,120,120,0,1.0
0,presence,random,z_mad,0.64,YX,120,120,0,1.0
0,presence,random,z_mad,1.28,XY,120,120,0,1.0
0,presence,random,z_mad,1.28,YX,120,120,0,1.0
0,presence,random,z_mad,2.56,XY,120,120,0,1.0
0,presence,random,z_mad,2.56,YX,120,120,0,1.0
0,presence,random,z_mad,5.12,XY,120,120,0,1.0
0,presence,random,z_mad,5.12,YX,120,120,0,1.0
0,presence,random,z_mad,10.24,XY,120,120,0,1.0
0,presence,random,z_mad,10.24,YX,120,120,0,1.0
0,presence,random,z_mad,20.48,XY,120,120,0,1.0
0,presence,random,z_mad,20.48,YX,120,120,0,1.0
0,presence,random,z_sd,0.01,XY,120,120,0,1.0
0,presence,random,z_sd,0.01,YX,120,120,0,1.0
0,presence,random,z_sd,0.02,XY,120,120,0,1.0
0,presence,random,z_sd,0.02,YX,120,120,0,1.0
0,presence,random,z_sd,0.04,XY,120,120,0,1.0
0,presence,random,z_sd,0.04,YX,120,120,0,1.0
0,presence,random,z_sd,0.08,XY,120,120,0,1.0
0,presence,random,z_sd,0.08,YX,120,120,0,1.0
0,presence,random,z_sd,0.16,XY,120,120,0,1.0
0,presence,random,z_sd,0.16,YX,120,120,0,1.0
0,presence,random,z_sd,0.32,XY,120,120,0,1.0
0,presence,random,z_sd,0.32,YX,120,120,0,1.0
0,presence,random,z_sd,0.64,XY,120,120,0,1.0
0,presence,random,z_sd,0.64,YX,120,120,0,1.0
0,presence,random,z_sd,1.28,XY,120,120,0,1.0
0,presence,random,z_sd,1.28,YX,120,120,0,1.0
0,presence,random,z_sd,2.56,XY,120,120,0,1.0
0,presence,random,z_sd,2.56,YX,120,120,0,1.0
0,presence,random,z_sd,5.12,XY,120,120,0,1.0
0,presence,random,z_sd,5.12,YX,120,120,0,1.0
0,presence,random,z_sd,10.24,XY,120,120,0,1.0
0,presence,random,z_sd,10.24,YX,120,120,0,1.0
0,presence,random,z_sd,20.48,XY,120,120,0,1.0
0,presence,random,z_sd,20.48,YX,120,120,1,1.0
1,presence,concept,alpha,0.25,XY,400,400,0,1.0
1,presence,concept,alpha,0.25,YX,400,400,0,1.0
1,presence,concept,alpha,0.5,XY,400,400,0,1.0
1,presence,concept,alpha,0.5,YX,400,400,0,1.0
1,presence,concept,alpha,1.0,XY,400,400,0,1.0
1,presence,concept,alpha,1.0,YX,400,400,0,1.0
1,presence,concept,alpha,2.0,XY,400,400,1,1.0
1,presence,concept,alpha,2.0,YX,400,400,0,1.0
1,presence,concept,alpha,4.0,XY,400,400,11,1.0
1,presence,concept,alpha,4.0,YX,400,400,17,1.0
1,presence,concept,alpha,8.0,XY,400,400,0,1.0
1,presence,concept,alpha,8.0,YX,400,400,0,1.0
1,presence,concept,alpha,16.0,XY,400,400,0,1.0
1,presence,concept,alpha,16.0,YX,400,400,0,1.0
1,presence,concept,alpha,32.0,XY,400,400,0,1.0
1,presence,concept,alpha,32.0,YX,400,400,0,1.0
1,presence,concept,alpha,64.0,XY,400,400,0,1.0
1,presence,concept,alpha,64.0,YX,400,400,0,1.0
1,presence,concept,alpha,128.0,XY,400,400,0,1.0
1,presence,concept,alpha,128.0,YX,400,400,0,1.0
1,presence,concept,z_mad,0.01,XY,400,400,0,1.0
1,presence,concept,z_mad,0.01,YX,400,400,0,1.0
1,presence,concept,z_mad,0.02,XY,400,400,0,1.0
1,presence,concept,z_mad,0.02,YX,400,400,0,1.0
1,presence,concept,z_mad,0.04,XY,400,400,0,1.0
1,presence,concept,z_mad,0.04,YX,400,400,0,1.0
1,presence,concept,z_mad,0.08,XY,400,400,0,1.0
1,presence,concept,z_mad,0.08,YX,400,400,0,1.0
1,presence,concept,z_mad,0.16,XY,400,400,0,1.0
1,presence,concept,z_mad,0.16,YX,400,400,0,1.0
1,presence,concept,z_mad,0.32,XY,400,400,0,1.0
1,presence,concept,z_mad,0.32,YX,400,400,0,1.0
1,presence,concept,z_mad,0.64,XY,400,400,0,1.0
1,presence,concept,z_mad,0.64,YX,400,400,0,1.0
1,presence,concept,z_mad,1.28,XY,400,400,0,1.0
1,presence,concept,z_mad,1.28,YX,400,400,0,1.0
1,presence,concept,z_mad,2.56,XY,400,400,0,1.0
1,presence,concept,z_mad,2.56,YX,400,400,0,1.0
1,presence,concept,z_mad,5.12,XY,400,400,0,1.0
1,presence,concept,z_mad,5.12,YX,400,400,0,1.0
1,presence,concept,z_mad,10.24,XY,400,400,0,1.0
1,presence,concept,z_mad,10.24,YX,400,400,0,1.0
1,presence,concept,z_mad,20.48,XY,400,400,0,1.0
1,presence,concept,z_mad,20.48,YX,400,400,0,1.0
1,presence,concept,z_sd,0.01,XY,400,400,0,1.0
1,presence,concept,z_sd,0.01,YX,400,400,0,1.0
1,presence,concept,z_sd,0.02,XY,400,400,3,1.0
1,presence,concept,z_sd,0.02,YX,400,400,3,1.0
1,presence,concept,z_sd,0.04,XY,400,400,3,1.0
1,presence,concept,z_sd,0.04,YX,400,400,3,1.0
1,presence,concept,z_sd,0.08,XY,400,400,0,1.0
1,presence,concept,z_sd,0.08,YX,400,400,0,1.0
1,presence,concept,z_sd,0.16,XY,400,400,0,1.0
1,presence,concept,z_sd,0.16,YX,400,400,0,1.0
1,presence,concept,z_sd,0.32,XY,400,400,0,1.0
1,presence,concept,z_sd,0.32,YX,400,400,0,1.0
1,presence,concept,z_sd,0.64,XY,400,400,0,1.0
1,presence,concept,z_sd,0.64,YX,400,400,0,1.0
1,presence,concept,z_sd,1.28,XY,400,400,0,1.0
1,presence,concept,z_sd,1.28,YX,400,400,0,1.0
1,presence,concept,z_sd,2.56,XY,400,400,0,1.0
1,presence,concept,z_sd,2.56,YX,400,400,0,1.0
1,presence,concept,z_sd,5.12,XY,400,400,0,1.0
1,presence,concept,z_sd,5.12,YX,400,400,0,1.0
1,presence,concept,z_sd,10.24,XY,400,400,0,1.0
1,presence,concept,z_sd,10.24,YX,400,400,0,1.0
1,presence,concept,z_sd,20.48,XY,400,400,0,1.0
1,presence,concept,z_sd,20.48,YX,400,400,0,1.0
1,presence,dropout,alpha,0.25,XY,80,80,0,1.0
1,presence,dropout,alpha,0.25,YX,80,80,0,1.0
1,presence,dropout,alpha,0.5,XY,80,80,0,1.0
1,presence,dropout,alpha,0.5,YX,80,80,0,1.0
1,presence,dropout,alpha,1.0,XY,80,80,0,1.0
1,presence,dropout,alpha,1.0,YX,80,80,0,1.0
1,presence,dropout,alpha,2.0,XY,80,80,0,1.0
1,presence,dropout,alpha,2.0,YX,80,80,0,1.0
1,presence,dropout,alpha,4.0,XY,80,80,1,1.0
1,presence,dropout,alpha,4.0,YX,80,80,2,1.0
1,presence,dropout,alpha,8.0,XY,80,78,0,0.975
1,presence,dropout,alpha,8.0,YX,80,78,1,0.975
1,presence,dropout,alpha,16.0,XY,80,78,1,0.975
1,presence,dropout,alpha,16.0,YX,80,78,0,0.975
1,presence,dropout,alpha,32.0,XY,80,77,0,0.9625
1,presence,dropout,alpha,32.0,YX,80,77,0,0.9625
1,presence,dropout,alpha,64.0,XY,80,76,1,0.95
1,presence,dropout,alpha,64.0,YX,80,76,0,0.95
1,presence,dropout,alpha,128.0,XY,80,80,0,1.0
1,presence,dropout,alpha,128.0,YX,80,79,0,0.9875
1,presence,dropout,z_mad,0.01,XY,80,80,0,1.0
1,presence,dropout,z_mad,0.01,YX,80,80,0,1.0
1,presence,dropout,z_mad,0.02,XY,80,80,0,1.0
1,presence,dropout,z_mad,0.02,YX,80,80,0,1.0
1,presence,dropout,z_mad,0.04,XY,80,80,0,1.0
1,presence,dropout,z_mad,0.04,YX,80,80,0,1.0
1,presence,dropout,z_mad,0.08,XY,80,80,0,1.0
1,presence,dropout,z_mad,0.08,YX,80,80,0,1.0
1,presence,dropout,z_mad,0.16,XY,80,80,0,1.0
1,presence,dropout,z_mad,0.16,YX,80,80,0,1.0
1,presence,dropout,z_mad,0.32,XY,80,80,0,1.0
1,presence,dropout,z_mad,0.32,YX,80,80,0,1.0
1,presence,dropout,z_mad,0.64,XY,80,80,0,1.0
1,presence,dropout,z_mad,0.64,YX,80,80,0,1.0
1,presence,dropout,z_mad,1.28,XY,80,80,0,1.0
1,presence,dropout,z_mad,1.28,YX,80,80,0,1.0
1,presence,dropout,z_mad,2.56,XY,80,80,0,1.0
1,presence,dropout,z_mad,2.56,YX,80,80,0,1.0
1,presence,dropout,z_mad,5.12,XY,80,80,0,1.0
1,presence,dropout,z_mad,5.12,YX,80,80,0,1.0
1,presence,dropout,z_mad,10.24,XY,80,80,0,1.0
1,presence,dropout,z_mad,10.24,YX,80,80,0,1.0
1,presence,dropout,z_mad,20.48,XY,80,80,0,1.0
1,presence,dropout,z_mad,20.48,YX,80,80,0,1.0
1,presence,dropout,z_sd,0.01,XY,80,80,0,1.0
1,presence,dropout,z_sd,0.01,YX,80,80,0,1.0
1,presence,dropout,z_sd,0.02,XY,80,80,0,1.0
1,presence,dropout,z_sd,0.02,YX,80,80,0,1.0
1,presence,dropout,z_sd,0.04,XY,80,80,0,1.0
1,presence,dropout,z_sd,0.04,YX,80,80,0,1.0
1,presence,dropout,z_sd,0.08,XY,80,80,0,1.0
1,presence,dropout,z_sd,0.08,YX,80,80,0,1.0
1,presence,dropout,z_sd,0.16,XY,80,80,0,1.0
1,presence,dropout,z_sd,0.16,YX,80,80,0,1.0
1,presence,dropout,z_sd,0.32,XY,80,80,0,1.0
1,presence,dropout,z_sd,0.32,YX,80,80,0,1.0
1,presence,dropout,z_sd,0.64,XY,80,80,0,1.0
1,presence,dropout,z_sd,0.64,YX,80,80,0,1.0
1,presence,dropout,z_sd,1.28,XY,80,80,0,1.0
1,presence,dropout,z_sd,1.28,YX,80,80,0,1.0
1,presence,dropout,z_sd,2.56,XY,80,80,1,1.0
1,presence,dropout,z_sd,2.56,YX,80,80,2,1.0
1,presence,dropout,z_sd,5.12,XY,80,80,0,1.0
1,presence,dropout,z_sd,5.12,YX,80,80,0,1.0
1,presence,dropout,z_sd,10.24,XY,80,77,0,0.9625
1,presence,dropout,z_sd,10.24,YX,80,77,1,0.9625
1,presence,dropout,z_sd,20.48,XY,80,77,1,0.9625
1,presence,dropout,z_sd,20.48,YX,80,76,1,0.95
1,presence,noise,alpha,0.25,XY,80,80,0,1.0
1,presence,noise,alpha,0.25,YX,80,80,0,1.0
1,presence,noise,alpha,0.5,XY,80,80,0,1.0
1,presence,noise,alpha,0.5,YX,80,80,0,1.0
1,presence,noise,alpha,1.0,XY,80,80,0,1.0
1,presence,noise,alpha,1.0,YX,80,80,0,1.0
1,presence,noise,alpha,2.0,XY,80,80,0,1.0
1,presence,noise,alpha,2.0,YX,80,80,0,1.0
1,presence,noise,alpha,4.0,XY,80,80,0,1.0
1,presence,noise,alpha,4.0,YX,80,80,0,1.0
1,presence,noise,alpha,8.0,XY,80,80,0,1.0
1,presence,noise,alpha,8.0,YX,80,80,0,1.0
1,presence,noise,alpha,16.0,XY,80,80,0,1.0
1,presence,noise,alpha,16.0,YX,80,80,0,1.0
1,presence,noise,alpha,32.0,XY,80,80,0,1.0
1,presence,noise,alpha,32.0,YX,80,80,0,1.0
1,presence,noise,alpha,64.0,XY,80,80,0,1.0
1,presence,noise,alpha,64.0,YX,80,80,0,1.0
1,presence,noise,alpha,128.0,XY,80,80,0,1.0
1,presence,noise,alpha,128.0,YX,80,80,0,1.0
1,presence,noise,z_mad,0.01,XY,80,80,0,1.0
1,presence,noise,z_mad,0.01,YX,80,80,0,1.0
1,presence,noise,z_mad,0.02,XY,80,80,0,1.0
1,presence,noise,z_mad,0.02,YX,80,80,0,1.0
1,presence,noise,z_mad,0.04,XY,80,80,0,1.0
1,presence,noise,z_mad,0.04,YX,80,80,0,1.0
1,presence,noise,z_mad,0.08,XY,80,80,0,1.0
1,presence,noise,z_mad,0.08,YX,80,80,0,1.0
1,presence,noise,z_mad,0.16,XY,80,80,0,1.0
1,presence,noise,z_mad,0.16,YX,80,80,0,1.0
1,presence,noise,z_mad,0.32,XY,80,80,0,1.0
1,presence,noise,z_mad,0.32,YX,80,80,0,1.0
1,presence,noise,z_mad,0.64,XY,80,80,0,1.0
1,presence,noise,z_mad,0.64,YX,80,80,0,1.0
1,presence,noise,z_mad,1.28,XY,80,80,0,1.0
1,presence,noise,z_mad,1.28,YX,80,80,0,1.0
1,presence,noise,z_mad,2.56,XY,80,80,0,1.0
1,presence,noise,z_mad,2.56,YX,80,80,0,1.0
1,presence,noise,z_mad,5.12,XY,80,80,0,1.0
1,presence,noise,z_mad,5.12,YX,80,80,0,1.0
1,presence,noise,z_mad,10.24,XY,80,80,0,1.0
1,presence,noise,z_mad,10.24,YX,80,80,0,1.0
1,presence,noise,z_mad,20.48,XY,80,80,0,1.0
1,presence,noise,z_mad,20.48,YX,80,80,0,1.0
1,presence,noise,z_sd,0.01,XY,80,80,0,1.0
1,presence,noise,z_sd,0.01,YX,80,80,0,1.0
1,presence,noise,z_sd,0.02,XY,80,80,0,1.0
1,presence,noise,z_sd,0.02,YX,80,80,0,1.0
1,presence,noise,z_sd,0.04,XY,80,80,0,1.0
1,presence,noise,z_sd,0.04,YX,80,80,0,1.0
1,presence,noise,z_sd,0.08,XY,80,80,0,1.0
1,presence,noise,z_sd,0.08,YX,80,80,0,1.0
1,presence,noise,z_sd,0.16,XY,80,80,0,1.0
1,presence,noise,z_sd,0.16,YX,80,80,0,1.0
1,presence,noise,z_sd,0.32,XY,80,80,0,1.0
1,presence,noise,z_sd,0.32,YX,80,80,0,1.0
1,presence,noise,z_sd,0.64,XY,80,80,0,1.0
1,presence,noise,z_sd,0.64,YX,80,80,0,1.0
1,presence,noise,z_sd,1.28,XY,80,80,0,1.0
1,presence,noise,z_sd,1.28,YX,80,80,0,1.0
1,presence,noise,z_sd,2.56,XY,80,80,0,1.0
1,presence,noise,z_sd,2.56,YX,80,80,0,1.0
1,presence,noise,z_sd,5.12,XY,80,80,0,1.0
1,presence,noise,z_sd,5.12,YX,80,80,0,1.0
1,presence,noise,z_sd,10.24,XY,80,80,0,1.0
1,presence,noise,z_sd,10.24,YX,80,80,0,1.0
1,presence,noise,z_sd,20.48,XY,80,80,0,1.0
1,presence,noise,z_sd,20.48,YX,80,80,0,1.0
1,presence,random,alpha,0.25,XY,120,120,0,1.0
1,presence,random,alpha,0.25,YX,120,120,0,1.0
1,presence,random,alpha,0.5,XY,120,120,0,1.0
1,presence,random,alpha,0.5,YX,120,120,0,1.0
1,presence,random,alpha,1.0,XY,120,120,0,1.0
1,presence,random,alpha,1.0,YX,120,120,0,1.0
1,presence,random,alpha,2.0,XY,120,120,0,1.0
1,presence,random,alpha,2.0,YX,120,120,0,1.0
1,presence,random,alpha,4.0,XY,120,120,0,1.0
1,presence,random,alpha,4.0,YX,120,120,0,1.0
1,presence,random,alpha,8.0,XY,120,120,0,1.0
1,presence,random,alpha,8.0,YX,120,120,2,1.0
1,presence,random,alpha,16.0,XY,120,120,2,1.0
1,presence,random,alpha,16.0,YX,120,120,9,1.0
1,presence,random,alpha,32.0,XY,120,83,6,0.6916666666666667
1,presence,random,alpha,32.0,YX,120,81,4,0.675
1,presence,random,alpha,64.0,XY,120,78,5,0.65
1,presence,random,alpha,64.0,YX,120,73,5,0.6083333333333333
1,presence,random,alpha,128.0,XY,120,30,0,0.25
1,presence,random,alpha,128.0,YX,120,28,2,0.23333333333333334
1,presence,random,z_mad,0.01,XY,120,120,0,1.0
1,presence,random,z_mad,0.01,YX,120,120,0,1.0
1,presence,random,z_mad,0.02,XY,120,120,0,1.0
1,presence,random,z_mad,0.02,YX,120,120,0,1.0
1,presence,random,z_mad,0.04,XY,120,120,0,1.0
1,presence,random,z_mad,0.04,YX,120,120,0,1.0
1,presence,random,z_mad,0.08,XY,120,120,0,1.0
1,presence,random,z_mad,0.08,YX,120,120,0,1.0
1,presence,random,z_mad,0.16,XY,120,120,0,1.0
1,presence,random,z_mad,0.16,YX,120,120,0,1.0
1,presence,random,z_mad,0.32,XY,120,120,0,1.0
1,presence,random,z_mad,0.32,YX,120,120,0,1.0
1,presence,random,z_mad,0.64,XY,120,120,0,1.0
1,presence,random,z_mad,0.64,YX,120,120,0,1.0
1,presence,random,z_mad,1.28,XY,120,120,0,1.0
1,presence,random,z_mad,1.28,YX,120,120,0,1.0
1,presence,random,z_mad,2.56,XY,120,120,0,1.0
1,presence,random,z_mad,2.56,YX,120,120,0,1.0
1,presence,random,z_mad,5.12,XY,120,120,0,1.0
1,presence,random,z_mad,5.12,YX,120,120,0,1.0
1,presence,random,z_mad,10.24,XY,120,120,0,1.0
1,presence,random,z_mad,10.24,YX,120,120,0,1.0
1,presence,random,z_mad,20.48,XY,120,120,0,1.0
1,presence,random,z_mad,20.48,YX,120,120,0,1.0
1,presence,random,z_sd,0.01,XY,120,120,0,1.0
1,presence,random,z_sd,0.01,YX,120,120,0,1.0
1,presence,random,z_sd,0.02,XY,120,120,0,1.0
1,presence,random,z_sd,0.02,YX,120,120,0,1.0
1,presence,random,z_sd,0.04,XY,120,120,0,1.0
1,presence,random,z_sd,0.04,YX,120,120,0,1.0
1,presence,random,z_sd,0.08,XY,120,120,0,1.0
1,presence,random,z_sd,0.08,YX,120,120,0,1.0
1,presence,random,z_sd,0.16,XY,120,120,0,1.0
1,presence,random,z_sd,0.16,YX,120,120,0,1.0
1,presence,random,z_sd,0.32,XY,120,120,0,1.0
1,presence,random,z_sd,0.32,YX,120,120,0,1.0
1,presence,random,z_sd,0.64,XY,120,120,0,1.0
1,presence,random,z_sd,0.64,YX,120,120,0,1.0
1,presence,random,z_sd,1.28,XY,120,120,0,1.0
1,presence,random,z_sd,1.28,YX,120,120,0,1.0
1,presence,random,z_sd,2.56,XY,120,120,0,1.0
1,presence,random,z_sd,2.56,YX,120,120,0,1.0
1,presence,random,z_sd,5.12,XY,120,120,0,1.0
1,presence,random,z_sd,5.12,YX,120,120,13,1.0
1,presence,random,z_sd,10.24,XY,120,116,5,0.9666666666666667
1,presence,random,z_sd,10.24,YX,120,116,4,0.9666666666666667
1,presence,random,z_sd,20.48,XY,120,80,7,0.6666666666666666
1,presence,random,z_sd,20.48,YX,120,76,8,0.6333333333333333
2,presence,concept,alpha,0.25,XY,400,400,0,1.0
2,presence,concept,alpha,0.25,YX,400,400,0,1.0
2,presence,concept,alpha,0.5,XY,400,400,0,1.0
2,presence,concept,alpha,0.5,YX,400,400,0,1.0
2,presence,concept,alpha,1.0,XY,400,400,0,1.0
2,presence,concept,alpha,1.0,YX,400,400,0,1.0
2,presence,concept,alpha,2.0,XY,400,400,0,1.0
2,presence,concept,alpha,2.0,YX,400,400,0,1.0
2,presence,concept,alpha,4.0,XY,400,400,0,1.0
2,presence,concept,alpha,4.0,YX,400,400,1,1.0
2,presence,concept,alpha,8.0,XY,400,400,0,1.0
2,presence,concept,alpha,8.0,YX,400,400,0,1.0
2,presence,concept,alpha,16.0,XY,400,400,0,1.0
2,presence,concept,alpha,16.0,YX,400,400,0,1.0
2,presence,concept,alpha,32.0,XY,400,400,0,1.0
2,presence,concept,alpha,32.0,YX,400,400,0,1.0
2,presence,concept,alpha,64.0,XY,400,400,0,1.0
2,presence,concept,alpha,64.0,YX,400,400,0,1.0
2,presence,concept,alpha,128.0,XY,400,400,0,1.0
2,presence,concept,alpha,128.0,YX,400,400,0,1.0
2,presence,concept,z_mad,0.01,XY,400,400,0,1.0
2,presence,concept,z_mad,0.01,YX,400,400,0,1.0
2,presence,concept,z_mad,0.02,XY,400,400,0,1.0
2,presence,concept,z_mad,0.02,YX,400,400,0,1.0
2,presence,concept,z_mad,0.04,XY,400,400,0,1.0
2,presence,concept,z_mad,0.04,YX,400,400,0,1.0
2,presence,concept,z_mad,0.08,XY,400,400,0,1.0
2,presence,concept,z_mad,0.08,YX,400,400,0,1.0
2,presence,concept,z_mad,0.16,XY,400,400,0,1.0
2,presence,concept,z_mad,0.16,YX,400,400,0,1.0
2,presence,concept,z_mad,0.32,XY,400,400,0,1.0
2,presence,concept,z_mad,0.32,YX,400,400,0,1.0
2,presence,concept,z_mad,0.64,XY,400,400,0,1.0
2,presence,concept,z_mad,0.64,YX,400,400,0,1.0
2,presence,concept,z_mad,1.28,XY,400,400,0,1.0
2,presence,concept,z_mad,1.28,YX,400,400,0,1.0
2,presence,concept,z_mad,2.56,XY,400,400,0,1.0
2,presence,concept,z_mad,2.56,YX,400,400,0,1.0
2,presence,concept,z_mad,5.12,XY,400,400,0,1.0
2,presence,concept,z_mad,5.12,YX,400,400,0,1.0
2,presence,concept,z_mad,10.24,XY,400,400,0,1.0
2,presence,concept,z_mad,10.24,YX,400,400,0,1.0
2,presence,concept,z_mad,20.48,XY,400,400,0,1.0
2,presence,concept,z_mad,20.48,YX,400,400,0,1.0
2,presence,concept,z_sd,0.01,XY,400,400,0,1.0
2,presence,concept,z_sd,0.01,YX,400,400,0,1.0
2,presence,concept,z_sd,0.02,XY,400,400,0,1.0
2,presence,concept,z_sd,0.02,YX,400,400,0,1.0
2,presence,concept,z_sd,0.04,XY,400,400,0,1.0
2,presence,concept,z_sd,0.04,YX,400,400,2,1.0
2,presence,concept,z_sd,0.08,XY,400,400,0,1.0
2,presence,concept,z_sd,0.08,YX,400,400,0,1.0
2,presence,concept,z_sd,0.16,XY,400,400,0,1.0
2,presence,concept,z_sd,0.16,YX,400,400,0,1.0
2,presence,concept,z_sd,0.32,XY,400,400,0,1.0
2,presence,concept,z_sd,0.32,YX,400,400,0,1.0
2,presence,concept,z_sd,0.64,XY,400,400,0,1.0
2,presence,concept,z_sd,0.64,YX,400,400,0,1.0
2,presence,concept,z_sd,1.28,XY,400,400,0,1.0
2,presence,concept,z_sd,1.28,YX,400,400,0,1.0
2,presence,concept,z_sd,2.56,XY,400,400,0,1.0
2,presence,concept,z_sd,2.56,YX,400,400,0,1.0
2,presence,concept,z_sd,5.12,XY,400,400,0,1.0
2,presence,concept,z_sd,5.12,YX,400,400,0,1.0
2,presence,concept,z_sd,10.24,XY,400,400,0,1.0
2,presence,concept,z_sd,10.24,YX,400,400,0,1.0
2,presence,concept,z_sd,20.48,XY,400,400,0,1.0
2,presence,concept,z_sd,20.48,YX,400,400,0,1.0
2,presence,dropout,alpha,0.25,XY,80,80,0,1.0
2,presence,dropout,alpha,0.25,YX,80,80,0,1.0
2,presence,dropout,alpha,0.5,XY,80,80,0,1.0
2,presence,dropout,alpha,0.5,YX,80,80,0,1.0
2,presence,dropout,alpha,1.0,XY,80,80,0,1.0
2,presence,dropout,alpha,1.0,YX,80,80,0,1.0
2,presence,dropout,alpha,2.0,XY,80,80,0,1.0
2,presence,dropout,alpha,2.0,YX,80,80,0,1.0
2,presence,dropout,alpha,4.0,XY,80,80,1,1.0
2,presence,dropout,alpha,4.0,YX,80,80,0,1.0
2,presence,dropout,alpha,8.0,XY,80,80,1,1.0
2,presence,dropout,alpha,8.0,YX,80,80,1,1.0
2,presence,dropout,alpha,16.0,XY,80,80,0,1.0
2,presence,dropout,alpha,16.0,YX,80,80,0,1.0
2,presence,dropout,alpha,32.0,XY,80,80,0,1.0
2,presence,dropout,alpha,32.0,YX,80,80,0,1.0
2,presence,dropout,alpha,64.0,XY,80,80,0,1.0
2,presence,dropout,alpha,64.0,YX,80,80,0,1.0
2,presence,dropout,alpha,128.0,XY,80,79,0,0.9875
2,presence,dropout,alpha,128.0,YX,80,79,0,0.9875
2,presence,dropout,z_mad,0.01,XY,80,80,0,1.0
2,presence,dropout,z_mad,0.01,YX,80,80,0,1.0
2,presence,dropout,z_mad,0.02,XY,80,80,0,1.0
2,presence,dropout,z_mad,0.02,YX,80,80,0,1.0
2,presence,dropout,z_mad,0.04,XY,80,80,0,1.0
2,presence,dropout,z_mad,0.04,YX,80,80,0,1.0
2,presence,dropout,z_mad,0.08,XY,80,80,0,1.0
2,presence,dropout,z_mad,0.08,YX,80,80,0,1.0
2,presence,dropout,z_mad,0.16,XY,80,80,0,1.0
2,presence,dropout,z_mad,0.16,YX,80,80,0,1.0
2,presence,dropout,z_mad,0.32,XY,80,80,0,1.0
2,presence,dropout,z_mad,0.32,YX,80,80,0,1.0
2,presence,dropout,z_mad,0.64,XY,80,80,0,1.0
2,presence,dropout,z_mad,0.64,YX,80,80,0,1.0
2,presence,dropout,z_mad,1.28,XY,80,80,0,1.0
2,presence,dropout,z_mad,1.28,YX,80,80,0,1.0
2,presence,dropout,z_mad,2.56,XY,80,80,0,1.0
2,presence,dropout,z_mad,2.56,YX,80,80,0,1.0
2,presence,dropout,z_mad,5.12,XY,80,80,0,1.0
2,presence,dropout,z_mad,5.12,YX,80,80,0,1.0
2,presence,dropout,z_mad,10.24,XY,80,80,0,1.0
2,presence,dropout,z_mad,10.24,YX,80,80,0,1.0
2,presence,dropout,z_mad,20.48,XY,80,80,0,1.0
2,presence,dropout,z_mad,20.48,YX,80,80,0,1.0
2,presence,dropout,z_sd,0.01,XY,80,80,0,1.0
2,presence,dropout,z_sd,0.01,YX,80,80,0,1.0
2,presence,dropout,z_sd,0.02,XY,80,80,0,1.0
2,presence,dropout,z_sd,0.02,YX,80,80,0,1.0
2,presence,dropout,z_sd,0.04,XY,80,80,0,1.0
2,presence,dropout,z_sd,0.04,YX,80,80,0,1.0
2,presence,dropout,z_sd,0.08,XY,80,80,0,1.0
2,presence,dropout,z_sd,0.08,YX,80,80,0,1.0
2,presence,dropout,z_sd,0.16,XY,80,80,0,1.0
2,presence,dropout,z_sd,0.16,YX,80,80,0,1.0
2,presence,dropout,z_sd,0.32,XY,80,80,0,1.0
2,presence,dropout,z_sd,0.32,YX,80,80,0,1.0
2,presence,dropout,z_sd,0.64,XY,80,80,0,1.0
2,presence,dropout,z_sd,0.64,YX,80,80,0,1.0
2,presence,dropout,z_sd,1.28,XY,80,80,0,1.0
2,presence,dropout,z_sd,1.28,YX,80,80,0,1.0
2,presence,dropout,z_sd,2.56,XY,80,80,0,1.0
2,presence,dropout,z_sd,2.56,YX,80,80,0,1.0
2,presence,dropout,z_sd,5.12,XY,80,80,0,1.0
2,presence,dropout,z_sd,5.12,YX,80,80,0,1.0
2,presence,dropout,z_sd,10.24,XY,80,80,0,1.0
2,presence,dropout,z_sd,10.24,YX,80,80,0,1.0
2,presence,dropout,z_sd,20.48,XY,80,80,0,1.0
2,presence,dropout,z_sd,20.48,YX,80,80,0,1.0
2,presence,noise,alpha,0.25,XY,80,80,0,1.0
2,presence,noise,alpha,0.25,YX,80,80,0,1.0
2,presence,noise,alpha,0.5,XY,80,80,0,1.0
2,presence,noise,alpha,0.5,YX,80,80,0,1.0
2,presence,noise,alpha,1.0,XY,80,80,0,1.0
2,presence,noise,alpha,1.0,YX,80,80,0,1.0
2,presence,noise,alpha,2.0,XY,80,80,0,1.0
2,presence,noise,alpha,2.0,YX,80,80,0,1.0
2,presence,noise,alpha,4.0,XY,80,80,0,1.0
2,presence,noise,alpha,4.0,YX,80,80,0,1.0
2,presence,noise,alpha,8.0,XY,80,80,0,1.0
2,presence,noise,alpha,8.0,YX,80,80,0,1.0
2,presence,noise,alpha,16.0,XY,80,80,0,1.0
2,presence,noise,alpha,16.0,YX,80,80,0,1.0
2,presence,noise,alpha,32.0,XY,80,80,0,1.0
2,presence,noise,alpha,32.0,YX,80,80,0,1.0
2,presence,noise,alpha,64.0,XY,80,80,0,1.0
2,presence,noise,alpha,64.0,YX,80,80,0,1.0
2,presence,noise,alpha,128.0,XY,80,80,0,1.0
2,presence,noise,alpha,128.0,YX,80,80,0,1.0
2,presence,noise,z_mad,0.01,XY,80,80,0,1.0
2,presence,noise,z_mad,0.01,YX,80,80,0,1.0
2,presence,noise,z_mad,0.02,XY,80,80,0,1.0
2,presence,noise,z_mad,0.02,YX,80,80,0,1.0
2,presence,noise,z_mad,0.04,XY,80,80,0,1.0
2,presence,noise,z_mad,0.04,YX,80,80,0,1.0
2,presence,noise,z_mad,0.08,XY,80,80,0,1.0
2,presence,noise,z_mad,0.08,YX,80,80,0,1.0
2,presence,noise,z_mad,0.16,XY,80,80,0,1.0
2,presence,noise,z_mad,0.16,YX,80,80,0,1.0
2,presence,noise,z_mad,0.32,XY,80,80,0,1.0
2,presence,noise,z_mad,0.32,YX,80,80,0,1.0
2,presence,noise,z_mad,0.64,XY,80,80,0,1.0
2,presence,noise,z_mad,0.64,YX,80,80,0,1.0
2,presence,noise,z_mad,1.28,XY,80,80,0,1.0
2,presence,noise,z_mad,1.28,YX,80,80,0,1.0
2,presence,noise,z_mad,2.56,XY,80,80,0,1.0
2,presence,noise,z_mad,2.56,YX,80,80,0,1.0
2,presence,noise,z_mad,5.12,XY,80,80,0,1.0
2,presence,noise,z_mad,5.12,YX,80,80,0,1.0
2,presence,noise,z_mad,10.24,XY,80,80,0,1.0
2,presence,noise,z_mad,10.24,YX,80,80,0,1.0
2,presence,noise,z_mad,20.48,XY,80,80,0,1.0
2,presence,noise,z_mad,20.48,YX,80,80,0,1.0
2,presence,noise,z_sd,0.01,XY,80,80,0,1.0
2,presence,noise,z_sd,0.01,YX,80,80,0,1.0
2,presence,noise,z_sd,0.02,XY,80,80,0,1.0
2,presence,noise,z_sd,0.02,YX,80,80,0,1.0
2,presence,noise,z_sd,0.04,XY,80,80,0,1.0
2,presence,noise,z_sd,0.04,YX,80,80,0,1.0
2,presence,noise,z_sd,0.08,XY,80,80,0,1.0
2,presence,noise,z_sd,0.08,YX,80,80,0,1.0
2,presence,noise,z_sd,0.16,XY,80,80,0,1.0
2,presence,noise,z_sd,0.16,YX,80,80,0,1.0
2,presence,noise,z_sd,0.32,XY,80,80,0,1.0
2,presence,noise,z_sd,0.32,YX,80,80,0,1.0
2,presence,noise,z_sd,0.64,XY,80,80,0,1.0
2,presence,noise,z_sd,0.64,YX,80,80,0,1.0
2,presence,noise,z_sd,1.28,XY,80,80,0,1.0
2,presence,noise,z_sd,1.28,YX,80,80,0,1.0
2,presence,noise,z_sd,2.56,XY,80,80,0,1.0
2,presence,noise,z_sd,2.56,YX,80,80,0,1.0
2,presence,noise,z_sd,5.12,XY,80,80,0,1.0
2,presence,noise,z_sd,5.12,YX,80,80,0,1.0
2,presence,noise,z_sd,10.24,XY,80,80,0,1.0
2,presence,noise,z_sd,10.24,YX,80,80,0,1.0
2,presence,noise,z_sd,20.48,XY,80,80,0,1.0
2,presence,noise,z_sd,20.48,YX,80,80,0,1.0
2,presence,random,alpha,0.25,XY,120,120,0,1.0
2,presence,random,alpha,0.25,YX,120,120,0,1.0
2,presence,random,alpha,0.5,XY,120,120,0,1.0
2,presence,random,alpha,0.5,YX,120,120,0,1.0
2,presence,random,alpha,1.0,XY,120,120,0,1.0
2,presence,random,alpha,1.0,YX,120,120,0,1.0
2,presence,random,alpha,2.0,XY,120,120,0,1.0
2,presence,random,alpha,2.0,YX,120,120,0,1.0
2,presence,random,alpha,4.0,XY,120,120,0,1.0
2,presence,random,alpha,4.0,YX,120,120,0,1.0
2,presence,random,alpha,8.0,XY,120,120,0,1.0
2,presence,random,alpha,8.0,YX,120,120,0,1.0
2,presence,random,alpha,16.0,XY,120,120,0,1.0
2,presence,random,alpha,16.0,YX,120,120,0,1.0
2,presence,random,alpha,32.0,XY,120,120,0,1.0
2,presence,random,alpha,32.0,YX,120,120,0,1.0
2,presence,random,alpha,64.0,XY,120,120,0,1.0
2,presence,random,alpha,64.0,YX,120,120,0,1.0
2,presence,random,alpha,128.0,XY,120,120,0,1.0
2,presence,random,alpha,128.0,YX,120,120,0,1.0
2,presence,random,z_mad,0.01,XY,120,120,0,1.0
2,presence,random,z_mad,0.01,YX,120,120,0,1.0
2,presence,random,z_mad,0.02,XY,120,120,0,1.0
2,presence,random,z_mad,0.02,YX,120,120,0,1.0
2,presence,random,z_mad,0.04,XY,120,120,0,1.0
2,presence,random,z_mad,0.04,YX,120,120,0,1.0
2,presence,random,z_mad,0.08,XY,120,120,0,1.0
2,presence,random,z_mad,0.08,YX,120,120,0,1.0
2,presence,random,z_mad,0.16,XY,120,120,0,1.0
2,presence,random,z_mad,0.16,YX,120,120,0,1.0
2,presence,random,z_mad,0.32,XY,120,120,0,1.0
2,presence,random,z_mad,0.32,YX,120,120,0,1.0
2,presence,random,z_mad,0.64,XY,120,120,0,1.0
2,presence,random,z_mad,0.64,YX,120,120,0,1.0
2,presence,random,z_mad,1.28,XY,120,120,0,1.0
2,presence,random,z_mad,1.28,YX,120,120,0,1.0
2,presence,random,z_mad,2.56,XY,120,120,0,1.0
2,presence,random,z_mad,2.56,YX,120,120,0,1.0
2,presence,random,z_mad,5.12,XY,120,120,0,1.0
2,presence,random,z_mad,5.12,YX,120,120,0,1.0
2,presence,random,z_mad,10.24,XY,120,120,0,1.0
2,presence,random,z_mad,10.24,YX,120,120,0,1.0
2,presence,random,z_mad,20.48,XY,120,120,0,1.0
2,presence,random,z_mad,20.48,YX,120,120,0,1.0
2,presence,random,z_sd,0.01,XY,120,120,0,1.0
2,presence,random,z_sd,0.01,YX,120,120,0,1.0
2,presence,random,z_sd,0.02,XY,120,120,0,1.0
2,presence,random,z_sd,0.02,YX,120,120,0,1.0
2,presence,random,z_sd,0.04,XY,120,120,0,1.0
2,presence,random,z_sd,0.04,YX,120,120,0,1.0
2,presence,random,z_sd,0.08,XY,120,120,0,1.0
2,presence,random,z_sd,0.08,YX,120,120,0,1.0
2,presence,random,z_sd,0.16,XY,120,120,0,1.0
2,presence,random,z_sd,0.16,YX,120,120,0,1.0
2,presence,random,z_sd,0.32,XY,120,120,0,1.0
2,presence,random,z_sd,0.32,YX,120,120,0,1.0
2,presence,random,z_sd,0.64,XY,120,120,0,1.0
2,presence,random,z_sd,0.64,YX,120,120,0,1.0
2,presence,random,z_sd,1.28,XY,120,120,0,1.0
2,presence,random,z_sd,1.28,YX,120,120,0,1.0
2,presence,random,z_sd,2.56,XY,120,120,0,1.0
2,presence,random,z_sd,2.56,YX,120,120,0,1.0
2,presence,random,z_sd,5.12,XY,120,120,0,1.0
2,presence,random,z_sd,5.12,YX,120,120,0,1.0
2,presence,random,z_sd,10.24,XY,120,120,0,1.0
2,presence,random,z_sd,10.24,YX,120,120,0,1.0
2,presence,random,z_sd,20.48,XY,120,120,0,1.0
2,presence,random,z_sd,20.48,YX,120,120,0,1.0
3,presence,concept,alpha,0.25,XY,400,400,0,1.0
3,presence,concept,alpha,0.25,YX,400,400,0,1.0
3,presence,concept,alpha,0.5,XY,400,400,0,1.0
3,presence,concept,alpha,0.5,YX,400,400,0,1.0
3,presence,concept,alpha,1.0,XY,400,400,0,1.0
3,presence,concept,alpha,1.0,YX,400,400,0,1.0
3,presence,concept,alpha,2.0,XY,400,400,0,1.0
3,presence,concept,alpha,2.0,YX,400,400,0,1.0
3,presence,concept,alpha,4.0,XY,400,400,0,1.0
3,presence,concept,alpha,4.0,YX,400,400,0,1.0
3,presence,concept,alpha,8.0,XY,400,400,0,1.0
3,presence,concept,alpha,8.0,YX,400,400,0,1.0
3,presence,concept,alpha,16.0,XY,400,400,0,1.0
3,presence,concept,alpha,16.0,YX,400,400,0,1.0
3,presence,concept,alpha,32.0,XY,400,400,0,1.0
3,presence,concept,alpha,32.0,YX,400,400,0,1.0
3,presence,concept,alpha,64.0,XY,400,400,0,1.0
3,presence,concept,alpha,64.0,YX,400,400,0,1.0
3,presence,concept,alpha,128.0,XY,400,400,0,1.0
3,presence,concept,alpha,128.0,YX,400,400,0,1.0
3,presence,concept,z_mad,0.01,XY,400,400,0,1.0
3,presence,concept,z_mad,0.01,YX,400,400,0,1.0
3,presence,concept,z_mad,0.02,XY,400,400,0,1.0
3,presence,concept,z_mad,0.02,YX,400,400,0,1.0
3,presence,concept,z_mad,0.04,XY,400,400,0,1.0
3,presence,concept,z_mad,0.04,YX,400,400,0,1.0
3,presence,concept,z_mad,0.08,XY,400,400,0,1.0
3,presence,concept,z_mad,0.08,YX,400,400,0,1.0
3,presence,concept,z_mad,0.16,XY,400,400,0,1.0
3,presence,concept,z_mad,0.16,YX,400,400,0,1.0
3,presence,concept,z_mad,0.32,XY,400,400,0,1.0
3,presence,concept,z_mad,0.32,YX,400,400,0,1.0
3,presence,concept,z_mad,0.64,XY,400,400,0,1.0
3,presence,concept,z_mad,0.64,YX,400,400,0,1.0
3,presence,concept,z_mad,1.28,XY,400,400,0,1.0
3,presence,concept,z_mad,1.28,YX,400,400,0,1.0
3,presence,concept,z_mad,2.56,XY,400,400,0,1.0
3,presence,concept,z_mad,2.56,YX,400,400,0,1.0
3,presence,concept,z_mad,5.12,XY,400,400,0,1.0
3,presence,concept,z_mad,5.12,YX,400,400,0,1.0
3,presence,concept,z_mad,10.24,XY,400,400,0,1.0
3,presence,concept,z_mad,10.24,YX,400,400,0,1.0
3,presence,concept,z_mad,20.48,XY,400,400,0,1.0
3,presence,concept,z_mad,20.48,YX,400,400,0,1.0
3,presence,concept,z_sd,0.01,XY,400,400,0,1.0
3,presence,concept,z_sd,0.01,YX,400,400,0,1.0
3,presence,concept,z_sd,0.02,XY,400,400,0,1.0
3,presence,concept,z_sd,0.02,YX,400,400,0,1.0
3,presence,concept,z_sd,0.04,XY,400,400,0,1.0
3,presence,concept,z_sd,0.04,YX,400,400,0,1.0
3,presence,concept,z_sd,0.08,XY,400,400,1,1.0
3,presence,concept,z_sd,0.08,YX,400,400,0,1.0
3,presence,concept,z_sd,0.16,XY,400,400,0,1.0
3,presence,concept,z_sd,0.16,YX,400,400,0,1.0
3,presence,concept,z_sd,0.32,XY,400,400,0,1.0
3,presence,concept,z_sd,0.32,YX,400,400,0,1.0
3,presence,concept,z_sd,0.64,XY,400,400,0,1.0
3,presence,concept,z_sd,0.64,YX,400,400,0,1.0
3,presence,concept,z_sd,1.28,XY,400,400,0,1.0
3,presence,concept,z_sd,1.28,YX,400,400,0,1.0
3,presence,concept,z_sd,2.56,XY,400,400,0,1.0
3,presence,concept,z_sd,2.56,YX,400,400,0,1.0
3,presence,concept,z_sd,5.12,XY,400,400,0,1.0
3,presence,concept,z_sd,5.12,YX,400,400,0,1.0
3,presence,concept,z_sd,10.24,XY,400,400,0,1.0
3,presence,concept,z_sd,10.24,YX,400,400,0,1.0
3,presence,concept,z_sd,20.48,XY,400,400,0,1.0
3,presence,concept,z_sd,20.48,YX,400,400,0,1.0
3,presence,dropout,alpha,0.25,XY,80,80,0,1.0
3,presence,dropout,alpha,0.25,YX,80,80,0,1.0
3,presence,dropout,alpha,0.5,XY,80,80,0,1.0
3,presence,dropout,alpha,0.5,YX,80,80,0,1.0
3,presence,dropout,alpha,1.0,XY,80,80,0,1.0
3,presence,dropout,alpha,1.0,YX,80,80,0,1.0
3,presence,dropout,alpha,2.0,XY,80,80,0,1.0
3,presence,dropout,alpha,2.0,YX,80,80,0,1.0
3,presence,dropout,alpha,4.0,XY,80,80,0,1.0
3,presence,dropout,alpha,4.0,YX,80,80,0,1.0
3,presence,dropout,alpha,8.0,XY,80,80,0,1.0
3,presence,dropout,alpha,8.0,YX,80,80,0,1.0
3,presence,dropout,alpha,16.0,XY,80,80,0,1.0
3,presence,dropout,alpha,16.0,YX,80,80,0,1.0
3,presence,dropout,alpha,32.0,XY,80,80,0,1.0
3,presence,dropout,alpha,32.0,YX,80,80,0,1.0
3,presence,dropout,alpha,64.0,XY,80,80,0,1.0
3,presence,dropout,alpha,64.0,YX,80,80,0,1.0
3,presence,dropout,alpha,128.0,XY,80,80,0,1.0
3,presence,dropout,alpha,128.0,YX,80,80,0,1.0
3,presence,dropout,z_mad,0.01,XY,80,80,0,1.0
3,presence,dropout,z_mad,0.01,YX,80,80,0,1.0
3,presence,dropout,z_mad,0.02,XY,80,80,0,1.0
3,presence,dropout,z_mad,0.02,YX,80,80,0,1.0
3,presence,dropout,z_mad,0.04,XY,80,80,0,1.0
3,presence,dropout,z_mad,0.04,YX,80,80,0,1.0
3,presence,dropout,z_mad,0.08,XY,80,80,0,1.0
3,presence,dropout,z_mad,0.08,YX,80,80,0,1.0
3,presence,dropout,z_mad,0.16,XY,80,80,0,1.0
3,presence,dropout,z_mad,0.16,YX,80,80,0,1.0
3,presence,dropout,z_mad,0.32,XY,80,80,0,1.0
3,presence,dropout,z_mad,0.32,YX,80,80,0,1.0
3,presence,dropout,z_mad,0.64,XY,80,80,0,1.0
3,presence,dropout,z_mad,0.64,YX,80,80,0,1.0
3,presence,dropout,z_mad,1.28,XY,80,80,0,1.0
3,presence,dropout,z_mad,1.28,YX,80,80,0,1.0
3,presence,dropout,z_mad,2.56,XY,80,80,0,1.0
3,presence,dropout,z_mad,2.56,YX,80,80,0,1.0
3,presence,dropout,z_mad,5.12,XY,80,80,0,1.0
3,presence,dropout,z_mad,5.12,YX,80,80,0,1.0
3,presence,dropout,z_mad,10.24,XY,80,80,0,1.0
3,presence,dropout,z_mad,10.24,YX,80,80,0,1.0
3,presence,dropout,z_mad,20.48,XY,80,80,0,1.0
3,presence,dropout,z_mad,20.48,YX,80,80,0,1.0
3,presence,dropout,z_sd,0.01,XY,80,80,0,1.0
3,presence,dropout,z_sd,0.01,YX,80,80,0,1.0
3,presence,dropout,z_sd,0.02,XY,80,80,0,1.0
3,presence,dropout,z_sd,0.02,YX,80,80,0,1.0
3,presence,dropout,z_sd,0.04,XY,80,80,0,1.0
3,presence,dropout,z_sd,0.04,YX,80,80,0,1.0
3,presence,dropout,z_sd,0.08,XY,80,80,0,1.0
3,presence,dropout,z_sd,0.08,YX,80,80,0,1.0
3,presence,dropout,z_sd,0.16,XY,80,80,0,1.0
3,presence,dropout,z_sd,0.16,YX,80,80,0,1.0
3,presence,dropout,z_sd,0.32,XY,80,80,0,1.0
3,presence,dropout,z_sd,0.32,YX,80,80,0,1.0
3,presence,dropout,z_sd,0.64,XY,80,80,0,1.0
3,presence,dropout,z_sd,0.64,YX,80,80,0,1.0
3,presence,dropout,z_sd,1.28,XY,80,80,0,1.0
3,presence,dropout,z_sd,1.28,YX,80,80,0,1.0
3,presence,dropout,z_sd,2.56,XY,80,80,0,1.0
3,presence,dropout,z_sd,2.56,YX,80,80,0,1.0
3,presence,dropout,z_sd,5.12,XY,80,80,0,1.0
3,presence,dropout,z_sd,5.12,YX,80,80,0,1.0
3,presence,dropout,z_sd,10.24,XY,80,80,0,1.0
3,presence,dropout,z_sd,10.24,YX,80,80,0,1.0
3,presence,dropout,z_sd,20.48,XY,80,80,0,1.0
3,presence,dropout,z_sd,20.48,YX,80,80,0,1.0
3,presence,noise,alpha,0.25,XY,80,80,0,1.0
3,presence,noise,alpha,0.25,YX,80,80,0,1.0
3,presence,noise,alpha,0.5,XY,80,80,0,1.0
3,presence,noise,alpha,0.5,YX,80,80,0,1.0
3,presence,noise,alpha,1.0,XY,80,80,0,1.0
3,presence,noise,alpha,1.0,YX,80,80,0,1.0
3,presence,noise,alpha,2.0,XY,80,80,0,1.0
3,presence,noise,alpha,2.0,YX,80,80,0,1.0
3,presence,noise,alpha,4.0,XY,80,80,0,1.0
3,presence,noise,alpha,4.0,YX,80,80,0,1.0
3,presence,noise,alpha,8.0,XY,80,80,1,1.0
3,presence,noise,alpha,8.0,YX,80,80,0,1.0
3,presence,noise,alpha,16.0,XY,80,80,0,1.0
3,presence,noise,alpha,16.0,YX,80,80,0,1.0
3,presence,noise,alpha,32.0,XY,80,80,0,1.0
3,presence,noise,alpha,32.0,YX,80,80,0,1.0
3,presence,noise,alpha,64.0,XY,80,80,0,1.0
3,presence,noise,alpha,64.0,YX,80,80,0,1.0
3,presence,noise,alpha,128.0,XY,80,80,0,1.0
3,presence,noise,alpha,128.0,YX,80,80,0,1.0
3,presence,noise,z_mad,0.01,XY,80,80,0,1.0
3,presence,noise,z_mad,0.01,YX,80,80,0,1.0
3,presence,noise,z_mad,0.02,XY,80,80,0,1.0
3,presence,noise,z_mad,0.02,YX,80,80,0,1.0
3,presence,noise,z_mad,0.04,XY,80,80,0,1.0
3,presence,noise,z_mad,0.04,YX,80,80,0,1.0
3,presence,noise,z_mad,0.08,XY,80,80,0,1.0
3,presence,noise,z_mad,0.08,YX,80,80,0,1.0
3,presence,noise,z_mad,0.16,XY,80,80,0,1.0
3,presence,noise,z_mad,0.16,YX,80,80,0,1.0
3,presence,noise,z_mad,0.32,XY,80,80,0,1.0
3,presence,noise,z_mad,0.32,YX,80,80,0,1.0
3,presence,noise,z_mad,0.64,XY,80,80,0,1.0
3,presence,noise,z_mad,0.64,YX,80,80,0,1.0
3,presence,noise,z_mad,1.28,XY,80,80,0,1.0
3,presence,noise,z_mad,1.28,YX,80,80,0,1.0
3,presence,noise,z_mad,2.56,XY,80,80,0,1.0
3,presence,noise,z_mad,2.56,YX,80,80,0,1.0
3,presence,noise,z_mad,5.12,XY,80,80,0,1.0
3,presence,noise,z_mad,5.12,YX,80,80,0,1.0
3,presence,noise,z_mad,10.24,XY,80,80,0,1.0
3,presence,noise,z_mad,10.24,YX,80,80,0,1.0
3,presence,noise,z_mad,20.48,XY,80,80,0,1.0
3,presence,noise,z_mad,20.48,YX,80,80,0,1.0
3,presence,noise,z_sd,0.01,XY,80,80,0,1.0
3,presence,noise,z_sd,0.01,YX,80,80,0,1.0
3,presence,noise,z_sd,0.02,XY,80,80,0,1.0
3,presence,noise,z_sd,0.02,YX,80,80,0,1.0
3,presence,noise,z_sd,0.04,XY,80,80,0,1.0
3,presence,noise,z_sd,0.04,YX,80,80,0,1.0
3,presence,noise,z_sd,0.08,XY,80,80,0,1.0
3,presence,noise,z_sd,0.08,YX,80,80,0,1.0
3,presence,noise,z_sd,0.16,XY,80,80,0,1.0
3,presence,noise,z_sd,0.16,YX,80,80,0,1.0
3,presence,noise,z_sd,0.32,XY,80,80,0,1.0
3,presence,noise,z_sd,0.32,YX,80,80,0,1.0
3,presence,noise,z_sd,0.64,XY,80,80,0,1.0
3,presence,noise,z_sd,0.64,YX,80,80,0,1.0
3,presence,noise,z_sd,1.28,XY,80,80,0,1.0
3,presence,noise,z_sd,1.28,YX,80,80,0,1.0
3,presence,noise,z_sd,2.56,XY,80,80,0,1.0
3,presence,noise,z_sd,2.56,YX,80,80,0,1.0
3,presence,noise,z_sd,5.12,XY,80,80,0,1.0
3,presence,noise,z_sd,5.12,YX,80,80,0,1.0
3,presence,noise,z_sd,10.24,XY,80,80,0,1.0
3,presence,noise,z_sd,10.24,YX,80,80,0,1.0
3,presence,noise,z_sd,20.48,XY,80,80,0,1.0
3,presence,noise,z_sd,20.48,YX,80,80,0,1.0
3,presence,random,alpha,0.25,XY,120,120,0,1.0
3,presence,random,alpha,0.25,YX,120,120,0,1.0
3,presence,random,alpha,0.5,XY,120,120,0,1.0
3,presence,random,alpha,0.5,YX,120,120,0,1.0
3,presence,random,alpha,1.0,XY,120,120,0,1.0
3,presence,random,alpha,1.0,YX,120,120,0,1.0
3,presence,random,alpha,2.0,XY,120,120,0,1.0
3,presence,random,alpha,2.0,YX,120,120,0,1.0
3,presence,random,alpha,4.0,XY,120,120,0,1.0
3,presence,random,alpha,4.0,YX,120,120,0,1.0
3,presence,random,alpha,8.0,XY,120,120,0,1.0
3,presence,random,alpha,8.0,YX,120,120,0,1.0
3,presence,random,alpha,16.0,XY,120,120,0,1.0
3,presence,random,alpha,16.0,YX,120,120,0,1.0
3,presence,random,alpha,32.0,XY,120,120,0,1.0
3,presence,random,alpha,32.0,YX,120,120,0,1.0
3,presence,random,alpha,64.0,XY,120,120,0,1.0
3,presence,random,alpha,64.0,YX,120,120,0,1.0
3,presence,random,alpha,128.0,XY,120,120,0,1.0
3,presence,random,alpha,128.0,YX,120,120,0,1.0
3,presence,random,z_mad,0.01,XY,120,120,0,1.0
3,presence,random,z_mad,0.01,YX,120,120,0,1.0
3,presence,random,z_mad,0.02,XY,120,120,0,1.0
3,presence,random,z_mad,0.02,YX,120,120,0,1.0
3,presence,random,z_mad,0.04,XY,120,120,0,1.0
3,presence,random,z_mad,0.04,YX,120,120,0,1.0
3,presence,random,z_mad,0.08,XY,120,120,0,1.0
3,presence,random,z_mad,0.08,YX,120,120,0,1.0
3,presence,random,z_mad,0.16,XY,120,120,0,1.0
3,presence,random,z_mad,0.16,YX,120,120,0,1.0
3,presence,random,z_mad,0.32,XY,120,120,0,1.0
3,presence,random,z_mad,0.32,YX,120,120,0,1.0
3,presence,random,z_mad,0.64,XY,120,120,0,1.0
3,presence,random,z_mad,0.64,YX,120,120,0,1.0
3,presence,random,z_mad,1.28,XY,120,120,0,1.0
3,presence,random,z_mad,1.28,YX,120,120,0,1.0
3,presence,random,z_mad,2.56,XY,120,120,0,1.0
3,presence,random,z_mad,2.56,YX,120,120,0,1.0
3,presence,random,z_mad,5.12,XY,120,120,0,1.0
3,presence,random,z_mad,5.12,YX,120,120,0,1.0
3,presence,random,z_mad,10.24,XY,120,120,0,1.0
3,presence,random,z_mad,10.24,YX,120,120,0,1.0
3,presence,random,z_mad,20.48,XY,120,120,0,1.0
3,presence,random,z_mad,20.48,YX,120,120,0,1.0
3,presence,random,z_sd,0.01,XY,120,120,0,1.0
3,presence,random,z_sd,0.01,YX,120,120,0,1.0
3,presence,random,z_sd,0.02,XY,120,120,0,1.0
3,presence,random,z_sd,0.02,YX,120,120,0,1.0
3,presence,random,z_sd,0.04,XY,120,120,0,1.0
3,presence,random,z_sd,0.04,YX,120,120,0,1.0
3,presence,random,z_sd,0.08,XY,120,120,0,1.0
3,presence,random,z_sd,0.08,YX,120,120,0,1.0
3,presence,random,z_sd,0.16,XY,120,120,0,1.0
3,presence,random,z_sd,0.16,YX,120,120,0,1.0
3,presence,random,z_sd,0.32,XY,120,120,0,1.0
3,presence,random,z_sd,0.32,YX,120,120,0,1.0
3,presence,random,z_sd,0.64,XY,120,120,0,1.0
3,presence,random,z_sd,0.64,YX,120,120,0,1.0
3,presence,random,z_sd,1.28,XY,120,120,0,1.0
3,presence,random,z_sd,1.28,YX,120,120,0,1.0
3,presence,random,z_sd,2.56,XY,120,120,0,1.0
3,presence,random,z_sd,2.56,YX,120,120,0,1.0
3,presence,random,z_sd,5.12,XY,120,120,0,1.0
3,presence,random,z_sd,5.12,YX,120,120,0,1.0
3,presence,random,z_sd,10.24,XY,120,120,0,1.0
3,presence,random,z_sd,10.24,YX,120,120,0,1.0
3,presence,random,z_sd,20.48,XY,120,120,0,1.0
3,presence,random,z_sd,20.48,YX,120,120,0,1.0
4,presence,concept,alpha,0.25,XY,400,400,0,1.0
4,presence,concept,alpha,0.25,YX,400,400,0,1.0
4,presence,concept,alpha,0.5,XY,400,400,0,1.0
4,presence,concept,alpha,0.5,YX,400,400,0,1.0
4,presence,concept,alpha,1.0,XY,400,400,0,1.0
4,presence,concept,alpha,1.0,YX,400,400,0,1.0
4,presence,concept,alpha,2.0,XY,400,400,0,1.0
4,presence,concept,alpha,2.0,YX,400,400,0,1.0
4,presence,concept,alpha,4.0,XY,400,400,0,1.0
4,presence,concept,alpha,4.0,YX,400,400,0,1.0
4,presence,concept,alpha,8.0,XY,400,400,0,1.0
4,presence,concept,alpha,8.0,YX,400,400,0,1.0
4,presence,concept,alpha,16.0,XY,400,400,0,1.0
4,presence,concept,alpha,16.0,YX,400,400,0,1.0
4,presence,concept,alpha,32.0,XY,400,400,0,1.0
4,presence,concept,alpha,32.0,YX,400,400,0,1.0
4,presence,concept,alpha,64.0,XY,400,400,0,1.0
4,presence,concept,alpha,64.0,YX,400,400,0,1.0
4,presence,concept,alpha,128.0,XY,400,400,0,1.0
4,presence,concept,alpha,128.0,YX,400,400,0,1.0
4,presence,concept,z_mad,0.01,XY,400,400,0,1.0
4,presence,concept,z_mad,0.01,YX,400,400,0,1.0
4,presence,concept,z_mad,0.02,XY,400,400,0,1.0
4,presence,concept,z_mad,0.02,YX,400,400,0,1.0
4,presence,concept,z_mad,0.04,XY,400,400,0,1.0
4,presence,concept,z_mad,0.04,YX,400,400,0,1.0
4,presence,concept,z_mad,0.08,XY,400,400,0,1.0
4,presence,concept,z_mad,0.08,YX,400,400,0,1.0
4,presence,concept,z_mad,0.16,XY,400,400,0,1.0
4,presence,concept,z_mad,0.16,YX,400,400,0,1.0
4,presence,concept,z_mad,0.32,XY,400,400,0,1.0
4,presence,concept,z_mad,0.32,YX,400,400,0,1.0
4,presence,concept,z_mad,0.64,XY,400,400,0,1.0
4,presence,concept,z_mad,0.64,YX,400,400,0,1.0
4,presence,concept,z_mad,1.28,XY,400,400,0,1.0
4,presence,concept,z_mad,1.28,YX,400,400,0,1.0
4,presence,concept,z_mad,2.56,XY,400,400,0,1.0
4,presence,concept,z_mad,2.56,YX,400,400,0,1.0
4,presence,concept,z_mad,5.12,XY,400,400,0,1.0
4,presence,concept,z_mad,5.12,YX,400,400,0,1.0
4,presence,concept,z_mad,10.24,XY,400,400,0,1.0
4,presence,concept,z_mad,10.24,YX,400,400,0,1.0
4,presence,concept,z_mad,20.48,XY,400,400,0,1.0
4,presence,concept,z_mad,20.48,YX,400,400,0,1.0
4,presence,concept,z_sd,0.01,XY,400,400,0,1.0
4,presence,concept,z_sd,0.01,YX,400,400,0,1.0
4,presence,concept,z_sd,0.02,XY,400,400,0,1.0
4,presence,concept,z_sd,0.02,YX,400,400,0,1.0
4,presence,concept,z_sd,0.04,XY,400,400,0,1.0
4,presence,concept,z_sd,0.04,YX,400,400,0,1.0
4,presence,concept,z_sd,0.08,XY,400,400,0,1.0
4,presence,concept,z_sd,0.08,YX,400,400,0,1.0
4,presence,concept,z_sd,0.16,XY,400,400,0,1.0
4,presence,concept,z_sd,0.16,YX,400,400,0,1.0
4,presence,concept,z_sd,0.32,XY,400,400,0,1.0
4,presence,concept,z_sd,0.32,YX,400,400,0,1.0
4,presence,concept,z_sd,0.64,XY,400,400,0,1.0
4,presence,concept,z_sd,0.64,YX,400,400,0,1.0
4,presence,concept,z_sd,1.28,XY,400,400,0,1.0
4,presence,concept,z_sd,1.28,YX,400,400,0,1.0
4,presence,concept,z_sd,2.56,XY,400,400,0,1.0
4,presence,concept,z_sd,2.56,YX,400,400,0,1.0
4,presence,concept,z_sd,5.12,XY,400,400,0,1.0
4,presence,concept,z_sd,5.12,YX,400,400,0,1.0
4,presence,concept,z_sd,10.24,XY,400,400,0,1.0
4,presence,concept,z_sd,10.24,YX,400,400,0,1.0
4,presence,concept,z_sd,20.48,XY,400,400,0,1.0
4,presence,concept,z_sd,20.48,YX,400,400,0,1.0
4,presence,dropout,alpha,0.25,XY,80,80,0,1.0
4,presence,dropout,alpha,0.25,YX,80,80,0,1.0
4,presence,dropout,alpha,0.5,XY,80,80,0,1.0
4,presence,dropout,alpha,0.5,YX,80,80,0,1.0
4,presence,dropout,alpha,1.0,XY,80,80,0,1.0
4,presence,dropout,alpha,1.0,YX,80,80,0,1.0
4,presence,dropout,alpha,2.0,XY,80,80,0,1.0
4,presence,dropout,alpha,2.0,YX,80,80,0,1.0
4,presence,dropout,alpha,4.0,XY,80,80,0,1.0
4,presence,dropout,alpha,4.0,YX,80,80,0,1.0
4,presence,dropout,alpha,8.0,XY,80,80,0,1.0
4,presence,dropout,alpha,8.0,YX,80,80,0,1.0
4,presence,dropout,alpha,16.0,XY,80,80,0,1.0
4,presence,dropout,alpha,16.0,YX,80,80,0,1.0
4,presence,dropout,alpha,32.0,XY,80,80,0,1.0
4,presence,dropout,alpha,32.0,YX,80,80,0,1.0
4,presence,dropout,alpha,64.0,XY,80,80,0,1.0
4,presence,dropout,alpha,64.0,YX,80,80,0,1.0
4,presence,dropout,alpha,128.0,XY,80,79,0,0.9875
4,presence,dropout,alpha,128.0,YX,80,79,0,0.9875
4,presence,dropout,z_mad,0.01,XY,80,80,0,1.0
4,presence,dropout,z_mad,0.01,YX,80,80,0,1.0
4,presence,dropout,z_mad,0.02,XY,80,80,0,1.0
4,presence,dropout,z_mad,0.02,YX,80,80,0,1.0
4,presence,dropout,z_mad,0.04,XY,80,80,0,1.0
4,presence,dropout,z_mad,0.04,YX,80,80,0,1.0
4,presence,dropout,z_mad,0.08,XY,80,80,0,1.0
4,presence,dropout,z_mad,0.08,YX,80,80,0,1.0
4,presence,dropout,z_mad,0.16,XY,80,80,0,1.0
4,presence,dropout,z_mad,0.16,YX,80,80,0,1.0
4,presence,dropout,z_mad,0.32,XY,80,80,0,1.0
4,presence,dropout,z_mad,0.32,YX,80,80,0,1.0
4,presence,dropout,z_mad,0.64,XY,80,80,0,1.0
4,presence,dropout,z_mad,0.64,YX,80,80,0,1.0
4,presence,dropout,z_mad,1.28,XY,80,80,0,1.0
4,presence,dropout,z_mad,1.28,YX,80,80,0,1.0
4,presence,dropout,z_mad,2.56,XY,80,80,0,1.0
4,presence,dropout,z_mad,2.56,YX,80,80,0,1.0
4,presence,dropout,z_mad,5.12,XY,80,80,0,1.0
4,presence,dropout,z_mad,5.12,YX,80,80,0,1.0
4,presence,dropout,z_mad,10.24,XY,80,80,0,1.0
4,presence,dropout,z_mad,10.24,YX,80,80,0,1.0
4,presence,dropout,z_mad,20.48,XY,80,80,0,1.0
4,presence,dropout,z_mad,20.48,YX,80,80,0,1.0
4,presence,dropout,z_sd,0.01,XY,80,80,0,1.0
4,presence,dropout,z_sd,0.01,YX,80,80,0,1.0
4,presence,dropout,z_sd,0.02,XY,80,80,0,1.0
4,presence,dropout,z_sd,0.02,YX,80,80,0,1.0
4,presence,dropout,z_sd,0.04,XY,80,80,0,1.0
4,presence,dropout,z_sd,0.04,YX,80,80,0,1.0
4,presence,dropout,z_sd,0.08,XY,80,80,0,1.0
4,presence,dropout,z_sd,0.08,YX,80,80,0,1.0
4,presence,dropout,z_sd,0.16,XY,80,80,0,1.0
4,presence,dropout,z_sd,0.16,YX,80,80,0,1.0
4,presence,dropout,z_sd,0.32,XY,80,80,0,1.0
4,presence,dropout,z_sd,0.32,YX,80,80,0,1.0
4,presence,dropout,z_sd,0.64,XY,80,80,0,1.0
4,presence,dropout,z_sd,0.64,YX,80,80,0,1.0
4,presence,dropout,z_sd,1.28,XY,80,80,0,1.0
4,presence,dropout,z_sd,1.28,YX,80,80,0,1.0
4,presence,dropout,z_sd,2.56,XY,80,80,0,1.0
4,presence,dropout,z_sd,2.56,YX,80,80,0,1.0
4,presence,dropout,z_sd,5.12,XY,80,80,0,1.0
4,presence,dropout,z_sd,5.12,YX,80,80,0,1.0
4,presence,dropout,z_sd,10.24,XY,80,80,0,1.0
4,presence,dropout,z_sd,10.24,YX,80,80,0,1.0
4,presence,dropout,z_sd,20.48,XY,80,80,0,1.0
4,presence,dropout,z_sd,20.48,YX,80,80,0,1.0
4,presence,noise,alpha,0.25,XY,80,80,0,1.0
4,presence,noise,alpha,0.25,YX,80,80,0,1.0
4,presence,noise,alpha,0.5,XY,80,80,0,1.0
4,presence,noise,alpha,0.5,YX,80,80,0,1.0
4,presence,noise,alpha,1.0,XY,80,80,0,1.0
4,presence,noise,alpha,1.0,YX,80,80,0,1.0
4,presence,noise,alpha,2.0,XY,80,80,0,1.0
4,presence,noise,alpha,2.0,YX,80,80,0,1.0
4,presence,noise,alpha,4.0,XY,80,80,0,1.0
4,presence,noise,alpha,4.0,YX,80,80,0,1.0
4,presence,noise,alpha,8.0,XY,80,80,0,1.0
4,presence,noise,alpha,8.0,YX,80,80,0,1.0
4,presence,noise,alpha,16.0,XY,80,80,0,1.0
4,presence,noise,alpha,16.0,YX,80,80,0,1.0
4,presence,noise,alpha,32.0,XY,80,80,0,1.0
4,presence,noise,alpha,32.0,YX,80,80,0,1.0
4,presence,noise,alpha,64.0,XY,80,80,0,1.0
4,presence,noise,alpha,64.0,YX,80,80,0,1.0
4,presence,noise,alpha,128.0,XY,80,80,0,1.0
4,presence,noise,alpha,128.0,YX,80,80,0,1.0
4,presence,noise,z_mad,0.01,XY,80,80,0,1.0
4,presence,noise,z_mad,0.01,YX,80,80,0,1.0
4,presence,noise,z_mad,0.02,XY,80,80,0,1.0
4,presence,noise,z_mad,0.02,YX,80,80,0,1.0
4,presence,noise,z_mad,0.04,XY,80,80,0,1.0
4,presence,noise,z_mad,0.04,YX,80,80,0,1.0
4,presence,noise,z_mad,0.08,XY,80,80,0,1.0
4,presence,noise,z_mad,0.08,YX,80,80,0,1.0
4,presence,noise,z_mad,0.16,XY,80,80,0,1.0
4,presence,noise,z_mad,0.16,YX,80,80,0,1.0
4,presence,noise,z_mad,0.32,XY,80,80,0,1.0
4,presence,noise,z_mad,0.32,YX,80,80,0,1.0
4,presence,noise,z_mad,0.64,XY,80,80,0,1.0
4,presence,noise,z_mad,0.64,YX,80,80,0,1.0
4,presence,noise,z_mad,1.28,XY,80,80,0,1.0
4,presence,noise,z_mad,1.28,YX,80,80,0,1.0
4,presence,noise,z_mad,2.56,XY,80,80,0,1.0
4,presence,noise,z_mad,2.56,YX,80,80,0,1.0
4,presence,noise,z_mad,5.12,XY,80,80,0,1.0
4,presence,noise,z_mad,5.12,YX,80,80,0,1.0
4,presence,noise,z_mad,10.24,XY,80,80,0,1.0
4,presence,noise,z_mad,10.24,YX,80,80,0,1.0
4,presence,noise,z_mad,20.48,XY,80,80,0,1.0
4,presence,noise,z_mad,20.48,YX,80,80,0,1.0
4,presence,noise,z_sd,0.01,XY,80,80,0,1.0
4,presence,noise,z_sd,0.01,YX,80,80,0,1.0
4,presence,noise,z_sd,0.02,XY,80,80,0,1.0
4,presence,noise,z_sd,0.02,YX,80,80,0,1.0
4,presence,noise,z_sd,0.04,XY,80,80,0,1.0
4,presence,noise,z_sd,0.04,YX,80,80,0,1.0
4,presence,noise,z_sd,0.08,XY,80,80,0,1.0
4,presence,noise,z_sd,0.08,YX,80,80,0,1.0
4,presence,noise,z_sd,0.16,XY,80,80,0,1.0
4,presence,noise,z_sd,0.16,YX,80,80,0,1.0
4,presence,noise,z_sd,0.32,XY,80,80,0,1.0
4,presence,noise,z_sd,0.32,YX,80,80,0,1.0
4,presence,noise,z_sd,0.64,XY,80,80,0,1.0
4,presence,noise,z_sd,0.64,YX,80,80,0,1.0
4,presence,noise,z_sd,1.28,XY,80,80,0,1.0
4,presence,noise,z_sd,1.28,YX,80,80,0,1.0
4,presence,noise,z_sd,2.56,XY,80,80,0,1.0
4,presence,noise,z_sd,2.56,YX,80,80,0,1.0
4,presence,noise,z_sd,5.12,XY,80,80,0,1.0
4,presence,noise,z_sd,5.12,YX,80,80,0,1.0
4,presence,noise,z_sd,10.24,XY,80,80,0,1.0
4,presence,noise,z_sd,10.24,YX,80,80,0,1.0
4,presence,noise,z_sd,20.48,XY,80,80,0,1.0
4,presence,noise,z_sd,20.48,YX,80,80,0,1.0
4,presence,random,alpha,0.25,XY,120,120,0,1.0
4,presence,random,alpha,0.25,YX,120,120,0,1.0
4,presence,random,alpha,0.5,XY,120,120,0,1.0
4,presence,random,alpha,0.5,YX,120,120,0,1.0
4,presence,random,alpha,1.0,XY,120,120,0,1.0
4,presence,random,alpha,1.0,YX,120,120,0,1.0
4,presence,random,alpha,2.0,XY,120,120,0,1.0
4,presence,random,alpha,2.0,YX,120,120,0,1.0
4,presence,random,alpha,4.0,XY,120,120,0,1.0
4,presence,random,alpha,4.0,YX,120,120,0,1.0
4,presence,random,alpha,8.0,XY,120,120,0,1.0
4,presence,random,alpha,8.0,YX,120,120,0,1.0
4,presence,random,alpha,16.0,XY,120,120,0,1.0
4,presence,random,alpha,16.0,YX,120,120,0,1.0
4,presence,random,alpha,32.0,XY,120,120,0,1.0
4,presence,random,alpha,32.0,YX,120,120,0,1.0
4,presence,random,alpha,64.0,XY,120,120,0,1.0
4,presence,random,alpha,64.0,YX,120,120,0,1.0
4,presence,random,alpha,128.0,XY,120,112,4,0.9333333333333333
4,presence,random,alpha,128.0,YX,120,116,1,0.9666666666666667
4,presence,random,z_mad,0.01,XY,120,120,0,1.0
4,presence,random,z_mad,0.01,YX,120,120,0,1.0
4,presence,random,z_mad,0.02,XY,120,120,0,1.0
4,presence,random,z_mad,0.02,YX,120,120,0,1.0
4,presence,random,z_mad,0.04,XY,120,120,0,1.0
4,presence,random,z_mad,0.04,YX,120,120,0,1.0
4,presence,random,z_mad,0.08,XY,120,120,0,1.0
4,presence,random,z_mad,0.08,YX,120,120,0,1.0
4,presence,random,z_mad,0.16,XY,120,120,0,1.0
4,presence,random,z_mad,0.16,YX,120,120,0,1.0
4,presence,random,z_mad,0.32,XY,120,120,0,1.0
4,presence,random,z_mad,0.32,YX,120,120,0,1.0
4,presence,random,z_mad,0.64,XY,120,120,0,1.0
4,presence,random,z_mad,0.64,YX,120,120,0,1.0
4,presence,random,z_mad,1.28,XY,120,120,0,1.0
4,presence,random,z_mad,1.28,YX,120,120,0,1.0
4,presence,random,z_mad,2.56,XY,120,120,0,1.0
4,presence,random,z_mad,2.56,YX,120,120,0,1.0
4,presence,random,z_mad,5.12,XY,120,120,0,1.0
4,presence,random,z_mad,5.12,YX,120,120,0,1.0
4,presence,random,z_mad,10.24,XY,120,120,0,1.0
4,presence,random,z_mad,10.24,YX,120,120,0,1.0
4,presence,random,z_mad,20.48,XY,120,120,0,1.0
4,presence,random,z_mad,20.48,YX,120,120,0,1.0
4,presence,random,z_sd,0.01,XY,120,120,0,1.0
4,presence,random,z_sd,0.01,YX,120,120,0,1.0
4,presence,random,z_sd,0.02,XY,120,120,0,1.0
4,presence,random,z_sd,0.02,YX,120,120,0,1.0
4,presence,random,z_sd,0.04,XY,120,120,0,1.0
4,presence,random,z_sd,0.04,YX,120,120,0,1.0
4,presence,random,z_sd,0.08,XY,120,120,0,1.0
4,presence,random,z_sd,0.08,YX,120,120,0,1.0
4,presence,random,z_sd,0.16,XY,120,120,0,1.0
4,presence,random,z_sd,0.16,YX,120,120,0,1.0
4,presence,random,z_sd,0.32,XY,120,120,0,1.0
4,presence,random,z_sd,0.32,YX,120,120,0,1.0
4,presence,random,z_sd,0.64,XY,120,120,0,1.0
4,presence,random,z_sd,0.64,YX,120,120,0,1.0
4,presence,random,z_sd,1.28,XY,120,120,0,1.0
4,presence,random,z_sd,1.28,YX,120,120,0,1.0
4,presence,random,z_sd,2.56,XY,120,120,0,1.0
4,presence,random,z_sd,2.56,YX,120,120,0,1.0
4,presence,random,z_sd,5.12,XY,120,120,0,1.0
4,presence,random,z_sd,5.12,YX,120,120,0,1.0
4,presence,random,z_sd,10.24,XY,120,120,0,1.0
4,presence,random,z_sd,10.24,YX,120,120,0,1.0
4,presence,random,z_sd,20.48,XY,120,120,1,1.0
4,presence,random,z_sd,20.48,YX,120,120,0,1.0
5,presence,concept,alpha,0.25,XY,400,400,0,1.0
5,presence,concept,alpha,0.25,YX,400,400,0,1.0
5,presence,concept,alpha,0.5,XY,400,400,0,1.0
5,presence,concept,alpha,0.5,YX,400,400,0,1.0
5,presence,concept,alpha,1.0,XY,400,400,0,1.0
5,presence,concept,alpha,1.0,YX,400,400,0,1.0
5,presence,concept,alpha,2.0,XY,400,400,0,1.0
5,presence,concept,alpha,2.0,YX,400,400,0,1.0
5,presence,concept,alpha,4.0,XY,400,400,0,1.0
5,presence,concept,alpha,4.0,YX,400,400,0,1.0
5,presence,concept,alpha,8.0,XY,400,400,0,1.0
5,presence,concept,alpha,8.0,YX,400,400,0,1.0
5,presence,concept,alpha,16.0,XY,400,400,0,1.0
5,presence,concept,alpha,16.0,YX,400,400,0,1.0
5,presence,concept,alpha,32.0,XY,400,400,0,1.0
5,presence,concept,alpha,32.0,YX,400,400,0,1.0
5,presence,concept,alpha,64.0,XY,400,400,0,1.0
5,presence,concept,alpha,64.0,YX,400,400,0,1.0
5,presence,concept,alpha,128.0,XY,400,400,0,1.0
5,presence,concept,alpha,128.0,YX,400,400,0,1.0
5,presence,concept,z_mad,0.01,XY,400,400,0,1.0
5,presence,concept,z_mad,0.01,YX,400,400,0,1.0
5,presence,concept,z_mad,0.02,XY,400,400,0,1.0
5,presence,concept,z_mad,0.02,YX,400,400,0,1.0
5,presence,concept,z_mad,0.04,XY,400,400,0,1.0
5,presence,concept,z_mad,0.04,YX,400,400,0,1.0
5,presence,concept,z_mad,0.08,XY,400,400,0,1.0
5,presence,concept,z_mad,0.08,YX,400,400,0,1.0
5,presence,concept,z_mad,0.16,XY,400,400,0,1.0
5,presence,concept,z_mad,0.16,YX,400,400,0,1.0
5,presence,concept,z_mad,0.32,XY,400,400,0,1.0
5,presence,concept,z_mad,0.32,YX,400,400,0,1.0
5,presence,concept,z_mad,0.64,XY,400,400,0,1.0
5,presence,concept,z_mad,0.64,YX,400,400,0,1.0
5,presence,concept,z_mad,1.28,XY,400,400,0,1.0
5,presence,concept,z_mad,1.28,YX,400,400,0,1.0
5,presence,concept,z_mad,2.56,XY,400,400,0,1.0
5,presence,concept,z_mad,2.56,YX,400,400,0,1.0
5,presence,concept,z_mad,5.12,XY,400,400,0,1.0
5,presence,concept,z_mad,5.12,YX,400,400,0,1.0
5,presence,concept,z_mad,10.24,XY,400,400,0,1.0
5,presence,concept,z_mad,10.24,YX,400,400,0,1.0
5,presence,concept,z_mad,20.48,XY,400,400,0,1.0
5,presence,concept,z_mad,20.48,YX,400,400,0,1.0
5,presence,concept,z_sd,0.01,XY,400,400,0,1.0
5,presence,concept,z_sd,0.01,YX,400,400,0,1.0
5,presence,concept,z_sd,0.02,XY,400,400,0,1.0
5,presence,concept,z_sd,0.02,YX,400,400,0,1.0
5,presence,concept,z_sd,0.04,XY,400,400,0,1.0
5,presence,concept,z_sd,0.04,YX,400,400,0,1.0
5,presence,concept,z_sd,0.08,XY,400,400,0,1.0
5,presence,concept,z_sd,0.08,YX,400,400,0,1.0
5,presence,concept,z_sd,0.16,XY,400,400,0,1.0
5,presence,concept,z_sd,0.16,YX,400,400,0,1.0
5,presence,concept,z_sd,0.32,XY,400,400,0,1.0
5,presence,concept,z_sd,0.32,YX,400,400,0,1.0
5,presence,concept,z_sd,0.64,XY,400,400,0,1.0
5,presence,concept,z_sd,0.64,YX,400,400,0,1.0
5,presence,concept,z_sd,1.28,XY,400,400,0,1.0
5,presence,concept,z_sd,1.28,YX,400,400,0,1.0
5,presence,concept,z_sd,2.56,XY,400,400,0,1.0
5,presence,concept,z_sd,2.56,YX,400,400,0,1.0
5,presence,concept,z_sd,5.12,XY,400,400,0,1.0
5,presence,concept,z_sd,5.12,YX,400,400,0,1.0
5,presence,concept,z_sd,10.24,XY,400,400,0,1.0
5,presence,concept,z_sd,10.24,YX,400,400,0,1.0
5,presence,concept,z_sd,20.48,XY,400,400,0,1.0
5,presence,concept,z_sd,20.48,YX,400,400,0,1.0
5,presence,dropout,alpha,0.25,XY,80,80,0,1.0
5,presence,dropout,alpha,0.25,YX,80,80,0,1.0
5,presence,dropout,alpha,0.5,XY,80,80,0,1.0
5,presence,dropout,alpha,0.5,YX,80,80,0,1.0
5,presence,dropout,alpha,1.0,XY,80,80,0,1.0
5,presence,dropout,alpha,1.0,YX,80,80,0,1.0
5,presence,dropout,alpha,2.0,XY,80,80,0,1.0
5,presence,dropout,alpha,2.0,YX,80,80,0,1.0
5,presence,dropout,alpha,4.0,XY,80,80,0,1.0
5,presence,dropout,alpha,4.0,YX,80,80,0,1.0
5,presence,dropout,alpha,8.0,XY,80,80,0,1.0
5,presence,dropout,alpha,8.0,YX,80,80,0,1.0
5,presence,dropout,alpha,16.0,XY,80,80,0,1.0
5,presence,dropout,alpha,16.0,YX,80,80,0,1.0
5,presence,dropout,alpha,32.0,XY,80,80,0,1.0
5,presence,dropout,alpha,32.0,YX,80,80,0,1.0
5,presence,dropout,alpha,64.0,XY,80,80,0,1.0
5,presence,dropout,alpha,64.0,YX,80,79,0,0.9875
5,presence,dropout,alpha,128.0,XY,80,79,0,0.9875
5,presence,dropout,alpha,128.0,YX,80,79,0,0.9875
5,presence,dropout,z_mad,0.01,XY,80,80,0,1.0
5,presence,dropout,z_mad,0.01,YX,80,80,0,1.0
5,presence,dropout,z_mad,0.02,XY,80,80,0,1.0
5,presence,dropout,z_mad,0.02,YX,80,80,0,1.0
5,presence,dropout,z_mad,0.04,XY,80,80,0,1.0
5,presence,dropout,z_mad,0.04,YX,80,80,0,1.0
5,presence,dropout,z_mad,0.08,XY,80,80,0,1.0
5,presence,dropout,z_mad,0.08,YX,80,80,0,1.0
5,presence,dropout,z_mad,0.16,XY,80,80,0,1.0
5,presence,dropout,z_mad,0.16,YX,80,80,0,1.0
5,presence,dropout,z_mad,0.32,XY,80,80,0,1.0
5,presence,dropout,z_mad,0.32,YX,80,80,0,1.0
5,presence,dropout,z_mad,0.64,XY,80,80,0,1.0
5,presence,dropout,z_mad,0.64,YX,80,80,0,1.0
5,presence,dropout,z_mad,1.28,XY,80,80,0,1.0
5,presence,dropout,z_mad,1.28,YX,80,80,0,1.0
5,presence,dropout,z_mad,2.56,XY,80,80,0,1.0
5,presence,dropout,z_mad,2.56,YX,80,80,0,1.0
5,presence,dropout,z_mad,5.12,XY,80,80,0,1.0
5,presence,dropout,z_mad,5.12,YX,80,80,0,1.0
5,presence,dropout,z_mad,10.24,XY,80,80,0,1.0
5,presence,dropout,z_mad,10.24,YX,80,80,0,1.0
5,presence,dropout,z_mad,20.48,XY,80,80,0,1.0
5,presence,dropout,z_mad,20.48,YX,80,80,0,1.0
5,presence,dropout,z_sd,0.01,XY,80,80,0,1.0
5,presence,dropout,z_sd,0.01,YX,80,80,0,1.0
5,presence,dropout,z_sd,0.02,XY,80,80,0,1.0
5,presence,dropout,z_sd,0.02,YX,80,80,0,1.0
5,presence,dropout,z_sd,0.04,XY,80,80,0,1.0
5,presence,dropout,z_sd,0.04,YX,80,80,0,1.0
5,presence,dropout,z_sd,0.08,XY,80,80,0,1.0
5,presence,dropout,z_sd,0.08,YX,80,80,0,1.0
5,presence,dropout,z_sd,0.16,XY,80,80,0,1.0
5,presence,dropout,z_sd,0.16,YX,80,80,0,1.0
5,presence,dropout,z_sd,0.32,XY,80,80,0,1.0
5,presence,dropout,z_sd,0.32,YX,80,80,0,1.0
5,presence,dropout,z_sd,0.64,XY,80,80,0,1.0
5,presence,dropout,z_sd,0.64,YX,80,80,0,1.0
5,presence,dropout,z_sd,1.28,XY,80,80,0,1.0
5,presence,dropout,z_sd,1.28,YX,80,80,0,1.0
5,presence,dropout,z_sd,2.56,XY,80,80,0,1.0
5,presence,dropout,z_sd,2.56,YX,80,80,0,1.0
5,presence,dropout,z_sd,5.12,XY,80,80,0,1.0
5,presence,dropout,z_sd,5.12,YX,80,80,0,1.0
5,presence,dropout,z_sd,10.24,XY,80,80,0,1.0
5,presence,dropout,z_sd,10.24,YX,80,80,0,1.0
5,presence,dropout,z_sd,20.48,XY,80,80,0,1.0
5,presence,dropout,z_sd,20.48,YX,80,80,0,1.0
5,presence,noise,alpha,0.25,XY,80,80,0,1.0
5,presence,noise,alpha,0.25,YX,80,80,0,1.0
5,presence,noise,alpha,0.5,XY,80,80,0,1.0
5,presence,noise,alpha,0.5,YX,80,80,0,1.0
5,presence,noise,alpha,1.0,XY,80,80,0,1.0
5,presence,noise,alpha,1.0,YX,80,80,0,1.0
5,presence,noise,alpha,2.0,XY,80,80,0,1.0
5,presence,noise,alpha,2.0,YX,80,80,0,1.0
5,presence,noise,alpha,4.0,XY,80,80,0,1.0
5,presence,noise,alpha,4.0,YX,80,80,0,1.0
5,presence,noise,alpha,8.0,XY,80,80,0,1.0
5,presence,noise,alpha,8.0,YX,80,80,0,1.0
5,presence,noise,alpha,16.0,XY,80,80,0,1.0
5,presence,noise,alpha,16.0,YX,80,80,0,1.0
5,presence,noise,alpha,32.0,XY,80,80,0,1.0
5,presence,noise,alpha,32.0,YX,80,80,0,1.0
5,presence,noise,alpha,64.0,XY,80,80,0,1.0
5,presence,noise,alpha,64.0,YX,80,80,0,1.0
5,presence,noise,alpha,128.0,XY,80,80,0,1.0
5,presence,noise,alpha,128.0,YX,80,80,0,1.0
5,presence,noise,z_mad,0.01,XY,80,80,0,1.0
5,presence,noise,z_mad,0.01,YX,80,80,0,1.0
5,presence,noise,z_mad,0.02,XY,80,80,0,1.0
5,presence,noise,z_mad,0.02,YX,80,80,0,1.0
5,presence,noise,z_mad,0.04,XY,80,80,0,1.0
5,presence,noise,z_mad,0.04,YX,80,80,0,1.0
5,presence,noise,z_mad,0.08,XY,80,80,0,1.0
5,presence,noise,z_mad,0.08,YX,80,80,0,1.0
5,presence,noise,z_mad,0.16,XY,80,80,0,1.0
5,presence,noise,z_mad,0.16,YX,80,80,0,1.0
5,presence,noise,z_mad,0.32,XY,80,80,0,1.0
5,presence,noise,z_mad,0.32,YX,80,80,0,1.0
5,presence,noise,z_mad,0.64,XY,80,80,0,1.0
5,presence,noise,z_mad,0.64,YX,80,80,0,1.0
5,presence,noise,z_mad,1.28,XY,80,80,0,1.0
5,presence,noise,z_mad,1.28,YX,80,80,0,1.0
5,presence,noise,z_mad,2.56,XY,80,80,0,1.0
5,presence,noise,z_mad,2.56,YX,80,80,0,1.0
5,presence,noise,z_mad,5.12,XY,80,80,0,1.0
5,presence,noise,z_mad,5.12,YX,80,80,0,1.0
5,presence,noise,z_mad,10.24,XY,80,80,0,1.0
5,presence,noise,z_mad,10.24,YX,80,80,0,1.0
5,presence,noise,z_mad,20.48,XY,80,80,0,1.0
5,presence,noise,z_mad,20.48,YX,80,80,0,1.0
5,presence,noise,z_sd,0.01,XY,80,80,0,1.0
5,presence,noise,z_sd,0.01,YX,80,80,0,1.0
5,presence,noise,z_sd,0.02,XY,80,80,0,1.0
5,presence,noise,z_sd,0.02,YX,80,80,0,1.0
5,presence,noise,z_sd,0.04,XY,80,80,0,1.0
5,presence,noise,z_sd,0.04,YX,80,80,0,1.0
5,presence,noise,z_sd,0.08,XY,80,80,0,1.0
5,presence,noise,z_sd,0.08,YX,80,80,0,1.0
5,presence,noise,z_sd,0.16,XY,80,80,0,1.0
5,presence,noise,z_sd,0.16,YX,80,80,0,1.0
5,presence,noise,z_sd,0.32,XY,80,80,0,1.0
5,presence,noise,z_sd,0.32,YX,80,80,0,1.0
5,presence,noise,z_sd,0.64,XY,80,80,0,1.0
5,presence,noise,z_sd,0.64,YX,80,80,0,1.0
5,presence,noise,z_sd,1.28,XY,80,80,0,1.0
5,presence,noise,z_sd,1.28,YX,80,80,0,1.0
5,presence,noise,z_sd,2.56,XY,80,80,0,1.0
5,presence,noise,z_sd,2.56,YX,80,80,0,1.0
5,presence,noise,z_sd,5.12,XY,80,80,0,1.0
5,presence,noise,z_sd,5.12,YX,80,80,0,1.0
5,presence,noise,z_sd,10.24,XY,80,80,0,1.0
5,presence,noise,z_sd,10.24,YX,80,80,0,1.0
5,presence,noise,z_sd,20.48,XY,80,80,0,1.0
5,presence,noise,z_sd,20.48,YX,80,80,0,1.0
5,presence,random,alpha,0.25,XY,120,120,0,1.0
5,presence,random,alpha,0.25,YX,120,120,0,1.0
5,presence,random,alpha,0.5,XY,120,120,0,1.0
5,presence,random,alpha,0.5,YX,120,120,0,1.0
5,presence,random,alpha,1.0,XY,120,120,0,1.0
5,presence,random,alpha,1.0,YX,120,120,0,1.0
5,presence,random,alpha,2.0,XY,120,120,0,1.0
5,presence,random,alpha,2.0,YX,120,120,0,1.0
5,presence,random,alpha,4.0,XY,120,120,0,1.0
5,presence,random,alpha,4.0,YX,120,120,0,1.0
5,presence,random,alpha,8.0,XY,120,120,0,1.0
5,presence,random,alpha,8.0,YX,120,120,0,1.0
5,presence,random,alpha,16.0,XY,120,120,0,1.0
5,presence,random,alpha,16.0,YX,120,120,0,1.0
5,presence,random,alpha,32.0,XY,120,120,0,1.0
5,presence,random,alpha,32.0,YX,120,120,0,1.0
5,presence,random,alpha,64.0,XY,120,120,0,1.0
5,presence,random,alpha,64.0,YX,120,120,0,1.0
5,presence,random,alpha,128.0,XY,120,120,0,1.0
5,presence,random,alpha,128.0,YX,120,120,0,1.0
5,presence,random,z_mad,0.01,XY,120,120,0,1.0
5,presence,random,z_mad,0.01,YX,120,120,0,1.0
5,presence,random,z_mad,0.02,XY,120,120,0,1.0
5,presence,random,z_mad,0.02,YX,120,120,0,1.0
5,presence,random,z_mad,0.04,XY,120,120,0,1.0
5,presence,random,z_mad,0.04,YX,120,120,0,1.0
5,presence,random,z_mad,0.08,XY,120,120,0,1.0
5,presence,random,z_mad,0.08,YX,120,120,0,1.0
5,presence,random,z_mad,0.16,XY,120,120,0,1.0
5,presence,random,z_mad,0.16,YX,120,120,0,1.0
5,presence,random,z_mad,0.32,XY,120,120,0,1.0
5,presence,random,z_mad,0.32,YX,120,120,0,1.0
5,presence,random,z_mad,0.64,XY,120,120,0,1.0
5,presence,random,z_mad,0.64,YX,120,120,0,1.0
5,presence,random,z_mad,1.28,XY,120,120,0,1.0
5,presence,random,z_mad,1.28,YX,120,120,0,1.0
5,presence,random,z_mad,2.56,XY,120,120,0,1.0
5,presence,random,z_mad,2.56,YX,120,120,0,1.0
5,presence,random,z_mad,5.12,XY,120,120,0,1.0
5,presence,random,z_mad,5.12,YX,120,120,0,1.0
5,presence,random,z_mad,10.24,XY,120,120,0,1.0
5,presence,random,z_mad,10.24,YX,120,120,0,1.0
5,presence,random,z_mad,20.48,XY,120,120,0,1.0
5,presence,random,z_mad,20.48,YX,120,120,0,1.0
5,presence,random,z_sd,0.01,XY,120,120,0,1.0
5,presence,random,z_sd,0.01,YX,120,120,0,1.0
5,presence,random,z_sd,0.02,XY,120,120,0,1.0
5,presence,random,z_sd,0.02,YX,120,120,0,1.0
5,presence,random,z_sd,0.04,XY,120,120,0,1.0
5,presence,random,z_sd,0.04,YX,120,120,0,1.0
5,presence,random,z_sd,0.08,XY,120,120,0,1.0
5,presence,random,z_sd,0.08,YX,120,120,0,1.0
5,presence,random,z_sd,0.16,XY,120,120,0,1.0
5,presence,random,z_sd,0.16,YX,120,120,0,1.0
5,presence,random,z_sd,0.32,XY,120,120,0,1.0
5,presence,random,z_sd,0.32,YX,120,120,0,1.0
5,presence,random,z_sd,0.64,XY,120,120,0,1.0
5,presence,random,z_sd,0.64,YX,120,120,0,1.0
5,presence,random,z_sd,1.28,XY,120,120,0,1.0
5,presence,random,z_sd,1.28,YX,120,120,0,1.0
5,presence,random,z_sd,2.56,XY,120,120,0,1.0
5,presence,random,z_sd,2.56,YX,120,120,0,1.0
5,presence,random,z_sd,5.12,XY,120,120,0,1.0
5,presence,random,z_sd,5.12,YX,120,120,0,1.0
5,presence,random,z_sd,10.24,XY,120,120,0,1.0
5,presence,random,z_sd,10.24,YX,120,120,0,1.0
5,presence,random,z_sd,20.48,XY,120,120,0,1.0
5,presence,random,z_sd,20.48,YX,120,120,0,1.0
6,presence,concept,alpha,0.25,XY,400,400,0,1.0
6,presence,concept,alpha,0.25,YX,400,400,0,1.0
6,presence,concept,alpha,0.5,XY,400,400,0,1.0
6,presence,concept,alpha,0.5,YX,400,400,0,1.0
6,presence,concept,alpha,1.0,XY,400,400,0,1.0
6,presence,concept,alpha,1.0,YX,400,400,0,1.0
6,presence,concept,alpha,2.0,XY,400,400,0,1.0
6,presence,concept,alpha,2.0,YX,400,400,0,1.0
6,presence,concept,alpha,4.0,XY,400,400,0,1.0
6,presence,concept,alpha,4.0,YX,400,400,0,1.0
6,presence,concept,alpha,8.0,XY,400,400,0,1.0
6,presence,concept,alpha,8.0,YX,400,400,0,1.0
6,presence,concept,alpha,16.0,XY,400,400,0,1.0
6,presence,concept,alpha,16.0,YX,400,400,0,1.0
6,presence,concept,alpha,32.0,XY,400,400,0,1.0
6,presence,concept,alpha,32.0,YX,400,400,0,1.0
6,presence,concept,alpha,64.0,XY,400,400,0,1.0
6,presence,concept,alpha,64.0,YX,400,400,0,1.0
6,presence,concept,alpha,128.0,XY,400,400,0,1.0
6,presence,concept,alpha,128.0,YX,400,400,0,1.0
6,presence,concept,z_mad,0.01,XY,400,400,0,1.0
6,presence,concept,z_mad,0.01,YX,400,400,0,1.0
6,presence,concept,z_mad,0.02,XY,400,400,0,1.0
6,presence,concept,z_mad,0.02,YX,400,400,0,1.0
6,presence,concept,z_mad,0.04,XY,400,400,0,1.0
6,presence,concept,z_mad,0.04,YX,400,400,0,1.0
6,presence,concept,z_mad,0.08,XY,400,400,0,1.0
6,presence,concept,z_mad,0.08,YX,400,400,0,1.0
6,presence,concept,z_mad,0.16,XY,400,400,0,1.0
6,presence,concept,z_mad,0.16,YX,400,400,0,1.0
6,presence,concept,z_mad,0.32,XY,400,400,0,1.0
6,presence,concept,z_mad,0.32,YX,400,400,0,1.0
6,presence,concept,z_mad,0.64,XY,400,400,0,1.0
6,presence,concept,z_mad,0.64,YX,400,400,0,1.0
6,presence,concept,z_mad,1.28,XY,400,400,0,1.0
6,presence,concept,z_mad,1.28,YX,400,400,0,1.0
6,presence,concept,z_mad,2.56,XY,400,400,0,1.0
6,presence,concept,z_mad,2.56,YX,400,400,0,1.0
6,presence,concept,z_mad,5.12,XY,400,400,0,1.0
6,presence,concept,z_mad,5.12,YX,400,400,0,1.0
6,presence,concept,z_mad,10.24,XY,400,400,0,1.0
6,presence,concept,z_mad,10.24,YX,400,400,0,1.0
6,presence,concept,z_mad,20.48,XY,400,400,0,1.0
6,presence,concept,z_mad,20.48,YX,400,400,0,1.0
6,presence,concept,z_sd,0.01,XY,400,400,0,1.0
6,presence,concept,z_sd,0.01,YX,400,400,0,1.0
6,presence,concept,z_sd,0.02,XY,400,400,0,1.0
6,presence,concept,z_sd,0.02,YX,400,400,0,1.0
6,presence,concept,z_sd,0.04,XY,400,400,0,1.0
6,presence,concept,z_sd,0.04,YX,400,400,0,1.0
6,presence,concept,z_sd,0.08,XY,400,400,0,1.0
6,presence,concept,z_sd,0.08,YX,400,400,0,1.0
6,presence,concept,z_sd,0.16,XY,400,400,0,1.0
6,presence,concept,z_sd,0.16,YX,400,400,0,1.0
6,presence,concept,z_sd,0.32,XY,400,400,0,1.0
6,presence,concept,z_sd,0.32,YX,400,400,0,1.0
6,presence,concept,z_sd,0.64,XY,400,400,0,1.0
6,presence,concept,z_sd,0.64,YX,400,400,0,1.0
6,presence,concept,z_sd,1.28,XY,400,400,0,1.0
6,presence,concept,z_sd,1.28,YX,400,400,2,1.0
6,presence,concept,z_sd,2.56,XY,400,400,0,1.0
6,presence,concept,z_sd,2.56,YX,400,400,3,1.0
6,presence,concept,z_sd,5.12,XY,400,400,0,1.0
6,presence,concept,z_sd,5.12,YX,400,400,6,1.0
6,presence,concept,z_sd,10.24,XY,400,400,0,1.0
6,presence,concept,z_sd,10.24,YX,400,400,6,1.0
6,presence,concept,z_sd,20.48,XY,400,400,0,1.0
6,presence,concept,z_sd,20.48,YX,400,400,8,1.0
6,presence,dropout,alpha,0.25,XY,80,80,0,1.0
6,presence,dropout,alpha,0.25,YX,80,80,0,1.0
6,presence,dropout,alpha,0.5,XY,80,80,0,1.0
6,presence,dropout,alpha,0.5,YX,80,80,0,1.0
6,presence,dropout,alpha,1.0,XY,80,80,0,1.0
6,presence,dropout,alpha,1.0,YX,80,80,0,1.0
6,presence,dropout,alpha,2.0,XY,80,80,0,1.0
6,presence,dropout,alpha,2.0,YX,80,80,0,1.0
6,presence,dropout,alpha,4.0,XY,80,80,0,1.0
6,presence,dropout,alpha,4.0,YX,80,80,0,1.0
6,presence,dropout,alpha,8.0,XY,80,80,0,1.0
6,presence,dropout,alpha,8.0,YX,80,80,0,1.0
6,presence,dropout,alpha,16.0,XY,80,80,0,1.0
6,presence,dropout,alpha,16.0,YX,80,80,0,1.0
6,presence,dropout,alpha,32.0,XY,80,80,0,1.0
6,presence,dropout,alpha,32.0,YX,80,80,0,1.0
6,presence,dropout,alpha,64.0,XY,80,80,0,1.0
6,presence,dropout,alpha,64.0,YX,80,80,0,1.0
6,presence,dropout,alpha,128.0,XY,80,79,0,0.9875
6,presence,dropout,alpha,128.0,YX,80,79,1,0.9875
6,presence,dropout,z_mad,0.01,XY,80,80,0,1.0
6,presence,dropout,z_mad,0.01,YX,80,80,0,1.0
6,presence,dropout,z_mad,0.02,XY,80,80,0,1.0
6,presence,dropout,z_mad,0.02,YX,80,80,0,1.0
6,presence,dropout,z_mad,0.04,XY,80,80,0,1.0
6,presence,dropout,z_mad,0.04,YX,80,80,0,1.0
6,presence,dropout,z_mad,0.08,XY,80,80,0,1.0
6,presence,dropout,z_mad,0.08,YX,80,80,0,1.0
6,presence,dropout,z_mad,0.16,XY,80,80,0,1.0
6,presence,dropout,z_mad,0.16,YX,80,80,0,1.0
6,presence,dropout,z_mad,0.32,XY,80,80,0,1.0
6,presence,dropout,z_mad,0.32,YX,80,80,0,1.0
6,presence,dropout,z_mad,0.64,XY,80,80,0,1.0
6,presence,dropout,z_mad,0.64,YX,80,80,0,1.0
6,presence,dropout,z_mad,1.28,XY,80,80,0,1.0
6,presence,dropout,z_mad,1.28,YX,80,80,0,1.0
6,presence,dropout,z_mad,2.56,XY,80,80,0,1.0
6,presence,dropout,z_mad,2.56,YX,80,80,0,1.0
6,presence,dropout,z_mad,5.12,XY,80,80,0,1.0
6,presence,dropout,z_mad,5.12,YX,80,80,0,1.0
6,presence,dropout,z_mad,10.24,XY,80,80,0,1.0
6,presence,dropout,z_mad,10.24,YX,80,80,0,1.0
6,presence,dropout,z_mad,20.48,XY,80,80,0,1.0
6,presence,dropout,z_mad,20.48,YX,80,80,0,1.0
6,presence,dropout,z_sd,0.01,XY,80,80,0,1.0
6,presence,dropout,z_sd,0.01,YX,80,80,0,1.0
6,presence,dropout,z_sd,0.02,XY,80,80,0,1.0
6,presence,dropout,z_sd,0.02,YX,80,80,0,1.0
6,presence,dropout,z_sd,0.04,XY,80,80,0,1.0
6,presence,dropout,z_sd,0.04,YX,80,80,0,1.0
6,presence,dropout,z_sd,0.08,XY,80,80,0,1.0
6,presence,dropout,z_sd,0.08,YX,80,80,0,1.0
6,presence,dropout,z_sd,0.16,XY,80,80,0,1.0
6,presence,dropout,z_sd,0.16,YX,80,80,0,1.0
6,presence,dropout,z_sd,0.32,XY,80,80,0,1.0
6,presence,dropout,z_sd,0.32,YX,80,80,0,1.0
6,presence,dropout,z_sd,0.64,XY,80,80,0,1.0
6,presence,dropout,z_sd,0.64,YX,80,80,0,1.0
6,presence,dropout,z_sd,1.28,XY,80,80,0,1.0
6,presence,dropout,z_sd,1.28,YX,80,80,0,1.0
6,presence,dropout,z_sd,2.56,XY,80,80,0,1.0
6,presence,dropout,z_sd,2.56,YX,80,80,0,1.0
6,presence,dropout,z_sd,5.12,XY,80,80,0,1.0
6,presence,dropout,z_sd,5.12,YX,80,80,0,1.0
6,presence,dropout,z_sd,10.24,XY,80,80,0,1.0
6,presence,dropout,z_sd,10.24,YX,80,80,0,1.0
6,presence,dropout,z_sd,20.48,XY,80,80,0,1.0
6,presence,dropout,z_sd,20.48,YX,80,80,0,1.0
6,presence,noise,alpha,0.25,XY,80,80,0,1.0
6,presence,noise,alpha,0.25,YX,80,80,0,1.0
6,presence,noise,alpha,0.5,XY,80,80,0,1.0
6,presence,noise,alpha,0.5,YX,80,80,0,1.0
6,presence,noise,alpha,1.0,XY,80,80,0,1.0
6,presence,noise,alpha,1.0,YX,80,80,0,1.0
6,presence,noise,alpha,2.0,XY,80,80,0,1.0
6,presence,noise,alpha,2.0,YX,80,80,0,1.0
6,presence,noise,alpha,4.0,XY,80,80,0,1.0
6,presence,noise,alpha,4.0,YX,80,80,0,1.0
6,presence,noise,alpha,8.0,XY,80,80,0,1.0
6,presence,noise,alpha,8.0,YX,80,80,0,1.0
6,presence,noise,alpha,16.0,XY,80,80,0,1.0
6,presence,noise,alpha,16.0,YX,80,80,0,1.0
6,presence,noise,alpha,32.0,XY,80,80,0,1.0
6,presence,noise,alpha,32.0,YX,80,80,0,1.0
6,presence,noise,alpha,64.0,XY,80,80,0,1.0
6,presence,noise,alpha,64.0,YX,80,80,0,1.0
6,presence,noise,alpha,128.0,XY,80,80,0,1.0
6,presence,noise,alpha,128.0,YX,80,80,0,1.0
6,presence,noise,z_mad,0.01,XY,80,80,0,1.0
6,presence,noise,z_mad,0.01,YX,80,80,0,1.0
6,presence,noise,z_mad,0.02,XY,80,80,0,1.0
6,presence,noise,z_mad,0.02,YX,80,80,0,1.0
6,presence,noise,z_mad,0.04,XY,80,80,0,1.0
6,presence,noise,z_mad,0.04,YX,80,80,0,1.0
6,presence,noise,z_mad,0.08,XY,80,80,0,1.0
6,presence,noise,z_mad,0.08,YX,80,80,0,1.0
6,presence,noise,z_mad,0.16,XY,80,80,0,1.0
6,presence,noise,z_mad,0.16,YX,80,80,0,1.0
6,presence,noise,z_mad,0.32,XY,80,80,0,1.0
6,presence,noise,z_mad,0.32,YX,80,80,0,1.0
6,presence,noise,z_mad,0.64,XY,80,80,0,1.0
6,presence,noise,z_mad,0.64,YX,80,80,0,1.0
6,presence,noise,z_mad,1.28,XY,80,80,0,1.0
6,presence,noise,z_mad,1.28,YX,80,80,0,1.0
6,presence,noise,z_mad,2.56,XY,80,80,0,1.0
6,presence,noise,z_mad,2.56,YX,80,80,0,1.0
6,presence,noise,z_mad,5.12,XY,80,80,0,1.0
6,presence,noise,z_mad,5.12,YX,80,80,0,1.0
6,presence,noise,z_mad,10.24,XY,80,80,0,1.0
6,presence,noise,z_mad,10.24,YX,80,80,0,1.0
6,presence,noise,z_mad,20.48,XY,80,80,0,1.0
6,presence,noise,z_mad,20.48,YX,80,80,0,1.0
6,presence,noise,z_sd,0.01,XY,80,80,0,1.0
6,presence,noise,z_sd,0.01,YX,80,80,0,1.0
6,presence,noise,z_sd,0.02,XY,80,80,0,1.0
6,presence,noise,z_sd,0.02,YX,80,80,0,1.0
6,presence,noise,z_sd,0.04,XY,80,80,0,1.0
6,presence,noise,z_sd,0.04,YX,80,80,0,1.0
6,presence,noise,z_sd,0.08,XY,80,80,0,1.0
6,presence,noise,z_sd,0.08,YX,80,80,0,1.0
6,presence,noise,z_sd,0.16,XY,80,80,0,1.0
6,presence,noise,z_sd,0.16,YX,80,80,0,1.0
6,presence,noise,z_sd,0.32,XY,80,80,0,1.0
6,presence,noise,z_sd,0.32,YX,80,80,0,1.0
6,presence,noise,z_sd,0.64,XY,80,80,0,1.0
6,presence,noise,z_sd,0.64,YX,80,80,0,1.0
6,presence,noise,z_sd,1.28,XY,80,80,0,1.0
6,presence,noise,z_sd,1.28,YX,80,80,0,1.0
6,presence,noise,z_sd,2.56,XY,80,80,0,1.0
6,presence,noise,z_sd,2.56,YX,80,80,0,1.0
6,presence,noise,z_sd,5.12,XY,80,80,0,1.0
6,presence,noise,z_sd,5.12,YX,80,80,0,1.0
6,presence,noise,z_sd,10.24,XY,80,80,0,1.0
6,presence,noise,z_sd,10.24,YX,80,80,0,1.0
6,presence,noise,z_sd,20.48,XY,80,80,0,1.0
6,presence,noise,z_sd,20.48,YX,80,80,0,1.0
6,presence,random,alpha,0.25,XY,120,120,0,1.0
6,presence,random,alpha,0.25,YX,120,120,0,1.0
6,presence,random,alpha,0.5,XY,120,120,0,1.0
6,presence,random,alpha,0.5,YX,120,120,0,1.0
6,presence,random,alpha,1.0,XY,120,120,0,1.0
6,presence,random,alpha,1.0,YX,120,120,0,1.0
6,presence,random,alpha,2.0,XY,120,120,0,1.0
6,presence,random,alpha,2.0,YX,120,120,0,1.0
6,presence,random,alpha,4.0,XY,120,120,0,1.0
6,presence,random,alpha,4.0,YX,120,120,0,1.0
6,presence,random,alpha,8.0,XY,120,120,0,1.0
6,presence,random,alpha,8.0,YX,120,120,0,1.0
6,presence,random,alpha,16.0,XY,120,120,0,1.0
6,presence,random,alpha,16.0,YX,120,120,0,1.0
6,presence,random,alpha,32.0,XY,120,120,0,1.0
6,presence,random,alpha,32.0,YX,120,120,0,1.0
6,presence,random,alpha,64.0,XY,120,120,0,1.0
6,presence,random,alpha,64.0,YX,120,120,0,1.0
6,presence,random,alpha,128.0,XY,120,120,0,1.0
6,presence,random,alpha,128.0,YX,120,120,0,1.0
6,presence,random,z_mad,0.01,XY,120,120,0,1.0
6,presence,random,z_mad,0.01,YX,120,120,0,1.0
6,presence,random,z_mad,0.02,XY,120,120,0,1.0
6,presence,random,z_mad,0.02,YX,120,120,0,1.0
6,presence,random,z_mad,0.04,XY,120,120,0,1.0
6,presence,random,z_mad,0.04,YX,120,120,0,1.0
6,presence,random,z_mad,0.08,XY,120,120,0,1.0
6,presence,random,z_mad,0.08,YX,120,120,0,1.0
6,presence,random,z_mad,0.16,XY,120,120,0,1.0
6,presence,random,z_mad,0.16,YX,120,120,0,1.0
6,presence,random,z_mad,0.32,XY,120,120,0,1.0
6,presence,random,z_mad,0.32,YX,120,120,0,1.0
6,presence,random,z_mad,0.64,XY,120,120,0,1.0
6,presence,random,z_mad,0.64,YX,120,120,0,1.0
6,presence,random,z_mad,1.28,XY,120,120,0,1.0
6,presence,random,z_mad,1.28,YX,120,120,0,1.0
6,presence,random,z_mad,2.56,XY,120,120,0,1.0
6,presence,random,z_mad,2.56,YX,120,120,0,1.0
6,presence,random,z_mad,5.12,XY,120,120,0,1.0
6,presence,random,z_mad,5.12,YX,120,120,0,1.0
6,presence,random,z_mad,10.24,XY,120,120,0,1.0
6,presence,random,z_mad,10.24,YX,120,120,0,1.0
6,presence,random,z_mad,20.48,XY,120,120,0,1.0
6,presence,random,z_mad,20.48,YX,120,120,0,1.0
6,presence,random,z_sd,0.01,XY,120,120,0,1.0
6,presence,random,z_sd,0.01,YX,120,120,0,1.0
6,presence,random,z_sd,0.02,XY,120,120,0,1.0
6,presence,random,z_sd,0.02,YX,120,120,0,1.0
6,presence,random,z_sd,0.04,XY,120,120,0,1.0
6,presence,random,z_sd,0.04,YX,120,120,0,1.0
6,presence,random,z_sd,0.08,XY,120,120,0,1.0
6,presence,random,z_sd,0.08,YX,120,120,0,1.0
6,presence,random,z_sd,0.16,XY,120,120,0,1.0
6,presence,random,z_sd,0.16,YX,120,120,0,1.0
6,presence,random,z_sd,0.32,XY,120,120,0,1.0
6,presence,random,z_sd,0.32,YX,120,120,0,1.0
6,presence,random,z_sd,0.64,XY,120,120,0,1.0
6,presence,random,z_sd,0.64,YX,120,120,0,1.0
6,presence,random,z_sd,1.28,XY,120,120,0,1.0
6,presence,random,z_sd,1.28,YX,120,120,0,1.0
6,presence,random,z_sd,2.56,XY,120,120,0,1.0
6,presence,random,z_sd,2.56,YX,120,120,0,1.0
6,presence,random,z_sd,5.12,XY,120,120,0,1.0
6,presence,random,z_sd,5.12,YX,120,120,0,1.0
6,presence,random,z_sd,10.24,XY,120,120,0,1.0
6,presence,random,z_sd,10.24,YX,120,120,0,1.0
6,presence,random,z_sd,20.48,XY,120,120,0,1.0
6,presence,random,z_sd,20.48,YX,120,120,0,1.0
7,presence,concept,alpha,0.25,XY,400,400,0,1.0
7,presence,concept,alpha,0.25,YX,400,400,0,1.0
7,presence,concept,alpha,0.5,XY,400,400,0,1.0
7,presence,concept,alpha,0.5,YX,400,400,0,1.0
7,presence,concept,alpha,1.0,XY,400,400,0,1.0
7,presence,concept,alpha,1.0,YX,400,400,0,1.0
7,presence,concept,alpha,2.0,XY,400,400,0,1.0
7,presence,concept,alpha,2.0,YX,400,400,0,1.0
7,presence,concept,alpha,4.0,XY,400,400,0,1.0
7,presence,concept,alpha,4.0,YX,400,400,0,1.0
7,presence,concept,alpha,8.0,XY,400,400,0,1.0
7,presence,concept,alpha,8.0,YX,400,400,0,1.0
7,presence,concept,alpha,16.0,XY,400,400,0,1.0
7,presence,concept,alpha,16.0,YX,400,400,0,1.0
7,presence,concept,alpha,32.0,XY,400,400,0,1.0
7,presence,concept,alpha,32.0,YX,400,400,0,1.0
7,presence,concept,alpha,64.0,XY,400,400,0,1.0
7,presence,concept,alpha,64.0,YX,400,400,1,1.0
7,presence,concept,alpha,128.0,XY,400,400,6,1.0
7,presence,concept,alpha,128.0,YX,400,400,2,1.0
7,presence,concept,z_mad,0.01,XY,400,400,0,1.0
7,presence,concept,z_mad,0.01,YX,400,400,0,1.0
7,presence,concept,z_mad,0.02,XY,400,400,0,1.0
7,presence,concept,z_mad,0.02,YX,400,400,0,1.0
7,presence,concept,z_mad,0.04,XY,400,400,0,1.0
7,presence,concept,z_mad,0.04,YX,400,400,0,1.0
7,presence,concept,z_mad,0.08,XY,400,400,0,1.0
7,presence,concept,z_mad,0.08,YX,400,400,0,1.0
7,presence,concept,z_mad,0.16,XY,400,400,0,1.0
7,presence,concept,z_mad,0.16,YX,400,400,0,1.0
7,presence,concept,z_mad,0.32,XY,400,400,0,1.0
7,presence,concept,z_mad,0.32,YX,400,400,0,1.0
7,presence,concept,z_mad,0.64,XY,400,400,0,1.0
7,presence,concept,z_mad,0.64,YX,400,400,0,1.0
7,presence,concept,z_mad,1.28,XY,400,400,0,1.0
7,presence,concept,z_mad,1.28,YX,400,400,0,1.0
7,presence,concept,z_mad,2.56,XY,400,400,0,1.0
7,presence,concept,z_mad,2.56,YX,400,400,0,1.0
7,presence,concept,z_mad,5.12,XY,400,400,0,1.0
7,presence,concept,z_mad,5.12,YX,400,400,0,1.0
7,presence,concept,z_mad,10.24,XY,400,400,0,1.0
7,presence,concept,z_mad,10.24,YX,400,400,0,1.0
7,presence,concept,z_mad,20.48,XY,400,400,0,1.0
7,presence,concept,z_mad,20.48,YX,400,400,0,1.0
7,presence,concept,z_sd,0.01,XY,400,400,0,1.0
7,presence,concept,z_sd,0.01,YX,400,400,0,1.0
7,presence,concept,z_sd,0.02,XY,400,400,0,1.0
7,presence,concept,z_sd,0.02,YX,400,400,0,1.0
7,presence,concept,z_sd,0.04,XY,400,400,0,1.0
7,presence,concept,z_sd,0.04,YX,400,400,0,1.0
7,presence,concept,z_sd,0.08,XY,400,400,0,1.0
7,presence,concept,z_sd,0.08,YX,400,400,0,1.0
7,presence,concept,z_sd,0.16,XY,400,400,0,1.0
7,presence,concept,z_sd,0.16,YX,400,400,0,1.0
7,presence,concept,z_sd,0.32,XY,400,400,0,1.0
7,presence,concept,z_sd,0.32,YX,400,400,0,1.0
7,presence,concept,z_sd,0.64,XY,400,400,4,1.0
7,presence,concept,z_sd,0.64,YX,400,400,3,1.0
7,presence,concept,z_sd,1.28,XY,400,400,7,1.0
7,presence,concept,z_sd,1.28,YX,400,400,3,1.0
7,presence,concept,z_sd,2.56,XY,400,400,5,1.0
7,presence,concept,z_sd,2.56,YX,400,400,1,1.0
7,presence,concept,z_sd,5.12,XY,400,400,3,1.0
7,presence,concept,z_sd,5.12,YX,400,400,3,1.0
7,presence,concept,z_sd,10.24,XY,400,400,1,1.0
7,presence,concept,z_sd,10.24,YX,400,400,1,1.0
7,presence,concept,z_sd,20.48,XY,400,400,3,1.0
7,presence,concept,z_sd,20.48,YX,400,400,2,1.0
7,presence,dropout,alpha,0.25,XY,80,80,0,1.0
7,presence,dropout,alpha,0.25,YX,80,80,0,1.0
7,presence,dropout,alpha,0.5,XY,80,80,0,1.0
7,presence,dropout,alpha,0.5,YX,80,80,0,1.0
7,presence,dropout,alpha,1.0,XY,80,80,0,1.0
7,presence,dropout,alpha,1.0,YX,80,80,0,1.0
7,presence,dropout,alpha,2.0,XY,80,80,0,1.0
7,presence,dropout,alpha,2.0,YX,80,80,0,1.0
7,presence,dropout,alpha,4.0,XY,80,80,0,1.0
7,presence,dropout,alpha,4.0,YX,80,80,0,1.0
7,presence,dropout,alpha,8.0,XY,80,80,0,1.0
7,presence,dropout,alpha,8.0,YX,80,80,0,1.0
7,presence,dropout,alpha,16.0,XY,80,80,0,1.0
7,presence,dropout,alpha,16.0,YX,80,80,0,1.0
7,presence,dropout,alpha,32.0,XY,80,80,0,1.0
7,presence,dropout,alpha,32.0,YX,80,80,0,1.0
7,presence,dropout,alpha,64.0,XY,80,80,0,1.0
7,presence,dropout,alpha,64.0,YX,80,80,0,1.0
7,presence,dropout,alpha,128.0,XY,80,80,0,1.0
7,presence,dropout,alpha,128.0,YX,80,80,0,1.0
7,presence,dropout,z_mad,0.01,XY,80,80,0,1.0
7,presence,dropout,z_mad,0.01,YX,80,80,0,1.0
7,presence,dropout,z_mad,0.02,XY,80,80,0,1.0
7,presence,dropout,z_mad,0.02,YX,80,80,0,1.0
7,presence,dropout,z_mad,0.04,XY,80,80,0,1.0
7,presence,dropout,z_mad,0.04,YX,80,80,0,1.0
7,presence,dropout,z_mad,0.08,XY,80,80,0,1.0
7,presence,dropout,z_mad,0.08,YX,80,80,0,1.0
7,presence,dropout,z_mad,0.16,XY,80,80,0,1.0
7,presence,dropout,z_mad,0.16,YX,80,80,0,1.0
7,presence,dropout,z_mad,0.32,XY,80,80,0,1.0
7,presence,dropout,z_mad,0.32,YX,80,80,0,1.0
7,presence,dropout,z_mad,0.64,XY,80,80,0,1.0
7,presence,dropout,z_mad,0.64,YX,80,80,0,1.0
7,presence,dropout,z_mad,1.28,XY,80,80,0,1.0
7,presence,dropout,z_mad,1.28,YX,80,80,0,1.0
7,presence,dropout,z_mad,2.56,XY,80,80,0,1.0
7,presence,dropout,z_mad,2.56,YX,80,80,0,1.0
7,presence,dropout,z_mad,5.12,XY,80,80,0,1.0
7,presence,dropout,z_mad,5.12,YX,80,80,0,1.0
7,presence,dropout,z_mad,10.24,XY,80,80,0,1.0
7,presence,dropout,z_mad,10.24,YX,80,80,0,1.0
7,presence,dropout,z_mad,20.48,XY,80,80,0,1.0
7,presence,dropout,z_mad,20.48,YX,80,80,0,1.0
7,presence,dropout,z_sd,0.01,XY,80,80,0,1.0
7,presence,dropout,z_sd,0.01,YX,80,80,0,1.0
7,presence,dropout,z_sd,0.02,XY,80,80,0,1.0
7,presence,dropout,z_sd,0.02,YX,80,80,0,1.0
7,presence,dropout,z_sd,0.04,XY,80,80,0,1.0
7,presence,dropout,z_sd,0.04,YX,80,80,0,1.0
7,presence,dropout,z_sd,0.08,XY,80,80,0,1.0
7,presence,dropout,z_sd,0.08,YX,80,80,0,1.0
7,presence,dropout,z_sd,0.16,XY,80,80,0,1.0
7,presence,dropout,z_sd,0.16,YX,80,80,0,1.0
7,presence,dropout,z_sd,0.32,XY,80,80,0,1.0
7,presence,dropout,z_sd,0.32,YX,80,80,0,1.0
7,presence,dropout,z_sd,0.64,XY,80,80,0,1.0
7,presence,dropout,z_sd,0.64,YX,80,80,0,1.0
7,presence,dropout,z_sd,1.28,XY,80,80,0,1.0
7,presence,dropout,z_sd,1.28,YX,80,80,0,1.0
7,presence,dropout,z_sd,2.56,XY,80,80,0,1.0
7,presence,dropout,z_sd,2.56,YX,80,80,0,1.0
7,presence,dropout,z_sd,5.12,XY,80,80,0,1.0
7,presence,dropout,z_sd,5.12,YX,80,80,0,1.0
7,presence,dropout,z_sd,10.24,XY,80,80,0,1.0
7,presence,dropout,z_sd,10.24,YX,80,80,0,1.0
7,presence,dropout,z_sd,20.48,XY,80,80,0,1.0
7,presence,dropout,z_sd,20.48,YX,80,80,0,1.0
7,presence,noise,alpha,0.25,XY,80,80,0,1.0
7,presence,noise,alpha,0.25,YX,80,80,0,1.0
7,presence,noise,alpha,0.5,XY,80,80,0,1.0
7,presence,noise,alpha,0.5,YX,80,80,0,1.0
7,presence,noise,alpha,1.0,XY,80,80,0,1.0
7,presence,noise,alpha,1.0,YX,80,80,0,1.0
7,presence,noise,alpha,2.0,XY,80,80,0,1.0
7,presence,noise,alpha,2.0,YX,80,80,0,1.0
7,presence,noise,alpha,4.0,XY,80,80,0,1.0
7,presence,noise,alpha,4.0,YX,80,80,0,1.0
7,presence,noise,alpha,8.0,XY,80,80,0,1.0
7,presence,noise,alpha,8.0,YX,80,80,0,1.0
7,presence,noise,alpha,16.0,XY,80,80,0,1.0
7,presence,noise,alpha,16.0,YX,80,80,0,1.0
7,presence,noise,alpha,32.0,XY,80,80,0,1.0
7,presence,noise,alpha,32.0,YX,80,80,0,1.0
7,presence,noise,alpha,64.0,XY,80,80,0,1.0
7,presence,noise,alpha,64.0,YX,80,80,0,1.0
7,presence,noise,alpha,128.0,XY,80,80,0,1.0
7,presence,noise,alpha,128.0,YX,80,80,0,1.0
7,presence,noise,z_mad,0.01,XY,80,80,0,1.0
7,presence,noise,z_mad,0.01,YX,80,80,0,1.0
7,presence,noise,z_mad,0.02,XY,80,80,0,1.0
7,presence,noise,z_mad,0.02,YX,80,80,0,1.0
7,presence,noise,z_mad,0.04,XY,80,80,0,1.0
7,presence,noise,z_mad,0.04,YX,80,80,0,1.0
7,presence,noise,z_mad,0.08,XY,80,80,0,1.0
7,presence,noise,z_mad,0.08,YX,80,80,0,1.0
7,presence,noise,z_mad,0.16,XY,80,80,0,1.0
7,presence,noise,z_mad,0.16,YX,80,80,0,1.0
7,presence,noise,z_mad,0.32,XY,80,80,0,1.0
7,presence,noise,z_mad,0.32,YX,80,80,0,1.0
7,presence,noise,z_mad,0.64,XY,80,80,0,1.0
7,presence,noise,z_mad,0.64,YX,80,80,0,1.0
7,presence,noise,z_mad,1.28,XY,80,80,0,1.0
7,presence,noise,z_mad,1.28,YX,80,80,0,1.0
7,presence,noise,z_mad,2.56,XY,80,80,0,1.0
7,presence,noise,z_mad,2.56,YX,80,80,0,1.0
7,presence,noise,z_mad,5.12,XY,80,80,0,1.0
7,presence,noise,z_mad,5.12,YX,80,80,0,1.0
7,presence,noise,z_mad,10.24,XY,80,80,0,1.0
7,presence,noise,z_mad,10.24,YX,80,80,0,1.0
7,presence,noise,z_mad,20.48,XY,80,80,0,1.0
7,presence,noise,z_mad,20.48,YX,80,80,0,1.0
7,presence,noise,z_sd,0.01,XY,80,80,0,1.0
7,presence,noise,z_sd,0.01,YX,80,80,0,1.0
7,presence,noise,z_sd,0.02,XY,80,80,0,1.0
7,presence,noise,z_sd,0.02,YX,80,80,0,1.0
7,presence,noise,z_sd,0.04,XY,80,80,0,1.0
7,presence,noise,z_sd,0.04,YX,80,80,0,1.0
7,presence,noise,z_sd,0.08,XY,80,80,0,1.0
7,presence,noise,z_sd,0.08,YX,80,80,0,1.0
7,presence,noise,z_sd,0.16,XY,80,80,0,1.0
7,presence,noise,z_sd,0.16,YX,80,80,0,1.0
7,presence,noise,z_sd,0.32,XY,80,80,0,1.0
7,presence,noise,z_sd,0.32,YX,80,80,0,1.0
7,presence,noise,z_sd,0.64,XY,80,80,0,1.0
7,presence,noise,z_sd,0.64,YX,80,80,0,1.0
7,presence,noise,z_sd,1.28,XY,80,80,0,1.0
7,presence,noise,z_sd,1.28,YX,80,80,0,1.0
7,presence,noise,z_sd,2.56,XY,80,80,0,1.0
7,presence,noise,z_sd,2.56,YX,80,80,0,1.0
7,presence,noise,z_sd,5.12,XY,80,80,0,1.0
7,presence,noise,z_sd,5.12,YX,80,80,0,1.0
7,presence,noise,z_sd,10.24,XY,80,80,0,1.0
7,presence,noise,z_sd,10.24,YX,80,80,0,1.0
7,presence,noise,z_sd,20.48,XY,80,80,0,1.0
7,presence,noise,z_sd,20.48,YX,80,80,0,1.0
7,presence,random,alpha,0.25,XY,120,120,0,1.0
7,presence,random,alpha,0.25,YX,120,120,0,1.0
7,presence,random,alpha,0.5,XY,120,120,0,1.0
7,presence,random,alpha,0.5,YX,120,120,0,1.0
7,presence,random,alpha,1.0,XY,120,120,0,1.0
7,presence,random,alpha,1.0,YX,120,120,0,1.0
7,presence,random,alpha,2.0,XY,120,120,0,1.0
7,presence,random,alpha,2.0,YX,120,120,0,1.0
7,presence,random,alpha,4.0,XY,120,120,0,1.0
7,presence,random,alpha,4.0,YX,120,120,0,1.0
7,presence,random,alpha,8.0,XY,120,120,0,1.0
7,presence,random,alpha,8.0,YX,120,120,0,1.0
7,presence,random,alpha,16.0,XY,120,120,0,1.0
7,presence,random,alpha,16.0,YX,120,120,0,1.0
7,presence,random,alpha,32.0,XY,120,120,0,1.0
7,presence,random,alpha,32.0,YX,120,120,0,1.0
7,presence,random,alpha,64.0,XY,120,120,1,1.0
7,presence,random,alpha,64.0,YX,120,120,1,1.0
7,presence,random,alpha,128.0,XY,120,120,1,1.0
7,presence,random,alpha,128.0,YX,120,120,3,1.0
7,presence,random,z_mad,0.01,XY,120,120,0,1.0
7,presence,random,z_mad,0.01,YX,120,120,0,1.0
7,presence,random,z_mad,0.02,XY,120,120,0,1.0
7,presence,random,z_mad,0.02,YX,120,120,0,1.0
7,presence,random,z_mad,0.04,XY,120,120,0,1.0
7,presence,random,z_mad,0.04,YX,120,120,0,1.0
7,presence,random,z_mad,0.08,XY,120,120,0,1.0
7,presence,random,z_mad,0.08,YX,120,120,0,1.0
7,presence,random,z_mad,0.16,XY,120,120,0,1.0
7,presence,random,z_mad,0.16,YX,120,120,0,1.0
7,presence,random,z_mad,0.32,XY,120,120,0,1.0
7,presence,random,z_mad,0.32,YX,120,120,0,1.0
7,presence,random,z_mad,0.64,XY,120,120,0,1.0
7,presence,random,z_mad,0.64,YX,120,120,0,1.0
7,presence,random,z_mad,1.28,XY,120,120,0,1.0
7,presence,random,z_mad,1.28,YX,120,120,0,1.0
7,presence,random,z_mad,2.56,XY,120,120,0,1.0
7,presence,random,z_mad,2.56,YX,120,120,0,1.0
7,presence,random,z_mad,5.12,XY,120,120,0,1.0
7,presence,random,z_mad,5.12,YX,120,120,0,1.0
7,presence,random,z_mad,10.24,XY,120,120,0,1.0
7,presence,random,z_mad,10.24,YX,120,120,0,1.0
7,presence,random,z_mad,20.48,XY,120,120,0,1.0
7,presence,random,z_mad,20.48,YX,120,120,0,1.0
7,presence,random,z_sd,0.01,XY,120,120,0,1.0
7,presence,random,z_sd,0.01,YX,120,120,0,1.0
7,presence,random,z_sd,0.02,XY,120,120,0,1.0
7,presence,random,z_sd,0.02,YX,120,120,0,1.0
7,presence,random,z_sd,0.04,XY,120,120,0,1.0
7,presence,random,z_sd,0.04,YX,120,120,0,1.0
7,presence,random,z_sd,0.08,XY,120,120,0,1.0
7,presence,random,z_sd,0.08,YX,120,120,0,1.0
7,presence,random,z_sd,0.16,XY,120,120,0,1.0
7,presence,random,z_sd,0.16,YX,120,120,0,1.0
7,presence,random,z_sd,0.32,XY,120,120,0,1.0
7,presence,random,z_sd,0.32,YX,120,120,0,1.0
7,presence,random,z_sd,0.64,XY,120,120,0,1.0
7,presence,random,z_sd,0.64,YX,120,120,0,1.0
7,presence,random,z_sd,1.28,XY,120,120,0,1.0
7,presence,random,z_sd,1.28,YX,120,120,0,1.0
7,presence,random,z_sd,2.56,XY,120,120,0,1.0
7,presence,random,z_sd,2.56,YX,120,120,0,1.0
7,presence,random,z_sd,5.12,XY,120,120,0,1.0
7,presence,random,z_sd,5.12,YX,120,120,0,1.0
7,presence,random,z_sd,10.24,XY,120,120,0,1.0
7,presence,random,z_sd,10.24,YX,120,120,0,1.0
7,presence,random,z_sd,20.48,XY,120,120,1,1.0
7,presence,random,z_sd,20.48,YX,120,120,1,1.0
8,presence,concept,alpha,0.25,XY,400,400,0,1.0
8,presence,concept,alpha,0.25,YX,400,400,0,1.0
8,presence,concept,alpha,0.5,XY,400,400,0,1.0
8,presence,concept,alpha,0.5,YX,400,400,0,1.0
8,presence,concept,alpha,1.0,XY,400,400,0,1.0
8,presence,concept,alpha,1.0,YX,400,400,0,1.0
8,presence,concept,alpha,2.0,XY,400,400,0,1.0
8,presence,concept,alpha,2.0,YX,400,400,0,1.0
8,presence,concept,alpha,4.0,XY,400,400,0,1.0
8,presence,concept,alpha,4.0,YX,400,400,0,1.0
8,presence,concept,alpha,8.0,XY,400,400,0,1.0
8,presence,concept,alpha,8.0,YX,400,400,0,1.0
8,presence,concept,alpha,16.0,XY,400,400,0,1.0
8,presence,concept,alpha,16.0,YX,400,400,0,1.0
8,presence,concept,alpha,32.0,XY,400,400,0,1.0
8,presence,concept,alpha,32.0,YX,400,400,0,1.0
8,presence,concept,alpha,64.0,XY,400,398,0,0.995
8,presence,concept,alpha,64.0,YX,400,400,0,1.0
8,presence,concept,alpha,128.0,XY,400,364,5,0.91
8,presence,concept,alpha,128.0,YX,400,396,0,0.99
8,presence,concept,z_mad,0.01,XY,400,400,0,1.0
8,presence,concept,z_mad,0.01,YX,400,400,0,1.0
8,presence,concept,z_mad,0.02,XY,400,400,0,1.0
8,presence,concept,z_mad,0.02,YX,400,400,0,1.0
8,presence,concept,z_mad,0.04,XY,400,400,0,1.0
8,presence,concept,z_mad,0.04,YX,400,400,0,1.0
8,presence,concept,z_mad,0.08,XY,400,400,0,1.0
8,presence,concept,z_mad,0.08,YX,400,400,0,1.0
8,presence,concept,z_mad,0.16,XY,400,400,0,1.0
8,presence,concept,z_mad,0.16,YX,400,400,0,1.0
8,presence,concept,z_mad,0.32,XY,400,400,0,1.0
8,presence,concept,z_mad,0.32,YX,400,400,0,1.0
8,presence,concept,z_mad,0.64,XY,400,400,0,1.0
8,presence,concept,z_mad,0.64,YX,400,400,0,1.0
8,presence,concept,z_mad,1.28,XY,400,400,0,1.0
8,presence,concept,z_mad,1.28,YX,400,400,0,1.0
8,presence,concept,z_mad,2.56,XY,400,400,0,1.0
8,presence,concept,z_mad,2.56,YX,400,400,0,1.0
8,presence,concept,z_mad,5.12,XY,400,400,0,1.0
8,presence,concept,z_mad,5.12,YX,400,400,0,1.0
8,presence,concept,z_mad,10.24,XY,400,400,0,1.0
8,presence,concept,z_mad,10.24,YX,400,400,0,1.0
8,presence,concept,z_mad,20.48,XY,400,400,0,1.0
8,presence,concept,z_mad,20.48,YX,400,400,0,1.0
8,presence,concept,z_sd,0.01,XY,400,400,0,1.0
8,presence,concept,z_sd,0.01,YX,400,400,0,1.0
8,presence,concept,z_sd,0.02,XY,400,400,0,1.0
8,presence,concept,z_sd,0.02,YX,400,400,0,1.0
8,presence,concept,z_sd,0.04,XY,400,400,0,1.0
8,presence,concept,z_sd,0.04,YX,400,400,0,1.0
8,presence,concept,z_sd,0.08,XY,400,400,0,1.0
8,presence,concept,z_sd,0.08,YX,400,400,0,1.0
8,presence,concept,z_sd,0.16,XY,400,400,0,1.0
8,presence,concept,z_sd,0.16,YX,400,400,0,1.0
8,presence,concept,z_sd,0.32,XY,400,400,0,1.0
8,presence,concept,z_sd,0.32,YX,400,400,0,1.0
8,presence,concept,z_sd,0.64,XY,400,365,1,0.9125
8,presence,concept,z_sd,0.64,YX,400,390,0,0.975
8,presence,concept,z_sd,1.28,XY,400,397,1,0.9925
8,presence,concept,z_sd,1.28,YX,400,400,0,1.0
8,presence,concept,z_sd,2.56,XY,400,400,1,1.0
8,presence,concept,z_sd,2.56,YX,400,400,0,1.0
8,presence,concept,z_sd,5.12,XY,400,400,2,1.0
8,presence,concept,z_sd,5.12,YX,400,400,0,1.0
8,presence,concept,z_sd,10.24,XY,400,400,3,1.0
8,presence,concept,z_sd,10.24,YX,400,400,0,1.0
8,presence,concept,z_sd,20.48,XY,400,400,1,1.0
8,presence,concept,z_sd,20.48,YX,400,400,0,1.0
8,presence,dropout,alpha,0.25,XY,80,80,0,1.0
8,presence,dropout,alpha,0.25,YX,80,80,0,1.0
8,presence,dropout,alpha,0.5,XY,80,80,0,1.0
8,presence,dropout,alpha,0.5,YX,80,80,0,1.0
8,presence,dropout,alpha,1.0,XY,80,80,0,1.0
8,presence,dropout,alpha,1.0,YX,80,80,0,1.0
8,presence,dropout,alpha,2.0,XY,80,80,0,1.0
8,presence,dropout,alpha,2.0,YX,80,80,0,1.0
8,presence,dropout,alpha,4.0,XY,80,80,0,1.0
8,presence,dropout,alpha,4.0,YX,80,80,0,1.0
8,presence,dropout,alpha,8.0,XY,80,80,0,1.0
8,presence,dropout,alpha,8.0,YX,80,80,0,1.0
8,presence,dropout,alpha,16.0,XY,80,80,0,1.0
8,presence,dropout,alpha,16.0,YX,80,80,0,1.0
8,presence,dropout,alpha,32.0,XY,80,80,0,1.0
8,presence,dropout,alpha,32.0,YX,80,80,0,1.0
8,presence,dropout,alpha,64.0,XY,80,80,0,1.0
8,presence,dropout,alpha,64.0,YX,80,80,0,1.0
8,presence,dropout,alpha,128.0,XY,80,80,0,1.0
8,presence,dropout,alpha,128.0,YX,80,80,0,1.0
8,presence,dropout,z_mad,0.01,XY,80,80,0,1.0
8,presence,dropout,z_mad,0.01,YX,80,80,0,1.0
8,presence,dropout,z_mad,0.02,XY,80,80,0,1.0
8,presence,dropout,z_mad,0.02,YX,80,80,0,1.0
8,presence,dropout,z_mad,0.04,XY,80,80,0,1.0
8,presence,dropout,z_mad,0.04,YX,80,80,0,1.0
8,presence,dropout,z_mad,0.08,XY,80,80,0,1.0
8,presence,dropout,z_mad,0.08,YX,80,80,0,1.0
8,presence,dropout,z_mad,0.16,XY,80,80,0,1.0
8,presence,dropout,z_mad,0.16,YX,80,80,0,1.0
8,presence,dropout,z_mad,0.32,XY,80,80,0,1.0
8,presence,dropout,z_mad,0.32,YX,80,80,0,1.0
8,presence,dropout,z_mad,0.64,XY,80,80,0,1.0
8,presence,dropout,z_mad,0.64,YX,80,80,0,1.0
8,presence,dropout,z_mad,1.28,XY,80,80,0,1.0
8,presence,dropout,z_mad,1.28,YX,80,80,0,1.0
8,presence,dropout,z_mad,2.56,XY,80,80,0,1.0
8,presence,dropout,z_mad,2.56,YX,80,80,0,1.0
8,presence,dropout,z_mad,5.12,XY,80,80,0,1.0
8,presence,dropout,z_mad,5.12,YX,80,80,0,1.0
8,presence,dropout,z_mad,10.24,XY,80,80,0,1.0
8,presence,dropout,z_mad,10.24,YX,80,80,0,1.0
8,presence,dropout,z_mad,20.48,XY,80,80,0,1.0
8,presence,dropout,z_mad,20.48,YX,80,80,0,1.0
8,presence,dropout,z_sd,0.01,XY,80,80,0,1.0
8,presence,dropout,z_sd,0.01,YX,80,80,0,1.0
8,presence,dropout,z_sd,0.02,XY,80,80,0,1.0
8,presence,dropout,z_sd,0.02,YX,80,80,0,1.0
8,presence,dropout,z_sd,0.04,XY,80,80,0,1.0
8,presence,dropout,z_sd,0.04,YX,80,80,0,1.0
8,presence,dropout,z_sd,0.08,XY,80,80,0,1.0
8,presence,dropout,z_sd,0.08,YX,80,80,0,1.0
8,presence,dropout,z_sd,0.16,XY,80,80,0,1.0
8,presence,dropout,z_sd,0.16,YX,80,80,0,1.0
8,presence,dropout,z_sd,0.32,XY,80,80,0,1.0
8,presence,dropout,z_sd,0.32,YX,80,80,0,1.0
8,presence,dropout,z_sd,0.64,XY,80,80,0,1.0
8,presence,dropout,z_sd,0.64,YX,80,80,0,1.0
8,presence,dropout,z_sd,1.28,XY,80,80,0,1.0
8,presence,dropout,z_sd,1.28,YX,80,80,0,1.0
8,presence,dropout,z_sd,2.56,XY,80,80,0,1.0
8,presence,dropout,z_sd,2.56,YX,80,80,0,1.0
8,presence,dropout,z_sd,5.12,XY,80,80,0,1.0
8,presence,dropout,z_sd,5.12,YX,80,80,0,1.0
8,presence,dropout,z_sd,10.24,XY,80,80,0,1.0
8,presence,dropout,z_sd,10.24,YX,80,80,0,1.0
8,presence,dropout,z_sd,20.48,XY,80,80,0,1.0
8,presence,dropout,z_sd,20.48,YX,80,80,0,1.0
8,presence,noise,alpha,0.25,XY,80,80,0,1.0
8,presence,noise,alpha,0.25,YX,80,80,0,1.0
8,presence,noise,alpha,0.5,XY,80,80,0,1.0
8,presence,noise,alpha,0.5,YX,80,80,0,1.0
8,presence,noise,alpha,1.0,XY,80,80,0,1.0
8,presence,noise,alpha,1.0,YX,80,80,0,1.0
8,presence,noise,alpha,2.0,XY,80,80,0,1.0
8,presence,noise,alpha,2.0,YX,80,80,0,1.0
8,presence,noise,alpha,4.0,XY,80,80,0,1.0
8,presence,noise,alpha,4.0,YX,80,80,0,1.0
8,presence,noise,alpha,8.0,XY,80,80,0,1.0
8,presence,noise,alpha,8.0,YX,80,80,0,1.0
8,presence,noise,alpha,16.0,XY,80,80,0,1.0
8,presence,noise,alpha,16.0,YX,80,80,0,1.0
8,presence,noise,alpha,32.0,XY,80,80,0,1.0
8,presence,noise,alpha,32.0,YX,80,80,0,1.0
8,presence,noise,alpha,64.0,XY,80,80,0,1.0
8,presence,noise,alpha,64.0,YX,80,80,0,1.0
8,presence,noise,alpha,128.0,XY,80,80,0,1.0
8,presence,noise,alpha,128.0,YX,80,80,0,1.0
8,presence,noise,z_mad,0.01,XY,80,80,0,1.0
8,presence,noise,z_mad,0.01,YX,80,80,0,1.0
8,presence,noise,z_mad,0.02,XY,80,80,0,1.0
8,presence,noise,z_mad,0.02,YX,80,80,0,1.0
8,presence,noise,z_mad,0.04,XY,80,80,0,1.0
8,presence,noise,z_mad,0.04,YX,80,80,0,1.0
8,presence,noise,z_mad,0.08,XY,80,80,0,1.0
8,presence,noise,z_mad,0.08,YX,80,80,0,1.0
8,presence,noise,z_mad,0.16,XY,80,80,0,1.0
8,presence,noise,z_mad,0.16,YX,80,80,0,1.0
8,presence,noise,z_mad,0.32,XY,80,80,0,1.0
8,presence,noise,z_mad,0.32,YX,80,80,0,1.0
8,presence,noise,z_mad,0.64,XY,80,80,0,1.0
8,presence,noise,z_mad,0.64,YX,80,80,0,1.0
8,presence,noise,z_mad,1.28,XY,80,80,0,1.0
8,presence,noise,z_mad,1.28,YX,80,80,0,1.0
8,presence,noise,z_mad,2.56,XY,80,80,0,1.0
8,presence,noise,z_mad,2.56,YX,80,80,0,1.0
8,presence,noise,z_mad,5.12,XY,80,80,0,1.0
8,presence,noise,z_mad,5.12,YX,80,80,0,1.0
8,presence,noise,z_mad,10.24,XY,80,80,0,1.0
8,presence,noise,z_mad,10.24,YX,80,80,0,1.0
8,presence,noise,z_mad,20.48,XY,80,80,0,1.0
8,presence,noise,z_mad,20.48,YX,80,80,0,1.0
8,presence,noise,z_sd,0.01,XY,80,80,0,1.0
8,presence,noise,z_sd,0.01,YX,80,80,0,1.0
8,presence,noise,z_sd,0.02,XY,80,80,0,1.0
8,presence,noise,z_sd,0.02,YX,80,80,0,1.0
8,presence,noise,z_sd,0.04,XY,80,80,0,1.0
8,presence,noise,z_sd,0.04,YX,80,80,0,1.0
8,presence,noise,z_sd,0.08,XY,80,80,0,1.0
8,presence,noise,z_sd,0.08,YX,80,80,0,1.0
8,presence,noise,z_sd,0.16,XY,80,80,0,1.0
8,presence,noise,z_sd,0.16,YX,80,80,0,1.0
8,presence,noise,z_sd,0.32,XY,80,80,0,1.0
8,presence,noise,z_sd,0.32,YX,80,80,0,1.0
8,presence,noise,z_sd,0.64,XY,80,80,0,1.0
8,presence,noise,z_sd,0.64,YX,80,80,0,1.0
8,presence,noise,z_sd,1.28,XY,80,80,0,1.0
8,presence,noise,z_sd,1.28,YX,80,80,0,1.0
8,presence,noise,z_sd,2.56,XY,80,80,0,1.0
8,presence,noise,z_sd,2.56,YX,80,80,0,1.0
8,presence,noise,z_sd,5.12,XY,80,80,0,1.0
8,presence,noise,z_sd,5.12,YX,80,80,0,1.0
8,presence,noise,z_sd,10.24,XY,80,80,0,1.0
8,presence,noise,z_sd,10.24,YX,80,80,0,1.0
8,presence,noise,z_sd,20.48,XY,80,80,0,1.0
8,presence,noise,z_sd,20.48,YX,80,80,0,1.0
8,presence,random,alpha,0.25,XY,120,120,0,1.0
8,presence,random,alpha,0.25,YX,120,120,0,1.0
8,presence,random,alpha,0.5,XY,120,120,0,1.0
8,presence,random,alpha,0.5,YX,120,120,0,1.0
8,presence,random,alpha,1.0,XY,120,120,0,1.0
8,presence,random,alpha,1.0,YX,120,120,0,1.0
8,presence,random,alpha,2.0,XY,120,120,0,1.0
8,presence,random,alpha,2.0,YX,120,120,0,1.0
8,presence,random,alpha,4.0,XY,120,120,0,1.0
8,presence,random,alpha,4.0,YX,120,120,0,1.0
8,presence,random,alpha,8.0,XY,120,120,0,1.0
8,presence,random,alpha,8.0,YX,120,120,0,1.0
8,presence,random,alpha,16.0,XY,120,120,0,1.0
8,presence,random,alpha,16.0,YX,120,120,0,1.0
8,presence,random,alpha,32.0,XY,120,120,0,1.0
8,presence,random,alpha,32.0,YX,120,120,0,1.0
8,presence,random,alpha,64.0,XY,120,120,0,1.0
8,presence,random,alpha,64.0,YX,120,120,0,1.0
8,presence,random,alpha,128.0,XY,120,120,0,1.0
8,presence,random,alpha,128.0,YX,120,120,0,1.0
8,presence,random,z_mad,0.01,XY,120,120,0,1.0
8,presence,random,z_mad,0.01,YX,120,120,0,1.0
8,presence,random,z_mad,0.02,XY,120,120,0,1.0
8,presence,random,z_mad,0.02,YX,120,120,0,1.0
8,presence,random,z_mad,0.04,XY,120,120,0,1.0
8,presence,random,z_mad,0.04,YX,120,120,0,1.0
8,presence,random,z_mad,0.08,XY,120,120,0,1.0
8,presence,random,z_mad,0.08,YX,120,120,0,1.0
8,presence,random,z_mad,0.16,XY,120,120,0,1.0
8,presence,random,z_mad,0.16,YX,120,120,0,1.0
8,presence,random,z_mad,0.32,XY,120,120,0,1.0
8,presence,random,z_mad,0.32,YX,120,120,0,1.0
8,presence,random,z_mad,0.64,XY,120,120,0,1.0
8,presence,random,z_mad,0.64,YX,120,120,0,1.0
8,presence,random,z_mad,1.28,XY,120,120,0,1.0
8,presence,random,z_mad,1.28,YX,120,120,0,1.0
8,presence,random,z_mad,2.56,XY,120,120,0,1.0
8,presence,random,z_mad,2.56,YX,120,120,0,1.0
8,presence,random,z_mad,5.12,XY,120,120,0,1.0
8,presence,random,z_mad,5.12,YX,120,120,0,1.0
8,presence,random,z_mad,10.24,XY,120,120,0,1.0
8,presence,random,z_mad,10.24,YX,120,120,0,1.0
8,presence,random,z_mad,20.48,XY,120,120,0,1.0
8,presence,random,z_mad,20.48,YX,120,120,0,1.0
8,presence,random,z_sd,0.01,XY,120,120,0,1.0
8,presence,random,z_sd,0.01,YX,120,120,0,1.0
8,presence,random,z_sd,0.02,XY,120,120,0,1.0
8,presence,random,z_sd,0.02,YX,120,120,0,1.0
8,presence,random,z_sd,0.04,XY,120,120,0,1.0
8,presence,random,z_sd,0.04,YX,120,120,0,1.0
8,presence,random,z_sd,0.08,XY,120,120,0,1.0
8,presence,random,z_sd,0.08,YX,120,120,0,1.0
8,presence,random,z_sd,0.16,XY,120,120,0,1.0
8,presence,random,z_sd,0.16,YX,120,120,0,1.0
8,presence,random,z_sd,0.32,XY,120,120,0,1.0
8,presence,random,z_sd,0.32,YX,120,120,0,1.0
8,presence,random,z_sd,0.64,XY,120,120,0,1.0
8,presence,random,z_sd,0.64,YX,120,120,0,1.0
8,presence,random,z_sd,1.28,XY,120,120,0,1.0
8,presence,random,z_sd,1.28,YX,120,120,0,1.0
8,presence,random,z_sd,2.56,XY,120,120,0,1.0
8,presence,random,z_sd,2.56,YX,120,120,0,1.0
8,presence,random,z_sd,5.12,XY,120,120,0,1.0
8,presence,random,z_sd,5.12,YX,120,120,0,1.0
8,presence,random,z_sd,10.24,XY,120,120,0,1.0
8,presence,random,z_sd,10.24,YX,120,120,0,1.0
8,presence,random,z_sd,20.48,XY,120,120,0,1.0
8,presence,random,z_sd,20.48,YX,120,120,0,1.0
9,presence,concept,alpha,0.25,XY,400,400,0,1.0
9,presence,concept,alpha,0.25,YX,400,400,0,1.0
9,presence,concept,alpha,0.5,XY,400,400,0,1.0
9,presence,concept,alpha,0.5,YX,400,400,0,1.0
9,presence,concept,alpha,1.0,XY,400,400,0,1.0
9,presence,concept,alpha,1.0,YX,400,400,0,1.0
9,presence,concept,alpha,2.0,XY,400,400,0,1.0
9,presence,concept,alpha,2.0,YX,400,400,0,1.0
9,presence,concept,alpha,4.0,XY,400,400,0,1.0
9,presence,concept,alpha,4.0,YX,400,400,0,1.0
9,presence,concept,alpha,8.0,XY,400,400,0,1.0
9,presence,concept,alpha,8.0,YX,400,400,0,1.0
9,presence,concept,alpha,16.0,XY,400,400,0,1.0
9,presence,concept,alpha,16.0,YX,400,400,0,1.0
9,presence,concept,alpha,32.0,XY,400,400,0,1.0
9,presence,concept,alpha,32.0,YX,400,400,0,1.0
9,presence,concept,alpha,64.0,XY,400,360,5,0.9
9,presence,concept,alpha,64.0,YX,400,387,0,0.9675
9,presence,concept,alpha,128.0,XY,400,360,0,0.9
9,presence,concept,alpha,128.0,YX,400,360,0,0.9
9,presence,concept,z_mad,0.01,XY,400,400,0,1.0
9,presence,concept,z_mad,0.01,YX,400,400,0,1.0
9,presence,concept,z_mad,0.02,XY,400,400,0,1.0
9,presence,concept,z_mad,0.02,YX,400,400,0,1.0
9,presence,concept,z_mad,0.04,XY,400,400,0,1.0
9,presence,concept,z_mad,0.04,YX,400,400,0,1.0
9,presence,concept,z_mad,0.08,XY,400,400,0,1.0
9,presence,concept,z_mad,0.08,YX,400,400,0,1.0
9,presence,concept,z_mad,0.16,XY,400,400,0,1.0
9,presence,concept,z_mad,0.16,YX,400,400,0,1.0
9,presence,concept,z_mad,0.32,XY,400,400,0,1.0
9,presence,concept,z_mad,0.32,YX,400,400,0,1.0
9,presence,concept,z_mad,0.64,XY,400,400,0,1.0
9,presence,concept,z_mad,0.64,YX,400,400,0,1.0
9,presence,concept,z_mad,1.28,XY,400,400,0,1.0
9,presence,concept,z_mad,1.28,YX,400,400,0,1.0
9,presence,concept,z_mad,2.56,XY,400,400,0,1.0
9,presence,concept,z_mad,2.56,YX,400,400,0,1.0
9,presence,concept,z_mad,5.12,XY,400,400,0,1.0
9,presence,concept,z_mad,5.12,YX,400,400,0,1.0
9,presence,concept,z_mad,10.24,XY,400,400,0,1.0
9,presence,concept,z_mad,10.24,YX,400,400,0,1.0
9,presence,concept,z_mad,20.48,XY,400,400,0,1.0
9,presence,concept,z_mad,20.48,YX,400,400,0,1.0
9,presence,concept,z_sd,0.01,XY,400,400,0,1.0
9,presence,concept,z_sd,0.01,YX,400,400,0,1.0
9,presence,concept,z_sd,0.02,XY,400,400,0,1.0
9,presence,concept,z_sd,0.02,YX,400,400,0,1.0
9,presence,concept,z_sd,0.04,XY,400,400,0,1.0
9,presence,concept,z_sd,0.04,YX,400,400,0,1.0
9,presence,concept,z_sd,0.08,XY,400,400,0,1.0
9,presence,concept,z_sd,0.08,YX,400,400,0,1.0
9,presence,concept,z_sd,0.16,XY,400,400,0,1.0
9,presence,concept,z_sd,0.16,YX,400,400,0,1.0
9,presence,concept,z_sd,0.32,XY,400,366,0,0.915
9,presence,concept,z_sd,0.32,YX,400,400,0,1.0
9,presence,concept,z_sd,0.64,XY,400,360,0,0.9
9,presence,concept,z_sd,0.64,YX,400,360,0,0.9
9,presence,concept,z_sd,1.28,XY,400,360,0,0.9
9,presence,concept,z_sd,1.28,YX,400,385,0,0.9625
9,presence,concept,z_sd,2.56,XY,400,384,0,0.96
9,presence,concept,z_sd,2.56,YX,400,398,0,0.995
9,presence,concept,z_sd,5.12,XY,400,372,0,0.93
9,presence,concept,z_sd,5.12,YX,400,396,0,0.99
9,presence,concept,z_sd,10.24,XY,400,362,0,0.905
9,presence,concept,z_sd,10.24,YX,400,388,0,0.97
9,presence,concept,z_sd,20.48,XY,400,361,0,0.9025
9,presence,concept,z_sd,20.48,YX,400,377,0,0.9425
9,presence,dropout,alpha,0.25,XY,80,80,0,1.0
9,presence,dropout,alpha,0.25,YX,80,80,0,1.0
9,presence,dropout,alpha,0.5,XY,80,80,0,1.0
9,presence,dropout,alpha,0.5,YX,80,80,0,1.0
9,presence,dropout,alpha,1.0,XY,80,80,0,1.0
9,presence,dropout,alpha,1.0,YX,80,80,0,1.0
9,presence,dropout,alpha,2.0,XY,80,80,0,1.0
9,presence,dropout,alpha,2.0,YX,80,80,0,1.0
9,presence,dropout,alpha,4.0,XY,80,80,0,1.0
9,presence,dropout,alpha,4.0,YX,80,80,0,1.0
9,presence,dropout,alpha,8.0,XY,80,80,0,1.0
9,presence,dropout,alpha,8.0,YX,80,80,0,1.0
9,presence,dropout,alpha,16.0,XY,80,80,0,1.0
9,presence,dropout,alpha,16.0,YX,80,80,0,1.0
9,presence,dropout,alpha,32.0,XY,80,80,0,1.0
9,presence,dropout,alpha,32.0,YX,80,80,0,1.0
9,presence,dropout,alpha,64.0,XY,80,80,0,1.0
9,presence,dropout,alpha,64.0,YX,80,80,0,1.0
9,presence,dropout,alpha,128.0,XY,80,79,0,0.9875
9,presence,dropout,alpha,128.0,YX,80,79,0,0.9875
9,presence,dropout,z_mad,0.01,XY,80,80,0,1.0
9,presence,dropout,z_mad,0.01,YX,80,80,0,1.0
9,presence,dropout,z_mad,0.02,XY,80,80,0,1.0
9,presence,dropout,z_mad,0.02,YX,80,80,0,1.0
9,presence,dropout,z_mad,0.04,XY,80,80,0,1.0
9,presence,dropout,z_mad,0.04,YX,80,80,0,1.0
9,presence,dropout,z_mad,0.08,XY,80,80,0,1.0
9,presence,dropout,z_mad,0.08,YX,80,80,0,1.0
9,presence,dropout,z_mad,0.16,XY,80,80,0,1.0
9,presence,dropout,z_mad,0.16,YX,80,80,0,1.0
9,presence,dropout,z_mad,0.32,XY,80,80,0,1.0
9,presence,dropout,z_mad,0.32,YX,80,80,0,1.0
9,presence,dropout,z_mad,0.64,XY,80,80,0,1.0
9,presence,dropout,z_mad,0.64,YX,80,80,0,1.0
9,presence,dropout,z_mad,1.28,XY,80,80,0,1.0
9,presence,dropout,z_mad,1.28,YX,80,80,0,1.0
9,presence,dropout,z_mad,2.56,XY,80,80,0,1.0
9,presence,dropout,z_mad,2.56,YX,80,80,0,1.0
9,presence,dropout,z_mad,5.12,XY,80,80,0,1.0
9,presence,dropout,z_mad,5.12,YX,80,80,0,1.0
9,presence,dropout,z_mad,10.24,XY,80,80,0,1.0
9,presence,dropout,z_mad,10.24,YX,80,80,0,1.0
9,presence,dropout,z_mad,20.48,XY,80,80,0,1.0
9,presence,dropout,z_mad,20.48,YX,80,80,0,1.0
9,presence,dropout,z_sd,0.01,XY,80,80,0,1.0
9,presence,dropout,z_sd,0.01,YX,80,80,0,1.0
9,presence,dropout,z_sd,0.02,XY,80,80,0,1.0
9,presence,dropout,z_sd,0.02,YX,80,80,0,1.0
9,presence,dropout,z_sd,0.04,XY,80,80,0,1.0
9,presence,dropout,z_sd,0.04,YX,80,80,0,1.0
9,presence,dropout,z_sd,0.08,XY,80,80,0,1.0
9,presence,dropout,z_sd,0.08,YX,80,80,0,1.0
9,presence,dropout,z_sd,0.16,XY,80,80,0,1.0
9,presence,dropout,z_sd,0.16,YX,80,80,0,1.0
9,presence,dropout,z_sd,0.32,XY,80,80,0,1.0
9,presence,dropout,z_sd,0.32,YX,80,80,0,1.0
9,presence,dropout,z_sd,0.64,XY,80,80,0,1.0
9,presence,dropout,z_sd,0.64,YX,80,80,0,1.0
9,presence,dropout,z_sd,1.28,XY,80,80,0,1.0
9,presence,dropout,z_sd,1.28,YX,80,80,0,1.0
9,presence,dropout,z_sd,2.56,XY,80,80,0,1.0
9,presence,dropout,z_sd,2.56,YX,80,80,0,1.0
9,presence,dropout,z_sd,5.12,XY,80,80,0,1.0
9,presence,dropout,z_sd,5.12,YX,80,80,0,1.0
9,presence,dropout,z_sd,10.24,XY,80,80,0,1.0
9,presence,dropout,z_sd,10.24,YX,80,80,0,1.0
9,presence,dropout,z_sd,20.48,XY,80,80,0,1.0
9,presence,dropout,z_sd,20.48,YX,80,80,0,1.0
9,presence,noise,alpha,0.25,XY,80,80,0,1.0
9,presence,noise,alpha,0.25,YX,80,80,0,1.0
9,presence,noise,alpha,0.5,XY,80,80,0,1.0
9,presence,noise,alpha,0.5,YX,80,80,0,1.0
9,presence,noise,alpha,1.0,XY,80,80,0,1.0
9,presence,noise,alpha,1.0,YX,80,80,0,1.0
9,presence,noise,alpha,2.0,XY,80,80,0,1.0
9,presence,noise,alpha,2.0,YX,80,80,0,1.0
9,presence,noise,alpha,4.0,XY,80,80,0,1.0
9,presence,noise,alpha,4.0,YX,80,80,0,1.0
9,presence,noise,alpha,8.0,XY,80,80,0,1.0
9,presence,noise,alpha,8.0,YX,80,80,0,1.0
9,presence,noise,alpha,16.0,XY,80,80,0,1.0
9,presence,noise,alpha,16.0,YX,80,80,0,1.0
9,presence,noise,alpha,32.0,XY,80,80,0,1.0
9,presence,noise,alpha,32.0,YX,80,80,0,1.0
9,presence,noise,alpha,64.0,XY,80,80,0,1.0
9,presence,noise,alpha,64.0,YX,80,80,0,1.0
9,presence,noise,alpha,128.0,XY,80,80,0,1.0
9,presence,noise,alpha,128.0,YX,80,80,0,1.0
9,presence,noise,z_mad,0.01,XY,80,80,0,1.0
9,presence,noise,z_mad,0.01,YX,80,80,0,1.0
9,presence,noise,z_mad,0.02,XY,80,80,0,1.0
9,presence,noise,z_mad,0.02,YX,80,80,0,1.0
9,presence,noise,z_mad,0.04,XY,80,80,0,1.0
9,presence,noise,z_mad,0.04,YX,80,80,0,1.0
9,presence,noise,z_mad,0.08,XY,80,80,0,1.0
9,presence,noise,z_mad,0.08,YX,80,80,0,1.0
9,presence,noise,z_mad,0.16,XY,80,80,0,1.0
9,presence,noise,z_mad,0.16,YX,80,80,0,1.0
9,presence,noise,z_mad,0.32,XY,80,80,0,1.0
9,presence,noise,z_mad,0.32,YX,80,80,0,1.0
9,presence,noise,z_mad,0.64,XY,80,80,0,1.0
9,presence,noise,z_mad,0.64,YX,80,80,0,1.0
9,presence,noise,z_mad,1.28,XY,80,80,0,1.0
9,presence,noise,z_mad,1.28,YX,80,80,0,1.0
9,presence,noise,z_mad,2.56,XY,80,80,0,1.0
9,presence,noise,z_mad,2.56,YX,80,80,0,1.0
9,presence,noise,z_mad,5.12,XY,80,80,0,1.0
9,presence,noise,z_mad,5.12,YX,80,80,0,1.0
9,presence,noise,z_mad,10.24,XY,80,80,0,1.0
9,presence,noise,z_mad,10.24,YX,80,80,0,1.0
9,presence,noise,z_mad,20.48,XY,80,80,0,1.0
9,presence,noise,z_mad,20.48,YX,80,80,0,1.0
9,presence,noise,z_sd,0.01,XY,80,80,0,1.0
9,presence,noise,z_sd,0.01,YX,80,80,0,1.0
9,presence,noise,z_sd,0.02,XY,80,80,0,1.0
9,presence,noise,z_sd,0.02,YX,80,80,0,1.0
9,presence,noise,z_sd,0.04,XY,80,80,0,1.0
9,presence,noise,z_sd,0.04,YX,80,80,0,1.0
9,presence,noise,z_sd,0.08,XY,80,80,0,1.0
9,presence,noise,z_sd,0.08,YX,80,80,0,1.0
9,presence,noise,z_sd,0.16,XY,80,80,0,1.0
9,presence,noise,z_sd,0.16,YX,80,80,0,1.0
9,presence,noise,z_sd,0.32,XY,80,80,0,1.0
9,presence,noise,z_sd,0.32,YX,80,80,0,1.0
9,presence,noise,z_sd,0.64,XY,80,80,0,1.0
9,presence,noise,z_sd,0.64,YX,80,80,0,1.0
9,presence,noise,z_sd,1.28,XY,80,80,0,1.0
9,presence,noise,z_sd,1.28,YX,80,80,0,1.0
9,presence,noise,z_sd,2.56,XY,80,80,0,1.0
9,presence,noise,z_sd,2.56,YX,80,80,0,1.0
9,presence,noise,z_sd,5.12,XY,80,80,0,1.0
9,presence,noise,z_sd,5.12,YX,80,80,0,1.0
9,presence,noise,z_sd,10.24,XY,80,80,0,1.0
9,presence,noise,z_sd,10.24,YX,80,80,0,1.0
9,presence,noise,z_sd,20.48,XY,80,80,0,1.0
9,presence,noise,z_sd,20.48,YX,80,80,0,1.0
9,presence,random,alpha,0.25,XY,120,120,0,1.0
9,presence,random,alpha,0.25,YX,120,120,0,1.0
9,presence,random,alpha,0.5,XY,120,120,0,1.0
9,presence,random,alpha,0.5,YX,120,120,0,1.0
9,presence,random,alpha,1.0,XY,120,120,0,1.0
9,presence,random,alpha,1.0,YX,120,120,0,1.0
9,presence,random,alpha,2.0,XY,120,120,0,1.0
9,presence,random,alpha,2.0,YX,120,120,0,1.0
9,presence,random,alpha,4.0,XY,120,120,0,1.0
9,presence,random,alpha,4.0,YX,120,120,0,1.0
9,presence,random,alpha,8.0,XY,120,120,0,1.0
9,presence,random,alpha,8.0,YX,120,120,0,1.0
9,presence,random,alpha,16.0,XY,120,120,0,1.0
9,presence,random,alpha,16.0,YX,120,120,0,1.0
9,presence,random,alpha,32.0,XY,120,120,0,1.0
9,presence,random,alpha,32.0,YX,120,120,0,1.0
9,presence,random,alpha,64.0,XY,120,120,0,1.0
9,presence,random,alpha,64.0,YX,120,120,0,1.0
9,presence,random,alpha,128.0,XY,120,120,0,1.0
9,presence,random,alpha,128.0,YX,120,120,0,1.0
9,presence,random,z_mad,0.01,XY,120,120,0,1.0
9,presence,random,z_mad,0.01,YX,120,120,0,1.0
9,presence,random,z_mad,0.02,XY,120,120,0,1.0
9,presence,random,z_mad,0.02,YX,120,120,0,1.0
9,presence,random,z_mad,0.04,XY,120,120,0,1.0
9,presence,random,z_mad,0.04,YX,120,120,0,1.0
9,presence,random,z_mad,0.08,XY,120,120,0,1.0
9,presence,random,z_mad,0.08,YX,120,120,0,1.0
9,presence,random,z_mad,0.16,XY,120,120,0,1.0
9,presence,random,z_mad,0.16,YX,120,120,0,1.0
9,presence,random,z_mad,0.32,XY,120,120,0,1.0
9,presence,random,z_mad,0.32,YX,120,120,0,1.0
9,presence,random,z_mad,0.64,XY,120,120,0,1.0
9,presence,random,z_mad,0.64,YX,120,120,0,1.0
9,presence,random,z_mad,1.28,XY,120,120,0,1.0
9,presence,random,z_mad,1.28,YX,120,120,0,1.0
9,presence,random,z_mad,2.56,XY,120,120,0,1.0
9,presence,random,z_mad,2.56,YX,120,120,0,1.0
9,presence,random,z_mad,5.12,XY,120,120,0,1.0
9,presence,random,z_mad,5.12,YX,120,120,0,1.0
9,presence,random,z_mad,10.24,XY,120,120,0,1.0
9,presence,random,z_mad,10.24,YX,120,120,0,1.0
9,presence,random,z_mad,20.48,XY,120,120,0,1.0
9,presence,random,z_mad,20.48,YX,120,120,0,1.0
9,presence,random,z_sd,0.01,XY,120,120,0,1.0
9,presence,random,z_sd,0.01,YX,120,120,0,1.0
9,presence,random,z_sd,0.02,XY,120,120,0,1.0
9,presence,random,z_sd,0.02,YX,120,120,0,1.0
9,presence,random,z_sd,0.04,XY,120,120,0,1.0
9,presence,random,z_sd,0.04,YX,120,120,0,1.0
9,presence,random,z_sd,0.08,XY,120,120,0,1.0
9,presence,random,z_sd,0.08,YX,120,120,0,1.0
9,presence,random,z_sd,0.16,XY,120,120,0,1.0
9,presence,random,z_sd,0.16,YX,120,120,0,1.0
9,presence,random,z_sd,0.32,XY,120,120,0,1.0
9,presence,random,z_sd,0.32,YX,120,120,0,1.0
9,presence,random,z_sd,0.64,XY,120,120,0,1.0
9,presence,random,z_sd,0.64,YX,120,120,0,1.0
9,presence,random,z_sd,1.28,XY,120,120,0,1.0
9,presence,random,z_sd,1.28,YX,120,120,0,1.0
9,presence,random,z_sd,2.56,XY,120,120,0,1.0
9,presence,random,z_sd,2.56,YX,120,120,0,1.0
9,presence,random,z_sd,5.12,XY,120,120,0,1.0
9,presence,random,z_sd,5.12,YX,120,120,0,1.0
9,presence,random,z_sd,10.24,XY,120,120,0,1.0
9,presence,random,z_sd,10.24,YX,120,120,0,1.0
9,presence,random,z_sd,20.48,XY,120,120,0,1.0
9,presence,random,z_sd,20.48,YX,120,120,0,1.0
10,presence,concept,alpha,0.25,XY,400,400,0,1.0
10,presence,concept,alpha,0.25,YX,400,400,0,1.0
10,presence,concept,alpha,0.5,XY,400,400,0,1.0
10,presence,concept,alpha,0.5,YX,400,400,0,1.0
10,presence,concept,alpha,1.0,XY,400,400,0,1.0
10,presence,concept,alpha,1.0,YX,400,400,0,1.0
10,presence,concept,alpha,2.0,XY,400,400,0,1.0
10,presence,concept,alpha,2.0,YX,400,400,0,1.0
10,presence,concept,alpha,4.0,XY,400,400,0,1.0
10,presence,concept,alpha,4.0,YX,400,400,0,1.0
10,presence,concept,alpha,8.0,XY,400,400,0,1.0
10,presence,concept,alpha,8.0,YX,400,400,0,1.0
10,presence,concept,alpha,16.0,XY,400,400,0,1.0
10,presence,concept,alpha,16.0,YX,400,400,0,1.0
10,presence,concept,alpha,32.0,XY,400,400,0,1.0
10,presence,concept,alpha,32.0,YX,400,400,0,1.0
10,presence,concept,alpha,64.0,XY,400,400,1,1.0
10,presence,concept,alpha,64.0,YX,400,400,0,1.0
10,presence,concept,alpha,128.0,XY,400,400,0,1.0
10,presence,concept,alpha,128.0,YX,400,400,0,1.0
10,presence,concept,z_mad,0.01,XY,400,400,0,1.0
10,presence,concept,z_mad,0.01,YX,400,400,0,1.0
10,presence,concept,z_mad,0.02,XY,400,400,0,1.0
10,presence,concept,z_mad,0.02,YX,400,400,0,1.0
10,presence,concept,z_mad,0.04,XY,400,400,0,1.0
10,presence,concept,z_mad,0.04,YX,400,400,0,1.0
10,presence,concept,z_mad,0.08,XY,400,400,0,1.0
10,presence,concept,z_mad,0.08,YX,400,400,0,1.0
10,presence,concept,z_mad,0.16,XY,400,400,0,1.0
10,presence,concept,z_mad,0.16,YX,400,400,0,1.0
10,presence,concept,z_mad,0.32,XY,400,400,0,1.0
10,presence,concept,z_mad,0.32,YX,400,400,0,1.0
10,presence,concept,z_mad,0.64,XY,400,400,0,1.0
10,presence,concept,z_mad,0.64,YX,400,400,0,1.0
10,presence,concept,z_mad,1.28,XY,400,400,0,1.0
10,presence,concept,z_mad,1.28,YX,400,400,0,1.0
10,presence,concept,z_mad,2.56,XY,400,400,0,1.0
10,presence,concept,z_mad,2.56,YX,400,400,0,1.0
10,presence,concept,z_mad,5.12,XY,400,400,0,1.0
10,presence,concept,z_mad,5.12,YX,400,400,0,1.0
10,presence,concept,z_mad,10.24,XY,400,400,0,1.0
10,presence,concept,z_mad,10.24,YX,400,400,0,1.0
10,presence,concept,z_mad,20.48,XY,400,400,0,1.0
10,presence,concept,z_mad,20.48,YX,400,400,0,1.0
10,presence,concept,z_sd,0.01,XY,400,400,0,1.0
10,presence,concept,z_sd,0.01,YX,400,400,0,1.0
10,presence,concept,z_sd,0.02,XY,400,400,0,1.0
10,presence,concept,z_sd,0.02,YX,400,400,0,1.0
10,presence,concept,z_sd,0.04,XY,400,400,0,1.0
10,presence,concept,z_sd,0.04,YX,400,400,0,1.0
10,presence,concept,z_sd,0.08,XY,400,400,0,1.0
10,presence,concept,z_sd,0.08,YX,400,400,0,1.0
10,presence,concept,z_sd,0.16,XY,400,400,0,1.0
10,presence,concept,z_sd,0.16,YX,400,400,0,1.0
10,presence,concept,z_sd,0.32,XY,400,400,4,1.0
10,presence,concept,z_sd,0.32,YX,400,400,0,1.0
10,presence,concept,z_sd,0.64,XY,400,400,0,1.0
10,presence,concept,z_sd,0.64,YX,400,400,0,1.0
10,presence,concept,z_sd,1.28,XY,400,400,0,1.0
10,presence,concept,z_sd,1.28,YX,400,400,0,1.0
10,presence,concept,z_sd,2.56,XY,400,400,0,1.0
10,presence,concept,z_sd,2.56,YX,400,400,0,1.0
10,presence,concept,z_sd,5.12,XY,400,400,0,1.0
10,presence,concept,z_sd,5.12,YX,400,400,0,1.0
10,presence,concept,z_sd,10.24,XY,400,400,0,1.0
10,presence,concept,z_sd,10.24,YX,400,400,0,1.0
10,presence,concept,z_sd,20.48,XY,400,400,0,1.0
10,presence,concept,z_sd,20.48,YX,400,400,0,1.0
10,presence,dropout,alpha,0.25,XY,80,80,0,1.0
10,presence,dropout,alpha,0.25,YX,80,80,0,1.0
10,presence,dropout,alpha,0.5,XY,80,80,0,1.0
10,presence,dropout,alpha,0.5,YX,80,80,0,1.0
10,presence,dropout,alpha,1.0,XY,80,80,0,1.0
10,presence,dropout,alpha,1.0,YX,80,80,0,1.0
10,presence,dropout,alpha,2.0,XY,80,80,0,1.0
10,presence,dropout,alpha,2.0,YX,80,80,0,1.0
10,presence,dropout,alpha,4.0,XY,80,80,0,1.0
10,presence,dropout,alpha,4.0,YX,80,80,0,1.0
10,presence,dropout,alpha,8.0,XY,80,80,0,1.0
10,presence,dropout,alpha,8.0,YX,80,80,0,1.0
10,presence,dropout,alpha,16.0,XY,80,80,0,1.0
10,presence,dropout,alpha,16.0,YX,80,80,0,1.0
10,presence,dropout,alpha,32.0,XY,80,80,0,1.0
10,presence,dropout,alpha,32.0,YX,80,80,0,1.0
10,presence,dropout,alpha,64.0,XY,80,80,0,1.0
10,presence,dropout,alpha,64.0,YX,80,80,0,1.0
10,presence,dropout,alpha,128.0,XY,80,80,0,1.0
10,presence,dropout,alpha,128.0,YX,80,80,0,1.0
10,presence,dropout,z_mad,0.01,XY,80,80,0,1.0
10,presence,dropout,z_mad,0.01,YX,80,80,0,1.0
10,presence,dropout,z_mad,0.02,XY,80,80,0,1.0
10,presence,dropout,z_mad,0.02,YX,80,80,0,1.0
10,presence,dropout,z_mad,0.04,XY,80,80,0,1.0
10,presence,dropout,z_mad,0.04,YX,80,80,0,1.0
10,presence,dropout,z_mad,0.08,XY,80,80,0,1.0
10,presence,dropout,z_mad,0.08,YX,80,80,0,1.0
10,presence,dropout,z_mad,0.16,XY,80,80,0,1.0
10,presence,dropout,z_mad,0.16,YX,80,80,0,1.0
10,presence,dropout,z_mad,0.32,XY,80,80,0,1.0
10,presence,dropout,z_mad,0.32,YX,80,80,0,1.0
10,presence,dropout,z_mad,0.64,XY,80,80,0,1.0
10,presence,dropout,z_mad,0.64,YX,80,80,0,1.0
10,presence,dropout,z_mad,1.28,XY,80,80,0,1.0
10,presence,dropout,z_mad,1.28,YX,80,80,0,1.0
10,presence,dropout,z_mad,2.56,XY,80,80,0,1.0
10,presence,dropout,z_mad,2.56,YX,80,80,0,1.0
10,presence,dropout,z_mad,5.12,XY,80,80,0,1.0
10,presence,dropout,z_mad,5.12,YX,80,80,0,1.0
10,presence,dropout,z_mad,10.24,XY,80,80,0,1.0
10,presence,dropout,z_mad,10.24,YX,80,80,0,1.0
10,presence,dropout,z_mad,20.48,XY,80,80,0,1.0
10,presence,dropout,z_mad,20.48,YX,80,80,0,1.0
10,presence,dropout,z_sd,0.01,XY,80,80,0,1.0
10,presence,dropout,z_sd,0.01,YX,80,80,0,1.0
10,presence,dropout,z_sd,0.02,XY,80,80,0,1.0
10,presence,dropout,z_sd,0.02,YX,80,80,0,1.0
10,presence,dropout,z_sd,0.04,XY,80,80,0,1.0
10,presence,dropout,z_sd,0.04,YX,80,80,0,1.0
10,presence,dropout,z_sd,0.08,XY,80,80,0,1.0
10,presence,dropout,z_sd,0.08,YX,80,80,0,1.0
10,presence,dropout,z_sd,0.16,XY,80,80,0,1.0
10,presence,dropout,z_sd,0.16,YX,80,80,0,1.0
10,presence,dropout,z_sd,0.32,XY,80,80,0,1.0
10,presence,dropout,z_sd,0.32,YX,80,80,0,1.0
10,presence,dropout,z_sd,0.64,XY,80,80,0,1.0
10,presence,dropout,z_sd,0.64,YX,80,80,0,1.0
10,presence,dropout,z_sd,1.28,XY,80,80,0,1.0
10,presence,dropout,z_sd,1.28,YX,80,80,0,1.0
10,presence,dropout,z_sd,2.56,XY,80,80,0,1.0
10,presence,dropout,z_sd,2.56,YX,80,80,0,1.0
10,presence,dropout,z_sd,5.12,XY,80,80,0,1.0
10,presence,dropout,z_sd,5.12,YX,80,80,0,1.0
10,presence,dropout,z_sd,10.24,XY,80,80,0,1.0
10,presence,dropout,z_sd,10.24,YX,80,80,0,1.0
10,presence,dropout,z_sd,20.48,XY,80,80,0,1.0
10,presence,dropout,z_sd,20.48,YX,80,80,0,1.0
10,presence,noise,alpha,0.25,XY,80,80,0,1.0
10,presence,noise,alpha,0.25,YX,80,80,0,1.0
10,presence,noise,alpha,0.5,XY,80,80,0,1.0
10,presence,noise,alpha,0.5,YX,80,80,0,1.0
10,presence,noise,alpha,1.0,XY,80,80,0,1.0
10,presence,noise,alpha,1.0,YX,80,80,0,1.0
10,presence,noise,alpha,2.0,XY,80,80,0,1.0
10,presence,noise,alpha,2.0,YX,80,80,0,1.0
10,presence,noise,alpha,4.0,XY,80,80,0,1.0
10,presence,noise,alpha,4.0,YX,80,80,0,1.0
10,presence,noise,alpha,8.0,XY,80,80,0,1.0
10,presence,noise,alpha,8.0,YX,80,80,0,1.0
10,presence,noise,alpha,16.0,XY,80,80,0,1.0
10,presence,noise,alpha,16.0,YX,80,80,0,1.0
10,presence,noise,alpha,32.0,XY,80,80,0,1.0
10,presence,noise,alpha,32.0,YX,80,80,0,1.0
10,presence,noise,alpha,64.0,XY,80,80,0,1.0
10,presence,noise,alpha,64.0,YX,80,80,0,1.0
10,presence,noise,alpha,128.0,XY,80,80,0,1.0
10,presence,noise,alpha,128.0,YX,80,80,0,1.0
10,presence,noise,z_mad,0.01,XY,80,80,0,1.0
10,presence,noise,z_mad,0.01,YX,80,80,0,1.0
10,presence,noise,z_mad,0.02,XY,80,80,0,1.0
10,presence,noise,z_mad,0.02,YX,80,80,0,1.0
10,presence,noise,z_mad,0.04,XY,80,80,0,1.0
10,presence,noise,z_mad,0.04,YX,80,80,0,1.0
10,presence,noise,z_mad,0.08,XY,80,80,0,1.0
10,presence,noise,z_mad,0.08,YX,80,80,0,1.0
10,presence,noise,z_mad,0.16,XY,80,80,0,1.0
10,presence,noise,z_mad,0.16,YX,80,80,0,1.0
10,presence,noise,z_mad,0.32,XY,80,80,0,1.0
10,presence,noise,z_mad,0.32,YX,80,80,0,1.0
10,presence,noise,z_mad,0.64,XY,80,80,0,1.0
10,presence,noise,z_mad,0.64,YX,80,80,0,1.0
10,presence,noise,z_mad,1.28,XY,80,80,0,1.0
10,presence,noise,z_mad,1.28,YX,80,80,0,1.0
10,presence,noise,z_mad,2.56,XY,80,80,0,1.0
10,presence,noise,z_mad,2.56,YX,80,80,0,1.0
10,presence,noise,z_mad,5.12,XY,80,80,0,1.0
10,presence,noise,z_mad,5.12,YX,80,80,0,1.0
10,presence,noise,z_mad,10.24,XY,80,80,0,1.0
10,presence,noise,z_mad,10.24,YX,80,80,0,1.0
10,presence,noise,z_mad,20.48,XY,80,80,0,1.0
10,presence,noise,z_mad,20.48,YX,80,80,0,1.0
10,presence,noise,z_sd,0.01,XY,80,80,0,1.0
10,presence,noise,z_sd,0.01,YX,80,80,0,1.0
10,presence,noise,z_sd,0.02,XY,80,80,0,1.0
10,presence,noise,z_sd,0.02,YX,80,80,0,1.0
10,presence,noise,z_sd,0.04,XY,80,80,0,1.0
10,presence,noise,z_sd,0.04,YX,80,80,0,1.0
10,presence,noise,z_sd,0.08,XY,80,80,0,1.0
10,presence,noise,z_sd,0.08,YX,80,80,0,1.0
10,presence,noise,z_sd,0.16,XY,80,80,0,1.0
10,presence,noise,z_sd,0.16,YX,80,80,0,1.0
10,presence,noise,z_sd,0.32,XY,80,80,0,1.0
10,presence,noise,z_sd,0.32,YX,80,80,0,1.0
10,presence,noise,z_sd,0.64,XY,80,80,0,1.0
10,presence,noise,z_sd,0.64,YX,80,80,0,1.0
10,presence,noise,z_sd,1.28,XY,80,80,0,1.0
10,presence,noise,z_sd,1.28,YX,80,80,0,1.0
10,presence,noise,z_sd,2.56,XY,80,80,0,1.0
10,presence,noise,z_sd,2.56,YX,80,80,0,1.0
10,presence,noise,z_sd,5.12,XY,80,80,0,1.0
10,presence,noise,z_sd,5.12,YX,80,80,0,1.0
10,presence,noise,z_sd,10.24,XY,80,80,0,1.0
10,presence,noise,z_sd,10.24,YX,80,80,0,1.0
10,presence,noise,z_sd,20.48,XY,80,80,0,1.0
10,presence,noise,z_sd,20.48,YX,80,80,0,1.0
10,presence,random,alpha,0.25,XY,120,120,0,1.0
10,presence,random,alpha,0.25,YX,120,120,0,1.0
10,presence,random,alpha,0.5,XY,120,120,0,1.0
10,presence,random,alpha,0.5,YX,120,120,0,1.0
10,presence,random,alpha,1.0,XY,120,120,0,1.0
10,presence,random,alpha,1.0,YX,120,120,0,1.0
10,presence,random,alpha,2.0,XY,120,120,0,1.0
10,presence,random,alpha,2.0,YX,120,120,0,1.0
10,presence,random,alpha,4.0,XY,120,120,0,1.0
10,presence,random,alpha,4.0,YX,120,120,0,1.0
10,presence,random,alpha,8.0,XY,120,120,0,1.0
10,presence,random,alpha,8.0,YX,120,120,0,1.0
10,presence,random,alpha,16.0,XY,120,120,0,1.0
10,presence,random,alpha,16.0,YX,120,120,0,1.0
10,presence,random,alpha,32.0,XY,120,120,0,1.0
10,presence,random,alpha,32.0,YX,120,120,0,1.0
10,presence,random,alpha,64.0,XY,120,120,0,1.0
10,presence,random,alpha,64.0,YX,120,120,0,1.0
10,presence,random,alpha,128.0,XY,120,120,0,1.0
10,presence,random,alpha,128.0,YX,120,120,0,1.0
10,presence,random,z_mad,0.01,XY,120,120,0,1.0
10,presence,random,z_mad,0.01,YX,120,120,0,1.0
10,presence,random,z_mad,0.02,XY,120,120,0,1.0
10,presence,random,z_mad,0.02,YX,120,120,0,1.0
10,presence,random,z_mad,0.04,XY,120,120,0,1.0
10,presence,random,z_mad,0.04,YX,120,120,0,1.0
10,presence,random,z_mad,0.08,XY,120,120,0,1.0
10,presence,random,z_mad,0.08,YX,120,120,0,1.0
10,presence,random,z_mad,0.16,XY,120,120,0,1.0
10,presence,random,z_mad,0.16,YX,120,120,0,1.0
10,presence,random,z_mad,0.32,XY,120,120,0,1.0
10,presence,random,z_mad,0.32,YX,120,120,0,1.0
10,presence,random,z_mad,0.64,XY,120,120,0,1.0
10,presence,random,z_mad,0.64,YX,120,120,0,1.0
10,presence,random,z_mad,1.28,XY,120,120,0,1.0
10,presence,random,z_mad,1.28,YX,120,120,0,1.0
10,presence,random,z_mad,2.56,XY,120,120,0,1.0
10,presence,random,z_mad,2.56,YX,120,120,0,1.0
10,presence,random,z_mad,5.12,XY,120,120,0,1.0
10,presence,random,z_mad,5.12,YX,120,120,0,1.0
10,presence,random,z_mad,10.24,XY,120,120,0,1.0
10,presence,random,z_mad,10.24,YX,120,120,0,1.0
10,presence,random,z_mad,20.48,XY,120,120,0,1.0
10,presence,random,z_mad,20.48,YX,120,120,0,1.0
10,presence,random,z_sd,0.01,XY,120,120,0,1.0
10,presence,random,z_sd,0.01,YX,120,120,0,1.0
10,presence,random,z_sd,0.02,XY,120,120,0,1.0
10,presence,random,z_sd,0.02,YX,120,120,0,1.0
10,presence,random,z_sd,0.04,XY,120,120,0,1.0
10,presence,random,z_sd,0.04,YX,120,120,0,1.0
10,presence,random,z_sd,0.08,XY,120,120,0,1.0
10,presence,random,z_sd,0.08,YX,120,120,0,1.0
10,presence,random,z_sd,0.16,XY,120,120,0,1.0
10,presence,random,z_sd,0.16,YX,120,120,0,1.0
10,presence,random,z_sd,0.32,XY,120,120,0,1.0
10,presence,random,z_sd,0.32,YX,120,120,0,1.0
10,presence,random,z_sd,0.64,XY,120,120,0,1.0
10,presence,random,z_sd,0.64,YX,120,120,0,1.0
10,presence,random,z_sd,1.28,XY,120,120,0,1.0
10,presence,random,z_sd,1.28,YX,120,120,0,1.0
10,presence,random,z_sd,2.56,XY,120,120,0,1.0
10,presence,random,z_sd,2.56,YX,120,120,0,1.0
10,presence,random,z_sd,5.12,XY,120,120,0,1.0
10,presence,random,z_sd,5.12,YX,120,120,0,1.0
10,presence,random,z_sd,10.24,XY,120,120,0,1.0
10,presence,random,z_sd,10.24,YX,120,120,0,1.0
10,presence,random,z_sd,20.48,XY,120,120,0,1.0
10,presence,random,z_sd,20.48,YX,120,120,1,1.0
11,presence,concept,alpha,0.25,XY,400,400,0,1.0
11,presence,concept,alpha,0.25,YX,400,400,0,1.0
11,presence,concept,alpha,0.5,XY,400,400,0,1.0
11,presence,concept,alpha,0.5,YX,400,400,0,1.0
11,presence,concept,alpha,1.0,XY,400,400,0,1.0
11,presence,concept,alpha,1.0,YX,400,400,0,1.0
11,presence,concept,alpha,2.0,XY,400,400,0,1.0
11,presence,concept,alpha,2.0,YX,400,400,0,1.0
11,presence,concept,alpha,4.0,XY,400,400,0,1.0
11,presence,concept,alpha,4.0,YX,400,400,0,1.0
11,presence,concept,alpha,8.0,XY,400,400,0,1.0
11,presence,concept,alpha,8.0,YX,400,400,0,1.0
11,presence,concept,alpha,16.0,XY,400,400,0,1.0
11,presence,concept,alpha,16.0,YX,400,400,0,1.0
11,presence,concept,alpha,32.0,XY,400,400,0,1.0
11,presence,concept,alpha,32.0,YX,400,400,0,1.0
11,presence,concept,alpha,64.0,XY,400,399,0,0.9975
11,presence,concept,alpha,64.0,YX,400,400,0,1.0
11,presence,concept,alpha,128.0,XY,400,381,1,0.9525
11,presence,concept,alpha,128.0,YX,400,400,0,1.0
11,presence,concept,z_mad,0.01,XY,400,400,0,1.0
11,presence,concept,z_mad,0.01,YX,400,400,0,1.0
11,presence,concept,z_mad,0.02,XY,400,400,0,1.0
11,presence,concept,z_mad,0.02,YX,400,400,0,1.0
11,presence,concept,z_mad,0.04,XY,400,400,0,1.0
11,presence,concept,z_mad,0.04,YX,400,400,0,1.0
11,presence,concept,z_mad,0.08,XY,400,400,0,1.0
11,presence,concept,z_mad,0.08,YX,400,400,0,1.0
11,presence,concept,z_mad,0.16,XY,400,400,0,1.0
11,presence,concept,z_mad,0.16,YX,400,400,0,1.0
11,presence,concept,z_mad,0.32,XY,400,400,0,1.0
11,presence,concept,z_mad,0.32,YX,400,400,0,1.0
11,presence,concept,z_mad,0.64,XY,400,400,0,1.0
11,presence,concept,z_mad,0.64,YX,400,400,0,1.0
11,presence,concept,z_mad,1.28,XY,400,400,0,1.0
11,presence,concept,z_mad,1.28,YX,400,400,0,1.0
11,presence,concept,z_mad,2.56,XY,400,400,0,1.0
11,presence,concept,z_mad,2.56,YX,400,400,0,1.0
11,presence,concept,z_mad,5.12,XY,400,400,0,1.0
11,presence,concept,z_mad,5.12,YX,400,400,0,1.0
11,presence,concept,z_mad,10.24,XY,400,400,0,1.0
11,presence,concept,z_mad,10.24,YX,400,400,0,1.0
11,presence,concept,z_mad,20.48,XY,400,400,0,1.0
11,presence,concept,z_mad,20.48,YX,400,400,0,1.0
11,presence,concept,z_sd,0.01,XY,400,400,0,1.0
11,presence,concept,z_sd,0.01,YX,400,400,0,1.0
11,presence,concept,z_sd,0.02,XY,400,400,0,1.0
11,presence,concept,z_sd,0.02,YX,400,400,0,1.0
11,presence,concept,z_sd,0.04,XY,400,400,0,1.0
11,presence,concept,z_sd,0.04,YX,400,400,0,1.0
11,presence,concept,z_sd,0.08,XY,400,400,0,1.0
11,presence,concept,z_sd,0.08,YX,400,400,0,1.0
11,presence,concept,z_sd,0.16,XY,400,400,0,1.0
11,presence,concept,z_sd,0.16,YX,400,400,0,1.0
11,presence,concept,z_sd,0.32,XY,400,400,0,1.0
11,presence,concept,z_sd,0.32,YX,400,400,0,1.0
11,presence,concept,z_sd,0.64,XY,400,378,4,0.945
11,presence,concept,z_sd,0.64,YX,400,400,0,1.0
11,presence,concept,z_sd,1.28,XY,400,398,2,0.995
11,presence,concept,z_sd,1.28,YX,400,400,0,1.0
11,presence,concept,z_sd,2.56,XY,400,385,3,0.9625
11,presence,concept,z_sd,2.56,YX,400,400,0,1.0
11,presence,concept,z_sd,5.12,XY,400,368,2,0.92
11,presence,concept,z_sd,5.12,YX,400,400,2,1.0
11,presence,concept,z_sd,10.24,XY,400,360,2,0.9
11,presence,concept,z_sd,10.24,YX,400,400,5,1.0
11,presence,concept,z_sd,20.48,XY,400,360,3,0.9
11,presence,concept,z_sd,20.48,YX,400,397,1,0.9925
11,presence,dropout,alpha,0.25,XY,80,80,0,1.0
11,presence,dropout,alpha,0.25,YX,80,80,0,1.0
11,presence,dropout,alpha,0.5,XY,80,80,0,1.0
11,presence,dropout,alpha,0.5,YX,80,80,0,1.0
11,presence,dropout,alpha,1.0,XY,80,80,0,1.0
11,presence,dropout,alpha,1.0,YX,80,80,0,1.0
11,presence,dropout,alpha,2.0,XY,80,80,0,1.0
11,presence,dropout,alpha,2.0,YX,80,80,0,1.0
11,presence,dropout,alpha,4.0,XY,80,80,0,1.0
11,presence,dropout,alpha,4.0,YX,80,80,0,1.0
11,presence,dropout,alpha,8.0,XY,80,80,0,1.0
11,presence,dropout,alpha,8.0,YX,80,80,0,1.0
11,presence,dropout,alpha,16.0,XY,80,80,0,1.0
11,presence,dropout,alpha,16.0,YX,80,80,0,1.0
11,presence,dropout,alpha,32.0,XY,80,80,0,1.0
11,presence,dropout,alpha,32.0,YX,80,80,0,1.0
11,presence,dropout,alpha,64.0,XY,80,80,0,1.0
11,presence,dropout,alpha,64.0,YX,80,80,0,1.0
11,presence,dropout,alpha,128.0,XY,80,80,0,1.0
11,presence,dropout,alpha,128.0,YX,80,80,0,1.0
11,presence,dropout,z_mad,0.01,XY,80,80,0,1.0
11,presence,dropout,z_mad,0.01,YX,80,80,0,1.0
11,presence,dropout,z_mad,0.02,XY,80,80,0,1.0
11,presence,dropout,z_mad,0.02,YX,80,80,0,1.0
11,presence,dropout,z_mad,0.04,XY,80,80,0,1.0
11,presence,dropout,z_mad,0.04,YX,80,80,0,1.0
11,presence,dropout,z_mad,0.08,XY,80,80,0,1.0
11,presence,dropout,z_mad,0.08,YX,80,80,0,1.0
11,presence,dropout,z_mad,0.16,XY,80,80,0,1.0
11,presence,dropout,z_mad,0.16,YX,80,80,0,1.0
11,presence,dropout,z_mad,0.32,XY,80,80,0,1.0
11,presence,dropout,z_mad,0.32,YX,80,80,0,1.0
11,presence,dropout,z_mad,0.64,XY,80,80,0,1.0
11,presence,dropout,z_mad,0.64,YX,80,80,0,1.0
11,presence,dropout,z_mad,1.28,XY,80,80,0,1.0
11,presence,dropout,z_mad,1.28,YX,80,80,0,1.0
11,presence,dropout,z_mad,2.56,XY,80,80,0,1.0
11,presence,dropout,z_mad,2.56,YX,80,80,0,1.0
11,presence,dropout,z_mad,5.12,XY,80,80,0,1.0
11,presence,dropout,z_mad,5.12,YX,80,80,0,1.0
11,presence,dropout,z_mad,10.24,XY,80,80,0,1.0
11,presence,dropout,z_mad,10.24,YX,80,80,0,1.0
11,presence,dropout,z_mad,20.48,XY,80,80,0,1.0
11,presence,dropout,z_mad,20.48,YX,80,80,0,1.0
11,presence,dropout,z_sd,0.01,XY,80,80,0,1.0
11,presence,dropout,z_sd,0.01,YX,80,80,0,1.0
11,presence,dropout,z_sd,0.02,XY,80,80,0,1.0
11,presence,dropout,z_sd,0.02,YX,80,80,0,1.0
11,presence,dropout,z_sd,0.04,XY,80,80,0,1.0
11,presence,dropout,z_sd,0.04,YX,80,80,0,1.0
11,presence,dropout,z_sd,0.08,XY,80,80,0,1.0
11,presence,dropout,z_sd,0.08,YX,80,80,0,1.0
11,presence,dropout,z_sd,0.16,XY,80,80,0,1.0
11,presence,dropout,z_sd,0.16,YX,80,80,0,1.0
11,presence,dropout,z_sd,0.32,XY,80,80,0,1.0
11,presence,dropout,z_sd,0.32,YX,80,80,0,1.0
11,presence,dropout,z_sd,0.64,XY,80,80,0,1.0
11,presence,dropout,z_sd,0.64,YX,80,80,0,1.0
11,presence,dropout,z_sd,1.28,XY,80,80,0,1.0
11,presence,dropout,z_sd,1.28,YX,80,80,0,1.0
11,presence,dropout,z_sd,2.56,XY,80,80,0,1.0
11,presence,dropout,z_sd,2.56,YX,80,80,0,1.0
11,presence,dropout,z_sd,5.12,XY,80,80,0,1.0
11,presence,dropout,z_sd,5.12,YX,80,80,0,1.0
11,presence,dropout,z_sd,10.24,XY,80,80,0,1.0
11,presence,dropout,z_sd,10.24,YX,80,80,0,1.0
11,presence,dropout,z_sd,20.48,XY,80,80,0,1.0
11,presence,dropout,z_sd,20.48,YX,80,80,0,1.0
11,presence,noise,alpha,0.25,XY,80,80,0,1.0
11,presence,noise,alpha,0.25,YX,80,80,0,1.0
11,presence,noise,alpha,0.5,XY,80,80,0,1.0
11,presence,noise,alpha,0.5,YX,80,80,0,1.0
11,presence,noise,alpha,1.0,XY,80,80,0,1.0
11,presence,noise,alpha,1.0,YX,80,80,0,1.0
11,presence,noise,alpha,2.0,XY,80,80,0,1.0
11,presence,noise,alpha,2.0,YX,80,80,0,1.0
11,presence,noise,alpha,4.0,XY,80,80,0,1.0
11,presence,noise,alpha,4.0,YX,80,80,0,1.0
11,presence,noise,alpha,8.0,XY,80,80,0,1.0
11,presence,noise,alpha,8.0,YX,80,80,0,1.0
11,presence,noise,alpha,16.0,XY,80,80,0,1.0
11,presence,noise,alpha,16.0,YX,80,80,0,1.0
11,presence,noise,alpha,32.0,XY,80,80,0,1.0
11,presence,noise,alpha,32.0,YX,80,80,0,1.0
11,presence,noise,alpha,64.0,XY,80,80,0,1.0
11,presence,noise,alpha,64.0,YX,80,80,0,1.0
11,presence,noise,alpha,128.0,XY,80,80,0,1.0
11,presence,noise,alpha,128.0,YX,80,80,0,1.0
11,presence,noise,z_mad,0.01,XY,80,80,0,1.0
11,presence,noise,z_mad,0.01,YX,80,80,0,1.0
11,presence,noise,z_mad,0.02,XY,80,80,0,1.0
11,presence,noise,z_mad,0.02,YX,80,80,0,1.0
11,presence,noise,z_mad,0.04,XY,80,80,0,1.0
11,presence,noise,z_mad,0.04,YX,80,80,0,1.0
11,presence,noise,z_mad,0.08,XY,80,80,0,1.0
11,presence,noise,z_mad,0.08,YX,80,80,0,1.0
11,presence,noise,z_mad,0.16,XY,80,80,0,1.0
11,presence,noise,z_mad,0.16,YX,80,80,0,1.0
11,presence,noise,z_mad,0.32,XY,80,80,0,1.0
11,presence,noise,z_mad,0.32,YX,80,80,0,1.0
11,presence,noise,z_mad,0.64,XY,80,80,0,1.0
11,presence,noise,z_mad,0.64,YX,80,80,0,1.0
11,presence,noise,z_mad,1.28,XY,80,80,0,1.0
11,presence,noise,z_mad,1.28,YX,80,80,0,1.0
11,presence,noise,z_mad,2.56,XY,80,80,0,1.0
11,presence,noise,z_mad,2.56,YX,80,80,0,1.0
11,presence,noise,z_mad,5.12,XY,80,80,0,1.0
11,presence,noise,z_mad,5.12,YX,80,80,0,1.0
11,presence,noise,z_mad,10.24,XY,80,80,0,1.0
11,presence,noise,z_mad,10.24,YX,80,80,0,1.0
11,presence,noise,z_mad,20.48,XY,80,80,0,1.0
11,presence,noise,z_mad,20.48,YX,80,80,0,1.0
11,presence,noise,z_sd,0.01,XY,80,80,0,1.0
11,presence,noise,z_sd,0.01,YX,80,80,0,1.0
11,presence,noise,z_sd,0.02,XY,80,80,0,1.0
11,presence,noise,z_sd,0.02,YX,80,80,0,1.0
11,presence,noise,z_sd,0.04,XY,80,80,0,1.0
11,presence,noise,z_sd,0.04,YX,80,80,0,1.0
11,presence,noise,z_sd,0.08,XY,80,80,0,1.0
11,presence,noise,z_sd,0.08,YX,80,80,0,1.0
11,presence,noise,z_sd,0.16,XY,80,80,0,1.0
11,presence,noise,z_sd,0.16,YX,80,80,0,1.0
11,presence,noise,z_sd,0.32,XY,80,80,0,1.0
11,presence,noise,z_sd,0.32,YX,80,80,0,1.0
11,presence,noise,z_sd,0.64,XY,80,80,0,1.0
11,presence,noise,z_sd,0.64,YX,80,80,0,1.0
11,presence,noise,z_sd,1.28,XY,80,80,0,1.0
11,presence,noise,z_sd,1.28,YX,80,80,0,1.0
11,presence,noise,z_sd,2.56,XY,80,80,0,1.0
11,presence,noise,z_sd,2.56,YX,80,80,0,1.0
11,presence,noise,z_sd,5.12,XY,80,80,0,1.0
11,presence,noise,z_sd,5.12,YX,80,80,0,1.0
11,presence,noise,z_sd,10.24,XY,80,80,0,1.0
11,presence,noise,z_sd,10.24,YX,80,80,0,1.0
11,presence,noise,z_sd,20.48,XY,80,80,0,1.0
11,presence,noise,z_sd,20.48,YX,80,80,0,1.0
11,presence,random,alpha,0.25,XY,120,120,0,1.0
11,presence,random,alpha,0.25,YX,120,120,0,1.0
11,presence,random,alpha,0.5,XY,120,120,0,1.0
11,presence,random,alpha,0.5,YX,120,120,0,1.0
11,presence,random,alpha,1.0,XY,120,120,0,1.0
11,presence,random,alpha,1.0,YX,120,120,0,1.0
11,presence,random,alpha,2.0,XY,120,120,0,1.0
11,presence,random,alpha,2.0,YX,120,120,0,1.0
11,presence,random,alpha,4.0,XY,120,120,0,1.0
11,presence,random,alpha,4.0,YX,120,120,0,1.0
11,presence,random,alpha,8.0,XY,120,120,0,1.0
11,presence,random,alpha,8.0,YX,120,120,0,1.0
11,presence,random,alpha,16.0,XY,120,120,0,1.0
11,presence,random,alpha,16.0,YX,120,120,0,1.0
11,presence,random,alpha,32.0,XY,120,120,0,1.0
11,presence,random,alpha,32.0,YX,120,120,0,1.0
11,presence,random,alpha,64.0,XY,120,120,0,1.0
11,presence,random,alpha,64.0,YX,120,120,0,1.0
11,presence,random,alpha,128.0,XY,120,120,0,1.0
11,presence,random,alpha,128.0,YX,120,120,0,1.0
11,presence,random,z_mad,0.01,XY,120,120,0,1.0
11,presence,random,z_mad,0.01,YX,120,120,0,1.0
11,presence,random,z_mad,0.02,XY,120,120,0,1.0
11,presence,random,z_mad,0.02,YX,120,120,0,1.0
11,presence,random,z_mad,0.04,XY,120,120,0,1.0
11,presence,random,z_mad,0.04,YX,120,120,0,1.0
11,presence,random,z_mad,0.08,XY,120,120,0,1.0
11,presence,random,z_mad,0.08,YX,120,120,0,1.0
11,presence,random,z_mad,0.16,XY,120,120,0,1.0
11,presence,random,z_mad,0.16,YX,120,120,0,1.0
11,presence,random,z_mad,0.32,XY,120,120,0,1.0
11,presence,random,z_mad,0.32,YX,120,120,0,1.0
11,presence,random,z_mad,0.64,XY,120,120,0,1.0
11,presence,random,z_mad,0.64,YX,120,120,0,1.0
11,presence,random,z_mad,1.28,XY,120,120,0,1.0
11,presence,random,z_mad,1.28,YX,120,120,0,1.0
11,presence,random,z_mad,2.56,XY,120,120,0,1.0
11,presence,random,z_mad,2.56,YX,120,120,0,1.0
11,presence,random,z_mad,5.12,XY,120,120,0,1.0
11,presence,random,z_mad,5.12,YX,120,120,0,1.0
11,presence,random,z_mad,10.24,XY,120,120,0,1.0
11,presence,random,z_mad,10.24,YX,120,120,0,1.0
11,presence,random,z_mad,20.48,XY,120,120,0,1.0
11,presence,random,z_mad,20.48,YX,120,120,0,1.0
11,presence,random,z_sd,0.01,XY,120,120,0,1.0
11,presence,random,z_sd,0.01,YX,120,120,0,1.0
11,presence,random,z_sd,0.02,XY,120,120,0,1.0
11,presence,random,z_sd,0.02,YX,120,120,0,1.0
11,presence,random,z_sd,0.04,XY,120,120,0,1.0
11,presence,random,z_sd,0.04,YX,120,120,0,1.0
11,presence,random,z_sd,0.08,XY,120,120,0,1.0
11,presence,random,z_sd,0.08,YX,120,120,0,1.0
11,presence,random,z_sd,0.16,XY,120,120,0,1.0
11,presence,random,z_sd,0.16,YX,120,120,0,1.0
11,presence,random,z_sd,0.32,XY,120,120,0,1.0
11,presence,random,z_sd,0.32,YX,120,120,0,1.0
11,presence,random,z_sd,0.64,XY,120,120,0,1.0
11,presence,random,z_sd,0.64,YX,120,120,0,1.0
11,presence,random,z_sd,1.28,XY,120,120,0,1.0
11,presence,random,z_sd,1.28,YX,120,120,0,1.0
11,presence,random,z_sd,2.56,XY,120,120,0,1.0
11,presence,random,z_sd,2.56,YX,120,120,0,1.0
11,presence,random,z_sd,5.12,XY,120,120,0,1.0
11,presence,random,z_sd,5.12,YX,120,120,0,1.0
11,presence,random,z_sd,10.24,XY,120,120,0,1.0
11,presence,random,z_sd,10.24,YX,120,120,0,1.0
11,presence,random,z_sd,20.48,XY,120,120,0,1.0
11,presence,random,z_sd,20.48,YX,120,120,0,1.0
12,presence,concept,alpha,0.25,XY,400,400,0,1.0
12,presence,concept,alpha,0.25,YX,400,400,0,1.0
12,presence,concept,alpha,0.5,XY,400,400,0,1.0
12,presence,concept,alpha,0.5,YX,400,400,0,1.0
12,presence,concept,alpha,1.0,XY,400,400,0,1.0
12,presence,concept,alpha,1.0,YX,400,400,0,1.0
12,presence,concept,alpha,2.0,XY,400,400,0,1.0
12,presence,concept,alpha,2.0,YX,400,400,0,1.0
12,presence,concept,alpha,4.0,XY,400,400,0,1.0
12,presence,concept,alpha,4.0,YX,400,400,0,1.0
12,presence,concept,alpha,8.0,XY,400,400,0,1.0
12,presence,concept,alpha,8.0,YX,400,400,0,1.0
12,presence,concept,alpha,16.0,XY,400,400,0,1.0
12,presence,concept,alpha,16.0,YX,400,400,0,1.0
12,presence,concept,alpha,32.0,XY,400,400,0,1.0
12,presence,concept,alpha,32.0,YX,400,400,0,1.0
12,presence,concept,alpha,64.0,XY,400,400,4,1.0
12,presence,concept,alpha,64.0,YX,400,400,0,1.0
12,presence,concept,alpha,128.0,XY,400,400,2,1.0
12,presence,concept,alpha,128.0,YX,400,400,0,1.0
12,presence,concept,z_mad,0.01,XY,400,400,0,1.0
12,presence,concept,z_mad,0.01,YX,400,400,0,1.0
12,presence,concept,z_mad,0.02,XY,400,400,0,1.0
12,presence,concept,z_mad,0.02,YX,400,400,0,1.0
12,presence,concept,z_mad,0.04,XY,400,400,0,1.0
12,presence,concept,z_mad,0.04,YX,400,400,0,1.0
12,presence,concept,z_mad,0.08,XY,400,400,0,1.0
12,presence,concept,z_mad,0.08,YX,400,400,0,1.0
12,presence,concept,z_mad,0.16,XY,400,400,0,1.0
12,presence,concept,z_mad,0.16,YX,400,400,0,1.0
12,presence,concept,z_mad,0.32,XY,400,400,0,1.0
12,presence,concept,z_mad,0.32,YX,400,400,0,1.0
12,presence,concept,z_mad,0.64,XY,400,400,0,1.0
12,presence,concept,z_mad,0.64,YX,400,400,0,1.0
12,presence,concept,z_mad,1.28,XY,400,400,0,1.0
12,presence,concept,z_mad,1.28,YX,400,400,0,1.0
12,presence,concept,z_mad,2.56,XY,400,400,0,1.0
12,presence,concept,z_mad,2.56,YX,400,400,0,1.0
12,presence,concept,z_mad,5.12,XY,400,400,0,1.0
12,presence,concept,z_mad,5.12,YX,400,400,0,1.0
12,presence,concept,z_mad,10.24,XY,400,400,0,1.0
12,presence,concept,z_mad,10.24,YX,400,400,0,1.0
12,presence,concept,z_mad,20.48,XY,400,400,0,1.0
12,presence,concept,z_mad,20.48,YX,400,400,0,1.0
12,presence,concept,z_sd,0.01,XY,400,400,0,1.0
12,presence,concept,z_sd,0.01,YX,400,400,0,1.0
12,presence,concept,z_sd,0.02,XY,400,400,0,1.0
12,presence,concept,z_sd,0.02,YX,400,400,0,1.0
12,presence,concept,z_sd,0.04,XY,400,400,0,1.0
12,presence,concept,z_sd,0.04,YX,400,400,0,1.0
12,presence,concept,z_sd,0.08,XY,400,400,0,1.0
12,presence,concept,z_sd,0.08,YX,400,400,0,1.0
12,presence,concept,z_sd,0.16,XY,400,400,0,1.0
12,presence,concept,z_sd,0.16,YX,400,400,0,1.0
12,presence,concept,z_sd,0.32,XY,400,400,0,1.0
12,presence,concept,z_sd,0.32,YX,400,400,0,1.0
12,presence,concept,z_sd,0.64,XY,400,400,5,1.0
12,presence,concept,z_sd,0.64,YX,400,400,0,1.0
12,presence,concept,z_sd,1.28,XY,400,399,7,0.9975
12,presence,concept,z_sd,1.28,YX,400,400,0,1.0
12,presence,concept,z_sd,2.56,XY,400,386,0,0.965
12,presence,concept,z_sd,2.56,YX,400,387,0,0.9675
12,presence,concept,z_sd,5.12,XY,400,372,0,0.93
12,presence,concept,z_sd,5.12,YX,400,366,2,0.915
12,presence,concept,z_sd,10.24,XY,400,364,0,0.91
12,presence,concept,z_sd,10.24,YX,400,360,5,0.9
12,presence,concept,z_sd,20.48,XY,400,360,0,0.9
12,presence,concept,z_sd,20.48,YX,400,360,10,0.9
12,presence,dropout,alpha,0.25,XY,80,80,0,1.0
12,presence,dropout,alpha,0.25,YX,80,80,0,1.0
12,presence,dropout,alpha,0.5,XY,80,80,0,1.0
12,presence,dropout,alpha,0.5,YX,80,80,0,1.0
12,presence,dropout,alpha,1.0,XY,80,80,0,1.0
12,presence,dropout,alpha,1.0,YX,80,80,0,1.0
12,presence,dropout,alpha,2.0,XY,80,80,0,1.0
12,presence,dropout,alpha,2.0,YX,80,80,0,1.0
12,presence,dropout,alpha,4.0,XY,80,80,0,1.0
12,presence,dropout,alpha,4.0,YX,80,80,0,1.0
12,presence,dropout,alpha,8.0,XY,80,80,0,1.0
12,presence,dropout,alpha,8.0,YX,80,80,0,1.0
12,presence,dropout,alpha,16.0,XY,80,80,0,1.0
12,presence,dropout,alpha,16.0,YX,80,80,0,1.0
12,presence,dropout,alpha,32.0,XY,80,80,0,1.0
12,presence,dropout,alpha,32.0,YX,80,80,0,1.0
12,presence,dropout,alpha,64.0,XY,80,80,0,1.0
12,presence,dropout,alpha,64.0,YX,80,80,0,1.0
12,presence,dropout,alpha,128.0,XY,80,80,0,1.0
12,presence,dropout,alpha,128.0,YX,80,79,0,0.9875
12,presence,dropout,z_mad,0.01,XY,80,80,0,1.0
12,presence,dropout,z_mad,0.01,YX,80,80,0,1.0
12,presence,dropout,z_mad,0.02,XY,80,80,0,1.0
12,presence,dropout,z_mad,0.02,YX,80,80,0,1.0
12,presence,dropout,z_mad,0.04,XY,80,80,0,1.0
12,presence,dropout,z_mad,0.04,YX,80,80,0,1.0
12,presence,dropout,z_mad,0.08,XY,80,80,0,1.0
12,presence,dropout,z_mad,0.08,YX,80,80,0,1.0
12,presence,dropout,z_mad,0.16,XY,80,80,0,1.0
12,presence,dropout,z_mad,0.16,YX,80,80,0,1.0
12,presence,dropout,z_mad,0.32,XY,80,80,0,1.0
12,presence,dropout,z_mad,0.32,YX,80,80,0,1.0
12,presence,dropout,z_mad,0.64,XY,80,80,0,1.0
12,presence,dropout,z_mad,0.64,YX,80,80,0,1.0
12,presence,dropout,z_mad,1.28,XY,80,80,0,1.0
12,presence,dropout,z_mad,1.28,YX,80,80,0,1.0
12,presence,dropout,z_mad,2.56,XY,80,80,0,1.0
12,presence,dropout,z_mad,2.56,YX,80,80,0,1.0
12,presence,dropout,z_mad,5.12,XY,80,80,0,1.0
12,presence,dropout,z_mad,5.12,YX,80,80,0,1.0
12,presence,dropout,z_mad,10.24,XY,80,80,0,1.0
12,presence,dropout,z_mad,10.24,YX,80,80,0,1.0
12,presence,dropout,z_mad,20.48,XY,80,80,0,1.0
12,presence,dropout,z_mad,20.48,YX,80,80,0,1.0
12,presence,dropout,z_sd,0.01,XY,80,80,0,1.0
12,presence,dropout,z_sd,0.01,YX,80,80,0,1.0
12,presence,dropout,z_sd,0.02,XY,80,80,0,1.0
12,presence,dropout,z_sd,0.02,YX,80,80,0,1.0
12,presence,dropout,z_sd,0.04,XY,80,80,0,1.0
12,presence,dropout,z_sd,0.04,YX,80,80,0,1.0
12,presence,dropout,z_sd,0.08,XY,80,80,0,1.0
12,presence,dropout,z_sd,0.08,YX,80,80,0,1.0
12,presence,dropout,z_sd,0.16,XY,80,80,0,1.0
12,presence,dropout,z_sd,0.16,YX,80,80,0,1.0
12,presence,dropout,z_sd,0.32,XY,80,80,0,1.0
12,presence,dropout,z_sd,0.32,YX,80,80,0,1.0
12,presence,dropout,z_sd,0.64,XY,80,80,0,1.0
12,presence,dropout,z_sd,0.64,YX,80,80,0,1.0
12,presence,dropout,z_sd,1.28,XY,80,80,0,1.0
12,presence,dropout,z_sd,1.28,YX,80,80,0,1.0
12,presence,dropout,z_sd,2.56,XY,80,80,0,1.0
12,presence,dropout,z_sd,2.56,YX,80,80,0,1.0
12,presence,dropout,z_sd,5.12,XY,80,80,0,1.0
12,presence,dropout,z_sd,5.12,YX,80,80,0,1.0
12,presence,dropout,z_sd,10.24,XY,80,80,0,1.0
12,presence,dropout,z_sd,10.24,YX,80,80,0,1.0
12,presence,dropout,z_sd,20.48,XY,80,80,0,1.0
12,presence,dropout,z_sd,20.48,YX,80,80,0,1.0
12,presence,noise,alpha,0.25,XY,80,80,0,1.0
12,presence,noise,alpha,0.25,YX,80,80,0,1.0
12,presence,noise,alpha,0.5,XY,80,80,0,1.0
12,presence,noise,alpha,0.5,YX,80,80,0,1.0
12,presence,noise,alpha,1.0,XY,80,80,0,1.0
12,presence,noise,alpha,1.0,YX,80,80,0,1.0
12,presence,noise,alpha,2.0,XY,80,80,0,1.0
12,presence,noise,alpha,2.0,YX,80,80,0,1.0
12,presence,noise,alpha,4.0,XY,80,80,0,1.0
12,presence,noise,alpha,4.0,YX,80,80,0,1.0
12,presence,noise,alpha,8.0,XY,80,80,0,1.0
12,presence,noise,alpha,8.0,YX,80,80,0,1.0
12,presence,noise,alpha,16.0,XY,80,80,0,1.0
12,presence,noise,alpha,16.0,YX,80,80,0,1.0
12,presence,noise,alpha,32.0,XY,80,80,0,1.0
12,presence,noise,alpha,32.0,YX,80,80,0,1.0
12,presence,noise,alpha,64.0,XY,80,80,0,1.0
12,presence,noise,alpha,64.0,YX,80,80,0,1.0
12,presence,noise,alpha,128.0,XY,80,80,0,1.0
12,presence,noise,alpha,128.0,YX,80,80,0,1.0
12,presence,noise,z_mad,0.01,XY,80,80,0,1.0
12,presence,noise,z_mad,0.01,YX,80,80,0,1.0
12,presence,noise,z_mad,0.02,XY,80,80,0,1.0
12,presence,noise,z_mad,0.02,YX,80,80,0,1.0
12,presence,noise,z_mad,0.04,XY,80,80,0,1.0
12,presence,noise,z_mad,0.04,YX,80,80,0,1.0
12,presence,noise,z_mad,0.08,XY,80,80,0,1.0
12,presence,noise,z_mad,0.08,YX,80,80,0,1.0
12,presence,noise,z_mad,0.16,XY,80,80,0,1.0
12,presence,noise,z_mad,0.16,YX,80,80,0,1.0
12,presence,noise,z_mad,0.32,XY,80,80,0,1.0
12,presence,noise,z_mad,0.32,YX,80,80,0,1.0
12,presence,noise,z_mad,0.64,XY,80,80,0,1.0
12,presence,noise,z_mad,0.64,YX,80,80,0,1.0
12,presence,noise,z_mad,1.28,XY,80,80,0,1.0
12,presence,noise,z_mad,1.28,YX,80,80,0,1.0
12,presence,noise,z_mad,2.56,XY,80,80,0,1.0
12,presence,noise,z_mad,2.56,YX,80,80,0,1.0
12,presence,noise,z_mad,5.12,XY,80,80,0,1.0
12,presence,noise,z_mad,5.12,YX,80,80,0,1.0
12,presence,noise,z_mad,10.24,XY,80,80,0,1.0
12,presence,noise,z_mad,10.24,YX,80,80,0,1.0
12,presence,noise,z_mad,20.48,XY,80,80,0,1.0
12,presence,noise,z_mad,20.48,YX,80,80,0,1.0
12,presence,noise,z_sd,0.01,XY,80,80,0,1.0
12,presence,noise,z_sd,0.01,YX,80,80,0,1.0
12,presence,noise,z_sd,0.02,XY,80,80,0,1.0
12,presence,noise,z_sd,0.02,YX,80,80,0,1.0
12,presence,noise,z_sd,0.04,XY,80,80,0,1.0
12,presence,noise,z_sd,0.04,YX,80,80,0,1.0
12,presence,noise,z_sd,0.08,XY,80,80,0,1.0
12,presence,noise,z_sd,0.08,YX,80,80,0,1.0
12,presence,noise,z_sd,0.16,XY,80,80,0,1.0
12,presence,noise,z_sd,0.16,YX,80,80,0,1.0
12,presence,noise,z_sd,0.32,XY,80,80,0,1.0
12,presence,noise,z_sd,0.32,YX,80,80,0,1.0
12,presence,noise,z_sd,0.64,XY,80,80,0,1.0
12,presence,noise,z_sd,0.64,YX,80,80,0,1.0
12,presence,noise,z_sd,1.28,XY,80,80,0,1.0
12,presence,noise,z_sd,1.28,YX,80,80,0,1.0
12,presence,noise,z_sd,2.56,XY,80,80,0,1.0
12,presence,noise,z_sd,2.56,YX,80,80,0,1.0
12,presence,noise,z_sd,5.12,XY,80,80,0,1.0
12,presence,noise,z_sd,5.12,YX,80,80,0,1.0
12,presence,noise,z_sd,10.24,XY,80,80,0,1.0
12,presence,noise,z_sd,10.24,YX,80,80,0,1.0
12,presence,noise,z_sd,20.48,XY,80,80,0,1.0
12,presence,noise,z_sd,20.48,YX,80,80,0,1.0
12,presence,random,alpha,0.25,XY,120,120,0,1.0
12,presence,random,alpha,0.25,YX,120,120,0,1.0
12,presence,random,alpha,0.5,XY,120,120,0,1.0
12,presence,random,alpha,0.5,YX,120,120,0,1.0
12,presence,random,alpha,1.0,XY,120,120,0,1.0
12,presence,random,alpha,1.0,YX,120,120,0,1.0
12,presence,random,alpha,2.0,XY,120,120,0,1.0
12,presence,random,alpha,2.0,YX,120,120,0,1.0
12,presence,random,alpha,4.0,XY,120,120,0,1.0
12,presence,random,alpha,4.0,YX,120,120,0,1.0
12,presence,random,alpha,8.0,XY,120,120,0,1.0
12,presence,random,alpha,8.0,YX,120,120,0,1.0
12,presence,random,alpha,16.0,XY,120,120,0,1.0
12,presence,random,alpha,16.0,YX,120,120,0,1.0
12,presence,random,alpha,32.0,XY,120,120,0,1.0
12,presence,random,alpha,32.0,YX,120,120,0,1.0
12,presence,random,alpha,64.0,XY,120,120,0,1.0
12,presence,random,alpha,64.0,YX,120,120,0,1.0
12,presence,random,alpha,128.0,XY,120,120,0,1.0
12,presence,random,alpha,128.0,YX,120,120,0,1.0
12,presence,random,z_mad,0.01,XY,120,120,0,1.0
12,presence,random,z_mad,0.01,YX,120,120,0,1.0
12,presence,random,z_mad,0.02,XY,120,120,0,1.0
12,presence,random,z_mad,0.02,YX,120,120,0,1.0
12,presence,random,z_mad,0.04,XY,120,120,0,1.0
12,presence,random,z_mad,0.04,YX,120,120,0,1.0
12,presence,random,z_mad,0.08,XY,120,120,0,1.0
12,presence,random,z_mad,0.08,YX,120,120,0,1.0
12,presence,random,z_mad,0.16,XY,120,120,0,1.0
12,presence,random,z_mad,0.16,YX,120,120,0,1.0
12,presence,random,z_mad,0.32,XY,120,120,0,1.0
12,presence,random,z_mad,0.32,YX,120,120,0,1.0
12,presence,random,z_mad,0.64,XY,120,120,0,1.0
12,presence,random,z_mad,0.64,YX,120,120,0,1.0
12,presence,random,z_mad,1.28,XY,120,120,0,1.0
12,presence,random,z_mad,1.28,YX,120,120,0,1.0
12,presence,random,z_mad,2.56,XY,120,120,0,1.0
12,presence,random,z_mad,2.56,YX,120,120,0,1.0
12,presence,random,z_mad,5.12,XY,120,120,0,1.0
12,presence,random,z_mad,5.12,YX,120,120,0,1.0
12,presence,random,z_mad,10.24,XY,120,120,0,1.0
12,presence,random,z_mad,10.24,YX,120,120,0,1.0
12,presence,random,z_mad,20.48,XY,120,120,0,1.0
12,presence,random,z_mad,20.48,YX,120,120,0,1.0
12,presence,random,z_sd,0.01,XY,120,120,0,1.0
12,presence,random,z_sd,0.01,YX,120,120,0,1.0
12,presence,random,z_sd,0.02,XY,120,120,0,1.0
12,presence,random,z_sd,0.02,YX,120,120,0,1.0
12,presence,random,z_sd,0.04,XY,120,120,0,1.0
12,presence,random,z_sd,0.04,YX,120,120,0,1.0
12,presence,random,z_sd,0.08,XY,120,120,0,1.0
12,presence,random,z_sd,0.08,YX,120,120,0,1.0
12,presence,random,z_sd,0.16,XY,120,120,0,1.0
12,presence,random,z_sd,0.16,YX,120,120,0,1.0
12,presence,random,z_sd,0.32,XY,120,120,0,1.0
12,presence,random,z_sd,0.32,YX,120,120,0,1.0
12,presence,random,z_sd,0.64,XY,120,120,0,1.0
12,presence,random,z_sd,0.64,YX,120,120,0,1.0
12,presence,random,z_sd,1.28,XY,120,120,0,1.0
12,presence,random,z_sd,1.28,YX,120,120,0,1.0
12,presence,random,z_sd,2.56,XY,120,120,0,1.0
12,presence,random,z_sd,2.56,YX,120,120,0,1.0
12,presence,random,z_sd,5.12,XY,120,120,0,1.0
12,presence,random,z_sd,5.12,YX,120,120,0,1.0
12,presence,random,z_sd,10.24,XY,120,120,0,1.0
12,presence,random,z_sd,10.24,YX,120,120,0,1.0
12,presence,random,z_sd,20.48,XY,120,120,0,1.0
12,presence,random,z_sd,20.48,YX,120,120,0,1.0
13,presence,concept,alpha,0.25,XY,400,400,0,1.0
13,presence,concept,alpha,0.25,YX,400,400,0,1.0
13,presence,concept,alpha,0.5,XY,400,400,0,1.0
13,presence,concept,alpha,0.5,YX,400,400,0,1.0
13,presence,concept,alpha,1.0,XY,400,400,0,1.0
13,presence,concept,alpha,1.0,YX,400,400,0,1.0
13,presence,concept,alpha,2.0,XY,400,400,0,1.0
13,presence,concept,alpha,2.0,YX,400,400,0,1.0
13,presence,concept,alpha,4.0,XY,400,400,0,1.0
13,presence,concept,alpha,4.0,YX,400,400,0,1.0
13,presence,concept,alpha,8.0,XY,400,400,0,1.0
13,presence,concept,alpha,8.0,YX,400,400,0,1.0
13,presence,concept,alpha,16.0,XY,400,400,0,1.0
13,presence,concept,alpha,16.0,YX,400,400,0,1.0
13,presence,concept,alpha,32.0,XY,400,400,0,1.0
13,presence,concept,alpha,32.0,YX,400,400,0,1.0
13,presence,concept,alpha,64.0,XY,400,360,3,0.9
13,presence,concept,alpha,64.0,YX,400,360,0,0.9
13,presence,concept,alpha,128.0,XY,400,360,1,0.9
13,presence,concept,alpha,128.0,YX,400,360,0,0.9
13,presence,concept,z_mad,0.01,XY,400,400,0,1.0
13,presence,concept,z_mad,0.01,YX,400,400,0,1.0
13,presence,concept,z_mad,0.02,XY,400,400,0,1.0
13,presence,concept,z_mad,0.02,YX,400,400,0,1.0
13,presence,concept,z_mad,0.04,XY,400,400,0,1.0
13,presence,concept,z_mad,0.04,YX,400,400,0,1.0
13,presence,concept,z_mad,0.08,XY,400,400,0,1.0
13,presence,concept,z_mad,0.08,YX,400,400,0,1.0
13,presence,concept,z_mad,0.16,XY,400,400,0,1.0
13,presence,concept,z_mad,0.16,YX,400,400,0,1.0
13,presence,concept,z_mad,0.32,XY,400,400,0,1.0
13,presence,concept,z_mad,0.32,YX,400,400,0,1.0
13,presence,concept,z_mad,0.64,XY,400,400,0,1.0
13,presence,concept,z_mad,0.64,YX,400,400,0,1.0
13,presence,concept,z_mad,1.28,XY,400,400,0,1.0
13,presence,concept,z_mad,1.28,YX,400,400,0,1.0
13,presence,concept,z_mad,2.56,XY,400,400,0,1.0
13,presence,concept,z_mad,2.56,YX,400,400,0,1.0
13,presence,concept,z_mad,5.12,XY,400,400,0,1.0
13,presence,concept,z_mad,5.12,YX,400,400,0,1.0
13,presence,concept,z_mad,10.24,XY,400,400,0,1.0
13,presence,concept,z_mad,10.24,YX,400,400,0,1.0
13,presence,concept,z_mad,20.48,XY,400,400,0,1.0
13,presence,concept,z_mad,20.48,YX,400,400,0,1.0
13,presence,concept,z_sd,0.01,XY,400,400,0,1.0
13,presence,concept,z_sd,0.01,YX,400,400,0,1.0
13,presence,concept,z_sd,0.02,XY,400,400,0,1.0
13,presence,concept,z_sd,0.02,YX,400,400,0,1.0
13,presence,concept,z_sd,0.04,XY,400,400,0,1.0
13,presence,concept,z_sd,0.04,YX,400,400,0,1.0
13,presence,concept,z_sd,0.08,XY,400,400,0,1.0
13,presence,concept,z_sd,0.08,YX,400,400,0,1.0
13,presence,concept,z_sd,0.16,XY,400,400,0,1.0
13,presence,concept,z_sd,0.16,YX,400,400,0,1.0
13,presence,concept,z_sd,0.32,XY,400,369,4,0.9225
13,presence,concept,z_sd,0.32,YX,400,397,0,0.9925
13,presence,concept,z_sd,0.64,XY,400,360,0,0.9
13,presence,concept,z_sd,0.64,YX,400,360,0,0.9
13,presence,concept,z_sd,1.28,XY,400,360,0,0.9
13,presence,concept,z_sd,1.28,YX,400,360,2,0.9
13,presence,concept,z_sd,2.56,XY,400,360,0,0.9
13,presence,concept,z_sd,2.56,YX,400,360,0,0.9
13,presence,concept,z_sd,5.12,XY,400,360,0,0.9
13,presence,concept,z_sd,5.12,YX,400,360,0,0.9
13,presence,concept,z_sd,10.24,XY,400,360,0,0.9
13,presence,concept,z_sd,10.24,YX,400,360,0,0.9
13,presence,concept,z_sd,20.48,XY,400,360,0,0.9
13,presence,concept,z_sd,20.48,YX,400,360,0,0.9
13,presence,dropout,alpha,0.25,XY,80,80,0,1.0
13,presence,dropout,alpha,0.25,YX,80,80,0,1.0
13,presence,dropout,alpha,0.5,XY,80,80,0,1.0
13,presence,dropout,alpha,0.5,YX,80,80,0,1.0
13,presence,dropout,alpha,1.0,XY,80,80,0,1.0
13,presence,dropout,alpha,1.0,YX,80,80,0,1.0
13,presence,dropout,alpha,2.0,XY,80,80,0,1.0
13,presence,dropout,alpha,2.0,YX,80,80,0,1.0
13,presence,dropout,alpha,4.0,XY,80,80,0,1.0
13,presence,dropout,alpha,4.0,YX,80,80,0,1.0
13,presence,dropout,alpha,8.0,XY,80,80,0,1.0
13,presence,dropout,alpha,8.0,YX,80,80,0,1.0
13,presence,dropout,alpha,16.0,XY,80,80,0,1.0
13,presence,dropout,alpha,16.0,YX,80,80,0,1.0
13,presence,dropout,alpha,32.0,XY,80,80,0,1.0
13,presence,dropout,alpha,32.0,YX,80,80,0,1.0
13,presence,dropout,alpha,64.0,XY,80,80,0,1.0
13,presence,dropout,alpha,64.0,YX,80,80,0,1.0
13,presence,dropout,alpha,128.0,XY,80,80,0,1.0
13,presence,dropout,alpha,128.0,YX,80,79,0,0.9875
13,presence,dropout,z_mad,0.01,XY,80,80,0,1.0
13,presence,dropout,z_mad,0.01,YX,80,80,0,1.0
13,presence,dropout,z_mad,0.02,XY,80,80,0,1.0
13,presence,dropout,z_mad,0.02,YX,80,80,0,1.0
13,presence,dropout,z_mad,0.04,XY,80,80,0,1.0
13,presence,dropout,z_mad,0.04,YX,80,80,0,1.0
13,presence,dropout,z_mad,0.08,XY,80,80,0,1.0
13,presence,dropout,z_mad,0.08,YX,80,80,0,1.0
13,presence,dropout,z_mad,0.16,XY,80,80,0,1.0
13,presence,dropout,z_mad,0.16,YX,80,80,0,1.0
13,presence,dropout,z_mad,0.32,XY,80,80,0,1.0
13,presence,dropout,z_mad,0.32,YX,80,80,0,1.0
13,presence,dropout,z_mad,0.64,XY,80,80,0,1.0
13,presence,dropout,z_mad,0.64,YX,80,80,0,1.0
13,presence,dropout,z_mad,1.28,XY,80,80,0,1.0
13,presence,dropout,z_mad,1.28,YX,80,80,0,1.0
13,presence,dropout,z_mad,2.56,XY,80,80,0,1.0
13,presence,dropout,z_mad,2.56,YX,80,80,0,1.0
13,presence,dropout,z_mad,5.12,XY,80,80,0,1.0
13,presence,dropout,z_mad,5.12,YX,80,80,0,1.0
13,presence,dropout,z_mad,10.24,XY,80,80,0,1.0
13,presence,dropout,z_mad,10.24,YX,80,80,0,1.0
13,presence,dropout,z_mad,20.48,XY,80,80,0,1.0
13,presence,dropout,z_mad,20.48,YX,80,80,0,1.0
13,presence,dropout,z_sd,0.01,XY,80,80,0,1.0
13,presence,dropout,z_sd,0.01,YX,80,80,0,1.0
13,presence,dropout,z_sd,0.02,XY,80,80,0,1.0
13,presence,dropout,z_sd,0.02,YX,80,80,0,1.0
13,presence,dropout,z_sd,0.04,XY,80,80,0,1.0
13,presence,dropout,z_sd,0.04,YX,80,80,0,1.0
13,presence,dropout,z_sd,0.08,XY,80,80,0,1.0
13,presence,dropout,z_sd,0.08,YX,80,80,0,1.0
13,presence,dropout,z_sd,0.16,XY,80,80,0,1.0
13,presence,dropout,z_sd,0.16,YX,80,80,0,1.0
13,presence,dropout,z_sd,0.32,XY,80,80,0,1.0
13,presence,dropout,z_sd,0.32,YX,80,80,0,1.0
13,presence,dropout,z_sd,0.64,XY,80,80,0,1.0
13,presence,dropout,z_sd,0.64,YX,80,80,0,1.0
13,presence,dropout,z_sd,1.28,XY,80,80,0,1.0
13,presence,dropout,z_sd,1.28,YX,80,80,0,1.0
13,presence,dropout,z_sd,2.56,XY,80,80,0,1.0
13,presence,dropout,z_sd,2.56,YX,80,80,0,1.0
13,presence,dropout,z_sd,5.12,XY,80,80,0,1.0
13,presence,dropout,z_sd,5.12,YX,80,80,0,1.0
13,presence,dropout,z_sd,10.24,XY,80,80,0,1.0
13,presence,dropout,z_sd,10.24,YX,80,80,0,1.0
13,presence,dropout,z_sd,20.48,XY,80,80,0,1.0
13,presence,dropout,z_sd,20.48,YX,80,80,0,1.0
13,presence,noise,alpha,0.25,XY,80,80,0,1.0
13,presence,noise,alpha,0.25,YX,80,80,0,1.0
13,presence,noise,alpha,0.5,XY,80,80,0,1.0
13,presence,noise,alpha,0.5,YX,80,80,0,1.0
13,presence,noise,alpha,1.0,XY,80,80,0,1.0
13,presence,noise,alpha,1.0,YX,80,80,0,1.0
13,presence,noise,alpha,2.0,XY,80,80,0,1.0
13,presence,noise,alpha,2.0,YX,80,80,0,1.0
13,presence,noise,alpha,4.0,XY,80,80,0,1.0
13,presence,noise,alpha,4.0,YX,80,80,0,1.0
13,presence,noise,alpha,8.0,XY,80,80,0,1.0
13,presence,noise,alpha,8.0,YX,80,80,0,1.0
13,presence,noise,alpha,16.0,XY,80,80,0,1.0
13,presence,noise,alpha,16.0,YX,80,80,0,1.0
13,presence,noise,alpha,32.0,XY,80,80,0,1.0
13,presence,noise,alpha,32.0,YX,80,80,0,1.0
13,presence,noise,alpha,64.0,XY,80,80,0,1.0
13,presence,noise,alpha,64.0,YX,80,80,0,1.0
13,presence,noise,alpha,128.0,XY,80,80,0,1.0
13,presence,noise,alpha,128.0,YX,80,80,0,1.0
13,presence,noise,z_mad,0.01,XY,80,80,0,1.0
13,presence,noise,z_mad,0.01,YX,80,80,0,1.0
13,presence,noise,z_mad,0.02,XY,80,80,0,1.0
13,presence,noise,z_mad,0.02,YX,80,80,0,1.0
13,presence,noise,z_mad,0.04,XY,80,80,0,1.0
13,presence,noise,z_mad,0.04,YX,80,80,0,1.0
13,presence,noise,z_mad,0.08,XY,80,80,0,1.0
13,presence,noise,z_mad,0.08,YX,80,80,0,1.0
13,presence,noise,z_mad,0.16,XY,80,80,0,1.0
13,presence,noise,z_mad,0.16,YX,80,80,0,1.0
13,presence,noise,z_mad,0.32,XY,80,80,0,1.0
13,presence,noise,z_mad,0.32,YX,80,80,0,1.0
13,presence,noise,z_mad,0.64,XY,80,80,0,1.0
13,presence,noise,z_mad,0.64,YX,80,80,0,1.0
13,presence,noise,z_mad,1.28,XY,80,80,0,1.0
13,presence,noise,z_mad,1.28,YX,80,80,0,1.0
13,presence,noise,z_mad,2.56,XY,80,80,0,1.0
13,presence,noise,z_mad,2.56,YX,80,80,0,1.0
13,presence,noise,z_mad,5.12,XY,80,80,0,1.0
13,presence,noise,z_mad,5.12,YX,80,80,0,1.0
13,presence,noise,z_mad,10.24,XY,80,80,0,1.0
13,presence,noise,z_mad,10.24,YX,80,80,0,1.0
13,presence,noise,z_mad,20.48,XY,80,80,0,1.0
13,presence,noise,z_mad,20.48,YX,80,80,0,1.0
13,presence,noise,z_sd,0.01,XY,80,80,0,1.0
13,presence,noise,z_sd,0.01,YX,80,80,0,1.0
13,presence,noise,z_sd,0.02,XY,80,80,0,1.0
13,presence,noise,z_sd,0.02,YX,80,80,0,1.0
13,presence,noise,z_sd,0.04,XY,80,80,0,1.0
13,presence,noise,z_sd,0.04,YX,80,80,0,1.0
13,presence,noise,z_sd,0.08,XY,80,80,0,1.0
13,presence,noise,z_sd,0.08,YX,80,80,0,1.0
13,presence,noise,z_sd,0.16,XY,80,80,0,1.0
13,presence,noise,z_sd,0.16,YX,80,80,0,1.0
13,presence,noise,z_sd,0.32,XY,80,80,0,1.0
13,presence,noise,z_sd,0.32,YX,80,80,0,1.0
13,presence,noise,z_sd,0.64,XY,80,80,0,1.0
13,presence,noise,z_sd,0.64,YX,80,80,0,1.0
13,presence,noise,z_sd,1.28,XY,80,80,0,1.0
13,presence,noise,z_sd,1.28,YX,80,80,0,1.0
13,presence,noise,z_sd,2.56,XY,80,80,0,1.0
13,presence,noise,z_sd,2.56,YX,80,80,0,1.0
13,presence,noise,z_sd,5.12,XY,80,80,0,1.0
13,presence,noise,z_sd,5.12,YX,80,80,0,1.0
13,presence,noise,z_sd,10.24,XY,80,80,0,1.0
13,presence,noise,z_sd,10.24,YX,80,80,0,1.0
13,presence,noise,z_sd,20.48,XY,80,80,0,1.0
13,presence,noise,z_sd,20.48,YX,80,80,0,1.0
13,presence,random,alpha,0.25,XY,120,120,0,1.0
13,presence,random,alpha,0.25,YX,120,120,0,1.0
13,presence,random,alpha,0.5,XY,120,120,0,1.0
13,presence,random,alpha,0.5,YX,120,120,0,1.0
13,presence,random,alpha,1.0,XY,120,120,0,1.0
13,presence,random,alpha,1.0,YX,120,120,0,1.0
13,presence,random,alpha,2.0,XY,120,120,0,1.0
13,presence,random,alpha,2.0,YX,120,120,0,1.0
13,presence,random,alpha,4.0,XY,120,120,0,1.0
13,presence,random,alpha,4.0,YX,120,120,0,1.0
13,presence,random,alpha,8.0,XY,120,120,0,1.0
13,presence,random,alpha,8.0,YX,120,120,0,1.0
13,presence,random,alpha,16.0,XY,120,120,0,1.0
13,presence,random,alpha,16.0,YX,120,120,0,1.0
13,presence,random,alpha,32.0,XY,120,120,0,1.0
13,presence,random,alpha,32.0,YX,120,120,0,1.0
13,presence,random,alpha,64.0,XY,120,120,0,1.0
13,presence,random,alpha,64.0,YX,120,120,0,1.0
13,presence,random,alpha,128.0,XY,120,120,0,1.0
13,presence,random,alpha,128.0,YX,120,120,0,1.0
13,presence,random,z_mad,0.01,XY,120,120,0,1.0
13,presence,random,z_mad,0.01,YX,120,120,0,1.0
13,presence,random,z_mad,0.02,XY,120,120,0,1.0
13,presence,random,z_mad,0.02,YX,120,120,0,1.0
13,presence,random,z_mad,0.04,XY,120,120,0,1.0
13,presence,random,z_mad,0.04,YX,120,120,0,1.0
13,presence,random,z_mad,0.08,XY,120,120,0,1.0
13,presence,random,z_mad,0.08,YX,120,120,0,1.0
13,presence,random,z_mad,0.16,XY,120,120,0,1.0
13,presence,random,z_mad,0.16,YX,120,120,0,1.0
13,presence,random,z_mad,0.32,XY,120,120,0,1.0
13,presence,random,z_mad,0.32,YX,120,120,0,1.0
13,presence,random,z_mad,0.64,XY,120,120,0,1.0
13,presence,random,z_mad,0.64,YX,120,120,0,1.0
13,presence,random,z_mad,1.28,XY,120,120,0,1.0
13,presence,random,z_mad,1.28,YX,120,120,0,1.0
13,presence,random,z_mad,2.56,XY,120,120,0,1.0
13,presence,random,z_mad,2.56,YX,120,120,0,1.0
13,presence,random,z_mad,5.12,XY,120,120,0,1.0
13,presence,random,z_mad,5.12,YX,120,120,0,1.0
13,presence,random,z_mad,10.24,XY,120,120,0,1.0
13,presence,random,z_mad,10.24,YX,120,120,0,1.0
13,presence,random,z_mad,20.48,XY,120,120,0,1.0
13,presence,random,z_mad,20.48,YX,120,120,0,1.0
13,presence,random,z_sd,0.01,XY,120,120,0,1.0
13,presence,random,z_sd,0.01,YX,120,120,0,1.0
13,presence,random,z_sd,0.02,XY,120,120,0,1.0
13,presence,random,z_sd,0.02,YX,120,120,0,1.0
13,presence,random,z_sd,0.04,XY,120,120,0,1.0
13,presence,random,z_sd,0.04,YX,120,120,0,1.0
13,presence,random,z_sd,0.08,XY,120,120,0,1.0
13,presence,random,z_sd,0.08,YX,120,120,0,1.0
13,presence,random,z_sd,0.16,XY,120,120,0,1.0
13,presence,random,z_sd,0.16,YX,120,120,0,1.0
13,presence,random,z_sd,0.32,XY,120,120,0,1.0
13,presence,random,z_sd,0.32,YX,120,120,0,1.0
13,presence,random,z_sd,0.64,XY,120,120,0,1.0
13,presence,random,z_sd,0.64,YX,120,120,0,1.0
13,presence,random,z_sd,1.28,XY,120,120,0,1.0
13,presence,random,z_sd,1.28,YX,120,120,0,1.0
13,presence,random,z_sd,2.56,XY,120,120,0,1.0
13,presence,random,z_sd,2.56,YX,120,120,0,1.0
13,presence,random,z_sd,5.12,XY,120,120,0,1.0
13,presence,random,z_sd,5.12,YX,120,120,0,1.0
13,presence,random,z_sd,10.24,XY,120,120,0,1.0
13,presence,random,z_sd,10.24,YX,120,120,0,1.0
13,presence,random,z_sd,20.48,XY,120,120,0,1.0
13,presence,random,z_sd,20.48,YX,120,120,0,1.0
14,presence,concept,alpha,0.25,XY,400,400,0,1.0
14,presence,concept,alpha,0.25,YX,400,400,0,1.0
14,presence,concept,alpha,0.5,XY,400,400,0,1.0
14,presence,concept,alpha,0.5,YX,400,400,0,1.0
14,presence,concept,alpha,1.0,XY,400,400,0,1.0
14,presence,concept,alpha,1.0,YX,400,400,0,1.0
14,presence,concept,alpha,2.0,XY,400,400,0,1.0
14,presence,concept,alpha,2.0,YX,400,400,0,1.0
14,presence,concept,alpha,4.0,XY,400,400,0,1.0
14,presence,concept,alpha,4.0,YX,400,400,0,1.0
14,presence,concept,alpha,8.0,XY,400,400,0,1.0
14,presence,concept,alpha,8.0,YX,400,400,0,1.0
14,presence,concept,alpha,16.0,XY,400,400,0,1.0
14,presence,concept,alpha,16.0,YX,400,400,0,1.0
14,presence,concept,alpha,32.0,XY,400,400,0,1.0
14,presence,concept,alpha,32.0,YX,400,400,0,1.0
14,presence,concept,alpha,64.0,XY,400,360,0,0.9
14,presence,concept,alpha,64.0,YX,400,360,0,0.9
14,presence,concept,alpha,128.0,XY,400,360,3,0.9
14,presence,concept,alpha,128.0,YX,400,360,0,0.9
14,presence,concept,z_mad,0.01,XY,400,400,0,1.0
14,presence,concept,z_mad,0.01,YX,400,400,0,1.0
14,presence,concept,z_mad,0.02,XY,400,400,0,1.0
14,presence,concept,z_mad,0.02,YX,400,400,0,1.0
14,presence,concept,z_mad,0.04,XY,400,400,0,1.0
14,presence,concept,z_mad,0.04,YX,400,400,0,1.0
14,presence,concept,z_mad,0.08,XY,400,400,0,1.0
14,presence,concept,z_mad,0.08,YX,400,400,0,1.0
14,presence,concept,z_mad,0.16,XY,400,400,0,1.0
14,presence,concept,z_mad,0.16,YX,400,400,0,1.0
14,presence,concept,z_mad,0.32,XY,400,400,0,1.0
14,presence,concept,z_mad,0.32,YX,400,400,0,1.0
14,presence,concept,z_mad,0.64,XY,400,400,0,1.0
14,presence,concept,z_mad,0.64,YX,400,400,0,1.0
14,presence,concept,z_mad,1.28,XY,400,400,0,1.0
14,presence,concept,z_mad,1.28,YX,400,400,0,1.0
14,presence,concept,z_mad,2.56,XY,400,400,0,1.0
14,presence,concept,z_mad,2.56,YX,400,400,0,1.0
14,presence,concept,z_mad,5.12,XY,400,400,0,1.0
14,presence,concept,z_mad,5.12,YX,400,400,0,1.0
14,presence,concept,z_mad,10.24,XY,400,400,0,1.0
14,presence,concept,z_mad,10.24,YX,400,400,0,1.0
14,presence,concept,z_mad,20.48,XY,400,400,0,1.0
14,presence,concept,z_mad,20.48,YX,400,400,0,1.0
14,presence,concept,z_sd,0.01,XY,400,400,0,1.0
14,presence,concept,z_sd,0.01,YX,400,400,0,1.0
14,presence,concept,z_sd,0.02,XY,400,400,0,1.0
14,presence,concept,z_sd,0.02,YX,400,400,0,1.0
14,presence,concept,z_sd,0.04,XY,400,400,0,1.0
14,presence,concept,z_sd,0.04,YX,400,400,0,1.0
14,presence,concept,z_sd,0.08,XY,400,400,0,1.0
14,presence,concept,z_sd,0.08,YX,400,400,0,1.0
14,presence,concept,z_sd,0.16,XY,400,400,0,1.0
14,presence,concept,z_sd,0.16,YX,400,400,0,1.0
14,presence,concept,z_sd,0.32,XY,400,400,0,1.0
14,presence,concept,z_sd,0.32,YX,400,400,0,1.0
14,presence,concept,z_sd,0.64,XY,400,360,1,0.9
14,presence,concept,z_sd,0.64,YX,400,360,0,0.9
14,presence,concept,z_sd,1.28,XY,400,360,2,0.9
14,presence,concept,z_sd,1.28,YX,400,360,0,0.9
14,presence,concept,z_sd,2.56,XY,400,360,0,0.9
14,presence,concept,z_sd,2.56,YX,400,360,0,0.9
14,presence,concept,z_sd,5.12,XY,400,360,0,0.9
14,presence,concept,z_sd,5.12,YX,400,360,0,0.9
14,presence,concept,z_sd,10.24,XY,400,360,0,0.9
14,presence,concept,z_sd,10.24,YX,400,360,0,0.9
14,presence,concept,z_sd,20.48,XY,400,360,0,0.9
14,presence,concept,z_sd,20.48,YX,400,360,1,0.9
14,presence,dropout,alpha,0.25,XY,80,80,0,1.0
14,presence,dropout,alpha,0.25,YX,80,80,0,1.0
14,presence,dropout,alpha,0.5,XY,80,80,0,1.0
14,presence,dropout,alpha,0.5,YX,80,80,0,1.0
14,presence,dropout,alpha,1.0,XY,80,80,0,1.0
14,presence,dropout,alpha,1.0,YX,80,80,0,1.0
14,presence,dropout,alpha,2.0,XY,80,80,0,1.0
14,presence,dropout,alpha,2.0,YX,80,80,0,1.0
14,presence,dropout,alpha,4.0,XY,80,80,0,1.0
14,presence,dropout,alpha,4.0,YX,80,80,0,1.0
14,presence,dropout,alpha,8.0,XY,80,80,0,1.0
14,presence,dropout,alpha,8.0,YX,80,80,0,1.0
14,presence,dropout,alpha,16.0,XY,80,80,0,1.0
14,presence,dropout,alpha,16.0,YX,80,80,0,1.0
14,presence,dropout,alpha,32.0,XY,80,80,0,1.0
14,presence,dropout,alpha,32.0,YX,80,80,0,1.0
14,presence,dropout,alpha,64.0,XY,80,79,0,0.9875
14,presence,dropout,alpha,64.0,YX,80,80,0,1.0
14,presence,dropout,alpha,128.0,XY,80,79,0,0.9875
14,presence,dropout,alpha,128.0,YX,80,80,0,1.0
14,presence,dropout,z_mad,0.01,XY,80,80,0,1.0
14,presence,dropout,z_mad,0.01,YX,80,80,0,1.0
14,presence,dropout,z_mad,0.02,XY,80,80,0,1.0
14,presence,dropout,z_mad,0.02,YX,80,80,0,1.0
14,presence,dropout,z_mad,0.04,XY,80,80,0,1.0
14,presence,dropout,z_mad,0.04,YX,80,80,0,1.0
14,presence,dropout,z_mad,0.08,XY,80,80,0,1.0
14,presence,dropout,z_mad,0.08,YX,80,80,0,1.0
14,presence,dropout,z_mad,0.16,XY,80,80,0,1.0
14,presence,dropout,z_mad,0.16,YX,80,80,0,1.0
14,presence,dropout,z_mad,0.32,XY,80,80,0,1.0
14,presence,dropout,z_mad,0.32,YX,80,80,0,1.0
14,presence,dropout,z_mad,0.64,XY,80,80,0,1.0
14,presence,dropout,z_mad,0.64,YX,80,80,0,1.0
14,presence,dropout,z_mad,1.28,XY,80,80,0,1.0
14,presence,dropout,z_mad,1.28,YX,80,80,0,1.0
14,presence,dropout,z_mad,2.56,XY,80,80,0,1.0
14,presence,dropout,z_mad,2.56,YX,80,80,0,1.0
14,presence,dropout,z_mad,5.12,XY,80,80,0,1.0
14,presence,dropout,z_mad,5.12,YX,80,80,0,1.0
14,presence,dropout,z_mad,10.24,XY,80,80,0,1.0
14,presence,dropout,z_mad,10.24,YX,80,80,0,1.0
14,presence,dropout,z_mad,20.48,XY,80,80,0,1.0
14,presence,dropout,z_mad,20.48,YX,80,80,0,1.0
14,presence,dropout,z_sd,0.01,XY,80,80,0,1.0
14,presence,dropout,z_sd,0.01,YX,80,80,0,1.0
14,presence,dropout,z_sd,0.02,XY,80,80,0,1.0
14,presence,dropout,z_sd,0.02,YX,80,80,0,1.0
14,presence,dropout,z_sd,0.04,XY,80,80,0,1.0
14,presence,dropout,z_sd,0.04,YX,80,80,0,1.0
14,presence,dropout,z_sd,0.08,XY,80,80,0,1.0
14,presence,dropout,z_sd,0.08,YX,80,80,0,1.0
14,presence,dropout,z_sd,0.16,XY,80,80,0,1.0
14,presence,dropout,z_sd,0.16,YX,80,80,0,1.0
14,presence,dropout,z_sd,0.32,XY,80,80,0,1.0
14,presence,dropout,z_sd,0.32,YX,80,80,0,1.0
14,presence,dropout,z_sd,0.64,XY,80,80,0,1.0
14,presence,dropout,z_sd,0.64,YX,80,80,0,1.0
14,presence,dropout,z_sd,1.28,XY,80,80,0,1.0
14,presence,dropout,z_sd,1.28,YX,80,80,0,1.0
14,presence,dropout,z_sd,2.56,XY,80,80,0,1.0
14,presence,dropout,z_sd,2.56,YX,80,80,0,1.0
14,presence,dropout,z_sd,5.12,XY,80,80,0,1.0
14,presence,dropout,z_sd,5.12,YX,80,80,0,1.0
14,presence,dropout,z_sd,10.24,XY,80,80,0,1.0
14,presence,dropout,z_sd,10.24,YX,80,80,0,1.0
14,presence,dropout,z_sd,20.48,XY,80,80,0,1.0
14,presence,dropout,z_sd,20.48,YX,80,80,0,1.0
14,presence,noise,alpha,0.25,XY,80,80,0,1.0
14,presence,noise,alpha,0.25,YX,80,80,0,1.0
14,presence,noise,alpha,0.5,XY,80,80,0,1.0
14,presence,noise,alpha,0.5,YX,80,80,0,1.0
14,presence,noise,alpha,1.0,XY,80,80,0,1.0
14,presence,noise,alpha,1.0,YX,80,80,0,1.0
14,presence,noise,alpha,2.0,XY,80,80,0,1.0
14,presence,noise,alpha,2.0,YX,80,80,0,1.0
14,presence,noise,alpha,4.0,XY,80,80,0,1.0
14,presence,noise,alpha,4.0,YX,80,80,0,1.0
14,presence,noise,alpha,8.0,XY,80,80,0,1.0
14,presence,noise,alpha,8.0,YX,80,80,0,1.0
14,presence,noise,alpha,16.0,XY,80,80,0,1.0
14,presence,noise,alpha,16.0,YX,80,80,0,1.0
14,presence,noise,alpha,32.0,XY,80,80,0,1.0
14,presence,noise,alpha,32.0,YX,80,80,0,1.0
14,presence,noise,alpha,64.0,XY,80,80,0,1.0
14,presence,noise,alpha,64.0,YX,80,80,0,1.0
14,presence,noise,alpha,128.0,XY,80,80,0,1.0
14,presence,noise,alpha,128.0,YX,80,80,0,1.0
14,presence,noise,z_mad,0.01,XY,80,80,0,1.0
14,presence,noise,z_mad,0.01,YX,80,80,0,1.0
14,presence,noise,z_mad,0.02,XY,80,80,0,1.0
14,presence,noise,z_mad,0.02,YX,80,80,0,1.0
14,presence,noise,z_mad,0.04,XY,80,80,0,1.0
14,presence,noise,z_mad,0.04,YX,80,80,0,1.0
14,presence,noise,z_mad,0.08,XY,80,80,0,1.0
14,presence,noise,z_mad,0.08,YX,80,80,0,1.0
14,presence,noise,z_mad,0.16,XY,80,80,0,1.0
14,presence,noise,z_mad,0.16,YX,80,80,0,1.0
14,presence,noise,z_mad,0.32,XY,80,80,0,1.0
14,presence,noise,z_mad,0.32,YX,80,80,0,1.0
14,presence,noise,z_mad,0.64,XY,80,80,0,1.0
14,presence,noise,z_mad,0.64,YX,80,80,0,1.0
14,presence,noise,z_mad,1.28,XY,80,80,0,1.0
14,presence,noise,z_mad,1.28,YX,80,80,0,1.0
14,presence,noise,z_mad,2.56,XY,80,80,0,1.0
14,presence,noise,z_mad,2.56,YX,80,80,0,1.0
14,presence,noise,z_mad,5.12,XY,80,80,0,1.0
14,presence,noise,z_mad,5.12,YX,80,80,0,1.0
14,presence,noise,z_mad,10.24,XY,80,80,0,1.0
14,presence,noise,z_mad,10.24,YX,80,80,0,1.0
14,presence,noise,z_mad,20.48,XY,80,80,0,1.0
14,presence,noise,z_mad,20.48,YX,80,80,0,1.0
14,presence,noise,z_sd,0.01,XY,80,80,0,1.0
14,presence,noise,z_sd,0.01,YX,80,80,0,1.0
14,presence,noise,z_sd,0.02,XY,80,80,0,1.0
14,presence,noise,z_sd,0.02,YX,80,80,0,1.0
14,presence,noise,z_sd,0.04,XY,80,80,0,1.0
14,presence,noise,z_sd,0.04,YX,80,80,0,1.0
14,presence,noise,z_sd,0.08,XY,80,80,0,1.0
14,presence,noise,z_sd,0.08,YX,80,80,0,1.0
14,presence,noise,z_sd,0.16,XY,80,80,0,1.0
14,presence,noise,z_sd,0.16,YX,80,80,0,1.0
14,presence,noise,z_sd,0.32,XY,80,80,0,1.0
14,presence,noise,z_sd,0.32,YX,80,80,0,1.0
14,presence,noise,z_sd,0.64,XY,80,80,0,1.0
14,presence,noise,z_sd,0.64,YX,80,80,0,1.0
14,presence,noise,z_sd,1.28,XY,80,80,0,1.0
14,presence,noise,z_sd,1.28,YX,80,80,0,1.0
14,presence,noise,z_sd,2.56,XY,80,80,0,1.0
14,presence,noise,z_sd,2.56,YX,80,80,0,1.0
14,presence,noise,z_sd,5.12,XY,80,80,0,1.0
14,presence,noise,z_sd,5.12,YX,80,80,0,1.0
14,presence,noise,z_sd,10.24,XY,80,80,0,1.0
14,presence,noise,z_sd,10.24,YX,80,80,0,1.0
14,presence,noise,z_sd,20.48,XY,80,80,0,1.0
14,presence,noise,z_sd,20.48,YX,80,80,0,1.0
14,presence,random,alpha,0.25,XY,120,120,0,1.0
14,presence,random,alpha,0.25,YX,120,120,0,1.0
14,presence,random,alpha,0.5,XY,120,120,0,1.0
14,presence,random,alpha,0.5,YX,120,120,0,1.0
14,presence,random,alpha,1.0,XY,120,120,0,1.0
14,presence,random,alpha,1.0,YX,120,120,0,1.0
14,presence,random,alpha,2.0,XY,120,120,0,1.0
14,presence,random,alpha,2.0,YX,120,120,0,1.0
14,presence,random,alpha,4.0,XY,120,120,0,1.0
14,presence,random,alpha,4.0,YX,120,120,0,1.0
14,presence,random,alpha,8.0,XY,120,120,0,1.0
14,presence,random,alpha,8.0,YX,120,120,0,1.0
14,presence,random,alpha,16.0,XY,120,120,0,1.0
14,presence,random,alpha,16.0,YX,120,120,0,1.0
14,presence,random,alpha,32.0,XY,120,120,0,1.0
14,presence,random,alpha,32.0,YX,120,120,0,1.0
14,presence,random,alpha,64.0,XY,120,120,0,1.0
14,presence,random,alpha,64.0,YX,120,120,0,1.0
14,presence,random,alpha,128.0,XY,120,120,0,1.0
14,presence,random,alpha,128.0,YX,120,120,0,1.0
14,presence,random,z_mad,0.01,XY,120,120,0,1.0
14,presence,random,z_mad,0.01,YX,120,120,0,1.0
14,presence,random,z_mad,0.02,XY,120,120,0,1.0
14,presence,random,z_mad,0.02,YX,120,120,0,1.0
14,presence,random,z_mad,0.04,XY,120,120,0,1.0
14,presence,random,z_mad,0.04,YX,120,120,0,1.0
14,presence,random,z_mad,0.08,XY,120,120,0,1.0
14,presence,random,z_mad,0.08,YX,120,120,0,1.0
14,presence,random,z_mad,0.16,XY,120,120,0,1.0
14,presence,random,z_mad,0.16,YX,120,120,0,1.0
14,presence,random,z_mad,0.32,XY,120,120,0,1.0
14,presence,random,z_mad,0.32,YX,120,120,0,1.0
14,presence,random,z_mad,0.64,XY,120,120,0,1.0
14,presence,random,z_mad,0.64,YX,120,120,0,1.0
14,presence,random,z_mad,1.28,XY,120,120,0,1.0
14,presence,random,z_mad,1.28,YX,120,120,0,1.0
14,presence,random,z_mad,2.56,XY,120,120,0,1.0
14,presence,random,z_mad,2.56,YX,120,120,0,1.0
14,presence,random,z_mad,5.12,XY,120,120,0,1.0
14,presence,random,z_mad,5.12,YX,120,120,0,1.0
14,presence,random,z_mad,10.24,XY,120,120,0,1.0
14,presence,random,z_mad,10.24,YX,120,120,0,1.0
14,presence,random,z_mad,20.48,XY,120,120,0,1.0
14,presence,random,z_mad,20.48,YX,120,120,0,1.0
14,presence,random,z_sd,0.01,XY,120,120,0,1.0
14,presence,random,z_sd,0.01,YX,120,120,0,1.0
14,presence,random,z_sd,0.02,XY,120,120,0,1.0
14,presence,random,z_sd,0.02,YX,120,120,0,1.0
14,presence,random,z_sd,0.04,XY,120,120,0,1.0
14,presence,random,z_sd,0.04,YX,120,120,0,1.0
14,presence,random,z_sd,0.08,XY,120,120,0,1.0
14,presence,random,z_sd,0.08,YX,120,120,0,1.0
14,presence,random,z_sd,0.16,XY,120,120,0,1.0
14,presence,random,z_sd,0.16,YX,120,120,0,1.0
14,presence,random,z_sd,0.32,XY,120,120,0,1.0
14,presence,random,z_sd,0.32,YX,120,120,0,1.0
14,presence,random,z_sd,0.64,XY,120,120,0,1.0
14,presence,random,z_sd,0.64,YX,120,120,0,1.0
14,presence,random,z_sd,1.28,XY,120,120,0,1.0
14,presence,random,z_sd,1.28,YX,120,120,0,1.0
14,presence,random,z_sd,2.56,XY,120,120,0,1.0
14,presence,random,z_sd,2.56,YX,120,120,0,1.0
14,presence,random,z_sd,5.12,XY,120,120,0,1.0
14,presence,random,z_sd,5.12,YX,120,120,0,1.0
14,presence,random,z_sd,10.24,XY,120,120,0,1.0
14,presence,random,z_sd,10.24,YX,120,120,0,1.0
14,presence,random,z_sd,20.48,XY,120,120,0,1.0
14,presence,random,z_sd,20.48,YX,120,120,0,1.0
15,presence,concept,alpha,0.25,XY,400,400,0,1.0
15,presence,concept,alpha,0.25,YX,400,400,0,1.0
15,presence,concept,alpha,0.5,XY,400,400,0,1.0
15,presence,concept,alpha,0.5,YX,400,400,0,1.0
15,presence,concept,alpha,1.0,XY,400,400,0,1.0
15,presence,concept,alpha,1.0,YX,400,400,0,1.0
15,presence,concept,alpha,2.0,XY,400,400,0,1.0
15,presence,concept,alpha,2.0,YX,400,400,0,1.0
15,presence,concept,alpha,4.0,XY,400,400,0,1.0
15,presence,concept,alpha,4.0,YX,400,400,0,1.0
15,presence,concept,alpha,8.0,XY,400,400,0,1.0
15,presence,concept,alpha,8.0,YX,400,400,0,1.0
15,presence,concept,alpha,16.0,XY,400,400,0,1.0
15,presence,concept,alpha,16.0,YX,400,400,0,1.0
15,presence,concept,alpha,32.0,XY,400,400,0,1.0
15,presence,concept,alpha,32.0,YX,400,400,0,1.0
15,presence,concept,alpha,64.0,XY,400,400,0,1.0
15,presence,concept,alpha,64.0,YX,400,400,0,1.0
15,presence,concept,alpha,128.0,XY,400,392,0,0.98
15,presence,concept,alpha,128.0,YX,400,373,0,0.9325
15,presence,concept,z_mad,0.01,XY,400,400,0,1.0
15,presence,concept,z_mad,0.01,YX,400,400,0,1.0
15,presence,concept,z_mad,0.02,XY,400,400,0,1.0
15,presence,concept,z_mad,0.02,YX,400,400,0,1.0
15,presence,concept,z_mad,0.04,XY,400,400,0,1.0
15,presence,concept,z_mad,0.04,YX,400,400,0,1.0
15,presence,concept,z_mad,0.08,XY,400,400,0,1.0
15,presence,concept,z_mad,0.08,YX,400,400,0,1.0
15,presence,concept,z_mad,0.16,XY,400,400,0,1.0
15,presence,concept,z_mad,0.16,YX,400,400,0,1.0
15,presence,concept,z_mad,0.32,XY,400,400,0,1.0
15,presence,concept,z_mad,0.32,YX,400,400,0,1.0
15,presence,concept,z_mad,0.64,XY,400,400,0,1.0
15,presence,concept,z_mad,0.64,YX,400,400,0,1.0
15,presence,concept,z_mad,1.28,XY,400,400,0,1.0
15,presence,concept,z_mad,1.28,YX,400,400,0,1.0
15,presence,concept,z_mad,2.56,XY,400,400,0,1.0
15,presence,concept,z_mad,2.56,YX,400,400,0,1.0
15,presence,concept,z_mad,5.12,XY,400,400,0,1.0
15,presence,concept,z_mad,5.12,YX,400,400,0,1.0
15,presence,concept,z_mad,10.24,XY,400,400,0,1.0
15,presence,concept,z_mad,10.24,YX,400,400,0,1.0
15,presence,concept,z_mad,20.48,XY,400,400,0,1.0
15,presence,concept,z_mad,20.48,YX,400,400,0,1.0
15,presence,concept,z_sd,0.01,XY,400,400,0,1.0
15,presence,concept,z_sd,0.01,YX,400,400,0,1.0
15,presence,concept,z_sd,0.02,XY,400,400,0,1.0
15,presence,concept,z_sd,0.02,YX,400,400,0,1.0
15,presence,concept,z_sd,0.04,XY,400,400,0,1.0
15,presence,concept,z_sd,0.04,YX,400,400,0,1.0
15,presence,concept,z_sd,0.08,XY,400,400,0,1.0
15,presence,concept,z_sd,0.08,YX,400,400,0,1.0
15,presence,concept,z_sd,0.16,XY,400,400,0,1.0
15,presence,concept,z_sd,0.16,YX,400,400,0,1.0
15,presence,concept,z_sd,0.32,XY,400,400,0,1.0
15,presence,concept,z_sd,0.32,YX,400,400,0,1.0
15,presence,concept,z_sd,0.64,XY,400,400,0,1.0
15,presence,concept,z_sd,0.64,YX,400,400,0,1.0
15,presence,concept,z_sd,1.28,XY,400,383,0,0.9575
15,presence,concept,z_sd,1.28,YX,400,360,0,0.9
15,presence,concept,z_sd,2.56,XY,400,360,0,0.9
15,presence,concept,z_sd,2.56,YX,400,360,3,0.9
15,presence,concept,z_sd,5.12,XY,400,360,0,0.9
15,presence,concept,z_sd,5.12,YX,400,360,0,0.9
15,presence,concept,z_sd,10.24,XY,400,360,0,0.9
15,presence,concept,z_sd,10.24,YX,400,360,0,0.9
15,presence,concept,z_sd,20.48,XY,400,360,0,0.9
15,presence,concept,z_sd,20.48,YX,400,360,0,0.9
15,presence,dropout,alpha,0.25,XY,80,80,0,1.0
15,presence,dropout,alpha,0.25,YX,80,80,0,1.0
15,presence,dropout,alpha,0.5,XY,80,80,0,1.0
15,presence,dropout,alpha,0.5,YX,80,80,0,1.0
15,presence,dropout,alpha,1.0,XY,80,80,0,1.0
15,presence,dropout,alpha,1.0,YX,80,80,0,1.0
15,presence,dropout,alpha,2.0,XY,80,80,0,1.0
15,presence,dropout,alpha,2.0,YX,80,80,0,1.0
15,presence,dropout,alpha,4.0,XY,80,80,0,1.0
15,presence,dropout,alpha,4.0,YX,80,80,0,1.0
15,presence,dropout,alpha,8.0,XY,80,80,0,1.0
15,presence,dropout,alpha,8.0,YX,80,80,0,1.0
15,presence,dropout,alpha,16.0,XY,80,80,0,1.0
15,presence,dropout,alpha,16.0,YX,80,80,0,1.0
15,presence,dropout,alpha,32.0,XY,80,80,0,1.0
15,presence,dropout,alpha,32.0,YX,80,80,0,1.0
15,presence,dropout,alpha,64.0,XY,80,80,0,1.0
15,presence,dropout,alpha,64.0,YX,80,80,0,1.0
15,presence,dropout,alpha,128.0,XY,80,80,0,1.0
15,presence,dropout,alpha,128.0,YX,80,80,0,1.0
15,presence,dropout,z_mad,0.01,XY,80,80,0,1.0
15,presence,dropout,z_mad,0.01,YX,80,80,0,1.0
15,presence,dropout,z_mad,0.02,XY,80,80,0,1.0
15,presence,dropout,z_mad,0.02,YX,80,80,0,1.0
15,presence,dropout,z_mad,0.04,XY,80,80,0,1.0
15,presence,dropout,z_mad,0.04,YX,80,80,0,1.0
15,presence,dropout,z_mad,0.08,XY,80,80,0,1.0
15,presence,dropout,z_mad,0.08,YX,80,80,0,1.0
15,presence,dropout,z_mad,0.16,XY,80,80,0,1.0
15,presence,dropout,z_mad,0.16,YX,80,80,0,1.0
15,presence,dropout,z_mad,0.32,XY,80,80,0,1.0
15,presence,dropout,z_mad,0.32,YX,80,80,0,1.0
15,presence,dropout,z_mad,0.64,XY,80,80,0,1.0
15,presence,dropout,z_mad,0.64,YX,80,80,0,1.0
15,presence,dropout,z_mad,1.28,XY,80,80,0,1.0
15,presence,dropout,z_mad,1.28,YX,80,80,0,1.0
15,presence,dropout,z_mad,2.56,XY,80,80,0,1.0
15,presence,dropout,z_mad,2.56,YX,80,80,0,1.0
15,presence,dropout,z_mad,5.12,XY,80,80,0,1.0
15,presence,dropout,z_mad,5.12,YX,80,80,0,1.0
15,presence,dropout,z_mad,10.24,XY,80,80,0,1.0
15,presence,dropout,z_mad,10.24,YX,80,80,0,1.0
15,presence,dropout,z_mad,20.48,XY,80,80,0,1.0
15,presence,dropout,z_mad,20.48,YX,80,80,0,1.0
15,presence,dropout,z_sd,0.01,XY,80,80,0,1.0
15,presence,dropout,z_sd,0.01,YX,80,80,0,1.0
15,presence,dropout,z_sd,0.02,XY,80,80,0,1.0
15,presence,dropout,z_sd,0.02,YX,80,80,0,1.0
15,presence,dropout,z_sd,0.04,XY,80,80,0,1.0
15,presence,dropout,z_sd,0.04,YX,80,80,0,1.0
15,presence,dropout,z_sd,0.08,XY,80,80,0,1.0
15,presence,dropout,z_sd,0.08,YX,80,80,0,1.0
15,presence,dropout,z_sd,0.16,XY,80,80,0,1.0
15,presence,dropout,z_sd,0.16,YX,80,80,0,1.0
15,presence,dropout,z_sd,0.32,XY,80,80,0,1.0
15,presence,dropout,z_sd,0.32,YX,80,80,0,1.0
15,presence,dropout,z_sd,0.64,XY,80,80,0,1.0
15,presence,dropout,z_sd,0.64,YX,80,80,0,1.0
15,presence,dropout,z_sd,1.28,XY,80,80,0,1.0
15,presence,dropout,z_sd,1.28,YX,80,80,0,1.0
15,presence,dropout,z_sd,2.56,XY,80,80,0,1.0
15,presence,dropout,z_sd,2.56,YX,80,80,0,1.0
15,presence,dropout,z_sd,5.12,XY,80,80,0,1.0
15,presence,dropout,z_sd,5.12,YX,80,80,0,1.0
15,presence,dropout,z_sd,10.24,XY,80,80,0,1.0
15,presence,dropout,z_sd,10.24,YX,80,80,0,1.0
15,presence,dropout,z_sd,20.48,XY,80,80,0,1.0
15,presence,dropout,z_sd,20.48,YX,80,80,0,1.0
15,presence,noise,alpha,0.25,XY,80,80,0,1.0
15,presence,noise,alpha,0.25,YX,80,80,0,1.0
15,presence,noise,alpha,0.5,XY,80,80,0,1.0
15,presence,noise,alpha,0.5,YX,80,80,0,1.0
15,presence,noise,alpha,1.0,XY,80,80,0,1.0
15,presence,noise,alpha,1.0,YX,80,80,0,1.0
15,presence,noise,alpha,2.0,XY,80,80,0,1.0
15,presence,noise,alpha,2.0,YX,80,80,0,1.0
15,presence,noise,alpha,4.0,XY,80,80,0,1.0
15,presence,noise,alpha,4.0,YX,80,80,0,1.0
15,presence,noise,alpha,8.0,XY,80,80,0,1.0
15,presence,noise,alpha,8.0,YX,80,80,0,1.0
15,presence,noise,alpha,16.0,XY,80,80,0,1.0
15,presence,noise,alpha,16.0,YX,80,80,0,1.0
15,presence,noise,alpha,32.0,XY,80,80,0,1.0
15,presence,noise,alpha,32.0,YX,80,80,0,1.0
15,presence,noise,alpha,64.0,XY,80,80,0,1.0
15,presence,noise,alpha,64.0,YX,80,80,0,1.0
15,presence,noise,alpha,128.0,XY,80,80,0,1.0
15,presence,noise,alpha,128.0,YX,80,80,0,1.0
15,presence,noise,z_mad,0.01,XY,80,80,0,1.0
15,presence,noise,z_mad,0.01,YX,80,80,0,1.0
15,presence,noise,z_mad,0.02,XY,80,80,0,1.0
15,presence,noise,z_mad,0.02,YX,80,80,0,1.0
15,presence,noise,z_mad,0.04,XY,80,80,0,1.0
15,presence,noise,z_mad,0.04,YX,80,80,0,1.0
15,presence,noise,z_mad,0.08,XY,80,80,0,1.0
15,presence,noise,z_mad,0.08,YX,80,80,0,1.0
15,presence,noise,z_mad,0.16,XY,80,80,0,1.0
15,presence,noise,z_mad,0.16,YX,80,80,0,1.0
15,presence,noise,z_mad,0.32,XY,80,80,0,1.0
15,presence,noise,z_mad,0.32,YX,80,80,0,1.0
15,presence,noise,z_mad,0.64,XY,80,80,0,1.0
15,presence,noise,z_mad,0.64,YX,80,80,0,1.0
15,presence,noise,z_mad,1.28,XY,80,80,0,1.0
15,presence,noise,z_mad,1.28,YX,80,80,0,1.0
15,presence,noise,z_mad,2.56,XY,80,80,0,1.0
15,presence,noise,z_mad,2.56,YX,80,80,0,1.0
15,presence,noise,z_mad,5.12,XY,80,80,0,1.0
15,presence,noise,z_mad,5.12,YX,80,80,0,1.0
15,presence,noise,z_mad,10.24,XY,80,80,0,1.0
15,presence,noise,z_mad,10.24,YX,80,80,0,1.0
15,presence,noise,z_mad,20.48,XY,80,80,0,1.0
15,presence,noise,z_mad,20.48,YX,80,80,0,1.0
15,presence,noise,z_sd,0.01,XY,80,80,0,1.0
15,presence,noise,z_sd,0.01,YX,80,80,0,1.0
15,presence,noise,z_sd,0.02,XY,80,80,0,1.0
15,presence,noise,z_sd,0.02,YX,80,80,0,1.0
15,presence,noise,z_sd,0.04,XY,80,80,0,1.0
15,presence,noise,z_sd,0.04,YX,80,80,0,1.0
15,presence,noise,z_sd,0.08,XY,80,80,0,1.0
15,presence,noise,z_sd,0.08,YX,80,80,0,1.0
15,presence,noise,z_sd,0.16,XY,80,80,0,1.0
15,presence,noise,z_sd,0.16,YX,80,80,0,1.0
15,presence,noise,z_sd,0.32,XY,80,80,0,1.0
15,presence,noise,z_sd,0.32,YX,80,80,0,1.0
15,presence,noise,z_sd,0.64,XY,80,80,0,1.0
15,presence,noise,z_sd,0.64,YX,80,80,0,1.0
15,presence,noise,z_sd,1.28,XY,80,80,0,1.0
15,presence,noise,z_sd,1.28,YX,80,80,0,1.0
15,presence,noise,z_sd,2.56,XY,80,80,0,1.0
15,presence,noise,z_sd,2.56,YX,80,80,0,1.0
15,presence,noise,z_sd,5.12,XY,80,80,0,1.0
15,presence,noise,z_sd,5.12,YX,80,80,0,1.0
15,presence,noise,z_sd,10.24,XY,80,80,0,1.0
15,presence,noise,z_sd,10.24,YX,80,80,0,1.0
15,presence,noise,z_sd,20.48,XY,80,80,0,1.0
15,presence,noise,z_sd,20.48,YX,80,80,0,1.0
15,presence,random,alpha,0.25,XY,120,120,0,1.0
15,presence,random,alpha,0.25,YX,120,120,0,1.0
15,presence,random,alpha,0.5,XY,120,120,0,1.0
15,presence,random,alpha,0.5,YX,120,120,0,1.0
15,presence,random,alpha,1.0,XY,120,120,0,1.0
15,presence,random,alpha,1.0,YX,120,120,0,1.0
15,presence,random,alpha,2.0,XY,120,120,0,1.0
15,presence,random,alpha,2.0,YX,120,120,0,1.0
15,presence,random,alpha,4.0,XY,120,120,0,1.0
15,presence,random,alpha,4.0,YX,120,120,0,1.0
15,presence,random,alpha,8.0,XY,120,120,0,1.0
15,presence,random,alpha,8.0,YX,120,120,0,1.0
15,presence,random,alpha,16.0,XY,120,120,0,1.0
15,presence,random,alpha,16.0,YX,120,120,0,1.0
15,presence,random,alpha,32.0,XY,120,120,0,1.0
15,presence,random,alpha,32.0,YX,120,120,0,1.0
15,presence,random,alpha,64.0,XY,120,120,0,1.0
15,presence,random,alpha,64.0,YX,120,120,0,1.0
15,presence,random,alpha,128.0,XY,120,120,0,1.0
15,presence,random,alpha,128.0,YX,120,120,0,1.0
15,presence,random,z_mad,0.01,XY,120,120,0,1.0
15,presence,random,z_mad,0.01,YX,120,120,0,1.0
15,presence,random,z_mad,0.02,XY,120,120,0,1.0
15,presence,random,z_mad,0.02,YX,120,120,0,1.0
15,presence,random,z_mad,0.04,XY,120,120,0,1.0
15,presence,random,z_mad,0.04,YX,120,120,0,1.0
15,presence,random,z_mad,0.08,XY,120,120,0,1.0
15,presence,random,z_mad,0.08,YX,120,120,0,1.0
15,presence,random,z_mad,0.16,XY,120,120,0,1.0
15,presence,random,z_mad,0.16,YX,120,120,0,1.0
15,presence,random,z_mad,0.32,XY,120,120,0,1.0
15,presence,random,z_mad,0.32,YX,120,120,0,1.0
15,presence,random,z_mad,0.64,XY,120,120,0,1.0
15,presence,random,z_mad,0.64,YX,120,120,0,1.0
15,presence,random,z_mad,1.28,XY,120,120,0,1.0
15,presence,random,z_mad,1.28,YX,120,120,0,1.0
15,presence,random,z_mad,2.56,XY,120,120,0,1.0
15,presence,random,z_mad,2.56,YX,120,120,0,1.0
15,presence,random,z_mad,5.12,XY,120,120,0,1.0
15,presence,random,z_mad,5.12,YX,120,120,0,1.0
15,presence,random,z_mad,10.24,XY,120,120,0,1.0
15,presence,random,z_mad,10.24,YX,120,120,0,1.0
15,presence,random,z_mad,20.48,XY,120,120,0,1.0
15,presence,random,z_mad,20.48,YX,120,120,0,1.0
15,presence,random,z_sd,0.01,XY,120,120,0,1.0
15,presence,random,z_sd,0.01,YX,120,120,0,1.0
15,presence,random,z_sd,0.02,XY,120,120,0,1.0
15,presence,random,z_sd,0.02,YX,120,120,0,1.0
15,presence,random,z_sd,0.04,XY,120,120,0,1.0
15,presence,random,z_sd,0.04,YX,120,120,0,1.0
15,presence,random,z_sd,0.08,XY,120,120,0,1.0
15,presence,random,z_sd,0.08,YX,120,120,0,1.0
15,presence,random,z_sd,0.16,XY,120,120,0,1.0
15,presence,random,z_sd,0.16,YX,120,120,0,1.0
15,presence,random,z_sd,0.32,XY,120,120,0,1.0
15,presence,random,z_sd,0.32,YX,120,120,0,1.0
15,presence,random,z_sd,0.64,XY,120,120,0,1.0
15,presence,random,z_sd,0.64,YX,120,120,0,1.0
15,presence,random,z_sd,1.28,XY,120,120,0,1.0
15,presence,random,z_sd,1.28,YX,120,120,0,1.0
15,presence,random,z_sd,2.56,XY,120,120,0,1.0
15,presence,random,z_sd,2.56,YX,120,120,0,1.0
15,presence,random,z_sd,5.12,XY,120,120,0,1.0
15,presence,random,z_sd,5.12,YX,120,120,0,1.0
15,presence,random,z_sd,10.24,XY,120,120,0,1.0
15,presence,random,z_sd,10.24,YX,120,120,0,1.0
15,presence,random,z_sd,20.48,XY,120,120,0,1.0
15,presence,random,z_sd,20.48,YX,120,120,0,1.0
16,presence,concept,alpha,0.25,XY,400,400,0,1.0
16,presence,concept,alpha,0.25,YX,400,400,0,1.0
16,presence,concept,alpha,0.5,XY,400,400,0,1.0
16,presence,concept,alpha,0.5,YX,400,400,0,1.0
16,presence,concept,alpha,1.0,XY,400,400,0,1.0
16,presence,concept,alpha,1.0,YX,400,400,0,1.0
16,presence,concept,alpha,2.0,XY,400,400,0,1.0
16,presence,concept,alpha,2.0,YX,400,400,0,1.0
16,presence,concept,alpha,4.0,XY,400,400,0,1.0
16,presence,concept,alpha,4.0,YX,400,400,0,1.0
16,presence,concept,alpha,8.0,XY,400,400,0,1.0
16,presence,concept,alpha,8.0,YX,400,400,0,1.0
16,presence,concept,alpha,16.0,XY,400,400,0,1.0
16,presence,concept,alpha,16.0,YX,400,400,0,1.0
16,presence,concept,alpha,32.0,XY,400,400,0,1.0
16,presence,concept,alpha,32.0,YX,400,400,0,1.0
16,presence,concept,alpha,64.0,XY,400,400,0,1.0
16,presence,concept,alpha,64.0,YX,400,400,0,1.0
16,presence,concept,alpha,128.0,XY,400,400,0,1.0
16,presence,concept,alpha,128.0,YX,400,400,0,1.0
16,presence,concept,z_mad,0.01,XY,400,400,0,1.0
16,presence,concept,z_mad,0.01,YX,400,400,0,1.0
16,presence,concept,z_mad,0.02,XY,400,400,0,1.0
16,presence,concept,z_mad,0.02,YX,400,400,0,1.0
16,presence,concept,z_mad,0.04,XY,400,400,0,1.0
16,presence,concept,z_mad,0.04,YX,400,400,0,1.0
16,presence,concept,z_mad,0.08,XY,400,400,0,1.0
16,presence,concept,z_mad,0.08,YX,400,400,0,1.0
16,presence,concept,z_mad,0.16,XY,400,400,0,1.0
16,presence,concept,z_mad,0.16,YX,400,400,0,1.0
16,presence,concept,z_mad,0.32,XY,400,400,0,1.0
16,presence,concept,z_mad,0.32,YX,400,400,0,1.0
16,presence,concept,z_mad,0.64,XY,400,400,0,1.0
16,presence,concept,z_mad,0.64,YX,400,400,0,1.0
16,presence,concept,z_mad,1.28,XY,400,400,0,1.0
16,presence,concept,z_mad,1.28,YX,400,400,0,1.0
16,presence,concept,z_mad,2.56,XY,400,400,0,1.0
16,presence,concept,z_mad,2.56,YX,400,400,0,1.0
16,presence,concept,z_mad,5.12,XY,400,400,0,1.0
16,presence,concept,z_mad,5.12,YX,400,400,0,1.0
16,presence,concept,z_mad,10.24,XY,400,400,0,1.0
16,presence,concept,z_mad,10.24,YX,400,400,0,1.0
16,presence,concept,z_mad,20.48,XY,400,400,0,1.0
16,presence,concept,z_mad,20.48,YX,400,400,0,1.0
16,presence,concept,z_sd,0.01,XY,400,400,0,1.0
16,presence,concept,z_sd,0.01,YX,400,400,0,1.0
16,presence,concept,z_sd,0.02,XY,400,400,0,1.0
16,presence,concept,z_sd,0.02,YX,400,400,0,1.0
16,presence,concept,z_sd,0.04,XY,400,400,0,1.0
16,presence,concept,z_sd,0.04,YX,400,400,0,1.0
16,presence,concept,z_sd,0.08,XY,400,400,0,1.0
16,presence,concept,z_sd,0.08,YX,400,400,0,1.0
16,presence,concept,z_sd,0.16,XY,400,400,0,1.0
16,presence,concept,z_sd,0.16,YX,400,400,0,1.0
16,presence,concept,z_sd,0.32,XY,400,400,0,1.0
16,presence,concept,z_sd,0.32,YX,400,400,0,1.0
16,presence,concept,z_sd,0.64,XY,400,400,0,1.0
16,presence,concept,z_sd,0.64,YX,400,400,0,1.0
16,presence,concept,z_sd,1.28,XY,400,400,0,1.0
16,presence,concept,z_sd,1.28,YX,400,400,0,1.0
16,presence,concept,z_sd,2.56,XY,400,383,0,0.9575
16,presence,concept,z_sd,2.56,YX,400,384,0,0.96
16,presence,concept,z_sd,5.12,XY,400,360,0,0.9
16,presence,concept,z_sd,5.12,YX,400,360,0,0.9
16,presence,concept,z_sd,10.24,XY,400,360,0,0.9
16,presence,concept,z_sd,10.24,YX,400,360,0,0.9
16,presence,concept,z_sd,20.48,XY,400,360,0,0.9
16,presence,concept,z_sd,20.48,YX,400,360,0,0.9
16,presence,dropout,alpha,0.25,XY,80,80,0,1.0
16,presence,dropout,alpha,0.25,YX,80,80,0,1.0
16,presence,dropout,alpha,0.5,XY,80,80,0,1.0
16,presence,dropout,alpha,0.5,YX,80,80,0,1.0
16,presence,dropout,alpha,1.0,XY,80,80,0,1.0
16,presence,dropout,alpha,1.0,YX,80,80,0,1.0
16,presence,dropout,alpha,2.0,XY,80,80,0,1.0
16,presence,dropout,alpha,2.0,YX,80,80,0,1.0
16,presence,dropout,alpha,4.0,XY,80,80,0,1.0
16,presence,dropout,alpha,4.0,YX,80,80,0,1.0
16,presence,dropout,alpha,8.0,XY,80,80,0,1.0
16,presence,dropout,alpha,8.0,YX,80,80,0,1.0
16,presence,dropout,alpha,16.0,XY,80,80,0,1.0
16,presence,dropout,alpha,16.0,YX,80,80,0,1.0
16,presence,dropout,alpha,32.0,XY,80,80,0,1.0
16,presence,dropout,alpha,32.0,YX,80,80,0,1.0
16,presence,dropout,alpha,64.0,XY,80,80,0,1.0
16,presence,dropout,alpha,64.0,YX,80,80,0,1.0
16,presence,dropout,alpha,128.0,XY,80,80,0,1.0
16,presence,dropout,alpha,128.0,YX,80,80,0,1.0
16,presence,dropout,z_mad,0.01,XY,80,80,0,1.0
16,presence,dropout,z_mad,0.01,YX,80,80,0,1.0
16,presence,dropout,z_mad,0.02,XY,80,80,0,1.0
16,presence,dropout,z_mad,0.02,YX,80,80,0,1.0
16,presence,dropout,z_mad,0.04,XY,80,80,0,1.0
16,presence,dropout,z_mad,0.04,YX,80,80,0,1.0
16,presence,dropout,z_mad,0.08,XY,80,80,0,1.0
16,presence,dropout,z_mad,0.08,YX,80,80,0,1.0
16,presence,dropout,z_mad,0.16,XY,80,80,0,1.0
16,presence,dropout,z_mad,0.16,YX,80,80,0,1.0
16,presence,dropout,z_mad,0.32,XY,80,80,0,1.0
16,presence,dropout,z_mad,0.32,YX,80,80,0,1.0
16,presence,dropout,z_mad,0.64,XY,80,80,0,1.0
16,presence,dropout,z_mad,0.64,YX,80,80,0,1.0
16,presence,dropout,z_mad,1.28,XY,80,80,0,1.0
16,presence,dropout,z_mad,1.28,YX,80,80,0,1.0
16,presence,dropout,z_mad,2.56,XY,80,80,0,1.0
16,presence,dropout,z_mad,2.56,YX,80,80,0,1.0
16,presence,dropout,z_mad,5.12,XY,80,80,0,1.0
16,presence,dropout,z_mad,5.12,YX,80,80,0,1.0
16,presence,dropout,z_mad,10.24,XY,80,80,0,1.0
16,presence,dropout,z_mad,10.24,YX,80,80,0,1.0
16,presence,dropout,z_mad,20.48,XY,80,80,0,1.0
16,presence,dropout,z_mad,20.48,YX,80,80,0,1.0
16,presence,dropout,z_sd,0.01,XY,80,80,0,1.0
16,presence,dropout,z_sd,0.01,YX,80,80,0,1.0
16,presence,dropout,z_sd,0.02,XY,80,80,0,1.0
16,presence,dropout,z_sd,0.02,YX,80,80,0,1.0
16,presence,dropout,z_sd,0.04,XY,80,80,0,1.0
16,presence,dropout,z_sd,0.04,YX,80,80,0,1.0
16,presence,dropout,z_sd,0.08,XY,80,80,0,1.0
16,presence,dropout,z_sd,0.08,YX,80,80,0,1.0
16,presence,dropout,z_sd,0.16,XY,80,80,0,1.0
16,presence,dropout,z_sd,0.16,YX,80,80,0,1.0
16,presence,dropout,z_sd,0.32,XY,80,80,0,1.0
16,presence,dropout,z_sd,0.32,YX,80,80,0,1.0
16,presence,dropout,z_sd,0.64,XY,80,80,0,1.0
16,presence,dropout,z_sd,0.64,YX,80,80,0,1.0
16,presence,dropout,z_sd,1.28,XY,80,80,0,1.0
16,presence,dropout,z_sd,1.28,YX,80,80,0,1.0
16,presence,dropout,z_sd,2.56,XY,80,80,0,1.0
16,presence,dropout,z_sd,2.56,YX,80,80,0,1.0
16,presence,dropout,z_sd,5.12,XY,80,80,0,1.0
16,presence,dropout,z_sd,5.12,YX,80,80,0,1.0
16,presence,dropout,z_sd,10.24,XY,80,80,0,1.0
16,presence,dropout,z_sd,10.24,YX,80,80,0,1.0
16,presence,dropout,z_sd,20.48,XY,80,80,0,1.0
16,presence,dropout,z_sd,20.48,YX,80,80,0,1.0
16,presence,noise,alpha,0.25,XY,80,80,0,1.0
16,presence,noise,alpha,0.25,YX,80,80,0,1.0
16,presence,noise,alpha,0.5,XY,80,80,0,1.0
16,presence,noise,alpha,0.5,YX,80,80,0,1.0
16,presence,noise,alpha,1.0,XY,80,80,0,1.0
16,presence,noise,alpha,1.0,YX,80,80,0,1.0
16,presence,noise,alpha,2.0,XY,80,80,0,1.0
16,presence,noise,alpha,2.0,YX,80,80,0,1.0
16,presence,noise,alpha,4.0,XY,80,80,0,1.0
16,presence,noise,alpha,4.0,YX,80,80,0,1.0
16,presence,noise,alpha,8.0,XY,80,80,0,1.0
16,presence,noise,alpha,8.0,YX,80,80,0,1.0
16,presence,noise,alpha,16.0,XY,80,80,0,1.0
16,presence,noise,alpha,16.0,YX,80,80,0,1.0
16,presence,noise,alpha,32.0,XY,80,80,0,1.0
16,presence,noise,alpha,32.0,YX,80,80,0,1.0
16,presence,noise,alpha,64.0,XY,80,80,0,1.0
16,presence,noise,alpha,64.0,YX,80,80,0,1.0
16,presence,noise,alpha,128.0,XY,80,80,0,1.0
16,presence,noise,alpha,128.0,YX,80,80,0,1.0
16,presence,noise,z_mad,0.01,XY,80,80,0,1.0
16,presence,noise,z_mad,0.01,YX,80,80,0,1.0
16,presence,noise,z_mad,0.02,XY,80,80,0,1.0
16,presence,noise,z_mad,0.02,YX,80,80,0,1.0
16,presence,noise,z_mad,0.04,XY,80,80,0,1.0
16,presence,noise,z_mad,0.04,YX,80,80,0,1.0
16,presence,noise,z_mad,0.08,XY,80,80,0,1.0
16,presence,noise,z_mad,0.08,YX,80,80,0,1.0
16,presence,noise,z_mad,0.16,XY,80,80,0,1.0
16,presence,noise,z_mad,0.16,YX,80,80,0,1.0
16,presence,noise,z_mad,0.32,XY,80,80,0,1.0
16,presence,noise,z_mad,0.32,YX,80,80,0,1.0
16,presence,noise,z_mad,0.64,XY,80,80,0,1.0
16,presence,noise,z_mad,0.64,YX,80,80,0,1.0
16,presence,noise,z_mad,1.28,XY,80,80,0,1.0
16,presence,noise,z_mad,1.28,YX,80,80,0,1.0
16,presence,noise,z_mad,2.56,XY,80,80,0,1.0
16,presence,noise,z_mad,2.56,YX,80,80,0,1.0
16,presence,noise,z_mad,5.12,XY,80,80,0,1.0
16,presence,noise,z_mad,5.12,YX,80,80,0,1.0
16,presence,noise,z_mad,10.24,XY,80,80,0,1.0
16,presence,noise,z_mad,10.24,YX,80,80,0,1.0
16,presence,noise,z_mad,20.48,XY,80,80,0,1.0
16,presence,noise,z_mad,20.48,YX,80,80,0,1.0
16,presence,noise,z_sd,0.01,XY,80,80,0,1.0
16,presence,noise,z_sd,0.01,YX,80,80,0,1.0
16,presence,noise,z_sd,0.02,XY,80,80,0,1.0
16,presence,noise,z_sd,0.02,YX,80,80,0,1.0
16,presence,noise,z_sd,0.04,XY,80,80,0,1.0
16,presence,noise,z_sd,0.04,YX,80,80,0,1.0
16,presence,noise,z_sd,0.08,XY,80,80,0,1.0
16,presence,noise,z_sd,0.08,YX,80,80,0,1.0
16,presence,noise,z_sd,0.16,XY,80,80,0,1.0
16,presence,noise,z_sd,0.16,YX,80,80,0,1.0
16,presence,noise,z_sd,0.32,XY,80,80,0,1.0
16,presence,noise,z_sd,0.32,YX,80,80,0,1.0
16,presence,noise,z_sd,0.64,XY,80,80,0,1.0
16,presence,noise,z_sd,0.64,YX,80,80,0,1.0
16,presence,noise,z_sd,1.28,XY,80,80,0,1.0
16,presence,noise,z_sd,1.28,YX,80,80,0,1.0
16,presence,noise,z_sd,2.56,XY,80,80,0,1.0
16,presence,noise,z_sd,2.56,YX,80,80,0,1.0
16,presence,noise,z_sd,5.12,XY,80,80,0,1.0
16,presence,noise,z_sd,5.12,YX,80,80,0,1.0
16,presence,noise,z_sd,10.24,XY,80,80,0,1.0
16,presence,noise,z_sd,10.24,YX,80,80,0,1.0
16,presence,noise,z_sd,20.48,XY,80,80,0,1.0
16,presence,noise,z_sd,20.48,YX,80,80,0,1.0
16,presence,random,alpha,0.25,XY,120,120,0,1.0
16,presence,random,alpha,0.25,YX,120,120,0,1.0
16,presence,random,alpha,0.5,XY,120,120,0,1.0
16,presence,random,alpha,0.5,YX,120,120,0,1.0
16,presence,random,alpha,1.0,XY,120,120,0,1.0
16,presence,random,alpha,1.0,YX,120,120,0,1.0
16,presence,random,alpha,2.0,XY,120,120,0,1.0
16,presence,random,alpha,2.0,YX,120,120,0,1.0
16,presence,random,alpha,4.0,XY,120,120,0,1.0
16,presence,random,alpha,4.0,YX,120,120,0,1.0
16,presence,random,alpha,8.0,XY,120,120,0,1.0
16,presence,random,alpha,8.0,YX,120,120,0,1.0
16,presence,random,alpha,16.0,XY,120,120,0,1.0
16,presence,random,alpha,16.0,YX,120,120,0,1.0
16,presence,random,alpha,32.0,XY,120,120,0,1.0
16,presence,random,alpha,32.0,YX,120,120,0,1.0
16,presence,random,alpha,64.0,XY,120,120,0,1.0
16,presence,random,alpha,64.0,YX,120,120,0,1.0
16,presence,random,alpha,128.0,XY,120,120,0,1.0
16,presence,random,alpha,128.0,YX,120,120,0,1.0
16,presence,random,z_mad,0.01,XY,120,120,0,1.0
16,presence,random,z_mad,0.01,YX,120,120,0,1.0
16,presence,random,z_mad,0.02,XY,120,120,0,1.0
16,presence,random,z_mad,0.02,YX,120,120,0,1.0
16,presence,random,z_mad,0.04,XY,120,120,0,1.0
16,presence,random,z_mad,0.04,YX,120,120,0,1.0
16,presence,random,z_mad,0.08,XY,120,120,0,1.0
16,presence,random,z_mad,0.08,YX,120,120,0,1.0
16,presence,random,z_mad,0.16,XY,120,120,0,1.0
16,presence,random,z_mad,0.16,YX,120,120,0,1.0
16,presence,random,z_mad,0.32,XY,120,120,0,1.0
16,presence,random,z_mad,0.32,YX,120,120,0,1.0
16,presence,random,z_mad,0.64,XY,120,120,0,1.0
16,presence,random,z_mad,0.64,YX,120,120,0,1.0
16,presence,random,z_mad,1.28,XY,120,120,0,1.0
16,presence,random,z_mad,1.28,YX,120,120,0,1.0
16,presence,random,z_mad,2.56,XY,120,120,0,1.0
16,presence,random,z_mad,2.56,YX,120,120,0,1.0
16,presence,random,z_mad,5.12,XY,120,120,0,1.0
16,presence,random,z_mad,5.12,YX,120,120,0,1.0
16,presence,random,z_mad,10.24,XY,120,120,0,1.0
16,presence,random,z_mad,10.24,YX,120,120,0,1.0
16,presence,random,z_mad,20.48,XY,120,120,0,1.0
16,presence,random,z_mad,20.48,YX,120,120,0,1.0
16,presence,random,z_sd,0.01,XY,120,120,0,1.0
16,presence,random,z_sd,0.01,YX,120,120,0,1.0
16,presence,random,z_sd,0.02,XY,120,120,0,1.0
16,presence,random,z_sd,0.02,YX,120,120,0,1.0
16,presence,random,z_sd,0.04,XY,120,120,0,1.0
16,presence,random,z_sd,0.04,YX,120,120,0,1.0
16,presence,random,z_sd,0.08,XY,120,120,0,1.0
16,presence,random,z_sd,0.08,YX,120,120,0,1.0
16,presence,random,z_sd,0.16,XY,120,120,0,1.0
16,presence,random,z_sd,0.16,YX,120,120,0,1.0
16,presence,random,z_sd,0.32,XY,120,120,0,1.0
16,presence,random,z_sd,0.32,YX,120,120,0,1.0
16,presence,random,z_sd,0.64,XY,120,120,0,1.0
16,presence,random,z_sd,0.64,YX,120,120,0,1.0
16,presence,random,z_sd,1.28,XY,120,120,0,1.0
16,presence,random,z_sd,1.28,YX,120,120,0,1.0
16,presence,random,z_sd,2.56,XY,120,120,0,1.0
16,presence,random,z_sd,2.56,YX,120,120,0,1.0
16,presence,random,z_sd,5.12,XY,120,120,0,1.0
16,presence,random,z_sd,5.12,YX,120,120,0,1.0
16,presence,random,z_sd,10.24,XY,120,120,0,1.0
16,presence,random,z_sd,10.24,YX,120,120,0,1.0
16,presence,random,z_sd,20.48,XY,120,120,0,1.0
16,presence,random,z_sd,20.48,YX,120,120,0,1.0
17,presence,concept,alpha,0.25,XY,400,400,0,1.0
17,presence,concept,alpha,0.25,YX,400,400,0,1.0
17,presence,concept,alpha,0.5,XY,400,400,0,1.0
17,presence,concept,alpha,0.5,YX,400,400,0,1.0
17,presence,concept,alpha,1.0,XY,400,400,0,1.0
17,presence,concept,alpha,1.0,YX,400,400,0,1.0
17,presence,concept,alpha,2.0,XY,400,400,0,1.0
17,presence,concept,alpha,2.0,YX,400,400,0,1.0
17,presence,concept,alpha,4.0,XY,400,400,0,1.0
17,presence,concept,alpha,4.0,YX,400,400,0,1.0
17,presence,concept,alpha,8.0,XY,400,400,0,1.0
17,presence,concept,alpha,8.0,YX,400,400,0,1.0
17,presence,concept,alpha,16.0,XY,400,400,0,1.0
17,presence,concept,alpha,16.0,YX,400,400,0,1.0
17,presence,concept,alpha,32.0,XY,400,400,0,1.0
17,presence,concept,alpha,32.0,YX,400,400,0,1.0
17,presence,concept,alpha,64.0,XY,400,400,0,1.0
17,presence,concept,alpha,64.0,YX,400,400,0,1.0
17,presence,concept,alpha,128.0,XY,400,382,0,0.955
17,presence,concept,alpha,128.0,YX,400,400,0,1.0
17,presence,concept,z_mad,0.01,XY,400,400,0,1.0
17,presence,concept,z_mad,0.01,YX,400,400,0,1.0
17,presence,concept,z_mad,0.02,XY,400,400,0,1.0
17,presence,concept,z_mad,0.02,YX,400,400,0,1.0
17,presence,concept,z_mad,0.04,XY,400,400,0,1.0
17,presence,concept,z_mad,0.04,YX,400,400,0,1.0
17,presence,concept,z_mad,0.08,XY,400,400,0,1.0
17,presence,concept,z_mad,0.08,YX,400,400,0,1.0
17,presence,concept,z_mad,0.16,XY,400,400,0,1.0
17,presence,concept,z_mad,0.16,YX,400,400,0,1.0
17,presence,concept,z_mad,0.32,XY,400,400,0,1.0
17,presence,concept,z_mad,0.32,YX,400,400,0,1.0
17,presence,concept,z_mad,0.64,XY,400,400,0,1.0
17,presence,concept,z_mad,0.64,YX,400,400,0,1.0
17,presence,concept,z_mad,1.28,XY,400,400,0,1.0
17,presence,concept,z_mad,1.28,YX,400,400,0,1.0
17,presence,concept,z_mad,2.56,XY,400,400,0,1.0
17,presence,concept,z_mad,2.56,YX,400,400,0,1.0
17,presence,concept,z_mad,5.12,XY,400,400,0,1.0
17,presence,concept,z_mad,5.12,YX,400,400,0,1.0
17,presence,concept,z_mad,10.24,XY,400,400,0,1.0
17,presence,concept,z_mad,10.24,YX,400,400,0,1.0
17,presence,concept,z_mad,20.48,XY,400,400,0,1.0
17,presence,concept,z_mad,20.48,YX,400,400,0,1.0
17,presence,concept,z_sd,0.01,XY,400,400,0,1.0
17,presence,concept,z_sd,0.01,YX,400,400,0,1.0
17,presence,concept,z_sd,0.02,XY,400,400,0,1.0
17,presence,concept,z_sd,0.02,YX,400,400,0,1.0
17,presence,concept,z_sd,0.04,XY,400,400,0,1.0
17,presence,concept,z_sd,0.04,YX,400,400,0,1.0
17,presence,concept,z_sd,0.08,XY,400,400,0,1.0
17,presence,concept,z_sd,0.08,YX,400,400,0,1.0
17,presence,concept,z_sd,0.16,XY,400,400,0,1.0
17,presence,concept,z_sd,0.16,YX,400,400,0,1.0
17,presence,concept,z_sd,0.32,XY,400,400,0,1.0
17,presence,concept,z_sd,0.32,YX,400,400,0,1.0
17,presence,concept,z_sd,0.64,XY,400,400,0,1.0
17,presence,concept,z_sd,0.64,YX,400,400,0,1.0
17,presence,concept,z_sd,1.28,XY,400,393,0,0.9825
17,presence,concept,z_sd,1.28,YX,400,400,0,1.0
17,presence,concept,z_sd,2.56,XY,400,360,0,0.9
17,presence,concept,z_sd,2.56,YX,400,382,0,0.955
17,presence,concept,z_sd,5.12,XY,400,360,0,0.9
17,presence,concept,z_sd,5.12,YX,400,360,0,0.9
17,presence,concept,z_sd,10.24,XY,400,360,0,0.9
17,presence,concept,z_sd,10.24,YX,400,360,0,0.9
17,presence,concept,z_sd,20.48,XY,400,360,0,0.9
17,presence,concept,z_sd,20.48,YX,400,360,0,0.9
17,presence,dropout,alpha,0.25,XY,80,80,0,1.0
17,presence,dropout,alpha,0.25,YX,80,80,0,1.0
17,presence,dropout,alpha,0.5,XY,80,80,0,1.0
17,presence,dropout,alpha,0.5,YX,80,80,0,1.0
17,presence,dropout,alpha,1.0,XY,80,80,0,1.0
17,presence,dropout,alpha,1.0,YX,80,80,0,1.0
17,presence,dropout,alpha,2.0,XY,80,80,0,1.0
17,presence,dropout,alpha,2.0,YX,80,80,0,1.0
17,presence,dropout,alpha,4.0,XY,80,80,0,1.0
17,presence,dropout,alpha,4.0,YX,80,80,0,1.0
17,presence,dropout,alpha,8.0,XY,80,80,0,1.0
17,presence,dropout,alpha,8.0,YX,80,80,0,1.0
17,presence,dropout,alpha,16.0,XY,80,80,0,1.0
17,presence,dropout,alpha,16.0,YX,80,80,0,1.0
17,presence,dropout,alpha,32.0,XY,80,80,0,1.0
17,presence,dropout,alpha,32.0,YX,80,80,0,1.0
17,presence,dropout,alpha,64.0,XY,80,80,0,1.0
17,presence,dropout,alpha,64.0,YX,80,80,0,1.0
17,presence,dropout,alpha,128.0,XY,80,80,0,1.0
17,presence,dropout,alpha,128.0,YX,80,80,0,1.0
17,presence,dropout,z_mad,0.01,XY,80,80,0,1.0
17,presence,dropout,z_mad,0.01,YX,80,80,0,1.0
17,presence,dropout,z_mad,0.02,XY,80,80,0,1.0
17,presence,dropout,z_mad,0.02,YX,80,80,0,1.0
17,presence,dropout,z_mad,0.04,XY,80,80,0,1.0
17,presence,dropout,z_mad,0.04,YX,80,80,0,1.0
17,presence,dropout,z_mad,0.08,XY,80,80,0,1.0
17,presence,dropout,z_mad,0.08,YX,80,80,0,1.0
17,presence,dropout,z_mad,0.16,XY,80,80,0,1.0
17,presence,dropout,z_mad,0.16,YX,80,80,0,1.0
17,presence,dropout,z_mad,0.32,XY,80,80,0,1.0
17,presence,dropout,z_mad,0.32,YX,80,80,0,1.0
17,presence,dropout,z_mad,0.64,XY,80,80,0,1.0
17,presence,dropout,z_mad,0.64,YX,80,80,0,1.0
17,presence,dropout,z_mad,1.28,XY,80,80,0,1.0
17,presence,dropout,z_mad,1.28,YX,80,80,0,1.0
17,presence,dropout,z_mad,2.56,XY,80,80,0,1.0
17,presence,dropout,z_mad,2.56,YX,80,80,0,1.0
17,presence,dropout,z_mad,5.12,XY,80,80,0,1.0
17,presence,dropout,z_mad,5.12,YX,80,80,0,1.0
17,presence,dropout,z_mad,10.24,XY,80,80,0,1.0
17,presence,dropout,z_mad,10.24,YX,80,80,0,1.0
17,presence,dropout,z_mad,20.48,XY,80,80,0,1.0
17,presence,dropout,z_mad,20.48,YX,80,80,0,1.0
17,presence,dropout,z_sd,0.01,XY,80,80,0,1.0
17,presence,dropout,z_sd,0.01,YX,80,80,0,1.0
17,presence,dropout,z_sd,0.02,XY,80,80,0,1.0
17,presence,dropout,z_sd,0.02,YX,80,80,0,1.0
17,presence,dropout,z_sd,0.04,XY,80,80,0,1.0
17,presence,dropout,z_sd,0.04,YX,80,80,0,1.0
17,presence,dropout,z_sd,0.08,XY,80,80,0,1.0
17,presence,dropout,z_sd,0.08,YX,80,80,0,1.0
17,presence,dropout,z_sd,0.16,XY,80,80,0,1.0
17,presence,dropout,z_sd,0.16,YX,80,80,0,1.0
17,presence,dropout,z_sd,0.32,XY,80,80,0,1.0
17,presence,dropout,z_sd,0.32,YX,80,80,0,1.0
17,presence,dropout,z_sd,0.64,XY,80,80,0,1.0
17,presence,dropout,z_sd,0.64,YX,80,80,0,1.0
17,presence,dropout,z_sd,1.28,XY,80,80,0,1.0
17,presence,dropout,z_sd,1.28,YX,80,80,0,1.0
17,presence,dropout,z_sd,2.56,XY,80,80,0,1.0
17,presence,dropout,z_sd,2.56,YX,80,80,0,1.0
17,presence,dropout,z_sd,5.12,XY,80,80,0,1.0
17,presence,dropout,z_sd,5.12,YX,80,80,0,1.0
17,presence,dropout,z_sd,10.24,XY,80,80,0,1.0
17,presence,dropout,z_sd,10.24,YX,80,80,0,1.0
17,presence,dropout,z_sd,20.48,XY,80,80,0,1.0
17,presence,dropout,z_sd,20.48,YX,80,80,0,1.0
17,presence,noise,alpha,0.25,XY,80,80,0,1.0
17,presence,noise,alpha,0.25,YX,80,80,0,1.0
17,presence,noise,alpha,0.5,XY,80,80,0,1.0
17,presence,noise,alpha,0.5,YX,80,80,0,1.0
17,presence,noise,alpha,1.0,XY,80,80,0,1.0
17,presence,noise,alpha,1.0,YX,80,80,0,1.0
17,presence,noise,alpha,2.0,XY,80,80,0,1.0
17,presence,noise,alpha,2.0,YX,80,80,0,1.0
17,presence,noise,alpha,4.0,XY,80,80,0,1.0
17,presence,noise,alpha,4.0,YX,80,80,0,1.0
17,presence,noise,alpha,8.0,XY,80,80,0,1.0
17,presence,noise,alpha,8.0,YX,80,80,0,1.0
17,presence,noise,alpha,16.0,XY,80,80,0,1.0
17,presence,noise,alpha,16.0,YX,80,80,0,1.0
17,presence,noise,alpha,32.0,XY,80,80,0,1.0
17,presence,noise,alpha,32.0,YX,80,80,0,1.0
17,presence,noise,alpha,64.0,XY,80,80,0,1.0
17,presence,noise,alpha,64.0,YX,80,80,0,1.0
17,presence,noise,alpha,128.0,XY,80,80,0,1.0
17,presence,noise,alpha,128.0,YX,80,80,0,1.0
17,presence,noise,z_mad,0.01,XY,80,80,0,1.0
17,presence,noise,z_mad,0.01,YX,80,80,0,1.0
17,presence,noise,z_mad,0.02,XY,80,80,0,1.0
17,presence,noise,z_mad,0.02,YX,80,80,0,1.0
17,presence,noise,z_mad,0.04,XY,80,80,0,1.0
17,presence,noise,z_mad,0.04,YX,80,80,0,1.0
17,presence,noise,z_mad,0.08,XY,80,80,0,1.0
17,presence,noise,z_mad,0.08,YX,80,80,0,1.0
17,presence,noise,z_mad,0.16,XY,80,80,0,1.0
17,presence,noise,z_mad,0.16,YX,80,80,0,1.0
17,presence,noise,z_mad,0.32,XY,80,80,0,1.0
17,presence,noise,z_mad,0.32,YX,80,80,0,1.0
17,presence,noise,z_mad,0.64,XY,80,80,0,1.0
17,presence,noise,z_mad,0.64,YX,80,80,0,1.0
17,presence,noise,z_mad,1.28,XY,80,80,0,1.0
17,presence,noise,z_mad,1.28,YX,80,80,0,1.0
17,presence,noise,z_mad,2.56,XY,80,80,0,1.0
17,presence,noise,z_mad,2.56,YX,80,80,0,1.0
17,presence,noise,z_mad,5.12,XY,80,80,0,1.0
17,presence,noise,z_mad,5.12,YX,80,80,0,1.0
17,presence,noise,z_mad,10.24,XY,80,80,0,1.0
17,presence,noise,z_mad,10.24,YX,80,80,0,1.0
17,presence,noise,z_mad,20.48,XY,80,80,0,1.0
17,presence,noise,z_mad,20.48,YX,80,80,0,1.0
17,presence,noise,z_sd,0.01,XY,80,80,0,1.0
17,presence,noise,z_sd,0.01,YX,80,80,0,1.0
17,presence,noise,z_sd,0.02,XY,80,80,0,1.0
17,presence,noise,z_sd,0.02,YX,80,80,0,1.0
17,presence,noise,z_sd,0.04,XY,80,80,0,1.0
17,presence,noise,z_sd,0.04,YX,80,80,0,1.0
17,presence,noise,z_sd,0.08,XY,80,80,0,1.0
17,presence,noise,z_sd,0.08,YX,80,80,0,1.0
17,presence,noise,z_sd,0.16,XY,80,80,0,1.0
17,presence,noise,z_sd,0.16,YX,80,80,0,1.0
17,presence,noise,z_sd,0.32,XY,80,80,0,1.0
17,presence,noise,z_sd,0.32,YX,80,80,0,1.0
17,presence,noise,z_sd,0.64,XY,80,80,0,1.0
17,presence,noise,z_sd,0.64,YX,80,80,0,1.0
17,presence,noise,z_sd,1.28,XY,80,80,0,1.0
17,presence,noise,z_sd,1.28,YX,80,80,0,1.0
17,presence,noise,z_sd,2.56,XY,80,80,0,1.0
17,presence,noise,z_sd,2.56,YX,80,80,0,1.0
17,presence,noise,z_sd,5.12,XY,80,80,0,1.0
17,presence,noise,z_sd,5.12,YX,80,80,0,1.0
17,presence,noise,z_sd,10.24,XY,80,80,0,1.0
17,presence,noise,z_sd,10.24,YX,80,80,0,1.0
17,presence,noise,z_sd,20.48,XY,80,80,0,1.0
17,presence,noise,z_sd,20.48,YX,80,80,0,1.0
17,presence,random,alpha,0.25,XY,120,120,0,1.0
17,presence,random,alpha,0.25,YX,120,120,0,1.0
17,presence,random,alpha,0.5,XY,120,120,0,1.0
17,presence,random,alpha,0.5,YX,120,120,0,1.0
17,presence,random,alpha,1.0,XY,120,120,0,1.0
17,presence,random,alpha,1.0,YX,120,120,0,1.0
17,presence,random,alpha,2.0,XY,120,120,0,1.0
17,presence,random,alpha,2.0,YX,120,120,0,1.0
17,presence,random,alpha,4.0,XY,120,120,0,1.0
17,presence,random,alpha,4.0,YX,120,120,0,1.0
17,presence,random,alpha,8.0,XY,120,120,0,1.0
17,presence,random,alpha,8.0,YX,120,120,0,1.0
17,presence,random,alpha,16.0,XY,120,120,0,1.0
17,presence,random,alpha,16.0,YX,120,120,0,1.0
17,presence,random,alpha,32.0,XY,120,120,0,1.0
17,presence,random,alpha,32.0,YX,120,120,0,1.0
17,presence,random,alpha,64.0,XY,120,120,0,1.0
17,presence,random,alpha,64.0,YX,120,120,0,1.0
17,presence,random,alpha,128.0,XY,120,120,0,1.0
17,presence,random,alpha,128.0,YX,120,120,0,1.0
17,presence,random,z_mad,0.01,XY,120,120,0,1.0
17,presence,random,z_mad,0.01,YX,120,120,0,1.0
17,presence,random,z_mad,0.02,XY,120,120,0,1.0
17,presence,random,z_mad,0.02,YX,120,120,0,1.0
17,presence,random,z_mad,0.04,XY,120,120,0,1.0
17,presence,random,z_mad,0.04,YX,120,120,0,1.0
17,presence,random,z_mad,0.08,XY,120,120,0,1.0
17,presence,random,z_mad,0.08,YX,120,120,0,1.0
17,presence,random,z_mad,0.16,XY,120,120,0,1.0
17,presence,random,z_mad,0.16,YX,120,120,0,1.0
17,presence,random,z_mad,0.32,XY,120,120,0,1.0
17,presence,random,z_mad,0.32,YX,120,120,0,1.0
17,presence,random,z_mad,0.64,XY,120,120,0,1.0
17,presence,random,z_mad,0.64,YX,120,120,0,1.0
17,presence,random,z_mad,1.28,XY,120,120,0,1.0
17,presence,random,z_mad,1.28,YX,120,120,0,1.0
17,presence,random,z_mad,2.56,XY,120,120,0,1.0
17,presence,random,z_mad,2.56,YX,120,120,0,1.0
17,presence,random,z_mad,5.12,XY,120,120,0,1.0
17,presence,random,z_mad,5.12,YX,120,120,0,1.0
17,presence,random,z_mad,10.24,XY,120,120,0,1.0
17,presence,random,z_mad,10.24,YX,120,120,0,1.0
17,presence,random,z_mad,20.48,XY,120,120,0,1.0
17,presence,random,z_mad,20.48,YX,120,120,0,1.0
17,presence,random,z_sd,0.01,XY,120,120,0,1.0
17,presence,random,z_sd,0.01,YX,120,120,0,1.0
17,presence,random,z_sd,0.02,XY,120,120,0,1.0
17,presence,random,z_sd,0.02,YX,120,120,0,1.0
17,presence,random,z_sd,0.04,XY,120,120,0,1.0
17,presence,random,z_sd,0.04,YX,120,120,0,1.0
17,presence,random,z_sd,0.08,XY,120,120,0,1.0
17,presence,random,z_sd,0.08,YX,120,120,0,1.0
17,presence,random,z_sd,0.16,XY,120,120,0,1.0
17,presence,random,z_sd,0.16,YX,120,120,0,1.0
17,presence,random,z_sd,0.32,XY,120,120,0,1.0
17,presence,random,z_sd,0.32,YX,120,120,0,1.0
17,presence,random,z_sd,0.64,XY,120,120,0,1.0
17,presence,random,z_sd,0.64,YX,120,120,0,1.0
17,presence,random,z_sd,1.28,XY,120,120,0,1.0
17,presence,random,z_sd,1.28,YX,120,120,0,1.0
17,presence,random,z_sd,2.56,XY,120,120,0,1.0
17,presence,random,z_sd,2.56,YX,120,120,0,1.0
17,presence,random,z_sd,5.12,XY,120,120,0,1.0
17,presence,random,z_sd,5.12,YX,120,120,0,1.0
17,presence,random,z_sd,10.24,XY,120,120,0,1.0
17,presence,random,z_sd,10.24,YX,120,120,0,1.0
17,presence,random,z_sd,20.48,XY,120,120,0,1.0
17,presence,random,z_sd,20.48,YX,120,120,0,1.0
18,presence,concept,alpha,0.25,XY,400,400,0,1.0
18,presence,concept,alpha,0.25,YX,400,400,0,1.0
18,presence,concept,alpha,0.5,XY,400,400,0,1.0
18,presence,concept,alpha,0.5,YX,400,400,0,1.0
18,presence,concept,alpha,1.0,XY,400,400,0,1.0
18,presence,concept,alpha,1.0,YX,400,400,0,1.0
18,presence,concept,alpha,2.0,XY,400,400,0,1.0
18,presence,concept,alpha,2.0,YX,400,400,0,1.0
18,presence,concept,alpha,4.0,XY,400,400,0,1.0
18,presence,concept,alpha,4.0,YX,400,400,0,1.0
18,presence,concept,alpha,8.0,XY,400,400,0,1.0
18,presence,concept,alpha,8.0,YX,400,400,0,1.0
18,presence,concept,alpha,16.0,XY,400,400,0,1.0
18,presence,concept,alpha,16.0,YX,400,400,0,1.0
18,presence,concept,alpha,32.0,XY,400,400,0,1.0
18,presence,concept,alpha,32.0,YX,400,400,0,1.0
18,presence,concept,alpha,64.0,XY,400,400,0,1.0
18,presence,concept,alpha,64.0,YX,400,400,0,1.0
18,presence,concept,alpha,128.0,XY,400,400,0,1.0
18,presence,concept,alpha,128.0,YX,400,400,0,1.0
18,presence,concept,z_mad,0.01,XY,400,400,0,1.0
18,presence,concept,z_mad,0.01,YX,400,400,0,1.0
18,presence,concept,z_mad,0.02,XY,400,400,0,1.0
18,presence,concept,z_mad,0.02,YX,400,400,0,1.0
18,presence,concept,z_mad,0.04,XY,400,400,0,1.0
18,presence,concept,z_mad,0.04,YX,400,400,0,1.0
18,presence,concept,z_mad,0.08,XY,400,400,0,1.0
18,presence,concept,z_mad,0.08,YX,400,400,0,1.0
18,presence,concept,z_mad,0.16,XY,400,400,0,1.0
18,presence,concept,z_mad,0.16,YX,400,400,0,1.0
18,presence,concept,z_mad,0.32,XY,400,400,0,1.0
18,presence,concept,z_mad,0.32,YX,400,400,0,1.0
18,presence,concept,z_mad,0.64,XY,400,400,0,1.0
18,presence,concept,z_mad,0.64,YX,400,400,0,1.0
18,presence,concept,z_mad,1.28,XY,400,400,0,1.0
18,presence,concept,z_mad,1.28,YX,400,400,0,1.0
18,presence,concept,z_mad,2.56,XY,400,400,0,1.0
18,presence,concept,z_mad,2.56,YX,400,400,0,1.0
18,presence,concept,z_mad,5.12,XY,400,400,0,1.0
18,presence,concept,z_mad,5.12,YX,400,400,0,1.0
18,presence,concept,z_mad,10.24,XY,400,400,0,1.0
18,presence,concept,z_mad,10.24,YX,400,400,0,1.0
18,presence,concept,z_mad,20.48,XY,400,400,0,1.0
18,presence,concept,z_mad,20.48,YX,400,400,0,1.0
18,presence,concept,z_sd,0.01,XY,400,400,0,1.0
18,presence,concept,z_sd,0.01,YX,400,400,0,1.0
18,presence,concept,z_sd,0.02,XY,400,400,0,1.0
18,presence,concept,z_sd,0.02,YX,400,400,0,1.0
18,presence,concept,z_sd,0.04,XY,400,400,0,1.0
18,presence,concept,z_sd,0.04,YX,400,400,0,1.0
18,presence,concept,z_sd,0.08,XY,400,400,0,1.0
18,presence,concept,z_sd,0.08,YX,400,400,0,1.0
18,presence,concept,z_sd,0.16,XY,400,400,0,1.0
18,presence,concept,z_sd,0.16,YX,400,400,0,1.0
18,presence,concept,z_sd,0.32,XY,400,400,0,1.0
18,presence,concept,z_sd,0.32,YX,400,400,0,1.0
18,presence,concept,z_sd,0.64,XY,400,400,0,1.0
18,presence,concept,z_sd,0.64,YX,400,400,0,1.0
18,presence,concept,z_sd,1.28,XY,400,400,0,1.0
18,presence,concept,z_sd,1.28,YX,400,400,0,1.0
18,presence,concept,z_sd,2.56,XY,400,400,0,1.0
18,presence,concept,z_sd,2.56,YX,400,400,0,1.0
18,presence,concept,z_sd,5.12,XY,400,400,0,1.0
18,presence,concept,z_sd,5.12,YX,400,400,0,1.0
18,presence,concept,z_sd,10.24,XY,400,397,0,0.9925
18,presence,concept,z_sd,10.24,YX,400,396,0,0.99
18,presence,concept,z_sd,20.48,XY,400,393,0,0.9825
18,presence,concept,z_sd,20.48,YX,400,388,0,0.97
18,presence,dropout,alpha,0.25,XY,80,80,0,1.0
18,presence,dropout,alpha,0.25,YX,80,80,0,1.0
18,presence,dropout,alpha,0.5,XY,80,80,0,1.0
18,presence,dropout,alpha,0.5,YX,80,80,0,1.0
18,presence,dropout,alpha,1.0,XY,80,80,0,1.0
18,presence,dropout,alpha,1.0,YX,80,80,0,1.0
18,presence,dropout,alpha,2.0,XY,80,80,0,1.0
18,presence,dropout,alpha,2.0,YX,80,80,0,1.0
18,presence,dropout,alpha,4.0,XY,80,80,0,1.0
18,presence,dropout,alpha,4.0,YX,80,80,0,1.0
18,presence,dropout,alpha,8.0,XY,80,80,0,1.0
18,presence,dropout,alpha,8.0,YX,80,80,0,1.0
18,presence,dropout,alpha,16.0,XY,80,80,0,1.0
18,presence,dropout,alpha,16.0,YX,80,80,0,1.0
18,presence,dropout,alpha,32.0,XY,80,80,0,1.0
18,presence,dropout,alpha,32.0,YX,80,80,0,1.0
18,presence,dropout,alpha,64.0,XY,80,80,0,1.0
18,presence,dropout,alpha,64.0,YX,80,80,0,1.0
18,presence,dropout,alpha,128.0,XY,80,80,0,1.0
18,presence,dropout,alpha,128.0,YX,80,80,0,1.0
18,presence,dropout,z_mad,0.01,XY,80,80,0,1.0
18,presence,dropout,z_mad,0.01,YX,80,80,0,1.0
18,presence,dropout,z_mad,0.02,XY,80,80,0,1.0
18,presence,dropout,z_mad,0.02,YX,80,80,0,1.0
18,presence,dropout,z_mad,0.04,XY,80,80,0,1.0
18,presence,dropout,z_mad,0.04,YX,80,80,0,1.0
18,presence,dropout,z_mad,0.08,XY,80,80,0,1.0
18,presence,dropout,z_mad,0.08,YX,80,80,0,1.0
18,presence,dropout,z_mad,0.16,XY,80,80,0,1.0
18,presence,dropout,z_mad,0.16,YX,80,80,0,1.0
18,presence,dropout,z_mad,0.32,XY,80,80,0,1.0
18,presence,dropout,z_mad,0.32,YX,80,80,0,1.0
18,presence,dropout,z_mad,0.64,XY,80,80,0,1.0
18,presence,dropout,z_mad,0.64,YX,80,80,0,1.0
18,presence,dropout,z_mad,1.28,XY,80,80,0,1.0
18,presence,dropout,z_mad,1.28,YX,80,80,0,1.0
18,presence,dropout,z_mad,2.56,XY,80,80,0,1.0
18,presence,dropout,z_mad,2.56,YX,80,80,0,1.0
18,presence,dropout,z_mad,5.12,XY,80,80,0,1.0
18,presence,dropout,z_mad,5.12,YX,80,80,0,1.0
18,presence,dropout,z_mad,10.24,XY,80,80,0,1.0
18,presence,dropout,z_mad,10.24,YX,80,80,0,1.0
18,presence,dropout,z_mad,20.48,XY,80,80,0,1.0
18,presence,dropout,z_mad,20.48,YX,80,80,0,1.0
18,presence,dropout,z_sd,0.01,XY,80,80,0,1.0
18,presence,dropout,z_sd,0.01,YX,80,80,0,1.0
18,presence,dropout,z_sd,0.02,XY,80,80,0,1.0
18,presence,dropout,z_sd,0.02,YX,80,80,0,1.0
18,presence,dropout,z_sd,0.04,XY,80,80,0,1.0
18,presence,dropout,z_sd,0.04,YX,80,80,0,1.0
18,presence,dropout,z_sd,0.08,XY,80,80,0,1.0
18,presence,dropout,z_sd,0.08,YX,80,80,0,1.0
18,presence,dropout,z_sd,0.16,XY,80,80,0,1.0
18,presence,dropout,z_sd,0.16,YX,80,80,0,1.0
18,presence,dropout,z_sd,0.32,XY,80,80,0,1.0
18,presence,dropout,z_sd,0.32,YX,80,80,0,1.0
18,presence,dropout,z_sd,0.64,XY,80,80,0,1.0
18,presence,dropout,z_sd,0.64,YX,80,80,0,1.0
18,presence,dropout,z_sd,1.28,XY,80,80,0,1.0
18,presence,dropout,z_sd,1.28,YX,80,80,0,1.0
18,presence,dropout,z_sd,2.56,XY,80,80,0,1.0
18,presence,dropout,z_sd,2.56,YX,80,80,0,1.0
18,presence,dropout,z_sd,5.12,XY,80,80,0,1.0
18,presence,dropout,z_sd,5.12,YX,80,80,0,1.0
18,presence,dropout,z_sd,10.24,XY,80,80,0,1.0
18,presence,dropout,z_sd,10.24,YX,80,80,0,1.0
18,presence,dropout,z_sd,20.48,XY,80,80,0,1.0
18,presence,dropout,z_sd,20.48,YX,80,80,0,1.0
18,presence,noise,alpha,0.25,XY,80,80,0,1.0
18,presence,noise,alpha,0.25,YX,80,80,0,1.0
18,presence,noise,alpha,0.5,XY,80,80,0,1.0
18,presence,noise,alpha,0.5,YX,80,80,0,1.0
18,presence,noise,alpha,1.0,XY,80,80,0,1.0
18,presence,noise,alpha,1.0,YX,80,80,0,1.0
18,presence,noise,alpha,2.0,XY,80,80,0,1.0
18,presence,noise,alpha,2.0,YX,80,80,0,1.0
18,presence,noise,alpha,4.0,XY,80,80,0,1.0
18,presence,noise,alpha,4.0,YX,80,80,0,1.0
18,presence,noise,alpha,8.0,XY,80,80,0,1.0
18,presence,noise,alpha,8.0,YX,80,80,0,1.0
18,presence,noise,alpha,16.0,XY,80,80,0,1.0
18,presence,noise,alpha,16.0,YX,80,80,0,1.0
18,presence,noise,alpha,32.0,XY,80,80,0,1.0
18,presence,noise,alpha,32.0,YX,80,80,0,1.0
18,presence,noise,alpha,64.0,XY,80,80,0,1.0
18,presence,noise,alpha,64.0,YX,80,80,0,1.0
18,presence,noise,alpha,128.0,XY,80,80,0,1.0
18,presence,noise,alpha,128.0,YX,80,80,0,1.0
18,presence,noise,z_mad,0.01,XY,80,80,0,1.0
18,presence,noise,z_mad,0.01,YX,80,80,0,1.0
18,presence,noise,z_mad,0.02,XY,80,80,0,1.0
18,presence,noise,z_mad,0.02,YX,80,80,0,1.0
18,presence,noise,z_mad,0.04,XY,80,80,0,1.0
18,presence,noise,z_mad,0.04,YX,80,80,0,1.0
18,presence,noise,z_mad,0.08,XY,80,80,0,1.0
18,presence,noise,z_mad,0.08,YX,80,80,0,1.0
18,presence,noise,z_mad,0.16,XY,80,80,0,1.0
18,presence,noise,z_mad,0.16,YX,80,80,0,1.0
18,presence,noise,z_mad,0.32,XY,80,80,0,1.0
18,presence,noise,z_mad,0.32,YX,80,80,0,1.0
18,presence,noise,z_mad,0.64,XY,80,80,0,1.0
18,presence,noise,z_mad,0.64,YX,80,80,0,1.0
18,presence,noise,z_mad,1.28,XY,80,80,0,1.0
18,presence,noise,z_mad,1.28,YX,80,80,0,1.0
18,presence,noise,z_mad,2.56,XY,80,80,0,1.0
18,presence,noise,z_mad,2.56,YX,80,80,0,1.0
18,presence,noise,z_mad,5.12,XY,80,80,0,1.0
18,presence,noise,z_mad,5.12,YX,80,80,0,1.0
18,presence,noise,z_mad,10.24,XY,80,80,0,1.0
18,presence,noise,z_mad,10.24,YX,80,80,0,1.0
18,presence,noise,z_mad,20.48,XY,80,80,0,1.0
18,presence,noise,z_mad,20.48,YX,80,80,0,1.0
18,presence,noise,z_sd,0.01,XY,80,80,0,1.0
18,presence,noise,z_sd,0.01,YX,80,80,0,1.0
18,presence,noise,z_sd,0.02,XY,80,80,0,1.0
18,presence,noise,z_sd,0.02,YX,80,80,0,1.0
18,presence,noise,z_sd,0.04,XY,80,80,0,1.0
18,presence,noise,z_sd,0.04,YX,80,80,0,1.0
18,presence,noise,z_sd,0.08,XY,80,80,0,1.0
18,presence,noise,z_sd,0.08,YX,80,80,0,1.0
18,presence,noise,z_sd,0.16,XY,80,80,0,1.0
18,presence,noise,z_sd,0.16,YX,80,80,0,1.0
18,presence,noise,z_sd,0.32,XY,80,80,0,1.0
18,presence,noise,z_sd,0.32,YX,80,80,0,1.0
18,presence,noise,z_sd,0.64,XY,80,80,0,1.0
18,presence,noise,z_sd,0.64,YX,80,80,0,1.0
18,presence,noise,z_sd,1.28,XY,80,80,0,1.0
18,presence,noise,z_sd,1.28,YX,80,80,0,1.0
18,presence,noise,z_sd,2.56,XY,80,80,0,1.0
18,presence,noise,z_sd,2.56,YX,80,80,0,1.0
18,presence,noise,z_sd,5.12,XY,80,80,0,1.0
18,presence,noise,z_sd,5.12,YX,80,80,0,1.0
18,presence,noise,z_sd,10.24,XY,80,80,0,1.0
18,presence,noise,z_sd,10.24,YX,80,80,0,1.0
18,presence,noise,z_sd,20.48,XY,80,80,0,1.0
18,presence,noise,z_sd,20.48,YX,80,80,0,1.0
18,presence,random,alpha,0.25,XY,120,120,0,1.0
18,presence,random,alpha,0.25,YX,120,120,0,1.0
18,presence,random,alpha,0.5,XY,120,120,0,1.0
18,presence,random,alpha,0.5,YX,120,120,0,1.0
18,presence,random,alpha,1.0,XY,120,120,0,1.0
18,presence,random,alpha,1.0,YX,120,120,0,1.0
18,presence,random,alpha,2.0,XY,120,120,0,1.0
18,presence,random,alpha,2.0,YX,120,120,0,1.0
18,presence,random,alpha,4.0,XY,120,120,0,1.0
18,presence,random,alpha,4.0,YX,120,120,0,1.0
18,presence,random,alpha,8.0,XY,120,120,0,1.0
18,presence,random,alpha,8.0,YX,120,120,0,1.0
18,presence,random,alpha,16.0,XY,120,120,0,1.0
18,presence,random,alpha,16.0,YX,120,120,0,1.0
18,presence,random,alpha,32.0,XY,120,120,0,1.0
18,presence,random,alpha,32.0,YX,120,120,0,1.0
18,presence,random,alpha,64.0,XY,120,120,0,1.0
18,presence,random,alpha,64.0,YX,120,120,0,1.0
18,presence,random,alpha,128.0,XY,120,120,0,1.0
18,presence,random,alpha,128.0,YX,120,120,0,1.0
18,presence,random,z_mad,0.01,XY,120,120,0,1.0
18,presence,random,z_mad,0.01,YX,120,120,0,1.0
18,presence,random,z_mad,0.02,XY,120,120,0,1.0
18,presence,random,z_mad,0.02,YX,120,120,0,1.0
18,presence,random,z_mad,0.04,XY,120,120,0,1.0
18,presence,random,z_mad,0.04,YX,120,120,0,1.0
18,presence,random,z_mad,0.08,XY,120,120,0,1.0
18,presence,random,z_mad,0.08,YX,120,120,0,1.0
18,presence,random,z_mad,0.16,XY,120,120,0,1.0
18,presence,random,z_mad,0.16,YX,120,120,0,1.0
18,presence,random,z_mad,0.32,XY,120,120,0,1.0
18,presence,random,z_mad,0.32,YX,120,120,0,1.0
18,presence,random,z_mad,0.64,XY,120,120,0,1.0
18,presence,random,z_mad,0.64,YX,120,120,0,1.0
18,presence,random,z_mad,1.28,XY,120,120,0,1.0
18,presence,random,z_mad,1.28,YX,120,120,0,1.0
18,presence,random,z_mad,2.56,XY,120,120,0,1.0
18,presence,random,z_mad,2.56,YX,120,120,0,1.0
18,presence,random,z_mad,5.12,XY,120,120,0,1.0
18,presence,random,z_mad,5.12,YX,120,120,0,1.0
18,presence,random,z_mad,10.24,XY,120,120,0,1.0
18,presence,random,z_mad,10.24,YX,120,120,0,1.0
18,presence,random,z_mad,20.48,XY,120,120,0,1.0
18,presence,random,z_mad,20.48,YX,120,120,0,1.0
18,presence,random,z_sd,0.01,XY,120,120,0,1.0
18,presence,random,z_sd,0.01,YX,120,120,0,1.0
18,presence,random,z_sd,0.02,XY,120,120,0,1.0
18,presence,random,z_sd,0.02,YX,120,120,0,1.0
18,presence,random,z_sd,0.04,XY,120,120,0,1.0
18,presence,random,z_sd,0.04,YX,120,120,0,1.0
18,presence,random,z_sd,0.08,XY,120,120,0,1.0
18,presence,random,z_sd,0.08,YX,120,120,0,1.0
18,presence,random,z_sd,0.16,XY,120,120,0,1.0
18,presence,random,z_sd,0.16,YX,120,120,0,1.0
18,presence,random,z_sd,0.32,XY,120,120,0,1.0
18,presence,random,z_sd,0.32,YX,120,120,0,1.0
18,presence,random,z_sd,0.64,XY,120,120,0,1.0
18,presence,random,z_sd,0.64,YX,120,120,0,1.0
18,presence,random,z_sd,1.28,XY,120,120,0,1.0
18,presence,random,z_sd,1.28,YX,120,120,0,1.0
18,presence,random,z_sd,2.56,XY,120,120,0,1.0
18,presence,random,z_sd,2.56,YX,120,120,0,1.0
18,presence,random,z_sd,5.12,XY,120,120,0,1.0
18,presence,random,z_sd,5.12,YX,120,120,0,1.0
18,presence,random,z_sd,10.24,XY,120,120,0,1.0
18,presence,random,z_sd,10.24,YX,120,120,0,1.0
18,presence,random,z_sd,20.48,XY,120,120,0,1.0
18,presence,random,z_sd,20.48,YX,120,120,0,1.0
19,presence,concept,alpha,0.25,XY,400,400,0,1.0
19,presence,concept,alpha,0.25,YX,400,400,0,1.0
19,presence,concept,alpha,0.5,XY,400,400,0,1.0
19,presence,concept,alpha,0.5,YX,400,400,0,1.0
19,presence,concept,alpha,1.0,XY,400,400,0,1.0
19,presence,concept,alpha,1.0,YX,400,400,0,1.0
19,presence,concept,alpha,2.0,XY,400,400,0,1.0
19,presence,concept,alpha,2.0,YX,400,400,0,1.0
19,presence,concept,alpha,4.0,XY,400,400,0,1.0
19,presence,concept,alpha,4.0,YX,400,400,0,1.0
19,presence,concept,alpha,8.0,XY,400,400,0,1.0
19,presence,concept,alpha,8.0,YX,400,400,0,1.0
19,presence,concept,alpha,16.0,XY,400,400,0,1.0
19,presence,concept,alpha,16.0,YX,400,400,0,1.0
19,presence,concept,alpha,32.0,XY,400,400,0,1.0
19,presence,concept,alpha,32.0,YX,400,400,0,1.0
19,presence,concept,alpha,64.0,XY,400,400,0,1.0
19,presence,concept,alpha,64.0,YX,400,400,0,1.0
19,presence,concept,alpha,128.0,XY,400,400,0,1.0
19,presence,concept,alpha,128.0,YX,400,400,0,1.0
19,presence,concept,z_mad,0.01,XY,400,400,0,1.0
19,presence,concept,z_mad,0.01,YX,400,400,0,1.0
19,presence,concept,z_mad,0.02,XY,400,400,0,1.0
19,presence,concept,z_mad,0.02,YX,400,400,0,1.0
19,presence,concept,z_mad,0.04,XY,400,400,0,1.0
19,presence,concept,z_mad,0.04,YX,400,400,0,1.0
19,presence,concept,z_mad,0.08,XY,400,400,0,1.0
19,presence,concept,z_mad,0.08,YX,400,400,0,1.0
19,presence,concept,z_mad,0.16,XY,400,400,0,1.0
19,presence,concept,z_mad,0.16,YX,400,400,0,1.0
19,presence,concept,z_mad,0.32,XY,400,400,0,1.0
19,presence,concept,z_mad,0.32,YX,400,400,0,1.0
19,presence,concept,z_mad,0.64,XY,400,400,0,1.0
19,presence,concept,z_mad,0.64,YX,400,400,0,1.0
19,presence,concept,z_mad,1.28,XY,400,400,0,1.0
19,presence,concept,z_mad,1.28,YX,400,400,0,1.0
19,presence,concept,z_mad,2.56,XY,400,400,0,1.0
19,presence,concept,z_mad,2.56,YX,400,400,0,1.0
19,presence,concept,z_mad,5.12,XY,400,400,0,1.0
19,presence,concept,z_mad,5.12,YX,400,400,0,1.0
19,presence,concept,z_mad,10.24,XY,400,400,0,1.0
19,presence,concept,z_mad,10.24,YX,400,400,0,1.0
19,presence,concept,z_mad,20.48,XY,400,400,0,1.0
19,presence,concept,z_mad,20.48,YX,400,400,0,1.0
19,presence,concept,z_sd,0.01,XY,400,400,0,1.0
19,presence,concept,z_sd,0.01,YX,400,400,0,1.0
19,presence,concept,z_sd,0.02,XY,400,400,0,1.0
19,presence,concept,z_sd,0.02,YX,400,400,0,1.0
19,presence,concept,z_sd,0.04,XY,400,400,0,1.0
19,presence,concept,z_sd,0.04,YX,400,400,0,1.0
19,presence,concept,z_sd,0.08,XY,400,400,0,1.0
19,presence,concept,z_sd,0.08,YX,400,400,0,1.0
19,presence,concept,z_sd,0.16,XY,400,400,0,1.0
19,presence,concept,z_sd,0.16,YX,400,400,0,1.0
19,presence,concept,z_sd,0.32,XY,400,400,0,1.0
19,presence,concept,z_sd,0.32,YX,400,400,0,1.0
19,presence,concept,z_sd,0.64,XY,400,400,0,1.0
19,presence,concept,z_sd,0.64,YX,400,400,0,1.0
19,presence,concept,z_sd,1.28,XY,400,400,0,1.0
19,presence,concept,z_sd,1.28,YX,400,400,0,1.0
19,presence,concept,z_sd,2.56,XY,400,383,0,0.9575
19,presence,concept,z_sd,2.56,YX,400,361,0,0.9025
19,presence,concept,z_sd,5.12,XY,400,360,0,0.9
19,presence,concept,z_sd,5.12,YX,400,360,0,0.9
19,presence,concept,z_sd,10.24,XY,400,360,0,0.9
19,presence,concept,z_sd,10.24,YX,400,360,0,0.9
19,presence,concept,z_sd,20.48,XY,400,360,0,0.9
19,presence,concept,z_sd,20.48,YX,400,360,0,0.9
19,presence,dropout,alpha,0.25,XY,80,80,0,1.0
19,presence,dropout,alpha,0.25,YX,80,80,0,1.0
19,presence,dropout,alpha,0.5,XY,80,80,0,1.0
19,presence,dropout,alpha,0.5,YX,80,80,0,1.0
19,presence,dropout,alpha,1.0,XY,80,80,0,1.0
19,presence,dropout,alpha,1.0,YX,80,80,0,1.0
19,presence,dropout,alpha,2.0,XY,80,80,0,1.0
19,presence,dropout,alpha,2.0,YX,80,80,0,1.0
19,presence,dropout,alpha,4.0,XY,80,80,0,1.0
19,presence,dropout,alpha,4.0,YX,80,80,0,1.0
19,presence,dropout,alpha,8.0,XY,80,80,0,1.0
19,presence,dropout,alpha,8.0,YX,80,80,0,1.0
19,presence,dropout,alpha,16.0,XY,80,80,0,1.0
19,presence,dropout,alpha,16.0,YX,80,80,0,1.0
19,presence,dropout,alpha,32.0,XY,80,80,0,1.0
19,presence,dropout,alpha,32.0,YX,80,80,0,1.0
19,presence,dropout,alpha,64.0,XY,80,80,0,1.0
19,presence,dropout,alpha,64.0,YX,80,80,0,1.0
19,presence,dropout,alpha,128.0,XY,80,79,0,0.9875
19,presence,dropout,alpha,128.0,YX,80,80,0,1.0
19,presence,dropout,z_mad,0.01,XY,80,80,0,1.0
19,presence,dropout,z_mad,0.01,YX,80,80,0,1.0
19,presence,dropout,z_mad,0.02,XY,80,80,0,1.0
19,presence,dropout,z_mad,0.02,YX,80,80,0,1.0
19,presence,dropout,z_mad,0.04,XY,80,80,0,1.0
19,presence,dropout,z_mad,0.04,YX,80,80,0,1.0
19,presence,dropout,z_mad,0.08,XY,80,80,0,1.0
19,presence,dropout,z_mad,0.08,YX,80,80,0,1.0
19,presence,dropout,z_mad,0.16,XY,80,80,0,1.0
19,presence,dropout,z_mad,0.16,YX,80,80,0,1.0
19,presence,dropout,z_mad,0.32,XY,80,80,0,1.0
19,presence,dropout,z_mad,0.32,YX,80,80,0,1.0
19,presence,dropout,z_mad,0.64,XY,80,80,0,1.0
19,presence,dropout,z_mad,0.64,YX,80,80,0,1.0
19,presence,dropout,z_mad,1.28,XY,80,80,0,1.0
19,presence,dropout,z_mad,1.28,YX,80,80,0,1.0
19,presence,dropout,z_mad,2.56,XY,80,80,0,1.0
19,presence,dropout,z_mad,2.56,YX,80,80,0,1.0
19,presence,dropout,z_mad,5.12,XY,80,80,0,1.0
19,presence,dropout,z_mad,5.12,YX,80,80,0,1.0
19,presence,dropout,z_mad,10.24,XY,80,80,0,1.0
19,presence,dropout,z_mad,10.24,YX,80,80,0,1.0
19,presence,dropout,z_mad,20.48,XY,80,80,0,1.0
19,presence,dropout,z_mad,20.48,YX,80,80,0,1.0
19,presence,dropout,z_sd,0.01,XY,80,80,0,1.0
19,presence,dropout,z_sd,0.01,YX,80,80,0,1.0
19,presence,dropout,z_sd,0.02,XY,80,80,0,1.0
19,presence,dropout,z_sd,0.02,YX,80,80,0,1.0
19,presence,dropout,z_sd,0.04,XY,80,80,0,1.0
19,presence,dropout,z_sd,0.04,YX,80,80,0,1.0
19,presence,dropout,z_sd,0.08,XY,80,80,0,1.0
19,presence,dropout,z_sd,0.08,YX,80,80,0,1.0
19,presence,dropout,z_sd,0.16,XY,80,80,0,1.0
19,presence,dropout,z_sd,0.16,YX,80,80,0,1.0
19,presence,dropout,z_sd,0.32,XY,80,80,0,1.0
19,presence,dropout,z_sd,0.32,YX,80,80,0,1.0
19,presence,dropout,z_sd,0.64,XY,80,80,0,1.0
19,presence,dropout,z_sd,0.64,YX,80,80,0,1.0
19,presence,dropout,z_sd,1.28,XY,80,80,0,1.0
19,presence,dropout,z_sd,1.28,YX,80,80,0,1.0
19,presence,dropout,z_sd,2.56,XY,80,80,0,1.0
19,presence,dropout,z_sd,2.56,YX,80,80,0,1.0
19,presence,dropout,z_sd,5.12,XY,80,80,0,1.0
19,presence,dropout,z_sd,5.12,YX,80,80,0,1.0
19,presence,dropout,z_sd,10.24,XY,80,80,0,1.0
19,presence,dropout,z_sd,10.24,YX,80,80,0,1.0
19,presence,dropout,z_sd,20.48,XY,80,80,0,1.0
19,presence,dropout,z_sd,20.48,YX,80,80,0,1.0
19,presence,noise,alpha,0.25,XY,80,80,0,1.0
19,presence,noise,alpha,0.25,YX,80,80,0,1.0
19,presence,noise,alpha,0.5,XY,80,80,0,1.0
19,presence,noise,alpha,0.5,YX,80,80,0,1.0
19,presence,noise,alpha,1.0,XY,80,80,0,1.0
19,presence,noise,alpha,1.0,YX,80,80,0,1.0
19,presence,noise,alpha,2.0,XY,80,80,0,1.0
19,presence,noise,alpha,2.0,YX,80,80,0,1.0
19,presence,noise,alpha,4.0,XY,80,80,0,1.0
19,presence,noise,alpha,4.0,YX,80,80,0,1.0
19,presence,noise,alpha,8.0,XY,80,80,0,1.0
19,presence,noise,alpha,8.0,YX,80,80,0,1.0
19,presence,noise,alpha,16.0,XY,80,80,0,1.0
19,presence,noise,alpha,16.0,YX,80,80,0,1.0
19,presence,noise,alpha,32.0,XY,80,80,0,1.0
19,presence,noise,alpha,32.0,YX,80,80,0,1.0
19,presence,noise,alpha,64.0,XY,80,80,0,1.0
19,presence,noise,alpha,64.0,YX,80,80,0,1.0
19,presence,noise,alpha,128.0,XY,80,80,0,1.0
19,presence,noise,alpha,128.0,YX,80,80,0,1.0
19,presence,noise,z_mad,0.01,XY,80,80,0,1.0
19,presence,noise,z_mad,0.01,YX,80,80,0,1.0
19,presence,noise,z_mad,0.02,XY,80,80,0,1.0
19,presence,noise,z_mad,0.02,YX,80,80,0,1.0
19,presence,noise,z_mad,0.04,XY,80,80,0,1.0
19,presence,noise,z_mad,0.04,YX,80,80,0,1.0
19,presence,noise,z_mad,0.08,XY,80,80,0,1.0
19,presence,noise,z_mad,0.08,YX,80,80,0,1.0
19,presence,noise,z_mad,0.16,XY,80,80,0,1.0
19,presence,noise,z_mad,0.16,YX,80,80,0,1.0
19,presence,noise,z_mad,0.32,XY,80,80,0,1.0
19,presence,noise,z_mad,0.32,YX,80,80,0,1.0
19,presence,noise,z_mad,0.64,XY,80,80,0,1.0
19,presence,noise,z_mad,0.64,YX,80,80,0,1.0
19,presence,noise,z_mad,1.28,XY,80,80,0,1.0
19,presence,noise,z_mad,1.28,YX,80,80,0,1.0
19,presence,noise,z_mad,2.56,XY,80,80,0,1.0
19,presence,noise,z_mad,2.56,YX,80,80,0,1.0
19,presence,noise,z_mad,5.12,XY,80,80,0,1.0
19,presence,noise,z_mad,5.12,YX,80,80,0,1.0
19,presence,noise,z_mad,10.24,XY,80,80,0,1.0
19,presence,noise,z_mad,10.24,YX,80,80,0,1.0
19,presence,noise,z_mad,20.48,XY,80,80,0,1.0
19,presence,noise,z_mad,20.48,YX,80,80,0,1.0
19,presence,noise,z_sd,0.01,XY,80,80,0,1.0
19,presence,noise,z_sd,0.01,YX,80,80,0,1.0
19,presence,noise,z_sd,0.02,XY,80,80,0,1.0
19,presence,noise,z_sd,0.02,YX,80,80,0,1.0
19,presence,noise,z_sd,0.04,XY,80,80,0,1.0
19,presence,noise,z_sd,0.04,YX,80,80,0,1.0
19,presence,noise,z_sd,0.08,XY,80,80,0,1.0
19,presence,noise,z_sd,0.08,YX,80,80,0,1.0
19,presence,noise,z_sd,0.16,XY,80,80,0,1.0
19,presence,noise,z_sd,0.16,YX,80,80,0,1.0
19,presence,noise,z_sd,0.32,XY,80,80,0,1.0
19,presence,noise,z_sd,0.32,YX,80,80,0,1.0
19,presence,noise,z_sd,0.64,XY,80,80,0,1.0
19,presence,noise,z_sd,0.64,YX,80,80,0,1.0
19,presence,noise,z_sd,1.28,XY,80,80,0,1.0
19,presence,noise,z_sd,1.28,YX,80,80,0,1.0
19,presence,noise,z_sd,2.56,XY,80,80,0,1.0
19,presence,noise,z_sd,2.56,YX,80,80,0,1.0
19,presence,noise,z_sd,5.12,XY,80,80,0,1.0
19,presence,noise,z_sd,5.12,YX,80,80,0,1.0
19,presence,noise,z_sd,10.24,XY,80,80,0,1.0
19,presence,noise,z_sd,10.24,YX,80,80,0,1.0
19,presence,noise,z_sd,20.48,XY,80,80,0,1.0
19,presence,noise,z_sd,20.48,YX,80,80,0,1.0
19,presence,random,alpha,0.25,XY,120,120,0,1.0
19,presence,random,alpha,0.25,YX,120,120,0,1.0
19,presence,random,alpha,0.5,XY,120,120,0,1.0
19,presence,random,alpha,0.5,YX,120,120,0,1.0
19,presence,random,alpha,1.0,XY,120,120,0,1.0
19,presence,random,alpha,1.0,YX,120,120,0,1.0
19,presence,random,alpha,2.0,XY,120,120,0,1.0
19,presence,random,alpha,2.0,YX,120,120,0,1.0
19,presence,random,alpha,4.0,XY,120,120,0,1.0
19,presence,random,alpha,4.0,YX,120,120,0,1.0
19,presence,random,alpha,8.0,XY,120,120,0,1.0
19,presence,random,alpha,8.0,YX,120,120,0,1.0
19,presence,random,alpha,16.0,XY,120,120,0,1.0
19,presence,random,alpha,16.0,YX,120,120,0,1.0
19,presence,random,alpha,32.0,XY,120,120,0,1.0
19,presence,random,alpha,32.0,YX,120,120,0,1.0
19,presence,random,alpha,64.0,XY,120,120,0,1.0
19,presence,random,alpha,64.0,YX,120,120,0,1.0
19,presence,random,alpha,128.0,XY,120,120,0,1.0
19,presence,random,alpha,128.0,YX,120,120,0,1.0
19,presence,random,z_mad,0.01,XY,120,120,0,1.0
19,presence,random,z_mad,0.01,YX,120,120,0,1.0
19,presence,random,z_mad,0.02,XY,120,120,0,1.0
19,presence,random,z_mad,0.02,YX,120,120,0,1.0
19,presence,random,z_mad,0.04,XY,120,120,0,1.0
19,presence,random,z_mad,0.04,YX,120,120,0,1.0
19,presence,random,z_mad,0.08,XY,120,120,0,1.0
19,presence,random,z_mad,0.08,YX,120,120,0,1.0
19,presence,random,z_mad,0.16,XY,120,120,0,1.0
19,presence,random,z_mad,0.16,YX,120,120,0,1.0
19,presence,random,z_mad,0.32,XY,120,120,0,1.0
19,presence,random,z_mad,0.32,YX,120,120,0,1.0
19,presence,random,z_mad,0.64,XY,120,120,0,1.0
19,presence,random,z_mad,0.64,YX,120,120,0,1.0
19,presence,random,z_mad,1.28,XY,120,120,0,1.0
19,presence,random,z_mad,1.28,YX,120,120,0,1.0
19,presence,random,z_mad,2.56,XY,120,120,0,1.0
19,presence,random,z_mad,2.56,YX,120,120,0,1.0
19,presence,random,z_mad,5.12,XY,120,120,0,1.0
19,presence,random,z_mad,5.12,YX,120,120,0,1.0
19,presence,random,z_mad,10.24,XY,120,120,0,1.0
19,presence,random,z_mad,10.24,YX,120,120,0,1.0
19,presence,random,z_mad,20.48,XY,120,120,0,1.0
19,presence,random,z_mad,20.48,YX,120,120,0,1.0
19,presence,random,z_sd,0.01,XY,120,120,0,1.0
19,presence,random,z_sd,0.01,YX,120,120,0,1.0
19,presence,random,z_sd,0.02,XY,120,120,0,1.0
19,presence,random,z_sd,0.02,YX,120,120,0,1.0
19,presence,random,z_sd,0.04,XY,120,120,0,1.0
19,presence,random,z_sd,0.04,YX,120,120,0,1.0
19,presence,random,z_sd,0.08,XY,120,120,0,1.0
19,presence,random,z_sd,0.08,YX,120,120,0,1.0
19,presence,random,z_sd,0.16,XY,120,120,0,1.0
19,presence,random,z_sd,0.16,YX,120,120,0,1.0
19,presence,random,z_sd,0.32,XY,120,120,0,1.0
19,presence,random,z_sd,0.32,YX,120,120,0,1.0
19,presence,random,z_sd,0.64,XY,120,120,0,1.0
19,presence,random,z_sd,0.64,YX,120,120,0,1.0
19,presence,random,z_sd,1.28,XY,120,120,0,1.0
19,presence,random,z_sd,1.28,YX,120,120,0,1.0
19,presence,random,z_sd,2.56,XY,120,120,0,1.0
19,presence,random,z_sd,2.56,YX,120,120,0,1.0
19,presence,random,z_sd,5.12,XY,120,120,0,1.0
19,presence,random,z_sd,5.12,YX,120,120,0,1.0
19,presence,random,z_sd,10.24,XY,120,120,0,1.0
19,presence,random,z_sd,10.24,YX,120,120,0,1.0
19,presence,random,z_sd,20.48,XY,120,120,0,1.0
19,presence,random,z_sd,20.48,YX,120,120,0,1.0
20,presence,concept,alpha,0.25,XY,400,400,0,1.0
20,presence,concept,alpha,0.25,YX,400,400,0,1.0
20,presence,concept,alpha,0.5,XY,400,400,0,1.0
20,presence,concept,alpha,0.5,YX,400,400,0,1.0
20,presence,concept,alpha,1.0,XY,400,400,0,1.0
20,presence,concept,alpha,1.0,YX,400,400,0,1.0
20,presence,concept,alpha,2.0,XY,400,400,0,1.0
20,presence,concept,alpha,2.0,YX,400,400,0,1.0
20,presence,concept,alpha,4.0,XY,400,400,0,1.0
20,presence,concept,alpha,4.0,YX,400,400,0,1.0
20,presence,concept,alpha,8.0,XY,400,400,0,1.0
20,presence,concept,alpha,8.0,YX,400,400,0,1.0
20,presence,concept,alpha,16.0,XY,400,400,0,1.0
20,presence,concept,alpha,16.0,YX,400,400,0,1.0
20,presence,concept,alpha,32.0,XY,400,400,0,1.0
20,presence,concept,alpha,32.0,YX,400,400,0,1.0
20,presence,concept,alpha,64.0,XY,400,400,0,1.0
20,presence,concept,alpha,64.0,YX,400,400,0,1.0
20,presence,concept,alpha,128.0,XY,400,400,0,1.0
20,presence,concept,alpha,128.0,YX,400,400,0,1.0
20,presence,concept,z_mad,0.01,XY,400,400,0,1.0
20,presence,concept,z_mad,0.01,YX,400,400,0,1.0
20,presence,concept,z_mad,0.02,XY,400,400,0,1.0
20,presence,concept,z_mad,0.02,YX,400,400,0,1.0
20,presence,concept,z_mad,0.04,XY,400,400,0,1.0
20,presence,concept,z_mad,0.04,YX,400,400,0,1.0
20,presence,concept,z_mad,0.08,XY,400,400,0,1.0
20,presence,concept,z_mad,0.08,YX,400,400,0,1.0
20,presence,concept,z_mad,0.16,XY,400,400,0,1.0
20,presence,concept,z_mad,0.16,YX,400,400,0,1.0
20,presence,concept,z_mad,0.32,XY,400,400,0,1.0
20,presence,concept,z_mad,0.32,YX,400,400,0,1.0
20,presence,concept,z_mad,0.64,XY,400,400,0,1.0
20,presence,concept,z_mad,0.64,YX,400,400,0,1.0
20,presence,concept,z_mad,1.28,XY,400,400,0,1.0
20,presence,concept,z_mad,1.28,YX,400,400,0,1.0
20,presence,concept,z_mad,2.56,XY,400,400,0,1.0
20,presence,concept,z_mad,2.56,YX,400,400,0,1.0
20,presence,concept,z_mad,5.12,XY,400,400,0,1.0
20,presence,concept,z_mad,5.12,YX,400,400,0,1.0
20,presence,concept,z_mad,10.24,XY,400,400,0,1.0
20,presence,concept,z_mad,10.24,YX,400,400,0,1.0
20,presence,concept,z_mad,20.48,XY,400,400,0,1.0
20,presence,concept,z_mad,20.48,YX,400,400,0,1.0
20,presence,concept,z_sd,0.01,XY,400,400,0,1.0
20,presence,concept,z_sd,0.01,YX,400,400,0,1.0
20,presence,concept,z_sd,0.02,XY,400,400,0,1.0
20,presence,concept,z_sd,0.02,YX,400,400,0,1.0
20,presence,concept,z_sd,0.04,XY,400,400,0,1.0
20,presence,concept,z_sd,0.04,YX,400,400,0,1.0
20,presence,concept,z_sd,0.08,XY,400,400,0,1.0
20,presence,concept,z_sd,0.08,YX,400,400,0,1.0
20,presence,concept,z_sd,0.16,XY,400,400,0,1.0
20,presence,concept,z_sd,0.16,YX,400,400,0,1.0
20,presence,concept,z_sd,0.32,XY,400,400,0,1.0
20,presence,concept,z_sd,0.32,YX,400,400,0,1.0
20,presence,concept,z_sd,0.64,XY,400,400,0,1.0
20,presence,concept,z_sd,0.64,YX,400,400,0,1.0
20,presence,concept,z_sd,1.28,XY,400,400,0,1.0
20,presence,concept,z_sd,1.28,YX,400,400,0,1.0
20,presence,concept,z_sd,2.56,XY,400,400,0,1.0
20,presence,concept,z_sd,2.56,YX,400,400,0,1.0
20,presence,concept,z_sd,5.12,XY,400,400,0,1.0
20,presence,concept,z_sd,5.12,YX,400,400,0,1.0
20,presence,concept,z_sd,10.24,XY,400,400,0,1.0
20,presence,concept,z_sd,10.24,YX,400,400,0,1.0
20,presence,concept,z_sd,20.48,XY,400,400,0,1.0
20,presence,concept,z_sd,20.48,YX,400,400,0,1.0
20,presence,dropout,alpha,0.25,XY,80,80,0,1.0
20,presence,dropout,alpha,0.25,YX,80,80,0,1.0
20,presence,dropout,alpha,0.5,XY,80,80,0,1.0
20,presence,dropout,alpha,0.5,YX,80,80,0,1.0
20,presence,dropout,alpha,1.0,XY,80,80,0,1.0
20,presence,dropout,alpha,1.0,YX,80,80,0,1.0
20,presence,dropout,alpha,2.0,XY,80,80,0,1.0
20,presence,dropout,alpha,2.0,YX,80,80,0,1.0
20,presence,dropout,alpha,4.0,XY,80,80,0,1.0
20,presence,dropout,alpha,4.0,YX,80,80,0,1.0
20,presence,dropout,alpha,8.0,XY,80,80,0,1.0
20,presence,dropout,alpha,8.0,YX,80,80,0,1.0
20,presence,dropout,alpha,16.0,XY,80,80,0,1.0
20,presence,dropout,alpha,16.0,YX,80,80,0,1.0
20,presence,dropout,alpha,32.0,XY,80,80,0,1.0
20,presence,dropout,alpha,32.0,YX,80,80,0,1.0
20,presence,dropout,alpha,64.0,XY,80,80,0,1.0
20,presence,dropout,alpha,64.0,YX,80,80,0,1.0
20,presence,dropout,alpha,128.0,XY,80,80,0,1.0
20,presence,dropout,alpha,128.0,YX,80,80,0,1.0
20,presence,dropout,z_mad,0.01,XY,80,80,0,1.0
20,presence,dropout,z_mad,0.01,YX,80,80,0,1.0
20,presence,dropout,z_mad,0.02,XY,80,80,0,1.0
20,presence,dropout,z_mad,0.02,YX,80,80,0,1.0
20,presence,dropout,z_mad,0.04,XY,80,80,0,1.0
20,presence,dropout,z_mad,0.04,YX,80,80,0,1.0
20,presence,dropout,z_mad,0.08,XY,80,80,0,1.0
20,presence,dropout,z_mad,0.08,YX,80,80,0,1.0
20,presence,dropout,z_mad,0.16,XY,80,80,0,1.0
20,presence,dropout,z_mad,0.16,YX,80,80,0,1.0
20,presence,dropout,z_mad,0.32,XY,80,80,0,1.0
20,presence,dropout,z_mad,0.32,YX,80,80,0,1.0
20,presence,dropout,z_mad,0.64,XY,80,80,0,1.0
20,presence,dropout,z_mad,0.64,YX,80,80,0,1.0
20,presence,dropout,z_mad,1.28,XY,80,80,0,1.0
20,presence,dropout,z_mad,1.28,YX,80,80,0,1.0
20,presence,dropout,z_mad,2.56,XY,80,80,0,1.0
20,presence,dropout,z_mad,2.56,YX,80,80,0,1.0
20,presence,dropout,z_mad,5.12,XY,80,80,0,1.0
20,presence,dropout,z_mad,5.12,YX,80,80,0,1.0
20,presence,dropout,z_mad,10.24,XY,80,80,0,1.0
20,presence,dropout,z_mad,10.24,YX,80,80,0,1.0
20,presence,dropout,z_mad,20.48,XY,80,80,0,1.0
20,presence,dropout,z_mad,20.48,YX,80,80,0,1.0
20,presence,dropout,z_sd,0.01,XY,80,80,0,1.0
20,presence,dropout,z_sd,0.01,YX,80,80,0,1.0
20,presence,dropout,z_sd,0.02,XY,80,80,0,1.0
20,presence,dropout,z_sd,0.02,YX,80,80,0,1.0
20,presence,dropout,z_sd,0.04,XY,80,80,0,1.0
20,presence,dropout,z_sd,0.04,YX,80,80,0,1.0
20,presence,dropout,z_sd,0.08,XY,80,80,0,1.0
20,presence,dropout,z_sd,0.08,YX,80,80,0,1.0
20,presence,dropout,z_sd,0.16,XY,80,80,0,1.0
20,presence,dropout,z_sd,0.16,YX,80,80,0,1.0
20,presence,dropout,z_sd,0.32,XY,80,80,0,1.0
20,presence,dropout,z_sd,0.32,YX,80,80,0,1.0
20,presence,dropout,z_sd,0.64,XY,80,80,0,1.0
20,presence,dropout,z_sd,0.64,YX,80,80,0,1.0
20,presence,dropout,z_sd,1.28,XY,80,80,0,1.0
20,presence,dropout,z_sd,1.28,YX,80,80,0,1.0
20,presence,dropout,z_sd,2.56,XY,80,80,0,1.0
20,presence,dropout,z_sd,2.56,YX,80,80,0,1.0
20,presence,dropout,z_sd,5.12,XY,80,80,0,1.0
20,presence,dropout,z_sd,5.12,YX,80,80,0,1.0
20,presence,dropout,z_sd,10.24,XY,80,80,0,1.0
20,presence,dropout,z_sd,10.24,YX,80,80,0,1.0
20,presence,dropout,z_sd,20.48,XY,80,80,0,1.0
20,presence,dropout,z_sd,20.48,YX,80,80,0,1.0
20,presence,noise,alpha,0.25,XY,80,80,0,1.0
20,presence,noise,alpha,0.25,YX,80,80,0,1.0
20,presence,noise,alpha,0.5,XY,80,80,0,1.0
20,presence,noise,alpha,0.5,YX,80,80,0,1.0
20,presence,noise,alpha,1.0,XY,80,80,0,1.0
20,presence,noise,alpha,1.0,YX,80,80,0,1.0
20,presence,noise,alpha,2.0,XY,80,80,0,1.0
20,presence,noise,alpha,2.0,YX,80,80,0,1.0
20,presence,noise,alpha,4.0,XY,80,80,0,1.0
20,presence,noise,alpha,4.0,YX,80,80,0,1.0
20,presence,noise,alpha,8.0,XY,80,80,0,1.0
20,presence,noise,alpha,8.0,YX,80,80,0,1.0
20,presence,noise,alpha,16.0,XY,80,80,0,1.0
20,presence,noise,alpha,16.0,YX,80,80,0,1.0
20,presence,noise,alpha,32.0,XY,80,80,0,1.0
20,presence,noise,alpha,32.0,YX,80,80,0,1.0
20,presence,noise,alpha,64.0,XY,80,80,0,1.0
20,presence,noise,alpha,64.0,YX,80,80,0,1.0
20,presence,noise,alpha,128.0,XY,80,80,0,1.0
20,presence,noise,alpha,128.0,YX,80,80,0,1.0
20,presence,noise,z_mad,0.01,XY,80,80,0,1.0
20,presence,noise,z_mad,0.01,YX,80,80,0,1.0
20,presence,noise,z_mad,0.02,XY,80,80,0,1.0
20,presence,noise,z_mad,0.02,YX,80,80,0,1.0
20,presence,noise,z_mad,0.04,XY,80,80,0,1.0
20,presence,noise,z_mad,0.04,YX,80,80,0,1.0
20,presence,noise,z_mad,0.08,XY,80,80,0,1.0
20,presence,noise,z_mad,0.08,YX,80,80,0,1.0
20,presence,noise,z_mad,0.16,XY,80,80,0,1.0
20,presence,noise,z_mad,0.16,YX,80,80,0,1.0
20,presence,noise,z_mad,0.32,XY,80,80,0,1.0
20,presence,noise,z_mad,0.32,YX,80,80,0,1.0
20,presence,noise,z_mad,0.64,XY,80,80,0,1.0
20,presence,noise,z_mad,0.64,YX,80,80,0,1.0
20,presence,noise,z_mad,1.28,XY,80,80,0,1.0
20,presence,noise,z_mad,1.28,YX,80,80,0,1.0
20,presence,noise,z_mad,2.56,XY,80,80,0,1.0
20,presence,noise,z_mad,2.56,YX,80,80,0,1.0
20,presence,noise,z_mad,5.12,XY,80,80,0,1.0
20,presence,noise,z_mad,5.12,YX,80,80,0,1.0
20,presence,noise,z_mad,10.24,XY,80,80,0,1.0
20,presence,noise,z_mad,10.24,YX,80,80,0,1.0
20,presence,noise,z_mad,20.48,XY,80,80,0,1.0
20,presence,noise,z_mad,20.48,YX,80,80,0,1.0
20,presence,noise,z_sd,0.01,XY,80,80,0,1.0
20,presence,noise,z_sd,0.01,YX,80,80,0,1.0
20,presence,noise,z_sd,0.02,XY,80,80,0,1.0
20,presence,noise,z_sd,0.02,YX,80,80,0,1.0
20,presence,noise,z_sd,0.04,XY,80,80,0,1.0
20,presence,noise,z_sd,0.04,YX,80,80,0,1.0
20,presence,noise,z_sd,0.08,XY,80,80,0,1.0
20,presence,noise,z_sd,0.08,YX,80,80,0,1.0
20,presence,noise,z_sd,0.16,XY,80,80,0,1.0
20,presence,noise,z_sd,0.16,YX,80,80,0,1.0
20,presence,noise,z_sd,0.32,XY,80,80,0,1.0
20,presence,noise,z_sd,0.32,YX,80,80,0,1.0
20,presence,noise,z_sd,0.64,XY,80,80,0,1.0
20,presence,noise,z_sd,0.64,YX,80,80,0,1.0
20,presence,noise,z_sd,1.28,XY,80,80,0,1.0
20,presence,noise,z_sd,1.28,YX,80,80,0,1.0
20,presence,noise,z_sd,2.56,XY,80,80,0,1.0
20,presence,noise,z_sd,2.56,YX,80,80,0,1.0
20,presence,noise,z_sd,5.12,XY,80,80,0,1.0
20,presence,noise,z_sd,5.12,YX,80,80,0,1.0
20,presence,noise,z_sd,10.24,XY,80,80,0,1.0
20,presence,noise,z_sd,10.24,YX,80,80,0,1.0
20,presence,noise,z_sd,20.48,XY,80,80,0,1.0
20,presence,noise,z_sd,20.48,YX,80,80,0,1.0
20,presence,random,alpha,0.25,XY,120,120,0,1.0
20,presence,random,alpha,0.25,YX,120,120,0,1.0
20,presence,random,alpha,0.5,XY,120,120,0,1.0
20,presence,random,alpha,0.5,YX,120,120,0,1.0
20,presence,random,alpha,1.0,XY,120,120,0,1.0
20,presence,random,alpha,1.0,YX,120,120,0,1.0
20,presence,random,alpha,2.0,XY,120,120,0,1.0
20,presence,random,alpha,2.0,YX,120,120,0,1.0
20,presence,random,alpha,4.0,XY,120,120,0,1.0
20,presence,random,alpha,4.0,YX,120,120,0,1.0
20,presence,random,alpha,8.0,XY,120,120,0,1.0
20,presence,random,alpha,8.0,YX,120,120,0,1.0
20,presence,random,alpha,16.0,XY,120,120,0,1.0
20,presence,random,alpha,16.0,YX,120,120,0,1.0
20,presence,random,alpha,32.0,XY,120,120,0,1.0
20,presence,random,alpha,32.0,YX,120,120,0,1.0
20,presence,random,alpha,64.0,XY,120,120,0,1.0
20,presence,random,alpha,64.0,YX,120,120,0,1.0
20,presence,random,alpha,128.0,XY,120,120,0,1.0
20,presence,random,alpha,128.0,YX,120,120,0,1.0
20,presence,random,z_mad,0.01,XY,120,120,0,1.0
20,presence,random,z_mad,0.01,YX,120,120,0,1.0
20,presence,random,z_mad,0.02,XY,120,120,0,1.0
20,presence,random,z_mad,0.02,YX,120,120,0,1.0
20,presence,random,z_mad,0.04,XY,120,120,0,1.0
20,presence,random,z_mad,0.04,YX,120,120,0,1.0
20,presence,random,z_mad,0.08,XY,120,120,0,1.0
20,presence,random,z_mad,0.08,YX,120,120,0,1.0
20,presence,random,z_mad,0.16,XY,120,120,0,1.0
20,presence,random,z_mad,0.16,YX,120,120,0,1.0
20,presence,random,z_mad,0.32,XY,120,120,0,1.0
20,presence,random,z_mad,0.32,YX,120,120,0,1.0
20,presence,random,z_mad,0.64,XY,120,120,0,1.0
20,presence,random,z_mad,0.64,YX,120,120,0,1.0
20,presence,random,z_mad,1.28,XY,120,120,0,1.0
20,presence,random,z_mad,1.28,YX,120,120,0,1.0
20,presence,random,z_mad,2.56,XY,120,120,0,1.0
20,presence,random,z_mad,2.56,YX,120,120,0,1.0
20,presence,random,z_mad,5.12,XY,120,120,0,1.0
20,presence,random,z_mad,5.12,YX,120,120,0,1.0
20,presence,random,z_mad,10.24,XY,120,120,0,1.0
20,presence,random,z_mad,10.24,YX,120,120,0,1.0
20,presence,random,z_mad,20.48,XY,120,120,0,1.0
20,presence,random,z_mad,20.48,YX,120,120,0,1.0
20,presence,random,z_sd,0.01,XY,120,120,0,1.0
20,presence,random,z_sd,0.01,YX,120,120,0,1.0
20,presence,random,z_sd,0.02,XY,120,120,0,1.0
20,presence,random,z_sd,0.02,YX,120,120,0,1.0
20,presence,random,z_sd,0.04,XY,120,120,0,1.0
20,presence,random,z_sd,0.04,YX,120,120,0,1.0
20,presence,random,z_sd,0.08,XY,120,120,0,1.0
20,presence,random,z_sd,0.08,YX,120,120,0,1.0
20,presence,random,z_sd,0.16,XY,120,120,0,1.0
20,presence,random,z_sd,0.16,YX,120,120,0,1.0
20,presence,random,z_sd,0.32,XY,120,120,0,1.0
20,presence,random,z_sd,0.32,YX,120,120,0,1.0
20,presence,random,z_sd,0.64,XY,120,120,0,1.0
20,presence,random,z_sd,0.64,YX,120,120,0,1.0
20,presence,random,z_sd,1.28,XY,120,120,0,1.0
20,presence,random,z_sd,1.28,YX,120,120,0,1.0
20,presence,random,z_sd,2.56,XY,120,120,0,1.0
20,presence,random,z_sd,2.56,YX,120,120,0,1.0
20,presence,random,z_sd,5.12,XY,120,120,0,1.0
20,presence,random,z_sd,5.12,YX,120,120,0,1.0
20,presence,random,z_sd,10.24,XY,120,120,0,1.0
20,presence,random,z_sd,10.24,YX,120,120,0,1.0
20,presence,random,z_sd,20.48,XY,120,120,0,1.0
20,presence,random,z_sd,20.48,YX,120,120,0,1.0
21,presence,concept,alpha,0.25,XY,400,400,0,1.0
21,presence,concept,alpha,0.25,YX,400,400,0,1.0
21,presence,concept,alpha,0.5,XY,400,400,0,1.0
21,presence,concept,alpha,0.5,YX,400,400,0,1.0
21,presence,concept,alpha,1.0,XY,400,400,0,1.0
21,presence,concept,alpha,1.0,YX,400,400,0,1.0
21,presence,concept,alpha,2.0,XY,400,400,0,1.0
21,presence,concept,alpha,2.0,YX,400,400,0,1.0
21,presence,concept,alpha,4.0,XY,400,400,0,1.0
21,presence,concept,alpha,4.0,YX,400,400,0,1.0
21,presence,concept,alpha,8.0,XY,400,400,0,1.0
21,presence,concept,alpha,8.0,YX,400,400,0,1.0
21,presence,concept,alpha,16.0,XY,400,400,0,1.0
21,presence,concept,alpha,16.0,YX,400,400,0,1.0
21,presence,concept,alpha,32.0,XY,400,400,0,1.0
21,presence,concept,alpha,32.0,YX,400,400,0,1.0
21,presence,concept,alpha,64.0,XY,400,400,0,1.0
21,presence,concept,alpha,64.0,YX,400,400,0,1.0
21,presence,concept,alpha,128.0,XY,400,400,0,1.0
21,presence,concept,alpha,128.0,YX,400,400,0,1.0
21,presence,concept,z_mad,0.01,XY,400,400,0,1.0
21,presence,concept,z_mad,0.01,YX,400,400,0,1.0
21,presence,concept,z_mad,0.02,XY,400,400,0,1.0
21,presence,concept,z_mad,0.02,YX,400,400,0,1.0
21,presence,concept,z_mad,0.04,XY,400,400,0,1.0
21,presence,concept,z_mad,0.04,YX,400,400,0,1.0
21,presence,concept,z_mad,0.08,XY,400,400,0,1.0
21,presence,concept,z_mad,0.08,YX,400,400,0,1.0
21,presence,concept,z_mad,0.16,XY,400,400,0,1.0
21,presence,concept,z_mad,0.16,YX,400,400,0,1.0
21,presence,concept,z_mad,0.32,XY,400,400,0,1.0
21,presence,concept,z_mad,0.32,YX,400,400,0,1.0
21,presence,concept,z_mad,0.64,XY,400,400,0,1.0
21,presence,concept,z_mad,0.64,YX,400,400,0,1.0
21,presence,concept,z_mad,1.28,XY,400,400,0,1.0
21,presence,concept,z_mad,1.28,YX,400,400,0,1.0
21,presence,concept,z_mad,2.56,XY,400,400,0,1.0
21,presence,concept,z_mad,2.56,YX,400,400,0,1.0
21,presence,concept,z_mad,5.12,XY,400,400,0,1.0
21,presence,concept,z_mad,5.12,YX,400,400,0,1.0
21,presence,concept,z_mad,10.24,XY,400,400,0,1.0
21,presence,concept,z_mad,10.24,YX,400,400,0,1.0
21,presence,concept,z_mad,20.48,XY,400,400,0,1.0
21,presence,concept,z_mad,20.48,YX,400,400,0,1.0
21,presence,concept,z_sd,0.01,XY,400,400,0,1.0
21,presence,concept,z_sd,0.01,YX,400,400,0,1.0
21,presence,concept,z_sd,0.02,XY,400,400,0,1.0
21,presence,concept,z_sd,0.02,YX,400,400,0,1.0
21,presence,concept,z_sd,0.04,XY,400,400,0,1.0
21,presence,concept,z_sd,0.04,YX,400,400,0,1.0
21,presence,concept,z_sd,0.08,XY,400,400,0,1.0
21,presence,concept,z_sd,0.08,YX,400,400,0,1.0
21,presence,concept,z_sd,0.16,XY,400,400,0,1.0
21,presence,concept,z_sd,0.16,YX,400,400,0,1.0
21,presence,concept,z_sd,0.32,XY,400,400,0,1.0
21,presence,concept,z_sd,0.32,YX,400,400,0,1.0
21,presence,concept,z_sd,0.64,XY,400,400,0,1.0
21,presence,concept,z_sd,0.64,YX,400,400,0,1.0
21,presence,concept,z_sd,1.28,XY,400,400,0,1.0
21,presence,concept,z_sd,1.28,YX,400,400,0,1.0
21,presence,concept,z_sd,2.56,XY,400,400,0,1.0
21,presence,concept,z_sd,2.56,YX,400,400,0,1.0
21,presence,concept,z_sd,5.12,XY,400,400,0,1.0
21,presence,concept,z_sd,5.12,YX,400,400,0,1.0
21,presence,concept,z_sd,10.24,XY,400,400,0,1.0
21,presence,concept,z_sd,10.24,YX,400,400,0,1.0
21,presence,concept,z_sd,20.48,XY,400,400,0,1.0
21,presence,concept,z_sd,20.48,YX,400,400,0,1.0
21,presence,dropout,alpha,0.25,XY,80,80,0,1.0
21,presence,dropout,alpha,0.25,YX,80,80,0,1.0
21,presence,dropout,alpha,0.5,XY,80,80,0,1.0
21,presence,dropout,alpha,0.5,YX,80,80,0,1.0
21,presence,dropout,alpha,1.0,XY,80,80,0,1.0
21,presence,dropout,alpha,1.0,YX,80,80,0,1.0
21,presence,dropout,alpha,2.0,XY,80,80,0,1.0
21,presence,dropout,alpha,2.0,YX,80,80,0,1.0
21,presence,dropout,alpha,4.0,XY,80,80,0,1.0
21,presence,dropout,alpha,4.0,YX,80,80,0,1.0
21,presence,dropout,alpha,8.0,XY,80,80,0,1.0
21,presence,dropout,alpha,8.0,YX,80,80,0,1.0
21,presence,dropout,alpha,16.0,XY,80,80,0,1.0
21,presence,dropout,alpha,16.0,YX,80,80,0,1.0
21,presence,dropout,alpha,32.0,XY,80,80,0,1.0
21,presence,dropout,alpha,32.0,YX,80,80,0,1.0
21,presence,dropout,alpha,64.0,XY,80,80,0,1.0
21,presence,dropout,alpha,64.0,YX,80,80,0,1.0
21,presence,dropout,alpha,128.0,XY,80,80,0,1.0
21,presence,dropout,alpha,128.0,YX,80,80,0,1.0
21,presence,dropout,z_mad,0.01,XY,80,80,0,1.0
21,presence,dropout,z_mad,0.01,YX,80,80,0,1.0
21,presence,dropout,z_mad,0.02,XY,80,80,0,1.0
21,presence,dropout,z_mad,0.02,YX,80,80,0,1.0
21,presence,dropout,z_mad,0.04,XY,80,80,0,1.0
21,presence,dropout,z_mad,0.04,YX,80,80,0,1.0
21,presence,dropout,z_mad,0.08,XY,80,80,0,1.0
21,presence,dropout,z_mad,0.08,YX,80,80,0,1.0
21,presence,dropout,z_mad,0.16,XY,80,80,0,1.0
21,presence,dropout,z_mad,0.16,YX,80,80,0,1.0
21,presence,dropout,z_mad,0.32,XY,80,80,0,1.0
21,presence,dropout,z_mad,0.32,YX,80,80,0,1.0
21,presence,dropout,z_mad,0.64,XY,80,80,0,1.0
21,presence,dropout,z_mad,0.64,YX,80,80,0,1.0
21,presence,dropout,z_mad,1.28,XY,80,80,0,1.0
21,presence,dropout,z_mad,1.28,YX,80,80,0,1.0
21,presence,dropout,z_mad,2.56,XY,80,80,0,1.0
21,presence,dropout,z_mad,2.56,YX,80,80,0,1.0
21,presence,dropout,z_mad,5.12,XY,80,80,0,1.0
21,presence,dropout,z_mad,5.12,YX,80,80,0,1.0
21,presence,dropout,z_mad,10.24,XY,80,80,0,1.0
21,presence,dropout,z_mad,10.24,YX,80,80,0,1.0
21,presence,dropout,z_mad,20.48,XY,80,80,0,1.0
21,presence,dropout,z_mad,20.48,YX,80,80,0,1.0
21,presence,dropout,z_sd,0.01,XY,80,80,0,1.0
21,presence,dropout,z_sd,0.01,YX,80,80,0,1.0
21,presence,dropout,z_sd,0.02,XY,80,80,0,1.0
21,presence,dropout,z_sd,0.02,YX,80,80,0,1.0
21,presence,dropout,z_sd,0.04,XY,80,80,0,1.0
21,presence,dropout,z_sd,0.04,YX,80,80,0,1.0
21,presence,dropout,z_sd,0.08,XY,80,80,0,1.0
21,presence,dropout,z_sd,0.08,YX,80,80,0,1.0
21,presence,dropout,z_sd,0.16,XY,80,80,0,1.0
21,presence,dropout,z_sd,0.16,YX,80,80,0,1.0
21,presence,dropout,z_sd,0.32,XY,80,80,0,1.0
21,presence,dropout,z_sd,0.32,YX,80,80,0,1.0
21,presence,dropout,z_sd,0.64,XY,80,80,0,1.0
21,presence,dropout,z_sd,0.64,YX,80,80,0,1.0
21,presence,dropout,z_sd,1.28,XY,80,80,0,1.0
21,presence,dropout,z_sd,1.28,YX,80,80,0,1.0
21,presence,dropout,z_sd,2.56,XY,80,80,0,1.0
21,presence,dropout,z_sd,2.56,YX,80,80,0,1.0
21,presence,dropout,z_sd,5.12,XY,80,80,0,1.0
21,presence,dropout,z_sd,5.12,YX,80,80,0,1.0
21,presence,dropout,z_sd,10.24,XY,80,80,0,1.0
21,presence,dropout,z_sd,10.24,YX,80,80,0,1.0
21,presence,dropout,z_sd,20.48,XY,80,80,0,1.0
21,presence,dropout,z_sd,20.48,YX,80,80,0,1.0
21,presence,noise,alpha,0.25,XY,80,80,0,1.0
21,presence,noise,alpha,0.25,YX,80,80,0,1.0
21,presence,noise,alpha,0.5,XY,80,80,0,1.0
21,presence,noise,alpha,0.5,YX,80,80,0,1.0
21,presence,noise,alpha,1.0,XY,80,80,0,1.0
21,presence,noise,alpha,1.0,YX,80,80,0,1.0
21,presence,noise,alpha,2.0,XY,80,80,0,1.0
21,presence,noise,alpha,2.0,YX,80,80,0,1.0
21,presence,noise,alpha,4.0,XY,80,80,0,1.0
21,presence,noise,alpha,4.0,YX,80,80,0,1.0
21,presence,noise,alpha,8.0,XY,80,80,0,1.0
21,presence,noise,alpha,8.0,YX,80,80,0,1.0
21,presence,noise,alpha,16.0,XY,80,80,0,1.0
21,presence,noise,alpha,16.0,YX,80,80,0,1.0
21,presence,noise,alpha,32.0,XY,80,80,0,1.0
21,presence,noise,alpha,32.0,YX,80,80,0,1.0
21,presence,noise,alpha,64.0,XY,80,80,0,1.0
21,presence,noise,alpha,64.0,YX,80,80,0,1.0
21,presence,noise,alpha,128.0,XY,80,80,0,1.0
21,presence,noise,alpha,128.0,YX,80,80,0,1.0
21,presence,noise,z_mad,0.01,XY,80,80,0,1.0
21,presence,noise,z_mad,0.01,YX,80,80,0,1.0
21,presence,noise,z_mad,0.02,XY,80,80,0,1.0
21,presence,noise,z_mad,0.02,YX,80,80,0,1.0
21,presence,noise,z_mad,0.04,XY,80,80,0,1.0
21,presence,noise,z_mad,0.04,YX,80,80,0,1.0
21,presence,noise,z_mad,0.08,XY,80,80,0,1.0
21,presence,noise,z_mad,0.08,YX,80,80,0,1.0
21,presence,noise,z_mad,0.16,XY,80,80,0,1.0
21,presence,noise,z_mad,0.16,YX,80,80,0,1.0
21,presence,noise,z_mad,0.32,XY,80,80,0,1.0
21,presence,noise,z_mad,0.32,YX,80,80,0,1.0
21,presence,noise,z_mad,0.64,XY,80,80,0,1.0
21,presence,noise,z_mad,0.64,YX,80,80,0,1.0
21,presence,noise,z_mad,1.28,XY,80,80,0,1.0
21,presence,noise,z_mad,1.28,YX,80,80,0,1.0
21,presence,noise,z_mad,2.56,XY,80,80,0,1.0
21,presence,noise,z_mad,2.56,YX,80,80,0,1.0
21,presence,noise,z_mad,5.12,XY,80,80,0,1.0
21,presence,noise,z_mad,5.12,YX,80,80,0,1.0
21,presence,noise,z_mad,10.24,XY,80,80,0,1.0
21,presence,noise,z_mad,10.24,YX,80,80,0,1.0
21,presence,noise,z_mad,20.48,XY,80,80,0,1.0
21,presence,noise,z_mad,20.48,YX,80,80,0,1.0
21,presence,noise,z_sd,0.01,XY,80,80,0,1.0
21,presence,noise,z_sd,0.01,YX,80,80,0,1.0
21,presence,noise,z_sd,0.02,XY,80,80,0,1.0
21,presence,noise,z_sd,0.02,YX,80,80,0,1.0
21,presence,noise,z_sd,0.04,XY,80,80,0,1.0
21,presence,noise,z_sd,0.04,YX,80,80,0,1.0
21,presence,noise,z_sd,0.08,XY,80,80,0,1.0
21,presence,noise,z_sd,0.08,YX,80,80,0,1.0
21,presence,noise,z_sd,0.16,XY,80,80,0,1.0
21,presence,noise,z_sd,0.16,YX,80,80,0,1.0
21,presence,noise,z_sd,0.32,XY,80,80,0,1.0
21,presence,noise,z_sd,0.32,YX,80,80,0,1.0
21,presence,noise,z_sd,0.64,XY,80,80,0,1.0
21,presence,noise,z_sd,0.64,YX,80,80,0,1.0
21,presence,noise,z_sd,1.28,XY,80,80,0,1.0
21,presence,noise,z_sd,1.28,YX,80,80,0,1.0
21,presence,noise,z_sd,2.56,XY,80,80,0,1.0
21,presence,noise,z_sd,2.56,YX,80,80,0,1.0
21,presence,noise,z_sd,5.12,XY,80,80,0,1.0
21,presence,noise,z_sd,5.12,YX,80,80,0,1.0
21,presence,noise,z_sd,10.24,XY,80,80,0,1.0
21,presence,noise,z_sd,10.24,YX,80,80,0,1.0
21,presence,noise,z_sd,20.48,XY,80,80,0,1.0
21,presence,noise,z_sd,20.48,YX,80,80,0,1.0
21,presence,random,alpha,0.25,XY,120,120,0,1.0
21,presence,random,alpha,0.25,YX,120,120,0,1.0
21,presence,random,alpha,0.5,XY,120,120,0,1.0
21,presence,random,alpha,0.5,YX,120,120,0,1.0
21,presence,random,alpha,1.0,XY,120,120,0,1.0
21,presence,random,alpha,1.0,YX,120,120,0,1.0
21,presence,random,alpha,2.0,XY,120,120,0,1.0
21,presence,random,alpha,2.0,YX,120,120,0,1.0
21,presence,random,alpha,4.0,XY,120,120,0,1.0
21,presence,random,alpha,4.0,YX,120,120,0,1.0
21,presence,random,alpha,8.0,XY,120,120,0,1.0
21,presence,random,alpha,8.0,YX,120,120,0,1.0
21,presence,random,alpha,16.0,XY,120,120,0,1.0
21,presence,random,alpha,16.0,YX,120,120,0,1.0
21,presence,random,alpha,32.0,XY,120,120,0,1.0
21,presence,random,alpha,32.0,YX,120,120,0,1.0
21,presence,random,alpha,64.0,XY,120,120,0,1.0
21,presence,random,alpha,64.0,YX,120,120,0,1.0
21,presence,random,alpha,128.0,XY,120,120,0,1.0
21,presence,random,alpha,128.0,YX,120,120,0,1.0
21,presence,random,z_mad,0.01,XY,120,120,0,1.0
21,presence,random,z_mad,0.01,YX,120,120,0,1.0
21,presence,random,z_mad,0.02,XY,120,120,0,1.0
21,presence,random,z_mad,0.02,YX,120,120,0,1.0
21,presence,random,z_mad,0.04,XY,120,120,0,1.0
21,presence,random,z_mad,0.04,YX,120,120,0,1.0
21,presence,random,z_mad,0.08,XY,120,120,0,1.0
21,presence,random,z_mad,0.08,YX,120,120,0,1.0
21,presence,random,z_mad,0.16,XY,120,120,0,1.0
21,presence,random,z_mad,0.16,YX,120,120,0,1.0
21,presence,random,z_mad,0.32,XY,120,120,0,1.0
21,presence,random,z_mad,0.32,YX,120,120,0,1.0
21,presence,random,z_mad,0.64,XY,120,120,0,1.0
21,presence,random,z_mad,0.64,YX,120,120,0,1.0
21,presence,random,z_mad,1.28,XY,120,120,0,1.0
21,presence,random,z_mad,1.28,YX,120,120,0,1.0
21,presence,random,z_mad,2.56,XY,120,120,0,1.0
21,presence,random,z_mad,2.56,YX,120,120,0,1.0
21,presence,random,z_mad,5.12,XY,120,120,0,1.0
21,presence,random,z_mad,5.12,YX,120,120,0,1.0
21,presence,random,z_mad,10.24,XY,120,120,0,1.0
21,presence,random,z_mad,10.24,YX,120,120,0,1.0
21,presence,random,z_mad,20.48,XY,120,120,0,1.0
21,presence,random,z_mad,20.48,YX,120,120,0,1.0
21,presence,random,z_sd,0.01,XY,120,120,0,1.0
21,presence,random,z_sd,0.01,YX,120,120,0,1.0
21,presence,random,z_sd,0.02,XY,120,120,0,1.0
21,presence,random,z_sd,0.02,YX,120,120,0,1.0
21,presence,random,z_sd,0.04,XY,120,120,0,1.0
21,presence,random,z_sd,0.04,YX,120,120,0,1.0
21,presence,random,z_sd,0.08,XY,120,120,0,1.0
21,presence,random,z_sd,0.08,YX,120,120,0,1.0
21,presence,random,z_sd,0.16,XY,120,120,0,1.0
21,presence,random,z_sd,0.16,YX,120,120,0,1.0
21,presence,random,z_sd,0.32,XY,120,120,0,1.0
21,presence,random,z_sd,0.32,YX,120,120,0,1.0
21,presence,random,z_sd,0.64,XY,120,120,0,1.0
21,presence,random,z_sd,0.64,YX,120,120,0,1.0
21,presence,random,z_sd,1.28,XY,120,120,0,1.0
21,presence,random,z_sd,1.28,YX,120,120,0,1.0
21,presence,random,z_sd,2.56,XY,120,120,0,1.0
21,presence,random,z_sd,2.56,YX,120,120,0,1.0
21,presence,random,z_sd,5.12,XY,120,120,0,1.0
21,presence,random,z_sd,5.12,YX,120,120,0,1.0
21,presence,random,z_sd,10.24,XY,120,120,0,1.0
21,presence,random,z_sd,10.24,YX,120,120,0,1.0
21,presence,random,z_sd,20.48,XY,120,120,0,1.0
21,presence,random,z_sd,20.48,YX,120,120,0,1.0
22,presence,concept,alpha,0.25,XY,400,400,0,1.0
22,presence,concept,alpha,0.25,YX,400,400,0,1.0
22,presence,concept,alpha,0.5,XY,400,400,0,1.0
22,presence,concept,alpha,0.5,YX,400,400,0,1.0
22,presence,concept,alpha,1.0,XY,400,400,0,1.0
22,presence,concept,alpha,1.0,YX,400,400,0,1.0
22,presence,concept,alpha,2.0,XY,400,400,0,1.0
22,presence,concept,alpha,2.0,YX,400,400,0,1.0
22,presence,concept,alpha,4.0,XY,400,400,0,1.0
22,presence,concept,alpha,4.0,YX,400,400,0,1.0
22,presence,concept,alpha,8.0,XY,400,400,0,1.0
22,presence,concept,alpha,8.0,YX,400,400,0,1.0
22,presence,concept,alpha,16.0,XY,400,400,0,1.0
22,presence,concept,alpha,16.0,YX,400,400,0,1.0
22,presence,concept,alpha,32.0,XY,400,400,0,1.0
22,presence,concept,alpha,32.0,YX,400,400,0,1.0
22,presence,concept,alpha,64.0,XY,400,400,0,1.0
22,presence,concept,alpha,64.0,YX,400,400,0,1.0
22,presence,concept,alpha,128.0,XY,400,400,0,1.0
22,presence,concept,alpha,128.0,YX,400,400,0,1.0
22,presence,concept,z_mad,0.01,XY,400,400,0,1.0
22,presence,concept,z_mad,0.01,YX,400,400,0,1.0
22,presence,concept,z_mad,0.02,XY,400,400,0,1.0
22,presence,concept,z_mad,0.02,YX,400,400,0,1.0
22,presence,concept,z_mad,0.04,XY,400,400,0,1.0
22,presence,concept,z_mad,0.04,YX,400,400,0,1.0
22,presence,concept,z_mad,0.08,XY,400,400,0,1.0
22,presence,concept,z_mad,0.08,YX,400,400,0,1.0
22,presence,concept,z_mad,0.16,XY,400,400,0,1.0
22,presence,concept,z_mad,0.16,YX,400,400,0,1.0
22,presence,concept,z_mad,0.32,XY,400,400,0,1.0
22,presence,concept,z_mad,0.32,YX,400,400,0,1.0
22,presence,concept,z_mad,0.64,XY,400,400,0,1.0
22,presence,concept,z_mad,0.64,YX,400,400,0,1.0
22,presence,concept,z_mad,1.28,XY,400,400,0,1.0
22,presence,concept,z_mad,1.28,YX,400,400,0,1.0
22,presence,concept,z_mad,2.56,XY,400,400,0,1.0
22,presence,concept,z_mad,2.56,YX,400,400,0,1.0
22,presence,concept,z_mad,5.12,XY,400,400,0,1.0
22,presence,concept,z_mad,5.12,YX,400,400,0,1.0
22,presence,concept,z_mad,10.24,XY,400,400,0,1.0
22,presence,concept,z_mad,10.24,YX,400,400,0,1.0
22,presence,concept,z_mad,20.48,XY,400,400,0,1.0
22,presence,concept,z_mad,20.48,YX,400,400,0,1.0
22,presence,concept,z_sd,0.01,XY,400,400,0,1.0
22,presence,concept,z_sd,0.01,YX,400,400,0,1.0
22,presence,concept,z_sd,0.02,XY,400,400,0,1.0
22,presence,concept,z_sd,0.02,YX,400,400,0,1.0
22,presence,concept,z_sd,0.04,XY,400,400,0,1.0
22,presence,concept,z_sd,0.04,YX,400,400,0,1.0
22,presence,concept,z_sd,0.08,XY,400,400,0,1.0
22,presence,concept,z_sd,0.08,YX,400,400,0,1.0
22,presence,concept,z_sd,0.16,XY,400,400,0,1.0
22,presence,concept,z_sd,0.16,YX,400,400,0,1.0
22,presence,concept,z_sd,0.32,XY,400,400,0,1.0
22,presence,concept,z_sd,0.32,YX,400,400,0,1.0
22,presence,concept,z_sd,0.64,XY,400,400,0,1.0
22,presence,concept,z_sd,0.64,YX,400,400,0,1.0
22,presence,concept,z_sd,1.28,XY,400,400,0,1.0
22,presence,concept,z_sd,1.28,YX,400,400,0,1.0
22,presence,concept,z_sd,2.56,XY,400,400,0,1.0
22,presence,concept,z_sd,2.56,YX,400,400,0,1.0
22,presence,concept,z_sd,5.12,XY,400,400,0,1.0
22,presence,concept,z_sd,5.12,YX,400,400,0,1.0
22,presence,concept,z_sd,10.24,XY,400,400,0,1.0
22,presence,concept,z_sd,10.24,YX,400,400,0,1.0
22,presence,concept,z_sd,20.48,XY,400,400,0,1.0
22,presence,concept,z_sd,20.48,YX,400,400,0,1.0
22,presence,dropout,alpha,0.25,XY,80,80,0,1.0
22,presence,dropout,alpha,0.25,YX,80,80,0,1.0
22,presence,dropout,alpha,0.5,XY,80,80,0,1.0
22,presence,dropout,alpha,0.5,YX,80,80,0,1.0
22,presence,dropout,alpha,1.0,XY,80,80,0,1.0
22,presence,dropout,alpha,1.0,YX,80,80,0,1.0
22,presence,dropout,alpha,2.0,XY,80,80,0,1.0
22,presence,dropout,alpha,2.0,YX,80,80,0,1.0
22,presence,dropout,alpha,4.0,XY,80,80,0,1.0
22,presence,dropout,alpha,4.0,YX,80,80,0,1.0
22,presence,dropout,alpha,8.0,XY,80,80,0,1.0
22,presence,dropout,alpha,8.0,YX,80,80,0,1.0
22,presence,dropout,alpha,16.0,XY,80,80,0,1.0
22,presence,dropout,alpha,16.0,YX,80,80,0,1.0
22,presence,dropout,alpha,32.0,XY,80,80,0,1.0
22,presence,dropout,alpha,32.0,YX,80,80,0,1.0
22,presence,dropout,alpha,64.0,XY,80,80,0,1.0
22,presence,dropout,alpha,64.0,YX,80,80,0,1.0
22,presence,dropout,alpha,128.0,XY,80,80,0,1.0
22,presence,dropout,alpha,128.0,YX,80,80,0,1.0
22,presence,dropout,z_mad,0.01,XY,80,80,0,1.0
22,presence,dropout,z_mad,0.01,YX,80,80,0,1.0
22,presence,dropout,z_mad,0.02,XY,80,80,0,1.0
22,presence,dropout,z_mad,0.02,YX,80,80,0,1.0
22,presence,dropout,z_mad,0.04,XY,80,80,0,1.0
22,presence,dropout,z_mad,0.04,YX,80,80,0,1.0
22,presence,dropout,z_mad,0.08,XY,80,80,0,1.0
22,presence,dropout,z_mad,0.08,YX,80,80,0,1.0
22,presence,dropout,z_mad,0.16,XY,80,80,0,1.0
22,presence,dropout,z_mad,0.16,YX,80,80,0,1.0
22,presence,dropout,z_mad,0.32,XY,80,80,0,1.0
22,presence,dropout,z_mad,0.32,YX,80,80,0,1.0
22,presence,dropout,z_mad,0.64,XY,80,80,0,1.0
22,presence,dropout,z_mad,0.64,YX,80,80,0,1.0
22,presence,dropout,z_mad,1.28,XY,80,80,0,1.0
22,presence,dropout,z_mad,1.28,YX,80,80,0,1.0
22,presence,dropout,z_mad,2.56,XY,80,80,0,1.0
22,presence,dropout,z_mad,2.56,YX,80,80,0,1.0
22,presence,dropout,z_mad,5.12,XY,80,80,0,1.0
22,presence,dropout,z_mad,5.12,YX,80,80,0,1.0
22,presence,dropout,z_mad,10.24,XY,80,80,0,1.0
22,presence,dropout,z_mad,10.24,YX,80,80,0,1.0
22,presence,dropout,z_mad,20.48,XY,80,80,0,1.0
22,presence,dropout,z_mad,20.48,YX,80,80,0,1.0
22,presence,dropout,z_sd,0.01,XY,80,80,0,1.0
22,presence,dropout,z_sd,0.01,YX,80,80,0,1.0
22,presence,dropout,z_sd,0.02,XY,80,80,0,1.0
22,presence,dropout,z_sd,0.02,YX,80,80,0,1.0
22,presence,dropout,z_sd,0.04,XY,80,80,0,1.0
22,presence,dropout,z_sd,0.04,YX,80,80,0,1.0
22,presence,dropout,z_sd,0.08,XY,80,80,0,1.0
22,presence,dropout,z_sd,0.08,YX,80,80,0,1.0
22,presence,dropout,z_sd,0.16,XY,80,80,0,1.0
22,presence,dropout,z_sd,0.16,YX,80,80,0,1.0
22,presence,dropout,z_sd,0.32,XY,80,80,0,1.0
22,presence,dropout,z_sd,0.32,YX,80,80,0,1.0
22,presence,dropout,z_sd,0.64,XY,80,80,0,1.0
22,presence,dropout,z_sd,0.64,YX,80,80,0,1.0
22,presence,dropout,z_sd,1.28,XY,80,80,0,1.0
22,presence,dropout,z_sd,1.28,YX,80,80,0,1.0
22,presence,dropout,z_sd,2.56,XY,80,80,0,1.0
22,presence,dropout,z_sd,2.56,YX,80,80,0,1.0
22,presence,dropout,z_sd,5.12,XY,80,80,0,1.0
22,presence,dropout,z_sd,5.12,YX,80,80,0,1.0
22,presence,dropout,z_sd,10.24,XY,80,80,0,1.0
22,presence,dropout,z_sd,10.24,YX,80,80,0,1.0
22,presence,dropout,z_sd,20.48,XY,80,80,0,1.0
22,presence,dropout,z_sd,20.48,YX,80,80,0,1.0
22,presence,noise,alpha,0.25,XY,80,80,0,1.0
22,presence,noise,alpha,0.25,YX,80,80,0,1.0
22,presence,noise,alpha,0.5,XY,80,80,0,1.0
22,presence,noise,alpha,0.5,YX,80,80,0,1.0
22,presence,noise,alpha,1.0,XY,80,80,0,1.0
22,presence,noise,alpha,1.0,YX,80,80,0,1.0
22,presence,noise,alpha,2.0,XY,80,80,0,1.0
22,presence,noise,alpha,2.0,YX,80,80,0,1.0
22,presence,noise,alpha,4.0,XY,80,80,0,1.0
22,presence,noise,alpha,4.0,YX,80,80,0,1.0
22,presence,noise,alpha,8.0,XY,80,80,0,1.0
22,presence,noise,alpha,8.0,YX,80,80,0,1.0
22,presence,noise,alpha,16.0,XY,80,80,0,1.0
22,presence,noise,alpha,16.0,YX,80,80,0,1.0
22,presence,noise,alpha,32.0,XY,80,80,0,1.0
22,presence,noise,alpha,32.0,YX,80,80,0,1.0
22,presence,noise,alpha,64.0,XY,80,80,0,1.0
22,presence,noise,alpha,64.0,YX,80,80,0,1.0
22,presence,noise,alpha,128.0,XY,80,80,0,1.0
22,presence,noise,alpha,128.0,YX,80,80,0,1.0
22,presence,noise,z_mad,0.01,XY,80,80,0,1.0
22,presence,noise,z_mad,0.01,YX,80,80,0,1.0
22,presence,noise,z_mad,0.02,XY,80,80,0,1.0
22,presence,noise,z_mad,0.02,YX,80,80,0,1.0
22,presence,noise,z_mad,0.04,XY,80,80,0,1.0
22,presence,noise,z_mad,0.04,YX,80,80,0,1.0
22,presence,noise,z_mad,0.08,XY,80,80,0,1.0
22,presence,noise,z_mad,0.08,YX,80,80,0,1.0
22,presence,noise,z_mad,0.16,XY,80,80,0,1.0
22,presence,noise,z_mad,0.16,YX,80,80,0,1.0
22,presence,noise,z_mad,0.32,XY,80,80,0,1.0
22,presence,noise,z_mad,0.32,YX,80,80,0,1.0
22,presence,noise,z_mad,0.64,XY,80,80,0,1.0
22,presence,noise,z_mad,0.64,YX,80,80,0,1.0
22,presence,noise,z_mad,1.28,XY,80,80,0,1.0
22,presence,noise,z_mad,1.28,YX,80,80,0,1.0
22,presence,noise,z_mad,2.56,XY,80,80,0,1.0
22,presence,noise,z_mad,2.56,YX,80,80,0,1.0
22,presence,noise,z_mad,5.12,XY,80,80,0,1.0
22,presence,noise,z_mad,5.12,YX,80,80,0,1.0
22,presence,noise,z_mad,10.24,XY,80,80,0,1.0
22,presence,noise,z_mad,10.24,YX,80,80,0,1.0
22,presence,noise,z_mad,20.48,XY,80,80,0,1.0
22,presence,noise,z_mad,20.48,YX,80,80,0,1.0
22,presence,noise,z_sd,0.01,XY,80,80,0,1.0
22,presence,noise,z_sd,0.01,YX,80,80,0,1.0
22,presence,noise,z_sd,0.02,XY,80,80,0,1.0
22,presence,noise,z_sd,0.02,YX,80,80,0,1.0
22,presence,noise,z_sd,0.04,XY,80,80,0,1.0
22,presence,noise,z_sd,0.04,YX,80,80,0,1.0
22,presence,noise,z_sd,0.08,XY,80,80,0,1.0
22,presence,noise,z_sd,0.08,YX,80,80,0,1.0
22,presence,noise,z_sd,0.16,XY,80,80,0,1.0
22,presence,noise,z_sd,0.16,YX,80,80,0,1.0
22,presence,noise,z_sd,0.32,XY,80,80,0,1.0
22,presence,noise,z_sd,0.32,YX,80,80,0,1.0
22,presence,noise,z_sd,0.64,XY,80,80,0,1.0
22,presence,noise,z_sd,0.64,YX,80,80,0,1.0
22,presence,noise,z_sd,1.28,XY,80,80,0,1.0
22,presence,noise,z_sd,1.28,YX,80,80,0,1.0
22,presence,noise,z_sd,2.56,XY,80,80,0,1.0
22,presence,noise,z_sd,2.56,YX,80,80,0,1.0
22,presence,noise,z_sd,5.12,XY,80,80,0,1.0
22,presence,noise,z_sd,5.12,YX,80,80,0,1.0
22,presence,noise,z_sd,10.24,XY,80,80,0,1.0
22,presence,noise,z_sd,10.24,YX,80,80,0,1.0
22,presence,noise,z_sd,20.48,XY,80,80,0,1.0
22,presence,noise,z_sd,20.48,YX,80,80,0,1.0
22,presence,random,alpha,0.25,XY,120,120,0,1.0
22,presence,random,alpha,0.25,YX,120,120,0,1.0
22,presence,random,alpha,0.5,XY,120,120,0,1.0
22,presence,random,alpha,0.5,YX,120,120,0,1.0
22,presence,random,alpha,1.0,XY,120,120,0,1.0
22,presence,random,alpha,1.0,YX,120,120,0,1.0
22,presence,random,alpha,2.0,XY,120,120,0,1.0
22,presence,random,alpha,2.0,YX,120,120,0,1.0
22,presence,random,alpha,4.0,XY,120,120,0,1.0
22,presence,random,alpha,4.0,YX,120,120,0,1.0
22,presence,random,alpha,8.0,XY,120,120,0,1.0
22,presence,random,alpha,8.0,YX,120,120,0,1.0
22,presence,random,alpha,16.0,XY,120,120,0,1.0
22,presence,random,alpha,16.0,YX,120,120,0,1.0
22,presence,random,alpha,32.0,XY,120,120,0,1.0
22,presence,random,alpha,32.0,YX,120,120,0,1.0
22,presence,random,alpha,64.0,XY,120,120,0,1.0
22,presence,random,alpha,64.0,YX,120,120,0,1.0
22,presence,random,alpha,128.0,XY,120,120,0,1.0
22,presence,random,alpha,128.0,YX,120,120,0,1.0
22,presence,random,z_mad,0.01,XY,120,120,0,1.0
22,presence,random,z_mad,0.01,YX,120,120,0,1.0
22,presence,random,z_mad,0.02,XY,120,120,0,1.0
22,presence,random,z_mad,0.02,YX,120,120,0,1.0
22,presence,random,z_mad,0.04,XY,120,120,0,1.0
22,presence,random,z_mad,0.04,YX,120,120,0,1.0
22,presence,random,z_mad,0.08,XY,120,120,0,1.0
22,presence,random,z_mad,0.08,YX,120,120,0,1.0
22,presence,random,z_mad,0.16,XY,120,120,0,1.0
22,presence,random,z_mad,0.16,YX,120,120,0,1.0
22,presence,random,z_mad,0.32,XY,120,120,0,1.0
22,presence,random,z_mad,0.32,YX,120,120,0,1.0
22,presence,random,z_mad,0.64,XY,120,120,0,1.0
22,presence,random,z_mad,0.64,YX,120,120,0,1.0
22,presence,random,z_mad,1.28,XY,120,120,0,1.0
22,presence,random,z_mad,1.28,YX,120,120,0,1.0
22,presence,random,z_mad,2.56,XY,120,120,0,1.0
22,presence,random,z_mad,2.56,YX,120,120,0,1.0
22,presence,random,z_mad,5.12,XY,120,120,0,1.0
22,presence,random,z_mad,5.12,YX,120,120,0,1.0
22,presence,random,z_mad,10.24,XY,120,120,0,1.0
22,presence,random,z_mad,10.24,YX,120,120,0,1.0
22,presence,random,z_mad,20.48,XY,120,120,0,1.0
22,presence,random,z_mad,20.48,YX,120,120,0,1.0
22,presence,random,z_sd,0.01,XY,120,120,0,1.0
22,presence,random,z_sd,0.01,YX,120,120,0,1.0
22,presence,random,z_sd,0.02,XY,120,120,0,1.0
22,presence,random,z_sd,0.02,YX,120,120,0,1.0
22,presence,random,z_sd,0.04,XY,120,120,0,1.0
22,presence,random,z_sd,0.04,YX,120,120,0,1.0
22,presence,random,z_sd,0.08,XY,120,120,0,1.0
22,presence,random,z_sd,0.08,YX,120,120,0,1.0
22,presence,random,z_sd,0.16,XY,120,120,0,1.0
22,presence,random,z_sd,0.16,YX,120,120,0,1.0
22,presence,random,z_sd,0.32,XY,120,120,0,1.0
22,presence,random,z_sd,0.32,YX,120,120,0,1.0
22,presence,random,z_sd,0.64,XY,120,120,0,1.0
22,presence,random,z_sd,0.64,YX,120,120,0,1.0
22,presence,random,z_sd,1.28,XY,120,120,0,1.0
22,presence,random,z_sd,1.28,YX,120,120,0,1.0
22,presence,random,z_sd,2.56,XY,120,120,0,1.0
22,presence,random,z_sd,2.56,YX,120,120,0,1.0
22,presence,random,z_sd,5.12,XY,120,120,0,1.0
22,presence,random,z_sd,5.12,YX,120,120,0,1.0
22,presence,random,z_sd,10.24,XY,120,120,0,1.0
22,presence,random,z_sd,10.24,YX,120,120,0,1.0
22,presence,random,z_sd,20.48,XY,120,120,0,1.0
22,presence,random,z_sd,20.48,YX,120,120,0,1.0
23,presence,concept,alpha,0.25,XY,400,400,0,1.0
23,presence,concept,alpha,0.25,YX,400,400,0,1.0
23,presence,concept,alpha,0.5,XY,400,400,0,1.0
23,presence,concept,alpha,0.5,YX,400,400,0,1.0
23,presence,concept,alpha,1.0,XY,400,400,0,1.0
23,presence,concept,alpha,1.0,YX,400,400,0,1.0
23,presence,concept,alpha,2.0,XY,400,400,0,1.0
23,presence,concept,alpha,2.0,YX,400,400,0,1.0
23,presence,concept,alpha,4.0,XY,400,400,0,1.0
23,presence,concept,alpha,4.0,YX,400,400,0,1.0
23,presence,concept,alpha,8.0,XY,400,400,0,1.0
23,presence,concept,alpha,8.0,YX,400,400,0,1.0
23,presence,concept,alpha,16.0,XY,400,400,0,1.0
23,presence,concept,alpha,16.0,YX,400,400,0,1.0
23,presence,concept,alpha,32.0,XY,400,400,0,1.0
23,presence,concept,alpha,32.0,YX,400,400,0,1.0
23,presence,concept,alpha,64.0,XY,400,400,0,1.0
23,presence,concept,alpha,64.0,YX,400,400,0,1.0
23,presence,concept,alpha,128.0,XY,400,400,0,1.0
23,presence,concept,alpha,128.0,YX,400,400,0,1.0
23,presence,concept,z_mad,0.01,XY,400,400,0,1.0
23,presence,concept,z_mad,0.01,YX,400,400,0,1.0
23,presence,concept,z_mad,0.02,XY,400,400,0,1.0
23,presence,concept,z_mad,0.02,YX,400,400,0,1.0
23,presence,concept,z_mad,0.04,XY,400,400,0,1.0
23,presence,concept,z_mad,0.04,YX,400,400,0,1.0
23,presence,concept,z_mad,0.08,XY,400,400,0,1.0
23,presence,concept,z_mad,0.08,YX,400,400,0,1.0
23,presence,concept,z_mad,0.16,XY,400,400,0,1.0
23,presence,concept,z_mad,0.16,YX,400,400,0,1.0
23,presence,concept,z_mad,0.32,XY,400,400,0,1.0
23,presence,concept,z_mad,0.32,YX,400,400,0,1.0
23,presence,concept,z_mad,0.64,XY,400,400,0,1.0
23,presence,concept,z_mad,0.64,YX,400,400,0,1.0
23,presence,concept,z_mad,1.28,XY,400,400,0,1.0
23,presence,concept,z_mad,1.28,YX,400,400,0,1.0
23,presence,concept,z_mad,2.56,XY,400,400,0,1.0
23,presence,concept,z_mad,2.56,YX,400,400,0,1.0
23,presence,concept,z_mad,5.12,XY,400,400,0,1.0
23,presence,concept,z_mad,5.12,YX,400,400,0,1.0
23,presence,concept,z_mad,10.24,XY,400,400,0,1.0
23,presence,concept,z_mad,10.24,YX,400,400,0,1.0
23,presence,concept,z_mad,20.48,XY,400,400,0,1.0
23,presence,concept,z_mad,20.48,YX,400,400,0,1.0
23,presence,concept,z_sd,0.01,XY,400,400,0,1.0
23,presence,concept,z_sd,0.01,YX,400,400,0,1.0
23,presence,concept,z_sd,0.02,XY,400,400,0,1.0
23,presence,concept,z_sd,0.02,YX,400,400,0,1.0
23,presence,concept,z_sd,0.04,XY,400,400,0,1.0
23,presence,concept,z_sd,0.04,YX,400,400,0,1.0
23,presence,concept,z_sd,0.08,XY,400,400,0,1.0
23,presence,concept,z_sd,0.08,YX,400,400,0,1.0
23,presence,concept,z_sd,0.16,XY,400,400,0,1.0
23,presence,concept,z_sd,0.16,YX,400,400,0,1.0
23,presence,concept,z_sd,0.32,XY,400,400,0,1.0
23,presence,concept,z_sd,0.32,YX,400,400,0,1.0
23,presence,concept,z_sd,0.64,XY,400,400,0,1.0
23,presence,concept,z_sd,0.64,YX,400,400,0,1.0
23,presence,concept,z_sd,1.28,XY,400,400,0,1.0
23,presence,concept,z_sd,1.28,YX,400,400,0,1.0
23,presence,concept,z_sd,2.56,XY,400,400,0,1.0
23,presence,concept,z_sd,2.56,YX,400,400,0,1.0
23,presence,concept,z_sd,5.12,XY,400,400,0,1.0
23,presence,concept,z_sd,5.12,YX,400,400,0,1.0
23,presence,concept,z_sd,10.24,XY,400,400,0,1.0
23,presence,concept,z_sd,10.24,YX,400,400,0,1.0
23,presence,concept,z_sd,20.48,XY,400,400,0,1.0
23,presence,concept,z_sd,20.48,YX,400,400,0,1.0
23,presence,dropout,alpha,0.25,XY,80,80,0,1.0
23,presence,dropout,alpha,0.25,YX,80,80,0,1.0
23,presence,dropout,alpha,0.5,XY,80,80,0,1.0
23,presence,dropout,alpha,0.5,YX,80,80,0,1.0
23,presence,dropout,alpha,1.0,XY,80,80,0,1.0
23,presence,dropout,alpha,1.0,YX,80,80,0,1.0
23,presence,dropout,alpha,2.0,XY,80,80,0,1.0
23,presence,dropout,alpha,2.0,YX,80,80,0,1.0
23,presence,dropout,alpha,4.0,XY,80,80,0,1.0
23,presence,dropout,alpha,4.0,YX,80,80,0,1.0
23,presence,dropout,alpha,8.0,XY,80,80,0,1.0
23,presence,dropout,alpha,8.0,YX,80,80,0,1.0
23,presence,dropout,alpha,16.0,XY,80,80,0,1.0
23,presence,dropout,alpha,16.0,YX,80,80,0,1.0
23,presence,dropout,alpha,32.0,XY,80,80,0,1.0
23,presence,dropout,alpha,32.0,YX,80,80,0,1.0
23,presence,dropout,alpha,64.0,XY,80,80,0,1.0
23,presence,dropout,alpha,64.0,YX,80,80,0,1.0
23,presence,dropout,alpha,128.0,XY,80,80,0,1.0
23,presence,dropout,alpha,128.0,YX,80,80,0,1.0
23,presence,dropout,z_mad,0.01,XY,80,80,0,1.0
23,presence,dropout,z_mad,0.01,YX,80,80,0,1.0
23,presence,dropout,z_mad,0.02,XY,80,80,0,1.0
23,presence,dropout,z_mad,0.02,YX,80,80,0,1.0
23,presence,dropout,z_mad,0.04,XY,80,80,0,1.0
23,presence,dropout,z_mad,0.04,YX,80,80,0,1.0
23,presence,dropout,z_mad,0.08,XY,80,80,0,1.0
23,presence,dropout,z_mad,0.08,YX,80,80,0,1.0
23,presence,dropout,z_mad,0.16,XY,80,80,0,1.0
23,presence,dropout,z_mad,0.16,YX,80,80,0,1.0
23,presence,dropout,z_mad,0.32,XY,80,80,0,1.0
23,presence,dropout,z_mad,0.32,YX,80,80,0,1.0
23,presence,dropout,z_mad,0.64,XY,80,80,0,1.0
23,presence,dropout,z_mad,0.64,YX,80,80,0,1.0
23,presence,dropout,z_mad,1.28,XY,80,80,0,1.0
23,presence,dropout,z_mad,1.28,YX,80,80,0,1.0
23,presence,dropout,z_mad,2.56,XY,80,80,0,1.0
23,presence,dropout,z_mad,2.56,YX,80,80,0,1.0
23,presence,dropout,z_mad,5.12,XY,80,80,0,1.0
23,presence,dropout,z_mad,5.12,YX,80,80,0,1.0
23,presence,dropout,z_mad,10.24,XY,80,80,0,1.0
23,presence,dropout,z_mad,10.24,YX,80,80,0,1.0
23,presence,dropout,z_mad,20.48,XY,80,80,0,1.0
23,presence,dropout,z_mad,20.48,YX,80,80,0,1.0
23,presence,dropout,z_sd,0.01,XY,80,80,0,1.0
23,presence,dropout,z_sd,0.01,YX,80,80,0,1.0
23,presence,dropout,z_sd,0.02,XY,80,80,0,1.0
23,presence,dropout,z_sd,0.02,YX,80,80,0,1.0
23,presence,dropout,z_sd,0.04,XY,80,80,0,1.0
23,presence,dropout,z_sd,0.04,YX,80,80,0,1.0
23,presence,dropout,z_sd,0.08,XY,80,80,0,1.0
23,presence,dropout,z_sd,0.08,YX,80,80,0,1.0
23,presence,dropout,z_sd,0.16,XY,80,80,0,1.0
23,presence,dropout,z_sd,0.16,YX,80,80,0,1.0
23,presence,dropout,z_sd,0.32,XY,80,80,0,1.0
23,presence,dropout,z_sd,0.32,YX,80,80,0,1.0
23,presence,dropout,z_sd,0.64,XY,80,80,0,1.0
23,presence,dropout,z_sd,0.64,YX,80,80,0,1.0
23,presence,dropout,z_sd,1.28,XY,80,80,0,1.0
23,presence,dropout,z_sd,1.28,YX,80,80,0,1.0
23,presence,dropout,z_sd,2.56,XY,80,80,0,1.0
23,presence,dropout,z_sd,2.56,YX,80,80,0,1.0
23,presence,dropout,z_sd,5.12,XY,80,80,0,1.0
23,presence,dropout,z_sd,5.12,YX,80,80,0,1.0
23,presence,dropout,z_sd,10.24,XY,80,80,0,1.0
23,presence,dropout,z_sd,10.24,YX,80,80,0,1.0
23,presence,dropout,z_sd,20.48,XY,80,80,0,1.0
23,presence,dropout,z_sd,20.48,YX,80,80,0,1.0
23,presence,noise,alpha,0.25,XY,80,80,0,1.0
23,presence,noise,alpha,0.25,YX,80,80,0,1.0
23,presence,noise,alpha,0.5,XY,80,80,0,1.0
23,presence,noise,alpha,0.5,YX,80,80,0,1.0
23,presence,noise,alpha,1.0,XY,80,80,0,1.0
23,presence,noise,alpha,1.0,YX,80,80,0,1.0
23,presence,noise,alpha,2.0,XY,80,80,0,1.0
23,presence,noise,alpha,2.0,YX,80,80,0,1.0
23,presence,noise,alpha,4.0,XY,80,80,0,1.0
23,presence,noise,alpha,4.0,YX,80,80,0,1.0
23,presence,noise,alpha,8.0,XY,80,80,0,1.0
23,presence,noise,alpha,8.0,YX,80,80,0,1.0
23,presence,noise,alpha,16.0,XY,80,80,0,1.0
23,presence,noise,alpha,16.0,YX,80,80,0,1.0
23,presence,noise,alpha,32.0,XY,80,80,0,1.0
23,presence,noise,alpha,32.0,YX,80,80,0,1.0
23,presence,noise,alpha,64.0,XY,80,80,0,1.0
23,presence,noise,alpha,64.0,YX,80,80,0,1.0
23,presence,noise,alpha,128.0,XY,80,80,0,1.0
23,presence,noise,alpha,128.0,YX,80,80,0,1.0
23,presence,noise,z_mad,0.01,XY,80,80,0,1.0
23,presence,noise,z_mad,0.01,YX,80,80,0,1.0
23,presence,noise,z_mad,0.02,XY,80,80,0,1.0
23,presence,noise,z_mad,0.02,YX,80,80,0,1.0
23,presence,noise,z_mad,0.04,XY,80,80,0,1.0
23,presence,noise,z_mad,0.04,YX,80,80,0,1.0
23,presence,noise,z_mad,0.08,XY,80,80,0,1.0
23,presence,noise,z_mad,0.08,YX,80,80,0,1.0
23,presence,noise,z_mad,0.16,XY,80,80,0,1.0
23,presence,noise,z_mad,0.16,YX,80,80,0,1.0
23,presence,noise,z_mad,0.32,XY,80,80,0,1.0
23,presence,noise,z_mad,0.32,YX,80,80,0,1.0
23,presence,noise,z_mad,0.64,XY,80,80,0,1.0
23,presence,noise,z_mad,0.64,YX,80,80,0,1.0
23,presence,noise,z_mad,1.28,XY,80,80,0,1.0
23,presence,noise,z_mad,1.28,YX,80,80,0,1.0
23,presence,noise,z_mad,2.56,XY,80,80,0,1.0
23,presence,noise,z_mad,2.56,YX,80,80,0,1.0
23,presence,noise,z_mad,5.12,XY,80,80,0,1.0
23,presence,noise,z_mad,5.12,YX,80,80,0,1.0
23,presence,noise,z_mad,10.24,XY,80,80,0,1.0
23,presence,noise,z_mad,10.24,YX,80,80,0,1.0
23,presence,noise,z_mad,20.48,XY,80,80,0,1.0
23,presence,noise,z_mad,20.48,YX,80,80,0,1.0
23,presence,noise,z_sd,0.01,XY,80,80,0,1.0
23,presence,noise,z_sd,0.01,YX,80,80,0,1.0
23,presence,noise,z_sd,0.02,XY,80,80,0,1.0
23,presence,noise,z_sd,0.02,YX,80,80,0,1.0
23,presence,noise,z_sd,0.04,XY,80,80,0,1.0
23,presence,noise,z_sd,0.04,YX,80,80,0,1.0
23,presence,noise,z_sd,0.08,XY,80,80,0,1.0
23,presence,noise,z_sd,0.08,YX,80,80,0,1.0
23,presence,noise,z_sd,0.16,XY,80,80,0,1.0
23,presence,noise,z_sd,0.16,YX,80,80,0,1.0
23,presence,noise,z_sd,0.32,XY,80,80,0,1.0
23,presence,noise,z_sd,0.32,YX,80,80,0,1.0
23,presence,noise,z_sd,0.64,XY,80,80,0,1.0
23,presence,noise,z_sd,0.64,YX,80,80,0,1.0
23,presence,noise,z_sd,1.28,XY,80,80,0,1.0
23,presence,noise,z_sd,1.28,YX,80,80,0,1.0
23,presence,noise,z_sd,2.56,XY,80,80,0,1.0
23,presence,noise,z_sd,2.56,YX,80,80,0,1.0
23,presence,noise,z_sd,5.12,XY,80,80,0,1.0
23,presence,noise,z_sd,5.12,YX,80,80,0,1.0
23,presence,noise,z_sd,10.24,XY,80,80,0,1.0
23,presence,noise,z_sd,10.24,YX,80,80,0,1.0
23,presence,noise,z_sd,20.48,XY,80,80,0,1.0
23,presence,noise,z_sd,20.48,YX,80,80,0,1.0
23,presence,random,alpha,0.25,XY,120,120,0,1.0
23,presence,random,alpha,0.25,YX,120,120,0,1.0
23,presence,random,alpha,0.5,XY,120,120,0,1.0
23,presence,random,alpha,0.5,YX,120,120,0,1.0
23,presence,random,alpha,1.0,XY,120,120,0,1.0
23,presence,random,alpha,1.0,YX,120,120,0,1.0
23,presence,random,alpha,2.0,XY,120,120,0,1.0
23,presence,random,alpha,2.0,YX,120,120,0,1.0
23,presence,random,alpha,4.0,XY,120,120,0,1.0
23,presence,random,alpha,4.0,YX,120,120,0,1.0
23,presence,random,alpha,8.0,XY,120,120,0,1.0
23,presence,random,alpha,8.0,YX,120,120,0,1.0
23,presence,random,alpha,16.0,XY,120,120,0,1.0
23,presence,random,alpha,16.0,YX,120,120,0,1.0
23,presence,random,alpha,32.0,XY,120,120,0,1.0
23,presence,random,alpha,32.0,YX,120,120,0,1.0
23,presence,random,alpha,64.0,XY,120,120,0,1.0
23,presence,random,alpha,64.0,YX,120,120,0,1.0
23,presence,random,alpha,128.0,XY,120,120,0,1.0
23,presence,random,alpha,128.0,YX,120,120,0,1.0
23,presence,random,z_mad,0.01,XY,120,120,0,1.0
23,presence,random,z_mad,0.01,YX,120,120,0,1.0
23,presence,random,z_mad,0.02,XY,120,120,0,1.0
23,presence,random,z_mad,0.02,YX,120,120,0,1.0
23,presence,random,z_mad,0.04,XY,120,120,0,1.0
23,presence,random,z_mad,0.04,YX,120,120,0,1.0
23,presence,random,z_mad,0.08,XY,120,120,0,1.0
23,presence,random,z_mad,0.08,YX,120,120,0,1.0
23,presence,random,z_mad,0.16,XY,120,120,0,1.0
23,presence,random,z_mad,0.16,YX,120,120,0,1.0
23,presence,random,z_mad,0.32,XY,120,120,0,1.0
23,presence,random,z_mad,0.32,YX,120,120,0,1.0
23,presence,random,z_mad,0.64,XY,120,120,0,1.0
23,presence,random,z_mad,0.64,YX,120,120,0,1.0
23,presence,random,z_mad,1.28,XY,120,120,0,1.0
23,presence,random,z_mad,1.28,YX,120,120,0,1.0
23,presence,random,z_mad,2.56,XY,120,120,0,1.0
23,presence,random,z_mad,2.56,YX,120,120,0,1.0
23,presence,random,z_mad,5.12,XY,120,120,0,1.0
23,presence,random,z_mad,5.12,YX,120,120,0,1.0
23,presence,random,z_mad,10.24,XY,120,120,0,1.0
23,presence,random,z_mad,10.24,YX,120,120,0,1.0
23,presence,random,z_mad,20.48,XY,120,120,0,1.0
23,presence,random,z_mad,20.48,YX,120,120,0,1.0
23,presence,random,z_sd,0.01,XY,120,120,0,1.0
23,presence,random,z_sd,0.01,YX,120,120,0,1.0
23,presence,random,z_sd,0.02,XY,120,120,0,1.0
23,presence,random,z_sd,0.02,YX,120,120,0,1.0
23,presence,random,z_sd,0.04,XY,120,120,0,1.0
23,presence,random,z_sd,0.04,YX,120,120,0,1.0
23,presence,random,z_sd,0.08,XY,120,120,0,1.0
23,presence,random,z_sd,0.08,YX,120,120,0,1.0
23,presence,random,z_sd,0.16,XY,120,120,0,1.0
23,presence,random,z_sd,0.16,YX,120,120,0,1.0
23,presence,random,z_sd,0.32,XY,120,120,0,1.0
23,presence,random,z_sd,0.32,YX,120,120,0,1.0
23,presence,random,z_sd,0.64,XY,120,120,0,1.0
23,presence,random,z_sd,0.64,YX,120,120,0,1.0
23,presence,random,z_sd,1.28,XY,120,120,0,1.0
23,presence,random,z_sd,1.28,YX,120,120,0,1.0
23,presence,random,z_sd,2.56,XY,120,120,0,1.0
23,presence,random,z_sd,2.56,YX,120,120,0,1.0
23,presence,random,z_sd,5.12,XY,120,120,0,1.0
23,presence,random,z_sd,5.12,YX,120,120,0,1.0
23,presence,random,z_sd,10.24,XY,120,120,0,1.0
23,presence,random,z_sd,10.24,YX,120,120,0,1.0
23,presence,random,z_sd,20.48,XY,120,120,0,1.0
23,presence,random,z_sd,20.48,YX,120,120,0,1.0
24,presence,concept,alpha,0.25,XY,400,400,0,1.0
24,presence,concept,alpha,0.25,YX,400,400,0,1.0
24,presence,concept,alpha,0.5,XY,400,400,0,1.0
24,presence,concept,alpha,0.5,YX,400,400,0,1.0
24,presence,concept,alpha,1.0,XY,400,400,0,1.0
24,presence,concept,alpha,1.0,YX,400,400,0,1.0
24,presence,concept,alpha,2.0,XY,400,400,0,1.0
24,presence,concept,alpha,2.0,YX,400,400,0,1.0
24,presence,concept,alpha,4.0,XY,400,400,0,1.0
24,presence,concept,alpha,4.0,YX,400,400,0,1.0
24,presence,concept,alpha,8.0,XY,400,400,0,1.0
24,presence,concept,alpha,8.0,YX,400,400,0,1.0
24,presence,concept,alpha,16.0,XY,400,400,0,1.0
24,presence,concept,alpha,16.0,YX,400,400,0,1.0
24,presence,concept,alpha,32.0,XY,400,400,0,1.0
24,presence,concept,alpha,32.0,YX,400,400,0,1.0
24,presence,concept,alpha,64.0,XY,400,400,0,1.0
24,presence,concept,alpha,64.0,YX,400,400,0,1.0
24,presence,concept,alpha,128.0,XY,400,400,0,1.0
24,presence,concept,alpha,128.0,YX,400,400,0,1.0
24,presence,concept,z_mad,0.01,XY,400,400,0,1.0
24,presence,concept,z_mad,0.01,YX,400,400,0,1.0
24,presence,concept,z_mad,0.02,XY,400,400,0,1.0
24,presence,concept,z_mad,0.02,YX,400,400,0,1.0
24,presence,concept,z_mad,0.04,XY,400,400,0,1.0
24,presence,concept,z_mad,0.04,YX,400,400,0,1.0
24,presence,concept,z_mad,0.08,XY,400,400,0,1.0
24,presence,concept,z_mad,0.08,YX,400,400,0,1.0
24,presence,concept,z_mad,0.16,XY,400,400,0,1.0
24,presence,concept,z_mad,0.16,YX,400,400,0,1.0
24,presence,concept,z_mad,0.32,XY,400,400,0,1.0
24,presence,concept,z_mad,0.32,YX,400,400,0,1.0
24,presence,concept,z_mad,0.64,XY,400,400,0,1.0
24,presence,concept,z_mad,0.64,YX,400,400,0,1.0
24,presence,concept,z_mad,1.28,XY,400,400,0,1.0
24,presence,concept,z_mad,1.28,YX,400,400,0,1.0
24,presence,concept,z_mad,2.56,XY,400,400,0,1.0
24,presence,concept,z_mad,2.56,YX,400,400,0,1.0
24,presence,concept,z_mad,5.12,XY,400,400,0,1.0
24,presence,concept,z_mad,5.12,YX,400,400,0,1.0
24,presence,concept,z_mad,10.24,XY,400,400,0,1.0
24,presence,concept,z_mad,10.24,YX,400,400,0,1.0
24,presence,concept,z_mad,20.48,XY,400,400,0,1.0
24,presence,concept,z_mad,20.48,YX,400,400,0,1.0
24,presence,concept,z_sd,0.01,XY,400,400,0,1.0
24,presence,concept,z_sd,0.01,YX,400,400,0,1.0
24,presence,concept,z_sd,0.02,XY,400,400,0,1.0
24,presence,concept,z_sd,0.02,YX,400,400,0,1.0
24,presence,concept,z_sd,0.04,XY,400,400,0,1.0
24,presence,concept,z_sd,0.04,YX,400,400,0,1.0
24,presence,concept,z_sd,0.08,XY,400,400,0,1.0
24,presence,concept,z_sd,0.08,YX,400,400,0,1.0
24,presence,concept,z_sd,0.16,XY,400,400,0,1.0
24,presence,concept,z_sd,0.16,YX,400,400,0,1.0
24,presence,concept,z_sd,0.32,XY,400,400,0,1.0
24,presence,concept,z_sd,0.32,YX,400,400,0,1.0
24,presence,concept,z_sd,0.64,XY,400,400,0,1.0
24,presence,concept,z_sd,0.64,YX,400,400,0,1.0
24,presence,concept,z_sd,1.28,XY,400,400,0,1.0
24,presence,concept,z_sd,1.28,YX,400,400,0,1.0
24,presence,concept,z_sd,2.56,XY,400,400,0,1.0
24,presence,concept,z_sd,2.56,YX,400,400,0,1.0
24,presence,concept,z_sd,5.12,XY,400,400,0,1.0
24,presence,concept,z_sd,5.12,YX,400,400,0,1.0
24,presence,concept,z_sd,10.24,XY,400,400,0,1.0
24,presence,concept,z_sd,10.24,YX,400,400,0,1.0
24,presence,concept,z_sd,20.48,XY,400,400,0,1.0
24,presence,concept,z_sd,20.48,YX,400,400,0,1.0
24,presence,dropout,alpha,0.25,XY,80,80,0,1.0
24,presence,dropout,alpha,0.25,YX,80,80,0,1.0
24,presence,dropout,alpha,0.5,XY,80,80,0,1.0
24,presence,dropout,alpha,0.5,YX,80,80,0,1.0
24,presence,dropout,alpha,1.0,XY,80,80,0,1.0
24,presence,dropout,alpha,1.0,YX,80,80,0,1.0
24,presence,dropout,alpha,2.0,XY,80,80,0,1.0
24,presence,dropout,alpha,2.0,YX,80,80,0,1.0
24,presence,dropout,alpha,4.0,XY,80,80,0,1.0
24,presence,dropout,alpha,4.0,YX,80,80,0,1.0
24,presence,dropout,alpha,8.0,XY,80,80,0,1.0
24,presence,dropout,alpha,8.0,YX,80,80,0,1.0
24,presence,dropout,alpha,16.0,XY,80,80,0,1.0
24,presence,dropout,alpha,16.0,YX,80,80,0,1.0
24,presence,dropout,alpha,32.0,XY,80,80,0,1.0
24,presence,dropout,alpha,32.0,YX,80,80,0,1.0
24,presence,dropout,alpha,64.0,XY,80,80,0,1.0
24,presence,dropout,alpha,64.0,YX,80,80,0,1.0
24,presence,dropout,alpha,128.0,XY,80,80,0,1.0
24,presence,dropout,alpha,128.0,YX,80,80,0,1.0
24,presence,dropout,z_mad,0.01,XY,80,80,0,1.0
24,presence,dropout,z_mad,0.01,YX,80,80,0,1.0
24,presence,dropout,z_mad,0.02,XY,80,80,0,1.0
24,presence,dropout,z_mad,0.02,YX,80,80,0,1.0
24,presence,dropout,z_mad,0.04,XY,80,80,0,1.0
24,presence,dropout,z_mad,0.04,YX,80,80,0,1.0
24,presence,dropout,z_mad,0.08,XY,80,80,0,1.0
24,presence,dropout,z_mad,0.08,YX,80,80,0,1.0
24,presence,dropout,z_mad,0.16,XY,80,80,0,1.0
24,presence,dropout,z_mad,0.16,YX,80,80,0,1.0
24,presence,dropout,z_mad,0.32,XY,80,80,0,1.0
24,presence,dropout,z_mad,0.32,YX,80,80,0,1.0
24,presence,dropout,z_mad,0.64,XY,80,80,0,1.0
24,presence,dropout,z_mad,0.64,YX,80,80,0,1.0
24,presence,dropout,z_mad,1.28,XY,80,80,0,1.0
24,presence,dropout,z_mad,1.28,YX,80,80,0,1.0
24,presence,dropout,z_mad,2.56,XY,80,80,0,1.0
24,presence,dropout,z_mad,2.56,YX,80,80,0,1.0
24,presence,dropout,z_mad,5.12,XY,80,80,0,1.0
24,presence,dropout,z_mad,5.12,YX,80,80,0,1.0
24,presence,dropout,z_mad,10.24,XY,80,80,0,1.0
24,presence,dropout,z_mad,10.24,YX,80,80,0,1.0
24,presence,dropout,z_mad,20.48,XY,80,80,0,1.0
24,presence,dropout,z_mad,20.48,YX,80,80,0,1.0
24,presence,dropout,z_sd,0.01,XY,80,80,0,1.0
24,presence,dropout,z_sd,0.01,YX,80,80,0,1.0
24,presence,dropout,z_sd,0.02,XY,80,80,0,1.0
24,presence,dropout,z_sd,0.02,YX,80,80,0,1.0
24,presence,dropout,z_sd,0.04,XY,80,80,0,1.0
24,presence,dropout,z_sd,0.04,YX,80,80,0,1.0
24,presence,dropout,z_sd,0.08,XY,80,80,0,1.0
24,presence,dropout,z_sd,0.08,YX,80,80,0,1.0
24,presence,dropout,z_sd,0.16,XY,80,80,0,1.0
24,presence,dropout,z_sd,0.16,YX,80,80,0,1.0
24,presence,dropout,z_sd,0.32,XY,80,80,0,1.0
24,presence,dropout,z_sd,0.32,YX,80,80,0,1.0
24,presence,dropout,z_sd,0.64,XY,80,80,0,1.0
24,presence,dropout,z_sd,0.64,YX,80,80,0,1.0
24,presence,dropout,z_sd,1.28,XY,80,80,0,1.0
24,presence,dropout,z_sd,1.28,YX,80,80,0,1.0
24,presence,dropout,z_sd,2.56,XY,80,80,0,1.0
24,presence,dropout,z_sd,2.56,YX,80,80,0,1.0
24,presence,dropout,z_sd,5.12,XY,80,80,0,1.0
24,presence,dropout,z_sd,5.12,YX,80,80,0,1.0
24,presence,dropout,z_sd,10.24,XY,80,80,0,1.0
24,presence,dropout,z_sd,10.24,YX,80,80,0,1.0
24,presence,dropout,z_sd,20.48,XY,80,80,0,1.0
24,presence,dropout,z_sd,20.48,YX,80,80,0,1.0
24,presence,noise,alpha,0.25,XY,80,80,0,1.0
24,presence,noise,alpha,0.25,YX,80,80,0,1.0
24,presence,noise,alpha,0.5,XY,80,80,0,1.0
24,presence,noise,alpha,0.5,YX,80,80,0,1.0
24,presence,noise,alpha,1.0,XY,80,80,0,1.0
24,presence,noise,alpha,1.0,YX,80,80,0,1.0
24,presence,noise,alpha,2.0,XY,80,80,0,1.0
24,presence,noise,alpha,2.0,YX,80,80,0,1.0
24,presence,noise,alpha,4.0,XY,80,80,0,1.0
24,presence,noise,alpha,4.0,YX,80,80,0,1.0
24,presence,noise,alpha,8.0,XY,80,80,0,1.0
24,presence,noise,alpha,8.0,YX,80,80,0,1.0
24,presence,noise,alpha,16.0,XY,80,80,0,1.0
24,presence,noise,alpha,16.0,YX,80,80,0,1.0
24,presence,noise,alpha,32.0,XY,80,80,0,1.0
24,presence,noise,alpha,32.0,YX,80,80,0,1.0
24,presence,noise,alpha,64.0,XY,80,80,0,1.0
24,presence,noise,alpha,64.0,YX,80,80,0,1.0
24,presence,noise,alpha,128.0,XY,80,80,0,1.0
24,presence,noise,alpha,128.0,YX,80,80,0,1.0
24,presence,noise,z_mad,0.01,XY,80,80,0,1.0
24,presence,noise,z_mad,0.01,YX,80,80,0,1.0
24,presence,noise,z_mad,0.02,XY,80,80,0,1.0
24,presence,noise,z_mad,0.02,YX,80,80,0,1.0
24,presence,noise,z_mad,0.04,XY,80,80,0,1.0
24,presence,noise,z_mad,0.04,YX,80,80,0,1.0
24,presence,noise,z_mad,0.08,XY,80,80,0,1.0
24,presence,noise,z_mad,0.08,YX,80,80,0,1.0
24,presence,noise,z_mad,0.16,XY,80,80,0,1.0
24,presence,noise,z_mad,0.16,YX,80,80,0,1.0
24,presence,noise,z_mad,0.32,XY,80,80,0,1.0
24,presence,noise,z_mad,0.32,YX,80,80,0,1.0
24,presence,noise,z_mad,0.64,XY,80,80,0,1.0
24,presence,noise,z_mad,0.64,YX,80,80,0,1.0
24,presence,noise,z_mad,1.28,XY,80,80,0,1.0
24,presence,noise,z_mad,1.28,YX,80,80,0,1.0
24,presence,noise,z_mad,2.56,XY,80,80,0,1.0
24,presence,noise,z_mad,2.56,YX,80,80,0,1.0
24,presence,noise,z_mad,5.12,XY,80,80,0,1.0
24,presence,noise,z_mad,5.12,YX,80,80,0,1.0
24,presence,noise,z_mad,10.24,XY,80,80,0,1.0
24,presence,noise,z_mad,10.24,YX,80,80,0,1.0
24,presence,noise,z_mad,20.48,XY,80,80,0,1.0
24,presence,noise,z_mad,20.48,YX,80,80,0,1.0
24,presence,noise,z_sd,0.01,XY,80,80,0,1.0
24,presence,noise,z_sd,0.01,YX,80,80,0,1.0
24,presence,noise,z_sd,0.02,XY,80,80,0,1.0
24,presence,noise,z_sd,0.02,YX,80,80,0,1.0
24,presence,noise,z_sd,0.04,XY,80,80,0,1.0
24,presence,noise,z_sd,0.04,YX,80,80,0,1.0
24,presence,noise,z_sd,0.08,XY,80,80,0,1.0
24,presence,noise,z_sd,0.08,YX,80,80,0,1.0
24,presence,noise,z_sd,0.16,XY,80,80,0,1.0
24,presence,noise,z_sd,0.16,YX,80,80,0,1.0
24,presence,noise,z_sd,0.32,XY,80,80,0,1.0
24,presence,noise,z_sd,0.32,YX,80,80,0,1.0
24,presence,noise,z_sd,0.64,XY,80,80,0,1.0
24,presence,noise,z_sd,0.64,YX,80,80,0,1.0
24,presence,noise,z_sd,1.28,XY,80,80,0,1.0
24,presence,noise,z_sd,1.28,YX,80,80,0,1.0
24,presence,noise,z_sd,2.56,XY,80,80,0,1.0
24,presence,noise,z_sd,2.56,YX,80,80,0,1.0
24,presence,noise,z_sd,5.12,XY,80,80,0,1.0
24,presence,noise,z_sd,5.12,YX,80,80,0,1.0
24,presence,noise,z_sd,10.24,XY,80,80,0,1.0
24,presence,noise,z_sd,10.24,YX,80,80,0,1.0
24,presence,noise,z_sd,20.48,XY,80,80,0,1.0
24,presence,noise,z_sd,20.48,YX,80,80,0,1.0
24,presence,random,alpha,0.25,XY,120,120,0,1.0
24,presence,random,alpha,0.25,YX,120,120,0,1.0
24,presence,random,alpha,0.5,XY,120,120,0,1.0
24,presence,random,alpha,0.5,YX,120,120,0,1.0
24,presence,random,alpha,1.0,XY,120,120,0,1.0
24,presence,random,alpha,1.0,YX,120,120,0,1.0
24,presence,random,alpha,2.0,XY,120,120,0,1.0
24,presence,random,alpha,2.0,YX,120,120,0,1.0
24,presence,random,alpha,4.0,XY,120,120,0,1.0
24,presence,random,alpha,4.0,YX,120,120,0,1.0
24,presence,random,alpha,8.0,XY,120,120,0,1.0
24,presence,random,alpha,8.0,YX,120,120,0,1.0
24,presence,random,alpha,16.0,XY,120,120,0,1.0
24,presence,random,alpha,16.0,YX,120,120,0,1.0
24,presence,random,alpha,32.0,XY,120,120,0,1.0
24,presence,random,alpha,32.0,YX,120,120,0,1.0
24,presence,random,alpha,64.0,XY,120,120,0,1.0
24,presence,random,alpha,64.0,YX,120,120,0,1.0
24,presence,random,alpha,128.0,XY,120,120,0,1.0
24,presence,random,alpha,128.0,YX,120,120,0,1.0
24,presence,random,z_mad,0.01,XY,120,120,0,1.0
24,presence,random,z_mad,0.01,YX,120,120,0,1.0
24,presence,random,z_mad,0.02,XY,120,120,0,1.0
24,presence,random,z_mad,0.02,YX,120,120,0,1.0
24,presence,random,z_mad,0.04,XY,120,120,0,1.0
24,presence,random,z_mad,0.04,YX,120,120,0,1.0
24,presence,random,z_mad,0.08,XY,120,120,0,1.0
24,presence,random,z_mad,0.08,YX,120,120,0,1.0
24,presence,random,z_mad,0.16,XY,120,120,0,1.0
24,presence,random,z_mad,0.16,YX,120,120,0,1.0
24,presence,random,z_mad,0.32,XY,120,120,0,1.0
24,presence,random,z_mad,0.32,YX,120,120,0,1.0
24,presence,random,z_mad,0.64,XY,120,120,0,1.0
24,presence,random,z_mad,0.64,YX,120,120,0,1.0
24,presence,random,z_mad,1.28,XY,120,120,0,1.0
24,presence,random,z_mad,1.28,YX,120,120,0,1.0
24,presence,random,z_mad,2.56,XY,120,120,0,1.0
24,presence,random,z_mad,2.56,YX,120,120,0,1.0
24,presence,random,z_mad,5.12,XY,120,120,0,1.0
24,presence,random,z_mad,5.12,YX,120,120,0,1.0
24,presence,random,z_mad,10.24,XY,120,120,0,1.0
24,presence,random,z_mad,10.24,YX,120,120,0,1.0
24,presence,random,z_mad,20.48,XY,120,120,0,1.0
24,presence,random,z_mad,20.48,YX,120,120,0,1.0
24,presence,random,z_sd,0.01,XY,120,120,0,1.0
24,presence,random,z_sd,0.01,YX,120,120,0,1.0
24,presence,random,z_sd,0.02,XY,120,120,0,1.0
24,presence,random,z_sd,0.02,YX,120,120,0,1.0
24,presence,random,z_sd,0.04,XY,120,120,0,1.0
24,presence,random,z_sd,0.04,YX,120,120,0,1.0
24,presence,random,z_sd,0.08,XY,120,120,0,1.0
24,presence,random,z_sd,0.08,YX,120,120,0,1.0
24,presence,random,z_sd,0.16,XY,120,120,0,1.0
24,presence,random,z_sd,0.16,YX,120,120,0,1.0
24,presence,random,z_sd,0.32,XY,120,120,0,1.0
24,presence,random,z_sd,0.32,YX,120,120,0,1.0
24,presence,random,z_sd,0.64,XY,120,120,0,1.0
24,presence,random,z_sd,0.64,YX,120,120,0,1.0
24,presence,random,z_sd,1.28,XY,120,120,0,1.0
24,presence,random,z_sd,1.28,YX,120,120,0,1.0
24,presence,random,z_sd,2.56,XY,120,120,0,1.0
24,presence,random,z_sd,2.56,YX,120,120,0,1.0
24,presence,random,z_sd,5.12,XY,120,120,0,1.0
24,presence,random,z_sd,5.12,YX,120,120,0,1.0
24,presence,random,z_sd,10.24,XY,120,120,0,1.0
24,presence,random,z_sd,10.24,YX,120,120,0,1.0
24,presence,random,z_sd,20.48,XY,120,120,0,1.0
24,presence,random,z_sd,20.48,YX,120,120,0,1.0
25,presence,concept,alpha,0.25,XY,400,400,0,1.0
25,presence,concept,alpha,0.25,YX,400,400,0,1.0
25,presence,concept,alpha,0.5,XY,400,400,0,1.0
25,presence,concept,alpha,0.5,YX,400,400,0,1.0
25,presence,concept,alpha,1.0,XY,400,400,0,1.0
25,presence,concept,alpha,1.0,YX,400,400,0,1.0
25,presence,concept,alpha,2.0,XY,400,400,0,1.0
25,presence,concept,alpha,2.0,YX,400,400,0,1.0
25,presence,concept,alpha,4.0,XY,400,400,0,1.0
25,presence,concept,alpha,4.0,YX,400,400,0,1.0
25,presence,concept,alpha,8.0,XY,400,400,0,1.0
25,presence,concept,alpha,8.0,YX,400,400,0,1.0
25,presence,concept,alpha,16.0,XY,400,400,0,1.0
25,presence,concept,alpha,16.0,YX,400,400,0,1.0
25,presence,concept,alpha,32.0,XY,400,400,0,1.0
25,presence,concept,alpha,32.0,YX,400,400,0,1.0
25,presence,concept,alpha,64.0,XY,400,400,0,1.0
25,presence,concept,alpha,64.0,YX,400,400,0,1.0
25,presence,concept,alpha,128.0,XY,400,400,0,1.0
25,presence,concept,alpha,128.0,YX,400,400,0,1.0
25,presence,concept,z_mad,0.01,XY,400,400,0,1.0
25,presence,concept,z_mad,0.01,YX,400,400,0,1.0
25,presence,concept,z_mad,0.02,XY,400,400,0,1.0
25,presence,concept,z_mad,0.02,YX,400,400,0,1.0
25,presence,concept,z_mad,0.04,XY,400,400,0,1.0
25,presence,concept,z_mad,0.04,YX,400,400,0,1.0
25,presence,concept,z_mad,0.08,XY,400,400,0,1.0
25,presence,concept,z_mad,0.08,YX,400,400,0,1.0
25,presence,concept,z_mad,0.16,XY,400,400,0,1.0
25,presence,concept,z_mad,0.16,YX,400,400,0,1.0
25,presence,concept,z_mad,0.32,XY,400,400,0,1.0
25,presence,concept,z_mad,0.32,YX,400,400,0,1.0
25,presence,concept,z_mad,0.64,XY,400,400,0,1.0
25,presence,concept,z_mad,0.64,YX,400,400,0,1.0
25,presence,concept,z_mad,1.28,XY,400,400,0,1.0
25,presence,concept,z_mad,1.28,YX,400,400,0,1.0
25,presence,concept,z_mad,2.56,XY,400,400,0,1.0
25,presence,concept,z_mad,2.56,YX,400,400,0,1.0
25,presence,concept,z_mad,5.12,XY,400,400,0,1.0
25,presence,concept,z_mad,5.12,YX,400,400,0,1.0
25,presence,concept,z_mad,10.24,XY,400,400,0,1.0
25,presence,concept,z_mad,10.24,YX,400,400,0,1.0
25,presence,concept,z_mad,20.48,XY,400,400,0,1.0
25,presence,concept,z_mad,20.48,YX,400,400,0,1.0
25,presence,concept,z_sd,0.01,XY,400,400,0,1.0
25,presence,concept,z_sd,0.01,YX,400,400,0,1.0
25,presence,concept,z_sd,0.02,XY,400,400,0,1.0
25,presence,concept,z_sd,0.02,YX,400,400,0,1.0
25,presence,concept,z_sd,0.04,XY,400,400,0,1.0
25,presence,concept,z_sd,0.04,YX,400,400,0,1.0
25,presence,concept,z_sd,0.08,XY,400,400,0,1.0
25,presence,concept,z_sd,0.08,YX,400,400,0,1.0
25,presence,concept,z_sd,0.16,XY,400,400,0,1.0
25,presence,concept,z_sd,0.16,YX,400,400,0,1.0
25,presence,concept,z_sd,0.32,XY,400,400,0,1.0
25,presence,concept,z_sd,0.32,YX,400,400,0,1.0
25,presence,concept,z_sd,0.64,XY,400,400,0,1.0
25,presence,concept,z_sd,0.64,YX,400,400,0,1.0
25,presence,concept,z_sd,1.28,XY,400,400,0,1.0
25,presence,concept,z_sd,1.28,YX,400,400,0,1.0
25,presence,concept,z_sd,2.56,XY,400,400,0,1.0
25,presence,concept,z_sd,2.56,YX,400,400,0,1.0
25,presence,concept,z_sd,5.12,XY,400,400,0,1.0
25,presence,concept,z_sd,5.12,YX,400,400,0,1.0
25,presence,concept,z_sd,10.24,XY,400,400,0,1.0
25,presence,concept,z_sd,10.24,YX,400,400,0,1.0
25,presence,concept,z_sd,20.48,XY,400,400,0,1.0
25,presence,concept,z_sd,20.48,YX,400,400,0,1.0
25,presence,dropout,alpha,0.25,XY,80,80,0,1.0
25,presence,dropout,alpha,0.25,YX,80,80,0,1.0
25,presence,dropout,alpha,0.5,XY,80,80,0,1.0
25,presence,dropout,alpha,0.5,YX,80,80,0,1.0
25,presence,dropout,alpha,1.0,XY,80,80,0,1.0
25,presence,dropout,alpha,1.0,YX,80,80,0,1.0
25,presence,dropout,alpha,2.0,XY,80,80,0,1.0
25,presence,dropout,alpha,2.0,YX,80,80,0,1.0
25,presence,dropout,alpha,4.0,XY,80,80,0,1.0
25,presence,dropout,alpha,4.0,YX,80,80,0,1.0
25,presence,dropout,alpha,8.0,XY,80,80,0,1.0
25,presence,dropout,alpha,8.0,YX,80,80,0,1.0
25,presence,dropout,alpha,16.0,XY,80,80,0,1.0
25,presence,dropout,alpha,16.0,YX,80,80,0,1.0
25,presence,dropout,alpha,32.0,XY,80,80,0,1.0
25,presence,dropout,alpha,32.0,YX,80,80,0,1.0
25,presence,dropout,alpha,64.0,XY,80,80,0,1.0
25,presence,dropout,alpha,64.0,YX,80,80,0,1.0
25,presence,dropout,alpha,128.0,XY,80,80,0,1.0
25,presence,dropout,alpha,128.0,YX,80,80,0,1.0
25,presence,dropout,z_mad,0.01,XY,80,80,0,1.0
25,presence,dropout,z_mad,0.01,YX,80,80,0,1.0
25,presence,dropout,z_mad,0.02,XY,80,80,0,1.0
25,presence,dropout,z_mad,0.02,YX,80,80,0,1.0
25,presence,dropout,z_mad,0.04,XY,80,80,0,1.0
25,presence,dropout,z_mad,0.04,YX,80,80,0,1.0
25,presence,dropout,z_mad,0.08,XY,80,80,0,1.0
25,presence,dropout,z_mad,0.08,YX,80,80,0,1.0
25,presence,dropout,z_mad,0.16,XY,80,80,0,1.0
25,presence,dropout,z_mad,0.16,YX,80,80,0,1.0
25,presence,dropout,z_mad,0.32,XY,80,80,0,1.0
25,presence,dropout,z_mad,0.32,YX,80,80,0,1.0
25,presence,dropout,z_mad,0.64,XY,80,80,0,1.0
25,presence,dropout,z_mad,0.64,YX,80,80,0,1.0
25,presence,dropout,z_mad,1.28,XY,80,80,0,1.0
25,presence,dropout,z_mad,1.28,YX,80,80,0,1.0
25,presence,dropout,z_mad,2.56,XY,80,80,0,1.0
25,presence,dropout,z_mad,2.56,YX,80,80,0,1.0
25,presence,dropout,z_mad,5.12,XY,80,80,0,1.0
25,presence,dropout,z_mad,5.12,YX,80,80,0,1.0
25,presence,dropout,z_mad,10.24,XY,80,80,0,1.0
25,presence,dropout,z_mad,10.24,YX,80,80,0,1.0
25,presence,dropout,z_mad,20.48,XY,80,80,0,1.0
25,presence,dropout,z_mad,20.48,YX,80,80,0,1.0
25,presence,dropout,z_sd,0.01,XY,80,80,0,1.0
25,presence,dropout,z_sd,0.01,YX,80,80,0,1.0
25,presence,dropout,z_sd,0.02,XY,80,80,0,1.0
25,presence,dropout,z_sd,0.02,YX,80,80,0,1.0
25,presence,dropout,z_sd,0.04,XY,80,80,0,1.0
25,presence,dropout,z_sd,0.04,YX,80,80,0,1.0
25,presence,dropout,z_sd,0.08,XY,80,80,0,1.0
25,presence,dropout,z_sd,0.08,YX,80,80,0,1.0
25,presence,dropout,z_sd,0.16,XY,80,80,0,1.0
25,presence,dropout,z_sd,0.16,YX,80,80,0,1.0
25,presence,dropout,z_sd,0.32,XY,80,80,0,1.0
25,presence,dropout,z_sd,0.32,YX,80,80,0,1.0
25,presence,dropout,z_sd,0.64,XY,80,80,0,1.0
25,presence,dropout,z_sd,0.64,YX,80,80,0,1.0
25,presence,dropout,z_sd,1.28,XY,80,80,0,1.0
25,presence,dropout,z_sd,1.28,YX,80,80,0,1.0
25,presence,dropout,z_sd,2.56,XY,80,80,0,1.0
25,presence,dropout,z_sd,2.56,YX,80,80,0,1.0
25,presence,dropout,z_sd,5.12,XY,80,80,0,1.0
25,presence,dropout,z_sd,5.12,YX,80,80,0,1.0
25,presence,dropout,z_sd,10.24,XY,80,80,0,1.0
25,presence,dropout,z_sd,10.24,YX,80,80,0,1.0
25,presence,dropout,z_sd,20.48,XY,80,80,0,1.0
25,presence,dropout,z_sd,20.48,YX,80,80,0,1.0
25,presence,noise,alpha,0.25,XY,80,80,0,1.0
25,presence,noise,alpha,0.25,YX,80,80,0,1.0
25,presence,noise,alpha,0.5,XY,80,80,0,1.0
25,presence,noise,alpha,0.5,YX,80,80,0,1.0
25,presence,noise,alpha,1.0,XY,80,80,0,1.0
25,presence,noise,alpha,1.0,YX,80,80,0,1.0
25,presence,noise,alpha,2.0,XY,80,80,0,1.0
25,presence,noise,alpha,2.0,YX,80,80,0,1.0
25,presence,noise,alpha,4.0,XY,80,80,0,1.0
25,presence,noise,alpha,4.0,YX,80,80,0,1.0
25,presence,noise,alpha,8.0,XY,80,80,0,1.0
25,presence,noise,alpha,8.0,YX,80,80,0,1.0
25,presence,noise,alpha,16.0,XY,80,80,0,1.0
25,presence,noise,alpha,16.0,YX,80,80,0,1.0
25,presence,noise,alpha,32.0,XY,80,80,0,1.0
25,presence,noise,alpha,32.0,YX,80,80,0,1.0
25,presence,noise,alpha,64.0,XY,80,80,0,1.0
25,presence,noise,alpha,64.0,YX,80,80,0,1.0
25,presence,noise,alpha,128.0,XY,80,80,0,1.0
25,presence,noise,alpha,128.0,YX,80,80,0,1.0
25,presence,noise,z_mad,0.01,XY,80,80,0,1.0
25,presence,noise,z_mad,0.01,YX,80,80,0,1.0
25,presence,noise,z_mad,0.02,XY,80,80,0,1.0
25,presence,noise,z_mad,0.02,YX,80,80,0,1.0
25,presence,noise,z_mad,0.04,XY,80,80,0,1.0
25,presence,noise,z_mad,0.04,YX,80,80,0,1.0
25,presence,noise,z_mad,0.08,XY,80,80,0,1.0
25,presence,noise,z_mad,0.08,YX,80,80,0,1.0
25,presence,noise,z_mad,0.16,XY,80,80,0,1.0
25,presence,noise,z_mad,0.16,YX,80,80,0,1.0
25,presence,noise,z_mad,0.32,XY,80,80,0,1.0
25,presence,noise,z_mad,0.32,YX,80,80,0,1.0
25,presence,noise,z_mad,0.64,XY,80,80,0,1.0
25,presence,noise,z_mad,0.64,YX,80,80,0,1.0
25,presence,noise,z_mad,1.28,XY,80,80,0,1.0
25,presence,noise,z_mad,1.28,YX,80,80,0,1.0
25,presence,noise,z_mad,2.56,XY,80,80,0,1.0
25,presence,noise,z_mad,2.56,YX,80,80,0,1.0
25,presence,noise,z_mad,5.12,XY,80,80,0,1.0
25,presence,noise,z_mad,5.12,YX,80,80,0,1.0
25,presence,noise,z_mad,10.24,XY,80,80,0,1.0
25,presence,noise,z_mad,10.24,YX,80,80,0,1.0
25,presence,noise,z_mad,20.48,XY,80,80,0,1.0
25,presence,noise,z_mad,20.48,YX,80,80,0,1.0
25,presence,noise,z_sd,0.01,XY,80,80,0,1.0
25,presence,noise,z_sd,0.01,YX,80,80,0,1.0
25,presence,noise,z_sd,0.02,XY,80,80,0,1.0
25,presence,noise,z_sd,0.02,YX,80,80,0,1.0
25,presence,noise,z_sd,0.04,XY,80,80,0,1.0
25,presence,noise,z_sd,0.04,YX,80,80,0,1.0
25,presence,noise,z_sd,0.08,XY,80,80,0,1.0
25,presence,noise,z_sd,0.08,YX,80,80,0,1.0
25,presence,noise,z_sd,0.16,XY,80,80,0,1.0
25,presence,noise,z_sd,0.16,YX,80,80,0,1.0
25,presence,noise,z_sd,0.32,XY,80,80,0,1.0
25,presence,noise,z_sd,0.32,YX,80,80,0,1.0
25,presence,noise,z_sd,0.64,XY,80,80,0,1.0
25,presence,noise,z_sd,0.64,YX,80,80,0,1.0
25,presence,noise,z_sd,1.28,XY,80,80,0,1.0
25,presence,noise,z_sd,1.28,YX,80,80,0,1.0
25,presence,noise,z_sd,2.56,XY,80,80,0,1.0
25,presence,noise,z_sd,2.56,YX,80,80,0,1.0
25,presence,noise,z_sd,5.12,XY,80,80,0,1.0
25,presence,noise,z_sd,5.12,YX,80,80,0,1.0
25,presence,noise,z_sd,10.24,XY,80,80,0,1.0
25,presence,noise,z_sd,10.24,YX,80,80,0,1.0
25,presence,noise,z_sd,20.48,XY,80,80,0,1.0
25,presence,noise,z_sd,20.48,YX,80,80,0,1.0
25,presence,random,alpha,0.25,XY,120,120,0,1.0
25,presence,random,alpha,0.25,YX,120,120,0,1.0
25,presence,random,alpha,0.5,XY,120,120,0,1.0
25,presence,random,alpha,0.5,YX,120,120,0,1.0
25,presence,random,alpha,1.0,XY,120,120,0,1.0
25,presence,random,alpha,1.0,YX,120,120,0,1.0
25,presence,random,alpha,2.0,XY,120,120,0,1.0
25,presence,random,alpha,2.0,YX,120,120,0,1.0
25,presence,random,alpha,4.0,XY,120,120,0,1.0
25,presence,random,alpha,4.0,YX,120,120,0,1.0
25,presence,random,alpha,8.0,XY,120,120,0,1.0
25,presence,random,alpha,8.0,YX,120,120,0,1.0
25,presence,random,alpha,16.0,XY,120,120,0,1.0
25,presence,random,alpha,16.0,YX,120,120,0,1.0
25,presence,random,alpha,32.0,XY,120,120,0,1.0
25,presence,random,alpha,32.0,YX,120,120,0,1.0
25,presence,random,alpha,64.0,XY,120,120,0,1.0
25,presence,random,alpha,64.0,YX,120,120,0,1.0
25,presence,random,alpha,128.0,XY,120,120,0,1.0
25,presence,random,alpha,128.0,YX,120,120,0,1.0
25,presence,random,z_mad,0.01,XY,120,120,0,1.0
25,presence,random,z_mad,0.01,YX,120,120,0,1.0
25,presence,random,z_mad,0.02,XY,120,120,0,1.0
25,presence,random,z_mad,0.02,YX,120,120,0,1.0
25,presence,random,z_mad,0.04,XY,120,120,0,1.0
25,presence,random,z_mad,0.04,YX,120,120,0,1.0
25,presence,random,z_mad,0.08,XY,120,120,0,1.0
25,presence,random,z_mad,0.08,YX,120,120,0,1.0
25,presence,random,z_mad,0.16,XY,120,120,0,1.0
25,presence,random,z_mad,0.16,YX,120,120,0,1.0
25,presence,random,z_mad,0.32,XY,120,120,0,1.0
25,presence,random,z_mad,0.32,YX,120,120,0,1.0
25,presence,random,z_mad,0.64,XY,120,120,0,1.0
25,presence,random,z_mad,0.64,YX,120,120,0,1.0
25,presence,random,z_mad,1.28,XY,120,120,0,1.0
25,presence,random,z_mad,1.28,YX,120,120,0,1.0
25,presence,random,z_mad,2.56,XY,120,120,0,1.0
25,presence,random,z_mad,2.56,YX,120,120,0,1.0
25,presence,random,z_mad,5.12,XY,120,120,0,1.0
25,presence,random,z_mad,5.12,YX,120,120,0,1.0
25,presence,random,z_mad,10.24,XY,120,120,0,1.0
25,presence,random,z_mad,10.24,YX,120,120,0,1.0
25,presence,random,z_mad,20.48,XY,120,120,0,1.0
25,presence,random,z_mad,20.48,YX,120,120,0,1.0
25,presence,random,z_sd,0.01,XY,120,120,0,1.0
25,presence,random,z_sd,0.01,YX,120,120,0,1.0
25,presence,random,z_sd,0.02,XY,120,120,0,1.0
25,presence,random,z_sd,0.02,YX,120,120,0,1.0
25,presence,random,z_sd,0.04,XY,120,120,0,1.0
25,presence,random,z_sd,0.04,YX,120,120,0,1.0
25,presence,random,z_sd,0.08,XY,120,120,0,1.0
25,presence,random,z_sd,0.08,YX,120,120,0,1.0
25,presence,random,z_sd,0.16,XY,120,120,0,1.0
25,presence,random,z_sd,0.16,YX,120,120,0,1.0
25,presence,random,z_sd,0.32,XY,120,120,0,1.0
25,presence,random,z_sd,0.32,YX,120,120,0,1.0
25,presence,random,z_sd,0.64,XY,120,120,0,1.0
25,presence,random,z_sd,0.64,YX,120,120,0,1.0
25,presence,random,z_sd,1.28,XY,120,120,0,1.0
25,presence,random,z_sd,1.28,YX,120,120,0,1.0
25,presence,random,z_sd,2.56,XY,120,120,0,1.0
25,presence,random,z_sd,2.56,YX,120,120,0,1.0
25,presence,random,z_sd,5.12,XY,120,120,0,1.0
25,presence,random,z_sd,5.12,YX,120,120,0,1.0
25,presence,random,z_sd,10.24,XY,120,120,0,1.0
25,presence,random,z_sd,10.24,YX,120,120,0,1.0
25,presence,random,z_sd,20.48,XY,120,120,0,1.0
25,presence,random,z_sd,20.48,YX,120,120,0,1.0
26,presence,concept,alpha,0.25,XY,400,400,0,1.0
26,presence,concept,alpha,0.25,YX,400,400,0,1.0
26,presence,concept,alpha,0.5,XY,400,400,0,1.0
26,presence,concept,alpha,0.5,YX,400,400,0,1.0
26,presence,concept,alpha,1.0,XY,400,400,0,1.0
26,presence,concept,alpha,1.0,YX,400,400,0,1.0
26,presence,concept,alpha,2.0,XY,400,400,0,1.0
26,presence,concept,alpha,2.0,YX,400,400,0,1.0
26,presence,concept,alpha,4.0,XY,400,400,0,1.0
26,presence,concept,alpha,4.0,YX,400,400,0,1.0
26,presence,concept,alpha,8.0,XY,400,400,0,1.0
26,presence,concept,alpha,8.0,YX,400,400,0,1.0
26,presence,concept,alpha,16.0,XY,400,400,0,1.0
26,presence,concept,alpha,16.0,YX,400,400,0,1.0
26,presence,concept,alpha,32.0,XY,400,400,0,1.0
26,presence,concept,alpha,32.0,YX,400,400,0,1.0
26,presence,concept,alpha,64.0,XY,400,400,0,1.0
26,presence,concept,alpha,64.0,YX,400,400,0,1.0
26,presence,concept,alpha,128.0,XY,400,400,0,1.0
26,presence,concept,alpha,128.0,YX,400,400,0,1.0
26,presence,concept,z_mad,0.01,XY,400,400,0,1.0
26,presence,concept,z_mad,0.01,YX,400,400,0,1.0
26,presence,concept,z_mad,0.02,XY,400,400,0,1.0
26,presence,concept,z_mad,0.02,YX,400,400,0,1.0
26,presence,concept,z_mad,0.04,XY,400,400,0,1.0
26,presence,concept,z_mad,0.04,YX,400,400,0,1.0
26,presence,concept,z_mad,0.08,XY,400,400,0,1.0
26,presence,concept,z_mad,0.08,YX,400,400,0,1.0
26,presence,concept,z_mad,0.16,XY,400,400,0,1.0
26,presence,concept,z_mad,0.16,YX,400,400,0,1.0
26,presence,concept,z_mad,0.32,XY,400,400,0,1.0
26,presence,concept,z_mad,0.32,YX,400,400,0,1.0
26,presence,concept,z_mad,0.64,XY,400,400,0,1.0
26,presence,concept,z_mad,0.64,YX,400,400,0,1.0
26,presence,concept,z_mad,1.28,XY,400,400,0,1.0
26,presence,concept,z_mad,1.28,YX,400,400,0,1.0
26,presence,concept,z_mad,2.56,XY,400,400,0,1.0
26,presence,concept,z_mad,2.56,YX,400,400,0,1.0
26,presence,concept,z_mad,5.12,XY,400,400,0,1.0
26,presence,concept,z_mad,5.12,YX,400,400,0,1.0
26,presence,concept,z_mad,10.24,XY,400,400,0,1.0
26,presence,concept,z_mad,10.24,YX,400,400,0,1.0
26,presence,concept,z_mad,20.48,XY,400,400,0,1.0
26,presence,concept,z_mad,20.48,YX,400,400,0,1.0
26,presence,concept,z_sd,0.01,XY,400,400,0,1.0
26,presence,concept,z_sd,0.01,YX,400,400,0,1.0
26,presence,concept,z_sd,0.02,XY,400,400,0,1.0
26,presence,concept,z_sd,0.02,YX,400,400,0,1.0
26,presence,concept,z_sd,0.04,XY,400,400,0,1.0
26,presence,concept,z_sd,0.04,YX,400,400,0,1.0
26,presence,concept,z_sd,0.08,XY,400,400,0,1.0
26,presence,concept,z_sd,0.08,YX,400,400,0,1.0
26,presence,concept,z_sd,0.16,XY,400,400,0,1.0
26,presence,concept,z_sd,0.16,YX,400,400,0,1.0
26,presence,concept,z_sd,0.32,XY,400,400,0,1.0
26,presence,concept,z_sd,0.32,YX,400,400,0,1.0
26,presence,concept,z_sd,0.64,XY,400,400,0,1.0
26,presence,concept,z_sd,0.64,YX,400,400,0,1.0
26,presence,concept,z_sd,1.28,XY,400,400,0,1.0
26,presence,concept,z_sd,1.28,YX,400,400,0,1.0
26,presence,concept,z_sd,2.56,XY,400,400,0,1.0
26,presence,concept,z_sd,2.56,YX,400,400,0,1.0
26,presence,concept,z_sd,5.12,XY,400,400,0,1.0
26,presence,concept,z_sd,5.12,YX,400,400,0,1.0
26,presence,concept,z_sd,10.24,XY,400,400,0,1.0
26,presence,concept,z_sd,10.24,YX,400,400,0,1.0
26,presence,concept,z_sd,20.48,XY,400,400,0,1.0
26,presence,concept,z_sd,20.48,YX,400,400,0,1.0
26,presence,dropout,alpha,0.25,XY,80,80,0,1.0
26,presence,dropout,alpha,0.25,YX,80,80,0,1.0
26,presence,dropout,alpha,0.5,XY,80,80,0,1.0
26,presence,dropout,alpha,0.5,YX,80,80,0,1.0
26,presence,dropout,alpha,1.0,XY,80,80,0,1.0
26,presence,dropout,alpha,1.0,YX,80,80,0,1.0
26,presence,dropout,alpha,2.0,XY,80,80,0,1.0
26,presence,dropout,alpha,2.0,YX,80,80,0,1.0
26,presence,dropout,alpha,4.0,XY,80,80,0,1.0
26,presence,dropout,alpha,4.0,YX,80,80,0,1.0
26,presence,dropout,alpha,8.0,XY,80,80,0,1.0
26,presence,dropout,alpha,8.0,YX,80,80,0,1.0
26,presence,dropout,alpha,16.0,XY,80,80,0,1.0
26,presence,dropout,alpha,16.0,YX,80,80,0,1.0
26,presence,dropout,alpha,32.0,XY,80,80,0,1.0
26,presence,dropout,alpha,32.0,YX,80,80,0,1.0
26,presence,dropout,alpha,64.0,XY,80,80,0,1.0
26,presence,dropout,alpha,64.0,YX,80,80,0,1.0
26,presence,dropout,alpha,128.0,XY,80,80,0,1.0
26,presence,dropout,alpha,128.0,YX,80,80,0,1.0
26,presence,dropout,z_mad,0.01,XY,80,80,0,1.0
26,presence,dropout,z_mad,0.01,YX,80,80,0,1.0
26,presence,dropout,z_mad,0.02,XY,80,80,0,1.0
26,presence,dropout,z_mad,0.02,YX,80,80,0,1.0
26,presence,dropout,z_mad,0.04,XY,80,80,0,1.0
26,presence,dropout,z_mad,0.04,YX,80,80,0,1.0
26,presence,dropout,z_mad,0.08,XY,80,80,0,1.0
26,presence,dropout,z_mad,0.08,YX,80,80,0,1.0
26,presence,dropout,z_mad,0.16,XY,80,80,0,1.0
26,presence,dropout,z_mad,0.16,YX,80,80,0,1.0
26,presence,dropout,z_mad,0.32,XY,80,80,0,1.0
26,presence,dropout,z_mad,0.32,YX,80,80,0,1.0
26,presence,dropout,z_mad,0.64,XY,80,80,0,1.0
26,presence,dropout,z_mad,0.64,YX,80,80,0,1.0
26,presence,dropout,z_mad,1.28,XY,80,80,0,1.0
26,presence,dropout,z_mad,1.28,YX,80,80,0,1.0
26,presence,dropout,z_mad,2.56,XY,80,80,0,1.0
26,presence,dropout,z_mad,2.56,YX,80,80,0,1.0
26,presence,dropout,z_mad,5.12,XY,80,80,0,1.0
26,presence,dropout,z_mad,5.12,YX,80,80,0,1.0
26,presence,dropout,z_mad,10.24,XY,80,80,0,1.0
26,presence,dropout,z_mad,10.24,YX,80,80,0,1.0
26,presence,dropout,z_mad,20.48,XY,80,80,0,1.0
26,presence,dropout,z_mad,20.48,YX,80,80,0,1.0
26,presence,dropout,z_sd,0.01,XY,80,80,0,1.0
26,presence,dropout,z_sd,0.01,YX,80,80,0,1.0
26,presence,dropout,z_sd,0.02,XY,80,80,0,1.0
26,presence,dropout,z_sd,0.02,YX,80,80,0,1.0
26,presence,dropout,z_sd,0.04,XY,80,80,0,1.0
26,presence,dropout,z_sd,0.04,YX,80,80,0,1.0
26,presence,dropout,z_sd,0.08,XY,80,80,0,1.0
26,presence,dropout,z_sd,0.08,YX,80,80,0,1.0
26,presence,dropout,z_sd,0.16,XY,80,80,0,1.0
26,presence,dropout,z_sd,0.16,YX,80,80,0,1.0
26,presence,dropout,z_sd,0.32,XY,80,80,0,1.0
26,presence,dropout,z_sd,0.32,YX,80,80,0,1.0
26,presence,dropout,z_sd,0.64,XY,80,80,0,1.0
26,presence,dropout,z_sd,0.64,YX,80,80,0,1.0
26,presence,dropout,z_sd,1.28,XY,80,80,0,1.0
26,presence,dropout,z_sd,1.28,YX,80,80,0,1.0
26,presence,dropout,z_sd,2.56,XY,80,80,0,1.0
26,presence,dropout,z_sd,2.56,YX,80,80,0,1.0
26,presence,dropout,z_sd,5.12,XY,80,80,0,1.0
26,presence,dropout,z_sd,5.12,YX,80,80,0,1.0
26,presence,dropout,z_sd,10.24,XY,80,80,0,1.0
26,presence,dropout,z_sd,10.24,YX,80,80,0,1.0
26,presence,dropout,z_sd,20.48,XY,80,80,0,1.0
26,presence,dropout,z_sd,20.48,YX,80,80,0,1.0
26,presence,noise,alpha,0.25,XY,80,80,0,1.0
26,presence,noise,alpha,0.25,YX,80,80,0,1.0
26,presence,noise,alpha,0.5,XY,80,80,0,1.0
26,presence,noise,alpha,0.5,YX,80,80,0,1.0
26,presence,noise,alpha,1.0,XY,80,80,0,1.0
26,presence,noise,alpha,1.0,YX,80,80,0,1.0
26,presence,noise,alpha,2.0,XY,80,80,0,1.0
26,presence,noise,alpha,2.0,YX,80,80,0,1.0
26,presence,noise,alpha,4.0,XY,80,80,0,1.0
26,presence,noise,alpha,4.0,YX,80,80,0,1.0
26,presence,noise,alpha,8.0,XY,80,80,0,1.0
26,presence,noise,alpha,8.0,YX,80,80,0,1.0
26,presence,noise,alpha,16.0,XY,80,80,0,1.0
26,presence,noise,alpha,16.0,YX,80,80,0,1.0
26,presence,noise,alpha,32.0,XY,80,80,0,1.0
26,presence,noise,alpha,32.0,YX,80,80,0,1.0
26,presence,noise,alpha,64.0,XY,80,80,0,1.0
26,presence,noise,alpha,64.0,YX,80,80,0,1.0
26,presence,noise,alpha,128.0,XY,80,80,0,1.0
26,presence,noise,alpha,128.0,YX,80,80,0,1.0
26,presence,noise,z_mad,0.01,XY,80,80,0,1.0
26,presence,noise,z_mad,0.01,YX,80,80,0,1.0
26,presence,noise,z_mad,0.02,XY,80,80,0,1.0
26,presence,noise,z_mad,0.02,YX,80,80,0,1.0
26,presence,noise,z_mad,0.04,XY,80,80,0,1.0
26,presence,noise,z_mad,0.04,YX,80,80,0,1.0
26,presence,noise,z_mad,0.08,XY,80,80,0,1.0
26,presence,noise,z_mad,0.08,YX,80,80,0,1.0
26,presence,noise,z_mad,0.16,XY,80,80,0,1.0
26,presence,noise,z_mad,0.16,YX,80,80,0,1.0
26,presence,noise,z_mad,0.32,XY,80,80,0,1.0
26,presence,noise,z_mad,0.32,YX,80,80,0,1.0
26,presence,noise,z_mad,0.64,XY,80,80,0,1.0
26,presence,noise,z_mad,0.64,YX,80,80,0,1.0
26,presence,noise,z_mad,1.28,XY,80,80,0,1.0
26,presence,noise,z_mad,1.28,YX,80,80,0,1.0
26,presence,noise,z_mad,2.56,XY,80,80,0,1.0
26,presence,noise,z_mad,2.56,YX,80,80,0,1.0
26,presence,noise,z_mad,5.12,XY,80,80,0,1.0
26,presence,noise,z_mad,5.12,YX,80,80,0,1.0
26,presence,noise,z_mad,10.24,XY,80,80,0,1.0
26,presence,noise,z_mad,10.24,YX,80,80,0,1.0
26,presence,noise,z_mad,20.48,XY,80,80,0,1.0
26,presence,noise,z_mad,20.48,YX,80,80,0,1.0
26,presence,noise,z_sd,0.01,XY,80,80,0,1.0
26,presence,noise,z_sd,0.01,YX,80,80,0,1.0
26,presence,noise,z_sd,0.02,XY,80,80,0,1.0
26,presence,noise,z_sd,0.02,YX,80,80,0,1.0
26,presence,noise,z_sd,0.04,XY,80,80,0,1.0
26,presence,noise,z_sd,0.04,YX,80,80,0,1.0
26,presence,noise,z_sd,0.08,XY,80,80,0,1.0
26,presence,noise,z_sd,0.08,YX,80,80,0,1.0
26,presence,noise,z_sd,0.16,XY,80,80,0,1.0
26,presence,noise,z_sd,0.16,YX,80,80,0,1.0
26,presence,noise,z_sd,0.32,XY,80,80,0,1.0
26,presence,noise,z_sd,0.32,YX,80,80,0,1.0
26,presence,noise,z_sd,0.64,XY,80,80,0,1.0
26,presence,noise,z_sd,0.64,YX,80,80,0,1.0
26,presence,noise,z_sd,1.28,XY,80,80,0,1.0
26,presence,noise,z_sd,1.28,YX,80,80,0,1.0
26,presence,noise,z_sd,2.56,XY,80,80,0,1.0
26,presence,noise,z_sd,2.56,YX,80,80,0,1.0
26,presence,noise,z_sd,5.12,XY,80,80,0,1.0
26,presence,noise,z_sd,5.12,YX,80,80,0,1.0
26,presence,noise,z_sd,10.24,XY,80,80,0,1.0
26,presence,noise,z_sd,10.24,YX,80,80,0,1.0
26,presence,noise,z_sd,20.48,XY,80,80,0,1.0
26,presence,noise,z_sd,20.48,YX,80,80,0,1.0
26,presence,random,alpha,0.25,XY,120,120,0,1.0
26,presence,random,alpha,0.25,YX,120,120,0,1.0
26,presence,random,alpha,0.5,XY,120,120,0,1.0
26,presence,random,alpha,0.5,YX,120,120,0,1.0
26,presence,random,alpha,1.0,XY,120,120,0,1.0
26,presence,random,alpha,1.0,YX,120,120,0,1.0
26,presence,random,alpha,2.0,XY,120,120,0,1.0
26,presence,random,alpha,2.0,YX,120,120,0,1.0
26,presence,random,alpha,4.0,XY,120,120,0,1.0
26,presence,random,alpha,4.0,YX,120,120,0,1.0
26,presence,random,alpha,8.0,XY,120,120,0,1.0
26,presence,random,alpha,8.0,YX,120,120,0,1.0
26,presence,random,alpha,16.0,XY,120,120,0,1.0
26,presence,random,alpha,16.0,YX,120,120,0,1.0
26,presence,random,alpha,32.0,XY,120,120,0,1.0
26,presence,random,alpha,32.0,YX,120,120,0,1.0
26,presence,random,alpha,64.0,XY,120,120,0,1.0
26,presence,random,alpha,64.0,YX,120,120,0,1.0
26,presence,random,alpha,128.0,XY,120,120,0,1.0
26,presence,random,alpha,128.0,YX,120,120,0,1.0
26,presence,random,z_mad,0.01,XY,120,120,0,1.0
26,presence,random,z_mad,0.01,YX,120,120,0,1.0
26,presence,random,z_mad,0.02,XY,120,120,0,1.0
26,presence,random,z_mad,0.02,YX,120,120,0,1.0
26,presence,random,z_mad,0.04,XY,120,120,0,1.0
26,presence,random,z_mad,0.04,YX,120,120,0,1.0
26,presence,random,z_mad,0.08,XY,120,120,0,1.0
26,presence,random,z_mad,0.08,YX,120,120,0,1.0
26,presence,random,z_mad,0.16,XY,120,120,0,1.0
26,presence,random,z_mad,0.16,YX,120,120,0,1.0
26,presence,random,z_mad,0.32,XY,120,120,0,1.0
26,presence,random,z_mad,0.32,YX,120,120,0,1.0
26,presence,random,z_mad,0.64,XY,120,120,0,1.0
26,presence,random,z_mad,0.64,YX,120,120,0,1.0
26,presence,random,z_mad,1.28,XY,120,120,0,1.0
26,presence,random,z_mad,1.28,YX,120,120,0,1.0
26,presence,random,z_mad,2.56,XY,120,120,0,1.0
26,presence,random,z_mad,2.56,YX,120,120,0,1.0
26,presence,random,z_mad,5.12,XY,120,120,0,1.0
26,presence,random,z_mad,5.12,YX,120,120,0,1.0
26,presence,random,z_mad,10.24,XY,120,120,0,1.0
26,presence,random,z_mad,10.24,YX,120,120,0,1.0
26,presence,random,z_mad,20.48,XY,120,120,0,1.0
26,presence,random,z_mad,20.48,YX,120,120,0,1.0
26,presence,random,z_sd,0.01,XY,120,120,0,1.0
26,presence,random,z_sd,0.01,YX,120,120,0,1.0
26,presence,random,z_sd,0.02,XY,120,120,0,1.0
26,presence,random,z_sd,0.02,YX,120,120,0,1.0
26,presence,random,z_sd,0.04,XY,120,120,0,1.0
26,presence,random,z_sd,0.04,YX,120,120,0,1.0
26,presence,random,z_sd,0.08,XY,120,120,0,1.0
26,presence,random,z_sd,0.08,YX,120,120,0,1.0
26,presence,random,z_sd,0.16,XY,120,120,0,1.0
26,presence,random,z_sd,0.16,YX,120,120,0,1.0
26,presence,random,z_sd,0.32,XY,120,120,0,1.0
26,presence,random,z_sd,0.32,YX,120,120,0,1.0
26,presence,random,z_sd,0.64,XY,120,120,0,1.0
26,presence,random,z_sd,0.64,YX,120,120,0,1.0
26,presence,random,z_sd,1.28,XY,120,120,0,1.0
26,presence,random,z_sd,1.28,YX,120,120,0,1.0
26,presence,random,z_sd,2.56,XY,120,120,0,1.0
26,presence,random,z_sd,2.56,YX,120,120,0,1.0
26,presence,random,z_sd,5.12,XY,120,120,0,1.0
26,presence,random,z_sd,5.12,YX,120,120,0,1.0
26,presence,random,z_sd,10.24,XY,120,120,0,1.0
26,presence,random,z_sd,10.24,YX,120,120,0,1.0
26,presence,random,z_sd,20.48,XY,120,120,0,1.0
26,presence,random,z_sd,20.48,YX,120,120,0,1.0
27,presence,concept,alpha,0.25,XY,400,400,0,1.0
27,presence,concept,alpha,0.25,YX,400,400,0,1.0
27,presence,concept,alpha,0.5,XY,400,400,0,1.0
27,presence,concept,alpha,0.5,YX,400,400,0,1.0
27,presence,concept,alpha,1.0,XY,400,400,0,1.0
27,presence,concept,alpha,1.0,YX,400,400,0,1.0
27,presence,concept,alpha,2.0,XY,400,400,0,1.0
27,presence,concept,alpha,2.0,YX,400,400,0,1.0
27,presence,concept,alpha,4.0,XY,400,400,0,1.0
27,presence,concept,alpha,4.0,YX,400,400,0,1.0
27,presence,concept,alpha,8.0,XY,400,400,0,1.0
27,presence,concept,alpha,8.0,YX,400,400,0,1.0
27,presence,concept,alpha,16.0,XY,400,400,0,1.0
27,presence,concept,alpha,16.0,YX,400,400,0,1.0
27,presence,concept,alpha,32.0,XY,400,400,0,1.0
27,presence,concept,alpha,32.0,YX,400,400,0,1.0
27,presence,concept,alpha,64.0,XY,400,400,0,1.0
27,presence,concept,alpha,64.0,YX,400,400,0,1.0
27,presence,concept,alpha,128.0,XY,400,400,0,1.0
27,presence,concept,alpha,128.0,YX,400,400,0,1.0
27,presence,concept,z_mad,0.01,XY,400,400,0,1.0
27,presence,concept,z_mad,0.01,YX,400,400,0,1.0
27,presence,concept,z_mad,0.02,XY,400,400,0,1.0
27,presence,concept,z_mad,0.02,YX,400,400,0,1.0
27,presence,concept,z_mad,0.04,XY,400,400,0,1.0
27,presence,concept,z_mad,0.04,YX,400,400,0,1.0
27,presence,concept,z_mad,0.08,XY,400,400,0,1.0
27,presence,concept,z_mad,0.08,YX,400,400,0,1.0
27,presence,concept,z_mad,0.16,XY,400,400,0,1.0
27,presence,concept,z_mad,0.16,YX,400,400,0,1.0
27,presence,concept,z_mad,0.32,XY,400,400,0,1.0
27,presence,concept,z_mad,0.32,YX,400,400,0,1.0
27,presence,concept,z_mad,0.64,XY,400,400,0,1.0
27,presence,concept,z_mad,0.64,YX,400,400,0,1.0
27,presence,concept,z_mad,1.28,XY,400,400,0,1.0
27,presence,concept,z_mad,1.28,YX,400,400,0,1.0
27,presence,concept,z_mad,2.56,XY,400,400,0,1.0
27,presence,concept,z_mad,2.56,YX,400,400,0,1.0
27,presence,concept,z_mad,5.12,XY,400,400,0,1.0
27,presence,concept,z_mad,5.12,YX,400,400,0,1.0
27,presence,concept,z_mad,10.24,XY,400,400,0,1.0
27,presence,concept,z_mad,10.24,YX,400,400,0,1.0
27,presence,concept,z_mad,20.48,XY,400,400,0,1.0
27,presence,concept,z_mad,20.48,YX,400,400,0,1.0
27,presence,concept,z_sd,0.01,XY,400,400,0,1.0
27,presence,concept,z_sd,0.01,YX,400,400,0,1.0
27,presence,concept,z_sd,0.02,XY,400,400,0,1.0
27,presence,concept,z_sd,0.02,YX,400,400,0,1.0
27,presence,concept,z_sd,0.04,XY,400,400,0,1.0
27,presence,concept,z_sd,0.04,YX,400,400,0,1.0
27,presence,concept,z_sd,0.08,XY,400,400,0,1.0
27,presence,concept,z_sd,0.08,YX,400,400,0,1.0
27,presence,concept,z_sd,0.16,XY,400,400,0,1.0
27,presence,concept,z_sd,0.16,YX,400,400,0,1.0
27,presence,concept,z_sd,0.32,XY,400,400,0,1.0
27,presence,concept,z_sd,0.32,YX,400,400,0,1.0
27,presence,concept,z_sd,0.64,XY,400,400,0,1.0
27,presence,concept,z_sd,0.64,YX,400,400,0,1.0
27,presence,concept,z_sd,1.28,XY,400,400,0,1.0
27,presence,concept,z_sd,1.28,YX,400,400,0,1.0
27,presence,concept,z_sd,2.56,XY,400,400,0,1.0
27,presence,concept,z_sd,2.56,YX,400,400,0,1.0
27,presence,concept,z_sd,5.12,XY,400,400,0,1.0
27,presence,concept,z_sd,5.12,YX,400,400,0,1.0
27,presence,concept,z_sd,10.24,XY,400,400,0,1.0
27,presence,concept,z_sd,10.24,YX,400,400,0,1.0
27,presence,concept,z_sd,20.48,XY,400,400,0,1.0
27,presence,concept,z_sd,20.48,YX,400,400,0,1.0
27,presence,dropout,alpha,0.25,XY,80,80,0,1.0
27,presence,dropout,alpha,0.25,YX,80,80,0,1.0
27,presence,dropout,alpha,0.5,XY,80,80,0,1.0
27,presence,dropout,alpha,0.5,YX,80,80,0,1.0
27,presence,dropout,alpha,1.0,XY,80,80,0,1.0
27,presence,dropout,alpha,1.0,YX,80,80,0,1.0
27,presence,dropout,alpha,2.0,XY,80,80,0,1.0
27,presence,dropout,alpha,2.0,YX,80,80,0,1.0
27,presence,dropout,alpha,4.0,XY,80,80,0,1.0
27,presence,dropout,alpha,4.0,YX,80,80,0,1.0
27,presence,dropout,alpha,8.0,XY,80,80,0,1.0
27,presence,dropout,alpha,8.0,YX,80,80,0,1.0
27,presence,dropout,alpha,16.0,XY,80,80,0,1.0
27,presence,dropout,alpha,16.0,YX,80,80,0,1.0
27,presence,dropout,alpha,32.0,XY,80,80,0,1.0
27,presence,dropout,alpha,32.0,YX,80,80,0,1.0
27,presence,dropout,alpha,64.0,XY,80,80,0,1.0
27,presence,dropout,alpha,64.0,YX,80,80,0,1.0
27,presence,dropout,alpha,128.0,XY,80,80,0,1.0
27,presence,dropout,alpha,128.0,YX,80,80,0,1.0
27,presence,dropout,z_mad,0.01,XY,80,80,0,1.0
27,presence,dropout,z_mad,0.01,YX,80,80,0,1.0
27,presence,dropout,z_mad,0.02,XY,80,80,0,1.0
27,presence,dropout,z_mad,0.02,YX,80,80,0,1.0
27,presence,dropout,z_mad,0.04,XY,80,80,0,1.0
27,presence,dropout,z_mad,0.04,YX,80,80,0,1.0
27,presence,dropout,z_mad,0.08,XY,80,80,0,1.0
27,presence,dropout,z_mad,0.08,YX,80,80,0,1.0
27,presence,dropout,z_mad,0.16,XY,80,80,0,1.0
27,presence,dropout,z_mad,0.16,YX,80,80,0,1.0
27,presence,dropout,z_mad,0.32,XY,80,80,0,1.0
27,presence,dropout,z_mad,0.32,YX,80,80,0,1.0
27,presence,dropout,z_mad,0.64,XY,80,80,0,1.0
27,presence,dropout,z_mad,0.64,YX,80,80,0,1.0
27,presence,dropout,z_mad,1.28,XY,80,80,0,1.0
27,presence,dropout,z_mad,1.28,YX,80,80,0,1.0
27,presence,dropout,z_mad,2.56,XY,80,80,0,1.0
27,presence,dropout,z_mad,2.56,YX,80,80,0,1.0
27,presence,dropout,z_mad,5.12,XY,80,80,0,1.0
27,presence,dropout,z_mad,5.12,YX,80,80,0,1.0
27,presence,dropout,z_mad,10.24,XY,80,80,0,1.0
27,presence,dropout,z_mad,10.24,YX,80,80,0,1.0
27,presence,dropout,z_mad,20.48,XY,80,80,0,1.0
27,presence,dropout,z_mad,20.48,YX,80,80,0,1.0
27,presence,dropout,z_sd,0.01,XY,80,80,0,1.0
27,presence,dropout,z_sd,0.01,YX,80,80,0,1.0
27,presence,dropout,z_sd,0.02,XY,80,80,0,1.0
27,presence,dropout,z_sd,0.02,YX,80,80,0,1.0
27,presence,dropout,z_sd,0.04,XY,80,80,0,1.0
27,presence,dropout,z_sd,0.04,YX,80,80,0,1.0
27,presence,dropout,z_sd,0.08,XY,80,80,0,1.0
27,presence,dropout,z_sd,0.08,YX,80,80,0,1.0
27,presence,dropout,z_sd,0.16,XY,80,80,0,1.0
27,presence,dropout,z_sd,0.16,YX,80,80,0,1.0
27,presence,dropout,z_sd,0.32,XY,80,80,0,1.0
27,presence,dropout,z_sd,0.32,YX,80,80,0,1.0
27,presence,dropout,z_sd,0.64,XY,80,80,0,1.0
27,presence,dropout,z_sd,0.64,YX,80,80,0,1.0
27,presence,dropout,z_sd,1.28,XY,80,80,0,1.0
27,presence,dropout,z_sd,1.28,YX,80,80,0,1.0
27,presence,dropout,z_sd,2.56,XY,80,80,0,1.0
27,presence,dropout,z_sd,2.56,YX,80,80,0,1.0
27,presence,dropout,z_sd,5.12,XY,80,80,0,1.0
27,presence,dropout,z_sd,5.12,YX,80,80,0,1.0
27,presence,dropout,z_sd,10.24,XY,80,80,0,1.0
27,presence,dropout,z_sd,10.24,YX,80,80,0,1.0
27,presence,dropout,z_sd,20.48,XY,80,80,0,1.0
27,presence,dropout,z_sd,20.48,YX,80,80,0,1.0
27,presence,noise,alpha,0.25,XY,80,80,0,1.0
27,presence,noise,alpha,0.25,YX,80,80,0,1.0
27,presence,noise,alpha,0.5,XY,80,80,0,1.0
27,presence,noise,alpha,0.5,YX,80,80,0,1.0
27,presence,noise,alpha,1.0,XY,80,80,0,1.0
27,presence,noise,alpha,1.0,YX,80,80,0,1.0
27,presence,noise,alpha,2.0,XY,80,80,0,1.0
27,presence,noise,alpha,2.0,YX,80,80,0,1.0
27,presence,noise,alpha,4.0,XY,80,80,0,1.0
27,presence,noise,alpha,4.0,YX,80,80,0,1.0
27,presence,noise,alpha,8.0,XY,80,80,0,1.0
27,presence,noise,alpha,8.0,YX,80,80,0,1.0
27,presence,noise,alpha,16.0,XY,80,80,0,1.0
27,presence,noise,alpha,16.0,YX,80,80,0,1.0
27,presence,noise,alpha,32.0,XY,80,80,0,1.0
27,presence,noise,alpha,32.0,YX,80,80,0,1.0
27,presence,noise,alpha,64.0,XY,80,80,0,1.0
27,presence,noise,alpha,64.0,YX,80,80,0,1.0
27,presence,noise,alpha,128.0,XY,80,80,0,1.0
27,presence,noise,alpha,128.0,YX,80,80,0,1.0
27,presence,noise,z_mad,0.01,XY,80,80,0,1.0
27,presence,noise,z_mad,0.01,YX,80,80,0,1.0
27,presence,noise,z_mad,0.02,XY,80,80,0,1.0
27,presence,noise,z_mad,0.02,YX,80,80,0,1.0
27,presence,noise,z_mad,0.04,XY,80,80,0,1.0
27,presence,noise,z_mad,0.04,YX,80,80,0,1.0
27,presence,noise,z_mad,0.08,XY,80,80,0,1.0
27,presence,noise,z_mad,0.08,YX,80,80,0,1.0
27,presence,noise,z_mad,0.16,XY,80,80,0,1.0
27,presence,noise,z_mad,0.16,YX,80,80,0,1.0
27,presence,noise,z_mad,0.32,XY,80,80,0,1.0
27,presence,noise,z_mad,0.32,YX,80,80,0,1.0
27,presence,noise,z_mad,0.64,XY,80,80,0,1.0
27,presence,noise,z_mad,0.64,YX,80,80,0,1.0
27,presence,noise,z_mad,1.28,XY,80,80,0,1.0
27,presence,noise,z_mad,1.28,YX,80,80,0,1.0
27,presence,noise,z_mad,2.56,XY,80,80,0,1.0
27,presence,noise,z_mad,2.56,YX,80,80,0,1.0
27,presence,noise,z_mad,5.12,XY,80,80,0,1.0
27,presence,noise,z_mad,5.12,YX,80,80,0,1.0
27,presence,noise,z_mad,10.24,XY,80,80,0,1.0
27,presence,noise,z_mad,10.24,YX,80,80,0,1.0
27,presence,noise,z_mad,20.48,XY,80,80,0,1.0
27,presence,noise,z_mad,20.48,YX,80,80,0,1.0
27,presence,noise,z_sd,0.01,XY,80,80,0,1.0
27,presence,noise,z_sd,0.01,YX,80,80,0,1.0
27,presence,noise,z_sd,0.02,XY,80,80,0,1.0
27,presence,noise,z_sd,0.02,YX,80,80,0,1.0
27,presence,noise,z_sd,0.04,XY,80,80,0,1.0
27,presence,noise,z_sd,0.04,YX,80,80,0,1.0
27,presence,noise,z_sd,0.08,XY,80,80,0,1.0
27,presence,noise,z_sd,0.08,YX,80,80,0,1.0
27,presence,noise,z_sd,0.16,XY,80,80,0,1.0
27,presence,noise,z_sd,0.16,YX,80,80,0,1.0
27,presence,noise,z_sd,0.32,XY,80,80,0,1.0
27,presence,noise,z_sd,0.32,YX,80,80,0,1.0
27,presence,noise,z_sd,0.64,XY,80,80,0,1.0
27,presence,noise,z_sd,0.64,YX,80,80,0,1.0
27,presence,noise,z_sd,1.28,XY,80,80,0,1.0
27,presence,noise,z_sd,1.28,YX,80,80,0,1.0
27,presence,noise,z_sd,2.56,XY,80,80,0,1.0
27,presence,noise,z_sd,2.56,YX,80,80,0,1.0
27,presence,noise,z_sd,5.12,XY,80,80,0,1.0
27,presence,noise,z_sd,5.12,YX,80,80,0,1.0
27,presence,noise,z_sd,10.24,XY,80,80,0,1.0
27,presence,noise,z_sd,10.24,YX,80,80,0,1.0
27,presence,noise,z_sd,20.48,XY,80,80,0,1.0
27,presence,noise,z_sd,20.48,YX,80,80,0,1.0
27,presence,random,alpha,0.25,XY,120,120,0,1.0
27,presence,random,alpha,0.25,YX,120,120,0,1.0
27,presence,random,alpha,0.5,XY,120,120,0,1.0
27,presence,random,alpha,0.5,YX,120,120,0,1.0
27,presence,random,alpha,1.0,XY,120,120,0,1.0
27,presence,random,alpha,1.0,YX,120,120,0,1.0
27,presence,random,alpha,2.0,XY,120,120,0,1.0
27,presence,random,alpha,2.0,YX,120,120,0,1.0
27,presence,random,alpha,4.0,XY,120,120,0,1.0
27,presence,random,alpha,4.0,YX,120,120,0,1.0
27,presence,random,alpha,8.0,XY,120,120,0,1.0
27,presence,random,alpha,8.0,YX,120,120,0,1.0
27,presence,random,alpha,16.0,XY,120,120,0,1.0
27,presence,random,alpha,16.0,YX,120,120,0,1.0
27,presence,random,alpha,32.0,XY,120,120,0,1.0
27,presence,random,alpha,32.0,YX,120,120,0,1.0
27,presence,random,alpha,64.0,XY,120,120,0,1.0
27,presence,random,alpha,64.0,YX,120,120,0,1.0
27,presence,random,alpha,128.0,XY,120,120,0,1.0
27,presence,random,alpha,128.0,YX,120,120,0,1.0
27,presence,random,z_mad,0.01,XY,120,120,0,1.0
27,presence,random,z_mad,0.01,YX,120,120,0,1.0
27,presence,random,z_mad,0.02,XY,120,120,0,1.0
27,presence,random,z_mad,0.02,YX,120,120,0,1.0
27,presence,random,z_mad,0.04,XY,120,120,0,1.0
27,presence,random,z_mad,0.04,YX,120,120,0,1.0
27,presence,random,z_mad,0.08,XY,120,120,0,1.0
27,presence,random,z_mad,0.08,YX,120,120,0,1.0
27,presence,random,z_mad,0.16,XY,120,120,0,1.0
27,presence,random,z_mad,0.16,YX,120,120,0,1.0
27,presence,random,z_mad,0.32,XY,120,120,0,1.0
27,presence,random,z_mad,0.32,YX,120,120,0,1.0
27,presence,random,z_mad,0.64,XY,120,120,0,1.0
27,presence,random,z_mad,0.64,YX,120,120,0,1.0
27,presence,random,z_mad,1.28,XY,120,120,0,1.0
27,presence,random,z_mad,1.28,YX,120,120,0,1.0
27,presence,random,z_mad,2.56,XY,120,120,0,1.0
27,presence,random,z_mad,2.56,YX,120,120,0,1.0
27,presence,random,z_mad,5.12,XY,120,120,0,1.0
27,presence,random,z_mad,5.12,YX,120,120,0,1.0
27,presence,random,z_mad,10.24,XY,120,120,0,1.0
27,presence,random,z_mad,10.24,YX,120,120,0,1.0
27,presence,random,z_mad,20.48,XY,120,120,0,1.0
27,presence,random,z_mad,20.48,YX,120,120,0,1.0
27,presence,random,z_sd,0.01,XY,120,120,0,1.0
27,presence,random,z_sd,0.01,YX,120,120,0,1.0
27,presence,random,z_sd,0.02,XY,120,120,0,1.0
27,presence,random,z_sd,0.02,YX,120,120,0,1.0
27,presence,random,z_sd,0.04,XY,120,120,0,1.0
27,presence,random,z_sd,0.04,YX,120,120,0,1.0
27,presence,random,z_sd,0.08,XY,120,120,0,1.0
27,presence,random,z_sd,0.08,YX,120,120,0,1.0
27,presence,random,z_sd,0.16,XY,120,120,0,1.0
27,presence,random,z_sd,0.16,YX,120,120,0,1.0
27,presence,random,z_sd,0.32,XY,120,120,0,1.0
27,presence,random,z_sd,0.32,YX,120,120,0,1.0
27,presence,random,z_sd,0.64,XY,120,120,0,1.0
27,presence,random,z_sd,0.64,YX,120,120,0,1.0
27,presence,random,z_sd,1.28,XY,120,120,0,1.0
27,presence,random,z_sd,1.28,YX,120,120,0,1.0
27,presence,random,z_sd,2.56,XY,120,120,0,1.0
27,presence,random,z_sd,2.56,YX,120,120,0,1.0
27,presence,random,z_sd,5.12,XY,120,120,0,1.0
27,presence,random,z_sd,5.12,YX,120,120,0,1.0
27,presence,random,z_sd,10.24,XY,120,120,0,1.0
27,presence,random,z_sd,10.24,YX,120,120,0,1.0
27,presence,random,z_sd,20.48,XY,120,120,0,1.0
27,presence,random,z_sd,20.48,YX,120,120,0,1.0
28,presence,concept,alpha,0.25,XY,400,400,0,1.0
28,presence,concept,alpha,0.25,YX,400,400,0,1.0
28,presence,concept,alpha,0.5,XY,400,400,0,1.0
28,presence,concept,alpha,0.5,YX,400,400,0,1.0
28,presence,concept,alpha,1.0,XY,400,400,0,1.0
28,presence,concept,alpha,1.0,YX,400,400,0,1.0
28,presence,concept,alpha,2.0,XY,400,400,0,1.0
28,presence,concept,alpha,2.0,YX,400,400,0,1.0
28,presence,concept,alpha,4.0,XY,400,400,0,1.0
28,presence,concept,alpha,4.0,YX,400,400,0,1.0
28,presence,concept,alpha,8.0,XY,400,400,0,1.0
28,presence,concept,alpha,8.0,YX,400,400,0,1.0
28,presence,concept,alpha,16.0,XY,400,400,0,1.0
28,presence,concept,alpha,16.0,YX,400,400,0,1.0
28,presence,concept,alpha,32.0,XY,400,400,0,1.0
28,presence,concept,alpha,32.0,YX,400,400,0,1.0
28,presence,concept,alpha,64.0,XY,400,400,0,1.0
28,presence,concept,alpha,64.0,YX,400,400,0,1.0
28,presence,concept,alpha,128.0,XY,400,400,0,1.0
28,presence,concept,alpha,128.0,YX,400,400,0,1.0
28,presence,concept,z_mad,0.01,XY,400,400,0,1.0
28,presence,concept,z_mad,0.01,YX,400,400,0,1.0
28,presence,concept,z_mad,0.02,XY,400,400,0,1.0
28,presence,concept,z_mad,0.02,YX,400,400,0,1.0
28,presence,concept,z_mad,0.04,XY,400,400,0,1.0
28,presence,concept,z_mad,0.04,YX,400,400,0,1.0
28,presence,concept,z_mad,0.08,XY,400,400,0,1.0
28,presence,concept,z_mad,0.08,YX,400,400,0,1.0
28,presence,concept,z_mad,0.16,XY,400,400,0,1.0
28,presence,concept,z_mad,0.16,YX,400,400,0,1.0
28,presence,concept,z_mad,0.32,XY,400,400,0,1.0
28,presence,concept,z_mad,0.32,YX,400,400,0,1.0
28,presence,concept,z_mad,0.64,XY,400,400,0,1.0
28,presence,concept,z_mad,0.64,YX,400,400,0,1.0
28,presence,concept,z_mad,1.28,XY,400,400,0,1.0
28,presence,concept,z_mad,1.28,YX,400,400,0,1.0
28,presence,concept,z_mad,2.56,XY,400,400,0,1.0
28,presence,concept,z_mad,2.56,YX,400,400,0,1.0
28,presence,concept,z_mad,5.12,XY,400,400,0,1.0
28,presence,concept,z_mad,5.12,YX,400,400,0,1.0
28,presence,concept,z_mad,10.24,XY,400,400,0,1.0
28,presence,concept,z_mad,10.24,YX,400,400,0,1.0
28,presence,concept,z_mad,20.48,XY,400,400,0,1.0
28,presence,concept,z_mad,20.48,YX,400,400,0,1.0
28,presence,concept,z_sd,0.01,XY,400,400,0,1.0
28,presence,concept,z_sd,0.01,YX,400,400,0,1.0
28,presence,concept,z_sd,0.02,XY,400,400,0,1.0
28,presence,concept,z_sd,0.02,YX,400,400,0,1.0
28,presence,concept,z_sd,0.04,XY,400,400,0,1.0
28,presence,concept,z_sd,0.04,YX,400,400,0,1.0
28,presence,concept,z_sd,0.08,XY,400,400,0,1.0
28,presence,concept,z_sd,0.08,YX,400,400,0,1.0
28,presence,concept,z_sd,0.16,XY,400,400,0,1.0
28,presence,concept,z_sd,0.16,YX,400,400,0,1.0
28,presence,concept,z_sd,0.32,XY,400,400,0,1.0
28,presence,concept,z_sd,0.32,YX,400,400,0,1.0
28,presence,concept,z_sd,0.64,XY,400,400,0,1.0
28,presence,concept,z_sd,0.64,YX,400,400,0,1.0
28,presence,concept,z_sd,1.28,XY,400,400,0,1.0
28,presence,concept,z_sd,1.28,YX,400,400,0,1.0
28,presence,concept,z_sd,2.56,XY,400,400,0,1.0
28,presence,concept,z_sd,2.56,YX,400,400,0,1.0
28,presence,concept,z_sd,5.12,XY,400,400,0,1.0
28,presence,concept,z_sd,5.12,YX,400,400,0,1.0
28,presence,concept,z_sd,10.24,XY,400,400,0,1.0
28,presence,concept,z_sd,10.24,YX,400,400,0,1.0
28,presence,concept,z_sd,20.48,XY,400,400,0,1.0
28,presence,concept,z_sd,20.48,YX,400,400,0,1.0
28,presence,dropout,alpha,0.25,XY,80,80,0,1.0
28,presence,dropout,alpha,0.25,YX,80,80,0,1.0
28,presence,dropout,alpha,0.5,XY,80,80,0,1.0
28,presence,dropout,alpha,0.5,YX,80,80,0,1.0
28,presence,dropout,alpha,1.0,XY,80,80,0,1.0
28,presence,dropout,alpha,1.0,YX,80,80,0,1.0
28,presence,dropout,alpha,2.0,XY,80,80,0,1.0
28,presence,dropout,alpha,2.0,YX,80,80,0,1.0
28,presence,dropout,alpha,4.0,XY,80,80,0,1.0
28,presence,dropout,alpha,4.0,YX,80,80,0,1.0
28,presence,dropout,alpha,8.0,XY,80,80,0,1.0
28,presence,dropout,alpha,8.0,YX,80,80,0,1.0
28,presence,dropout,alpha,16.0,XY,80,80,0,1.0
28,presence,dropout,alpha,16.0,YX,80,80,0,1.0
28,presence,dropout,alpha,32.0,XY,80,80,0,1.0
28,presence,dropout,alpha,32.0,YX,80,80,0,1.0
28,presence,dropout,alpha,64.0,XY,80,80,0,1.0
28,presence,dropout,alpha,64.0,YX,80,80,0,1.0
28,presence,dropout,alpha,128.0,XY,80,80,0,1.0
28,presence,dropout,alpha,128.0,YX,80,80,0,1.0
28,presence,dropout,z_mad,0.01,XY,80,80,0,1.0
28,presence,dropout,z_mad,0.01,YX,80,80,0,1.0
28,presence,dropout,z_mad,0.02,XY,80,80,0,1.0
28,presence,dropout,z_mad,0.02,YX,80,80,0,1.0
28,presence,dropout,z_mad,0.04,XY,80,80,0,1.0
28,presence,dropout,z_mad,0.04,YX,80,80,0,1.0
28,presence,dropout,z_mad,0.08,XY,80,80,0,1.0
28,presence,dropout,z_mad,0.08,YX,80,80,0,1.0
28,presence,dropout,z_mad,0.16,XY,80,80,0,1.0
28,presence,dropout,z_mad,0.16,YX,80,80,0,1.0
28,presence,dropout,z_mad,0.32,XY,80,80,0,1.0
28,presence,dropout,z_mad,0.32,YX,80,80,0,1.0
28,presence,dropout,z_mad,0.64,XY,80,80,0,1.0
28,presence,dropout,z_mad,0.64,YX,80,80,0,1.0
28,presence,dropout,z_mad,1.28,XY,80,80,0,1.0
28,presence,dropout,z_mad,1.28,YX,80,80,0,1.0
28,presence,dropout,z_mad,2.56,XY,80,80,0,1.0
28,presence,dropout,z_mad,2.56,YX,80,80,0,1.0
28,presence,dropout,z_mad,5.12,XY,80,80,0,1.0
28,presence,dropout,z_mad,5.12,YX,80,80,0,1.0
28,presence,dropout,z_mad,10.24,XY,80,80,0,1.0
28,presence,dropout,z_mad,10.24,YX,80,80,0,1.0
28,presence,dropout,z_mad,20.48,XY,80,80,0,1.0
28,presence,dropout,z_mad,20.48,YX,80,80,0,1.0
28,presence,dropout,z_sd,0.01,XY,80,80,0,1.0
28,presence,dropout,z_sd,0.01,YX,80,80,0,1.0
28,presence,dropout,z_sd,0.02,XY,80,80,0,1.0
28,presence,dropout,z_sd,0.02,YX,80,80,0,1.0
28,presence,dropout,z_sd,0.04,XY,80,80,0,1.0
28,presence,dropout,z_sd,0.04,YX,80,80,0,1.0
28,presence,dropout,z_sd,0.08,XY,80,80,0,1.0
28,presence,dropout,z_sd,0.08,YX,80,80,0,1.0
28,presence,dropout,z_sd,0.16,XY,80,80,0,1.0
28,presence,dropout,z_sd,0.16,YX,80,80,0,1.0
28,presence,dropout,z_sd,0.32,XY,80,80,0,1.0
28,presence,dropout,z_sd,0.32,YX,80,80,0,1.0
28,presence,dropout,z_sd,0.64,XY,80,80,0,1.0
28,presence,dropout,z_sd,0.64,YX,80,80,0,1.0
28,presence,dropout,z_sd,1.28,XY,80,80,0,1.0
28,presence,dropout,z_sd,1.28,YX,80,80,0,1.0
28,presence,dropout,z_sd,2.56,XY,80,80,0,1.0
28,presence,dropout,z_sd,2.56,YX,80,80,0,1.0
28,presence,dropout,z_sd,5.12,XY,80,80,0,1.0
28,presence,dropout,z_sd,5.12,YX,80,80,0,1.0
28,presence,dropout,z_sd,10.24,XY,80,80,0,1.0
28,presence,dropout,z_sd,10.24,YX,80,80,0,1.0
28,presence,dropout,z_sd,20.48,XY,80,80,0,1.0
28,presence,dropout,z_sd,20.48,YX,80,80,0,1.0
28,presence,noise,alpha,0.25,XY,80,80,0,1.0
28,presence,noise,alpha,0.25,YX,80,80,0,1.0
28,presence,noise,alpha,0.5,XY,80,80,0,1.0
28,presence,noise,alpha,0.5,YX,80,80,0,1.0
28,presence,noise,alpha,1.0,XY,80,80,0,1.0
28,presence,noise,alpha,1.0,YX,80,80,0,1.0
28,presence,noise,alpha,2.0,XY,80,80,0,1.0
28,presence,noise,alpha,2.0,YX,80,80,0,1.0
28,presence,noise,alpha,4.0,XY,80,80,0,1.0
28,presence,noise,alpha,4.0,YX,80,80,0,1.0
28,presence,noise,alpha,8.0,XY,80,80,0,1.0
28,presence,noise,alpha,8.0,YX,80,80,0,1.0
28,presence,noise,alpha,16.0,XY,80,80,0,1.0
28,presence,noise,alpha,16.0,YX,80,80,0,1.0
28,presence,noise,alpha,32.0,XY,80,80,0,1.0
28,presence,noise,alpha,32.0,YX,80,80,0,1.0
28,presence,noise,alpha,64.0,XY,80,80,0,1.0
28,presence,noise,alpha,64.0,YX,80,80,0,1.0
28,presence,noise,alpha,128.0,XY,80,80,0,1.0
28,presence,noise,alpha,128.0,YX,80,80,0,1.0
28,presence,noise,z_mad,0.01,XY,80,80,0,1.0
28,presence,noise,z_mad,0.01,YX,80,80,0,1.0
28,presence,noise,z_mad,0.02,XY,80,80,0,1.0
28,presence,noise,z_mad,0.02,YX,80,80,0,1.0
28,presence,noise,z_mad,0.04,XY,80,80,0,1.0
28,presence,noise,z_mad,0.04,YX,80,80,0,1.0
28,presence,noise,z_mad,0.08,XY,80,80,0,1.0
28,presence,noise,z_mad,0.08,YX,80,80,0,1.0
28,presence,noise,z_mad,0.16,XY,80,80,0,1.0
28,presence,noise,z_mad,0.16,YX,80,80,0,1.0
28,presence,noise,z_mad,0.32,XY,80,80,0,1.0
28,presence,noise,z_mad,0.32,YX,80,80,0,1.0
28,presence,noise,z_mad,0.64,XY,80,80,0,1.0
28,presence,noise,z_mad,0.64,YX,80,80,0,1.0
28,presence,noise,z_mad,1.28,XY,80,80,0,1.0
28,presence,noise,z_mad,1.28,YX,80,80,0,1.0
28,presence,noise,z_mad,2.56,XY,80,80,0,1.0
28,presence,noise,z_mad,2.56,YX,80,80,0,1.0
28,presence,noise,z_mad,5.12,XY,80,80,0,1.0
28,presence,noise,z_mad,5.12,YX,80,80,0,1.0
28,presence,noise,z_mad,10.24,XY,80,80,0,1.0
28,presence,noise,z_mad,10.24,YX,80,80,0,1.0
28,presence,noise,z_mad,20.48,XY,80,80,0,1.0
28,presence,noise,z_mad,20.48,YX,80,80,0,1.0
28,presence,noise,z_sd,0.01,XY,80,80,0,1.0
28,presence,noise,z_sd,0.01,YX,80,80,0,1.0
28,presence,noise,z_sd,0.02,XY,80,80,0,1.0
28,presence,noise,z_sd,0.02,YX,80,80,0,1.0
28,presence,noise,z_sd,0.04,XY,80,80,0,1.0
28,presence,noise,z_sd,0.04,YX,80,80,0,1.0
28,presence,noise,z_sd,0.08,XY,80,80,0,1.0
28,presence,noise,z_sd,0.08,YX,80,80,0,1.0
28,presence,noise,z_sd,0.16,XY,80,80,0,1.0
28,presence,noise,z_sd,0.16,YX,80,80,0,1.0
28,presence,noise,z_sd,0.32,XY,80,80,0,1.0
28,presence,noise,z_sd,0.32,YX,80,80,0,1.0
28,presence,noise,z_sd,0.64,XY,80,80,0,1.0
28,presence,noise,z_sd,0.64,YX,80,80,0,1.0
28,presence,noise,z_sd,1.28,XY,80,80,0,1.0
28,presence,noise,z_sd,1.28,YX,80,80,0,1.0
28,presence,noise,z_sd,2.56,XY,80,80,0,1.0
28,presence,noise,z_sd,2.56,YX,80,80,0,1.0
28,presence,noise,z_sd,5.12,XY,80,80,0,1.0
28,presence,noise,z_sd,5.12,YX,80,80,0,1.0
28,presence,noise,z_sd,10.24,XY,80,80,0,1.0
28,presence,noise,z_sd,10.24,YX,80,80,0,1.0
28,presence,noise,z_sd,20.48,XY,80,80,0,1.0
28,presence,noise,z_sd,20.48,YX,80,80,0,1.0
28,presence,random,alpha,0.25,XY,120,120,0,1.0
28,presence,random,alpha,0.25,YX,120,120,0,1.0
28,presence,random,alpha,0.5,XY,120,120,0,1.0
28,presence,random,alpha,0.5,YX,120,120,0,1.0
28,presence,random,alpha,1.0,XY,120,120,0,1.0
28,presence,random,alpha,1.0,YX,120,120,0,1.0
28,presence,random,alpha,2.0,XY,120,120,0,1.0
28,presence,random,alpha,2.0,YX,120,120,0,1.0
28,presence,random,alpha,4.0,XY,120,120,0,1.0
28,presence,random,alpha,4.0,YX,120,120,0,1.0
28,presence,random,alpha,8.0,XY,120,120,0,1.0
28,presence,random,alpha,8.0,YX,120,120,0,1.0
28,presence,random,alpha,16.0,XY,120,120,0,1.0
28,presence,random,alpha,16.0,YX,120,120,0,1.0
28,presence,random,alpha,32.0,XY,120,120,0,1.0
28,presence,random,alpha,32.0,YX,120,120,0,1.0
28,presence,random,alpha,64.0,XY,120,120,0,1.0
28,presence,random,alpha,64.0,YX,120,120,0,1.0
28,presence,random,alpha,128.0,XY,120,120,0,1.0
28,presence,random,alpha,128.0,YX,120,120,0,1.0
28,presence,random,z_mad,0.01,XY,120,120,0,1.0
28,presence,random,z_mad,0.01,YX,120,120,0,1.0
28,presence,random,z_mad,0.02,XY,120,120,0,1.0
28,presence,random,z_mad,0.02,YX,120,120,0,1.0
28,presence,random,z_mad,0.04,XY,120,120,0,1.0
28,presence,random,z_mad,0.04,YX,120,120,0,1.0
28,presence,random,z_mad,0.08,XY,120,120,0,1.0
28,presence,random,z_mad,0.08,YX,120,120,0,1.0
28,presence,random,z_mad,0.16,XY,120,120,0,1.0
28,presence,random,z_mad,0.16,YX,120,120,0,1.0
28,presence,random,z_mad,0.32,XY,120,120,0,1.0
28,presence,random,z_mad,0.32,YX,120,120,0,1.0
28,presence,random,z_mad,0.64,XY,120,120,0,1.0
28,presence,random,z_mad,0.64,YX,120,120,0,1.0
28,presence,random,z_mad,1.28,XY,120,120,0,1.0
28,presence,random,z_mad,1.28,YX,120,120,0,1.0
28,presence,random,z_mad,2.56,XY,120,120,0,1.0
28,presence,random,z_mad,2.56,YX,120,120,0,1.0
28,presence,random,z_mad,5.12,XY,120,120,0,1.0
28,presence,random,z_mad,5.12,YX,120,120,0,1.0
28,presence,random,z_mad,10.24,XY,120,120,0,1.0
28,presence,random,z_mad,10.24,YX,120,120,0,1.0
28,presence,random,z_mad,20.48,XY,120,120,0,1.0
28,presence,random,z_mad,20.48,YX,120,120,0,1.0
28,presence,random,z_sd,0.01,XY,120,120,0,1.0
28,presence,random,z_sd,0.01,YX,120,120,0,1.0
28,presence,random,z_sd,0.02,XY,120,120,0,1.0
28,presence,random,z_sd,0.02,YX,120,120,0,1.0
28,presence,random,z_sd,0.04,XY,120,120,0,1.0
28,presence,random,z_sd,0.04,YX,120,120,0,1.0
28,presence,random,z_sd,0.08,XY,120,120,0,1.0
28,presence,random,z_sd,0.08,YX,120,120,0,1.0
28,presence,random,z_sd,0.16,XY,120,120,0,1.0
28,presence,random,z_sd,0.16,YX,120,120,0,1.0
28,presence,random,z_sd,0.32,XY,120,120,0,1.0
28,presence,random,z_sd,0.32,YX,120,120,0,1.0
28,presence,random,z_sd,0.64,XY,120,120,0,1.0
28,presence,random,z_sd,0.64,YX,120,120,0,1.0
28,presence,random,z_sd,1.28,XY,120,120,0,1.0
28,presence,random,z_sd,1.28,YX,120,120,0,1.0
28,presence,random,z_sd,2.56,XY,120,120,0,1.0
28,presence,random,z_sd,2.56,YX,120,120,0,1.0
28,presence,random,z_sd,5.12,XY,120,120,0,1.0
28,presence,random,z_sd,5.12,YX,120,120,0,1.0
28,presence,random,z_sd,10.24,XY,120,120,0,1.0
28,presence,random,z_sd,10.24,YX,120,120,0,1.0
28,presence,random,z_sd,20.48,XY,120,120,0,1.0
28,presence,random,z_sd,20.48,YX,120,120,0,1.0
29,presence,concept,alpha,0.25,XY,400,400,0,1.0
29,presence,concept,alpha,0.25,YX,400,400,0,1.0
29,presence,concept,alpha,0.5,XY,400,400,0,1.0
29,presence,concept,alpha,0.5,YX,400,400,0,1.0
29,presence,concept,alpha,1.0,XY,400,400,0,1.0
29,presence,concept,alpha,1.0,YX,400,400,0,1.0
29,presence,concept,alpha,2.0,XY,400,400,0,1.0
29,presence,concept,alpha,2.0,YX,400,400,0,1.0
29,presence,concept,alpha,4.0,XY,400,400,0,1.0
29,presence,concept,alpha,4.0,YX,400,400,0,1.0
29,presence,concept,alpha,8.0,XY,400,400,0,1.0
29,presence,concept,alpha,8.0,YX,400,400,0,1.0
29,presence,concept,alpha,16.0,XY,400,400,0,1.0
29,presence,concept,alpha,16.0,YX,400,400,0,1.0
29,presence,concept,alpha,32.0,XY,400,400,0,1.0
29,presence,concept,alpha,32.0,YX,400,400,0,1.0
29,presence,concept,alpha,64.0,XY,400,400,0,1.0
29,presence,concept,alpha,64.0,YX,400,400,0,1.0
29,presence,concept,alpha,128.0,XY,400,400,0,1.0
29,presence,concept,alpha,128.0,YX,400,400,0,1.0
29,presence,concept,z_mad,0.01,XY,400,400,0,1.0
29,presence,concept,z_mad,0.01,YX,400,400,0,1.0
29,presence,concept,z_mad,0.02,XY,400,400,0,1.0
29,presence,concept,z_mad,0.02,YX,400,400,0,1.0
29,presence,concept,z_mad,0.04,XY,400,400,0,1.0
29,presence,concept,z_mad,0.04,YX,400,400,0,1.0
29,presence,concept,z_mad,0.08,XY,400,400,0,1.0
29,presence,concept,z_mad,0.08,YX,400,400,0,1.0
29,presence,concept,z_mad,0.16,XY,400,400,0,1.0
29,presence,concept,z_mad,0.16,YX,400,400,0,1.0
29,presence,concept,z_mad,0.32,XY,400,400,0,1.0
29,presence,concept,z_mad,0.32,YX,400,400,0,1.0
29,presence,concept,z_mad,0.64,XY,400,400,0,1.0
29,presence,concept,z_mad,0.64,YX,400,400,0,1.0
29,presence,concept,z_mad,1.28,XY,400,400,0,1.0
29,presence,concept,z_mad,1.28,YX,400,400,0,1.0
29,presence,concept,z_mad,2.56,XY,400,400,0,1.0
29,presence,concept,z_mad,2.56,YX,400,400,0,1.0
29,presence,concept,z_mad,5.12,XY,400,400,0,1.0
29,presence,concept,z_mad,5.12,YX,400,400,0,1.0
29,presence,concept,z_mad,10.24,XY,400,400,0,1.0
29,presence,concept,z_mad,10.24,YX,400,400,0,1.0
29,presence,concept,z_mad,20.48,XY,400,400,0,1.0
29,presence,concept,z_mad,20.48,YX,400,400,0,1.0
29,presence,concept,z_sd,0.01,XY,400,400,0,1.0
29,presence,concept,z_sd,0.01,YX,400,400,0,1.0
29,presence,concept,z_sd,0.02,XY,400,400,0,1.0
29,presence,concept,z_sd,0.02,YX,400,400,0,1.0
29,presence,concept,z_sd,0.04,XY,400,400,0,1.0
29,presence,concept,z_sd,0.04,YX,400,400,0,1.0
29,presence,concept,z_sd,0.08,XY,400,400,0,1.0
29,presence,concept,z_sd,0.08,YX,400,400,0,1.0
29,presence,concept,z_sd,0.16,XY,400,400,0,1.0
29,presence,concept,z_sd,0.16,YX,400,400,0,1.0
29,presence,concept,z_sd,0.32,XY,400,400,0,1.0
29,presence,concept,z_sd,0.32,YX,400,400,0,1.0
29,presence,concept,z_sd,0.64,XY,400,400,0,1.0
29,presence,concept,z_sd,0.64,YX,400,400,0,1.0
29,presence,concept,z_sd,1.28,XY,400,400,0,1.0
29,presence,concept,z_sd,1.28,YX,400,400,0,1.0
29,presence,concept,z_sd,2.56,XY,400,400,0,1.0
29,presence,concept,z_sd,2.56,YX,400,400,0,1.0
29,presence,concept,z_sd,5.12,XY,400,400,0,1.0
29,presence,concept,z_sd,5.12,YX,400,400,0,1.0
29,presence,concept,z_sd,10.24,XY,400,400,0,1.0
29,presence,concept,z_sd,10.24,YX,400,400,0,1.0
29,presence,concept,z_sd,20.48,XY,400,400,0,1.0
29,presence,concept,z_sd,20.48,YX,400,400,0,1.0
29,presence,dropout,alpha,0.25,XY,80,80,0,1.0
29,presence,dropout,alpha,0.25,YX,80,80,0,1.0
29,presence,dropout,alpha,0.5,XY,80,80,0,1.0
29,presence,dropout,alpha,0.5,YX,80,80,0,1.0
29,presence,dropout,alpha,1.0,XY,80,80,0,1.0
29,presence,dropout,alpha,1.0,YX,80,80,0,1.0
29,presence,dropout,alpha,2.0,XY,80,80,0,1.0
29,presence,dropout,alpha,2.0,YX,80,80,0,1.0
29,presence,dropout,alpha,4.0,XY,80,80,0,1.0
29,presence,dropout,alpha,4.0,YX,80,80,0,1.0
29,presence,dropout,alpha,8.0,XY,80,80,0,1.0
29,presence,dropout,alpha,8.0,YX,80,80,0,1.0
29,presence,dropout,alpha,16.0,XY,80,80,0,1.0
29,presence,dropout,alpha,16.0,YX,80,80,0,1.0
29,presence,dropout,alpha,32.0,XY,80,80,0,1.0
29,presence,dropout,alpha,32.0,YX,80,80,0,1.0
29,presence,dropout,alpha,64.0,XY,80,80,0,1.0
29,presence,dropout,alpha,64.0,YX,80,80,0,1.0
29,presence,dropout,alpha,128.0,XY,80,80,0,1.0
29,presence,dropout,alpha,128.0,YX,80,80,0,1.0
29,presence,dropout,z_mad,0.01,XY,80,80,0,1.0
29,presence,dropout,z_mad,0.01,YX,80,80,0,1.0
29,presence,dropout,z_mad,0.02,XY,80,80,0,1.0
29,presence,dropout,z_mad,0.02,YX,80,80,0,1.0
29,presence,dropout,z_mad,0.04,XY,80,80,0,1.0
29,presence,dropout,z_mad,0.04,YX,80,80,0,1.0
29,presence,dropout,z_mad,0.08,XY,80,80,0,1.0
29,presence,dropout,z_mad,0.08,YX,80,80,0,1.0
29,presence,dropout,z_mad,0.16,XY,80,80,0,1.0
29,presence,dropout,z_mad,0.16,YX,80,80,0,1.0
29,presence,dropout,z_mad,0.32,XY,80,80,0,1.0
29,presence,dropout,z_mad,0.32,YX,80,80,0,1.0
29,presence,dropout,z_mad,0.64,XY,80,80,0,1.0
29,presence,dropout,z_mad,0.64,YX,80,80,0,1.0
29,presence,dropout,z_mad,1.28,XY,80,80,0,1.0
29,presence,dropout,z_mad,1.28,YX,80,80,0,1.0
29,presence,dropout,z_mad,2.56,XY,80,80,0,1.0
29,presence,dropout,z_mad,2.56,YX,80,80,0,1.0
29,presence,dropout,z_mad,5.12,XY,80,80,0,1.0
29,presence,dropout,z_mad,5.12,YX,80,80,0,1.0
29,presence,dropout,z_mad,10.24,XY,80,80,0,1.0
29,presence,dropout,z_mad,10.24,YX,80,80,0,1.0
29,presence,dropout,z_mad,20.48,XY,80,80,0,1.0
29,presence,dropout,z_mad,20.48,YX,80,80,0,1.0
29,presence,dropout,z_sd,0.01,XY,80,80,0,1.0
29,presence,dropout,z_sd,0.01,YX,80,80,0,1.0
29,presence,dropout,z_sd,0.02,XY,80,80,0,1.0
29,presence,dropout,z_sd,0.02,YX,80,80,0,1.0
29,presence,dropout,z_sd,0.04,XY,80,80,0,1.0
29,presence,dropout,z_sd,0.04,YX,80,80,0,1.0
29,presence,dropout,z_sd,0.08,XY,80,80,0,1.0
29,presence,dropout,z_sd,0.08,YX,80,80,0,1.0
29,presence,dropout,z_sd,0.16,XY,80,80,0,1.0
29,presence,dropout,z_sd,0.16,YX,80,80,0,1.0
29,presence,dropout,z_sd,0.32,XY,80,80,0,1.0
29,presence,dropout,z_sd,0.32,YX,80,80,0,1.0
29,presence,dropout,z_sd,0.64,XY,80,80,0,1.0
29,presence,dropout,z_sd,0.64,YX,80,80,0,1.0
29,presence,dropout,z_sd,1.28,XY,80,80,0,1.0
29,presence,dropout,z_sd,1.28,YX,80,80,0,1.0
29,presence,dropout,z_sd,2.56,XY,80,80,0,1.0
29,presence,dropout,z_sd,2.56,YX,80,80,0,1.0
29,presence,dropout,z_sd,5.12,XY,80,80,0,1.0
29,presence,dropout,z_sd,5.12,YX,80,80,0,1.0
29,presence,dropout,z_sd,10.24,XY,80,80,0,1.0
29,presence,dropout,z_sd,10.24,YX,80,80,0,1.0
29,presence,dropout,z_sd,20.48,XY,80,80,0,1.0
29,presence,dropout,z_sd,20.48,YX,80,80,0,1.0
29,presence,noise,alpha,0.25,XY,80,80,0,1.0
29,presence,noise,alpha,0.25,YX,80,80,0,1.0
29,presence,noise,alpha,0.5,XY,80,80,0,1.0
29,presence,noise,alpha,0.5,YX,80,80,0,1.0
29,presence,noise,alpha,1.0,XY,80,80,0,1.0
29,presence,noise,alpha,1.0,YX,80,80,0,1.0
29,presence,noise,alpha,2.0,XY,80,80,0,1.0
29,presence,noise,alpha,2.0,YX,80,80,0,1.0
29,presence,noise,alpha,4.0,XY,80,80,0,1.0
29,presence,noise,alpha,4.0,YX,80,80,0,1.0
29,presence,noise,alpha,8.0,XY,80,80,0,1.0
29,presence,noise,alpha,8.0,YX,80,80,0,1.0
29,presence,noise,alpha,16.0,XY,80,80,0,1.0
29,presence,noise,alpha,16.0,YX,80,80,0,1.0
29,presence,noise,alpha,32.0,XY,80,80,0,1.0
29,presence,noise,alpha,32.0,YX,80,80,0,1.0
29,presence,noise,alpha,64.0,XY,80,80,0,1.0
29,presence,noise,alpha,64.0,YX,80,80,0,1.0
29,presence,noise,alpha,128.0,XY,80,80,0,1.0
29,presence,noise,alpha,128.0,YX,80,80,0,1.0
29,presence,noise,z_mad,0.01,XY,80,80,0,1.0
29,presence,noise,z_mad,0.01,YX,80,80,0,1.0
29,presence,noise,z_mad,0.02,XY,80,80,0,1.0
29,presence,noise,z_mad,0.02,YX,80,80,0,1.0
29,presence,noise,z_mad,0.04,XY,80,80,0,1.0
29,presence,noise,z_mad,0.04,YX,80,80,0,1.0
29,presence,noise,z_mad,0.08,XY,80,80,0,1.0
29,presence,noise,z_mad,0.08,YX,80,80,0,1.0
29,presence,noise,z_mad,0.16,XY,80,80,0,1.0
29,presence,noise,z_mad,0.16,YX,80,80,0,1.0
29,presence,noise,z_mad,0.32,XY,80,80,0,1.0
29,presence,noise,z_mad,0.32,YX,80,80,0,1.0
29,presence,noise,z_mad,0.64,XY,80,80,0,1.0
29,presence,noise,z_mad,0.64,YX,80,80,0,1.0
29,presence,noise,z_mad,1.28,XY,80,80,0,1.0
29,presence,noise,z_mad,1.28,YX,80,80,0,1.0
29,presence,noise,z_mad,2.56,XY,80,80,0,1.0
29,presence,noise,z_mad,2.56,YX,80,80,0,1.0
29,presence,noise,z_mad,5.12,XY,80,80,0,1.0
29,presence,noise,z_mad,5.12,YX,80,80,0,1.0
29,presence,noise,z_mad,10.24,XY,80,80,0,1.0
29,presence,noise,z_mad,10.24,YX,80,80,0,1.0
29,presence,noise,z_mad,20.48,XY,80,80,0,1.0
29,presence,noise,z_mad,20.48,YX,80,80,0,1.0
29,presence,noise,z_sd,0.01,XY,80,80,0,1.0
29,presence,noise,z_sd,0.01,YX,80,80,0,1.0
29,presence,noise,z_sd,0.02,XY,80,80,0,1.0
29,presence,noise,z_sd,0.02,YX,80,80,0,1.0
29,presence,noise,z_sd,0.04,XY,80,80,0,1.0
29,presence,noise,z_sd,0.04,YX,80,80,0,1.0
29,presence,noise,z_sd,0.08,XY,80,80,0,1.0
29,presence,noise,z_sd,0.08,YX,80,80,0,1.0
29,presence,noise,z_sd,0.16,XY,80,80,0,1.0
29,presence,noise,z_sd,0.16,YX,80,80,0,1.0
29,presence,noise,z_sd,0.32,XY,80,80,0,1.0
29,presence,noise,z_sd,0.32,YX,80,80,0,1.0
29,presence,noise,z_sd,0.64,XY,80,80,0,1.0
29,presence,noise,z_sd,0.64,YX,80,80,0,1.0
29,presence,noise,z_sd,1.28,XY,80,80,0,1.0
29,presence,noise,z_sd,1.28,YX,80,80,0,1.0
29,presence,noise,z_sd,2.56,XY,80,80,0,1.0
29,presence,noise,z_sd,2.56,YX,80,80,0,1.0
29,presence,noise,z_sd,5.12,XY,80,80,0,1.0
29,presence,noise,z_sd,5.12,YX,80,80,0,1.0
29,presence,noise,z_sd,10.24,XY,80,80,0,1.0
29,presence,noise,z_sd,10.24,YX,80,80,0,1.0
29,presence,noise,z_sd,20.48,XY,80,80,0,1.0
29,presence,noise,z_sd,20.48,YX,80,80,0,1.0
29,presence,random,alpha,0.25,XY,120,120,0,1.0
29,presence,random,alpha,0.25,YX,120,120,0,1.0
29,presence,random,alpha,0.5,XY,120,120,0,1.0
29,presence,random,alpha,0.5,YX,120,120,0,1.0
29,presence,random,alpha,1.0,XY,120,120,0,1.0
29,presence,random,alpha,1.0,YX,120,120,0,1.0
29,presence,random,alpha,2.0,XY,120,120,0,1.0
29,presence,random,alpha,2.0,YX,120,120,0,1.0
29,presence,random,alpha,4.0,XY,120,120,0,1.0
29,presence,random,alpha,4.0,YX,120,120,0,1.0
29,presence,random,alpha,8.0,XY,120,120,0,1.0
29,presence,random,alpha,8.0,YX,120,120,0,1.0
29,presence,random,alpha,16.0,XY,120,120,0,1.0
29,presence,random,alpha,16.0,YX,120,120,0,1.0
29,presence,random,alpha,32.0,XY,120,120,0,1.0
29,presence,random,alpha,32.0,YX,120,120,0,1.0
29,presence,random,alpha,64.0,XY,120,120,0,1.0
29,presence,random,alpha,64.0,YX,120,120,0,1.0
29,presence,random,alpha,128.0,XY,120,120,0,1.0
29,presence,random,alpha,128.0,YX,120,120,0,1.0
29,presence,random,z_mad,0.01,XY,120,120,0,1.0
29,presence,random,z_mad,0.01,YX,120,120,0,1.0
29,presence,random,z_mad,0.02,XY,120,120,0,1.0
29,presence,random,z_mad,0.02,YX,120,120,0,1.0
29,presence,random,z_mad,0.04,XY,120,120,0,1.0
29,presence,random,z_mad,0.04,YX,120,120,0,1.0
29,presence,random,z_mad,0.08,XY,120,120,0,1.0
29,presence,random,z_mad,0.08,YX,120,120,0,1.0
29,presence,random,z_mad,0.16,XY,120,120,0,1.0
29,presence,random,z_mad,0.16,YX,120,120,0,1.0
29,presence,random,z_mad,0.32,XY,120,120,0,1.0
29,presence,random,z_mad,0.32,YX,120,120,0,1.0
29,presence,random,z_mad,0.64,XY,120,120,0,1.0
29,presence,random,z_mad,0.64,YX,120,120,0,1.0
29,presence,random,z_mad,1.28,XY,120,120,0,1.0
29,presence,random,z_mad,1.28,YX,120,120,0,1.0
29,presence,random,z_mad,2.56,XY,120,120,0,1.0
29,presence,random,z_mad,2.56,YX,120,120,0,1.0
29,presence,random,z_mad,5.12,XY,120,120,0,1.0
29,presence,random,z_mad,5.12,YX,120,120,0,1.0
29,presence,random,z_mad,10.24,XY,120,120,0,1.0
29,presence,random,z_mad,10.24,YX,120,120,0,1.0
29,presence,random,z_mad,20.48,XY,120,120,0,1.0
29,presence,random,z_mad,20.48,YX,120,120,0,1.0
29,presence,random,z_sd,0.01,XY,120,120,0,1.0
29,presence,random,z_sd,0.01,YX,120,120,0,1.0
29,presence,random,z_sd,0.02,XY,120,120,0,1.0
29,presence,random,z_sd,0.02,YX,120,120,0,1.0
29,presence,random,z_sd,0.04,XY,120,120,0,1.0
29,presence,random,z_sd,0.04,YX,120,120,0,1.0
29,presence,random,z_sd,0.08,XY,120,120,0,1.0
29,presence,random,z_sd,0.08,YX,120,120,0,1.0
29,presence,random,z_sd,0.16,XY,120,120,0,1.0
29,presence,random,z_sd,0.16,YX,120,120,0,1.0
29,presence,random,z_sd,0.32,XY,120,120,0,1.0
29,presence,random,z_sd,0.32,YX,120,120,0,1.0
29,presence,random,z_sd,0.64,XY,120,120,0,1.0
29,presence,random,z_sd,0.64,YX,120,120,0,1.0
29,presence,random,z_sd,1.28,XY,120,120,0,1.0
29,presence,random,z_sd,1.28,YX,120,120,0,1.0
29,presence,random,z_sd,2.56,XY,120,120,0,1.0
29,presence,random,z_sd,2.56,YX,120,120,0,1.0
29,presence,random,z_sd,5.12,XY,120,120,0,1.0
29,presence,random,z_sd,5.12,YX,120,120,0,1.0
29,presence,random,z_sd,10.24,XY,120,120,0,1.0
29,presence,random,z_sd,10.24,YX,120,120,0,1.0
29,presence,random,z_sd,20.48,XY,120,120,0,1.0
29,presence,random,z_sd,20.48,YX,120,120,0,1.0
30,presence,concept,alpha,0.25,XY,400,400,0,1.0
30,presence,concept,alpha,0.25,YX,400,400,0,1.0
30,presence,concept,alpha,0.5,XY,400,400,0,1.0
30,presence,concept,alpha,0.5,YX,400,400,0,1.0
30,presence,concept,alpha,1.0,XY,400,400,0,1.0
30,presence,concept,alpha,1.0,YX,400,400,0,1.0
30,presence,concept,alpha,2.0,XY,400,400,0,1.0
30,presence,concept,alpha,2.0,YX,400,400,0,1.0
30,presence,concept,alpha,4.0,XY,400,400,0,1.0
30,presence,concept,alpha,4.0,YX,400,400,0,1.0
30,presence,concept,alpha,8.0,XY,400,400,0,1.0
30,presence,concept,alpha,8.0,YX,400,400,0,1.0
30,presence,concept,alpha,16.0,XY,400,400,0,1.0
30,presence,concept,alpha,16.0,YX,400,400,0,1.0
30,presence,concept,alpha,32.0,XY,400,400,0,1.0
30,presence,concept,alpha,32.0,YX,400,400,0,1.0
30,presence,concept,alpha,64.0,XY,400,400,0,1.0
30,presence,concept,alpha,64.0,YX,400,400,0,1.0
30,presence,concept,alpha,128.0,XY,400,400,0,1.0
30,presence,concept,alpha,128.0,YX,400,400,0,1.0
30,presence,concept,z_mad,0.01,XY,400,400,0,1.0
30,presence,concept,z_mad,0.01,YX,400,400,0,1.0
30,presence,concept,z_mad,0.02,XY,400,400,0,1.0
30,presence,concept,z_mad,0.02,YX,400,400,0,1.0
30,presence,concept,z_mad,0.04,XY,400,400,0,1.0
30,presence,concept,z_mad,0.04,YX,400,400,0,1.0
30,presence,concept,z_mad,0.08,XY,400,400,0,1.0
30,presence,concept,z_mad,0.08,YX,400,400,0,1.0
30,presence,concept,z_mad,0.16,XY,400,400,0,1.0
30,presence,concept,z_mad,0.16,YX,400,400,0,1.0
30,presence,concept,z_mad,0.32,XY,400,400,0,1.0
30,presence,concept,z_mad,0.32,YX,400,400,0,1.0
30,presence,concept,z_mad,0.64,XY,400,400,0,1.0
30,presence,concept,z_mad,0.64,YX,400,400,0,1.0
30,presence,concept,z_mad,1.28,XY,400,400,0,1.0
30,presence,concept,z_mad,1.28,YX,400,400,0,1.0
30,presence,concept,z_mad,2.56,XY,400,400,0,1.0
30,presence,concept,z_mad,2.56,YX,400,400,0,1.0
30,presence,concept,z_mad,5.12,XY,400,400,0,1.0
30,presence,concept,z_mad,5.12,YX,400,400,0,1.0
30,presence,concept,z_mad,10.24,XY,400,400,0,1.0
30,presence,concept,z_mad,10.24,YX,400,400,0,1.0
30,presence,concept,z_mad,20.48,XY,400,400,0,1.0
30,presence,concept,z_mad,20.48,YX,400,400,0,1.0
30,presence,concept,z_sd,0.01,XY,400,400,0,1.0
30,presence,concept,z_sd,0.01,YX,400,400,0,1.0
30,presence,concept,z_sd,0.02,XY,400,400,0,1.0
30,presence,concept,z_sd,0.02,YX,400,400,0,1.0
30,presence,concept,z_sd,0.04,XY,400,400,0,1.0
30,presence,concept,z_sd,0.04,YX,400,400,0,1.0
30,presence,concept,z_sd,0.08,XY,400,400,0,1.0
30,presence,concept,z_sd,0.08,YX,400,400,0,1.0
30,presence,concept,z_sd,0.16,XY,400,400,0,1.0
30,presence,concept,z_sd,0.16,YX,400,400,0,1.0
30,presence,concept,z_sd,0.32,XY,400,400,0,1.0
30,presence,concept,z_sd,0.32,YX,400,400,0,1.0
30,presence,concept,z_sd,0.64,XY,400,400,0,1.0
30,presence,concept,z_sd,0.64,YX,400,400,0,1.0
30,presence,concept,z_sd,1.28,XY,400,400,0,1.0
30,presence,concept,z_sd,1.28,YX,400,400,0,1.0
30,presence,concept,z_sd,2.56,XY,400,400,0,1.0
30,presence,concept,z_sd,2.56,YX,400,400,0,1.0
30,presence,concept,z_sd,5.12,XY,400,400,0,1.0
30,presence,concept,z_sd,5.12,YX,400,400,0,1.0
30,presence,concept,z_sd,10.24,XY,400,400,0,1.0
30,presence,concept,z_sd,10.24,YX,400,400,0,1.0
30,presence,concept,z_sd,20.48,XY,400,400,0,1.0
30,presence,concept,z_sd,20.48,YX,400,400,0,1.0
30,presence,dropout,alpha,0.25,XY,80,80,0,1.0
30,presence,dropout,alpha,0.25,YX,80,80,0,1.0
30,presence,dropout,alpha,0.5,XY,80,80,0,1.0
30,presence,dropout,alpha,0.5,YX,80,80,0,1.0
30,presence,dropout,alpha,1.0,XY,80,80,0,1.0
30,presence,dropout,alpha,1.0,YX,80,80,0,1.0
30,presence,dropout,alpha,2.0,XY,80,80,0,1.0
30,presence,dropout,alpha,2.0,YX,80,80,0,1.0
30,presence,dropout,alpha,4.0,XY,80,80,0,1.0
30,presence,dropout,alpha,4.0,YX,80,80,0,1.0
30,presence,dropout,alpha,8.0,XY,80,80,0,1.0
30,presence,dropout,alpha,8.0,YX,80,80,0,1.0
30,presence,dropout,alpha,16.0,XY,80,80,0,1.0
30,presence,dropout,alpha,16.0,YX,80,80,0,1.0
30,presence,dropout,alpha,32.0,XY,80,80,0,1.0
30,presence,dropout,alpha,32.0,YX,80,80,0,1.0
30,presence,dropout,alpha,64.0,XY,80,80,0,1.0
30,presence,dropout,alpha,64.0,YX,80,80,0,1.0
30,presence,dropout,alpha,128.0,XY,80,80,0,1.0
30,presence,dropout,alpha,128.0,YX,80,80,0,1.0
30,presence,dropout,z_mad,0.01,XY,80,80,0,1.0
30,presence,dropout,z_mad,0.01,YX,80,80,0,1.0
30,presence,dropout,z_mad,0.02,XY,80,80,0,1.0
30,presence,dropout,z_mad,0.02,YX,80,80,0,1.0
30,presence,dropout,z_mad,0.04,XY,80,80,0,1.0
30,presence,dropout,z_mad,0.04,YX,80,80,0,1.0
30,presence,dropout,z_mad,0.08,XY,80,80,0,1.0
30,presence,dropout,z_mad,0.08,YX,80,80,0,1.0
30,presence,dropout,z_mad,0.16,XY,80,80,0,1.0
30,presence,dropout,z_mad,0.16,YX,80,80,0,1.0
30,presence,dropout,z_mad,0.32,XY,80,80,0,1.0
30,presence,dropout,z_mad,0.32,YX,80,80,0,1.0
30,presence,dropout,z_mad,0.64,XY,80,80,0,1.0
30,presence,dropout,z_mad,0.64,YX,80,80,0,1.0
30,presence,dropout,z_mad,1.28,XY,80,80,0,1.0
30,presence,dropout,z_mad,1.28,YX,80,80,0,1.0
30,presence,dropout,z_mad,2.56,XY,80,80,0,1.0
30,presence,dropout,z_mad,2.56,YX,80,80,0,1.0
30,presence,dropout,z_mad,5.12,XY,80,80,0,1.0
30,presence,dropout,z_mad,5.12,YX,80,80,0,1.0
30,presence,dropout,z_mad,10.24,XY,80,80,0,1.0
30,presence,dropout,z_mad,10.24,YX,80,80,0,1.0
30,presence,dropout,z_mad,20.48,XY,80,80,0,1.0
30,presence,dropout,z_mad,20.48,YX,80,80,0,1.0
30,presence,dropout,z_sd,0.01,XY,80,80,0,1.0
30,presence,dropout,z_sd,0.01,YX,80,80,0,1.0
30,presence,dropout,z_sd,0.02,XY,80,80,0,1.0
30,presence,dropout,z_sd,0.02,YX,80,80,0,1.0
30,presence,dropout,z_sd,0.04,XY,80,80,0,1.0
30,presence,dropout,z_sd,0.04,YX,80,80,0,1.0
30,presence,dropout,z_sd,0.08,XY,80,80,0,1.0
30,presence,dropout,z_sd,0.08,YX,80,80,0,1.0
30,presence,dropout,z_sd,0.16,XY,80,80,0,1.0
30,presence,dropout,z_sd,0.16,YX,80,80,0,1.0
30,presence,dropout,z_sd,0.32,XY,80,80,0,1.0
30,presence,dropout,z_sd,0.32,YX,80,80,0,1.0
30,presence,dropout,z_sd,0.64,XY,80,80,0,1.0
30,presence,dropout,z_sd,0.64,YX,80,80,0,1.0
30,presence,dropout,z_sd,1.28,XY,80,80,0,1.0
30,presence,dropout,z_sd,1.28,YX,80,80,0,1.0
30,presence,dropout,z_sd,2.56,XY,80,80,0,1.0
30,presence,dropout,z_sd,2.56,YX,80,80,0,1.0
30,presence,dropout,z_sd,5.12,XY,80,80,0,1.0
30,presence,dropout,z_sd,5.12,YX,80,80,0,1.0
30,presence,dropout,z_sd,10.24,XY,80,80,0,1.0
30,presence,dropout,z_sd,10.24,YX,80,80,0,1.0
30,presence,dropout,z_sd,20.48,XY,80,80,0,1.0
30,presence,dropout,z_sd,20.48,YX,80,80,0,1.0
30,presence,noise,alpha,0.25,XY,80,80,0,1.0
30,presence,noise,alpha,0.25,YX,80,80,0,1.0
30,presence,noise,alpha,0.5,XY,80,80,0,1.0
30,presence,noise,alpha,0.5,YX,80,80,0,1.0
30,presence,noise,alpha,1.0,XY,80,80,0,1.0
30,presence,noise,alpha,1.0,YX,80,80,0,1.0
30,presence,noise,alpha,2.0,XY,80,80,0,1.0
30,presence,noise,alpha,2.0,YX,80,80,0,1.0
30,presence,noise,alpha,4.0,XY,80,80,0,1.0
30,presence,noise,alpha,4.0,YX,80,80,0,1.0
30,presence,noise,alpha,8.0,XY,80,80,0,1.0
30,presence,noise,alpha,8.0,YX,80,80,0,1.0
30,presence,noise,alpha,16.0,XY,80,80,0,1.0
30,presence,noise,alpha,16.0,YX,80,80,0,1.0
30,presence,noise,alpha,32.0,XY,80,80,0,1.0
30,presence,noise,alpha,32.0,YX,80,80,0,1.0
30,presence,noise,alpha,64.0,XY,80,80,0,1.0
30,presence,noise,alpha,64.0,YX,80,80,0,1.0
30,presence,noise,alpha,128.0,XY,80,80,0,1.0
30,presence,noise,alpha,128.0,YX,80,80,0,1.0
30,presence,noise,z_mad,0.01,XY,80,80,0,1.0
30,presence,noise,z_mad,0.01,YX,80,80,0,1.0
30,presence,noise,z_mad,0.02,XY,80,80,0,1.0
30,presence,noise,z_mad,0.02,YX,80,80,0,1.0
30,presence,noise,z_mad,0.04,XY,80,80,0,1.0
30,presence,noise,z_mad,0.04,YX,80,80,0,1.0
30,presence,noise,z_mad,0.08,XY,80,80,0,1.0
30,presence,noise,z_mad,0.08,YX,80,80,0,1.0
30,presence,noise,z_mad,0.16,XY,80,80,0,1.0
30,presence,noise,z_mad,0.16,YX,80,80,0,1.0
30,presence,noise,z_mad,0.32,XY,80,80,0,1.0
30,presence,noise,z_mad,0.32,YX,80,80,0,1.0
30,presence,noise,z_mad,0.64,XY,80,80,0,1.0
30,presence,noise,z_mad,0.64,YX,80,80,0,1.0
30,presence,noise,z_mad,1.28,XY,80,80,0,1.0
30,presence,noise,z_mad,1.28,YX,80,80,0,1.0
30,presence,noise,z_mad,2.56,XY,80,80,0,1.0
30,presence,noise,z_mad,2.56,YX,80,80,0,1.0
30,presence,noise,z_mad,5.12,XY,80,80,0,1.0
30,presence,noise,z_mad,5.12,YX,80,80,0,1.0
30,presence,noise,z_mad,10.24,XY,80,80,0,1.0
30,presence,noise,z_mad,10.24,YX,80,80,0,1.0
30,presence,noise,z_mad,20.48,XY,80,80,0,1.0
30,presence,noise,z_mad,20.48,YX,80,80,0,1.0
30,presence,noise,z_sd,0.01,XY,80,80,0,1.0
30,presence,noise,z_sd,0.01,YX,80,80,0,1.0
30,presence,noise,z_sd,0.02,XY,80,80,0,1.0
30,presence,noise,z_sd,0.02,YX,80,80,0,1.0
30,presence,noise,z_sd,0.04,XY,80,80,0,1.0
30,presence,noise,z_sd,0.04,YX,80,80,0,1.0
30,presence,noise,z_sd,0.08,XY,80,80,0,1.0
30,presence,noise,z_sd,0.08,YX,80,80,0,1.0
30,presence,noise,z_sd,0.16,XY,80,80,0,1.0
30,presence,noise,z_sd,0.16,YX,80,80,0,1.0
30,presence,noise,z_sd,0.32,XY,80,80,0,1.0
30,presence,noise,z_sd,0.32,YX,80,80,0,1.0
30,presence,noise,z_sd,0.64,XY,80,80,0,1.0
30,presence,noise,z_sd,0.64,YX,80,80,0,1.0
30,presence,noise,z_sd,1.28,XY,80,80,0,1.0
30,presence,noise,z_sd,1.28,YX,80,80,0,1.0
30,presence,noise,z_sd,2.56,XY,80,80,0,1.0
30,presence,noise,z_sd,2.56,YX,80,80,0,1.0
30,presence,noise,z_sd,5.12,XY,80,80,0,1.0
30,presence,noise,z_sd,5.12,YX,80,80,0,1.0
30,presence,noise,z_sd,10.24,XY,80,80,0,1.0
30,presence,noise,z_sd,10.24,YX,80,80,0,1.0
30,presence,noise,z_sd,20.48,XY,80,80,0,1.0
30,presence,noise,z_sd,20.48,YX,80,80,0,1.0
30,presence,random,alpha,0.25,XY,120,120,0,1.0
30,presence,random,alpha,0.25,YX,120,120,0,1.0
30,presence,random,alpha,0.5,XY,120,120,0,1.0
30,presence,random,alpha,0.5,YX,120,120,0,1.0
30,presence,random,alpha,1.0,XY,120,120,0,1.0
30,presence,random,alpha,1.0,YX,120,120,0,1.0
30,presence,random,alpha,2.0,XY,120,120,0,1.0
30,presence,random,alpha,2.0,YX,120,120,0,1.0
30,presence,random,alpha,4.0,XY,120,120,0,1.0
30,presence,random,alpha,4.0,YX,120,120,0,1.0
30,presence,random,alpha,8.0,XY,120,120,0,1.0
30,presence,random,alpha,8.0,YX,120,120,0,1.0
30,presence,random,alpha,16.0,XY,120,120,0,1.0
30,presence,random,alpha,16.0,YX,120,120,0,1.0
30,presence,random,alpha,32.0,XY,120,120,0,1.0
30,presence,random,alpha,32.0,YX,120,120,0,1.0
30,presence,random,alpha,64.0,XY,120,120,0,1.0
30,presence,random,alpha,64.0,YX,120,120,0,1.0
30,presence,random,alpha,128.0,XY,120,120,0,1.0
30,presence,random,alpha,128.0,YX,120,120,0,1.0
30,presence,random,z_mad,0.01,XY,120,120,0,1.0
30,presence,random,z_mad,0.01,YX,120,120,0,1.0
30,presence,random,z_mad,0.02,XY,120,120,0,1.0
30,presence,random,z_mad,0.02,YX,120,120,0,1.0
30,presence,random,z_mad,0.04,XY,120,120,0,1.0
30,presence,random,z_mad,0.04,YX,120,120,0,1.0
30,presence,random,z_mad,0.08,XY,120,120,0,1.0
30,presence,random,z_mad,0.08,YX,120,120,0,1.0
30,presence,random,z_mad,0.16,XY,120,120,0,1.0
30,presence,random,z_mad,0.16,YX,120,120,0,1.0
30,presence,random,z_mad,0.32,XY,120,120,0,1.0
30,presence,random,z_mad,0.32,YX,120,120,0,1.0
30,presence,random,z_mad,0.64,XY,120,120,0,1.0
30,presence,random,z_mad,0.64,YX,120,120,0,1.0
30,presence,random,z_mad,1.28,XY,120,120,0,1.0
30,presence,random,z_mad,1.28,YX,120,120,0,1.0
30,presence,random,z_mad,2.56,XY,120,120,0,1.0
30,presence,random,z_mad,2.56,YX,120,120,0,1.0
30,presence,random,z_mad,5.12,XY,120,120,0,1.0
30,presence,random,z_mad,5.12,YX,120,120,0,1.0
30,presence,random,z_mad,10.24,XY,120,120,0,1.0
30,presence,random,z_mad,10.24,YX,120,120,0,1.0
30,presence,random,z_mad,20.48,XY,120,120,0,1.0
30,presence,random,z_mad,20.48,YX,120,120,0,1.0
30,presence,random,z_sd,0.01,XY,120,120,0,1.0
30,presence,random,z_sd,0.01,YX,120,120,0,1.0
30,presence,random,z_sd,0.02,XY,120,120,0,1.0
30,presence,random,z_sd,0.02,YX,120,120,0,1.0
30,presence,random,z_sd,0.04,XY,120,120,0,1.0
30,presence,random,z_sd,0.04,YX,120,120,0,1.0
30,presence,random,z_sd,0.08,XY,120,120,0,1.0
30,presence,random,z_sd,0.08,YX,120,120,0,1.0
30,presence,random,z_sd,0.16,XY,120,120,0,1.0
30,presence,random,z_sd,0.16,YX,120,120,0,1.0
30,presence,random,z_sd,0.32,XY,120,120,0,1.0
30,presence,random,z_sd,0.32,YX,120,120,0,1.0
30,presence,random,z_sd,0.64,XY,120,120,0,1.0
30,presence,random,z_sd,0.64,YX,120,120,0,1.0
30,presence,random,z_sd,1.28,XY,120,120,0,1.0
30,presence,random,z_sd,1.28,YX,120,120,0,1.0
30,presence,random,z_sd,2.56,XY,120,120,0,1.0
30,presence,random,z_sd,2.56,YX,120,120,0,1.0
30,presence,random,z_sd,5.12,XY,120,120,0,1.0
30,presence,random,z_sd,5.12,YX,120,120,0,1.0
30,presence,random,z_sd,10.24,XY,120,120,0,1.0
30,presence,random,z_sd,10.24,YX,120,120,0,1.0
30,presence,random,z_sd,20.48,XY,120,120,0,1.0
30,presence,random,z_sd,20.48,YX,120,120,0,1.0
