layer,family,direction_id,direction_label,dose,n_trials,n_pairs,accuracy_raw,accuracy_adjusted,mean_s,threshold_75_raw,threshold_reportable_raw,threshold_75_adjusted,threshold_reportable_adjusted
0,concept,concept__block_00__Dust,Dust,0.0625,40,20,0.5,0.5375,0.0125,,False,,False
0,concept,concept__block_00__Dust,Dust,0.125,40,20,0.5,0.525,0.009375,,False,,False
0,concept,concept__block_00__Dust,Dust,0.25,40,20,0.5,0.425,-0.021875,,False,,False
0,concept,concept__block_00__Dust,Dust,0.5,40,20,0.5,0.5125,0.003125,,False,,False
0,concept,concept__block_00__Dust,Dust,1.0,40,20,0.5,0.475,-0.00625,,False,,False
0,concept,concept__block_00__Dust,Dust,2.0,40,20,0.5,0.4375,-0.01875,,False,,False
0,concept,concept__block_00__Dust,Dust,4.0,40,20,0.5,0.5125,0.009375,,False,,False
0,concept,concept__block_00__Dust,Dust,8.0,40,20,0.5,0.4875,-0.00625,,False,,False
0,concept,concept__block_00__Dust,Dust,16.0,40,20,0.5,0.525,0.0125,,False,,False
0,concept,concept__block_00__Dust,Dust,32.0,40,20,0.5,0.825,0.440625,,False,,False
0,concept,concept__block_00__Dust,Dust,64.0,40,20,0.7875,0.9125,1.396875,,False,,False
0,concept,concept__block_00__Dust,Dust,128.0,40,20,0.675,0.925,1.33125,,False,,False
0,concept,concept__block_00__Dust,Dust,256.0,40,20,0.5,0.9375,1.309375,,False,,False
0,concept,concept__block_00__Dust,Dust,512.0,40,20,0.5,0.9375,0.9125,,False,,False
0,concept,concept__block_00__Dust,Dust,1024.0,40,20,0.65,0.6375,0.703125,,False,,False
0,concept,concept__block_00__Dust,Dust,2048.0,40,20,0.8,0.6125,0.7625,,False,,False
0,concept,concept__block_00__Dust,Dust,4096.0,40,20,0.5625,0.6,0.534375,,False,,False
0,concept,concept__block_00__Dust,Dust,8192.0,40,20,0.525,0.5,0.21953125,,False,,False
0,concept,concept__block_00__Satellites,Satellites,0.0625,40,20,0.5,0.45,-0.0125,,False,,False
0,concept,concept__block_00__Satellites,Satellites,0.125,40,20,0.5,0.475,-0.003125,,False,,False
0,concept,concept__block_00__Satellites,Satellites,0.25,40,20,0.5,0.4375,-0.01875,,False,,False
0,concept,concept__block_00__Satellites,Satellites,0.5,40,20,0.5,0.5,-0.00625,,False,,False
0,concept,concept__block_00__Satellites,Satellites,1.0,40,20,0.5,0.55,0.009375,,False,,False
0,concept,concept__block_00__Satellites,Satellites,2.0,40,20,0.5,0.5,-0.003125,,False,,False
0,concept,concept__block_00__Satellites,Satellites,4.0,40,20,0.5,0.5,-0.003125,,False,,False
0,concept,concept__block_00__Satellites,Satellites,8.0,40,20,0.5,0.35,-0.040625,,False,,False
0,concept,concept__block_00__Satellites,Satellites,16.0,40,20,0.5,0.3125,-0.053125,,False,,False
0,concept,concept__block_00__Satellites,Satellites,32.0,40,20,0.5,0.65,0.18125,,False,,False
0,concept,concept__block_00__Satellites,Satellites,64.0,40,20,0.625,0.875,1.1,,False,,False
0,concept,concept__block_00__Satellites,Satellites,128.0,40,20,0.6375,0.85,0.8875,,False,,False
0,concept,concept__block_00__Satellites,Satellites,256.0,40,20,0.75,0.8,1.0125,,False,,False
0,concept,concept__block_00__Satellites,Satellites,512.0,40,20,0.5375,0.9,1.059375,,False,,False
0,concept,concept__block_00__Satellites,Satellites,1024.0,40,20,0.75,0.725,0.93125,,False,,False
0,concept,concept__block_00__Satellites,Satellites,2048.0,40,20,0.6125,0.525,0.28125,,False,,False
0,concept,concept__block_00__Satellites,Satellites,4096.0,40,20,0.475,0.475,-0.0125,,False,,False
0,concept,concept__block_00__Satellites,Satellites,8192.0,40,20,0.475,0.5,0.040625,,False,,False
0,concept,concept__block_00__recursion,recursion,0.0625,40,20,0.5,0.4875,-0.0125,,False,,False
0,concept,concept__block_00__recursion,recursion,0.125,40,20,0.5,0.4375,-0.009375,,False,,False
0,concept,concept__block_00__recursion,recursion,0.25,40,20,0.5,0.45,-0.00625,,False,,False
0,concept,concept__block_00__recursion,recursion,0.5,40,20,0.5,0.5375,0.00625,,False,,False
0,concept,concept__block_00__recursion,recursion,1.0,40,20,0.5,0.5,-0.003125,,False,,False
0,concept,concept__block_00__recursion,recursion,2.0,40,20,0.5,0.4875,-0.003125,,False,,False
0,concept,concept__block_00__recursion,recursion,4.0,40,20,0.5,0.5,0.0,,False,,False
0,concept,concept__block_00__recursion,recursion,8.0,40,20,0.5,0.5625,0.025,,False,,False
0,concept,concept__block_00__recursion,recursion,16.0,40,20,0.5,0.5625,0.0,,False,,False
0,concept,concept__block_00__recursion,recursion,32.0,40,20,0.5,0.825,0.525,,False,,False
0,concept,concept__block_00__recursion,recursion,64.0,40,20,0.6375,0.9625,1.228125,,False,,False
0,concept,concept__block_00__recursion,recursion,128.0,40,20,0.575,0.5125,0.421875,,False,,False
0,concept,concept__block_00__recursion,recursion,256.0,40,20,0.5,0.7375,0.790625,,False,,False
0,concept,concept__block_00__recursion,recursion,512.0,40,20,0.5,0.55,0.190625,,False,,False
0,concept,concept__block_00__recursion,recursion,1024.0,40,20,0.375,0.5,-0.03125,,False,,False
0,concept,concept__block_00__recursion,recursion,2048.0,40,20,0.55,0.5,-0.0125,,False,,False
0,concept,concept__block_00__recursion,recursion,4096.0,40,20,0.5,0.5,-0.11484375,,False,,False
0,concept,concept__block_00__recursion,recursion,8192.0,40,20,0.3,0.5,-0.28046875,,False,,False
0,concept,concept__block_00__shutdown,shutdown,0.0625,40,20,0.5,0.5625,0.0125,,False,,False
0,concept,concept__block_00__shutdown,shutdown,0.125,40,20,0.5,0.425,-0.0125,,False,,False
0,concept,concept__block_00__shutdown,shutdown,0.25,40,20,0.5,0.45,-0.009375,,False,,False
0,concept,concept__block_00__shutdown,shutdown,0.5,40,20,0.5,0.5,0.009375,,False,,False
0,concept,concept__block_00__shutdown,shutdown,1.0,40,20,0.5,0.5625,0.015625,,False,,False
0,concept,concept__block_00__shutdown,shutdown,2.0,40,20,0.5,0.5,0.015625,,False,,False
0,concept,concept__block_00__shutdown,shutdown,4.0,40,20,0.5,0.5,0.0125,,False,,False
0,concept,concept__block_00__shutdown,shutdown,8.0,40,20,0.5,0.525,0.015625,,False,,False
0,concept,concept__block_00__shutdown,shutdown,16.0,40,20,0.5,0.4,-0.034375,,False,,False
0,concept,concept__block_00__shutdown,shutdown,32.0,40,20,0.5,0.75,0.340625,,False,,False
0,concept,concept__block_00__shutdown,shutdown,64.0,40,20,0.6125,0.85,0.946875,,False,,False
0,concept,concept__block_00__shutdown,shutdown,128.0,40,20,0.7125,0.775,1.003125,,False,,False
0,concept,concept__block_00__shutdown,shutdown,256.0,40,20,0.525,0.5,-0.04375,,False,,False
0,concept,concept__block_00__shutdown,shutdown,512.0,40,20,0.4,0.5,-0.1796875,,False,,False
0,concept,concept__block_00__shutdown,shutdown,1024.0,40,20,0.35,0.5,-0.2515625,,False,,False
0,concept,concept__block_00__shutdown,shutdown,2048.0,40,20,0.5,0.5,-0.1671875,,False,,False
0,concept,concept__block_00__shutdown,shutdown,4096.0,40,20,0.475,0.525,-0.0203125,,False,,False
0,concept,concept__block_00__shutdown,shutdown,8192.0,40,20,0.525,0.5,-0.00234375,,False,,False
0,dropout,dropout_realization_00,dropout_realization_00,0.0625,40,20,0.5,0.5,0.0,,False,,False
0,dropout,dropout_realization_00,dropout_realization_00,0.125,40,20,0.5,0.5125,0.003125,,False,,False
0,dropout,dropout_realization_00,dropout_realization_00,0.25,40,20,0.5,0.5125,0.00625,,False,,False
0,dropout,dropout_realization_00,dropout_realization_00,0.5,40,20,0.5,0.45,-0.01875,,False,,False
0,dropout,dropout_realization_00,dropout_realization_00,1.0,40,20,0.5,0.4875,0.003125,,False,,False
0,dropout,dropout_realization_00,dropout_realization_00,2.0,40,20,0.5,0.475,-0.009375,,False,,False
0,dropout,dropout_realization_00,dropout_realization_00,4.0,40,20,0.5,0.4875,-0.009375,,False,,False
0,dropout,dropout_realization_00,dropout_realization_00,8.0,40,20,0.5,0.5375,0.00625,,False,,False
0,dropout,dropout_realization_00,dropout_realization_00,16.0,40,20,0.5,0.5,0.003125,,False,,False
0,dropout,dropout_realization_00,dropout_realization_00,32.0,40,20,0.5,0.6125,0.040625,,False,,False
0,dropout,dropout_realization_00,dropout_realization_00,64.0,40,20,0.5,0.5375,0.046875,,False,,False
0,dropout,dropout_realization_00,dropout_realization_00,128.0,40,20,0.525,0.7625,0.684375,,False,,False
0,dropout,dropout_realization_00,dropout_realization_00,256.0,40,20,0.625,0.7,0.621875,,False,,False
0,dropout,dropout_realization_00,dropout_realization_00,512.0,40,20,0.6125,0.8125,0.834375,,False,,False
0,dropout,dropout_realization_00,dropout_realization_00,1024.0,40,20,0.65,0.65,0.5375,,False,,False
0,dropout,dropout_realization_00,dropout_realization_00,2048.0,40,20,0.6,0.6,0.484375,,False,,False
0,dropout,dropout_realization_00,dropout_realization_00,4096.0,40,20,0.55,0.55,0.19375,,False,,False
0,dropout,dropout_realization_00,dropout_realization_00,8192.0,40,20,0.4625,0.475,-0.071875,,False,,False
0,dropout,dropout_realization_01,dropout_realization_01,0.0625,40,20,0.5,0.5125,0.003125,,False,,False
0,dropout,dropout_realization_01,dropout_realization_01,0.125,40,20,0.5,0.4875,-0.003125,,False,,False
0,dropout,dropout_realization_01,dropout_realization_01,0.25,40,20,0.5,0.45,-0.0125,,False,,False
0,dropout,dropout_realization_01,dropout_realization_01,0.5,40,20,0.5,0.525,0.00625,,False,,False
0,dropout,dropout_realization_01,dropout_realization_01,1.0,40,20,0.5,0.475,-0.015625,,False,,False
0,dropout,dropout_realization_01,dropout_realization_01,2.0,40,20,0.5,0.55,0.00625,,False,,False
0,dropout,dropout_realization_01,dropout_realization_01,4.0,40,20,0.5,0.5125,0.009375,,False,,False
0,dropout,dropout_realization_01,dropout_realization_01,8.0,40,20,0.5,0.475,-0.00625,,False,,False
0,dropout,dropout_realization_01,dropout_realization_01,16.0,40,20,0.5,0.425,-0.025,,False,,False
0,dropout,dropout_realization_01,dropout_realization_01,32.0,40,20,0.5,0.675,0.0625,,False,,False
0,dropout,dropout_realization_01,dropout_realization_01,64.0,40,20,0.5,0.675,0.115625,,False,,False
0,dropout,dropout_realization_01,dropout_realization_01,128.0,40,20,0.5875,0.7625,0.6,,False,,False
0,dropout,dropout_realization_01,dropout_realization_01,256.0,40,20,0.6375,0.7375,0.75625,,False,,False
0,dropout,dropout_realization_01,dropout_realization_01,512.0,40,20,0.625,0.6625,0.684375,,False,,False
0,dropout,dropout_realization_01,dropout_realization_01,1024.0,40,20,0.6125,0.7625,0.78125,,False,,False
0,dropout,dropout_realization_01,dropout_realization_01,2048.0,40,20,0.4375,0.5625,0.2453125,,False,,False
0,dropout,dropout_realization_01,dropout_realization_01,4096.0,40,20,0.4875,0.475,0.0453125,,False,,False
0,dropout,dropout_realization_01,dropout_realization_01,8192.0,40,20,0.5375,0.5,-0.0109375,,False,,False
0,noise,noise_realization_00,noise_realization_00,0.0625,40,20,0.5,0.525,0.003125,,False,,False
0,noise,noise_realization_00,noise_realization_00,0.125,40,20,0.5,0.5375,0.009375,,False,,False
0,noise,noise_realization_00,noise_realization_00,0.25,40,20,0.5,0.5375,0.0125,,False,,False
0,noise,noise_realization_00,noise_realization_00,0.5,40,20,0.5,0.5625,0.021875,,False,,False
0,noise,noise_realization_00,noise_realization_00,1.0,40,20,0.5,0.4875,0.0,,False,,False
0,noise,noise_realization_00,noise_realization_00,2.0,40,20,0.5,0.5,0.0,,False,,False
0,noise,noise_realization_00,noise_realization_00,4.0,40,20,0.5,0.4625,-0.003125,,False,,False
0,noise,noise_realization_00,noise_realization_00,8.0,40,20,0.5,0.5375,0.009375,,False,,False
0,noise,noise_realization_00,noise_realization_00,16.0,40,20,0.5,0.5375,0.015625,,False,,False
0,noise,noise_realization_00,noise_realization_00,32.0,40,20,0.5,0.6,0.015625,,False,,False
0,noise,noise_realization_00,noise_realization_00,64.0,40,20,0.5,0.6875,0.08125,,False,,False
0,noise,noise_realization_00,noise_realization_00,128.0,40,20,0.55,0.7625,0.475,,False,,False
0,noise,noise_realization_00,noise_realization_00,256.0,40,20,0.55,0.7125,0.603125,,False,,False
0,noise,noise_realization_00,noise_realization_00,512.0,40,20,0.6875,0.7625,0.79375,,False,,False
0,noise,noise_realization_00,noise_realization_00,1024.0,40,20,0.5,0.775,0.54375,,False,,False
0,noise,noise_realization_00,noise_realization_00,2048.0,40,20,0.5875,0.7,0.628125,,False,,False
0,noise,noise_realization_00,noise_realization_00,4096.0,40,20,0.5,0.6,0.265625,,False,,False
0,noise,noise_realization_00,noise_realization_00,8192.0,40,20,0.6,0.5875,0.36875,,False,,False
0,noise,noise_realization_01,noise_realization_01,0.0625,40,20,0.5,0.5125,-0.003125,,False,,False
0,noise,noise_realization_01,noise_realization_01,0.125,40,20,0.5,0.6,0.03125,,False,,False
0,noise,noise_realization_01,noise_realization_01,0.25,40,20,0.5,0.5125,0.0,,False,,False
0,noise,noise_realization_01,noise_realization_01,0.5,40,20,0.5,0.45,-0.0125,,False,,False
0,noise,noise_realization_01,noise_realization_01,1.0,40,20,0.5,0.525,0.0125,,False,,False
0,noise,noise_realization_01,noise_realization_01,2.0,40,20,0.5,0.5,-0.00625,,False,,False
0,noise,noise_realization_01,noise_realization_01,4.0,40,20,0.5,0.4875,-0.00625,,False,,False
0,noise,noise_realization_01,noise_realization_01,8.0,40,20,0.5,0.4625,-0.009375,,False,,False
0,noise,noise_realization_01,noise_realization_01,16.0,40,20,0.5,0.5375,0.0125,,False,,False
0,noise,noise_realization_01,noise_realization_01,32.0,40,20,0.5,0.45,-0.021875,,False,,False
0,noise,noise_realization_01,noise_realization_01,64.0,40,20,0.5125,0.6,0.096875,,False,,False
0,noise,noise_realization_01,noise_realization_01,128.0,40,20,0.525,0.85,0.403125,,False,,False
0,noise,noise_realization_01,noise_realization_01,256.0,40,20,0.575,0.6875,0.53125,,False,,False
0,noise,noise_realization_01,noise_realization_01,512.0,40,20,0.65,0.775,0.834375,,False,,False
0,noise,noise_realization_01,noise_realization_01,1024.0,40,20,0.55,0.6625,0.503125,,False,,False
0,noise,noise_realization_01,noise_realization_01,2048.0,40,20,0.525,0.725,0.28125,,False,,False
0,noise,noise_realization_01,noise_realization_01,4096.0,40,20,0.5625,0.7375,0.44375,,False,,False
0,noise,noise_realization_01,noise_realization_01,8192.0,40,20,0.5875,0.5375,0.2,,False,,False
0,random,fixed_random__block_00__0000,0000,0.0625,40,20,0.5,0.5125,0.0,,False,,False
0,random,fixed_random__block_00__0000,0000,0.125,40,20,0.5,0.4625,-0.009375,,False,,False
0,random,fixed_random__block_00__0000,0000,0.25,40,20,0.5,0.475,-0.009375,,False,,False
0,random,fixed_random__block_00__0000,0000,0.5,40,20,0.5,0.4875,0.003125,,False,,False
0,random,fixed_random__block_00__0000,0000,1.0,40,20,0.5,0.4875,-0.00625,,False,,False
0,random,fixed_random__block_00__0000,0000,2.0,40,20,0.5,0.5125,-0.003125,,False,,False
0,random,fixed_random__block_00__0000,0000,4.0,40,20,0.5,0.5,0.0,,False,,False
0,random,fixed_random__block_00__0000,0000,8.0,40,20,0.5,0.525,0.01875,,False,,False
0,random,fixed_random__block_00__0000,0000,16.0,40,20,0.5,0.5375,0.028125,,False,,False
0,random,fixed_random__block_00__0000,0000,32.0,40,20,0.5,0.5,0.009375,,False,,False
0,random,fixed_random__block_00__0000,0000,64.0,40,20,0.5,0.6,0.08125,,False,,False
0,random,fixed_random__block_00__0000,0000,128.0,40,20,0.5,0.95,0.828125,,False,,False
0,random,fixed_random__block_00__0000,0000,256.0,40,20,0.5875,0.7375,0.75,,False,,False
0,random,fixed_random__block_00__0000,0000,512.0,40,20,0.55,0.475,0.209375,,False,,False
0,random,fixed_random__block_00__0000,0000,1024.0,40,20,0.575,0.4875,0.146875,,False,,False
0,random,fixed_random__block_00__0000,0000,2048.0,40,20,0.6125,0.5,0.128125,,False,,False
0,random,fixed_random__block_00__0000,0000,4096.0,40,20,0.475,0.5,0.03125,,False,,False
0,random,fixed_random__block_00__0000,0000,8192.0,40,20,0.5625,0.45,-0.2328125,,False,,False
0,random,fixed_random__block_00__0001,0001,0.0625,40,20,0.5,0.525,0.009375,,False,,False
0,random,fixed_random__block_00__0001,0001,0.125,40,20,0.5,0.5,-0.003125,,False,,False
0,random,fixed_random__block_00__0001,0001,0.25,40,20,0.5,0.5,-0.003125,,False,,False
0,random,fixed_random__block_00__0001,0001,0.5,40,20,0.5,0.525,0.0,,False,,False
0,random,fixed_random__block_00__0001,0001,1.0,40,20,0.5,0.4375,-0.021875,,False,,False
0,random,fixed_random__block_00__0001,0001,2.0,40,20,0.5,0.5625,0.015625,,False,,False
0,random,fixed_random__block_00__0001,0001,4.0,40,20,0.5,0.5125,0.003125,,False,,False
0,random,fixed_random__block_00__0001,0001,8.0,40,20,0.5,0.475,0.0,,False,,False
0,random,fixed_random__block_00__0001,0001,16.0,40,20,0.5,0.45,-0.03125,,False,,False
0,random,fixed_random__block_00__0001,0001,32.0,40,20,0.5,0.5,-0.025,,False,,False
0,random,fixed_random__block_00__0001,0001,64.0,40,20,0.5,0.6,0.084375,,False,,False
0,random,fixed_random__block_00__0001,0001,128.0,40,20,0.575,0.925,0.896875,,False,,False
0,random,fixed_random__block_00__0001,0001,256.0,40,20,0.5,0.825,0.646875,,False,,False
0,random,fixed_random__block_00__0001,0001,512.0,40,20,0.75,0.675,0.70625,,False,,False
0,random,fixed_random__block_00__0001,0001,1024.0,40,20,0.6625,0.475,0.0875,,False,,False
0,random,fixed_random__block_00__0001,0001,2048.0,40,20,0.4875,0.4125,-0.15,,False,,False
0,random,fixed_random__block_00__0001,0001,4096.0,40,20,0.3375,0.4125,-0.396875,,False,,False
0,random,fixed_random__block_00__0001,0001,8192.0,40,20,0.5,0.5,-0.0828125,,False,,False
0,random,fixed_random__block_00__0002,0002,0.0625,40,20,0.5,0.525,0.003125,,False,,False
0,random,fixed_random__block_00__0002,0002,0.125,40,20,0.5,0.475,-0.009375,,False,,False
0,random,fixed_random__block_00__0002,0002,0.25,40,20,0.5,0.5,0.0,,False,,False
0,random,fixed_random__block_00__0002,0002,0.5,40,20,0.5,0.45,-0.01875,,False,,False
0,random,fixed_random__block_00__0002,0002,1.0,40,20,0.5,0.5125,0.0,,False,,False
0,random,fixed_random__block_00__0002,0002,2.0,40,20,0.5,0.5375,0.009375,,False,,False
0,random,fixed_random__block_00__0002,0002,4.0,40,20,0.5,0.4875,-0.00625,,False,,False
0,random,fixed_random__block_00__0002,0002,8.0,40,20,0.5,0.5625,0.015625,,False,,False
0,random,fixed_random__block_00__0002,0002,16.0,40,20,0.5,0.55,0.015625,,False,,False
0,random,fixed_random__block_00__0002,0002,32.0,40,20,0.5,0.525,0.00625,,False,,False
0,random,fixed_random__block_00__0002,0002,64.0,40,20,0.5,0.5875,0.075,,False,,False
0,random,fixed_random__block_00__0002,0002,128.0,40,20,0.5125,0.8875,0.7125,,False,,False
0,random,fixed_random__block_00__0002,0002,256.0,40,20,0.55,0.9,1.06875,,False,,False
0,random,fixed_random__block_00__0002,0002,512.0,40,20,0.55,0.5875,0.334375,,False,,False
0,random,fixed_random__block_00__0002,0002,1024.0,40,20,0.4875,0.6,0.015625,,False,,False
0,random,fixed_random__block_00__0002,0002,2048.0,40,20,0.4375,0.425,-0.30625,,False,,False
0,random,fixed_random__block_00__0002,0002,4096.0,40,20,0.2625,0.5,-0.2359375,,False,,False
0,random,fixed_random__block_00__0002,0002,8192.0,40,20,0.4875,0.375,-0.2328125,,False,,False
1,concept,concept__block_01__Dust,Dust,0.0625,40,20,0.5,0.4875,-0.003125,,False,,False
1,concept,concept__block_01__Dust,Dust,0.125,40,20,0.5,0.4125,-0.021875,,False,,False
1,concept,concept__block_01__Dust,Dust,0.25,40,20,0.5,0.425,-0.015625,,False,,False
1,concept,concept__block_01__Dust,Dust,0.5,40,20,0.5,0.525,0.009375,,False,,False
1,concept,concept__block_01__Dust,Dust,1.0,40,20,0.5,0.5,0.0,,False,,False
1,concept,concept__block_01__Dust,Dust,2.0,40,20,0.5,0.4125,-0.021875,,False,,False
1,concept,concept__block_01__Dust,Dust,4.0,40,20,0.5,0.425,-0.021875,,False,,False
1,concept,concept__block_01__Dust,Dust,8.0,40,20,0.5,0.425,-0.028125,,False,,False
1,concept,concept__block_01__Dust,Dust,16.0,40,20,0.5,0.3625,-0.084375,,False,,False
1,concept,concept__block_01__Dust,Dust,32.0,40,20,0.5,0.35,-0.13125,,False,,False
1,concept,concept__block_01__Dust,Dust,64.0,40,20,0.5,0.4875,0.009375,,False,,False
1,concept,concept__block_01__Dust,Dust,128.0,40,20,0.5,0.75,0.384375,,False,,False
1,concept,concept__block_01__Dust,Dust,256.0,40,20,0.5,0.5375,0.25625,,False,,False
1,concept,concept__block_01__Dust,Dust,512.0,40,20,0.5,0.725,0.4625,,False,,False
1,concept,concept__block_01__Dust,Dust,1024.0,40,20,0.5,0.5625,0.228125,,False,,False
1,concept,concept__block_01__Dust,Dust,2048.0,40,20,0.4875,0.475,0.1125,,False,,False
1,concept,concept__block_01__Dust,Dust,4096.0,40,20,0.5,0.5,0.115625,,False,,False
1,concept,concept__block_01__Dust,Dust,8192.0,40,20,0.5,0.475,0.1,,False,,False
1,concept,concept__block_01__Satellites,Satellites,0.0625,40,20,0.5,0.4625,-0.009375,,False,220.5294823373529,True
1,concept,concept__block_01__Satellites,Satellites,0.125,40,20,0.5,0.525,0.0125,,False,220.5294823373529,True
1,concept,concept__block_01__Satellites,Satellites,0.25,40,20,0.5,0.45,-0.015625,,False,220.5294823373529,True
1,concept,concept__block_01__Satellites,Satellites,0.5,40,20,0.5,0.45,-0.009375,,False,220.5294823373529,True
1,concept,concept__block_01__Satellites,Satellites,1.0,40,20,0.5,0.5,-0.00625,,False,220.5294823373529,True
1,concept,concept__block_01__Satellites,Satellites,2.0,40,20,0.5,0.525,0.009375,,False,220.5294823373529,True
1,concept,concept__block_01__Satellites,Satellites,4.0,40,20,0.5,0.5625,0.0125,,False,220.5294823373529,True
1,concept,concept__block_01__Satellites,Satellites,8.0,40,20,0.5,0.5,0.0,,False,220.5294823373529,True
1,concept,concept__block_01__Satellites,Satellites,16.0,40,20,0.5,0.4375,-0.01875,,False,220.5294823373529,True
1,concept,concept__block_01__Satellites,Satellites,32.0,40,20,0.5,0.4625,0.025,,False,220.5294823373529,True
1,concept,concept__block_01__Satellites,Satellites,64.0,40,20,0.525,0.8,0.6375,,False,220.5294823373529,True
1,concept,concept__block_01__Satellites,Satellites,128.0,40,20,0.625,0.925,1.096875,,False,220.5294823373529,True
1,concept,concept__block_01__Satellites,Satellites,256.0,40,20,0.5,0.75,0.559375,,False,220.5294823373529,True
1,concept,concept__block_01__Satellites,Satellites,512.0,40,20,0.5,0.725,0.409375,,False,220.5294823373529,True
1,concept,concept__block_01__Satellites,Satellites,1024.0,40,20,0.5,0.8625,0.6875,,False,220.5294823373529,True
1,concept,concept__block_01__Satellites,Satellites,2048.0,40,20,0.5,0.9125,0.809375,,False,220.5294823373529,True
1,concept,concept__block_01__Satellites,Satellites,4096.0,40,20,0.5,0.9375,0.9125,,False,220.5294823373529,True
1,concept,concept__block_01__Satellites,Satellites,8192.0,40,20,0.5,0.95,0.996875,,False,220.5294823373529,True
1,concept,concept__block_01__recursion,recursion,0.0625,40,20,0.5,0.575,0.01875,,False,,False
1,concept,concept__block_01__recursion,recursion,0.125,40,20,0.5,0.5125,-0.00625,,False,,False
1,concept,concept__block_01__recursion,recursion,0.25,40,20,0.5,0.5125,0.003125,,False,,False
1,concept,concept__block_01__recursion,recursion,0.5,40,20,0.5,0.5375,0.009375,,False,,False
1,concept,concept__block_01__recursion,recursion,1.0,40,20,0.5,0.525,0.003125,,False,,False
1,concept,concept__block_01__recursion,recursion,2.0,40,20,0.5,0.475,-0.009375,,False,,False
1,concept,concept__block_01__recursion,recursion,4.0,40,20,0.5,0.475,-0.009375,,False,,False
1,concept,concept__block_01__recursion,recursion,8.0,40,20,0.5,0.55,0.025,,False,,False
1,concept,concept__block_01__recursion,recursion,16.0,40,20,0.5,0.625,0.040625,,False,,False
1,concept,concept__block_01__recursion,recursion,32.0,40,20,0.5,0.725,0.109375,,False,,False
1,concept,concept__block_01__recursion,recursion,64.0,40,20,0.5,0.6625,0.196875,,False,,False
1,concept,concept__block_01__recursion,recursion,128.0,40,20,0.5,0.9375,0.73125,,False,,False
1,concept,concept__block_01__recursion,recursion,256.0,40,20,0.5,0.7125,0.4875,,False,,False
1,concept,concept__block_01__recursion,recursion,512.0,40,20,0.5,0.575,0.1625,,False,,False
1,concept,concept__block_01__recursion,recursion,1024.0,40,20,0.5,0.825,0.578125,,False,,False
1,concept,concept__block_01__recursion,recursion,2048.0,40,20,0.5,0.85,0.640625,,False,,False
1,concept,concept__block_01__recursion,recursion,4096.0,40,20,0.5,0.8125,0.596875,,False,,False
1,concept,concept__block_01__recursion,recursion,8192.0,40,20,0.5,0.8625,0.65625,,False,,False
1,concept,concept__block_01__shutdown,shutdown,0.0625,40,20,0.5,0.475,-0.009375,,False,,False
1,concept,concept__block_01__shutdown,shutdown,0.125,40,20,0.5,0.625,0.028125,,False,,False
1,concept,concept__block_01__shutdown,shutdown,0.25,40,20,0.5,0.4375,-0.015625,,False,,False
1,concept,concept__block_01__shutdown,shutdown,0.5,40,20,0.5,0.5625,0.015625,,False,,False
1,concept,concept__block_01__shutdown,shutdown,1.0,40,20,0.5,0.5125,0.00625,,False,,False
1,concept,concept__block_01__shutdown,shutdown,2.0,40,20,0.5,0.4375,-0.009375,,False,,False
1,concept,concept__block_01__shutdown,shutdown,4.0,40,20,0.5,0.5375,0.009375,,False,,False
1,concept,concept__block_01__shutdown,shutdown,8.0,40,20,0.5,0.5125,0.0125,,False,,False
1,concept,concept__block_01__shutdown,shutdown,16.0,40,20,0.5,0.575,0.025,,False,,False
1,concept,concept__block_01__shutdown,shutdown,32.0,40,20,0.5,0.6625,0.1,,False,,False
1,concept,concept__block_01__shutdown,shutdown,64.0,40,20,0.5,0.6875,0.23125,,False,,False
1,concept,concept__block_01__shutdown,shutdown,128.0,40,20,0.5,0.9375,0.89375,,False,,False
1,concept,concept__block_01__shutdown,shutdown,256.0,40,20,0.5,0.7,0.509375,,False,,False
1,concept,concept__block_01__shutdown,shutdown,512.0,40,20,0.5,0.55,0.134375,,False,,False
1,concept,concept__block_01__shutdown,shutdown,1024.0,40,20,0.5,0.825,0.56875,,False,,False
1,concept,concept__block_01__shutdown,shutdown,2048.0,40,20,0.5,0.8625,0.671875,,False,,False
1,concept,concept__block_01__shutdown,shutdown,4096.0,40,20,0.5,0.825,0.634375,,False,,False
1,concept,concept__block_01__shutdown,shutdown,8192.0,40,20,0.5,0.8625,0.696875,,False,,False
1,dropout,dropout_realization_00,dropout_realization_00,0.0625,40,20,0.5,0.5,0.0,,False,7542.343441952598,True
1,dropout,dropout_realization_00,dropout_realization_00,0.125,40,20,0.5,0.4875,-0.003125,,False,7542.343441952598,True
1,dropout,dropout_realization_00,dropout_realization_00,0.25,40,20,0.5,0.5,0.0,,False,7542.343441952598,True
1,dropout,dropout_realization_00,dropout_realization_00,0.5,40,20,0.5,0.5125,0.003125,,False,7542.343441952598,True
1,dropout,dropout_realization_00,dropout_realization_00,1.0,40,20,0.5,0.5125,0.00625,,False,7542.343441952598,True
1,dropout,dropout_realization_00,dropout_realization_00,2.0,40,20,0.5,0.45,-0.0125,,False,7542.343441952598,True
1,dropout,dropout_realization_00,dropout_realization_00,4.0,40,20,0.5,0.525,0.009375,,False,7542.343441952598,True
1,dropout,dropout_realization_00,dropout_realization_00,8.0,40,20,0.5,0.4625,-0.015625,,False,7542.343441952598,True
1,dropout,dropout_realization_00,dropout_realization_00,16.0,40,20,0.5,0.475,-0.00625,,False,7542.343441952598,True
1,dropout,dropout_realization_00,dropout_realization_00,32.0,40,20,0.5,0.525,0.015625,,False,7542.343441952598,True
1,dropout,dropout_realization_00,dropout_realization_00,64.0,40,20,0.5,0.7125,0.14375,,False,7542.343441952598,True
1,dropout,dropout_realization_00,dropout_realization_00,128.0,40,20,0.5875,0.8375,0.859375,,False,7542.343441952598,True
1,dropout,dropout_realization_00,dropout_realization_00,256.0,40,20,0.55,0.7375,0.6125,,False,7542.343441952598,True
1,dropout,dropout_realization_00,dropout_realization_00,512.0,40,20,0.6125,0.6375,0.659375,,False,7542.343441952598,True
1,dropout,dropout_realization_00,dropout_realization_00,1024.0,40,20,0.65,0.5625,0.496875,,False,7542.343441952598,True
1,dropout,dropout_realization_00,dropout_realization_00,2048.0,40,20,0.6,0.6625,0.459375,,False,7542.343441952598,True
1,dropout,dropout_realization_00,dropout_realization_00,4096.0,40,20,0.5875,0.6125,0.4015625,,False,7542.343441952598,True
1,dropout,dropout_realization_00,dropout_realization_00,8192.0,40,20,0.6125,0.85,0.9125,,False,7542.343441952598,True
1,dropout,dropout_realization_01,dropout_realization_01,0.0625,40,20,0.5,0.5,0.0,,False,,False
1,dropout,dropout_realization_01,dropout_realization_01,0.125,40,20,0.5,0.5,0.0,,False,,False
1,dropout,dropout_realization_01,dropout_realization_01,0.25,40,20,0.5,0.525,0.00625,,False,,False
1,dropout,dropout_realization_01,dropout_realization_01,0.5,40,20,0.5,0.5,-0.003125,,False,,False
1,dropout,dropout_realization_01,dropout_realization_01,1.0,40,20,0.5,0.45,-0.0125,,False,,False
1,dropout,dropout_realization_01,dropout_realization_01,2.0,40,20,0.5,0.5,-0.003125,,False,,False
1,dropout,dropout_realization_01,dropout_realization_01,4.0,40,20,0.5,0.475,-0.00625,,False,,False
1,dropout,dropout_realization_01,dropout_realization_01,8.0,40,20,0.5,0.475,-0.009375,,False,,False
1,dropout,dropout_realization_01,dropout_realization_01,16.0,40,20,0.5,0.5875,0.03125,,False,,False
1,dropout,dropout_realization_01,dropout_realization_01,32.0,40,20,0.5,0.5125,0.003125,,False,,False
1,dropout,dropout_realization_01,dropout_realization_01,64.0,40,20,0.5,0.775,0.184375,,False,,False
1,dropout,dropout_realization_01,dropout_realization_01,128.0,40,20,0.5125,0.7875,0.590625,,False,,False
1,dropout,dropout_realization_01,dropout_realization_01,256.0,40,20,0.5875,0.7,0.671875,,False,,False
1,dropout,dropout_realization_01,dropout_realization_01,512.0,40,20,0.6125,0.6,0.6625,,False,,False
1,dropout,dropout_realization_01,dropout_realization_01,1024.0,40,20,0.5375,0.575,0.371875,,False,,False
1,dropout,dropout_realization_01,dropout_realization_01,2048.0,40,20,0.55,0.6,0.340625,,False,,False
1,dropout,dropout_realization_01,dropout_realization_01,4096.0,40,20,0.525,0.725,0.58125,,False,,False
1,dropout,dropout_realization_01,dropout_realization_01,8192.0,40,20,0.5875,0.7,0.69375,,False,,False
1,noise,noise_realization_00,noise_realization_00,0.0625,40,20,0.5,0.5,0.0,,False,,False
1,noise,noise_realization_00,noise_realization_00,0.125,40,20,0.5,0.4375,-0.0125,,False,,False
1,noise,noise_realization_00,noise_realization_00,0.25,40,20,0.5,0.5,0.0,,False,,False
1,noise,noise_realization_00,noise_realization_00,0.5,40,20,0.5,0.4875,0.0,,False,,False
1,noise,noise_realization_00,noise_realization_00,1.0,40,20,0.5,0.5,0.0,,False,,False
1,noise,noise_realization_00,noise_realization_00,2.0,40,20,0.5,0.5,-0.00625,,False,,False
1,noise,noise_realization_00,noise_realization_00,4.0,40,20,0.5,0.4625,-0.015625,,False,,False
1,noise,noise_realization_00,noise_realization_00,8.0,40,20,0.5,0.475,-0.009375,,False,,False
1,noise,noise_realization_00,noise_realization_00,16.0,40,20,0.5,0.5,0.003125,,False,,False
1,noise,noise_realization_00,noise_realization_00,32.0,40,20,0.5,0.5125,0.0,,False,,False
1,noise,noise_realization_00,noise_realization_00,64.0,40,20,0.5,0.65,0.128125,,False,,False
1,noise,noise_realization_00,noise_realization_00,128.0,40,20,0.5,0.825,0.596875,,False,,False
1,noise,noise_realization_00,noise_realization_00,256.0,40,20,0.575,0.8375,0.921875,,False,,False
1,noise,noise_realization_00,noise_realization_00,512.0,40,20,0.575,0.8625,0.871875,,False,,False
1,noise,noise_realization_00,noise_realization_00,1024.0,40,20,0.525,0.675,0.48125,,False,,False
1,noise,noise_realization_00,noise_realization_00,2048.0,40,20,0.5375,0.6625,0.41875,,False,,False
1,noise,noise_realization_00,noise_realization_00,4096.0,40,20,0.55,0.5875,0.334375,,False,,False
1,noise,noise_realization_00,noise_realization_00,8192.0,40,20,0.6375,0.575,0.35,,False,,False
1,noise,noise_realization_01,noise_realization_01,0.0625,40,20,0.5,0.5375,0.015625,,False,,False
1,noise,noise_realization_01,noise_realization_01,0.125,40,20,0.5,0.45,-0.00625,,False,,False
1,noise,noise_realization_01,noise_realization_01,0.25,40,20,0.5,0.45,-0.015625,,False,,False
1,noise,noise_realization_01,noise_realization_01,0.5,40,20,0.5,0.5,0.003125,,False,,False
1,noise,noise_realization_01,noise_realization_01,1.0,40,20,0.5,0.5375,0.00625,,False,,False
1,noise,noise_realization_01,noise_realization_01,2.0,40,20,0.5,0.475,-0.00625,,False,,False
1,noise,noise_realization_01,noise_realization_01,4.0,40,20,0.5,0.475,-0.003125,,False,,False
1,noise,noise_realization_01,noise_realization_01,8.0,40,20,0.5,0.575,0.01875,,False,,False
1,noise,noise_realization_01,noise_realization_01,16.0,40,20,0.5,0.5375,0.0125,,False,,False
1,noise,noise_realization_01,noise_realization_01,32.0,40,20,0.5,0.5125,0.021875,,False,,False
1,noise,noise_realization_01,noise_realization_01,64.0,40,20,0.5,0.625,0.1375,,False,,False
1,noise,noise_realization_01,noise_realization_01,128.0,40,20,0.55,0.7875,0.5875,,False,,False
1,noise,noise_realization_01,noise_realization_01,256.0,40,20,0.5375,0.8,0.696875,,False,,False
1,noise,noise_realization_01,noise_realization_01,512.0,40,20,0.5875,0.8,0.84375,,False,,False
1,noise,noise_realization_01,noise_realization_01,1024.0,40,20,0.5125,0.6,0.409375,,False,,False
1,noise,noise_realization_01,noise_realization_01,2048.0,40,20,0.5375,0.675,0.475,,False,,False
1,noise,noise_realization_01,noise_realization_01,4096.0,40,20,0.5625,0.625,0.29375,,False,,False
1,noise,noise_realization_01,noise_realization_01,8192.0,40,20,0.5,0.675,0.390625,,False,,False
1,random,fixed_random__block_01__0000,0000,0.0625,40,20,0.5,0.525,0.00625,,False,,False
1,random,fixed_random__block_01__0000,0000,0.125,40,20,0.5,0.425,-0.0125,,False,,False
1,random,fixed_random__block_01__0000,0000,0.25,40,20,0.5,0.4625,-0.009375,,False,,False
1,random,fixed_random__block_01__0000,0000,0.5,40,20,0.5,0.475,-0.00625,,False,,False
1,random,fixed_random__block_01__0000,0000,1.0,40,20,0.5,0.475,-0.003125,,False,,False
1,random,fixed_random__block_01__0000,0000,2.0,40,20,0.5,0.5,0.0,,False,,False
1,random,fixed_random__block_01__0000,0000,4.0,40,20,0.5,0.525,0.00625,,False,,False
1,random,fixed_random__block_01__0000,0000,8.0,40,20,0.5,0.475,-0.00625,,False,,False
1,random,fixed_random__block_01__0000,0000,16.0,40,20,0.5,0.45,-0.01875,,False,,False
1,random,fixed_random__block_01__0000,0000,32.0,40,20,0.5,0.575,0.0,,False,,False
1,random,fixed_random__block_01__0000,0000,64.0,40,20,0.525,0.675,0.18125,,False,,False
1,random,fixed_random__block_01__0000,0000,128.0,40,20,0.5,0.825,0.70625,,False,,False
1,random,fixed_random__block_01__0000,0000,256.0,40,20,0.5,0.5,-0.096875,,False,,False
1,random,fixed_random__block_01__0000,0000,512.0,40,20,0.5125,0.475,0.05625,,False,,False
1,random,fixed_random__block_01__0000,0000,1024.0,40,20,0.6,0.5,0.0375,,False,,False
1,random,fixed_random__block_01__0000,0000,2048.0,40,20,0.25,0.5,-0.1578125,,False,,False
1,random,fixed_random__block_01__0000,0000,4096.0,40,20,0.4375,0.525,-0.071875,,False,,False
1,random,fixed_random__block_01__0000,0000,8192.0,40,20,0.45,0.4875,-0.08203125,,False,,False
1,random,fixed_random__block_01__0001,0001,0.0625,40,20,0.5,0.475,0.0,,False,,False
1,random,fixed_random__block_01__0001,0001,0.125,40,20,0.5,0.475,-0.003125,,False,,False
1,random,fixed_random__block_01__0001,0001,0.25,40,20,0.5,0.4625,-0.00625,,False,,False
1,random,fixed_random__block_01__0001,0001,0.5,40,20,0.5,0.4875,-0.00625,,False,,False
1,random,fixed_random__block_01__0001,0001,1.0,40,20,0.5,0.6,0.03125,,False,,False
1,random,fixed_random__block_01__0001,0001,2.0,40,20,0.5,0.5875,0.025,,False,,False
1,random,fixed_random__block_01__0001,0001,4.0,40,20,0.5,0.5375,0.015625,,False,,False
1,random,fixed_random__block_01__0001,0001,8.0,40,20,0.5,0.525,0.003125,,False,,False
1,random,fixed_random__block_01__0001,0001,16.0,40,20,0.5,0.65,0.0625,,False,,False
1,random,fixed_random__block_01__0001,0001,32.0,40,20,0.5,0.6375,0.125,,False,,False
1,random,fixed_random__block_01__0001,0001,64.0,40,20,0.5,0.775,0.30625,,False,,False
1,random,fixed_random__block_01__0001,0001,128.0,40,20,0.5,0.5875,-0.028125,,False,,False
1,random,fixed_random__block_01__0001,0001,256.0,40,20,0.5,0.5625,0.134375,,False,,False
1,random,fixed_random__block_01__0001,0001,512.0,40,20,0.5,0.725,0.353125,,False,,False
1,random,fixed_random__block_01__0001,0001,1024.0,40,20,0.75,0.4875,0.346875,,False,,False
1,random,fixed_random__block_01__0001,0001,2048.0,40,20,0.5,0.5125,0.071875,,False,,False
1,random,fixed_random__block_01__0001,0001,4096.0,40,20,0.4125,0.4625,-0.178125,,False,,False
1,random,fixed_random__block_01__0001,0001,8192.0,40,20,0.5,0.3875,-0.2265625,,False,,False
1,random,fixed_random__block_01__0002,0002,0.0625,40,20,0.5,0.4625,-0.00625,,False,,False
1,random,fixed_random__block_01__0002,0002,0.125,40,20,0.5,0.5625,0.01875,,False,,False
1,random,fixed_random__block_01__0002,0002,0.25,40,20,0.5,0.4625,-0.0125,,False,,False
1,random,fixed_random__block_01__0002,0002,0.5,40,20,0.5,0.5,0.0,,False,,False
1,random,fixed_random__block_01__0002,0002,1.0,40,20,0.5,0.475,-0.00625,,False,,False
1,random,fixed_random__block_01__0002,0002,2.0,40,20,0.5,0.4875,0.0,,False,,False
1,random,fixed_random__block_01__0002,0002,4.0,40,20,0.5,0.5125,0.0,,False,,False
1,random,fixed_random__block_01__0002,0002,8.0,40,20,0.5,0.425,-0.025,,False,,False
1,random,fixed_random__block_01__0002,0002,16.0,40,20,0.5,0.3375,-0.065625,,False,,False
1,random,fixed_random__block_01__0002,0002,32.0,40,20,0.5,0.3375,-0.071875,,False,,False
1,random,fixed_random__block_01__0002,0002,64.0,40,20,0.5,0.625,0.128125,,False,,False
1,random,fixed_random__block_01__0002,0002,128.0,40,20,0.5625,0.75,0.825,,False,,False
1,random,fixed_random__block_01__0002,0002,256.0,40,20,0.65,0.525,0.528125,,False,,False
1,random,fixed_random__block_01__0002,0002,512.0,40,20,0.6125,0.5,0.178125,,False,,False
1,random,fixed_random__block_01__0002,0002,1024.0,40,20,0.6,0.5,0.246875,,False,,False
1,random,fixed_random__block_01__0002,0002,2048.0,40,20,0.375,0.5,-0.271875,,False,,False
1,random,fixed_random__block_01__0002,0002,4096.0,40,20,0.5125,0.475,-0.215625,,False,,False
1,random,fixed_random__block_01__0002,0002,8192.0,40,20,0.525,0.475,-0.1,,False,,False
2,concept,concept__block_02__Dust,Dust,0.0625,40,20,0.5,0.475,-0.00625,,False,,False
2,concept,concept__block_02__Dust,Dust,0.125,40,20,0.5,0.55,0.015625,,False,,False
2,concept,concept__block_02__Dust,Dust,0.25,40,20,0.5,0.525,0.003125,,False,,False
2,concept,concept__block_02__Dust,Dust,0.5,40,20,0.5,0.45,-0.0125,,False,,False
2,concept,concept__block_02__Dust,Dust,1.0,40,20,0.5,0.45,-0.0125,,False,,False
2,concept,concept__block_02__Dust,Dust,2.0,40,20,0.5,0.4625,-0.0125,,False,,False
2,concept,concept__block_02__Dust,Dust,4.0,40,20,0.5,0.3875,-0.034375,,False,,False
2,concept,concept__block_02__Dust,Dust,8.0,40,20,0.5,0.4,-0.034375,,False,,False
2,concept,concept__block_02__Dust,Dust,16.0,40,20,0.5,0.4,-0.0625,,False,,False
2,concept,concept__block_02__Dust,Dust,32.0,40,20,0.5,0.525,0.0,,False,,False
2,concept,concept__block_02__Dust,Dust,64.0,40,20,0.5125,0.575,0.271875,,False,,False
2,concept,concept__block_02__Dust,Dust,128.0,40,20,0.5,0.275,-0.171875,,False,,False
2,concept,concept__block_02__Dust,Dust,256.0,40,20,0.5,0.6375,0.190625,,False,,False
2,concept,concept__block_02__Dust,Dust,512.0,40,20,0.5,0.575,0.175,,False,,False
2,concept,concept__block_02__Dust,Dust,1024.0,40,20,0.5,0.55,0.134375,,False,,False
2,concept,concept__block_02__Dust,Dust,2048.0,40,20,0.475,0.5125,0.053125,,False,,False
2,concept,concept__block_02__Dust,Dust,4096.0,40,20,0.4875,0.5,0.0875,,False,,False
2,concept,concept__block_02__Dust,Dust,8192.0,40,20,0.4875,0.4625,0.103125,,False,,False
2,concept,concept__block_02__Satellites,Satellites,0.0625,40,20,0.5,0.4125,-0.01875,,False,168.96998839025332,True
2,concept,concept__block_02__Satellites,Satellites,0.125,40,20,0.5,0.55,0.015625,,False,168.96998839025332,True
2,concept,concept__block_02__Satellites,Satellites,0.25,40,20,0.5,0.475,-0.009375,,False,168.96998839025332,True
2,concept,concept__block_02__Satellites,Satellites,0.5,40,20,0.5,0.475,-0.009375,,False,168.96998839025332,True
2,concept,concept__block_02__Satellites,Satellites,1.0,40,20,0.5,0.55,0.01875,,False,168.96998839025332,True
2,concept,concept__block_02__Satellites,Satellites,2.0,40,20,0.5,0.55,0.00625,,False,168.96998839025332,True
2,concept,concept__block_02__Satellites,Satellites,4.0,40,20,0.5,0.55,0.009375,,False,168.96998839025332,True
2,concept,concept__block_02__Satellites,Satellites,8.0,40,20,0.5,0.5625,0.015625,,False,168.96998839025332,True
2,concept,concept__block_02__Satellites,Satellites,16.0,40,20,0.5,0.65,0.05625,,False,168.96998839025332,True
2,concept,concept__block_02__Satellites,Satellites,32.0,40,20,0.5,0.65,0.134375,,False,168.96998839025332,True
2,concept,concept__block_02__Satellites,Satellites,64.0,40,20,0.5,0.775,0.475,,False,168.96998839025332,True
2,concept,concept__block_02__Satellites,Satellites,128.0,40,20,0.5,0.7375,0.45625,,False,168.96998839025332,True
2,concept,concept__block_02__Satellites,Satellites,256.0,40,20,0.5,0.7375,0.415625,,False,168.96998839025332,True
2,concept,concept__block_02__Satellites,Satellites,512.0,40,20,0.5,0.8375,0.8375,,False,168.96998839025332,True
2,concept,concept__block_02__Satellites,Satellites,1024.0,40,20,0.5,0.875,0.9125,,False,168.96998839025332,True
2,concept,concept__block_02__Satellites,Satellites,2048.0,40,20,0.5,0.8875,0.89375,,False,168.96998839025332,True
2,concept,concept__block_02__Satellites,Satellites,4096.0,40,20,0.5,0.8625,0.9,,False,168.96998839025332,True
2,concept,concept__block_02__Satellites,Satellites,8192.0,40,20,0.5,0.8875,0.9125,,False,168.96998839025332,True
2,concept,concept__block_02__recursion,recursion,0.0625,40,20,0.5,0.55,0.015625,,False,136.6403917284071,True
2,concept,concept__block_02__recursion,recursion,0.125,40,20,0.5,0.45,-0.021875,,False,136.6403917284071,True
2,concept,concept__block_02__recursion,recursion,0.25,40,20,0.5,0.5,0.0,,False,136.6403917284071,True
2,concept,concept__block_02__recursion,recursion,0.5,40,20,0.5,0.525,0.003125,,False,136.6403917284071,True
2,concept,concept__block_02__recursion,recursion,1.0,40,20,0.5,0.5,0.003125,,False,136.6403917284071,True
2,concept,concept__block_02__recursion,recursion,2.0,40,20,0.5,0.5,-0.003125,,False,136.6403917284071,True
2,concept,concept__block_02__recursion,recursion,4.0,40,20,0.5,0.6125,0.03125,,False,136.6403917284071,True
2,concept,concept__block_02__recursion,recursion,8.0,40,20,0.5,0.55,0.028125,,False,136.6403917284071,True
2,concept,concept__block_02__recursion,recursion,16.0,40,20,0.5,0.7,0.09375,,False,136.6403917284071,True
2,concept,concept__block_02__recursion,recursion,32.0,40,20,0.5125,0.75,0.2375,,False,136.6403917284071,True
2,concept,concept__block_02__recursion,recursion,64.0,40,20,0.5,0.9,0.628125,,False,136.6403917284071,True
2,concept,concept__block_02__recursion,recursion,128.0,40,20,0.5,0.7375,0.390625,,False,136.6403917284071,True
2,concept,concept__block_02__recursion,recursion,256.0,40,20,0.5,0.625,0.221875,,False,136.6403917284071,True
2,concept,concept__block_02__recursion,recursion,512.0,40,20,0.5,0.8375,0.640625,,False,136.6403917284071,True
2,concept,concept__block_02__recursion,recursion,1024.0,40,20,0.5,0.875,0.740625,,False,136.6403917284071,True
2,concept,concept__block_02__recursion,recursion,2048.0,40,20,0.5,0.8625,0.725,,False,136.6403917284071,True
2,concept,concept__block_02__recursion,recursion,4096.0,40,20,0.5,0.9,0.76875,,False,136.6403917284071,True
2,concept,concept__block_02__recursion,recursion,8192.0,40,20,0.5,0.8875,0.7875,,False,136.6403917284071,True
2,concept,concept__block_02__shutdown,shutdown,0.0625,40,20,0.5,0.4375,-0.015625,,False,153.32262264072367,True
2,concept,concept__block_02__shutdown,shutdown,0.125,40,20,0.5,0.5,0.003125,,False,153.32262264072367,True
2,concept,concept__block_02__shutdown,shutdown,0.25,40,20,0.5,0.5125,0.00625,,False,153.32262264072367,True
2,concept,concept__block_02__shutdown,shutdown,0.5,40,20,0.5,0.525,-0.003125,,False,153.32262264072367,True
2,concept,concept__block_02__shutdown,shutdown,1.0,40,20,0.5,0.55,0.009375,,False,153.32262264072367,True
2,concept,concept__block_02__shutdown,shutdown,2.0,40,20,0.5,0.5125,0.003125,,False,153.32262264072367,True
2,concept,concept__block_02__shutdown,shutdown,4.0,40,20,0.5,0.5375,0.015625,,False,153.32262264072367,True
2,concept,concept__block_02__shutdown,shutdown,8.0,40,20,0.5,0.575,0.040625,,False,153.32262264072367,True
2,concept,concept__block_02__shutdown,shutdown,16.0,40,20,0.5,0.7,0.11875,,False,153.32262264072367,True
2,concept,concept__block_02__shutdown,shutdown,32.0,40,20,0.5,0.8125,0.271875,,False,153.32262264072367,True
2,concept,concept__block_02__shutdown,shutdown,64.0,40,20,0.5,0.8625,0.653125,,False,153.32262264072367,True
2,concept,concept__block_02__shutdown,shutdown,128.0,40,20,0.5,0.7375,0.30625,,False,153.32262264072367,True
2,concept,concept__block_02__shutdown,shutdown,256.0,40,20,0.5,0.6,0.175,,False,153.32262264072367,True
2,concept,concept__block_02__shutdown,shutdown,512.0,40,20,0.5,0.8375,0.653125,,False,153.32262264072367,True
2,concept,concept__block_02__shutdown,shutdown,1024.0,40,20,0.5,0.875,0.771875,,False,153.32262264072367,True
2,concept,concept__block_02__shutdown,shutdown,2048.0,40,20,0.5,0.8625,0.725,,False,153.32262264072367,True
2,concept,concept__block_02__shutdown,shutdown,4096.0,40,20,0.5,0.9,0.8125,,False,153.32262264072367,True
2,concept,concept__block_02__shutdown,shutdown,8192.0,40,20,0.5,0.875,0.803125,,False,153.32262264072367,True
2,dropout,dropout_realization_00,dropout_realization_00,0.0625,40,20,0.5,0.5125,0.003125,5301.165444548348,True,,False
2,dropout,dropout_realization_00,dropout_realization_00,0.125,40,20,0.5,0.5125,0.003125,5301.165444548348,True,,False
2,dropout,dropout_realization_00,dropout_realization_00,0.25,40,20,0.5,0.525,0.003125,5301.165444548348,True,,False
2,dropout,dropout_realization_00,dropout_realization_00,0.5,40,20,0.5,0.4625,-0.015625,5301.165444548348,True,,False
2,dropout,dropout_realization_00,dropout_realization_00,1.0,40,20,0.5,0.475,-0.00625,5301.165444548348,True,,False
2,dropout,dropout_realization_00,dropout_realization_00,2.0,40,20,0.5,0.5,0.003125,5301.165444548348,True,,False
2,dropout,dropout_realization_00,dropout_realization_00,4.0,40,20,0.5,0.45,-0.0125,5301.165444548348,True,,False
2,dropout,dropout_realization_00,dropout_realization_00,8.0,40,20,0.5,0.5,-0.00625,5301.165444548348,True,,False
2,dropout,dropout_realization_00,dropout_realization_00,16.0,40,20,0.5,0.625,0.059375,5301.165444548348,True,,False
2,dropout,dropout_realization_00,dropout_realization_00,32.0,40,20,0.5125,0.65,0.090625,5301.165444548348,True,,False
2,dropout,dropout_realization_00,dropout_realization_00,64.0,40,20,0.5,0.9125,0.353125,5301.165444548348,True,,False
2,dropout,dropout_realization_00,dropout_realization_00,128.0,40,20,0.5,0.8375,0.65,5301.165444548348,True,,False
2,dropout,dropout_realization_00,dropout_realization_00,256.0,40,20,0.5875,0.75,0.73125,5301.165444548348,True,,False
2,dropout,dropout_realization_00,dropout_realization_00,512.0,40,20,0.5,0.7875,0.559375,5301.165444548348,True,,False
2,dropout,dropout_realization_00,dropout_realization_00,1024.0,40,20,0.5,0.65,0.43125,5301.165444548348,True,,False
2,dropout,dropout_realization_00,dropout_realization_00,2048.0,40,20,0.5875,0.6625,0.565625,5301.165444548348,True,,False
2,dropout,dropout_realization_00,dropout_realization_00,4096.0,40,20,0.675,0.6375,0.5015625,5301.165444548348,True,,False
2,dropout,dropout_realization_00,dropout_realization_00,8192.0,40,20,0.85,0.5,0.41875,5301.165444548348,True,,False
2,dropout,dropout_realization_01,dropout_realization_01,0.0625,40,20,0.5,0.5125,0.003125,4598.8517404874465,True,,False
2,dropout,dropout_realization_01,dropout_realization_01,0.125,40,20,0.5,0.5,0.0,4598.8517404874465,True,,False
2,dropout,dropout_realization_01,dropout_realization_01,0.25,40,20,0.5,0.5,0.0,4598.8517404874465,True,,False
2,dropout,dropout_realization_01,dropout_realization_01,0.5,40,20,0.5,0.475,-0.003125,4598.8517404874465,True,,False
2,dropout,dropout_realization_01,dropout_realization_01,1.0,40,20,0.5,0.5,0.0,4598.8517404874465,True,,False
2,dropout,dropout_realization_01,dropout_realization_01,2.0,40,20,0.5,0.4375,-0.021875,4598.8517404874465,True,,False
2,dropout,dropout_realization_01,dropout_realization_01,4.0,40,20,0.5,0.525,0.009375,4598.8517404874465,True,,False
2,dropout,dropout_realization_01,dropout_realization_01,8.0,40,20,0.5,0.525,0.00625,4598.8517404874465,True,,False
2,dropout,dropout_realization_01,dropout_realization_01,16.0,40,20,0.5,0.5125,0.021875,4598.8517404874465,True,,False
2,dropout,dropout_realization_01,dropout_realization_01,32.0,40,20,0.5,0.5375,0.0375,4598.8517404874465,True,,False
2,dropout,dropout_realization_01,dropout_realization_01,64.0,40,20,0.5,0.775,0.33125,4598.8517404874465,True,,False
2,dropout,dropout_realization_01,dropout_realization_01,128.0,40,20,0.55,0.85,0.684375,4598.8517404874465,True,,False
2,dropout,dropout_realization_01,dropout_realization_01,256.0,40,20,0.575,0.775,0.7,4598.8517404874465,True,,False
2,dropout,dropout_realization_01,dropout_realization_01,512.0,40,20,0.5375,0.8125,0.765625,4598.8517404874465,True,,False
2,dropout,dropout_realization_01,dropout_realization_01,1024.0,40,20,0.5125,0.7875,0.625,4598.8517404874465,True,,False
2,dropout,dropout_realization_01,dropout_realization_01,2048.0,40,20,0.55,0.7375,0.628125,4598.8517404874465,True,,False
2,dropout,dropout_realization_01,dropout_realization_01,4096.0,40,20,0.775,0.5375,0.5125,4598.8517404874465,True,,False
2,dropout,dropout_realization_01,dropout_realization_01,8192.0,40,20,0.8375,0.5,0.38125,4598.8517404874465,True,,False
2,noise,noise_realization_00,noise_realization_00,0.0625,40,20,0.5,0.4875,-0.00625,,False,,False
2,noise,noise_realization_00,noise_realization_00,0.125,40,20,0.5,0.4625,-0.00625,,False,,False
2,noise,noise_realization_00,noise_realization_00,0.25,40,20,0.5,0.5375,0.015625,,False,,False
2,noise,noise_realization_00,noise_realization_00,0.5,40,20,0.5,0.475,-0.00625,,False,,False
2,noise,noise_realization_00,noise_realization_00,1.0,40,20,0.5,0.55,0.0125,,False,,False
2,noise,noise_realization_00,noise_realization_00,2.0,40,20,0.5,0.4375,-0.0125,,False,,False
2,noise,noise_realization_00,noise_realization_00,4.0,40,20,0.5,0.5375,0.00625,,False,,False
2,noise,noise_realization_00,noise_realization_00,8.0,40,20,0.5,0.5625,0.0125,,False,,False
2,noise,noise_realization_00,noise_realization_00,16.0,40,20,0.5,0.625,0.028125,,False,,False
2,noise,noise_realization_00,noise_realization_00,32.0,40,20,0.5,0.6125,0.0875,,False,,False
2,noise,noise_realization_00,noise_realization_00,64.0,40,20,0.5,0.8125,0.31875,,False,,False
2,noise,noise_realization_00,noise_realization_00,128.0,40,20,0.5625,0.75,0.625,,False,,False
2,noise,noise_realization_00,noise_realization_00,256.0,40,20,0.575,0.7625,0.725,,False,,False
2,noise,noise_realization_00,noise_realization_00,512.0,40,20,0.525,0.7875,0.58125,,False,,False
2,noise,noise_realization_00,noise_realization_00,1024.0,40,20,0.5125,0.7625,0.709375,,False,,False
2,noise,noise_realization_00,noise_realization_00,2048.0,40,20,0.5125,0.75,0.53125,,False,,False
2,noise,noise_realization_00,noise_realization_00,4096.0,40,20,0.55,0.6,0.4125,,False,,False
2,noise,noise_realization_00,noise_realization_00,8192.0,40,20,0.5375,0.6,0.33125,,False,,False
2,noise,noise_realization_01,noise_realization_01,0.0625,40,20,0.5,0.55,0.0125,,False,,False
2,noise,noise_realization_01,noise_realization_01,0.125,40,20,0.5,0.525,0.009375,,False,,False
2,noise,noise_realization_01,noise_realization_01,0.25,40,20,0.5,0.5125,0.003125,,False,,False
2,noise,noise_realization_01,noise_realization_01,0.5,40,20,0.5,0.4875,-0.00625,,False,,False
2,noise,noise_realization_01,noise_realization_01,1.0,40,20,0.5,0.5125,0.003125,,False,,False
2,noise,noise_realization_01,noise_realization_01,2.0,40,20,0.5,0.4875,0.0,,False,,False
2,noise,noise_realization_01,noise_realization_01,4.0,40,20,0.5,0.4875,-0.00625,,False,,False
2,noise,noise_realization_01,noise_realization_01,8.0,40,20,0.5,0.525,0.0125,,False,,False
2,noise,noise_realization_01,noise_realization_01,16.0,40,20,0.5,0.6125,0.0375,,False,,False
2,noise,noise_realization_01,noise_realization_01,32.0,40,20,0.5,0.6875,0.13125,,False,,False
2,noise,noise_realization_01,noise_realization_01,64.0,40,20,0.5,0.7875,0.24375,,False,,False
2,noise,noise_realization_01,noise_realization_01,128.0,40,20,0.525,0.775,0.609375,,False,,False
2,noise,noise_realization_01,noise_realization_01,256.0,40,20,0.575,0.8,0.8,,False,,False
2,noise,noise_realization_01,noise_realization_01,512.0,40,20,0.5,0.7875,0.584375,,False,,False
2,noise,noise_realization_01,noise_realization_01,1024.0,40,20,0.5,0.775,0.603125,,False,,False
2,noise,noise_realization_01,noise_realization_01,2048.0,40,20,0.4875,0.825,0.609375,,False,,False
2,noise,noise_realization_01,noise_realization_01,4096.0,40,20,0.5875,0.6,0.40625,,False,,False
2,noise,noise_realization_01,noise_realization_01,8192.0,40,20,0.525,0.5875,0.3875,,False,,False
2,random,fixed_random__block_02__0000,0000,0.0625,40,20,0.5,0.4875,0.003125,,False,,False
2,random,fixed_random__block_02__0000,0000,0.125,40,20,0.5,0.4625,-0.01875,,False,,False
2,random,fixed_random__block_02__0000,0000,0.25,40,20,0.5,0.5125,0.0,,False,,False
2,random,fixed_random__block_02__0000,0000,0.5,40,20,0.5,0.4875,-0.0125,,False,,False
2,random,fixed_random__block_02__0000,0000,1.0,40,20,0.5,0.475,-0.009375,,False,,False
2,random,fixed_random__block_02__0000,0000,2.0,40,20,0.5,0.4875,-0.003125,,False,,False
2,random,fixed_random__block_02__0000,0000,4.0,40,20,0.5,0.5375,0.015625,,False,,False
2,random,fixed_random__block_02__0000,0000,8.0,40,20,0.5,0.4625,0.003125,,False,,False
2,random,fixed_random__block_02__0000,0000,16.0,40,20,0.5,0.55,0.03125,,False,,False
2,random,fixed_random__block_02__0000,0000,32.0,40,20,0.5,0.575,0.05,,False,,False
2,random,fixed_random__block_02__0000,0000,64.0,40,20,0.5,0.6625,0.128125,,False,,False
2,random,fixed_random__block_02__0000,0000,128.0,40,20,0.5125,0.75,0.603125,,False,,False
2,random,fixed_random__block_02__0000,0000,256.0,40,20,0.7,0.8,0.928125,,False,,False
2,random,fixed_random__block_02__0000,0000,512.0,40,20,0.5125,0.7125,0.696875,,False,,False
2,random,fixed_random__block_02__0000,0000,1024.0,40,20,0.55,0.5875,0.44375,,False,,False
2,random,fixed_random__block_02__0000,0000,2048.0,40,20,0.55,0.575,0.38125,,False,,False
2,random,fixed_random__block_02__0000,0000,4096.0,40,20,0.7375,0.5,0.196875,,False,,False
2,random,fixed_random__block_02__0000,0000,8192.0,40,20,0.525,0.5,0.1125,,False,,False
2,random,fixed_random__block_02__0001,0001,0.0625,40,20,0.5,0.5,0.00625,,False,,False
2,random,fixed_random__block_02__0001,0001,0.125,40,20,0.5,0.475,-0.003125,,False,,False
2,random,fixed_random__block_02__0001,0001,0.25,40,20,0.5,0.55,0.009375,,False,,False
2,random,fixed_random__block_02__0001,0001,0.5,40,20,0.5,0.425,-0.0125,,False,,False
2,random,fixed_random__block_02__0001,0001,1.0,40,20,0.5,0.4625,-0.009375,,False,,False
2,random,fixed_random__block_02__0001,0001,2.0,40,20,0.5,0.4875,-0.00625,,False,,False
2,random,fixed_random__block_02__0001,0001,4.0,40,20,0.5,0.525,0.0,,False,,False
2,random,fixed_random__block_02__0001,0001,8.0,40,20,0.5,0.425,-0.01875,,False,,False
2,random,fixed_random__block_02__0001,0001,16.0,40,20,0.5,0.5,-0.00625,,False,,False
2,random,fixed_random__block_02__0001,0001,32.0,40,20,0.5,0.5625,0.01875,,False,,False
2,random,fixed_random__block_02__0001,0001,64.0,40,20,0.5,0.55,0.084375,,False,,False
2,random,fixed_random__block_02__0001,0001,128.0,40,20,0.5,0.6125,0.19375,,False,,False
2,random,fixed_random__block_02__0001,0001,256.0,40,20,0.75,0.7375,0.825,,False,,False
2,random,fixed_random__block_02__0001,0001,512.0,40,20,0.5,0.9625,0.803125,,False,,False
2,random,fixed_random__block_02__0001,0001,1024.0,40,20,0.5,0.5125,0.25,,False,,False
2,random,fixed_random__block_02__0001,0001,2048.0,40,20,0.4125,0.4375,-0.1625,,False,,False
2,random,fixed_random__block_02__0001,0001,4096.0,40,20,0.5,0.3125,-0.446875,,False,,False
2,random,fixed_random__block_02__0001,0001,8192.0,40,20,0.475,0.325,-0.4,,False,,False
2,random,fixed_random__block_02__0002,0002,0.0625,40,20,0.5,0.4625,-0.00625,,False,,False
2,random,fixed_random__block_02__0002,0002,0.125,40,20,0.5,0.5125,0.003125,,False,,False
2,random,fixed_random__block_02__0002,0002,0.25,40,20,0.5,0.4875,-0.003125,,False,,False
2,random,fixed_random__block_02__0002,0002,0.5,40,20,0.5,0.5,-0.00625,,False,,False
2,random,fixed_random__block_02__0002,0002,1.0,40,20,0.5,0.5125,0.00625,,False,,False
2,random,fixed_random__block_02__0002,0002,2.0,40,20,0.5,0.4375,-0.015625,,False,,False
2,random,fixed_random__block_02__0002,0002,4.0,40,20,0.5,0.4625,-0.015625,,False,,False
2,random,fixed_random__block_02__0002,0002,8.0,40,20,0.5,0.4625,-0.0125,,False,,False
2,random,fixed_random__block_02__0002,0002,16.0,40,20,0.5,0.575,0.015625,,False,,False
2,random,fixed_random__block_02__0002,0002,32.0,40,20,0.5,0.7,0.0875,,False,,False
2,random,fixed_random__block_02__0002,0002,64.0,40,20,0.5,0.825,0.290625,,False,,False
2,random,fixed_random__block_02__0002,0002,128.0,40,20,0.5125,0.8875,0.753125,,False,,False
2,random,fixed_random__block_02__0002,0002,256.0,40,20,0.5,0.825,0.640625,,False,,False
2,random,fixed_random__block_02__0002,0002,512.0,40,20,0.5,0.625,0.36875,,False,,False
2,random,fixed_random__block_02__0002,0002,1024.0,40,20,0.5,0.5625,0.328125,,False,,False
2,random,fixed_random__block_02__0002,0002,2048.0,40,20,0.5,0.5375,0.296875,,False,,False
2,random,fixed_random__block_02__0002,0002,4096.0,40,20,0.525,0.5,0.228125,,False,,False
2,random,fixed_random__block_02__0002,0002,8192.0,40,20,0.55,0.5125,0.225,,False,,False
3,concept,concept__block_03__Dust,Dust,0.0625,40,20,0.5,0.4625,-0.0125,,False,,False
3,concept,concept__block_03__Dust,Dust,0.125,40,20,0.5,0.4875,0.0,,False,,False
3,concept,concept__block_03__Dust,Dust,0.25,40,20,0.5,0.5125,0.0,,False,,False
3,concept,concept__block_03__Dust,Dust,0.5,40,20,0.5,0.575,0.01875,,False,,False
3,concept,concept__block_03__Dust,Dust,1.0,40,20,0.5,0.45,-0.015625,,False,,False
3,concept,concept__block_03__Dust,Dust,2.0,40,20,0.5,0.45,-0.0125,,False,,False
3,concept,concept__block_03__Dust,Dust,4.0,40,20,0.5,0.4875,-0.00625,,False,,False
3,concept,concept__block_03__Dust,Dust,8.0,40,20,0.5,0.4875,-0.00625,,False,,False
3,concept,concept__block_03__Dust,Dust,16.0,40,20,0.5,0.6125,0.046875,,False,,False
3,concept,concept__block_03__Dust,Dust,32.0,40,20,0.525,0.875,0.325,,False,,False
3,concept,concept__block_03__Dust,Dust,64.0,40,20,0.525,0.8375,0.525,,False,,False
3,concept,concept__block_03__Dust,Dust,128.0,40,20,0.6375,0.6,0.521875,,False,,False
3,concept,concept__block_03__Dust,Dust,256.0,40,20,0.4625,0.475,-0.003125,,False,,False
3,concept,concept__block_03__Dust,Dust,512.0,40,20,0.45,0.475,-0.025,,False,,False
3,concept,concept__block_03__Dust,Dust,1024.0,40,20,0.5625,0.475,0.040625,,False,,False
3,concept,concept__block_03__Dust,Dust,2048.0,40,20,0.5375,0.475,0.05,,False,,False
3,concept,concept__block_03__Dust,Dust,4096.0,40,20,0.5,0.475,0.075,,False,,False
3,concept,concept__block_03__Dust,Dust,8192.0,40,20,0.5,0.475,0.103125,,False,,False
3,concept,concept__block_03__Satellites,Satellites,0.0625,40,20,0.5,0.4625,-0.009375,7394.974231649776,True,,False
3,concept,concept__block_03__Satellites,Satellites,0.125,40,20,0.5,0.4625,-0.009375,7394.974231649776,True,,False
3,concept,concept__block_03__Satellites,Satellites,0.25,40,20,0.5,0.55,0.01875,7394.974231649776,True,,False
3,concept,concept__block_03__Satellites,Satellites,0.5,40,20,0.5,0.5,-0.0125,7394.974231649776,True,,False
3,concept,concept__block_03__Satellites,Satellites,1.0,40,20,0.5,0.5125,-0.003125,7394.974231649776,True,,False
3,concept,concept__block_03__Satellites,Satellites,2.0,40,20,0.5,0.5125,0.003125,7394.974231649776,True,,False
3,concept,concept__block_03__Satellites,Satellites,4.0,40,20,0.5,0.5125,0.003125,7394.974231649776,True,,False
3,concept,concept__block_03__Satellites,Satellites,8.0,40,20,0.5,0.45,-0.01875,7394.974231649776,True,,False
3,concept,concept__block_03__Satellites,Satellites,16.0,40,20,0.5,0.4375,0.015625,7394.974231649776,True,,False
3,concept,concept__block_03__Satellites,Satellites,32.0,40,20,0.5,0.575,0.10625,7394.974231649776,True,,False
3,concept,concept__block_03__Satellites,Satellites,64.0,40,20,0.5,0.7375,0.415625,7394.974231649776,True,,False
3,concept,concept__block_03__Satellites,Satellites,128.0,40,20,0.5,0.625,0.21875,7394.974231649776,True,,False
3,concept,concept__block_03__Satellites,Satellites,256.0,40,20,0.5,0.7375,0.56875,7394.974231649776,True,,False
3,concept,concept__block_03__Satellites,Satellites,512.0,40,20,0.5,0.7875,0.828125,7394.974231649776,True,,False
3,concept,concept__block_03__Satellites,Satellites,1024.0,40,20,0.6,0.7375,0.896875,7394.974231649776,True,,False
3,concept,concept__block_03__Satellites,Satellites,2048.0,40,20,0.6125,0.725,0.9,7394.974231649776,True,,False
3,concept,concept__block_03__Satellites,Satellites,4096.0,40,20,0.7,0.725,0.9125,7394.974231649776,True,,False
3,concept,concept__block_03__Satellites,Satellites,8192.0,40,20,0.75,0.725,0.8875,7394.974231649776,True,,False
3,concept,concept__block_03__recursion,recursion,0.0625,40,20,0.5,0.475,-0.003125,,False,,False
3,concept,concept__block_03__recursion,recursion,0.125,40,20,0.5,0.425,-0.015625,,False,,False
3,concept,concept__block_03__recursion,recursion,0.25,40,20,0.5,0.525,0.0,,False,,False
3,concept,concept__block_03__recursion,recursion,0.5,40,20,0.5,0.5375,0.00625,,False,,False
3,concept,concept__block_03__recursion,recursion,1.0,40,20,0.5,0.5,0.00625,,False,,False
3,concept,concept__block_03__recursion,recursion,2.0,40,20,0.5,0.525,0.00625,,False,,False
3,concept,concept__block_03__recursion,recursion,4.0,40,20,0.5,0.5125,0.0,,False,,False
3,concept,concept__block_03__recursion,recursion,8.0,40,20,0.5,0.4875,-0.00625,,False,,False
3,concept,concept__block_03__recursion,recursion,16.0,40,20,0.5,0.625,0.034375,,False,,False
3,concept,concept__block_03__recursion,recursion,32.0,40,20,0.5,0.7625,0.2625,,False,,False
3,concept,concept__block_03__recursion,recursion,64.0,40,20,0.5,0.7875,0.603125,,False,,False
3,concept,concept__block_03__recursion,recursion,128.0,40,20,0.5,0.5375,0.05,,False,,False
3,concept,concept__block_03__recursion,recursion,256.0,40,20,0.5,0.725,0.5875,,False,,False
3,concept,concept__block_03__recursion,recursion,512.0,40,20,0.5,0.8125,0.6875,,False,,False
3,concept,concept__block_03__recursion,recursion,1024.0,40,20,0.5,0.8125,0.7,,False,,False
3,concept,concept__block_03__recursion,recursion,2048.0,40,20,0.5,0.8625,0.7875,,False,,False
3,concept,concept__block_03__recursion,recursion,4096.0,40,20,0.5,0.875,0.790625,,False,,False
3,concept,concept__block_03__recursion,recursion,8192.0,40,20,0.5,0.875,0.79375,,False,,False
3,concept,concept__block_03__shutdown,shutdown,0.0625,40,20,0.5,0.4625,-0.0125,,False,,False
3,concept,concept__block_03__shutdown,shutdown,0.125,40,20,0.5,0.5625,0.0125,,False,,False
3,concept,concept__block_03__shutdown,shutdown,0.25,40,20,0.5,0.525,0.009375,,False,,False
3,concept,concept__block_03__shutdown,shutdown,0.5,40,20,0.5,0.5125,-0.00625,,False,,False
3,concept,concept__block_03__shutdown,shutdown,1.0,40,20,0.5,0.4875,-0.003125,,False,,False
3,concept,concept__block_03__shutdown,shutdown,2.0,40,20,0.5,0.475,-0.00625,,False,,False
3,concept,concept__block_03__shutdown,shutdown,4.0,40,20,0.5,0.55,0.009375,,False,,False
3,concept,concept__block_03__shutdown,shutdown,8.0,40,20,0.5,0.5625,0.021875,,False,,False
3,concept,concept__block_03__shutdown,shutdown,16.0,40,20,0.5,0.5625,0.0375,,False,,False
3,concept,concept__block_03__shutdown,shutdown,32.0,40,20,0.5,0.75,0.271875,,False,,False
3,concept,concept__block_03__shutdown,shutdown,64.0,40,20,0.5,0.8125,0.553125,,False,,False
3,concept,concept__block_03__shutdown,shutdown,128.0,40,20,0.5,0.475,-0.05,,False,,False
3,concept,concept__block_03__shutdown,shutdown,256.0,40,20,0.5,0.725,0.5375,,False,,False
3,concept,concept__block_03__shutdown,shutdown,512.0,40,20,0.5,0.7875,0.69375,,False,,False
3,concept,concept__block_03__shutdown,shutdown,1024.0,40,20,0.5,0.8375,0.753125,,False,,False
3,concept,concept__block_03__shutdown,shutdown,2048.0,40,20,0.5,0.875,0.825,,False,,False
3,concept,concept__block_03__shutdown,shutdown,4096.0,40,20,0.5,0.85,0.84375,,False,,False
3,concept,concept__block_03__shutdown,shutdown,8192.0,40,20,0.5,0.8625,0.846875,,False,,False
3,dropout,dropout_realization_00,dropout_realization_00,0.0625,40,20,0.5,0.5,0.0,,False,,False
3,dropout,dropout_realization_00,dropout_realization_00,0.125,40,20,0.5,0.5,0.0,,False,,False
3,dropout,dropout_realization_00,dropout_realization_00,0.25,40,20,0.5,0.525,0.009375,,False,,False
3,dropout,dropout_realization_00,dropout_realization_00,0.5,40,20,0.5,0.475,-0.009375,,False,,False
3,dropout,dropout_realization_00,dropout_realization_00,1.0,40,20,0.5,0.5125,0.003125,,False,,False
3,dropout,dropout_realization_00,dropout_realization_00,2.0,40,20,0.5,0.425,-0.01875,,False,,False
3,dropout,dropout_realization_00,dropout_realization_00,4.0,40,20,0.5,0.45,-0.009375,,False,,False
3,dropout,dropout_realization_00,dropout_realization_00,8.0,40,20,0.5,0.525,-0.00625,,False,,False
3,dropout,dropout_realization_00,dropout_realization_00,16.0,40,20,0.5,0.55,0.025,,False,,False
3,dropout,dropout_realization_00,dropout_realization_00,32.0,40,20,0.5,0.6125,0.059375,,False,,False
3,dropout,dropout_realization_00,dropout_realization_00,64.0,40,20,0.5,0.65,0.196875,,False,,False
3,dropout,dropout_realization_00,dropout_realization_00,128.0,40,20,0.575,0.9,0.803125,,False,,False
3,dropout,dropout_realization_00,dropout_realization_00,256.0,40,20,0.575,0.8125,0.784375,,False,,False
3,dropout,dropout_realization_00,dropout_realization_00,512.0,40,20,0.5125,0.75,0.653125,,False,,False
3,dropout,dropout_realization_00,dropout_realization_00,1024.0,40,20,0.5,0.725,0.55625,,False,,False
3,dropout,dropout_realization_00,dropout_realization_00,2048.0,40,20,0.5875,0.65,0.4421875,,False,,False
3,dropout,dropout_realization_00,dropout_realization_00,4096.0,40,20,0.6,0.625,0.4609375,,False,,False
3,dropout,dropout_realization_00,dropout_realization_00,8192.0,40,20,0.55,0.6,0.45,,False,,False
3,dropout,dropout_realization_01,dropout_realization_01,0.0625,40,20,0.5,0.5,0.0,,False,,False
3,dropout,dropout_realization_01,dropout_realization_01,0.125,40,20,0.5,0.4875,-0.003125,,False,,False
3,dropout,dropout_realization_01,dropout_realization_01,0.25,40,20,0.5,0.475,-0.009375,,False,,False
3,dropout,dropout_realization_01,dropout_realization_01,0.5,40,20,0.5,0.55,0.0125,,False,,False
3,dropout,dropout_realization_01,dropout_realization_01,1.0,40,20,0.5,0.55,0.015625,,False,,False
3,dropout,dropout_realization_01,dropout_realization_01,2.0,40,20,0.5,0.5125,0.00625,,False,,False
3,dropout,dropout_realization_01,dropout_realization_01,4.0,40,20,0.5,0.4875,-0.009375,,False,,False
3,dropout,dropout_realization_01,dropout_realization_01,8.0,40,20,0.5,0.45,-0.003125,,False,,False
3,dropout,dropout_realization_01,dropout_realization_01,16.0,40,20,0.5,0.525,0.003125,,False,,False
3,dropout,dropout_realization_01,dropout_realization_01,32.0,40,20,0.5,0.6625,0.071875,,False,,False
3,dropout,dropout_realization_01,dropout_realization_01,64.0,40,20,0.5,0.725,0.25625,,False,,False
3,dropout,dropout_realization_01,dropout_realization_01,128.0,40,20,0.5125,0.825,0.746875,,False,,False
3,dropout,dropout_realization_01,dropout_realization_01,256.0,40,20,0.525,0.8125,0.79375,,False,,False
3,dropout,dropout_realization_01,dropout_realization_01,512.0,40,20,0.5,0.7375,0.571875,,False,,False
3,dropout,dropout_realization_01,dropout_realization_01,1024.0,40,20,0.5125,0.7625,0.696875,,False,,False
3,dropout,dropout_realization_01,dropout_realization_01,2048.0,40,20,0.55,0.6875,0.5671875,,False,,False
3,dropout,dropout_realization_01,dropout_realization_01,4096.0,40,20,0.6375,0.65,0.4375,,False,,False
3,dropout,dropout_realization_01,dropout_realization_01,8192.0,40,20,0.55,0.6,0.40625,,False,,False
3,noise,noise_realization_00,noise_realization_00,0.0625,40,20,0.5,0.5,0.003125,,False,,False
3,noise,noise_realization_00,noise_realization_00,0.125,40,20,0.5,0.4875,-0.003125,,False,,False
3,noise,noise_realization_00,noise_realization_00,0.25,40,20,0.5,0.4875,-0.00625,,False,,False
3,noise,noise_realization_00,noise_realization_00,0.5,40,20,0.5,0.5125,0.003125,,False,,False
3,noise,noise_realization_00,noise_realization_00,1.0,40,20,0.5,0.4625,-0.0125,,False,,False
3,noise,noise_realization_00,noise_realization_00,2.0,40,20,0.5,0.4375,-0.01875,,False,,False
3,noise,noise_realization_00,noise_realization_00,4.0,40,20,0.5,0.525,0.00625,,False,,False
3,noise,noise_realization_00,noise_realization_00,8.0,40,20,0.5,0.6,0.03125,,False,,False
3,noise,noise_realization_00,noise_realization_00,16.0,40,20,0.5,0.5875,0.0375,,False,,False
3,noise,noise_realization_00,noise_realization_00,32.0,40,20,0.5,0.625,0.08125,,False,,False
3,noise,noise_realization_00,noise_realization_00,64.0,40,20,0.5,0.7,0.23125,,False,,False
3,noise,noise_realization_00,noise_realization_00,128.0,40,20,0.55,0.8375,0.70625,,False,,False
3,noise,noise_realization_00,noise_realization_00,256.0,40,20,0.6,0.7375,0.81875,,False,,False
3,noise,noise_realization_00,noise_realization_00,512.0,40,20,0.5,0.7625,0.5875,,False,,False
3,noise,noise_realization_00,noise_realization_00,1024.0,40,20,0.5125,0.8125,0.746875,,False,,False
3,noise,noise_realization_00,noise_realization_00,2048.0,40,20,0.6375,0.6375,0.5625,,False,,False
3,noise,noise_realization_00,noise_realization_00,4096.0,40,20,0.5875,0.6,0.490625,,False,,False
3,noise,noise_realization_00,noise_realization_00,8192.0,40,20,0.5625,0.5625,0.303125,,False,,False
3,noise,noise_realization_01,noise_realization_01,0.0625,40,20,0.5,0.575,0.009375,,False,2588.721993470772,True
3,noise,noise_realization_01,noise_realization_01,0.125,40,20,0.5,0.4375,-0.021875,,False,2588.721993470772,True
3,noise,noise_realization_01,noise_realization_01,0.25,40,20,0.5,0.5375,0.0125,,False,2588.721993470772,True
3,noise,noise_realization_01,noise_realization_01,0.5,40,20,0.5,0.525,0.009375,,False,2588.721993470772,True
3,noise,noise_realization_01,noise_realization_01,1.0,40,20,0.5,0.5,-0.003125,,False,2588.721993470772,True
3,noise,noise_realization_01,noise_realization_01,2.0,40,20,0.5,0.5375,0.00625,,False,2588.721993470772,True
3,noise,noise_realization_01,noise_realization_01,4.0,40,20,0.5,0.575,0.009375,,False,2588.721993470772,True
3,noise,noise_realization_01,noise_realization_01,8.0,40,20,0.5,0.625,0.034375,,False,2588.721993470772,True
3,noise,noise_realization_01,noise_realization_01,16.0,40,20,0.5,0.5875,0.03125,,False,2588.721993470772,True
3,noise,noise_realization_01,noise_realization_01,32.0,40,20,0.5,0.65,0.0875,,False,2588.721993470772,True
3,noise,noise_realization_01,noise_realization_01,64.0,40,20,0.5125,0.8125,0.303125,,False,2588.721993470772,True
3,noise,noise_realization_01,noise_realization_01,128.0,40,20,0.5,0.8625,0.709375,,False,2588.721993470772,True
3,noise,noise_realization_01,noise_realization_01,256.0,40,20,0.575,0.825,0.778125,,False,2588.721993470772,True
3,noise,noise_realization_01,noise_realization_01,512.0,40,20,0.5,0.7875,0.525,,False,2588.721993470772,True
3,noise,noise_realization_01,noise_realization_01,1024.0,40,20,0.5,0.8625,0.63125,,False,2588.721993470772,True
3,noise,noise_realization_01,noise_realization_01,2048.0,40,20,0.6,0.7125,0.50625,,False,2588.721993470772,True
3,noise,noise_realization_01,noise_realization_01,4096.0,40,20,0.575,0.5875,0.384375,,False,2588.721993470772,True
3,noise,noise_realization_01,noise_realization_01,8192.0,40,20,0.6125,0.65,0.546875,,False,2588.721993470772,True
3,random,fixed_random__block_03__0000,0000,0.0625,40,20,0.5,0.475,-0.003125,,False,,False
3,random,fixed_random__block_03__0000,0000,0.125,40,20,0.5,0.5125,0.0,,False,,False
3,random,fixed_random__block_03__0000,0000,0.25,40,20,0.5,0.475,-0.00625,,False,,False
3,random,fixed_random__block_03__0000,0000,0.5,40,20,0.5,0.5125,0.003125,,False,,False
3,random,fixed_random__block_03__0000,0000,1.0,40,20,0.5,0.525,0.009375,,False,,False
3,random,fixed_random__block_03__0000,0000,2.0,40,20,0.5,0.4375,-0.021875,,False,,False
3,random,fixed_random__block_03__0000,0000,4.0,40,20,0.5,0.45,-0.01875,,False,,False
3,random,fixed_random__block_03__0000,0000,8.0,40,20,0.5,0.425,-0.01875,,False,,False
3,random,fixed_random__block_03__0000,0000,16.0,40,20,0.5,0.4125,-0.025,,False,,False
3,random,fixed_random__block_03__0000,0000,32.0,40,20,0.5,0.3375,-0.065625,,False,,False
3,random,fixed_random__block_03__0000,0000,64.0,40,20,0.475,0.3875,-0.05625,,False,,False
3,random,fixed_random__block_03__0000,0000,128.0,40,20,0.5,0.3375,-0.2,,False,,False
3,random,fixed_random__block_03__0000,0000,256.0,40,20,0.5,0.75,0.4875,,False,,False
3,random,fixed_random__block_03__0000,0000,512.0,40,20,0.5,0.625,0.48125,,False,,False
3,random,fixed_random__block_03__0000,0000,1024.0,40,20,0.5125,0.7125,0.54375,,False,,False
3,random,fixed_random__block_03__0000,0000,2048.0,40,20,0.55,0.575,0.48125,,False,,False
3,random,fixed_random__block_03__0000,0000,4096.0,40,20,0.625,0.5125,0.4375,,False,,False
3,random,fixed_random__block_03__0000,0000,8192.0,40,20,0.625,0.55,0.528125,,False,,False
3,random,fixed_random__block_03__0001,0001,0.0625,40,20,0.5,0.525,0.009375,,False,,False
3,random,fixed_random__block_03__0001,0001,0.125,40,20,0.5,0.525,0.015625,,False,,False
3,random,fixed_random__block_03__0001,0001,0.25,40,20,0.5,0.525,0.0,,False,,False
3,random,fixed_random__block_03__0001,0001,0.5,40,20,0.5,0.4875,-0.00625,,False,,False
3,random,fixed_random__block_03__0001,0001,1.0,40,20,0.5,0.4875,0.0,,False,,False
3,random,fixed_random__block_03__0001,0001,2.0,40,20,0.5,0.4375,-0.01875,,False,,False
3,random,fixed_random__block_03__0001,0001,4.0,40,20,0.5,0.525,0.0125,,False,,False
3,random,fixed_random__block_03__0001,0001,8.0,40,20,0.5,0.525,0.003125,,False,,False
3,random,fixed_random__block_03__0001,0001,16.0,40,20,0.5,0.5375,0.015625,,False,,False
3,random,fixed_random__block_03__0001,0001,32.0,40,20,0.5,0.625,0.09375,,False,,False
3,random,fixed_random__block_03__0001,0001,64.0,40,20,0.5375,0.8375,0.340625,,False,,False
3,random,fixed_random__block_03__0001,0001,128.0,40,20,0.6625,0.95,1.15,,False,,False
3,random,fixed_random__block_03__0001,0001,256.0,40,20,0.8,1.0,1.353125,,False,,False
3,random,fixed_random__block_03__0001,0001,512.0,40,20,0.5375,0.725,0.659375,,False,,False
3,random,fixed_random__block_03__0001,0001,1024.0,40,20,0.4875,0.7125,0.50625,,False,,False
3,random,fixed_random__block_03__0001,0001,2048.0,40,20,0.7375,0.5,0.3875,,False,,False
3,random,fixed_random__block_03__0001,0001,4096.0,40,20,0.7125,0.5,0.45,,False,,False
3,random,fixed_random__block_03__0001,0001,8192.0,40,20,0.725,0.5,0.45,,False,,False
3,random,fixed_random__block_03__0002,0002,0.0625,40,20,0.5,0.5125,0.003125,,False,,False
3,random,fixed_random__block_03__0002,0002,0.125,40,20,0.5,0.4375,-0.0125,,False,,False
3,random,fixed_random__block_03__0002,0002,0.25,40,20,0.5,0.475,-0.009375,,False,,False
3,random,fixed_random__block_03__0002,0002,0.5,40,20,0.5,0.5,-0.003125,,False,,False
3,random,fixed_random__block_03__0002,0002,1.0,40,20,0.5,0.4875,0.003125,,False,,False
3,random,fixed_random__block_03__0002,0002,2.0,40,20,0.5,0.575,0.015625,,False,,False
3,random,fixed_random__block_03__0002,0002,4.0,40,20,0.5,0.575,0.025,,False,,False
3,random,fixed_random__block_03__0002,0002,8.0,40,20,0.5,0.6625,0.046875,,False,,False
3,random,fixed_random__block_03__0002,0002,16.0,40,20,0.5,0.7,0.090625,,False,,False
3,random,fixed_random__block_03__0002,0002,32.0,40,20,0.5,0.825,0.259375,,False,,False
3,random,fixed_random__block_03__0002,0002,64.0,40,20,0.5,0.9,0.575,,False,,False
3,random,fixed_random__block_03__0002,0002,128.0,40,20,0.5,0.9875,0.940625,,False,,False
3,random,fixed_random__block_03__0002,0002,256.0,40,20,0.5375,0.875,0.834375,,False,,False
3,random,fixed_random__block_03__0002,0002,512.0,40,20,0.5,0.55,0.36875,,False,,False
3,random,fixed_random__block_03__0002,0002,1024.0,40,20,0.4875,0.55,0.359375,,False,,False
3,random,fixed_random__block_03__0002,0002,2048.0,40,20,0.4125,0.5125,0.24375,,False,,False
3,random,fixed_random__block_03__0002,0002,4096.0,40,20,0.4375,0.5,0.2,,False,,False
3,random,fixed_random__block_03__0002,0002,8192.0,40,20,0.3875,0.525,0.190625,,False,,False
4,concept,concept__block_04__Dust,Dust,0.0625,40,20,0.5,0.5,0.0,,False,,False
4,concept,concept__block_04__Dust,Dust,0.125,40,20,0.5,0.525,0.00625,,False,,False
4,concept,concept__block_04__Dust,Dust,0.25,40,20,0.5,0.55,0.009375,,False,,False
4,concept,concept__block_04__Dust,Dust,0.5,40,20,0.5,0.4625,-0.009375,,False,,False
4,concept,concept__block_04__Dust,Dust,1.0,40,20,0.5,0.525,0.003125,,False,,False
4,concept,concept__block_04__Dust,Dust,2.0,40,20,0.5,0.55,0.0125,,False,,False
4,concept,concept__block_04__Dust,Dust,4.0,40,20,0.5,0.6,0.03125,,False,,False
4,concept,concept__block_04__Dust,Dust,8.0,40,20,0.5,0.6875,0.05625,,False,,False
4,concept,concept__block_04__Dust,Dust,16.0,40,20,0.5,0.775,0.153125,,False,,False
4,concept,concept__block_04__Dust,Dust,32.0,40,20,0.5,0.8125,0.48125,,False,,False
4,concept,concept__block_04__Dust,Dust,64.0,40,20,0.6,0.7625,0.61875,,False,,False
4,concept,concept__block_04__Dust,Dust,128.0,40,20,0.4875,0.5,0.21875,,False,,False
4,concept,concept__block_04__Dust,Dust,256.0,40,20,0.45,0.5125,-0.05625,,False,,False
4,concept,concept__block_04__Dust,Dust,512.0,40,20,0.45,0.475,-0.103125,,False,,False
4,concept,concept__block_04__Dust,Dust,1024.0,40,20,0.4875,0.475,-0.0828125,,False,,False
4,concept,concept__block_04__Dust,Dust,2048.0,40,20,0.5,0.4625,-0.096875,,False,,False
4,concept,concept__block_04__Dust,Dust,4096.0,40,20,0.5,0.475,-0.09375,,False,,False
4,concept,concept__block_04__Dust,Dust,8192.0,40,20,0.5,0.45,-0.103125,,False,,False
4,concept,concept__block_04__Satellites,Satellites,0.0625,40,20,0.5,0.4875,-0.009375,,False,376.6473943574871,True
4,concept,concept__block_04__Satellites,Satellites,0.125,40,20,0.5,0.5125,0.009375,,False,376.6473943574871,True
4,concept,concept__block_04__Satellites,Satellites,0.25,40,20,0.5,0.5625,0.015625,,False,376.6473943574871,True
4,concept,concept__block_04__Satellites,Satellites,0.5,40,20,0.5,0.475,-0.00625,,False,376.6473943574871,True
4,concept,concept__block_04__Satellites,Satellites,1.0,40,20,0.5,0.55,0.0125,,False,376.6473943574871,True
4,concept,concept__block_04__Satellites,Satellites,2.0,40,20,0.5,0.475,-0.00625,,False,376.6473943574871,True
4,concept,concept__block_04__Satellites,Satellites,4.0,40,20,0.5,0.5,0.003125,,False,376.6473943574871,True
4,concept,concept__block_04__Satellites,Satellites,8.0,40,20,0.5,0.4125,-0.015625,,False,376.6473943574871,True
4,concept,concept__block_04__Satellites,Satellites,16.0,40,20,0.5,0.4125,-0.059375,,False,376.6473943574871,True
4,concept,concept__block_04__Satellites,Satellites,32.0,40,20,0.5,0.5375,0.1,,False,376.6473943574871,True
4,concept,concept__block_04__Satellites,Satellites,64.0,40,20,0.5,0.6125,0.234375,,False,376.6473943574871,True
4,concept,concept__block_04__Satellites,Satellites,128.0,40,20,0.5,0.675,0.26875,,False,376.6473943574871,True
4,concept,concept__block_04__Satellites,Satellites,256.0,40,20,0.5,0.75,0.625,,False,376.6473943574871,True
4,concept,concept__block_04__Satellites,Satellites,512.0,40,20,0.5,0.75,0.7375,,False,376.6473943574871,True
4,concept,concept__block_04__Satellites,Satellites,1024.0,40,20,0.5,0.9125,0.84375,,False,376.6473943574871,True
4,concept,concept__block_04__Satellites,Satellites,2048.0,40,20,0.5,0.925,0.98125,,False,376.6473943574871,True
4,concept,concept__block_04__Satellites,Satellites,4096.0,40,20,0.5,0.9125,1.065625,,False,376.6473943574871,True
4,concept,concept__block_04__Satellites,Satellites,8192.0,40,20,0.5,0.9375,1.103125,,False,376.6473943574871,True
4,concept,concept__block_04__recursion,recursion,0.0625,40,20,0.5,0.525,0.009375,,False,,False
4,concept,concept__block_04__recursion,recursion,0.125,40,20,0.5,0.4625,0.0,,False,,False
4,concept,concept__block_04__recursion,recursion,0.25,40,20,0.5,0.5,-0.00625,,False,,False
4,concept,concept__block_04__recursion,recursion,0.5,40,20,0.5,0.4375,-0.0125,,False,,False
4,concept,concept__block_04__recursion,recursion,1.0,40,20,0.5,0.4125,-0.015625,,False,,False
4,concept,concept__block_04__recursion,recursion,2.0,40,20,0.5,0.475,0.0,,False,,False
4,concept,concept__block_04__recursion,recursion,4.0,40,20,0.5,0.3875,-0.03125,,False,,False
4,concept,concept__block_04__recursion,recursion,8.0,40,20,0.5,0.4,-0.025,,False,,False
4,concept,concept__block_04__recursion,recursion,16.0,40,20,0.5,0.5,-0.025,,False,,False
4,concept,concept__block_04__recursion,recursion,32.0,40,20,0.5,0.625,0.109375,,False,,False
4,concept,concept__block_04__recursion,recursion,64.0,40,20,0.5,0.7625,0.509375,,False,,False
4,concept,concept__block_04__recursion,recursion,128.0,40,20,0.5,0.5375,0.178125,,False,,False
4,concept,concept__block_04__recursion,recursion,256.0,40,20,0.5,0.725,0.528125,,False,,False
4,concept,concept__block_04__recursion,recursion,512.0,40,20,0.5,0.775,0.646875,,False,,False
4,concept,concept__block_04__recursion,recursion,1024.0,40,20,0.5,0.7625,0.640625,,False,,False
4,concept,concept__block_04__recursion,recursion,2048.0,40,20,0.5,0.8125,0.709375,,False,,False
4,concept,concept__block_04__recursion,recursion,4096.0,40,20,0.5,0.8375,0.7625,,False,,False
4,concept,concept__block_04__recursion,recursion,8192.0,40,20,0.5,0.8375,0.746875,,False,,False
4,concept,concept__block_04__shutdown,shutdown,0.0625,40,20,0.5,0.575,0.021875,,False,,False
4,concept,concept__block_04__shutdown,shutdown,0.125,40,20,0.5,0.5375,0.0125,,False,,False
4,concept,concept__block_04__shutdown,shutdown,0.25,40,20,0.5,0.5375,0.009375,,False,,False
4,concept,concept__block_04__shutdown,shutdown,0.5,40,20,0.5,0.4625,-0.0125,,False,,False
4,concept,concept__block_04__shutdown,shutdown,1.0,40,20,0.5,0.4875,0.0,,False,,False
4,concept,concept__block_04__shutdown,shutdown,2.0,40,20,0.5,0.4625,-0.0125,,False,,False
4,concept,concept__block_04__shutdown,shutdown,4.0,40,20,0.5,0.3875,-0.03125,,False,,False
4,concept,concept__block_04__shutdown,shutdown,8.0,40,20,0.5,0.4,-0.034375,,False,,False
4,concept,concept__block_04__shutdown,shutdown,16.0,40,20,0.5,0.5,-0.040625,,False,,False
4,concept,concept__block_04__shutdown,shutdown,32.0,40,20,0.5,0.6,0.06875,,False,,False
4,concept,concept__block_04__shutdown,shutdown,64.0,40,20,0.5,0.7375,0.328125,,False,,False
4,concept,concept__block_04__shutdown,shutdown,128.0,40,20,0.5,0.625,0.246875,,False,,False
4,concept,concept__block_04__shutdown,shutdown,256.0,40,20,0.5,0.75,0.553125,,False,,False
4,concept,concept__block_04__shutdown,shutdown,512.0,40,20,0.5,0.8125,0.671875,,False,,False
4,concept,concept__block_04__shutdown,shutdown,1024.0,40,20,0.5,0.85,0.7625,,False,,False
4,concept,concept__block_04__shutdown,shutdown,2048.0,40,20,0.5,0.9125,0.8375,,False,,False
4,concept,concept__block_04__shutdown,shutdown,4096.0,40,20,0.5,0.9375,0.853125,,False,,False
4,concept,concept__block_04__shutdown,shutdown,8192.0,40,20,0.5,0.9375,0.865625,,False,,False
4,dropout,dropout_realization_00,dropout_realization_00,0.0625,40,20,0.5,0.5,0.0,,False,3689.6954478926514,True
4,dropout,dropout_realization_00,dropout_realization_00,0.125,40,20,0.5,0.4875,-0.00625,,False,3689.6954478926514,True
4,dropout,dropout_realization_00,dropout_realization_00,0.25,40,20,0.5,0.4875,-0.009375,,False,3689.6954478926514,True
4,dropout,dropout_realization_00,dropout_realization_00,0.5,40,20,0.5,0.525,0.0,,False,3689.6954478926514,True
4,dropout,dropout_realization_00,dropout_realization_00,1.0,40,20,0.5,0.6,0.028125,,False,3689.6954478926514,True
4,dropout,dropout_realization_00,dropout_realization_00,2.0,40,20,0.5,0.5125,0.0,,False,3689.6954478926514,True
4,dropout,dropout_realization_00,dropout_realization_00,4.0,40,20,0.5,0.525,-0.003125,,False,3689.6954478926514,True
4,dropout,dropout_realization_00,dropout_realization_00,8.0,40,20,0.5,0.475,-0.003125,,False,3689.6954478926514,True
4,dropout,dropout_realization_00,dropout_realization_00,16.0,40,20,0.5,0.525,-0.00625,,False,3689.6954478926514,True
4,dropout,dropout_realization_00,dropout_realization_00,32.0,40,20,0.5,0.4375,-0.03125,,False,3689.6954478926514,True
4,dropout,dropout_realization_00,dropout_realization_00,64.0,40,20,0.5,0.5875,0.190625,,False,3689.6954478926514,True
4,dropout,dropout_realization_00,dropout_realization_00,128.0,40,20,0.5625,0.6875,0.503125,,False,3689.6954478926514,True
4,dropout,dropout_realization_00,dropout_realization_00,256.0,40,20,0.525,0.7625,0.55625,,False,3689.6954478926514,True
4,dropout,dropout_realization_00,dropout_realization_00,512.0,40,20,0.4875,0.8375,0.6359375,,False,3689.6954478926514,True
4,dropout,dropout_realization_00,dropout_realization_00,1024.0,40,20,0.5625,0.6625,0.49375,,False,3689.6954478926514,True
4,dropout,dropout_realization_00,dropout_realization_00,2048.0,40,20,0.5625,0.7,0.5828125,,False,3689.6954478926514,True
4,dropout,dropout_realization_00,dropout_realization_00,4096.0,40,20,0.5875,0.65,0.521875,,False,3689.6954478926514,True
4,dropout,dropout_realization_00,dropout_realization_00,8192.0,40,20,0.5875,0.8,0.940625,,False,3689.6954478926514,True
4,dropout,dropout_realization_01,dropout_realization_01,0.0625,40,20,0.5,0.5,0.0,,False,,False
4,dropout,dropout_realization_01,dropout_realization_01,0.125,40,20,0.5,0.475,-0.00625,,False,,False
4,dropout,dropout_realization_01,dropout_realization_01,0.25,40,20,0.5,0.525,0.009375,,False,,False
4,dropout,dropout_realization_01,dropout_realization_01,0.5,40,20,0.5,0.475,-0.009375,,False,,False
4,dropout,dropout_realization_01,dropout_realization_01,1.0,40,20,0.5,0.5375,0.009375,,False,,False
4,dropout,dropout_realization_01,dropout_realization_01,2.0,40,20,0.5,0.5375,0.009375,,False,,False
4,dropout,dropout_realization_01,dropout_realization_01,4.0,40,20,0.5,0.5125,0.0,,False,,False
4,dropout,dropout_realization_01,dropout_realization_01,8.0,40,20,0.5,0.4875,-0.009375,,False,,False
4,dropout,dropout_realization_01,dropout_realization_01,16.0,40,20,0.5,0.525,0.0,,False,,False
4,dropout,dropout_realization_01,dropout_realization_01,32.0,40,20,0.5,0.5,-0.01875,,False,,False
4,dropout,dropout_realization_01,dropout_realization_01,64.0,40,20,0.5,0.8125,0.3,,False,,False
4,dropout,dropout_realization_01,dropout_realization_01,128.0,40,20,0.5,0.7625,0.471875,,False,,False
4,dropout,dropout_realization_01,dropout_realization_01,256.0,40,20,0.525,0.675,0.546875,,False,,False
4,dropout,dropout_realization_01,dropout_realization_01,512.0,40,20,0.5125,0.7125,0.603125,,False,,False
4,dropout,dropout_realization_01,dropout_realization_01,1024.0,40,20,0.5125,0.6875,0.534375,,False,,False
4,dropout,dropout_realization_01,dropout_realization_01,2048.0,40,20,0.5625,0.6625,0.50625,,False,,False
4,dropout,dropout_realization_01,dropout_realization_01,4096.0,40,20,0.5625,0.6625,0.640625,,False,,False
4,dropout,dropout_realization_01,dropout_realization_01,8192.0,40,20,0.525,0.675,0.75,,False,,False
4,noise,noise_realization_00,noise_realization_00,0.0625,40,20,0.5,0.525,0.0125,,False,,False
4,noise,noise_realization_00,noise_realization_00,0.125,40,20,0.5,0.5,0.003125,,False,,False
4,noise,noise_realization_00,noise_realization_00,0.25,40,20,0.5,0.45,-0.015625,,False,,False
4,noise,noise_realization_00,noise_realization_00,0.5,40,20,0.5,0.4875,-0.00625,,False,,False
4,noise,noise_realization_00,noise_realization_00,1.0,40,20,0.5,0.5375,0.009375,,False,,False
4,noise,noise_realization_00,noise_realization_00,2.0,40,20,0.5,0.5,0.00625,,False,,False
4,noise,noise_realization_00,noise_realization_00,4.0,40,20,0.5,0.55,0.0125,,False,,False
4,noise,noise_realization_00,noise_realization_00,8.0,40,20,0.5,0.5625,0.0125,,False,,False
4,noise,noise_realization_00,noise_realization_00,16.0,40,20,0.5,0.575,0.021875,,False,,False
4,noise,noise_realization_00,noise_realization_00,32.0,40,20,0.5,0.4875,0.0125,,False,,False
4,noise,noise_realization_00,noise_realization_00,64.0,40,20,0.5,0.6625,0.096875,,False,,False
4,noise,noise_realization_00,noise_realization_00,128.0,40,20,0.525,0.6625,0.509375,,False,,False
4,noise,noise_realization_00,noise_realization_00,256.0,40,20,0.525,0.8125,0.68125,,False,,False
4,noise,noise_realization_00,noise_realization_00,512.0,40,20,0.5125,0.7125,0.559375,,False,,False
4,noise,noise_realization_00,noise_realization_00,1024.0,40,20,0.5375,0.6625,0.5875,,False,,False
4,noise,noise_realization_00,noise_realization_00,2048.0,40,20,0.6125,0.55,0.403125,,False,,False
4,noise,noise_realization_00,noise_realization_00,4096.0,40,20,0.6375,0.7625,0.575,,False,,False
4,noise,noise_realization_00,noise_realization_00,8192.0,40,20,0.65,0.625,0.484375,,False,,False
4,noise,noise_realization_01,noise_realization_01,0.0625,40,20,0.5,0.475,-0.0125,,False,,False
4,noise,noise_realization_01,noise_realization_01,0.125,40,20,0.5,0.5,-0.00625,,False,,False
4,noise,noise_realization_01,noise_realization_01,0.25,40,20,0.5,0.4875,0.003125,,False,,False
4,noise,noise_realization_01,noise_realization_01,0.5,40,20,0.5,0.525,0.0125,,False,,False
4,noise,noise_realization_01,noise_realization_01,1.0,40,20,0.5,0.475,-0.00625,,False,,False
4,noise,noise_realization_01,noise_realization_01,2.0,40,20,0.5,0.5625,0.0125,,False,,False
4,noise,noise_realization_01,noise_realization_01,4.0,40,20,0.5,0.4625,-0.00625,,False,,False
4,noise,noise_realization_01,noise_realization_01,8.0,40,20,0.5,0.5,-0.003125,,False,,False
4,noise,noise_realization_01,noise_realization_01,16.0,40,20,0.5,0.5125,0.00625,,False,,False
4,noise,noise_realization_01,noise_realization_01,32.0,40,20,0.5,0.525,-0.009375,,False,,False
4,noise,noise_realization_01,noise_realization_01,64.0,40,20,0.5,0.6125,0.146875,,False,,False
4,noise,noise_realization_01,noise_realization_01,128.0,40,20,0.525,0.7,0.446875,,False,,False
4,noise,noise_realization_01,noise_realization_01,256.0,40,20,0.5625,0.8,0.69375,,False,,False
4,noise,noise_realization_01,noise_realization_01,512.0,40,20,0.475,0.65,0.4875,,False,,False
4,noise,noise_realization_01,noise_realization_01,1024.0,40,20,0.475,0.7375,0.546875,,False,,False
4,noise,noise_realization_01,noise_realization_01,2048.0,40,20,0.6125,0.55,0.40625,,False,,False
4,noise,noise_realization_01,noise_realization_01,4096.0,40,20,0.65,0.725,0.58125,,False,,False
4,noise,noise_realization_01,noise_realization_01,8192.0,40,20,0.65,0.5625,0.40625,,False,,False
4,random,fixed_random__block_04__0000,0000,0.0625,40,20,0.5,0.5625,0.015625,,False,,False
4,random,fixed_random__block_04__0000,0000,0.125,40,20,0.5,0.4875,-0.00625,,False,,False
4,random,fixed_random__block_04__0000,0000,0.25,40,20,0.5,0.45,-0.00625,,False,,False
4,random,fixed_random__block_04__0000,0000,0.5,40,20,0.5,0.475,-0.0125,,False,,False
4,random,fixed_random__block_04__0000,0000,1.0,40,20,0.5,0.45,-0.0125,,False,,False
4,random,fixed_random__block_04__0000,0000,2.0,40,20,0.5,0.5375,0.009375,,False,,False
4,random,fixed_random__block_04__0000,0000,4.0,40,20,0.5,0.475,-0.0125,,False,,False
4,random,fixed_random__block_04__0000,0000,8.0,40,20,0.5,0.5,0.00625,,False,,False
4,random,fixed_random__block_04__0000,0000,16.0,40,20,0.5,0.4375,-0.01875,,False,,False
4,random,fixed_random__block_04__0000,0000,32.0,40,20,0.5,0.3125,-0.06875,,False,,False
4,random,fixed_random__block_04__0000,0000,64.0,40,20,0.5,0.2375,-0.1875,,False,,False
4,random,fixed_random__block_04__0000,0000,128.0,40,20,0.5,0.5875,0.328125,,False,,False
4,random,fixed_random__block_04__0000,0000,256.0,40,20,0.5,0.775,0.48125,,False,,False
4,random,fixed_random__block_04__0000,0000,512.0,40,20,0.5,0.75,0.603125,,False,,False
4,random,fixed_random__block_04__0000,0000,1024.0,40,20,0.5,0.7,0.403125,,False,,False
4,random,fixed_random__block_04__0000,0000,2048.0,40,20,0.5,0.625,0.28125,,False,,False
4,random,fixed_random__block_04__0000,0000,4096.0,40,20,0.5,0.5375,0.259375,,False,,False
4,random,fixed_random__block_04__0000,0000,8192.0,40,20,0.5,0.5,0.2984375,,False,,False
4,random,fixed_random__block_04__0001,0001,0.0625,40,20,0.5,0.45,-0.015625,,False,,False
4,random,fixed_random__block_04__0001,0001,0.125,40,20,0.5,0.4875,-0.003125,,False,,False
4,random,fixed_random__block_04__0001,0001,0.25,40,20,0.5,0.45,-0.009375,,False,,False
4,random,fixed_random__block_04__0001,0001,0.5,40,20,0.5,0.4125,-0.025,,False,,False
4,random,fixed_random__block_04__0001,0001,1.0,40,20,0.5,0.4875,-0.003125,,False,,False
4,random,fixed_random__block_04__0001,0001,2.0,40,20,0.5,0.5,0.0,,False,,False
4,random,fixed_random__block_04__0001,0001,4.0,40,20,0.5,0.5375,0.0125,,False,,False
4,random,fixed_random__block_04__0001,0001,8.0,40,20,0.5,0.6,0.028125,,False,,False
4,random,fixed_random__block_04__0001,0001,16.0,40,20,0.5,0.65,0.065625,,False,,False
4,random,fixed_random__block_04__0001,0001,32.0,40,20,0.5,0.8125,0.140625,,False,,False
4,random,fixed_random__block_04__0001,0001,64.0,40,20,0.5,0.95,0.38125,,False,,False
4,random,fixed_random__block_04__0001,0001,128.0,40,20,0.5,0.925,0.76875,,False,,False
4,random,fixed_random__block_04__0001,0001,256.0,40,20,0.575,0.75,0.6125,,False,,False
4,random,fixed_random__block_04__0001,0001,512.0,40,20,0.525,0.7875,0.7875,,False,,False
4,random,fixed_random__block_04__0001,0001,1024.0,40,20,0.7125,0.6625,0.64375,,False,,False
4,random,fixed_random__block_04__0001,0001,2048.0,40,20,0.8,0.5,0.45625,,False,,False
4,random,fixed_random__block_04__0001,0001,4096.0,40,20,0.675,0.5375,0.49375,,False,,False
4,random,fixed_random__block_04__0001,0001,8192.0,40,20,0.575,0.65,0.3734375,,False,,False
4,random,fixed_random__block_04__0002,0002,0.0625,40,20,0.5,0.5125,0.0,,False,,False
4,random,fixed_random__block_04__0002,0002,0.125,40,20,0.5,0.4375,-0.0125,,False,,False
4,random,fixed_random__block_04__0002,0002,0.25,40,20,0.5,0.525,0.0125,,False,,False
4,random,fixed_random__block_04__0002,0002,0.5,40,20,0.5,0.5125,0.0,,False,,False
4,random,fixed_random__block_04__0002,0002,1.0,40,20,0.5,0.5,-0.003125,,False,,False
4,random,fixed_random__block_04__0002,0002,2.0,40,20,0.5,0.55,0.0125,,False,,False
4,random,fixed_random__block_04__0002,0002,4.0,40,20,0.5,0.575,0.01875,,False,,False
4,random,fixed_random__block_04__0002,0002,8.0,40,20,0.5,0.4875,0.00625,,False,,False
4,random,fixed_random__block_04__0002,0002,16.0,40,20,0.5,0.475,-0.00625,,False,,False
4,random,fixed_random__block_04__0002,0002,32.0,40,20,0.5,0.375,-0.025,,False,,False
4,random,fixed_random__block_04__0002,0002,64.0,40,20,0.5,0.3375,-0.140625,,False,,False
4,random,fixed_random__block_04__0002,0002,128.0,40,20,0.525,0.525,0.165625,,False,,False
4,random,fixed_random__block_04__0002,0002,256.0,40,20,0.5,0.55,0.1125,,False,,False
4,random,fixed_random__block_04__0002,0002,512.0,40,20,0.5,0.6875,0.509375,,False,,False
4,random,fixed_random__block_04__0002,0002,1024.0,40,20,0.5,0.7875,0.7125,,False,,False
4,random,fixed_random__block_04__0002,0002,2048.0,40,20,0.725,0.6125,0.503125,,False,,False
4,random,fixed_random__block_04__0002,0002,4096.0,40,20,0.7375,0.525,0.43125,,False,,False
4,random,fixed_random__block_04__0002,0002,8192.0,40,20,0.7125,0.5375,0.371875,,False,,False
5,concept,concept__block_05__Dust,Dust,0.0625,40,20,0.5,0.4625,-0.003125,,False,,False
5,concept,concept__block_05__Dust,Dust,0.125,40,20,0.5,0.5125,0.00625,,False,,False
5,concept,concept__block_05__Dust,Dust,0.25,40,20,0.5,0.5125,0.0,,False,,False
5,concept,concept__block_05__Dust,Dust,0.5,40,20,0.5,0.55,0.01875,,False,,False
5,concept,concept__block_05__Dust,Dust,1.0,40,20,0.5,0.5875,0.025,,False,,False
5,concept,concept__block_05__Dust,Dust,2.0,40,20,0.5,0.5625,0.015625,,False,,False
5,concept,concept__block_05__Dust,Dust,4.0,40,20,0.5,0.675,0.059375,,False,,False
5,concept,concept__block_05__Dust,Dust,8.0,40,20,0.5,0.7,0.125,,False,,False
5,concept,concept__block_05__Dust,Dust,16.0,40,20,0.5,0.8,0.26875,,False,,False
5,concept,concept__block_05__Dust,Dust,32.0,40,20,0.5,0.8375,0.41875,,False,,False
5,concept,concept__block_05__Dust,Dust,64.0,40,20,0.5,0.6625,0.36875,,False,,False
5,concept,concept__block_05__Dust,Dust,128.0,40,20,0.4875,0.75,0.528125,,False,,False
5,concept,concept__block_05__Dust,Dust,256.0,40,20,0.5125,0.5,0.134375,,False,,False
5,concept,concept__block_05__Dust,Dust,512.0,40,20,0.5,0.5,0.190625,,False,,False
5,concept,concept__block_05__Dust,Dust,1024.0,40,20,0.5,0.5,0.115625,,False,,False
5,concept,concept__block_05__Dust,Dust,2048.0,40,20,0.5,0.55,0.090625,,False,,False
5,concept,concept__block_05__Dust,Dust,4096.0,40,20,0.5,0.5625,0.08125,,False,,False
5,concept,concept__block_05__Dust,Dust,8192.0,40,20,0.5,0.55,0.0875,,False,,False
5,concept,concept__block_05__Satellites,Satellites,0.0625,40,20,0.5,0.5375,0.015625,,False,,False
5,concept,concept__block_05__Satellites,Satellites,0.125,40,20,0.5,0.5375,0.0125,,False,,False
5,concept,concept__block_05__Satellites,Satellites,0.25,40,20,0.5,0.525,0.00625,,False,,False
5,concept,concept__block_05__Satellites,Satellites,0.5,40,20,0.5,0.5375,0.009375,,False,,False
5,concept,concept__block_05__Satellites,Satellites,1.0,40,20,0.5,0.4625,-0.009375,,False,,False
5,concept,concept__block_05__Satellites,Satellites,2.0,40,20,0.5,0.4375,-0.01875,,False,,False
5,concept,concept__block_05__Satellites,Satellites,4.0,40,20,0.5,0.4625,-0.00625,,False,,False
5,concept,concept__block_05__Satellites,Satellites,8.0,40,20,0.5,0.4125,-0.046875,,False,,False
5,concept,concept__block_05__Satellites,Satellites,16.0,40,20,0.5,0.3625,-0.09375,,False,,False
5,concept,concept__block_05__Satellites,Satellites,32.0,40,20,0.5,0.45,-0.01875,,False,,False
5,concept,concept__block_05__Satellites,Satellites,64.0,40,20,0.5,0.5875,0.05625,,False,,False
5,concept,concept__block_05__Satellites,Satellites,128.0,40,20,0.5,0.7125,0.434375,,False,,False
5,concept,concept__block_05__Satellites,Satellites,256.0,40,20,0.5,0.7125,0.596875,,False,,False
5,concept,concept__block_05__Satellites,Satellites,512.0,40,20,0.5,0.7375,0.678125,,False,,False
5,concept,concept__block_05__Satellites,Satellites,1024.0,40,20,0.5,0.8125,0.725,,False,,False
5,concept,concept__block_05__Satellites,Satellites,2048.0,40,20,0.5125,0.7625,0.759375,,False,,False
5,concept,concept__block_05__Satellites,Satellites,4096.0,40,20,0.525,0.75,0.74375,,False,,False
5,concept,concept__block_05__Satellites,Satellites,8192.0,40,20,0.575,0.725,0.728125,,False,,False
5,concept,concept__block_05__recursion,recursion,0.0625,40,20,0.5,0.4875,-0.00625,,False,,False
5,concept,concept__block_05__recursion,recursion,0.125,40,20,0.5,0.5,0.003125,,False,,False
5,concept,concept__block_05__recursion,recursion,0.25,40,20,0.5,0.475,-0.003125,,False,,False
5,concept,concept__block_05__recursion,recursion,0.5,40,20,0.5,0.4375,-0.0125,,False,,False
5,concept,concept__block_05__recursion,recursion,1.0,40,20,0.5,0.5,-0.003125,,False,,False
5,concept,concept__block_05__recursion,recursion,2.0,40,20,0.5,0.4,-0.028125,,False,,False
5,concept,concept__block_05__recursion,recursion,4.0,40,20,0.5,0.45,-0.028125,,False,,False
5,concept,concept__block_05__recursion,recursion,8.0,40,20,0.5,0.4375,-0.04375,,False,,False
5,concept,concept__block_05__recursion,recursion,16.0,40,20,0.5,0.425,-0.078125,,False,,False
5,concept,concept__block_05__recursion,recursion,32.0,40,20,0.5,0.4875,-0.0375,,False,,False
5,concept,concept__block_05__recursion,recursion,64.0,40,20,0.5,0.725,0.3625,,False,,False
5,concept,concept__block_05__recursion,recursion,128.0,40,20,0.5,0.7625,0.475,,False,,False
5,concept,concept__block_05__recursion,recursion,256.0,40,20,0.5,0.8125,0.621875,,False,,False
5,concept,concept__block_05__recursion,recursion,512.0,40,20,0.5,0.8125,0.6625,,False,,False
5,concept,concept__block_05__recursion,recursion,1024.0,40,20,0.5,0.7875,0.653125,,False,,False
5,concept,concept__block_05__recursion,recursion,2048.0,40,20,0.5,0.8125,0.725,,False,,False
5,concept,concept__block_05__recursion,recursion,4096.0,40,20,0.5,0.8375,0.7375,,False,,False
5,concept,concept__block_05__recursion,recursion,8192.0,40,20,0.5,0.8375,0.7625,,False,,False
5,concept,concept__block_05__shutdown,shutdown,0.0625,40,20,0.5,0.4875,0.003125,,False,,False
5,concept,concept__block_05__shutdown,shutdown,0.125,40,20,0.5,0.475,-0.00625,,False,,False
5,concept,concept__block_05__shutdown,shutdown,0.25,40,20,0.5,0.5,-0.003125,,False,,False
5,concept,concept__block_05__shutdown,shutdown,0.5,40,20,0.5,0.4375,-0.009375,,False,,False
5,concept,concept__block_05__shutdown,shutdown,1.0,40,20,0.5,0.475,-0.00625,,False,,False
5,concept,concept__block_05__shutdown,shutdown,2.0,40,20,0.5,0.45,-0.01875,,False,,False
5,concept,concept__block_05__shutdown,shutdown,4.0,40,20,0.5,0.4,-0.034375,,False,,False
5,concept,concept__block_05__shutdown,shutdown,8.0,40,20,0.5,0.4375,-0.0375,,False,,False
5,concept,concept__block_05__shutdown,shutdown,16.0,40,20,0.5,0.425,-0.0875,,False,,False
5,concept,concept__block_05__shutdown,shutdown,32.0,40,20,0.5,0.45,-0.10625,,False,,False
5,concept,concept__block_05__shutdown,shutdown,64.0,40,20,0.5,0.6125,0.15625,,False,,False
5,concept,concept__block_05__shutdown,shutdown,128.0,40,20,0.5,0.7375,0.434375,,False,,False
5,concept,concept__block_05__shutdown,shutdown,256.0,40,20,0.5,0.825,0.61875,,False,,False
5,concept,concept__block_05__shutdown,shutdown,512.0,40,20,0.5,0.825,0.728125,,False,,False
5,concept,concept__block_05__shutdown,shutdown,1024.0,40,20,0.5,0.825,0.771875,,False,,False
5,concept,concept__block_05__shutdown,shutdown,2048.0,40,20,0.5,0.9,0.846875,,False,,False
5,concept,concept__block_05__shutdown,shutdown,4096.0,40,20,0.5,0.9,0.8625,,False,,False
5,concept,concept__block_05__shutdown,shutdown,8192.0,40,20,0.5,0.9125,0.8625,,False,,False
5,dropout,dropout_realization_00,dropout_realization_00,0.0625,40,20,0.5,0.5,0.0,,False,,False
5,dropout,dropout_realization_00,dropout_realization_00,0.125,40,20,0.5,0.5,0.0,,False,,False
5,dropout,dropout_realization_00,dropout_realization_00,0.25,40,20,0.5,0.525,0.003125,,False,,False
5,dropout,dropout_realization_00,dropout_realization_00,0.5,40,20,0.5,0.4875,-0.003125,,False,,False
5,dropout,dropout_realization_00,dropout_realization_00,1.0,40,20,0.5,0.525,0.009375,,False,,False
5,dropout,dropout_realization_00,dropout_realization_00,2.0,40,20,0.5,0.525,0.0125,,False,,False
5,dropout,dropout_realization_00,dropout_realization_00,4.0,40,20,0.5,0.5625,0.01875,,False,,False
5,dropout,dropout_realization_00,dropout_realization_00,8.0,40,20,0.5,0.55,0.021875,,False,,False
5,dropout,dropout_realization_00,dropout_realization_00,16.0,40,20,0.5,0.4875,-0.003125,,False,,False
5,dropout,dropout_realization_00,dropout_realization_00,32.0,40,20,0.5,0.625,0.059375,,False,,False
5,dropout,dropout_realization_00,dropout_realization_00,64.0,40,20,0.5,0.6625,0.265625,,False,,False
5,dropout,dropout_realization_00,dropout_realization_00,128.0,40,20,0.5,0.7875,0.490625,,False,,False
5,dropout,dropout_realization_00,dropout_realization_00,256.0,40,20,0.5,0.8125,0.559375,,False,,False
5,dropout,dropout_realization_00,dropout_realization_00,512.0,40,20,0.5125,0.7125,0.5375,,False,,False
5,dropout,dropout_realization_00,dropout_realization_00,1024.0,40,20,0.5,0.725,0.4875,,False,,False
5,dropout,dropout_realization_00,dropout_realization_00,2048.0,40,20,0.5375,0.6625,0.3609375,,False,,False
5,dropout,dropout_realization_00,dropout_realization_00,4096.0,40,20,0.5875,0.55,0.446875,,False,,False
5,dropout,dropout_realization_00,dropout_realization_00,8192.0,40,20,0.525,0.75,0.58125,,False,,False
5,dropout,dropout_realization_01,dropout_realization_01,0.0625,40,20,0.5,0.5,0.0,,False,,False
5,dropout,dropout_realization_01,dropout_realization_01,0.125,40,20,0.5,0.5125,0.003125,,False,,False
5,dropout,dropout_realization_01,dropout_realization_01,0.25,40,20,0.5,0.4625,-0.009375,,False,,False
5,dropout,dropout_realization_01,dropout_realization_01,0.5,40,20,0.5,0.4625,-0.0125,,False,,False
5,dropout,dropout_realization_01,dropout_realization_01,1.0,40,20,0.5,0.4375,-0.015625,,False,,False
5,dropout,dropout_realization_01,dropout_realization_01,2.0,40,20,0.5,0.4875,-0.003125,,False,,False
5,dropout,dropout_realization_01,dropout_realization_01,4.0,40,20,0.5,0.4875,0.00625,,False,,False
5,dropout,dropout_realization_01,dropout_realization_01,8.0,40,20,0.5,0.5625,0.015625,,False,,False
5,dropout,dropout_realization_01,dropout_realization_01,16.0,40,20,0.5,0.5,0.00625,,False,,False
5,dropout,dropout_realization_01,dropout_realization_01,32.0,40,20,0.5,0.5375,0.034375,,False,,False
5,dropout,dropout_realization_01,dropout_realization_01,64.0,40,20,0.5,0.7875,0.228125,,False,,False
5,dropout,dropout_realization_01,dropout_realization_01,128.0,40,20,0.525,0.8125,0.5625,,False,,False
5,dropout,dropout_realization_01,dropout_realization_01,256.0,40,20,0.525,0.7875,0.61875,,False,,False
5,dropout,dropout_realization_01,dropout_realization_01,512.0,40,20,0.5,0.675,0.51875,,False,,False
5,dropout,dropout_realization_01,dropout_realization_01,1024.0,40,20,0.5125,0.725,0.6125,,False,,False
5,dropout,dropout_realization_01,dropout_realization_01,2048.0,40,20,0.6625,0.6375,0.4453125,,False,,False
5,dropout,dropout_realization_01,dropout_realization_01,4096.0,40,20,0.5625,0.65,0.5125,,False,,False
5,dropout,dropout_realization_01,dropout_realization_01,8192.0,40,20,0.575,0.6875,0.653125,,False,,False
5,noise,noise_realization_00,noise_realization_00,0.0625,40,20,0.5,0.4625,-0.009375,,False,,False
5,noise,noise_realization_00,noise_realization_00,0.125,40,20,0.5,0.5625,0.0125,,False,,False
5,noise,noise_realization_00,noise_realization_00,0.25,40,20,0.5,0.525,0.003125,,False,,False
5,noise,noise_realization_00,noise_realization_00,0.5,40,20,0.5,0.6,0.03125,,False,,False
5,noise,noise_realization_00,noise_realization_00,1.0,40,20,0.5,0.5,0.003125,,False,,False
5,noise,noise_realization_00,noise_realization_00,2.0,40,20,0.5,0.475,-0.00625,,False,,False
5,noise,noise_realization_00,noise_realization_00,4.0,40,20,0.5,0.5375,0.00625,,False,,False
5,noise,noise_realization_00,noise_realization_00,8.0,40,20,0.5,0.5375,0.009375,,False,,False
5,noise,noise_realization_00,noise_realization_00,16.0,40,20,0.5,0.55,0.028125,,False,,False
5,noise,noise_realization_00,noise_realization_00,32.0,40,20,0.5,0.575,-0.003125,,False,,False
5,noise,noise_realization_00,noise_realization_00,64.0,40,20,0.5,0.6625,0.184375,,False,,False
5,noise,noise_realization_00,noise_realization_00,128.0,40,20,0.5,0.625,0.36875,,False,,False
5,noise,noise_realization_00,noise_realization_00,256.0,40,20,0.5375,0.725,0.628125,,False,,False
5,noise,noise_realization_00,noise_realization_00,512.0,40,20,0.4875,0.75,0.521875,,False,,False
5,noise,noise_realization_00,noise_realization_00,1024.0,40,20,0.55,0.7125,0.6375,,False,,False
5,noise,noise_realization_00,noise_realization_00,2048.0,40,20,0.5875,0.625,0.484375,,False,,False
5,noise,noise_realization_00,noise_realization_00,4096.0,40,20,0.575,0.7125,0.659375,,False,,False
5,noise,noise_realization_00,noise_realization_00,8192.0,40,20,0.55,0.65,0.528125,,False,,False
5,noise,noise_realization_01,noise_realization_01,0.0625,40,20,0.5,0.5375,0.00625,,False,,False
5,noise,noise_realization_01,noise_realization_01,0.125,40,20,0.5,0.4875,-0.00625,,False,,False
5,noise,noise_realization_01,noise_realization_01,0.25,40,20,0.5,0.5,0.0,,False,,False
5,noise,noise_realization_01,noise_realization_01,0.5,40,20,0.5,0.425,-0.01875,,False,,False
5,noise,noise_realization_01,noise_realization_01,1.0,40,20,0.5,0.45,-0.015625,,False,,False
5,noise,noise_realization_01,noise_realization_01,2.0,40,20,0.5,0.475,-0.009375,,False,,False
5,noise,noise_realization_01,noise_realization_01,4.0,40,20,0.5,0.5125,0.003125,,False,,False
5,noise,noise_realization_01,noise_realization_01,8.0,40,20,0.5,0.5125,0.009375,,False,,False
5,noise,noise_realization_01,noise_realization_01,16.0,40,20,0.5,0.4625,-0.0125,,False,,False
5,noise,noise_realization_01,noise_realization_01,32.0,40,20,0.5,0.5375,0.01875,,False,,False
5,noise,noise_realization_01,noise_realization_01,64.0,40,20,0.5,0.725,0.175,,False,,False
5,noise,noise_realization_01,noise_realization_01,128.0,40,20,0.5,0.75,0.475,,False,,False
5,noise,noise_realization_01,noise_realization_01,256.0,40,20,0.5375,0.75,0.603125,,False,,False
5,noise,noise_realization_01,noise_realization_01,512.0,40,20,0.5,0.7625,0.628125,,False,,False
5,noise,noise_realization_01,noise_realization_01,1024.0,40,20,0.575,0.75,0.640625,,False,,False
5,noise,noise_realization_01,noise_realization_01,2048.0,40,20,0.6,0.675,0.478125,,False,,False
5,noise,noise_realization_01,noise_realization_01,4096.0,40,20,0.6625,0.5875,0.534375,,False,,False
5,noise,noise_realization_01,noise_realization_01,8192.0,40,20,0.5375,0.6625,0.50625,,False,,False
5,random,fixed_random__block_05__0000,0000,0.0625,40,20,0.5,0.525,0.00625,,False,,False
5,random,fixed_random__block_05__0000,0000,0.125,40,20,0.5,0.5125,0.003125,,False,,False
5,random,fixed_random__block_05__0000,0000,0.25,40,20,0.5,0.4875,-0.009375,,False,,False
5,random,fixed_random__block_05__0000,0000,0.5,40,20,0.5,0.525,0.003125,,False,,False
5,random,fixed_random__block_05__0000,0000,1.0,40,20,0.5,0.5375,0.015625,,False,,False
5,random,fixed_random__block_05__0000,0000,2.0,40,20,0.5,0.5,0.00625,,False,,False
5,random,fixed_random__block_05__0000,0000,4.0,40,20,0.5,0.45,-0.015625,,False,,False
5,random,fixed_random__block_05__0000,0000,8.0,40,20,0.5,0.4875,0.009375,,False,,False
5,random,fixed_random__block_05__0000,0000,16.0,40,20,0.5,0.475,0.009375,,False,,False
5,random,fixed_random__block_05__0000,0000,32.0,40,20,0.5,0.525,0.053125,,False,,False
5,random,fixed_random__block_05__0000,0000,64.0,40,20,0.5,0.575,0.328125,,False,,False
5,random,fixed_random__block_05__0000,0000,128.0,40,20,0.5,0.65,0.28125,,False,,False
5,random,fixed_random__block_05__0000,0000,256.0,40,20,0.5,0.7125,0.58125,,False,,False
5,random,fixed_random__block_05__0000,0000,512.0,40,20,0.5,0.8125,0.834375,,False,,False
5,random,fixed_random__block_05__0000,0000,1024.0,40,20,0.5,0.85,1.1,,False,,False
5,random,fixed_random__block_05__0000,0000,2048.0,40,20,0.5125,0.8625,1.153125,,False,,False
5,random,fixed_random__block_05__0000,0000,4096.0,40,20,0.5125,0.875,1.2,,False,,False
5,random,fixed_random__block_05__0000,0000,8192.0,40,20,0.5,0.875,1.225,,False,,False
5,random,fixed_random__block_05__0001,0001,0.0625,40,20,0.5,0.5875,0.01875,,False,,False
5,random,fixed_random__block_05__0001,0001,0.125,40,20,0.5,0.525,0.003125,,False,,False
5,random,fixed_random__block_05__0001,0001,0.25,40,20,0.5,0.5125,0.0125,,False,,False
5,random,fixed_random__block_05__0001,0001,0.5,40,20,0.5,0.5,0.00625,,False,,False
5,random,fixed_random__block_05__0001,0001,1.0,40,20,0.5,0.55,0.00625,,False,,False
5,random,fixed_random__block_05__0001,0001,2.0,40,20,0.5,0.5125,0.003125,,False,,False
5,random,fixed_random__block_05__0001,0001,4.0,40,20,0.5,0.5125,0.003125,,False,,False
5,random,fixed_random__block_05__0001,0001,8.0,40,20,0.5,0.4875,-0.009375,,False,,False
5,random,fixed_random__block_05__0001,0001,16.0,40,20,0.5,0.5375,0.015625,,False,,False
5,random,fixed_random__block_05__0001,0001,32.0,40,20,0.5,0.6125,0.090625,,False,,False
5,random,fixed_random__block_05__0001,0001,64.0,40,20,0.5,0.8,0.33125,,False,,False
5,random,fixed_random__block_05__0001,0001,128.0,40,20,0.675,0.8375,0.809375,,False,,False
5,random,fixed_random__block_05__0001,0001,256.0,40,20,0.75,0.7,0.846875,,False,,False
5,random,fixed_random__block_05__0001,0001,512.0,40,20,0.6,0.5375,0.44375,,False,,False
5,random,fixed_random__block_05__0001,0001,1024.0,40,20,0.7875,0.5,0.359375,,False,,False
5,random,fixed_random__block_05__0001,0001,2048.0,40,20,0.7125,0.5,0.15625,,False,,False
5,random,fixed_random__block_05__0001,0001,4096.0,40,20,0.6375,0.5,0.09375,,False,,False
5,random,fixed_random__block_05__0001,0001,8192.0,40,20,0.6375,0.5,0.0546875,,False,,False
5,random,fixed_random__block_05__0002,0002,0.0625,40,20,0.5,0.5375,0.00625,2090.0539977986805,True,,False
5,random,fixed_random__block_05__0002,0002,0.125,40,20,0.5,0.55,0.003125,2090.0539977986805,True,,False
5,random,fixed_random__block_05__0002,0002,0.25,40,20,0.5,0.5125,0.003125,2090.0539977986805,True,,False
5,random,fixed_random__block_05__0002,0002,0.5,40,20,0.5,0.45,-0.015625,2090.0539977986805,True,,False
5,random,fixed_random__block_05__0002,0002,1.0,40,20,0.5,0.5125,0.003125,2090.0539977986805,True,,False
5,random,fixed_random__block_05__0002,0002,2.0,40,20,0.5,0.5125,0.009375,2090.0539977986805,True,,False
5,random,fixed_random__block_05__0002,0002,4.0,40,20,0.5,0.5375,0.021875,2090.0539977986805,True,,False
5,random,fixed_random__block_05__0002,0002,8.0,40,20,0.5,0.5,0.003125,2090.0539977986805,True,,False
5,random,fixed_random__block_05__0002,0002,16.0,40,20,0.5,0.6375,0.040625,2090.0539977986805,True,,False
5,random,fixed_random__block_05__0002,0002,32.0,40,20,0.5,0.6625,0.090625,2090.0539977986805,True,,False
5,random,fixed_random__block_05__0002,0002,64.0,40,20,0.5125,0.8125,0.24375,2090.0539977986805,True,,False
5,random,fixed_random__block_05__0002,0002,128.0,40,20,0.5,0.85,0.665625,2090.0539977986805,True,,False
5,random,fixed_random__block_05__0002,0002,256.0,40,20,0.5125,0.8875,0.8,2090.0539977986805,True,,False
5,random,fixed_random__block_05__0002,0002,512.0,40,20,0.5125,0.8125,0.828125,2090.0539977986805,True,,False
5,random,fixed_random__block_05__0002,0002,1024.0,40,20,0.525,0.8375,0.846875,2090.0539977986805,True,,False
5,random,fixed_random__block_05__0002,0002,2048.0,40,20,0.8375,0.55,0.628125,2090.0539977986805,True,,False
5,random,fixed_random__block_05__0002,0002,4096.0,40,20,0.8875,0.5375,0.6375,2090.0539977986805,True,,False
5,random,fixed_random__block_05__0002,0002,8192.0,40,20,0.8875,0.5375,0.625,2090.0539977986805,True,,False
6,concept,concept__block_06__Dust,Dust,0.0625,40,20,0.5,0.525,0.009375,,False,,False
6,concept,concept__block_06__Dust,Dust,0.125,40,20,0.5,0.525,0.015625,,False,,False
6,concept,concept__block_06__Dust,Dust,0.25,40,20,0.5,0.45,-0.009375,,False,,False
6,concept,concept__block_06__Dust,Dust,0.5,40,20,0.5,0.55,0.015625,,False,,False
6,concept,concept__block_06__Dust,Dust,1.0,40,20,0.5,0.5625,0.01875,,False,,False
6,concept,concept__block_06__Dust,Dust,2.0,40,20,0.5,0.6125,0.04375,,False,,False
6,concept,concept__block_06__Dust,Dust,4.0,40,20,0.5,0.675,0.084375,,False,,False
6,concept,concept__block_06__Dust,Dust,8.0,40,20,0.5,0.7,0.175,,False,,False
6,concept,concept__block_06__Dust,Dust,16.0,40,20,0.5,0.725,0.328125,,False,,False
6,concept,concept__block_06__Dust,Dust,32.0,40,20,0.5,0.675,0.246875,,False,,False
6,concept,concept__block_06__Dust,Dust,64.0,40,20,0.5,0.675,0.35,,False,,False
6,concept,concept__block_06__Dust,Dust,128.0,40,20,0.45,0.4875,-0.0375,,False,,False
6,concept,concept__block_06__Dust,Dust,256.0,40,20,0.5,0.4875,0.040625,,False,,False
6,concept,concept__block_06__Dust,Dust,512.0,40,20,0.5,0.5,0.0546875,,False,,False
6,concept,concept__block_06__Dust,Dust,1024.0,40,20,0.5,0.5,0.0484375,,False,,False
6,concept,concept__block_06__Dust,Dust,2048.0,40,20,0.5,0.5,0.0390625,,False,,False
6,concept,concept__block_06__Dust,Dust,4096.0,40,20,0.5,0.5125,0.0453125,,False,,False
6,concept,concept__block_06__Dust,Dust,8192.0,40,20,0.5,0.5125,0.04375,,False,,False
6,concept,concept__block_06__Satellites,Satellites,0.0625,40,20,0.5,0.525,0.003125,,False,,False
6,concept,concept__block_06__Satellites,Satellites,0.125,40,20,0.5,0.4375,-0.0125,,False,,False
6,concept,concept__block_06__Satellites,Satellites,0.25,40,20,0.5,0.425,-0.021875,,False,,False
6,concept,concept__block_06__Satellites,Satellites,0.5,40,20,0.5,0.4875,0.00625,,False,,False
6,concept,concept__block_06__Satellites,Satellites,1.0,40,20,0.5,0.4125,-0.028125,,False,,False
6,concept,concept__block_06__Satellites,Satellites,2.0,40,20,0.5,0.3,-0.071875,,False,,False
6,concept,concept__block_06__Satellites,Satellites,4.0,40,20,0.5,0.2375,-0.1125,,False,,False
6,concept,concept__block_06__Satellites,Satellites,8.0,40,20,0.5,0.275,-0.15625,,False,,False
6,concept,concept__block_06__Satellites,Satellites,16.0,40,20,0.5,0.2875,-0.14375,,False,,False
6,concept,concept__block_06__Satellites,Satellites,32.0,40,20,0.5,0.5,0.103125,,False,,False
6,concept,concept__block_06__Satellites,Satellites,64.0,40,20,0.4875,0.7625,0.521875,,False,,False
6,concept,concept__block_06__Satellites,Satellites,128.0,40,20,0.5,0.7,0.6375,,False,,False
6,concept,concept__block_06__Satellites,Satellites,256.0,40,20,0.5,0.85,0.75625,,False,,False
6,concept,concept__block_06__Satellites,Satellites,512.0,40,20,0.5,0.9375,0.909375,,False,,False
6,concept,concept__block_06__Satellites,Satellites,1024.0,40,20,0.5,0.9625,0.946875,,False,,False
6,concept,concept__block_06__Satellites,Satellites,2048.0,40,20,0.5,0.9875,0.959375,,False,,False
6,concept,concept__block_06__Satellites,Satellites,4096.0,40,20,0.5,0.9875,0.953125,,False,,False
6,concept,concept__block_06__Satellites,Satellites,8192.0,40,20,0.5,0.95,0.9375,,False,,False
6,concept,concept__block_06__recursion,recursion,0.0625,40,20,0.5,0.5625,0.01875,,False,1794.4160087180803,True
6,concept,concept__block_06__recursion,recursion,0.125,40,20,0.5,0.4125,-0.025,,False,1794.4160087180803,True
6,concept,concept__block_06__recursion,recursion,0.25,40,20,0.5,0.4875,-0.01875,,False,1794.4160087180803,True
6,concept,concept__block_06__recursion,recursion,0.5,40,20,0.5,0.525,0.0125,,False,1794.4160087180803,True
6,concept,concept__block_06__recursion,recursion,1.0,40,20,0.5,0.45,-0.009375,,False,1794.4160087180803,True
6,concept,concept__block_06__recursion,recursion,2.0,40,20,0.5,0.4125,-0.015625,,False,1794.4160087180803,True
6,concept,concept__block_06__recursion,recursion,4.0,40,20,0.5,0.4125,-0.05,,False,1794.4160087180803,True
6,concept,concept__block_06__recursion,recursion,8.0,40,20,0.5,0.4375,-0.053125,,False,1794.4160087180803,True
6,concept,concept__block_06__recursion,recursion,16.0,40,20,0.5,0.4625,-0.10625,,False,1794.4160087180803,True
6,concept,concept__block_06__recursion,recursion,32.0,40,20,0.5,0.5875,0.1,,False,1794.4160087180803,True
6,concept,concept__block_06__recursion,recursion,64.0,40,20,0.5,0.7,0.35,,False,1794.4160087180803,True
6,concept,concept__block_06__recursion,recursion,128.0,40,20,0.5,0.7,0.565625,,False,1794.4160087180803,True
6,concept,concept__block_06__recursion,recursion,256.0,40,20,0.5,0.7,0.5875,,False,1794.4160087180803,True
6,concept,concept__block_06__recursion,recursion,512.0,40,20,0.6125,0.675,0.61875,,False,1794.4160087180803,True
6,concept,concept__block_06__recursion,recursion,1024.0,40,20,0.5375,0.7,0.634375,,False,1794.4160087180803,True
6,concept,concept__block_06__recursion,recursion,2048.0,40,20,0.525,0.75,0.665625,,False,1794.4160087180803,True
6,concept,concept__block_06__recursion,recursion,4096.0,40,20,0.5125,0.8,0.684375,,False,1794.4160087180803,True
6,concept,concept__block_06__recursion,recursion,8192.0,40,20,0.5125,0.7875,0.671875,,False,1794.4160087180803,True
6,concept,concept__block_06__shutdown,shutdown,0.0625,40,20,0.5,0.575,0.01875,,False,,False
6,concept,concept__block_06__shutdown,shutdown,0.125,40,20,0.5,0.4875,-0.003125,,False,,False
6,concept,concept__block_06__shutdown,shutdown,0.25,40,20,0.5,0.4125,-0.021875,,False,,False
6,concept,concept__block_06__shutdown,shutdown,0.5,40,20,0.5,0.475,-0.0125,,False,,False
6,concept,concept__block_06__shutdown,shutdown,1.0,40,20,0.5,0.4625,-0.00625,,False,,False
6,concept,concept__block_06__shutdown,shutdown,2.0,40,20,0.5,0.475,-0.003125,,False,,False
6,concept,concept__block_06__shutdown,shutdown,4.0,40,20,0.5,0.4625,-0.009375,,False,,False
6,concept,concept__block_06__shutdown,shutdown,8.0,40,20,0.5,0.45,-0.021875,,False,,False
6,concept,concept__block_06__shutdown,shutdown,16.0,40,20,0.5125,0.45,-0.021875,,False,,False
6,concept,concept__block_06__shutdown,shutdown,32.0,40,20,0.5125,0.625,0.25,,False,,False
6,concept,concept__block_06__shutdown,shutdown,64.0,40,20,0.5,0.6625,0.2875,,False,,False
6,concept,concept__block_06__shutdown,shutdown,128.0,40,20,0.5,0.7,0.55625,,False,,False
6,concept,concept__block_06__shutdown,shutdown,256.0,40,20,0.5,0.775,0.671875,,False,,False
6,concept,concept__block_06__shutdown,shutdown,512.0,40,20,0.525,0.8,0.75625,,False,,False
6,concept,concept__block_06__shutdown,shutdown,1024.0,40,20,0.5125,0.875,0.828125,,False,,False
6,concept,concept__block_06__shutdown,shutdown,2048.0,40,20,0.5,0.9125,0.8625,,False,,False
6,concept,concept__block_06__shutdown,shutdown,4096.0,40,20,0.5125,0.9125,0.871875,,False,,False
6,concept,concept__block_06__shutdown,shutdown,8192.0,40,20,0.5,0.9,0.86875,,False,,False
6,dropout,dropout_realization_00,dropout_realization_00,0.0625,40,20,0.5,0.5,0.0,,False,,False
6,dropout,dropout_realization_00,dropout_realization_00,0.125,40,20,0.5,0.525,0.00625,,False,,False
6,dropout,dropout_realization_00,dropout_realization_00,0.25,40,20,0.5,0.475,-0.00625,,False,,False
6,dropout,dropout_realization_00,dropout_realization_00,0.5,40,20,0.5,0.4625,-0.003125,,False,,False
6,dropout,dropout_realization_00,dropout_realization_00,1.0,40,20,0.5,0.5125,0.0,,False,,False
6,dropout,dropout_realization_00,dropout_realization_00,2.0,40,20,0.5,0.45,-0.00625,,False,,False
6,dropout,dropout_realization_00,dropout_realization_00,4.0,40,20,0.5,0.5375,0.0125,,False,,False
6,dropout,dropout_realization_00,dropout_realization_00,8.0,40,20,0.5,0.5375,0.025,,False,,False
6,dropout,dropout_realization_00,dropout_realization_00,16.0,40,20,0.5,0.475,-0.021875,,False,,False
6,dropout,dropout_realization_00,dropout_realization_00,32.0,40,20,0.5,0.675,0.071875,,False,,False
6,dropout,dropout_realization_00,dropout_realization_00,64.0,40,20,0.5,0.75,0.221875,,False,,False
6,dropout,dropout_realization_00,dropout_realization_00,128.0,40,20,0.5,0.75,0.378125,,False,,False
6,dropout,dropout_realization_00,dropout_realization_00,256.0,40,20,0.5,0.675,0.5125,,False,,False
6,dropout,dropout_realization_00,dropout_realization_00,512.0,40,20,0.5375,0.65,0.55625,,False,,False
6,dropout,dropout_realization_00,dropout_realization_00,1024.0,40,20,0.625,0.55,0.484375,,False,,False
6,dropout,dropout_realization_00,dropout_realization_00,2048.0,40,20,0.6125,0.625,0.44375,,False,,False
6,dropout,dropout_realization_00,dropout_realization_00,4096.0,40,20,0.625,0.6,0.5875,,False,,False
6,dropout,dropout_realization_00,dropout_realization_00,8192.0,40,20,0.6625,0.625,0.5546875,,False,,False
6,dropout,dropout_realization_01,dropout_realization_01,0.0625,40,20,0.5,0.5,0.0,,False,,False
6,dropout,dropout_realization_01,dropout_realization_01,0.125,40,20,0.5,0.5,0.0,,False,,False
6,dropout,dropout_realization_01,dropout_realization_01,0.25,40,20,0.5,0.5375,0.009375,,False,,False
6,dropout,dropout_realization_01,dropout_realization_01,0.5,40,20,0.5,0.5125,0.00625,,False,,False
6,dropout,dropout_realization_01,dropout_realization_01,1.0,40,20,0.5,0.5375,0.015625,,False,,False
6,dropout,dropout_realization_01,dropout_realization_01,2.0,40,20,0.5,0.5125,0.003125,,False,,False
6,dropout,dropout_realization_01,dropout_realization_01,4.0,40,20,0.5,0.55,0.009375,,False,,False
6,dropout,dropout_realization_01,dropout_realization_01,8.0,40,20,0.5,0.5625,0.0125,,False,,False
6,dropout,dropout_realization_01,dropout_realization_01,16.0,40,20,0.5,0.45,-0.00625,,False,,False
6,dropout,dropout_realization_01,dropout_realization_01,32.0,40,20,0.5,0.525,0.046875,,False,,False
6,dropout,dropout_realization_01,dropout_realization_01,64.0,40,20,0.5,0.7125,0.221875,,False,,False
6,dropout,dropout_realization_01,dropout_realization_01,128.0,40,20,0.5,0.65,0.3875,,False,,False
6,dropout,dropout_realization_01,dropout_realization_01,256.0,40,20,0.5375,0.725,0.6,,False,,False
6,dropout,dropout_realization_01,dropout_realization_01,512.0,40,20,0.525,0.7,0.61875,,False,,False
6,dropout,dropout_realization_01,dropout_realization_01,1024.0,40,20,0.575,0.625,0.528125,,False,,False
6,dropout,dropout_realization_01,dropout_realization_01,2048.0,40,20,0.6375,0.575,0.3359375,,False,,False
6,dropout,dropout_realization_01,dropout_realization_01,4096.0,40,20,0.6,0.6625,0.48125,,False,,False
6,dropout,dropout_realization_01,dropout_realization_01,8192.0,40,20,0.6375,0.6125,0.4890625,,False,,False
6,noise,noise_realization_00,noise_realization_00,0.0625,40,20,0.5,0.4625,-0.00625,,False,,False
6,noise,noise_realization_00,noise_realization_00,0.125,40,20,0.5,0.475,-0.00625,,False,,False
6,noise,noise_realization_00,noise_realization_00,0.25,40,20,0.5,0.4875,-0.003125,,False,,False
6,noise,noise_realization_00,noise_realization_00,0.5,40,20,0.5,0.525,0.009375,,False,,False
6,noise,noise_realization_00,noise_realization_00,1.0,40,20,0.5,0.475,-0.015625,,False,,False
6,noise,noise_realization_00,noise_realization_00,2.0,40,20,0.5,0.475,-0.009375,,False,,False
6,noise,noise_realization_00,noise_realization_00,4.0,40,20,0.5,0.525,0.003125,,False,,False
6,noise,noise_realization_00,noise_realization_00,8.0,40,20,0.5,0.525,0.015625,,False,,False
6,noise,noise_realization_00,noise_realization_00,16.0,40,20,0.5,0.475,0.003125,,False,,False
6,noise,noise_realization_00,noise_realization_00,32.0,40,20,0.5,0.525,-0.0125,,False,,False
6,noise,noise_realization_00,noise_realization_00,64.0,40,20,0.5,0.6125,0.209375,,False,,False
6,noise,noise_realization_00,noise_realization_00,128.0,40,20,0.5,0.7,0.425,,False,,False
6,noise,noise_realization_00,noise_realization_00,256.0,40,20,0.5125,0.6375,0.46875,,False,,False
6,noise,noise_realization_00,noise_realization_00,512.0,40,20,0.525,0.7375,0.603125,,False,,False
6,noise,noise_realization_00,noise_realization_00,1024.0,40,20,0.55,0.5875,0.39375,,False,,False
6,noise,noise_realization_00,noise_realization_00,2048.0,40,20,0.6125,0.575,0.409375,,False,,False
6,noise,noise_realization_00,noise_realization_00,4096.0,40,20,0.625,0.55,0.43125,,False,,False
6,noise,noise_realization_00,noise_realization_00,8192.0,40,20,0.625,0.7125,0.55,,False,,False
6,noise,noise_realization_01,noise_realization_01,0.0625,40,20,0.5,0.4125,-0.021875,,False,,False
6,noise,noise_realization_01,noise_realization_01,0.125,40,20,0.5,0.475,-0.003125,,False,,False
6,noise,noise_realization_01,noise_realization_01,0.25,40,20,0.5,0.475,-0.0125,,False,,False
6,noise,noise_realization_01,noise_realization_01,0.5,40,20,0.5,0.525,0.0,,False,,False
6,noise,noise_realization_01,noise_realization_01,1.0,40,20,0.5,0.45,-0.015625,,False,,False
6,noise,noise_realization_01,noise_realization_01,2.0,40,20,0.5,0.425,-0.028125,,False,,False
6,noise,noise_realization_01,noise_realization_01,4.0,40,20,0.5,0.5625,0.009375,,False,,False
6,noise,noise_realization_01,noise_realization_01,8.0,40,20,0.5,0.4875,-0.009375,,False,,False
6,noise,noise_realization_01,noise_realization_01,16.0,40,20,0.5,0.5375,0.01875,,False,,False
6,noise,noise_realization_01,noise_realization_01,32.0,40,20,0.5,0.5875,0.075,,False,,False
6,noise,noise_realization_01,noise_realization_01,64.0,40,20,0.5,0.6625,0.29375,,False,,False
6,noise,noise_realization_01,noise_realization_01,128.0,40,20,0.525,0.625,0.290625,,False,,False
6,noise,noise_realization_01,noise_realization_01,256.0,40,20,0.525,0.65,0.509375,,False,,False
6,noise,noise_realization_01,noise_realization_01,512.0,40,20,0.5,0.6625,0.509375,,False,,False
6,noise,noise_realization_01,noise_realization_01,1024.0,40,20,0.625,0.675,0.565625,,False,,False
6,noise,noise_realization_01,noise_realization_01,2048.0,40,20,0.6625,0.5625,0.375,,False,,False
6,noise,noise_realization_01,noise_realization_01,4096.0,40,20,0.5875,0.6375,0.475,,False,,False
6,noise,noise_realization_01,noise_realization_01,8192.0,40,20,0.5,0.65,0.3375,,False,,False
6,random,fixed_random__block_06__0000,0000,0.0625,40,20,0.5,0.55,0.009375,,False,,False
6,random,fixed_random__block_06__0000,0000,0.125,40,20,0.5,0.5625,0.01875,,False,,False
6,random,fixed_random__block_06__0000,0000,0.25,40,20,0.5,0.5625,0.015625,,False,,False
6,random,fixed_random__block_06__0000,0000,0.5,40,20,0.5,0.4875,0.0,,False,,False
6,random,fixed_random__block_06__0000,0000,1.0,40,20,0.5,0.4625,-0.0125,,False,,False
6,random,fixed_random__block_06__0000,0000,2.0,40,20,0.5,0.5125,0.003125,,False,,False
6,random,fixed_random__block_06__0000,0000,4.0,40,20,0.5,0.475,-0.009375,,False,,False
6,random,fixed_random__block_06__0000,0000,8.0,40,20,0.5,0.475,-0.015625,,False,,False
6,random,fixed_random__block_06__0000,0000,16.0,40,20,0.5,0.5375,-0.003125,,False,,False
6,random,fixed_random__block_06__0000,0000,32.0,40,20,0.5,0.6375,0.071875,,False,,False
6,random,fixed_random__block_06__0000,0000,64.0,40,20,0.5,0.7,0.26875,,False,,False
6,random,fixed_random__block_06__0000,0000,128.0,40,20,0.65,0.7875,0.93125,,False,,False
6,random,fixed_random__block_06__0000,0000,256.0,40,20,0.5,0.9625,0.8375,,False,,False
6,random,fixed_random__block_06__0000,0000,512.0,40,20,0.5,0.825,0.7375,,False,,False
6,random,fixed_random__block_06__0000,0000,1024.0,40,20,0.5,0.7125,0.71875,,False,,False
6,random,fixed_random__block_06__0000,0000,2048.0,40,20,0.5,0.6,0.525,,False,,False
6,random,fixed_random__block_06__0000,0000,4096.0,40,20,0.5,0.5875,0.48125,,False,,False
6,random,fixed_random__block_06__0000,0000,8192.0,40,20,0.5,0.5875,0.478125,,False,,False
6,random,fixed_random__block_06__0001,0001,0.0625,40,20,0.5,0.5625,0.0125,3824.3386533957664,True,,False
6,random,fixed_random__block_06__0001,0001,0.125,40,20,0.5,0.5125,0.0,3824.3386533957664,True,,False
6,random,fixed_random__block_06__0001,0001,0.25,40,20,0.5,0.5375,0.01875,3824.3386533957664,True,,False
6,random,fixed_random__block_06__0001,0001,0.5,40,20,0.5,0.5125,0.00625,3824.3386533957664,True,,False
6,random,fixed_random__block_06__0001,0001,1.0,40,20,0.5,0.475,-0.009375,3824.3386533957664,True,,False
6,random,fixed_random__block_06__0001,0001,2.0,40,20,0.5,0.5125,0.0,3824.3386533957664,True,,False
6,random,fixed_random__block_06__0001,0001,4.0,40,20,0.5,0.45,-0.01875,3824.3386533957664,True,,False
6,random,fixed_random__block_06__0001,0001,8.0,40,20,0.5,0.3875,-0.05,3824.3386533957664,True,,False
6,random,fixed_random__block_06__0001,0001,16.0,40,20,0.5,0.3125,-0.078125,3824.3386533957664,True,,False
6,random,fixed_random__block_06__0001,0001,32.0,40,20,0.5,0.3125,-0.115625,3824.3386533957664,True,,False
6,random,fixed_random__block_06__0001,0001,64.0,40,20,0.5,0.325,-0.1125,3824.3386533957664,True,,False
6,random,fixed_random__block_06__0001,0001,128.0,40,20,0.5,0.55,0.059375,3824.3386533957664,True,,False
6,random,fixed_random__block_06__0001,0001,256.0,40,20,0.5,0.7,0.440625,3824.3386533957664,True,,False
6,random,fixed_random__block_06__0001,0001,512.0,40,20,0.5,0.8125,0.69375,3824.3386533957664,True,,False
6,random,fixed_random__block_06__0001,0001,1024.0,40,20,0.5125,0.5875,0.46875,3824.3386533957664,True,,False
6,random,fixed_random__block_06__0001,0001,2048.0,40,20,0.75,0.525,0.40625,3824.3386533957664,True,,False
6,random,fixed_random__block_06__0001,0001,4096.0,40,20,0.8375,0.5125,0.43125,3824.3386533957664,True,,False
6,random,fixed_random__block_06__0001,0001,8192.0,40,20,0.775,0.5125,0.396875,3824.3386533957664,True,,False
6,random,fixed_random__block_06__0002,0002,0.0625,40,20,0.5,0.4875,-0.009375,,False,,False
6,random,fixed_random__block_06__0002,0002,0.125,40,20,0.5,0.5125,0.003125,,False,,False
6,random,fixed_random__block_06__0002,0002,0.25,40,20,0.5,0.5375,0.0,,False,,False
6,random,fixed_random__block_06__0002,0002,0.5,40,20,0.5,0.4625,-0.00625,,False,,False
6,random,fixed_random__block_06__0002,0002,1.0,40,20,0.5,0.5875,0.01875,,False,,False
6,random,fixed_random__block_06__0002,0002,2.0,40,20,0.5,0.4875,-0.0125,,False,,False
6,random,fixed_random__block_06__0002,0002,4.0,40,20,0.5,0.4875,-0.00625,,False,,False
6,random,fixed_random__block_06__0002,0002,8.0,40,20,0.5,0.45,0.0,,False,,False
6,random,fixed_random__block_06__0002,0002,16.0,40,20,0.5,0.525,0.034375,,False,,False
6,random,fixed_random__block_06__0002,0002,32.0,40,20,0.5,0.5625,0.084375,,False,,False
6,random,fixed_random__block_06__0002,0002,64.0,40,20,0.5,0.75,0.603125,,False,,False
6,random,fixed_random__block_06__0002,0002,128.0,40,20,0.675,0.8625,0.959375,,False,,False
6,random,fixed_random__block_06__0002,0002,256.0,40,20,0.5,0.65,0.50625,,False,,False
6,random,fixed_random__block_06__0002,0002,512.0,40,20,0.5,0.6625,0.54375,,False,,False
6,random,fixed_random__block_06__0002,0002,1024.0,40,20,0.5375,0.6125,0.390625,,False,,False
6,random,fixed_random__block_06__0002,0002,2048.0,40,20,0.5125,0.5625,0.315625,,False,,False
6,random,fixed_random__block_06__0002,0002,4096.0,40,20,0.5875,0.525,0.3125,,False,,False
6,random,fixed_random__block_06__0002,0002,8192.0,40,20,0.6,0.5,0.275,,False,,False
7,concept,concept__block_07__Dust,Dust,0.0625,40,20,0.5,0.4875,0.0,,False,,False
7,concept,concept__block_07__Dust,Dust,0.125,40,20,0.5,0.4875,-0.0125,,False,,False
7,concept,concept__block_07__Dust,Dust,0.25,40,20,0.5,0.4875,-0.003125,,False,,False
7,concept,concept__block_07__Dust,Dust,0.5,40,20,0.5,0.525,0.003125,,False,,False
7,concept,concept__block_07__Dust,Dust,1.0,40,20,0.5,0.5125,0.0,,False,,False
7,concept,concept__block_07__Dust,Dust,2.0,40,20,0.5,0.6125,0.0375,,False,,False
7,concept,concept__block_07__Dust,Dust,4.0,40,20,0.5,0.675,0.06875,,False,,False
7,concept,concept__block_07__Dust,Dust,8.0,40,20,0.5,0.775,0.175,,False,,False
7,concept,concept__block_07__Dust,Dust,16.0,40,20,0.5,0.7875,0.3125,,False,,False
7,concept,concept__block_07__Dust,Dust,32.0,40,20,0.5,0.8375,0.490625,,False,,False
7,concept,concept__block_07__Dust,Dust,64.0,40,20,0.5,0.4375,-0.190625,,False,,False
7,concept,concept__block_07__Dust,Dust,128.0,40,20,0.5,0.45,-0.3,,False,,False
7,concept,concept__block_07__Dust,Dust,256.0,40,20,0.5,0.4625,-0.1828125,,False,,False
7,concept,concept__block_07__Dust,Dust,512.0,40,20,0.5,0.4625,-0.1734375,,False,,False
7,concept,concept__block_07__Dust,Dust,1024.0,40,20,0.5,0.425,-0.1890625,,False,,False
7,concept,concept__block_07__Dust,Dust,2048.0,40,20,0.5,0.45,-0.190625,,False,,False
7,concept,concept__block_07__Dust,Dust,4096.0,40,20,0.5,0.45,-0.20625,,False,,False
7,concept,concept__block_07__Dust,Dust,8192.0,40,20,0.5,0.4375,-0.203125,,False,,False
7,concept,concept__block_07__Satellites,Satellites,0.0625,40,20,0.5,0.475,-0.003125,,False,224.94336943370286,True
7,concept,concept__block_07__Satellites,Satellites,0.125,40,20,0.5,0.45,-0.0125,,False,224.94336943370286,True
7,concept,concept__block_07__Satellites,Satellites,0.25,40,20,0.5,0.5125,0.0,,False,224.94336943370286,True
7,concept,concept__block_07__Satellites,Satellites,0.5,40,20,0.5,0.375,-0.03125,,False,224.94336943370286,True
7,concept,concept__block_07__Satellites,Satellites,1.0,40,20,0.5,0.4125,-0.021875,,False,224.94336943370286,True
7,concept,concept__block_07__Satellites,Satellites,2.0,40,20,0.5,0.35,-0.05,,False,224.94336943370286,True
7,concept,concept__block_07__Satellites,Satellites,4.0,40,20,0.5,0.2875,-0.075,,False,224.94336943370286,True
7,concept,concept__block_07__Satellites,Satellites,8.0,40,20,0.5,0.2625,-0.1,,False,224.94336943370286,True
7,concept,concept__block_07__Satellites,Satellites,16.0,40,20,0.5,0.3375,-0.05625,,False,224.94336943370286,True
7,concept,concept__block_07__Satellites,Satellites,32.0,40,20,0.5,0.5625,0.090625,,False,224.94336943370286,True
7,concept,concept__block_07__Satellites,Satellites,64.0,40,20,0.5,0.775,0.615625,,False,224.94336943370286,True
7,concept,concept__block_07__Satellites,Satellites,128.0,40,20,0.5,0.7,0.678125,,False,224.94336943370286,True
7,concept,concept__block_07__Satellites,Satellites,256.0,40,20,0.5,0.7875,0.78125,,False,224.94336943370286,True
7,concept,concept__block_07__Satellites,Satellites,512.0,40,20,0.5,0.9375,0.925,,False,224.94336943370286,True
7,concept,concept__block_07__Satellites,Satellites,1024.0,40,20,0.5,0.9375,1.0375,,False,224.94336943370286,True
7,concept,concept__block_07__Satellites,Satellites,2048.0,40,20,0.5,0.925,1.065625,,False,224.94336943370286,True
7,concept,concept__block_07__Satellites,Satellites,4096.0,40,20,0.5,0.9,1.10625,,False,224.94336943370286,True
7,concept,concept__block_07__Satellites,Satellites,8192.0,40,20,0.5,0.9,1.10625,,False,224.94336943370286,True
7,concept,concept__block_07__recursion,recursion,0.0625,40,20,0.5,0.5125,0.003125,,False,1283.0124881543059,True
7,concept,concept__block_07__recursion,recursion,0.125,40,20,0.5,0.4125,-0.021875,,False,1283.0124881543059,True
7,concept,concept__block_07__recursion,recursion,0.25,40,20,0.5,0.5125,0.003125,,False,1283.0124881543059,True
7,concept,concept__block_07__recursion,recursion,0.5,40,20,0.5,0.4625,-0.00625,,False,1283.0124881543059,True
7,concept,concept__block_07__recursion,recursion,1.0,40,20,0.5,0.475,-0.00625,,False,1283.0124881543059,True
7,concept,concept__block_07__recursion,recursion,2.0,40,20,0.5,0.5,-0.009375,,False,1283.0124881543059,True
7,concept,concept__block_07__recursion,recursion,4.0,40,20,0.5,0.4375,-0.021875,,False,1283.0124881543059,True
7,concept,concept__block_07__recursion,recursion,8.0,40,20,0.5,0.45,-0.03125,,False,1283.0124881543059,True
7,concept,concept__block_07__recursion,recursion,16.0,40,20,0.5,0.475,0.003125,,False,1283.0124881543059,True
7,concept,concept__block_07__recursion,recursion,32.0,40,20,0.5,0.6625,0.165625,,False,1283.0124881543059,True
7,concept,concept__block_07__recursion,recursion,64.0,40,20,0.5,0.7125,0.31875,,False,1283.0124881543059,True
7,concept,concept__block_07__recursion,recursion,128.0,40,20,0.5,0.7625,0.61875,,False,1283.0124881543059,True
7,concept,concept__block_07__recursion,recursion,256.0,40,20,0.5125,0.775,0.65625,,False,1283.0124881543059,True
7,concept,concept__block_07__recursion,recursion,512.0,40,20,0.6125,0.65,0.646875,,False,1283.0124881543059,True
7,concept,concept__block_07__recursion,recursion,1024.0,40,20,0.5625,0.725,0.66875,,False,1283.0124881543059,True
7,concept,concept__block_07__recursion,recursion,2048.0,40,20,0.5125,0.775,0.696875,,False,1283.0124881543059,True
7,concept,concept__block_07__recursion,recursion,4096.0,40,20,0.5125,0.7875,0.734375,,False,1283.0124881543059,True
7,concept,concept__block_07__recursion,recursion,8192.0,40,20,0.5,0.8,0.71875,,False,1283.0124881543059,True
7,concept,concept__block_07__shutdown,shutdown,0.0625,40,20,0.5,0.4625,-0.009375,,False,,False
7,concept,concept__block_07__shutdown,shutdown,0.125,40,20,0.5,0.5125,0.003125,,False,,False
7,concept,concept__block_07__shutdown,shutdown,0.25,40,20,0.5,0.5,0.0,,False,,False
7,concept,concept__block_07__shutdown,shutdown,0.5,40,20,0.5,0.5125,0.009375,,False,,False
7,concept,concept__block_07__shutdown,shutdown,1.0,40,20,0.5,0.5125,0.009375,,False,,False
7,concept,concept__block_07__shutdown,shutdown,2.0,40,20,0.5,0.6,0.0375,,False,,False
7,concept,concept__block_07__shutdown,shutdown,4.0,40,20,0.5,0.5875,0.040625,,False,,False
7,concept,concept__block_07__shutdown,shutdown,8.0,40,20,0.5,0.7,0.11875,,False,,False
7,concept,concept__block_07__shutdown,shutdown,16.0,40,20,0.5,0.775,0.30625,,False,,False
7,concept,concept__block_07__shutdown,shutdown,32.0,40,20,0.5,0.725,0.35625,,False,,False
7,concept,concept__block_07__shutdown,shutdown,64.0,40,20,0.5,0.575,0.278125,,False,,False
7,concept,concept__block_07__shutdown,shutdown,128.0,40,20,0.5,0.725,0.584375,,False,,False
7,concept,concept__block_07__shutdown,shutdown,256.0,40,20,0.5,0.775,0.64375,,False,,False
7,concept,concept__block_07__shutdown,shutdown,512.0,40,20,0.5,0.8125,0.7375,,False,,False
7,concept,concept__block_07__shutdown,shutdown,1024.0,40,20,0.5375,0.85,0.803125,,False,,False
7,concept,concept__block_07__shutdown,shutdown,2048.0,40,20,0.5375,0.8375,0.834375,,False,,False
7,concept,concept__block_07__shutdown,shutdown,4096.0,40,20,0.5375,0.8625,0.853125,,False,,False
7,concept,concept__block_07__shutdown,shutdown,8192.0,40,20,0.5625,0.8375,0.871875,,False,,False
7,dropout,dropout_realization_00,dropout_realization_00,0.0625,40,20,0.5,0.5125,0.003125,,False,,False
7,dropout,dropout_realization_00,dropout_realization_00,0.125,40,20,0.5,0.5125,0.003125,,False,,False
7,dropout,dropout_realization_00,dropout_realization_00,0.25,40,20,0.5,0.4875,-0.003125,,False,,False
7,dropout,dropout_realization_00,dropout_realization_00,0.5,40,20,0.5,0.5,0.0,,False,,False
7,dropout,dropout_realization_00,dropout_realization_00,1.0,40,20,0.5,0.55,0.0125,,False,,False
7,dropout,dropout_realization_00,dropout_realization_00,2.0,40,20,0.5,0.4875,-0.003125,,False,,False
7,dropout,dropout_realization_00,dropout_realization_00,4.0,40,20,0.5,0.6,0.03125,,False,,False
7,dropout,dropout_realization_00,dropout_realization_00,8.0,40,20,0.5,0.6,0.0375,,False,,False
7,dropout,dropout_realization_00,dropout_realization_00,16.0,40,20,0.5,0.55,0.021875,,False,,False
7,dropout,dropout_realization_00,dropout_realization_00,32.0,40,20,0.5,0.675,0.065625,,False,,False
7,dropout,dropout_realization_00,dropout_realization_00,64.0,40,20,0.5,0.6125,0.1125,,False,,False
7,dropout,dropout_realization_00,dropout_realization_00,128.0,40,20,0.5,0.6625,0.2875,,False,,False
7,dropout,dropout_realization_00,dropout_realization_00,256.0,40,20,0.55,0.65,0.503125,,False,,False
7,dropout,dropout_realization_00,dropout_realization_00,512.0,40,20,0.525,0.7375,0.6875,,False,,False
7,dropout,dropout_realization_00,dropout_realization_00,1024.0,40,20,0.5375,0.525,0.396875,,False,,False
7,dropout,dropout_realization_00,dropout_realization_00,2048.0,40,20,0.6125,0.5625,0.378125,,False,,False
7,dropout,dropout_realization_00,dropout_realization_00,4096.0,40,20,0.625,0.5875,0.4875,,False,,False
7,dropout,dropout_realization_00,dropout_realization_00,8192.0,40,20,0.4625,0.7875,0.63359375,,False,,False
7,dropout,dropout_realization_01,dropout_realization_01,0.0625,40,20,0.5,0.5,0.0,,False,,False
7,dropout,dropout_realization_01,dropout_realization_01,0.125,40,20,0.5,0.4875,-0.003125,,False,,False
7,dropout,dropout_realization_01,dropout_realization_01,0.25,40,20,0.5,0.5625,0.025,,False,,False
7,dropout,dropout_realization_01,dropout_realization_01,0.5,40,20,0.5,0.475,-0.0125,,False,,False
7,dropout,dropout_realization_01,dropout_realization_01,1.0,40,20,0.5,0.45,-0.015625,,False,,False
7,dropout,dropout_realization_01,dropout_realization_01,2.0,40,20,0.5,0.5,0.003125,,False,,False
7,dropout,dropout_realization_01,dropout_realization_01,4.0,40,20,0.5,0.4875,0.0,,False,,False
7,dropout,dropout_realization_01,dropout_realization_01,8.0,40,20,0.5,0.5125,0.003125,,False,,False
7,dropout,dropout_realization_01,dropout_realization_01,16.0,40,20,0.5,0.5625,0.003125,,False,,False
7,dropout,dropout_realization_01,dropout_realization_01,32.0,40,20,0.5,0.4625,0.0125,,False,,False
7,dropout,dropout_realization_01,dropout_realization_01,64.0,40,20,0.5,0.625,0.103125,,False,,False
7,dropout,dropout_realization_01,dropout_realization_01,128.0,40,20,0.5,0.75,0.540625,,False,,False
7,dropout,dropout_realization_01,dropout_realization_01,256.0,40,20,0.4875,0.6625,0.590625,,False,,False
7,dropout,dropout_realization_01,dropout_realization_01,512.0,40,20,0.475,0.65,0.4625,,False,,False
7,dropout,dropout_realization_01,dropout_realization_01,1024.0,40,20,0.6375,0.6375,0.5828125,,False,,False
7,dropout,dropout_realization_01,dropout_realization_01,2048.0,40,20,0.5875,0.55,0.3796875,,False,,False
7,dropout,dropout_realization_01,dropout_realization_01,4096.0,40,20,0.5875,0.6,0.44296875,,False,,False
7,dropout,dropout_realization_01,dropout_realization_01,8192.0,40,20,0.525,0.775,0.7609375,,False,,False
7,noise,noise_realization_00,noise_realization_00,0.0625,40,20,0.5,0.475,-0.00625,,False,,False
7,noise,noise_realization_00,noise_realization_00,0.125,40,20,0.5,0.4875,0.0,,False,,False
7,noise,noise_realization_00,noise_realization_00,0.25,40,20,0.5,0.4875,-0.003125,,False,,False
7,noise,noise_realization_00,noise_realization_00,0.5,40,20,0.5,0.4625,-0.0125,,False,,False
7,noise,noise_realization_00,noise_realization_00,1.0,40,20,0.5,0.5125,0.003125,,False,,False
7,noise,noise_realization_00,noise_realization_00,2.0,40,20,0.5,0.4875,-0.003125,,False,,False
7,noise,noise_realization_00,noise_realization_00,4.0,40,20,0.5,0.5,-0.00625,,False,,False
7,noise,noise_realization_00,noise_realization_00,8.0,40,20,0.5,0.5,-0.00625,,False,,False
7,noise,noise_realization_00,noise_realization_00,16.0,40,20,0.5,0.575,0.034375,,False,,False
7,noise,noise_realization_00,noise_realization_00,32.0,40,20,0.5,0.5375,0.046875,,False,,False
7,noise,noise_realization_00,noise_realization_00,64.0,40,20,0.5,0.625,0.165625,,False,,False
7,noise,noise_realization_00,noise_realization_00,128.0,40,20,0.5,0.6875,0.290625,,False,,False
7,noise,noise_realization_00,noise_realization_00,256.0,40,20,0.5,0.6875,0.51875,,False,,False
7,noise,noise_realization_00,noise_realization_00,512.0,40,20,0.4875,0.6,0.503125,,False,,False
7,noise,noise_realization_00,noise_realization_00,1024.0,40,20,0.575,0.55,0.490625,,False,,False
7,noise,noise_realization_00,noise_realization_00,2048.0,40,20,0.5875,0.6,0.41875,,False,,False
7,noise,noise_realization_00,noise_realization_00,4096.0,40,20,0.5625,0.625,0.490625,,False,,False
7,noise,noise_realization_00,noise_realization_00,8192.0,40,20,0.55,0.575,0.35,,False,,False
7,noise,noise_realization_01,noise_realization_01,0.0625,40,20,0.5,0.475,-0.003125,,False,,False
7,noise,noise_realization_01,noise_realization_01,0.125,40,20,0.5,0.475,-0.00625,,False,,False
7,noise,noise_realization_01,noise_realization_01,0.25,40,20,0.5,0.5,-0.00625,,False,,False
7,noise,noise_realization_01,noise_realization_01,0.5,40,20,0.5,0.4875,-0.003125,,False,,False
7,noise,noise_realization_01,noise_realization_01,1.0,40,20,0.5,0.5375,0.0125,,False,,False
7,noise,noise_realization_01,noise_realization_01,2.0,40,20,0.5,0.5,-0.00625,,False,,False
7,noise,noise_realization_01,noise_realization_01,4.0,40,20,0.5,0.475,-0.009375,,False,,False
7,noise,noise_realization_01,noise_realization_01,8.0,40,20,0.5,0.5,0.0,,False,,False
7,noise,noise_realization_01,noise_realization_01,16.0,40,20,0.5,0.65,0.046875,,False,,False
7,noise,noise_realization_01,noise_realization_01,32.0,40,20,0.5,0.6375,0.0875,,False,,False
7,noise,noise_realization_01,noise_realization_01,64.0,40,20,0.5,0.6625,0.18125,,False,,False
7,noise,noise_realization_01,noise_realization_01,128.0,40,20,0.5,0.6,0.25625,,False,,False
7,noise,noise_realization_01,noise_realization_01,256.0,40,20,0.4875,0.6875,0.45625,,False,,False
7,noise,noise_realization_01,noise_realization_01,512.0,40,20,0.525,0.675,0.515625,,False,,False
7,noise,noise_realization_01,noise_realization_01,1024.0,40,20,0.6375,0.5625,0.434375,,False,,False
7,noise,noise_realization_01,noise_realization_01,2048.0,40,20,0.65,0.575,0.459375,,False,,False
7,noise,noise_realization_01,noise_realization_01,4096.0,40,20,0.55,0.5875,0.346875,,False,,False
7,noise,noise_realization_01,noise_realization_01,8192.0,40,20,0.55,0.7125,0.509375,,False,,False
7,random,fixed_random__block_07__0000,0000,0.0625,40,20,0.5,0.55,0.009375,,False,,False
7,random,fixed_random__block_07__0000,0000,0.125,40,20,0.5,0.4625,-0.009375,,False,,False
7,random,fixed_random__block_07__0000,0000,0.25,40,20,0.5,0.4625,-0.00625,,False,,False
7,random,fixed_random__block_07__0000,0000,0.5,40,20,0.5,0.5125,0.0,,False,,False
7,random,fixed_random__block_07__0000,0000,1.0,40,20,0.5,0.4375,-0.01875,,False,,False
7,random,fixed_random__block_07__0000,0000,2.0,40,20,0.5,0.3875,-0.04375,,False,,False
7,random,fixed_random__block_07__0000,0000,4.0,40,20,0.5,0.3,-0.065625,,False,,False
7,random,fixed_random__block_07__0000,0000,8.0,40,20,0.5,0.125,-0.146875,,False,,False
7,random,fixed_random__block_07__0000,0000,16.0,40,20,0.5,0.0625,-0.265625,,False,,False
7,random,fixed_random__block_07__0000,0000,32.0,40,20,0.5,0.05,-0.39375,,False,,False
7,random,fixed_random__block_07__0000,0000,64.0,40,20,0.5,0.2625,-0.215625,,False,,False
7,random,fixed_random__block_07__0000,0000,128.0,40,20,0.525,0.5625,0.36875,,False,,False
7,random,fixed_random__block_07__0000,0000,256.0,40,20,0.45,0.5625,0.203125,,False,,False
7,random,fixed_random__block_07__0000,0000,512.0,40,20,0.4,0.5875,0.19375,,False,,False
7,random,fixed_random__block_07__0000,0000,1024.0,40,20,0.725,0.5,0.0859375,,False,,False
7,random,fixed_random__block_07__0000,0000,2048.0,40,20,0.5875,0.5,0.0359375,,False,,False
7,random,fixed_random__block_07__0000,0000,4096.0,40,20,0.5,0.5,0.00625,,False,,False
7,random,fixed_random__block_07__0000,0000,8192.0,40,20,0.5,0.5,-0.025,,False,,False
7,random,fixed_random__block_07__0001,0001,0.0625,40,20,0.5,0.55,0.00625,,False,7020.452071537061,True
7,random,fixed_random__block_07__0001,0001,0.125,40,20,0.5,0.45,-0.00625,,False,7020.452071537061,True
7,random,fixed_random__block_07__0001,0001,0.25,40,20,0.5,0.4875,-0.00625,,False,7020.452071537061,True
7,random,fixed_random__block_07__0001,0001,0.5,40,20,0.5,0.4625,-0.009375,,False,7020.452071537061,True
7,random,fixed_random__block_07__0001,0001,1.0,40,20,0.5,0.4625,-0.00625,,False,7020.452071537061,True
7,random,fixed_random__block_07__0001,0001,2.0,40,20,0.5,0.4625,-0.0125,,False,7020.452071537061,True
7,random,fixed_random__block_07__0001,0001,4.0,40,20,0.5,0.4875,-0.003125,,False,7020.452071537061,True
7,random,fixed_random__block_07__0001,0001,8.0,40,20,0.5,0.3875,-0.0375,,False,7020.452071537061,True
7,random,fixed_random__block_07__0001,0001,16.0,40,20,0.5,0.475,-0.021875,,False,7020.452071537061,True
7,random,fixed_random__block_07__0001,0001,32.0,40,20,0.5,0.3625,-0.13125,,False,7020.452071537061,True
7,random,fixed_random__block_07__0001,0001,64.0,40,20,0.5,0.3375,-0.271875,,False,7020.452071537061,True
7,random,fixed_random__block_07__0001,0001,128.0,40,20,0.5,0.225,-0.35625,,False,7020.452071537061,True
7,random,fixed_random__block_07__0001,0001,256.0,40,20,0.5,0.675,0.353125,,False,7020.452071537061,True
7,random,fixed_random__block_07__0001,0001,512.0,40,20,0.5,0.75,0.465625,,False,7020.452071537061,True
7,random,fixed_random__block_07__0001,0001,1024.0,40,20,0.5,0.6875,0.38125,,False,7020.452071537061,True
7,random,fixed_random__block_07__0001,0001,2048.0,40,20,0.5,0.6875,0.36875,,False,7020.452071537061,True
7,random,fixed_random__block_07__0001,0001,4096.0,40,20,0.5,0.675,0.409375,,False,7020.452071537061,True
7,random,fixed_random__block_07__0001,0001,8192.0,40,20,0.5125,0.6875,0.428125,,False,7020.452071537061,True
7,random,fixed_random__block_07__0002,0002,0.0625,40,20,0.5,0.475,-0.00625,2125.1596045173337,True,,False
7,random,fixed_random__block_07__0002,0002,0.125,40,20,0.5,0.425,-0.015625,2125.1596045173337,True,,False
7,random,fixed_random__block_07__0002,0002,0.25,40,20,0.5,0.475,-0.00625,2125.1596045173337,True,,False
7,random,fixed_random__block_07__0002,0002,0.5,40,20,0.5,0.4625,-0.003125,2125.1596045173337,True,,False
7,random,fixed_random__block_07__0002,0002,1.0,40,20,0.5,0.4625,-0.0125,2125.1596045173337,True,,False
7,random,fixed_random__block_07__0002,0002,2.0,40,20,0.5,0.4625,-0.00625,2125.1596045173337,True,,False
7,random,fixed_random__block_07__0002,0002,4.0,40,20,0.5,0.4375,-0.01875,2125.1596045173337,True,,False
7,random,fixed_random__block_07__0002,0002,8.0,40,20,0.5,0.3875,-0.034375,2125.1596045173337,True,,False
7,random,fixed_random__block_07__0002,0002,16.0,40,20,0.5,0.325,-0.075,2125.1596045173337,True,,False
7,random,fixed_random__block_07__0002,0002,32.0,40,20,0.5,0.2625,-0.134375,2125.1596045173337,True,,False
7,random,fixed_random__block_07__0002,0002,64.0,40,20,0.5,0.225,-0.234375,2125.1596045173337,True,,False
7,random,fixed_random__block_07__0002,0002,128.0,40,20,0.475,0.4375,-0.2375,2125.1596045173337,True,,False
7,random,fixed_random__block_07__0002,0002,256.0,40,20,0.4875,0.475,0.18125,2125.1596045173337,True,,False
7,random,fixed_random__block_07__0002,0002,512.0,40,20,0.5125,0.4875,0.275,2125.1596045173337,True,,False
7,random,fixed_random__block_07__0002,0002,1024.0,40,20,0.8625,0.5,0.253125,2125.1596045173337,True,,False
7,random,fixed_random__block_07__0002,0002,2048.0,40,20,0.8375,0.5,0.340625,2125.1596045173337,True,,False
7,random,fixed_random__block_07__0002,0002,4096.0,40,20,0.8125,0.5,0.415625,2125.1596045173337,True,,False
7,random,fixed_random__block_07__0002,0002,8192.0,40,20,0.8125,0.5,0.434375,2125.1596045173337,True,,False
8,concept,concept__block_08__Dust,Dust,0.0625,40,20,0.5,0.525,0.00625,,False,,False
8,concept,concept__block_08__Dust,Dust,0.125,40,20,0.5,0.4875,-0.00625,,False,,False
8,concept,concept__block_08__Dust,Dust,0.25,40,20,0.5,0.4,-0.028125,,False,,False
8,concept,concept__block_08__Dust,Dust,0.5,40,20,0.5,0.5625,0.015625,,False,,False
8,concept,concept__block_08__Dust,Dust,1.0,40,20,0.5,0.55,0.01875,,False,,False
8,concept,concept__block_08__Dust,Dust,2.0,40,20,0.5,0.5625,0.021875,,False,,False
8,concept,concept__block_08__Dust,Dust,4.0,40,20,0.5,0.6375,0.0625,,False,,False
8,concept,concept__block_08__Dust,Dust,8.0,40,20,0.5,0.775,0.153125,,False,,False
8,concept,concept__block_08__Dust,Dust,16.0,40,20,0.5,0.8125,0.25,,False,,False
8,concept,concept__block_08__Dust,Dust,32.0,40,20,0.5,0.7625,0.5125,,False,,False
8,concept,concept__block_08__Dust,Dust,64.0,40,20,0.4375,0.55,-0.003125,,False,,False
8,concept,concept__block_08__Dust,Dust,128.0,40,20,0.5,0.4,-0.240625,,False,,False
8,concept,concept__block_08__Dust,Dust,256.0,40,20,0.5,0.5875,0.1390625,,False,,False
8,concept,concept__block_08__Dust,Dust,512.0,40,20,0.5,0.675,0.34375,,False,,False
8,concept,concept__block_08__Dust,Dust,1024.0,40,20,0.5,0.6875,0.45625,,False,,False
8,concept,concept__block_08__Dust,Dust,2048.0,40,20,0.5,0.6625,0.5046875,,False,,False
8,concept,concept__block_08__Dust,Dust,4096.0,40,20,0.5875,0.6875,0.54375,,False,,False
8,concept,concept__block_08__Dust,Dust,8192.0,40,20,0.6875,0.7,0.55625,,False,,False
8,concept,concept__block_08__Satellites,Satellites,0.0625,40,20,0.5,0.5,0.00625,,False,664.9321670786187,True
8,concept,concept__block_08__Satellites,Satellites,0.125,40,20,0.5,0.5375,0.00625,,False,664.9321670786187,True
8,concept,concept__block_08__Satellites,Satellites,0.25,40,20,0.5,0.5625,0.0125,,False,664.9321670786187,True
8,concept,concept__block_08__Satellites,Satellites,0.5,40,20,0.5,0.425,-0.021875,,False,664.9321670786187,True
8,concept,concept__block_08__Satellites,Satellites,1.0,40,20,0.5,0.45,-0.025,,False,664.9321670786187,True
8,concept,concept__block_08__Satellites,Satellites,2.0,40,20,0.5,0.325,-0.0625,,False,664.9321670786187,True
8,concept,concept__block_08__Satellites,Satellites,4.0,40,20,0.5,0.25,-0.134375,,False,664.9321670786187,True
8,concept,concept__block_08__Satellites,Satellites,8.0,40,20,0.5,0.1625,-0.328125,,False,664.9321670786187,True
8,concept,concept__block_08__Satellites,Satellites,16.0,40,20,0.475,0.1375,-0.653125,,False,664.9321670786187,True
8,concept,concept__block_08__Satellites,Satellites,32.0,40,20,0.475,0.475,-0.165625,,False,664.9321670786187,True
8,concept,concept__block_08__Satellites,Satellites,64.0,40,20,0.4875,0.7,0.478125,,False,664.9321670786187,True
8,concept,concept__block_08__Satellites,Satellites,128.0,40,20,0.475,0.7,0.596875,,False,664.9321670786187,True
8,concept,concept__block_08__Satellites,Satellites,256.0,40,20,0.5,0.725,0.696875,,False,664.9321670786187,True
8,concept,concept__block_08__Satellites,Satellites,512.0,40,20,0.5,0.8375,0.83125,,False,664.9321670786187,True
8,concept,concept__block_08__Satellites,Satellites,1024.0,40,20,0.5,0.85,0.93125,,False,664.9321670786187,True
8,concept,concept__block_08__Satellites,Satellites,2048.0,40,20,0.5,0.8375,0.95625,,False,664.9321670786187,True
8,concept,concept__block_08__Satellites,Satellites,4096.0,40,20,0.5,0.8375,0.98125,,False,664.9321670786187,True
8,concept,concept__block_08__Satellites,Satellites,8192.0,40,20,0.5,0.85,0.984375,,False,664.9321670786187,True
8,concept,concept__block_08__recursion,recursion,0.0625,40,20,0.5,0.475,0.0,,False,2676.932097780917,True
8,concept,concept__block_08__recursion,recursion,0.125,40,20,0.5,0.5,0.003125,,False,2676.932097780917,True
8,concept,concept__block_08__recursion,recursion,0.25,40,20,0.5,0.475,-0.009375,,False,2676.932097780917,True
8,concept,concept__block_08__recursion,recursion,0.5,40,20,0.5,0.45,-0.0125,,False,2676.932097780917,True
8,concept,concept__block_08__recursion,recursion,1.0,40,20,0.5,0.5125,0.0,,False,2676.932097780917,True
8,concept,concept__block_08__recursion,recursion,2.0,40,20,0.5,0.4625,-0.0125,,False,2676.932097780917,True
8,concept,concept__block_08__recursion,recursion,4.0,40,20,0.5,0.45,-0.01875,,False,2676.932097780917,True
8,concept,concept__block_08__recursion,recursion,8.0,40,20,0.5,0.4125,-0.04375,,False,2676.932097780917,True
8,concept,concept__block_08__recursion,recursion,16.0,40,20,0.5,0.3625,-0.121875,,False,2676.932097780917,True
8,concept,concept__block_08__recursion,recursion,32.0,40,20,0.475,0.3875,-0.221875,,False,2676.932097780917,True
8,concept,concept__block_08__recursion,recursion,64.0,40,20,0.5,0.675,0.31875,,False,2676.932097780917,True
8,concept,concept__block_08__recursion,recursion,128.0,40,20,0.5125,0.725,0.675,,False,2676.932097780917,True
8,concept,concept__block_08__recursion,recursion,256.0,40,20,0.525,0.75,0.734375,,False,2676.932097780917,True
8,concept,concept__block_08__recursion,recursion,512.0,40,20,0.6375,0.7,0.7125,,False,2676.932097780917,True
8,concept,concept__block_08__recursion,recursion,1024.0,40,20,0.6125,0.7125,0.7625,,False,2676.932097780917,True
8,concept,concept__block_08__recursion,recursion,2048.0,40,20,0.5625,0.7375,0.76875,,False,2676.932097780917,True
8,concept,concept__block_08__recursion,recursion,4096.0,40,20,0.575,0.75,0.80625,,False,2676.932097780917,True
8,concept,concept__block_08__recursion,recursion,8192.0,40,20,0.5625,0.7625,0.825,,False,2676.932097780917,True
8,concept,concept__block_08__shutdown,shutdown,0.0625,40,20,0.5,0.5375,0.015625,,False,,False
8,concept,concept__block_08__shutdown,shutdown,0.125,40,20,0.5,0.5375,0.00625,,False,,False
8,concept,concept__block_08__shutdown,shutdown,0.25,40,20,0.5,0.5875,0.01875,,False,,False
8,concept,concept__block_08__shutdown,shutdown,0.5,40,20,0.5,0.5125,0.00625,,False,,False
8,concept,concept__block_08__shutdown,shutdown,1.0,40,20,0.5,0.65,0.0375,,False,,False
8,concept,concept__block_08__shutdown,shutdown,2.0,40,20,0.5,0.6875,0.05625,,False,,False
8,concept,concept__block_08__shutdown,shutdown,4.0,40,20,0.5,0.7875,0.103125,,False,,False
8,concept,concept__block_08__shutdown,shutdown,8.0,40,20,0.5,0.85,0.165625,,False,,False
8,concept,concept__block_08__shutdown,shutdown,16.0,40,20,0.5,0.8125,0.2375,,False,,False
8,concept,concept__block_08__shutdown,shutdown,32.0,40,20,0.5,0.55,0.13125,,False,,False
8,concept,concept__block_08__shutdown,shutdown,64.0,40,20,0.5,0.6375,0.45625,,False,,False
8,concept,concept__block_08__shutdown,shutdown,128.0,40,20,0.5,0.7125,0.6375,,False,,False
8,concept,concept__block_08__shutdown,shutdown,256.0,40,20,0.5125,0.75,0.703125,,False,,False
8,concept,concept__block_08__shutdown,shutdown,512.0,40,20,0.5125,0.8,0.775,,False,,False
8,concept,concept__block_08__shutdown,shutdown,1024.0,40,20,0.5125,0.8,0.81875,,False,,False
8,concept,concept__block_08__shutdown,shutdown,2048.0,40,20,0.5125,0.8125,0.853125,,False,,False
8,concept,concept__block_08__shutdown,shutdown,4096.0,40,20,0.5125,0.8375,0.853125,,False,,False
8,concept,concept__block_08__shutdown,shutdown,8192.0,40,20,0.5375,0.825,0.83125,,False,,False
8,dropout,dropout_realization_00,dropout_realization_00,0.0625,40,20,0.5,0.5,0.0,,False,,False
8,dropout,dropout_realization_00,dropout_realization_00,0.125,40,20,0.5,0.5,0.0,,False,,False
8,dropout,dropout_realization_00,dropout_realization_00,0.25,40,20,0.5,0.475,-0.00625,,False,,False
8,dropout,dropout_realization_00,dropout_realization_00,0.5,40,20,0.5,0.525,0.00625,,False,,False
8,dropout,dropout_realization_00,dropout_realization_00,1.0,40,20,0.5,0.4875,-0.0125,,False,,False
8,dropout,dropout_realization_00,dropout_realization_00,2.0,40,20,0.5,0.4875,0.003125,,False,,False
8,dropout,dropout_realization_00,dropout_realization_00,4.0,40,20,0.5,0.5375,0.009375,,False,,False
8,dropout,dropout_realization_00,dropout_realization_00,8.0,40,20,0.5,0.475,-0.009375,,False,,False
8,dropout,dropout_realization_00,dropout_realization_00,16.0,40,20,0.5,0.45,-0.046875,,False,,False
8,dropout,dropout_realization_00,dropout_realization_00,32.0,40,20,0.5,0.475,-0.0375,,False,,False
8,dropout,dropout_realization_00,dropout_realization_00,64.0,40,20,0.5,0.55,0.05,,False,,False
8,dropout,dropout_realization_00,dropout_realization_00,128.0,40,20,0.5125,0.6375,0.4125,,False,,False
8,dropout,dropout_realization_00,dropout_realization_00,256.0,40,20,0.55,0.7375,0.65625,,False,,False
8,dropout,dropout_realization_00,dropout_realization_00,512.0,40,20,0.525,0.75,0.646875,,False,,False
8,dropout,dropout_realization_00,dropout_realization_00,1024.0,40,20,0.6375,0.6,0.4,,False,,False
8,dropout,dropout_realization_00,dropout_realization_00,2048.0,40,20,0.575,0.5875,0.428125,,False,,False
8,dropout,dropout_realization_00,dropout_realization_00,4096.0,40,20,0.5875,0.6,0.4953125,,False,,False
8,dropout,dropout_realization_00,dropout_realization_00,8192.0,40,20,0.6125,0.675,0.665625,,False,,False
8,dropout,dropout_realization_01,dropout_realization_01,0.0625,40,20,0.5,0.5,0.0,,False,,False
8,dropout,dropout_realization_01,dropout_realization_01,0.125,40,20,0.5,0.475,-0.00625,,False,,False
8,dropout,dropout_realization_01,dropout_realization_01,0.25,40,20,0.5,0.5625,0.01875,,False,,False
8,dropout,dropout_realization_01,dropout_realization_01,0.5,40,20,0.5,0.525,0.009375,,False,,False
8,dropout,dropout_realization_01,dropout_realization_01,1.0,40,20,0.5,0.4875,-0.003125,,False,,False
8,dropout,dropout_realization_01,dropout_realization_01,2.0,40,20,0.5,0.575,0.015625,,False,,False
8,dropout,dropout_realization_01,dropout_realization_01,4.0,40,20,0.5,0.4875,0.003125,,False,,False
8,dropout,dropout_realization_01,dropout_realization_01,8.0,40,20,0.5,0.5625,0.009375,,False,,False
8,dropout,dropout_realization_01,dropout_realization_01,16.0,40,20,0.5,0.425,-0.03125,,False,,False
8,dropout,dropout_realization_01,dropout_realization_01,32.0,40,20,0.5,0.5125,-0.025,,False,,False
8,dropout,dropout_realization_01,dropout_realization_01,64.0,40,20,0.4875,0.5,-0.003125,,False,,False
8,dropout,dropout_realization_01,dropout_realization_01,128.0,40,20,0.5125,0.725,0.446875,,False,,False
8,dropout,dropout_realization_01,dropout_realization_01,256.0,40,20,0.5,0.7375,0.6625,,False,,False
8,dropout,dropout_realization_01,dropout_realization_01,512.0,40,20,0.5375,0.7,0.665625,,False,,False
8,dropout,dropout_realization_01,dropout_realization_01,1024.0,40,20,0.6125,0.525,0.4453125,,False,,False
8,dropout,dropout_realization_01,dropout_realization_01,2048.0,40,20,0.675,0.5875,0.4453125,,False,,False
8,dropout,dropout_realization_01,dropout_realization_01,4096.0,40,20,0.5,0.575,0.4046875,,False,,False
8,dropout,dropout_realization_01,dropout_realization_01,8192.0,40,20,0.75,0.7875,0.8390625,,False,,False
8,noise,noise_realization_00,noise_realization_00,0.0625,40,20,0.5,0.4625,-0.015625,,False,,False
8,noise,noise_realization_00,noise_realization_00,0.125,40,20,0.5,0.55,0.0125,,False,,False
8,noise,noise_realization_00,noise_realization_00,0.25,40,20,0.5,0.5125,0.003125,,False,,False
8,noise,noise_realization_00,noise_realization_00,0.5,40,20,0.5,0.5,-0.00625,,False,,False
8,noise,noise_realization_00,noise_realization_00,1.0,40,20,0.5,0.4875,-0.003125,,False,,False
8,noise,noise_realization_00,noise_realization_00,2.0,40,20,0.5,0.4875,0.00625,,False,,False
8,noise,noise_realization_00,noise_realization_00,4.0,40,20,0.5,0.475,-0.009375,,False,,False
8,noise,noise_realization_00,noise_realization_00,8.0,40,20,0.5,0.5125,-0.009375,,False,,False
8,noise,noise_realization_00,noise_realization_00,16.0,40,20,0.5,0.5875,0.00625,,False,,False
8,noise,noise_realization_00,noise_realization_00,32.0,40,20,0.5,0.45,-0.059375,,False,,False
8,noise,noise_realization_00,noise_realization_00,64.0,40,20,0.475,0.575,0.078125,,False,,False
8,noise,noise_realization_00,noise_realization_00,128.0,40,20,0.5375,0.6625,0.421875,,False,,False
8,noise,noise_realization_00,noise_realization_00,256.0,40,20,0.5,0.7,0.59375,,False,,False
8,noise,noise_realization_00,noise_realization_00,512.0,40,20,0.5125,0.7125,0.675,,False,,False
8,noise,noise_realization_00,noise_realization_00,1024.0,40,20,0.625,0.7,0.65625,,False,,False
8,noise,noise_realization_00,noise_realization_00,2048.0,40,20,0.6375,0.6125,0.490625,,False,,False
8,noise,noise_realization_00,noise_realization_00,4096.0,40,20,0.575,0.7,0.64375,,False,,False
8,noise,noise_realization_00,noise_realization_00,8192.0,40,20,0.55,0.675,0.528125,,False,,False
8,noise,noise_realization_01,noise_realization_01,0.0625,40,20,0.5,0.5375,0.009375,,False,,False
8,noise,noise_realization_01,noise_realization_01,0.125,40,20,0.5,0.5,0.0,,False,,False
8,noise,noise_realization_01,noise_realization_01,0.25,40,20,0.5,0.4875,0.0,,False,,False
8,noise,noise_realization_01,noise_realization_01,0.5,40,20,0.5,0.525,0.0125,,False,,False
8,noise,noise_realization_01,noise_realization_01,1.0,40,20,0.5,0.45,-0.009375,,False,,False
8,noise,noise_realization_01,noise_realization_01,2.0,40,20,0.5,0.45,-0.01875,,False,,False
8,noise,noise_realization_01,noise_realization_01,4.0,40,20,0.5,0.5375,0.0,,False,,False
8,noise,noise_realization_01,noise_realization_01,8.0,40,20,0.5,0.4875,-0.0125,,False,,False
8,noise,noise_realization_01,noise_realization_01,16.0,40,20,0.5,0.375,-0.05625,,False,,False
8,noise,noise_realization_01,noise_realization_01,32.0,40,20,0.4875,0.4,-0.05,,False,,False
8,noise,noise_realization_01,noise_realization_01,64.0,40,20,0.5,0.4375,-0.10625,,False,,False
8,noise,noise_realization_01,noise_realization_01,128.0,40,20,0.475,0.675,0.378125,,False,,False
8,noise,noise_realization_01,noise_realization_01,256.0,40,20,0.5,0.7,0.628125,,False,,False
8,noise,noise_realization_01,noise_realization_01,512.0,40,20,0.475,0.7125,0.646875,,False,,False
8,noise,noise_realization_01,noise_realization_01,1024.0,40,20,0.6375,0.6,0.478125,,False,,False
8,noise,noise_realization_01,noise_realization_01,2048.0,40,20,0.675,0.625,0.6375,,False,,False
8,noise,noise_realization_01,noise_realization_01,4096.0,40,20,0.5625,0.625,0.5125,,False,,False
8,noise,noise_realization_01,noise_realization_01,8192.0,40,20,0.6375,0.65,0.6,,False,,False
8,random,fixed_random__block_08__0000,0000,0.0625,40,20,0.5,0.525,0.009375,1046.227161240982,True,,False
8,random,fixed_random__block_08__0000,0000,0.125,40,20,0.5,0.5125,0.0,1046.227161240982,True,,False
8,random,fixed_random__block_08__0000,0000,0.25,40,20,0.5,0.5,0.0,1046.227161240982,True,,False
8,random,fixed_random__block_08__0000,0000,0.5,40,20,0.5,0.5625,0.015625,1046.227161240982,True,,False
8,random,fixed_random__block_08__0000,0000,1.0,40,20,0.5,0.5375,0.009375,1046.227161240982,True,,False
8,random,fixed_random__block_08__0000,0000,2.0,40,20,0.5,0.5375,0.015625,1046.227161240982,True,,False
8,random,fixed_random__block_08__0000,0000,4.0,40,20,0.5,0.7,0.05625,1046.227161240982,True,,False
8,random,fixed_random__block_08__0000,0000,8.0,40,20,0.5,0.8125,0.1125,1046.227161240982,True,,False
8,random,fixed_random__block_08__0000,0000,16.0,40,20,0.5,0.8125,0.15625,1046.227161240982,True,,False
8,random,fixed_random__block_08__0000,0000,32.0,40,20,0.5,0.8875,0.328125,1046.227161240982,True,,False
8,random,fixed_random__block_08__0000,0000,64.0,40,20,0.5,0.9125,0.58125,1046.227161240982,True,,False
8,random,fixed_random__block_08__0000,0000,128.0,40,20,0.575,0.8375,0.75625,1046.227161240982,True,,False
8,random,fixed_random__block_08__0000,0000,256.0,40,20,0.5,0.65,0.509375,1046.227161240982,True,,False
8,random,fixed_random__block_08__0000,0000,512.0,40,20,0.6125,0.5125,0.475,1046.227161240982,True,,False
8,random,fixed_random__block_08__0000,0000,1024.0,40,20,0.775,0.5125,0.43125,1046.227161240982,True,,False
8,random,fixed_random__block_08__0000,0000,2048.0,40,20,0.95,0.5125,0.690625,1046.227161240982,True,,False
8,random,fixed_random__block_08__0000,0000,4096.0,40,20,0.9125,0.5125,0.740625,1046.227161240982,True,,False
8,random,fixed_random__block_08__0000,0000,8192.0,40,20,0.8875,0.5,0.734375,1046.227161240982,True,,False
8,random,fixed_random__block_08__0001,0001,0.0625,40,20,0.5,0.45,-0.00625,,False,,False
8,random,fixed_random__block_08__0001,0001,0.125,40,20,0.5,0.4875,0.003125,,False,,False
8,random,fixed_random__block_08__0001,0001,0.25,40,20,0.5,0.4875,0.003125,,False,,False
8,random,fixed_random__block_08__0001,0001,0.5,40,20,0.5,0.4625,-0.0125,,False,,False
8,random,fixed_random__block_08__0001,0001,1.0,40,20,0.5,0.45,-0.01875,,False,,False
8,random,fixed_random__block_08__0001,0001,2.0,40,20,0.5,0.5125,0.003125,,False,,False
8,random,fixed_random__block_08__0001,0001,4.0,40,20,0.5,0.3125,-0.053125,,False,,False
8,random,fixed_random__block_08__0001,0001,8.0,40,20,0.5,0.25,-0.090625,,False,,False
8,random,fixed_random__block_08__0001,0001,16.0,40,20,0.5,0.2125,-0.1375,,False,,False
8,random,fixed_random__block_08__0001,0001,32.0,40,20,0.5,0.0875,-0.3125,,False,,False
8,random,fixed_random__block_08__0001,0001,64.0,40,20,0.5,0.0375,-0.503125,,False,,False
8,random,fixed_random__block_08__0001,0001,128.0,40,20,0.5,0.575,0.196875,,False,,False
8,random,fixed_random__block_08__0001,0001,256.0,40,20,0.475,0.6375,0.34375,,False,,False
8,random,fixed_random__block_08__0001,0001,512.0,40,20,0.45,0.7,0.428125,,False,,False
8,random,fixed_random__block_08__0001,0001,1024.0,40,20,0.5125,0.5125,0.31875,,False,,False
8,random,fixed_random__block_08__0001,0001,2048.0,40,20,0.475,0.5,0.228125,,False,,False
8,random,fixed_random__block_08__0001,0001,4096.0,40,20,0.5125,0.5,0.196875,,False,,False
8,random,fixed_random__block_08__0001,0001,8192.0,40,20,0.5375,0.5,0.196875,,False,,False
8,random,fixed_random__block_08__0002,0002,0.0625,40,20,0.5,0.5,0.00625,,False,,False
8,random,fixed_random__block_08__0002,0002,0.125,40,20,0.5,0.4875,-0.003125,,False,,False
8,random,fixed_random__block_08__0002,0002,0.25,40,20,0.5,0.5125,0.0,,False,,False
8,random,fixed_random__block_08__0002,0002,0.5,40,20,0.5,0.4875,-0.00625,,False,,False
8,random,fixed_random__block_08__0002,0002,1.0,40,20,0.5,0.55,0.0125,,False,,False
8,random,fixed_random__block_08__0002,0002,2.0,40,20,0.5,0.5875,0.028125,,False,,False
8,random,fixed_random__block_08__0002,0002,4.0,40,20,0.5,0.6125,0.034375,,False,,False
8,random,fixed_random__block_08__0002,0002,8.0,40,20,0.5,0.8125,0.090625,,False,,False
8,random,fixed_random__block_08__0002,0002,16.0,40,20,0.5,0.9375,0.18125,,False,,False
8,random,fixed_random__block_08__0002,0002,32.0,40,20,0.5,0.9,0.375,,False,,False
8,random,fixed_random__block_08__0002,0002,64.0,40,20,0.7375,0.9,0.975,,False,,False
8,random,fixed_random__block_08__0002,0002,128.0,40,20,0.5875,0.75,0.75,,False,,False
8,random,fixed_random__block_08__0002,0002,256.0,40,20,0.5,0.7375,0.65625,,False,,False
8,random,fixed_random__block_08__0002,0002,512.0,40,20,0.5125,0.725,0.603125,,False,,False
8,random,fixed_random__block_08__0002,0002,1024.0,40,20,0.5125,0.6125,0.4625,,False,,False
8,random,fixed_random__block_08__0002,0002,2048.0,40,20,0.55,0.6,0.490625,,False,,False
8,random,fixed_random__block_08__0002,0002,4096.0,40,20,0.5875,0.5875,0.4875,,False,,False
8,random,fixed_random__block_08__0002,0002,8192.0,40,20,0.5875,0.575,0.4875,,False,,False
9,concept,concept__block_09__Dust,Dust,0.0625,40,20,0.5,0.4625,-0.0125,,False,,False
9,concept,concept__block_09__Dust,Dust,0.125,40,20,0.5,0.475,-0.003125,,False,,False
9,concept,concept__block_09__Dust,Dust,0.25,40,20,0.5,0.4875,-0.00625,,False,,False
9,concept,concept__block_09__Dust,Dust,0.5,40,20,0.5,0.55,0.009375,,False,,False
9,concept,concept__block_09__Dust,Dust,1.0,40,20,0.5,0.55,0.009375,,False,,False
9,concept,concept__block_09__Dust,Dust,2.0,40,20,0.5,0.525,0.003125,,False,,False
9,concept,concept__block_09__Dust,Dust,4.0,40,20,0.5,0.5375,0.00625,,False,,False
9,concept,concept__block_09__Dust,Dust,8.0,40,20,0.5,0.525,0.034375,,False,,False
9,concept,concept__block_09__Dust,Dust,16.0,40,20,0.5,0.65,0.2375,,False,,False
9,concept,concept__block_09__Dust,Dust,32.0,40,20,0.4625,0.5625,0.1875,,False,,False
9,concept,concept__block_09__Dust,Dust,64.0,40,20,0.375,0.45,-0.30625,,False,,False
9,concept,concept__block_09__Dust,Dust,128.0,40,20,0.4625,0.4875,-0.146875,,False,,False
9,concept,concept__block_09__Dust,Dust,256.0,40,20,0.4875,0.4875,-0.1171875,,False,,False
9,concept,concept__block_09__Dust,Dust,512.0,40,20,0.5,0.5,-0.0765625,,False,,False
9,concept,concept__block_09__Dust,Dust,1024.0,40,20,0.5,0.5,-0.0359375,,False,,False
9,concept,concept__block_09__Dust,Dust,2048.0,40,20,0.4875,0.5,0.0015625,,False,,False
9,concept,concept__block_09__Dust,Dust,4096.0,40,20,0.5375,0.5,0.0234375,,False,,False
9,concept,concept__block_09__Dust,Dust,8192.0,40,20,0.55,0.5,0.04375,,False,,False
9,concept,concept__block_09__Satellites,Satellites,0.0625,40,20,0.5,0.4125,-0.021875,,False,,False
9,concept,concept__block_09__Satellites,Satellites,0.125,40,20,0.5,0.5,0.003125,,False,,False
9,concept,concept__block_09__Satellites,Satellites,0.25,40,20,0.5,0.525,0.00625,,False,,False
9,concept,concept__block_09__Satellites,Satellites,0.5,40,20,0.5,0.475,-0.00625,,False,,False
9,concept,concept__block_09__Satellites,Satellites,1.0,40,20,0.5,0.475,-0.01875,,False,,False
9,concept,concept__block_09__Satellites,Satellites,2.0,40,20,0.5,0.35,-0.05,,False,,False
9,concept,concept__block_09__Satellites,Satellites,4.0,40,20,0.5,0.275,-0.125,,False,,False
9,concept,concept__block_09__Satellites,Satellites,8.0,40,20,0.5,0.15,-0.246875,,False,,False
9,concept,concept__block_09__Satellites,Satellites,16.0,40,20,0.5,0.375,-0.190625,,False,,False
9,concept,concept__block_09__Satellites,Satellites,32.0,40,20,0.55,0.6625,0.3375,,False,,False
9,concept,concept__block_09__Satellites,Satellites,64.0,40,20,0.6,0.6875,0.6625,,False,,False
9,concept,concept__block_09__Satellites,Satellites,128.0,40,20,0.65,0.675,0.70625,,False,,False
9,concept,concept__block_09__Satellites,Satellites,256.0,40,20,0.525,0.7,0.709375,,False,,False
9,concept,concept__block_09__Satellites,Satellites,512.0,40,20,0.5,0.925,0.675,,False,,False
9,concept,concept__block_09__Satellites,Satellites,1024.0,40,20,0.5,0.9125,0.7375,,False,,False
9,concept,concept__block_09__Satellites,Satellites,2048.0,40,20,0.5,0.9,0.75,,False,,False
9,concept,concept__block_09__Satellites,Satellites,4096.0,40,20,0.5,0.9,0.75625,,False,,False
9,concept,concept__block_09__Satellites,Satellites,8192.0,40,20,0.5,0.9,0.76875,,False,,False
9,concept,concept__block_09__recursion,recursion,0.0625,40,20,0.5,0.475,-0.009375,,False,11.754575557048828,True
9,concept,concept__block_09__recursion,recursion,0.125,40,20,0.5,0.4625,-0.009375,,False,11.754575557048828,True
9,concept,concept__block_09__recursion,recursion,0.25,40,20,0.5,0.525,0.003125,,False,11.754575557048828,True
9,concept,concept__block_09__recursion,recursion,0.5,40,20,0.5,0.5,0.0,,False,11.754575557048828,True
9,concept,concept__block_09__recursion,recursion,1.0,40,20,0.5,0.5125,0.00625,,False,11.754575557048828,True
9,concept,concept__block_09__recursion,recursion,2.0,40,20,0.5,0.5875,0.028125,,False,11.754575557048828,True
9,concept,concept__block_09__recursion,recursion,4.0,40,20,0.5,0.7,0.065625,,False,11.754575557048828,True
9,concept,concept__block_09__recursion,recursion,8.0,40,20,0.5,0.7125,0.109375,,False,11.754575557048828,True
9,concept,concept__block_09__recursion,recursion,16.0,40,20,0.5,0.8375,0.25625,,False,11.754575557048828,True
9,concept,concept__block_09__recursion,recursion,32.0,40,20,0.5125,0.9625,0.53125,,False,11.754575557048828,True
9,concept,concept__block_09__recursion,recursion,64.0,40,20,0.6,0.9625,0.909375,,False,11.754575557048828,True
9,concept,concept__block_09__recursion,recursion,128.0,40,20,0.575,0.9375,0.884375,,False,11.754575557048828,True
9,concept,concept__block_09__recursion,recursion,256.0,40,20,0.6,0.925,0.909375,,False,11.754575557048828,True
9,concept,concept__block_09__recursion,recursion,512.0,40,20,0.7625,0.775,0.8625,,False,11.754575557048828,True
9,concept,concept__block_09__recursion,recursion,1024.0,40,20,0.625,0.925,0.909375,,False,11.754575557048828,True
9,concept,concept__block_09__recursion,recursion,2048.0,40,20,0.5375,0.9625,0.9625,,False,11.754575557048828,True
9,concept,concept__block_09__recursion,recursion,4096.0,40,20,0.5625,0.975,0.96875,,False,11.754575557048828,True
9,concept,concept__block_09__recursion,recursion,8192.0,40,20,0.5375,0.9875,0.971875,,False,11.754575557048828,True
9,concept,concept__block_09__shutdown,shutdown,0.0625,40,20,0.5,0.525,0.00625,,False,1.1088277816902337,True
9,concept,concept__block_09__shutdown,shutdown,0.125,40,20,0.5,0.5625,0.00625,,False,1.1088277816902337,True
9,concept,concept__block_09__shutdown,shutdown,0.25,40,20,0.5,0.55,0.015625,,False,1.1088277816902337,True
9,concept,concept__block_09__shutdown,shutdown,0.5,40,20,0.5,0.6125,0.0375,,False,1.1088277816902337,True
9,concept,concept__block_09__shutdown,shutdown,1.0,40,20,0.5,0.725,0.0625,,False,1.1088277816902337,True
9,concept,concept__block_09__shutdown,shutdown,2.0,40,20,0.5,0.7875,0.090625,,False,1.1088277816902337,True
9,concept,concept__block_09__shutdown,shutdown,4.0,40,20,0.5,0.95,0.196875,,False,1.1088277816902337,True
9,concept,concept__block_09__shutdown,shutdown,8.0,40,20,0.5,1.0,0.4,,False,1.1088277816902337,True
9,concept,concept__block_09__shutdown,shutdown,16.0,40,20,0.5,1.0,0.66875,,False,1.1088277816902337,True
9,concept,concept__block_09__shutdown,shutdown,32.0,40,20,0.5375,0.9875,0.84375,,False,1.1088277816902337,True
9,concept,concept__block_09__shutdown,shutdown,64.0,40,20,0.5375,0.9125,0.775,,False,1.1088277816902337,True
9,concept,concept__block_09__shutdown,shutdown,128.0,40,20,0.5625,0.9,0.85,,False,1.1088277816902337,True
9,concept,concept__block_09__shutdown,shutdown,256.0,40,20,0.575,0.95,0.9,,False,1.1088277816902337,True
9,concept,concept__block_09__shutdown,shutdown,512.0,40,20,0.575,0.975,0.978125,,False,1.1088277816902337,True
9,concept,concept__block_09__shutdown,shutdown,1024.0,40,20,0.55,1.0,1.084375,,False,1.1088277816902337,True
9,concept,concept__block_09__shutdown,shutdown,2048.0,40,20,0.525,1.0,1.1,,False,1.1088277816902337,True
9,concept,concept__block_09__shutdown,shutdown,4096.0,40,20,0.525,1.0,1.096875,,False,1.1088277816902337,True
9,concept,concept__block_09__shutdown,shutdown,8192.0,40,20,0.5375,1.0,1.11875,,False,1.1088277816902337,True
9,dropout,dropout_realization_00,dropout_realization_00,0.0625,40,20,0.5,0.5,0.0,,False,,False
9,dropout,dropout_realization_00,dropout_realization_00,0.125,40,20,0.5,0.5,0.0,,False,,False
9,dropout,dropout_realization_00,dropout_realization_00,0.25,40,20,0.5,0.5,0.003125,,False,,False
9,dropout,dropout_realization_00,dropout_realization_00,0.5,40,20,0.5,0.475,-0.003125,,False,,False
9,dropout,dropout_realization_00,dropout_realization_00,1.0,40,20,0.5,0.4875,-0.003125,,False,,False
9,dropout,dropout_realization_00,dropout_realization_00,2.0,40,20,0.5,0.525,0.009375,,False,,False
9,dropout,dropout_realization_00,dropout_realization_00,4.0,40,20,0.5,0.4625,-0.0125,,False,,False
9,dropout,dropout_realization_00,dropout_realization_00,8.0,40,20,0.5,0.5,0.00625,,False,,False
9,dropout,dropout_realization_00,dropout_realization_00,16.0,40,20,0.5,0.525,0.015625,,False,,False
9,dropout,dropout_realization_00,dropout_realization_00,32.0,40,20,0.5,0.6875,0.140625,,False,,False
9,dropout,dropout_realization_00,dropout_realization_00,64.0,40,20,0.5,0.8625,0.45625,,False,,False
9,dropout,dropout_realization_00,dropout_realization_00,128.0,40,20,0.575,0.825,0.671875,,False,,False
9,dropout,dropout_realization_00,dropout_realization_00,256.0,40,20,0.5625,0.7625,0.7875,,False,,False
9,dropout,dropout_realization_00,dropout_realization_00,512.0,40,20,0.6,0.6,0.56875,,False,,False
9,dropout,dropout_realization_00,dropout_realization_00,1024.0,40,20,0.7125,0.5875,0.525,,False,,False
9,dropout,dropout_realization_00,dropout_realization_00,2048.0,40,20,0.6625,0.575,0.6015625,,False,,False
9,dropout,dropout_realization_00,dropout_realization_00,4096.0,40,20,0.65,0.6375,0.5515625,,False,,False
9,dropout,dropout_realization_00,dropout_realization_00,8192.0,40,20,0.6125,0.7125,0.7625,,False,,False
9,dropout,dropout_realization_01,dropout_realization_01,0.0625,40,20,0.5,0.525,0.00625,,False,,False
9,dropout,dropout_realization_01,dropout_realization_01,0.125,40,20,0.5,0.5,0.0,,False,,False
9,dropout,dropout_realization_01,dropout_realization_01,0.25,40,20,0.5,0.5,0.0,,False,,False
9,dropout,dropout_realization_01,dropout_realization_01,0.5,40,20,0.5,0.4625,-0.00625,,False,,False
9,dropout,dropout_realization_01,dropout_realization_01,1.0,40,20,0.5,0.5,0.0,,False,,False
9,dropout,dropout_realization_01,dropout_realization_01,2.0,40,20,0.5,0.5125,0.003125,,False,,False
9,dropout,dropout_realization_01,dropout_realization_01,4.0,40,20,0.5,0.4625,-0.015625,,False,,False
9,dropout,dropout_realization_01,dropout_realization_01,8.0,40,20,0.5,0.475,-0.0125,,False,,False
9,dropout,dropout_realization_01,dropout_realization_01,16.0,40,20,0.5,0.5125,0.00625,,False,,False
9,dropout,dropout_realization_01,dropout_realization_01,32.0,40,20,0.5,0.6,0.059375,,False,,False
9,dropout,dropout_realization_01,dropout_realization_01,64.0,40,20,0.5,0.5875,0.1625,,False,,False
9,dropout,dropout_realization_01,dropout_realization_01,128.0,40,20,0.5625,0.8125,0.66875,,False,,False
9,dropout,dropout_realization_01,dropout_realization_01,256.0,40,20,0.5625,0.8125,0.74375,,False,,False
9,dropout,dropout_realization_01,dropout_realization_01,512.0,40,20,0.6125,0.675,0.575,,False,,False
9,dropout,dropout_realization_01,dropout_realization_01,1024.0,40,20,0.6375,0.6,0.4765625,,False,,False
9,dropout,dropout_realization_01,dropout_realization_01,2048.0,40,20,0.6,0.5125,0.3890625,,False,,False
9,dropout,dropout_realization_01,dropout_realization_01,4096.0,40,20,0.7125,0.65,0.603125,,False,,False
9,dropout,dropout_realization_01,dropout_realization_01,8192.0,40,20,0.65,0.8,0.9,,False,,False
9,noise,noise_realization_00,noise_realization_00,0.0625,40,20,0.5,0.5625,0.015625,,False,,False
9,noise,noise_realization_00,noise_realization_00,0.125,40,20,0.5,0.5,0.0,,False,,False
9,noise,noise_realization_00,noise_realization_00,0.25,40,20,0.5,0.475,-0.00625,,False,,False
9,noise,noise_realization_00,noise_realization_00,0.5,40,20,0.5,0.4125,-0.01875,,False,,False
9,noise,noise_realization_00,noise_realization_00,1.0,40,20,0.5,0.475,-0.00625,,False,,False
9,noise,noise_realization_00,noise_realization_00,2.0,40,20,0.5,0.5125,0.00625,,False,,False
9,noise,noise_realization_00,noise_realization_00,4.0,40,20,0.5,0.4625,-0.009375,,False,,False
9,noise,noise_realization_00,noise_realization_00,8.0,40,20,0.5,0.525,0.0125,,False,,False
9,noise,noise_realization_00,noise_realization_00,16.0,40,20,0.5,0.4375,-0.03125,,False,,False
9,noise,noise_realization_00,noise_realization_00,32.0,40,20,0.5,0.65,0.04375,,False,,False
9,noise,noise_realization_00,noise_realization_00,64.0,40,20,0.5,0.75,0.290625,,False,,False
9,noise,noise_realization_00,noise_realization_00,128.0,40,20,0.5375,0.8375,0.653125,,False,,False
9,noise,noise_realization_00,noise_realization_00,256.0,40,20,0.5625,0.8375,0.7625,,False,,False
9,noise,noise_realization_00,noise_realization_00,512.0,40,20,0.5375,0.7625,0.640625,,False,,False
9,noise,noise_realization_00,noise_realization_00,1024.0,40,20,0.65,0.6625,0.646875,,False,,False
9,noise,noise_realization_00,noise_realization_00,2048.0,40,20,0.575,0.6125,0.5,,False,,False
9,noise,noise_realization_00,noise_realization_00,4096.0,40,20,0.6875,0.7,0.59375,,False,,False
9,noise,noise_realization_00,noise_realization_00,8192.0,40,20,0.6,0.7,0.63125,,False,,False
9,noise,noise_realization_01,noise_realization_01,0.0625,40,20,0.5,0.5375,0.0125,,False,,False
9,noise,noise_realization_01,noise_realization_01,0.125,40,20,0.5,0.475,-0.00625,,False,,False
9,noise,noise_realization_01,noise_realization_01,0.25,40,20,0.5,0.4625,-0.009375,,False,,False
9,noise,noise_realization_01,noise_realization_01,0.5,40,20,0.5,0.5125,0.00625,,False,,False
9,noise,noise_realization_01,noise_realization_01,1.0,40,20,0.5,0.5,0.0,,False,,False
9,noise,noise_realization_01,noise_realization_01,2.0,40,20,0.5,0.4875,0.0,,False,,False
9,noise,noise_realization_01,noise_realization_01,4.0,40,20,0.5,0.5,0.0,,False,,False
9,noise,noise_realization_01,noise_realization_01,8.0,40,20,0.5,0.4625,-0.015625,,False,,False
9,noise,noise_realization_01,noise_realization_01,16.0,40,20,0.5,0.5,0.003125,,False,,False
9,noise,noise_realization_01,noise_realization_01,32.0,40,20,0.5,0.55,0.015625,,False,,False
9,noise,noise_realization_01,noise_realization_01,64.0,40,20,0.5125,0.825,0.3875,,False,,False
9,noise,noise_realization_01,noise_realization_01,128.0,40,20,0.5375,0.8625,0.715625,,False,,False
9,noise,noise_realization_01,noise_realization_01,256.0,40,20,0.5125,0.8375,0.74375,,False,,False
9,noise,noise_realization_01,noise_realization_01,512.0,40,20,0.6,0.75,0.725,,False,,False
9,noise,noise_realization_01,noise_realization_01,1024.0,40,20,0.6375,0.5875,0.56875,,False,,False
9,noise,noise_realization_01,noise_realization_01,2048.0,40,20,0.6125,0.6125,0.55,,False,,False
9,noise,noise_realization_01,noise_realization_01,4096.0,40,20,0.675,0.725,0.725,,False,,False
9,noise,noise_realization_01,noise_realization_01,8192.0,40,20,0.6125,0.6,0.565625,,False,,False
9,random,fixed_random__block_09__0000,0000,0.0625,40,20,0.5,0.525,0.009375,,False,,False
9,random,fixed_random__block_09__0000,0000,0.125,40,20,0.5,0.475,-0.00625,,False,,False
9,random,fixed_random__block_09__0000,0000,0.25,40,20,0.5,0.475,-0.00625,,False,,False
9,random,fixed_random__block_09__0000,0000,0.5,40,20,0.5,0.5375,0.0125,,False,,False
9,random,fixed_random__block_09__0000,0000,1.0,40,20,0.5,0.5,-0.003125,,False,,False
9,random,fixed_random__block_09__0000,0000,2.0,40,20,0.5,0.525,0.003125,,False,,False
9,random,fixed_random__block_09__0000,0000,4.0,40,20,0.5,0.475,-0.00625,,False,,False
9,random,fixed_random__block_09__0000,0000,8.0,40,20,0.5,0.4625,-0.009375,,False,,False
9,random,fixed_random__block_09__0000,0000,16.0,40,20,0.5,0.55,0.028125,,False,,False
9,random,fixed_random__block_09__0000,0000,32.0,40,20,0.5,0.65,0.10625,,False,,False
9,random,fixed_random__block_09__0000,0000,64.0,40,20,0.5,0.7375,0.284375,,False,,False
9,random,fixed_random__block_09__0000,0000,128.0,40,20,0.5125,0.6875,0.55,,False,,False
9,random,fixed_random__block_09__0000,0000,256.0,40,20,0.7375,0.5,0.428125,,False,,False
9,random,fixed_random__block_09__0000,0000,512.0,40,20,0.725,0.5,0.225,,False,,False
9,random,fixed_random__block_09__0000,0000,1024.0,40,20,0.5,0.5,0.2140625,,False,,False
9,random,fixed_random__block_09__0000,0000,2048.0,40,20,0.5,0.5,0.19375,,False,,False
9,random,fixed_random__block_09__0000,0000,4096.0,40,20,0.525,0.5,0.1578125,,False,,False
9,random,fixed_random__block_09__0000,0000,8192.0,40,20,0.575,0.475,0.16875,,False,,False
9,random,fixed_random__block_09__0001,0001,0.0625,40,20,0.5,0.525,0.009375,665.3296186651179,True,,False
9,random,fixed_random__block_09__0001,0001,0.125,40,20,0.5,0.5,0.003125,665.3296186651179,True,,False
9,random,fixed_random__block_09__0001,0001,0.25,40,20,0.5,0.525,0.003125,665.3296186651179,True,,False
9,random,fixed_random__block_09__0001,0001,0.5,40,20,0.5,0.525,0.003125,665.3296186651179,True,,False
9,random,fixed_random__block_09__0001,0001,1.0,40,20,0.5,0.575,0.021875,665.3296186651179,True,,False
9,random,fixed_random__block_09__0001,0001,2.0,40,20,0.5,0.575,0.021875,665.3296186651179,True,,False
9,random,fixed_random__block_09__0001,0001,4.0,40,20,0.5,0.55,0.0125,665.3296186651179,True,,False
9,random,fixed_random__block_09__0001,0001,8.0,40,20,0.5,0.6125,0.03125,665.3296186651179,True,,False
9,random,fixed_random__block_09__0001,0001,16.0,40,20,0.5,0.75,0.109375,665.3296186651179,True,,False
9,random,fixed_random__block_09__0001,0001,32.0,40,20,0.5,0.825,0.259375,665.3296186651179,True,,False
9,random,fixed_random__block_09__0001,0001,64.0,40,20,0.5125,0.925,0.59375,665.3296186651179,True,,False
9,random,fixed_random__block_09__0001,0001,128.0,40,20,0.85,0.9625,1.184375,665.3296186651179,True,,False
9,random,fixed_random__block_09__0001,0001,256.0,40,20,0.8,0.9125,1.040625,665.3296186651179,True,,False
9,random,fixed_random__block_09__0001,0001,512.0,40,20,0.5875,0.8125,0.928125,665.3296186651179,True,,False
9,random,fixed_random__block_09__0001,0001,1024.0,40,20,0.925,0.5,0.503125,665.3296186651179,True,,False
9,random,fixed_random__block_09__0001,0001,2048.0,40,20,0.9,0.5,0.425,665.3296186651179,True,,False
9,random,fixed_random__block_09__0001,0001,4096.0,40,20,0.85,0.5,0.46875,665.3296186651179,True,,False
9,random,fixed_random__block_09__0001,0001,8192.0,40,20,0.7625,0.5125,0.46875,665.3296186651179,True,,False
9,random,fixed_random__block_09__0002,0002,0.0625,40,20,0.5,0.45,-0.0125,,False,,False
9,random,fixed_random__block_09__0002,0002,0.125,40,20,0.5,0.5125,0.0,,False,,False
9,random,fixed_random__block_09__0002,0002,0.25,40,20,0.5,0.5375,0.009375,,False,,False
9,random,fixed_random__block_09__0002,0002,0.5,40,20,0.5,0.4625,-0.0125,,False,,False
9,random,fixed_random__block_09__0002,0002,1.0,40,20,0.5,0.6,0.028125,,False,,False
9,random,fixed_random__block_09__0002,0002,2.0,40,20,0.5,0.5625,0.015625,,False,,False
9,random,fixed_random__block_09__0002,0002,4.0,40,20,0.5,0.4875,-0.00625,,False,,False
9,random,fixed_random__block_09__0002,0002,8.0,40,20,0.5,0.5875,0.025,,False,,False
9,random,fixed_random__block_09__0002,0002,16.0,40,20,0.5,0.5875,0.028125,,False,,False
9,random,fixed_random__block_09__0002,0002,32.0,40,20,0.5,0.6625,0.06875,,False,,False
9,random,fixed_random__block_09__0002,0002,64.0,40,20,0.5,0.675,0.165625,,False,,False
9,random,fixed_random__block_09__0002,0002,128.0,40,20,0.525,0.8125,0.6875,,False,,False
9,random,fixed_random__block_09__0002,0002,256.0,40,20,0.5875,0.875,0.9625,,False,,False
9,random,fixed_random__block_09__0002,0002,512.0,40,20,0.5,0.925,0.8875,,False,,False
9,random,fixed_random__block_09__0002,0002,1024.0,40,20,0.5,0.8625,0.821875,,False,,False
9,random,fixed_random__block_09__0002,0002,2048.0,40,20,0.5,0.9,0.9703125,,False,,False
9,random,fixed_random__block_09__0002,0002,4096.0,40,20,0.5,0.7125,1.184375,,False,,False
9,random,fixed_random__block_09__0002,0002,8192.0,40,20,0.5,0.65,1.2484375,,False,,False
10,concept,concept__block_10__Dust,Dust,0.0625,40,20,0.5,0.5375,0.009375,,False,,False
10,concept,concept__block_10__Dust,Dust,0.125,40,20,0.5,0.55,0.00625,,False,,False
10,concept,concept__block_10__Dust,Dust,0.25,40,20,0.5,0.5625,0.015625,,False,,False
10,concept,concept__block_10__Dust,Dust,0.5,40,20,0.5,0.525,0.00625,,False,,False
10,concept,concept__block_10__Dust,Dust,1.0,40,20,0.5,0.5875,0.028125,,False,,False
10,concept,concept__block_10__Dust,Dust,2.0,40,20,0.5,0.6625,0.05,,False,,False
10,concept,concept__block_10__Dust,Dust,4.0,40,20,0.5,0.825,0.13125,,False,,False
10,concept,concept__block_10__Dust,Dust,8.0,40,20,0.5,0.7875,0.209375,,False,,False
10,concept,concept__block_10__Dust,Dust,16.0,40,20,0.5,0.65,0.265625,,False,,False
10,concept,concept__block_10__Dust,Dust,32.0,40,20,0.5,0.525,0.190625,,False,,False
10,concept,concept__block_10__Dust,Dust,64.0,40,20,0.4,0.475,-0.215625,,False,,False
10,concept,concept__block_10__Dust,Dust,128.0,40,20,0.5,0.475,-0.11875,,False,,False
10,concept,concept__block_10__Dust,Dust,256.0,40,20,0.375,0.475,-0.0703125,,False,,False
10,concept,concept__block_10__Dust,Dust,512.0,40,20,0.475,0.5,-0.01875,,False,,False
10,concept,concept__block_10__Dust,Dust,1024.0,40,20,0.5375,0.5,0.0109375,,False,,False
10,concept,concept__block_10__Dust,Dust,2048.0,40,20,0.6,0.5,0.034375,,False,,False
10,concept,concept__block_10__Dust,Dust,4096.0,40,20,0.6,0.5,0.0453125,,False,,False
10,concept,concept__block_10__Dust,Dust,8192.0,40,20,0.6,0.5,0.0609375,,False,,False
10,concept,concept__block_10__Satellites,Satellites,0.0625,40,20,0.5,0.425,-0.01875,,False,,False
10,concept,concept__block_10__Satellites,Satellites,0.125,40,20,0.5,0.45,-0.0125,,False,,False
10,concept,concept__block_10__Satellites,Satellites,0.25,40,20,0.5,0.5,-0.003125,,False,,False
10,concept,concept__block_10__Satellites,Satellites,0.5,40,20,0.5,0.4125,-0.028125,,False,,False
10,concept,concept__block_10__Satellites,Satellites,1.0,40,20,0.5,0.375,-0.0375,,False,,False
10,concept,concept__block_10__Satellites,Satellites,2.0,40,20,0.5,0.3375,-0.05,,False,,False
10,concept,concept__block_10__Satellites,Satellites,4.0,40,20,0.5,0.2,-0.096875,,False,,False
10,concept,concept__block_10__Satellites,Satellites,8.0,40,20,0.5,0.3625,-0.0875,,False,,False
10,concept,concept__block_10__Satellites,Satellites,16.0,40,20,0.5,0.5375,0.040625,,False,,False
10,concept,concept__block_10__Satellites,Satellites,32.0,40,20,0.55,0.5875,0.44375,,False,,False
10,concept,concept__block_10__Satellites,Satellites,64.0,40,20,0.625,0.6625,0.675,,False,,False
10,concept,concept__block_10__Satellites,Satellites,128.0,40,20,0.625,0.7875,0.76875,,False,,False
10,concept,concept__block_10__Satellites,Satellites,256.0,40,20,0.5375,0.9375,0.775,,False,,False
10,concept,concept__block_10__Satellites,Satellites,512.0,40,20,0.5,0.9375,0.709375,,False,,False
10,concept,concept__block_10__Satellites,Satellites,1024.0,40,20,0.5,0.925,0.740625,,False,,False
10,concept,concept__block_10__Satellites,Satellites,2048.0,40,20,0.5,0.9,0.740625,,False,,False
10,concept,concept__block_10__Satellites,Satellites,4096.0,40,20,0.5,0.8875,0.715625,,False,,False
10,concept,concept__block_10__Satellites,Satellites,8192.0,40,20,0.5,0.8875,0.71875,,False,,False
10,concept,concept__block_10__recursion,recursion,0.0625,40,20,0.5,0.55,0.0125,,False,38.487702908113306,True
10,concept,concept__block_10__recursion,recursion,0.125,40,20,0.5,0.5125,0.0,,False,38.487702908113306,True
10,concept,concept__block_10__recursion,recursion,0.25,40,20,0.5,0.5375,0.009375,,False,38.487702908113306,True
10,concept,concept__block_10__recursion,recursion,0.5,40,20,0.5,0.4625,-0.015625,,False,38.487702908113306,True
10,concept,concept__block_10__recursion,recursion,1.0,40,20,0.5,0.5375,0.009375,,False,38.487702908113306,True
10,concept,concept__block_10__recursion,recursion,2.0,40,20,0.5,0.475,-0.003125,,False,38.487702908113306,True
10,concept,concept__block_10__recursion,recursion,4.0,40,20,0.5,0.475,-0.009375,,False,38.487702908113306,True
10,concept,concept__block_10__recursion,recursion,8.0,40,20,0.5,0.5,0.003125,,False,38.487702908113306,True
10,concept,concept__block_10__recursion,recursion,16.0,40,20,0.5,0.6,0.059375,,False,38.487702908113306,True
10,concept,concept__block_10__recursion,recursion,32.0,40,20,0.5125,0.825,0.334375,,False,38.487702908113306,True
10,concept,concept__block_10__recursion,recursion,64.0,40,20,0.5875,0.925,0.865625,,False,38.487702908113306,True
10,concept,concept__block_10__recursion,recursion,128.0,40,20,0.625,0.925,0.940625,,False,38.487702908113306,True
10,concept,concept__block_10__recursion,recursion,256.0,40,20,0.6375,0.925,0.965625,,False,38.487702908113306,True
10,concept,concept__block_10__recursion,recursion,512.0,40,20,0.675,0.9375,1.003125,,False,38.487702908113306,True
10,concept,concept__block_10__recursion,recursion,1024.0,40,20,0.775,0.9,1.01875,,False,38.487702908113306,True
10,concept,concept__block_10__recursion,recursion,2048.0,40,20,0.6875,0.95,1.065625,,False,38.487702908113306,True
10,concept,concept__block_10__recursion,recursion,4096.0,40,20,0.6375,0.95,1.090625,,False,38.487702908113306,True
10,concept,concept__block_10__recursion,recursion,8192.0,40,20,0.6125,0.95,1.05625,,False,38.487702908113306,True
10,concept,concept__block_10__shutdown,shutdown,0.0625,40,20,0.5,0.5125,0.009375,,False,1.6313039008415917,True
10,concept,concept__block_10__shutdown,shutdown,0.125,40,20,0.5,0.4875,-0.003125,,False,1.6313039008415917,True
10,concept,concept__block_10__shutdown,shutdown,0.25,40,20,0.5,0.55,0.0125,,False,1.6313039008415917,True
10,concept,concept__block_10__shutdown,shutdown,0.5,40,20,0.5,0.625,0.03125,,False,1.6313039008415917,True
10,concept,concept__block_10__shutdown,shutdown,1.0,40,20,0.5,0.75,0.0625,,False,1.6313039008415917,True
10,concept,concept__block_10__shutdown,shutdown,2.0,40,20,0.5,0.7125,0.06875,,False,1.6313039008415917,True
10,concept,concept__block_10__shutdown,shutdown,4.0,40,20,0.5,0.9375,0.140625,,False,1.6313039008415917,True
10,concept,concept__block_10__shutdown,shutdown,8.0,40,20,0.5,0.95,0.26875,,False,1.6313039008415917,True
10,concept,concept__block_10__shutdown,shutdown,16.0,40,20,0.5125,0.9625,0.490625,,False,1.6313039008415917,True
10,concept,concept__block_10__shutdown,shutdown,32.0,40,20,0.525,0.9625,0.771875,,False,1.6313039008415917,True
10,concept,concept__block_10__shutdown,shutdown,64.0,40,20,0.5875,0.9,0.871875,,False,1.6313039008415917,True
10,concept,concept__block_10__shutdown,shutdown,128.0,40,20,0.6125,0.925,0.909375,,False,1.6313039008415917,True
10,concept,concept__block_10__shutdown,shutdown,256.0,40,20,0.625,0.925,0.946875,,False,1.6313039008415917,True
10,concept,concept__block_10__shutdown,shutdown,512.0,40,20,0.575,0.95,0.990625,,False,1.6313039008415917,True
10,concept,concept__block_10__shutdown,shutdown,1024.0,40,20,0.5625,0.9875,1.096875,,False,1.6313039008415917,True
10,concept,concept__block_10__shutdown,shutdown,2048.0,40,20,0.5625,0.975,1.1,,False,1.6313039008415917,True
10,concept,concept__block_10__shutdown,shutdown,4096.0,40,20,0.575,0.975,1.096875,,False,1.6313039008415917,True
10,concept,concept__block_10__shutdown,shutdown,8192.0,40,20,0.5625,0.9875,1.103125,,False,1.6313039008415917,True
10,dropout,dropout_realization_00,dropout_realization_00,0.0625,40,20,0.5,0.5,0.0,,False,,False
10,dropout,dropout_realization_00,dropout_realization_00,0.125,40,20,0.5,0.5,0.0,,False,,False
10,dropout,dropout_realization_00,dropout_realization_00,0.25,40,20,0.5,0.4875,-0.003125,,False,,False
10,dropout,dropout_realization_00,dropout_realization_00,0.5,40,20,0.5,0.5125,0.0,,False,,False
10,dropout,dropout_realization_00,dropout_realization_00,1.0,40,20,0.5,0.475,-0.0125,,False,,False
10,dropout,dropout_realization_00,dropout_realization_00,2.0,40,20,0.5,0.45,-0.009375,,False,,False
10,dropout,dropout_realization_00,dropout_realization_00,4.0,40,20,0.5,0.5625,0.015625,,False,,False
10,dropout,dropout_realization_00,dropout_realization_00,8.0,40,20,0.5,0.5,0.003125,,False,,False
10,dropout,dropout_realization_00,dropout_realization_00,16.0,40,20,0.5,0.525,0.009375,,False,,False
10,dropout,dropout_realization_00,dropout_realization_00,32.0,40,20,0.4875,0.575,0.06875,,False,,False
10,dropout,dropout_realization_00,dropout_realization_00,64.0,40,20,0.5,0.725,0.309375,,False,,False
10,dropout,dropout_realization_00,dropout_realization_00,128.0,40,20,0.575,0.6875,0.55625,,False,,False
10,dropout,dropout_realization_00,dropout_realization_00,256.0,40,20,0.6125,0.7,0.615625,,False,,False
10,dropout,dropout_realization_00,dropout_realization_00,512.0,40,20,0.6125,0.675,0.540625,,False,,False
10,dropout,dropout_realization_00,dropout_realization_00,1024.0,40,20,0.7125,0.525,0.4015625,,False,,False
10,dropout,dropout_realization_00,dropout_realization_00,2048.0,40,20,0.7375,0.5625,0.534375,,False,,False
10,dropout,dropout_realization_00,dropout_realization_00,4096.0,40,20,0.6625,0.55,0.465625,,False,,False
10,dropout,dropout_realization_00,dropout_realization_00,8192.0,40,20,0.55,0.5375,0.4203125,,False,,False
10,dropout,dropout_realization_01,dropout_realization_01,0.0625,40,20,0.5,0.5,0.0,6456.0195029480465,True,,False
10,dropout,dropout_realization_01,dropout_realization_01,0.125,40,20,0.5,0.5,0.0,6456.0195029480465,True,,False
10,dropout,dropout_realization_01,dropout_realization_01,0.25,40,20,0.5,0.4875,-0.003125,6456.0195029480465,True,,False
10,dropout,dropout_realization_01,dropout_realization_01,0.5,40,20,0.5,0.5,-0.003125,6456.0195029480465,True,,False
10,dropout,dropout_realization_01,dropout_realization_01,1.0,40,20,0.5,0.5,0.0,6456.0195029480465,True,,False
10,dropout,dropout_realization_01,dropout_realization_01,2.0,40,20,0.5,0.5375,0.0125,6456.0195029480465,True,,False
10,dropout,dropout_realization_01,dropout_realization_01,4.0,40,20,0.5,0.4875,0.0,6456.0195029480465,True,,False
10,dropout,dropout_realization_01,dropout_realization_01,8.0,40,20,0.5,0.6,0.028125,6456.0195029480465,True,,False
10,dropout,dropout_realization_01,dropout_realization_01,16.0,40,20,0.5,0.5,0.0,6456.0195029480465,True,,False
10,dropout,dropout_realization_01,dropout_realization_01,32.0,40,20,0.5,0.4625,-0.00625,6456.0195029480465,True,,False
10,dropout,dropout_realization_01,dropout_realization_01,64.0,40,20,0.5,0.625,0.278125,6456.0195029480465,True,,False
10,dropout,dropout_realization_01,dropout_realization_01,128.0,40,20,0.5375,0.725,0.5875,6456.0195029480465,True,,False
10,dropout,dropout_realization_01,dropout_realization_01,256.0,40,20,0.6,0.7625,0.753125,6456.0195029480465,True,,False
10,dropout,dropout_realization_01,dropout_realization_01,512.0,40,20,0.625,0.7125,0.609375,6456.0195029480465,True,,False
10,dropout,dropout_realization_01,dropout_realization_01,1024.0,40,20,0.675,0.55,0.4546875,6456.0195029480465,True,,False
10,dropout,dropout_realization_01,dropout_realization_01,2048.0,40,20,0.75,0.525,0.5296875,6456.0195029480465,True,,False
10,dropout,dropout_realization_01,dropout_realization_01,4096.0,40,20,0.8125,0.575,0.6671875,6456.0195029480465,True,,False
10,dropout,dropout_realization_01,dropout_realization_01,8192.0,40,20,0.65,0.5875,0.6140625,6456.0195029480465,True,,False
10,noise,noise_realization_00,noise_realization_00,0.0625,40,20,0.5,0.525,0.00625,,False,,False
10,noise,noise_realization_00,noise_realization_00,0.125,40,20,0.5,0.525,0.00625,,False,,False
10,noise,noise_realization_00,noise_realization_00,0.25,40,20,0.5,0.475,-0.00625,,False,,False
10,noise,noise_realization_00,noise_realization_00,0.5,40,20,0.5,0.55,0.0125,,False,,False
10,noise,noise_realization_00,noise_realization_00,1.0,40,20,0.5,0.525,0.00625,,False,,False
10,noise,noise_realization_00,noise_realization_00,2.0,40,20,0.5,0.525,0.009375,,False,,False
10,noise,noise_realization_00,noise_realization_00,4.0,40,20,0.5,0.4875,-0.003125,,False,,False
10,noise,noise_realization_00,noise_realization_00,8.0,40,20,0.5,0.5,0.0,,False,,False
10,noise,noise_realization_00,noise_realization_00,16.0,40,20,0.5,0.5375,0.003125,,False,,False
10,noise,noise_realization_00,noise_realization_00,32.0,40,20,0.5,0.6,0.06875,,False,,False
10,noise,noise_realization_00,noise_realization_00,64.0,40,20,0.525,0.65,0.1625,,False,,False
10,noise,noise_realization_00,noise_realization_00,128.0,40,20,0.5875,0.75,0.490625,,False,,False
10,noise,noise_realization_00,noise_realization_00,256.0,40,20,0.575,0.725,0.6875,,False,,False
10,noise,noise_realization_00,noise_realization_00,512.0,40,20,0.7,0.6375,0.65625,,False,,False
10,noise,noise_realization_00,noise_realization_00,1024.0,40,20,0.7125,0.575,0.54375,,False,,False
10,noise,noise_realization_00,noise_realization_00,2048.0,40,20,0.7375,0.625,0.70625,,False,,False
10,noise,noise_realization_00,noise_realization_00,4096.0,40,20,0.65,0.6375,0.575,,False,,False
10,noise,noise_realization_00,noise_realization_00,8192.0,40,20,0.6875,0.6875,0.759375,,False,,False
10,noise,noise_realization_01,noise_realization_01,0.0625,40,20,0.5,0.45,-0.015625,6090.442162312413,True,,False
10,noise,noise_realization_01,noise_realization_01,0.125,40,20,0.5,0.525,0.00625,6090.442162312413,True,,False
10,noise,noise_realization_01,noise_realization_01,0.25,40,20,0.5,0.55,0.015625,6090.442162312413,True,,False
10,noise,noise_realization_01,noise_realization_01,0.5,40,20,0.5,0.525,0.003125,6090.442162312413,True,,False
10,noise,noise_realization_01,noise_realization_01,1.0,40,20,0.5,0.475,-0.009375,6090.442162312413,True,,False
10,noise,noise_realization_01,noise_realization_01,2.0,40,20,0.5,0.4125,-0.021875,6090.442162312413,True,,False
10,noise,noise_realization_01,noise_realization_01,4.0,40,20,0.5,0.4875,-0.003125,6090.442162312413,True,,False
10,noise,noise_realization_01,noise_realization_01,8.0,40,20,0.5,0.475,-0.003125,6090.442162312413,True,,False
10,noise,noise_realization_01,noise_realization_01,16.0,40,20,0.5,0.55,0.0125,6090.442162312413,True,,False
10,noise,noise_realization_01,noise_realization_01,32.0,40,20,0.5,0.4875,0.021875,6090.442162312413,True,,False
10,noise,noise_realization_01,noise_realization_01,64.0,40,20,0.5,0.7,0.253125,6090.442162312413,True,,False
10,noise,noise_realization_01,noise_realization_01,128.0,40,20,0.525,0.775,0.5375,6090.442162312413,True,,False
10,noise,noise_realization_01,noise_realization_01,256.0,40,20,0.575,0.7,0.6875,6090.442162312413,True,,False
10,noise,noise_realization_01,noise_realization_01,512.0,40,20,0.6625,0.625,0.615625,6090.442162312413,True,,False
10,noise,noise_realization_01,noise_realization_01,1024.0,40,20,0.725,0.5875,0.671875,6090.442162312413,True,,False
10,noise,noise_realization_01,noise_realization_01,2048.0,40,20,0.75,0.6125,0.571875,6090.442162312413,True,,False
10,noise,noise_realization_01,noise_realization_01,4096.0,40,20,0.6625,0.6625,0.665625,6090.442162312413,True,,False
10,noise,noise_realization_01,noise_realization_01,8192.0,40,20,0.7375,0.7125,0.790625,6090.442162312413,True,,False
10,random,fixed_random__block_10__0000,0000,0.0625,40,20,0.5,0.5375,0.0125,2447.6137951786677,True,,False
10,random,fixed_random__block_10__0000,0000,0.125,40,20,0.5,0.425,-0.021875,2447.6137951786677,True,,False
10,random,fixed_random__block_10__0000,0000,0.25,40,20,0.5,0.4625,-0.0125,2447.6137951786677,True,,False
10,random,fixed_random__block_10__0000,0000,0.5,40,20,0.5,0.5,0.0,2447.6137951786677,True,,False
10,random,fixed_random__block_10__0000,0000,1.0,40,20,0.5,0.5375,0.009375,2447.6137951786677,True,,False
10,random,fixed_random__block_10__0000,0000,2.0,40,20,0.5,0.5,0.003125,2447.6137951786677,True,,False
10,random,fixed_random__block_10__0000,0000,4.0,40,20,0.5,0.45,-0.025,2447.6137951786677,True,,False
10,random,fixed_random__block_10__0000,0000,8.0,40,20,0.5,0.475,-0.01875,2447.6137951786677,True,,False
10,random,fixed_random__block_10__0000,0000,16.0,40,20,0.5,0.4,-0.034375,2447.6137951786677,True,,False
10,random,fixed_random__block_10__0000,0000,32.0,40,20,0.5,0.5,-0.009375,2447.6137951786677,True,,False
10,random,fixed_random__block_10__0000,0000,64.0,40,20,0.5,0.6875,0.14375,2447.6137951786677,True,,False
10,random,fixed_random__block_10__0000,0000,128.0,40,20,0.5,0.7875,0.44375,2447.6137951786677,True,,False
10,random,fixed_random__block_10__0000,0000,256.0,40,20,0.5375,0.7,0.5625,2447.6137951786677,True,,False
10,random,fixed_random__block_10__0000,0000,512.0,40,20,0.7,0.5,0.49375,2447.6137951786677,True,,False
10,random,fixed_random__block_10__0000,0000,1024.0,40,20,0.8125,0.5,0.325,2447.6137951786677,True,,False
10,random,fixed_random__block_10__0000,0000,2048.0,40,20,0.775,0.5,0.35,2447.6137951786677,True,,False
10,random,fixed_random__block_10__0000,0000,4096.0,40,20,0.775,0.5125,0.34375,2447.6137951786677,True,,False
10,random,fixed_random__block_10__0000,0000,8192.0,40,20,0.775,0.525,0.3359375,2447.6137951786677,True,,False
10,random,fixed_random__block_10__0001,0001,0.0625,40,20,0.5,0.4625,-0.0125,,False,,False
10,random,fixed_random__block_10__0001,0001,0.125,40,20,0.5,0.5625,0.0125,,False,,False
10,random,fixed_random__block_10__0001,0001,0.25,40,20,0.5,0.4375,-0.015625,,False,,False
10,random,fixed_random__block_10__0001,0001,0.5,40,20,0.5,0.525,0.003125,,False,,False
10,random,fixed_random__block_10__0001,0001,1.0,40,20,0.5,0.4875,-0.00625,,False,,False
10,random,fixed_random__block_10__0001,0001,2.0,40,20,0.5,0.5375,0.015625,,False,,False
10,random,fixed_random__block_10__0001,0001,4.0,40,20,0.5,0.6,0.021875,,False,,False
10,random,fixed_random__block_10__0001,0001,8.0,40,20,0.5,0.6875,0.071875,,False,,False
10,random,fixed_random__block_10__0001,0001,16.0,40,20,0.5,0.775,0.153125,,False,,False
10,random,fixed_random__block_10__0001,0001,32.0,40,20,0.5,0.8125,0.26875,,False,,False
10,random,fixed_random__block_10__0001,0001,64.0,40,20,0.5125,0.7875,0.353125,,False,,False
10,random,fixed_random__block_10__0001,0001,128.0,40,20,0.5125,0.775,0.434375,,False,,False
10,random,fixed_random__block_10__0001,0001,256.0,40,20,0.525,0.75,0.63125,,False,,False
10,random,fixed_random__block_10__0001,0001,512.0,40,20,0.5375,0.55,0.4875,,False,,False
10,random,fixed_random__block_10__0001,0001,1024.0,40,20,0.625,0.5,0.2140625,,False,,False
10,random,fixed_random__block_10__0001,0001,2048.0,40,20,0.6375,0.5,0.19375,,False,,False
10,random,fixed_random__block_10__0001,0001,4096.0,40,20,0.7375,0.5,0.190625,,False,,False
10,random,fixed_random__block_10__0001,0001,8192.0,40,20,0.7375,0.5125,0.209375,,False,,False
10,random,fixed_random__block_10__0002,0002,0.0625,40,20,0.5,0.525,0.00625,,False,,False
10,random,fixed_random__block_10__0002,0002,0.125,40,20,0.5,0.5,0.0,,False,,False
10,random,fixed_random__block_10__0002,0002,0.25,40,20,0.5,0.5375,0.00625,,False,,False
10,random,fixed_random__block_10__0002,0002,0.5,40,20,0.5,0.4625,-0.0125,,False,,False
10,random,fixed_random__block_10__0002,0002,1.0,40,20,0.5,0.4875,-0.003125,,False,,False
10,random,fixed_random__block_10__0002,0002,2.0,40,20,0.5,0.3625,-0.034375,,False,,False
10,random,fixed_random__block_10__0002,0002,4.0,40,20,0.5,0.3875,-0.034375,,False,,False
10,random,fixed_random__block_10__0002,0002,8.0,40,20,0.5,0.35,-0.05625,,False,,False
10,random,fixed_random__block_10__0002,0002,16.0,40,20,0.5,0.175,-0.125,,False,,False
10,random,fixed_random__block_10__0002,0002,32.0,40,20,0.5,0.0875,-0.225,,False,,False
10,random,fixed_random__block_10__0002,0002,64.0,40,20,0.5,0.1625,-0.290625,,False,,False
10,random,fixed_random__block_10__0002,0002,128.0,40,20,0.4875,0.525,0.01875,,False,,False
10,random,fixed_random__block_10__0002,0002,256.0,40,20,0.55,0.6625,0.4,,False,,False
10,random,fixed_random__block_10__0002,0002,512.0,40,20,0.575,0.7125,0.58125,,False,,False
10,random,fixed_random__block_10__0002,0002,1024.0,40,20,0.7125,0.5125,0.421875,,False,,False
10,random,fixed_random__block_10__0002,0002,2048.0,40,20,0.725,0.5125,0.49375,,False,,False
10,random,fixed_random__block_10__0002,0002,4096.0,40,20,0.7375,0.6125,0.628125,,False,,False
10,random,fixed_random__block_10__0002,0002,8192.0,40,20,0.725,0.6875,0.696875,,False,,False
11,concept,concept__block_11__Dust,Dust,0.0625,40,20,0.5,0.55,0.0125,,False,,False
11,concept,concept__block_11__Dust,Dust,0.125,40,20,0.5,0.4625,-0.009375,,False,,False
11,concept,concept__block_11__Dust,Dust,0.25,40,20,0.5,0.4875,-0.003125,,False,,False
11,concept,concept__block_11__Dust,Dust,0.5,40,20,0.5,0.45,-0.0125,,False,,False
11,concept,concept__block_11__Dust,Dust,1.0,40,20,0.5,0.4875,-0.003125,,False,,False
11,concept,concept__block_11__Dust,Dust,2.0,40,20,0.5,0.4875,-0.00625,,False,,False
11,concept,concept__block_11__Dust,Dust,4.0,40,20,0.5,0.4875,-0.009375,,False,,False
11,concept,concept__block_11__Dust,Dust,8.0,40,20,0.5,0.425,-0.01875,,False,,False
11,concept,concept__block_11__Dust,Dust,16.0,40,20,0.5,0.3625,-0.015625,,False,,False
11,concept,concept__block_11__Dust,Dust,32.0,40,20,0.4625,0.4875,-0.1875,,False,,False
11,concept,concept__block_11__Dust,Dust,64.0,40,20,0.275,0.425,-0.6,,False,,False
11,concept,concept__block_11__Dust,Dust,128.0,40,20,0.275,0.475,-0.35625,,False,,False
11,concept,concept__block_11__Dust,Dust,256.0,40,20,0.3,0.475,-0.3546875,,False,,False
11,concept,concept__block_11__Dust,Dust,512.0,40,20,0.3875,0.475,-0.2859375,,False,,False
11,concept,concept__block_11__Dust,Dust,1024.0,40,20,0.2625,0.475,-0.2328125,,False,,False
11,concept,concept__block_11__Dust,Dust,2048.0,40,20,0.3625,0.475,-0.19375,,False,,False
11,concept,concept__block_11__Dust,Dust,4096.0,40,20,0.4125,0.475,-0.1703125,,False,,False
11,concept,concept__block_11__Dust,Dust,8192.0,40,20,0.3875,0.475,-0.1734375,,False,,False
11,concept,concept__block_11__Satellites,Satellites,0.0625,40,20,0.5,0.5125,0.00625,,False,108.42478862292009,True
11,concept,concept__block_11__Satellites,Satellites,0.125,40,20,0.5,0.4375,-0.0125,,False,108.42478862292009,True
11,concept,concept__block_11__Satellites,Satellites,0.25,40,20,0.5,0.4875,-0.003125,,False,108.42478862292009,True
11,concept,concept__block_11__Satellites,Satellites,0.5,40,20,0.5,0.4625,-0.0125,,False,108.42478862292009,True
11,concept,concept__block_11__Satellites,Satellites,1.0,40,20,0.5,0.5375,0.015625,,False,108.42478862292009,True
11,concept,concept__block_11__Satellites,Satellites,2.0,40,20,0.5,0.4875,0.0,,False,108.42478862292009,True
11,concept,concept__block_11__Satellites,Satellites,4.0,40,20,0.5,0.525,0.03125,,False,108.42478862292009,True
11,concept,concept__block_11__Satellites,Satellites,8.0,40,20,0.525,0.55,0.084375,,False,108.42478862292009,True
11,concept,concept__block_11__Satellites,Satellites,16.0,40,20,0.525,0.575,0.25625,,False,108.42478862292009,True
11,concept,concept__block_11__Satellites,Satellites,32.0,40,20,0.55,0.7,0.565625,,False,108.42478862292009,True
11,concept,concept__block_11__Satellites,Satellites,64.0,40,20,0.5625,0.85,0.771875,,False,108.42478862292009,True
11,concept,concept__block_11__Satellites,Satellites,128.0,40,20,0.6375,0.9125,0.8875,,False,108.42478862292009,True
11,concept,concept__block_11__Satellites,Satellites,256.0,40,20,0.525,0.9,0.828125,,False,108.42478862292009,True
11,concept,concept__block_11__Satellites,Satellites,512.0,40,20,0.525,0.8375,0.690625,,False,108.42478862292009,True
11,concept,concept__block_11__Satellites,Satellites,1024.0,40,20,0.525,0.8875,0.7015625,,False,108.42478862292009,True
11,concept,concept__block_11__Satellites,Satellites,2048.0,40,20,0.525,0.8625,0.7078125,,False,108.42478862292009,True
11,concept,concept__block_11__Satellites,Satellites,4096.0,40,20,0.525,0.8625,0.703125,,False,108.42478862292009,True
11,concept,concept__block_11__Satellites,Satellites,8192.0,40,20,0.525,0.85,0.6953125,,False,108.42478862292009,True
11,concept,concept__block_11__recursion,recursion,0.0625,40,20,0.5,0.4875,-0.003125,,False,2.1702335735906924,True
11,concept,concept__block_11__recursion,recursion,0.125,40,20,0.5,0.525,0.003125,,False,2.1702335735906924,True
11,concept,concept__block_11__recursion,recursion,0.25,40,20,0.5,0.5,0.0,,False,2.1702335735906924,True
11,concept,concept__block_11__recursion,recursion,0.5,40,20,0.5,0.6,0.028125,,False,2.1702335735906924,True
11,concept,concept__block_11__recursion,recursion,1.0,40,20,0.5,0.625,0.03125,,False,2.1702335735906924,True
11,concept,concept__block_11__recursion,recursion,2.0,40,20,0.5,0.7125,0.059375,,False,2.1702335735906924,True
11,concept,concept__block_11__recursion,recursion,4.0,40,20,0.5,0.8125,0.1125,,False,2.1702335735906924,True
11,concept,concept__block_11__recursion,recursion,8.0,40,20,0.5,0.925,0.240625,,False,2.1702335735906924,True
11,concept,concept__block_11__recursion,recursion,16.0,40,20,0.525,0.9875,0.453125,,False,2.1702335735906924,True
11,concept,concept__block_11__recursion,recursion,32.0,40,20,0.5625,0.9875,0.759375,,False,2.1702335735906924,True
11,concept,concept__block_11__recursion,recursion,64.0,40,20,0.6,1.0,0.925,,False,2.1702335735906924,True
11,concept,concept__block_11__recursion,recursion,128.0,40,20,0.575,0.975,0.915625,,False,2.1702335735906924,True
11,concept,concept__block_11__recursion,recursion,256.0,40,20,0.6125,1.0,0.934375,,False,2.1702335735906924,True
11,concept,concept__block_11__recursion,recursion,512.0,40,20,0.7,0.9,0.95,,False,2.1702335735906924,True
11,concept,concept__block_11__recursion,recursion,1024.0,40,20,0.75,0.8625,0.9625,,False,2.1702335735906924,True
11,concept,concept__block_11__recursion,recursion,2048.0,40,20,0.6625,0.975,0.990625,,False,2.1702335735906924,True
11,concept,concept__block_11__recursion,recursion,4096.0,40,20,0.625,1.0,0.9875,,False,2.1702335735906924,True
11,concept,concept__block_11__recursion,recursion,8192.0,40,20,0.6375,1.0,0.996875,,False,2.1702335735906924,True
11,concept,concept__block_11__shutdown,shutdown,0.0625,40,20,0.5,0.5125,0.00625,,False,1.6729647033394972,True
11,concept,concept__block_11__shutdown,shutdown,0.125,40,20,0.5,0.475,-0.009375,,False,1.6729647033394972,True
11,concept,concept__block_11__shutdown,shutdown,0.25,40,20,0.5,0.5125,0.00625,,False,1.6729647033394972,True
11,concept,concept__block_11__shutdown,shutdown,0.5,40,20,0.5,0.575,0.01875,,False,1.6729647033394972,True
11,concept,concept__block_11__shutdown,shutdown,1.0,40,20,0.5,0.6625,0.04375,,False,1.6729647033394972,True
11,concept,concept__block_11__shutdown,shutdown,2.0,40,20,0.5,0.8125,0.09375,,False,1.6729647033394972,True
11,concept,concept__block_11__shutdown,shutdown,4.0,40,20,0.5,0.9,0.1625,,False,1.6729647033394972,True
11,concept,concept__block_11__shutdown,shutdown,8.0,40,20,0.5,0.9625,0.34375,,False,1.6729647033394972,True
11,concept,concept__block_11__shutdown,shutdown,16.0,40,20,0.525,1.0,0.575,,False,1.6729647033394972,True
11,concept,concept__block_11__shutdown,shutdown,32.0,40,20,0.525,0.9875,0.765625,,False,1.6729647033394972,True
11,concept,concept__block_11__shutdown,shutdown,64.0,40,20,0.55,1.0,0.84375,,False,1.6729647033394972,True
11,concept,concept__block_11__shutdown,shutdown,128.0,40,20,0.5875,0.9875,0.884375,,False,1.6729647033394972,True
11,concept,concept__block_11__shutdown,shutdown,256.0,40,20,0.6,1.0,0.9625,,False,1.6729647033394972,True
11,concept,concept__block_11__shutdown,shutdown,512.0,40,20,0.6,1.0,1.053125,,False,1.6729647033394972,True
11,concept,concept__block_11__shutdown,shutdown,1024.0,40,20,0.575,1.0,1.128125,,False,1.6729647033394972,True
11,concept,concept__block_11__shutdown,shutdown,2048.0,40,20,0.6,1.0,1.165625,,False,1.6729647033394972,True
11,concept,concept__block_11__shutdown,shutdown,4096.0,40,20,0.6125,1.0,1.159375,,False,1.6729647033394972,True
11,concept,concept__block_11__shutdown,shutdown,8192.0,40,20,0.6375,1.0,1.16875,,False,1.6729647033394972,True
11,dropout,dropout_realization_00,dropout_realization_00,0.0625,40,20,0.5,0.5,0.0,,False,,False
11,dropout,dropout_realization_00,dropout_realization_00,0.125,40,20,0.5,0.5125,0.003125,,False,,False
11,dropout,dropout_realization_00,dropout_realization_00,0.25,40,20,0.5,0.5125,0.003125,,False,,False
11,dropout,dropout_realization_00,dropout_realization_00,0.5,40,20,0.5,0.5,-0.003125,,False,,False
11,dropout,dropout_realization_00,dropout_realization_00,1.0,40,20,0.5,0.45,-0.01875,,False,,False
11,dropout,dropout_realization_00,dropout_realization_00,2.0,40,20,0.5,0.5375,0.009375,,False,,False
11,dropout,dropout_realization_00,dropout_realization_00,4.0,40,20,0.5,0.475,-0.009375,,False,,False
11,dropout,dropout_realization_00,dropout_realization_00,8.0,40,20,0.5,0.5,0.0,,False,,False
11,dropout,dropout_realization_00,dropout_realization_00,16.0,40,20,0.5,0.5125,0.003125,,False,,False
11,dropout,dropout_realization_00,dropout_realization_00,32.0,40,20,0.5,0.5625,0.0375,,False,,False
11,dropout,dropout_realization_00,dropout_realization_00,64.0,40,20,0.5,0.575,0.19375,,False,,False
11,dropout,dropout_realization_00,dropout_realization_00,128.0,40,20,0.55,0.625,0.409375,,False,,False
11,dropout,dropout_realization_00,dropout_realization_00,256.0,40,20,0.5625,0.5875,0.546875,,False,,False
11,dropout,dropout_realization_00,dropout_realization_00,512.0,40,20,0.675,0.55,0.509375,,False,,False
11,dropout,dropout_realization_00,dropout_realization_00,1024.0,40,20,0.6375,0.525,0.3796875,,False,,False
11,dropout,dropout_realization_00,dropout_realization_00,2048.0,40,20,0.75,0.575,0.5328125,,False,,False
11,dropout,dropout_realization_00,dropout_realization_00,4096.0,40,20,0.6375,0.6375,0.4984375,,False,,False
11,dropout,dropout_realization_00,dropout_realization_00,8192.0,40,20,0.625,0.725,0.6578125,,False,,False
11,dropout,dropout_realization_01,dropout_realization_01,0.0625,40,20,0.5,0.5,0.0,,False,,False
11,dropout,dropout_realization_01,dropout_realization_01,0.125,40,20,0.5,0.525,0.00625,,False,,False
11,dropout,dropout_realization_01,dropout_realization_01,0.25,40,20,0.5,0.5125,0.0,,False,,False
11,dropout,dropout_realization_01,dropout_realization_01,0.5,40,20,0.5,0.4875,-0.003125,,False,,False
11,dropout,dropout_realization_01,dropout_realization_01,1.0,40,20,0.5,0.4875,0.0,,False,,False
11,dropout,dropout_realization_01,dropout_realization_01,2.0,40,20,0.5,0.5125,-0.003125,,False,,False
11,dropout,dropout_realization_01,dropout_realization_01,4.0,40,20,0.5,0.525,0.00625,,False,,False
11,dropout,dropout_realization_01,dropout_realization_01,8.0,40,20,0.5,0.4875,-0.00625,,False,,False
11,dropout,dropout_realization_01,dropout_realization_01,16.0,40,20,0.5,0.55,0.0375,,False,,False
11,dropout,dropout_realization_01,dropout_realization_01,32.0,40,20,0.5,0.625,0.08125,,False,,False
11,dropout,dropout_realization_01,dropout_realization_01,64.0,40,20,0.525,0.6625,0.225,,False,,False
11,dropout,dropout_realization_01,dropout_realization_01,128.0,40,20,0.525,0.6625,0.528125,,False,,False
11,dropout,dropout_realization_01,dropout_realization_01,256.0,40,20,0.525,0.675,0.54375,,False,,False
11,dropout,dropout_realization_01,dropout_realization_01,512.0,40,20,0.6375,0.6,0.50625,,False,,False
11,dropout,dropout_realization_01,dropout_realization_01,1024.0,40,20,0.7625,0.525,0.3984375,,False,,False
11,dropout,dropout_realization_01,dropout_realization_01,2048.0,40,20,0.65,0.4875,0.3765625,,False,,False
11,dropout,dropout_realization_01,dropout_realization_01,4096.0,40,20,0.6625,0.5625,0.334375,,False,,False
11,dropout,dropout_realization_01,dropout_realization_01,8192.0,40,20,0.6625,0.8,0.8234375,,False,,False
11,noise,noise_realization_00,noise_realization_00,0.0625,40,20,0.5,0.55,0.0125,,False,,False
11,noise,noise_realization_00,noise_realization_00,0.125,40,20,0.5,0.5375,0.009375,,False,,False
11,noise,noise_realization_00,noise_realization_00,0.25,40,20,0.5,0.4875,-0.003125,,False,,False
11,noise,noise_realization_00,noise_realization_00,0.5,40,20,0.5,0.5,0.003125,,False,,False
11,noise,noise_realization_00,noise_realization_00,1.0,40,20,0.5,0.475,-0.00625,,False,,False
11,noise,noise_realization_00,noise_realization_00,2.0,40,20,0.5,0.4875,-0.003125,,False,,False
11,noise,noise_realization_00,noise_realization_00,4.0,40,20,0.5,0.4375,-0.0125,,False,,False
11,noise,noise_realization_00,noise_realization_00,8.0,40,20,0.5,0.475,-0.003125,,False,,False
11,noise,noise_realization_00,noise_realization_00,16.0,40,20,0.5,0.575,0.03125,,False,,False
11,noise,noise_realization_00,noise_realization_00,32.0,40,20,0.5,0.5875,0.046875,,False,,False
11,noise,noise_realization_00,noise_realization_00,64.0,40,20,0.525,0.65,0.190625,,False,,False
11,noise,noise_realization_00,noise_realization_00,128.0,40,20,0.5625,0.75,0.5375,,False,,False
11,noise,noise_realization_00,noise_realization_00,256.0,40,20,0.5375,0.7,0.55,,False,,False
11,noise,noise_realization_00,noise_realization_00,512.0,40,20,0.5875,0.6,0.60625,,False,,False
11,noise,noise_realization_00,noise_realization_00,1024.0,40,20,0.7625,0.525,0.553125,,False,,False
11,noise,noise_realization_00,noise_realization_00,2048.0,40,20,0.65,0.55,0.4625,,False,,False
11,noise,noise_realization_00,noise_realization_00,4096.0,40,20,0.675,0.675,0.73125,,False,,False
11,noise,noise_realization_00,noise_realization_00,8192.0,40,20,0.575,0.6,0.465625,,False,,False
11,noise,noise_realization_01,noise_realization_01,0.0625,40,20,0.5,0.4375,-0.015625,,False,,False
11,noise,noise_realization_01,noise_realization_01,0.125,40,20,0.5,0.5,-0.003125,,False,,False
11,noise,noise_realization_01,noise_realization_01,0.25,40,20,0.5,0.5125,0.003125,,False,,False
11,noise,noise_realization_01,noise_realization_01,0.5,40,20,0.5,0.5375,0.009375,,False,,False
11,noise,noise_realization_01,noise_realization_01,1.0,40,20,0.5,0.4875,-0.003125,,False,,False
11,noise,noise_realization_01,noise_realization_01,2.0,40,20,0.5,0.4875,-0.003125,,False,,False
11,noise,noise_realization_01,noise_realization_01,4.0,40,20,0.5,0.475,-0.009375,,False,,False
11,noise,noise_realization_01,noise_realization_01,8.0,40,20,0.5,0.5875,0.0125,,False,,False
11,noise,noise_realization_01,noise_realization_01,16.0,40,20,0.5,0.5375,0.0375,,False,,False
11,noise,noise_realization_01,noise_realization_01,32.0,40,20,0.5,0.6125,0.09375,,False,,False
11,noise,noise_realization_01,noise_realization_01,64.0,40,20,0.5,0.6875,0.209375,,False,,False
11,noise,noise_realization_01,noise_realization_01,128.0,40,20,0.5375,0.675,0.44375,,False,,False
11,noise,noise_realization_01,noise_realization_01,256.0,40,20,0.525,0.6875,0.53125,,False,,False
11,noise,noise_realization_01,noise_realization_01,512.0,40,20,0.6125,0.6125,0.59375,,False,,False
11,noise,noise_realization_01,noise_realization_01,1024.0,40,20,0.725,0.525,0.471875,,False,,False
11,noise,noise_realization_01,noise_realization_01,2048.0,40,20,0.6875,0.575,0.50625,,False,,False
11,noise,noise_realization_01,noise_realization_01,4096.0,40,20,0.7,0.65,0.665625,,False,,False
11,noise,noise_realization_01,noise_realization_01,8192.0,40,20,0.5375,0.6125,0.478125,,False,,False
11,random,fixed_random__block_11__0000,0000,0.0625,40,20,0.5,0.45,-0.0125,,False,,False
11,random,fixed_random__block_11__0000,0000,0.125,40,20,0.5,0.525,0.00625,,False,,False
11,random,fixed_random__block_11__0000,0000,0.25,40,20,0.5,0.475,-0.003125,,False,,False
11,random,fixed_random__block_11__0000,0000,0.5,40,20,0.5,0.4875,0.0,,False,,False
11,random,fixed_random__block_11__0000,0000,1.0,40,20,0.5,0.45,-0.015625,,False,,False
11,random,fixed_random__block_11__0000,0000,2.0,40,20,0.5,0.4375,-0.015625,,False,,False
11,random,fixed_random__block_11__0000,0000,4.0,40,20,0.5,0.4,-0.025,,False,,False
11,random,fixed_random__block_11__0000,0000,8.0,40,20,0.5,0.4125,-0.03125,,False,,False
11,random,fixed_random__block_11__0000,0000,16.0,40,20,0.5,0.3,-0.06875,,False,,False
11,random,fixed_random__block_11__0000,0000,32.0,40,20,0.5,0.3125,-0.103125,,False,,False
11,random,fixed_random__block_11__0000,0000,64.0,40,20,0.5,0.4875,-0.021875,,False,,False
11,random,fixed_random__block_11__0000,0000,128.0,40,20,0.4875,0.5,0.1375,,False,,False
11,random,fixed_random__block_11__0000,0000,256.0,40,20,0.475,0.5,0.240625,,False,,False
11,random,fixed_random__block_11__0000,0000,512.0,40,20,0.4875,0.5,0.25625,,False,,False
11,random,fixed_random__block_11__0000,0000,1024.0,40,20,0.6625,0.5,0.2,,False,,False
11,random,fixed_random__block_11__0000,0000,2048.0,40,20,0.6375,0.5,0.21875,,False,,False
11,random,fixed_random__block_11__0000,0000,4096.0,40,20,0.6625,0.5,0.253125,,False,,False
11,random,fixed_random__block_11__0000,0000,8192.0,40,20,0.675,0.5,0.265625,,False,,False
11,random,fixed_random__block_11__0001,0001,0.0625,40,20,0.5,0.45,-0.015625,,False,,False
11,random,fixed_random__block_11__0001,0001,0.125,40,20,0.5,0.5375,0.009375,,False,,False
11,random,fixed_random__block_11__0001,0001,0.25,40,20,0.5,0.575,0.01875,,False,,False
11,random,fixed_random__block_11__0001,0001,0.5,40,20,0.5,0.525,0.00625,,False,,False
11,random,fixed_random__block_11__0001,0001,1.0,40,20,0.5,0.5,0.003125,,False,,False
11,random,fixed_random__block_11__0001,0001,2.0,40,20,0.5,0.525,0.009375,,False,,False
11,random,fixed_random__block_11__0001,0001,4.0,40,20,0.5,0.6375,0.040625,,False,,False
11,random,fixed_random__block_11__0001,0001,8.0,40,20,0.5,0.75,0.075,,False,,False
11,random,fixed_random__block_11__0001,0001,16.0,40,20,0.5,0.9,0.184375,,False,,False
11,random,fixed_random__block_11__0001,0001,32.0,40,20,0.525,0.9625,0.40625,,False,,False
11,random,fixed_random__block_11__0001,0001,64.0,40,20,0.5375,1.0,0.803125,,False,,False
11,random,fixed_random__block_11__0001,0001,128.0,40,20,0.65,0.9875,0.940625,,False,,False
11,random,fixed_random__block_11__0001,0001,256.0,40,20,0.5375,0.8875,0.740625,,False,,False
11,random,fixed_random__block_11__0001,0001,512.0,40,20,0.5375,0.75,0.628125,,False,,False
11,random,fixed_random__block_11__0001,0001,1024.0,40,20,0.575,0.5125,0.328125,,False,,False
11,random,fixed_random__block_11__0001,0001,2048.0,40,20,0.6375,0.5,0.34375,,False,,False
11,random,fixed_random__block_11__0001,0001,4096.0,40,20,0.6,0.5125,0.4375,,False,,False
11,random,fixed_random__block_11__0001,0001,8192.0,40,20,0.575,0.55,0.5,,False,,False
11,random,fixed_random__block_11__0002,0002,0.0625,40,20,0.5,0.5,0.003125,,False,,False
11,random,fixed_random__block_11__0002,0002,0.125,40,20,0.5,0.5125,0.003125,,False,,False
11,random,fixed_random__block_11__0002,0002,0.25,40,20,0.5,0.4875,0.0,,False,,False
11,random,fixed_random__block_11__0002,0002,0.5,40,20,0.5,0.5125,0.003125,,False,,False
11,random,fixed_random__block_11__0002,0002,1.0,40,20,0.5,0.4375,-0.015625,,False,,False
11,random,fixed_random__block_11__0002,0002,2.0,40,20,0.5,0.5125,0.003125,,False,,False
11,random,fixed_random__block_11__0002,0002,4.0,40,20,0.5,0.575,0.025,,False,,False
11,random,fixed_random__block_11__0002,0002,8.0,40,20,0.5,0.6,0.03125,,False,,False
11,random,fixed_random__block_11__0002,0002,16.0,40,20,0.5,0.7,0.096875,,False,,False
11,random,fixed_random__block_11__0002,0002,32.0,40,20,0.5,0.6125,0.14375,,False,,False
11,random,fixed_random__block_11__0002,0002,64.0,40,20,0.5,0.575,0.2,,False,,False
11,random,fixed_random__block_11__0002,0002,128.0,40,20,0.5375,0.525,0.278125,,False,,False
11,random,fixed_random__block_11__0002,0002,256.0,40,20,0.525,0.5625,0.35,,False,,False
11,random,fixed_random__block_11__0002,0002,512.0,40,20,0.5375,0.55,0.384375,,False,,False
11,random,fixed_random__block_11__0002,0002,1024.0,40,20,0.5125,0.5,0.23125,,False,,False
11,random,fixed_random__block_11__0002,0002,2048.0,40,20,0.5375,0.5,0.221875,,False,,False
11,random,fixed_random__block_11__0002,0002,4096.0,40,20,0.5375,0.5,0.228125,,False,,False
11,random,fixed_random__block_11__0002,0002,8192.0,40,20,0.5375,0.5,0.259375,,False,,False
12,concept,concept__block_12__Dust,Dust,0.0625,40,20,0.5,0.5375,0.009375,,False,,False
12,concept,concept__block_12__Dust,Dust,0.125,40,20,0.5,0.475,-0.00625,,False,,False
12,concept,concept__block_12__Dust,Dust,0.25,40,20,0.5,0.525,0.00625,,False,,False
12,concept,concept__block_12__Dust,Dust,0.5,40,20,0.5,0.5,0.0,,False,,False
12,concept,concept__block_12__Dust,Dust,1.0,40,20,0.5,0.475,-0.003125,,False,,False
12,concept,concept__block_12__Dust,Dust,2.0,40,20,0.5,0.5125,0.003125,,False,,False
12,concept,concept__block_12__Dust,Dust,4.0,40,20,0.5,0.4625,-0.009375,,False,,False
12,concept,concept__block_12__Dust,Dust,8.0,40,20,0.5,0.5125,0.0,,False,,False
12,concept,concept__block_12__Dust,Dust,16.0,40,20,0.5,0.45,-0.046875,,False,,False
12,concept,concept__block_12__Dust,Dust,32.0,40,20,0.45,0.4625,-0.15,,False,,False
12,concept,concept__block_12__Dust,Dust,64.0,40,20,0.475,0.5,0.009375,,False,,False
12,concept,concept__block_12__Dust,Dust,128.0,40,20,0.525,0.4625,-0.01875,,False,,False
12,concept,concept__block_12__Dust,Dust,256.0,40,20,0.525,0.5,0.028125,,False,,False
12,concept,concept__block_12__Dust,Dust,512.0,40,20,0.55,0.5,0.0921875,,False,,False
12,concept,concept__block_12__Dust,Dust,1024.0,40,20,0.65,0.5,0.1546875,,False,,False
12,concept,concept__block_12__Dust,Dust,2048.0,40,20,0.4875,0.5,0.18203125,,False,,False
12,concept,concept__block_12__Dust,Dust,4096.0,40,20,0.5,0.5,0.19453125,,False,,False
12,concept,concept__block_12__Dust,Dust,8192.0,40,20,0.5,0.5,0.20234375,,False,,False
12,concept,concept__block_12__Satellites,Satellites,0.0625,40,20,0.5,0.525,0.00625,,False,,False
12,concept,concept__block_12__Satellites,Satellites,0.125,40,20,0.5,0.4625,-0.009375,,False,,False
12,concept,concept__block_12__Satellites,Satellites,0.25,40,20,0.5,0.5375,0.009375,,False,,False
12,concept,concept__block_12__Satellites,Satellites,0.5,40,20,0.5,0.55,0.0125,,False,,False
12,concept,concept__block_12__Satellites,Satellites,1.0,40,20,0.5,0.55,0.0125,,False,,False
12,concept,concept__block_12__Satellites,Satellites,2.0,40,20,0.5,0.5,0.009375,,False,,False
12,concept,concept__block_12__Satellites,Satellites,4.0,40,20,0.5,0.525,0.046875,,False,,False
12,concept,concept__block_12__Satellites,Satellites,8.0,40,20,0.5,0.525,0.08125,,False,,False
12,concept,concept__block_12__Satellites,Satellites,16.0,40,20,0.5,0.5875,0.25,,False,,False
12,concept,concept__block_12__Satellites,Satellites,32.0,40,20,0.5,0.7,0.4625,,False,,False
12,concept,concept__block_12__Satellites,Satellites,64.0,40,20,0.525,0.6875,0.553125,,False,,False
12,concept,concept__block_12__Satellites,Satellites,128.0,40,20,0.5875,0.6,0.5375,,False,,False
12,concept,concept__block_12__Satellites,Satellites,256.0,40,20,0.575,0.6375,0.521875,,False,,False
12,concept,concept__block_12__Satellites,Satellites,512.0,40,20,0.575,0.6625,0.44375,,False,,False
12,concept,concept__block_12__Satellites,Satellites,1024.0,40,20,0.5625,0.6625,0.44375,,False,,False
12,concept,concept__block_12__Satellites,Satellites,2048.0,40,20,0.5625,0.675,0.465625,,False,,False
12,concept,concept__block_12__Satellites,Satellites,4096.0,40,20,0.55,0.6625,0.446875,,False,,False
12,concept,concept__block_12__Satellites,Satellites,8192.0,40,20,0.55,0.675,0.465625,,False,,False
12,concept,concept__block_12__recursion,recursion,0.0625,40,20,0.5,0.4625,-0.009375,,False,,False
12,concept,concept__block_12__recursion,recursion,0.125,40,20,0.5,0.5375,0.009375,,False,,False
12,concept,concept__block_12__recursion,recursion,0.25,40,20,0.5,0.55,0.0125,,False,,False
12,concept,concept__block_12__recursion,recursion,0.5,40,20,0.5,0.5125,0.003125,,False,,False
12,concept,concept__block_12__recursion,recursion,1.0,40,20,0.5,0.65,0.040625,,False,,False
12,concept,concept__block_12__recursion,recursion,2.0,40,20,0.5,0.7125,0.065625,,False,,False
12,concept,concept__block_12__recursion,recursion,4.0,40,20,0.5,0.825,0.140625,,False,,False
12,concept,concept__block_12__recursion,recursion,8.0,40,20,0.5,0.8875,0.2375,,False,,False
12,concept,concept__block_12__recursion,recursion,16.0,40,20,0.5,0.9,0.409375,,False,,False
12,concept,concept__block_12__recursion,recursion,32.0,40,20,0.5,0.925,0.584375,,False,,False
12,concept,concept__block_12__recursion,recursion,64.0,40,20,0.5,0.9375,0.634375,,False,,False
12,concept,concept__block_12__recursion,recursion,128.0,40,20,0.5125,0.9125,0.634375,,False,,False
12,concept,concept__block_12__recursion,recursion,256.0,40,20,0.5,0.9,0.6375,,False,,False
12,concept,concept__block_12__recursion,recursion,512.0,40,20,0.6125,0.675,0.646875,,False,,False
12,concept,concept__block_12__recursion,recursion,1024.0,40,20,0.55,0.8375,0.675,,False,,False
12,concept,concept__block_12__recursion,recursion,2048.0,40,20,0.5,0.975,0.6875,,False,,False
12,concept,concept__block_12__recursion,recursion,4096.0,40,20,0.5125,0.975,0.68125,,False,,False
12,concept,concept__block_12__recursion,recursion,8192.0,40,20,0.5,0.9875,0.69375,,False,,False
12,concept,concept__block_12__shutdown,shutdown,0.0625,40,20,0.5,0.55,0.0125,,False,3.416245369009578,True
12,concept,concept__block_12__shutdown,shutdown,0.125,40,20,0.5,0.5,-0.003125,,False,3.416245369009578,True
12,concept,concept__block_12__shutdown,shutdown,0.25,40,20,0.5,0.5125,0.003125,,False,3.416245369009578,True
12,concept,concept__block_12__shutdown,shutdown,0.5,40,20,0.5,0.5875,0.021875,,False,3.416245369009578,True
12,concept,concept__block_12__shutdown,shutdown,1.0,40,20,0.5,0.6125,0.03125,,False,3.416245369009578,True
12,concept,concept__block_12__shutdown,shutdown,2.0,40,20,0.5,0.725,0.075,,False,3.416245369009578,True
12,concept,concept__block_12__shutdown,shutdown,4.0,40,20,0.5,0.8625,0.1625,,False,3.416245369009578,True
12,concept,concept__block_12__shutdown,shutdown,8.0,40,20,0.5,0.9,0.296875,,False,3.416245369009578,True
12,concept,concept__block_12__shutdown,shutdown,16.0,40,20,0.5,0.875,0.409375,,False,3.416245369009578,True
12,concept,concept__block_12__shutdown,shutdown,32.0,40,20,0.5125,0.8625,0.553125,,False,3.416245369009578,True
12,concept,concept__block_12__shutdown,shutdown,64.0,40,20,0.525,0.9,0.64375,,False,3.416245369009578,True
12,concept,concept__block_12__shutdown,shutdown,128.0,40,20,0.525,0.925,0.659375,,False,3.416245369009578,True
12,concept,concept__block_12__shutdown,shutdown,256.0,40,20,0.5125,0.9875,0.696875,,False,3.416245369009578,True
12,concept,concept__block_12__shutdown,shutdown,512.0,40,20,0.5,1.0,0.753125,,False,3.416245369009578,True
12,concept,concept__block_12__shutdown,shutdown,1024.0,40,20,0.5,1.0,0.7875,,False,3.416245369009578,True
12,concept,concept__block_12__shutdown,shutdown,2048.0,40,20,0.5,0.9875,0.809375,,False,3.416245369009578,True
12,concept,concept__block_12__shutdown,shutdown,4096.0,40,20,0.5125,1.0,0.784375,,False,3.416245369009578,True
12,concept,concept__block_12__shutdown,shutdown,8192.0,40,20,0.5125,0.9875,0.796875,,False,3.416245369009578,True
12,dropout,dropout_realization_00,dropout_realization_00,0.0625,40,20,0.5,0.4875,-0.003125,,False,,False
12,dropout,dropout_realization_00,dropout_realization_00,0.125,40,20,0.5,0.5,0.0,,False,,False
12,dropout,dropout_realization_00,dropout_realization_00,0.25,40,20,0.5,0.4875,-0.003125,,False,,False
12,dropout,dropout_realization_00,dropout_realization_00,0.5,40,20,0.5,0.5,-0.003125,,False,,False
12,dropout,dropout_realization_00,dropout_realization_00,1.0,40,20,0.5,0.5125,0.003125,,False,,False
12,dropout,dropout_realization_00,dropout_realization_00,2.0,40,20,0.5,0.525,0.009375,,False,,False
12,dropout,dropout_realization_00,dropout_realization_00,4.0,40,20,0.5,0.525,0.00625,,False,,False
12,dropout,dropout_realization_00,dropout_realization_00,8.0,40,20,0.5,0.4125,-0.021875,,False,,False
12,dropout,dropout_realization_00,dropout_realization_00,16.0,40,20,0.5,0.5,-0.0125,,False,,False
12,dropout,dropout_realization_00,dropout_realization_00,32.0,40,20,0.5,0.5,0.0375,,False,,False
12,dropout,dropout_realization_00,dropout_realization_00,64.0,40,20,0.525,0.5875,0.090625,,False,,False
12,dropout,dropout_realization_00,dropout_realization_00,128.0,40,20,0.4625,0.6125,0.29375,,False,,False
12,dropout,dropout_realization_00,dropout_realization_00,256.0,40,20,0.5,0.6,0.3375,,False,,False
12,dropout,dropout_realization_00,dropout_realization_00,512.0,40,20,0.625,0.5625,0.4125,,False,,False
12,dropout,dropout_realization_00,dropout_realization_00,1024.0,40,20,0.625,0.4875,0.29375,,False,,False
12,dropout,dropout_realization_00,dropout_realization_00,2048.0,40,20,0.6375,0.5375,0.4296875,,False,,False
12,dropout,dropout_realization_00,dropout_realization_00,4096.0,40,20,0.55,0.6,0.3875,,False,,False
12,dropout,dropout_realization_00,dropout_realization_00,8192.0,40,20,0.55,0.675,0.55625,,False,,False
12,dropout,dropout_realization_01,dropout_realization_01,0.0625,40,20,0.5,0.5,0.0,,False,,False
12,dropout,dropout_realization_01,dropout_realization_01,0.125,40,20,0.5,0.5,0.0,,False,,False
12,dropout,dropout_realization_01,dropout_realization_01,0.25,40,20,0.5,0.4875,-0.00625,,False,,False
12,dropout,dropout_realization_01,dropout_realization_01,0.5,40,20,0.5,0.5125,0.003125,,False,,False
12,dropout,dropout_realization_01,dropout_realization_01,1.0,40,20,0.5,0.5,0.0,,False,,False
12,dropout,dropout_realization_01,dropout_realization_01,2.0,40,20,0.5,0.5,0.0,,False,,False
12,dropout,dropout_realization_01,dropout_realization_01,4.0,40,20,0.5,0.525,0.00625,,False,,False
12,dropout,dropout_realization_01,dropout_realization_01,8.0,40,20,0.5,0.525,0.00625,,False,,False
12,dropout,dropout_realization_01,dropout_realization_01,16.0,40,20,0.5,0.5375,0.009375,,False,,False
12,dropout,dropout_realization_01,dropout_realization_01,32.0,40,20,0.5,0.625,0.0625,,False,,False
12,dropout,dropout_realization_01,dropout_realization_01,64.0,40,20,0.475,0.5875,0.10625,,False,,False
12,dropout,dropout_realization_01,dropout_realization_01,128.0,40,20,0.5125,0.5875,0.28125,,False,,False
12,dropout,dropout_realization_01,dropout_realization_01,256.0,40,20,0.475,0.5625,0.2875,,False,,False
12,dropout,dropout_realization_01,dropout_realization_01,512.0,40,20,0.525,0.5625,0.35,,False,,False
12,dropout,dropout_realization_01,dropout_realization_01,1024.0,40,20,0.6,0.5125,0.3328125,,False,,False
12,dropout,dropout_realization_01,dropout_realization_01,2048.0,40,20,0.6,0.5,0.225,,False,,False
12,dropout,dropout_realization_01,dropout_realization_01,4096.0,40,20,0.65,0.6,0.521875,,False,,False
12,dropout,dropout_realization_01,dropout_realization_01,8192.0,40,20,0.55,0.6,0.49375,,False,,False
12,noise,noise_realization_00,noise_realization_00,0.0625,40,20,0.5,0.4375,-0.0125,,False,,False
12,noise,noise_realization_00,noise_realization_00,0.125,40,20,0.5,0.4625,-0.009375,,False,,False
12,noise,noise_realization_00,noise_realization_00,0.25,40,20,0.5,0.4625,-0.009375,,False,,False
12,noise,noise_realization_00,noise_realization_00,0.5,40,20,0.5,0.4,-0.025,,False,,False
12,noise,noise_realization_00,noise_realization_00,1.0,40,20,0.5,0.525,0.00625,,False,,False
12,noise,noise_realization_00,noise_realization_00,2.0,40,20,0.5,0.5,0.0,,False,,False
12,noise,noise_realization_00,noise_realization_00,4.0,40,20,0.5,0.475,-0.0125,,False,,False
12,noise,noise_realization_00,noise_realization_00,8.0,40,20,0.5,0.5375,0.015625,,False,,False
12,noise,noise_realization_00,noise_realization_00,16.0,40,20,0.5,0.4875,-0.009375,,False,,False
12,noise,noise_realization_00,noise_realization_00,32.0,40,20,0.5,0.5,0.0125,,False,,False
12,noise,noise_realization_00,noise_realization_00,64.0,40,20,0.5125,0.5625,0.053125,,False,,False
12,noise,noise_realization_00,noise_realization_00,128.0,40,20,0.5,0.675,0.3125,,False,,False
12,noise,noise_realization_00,noise_realization_00,256.0,40,20,0.5,0.6125,0.428125,,False,,False
12,noise,noise_realization_00,noise_realization_00,512.0,40,20,0.55,0.65,0.503125,,False,,False
12,noise,noise_realization_00,noise_realization_00,1024.0,40,20,0.575,0.525,0.4,,False,,False
12,noise,noise_realization_00,noise_realization_00,2048.0,40,20,0.6125,0.65,0.43125,,False,,False
12,noise,noise_realization_00,noise_realization_00,4096.0,40,20,0.6,0.5875,0.396875,,False,,False
12,noise,noise_realization_00,noise_realization_00,8192.0,40,20,0.575,0.7,0.5625,,False,,False
12,noise,noise_realization_01,noise_realization_01,0.0625,40,20,0.5,0.4375,-0.0125,,False,,False
12,noise,noise_realization_01,noise_realization_01,0.125,40,20,0.5,0.4625,-0.0125,,False,,False
12,noise,noise_realization_01,noise_realization_01,0.25,40,20,0.5,0.4875,-0.003125,,False,,False
12,noise,noise_realization_01,noise_realization_01,0.5,40,20,0.5,0.4875,-0.003125,,False,,False
12,noise,noise_realization_01,noise_realization_01,1.0,40,20,0.5,0.4375,-0.015625,,False,,False
12,noise,noise_realization_01,noise_realization_01,2.0,40,20,0.5,0.45,-0.0125,,False,,False
12,noise,noise_realization_01,noise_realization_01,4.0,40,20,0.5,0.55,0.0125,,False,,False
12,noise,noise_realization_01,noise_realization_01,8.0,40,20,0.5,0.4625,-0.01875,,False,,False
12,noise,noise_realization_01,noise_realization_01,16.0,40,20,0.5,0.425,-0.040625,,False,,False
12,noise,noise_realization_01,noise_realization_01,32.0,40,20,0.5,0.5625,0.040625,,False,,False
12,noise,noise_realization_01,noise_realization_01,64.0,40,20,0.5,0.6125,0.140625,,False,,False
12,noise,noise_realization_01,noise_realization_01,128.0,40,20,0.5,0.6875,0.3,,False,,False
12,noise,noise_realization_01,noise_realization_01,256.0,40,20,0.5,0.5875,0.39375,,False,,False
12,noise,noise_realization_01,noise_realization_01,512.0,40,20,0.575,0.55,0.371875,,False,,False
12,noise,noise_realization_01,noise_realization_01,1024.0,40,20,0.6,0.5625,0.36875,,False,,False
12,noise,noise_realization_01,noise_realization_01,2048.0,40,20,0.6375,0.55,0.421875,,False,,False
12,noise,noise_realization_01,noise_realization_01,4096.0,40,20,0.5875,0.6375,0.51875,,False,,False
12,noise,noise_realization_01,noise_realization_01,8192.0,40,20,0.55,0.6125,0.41875,,False,,False
12,random,fixed_random__block_12__0000,0000,0.0625,40,20,0.5,0.4875,0.0,,False,1119.0219011774022,True
12,random,fixed_random__block_12__0000,0000,0.125,40,20,0.5,0.4625,-0.009375,,False,1119.0219011774022,True
12,random,fixed_random__block_12__0000,0000,0.25,40,20,0.5,0.5,0.0,,False,1119.0219011774022,True
12,random,fixed_random__block_12__0000,0000,0.5,40,20,0.5,0.5375,0.009375,,False,1119.0219011774022,True
12,random,fixed_random__block_12__0000,0000,1.0,40,20,0.5,0.475,-0.003125,,False,1119.0219011774022,True
12,random,fixed_random__block_12__0000,0000,2.0,40,20,0.5,0.4625,-0.015625,,False,1119.0219011774022,True
12,random,fixed_random__block_12__0000,0000,4.0,40,20,0.5,0.4875,-0.00625,,False,1119.0219011774022,True
12,random,fixed_random__block_12__0000,0000,8.0,40,20,0.5,0.375,-0.034375,,False,1119.0219011774022,True
12,random,fixed_random__block_12__0000,0000,16.0,40,20,0.5,0.3125,-0.046875,,False,1119.0219011774022,True
12,random,fixed_random__block_12__0000,0000,32.0,40,20,0.5,0.25,-0.090625,,False,1119.0219011774022,True
12,random,fixed_random__block_12__0000,0000,64.0,40,20,0.5,0.425,-0.015625,,False,1119.0219011774022,True
12,random,fixed_random__block_12__0000,0000,128.0,40,20,0.5,0.5125,0.209375,,False,1119.0219011774022,True
12,random,fixed_random__block_12__0000,0000,256.0,40,20,0.5,0.575,0.359375,,False,1119.0219011774022,True
12,random,fixed_random__block_12__0000,0000,512.0,40,20,0.5,0.6,0.409375,,False,1119.0219011774022,True
12,random,fixed_random__block_12__0000,0000,1024.0,40,20,0.5,0.9375,0.565625,,False,1119.0219011774022,True
12,random,fixed_random__block_12__0000,0000,2048.0,40,20,0.5,0.9,0.5875,,False,1119.0219011774022,True
12,random,fixed_random__block_12__0000,0000,4096.0,40,20,0.5125,0.8625,0.5875,,False,1119.0219011774022,True
12,random,fixed_random__block_12__0000,0000,8192.0,40,20,0.5125,0.8375,0.590625,,False,1119.0219011774022,True
12,random,fixed_random__block_12__0001,0001,0.0625,40,20,0.5,0.4875,-0.00625,,False,2935.496500613321,True
12,random,fixed_random__block_12__0001,0001,0.125,40,20,0.5,0.4875,-0.003125,,False,2935.496500613321,True
12,random,fixed_random__block_12__0001,0001,0.25,40,20,0.5,0.475,-0.00625,,False,2935.496500613321,True
12,random,fixed_random__block_12__0001,0001,0.5,40,20,0.5,0.475,-0.00625,,False,2935.496500613321,True
12,random,fixed_random__block_12__0001,0001,1.0,40,20,0.5,0.5,-0.003125,,False,2935.496500613321,True
12,random,fixed_random__block_12__0001,0001,2.0,40,20,0.5,0.5,0.0,,False,2935.496500613321,True
12,random,fixed_random__block_12__0001,0001,4.0,40,20,0.5,0.45,-0.0125,,False,2935.496500613321,True
12,random,fixed_random__block_12__0001,0001,8.0,40,20,0.5,0.325,-0.04375,,False,2935.496500613321,True
12,random,fixed_random__block_12__0001,0001,16.0,40,20,0.5,0.3125,-0.0625,,False,2935.496500613321,True
12,random,fixed_random__block_12__0001,0001,32.0,40,20,0.5,0.2,-0.0875,,False,2935.496500613321,True
12,random,fixed_random__block_12__0001,0001,64.0,40,20,0.5,0.325,-0.084375,,False,2935.496500613321,True
12,random,fixed_random__block_12__0001,0001,128.0,40,20,0.5,0.5375,0.084375,,False,2935.496500613321,True
12,random,fixed_random__block_12__0001,0001,256.0,40,20,0.5,0.7375,0.3625,,False,2935.496500613321,True
12,random,fixed_random__block_12__0001,0001,512.0,40,20,0.5,0.8375,0.5,,False,2935.496500613321,True
12,random,fixed_random__block_12__0001,0001,1024.0,40,20,0.5,0.7875,0.459375,,False,2935.496500613321,True
12,random,fixed_random__block_12__0001,0001,2048.0,40,20,0.5,0.6875,0.3375,,False,2935.496500613321,True
12,random,fixed_random__block_12__0001,0001,4096.0,40,20,0.5,0.725,0.346875,,False,2935.496500613321,True
12,random,fixed_random__block_12__0001,0001,8192.0,40,20,0.5,0.7375,0.340625,,False,2935.496500613321,True
12,random,fixed_random__block_12__0002,0002,0.0625,40,20,0.5,0.4875,-0.003125,,False,,False
12,random,fixed_random__block_12__0002,0002,0.125,40,20,0.5,0.5125,0.003125,,False,,False
12,random,fixed_random__block_12__0002,0002,0.25,40,20,0.5,0.525,0.00625,,False,,False
12,random,fixed_random__block_12__0002,0002,0.5,40,20,0.5,0.4375,-0.015625,,False,,False
12,random,fixed_random__block_12__0002,0002,1.0,40,20,0.5,0.525,0.00625,,False,,False
12,random,fixed_random__block_12__0002,0002,2.0,40,20,0.5,0.4875,-0.003125,,False,,False
12,random,fixed_random__block_12__0002,0002,4.0,40,20,0.5,0.4375,-0.015625,,False,,False
12,random,fixed_random__block_12__0002,0002,8.0,40,20,0.5,0.3625,-0.040625,,False,,False
12,random,fixed_random__block_12__0002,0002,16.0,40,20,0.5,0.375,-0.053125,,False,,False
12,random,fixed_random__block_12__0002,0002,32.0,40,20,0.5,0.2875,-0.0875,,False,,False
12,random,fixed_random__block_12__0002,0002,64.0,40,20,0.5,0.3375,-0.06875,,False,,False
12,random,fixed_random__block_12__0002,0002,128.0,40,20,0.5125,0.5,0.196875,,False,,False
12,random,fixed_random__block_12__0002,0002,256.0,40,20,0.525,0.5125,0.378125,,False,,False
12,random,fixed_random__block_12__0002,0002,512.0,40,20,0.55,0.5,0.375,,False,,False
12,random,fixed_random__block_12__0002,0002,1024.0,40,20,0.8125,0.5,0.265625,,False,,False
12,random,fixed_random__block_12__0002,0002,2048.0,40,20,0.7875,0.5,0.3125,,False,,False
12,random,fixed_random__block_12__0002,0002,4096.0,40,20,0.85,0.5,0.36875,,False,,False
12,random,fixed_random__block_12__0002,0002,8192.0,40,20,0.8375,0.5,0.378125,,False,,False
13,concept,concept__block_13__Dust,Dust,0.0625,40,20,0.5,0.5125,0.00625,3550.0321697327777,True,,False
13,concept,concept__block_13__Dust,Dust,0.125,40,20,0.5,0.5,0.0,3550.0321697327777,True,,False
13,concept,concept__block_13__Dust,Dust,0.25,40,20,0.5,0.425,-0.01875,3550.0321697327777,True,,False
13,concept,concept__block_13__Dust,Dust,0.5,40,20,0.5,0.4625,-0.0125,3550.0321697327777,True,,False
13,concept,concept__block_13__Dust,Dust,1.0,40,20,0.5,0.3875,-0.028125,3550.0321697327777,True,,False
13,concept,concept__block_13__Dust,Dust,2.0,40,20,0.5,0.3375,-0.06875,3550.0321697327777,True,,False
13,concept,concept__block_13__Dust,Dust,4.0,40,20,0.5,0.2375,-0.1125,3550.0321697327777,True,,False
13,concept,concept__block_13__Dust,Dust,8.0,40,20,0.5,0.1875,-0.203125,3550.0321697327777,True,,False
13,concept,concept__block_13__Dust,Dust,16.0,40,20,0.5,0.225,-0.259375,3550.0321697327777,True,,False
13,concept,concept__block_13__Dust,Dust,32.0,40,20,0.5,0.4375,-0.178125,3550.0321697327777,True,,False
13,concept,concept__block_13__Dust,Dust,64.0,40,20,0.5,0.5,0.090625,3550.0321697327777,True,,False
13,concept,concept__block_13__Dust,Dust,128.0,40,20,0.575,0.5,0.134375,3550.0321697327777,True,,False
13,concept,concept__block_13__Dust,Dust,256.0,40,20,0.5,0.525,0.2203125,3550.0321697327777,True,,False
13,concept,concept__block_13__Dust,Dust,512.0,40,20,0.5,0.55,0.23828125,3550.0321697327777,True,,False
13,concept,concept__block_13__Dust,Dust,1024.0,40,20,0.675,0.5,0.2296875,3550.0321697327777,True,,False
13,concept,concept__block_13__Dust,Dust,2048.0,40,20,0.75,0.5,0.21015625,3550.0321697327777,True,,False
13,concept,concept__block_13__Dust,Dust,4096.0,40,20,0.775,0.5,0.20234375,3550.0321697327777,True,,False
13,concept,concept__block_13__Dust,Dust,8192.0,40,20,0.8125,0.5,0.21015625,3550.0321697327777,True,,False
13,concept,concept__block_13__Satellites,Satellites,0.0625,40,20,0.5,0.4875,-0.003125,,False,,False
13,concept,concept__block_13__Satellites,Satellites,0.125,40,20,0.5,0.4875,-0.003125,,False,,False
13,concept,concept__block_13__Satellites,Satellites,0.25,40,20,0.5,0.5125,0.003125,,False,,False
13,concept,concept__block_13__Satellites,Satellites,0.5,40,20,0.5,0.575,0.01875,,False,,False
13,concept,concept__block_13__Satellites,Satellites,1.0,40,20,0.5,0.6,0.028125,,False,,False
13,concept,concept__block_13__Satellites,Satellites,2.0,40,20,0.5,0.6625,0.053125,,False,,False
13,concept,concept__block_13__Satellites,Satellites,4.0,40,20,0.5,0.7375,0.109375,,False,,False
13,concept,concept__block_13__Satellites,Satellites,8.0,40,20,0.5,0.85,0.203125,,False,,False
13,concept,concept__block_13__Satellites,Satellites,16.0,40,20,0.5,0.8875,0.321875,,False,,False
13,concept,concept__block_13__Satellites,Satellites,32.0,40,20,0.5,0.8375,0.390625,,False,,False
13,concept,concept__block_13__Satellites,Satellites,64.0,40,20,0.5,0.7375,0.425,,False,,False
13,concept,concept__block_13__Satellites,Satellites,128.0,40,20,0.5125,0.6,0.434375,,False,,False
13,concept,concept__block_13__Satellites,Satellites,256.0,40,20,0.5,0.6875,0.428125,,False,,False
13,concept,concept__block_13__Satellites,Satellites,512.0,40,20,0.5,0.7125,0.440625,,False,,False
13,concept,concept__block_13__Satellites,Satellites,1024.0,40,20,0.5,0.7125,0.5125,,False,,False
13,concept,concept__block_13__Satellites,Satellites,2048.0,40,20,0.5,0.7375,0.540625,,False,,False
13,concept,concept__block_13__Satellites,Satellites,4096.0,40,20,0.5,0.7125,0.5609375,,False,,False
13,concept,concept__block_13__Satellites,Satellites,8192.0,40,20,0.5,0.7375,0.575,,False,,False
13,concept,concept__block_13__recursion,recursion,0.0625,40,20,0.5,0.475,-0.003125,,False,3.921676718791813,True
13,concept,concept__block_13__recursion,recursion,0.125,40,20,0.5,0.5125,0.003125,,False,3.921676718791813,True
13,concept,concept__block_13__recursion,recursion,0.25,40,20,0.5,0.45,-0.0125,,False,3.921676718791813,True
13,concept,concept__block_13__recursion,recursion,0.5,40,20,0.5,0.5625,0.015625,,False,3.921676718791813,True
13,concept,concept__block_13__recursion,recursion,1.0,40,20,0.5,0.625,0.034375,,False,3.921676718791813,True
13,concept,concept__block_13__recursion,recursion,2.0,40,20,0.5,0.7375,0.08125,,False,3.921676718791813,True
13,concept,concept__block_13__recursion,recursion,4.0,40,20,0.5,0.775,0.11875,,False,3.921676718791813,True
13,concept,concept__block_13__recursion,recursion,8.0,40,20,0.5,0.9125,0.228125,,False,3.921676718791813,True
13,concept,concept__block_13__recursion,recursion,16.0,40,20,0.5,0.975,0.390625,,False,3.921676718791813,True
13,concept,concept__block_13__recursion,recursion,32.0,40,20,0.5,0.9625,0.475,,False,3.921676718791813,True
13,concept,concept__block_13__recursion,recursion,64.0,40,20,0.5,0.9625,0.496875,,False,3.921676718791813,True
13,concept,concept__block_13__recursion,recursion,128.0,40,20,0.5,0.9625,0.509375,,False,3.921676718791813,True
13,concept,concept__block_13__recursion,recursion,256.0,40,20,0.5,0.9375,0.503125,,False,3.921676718791813,True
13,concept,concept__block_13__recursion,recursion,512.0,40,20,0.5125,0.6875,0.51875,,False,3.921676718791813,True
13,concept,concept__block_13__recursion,recursion,1024.0,40,20,0.5,0.925,0.540625,,False,3.921676718791813,True
13,concept,concept__block_13__recursion,recursion,2048.0,40,20,0.5,0.9875,0.525,,False,3.921676718791813,True
13,concept,concept__block_13__recursion,recursion,4096.0,40,20,0.5,0.9875,0.553125,,False,3.921676718791813,True
13,concept,concept__block_13__recursion,recursion,8192.0,40,20,0.5,0.975,0.53125,,False,3.921676718791813,True
13,concept,concept__block_13__shutdown,shutdown,0.0625,40,20,0.5,0.4875,-0.00625,,False,3.6809082553710324,True
13,concept,concept__block_13__shutdown,shutdown,0.125,40,20,0.5,0.4875,-0.003125,,False,3.6809082553710324,True
13,concept,concept__block_13__shutdown,shutdown,0.25,40,20,0.5,0.5125,0.0,,False,3.6809082553710324,True
13,concept,concept__block_13__shutdown,shutdown,0.5,40,20,0.5,0.55,0.0125,,False,3.6809082553710324,True
13,concept,concept__block_13__shutdown,shutdown,1.0,40,20,0.5,0.6,0.025,,False,3.6809082553710324,True
13,concept,concept__block_13__shutdown,shutdown,2.0,40,20,0.5,0.6875,0.05,,False,3.6809082553710324,True
13,concept,concept__block_13__shutdown,shutdown,4.0,40,20,0.5,0.8,0.103125,,False,3.6809082553710324,True
13,concept,concept__block_13__shutdown,shutdown,8.0,40,20,0.5,0.825,0.190625,,False,3.6809082553710324,True
13,concept,concept__block_13__shutdown,shutdown,16.0,40,20,0.5,0.9125,0.35625,,False,3.6809082553710324,True
13,concept,concept__block_13__shutdown,shutdown,32.0,40,20,0.5,0.9625,0.465625,,False,3.6809082553710324,True
13,concept,concept__block_13__shutdown,shutdown,64.0,40,20,0.5,0.95,0.5125,,False,3.6809082553710324,True
13,concept,concept__block_13__shutdown,shutdown,128.0,40,20,0.5,0.975,0.53125,,False,3.6809082553710324,True
13,concept,concept__block_13__shutdown,shutdown,256.0,40,20,0.5,0.975,0.546875,,False,3.6809082553710324,True
13,concept,concept__block_13__shutdown,shutdown,512.0,40,20,0.5,1.0,0.575,,False,3.6809082553710324,True
13,concept,concept__block_13__shutdown,shutdown,1024.0,40,20,0.5,1.0,0.559375,,False,3.6809082553710324,True
13,concept,concept__block_13__shutdown,shutdown,2048.0,40,20,0.5,0.9875,0.5875,,False,3.6809082553710324,True
13,concept,concept__block_13__shutdown,shutdown,4096.0,40,20,0.5,1.0,0.596875,,False,3.6809082553710324,True
13,concept,concept__block_13__shutdown,shutdown,8192.0,40,20,0.5,1.0,0.5875,,False,3.6809082553710324,True
13,dropout,dropout_realization_00,dropout_realization_00,0.0625,40,20,0.5,0.5,0.0,,False,,False
13,dropout,dropout_realization_00,dropout_realization_00,0.125,40,20,0.5,0.5,0.0,,False,,False
13,dropout,dropout_realization_00,dropout_realization_00,0.25,40,20,0.5,0.475,-0.00625,,False,,False
13,dropout,dropout_realization_00,dropout_realization_00,0.5,40,20,0.5,0.45,-0.0125,,False,,False
13,dropout,dropout_realization_00,dropout_realization_00,1.0,40,20,0.5,0.475,-0.00625,,False,,False
13,dropout,dropout_realization_00,dropout_realization_00,2.0,40,20,0.5,0.475,-0.00625,,False,,False
13,dropout,dropout_realization_00,dropout_realization_00,4.0,40,20,0.5,0.525,0.00625,,False,,False
13,dropout,dropout_realization_00,dropout_realization_00,8.0,40,20,0.5,0.55,0.01875,,False,,False
13,dropout,dropout_realization_00,dropout_realization_00,16.0,40,20,0.5,0.6,0.025,,False,,False
13,dropout,dropout_realization_00,dropout_realization_00,32.0,40,20,0.5,0.6625,0.040625,,False,,False
13,dropout,dropout_realization_00,dropout_realization_00,64.0,40,20,0.5,0.575,0.0375,,False,,False
13,dropout,dropout_realization_00,dropout_realization_00,128.0,40,20,0.5125,0.5625,0.20625,,False,,False
13,dropout,dropout_realization_00,dropout_realization_00,256.0,40,20,0.5,0.5125,0.18125,,False,,False
13,dropout,dropout_realization_00,dropout_realization_00,512.0,40,20,0.575,0.5375,0.3,,False,,False
13,dropout,dropout_realization_00,dropout_realization_00,1024.0,40,20,0.525,0.55,0.078125,,False,,False
13,dropout,dropout_realization_00,dropout_realization_00,2048.0,40,20,0.5625,0.525,0.234375,,False,,False
13,dropout,dropout_realization_00,dropout_realization_00,4096.0,40,20,0.5375,0.5,0.296875,,False,,False
13,dropout,dropout_realization_00,dropout_realization_00,8192.0,40,20,0.6375,0.5375,0.3453125,,False,,False
13,dropout,dropout_realization_01,dropout_realization_01,0.0625,40,20,0.5,0.5,0.0,,False,,False
13,dropout,dropout_realization_01,dropout_realization_01,0.125,40,20,0.5,0.4875,-0.003125,,False,,False
13,dropout,dropout_realization_01,dropout_realization_01,0.25,40,20,0.5,0.5,0.0,,False,,False
13,dropout,dropout_realization_01,dropout_realization_01,0.5,40,20,0.5,0.55,0.0125,,False,,False
13,dropout,dropout_realization_01,dropout_realization_01,1.0,40,20,0.5,0.525,0.00625,,False,,False
13,dropout,dropout_realization_01,dropout_realization_01,2.0,40,20,0.5,0.5375,0.0125,,False,,False
13,dropout,dropout_realization_01,dropout_realization_01,4.0,40,20,0.5,0.4625,-0.003125,,False,,False
13,dropout,dropout_realization_01,dropout_realization_01,8.0,40,20,0.5,0.575,0.021875,,False,,False
13,dropout,dropout_realization_01,dropout_realization_01,16.0,40,20,0.5,0.575,0.021875,,False,,False
13,dropout,dropout_realization_01,dropout_realization_01,32.0,40,20,0.5,0.4875,-0.0625,,False,,False
13,dropout,dropout_realization_01,dropout_realization_01,64.0,40,20,0.5,0.675,0.153125,,False,,False
13,dropout,dropout_realization_01,dropout_realization_01,128.0,40,20,0.5,0.625,0.265625,,False,,False
13,dropout,dropout_realization_01,dropout_realization_01,256.0,40,20,0.5,0.4875,0.24375,,False,,False
13,dropout,dropout_realization_01,dropout_realization_01,512.0,40,20,0.5375,0.55,0.18125,,False,,False
13,dropout,dropout_realization_01,dropout_realization_01,1024.0,40,20,0.5875,0.55,0.3328125,,False,,False
13,dropout,dropout_realization_01,dropout_realization_01,2048.0,40,20,0.525,0.525,0.2671875,,False,,False
13,dropout,dropout_realization_01,dropout_realization_01,4096.0,40,20,0.5125,0.5125,0.20625,,False,,False
13,dropout,dropout_realization_01,dropout_realization_01,8192.0,40,20,0.525,0.525,0.2609375,,False,,False
13,noise,noise_realization_00,noise_realization_00,0.0625,40,20,0.5,0.4625,-0.009375,,False,,False
13,noise,noise_realization_00,noise_realization_00,0.125,40,20,0.5,0.45,-0.009375,,False,,False
13,noise,noise_realization_00,noise_realization_00,0.25,40,20,0.5,0.5125,0.003125,,False,,False
13,noise,noise_realization_00,noise_realization_00,0.5,40,20,0.5,0.4375,-0.015625,,False,,False
13,noise,noise_realization_00,noise_realization_00,1.0,40,20,0.5,0.525,0.00625,,False,,False
13,noise,noise_realization_00,noise_realization_00,2.0,40,20,0.5,0.5,0.0,,False,,False
13,noise,noise_realization_00,noise_realization_00,4.0,40,20,0.5,0.5375,0.009375,,False,,False
13,noise,noise_realization_00,noise_realization_00,8.0,40,20,0.5,0.5375,0.00625,,False,,False
13,noise,noise_realization_00,noise_realization_00,16.0,40,20,0.5,0.5625,0.03125,,False,,False
13,noise,noise_realization_00,noise_realization_00,32.0,40,20,0.5,0.6875,0.10625,,False,,False
13,noise,noise_realization_00,noise_realization_00,64.0,40,20,0.5,0.675,0.1625,,False,,False
13,noise,noise_realization_00,noise_realization_00,128.0,40,20,0.5,0.675,0.253125,,False,,False
13,noise,noise_realization_00,noise_realization_00,256.0,40,20,0.5,0.5625,0.296875,,False,,False
13,noise,noise_realization_00,noise_realization_00,512.0,40,20,0.525,0.525,0.246875,,False,,False
13,noise,noise_realization_00,noise_realization_00,1024.0,40,20,0.5125,0.525,0.19375,,False,,False
13,noise,noise_realization_00,noise_realization_00,2048.0,40,20,0.55,0.5375,0.2375,,False,,False
13,noise,noise_realization_00,noise_realization_00,4096.0,40,20,0.5375,0.625,0.35625,,False,,False
13,noise,noise_realization_00,noise_realization_00,8192.0,40,20,0.575,0.6,0.34375,,False,,False
13,noise,noise_realization_01,noise_realization_01,0.0625,40,20,0.5,0.475,-0.009375,,False,,False
13,noise,noise_realization_01,noise_realization_01,0.125,40,20,0.5,0.4375,-0.015625,,False,,False
13,noise,noise_realization_01,noise_realization_01,0.25,40,20,0.5,0.4125,-0.021875,,False,,False
13,noise,noise_realization_01,noise_realization_01,0.5,40,20,0.5,0.475,-0.00625,,False,,False
13,noise,noise_realization_01,noise_realization_01,1.0,40,20,0.5,0.45,-0.0125,,False,,False
13,noise,noise_realization_01,noise_realization_01,2.0,40,20,0.5,0.475,-0.00625,,False,,False
13,noise,noise_realization_01,noise_realization_01,4.0,40,20,0.5,0.4625,-0.00625,,False,,False
13,noise,noise_realization_01,noise_realization_01,8.0,40,20,0.5,0.525,0.0125,,False,,False
13,noise,noise_realization_01,noise_realization_01,16.0,40,20,0.5,0.4875,-0.003125,,False,,False
13,noise,noise_realization_01,noise_realization_01,32.0,40,20,0.5,0.65,0.053125,,False,,False
13,noise,noise_realization_01,noise_realization_01,64.0,40,20,0.5,0.7125,0.153125,,False,,False
13,noise,noise_realization_01,noise_realization_01,128.0,40,20,0.5,0.65,0.278125,,False,,False
13,noise,noise_realization_01,noise_realization_01,256.0,40,20,0.5,0.6,0.303125,,False,,False
13,noise,noise_realization_01,noise_realization_01,512.0,40,20,0.4875,0.5625,0.240625,,False,,False
13,noise,noise_realization_01,noise_realization_01,1024.0,40,20,0.575,0.6,0.346875,,False,,False
13,noise,noise_realization_01,noise_realization_01,2048.0,40,20,0.575,0.5375,0.290625,,False,,False
13,noise,noise_realization_01,noise_realization_01,4096.0,40,20,0.55,0.6,0.321875,,False,,False
13,noise,noise_realization_01,noise_realization_01,8192.0,40,20,0.5375,0.5375,0.3,,False,,False
13,random,fixed_random__block_13__0000,0000,0.0625,40,20,0.5,0.45,-0.0125,,False,,False
13,random,fixed_random__block_13__0000,0000,0.125,40,20,0.5,0.525,0.00625,,False,,False
13,random,fixed_random__block_13__0000,0000,0.25,40,20,0.5,0.4875,-0.003125,,False,,False
13,random,fixed_random__block_13__0000,0000,0.5,40,20,0.5,0.5,-0.003125,,False,,False
13,random,fixed_random__block_13__0000,0000,1.0,40,20,0.5,0.475,-0.00625,,False,,False
13,random,fixed_random__block_13__0000,0000,2.0,40,20,0.5,0.525,0.00625,,False,,False
13,random,fixed_random__block_13__0000,0000,4.0,40,20,0.5,0.5125,0.00625,,False,,False
13,random,fixed_random__block_13__0000,0000,8.0,40,20,0.5,0.5375,0.0125,,False,,False
13,random,fixed_random__block_13__0000,0000,16.0,40,20,0.5,0.5875,0.021875,,False,,False
13,random,fixed_random__block_13__0000,0000,32.0,40,20,0.5,0.675,0.053125,,False,,False
13,random,fixed_random__block_13__0000,0000,64.0,40,20,0.5,0.8625,0.203125,,False,,False
13,random,fixed_random__block_13__0000,0000,128.0,40,20,0.5125,0.75,0.353125,,False,,False
13,random,fixed_random__block_13__0000,0000,256.0,40,20,0.5125,0.525,0.3625,,False,,False
13,random,fixed_random__block_13__0000,0000,512.0,40,20,0.5,0.5125,0.3125,,False,,False
13,random,fixed_random__block_13__0000,0000,1024.0,40,20,0.5,0.5125,0.3125,,False,,False
13,random,fixed_random__block_13__0000,0000,2048.0,40,20,0.5,0.5375,0.340625,,False,,False
13,random,fixed_random__block_13__0000,0000,4096.0,40,20,0.5,0.5375,0.3125,,False,,False
13,random,fixed_random__block_13__0000,0000,8192.0,40,20,0.5,0.55,0.3125,,False,,False
13,random,fixed_random__block_13__0001,0001,0.0625,40,20,0.5,0.45,-0.0125,,False,,False
13,random,fixed_random__block_13__0001,0001,0.125,40,20,0.5,0.4875,0.0,,False,,False
13,random,fixed_random__block_13__0001,0001,0.25,40,20,0.5,0.4875,0.0,,False,,False
13,random,fixed_random__block_13__0001,0001,0.5,40,20,0.5,0.525,0.00625,,False,,False
13,random,fixed_random__block_13__0001,0001,1.0,40,20,0.5,0.475,-0.00625,,False,,False
13,random,fixed_random__block_13__0001,0001,2.0,40,20,0.5,0.45,-0.015625,,False,,False
13,random,fixed_random__block_13__0001,0001,4.0,40,20,0.5,0.475,-0.009375,,False,,False
13,random,fixed_random__block_13__0001,0001,8.0,40,20,0.5,0.4375,-0.01875,,False,,False
13,random,fixed_random__block_13__0001,0001,16.0,40,20,0.5,0.425,-0.01875,,False,,False
13,random,fixed_random__block_13__0001,0001,32.0,40,20,0.5,0.4625,-0.015625,,False,,False
13,random,fixed_random__block_13__0001,0001,64.0,40,20,0.5,0.525,0.065625,,False,,False
13,random,fixed_random__block_13__0001,0001,128.0,40,20,0.5,0.5625,0.2,,False,,False
13,random,fixed_random__block_13__0001,0001,256.0,40,20,0.5,0.5625,0.2625,,False,,False
13,random,fixed_random__block_13__0001,0001,512.0,40,20,0.5,0.5375,0.2375,,False,,False
13,random,fixed_random__block_13__0001,0001,1024.0,40,20,0.5375,0.5,0.215625,,False,,False
13,random,fixed_random__block_13__0001,0001,2048.0,40,20,0.55,0.5,0.2375,,False,,False
13,random,fixed_random__block_13__0001,0001,4096.0,40,20,0.5125,0.5125,0.275,,False,,False
13,random,fixed_random__block_13__0001,0001,8192.0,40,20,0.5,0.55,0.265625,,False,,False
13,random,fixed_random__block_13__0002,0002,0.0625,40,20,0.5,0.5,0.0,,False,,False
13,random,fixed_random__block_13__0002,0002,0.125,40,20,0.5,0.4875,-0.003125,,False,,False
13,random,fixed_random__block_13__0002,0002,0.25,40,20,0.5,0.5125,0.003125,,False,,False
13,random,fixed_random__block_13__0002,0002,0.5,40,20,0.5,0.475,-0.003125,,False,,False
13,random,fixed_random__block_13__0002,0002,1.0,40,20,0.5,0.4,-0.025,,False,,False
13,random,fixed_random__block_13__0002,0002,2.0,40,20,0.5,0.45,-0.015625,,False,,False
13,random,fixed_random__block_13__0002,0002,4.0,40,20,0.5,0.4625,-0.009375,,False,,False
13,random,fixed_random__block_13__0002,0002,8.0,40,20,0.5,0.45,-0.009375,,False,,False
13,random,fixed_random__block_13__0002,0002,16.0,40,20,0.5,0.5375,0.00625,,False,,False
13,random,fixed_random__block_13__0002,0002,32.0,40,20,0.5,0.6,0.053125,,False,,False
13,random,fixed_random__block_13__0002,0002,64.0,40,20,0.5,0.725,0.19375,,False,,False
13,random,fixed_random__block_13__0002,0002,128.0,40,20,0.5,0.75,0.321875,,False,,False
13,random,fixed_random__block_13__0002,0002,256.0,40,20,0.5,0.6875,0.353125,,False,,False
13,random,fixed_random__block_13__0002,0002,512.0,40,20,0.5,0.5625,0.3125,,False,,False
13,random,fixed_random__block_13__0002,0002,1024.0,40,20,0.5,0.5125,0.284375,,False,,False
13,random,fixed_random__block_13__0002,0002,2048.0,40,20,0.525,0.5125,0.284375,,False,,False
13,random,fixed_random__block_13__0002,0002,4096.0,40,20,0.5625,0.5,0.30625,,False,,False
13,random,fixed_random__block_13__0002,0002,8192.0,40,20,0.5875,0.5,0.3125,,False,,False
14,concept,concept__block_14__Dust,Dust,0.0625,40,20,0.5,0.525,0.00625,,False,,False
14,concept,concept__block_14__Dust,Dust,0.125,40,20,0.5,0.55,0.0125,,False,,False
14,concept,concept__block_14__Dust,Dust,0.25,40,20,0.5,0.45,-0.0125,,False,,False
14,concept,concept__block_14__Dust,Dust,0.5,40,20,0.5,0.4375,-0.015625,,False,,False
14,concept,concept__block_14__Dust,Dust,1.0,40,20,0.5,0.525,0.00625,,False,,False
14,concept,concept__block_14__Dust,Dust,2.0,40,20,0.5,0.5625,0.0125,,False,,False
14,concept,concept__block_14__Dust,Dust,4.0,40,20,0.5,0.5625,0.01875,,False,,False
14,concept,concept__block_14__Dust,Dust,8.0,40,20,0.5,0.6625,0.04375,,False,,False
14,concept,concept__block_14__Dust,Dust,16.0,40,20,0.5,0.7375,0.084375,,False,,False
14,concept,concept__block_14__Dust,Dust,32.0,40,20,0.5,0.5625,0.09375,,False,,False
14,concept,concept__block_14__Dust,Dust,64.0,40,20,0.5,0.525,0.03125,,False,,False
14,concept,concept__block_14__Dust,Dust,128.0,40,20,0.5,0.4125,-0.0421875,,False,,False
14,concept,concept__block_14__Dust,Dust,256.0,40,20,0.5,0.525,-0.00078125,,False,,False
14,concept,concept__block_14__Dust,Dust,512.0,40,20,0.5,0.525,0.06328125,,False,,False
14,concept,concept__block_14__Dust,Dust,1024.0,40,20,0.5,0.525,0.081640625,,False,,False
14,concept,concept__block_14__Dust,Dust,2048.0,40,20,0.5,0.55,0.0880859375,,False,,False
14,concept,concept__block_14__Dust,Dust,4096.0,40,20,0.5,0.5375,0.0794921875,,False,,False
14,concept,concept__block_14__Dust,Dust,8192.0,40,20,0.5,0.55,0.09228515625,,False,,False
14,concept,concept__block_14__Satellites,Satellites,0.0625,40,20,0.5,0.5125,0.003125,,False,,False
14,concept,concept__block_14__Satellites,Satellites,0.125,40,20,0.5,0.4875,-0.003125,,False,,False
14,concept,concept__block_14__Satellites,Satellites,0.25,40,20,0.5,0.5,0.0,,False,,False
14,concept,concept__block_14__Satellites,Satellites,0.5,40,20,0.5,0.475,-0.00625,,False,,False
14,concept,concept__block_14__Satellites,Satellites,1.0,40,20,0.5,0.4375,-0.015625,,False,,False
14,concept,concept__block_14__Satellites,Satellites,2.0,40,20,0.5,0.4375,-0.015625,,False,,False
14,concept,concept__block_14__Satellites,Satellites,4.0,40,20,0.5,0.4875,-0.003125,,False,,False
14,concept,concept__block_14__Satellites,Satellites,8.0,40,20,0.5,0.4125,-0.025,,False,,False
14,concept,concept__block_14__Satellites,Satellites,16.0,40,20,0.5,0.4125,-0.03125,,False,,False
14,concept,concept__block_14__Satellites,Satellites,32.0,40,20,0.5,0.4375,-0.028125,,False,,False
14,concept,concept__block_14__Satellites,Satellites,64.0,40,20,0.5,0.5125,0.021875,,False,,False
14,concept,concept__block_14__Satellites,Satellites,128.0,40,20,0.5,0.5,0.003125,,False,,False
14,concept,concept__block_14__Satellites,Satellites,256.0,40,20,0.5,0.5125,0.025,,False,,False
14,concept,concept__block_14__Satellites,Satellites,512.0,40,20,0.5,0.5,0.0125,,False,,False
14,concept,concept__block_14__Satellites,Satellites,1024.0,40,20,0.5,0.5,0.009375,,False,,False
14,concept,concept__block_14__Satellites,Satellites,2048.0,40,20,0.5,0.5,0.034375,,False,,False
14,concept,concept__block_14__Satellites,Satellites,4096.0,40,20,0.5,0.5,0.04375,,False,,False
14,concept,concept__block_14__Satellites,Satellites,8192.0,40,20,0.5,0.5,0.053125,,False,,False
14,concept,concept__block_14__recursion,recursion,0.0625,40,20,0.5,0.5,0.0,,False,,False
14,concept,concept__block_14__recursion,recursion,0.125,40,20,0.5,0.475,-0.00625,,False,,False
14,concept,concept__block_14__recursion,recursion,0.25,40,20,0.5,0.475,-0.00625,,False,,False
14,concept,concept__block_14__recursion,recursion,0.5,40,20,0.5,0.5,0.0,,False,,False
14,concept,concept__block_14__recursion,recursion,1.0,40,20,0.5,0.4875,-0.003125,,False,,False
14,concept,concept__block_14__recursion,recursion,2.0,40,20,0.5,0.5,0.0,,False,,False
14,concept,concept__block_14__recursion,recursion,4.0,40,20,0.5,0.425,-0.01875,,False,,False
14,concept,concept__block_14__recursion,recursion,8.0,40,20,0.5,0.525,0.009375,,False,,False
14,concept,concept__block_14__recursion,recursion,16.0,40,20,0.5,0.4875,-0.003125,,False,,False
14,concept,concept__block_14__recursion,recursion,32.0,40,20,0.5,0.3875,-0.03125,,False,,False
14,concept,concept__block_14__recursion,recursion,64.0,40,20,0.5,0.5125,0.0,,False,,False
14,concept,concept__block_14__recursion,recursion,128.0,40,20,0.5,0.4,-0.028125,,False,,False
14,concept,concept__block_14__recursion,recursion,256.0,40,20,0.5,0.525,0.003125,,False,,False
14,concept,concept__block_14__recursion,recursion,512.0,40,20,0.5,0.4875,0.0,,False,,False
14,concept,concept__block_14__recursion,recursion,1024.0,40,20,0.5,0.5125,0.003125,,False,,False
14,concept,concept__block_14__recursion,recursion,2048.0,40,20,0.5,0.5375,0.009375,,False,,False
14,concept,concept__block_14__recursion,recursion,4096.0,40,20,0.5,0.525,0.003125,,False,,False
14,concept,concept__block_14__recursion,recursion,8192.0,40,20,0.5,0.5625,0.0125,,False,,False
14,concept,concept__block_14__shutdown,shutdown,0.0625,40,20,0.5,0.4875,-0.003125,,False,,False
14,concept,concept__block_14__shutdown,shutdown,0.125,40,20,0.5,0.5,0.0,,False,,False
14,concept,concept__block_14__shutdown,shutdown,0.25,40,20,0.5,0.475,-0.00625,,False,,False
14,concept,concept__block_14__shutdown,shutdown,0.5,40,20,0.5,0.5,0.0,,False,,False
14,concept,concept__block_14__shutdown,shutdown,1.0,40,20,0.5,0.4875,-0.003125,,False,,False
14,concept,concept__block_14__shutdown,shutdown,2.0,40,20,0.5,0.4875,-0.003125,,False,,False
14,concept,concept__block_14__shutdown,shutdown,4.0,40,20,0.5,0.45,-0.0125,,False,,False
14,concept,concept__block_14__shutdown,shutdown,8.0,40,20,0.5,0.4125,-0.021875,,False,,False
14,concept,concept__block_14__shutdown,shutdown,16.0,40,20,0.5,0.3625,-0.0375,,False,,False
14,concept,concept__block_14__shutdown,shutdown,32.0,40,20,0.5,0.425,-0.028125,,False,,False
14,concept,concept__block_14__shutdown,shutdown,64.0,40,20,0.5,0.475,-0.0125,,False,,False
14,concept,concept__block_14__shutdown,shutdown,128.0,40,20,0.5,0.45,-0.00625,,False,,False
14,concept,concept__block_14__shutdown,shutdown,256.0,40,20,0.5,0.475,-0.00625,,False,,False
14,concept,concept__block_14__shutdown,shutdown,512.0,40,20,0.5,0.5,0.00625,,False,,False
14,concept,concept__block_14__shutdown,shutdown,1024.0,40,20,0.5,0.55,0.01875,,False,,False
14,concept,concept__block_14__shutdown,shutdown,2048.0,40,20,0.5,0.5375,0.0,,False,,False
14,concept,concept__block_14__shutdown,shutdown,4096.0,40,20,0.5,0.4875,-0.009375,,False,,False
14,concept,concept__block_14__shutdown,shutdown,8192.0,40,20,0.5,0.5125,-0.015625,,False,,False
14,dropout,dropout_realization_00,dropout_realization_00,0.0625,40,20,0.5,0.5,0.0,,False,,False
14,dropout,dropout_realization_00,dropout_realization_00,0.125,40,20,0.5,0.5,0.0,,False,,False
14,dropout,dropout_realization_00,dropout_realization_00,0.25,40,20,0.5,0.5375,0.009375,,False,,False
14,dropout,dropout_realization_00,dropout_realization_00,0.5,40,20,0.5,0.5375,0.009375,,False,,False
14,dropout,dropout_realization_00,dropout_realization_00,1.0,40,20,0.5,0.5125,0.003125,,False,,False
14,dropout,dropout_realization_00,dropout_realization_00,2.0,40,20,0.5,0.5,0.003125,,False,,False
14,dropout,dropout_realization_00,dropout_realization_00,4.0,40,20,0.5,0.525,0.00625,,False,,False
14,dropout,dropout_realization_00,dropout_realization_00,8.0,40,20,0.5,0.4875,-0.003125,,False,,False
14,dropout,dropout_realization_00,dropout_realization_00,16.0,40,20,0.5,0.4,-0.025,,False,,False
14,dropout,dropout_realization_00,dropout_realization_00,32.0,40,20,0.5,0.5875,0.021875,,False,,False
14,dropout,dropout_realization_00,dropout_realization_00,64.0,40,20,0.5,0.4125,-0.01875,,False,,False
14,dropout,dropout_realization_00,dropout_realization_00,128.0,40,20,0.5,0.525,0.0625,,False,,False
14,dropout,dropout_realization_00,dropout_realization_00,256.0,40,20,0.5,0.4375,-0.0375,,False,,False
14,dropout,dropout_realization_00,dropout_realization_00,512.0,40,20,0.5,0.5,0.090625,,False,,False
14,dropout,dropout_realization_00,dropout_realization_00,1024.0,40,20,0.475,0.5,-0.01875,,False,,False
14,dropout,dropout_realization_00,dropout_realization_00,2048.0,40,20,0.525,0.5125,0.0578125,,False,,False
14,dropout,dropout_realization_00,dropout_realization_00,4096.0,40,20,0.475,0.4625,-0.003125,,False,,False
14,dropout,dropout_realization_00,dropout_realization_00,8192.0,40,20,0.5,0.475,0.034375,,False,,False
14,dropout,dropout_realization_01,dropout_realization_01,0.0625,40,20,0.5,0.5,0.0,,False,,False
14,dropout,dropout_realization_01,dropout_realization_01,0.125,40,20,0.5,0.5,0.0,,False,,False
14,dropout,dropout_realization_01,dropout_realization_01,0.25,40,20,0.5,0.475,-0.00625,,False,,False
14,dropout,dropout_realization_01,dropout_realization_01,0.5,40,20,0.5,0.5125,0.003125,,False,,False
14,dropout,dropout_realization_01,dropout_realization_01,1.0,40,20,0.5,0.5,0.0,,False,,False
14,dropout,dropout_realization_01,dropout_realization_01,2.0,40,20,0.5,0.525,0.00625,,False,,False
14,dropout,dropout_realization_01,dropout_realization_01,4.0,40,20,0.5,0.45,-0.015625,,False,,False
14,dropout,dropout_realization_01,dropout_realization_01,8.0,40,20,0.5,0.55,0.0125,,False,,False
14,dropout,dropout_realization_01,dropout_realization_01,16.0,40,20,0.5,0.475,-0.003125,,False,,False
14,dropout,dropout_realization_01,dropout_realization_01,32.0,40,20,0.5,0.45,-0.009375,,False,,False
14,dropout,dropout_realization_01,dropout_realization_01,64.0,40,20,0.5,0.5125,0.021875,,False,,False
14,dropout,dropout_realization_01,dropout_realization_01,128.0,40,20,0.5,0.575,0.040625,,False,,False
14,dropout,dropout_realization_01,dropout_realization_01,256.0,40,20,0.5125,0.5125,-0.015625,,False,,False
14,dropout,dropout_realization_01,dropout_realization_01,512.0,40,20,0.525,0.475,-0.009375,,False,,False
14,dropout,dropout_realization_01,dropout_realization_01,1024.0,40,20,0.5125,0.4625,-0.1546875,,False,,False
14,dropout,dropout_realization_01,dropout_realization_01,2048.0,40,20,0.4625,0.5125,-0.028125,,False,,False
14,dropout,dropout_realization_01,dropout_realization_01,4096.0,40,20,0.5,0.4375,-0.065625,,False,,False
14,dropout,dropout_realization_01,dropout_realization_01,8192.0,40,20,0.5,0.5125,-0.028125,,False,,False
14,noise,noise_realization_00,noise_realization_00,0.0625,40,20,0.5,0.5375,0.009375,,False,,False
14,noise,noise_realization_00,noise_realization_00,0.125,40,20,0.5,0.4875,-0.003125,,False,,False
14,noise,noise_realization_00,noise_realization_00,0.25,40,20,0.5,0.425,-0.01875,,False,,False
14,noise,noise_realization_00,noise_realization_00,0.5,40,20,0.5,0.4875,-0.003125,,False,,False
14,noise,noise_realization_00,noise_realization_00,1.0,40,20,0.5,0.525,0.00625,,False,,False
14,noise,noise_realization_00,noise_realization_00,2.0,40,20,0.5,0.475,-0.00625,,False,,False
14,noise,noise_realization_00,noise_realization_00,4.0,40,20,0.5,0.45,-0.0125,,False,,False
14,noise,noise_realization_00,noise_realization_00,8.0,40,20,0.5,0.4875,-0.003125,,False,,False
14,noise,noise_realization_00,noise_realization_00,16.0,40,20,0.5,0.475,-0.00625,,False,,False
14,noise,noise_realization_00,noise_realization_00,32.0,40,20,0.5,0.475,-0.00625,,False,,False
14,noise,noise_realization_00,noise_realization_00,64.0,40,20,0.5,0.475,-0.003125,,False,,False
14,noise,noise_realization_00,noise_realization_00,128.0,40,20,0.5,0.4375,-0.021875,,False,,False
14,noise,noise_realization_00,noise_realization_00,256.0,40,20,0.5,0.475,-0.03125,,False,,False
14,noise,noise_realization_00,noise_realization_00,512.0,40,20,0.5,0.425,-0.025,,False,,False
14,noise,noise_realization_00,noise_realization_00,1024.0,40,20,0.475,0.475,-0.053125,,False,,False
14,noise,noise_realization_00,noise_realization_00,2048.0,40,20,0.5,0.5,0.003125,,False,,False
14,noise,noise_realization_00,noise_realization_00,4096.0,40,20,0.475,0.4875,-0.05,,False,,False
14,noise,noise_realization_00,noise_realization_00,8192.0,40,20,0.5,0.4,-0.0875,,False,,False
14,noise,noise_realization_01,noise_realization_01,0.0625,40,20,0.5,0.5,0.0,,False,,False
14,noise,noise_realization_01,noise_realization_01,0.125,40,20,0.5,0.525,0.00625,,False,,False
14,noise,noise_realization_01,noise_realization_01,0.25,40,20,0.5,0.525,0.00625,,False,,False
14,noise,noise_realization_01,noise_realization_01,0.5,40,20,0.5,0.5,0.0,,False,,False
14,noise,noise_realization_01,noise_realization_01,1.0,40,20,0.5,0.4875,-0.003125,,False,,False
14,noise,noise_realization_01,noise_realization_01,2.0,40,20,0.5,0.525,0.00625,,False,,False
14,noise,noise_realization_01,noise_realization_01,4.0,40,20,0.5,0.4625,-0.0125,,False,,False
14,noise,noise_realization_01,noise_realization_01,8.0,40,20,0.5,0.55,0.0125,,False,,False
14,noise,noise_realization_01,noise_realization_01,16.0,40,20,0.5,0.475,-0.00625,,False,,False
14,noise,noise_realization_01,noise_realization_01,32.0,40,20,0.5,0.5,0.0,,False,,False
14,noise,noise_realization_01,noise_realization_01,64.0,40,20,0.5,0.55,0.015625,,False,,False
14,noise,noise_realization_01,noise_realization_01,128.0,40,20,0.5,0.475,-0.015625,,False,,False
14,noise,noise_realization_01,noise_realization_01,256.0,40,20,0.5,0.45,-0.0125,,False,,False
14,noise,noise_realization_01,noise_realization_01,512.0,40,20,0.5,0.4875,0.04375,,False,,False
14,noise,noise_realization_01,noise_realization_01,1024.0,40,20,0.5,0.4875,0.0375,,False,,False
14,noise,noise_realization_01,noise_realization_01,2048.0,40,20,0.5,0.4875,-0.04375,,False,,False
14,noise,noise_realization_01,noise_realization_01,4096.0,40,20,0.5,0.4125,-0.078125,,False,,False
14,noise,noise_realization_01,noise_realization_01,8192.0,40,20,0.5,0.5,-0.028125,,False,,False
14,random,fixed_random__block_14__0000,0000,0.0625,40,20,0.5,0.4625,-0.009375,,False,,False
14,random,fixed_random__block_14__0000,0000,0.125,40,20,0.5,0.5125,0.0,,False,,False
14,random,fixed_random__block_14__0000,0000,0.25,40,20,0.5,0.4875,-0.003125,,False,,False
14,random,fixed_random__block_14__0000,0000,0.5,40,20,0.5,0.4625,-0.009375,,False,,False
14,random,fixed_random__block_14__0000,0000,1.0,40,20,0.5,0.5,0.003125,,False,,False
14,random,fixed_random__block_14__0000,0000,2.0,40,20,0.5,0.525,0.00625,,False,,False
14,random,fixed_random__block_14__0000,0000,4.0,40,20,0.5,0.525,0.00625,,False,,False
14,random,fixed_random__block_14__0000,0000,8.0,40,20,0.5,0.4875,-0.003125,,False,,False
14,random,fixed_random__block_14__0000,0000,16.0,40,20,0.5,0.525,0.00625,,False,,False
14,random,fixed_random__block_14__0000,0000,32.0,40,20,0.5,0.4875,-0.003125,,False,,False
14,random,fixed_random__block_14__0000,0000,64.0,40,20,0.5,0.5,0.0,,False,,False
14,random,fixed_random__block_14__0000,0000,128.0,40,20,0.5,0.45,-0.01875,,False,,False
14,random,fixed_random__block_14__0000,0000,256.0,40,20,0.5,0.55,0.01875,,False,,False
14,random,fixed_random__block_14__0000,0000,512.0,40,20,0.5,0.4375,-0.003125,,False,,False
14,random,fixed_random__block_14__0000,0000,1024.0,40,20,0.5,0.4875,0.00625,,False,,False
14,random,fixed_random__block_14__0000,0000,2048.0,40,20,0.5,0.45,-0.003125,,False,,False
14,random,fixed_random__block_14__0000,0000,4096.0,40,20,0.5,0.4125,-0.0359375,,False,,False
14,random,fixed_random__block_14__0000,0000,8192.0,40,20,0.5,0.4375,-0.0234375,,False,,False
14,random,fixed_random__block_14__0001,0001,0.0625,40,20,0.5,0.4625,-0.009375,,False,,False
14,random,fixed_random__block_14__0001,0001,0.125,40,20,0.5,0.525,0.00625,,False,,False
14,random,fixed_random__block_14__0001,0001,0.25,40,20,0.5,0.5375,0.009375,,False,,False
14,random,fixed_random__block_14__0001,0001,0.5,40,20,0.5,0.4875,-0.003125,,False,,False
14,random,fixed_random__block_14__0001,0001,1.0,40,20,0.5,0.4375,-0.015625,,False,,False
14,random,fixed_random__block_14__0001,0001,2.0,40,20,0.5,0.475,-0.00625,,False,,False
14,random,fixed_random__block_14__0001,0001,4.0,40,20,0.5,0.5,0.0,,False,,False
14,random,fixed_random__block_14__0001,0001,8.0,40,20,0.5,0.4875,-0.003125,,False,,False
14,random,fixed_random__block_14__0001,0001,16.0,40,20,0.5,0.4875,-0.00625,,False,,False
14,random,fixed_random__block_14__0001,0001,32.0,40,20,0.5,0.4125,-0.025,,False,,False
14,random,fixed_random__block_14__0001,0001,64.0,40,20,0.5,0.425,-0.03125,,False,,False
14,random,fixed_random__block_14__0001,0001,128.0,40,20,0.5,0.4625,-0.059375,,False,,False
14,random,fixed_random__block_14__0001,0001,256.0,40,20,0.5,0.4875,-0.028125,,False,,False
14,random,fixed_random__block_14__0001,0001,512.0,40,20,0.4875,0.5,0.04375,,False,,False
14,random,fixed_random__block_14__0001,0001,1024.0,40,20,0.5,0.525,0.021875,,False,,False
14,random,fixed_random__block_14__0001,0001,2048.0,40,20,0.5,0.5,-0.05,,False,,False
14,random,fixed_random__block_14__0001,0001,4096.0,40,20,0.5,0.4875,-0.078125,,False,,False
14,random,fixed_random__block_14__0001,0001,8192.0,40,20,0.5,0.475,-0.078125,,False,,False
14,random,fixed_random__block_14__0002,0002,0.0625,40,20,0.5,0.5,-0.003125,,False,,False
14,random,fixed_random__block_14__0002,0002,0.125,40,20,0.5,0.5,0.003125,,False,,False
14,random,fixed_random__block_14__0002,0002,0.25,40,20,0.5,0.55,0.0125,,False,,False
14,random,fixed_random__block_14__0002,0002,0.5,40,20,0.5,0.55,0.0125,,False,,False
14,random,fixed_random__block_14__0002,0002,1.0,40,20,0.5,0.5,0.0,,False,,False
14,random,fixed_random__block_14__0002,0002,2.0,40,20,0.5,0.5,0.0,,False,,False
14,random,fixed_random__block_14__0002,0002,4.0,40,20,0.5,0.475,-0.00625,,False,,False
14,random,fixed_random__block_14__0002,0002,8.0,40,20,0.5,0.4625,-0.009375,,False,,False
14,random,fixed_random__block_14__0002,0002,16.0,40,20,0.5,0.5,0.0,,False,,False
14,random,fixed_random__block_14__0002,0002,32.0,40,20,0.5,0.475,-0.009375,,False,,False
14,random,fixed_random__block_14__0002,0002,64.0,40,20,0.5,0.3375,-0.046875,,False,,False
14,random,fixed_random__block_14__0002,0002,128.0,40,20,0.5,0.4,-0.0625,,False,,False
14,random,fixed_random__block_14__0002,0002,256.0,40,20,0.5,0.475,-0.040625,,False,,False
14,random,fixed_random__block_14__0002,0002,512.0,40,20,0.5,0.425,-0.046875,,False,,False
14,random,fixed_random__block_14__0002,0002,1024.0,40,20,0.5,0.45,-0.05,,False,,False
14,random,fixed_random__block_14__0002,0002,2048.0,40,20,0.5,0.4125,-0.059375,,False,,False
14,random,fixed_random__block_14__0002,0002,4096.0,40,20,0.5,0.4125,-0.065625,,False,,False
14,random,fixed_random__block_14__0002,0002,8192.0,40,20,0.5,0.35,-0.059375,,False,,False
15,concept,concept__block_15__Dust,Dust,0.0625,40,20,0.5,0.4875,-0.003125,,False,,False
15,concept,concept__block_15__Dust,Dust,0.125,40,20,0.5,0.5375,0.009375,,False,,False
15,concept,concept__block_15__Dust,Dust,0.25,40,20,0.5,0.525,0.00625,,False,,False
15,concept,concept__block_15__Dust,Dust,0.5,40,20,0.5,0.5125,0.003125,,False,,False
15,concept,concept__block_15__Dust,Dust,1.0,40,20,0.5,0.525,0.00625,,False,,False
15,concept,concept__block_15__Dust,Dust,2.0,40,20,0.5,0.5875,0.025,,False,,False
15,concept,concept__block_15__Dust,Dust,4.0,40,20,0.5,0.675,0.046875,,False,,False
15,concept,concept__block_15__Dust,Dust,8.0,40,20,0.5,0.7375,0.0625,,False,,False
15,concept,concept__block_15__Dust,Dust,16.0,40,20,0.5,0.8375,0.109375,,False,,False
15,concept,concept__block_15__Dust,Dust,32.0,40,20,0.5,0.925,0.159375,,False,,False
15,concept,concept__block_15__Dust,Dust,64.0,40,20,0.5,0.6625,0.096875,,False,,False
15,concept,concept__block_15__Dust,Dust,128.0,40,20,0.5,0.55,0.034375,,False,,False
15,concept,concept__block_15__Dust,Dust,256.0,40,20,0.5,0.5125,0.034375,,False,,False
15,concept,concept__block_15__Dust,Dust,512.0,40,20,0.5,0.4125,0.046875,,False,,False
15,concept,concept__block_15__Dust,Dust,1024.0,40,20,0.5,0.5,0.078125,,False,,False
15,concept,concept__block_15__Dust,Dust,2048.0,40,20,0.5,0.5,0.089453125,,False,,False
15,concept,concept__block_15__Dust,Dust,4096.0,40,20,0.5,0.5,0.099609375,,False,,False
15,concept,concept__block_15__Dust,Dust,8192.0,40,20,0.5,0.5,0.098046875,,False,,False
15,concept,concept__block_15__Satellites,Satellites,0.0625,40,20,0.5,0.5,0.0,,False,,False
15,concept,concept__block_15__Satellites,Satellites,0.125,40,20,0.5,0.4625,-0.009375,,False,,False
15,concept,concept__block_15__Satellites,Satellites,0.25,40,20,0.5,0.475,-0.00625,,False,,False
15,concept,concept__block_15__Satellites,Satellites,0.5,40,20,0.5,0.4875,-0.003125,,False,,False
15,concept,concept__block_15__Satellites,Satellites,1.0,40,20,0.5,0.425,-0.01875,,False,,False
15,concept,concept__block_15__Satellites,Satellites,2.0,40,20,0.5,0.5,0.0,,False,,False
15,concept,concept__block_15__Satellites,Satellites,4.0,40,20,0.5,0.4375,-0.015625,,False,,False
15,concept,concept__block_15__Satellites,Satellites,8.0,40,20,0.5,0.425,-0.021875,,False,,False
15,concept,concept__block_15__Satellites,Satellites,16.0,40,20,0.5,0.4375,-0.025,,False,,False
15,concept,concept__block_15__Satellites,Satellites,32.0,40,20,0.5,0.5125,-0.00625,,False,,False
15,concept,concept__block_15__Satellites,Satellites,64.0,40,20,0.5,0.475,0.003125,,False,,False
15,concept,concept__block_15__Satellites,Satellites,128.0,40,20,0.5,0.5125,0.015625,,False,,False
15,concept,concept__block_15__Satellites,Satellites,256.0,40,20,0.5,0.5375,0.0,,False,,False
15,concept,concept__block_15__Satellites,Satellites,512.0,40,20,0.5,0.5,-0.021875,,False,,False
15,concept,concept__block_15__Satellites,Satellites,1024.0,40,20,0.5,0.5,0.0,,False,,False
15,concept,concept__block_15__Satellites,Satellites,2048.0,40,20,0.5,0.5,0.0,,False,,False
15,concept,concept__block_15__Satellites,Satellites,4096.0,40,20,0.5,0.5,0.003125,,False,,False
15,concept,concept__block_15__Satellites,Satellites,8192.0,40,20,0.5,0.5,0.0,,False,,False
15,concept,concept__block_15__recursion,recursion,0.0625,40,20,0.5,0.5375,0.009375,,False,,False
15,concept,concept__block_15__recursion,recursion,0.125,40,20,0.5,0.475,-0.00625,,False,,False
15,concept,concept__block_15__recursion,recursion,0.25,40,20,0.5,0.5375,0.009375,,False,,False
15,concept,concept__block_15__recursion,recursion,0.5,40,20,0.5,0.475,-0.00625,,False,,False
15,concept,concept__block_15__recursion,recursion,1.0,40,20,0.5,0.425,-0.01875,,False,,False
15,concept,concept__block_15__recursion,recursion,2.0,40,20,0.5,0.4875,-0.003125,,False,,False
15,concept,concept__block_15__recursion,recursion,4.0,40,20,0.5,0.45,-0.0125,,False,,False
15,concept,concept__block_15__recursion,recursion,8.0,40,20,0.5,0.4875,-0.003125,,False,,False
15,concept,concept__block_15__recursion,recursion,16.0,40,20,0.5,0.4375,-0.015625,,False,,False
15,concept,concept__block_15__recursion,recursion,32.0,40,20,0.5,0.4125,-0.01875,,False,,False
15,concept,concept__block_15__recursion,recursion,64.0,40,20,0.5,0.3625,-0.034375,,False,,False
15,concept,concept__block_15__recursion,recursion,128.0,40,20,0.5,0.4875,0.0,,False,,False
15,concept,concept__block_15__recursion,recursion,256.0,40,20,0.5,0.4375,-0.015625,,False,,False
15,concept,concept__block_15__recursion,recursion,512.0,40,20,0.5,0.5,-0.003125,,False,,False
15,concept,concept__block_15__recursion,recursion,1024.0,40,20,0.5,0.425,-0.021875,,False,,False
15,concept,concept__block_15__recursion,recursion,2048.0,40,20,0.5,0.4375,-0.015625,,False,,False
15,concept,concept__block_15__recursion,recursion,4096.0,40,20,0.5,0.5,-0.00625,,False,,False
15,concept,concept__block_15__recursion,recursion,8192.0,40,20,0.5,0.4875,-0.00625,,False,,False
15,concept,concept__block_15__shutdown,shutdown,0.0625,40,20,0.5,0.4875,-0.003125,,False,,False
15,concept,concept__block_15__shutdown,shutdown,0.125,40,20,0.5,0.45,-0.0125,,False,,False
15,concept,concept__block_15__shutdown,shutdown,0.25,40,20,0.5,0.5125,0.003125,,False,,False
15,concept,concept__block_15__shutdown,shutdown,0.5,40,20,0.5,0.5375,0.009375,,False,,False
15,concept,concept__block_15__shutdown,shutdown,1.0,40,20,0.5,0.425,-0.01875,,False,,False
15,concept,concept__block_15__shutdown,shutdown,2.0,40,20,0.5,0.4125,-0.021875,,False,,False
15,concept,concept__block_15__shutdown,shutdown,4.0,40,20,0.5,0.45,-0.0125,,False,,False
15,concept,concept__block_15__shutdown,shutdown,8.0,40,20,0.5,0.375,-0.03125,,False,,False
15,concept,concept__block_15__shutdown,shutdown,16.0,40,20,0.5,0.425,-0.01875,,False,,False
15,concept,concept__block_15__shutdown,shutdown,32.0,40,20,0.5,0.4,-0.028125,,False,,False
15,concept,concept__block_15__shutdown,shutdown,64.0,40,20,0.5,0.4375,-0.021875,,False,,False
15,concept,concept__block_15__shutdown,shutdown,128.0,40,20,0.5,0.5125,0.00625,,False,,False
15,concept,concept__block_15__shutdown,shutdown,256.0,40,20,0.5,0.4875,-0.00625,,False,,False
15,concept,concept__block_15__shutdown,shutdown,512.0,40,20,0.5,0.5,-0.015625,,False,,False
15,concept,concept__block_15__shutdown,shutdown,1024.0,40,20,0.5,0.4875,-0.01875,,False,,False
15,concept,concept__block_15__shutdown,shutdown,2048.0,40,20,0.5,0.5,-0.01875,,False,,False
15,concept,concept__block_15__shutdown,shutdown,4096.0,40,20,0.5,0.4875,-0.015625,,False,,False
15,concept,concept__block_15__shutdown,shutdown,8192.0,40,20,0.5,0.5,-0.01875,,False,,False
15,dropout,dropout_realization_00,dropout_realization_00,0.0625,40,20,0.5,0.5,0.0,,False,,False
15,dropout,dropout_realization_00,dropout_realization_00,0.125,40,20,0.5,0.5,0.0,,False,,False
15,dropout,dropout_realization_00,dropout_realization_00,0.25,40,20,0.5,0.5,0.0,,False,,False
15,dropout,dropout_realization_00,dropout_realization_00,0.5,40,20,0.5,0.5125,0.003125,,False,,False
15,dropout,dropout_realization_00,dropout_realization_00,1.0,40,20,0.5,0.4875,-0.003125,,False,,False
15,dropout,dropout_realization_00,dropout_realization_00,2.0,40,20,0.5,0.4875,-0.003125,,False,,False
15,dropout,dropout_realization_00,dropout_realization_00,4.0,40,20,0.5,0.4625,-0.009375,,False,,False
15,dropout,dropout_realization_00,dropout_realization_00,8.0,40,20,0.5,0.525,0.00625,,False,,False
15,dropout,dropout_realization_00,dropout_realization_00,16.0,40,20,0.5,0.5,0.0,,False,,False
15,dropout,dropout_realization_00,dropout_realization_00,32.0,40,20,0.5,0.5,0.00625,,False,,False
15,dropout,dropout_realization_00,dropout_realization_00,64.0,40,20,0.5,0.5,0.0,,False,,False
15,dropout,dropout_realization_00,dropout_realization_00,128.0,40,20,0.5,0.5125,0.003125,,False,,False
15,dropout,dropout_realization_00,dropout_realization_00,256.0,40,20,0.5,0.4375,0.009375,,False,,False
15,dropout,dropout_realization_00,dropout_realization_00,512.0,40,20,0.4875,0.5125,0.025,,False,,False
15,dropout,dropout_realization_00,dropout_realization_00,1024.0,40,20,0.45,0.5,-0.0125,,False,,False
15,dropout,dropout_realization_00,dropout_realization_00,2048.0,40,20,0.5375,0.4875,-0.07265625,,False,,False
15,dropout,dropout_realization_00,dropout_realization_00,4096.0,40,20,0.5,0.4375,-0.009375,,False,,False
15,dropout,dropout_realization_00,dropout_realization_00,8192.0,40,20,0.5,0.5875,0.10625,,False,,False
15,dropout,dropout_realization_01,dropout_realization_01,0.0625,40,20,0.5,0.5,0.0,,False,,False
15,dropout,dropout_realization_01,dropout_realization_01,0.125,40,20,0.5,0.5,0.0,,False,,False
15,dropout,dropout_realization_01,dropout_realization_01,0.25,40,20,0.5,0.5375,0.009375,,False,,False
15,dropout,dropout_realization_01,dropout_realization_01,0.5,40,20,0.5,0.5125,0.003125,,False,,False
15,dropout,dropout_realization_01,dropout_realization_01,1.0,40,20,0.5,0.4875,0.0,,False,,False
15,dropout,dropout_realization_01,dropout_realization_01,2.0,40,20,0.5,0.475,-0.00625,,False,,False
15,dropout,dropout_realization_01,dropout_realization_01,4.0,40,20,0.5,0.5,0.0,,False,,False
15,dropout,dropout_realization_01,dropout_realization_01,8.0,40,20,0.5,0.5125,0.003125,,False,,False
15,dropout,dropout_realization_01,dropout_realization_01,16.0,40,20,0.5,0.4875,0.0,,False,,False
15,dropout,dropout_realization_01,dropout_realization_01,32.0,40,20,0.5,0.525,0.009375,,False,,False
15,dropout,dropout_realization_01,dropout_realization_01,64.0,40,20,0.5,0.525,0.03125,,False,,False
15,dropout,dropout_realization_01,dropout_realization_01,128.0,40,20,0.5,0.525,0.05,,False,,False
15,dropout,dropout_realization_01,dropout_realization_01,256.0,40,20,0.475,0.525,0.01875,,False,,False
15,dropout,dropout_realization_01,dropout_realization_01,512.0,40,20,0.5,0.5375,0.040625,,False,,False
15,dropout,dropout_realization_01,dropout_realization_01,1024.0,40,20,0.475,0.4875,-0.1328125,,False,,False
15,dropout,dropout_realization_01,dropout_realization_01,2048.0,40,20,0.475,0.5125,0.0078125,,False,,False
15,dropout,dropout_realization_01,dropout_realization_01,4096.0,40,20,0.5,0.5,-0.021875,,False,,False
15,dropout,dropout_realization_01,dropout_realization_01,8192.0,40,20,0.475,0.4875,-0.0453125,,False,,False
15,noise,noise_realization_00,noise_realization_00,0.0625,40,20,0.5,0.525,0.00625,,False,,False
15,noise,noise_realization_00,noise_realization_00,0.125,40,20,0.5,0.4875,-0.003125,,False,,False
15,noise,noise_realization_00,noise_realization_00,0.25,40,20,0.5,0.475,-0.00625,,False,,False
15,noise,noise_realization_00,noise_realization_00,0.5,40,20,0.5,0.525,0.00625,,False,,False
15,noise,noise_realization_00,noise_realization_00,1.0,40,20,0.5,0.55,0.0125,,False,,False
15,noise,noise_realization_00,noise_realization_00,2.0,40,20,0.5,0.4875,-0.003125,,False,,False
15,noise,noise_realization_00,noise_realization_00,4.0,40,20,0.5,0.5375,0.009375,,False,,False
15,noise,noise_realization_00,noise_realization_00,8.0,40,20,0.5,0.5625,0.015625,,False,,False
15,noise,noise_realization_00,noise_realization_00,16.0,40,20,0.5,0.5125,0.003125,,False,,False
15,noise,noise_realization_00,noise_realization_00,32.0,40,20,0.5,0.475,-0.009375,,False,,False
15,noise,noise_realization_00,noise_realization_00,64.0,40,20,0.5,0.4125,-0.021875,,False,,False
15,noise,noise_realization_00,noise_realization_00,128.0,40,20,0.5,0.475,-0.015625,,False,,False
15,noise,noise_realization_00,noise_realization_00,256.0,40,20,0.5,0.4625,-0.00625,,False,,False
15,noise,noise_realization_00,noise_realization_00,512.0,40,20,0.5,0.4625,0.00625,,False,,False
15,noise,noise_realization_00,noise_realization_00,1024.0,40,20,0.5,0.525,-0.015625,,False,,False
15,noise,noise_realization_00,noise_realization_00,2048.0,40,20,0.5,0.525,-0.00625,,False,,False
15,noise,noise_realization_00,noise_realization_00,4096.0,40,20,0.5,0.5,-0.028125,,False,,False
15,noise,noise_realization_00,noise_realization_00,8192.0,40,20,0.5,0.4125,-0.053125,,False,,False
15,noise,noise_realization_01,noise_realization_01,0.0625,40,20,0.5,0.55,0.0125,,False,,False
15,noise,noise_realization_01,noise_realization_01,0.125,40,20,0.5,0.4625,-0.0125,,False,,False
15,noise,noise_realization_01,noise_realization_01,0.25,40,20,0.5,0.5375,0.009375,,False,,False
15,noise,noise_realization_01,noise_realization_01,0.5,40,20,0.5,0.475,-0.00625,,False,,False
15,noise,noise_realization_01,noise_realization_01,1.0,40,20,0.5,0.475,-0.00625,,False,,False
15,noise,noise_realization_01,noise_realization_01,2.0,40,20,0.5,0.4375,-0.015625,,False,,False
15,noise,noise_realization_01,noise_realization_01,4.0,40,20,0.5,0.45,-0.0125,,False,,False
15,noise,noise_realization_01,noise_realization_01,8.0,40,20,0.5,0.4875,-0.003125,,False,,False
15,noise,noise_realization_01,noise_realization_01,16.0,40,20,0.5,0.525,0.00625,,False,,False
15,noise,noise_realization_01,noise_realization_01,32.0,40,20,0.5,0.5,0.003125,,False,,False
15,noise,noise_realization_01,noise_realization_01,64.0,40,20,0.5,0.5,0.0,,False,,False
15,noise,noise_realization_01,noise_realization_01,128.0,40,20,0.5,0.4625,-0.003125,,False,,False
15,noise,noise_realization_01,noise_realization_01,256.0,40,20,0.5,0.4875,-0.025,,False,,False
15,noise,noise_realization_01,noise_realization_01,512.0,40,20,0.5,0.5125,-0.025,,False,,False
15,noise,noise_realization_01,noise_realization_01,1024.0,40,20,0.5,0.475,-0.025,,False,,False
15,noise,noise_realization_01,noise_realization_01,2048.0,40,20,0.5,0.45,-0.075,,False,,False
15,noise,noise_realization_01,noise_realization_01,4096.0,40,20,0.5,0.4625,-0.01875,,False,,False
15,noise,noise_realization_01,noise_realization_01,8192.0,40,20,0.5,0.5125,-0.021875,,False,,False
15,random,fixed_random__block_15__0000,0000,0.0625,40,20,0.5,0.5125,0.003125,,False,,False
15,random,fixed_random__block_15__0000,0000,0.125,40,20,0.5,0.5125,0.003125,,False,,False
15,random,fixed_random__block_15__0000,0000,0.25,40,20,0.5,0.475,-0.00625,,False,,False
15,random,fixed_random__block_15__0000,0000,0.5,40,20,0.5,0.5125,0.003125,,False,,False
15,random,fixed_random__block_15__0000,0000,1.0,40,20,0.5,0.475,-0.00625,,False,,False
15,random,fixed_random__block_15__0000,0000,2.0,40,20,0.5,0.5,0.003125,,False,,False
15,random,fixed_random__block_15__0000,0000,4.0,40,20,0.5,0.525,0.00625,,False,,False
15,random,fixed_random__block_15__0000,0000,8.0,40,20,0.5,0.5375,0.009375,,False,,False
15,random,fixed_random__block_15__0000,0000,16.0,40,20,0.5,0.55,0.0125,,False,,False
15,random,fixed_random__block_15__0000,0000,32.0,40,20,0.5,0.65,0.04375,,False,,False
15,random,fixed_random__block_15__0000,0000,64.0,40,20,0.5,0.6875,0.0625,,False,,False
15,random,fixed_random__block_15__0000,0000,128.0,40,20,0.5,0.6125,0.059375,,False,,False
15,random,fixed_random__block_15__0000,0000,256.0,40,20,0.5,0.5,0.021875,,False,,False
15,random,fixed_random__block_15__0000,0000,512.0,40,20,0.5,0.4625,0.009375,,False,,False
15,random,fixed_random__block_15__0000,0000,1024.0,40,20,0.5,0.5,0.0,,False,,False
15,random,fixed_random__block_15__0000,0000,2048.0,40,20,0.5,0.45,-0.025,,False,,False
15,random,fixed_random__block_15__0000,0000,4096.0,40,20,0.5,0.45,-0.01875,,False,,False
15,random,fixed_random__block_15__0000,0000,8192.0,40,20,0.5,0.5375,-0.01875,,False,,False
15,random,fixed_random__block_15__0001,0001,0.0625,40,20,0.5,0.5375,0.009375,,False,,False
15,random,fixed_random__block_15__0001,0001,0.125,40,20,0.5,0.5375,0.009375,,False,,False
15,random,fixed_random__block_15__0001,0001,0.25,40,20,0.5,0.5,0.0,,False,,False
15,random,fixed_random__block_15__0001,0001,0.5,40,20,0.5,0.55,0.0125,,False,,False
15,random,fixed_random__block_15__0001,0001,1.0,40,20,0.5,0.575,0.01875,,False,,False
15,random,fixed_random__block_15__0001,0001,2.0,40,20,0.5,0.5,0.0,,False,,False
15,random,fixed_random__block_15__0001,0001,4.0,40,20,0.5,0.575,0.01875,,False,,False
15,random,fixed_random__block_15__0001,0001,8.0,40,20,0.5,0.525,0.00625,,False,,False
15,random,fixed_random__block_15__0001,0001,16.0,40,20,0.5,0.475,-0.00625,,False,,False
15,random,fixed_random__block_15__0001,0001,32.0,40,20,0.5,0.4625,-0.009375,,False,,False
15,random,fixed_random__block_15__0001,0001,64.0,40,20,0.5,0.475,-0.003125,,False,,False
15,random,fixed_random__block_15__0001,0001,128.0,40,20,0.5,0.4875,0.0,,False,,False
15,random,fixed_random__block_15__0001,0001,256.0,40,20,0.5,0.4375,-0.015625,,False,,False
15,random,fixed_random__block_15__0001,0001,512.0,40,20,0.5,0.45,-0.0375,,False,,False
15,random,fixed_random__block_15__0001,0001,1024.0,40,20,0.4875,0.5,-0.025,,False,,False
15,random,fixed_random__block_15__0001,0001,2048.0,40,20,0.475,0.475,-0.025,,False,,False
15,random,fixed_random__block_15__0001,0001,4096.0,40,20,0.475,0.475,-0.04375,,False,,False
15,random,fixed_random__block_15__0001,0001,8192.0,40,20,0.4875,0.475,-0.0375,,False,,False
15,random,fixed_random__block_15__0002,0002,0.0625,40,20,0.5,0.5,0.0,,False,,False
15,random,fixed_random__block_15__0002,0002,0.125,40,20,0.5,0.475,-0.00625,,False,,False
15,random,fixed_random__block_15__0002,0002,0.25,40,20,0.5,0.5375,0.009375,,False,,False
15,random,fixed_random__block_15__0002,0002,0.5,40,20,0.5,0.425,-0.01875,,False,,False
15,random,fixed_random__block_15__0002,0002,1.0,40,20,0.5,0.525,0.00625,,False,,False
15,random,fixed_random__block_15__0002,0002,2.0,40,20,0.5,0.5,0.0,,False,,False
15,random,fixed_random__block_15__0002,0002,4.0,40,20,0.5,0.5,0.0,,False,,False
15,random,fixed_random__block_15__0002,0002,8.0,40,20,0.5,0.425,-0.01875,,False,,False
15,random,fixed_random__block_15__0002,0002,16.0,40,20,0.5,0.35,-0.040625,,False,,False
15,random,fixed_random__block_15__0002,0002,32.0,40,20,0.5,0.4375,-0.015625,,False,,False
15,random,fixed_random__block_15__0002,0002,64.0,40,20,0.5,0.475,-0.0125,,False,,False
15,random,fixed_random__block_15__0002,0002,128.0,40,20,0.5,0.4625,-0.0125,,False,,False
15,random,fixed_random__block_15__0002,0002,256.0,40,20,0.5,0.4625,-0.009375,,False,,False
15,random,fixed_random__block_15__0002,0002,512.0,40,20,0.5,0.5,-0.025,,False,,False
15,random,fixed_random__block_15__0002,0002,1024.0,40,20,0.5,0.5,-0.025,,False,,False
15,random,fixed_random__block_15__0002,0002,2048.0,40,20,0.5,0.5,-0.040625,,False,,False
15,random,fixed_random__block_15__0002,0002,4096.0,40,20,0.5,0.5,-0.046875,,False,,False
15,random,fixed_random__block_15__0002,0002,8192.0,40,20,0.5,0.4875,-0.05625,,False,,False
16,concept,concept__block_16__Dust,Dust,0.0625,40,20,0.5,0.4875,-0.003125,,False,,False
16,concept,concept__block_16__Dust,Dust,0.125,40,20,0.5,0.4875,0.0,,False,,False
16,concept,concept__block_16__Dust,Dust,0.25,40,20,0.5,0.55,0.0125,,False,,False
16,concept,concept__block_16__Dust,Dust,0.5,40,20,0.5,0.475,-0.00625,,False,,False
16,concept,concept__block_16__Dust,Dust,1.0,40,20,0.5,0.5125,0.003125,,False,,False
16,concept,concept__block_16__Dust,Dust,2.0,40,20,0.5,0.4875,-0.003125,,False,,False
16,concept,concept__block_16__Dust,Dust,4.0,40,20,0.5,0.475,-0.003125,,False,,False
16,concept,concept__block_16__Dust,Dust,8.0,40,20,0.5,0.525,0.009375,,False,,False
16,concept,concept__block_16__Dust,Dust,16.0,40,20,0.5,0.575,0.009375,,False,,False
16,concept,concept__block_16__Dust,Dust,32.0,40,20,0.5,0.4125,-0.0125,,False,,False
16,concept,concept__block_16__Dust,Dust,64.0,40,20,0.5,0.5125,0.040625,,False,,False
16,concept,concept__block_16__Dust,Dust,128.0,40,20,0.525,0.5,0.0484375,,False,,False
16,concept,concept__block_16__Dust,Dust,256.0,40,20,0.5,0.525,0.025,,False,,False
16,concept,concept__block_16__Dust,Dust,512.0,40,20,0.5,0.45,0.003125,,False,,False
16,concept,concept__block_16__Dust,Dust,1024.0,40,20,0.5,0.5,0.0015625,,False,,False
16,concept,concept__block_16__Dust,Dust,2048.0,40,20,0.5,0.5,0.0078125,,False,,False
16,concept,concept__block_16__Dust,Dust,4096.0,40,20,0.5,0.5,0.003125,,False,,False
16,concept,concept__block_16__Dust,Dust,8192.0,40,20,0.5,0.5,0.01171875,,False,,False
16,concept,concept__block_16__Satellites,Satellites,0.0625,40,20,0.5,0.5375,0.009375,,False,,False
16,concept,concept__block_16__Satellites,Satellites,0.125,40,20,0.5,0.5,0.0,,False,,False
16,concept,concept__block_16__Satellites,Satellites,0.25,40,20,0.5,0.5,0.0,,False,,False
16,concept,concept__block_16__Satellites,Satellites,0.5,40,20,0.5,0.45,-0.0125,,False,,False
16,concept,concept__block_16__Satellites,Satellites,1.0,40,20,0.5,0.5125,0.0,,False,,False
16,concept,concept__block_16__Satellites,Satellites,2.0,40,20,0.5,0.525,0.00625,,False,,False
16,concept,concept__block_16__Satellites,Satellites,4.0,40,20,0.5,0.45,-0.0125,,False,,False
16,concept,concept__block_16__Satellites,Satellites,8.0,40,20,0.5,0.4375,-0.015625,,False,,False
16,concept,concept__block_16__Satellites,Satellites,16.0,40,20,0.5,0.3625,-0.034375,,False,,False
16,concept,concept__block_16__Satellites,Satellites,32.0,40,20,0.5,0.3875,-0.0375,,False,,False
16,concept,concept__block_16__Satellites,Satellites,64.0,40,20,0.5,0.45,-0.01875,,False,,False
16,concept,concept__block_16__Satellites,Satellites,128.0,40,20,0.5,0.55,0.0125,,False,,False
16,concept,concept__block_16__Satellites,Satellites,256.0,40,20,0.5,0.5,0.01875,,False,,False
16,concept,concept__block_16__Satellites,Satellites,512.0,40,20,0.5,0.5,0.025,,False,,False
16,concept,concept__block_16__Satellites,Satellites,1024.0,40,20,0.5,0.5,0.03125,,False,,False
16,concept,concept__block_16__Satellites,Satellites,2048.0,40,20,0.5,0.5,0.0671875,,False,,False
16,concept,concept__block_16__Satellites,Satellites,4096.0,40,20,0.5,0.5,0.05625,,False,,False
16,concept,concept__block_16__Satellites,Satellites,8192.0,40,20,0.5,0.5,0.053125,,False,,False
16,concept,concept__block_16__recursion,recursion,0.0625,40,20,0.5,0.4625,-0.009375,,False,,False
16,concept,concept__block_16__recursion,recursion,0.125,40,20,0.5,0.5,0.0,,False,,False
16,concept,concept__block_16__recursion,recursion,0.25,40,20,0.5,0.5,0.0,,False,,False
16,concept,concept__block_16__recursion,recursion,0.5,40,20,0.5,0.5,0.0,,False,,False
16,concept,concept__block_16__recursion,recursion,1.0,40,20,0.5,0.5,0.0,,False,,False
16,concept,concept__block_16__recursion,recursion,2.0,40,20,0.5,0.5625,0.015625,,False,,False
16,concept,concept__block_16__recursion,recursion,4.0,40,20,0.5,0.4875,-0.003125,,False,,False
16,concept,concept__block_16__recursion,recursion,8.0,40,20,0.5,0.475,-0.00625,,False,,False
16,concept,concept__block_16__recursion,recursion,16.0,40,20,0.5,0.4375,-0.015625,,False,,False
16,concept,concept__block_16__recursion,recursion,32.0,40,20,0.5,0.425,-0.021875,,False,,False
16,concept,concept__block_16__recursion,recursion,64.0,40,20,0.5,0.4625,-0.009375,,False,,False
16,concept,concept__block_16__recursion,recursion,128.0,40,20,0.5,0.4875,-0.00625,,False,,False
16,concept,concept__block_16__recursion,recursion,256.0,40,20,0.5,0.4875,-0.009375,,False,,False
16,concept,concept__block_16__recursion,recursion,512.0,40,20,0.5,0.4625,-0.00625,,False,,False
16,concept,concept__block_16__recursion,recursion,1024.0,40,20,0.5,0.525,0.015625,,False,,False
16,concept,concept__block_16__recursion,recursion,2048.0,40,20,0.5,0.5125,0.00625,,False,,False
16,concept,concept__block_16__recursion,recursion,4096.0,40,20,0.5,0.4875,-0.009375,,False,,False
16,concept,concept__block_16__recursion,recursion,8192.0,40,20,0.5,0.475,-0.003125,,False,,False
16,concept,concept__block_16__shutdown,shutdown,0.0625,40,20,0.5,0.475,-0.00625,,False,,False
16,concept,concept__block_16__shutdown,shutdown,0.125,40,20,0.5,0.5,0.0,,False,,False
16,concept,concept__block_16__shutdown,shutdown,0.25,40,20,0.5,0.4625,-0.009375,,False,,False
16,concept,concept__block_16__shutdown,shutdown,0.5,40,20,0.5,0.5,0.0,,False,,False
16,concept,concept__block_16__shutdown,shutdown,1.0,40,20,0.5,0.4625,-0.009375,,False,,False
16,concept,concept__block_16__shutdown,shutdown,2.0,40,20,0.5,0.4125,-0.021875,,False,,False
16,concept,concept__block_16__shutdown,shutdown,4.0,40,20,0.5,0.4875,-0.003125,,False,,False
16,concept,concept__block_16__shutdown,shutdown,8.0,40,20,0.5,0.425,-0.01875,,False,,False
16,concept,concept__block_16__shutdown,shutdown,16.0,40,20,0.5,0.4,-0.028125,,False,,False
16,concept,concept__block_16__shutdown,shutdown,32.0,40,20,0.5,0.4625,-0.0125,,False,,False
16,concept,concept__block_16__shutdown,shutdown,64.0,40,20,0.5,0.475,-0.009375,,False,,False
16,concept,concept__block_16__shutdown,shutdown,128.0,40,20,0.5,0.4125,-0.028125,,False,,False
16,concept,concept__block_16__shutdown,shutdown,256.0,40,20,0.5,0.475,-0.015625,,False,,False
16,concept,concept__block_16__shutdown,shutdown,512.0,40,20,0.5,0.5,-0.015625,,False,,False
16,concept,concept__block_16__shutdown,shutdown,1024.0,40,20,0.5,0.4875,0.0,,False,,False
16,concept,concept__block_16__shutdown,shutdown,2048.0,40,20,0.5,0.5,-0.003125,,False,,False
16,concept,concept__block_16__shutdown,shutdown,4096.0,40,20,0.5,0.5,0.00625,,False,,False
16,concept,concept__block_16__shutdown,shutdown,8192.0,40,20,0.5,0.5125,-0.0125,,False,,False
16,dropout,dropout_realization_00,dropout_realization_00,0.0625,40,20,0.5,0.4875,-0.003125,,False,,False
16,dropout,dropout_realization_00,dropout_realization_00,0.125,40,20,0.5,0.4875,-0.003125,,False,,False
16,dropout,dropout_realization_00,dropout_realization_00,0.25,40,20,0.5,0.5125,0.003125,,False,,False
16,dropout,dropout_realization_00,dropout_realization_00,0.5,40,20,0.5,0.45,-0.0125,,False,,False
16,dropout,dropout_realization_00,dropout_realization_00,1.0,40,20,0.5,0.5125,0.003125,,False,,False
16,dropout,dropout_realization_00,dropout_realization_00,2.0,40,20,0.5,0.5375,0.009375,,False,,False
16,dropout,dropout_realization_00,dropout_realization_00,4.0,40,20,0.5,0.55,0.0125,,False,,False
16,dropout,dropout_realization_00,dropout_realization_00,8.0,40,20,0.5,0.4875,-0.003125,,False,,False
16,dropout,dropout_realization_00,dropout_realization_00,16.0,40,20,0.5,0.5375,0.009375,,False,,False
16,dropout,dropout_realization_00,dropout_realization_00,32.0,40,20,0.5,0.4,-0.01875,,False,,False
16,dropout,dropout_realization_00,dropout_realization_00,64.0,40,20,0.5,0.525,0.0125,,False,,False
16,dropout,dropout_realization_00,dropout_realization_00,128.0,40,20,0.5,0.4625,-0.03125,,False,,False
16,dropout,dropout_realization_00,dropout_realization_00,256.0,40,20,0.475,0.525,-0.0625,,False,,False
16,dropout,dropout_realization_00,dropout_realization_00,512.0,40,20,0.5,0.525,-0.0359375,,False,,False
16,dropout,dropout_realization_00,dropout_realization_00,1024.0,40,20,0.5125,0.5125,-0.01875,,False,,False
16,dropout,dropout_realization_00,dropout_realization_00,2048.0,40,20,0.5,0.45,-0.046875,,False,,False
16,dropout,dropout_realization_00,dropout_realization_00,4096.0,40,20,0.525,0.5,-0.10625,,False,,False
16,dropout,dropout_realization_00,dropout_realization_00,8192.0,40,20,0.525,0.5375,0.05625,,False,,False
16,dropout,dropout_realization_01,dropout_realization_01,0.0625,40,20,0.5,0.5125,0.003125,,False,,False
16,dropout,dropout_realization_01,dropout_realization_01,0.125,40,20,0.5,0.5,0.0,,False,,False
16,dropout,dropout_realization_01,dropout_realization_01,0.25,40,20,0.5,0.5,0.0,,False,,False
16,dropout,dropout_realization_01,dropout_realization_01,0.5,40,20,0.5,0.475,-0.00625,,False,,False
16,dropout,dropout_realization_01,dropout_realization_01,1.0,40,20,0.5,0.4875,-0.00625,,False,,False
16,dropout,dropout_realization_01,dropout_realization_01,2.0,40,20,0.5,0.5125,0.003125,,False,,False
16,dropout,dropout_realization_01,dropout_realization_01,4.0,40,20,0.5,0.5,0.0,,False,,False
16,dropout,dropout_realization_01,dropout_realization_01,8.0,40,20,0.5,0.475,-0.00625,,False,,False
16,dropout,dropout_realization_01,dropout_realization_01,16.0,40,20,0.5,0.475,-0.003125,,False,,False
16,dropout,dropout_realization_01,dropout_realization_01,32.0,40,20,0.5,0.525,0.009375,,False,,False
16,dropout,dropout_realization_01,dropout_realization_01,64.0,40,20,0.5,0.5,-0.009375,,False,,False
16,dropout,dropout_realization_01,dropout_realization_01,128.0,40,20,0.5,0.475,0.01875,,False,,False
16,dropout,dropout_realization_01,dropout_realization_01,256.0,40,20,0.5,0.475,-0.0375,,False,,False
16,dropout,dropout_realization_01,dropout_realization_01,512.0,40,20,0.5125,0.5375,0.128125,,False,,False
16,dropout,dropout_realization_01,dropout_realization_01,1024.0,40,20,0.4875,0.5,-0.0890625,,False,,False
16,dropout,dropout_realization_01,dropout_realization_01,2048.0,40,20,0.475,0.6,0.0890625,,False,,False
16,dropout,dropout_realization_01,dropout_realization_01,4096.0,40,20,0.5,0.5,-0.0203125,,False,,False
16,dropout,dropout_realization_01,dropout_realization_01,8192.0,40,20,0.5,0.4625,0.009375,,False,,False
16,noise,noise_realization_00,noise_realization_00,0.0625,40,20,0.5,0.55,0.0125,,False,,False
16,noise,noise_realization_00,noise_realization_00,0.125,40,20,0.5,0.5375,0.009375,,False,,False
16,noise,noise_realization_00,noise_realization_00,0.25,40,20,0.5,0.4875,-0.003125,,False,,False
16,noise,noise_realization_00,noise_realization_00,0.5,40,20,0.5,0.5125,0.003125,,False,,False
16,noise,noise_realization_00,noise_realization_00,1.0,40,20,0.5,0.4875,-0.003125,,False,,False
16,noise,noise_realization_00,noise_realization_00,2.0,40,20,0.5,0.5,0.003125,,False,,False
16,noise,noise_realization_00,noise_realization_00,4.0,40,20,0.5,0.525,0.00625,,False,,False
16,noise,noise_realization_00,noise_realization_00,8.0,40,20,0.5,0.4375,-0.015625,,False,,False
16,noise,noise_realization_00,noise_realization_00,16.0,40,20,0.5,0.525,0.00625,,False,,False
16,noise,noise_realization_00,noise_realization_00,32.0,40,20,0.5,0.4625,-0.009375,,False,,False
16,noise,noise_realization_00,noise_realization_00,64.0,40,20,0.5,0.3875,-0.034375,,False,,False
16,noise,noise_realization_00,noise_realization_00,128.0,40,20,0.5,0.4,-0.0375,,False,,False
16,noise,noise_realization_00,noise_realization_00,256.0,40,20,0.5,0.525,-0.00625,,False,,False
16,noise,noise_realization_00,noise_realization_00,512.0,40,20,0.5,0.475,-0.0375,,False,,False
16,noise,noise_realization_00,noise_realization_00,1024.0,40,20,0.5,0.4875,-0.046875,,False,,False
16,noise,noise_realization_00,noise_realization_00,2048.0,40,20,0.5,0.525,0.028125,,False,,False
16,noise,noise_realization_00,noise_realization_00,4096.0,40,20,0.4875,0.525,0.0125,,False,,False
16,noise,noise_realization_00,noise_realization_00,8192.0,40,20,0.4875,0.45,0.009375,,False,,False
16,noise,noise_realization_01,noise_realization_01,0.0625,40,20,0.5,0.525,0.00625,,False,,False
16,noise,noise_realization_01,noise_realization_01,0.125,40,20,0.5,0.5375,0.009375,,False,,False
16,noise,noise_realization_01,noise_realization_01,0.25,40,20,0.5,0.5,0.003125,,False,,False
16,noise,noise_realization_01,noise_realization_01,0.5,40,20,0.5,0.4875,-0.003125,,False,,False
16,noise,noise_realization_01,noise_realization_01,1.0,40,20,0.5,0.4875,0.0,,False,,False
16,noise,noise_realization_01,noise_realization_01,2.0,40,20,0.5,0.525,0.00625,,False,,False
16,noise,noise_realization_01,noise_realization_01,4.0,40,20,0.5,0.4875,-0.003125,,False,,False
16,noise,noise_realization_01,noise_realization_01,8.0,40,20,0.5,0.4875,0.0,,False,,False
16,noise,noise_realization_01,noise_realization_01,16.0,40,20,0.5,0.55,0.0125,,False,,False
16,noise,noise_realization_01,noise_realization_01,32.0,40,20,0.5,0.425,-0.01875,,False,,False
16,noise,noise_realization_01,noise_realization_01,64.0,40,20,0.5,0.5,0.003125,,False,,False
16,noise,noise_realization_01,noise_realization_01,128.0,40,20,0.5,0.5,0.0,,False,,False
16,noise,noise_realization_01,noise_realization_01,256.0,40,20,0.5,0.4375,-0.021875,,False,,False
16,noise,noise_realization_01,noise_realization_01,512.0,40,20,0.5,0.4,-0.06875,,False,,False
16,noise,noise_realization_01,noise_realization_01,1024.0,40,20,0.5,0.45,-0.025,,False,,False
16,noise,noise_realization_01,noise_realization_01,2048.0,40,20,0.5,0.4875,-0.003125,,False,,False
16,noise,noise_realization_01,noise_realization_01,4096.0,40,20,0.5,0.4625,-0.009375,,False,,False
16,noise,noise_realization_01,noise_realization_01,8192.0,40,20,0.5,0.4625,-0.04375,,False,,False
16,random,fixed_random__block_16__0000,0000,0.0625,40,20,0.5,0.5125,0.003125,,False,,False
16,random,fixed_random__block_16__0000,0000,0.125,40,20,0.5,0.4875,-0.003125,,False,,False
16,random,fixed_random__block_16__0000,0000,0.25,40,20,0.5,0.4875,-0.003125,,False,,False
16,random,fixed_random__block_16__0000,0000,0.5,40,20,0.5,0.525,0.00625,,False,,False
16,random,fixed_random__block_16__0000,0000,1.0,40,20,0.5,0.525,0.00625,,False,,False
16,random,fixed_random__block_16__0000,0000,2.0,40,20,0.5,0.4875,-0.003125,,False,,False
16,random,fixed_random__block_16__0000,0000,4.0,40,20,0.5,0.55,0.0125,,False,,False
16,random,fixed_random__block_16__0000,0000,8.0,40,20,0.5,0.5125,0.003125,,False,,False
16,random,fixed_random__block_16__0000,0000,16.0,40,20,0.5,0.5,0.0,,False,,False
16,random,fixed_random__block_16__0000,0000,32.0,40,20,0.5,0.4375,-0.015625,,False,,False
16,random,fixed_random__block_16__0000,0000,64.0,40,20,0.5,0.425,-0.03125,,False,,False
16,random,fixed_random__block_16__0000,0000,128.0,40,20,0.5,0.35,-0.05,,False,,False
16,random,fixed_random__block_16__0000,0000,256.0,40,20,0.5,0.5,-0.0125,,False,,False
16,random,fixed_random__block_16__0000,0000,512.0,40,20,0.5,0.5,-0.003125,,False,,False
16,random,fixed_random__block_16__0000,0000,1024.0,40,20,0.5,0.5,-0.00625,,False,,False
16,random,fixed_random__block_16__0000,0000,2048.0,40,20,0.4875,0.5,-0.03125,,False,,False
16,random,fixed_random__block_16__0000,0000,4096.0,40,20,0.4875,0.5,-0.034375,,False,,False
16,random,fixed_random__block_16__0000,0000,8192.0,40,20,0.475,0.5,-0.046875,,False,,False
16,random,fixed_random__block_16__0001,0001,0.0625,40,20,0.5,0.45,-0.0125,,False,,False
16,random,fixed_random__block_16__0001,0001,0.125,40,20,0.5,0.475,-0.00625,,False,,False
16,random,fixed_random__block_16__0001,0001,0.25,40,20,0.5,0.4375,-0.01875,,False,,False
16,random,fixed_random__block_16__0001,0001,0.5,40,20,0.5,0.525,0.00625,,False,,False
16,random,fixed_random__block_16__0001,0001,1.0,40,20,0.5,0.5125,0.003125,,False,,False
16,random,fixed_random__block_16__0001,0001,2.0,40,20,0.5,0.5,0.0,,False,,False
16,random,fixed_random__block_16__0001,0001,4.0,40,20,0.5,0.4875,0.0,,False,,False
16,random,fixed_random__block_16__0001,0001,8.0,40,20,0.5,0.5125,0.003125,,False,,False
16,random,fixed_random__block_16__0001,0001,16.0,40,20,0.5,0.5625,0.015625,,False,,False
16,random,fixed_random__block_16__0001,0001,32.0,40,20,0.5,0.575,0.01875,,False,,False
16,random,fixed_random__block_16__0001,0001,64.0,40,20,0.5,0.5875,0.025,,False,,False
16,random,fixed_random__block_16__0001,0001,128.0,40,20,0.5,0.55,0.01875,,False,,False
16,random,fixed_random__block_16__0001,0001,256.0,40,20,0.5,0.575,0.028125,,False,,False
16,random,fixed_random__block_16__0001,0001,512.0,40,20,0.5,0.525,0.021875,,False,,False
16,random,fixed_random__block_16__0001,0001,1024.0,40,20,0.5,0.5,-0.009375,,False,,False
16,random,fixed_random__block_16__0001,0001,2048.0,40,20,0.5,0.5,-0.009375,,False,,False
16,random,fixed_random__block_16__0001,0001,4096.0,40,20,0.5,0.5,-0.009375,,False,,False
16,random,fixed_random__block_16__0001,0001,8192.0,40,20,0.5,0.4875,-0.021875,,False,,False
16,random,fixed_random__block_16__0002,0002,0.0625,40,20,0.5,0.475,-0.00625,,False,,False
16,random,fixed_random__block_16__0002,0002,0.125,40,20,0.5,0.525,0.00625,,False,,False
16,random,fixed_random__block_16__0002,0002,0.25,40,20,0.5,0.5125,0.00625,,False,,False
16,random,fixed_random__block_16__0002,0002,0.5,40,20,0.5,0.5125,0.003125,,False,,False
16,random,fixed_random__block_16__0002,0002,1.0,40,20,0.5,0.5125,0.003125,,False,,False
16,random,fixed_random__block_16__0002,0002,2.0,40,20,0.5,0.5,0.0,,False,,False
16,random,fixed_random__block_16__0002,0002,4.0,40,20,0.5,0.5125,0.003125,,False,,False
16,random,fixed_random__block_16__0002,0002,8.0,40,20,0.5,0.5,0.0,,False,,False
16,random,fixed_random__block_16__0002,0002,16.0,40,20,0.5,0.4625,-0.009375,,False,,False
16,random,fixed_random__block_16__0002,0002,32.0,40,20,0.5,0.475,-0.00625,,False,,False
16,random,fixed_random__block_16__0002,0002,64.0,40,20,0.5,0.3875,-0.028125,,False,,False
16,random,fixed_random__block_16__0002,0002,128.0,40,20,0.5,0.3375,-0.0625,,False,,False
16,random,fixed_random__block_16__0002,0002,256.0,40,20,0.5,0.4,-0.059375,,False,,False
16,random,fixed_random__block_16__0002,0002,512.0,40,20,0.5,0.5,-0.028125,,False,,False
16,random,fixed_random__block_16__0002,0002,1024.0,40,20,0.5,0.5,0.00625,,False,,False
16,random,fixed_random__block_16__0002,0002,2048.0,40,20,0.5,0.45,-0.01875,,False,,False
16,random,fixed_random__block_16__0002,0002,4096.0,40,20,0.5,0.4625,-0.021875,,False,,False
16,random,fixed_random__block_16__0002,0002,8192.0,40,20,0.5,0.475,0.0125,,False,,False
17,concept,concept__block_17__Dust,Dust,0.0625,40,20,0.5,0.475,-0.00625,,False,,False
17,concept,concept__block_17__Dust,Dust,0.125,40,20,0.5,0.525,0.00625,,False,,False
17,concept,concept__block_17__Dust,Dust,0.25,40,20,0.5,0.4875,-0.003125,,False,,False
17,concept,concept__block_17__Dust,Dust,0.5,40,20,0.5,0.4875,-0.003125,,False,,False
17,concept,concept__block_17__Dust,Dust,1.0,40,20,0.5,0.5125,0.003125,,False,,False
17,concept,concept__block_17__Dust,Dust,2.0,40,20,0.5,0.45,-0.0125,,False,,False
17,concept,concept__block_17__Dust,Dust,4.0,40,20,0.5,0.5,0.0,,False,,False
17,concept,concept__block_17__Dust,Dust,8.0,40,20,0.5,0.475,-0.00625,,False,,False
17,concept,concept__block_17__Dust,Dust,16.0,40,20,0.5,0.5125,0.003125,,False,,False
17,concept,concept__block_17__Dust,Dust,32.0,40,20,0.5,0.55,0.01875,,False,,False
17,concept,concept__block_17__Dust,Dust,64.0,40,20,0.5125,0.575,0.08125,,False,,False
17,concept,concept__block_17__Dust,Dust,128.0,40,20,0.5,0.725,0.1765625,,False,,False
17,concept,concept__block_17__Dust,Dust,256.0,40,20,0.5,0.5,0.11796875,,False,,False
17,concept,concept__block_17__Dust,Dust,512.0,40,20,0.5,0.5,0.0734375,,False,,False
17,concept,concept__block_17__Dust,Dust,1024.0,40,20,0.5,0.5,0.08828125,,False,,False
17,concept,concept__block_17__Dust,Dust,2048.0,40,20,0.5,0.5,0.084375,,False,,False
17,concept,concept__block_17__Dust,Dust,4096.0,40,20,0.5,0.5,0.0828125,,False,,False
17,concept,concept__block_17__Dust,Dust,8192.0,40,20,0.5,0.5,0.090625,,False,,False
17,concept,concept__block_17__Satellites,Satellites,0.0625,40,20,0.5,0.5375,0.009375,,False,,False
17,concept,concept__block_17__Satellites,Satellites,0.125,40,20,0.5,0.4375,-0.015625,,False,,False
17,concept,concept__block_17__Satellites,Satellites,0.25,40,20,0.5,0.5125,0.003125,,False,,False
17,concept,concept__block_17__Satellites,Satellites,0.5,40,20,0.5,0.525,0.00625,,False,,False
17,concept,concept__block_17__Satellites,Satellites,1.0,40,20,0.5,0.5,0.003125,,False,,False
17,concept,concept__block_17__Satellites,Satellites,2.0,40,20,0.5,0.4875,-0.003125,,False,,False
17,concept,concept__block_17__Satellites,Satellites,4.0,40,20,0.5,0.4625,-0.009375,,False,,False
17,concept,concept__block_17__Satellites,Satellites,8.0,40,20,0.5,0.5375,0.009375,,False,,False
17,concept,concept__block_17__Satellites,Satellites,16.0,40,20,0.5,0.5875,0.021875,,False,,False
17,concept,concept__block_17__Satellites,Satellites,32.0,40,20,0.5,0.45,-0.015625,,False,,False
17,concept,concept__block_17__Satellites,Satellites,64.0,40,20,0.5,0.575,0.015625,,False,,False
17,concept,concept__block_17__Satellites,Satellites,128.0,40,20,0.5,0.5,0.01875,,False,,False
17,concept,concept__block_17__Satellites,Satellites,256.0,40,20,0.5,0.5,0.034375,,False,,False
17,concept,concept__block_17__Satellites,Satellites,512.0,40,20,0.5,0.5,0.04375,,False,,False
17,concept,concept__block_17__Satellites,Satellites,1024.0,40,20,0.5,0.5,0.0484375,,False,,False
17,concept,concept__block_17__Satellites,Satellites,2048.0,40,20,0.5,0.5,0.075,,False,,False
17,concept,concept__block_17__Satellites,Satellites,4096.0,40,20,0.5,0.5,0.08125,,False,,False
17,concept,concept__block_17__Satellites,Satellites,8192.0,40,20,0.5,0.5,0.0734375,,False,,False
17,concept,concept__block_17__recursion,recursion,0.0625,40,20,0.5,0.4875,-0.003125,,False,,False
17,concept,concept__block_17__recursion,recursion,0.125,40,20,0.5,0.525,0.00625,,False,,False
17,concept,concept__block_17__recursion,recursion,0.25,40,20,0.5,0.575,0.01875,,False,,False
17,concept,concept__block_17__recursion,recursion,0.5,40,20,0.5,0.5375,0.009375,,False,,False
17,concept,concept__block_17__recursion,recursion,1.0,40,20,0.5,0.475,-0.00625,,False,,False
17,concept,concept__block_17__recursion,recursion,2.0,40,20,0.5,0.4625,-0.009375,,False,,False
17,concept,concept__block_17__recursion,recursion,4.0,40,20,0.5,0.475,-0.00625,,False,,False
17,concept,concept__block_17__recursion,recursion,8.0,40,20,0.5,0.5625,0.015625,,False,,False
17,concept,concept__block_17__recursion,recursion,16.0,40,20,0.5,0.625,0.03125,,False,,False
17,concept,concept__block_17__recursion,recursion,32.0,40,20,0.5,0.55,0.0125,,False,,False
17,concept,concept__block_17__recursion,recursion,64.0,40,20,0.5,0.5375,0.009375,,False,,False
17,concept,concept__block_17__recursion,recursion,128.0,40,20,0.5,0.575,0.01875,,False,,False
17,concept,concept__block_17__recursion,recursion,256.0,40,20,0.5,0.5375,0.0125,,False,,False
17,concept,concept__block_17__recursion,recursion,512.0,40,20,0.5,0.5625,0.01875,,False,,False
17,concept,concept__block_17__recursion,recursion,1024.0,40,20,0.5,0.525,0.015625,,False,,False
17,concept,concept__block_17__recursion,recursion,2048.0,40,20,0.5,0.55,0.015625,,False,,False
17,concept,concept__block_17__recursion,recursion,4096.0,40,20,0.5,0.525,0.00625,,False,,False
17,concept,concept__block_17__recursion,recursion,8192.0,40,20,0.5,0.5125,0.0125,,False,,False
17,concept,concept__block_17__shutdown,shutdown,0.0625,40,20,0.5,0.4875,-0.003125,,False,,False
17,concept,concept__block_17__shutdown,shutdown,0.125,40,20,0.5,0.4875,-0.003125,,False,,False
17,concept,concept__block_17__shutdown,shutdown,0.25,40,20,0.5,0.5,0.0,,False,,False
17,concept,concept__block_17__shutdown,shutdown,0.5,40,20,0.5,0.4875,-0.003125,,False,,False
17,concept,concept__block_17__shutdown,shutdown,1.0,40,20,0.5,0.5125,0.003125,,False,,False
17,concept,concept__block_17__shutdown,shutdown,2.0,40,20,0.5,0.4875,-0.003125,,False,,False
17,concept,concept__block_17__shutdown,shutdown,4.0,40,20,0.5,0.5,0.0,,False,,False
17,concept,concept__block_17__shutdown,shutdown,8.0,40,20,0.5,0.6,0.025,,False,,False
17,concept,concept__block_17__shutdown,shutdown,16.0,40,20,0.5,0.575,0.021875,,False,,False
17,concept,concept__block_17__shutdown,shutdown,32.0,40,20,0.5,0.5625,0.015625,,False,,False
17,concept,concept__block_17__shutdown,shutdown,64.0,40,20,0.5,0.6,0.028125,,False,,False
17,concept,concept__block_17__shutdown,shutdown,128.0,40,20,0.5,0.5625,0.021875,,False,,False
17,concept,concept__block_17__shutdown,shutdown,256.0,40,20,0.5,0.625,0.040625,,False,,False
17,concept,concept__block_17__shutdown,shutdown,512.0,40,20,0.5,0.525,0.025,,False,,False
17,concept,concept__block_17__shutdown,shutdown,1024.0,40,20,0.5,0.5,0.0125,,False,,False
17,concept,concept__block_17__shutdown,shutdown,2048.0,40,20,0.5,0.5125,0.00625,,False,,False
17,concept,concept__block_17__shutdown,shutdown,4096.0,40,20,0.5,0.4875,0.0,,False,,False
17,concept,concept__block_17__shutdown,shutdown,8192.0,40,20,0.5,0.4875,0.003125,,False,,False
17,dropout,dropout_realization_00,dropout_realization_00,0.0625,40,20,0.5,0.4875,-0.003125,,False,,False
17,dropout,dropout_realization_00,dropout_realization_00,0.125,40,20,0.5,0.525,0.00625,,False,,False
17,dropout,dropout_realization_00,dropout_realization_00,0.25,40,20,0.5,0.5125,0.003125,,False,,False
17,dropout,dropout_realization_00,dropout_realization_00,0.5,40,20,0.5,0.475,-0.00625,,False,,False
17,dropout,dropout_realization_00,dropout_realization_00,1.0,40,20,0.5,0.5875,0.021875,,False,,False
17,dropout,dropout_realization_00,dropout_realization_00,2.0,40,20,0.5,0.525,0.00625,,False,,False
17,dropout,dropout_realization_00,dropout_realization_00,4.0,40,20,0.5,0.4875,-0.003125,,False,,False
17,dropout,dropout_realization_00,dropout_realization_00,8.0,40,20,0.5,0.5,0.0,,False,,False
17,dropout,dropout_realization_00,dropout_realization_00,16.0,40,20,0.5,0.5375,0.009375,,False,,False
17,dropout,dropout_realization_00,dropout_realization_00,32.0,40,20,0.5,0.4875,-0.003125,,False,,False
17,dropout,dropout_realization_00,dropout_realization_00,64.0,40,20,0.5,0.5625,0.00625,,False,,False
17,dropout,dropout_realization_00,dropout_realization_00,128.0,40,20,0.5,0.4375,-0.015625,,False,,False
17,dropout,dropout_realization_00,dropout_realization_00,256.0,40,20,0.5,0.5375,0.0,,False,,False
17,dropout,dropout_realization_00,dropout_realization_00,512.0,40,20,0.5,0.575,0.046875,,False,,False
17,dropout,dropout_realization_00,dropout_realization_00,1024.0,40,20,0.525,0.5375,0.04375,,False,,False
17,dropout,dropout_realization_00,dropout_realization_00,2048.0,40,20,0.5,0.5125,-0.0125,,False,,False
17,dropout,dropout_realization_00,dropout_realization_00,4096.0,40,20,0.5,0.425,-0.0734375,,False,,False
17,dropout,dropout_realization_00,dropout_realization_00,8192.0,40,20,0.5,0.525,0.01875,,False,,False
17,dropout,dropout_realization_01,dropout_realization_01,0.0625,40,20,0.5,0.5,0.0,,False,,False
17,dropout,dropout_realization_01,dropout_realization_01,0.125,40,20,0.5,0.4875,-0.003125,,False,,False
17,dropout,dropout_realization_01,dropout_realization_01,0.25,40,20,0.5,0.5,0.0,,False,,False
17,dropout,dropout_realization_01,dropout_realization_01,0.5,40,20,0.5,0.4625,-0.009375,,False,,False
17,dropout,dropout_realization_01,dropout_realization_01,1.0,40,20,0.5,0.5125,0.003125,,False,,False
17,dropout,dropout_realization_01,dropout_realization_01,2.0,40,20,0.5,0.475,-0.009375,,False,,False
17,dropout,dropout_realization_01,dropout_realization_01,4.0,40,20,0.5,0.5375,0.009375,,False,,False
17,dropout,dropout_realization_01,dropout_realization_01,8.0,40,20,0.5,0.4,-0.025,,False,,False
17,dropout,dropout_realization_01,dropout_realization_01,16.0,40,20,0.5,0.525,0.00625,,False,,False
17,dropout,dropout_realization_01,dropout_realization_01,32.0,40,20,0.5,0.425,-0.021875,,False,,False
17,dropout,dropout_realization_01,dropout_realization_01,64.0,40,20,0.5,0.4375,-0.015625,,False,,False
17,dropout,dropout_realization_01,dropout_realization_01,128.0,40,20,0.5,0.3875,-0.03125,,False,,False
17,dropout,dropout_realization_01,dropout_realization_01,256.0,40,20,0.5,0.575,0.034375,,False,,False
17,dropout,dropout_realization_01,dropout_realization_01,512.0,40,20,0.5,0.4,-0.075,,False,,False
17,dropout,dropout_realization_01,dropout_realization_01,1024.0,40,20,0.525,0.4875,-0.03125,,False,,False
17,dropout,dropout_realization_01,dropout_realization_01,2048.0,40,20,0.5,0.4125,-0.1125,,False,,False
17,dropout,dropout_realization_01,dropout_realization_01,4096.0,40,20,0.5,0.5375,0.0234375,,False,,False
17,dropout,dropout_realization_01,dropout_realization_01,8192.0,40,20,0.5,0.525,-0.015625,,False,,False
17,noise,noise_realization_00,noise_realization_00,0.0625,40,20,0.5,0.4875,-0.003125,,False,,False
17,noise,noise_realization_00,noise_realization_00,0.125,40,20,0.5,0.525,0.00625,,False,,False
17,noise,noise_realization_00,noise_realization_00,0.25,40,20,0.5,0.5375,0.009375,,False,,False
17,noise,noise_realization_00,noise_realization_00,0.5,40,20,0.5,0.5375,0.009375,,False,,False
17,noise,noise_realization_00,noise_realization_00,1.0,40,20,0.5,0.525,0.00625,,False,,False
17,noise,noise_realization_00,noise_realization_00,2.0,40,20,0.5,0.5,0.0,,False,,False
17,noise,noise_realization_00,noise_realization_00,4.0,40,20,0.5,0.5125,0.003125,,False,,False
17,noise,noise_realization_00,noise_realization_00,8.0,40,20,0.5,0.4625,-0.009375,,False,,False
17,noise,noise_realization_00,noise_realization_00,16.0,40,20,0.5,0.5125,0.003125,,False,,False
17,noise,noise_realization_00,noise_realization_00,32.0,40,20,0.5,0.5,0.0,,False,,False
17,noise,noise_realization_00,noise_realization_00,64.0,40,20,0.5,0.4125,-0.021875,,False,,False
17,noise,noise_realization_00,noise_realization_00,128.0,40,20,0.5,0.475,-0.003125,,False,,False
17,noise,noise_realization_00,noise_realization_00,256.0,40,20,0.5,0.4875,-0.00625,,False,,False
17,noise,noise_realization_00,noise_realization_00,512.0,40,20,0.5125,0.5625,0.06875,,False,,False
17,noise,noise_realization_00,noise_realization_00,1024.0,40,20,0.5,0.5125,0.04375,,False,,False
17,noise,noise_realization_00,noise_realization_00,2048.0,40,20,0.5,0.4875,-0.003125,,False,,False
17,noise,noise_realization_00,noise_realization_00,4096.0,40,20,0.5,0.6,0.071875,,False,,False
17,noise,noise_realization_00,noise_realization_00,8192.0,40,20,0.5,0.4375,-0.0375,,False,,False
17,noise,noise_realization_01,noise_realization_01,0.0625,40,20,0.5,0.5125,0.003125,,False,,False
17,noise,noise_realization_01,noise_realization_01,0.125,40,20,0.5,0.4875,-0.003125,,False,,False
17,noise,noise_realization_01,noise_realization_01,0.25,40,20,0.5,0.475,-0.00625,,False,,False
17,noise,noise_realization_01,noise_realization_01,0.5,40,20,0.5,0.5125,0.003125,,False,,False
17,noise,noise_realization_01,noise_realization_01,1.0,40,20,0.5,0.475,-0.00625,,False,,False
17,noise,noise_realization_01,noise_realization_01,2.0,40,20,0.5,0.5,0.0,,False,,False
17,noise,noise_realization_01,noise_realization_01,4.0,40,20,0.5,0.5,0.0,,False,,False
17,noise,noise_realization_01,noise_realization_01,8.0,40,20,0.5,0.55,0.0125,,False,,False
17,noise,noise_realization_01,noise_realization_01,16.0,40,20,0.5,0.5375,0.009375,,False,,False
17,noise,noise_realization_01,noise_realization_01,32.0,40,20,0.5,0.4875,-0.003125,,False,,False
17,noise,noise_realization_01,noise_realization_01,64.0,40,20,0.5,0.525,0.00625,,False,,False
17,noise,noise_realization_01,noise_realization_01,128.0,40,20,0.5,0.5625,0.015625,,False,,False
17,noise,noise_realization_01,noise_realization_01,256.0,40,20,0.5,0.575,0.03125,,False,,False
17,noise,noise_realization_01,noise_realization_01,512.0,40,20,0.5,0.5375,0.015625,,False,,False
17,noise,noise_realization_01,noise_realization_01,1024.0,40,20,0.5,0.625,0.05625,,False,,False
17,noise,noise_realization_01,noise_realization_01,2048.0,40,20,0.5,0.45,-0.025,,False,,False
17,noise,noise_realization_01,noise_realization_01,4096.0,40,20,0.475,0.5375,0.03125,,False,,False
17,noise,noise_realization_01,noise_realization_01,8192.0,40,20,0.5,0.5125,0.034375,,False,,False
17,random,fixed_random__block_17__0000,0000,0.0625,40,20,0.5,0.525,0.00625,,False,,False
17,random,fixed_random__block_17__0000,0000,0.125,40,20,0.5,0.5125,0.003125,,False,,False
17,random,fixed_random__block_17__0000,0000,0.25,40,20,0.5,0.4625,-0.009375,,False,,False
17,random,fixed_random__block_17__0000,0000,0.5,40,20,0.5,0.4875,-0.003125,,False,,False
17,random,fixed_random__block_17__0000,0000,1.0,40,20,0.5,0.4875,-0.003125,,False,,False
17,random,fixed_random__block_17__0000,0000,2.0,40,20,0.5,0.55,0.0125,,False,,False
17,random,fixed_random__block_17__0000,0000,4.0,40,20,0.5,0.5,0.0,,False,,False
17,random,fixed_random__block_17__0000,0000,8.0,40,20,0.5,0.525,0.00625,,False,,False
17,random,fixed_random__block_17__0000,0000,16.0,40,20,0.5,0.5125,0.003125,,False,,False
17,random,fixed_random__block_17__0000,0000,32.0,40,20,0.5,0.45,-0.0125,,False,,False
17,random,fixed_random__block_17__0000,0000,64.0,40,20,0.5,0.5375,0.009375,,False,,False
17,random,fixed_random__block_17__0000,0000,128.0,40,20,0.5,0.5375,0.009375,,False,,False
17,random,fixed_random__block_17__0000,0000,256.0,40,20,0.5,0.525,0.00625,,False,,False
17,random,fixed_random__block_17__0000,0000,512.0,40,20,0.5,0.5375,0.0125,,False,,False
17,random,fixed_random__block_17__0000,0000,1024.0,40,20,0.5,0.5625,0.034375,,False,,False
17,random,fixed_random__block_17__0000,0000,2048.0,40,20,0.5,0.6,0.034375,,False,,False
17,random,fixed_random__block_17__0000,0000,4096.0,40,20,0.5,0.5875,0.046875,,False,,False
17,random,fixed_random__block_17__0000,0000,8192.0,40,20,0.5,0.575,0.053125,,False,,False
17,random,fixed_random__block_17__0001,0001,0.0625,40,20,0.5,0.5125,0.003125,,False,,False
17,random,fixed_random__block_17__0001,0001,0.125,40,20,0.5,0.5,0.0,,False,,False
17,random,fixed_random__block_17__0001,0001,0.25,40,20,0.5,0.5,0.0,,False,,False
17,random,fixed_random__block_17__0001,0001,0.5,40,20,0.5,0.4875,0.0,,False,,False
17,random,fixed_random__block_17__0001,0001,1.0,40,20,0.5,0.4625,-0.009375,,False,,False
17,random,fixed_random__block_17__0001,0001,2.0,40,20,0.5,0.5375,0.009375,,False,,False
17,random,fixed_random__block_17__0001,0001,4.0,40,20,0.5,0.5375,0.009375,,False,,False
17,random,fixed_random__block_17__0001,0001,8.0,40,20,0.5,0.55,0.0125,,False,,False
17,random,fixed_random__block_17__0001,0001,16.0,40,20,0.5,0.4125,-0.021875,,False,,False
17,random,fixed_random__block_17__0001,0001,32.0,40,20,0.5,0.4875,-0.003125,,False,,False
17,random,fixed_random__block_17__0001,0001,64.0,40,20,0.5,0.4875,-0.003125,,False,,False
17,random,fixed_random__block_17__0001,0001,128.0,40,20,0.5,0.4625,-0.009375,,False,,False
17,random,fixed_random__block_17__0001,0001,256.0,40,20,0.5,0.525,0.0,,False,,False
17,random,fixed_random__block_17__0001,0001,512.0,40,20,0.5,0.525,0.01875,,False,,False
17,random,fixed_random__block_17__0001,0001,1024.0,40,20,0.5,0.5125,0.0125,,False,,False
17,random,fixed_random__block_17__0001,0001,2048.0,40,20,0.5,0.5125,0.0,,False,,False
17,random,fixed_random__block_17__0001,0001,4096.0,40,20,0.5,0.4375,-0.0125,,False,,False
17,random,fixed_random__block_17__0001,0001,8192.0,40,20,0.5,0.425,-0.028125,,False,,False
17,random,fixed_random__block_17__0002,0002,0.0625,40,20,0.5,0.4625,-0.009375,,False,,False
17,random,fixed_random__block_17__0002,0002,0.125,40,20,0.5,0.525,0.00625,,False,,False
17,random,fixed_random__block_17__0002,0002,0.25,40,20,0.5,0.525,0.00625,,False,,False
17,random,fixed_random__block_17__0002,0002,0.5,40,20,0.5,0.5125,0.003125,,False,,False
17,random,fixed_random__block_17__0002,0002,1.0,40,20,0.5,0.55,0.0125,,False,,False
17,random,fixed_random__block_17__0002,0002,2.0,40,20,0.5,0.5125,0.003125,,False,,False
17,random,fixed_random__block_17__0002,0002,4.0,40,20,0.5,0.4125,-0.021875,,False,,False
17,random,fixed_random__block_17__0002,0002,8.0,40,20,0.5,0.45,-0.0125,,False,,False
17,random,fixed_random__block_17__0002,0002,16.0,40,20,0.5,0.5125,0.003125,,False,,False
17,random,fixed_random__block_17__0002,0002,32.0,40,20,0.5,0.525,0.009375,,False,,False
17,random,fixed_random__block_17__0002,0002,64.0,40,20,0.5,0.5,0.003125,,False,,False
17,random,fixed_random__block_17__0002,0002,128.0,40,20,0.5,0.55,0.0125,,False,,False
17,random,fixed_random__block_17__0002,0002,256.0,40,20,0.5,0.525,0.0125,,False,,False
17,random,fixed_random__block_17__0002,0002,512.0,40,20,0.5,0.5,0.034375,,False,,False
17,random,fixed_random__block_17__0002,0002,1024.0,40,20,0.5,0.55,0.0125,,False,,False
17,random,fixed_random__block_17__0002,0002,2048.0,40,20,0.5,0.5,0.021875,,False,,False
17,random,fixed_random__block_17__0002,0002,4096.0,40,20,0.5,0.5,0.021875,,False,,False
17,random,fixed_random__block_17__0002,0002,8192.0,40,20,0.5,0.5,0.025,,False,,False
18,concept,concept__block_18__Dust,Dust,0.0625,40,20,0.5,0.5,0.0,,False,,False
18,concept,concept__block_18__Dust,Dust,0.125,40,20,0.5,0.475,-0.00625,,False,,False
18,concept,concept__block_18__Dust,Dust,0.25,40,20,0.5,0.475,-0.00625,,False,,False
18,concept,concept__block_18__Dust,Dust,0.5,40,20,0.5,0.4625,-0.009375,,False,,False
18,concept,concept__block_18__Dust,Dust,1.0,40,20,0.5,0.45,-0.0125,,False,,False
18,concept,concept__block_18__Dust,Dust,2.0,40,20,0.5,0.45,-0.0125,,False,,False
18,concept,concept__block_18__Dust,Dust,4.0,40,20,0.5,0.475,-0.00625,,False,,False
18,concept,concept__block_18__Dust,Dust,8.0,40,20,0.5,0.525,0.00625,,False,,False
18,concept,concept__block_18__Dust,Dust,16.0,40,20,0.5,0.5125,0.003125,,False,,False
18,concept,concept__block_18__Dust,Dust,32.0,40,20,0.5,0.5,0.0,,False,,False
18,concept,concept__block_18__Dust,Dust,64.0,40,20,0.5,0.625,0.053125,,False,,False
18,concept,concept__block_18__Dust,Dust,128.0,40,20,0.5,0.5125,0.078125,,False,,False
18,concept,concept__block_18__Dust,Dust,256.0,40,20,0.5,0.6375,0.0671875,,False,,False
18,concept,concept__block_18__Dust,Dust,512.0,40,20,0.5,0.65,0.0484375,,False,,False
18,concept,concept__block_18__Dust,Dust,1024.0,40,20,0.525,0.6625,0.05625,,False,,False
18,concept,concept__block_18__Dust,Dust,2048.0,40,20,0.525,0.625,0.059375,,False,,False
18,concept,concept__block_18__Dust,Dust,4096.0,40,20,0.525,0.6375,0.059375,,False,,False
18,concept,concept__block_18__Dust,Dust,8192.0,40,20,0.5375,0.65,0.0515625,,False,,False
18,concept,concept__block_18__Satellites,Satellites,0.0625,40,20,0.5,0.5125,0.003125,,False,,False
18,concept,concept__block_18__Satellites,Satellites,0.125,40,20,0.5,0.475,-0.00625,,False,,False
18,concept,concept__block_18__Satellites,Satellites,0.25,40,20,0.5,0.525,0.00625,,False,,False
18,concept,concept__block_18__Satellites,Satellites,0.5,40,20,0.5,0.525,0.00625,,False,,False
18,concept,concept__block_18__Satellites,Satellites,1.0,40,20,0.5,0.525,0.00625,,False,,False
18,concept,concept__block_18__Satellites,Satellites,2.0,40,20,0.5,0.4625,-0.009375,,False,,False
18,concept,concept__block_18__Satellites,Satellites,4.0,40,20,0.5,0.525,0.00625,,False,,False
18,concept,concept__block_18__Satellites,Satellites,8.0,40,20,0.5,0.5125,0.003125,,False,,False
18,concept,concept__block_18__Satellites,Satellites,16.0,40,20,0.5,0.4375,-0.015625,,False,,False
18,concept,concept__block_18__Satellites,Satellites,32.0,40,20,0.5,0.4625,-0.009375,,False,,False
18,concept,concept__block_18__Satellites,Satellites,64.0,40,20,0.5,0.5125,0.0,,False,,False
18,concept,concept__block_18__Satellites,Satellites,128.0,40,20,0.5,0.4875,0.003125,,False,,False
18,concept,concept__block_18__Satellites,Satellites,256.0,40,20,0.5,0.5,0.01875,,False,,False
18,concept,concept__block_18__Satellites,Satellites,512.0,40,20,0.5,0.5,0.009375,,False,,False
18,concept,concept__block_18__Satellites,Satellites,1024.0,40,20,0.5,0.5,0.0109375,,False,,False
18,concept,concept__block_18__Satellites,Satellites,2048.0,40,20,0.5,0.5,0.0078125,,False,,False
18,concept,concept__block_18__Satellites,Satellites,4096.0,40,20,0.5,0.5,0.0328125,,False,,False
18,concept,concept__block_18__Satellites,Satellites,8192.0,40,20,0.5,0.5,0.0203125,,False,,False
18,concept,concept__block_18__recursion,recursion,0.0625,40,20,0.5,0.55,0.0125,,False,,False
18,concept,concept__block_18__recursion,recursion,0.125,40,20,0.5,0.45,-0.0125,,False,,False
18,concept,concept__block_18__recursion,recursion,0.25,40,20,0.5,0.4875,-0.003125,,False,,False
18,concept,concept__block_18__recursion,recursion,0.5,40,20,0.5,0.5375,0.009375,,False,,False
18,concept,concept__block_18__recursion,recursion,1.0,40,20,0.5,0.5125,0.003125,,False,,False
18,concept,concept__block_18__recursion,recursion,2.0,40,20,0.5,0.475,-0.00625,,False,,False
18,concept,concept__block_18__recursion,recursion,4.0,40,20,0.5,0.4875,-0.003125,,False,,False
18,concept,concept__block_18__recursion,recursion,8.0,40,20,0.5,0.5,0.0,,False,,False
18,concept,concept__block_18__recursion,recursion,16.0,40,20,0.5,0.525,0.00625,,False,,False
18,concept,concept__block_18__recursion,recursion,32.0,40,20,0.5,0.4375,-0.015625,,False,,False
18,concept,concept__block_18__recursion,recursion,64.0,40,20,0.5,0.4625,-0.0125,,False,,False
18,concept,concept__block_18__recursion,recursion,128.0,40,20,0.5,0.45,-0.0125,,False,,False
18,concept,concept__block_18__recursion,recursion,256.0,40,20,0.5,0.4375,-0.015625,,False,,False
18,concept,concept__block_18__recursion,recursion,512.0,40,20,0.5,0.475,-0.00625,,False,,False
18,concept,concept__block_18__recursion,recursion,1024.0,40,20,0.5,0.5,-0.003125,,False,,False
18,concept,concept__block_18__recursion,recursion,2048.0,40,20,0.5,0.4875,-0.00625,,False,,False
18,concept,concept__block_18__recursion,recursion,4096.0,40,20,0.5,0.4875,-0.015625,,False,,False
18,concept,concept__block_18__recursion,recursion,8192.0,40,20,0.5,0.475,-0.015625,,False,,False
18,concept,concept__block_18__shutdown,shutdown,0.0625,40,20,0.5,0.5,0.0,,False,,False
18,concept,concept__block_18__shutdown,shutdown,0.125,40,20,0.5,0.525,0.00625,,False,,False
18,concept,concept__block_18__shutdown,shutdown,0.25,40,20,0.5,0.5375,0.009375,,False,,False
18,concept,concept__block_18__shutdown,shutdown,0.5,40,20,0.5,0.5125,0.003125,,False,,False
18,concept,concept__block_18__shutdown,shutdown,1.0,40,20,0.5,0.5125,0.003125,,False,,False
18,concept,concept__block_18__shutdown,shutdown,2.0,40,20,0.5,0.5,0.0,,False,,False
18,concept,concept__block_18__shutdown,shutdown,4.0,40,20,0.5,0.5125,0.003125,,False,,False
18,concept,concept__block_18__shutdown,shutdown,8.0,40,20,0.5,0.5,0.0,,False,,False
18,concept,concept__block_18__shutdown,shutdown,16.0,40,20,0.5,0.575,0.01875,,False,,False
18,concept,concept__block_18__shutdown,shutdown,32.0,40,20,0.5,0.525,0.00625,,False,,False
18,concept,concept__block_18__shutdown,shutdown,64.0,40,20,0.5,0.5625,0.015625,,False,,False
18,concept,concept__block_18__shutdown,shutdown,128.0,40,20,0.5,0.4625,-0.009375,,False,,False
18,concept,concept__block_18__shutdown,shutdown,256.0,40,20,0.5,0.425,-0.01875,,False,,False
18,concept,concept__block_18__shutdown,shutdown,512.0,40,20,0.5,0.475,-0.0125,,False,,False
18,concept,concept__block_18__shutdown,shutdown,1024.0,40,20,0.5,0.475,-0.0125,,False,,False
18,concept,concept__block_18__shutdown,shutdown,2048.0,40,20,0.5,0.4875,-0.01875,,False,,False
18,concept,concept__block_18__shutdown,shutdown,4096.0,40,20,0.5,0.475,-0.0125,,False,,False
18,concept,concept__block_18__shutdown,shutdown,8192.0,40,20,0.5,0.45,-0.025,,False,,False
18,dropout,dropout_realization_00,dropout_realization_00,0.0625,40,20,0.5,0.5,0.0,,False,,False
18,dropout,dropout_realization_00,dropout_realization_00,0.125,40,20,0.5,0.5,0.0,,False,,False
18,dropout,dropout_realization_00,dropout_realization_00,0.25,40,20,0.5,0.4875,-0.003125,,False,,False
18,dropout,dropout_realization_00,dropout_realization_00,0.5,40,20,0.5,0.475,-0.00625,,False,,False
18,dropout,dropout_realization_00,dropout_realization_00,1.0,40,20,0.5,0.4875,-0.003125,,False,,False
18,dropout,dropout_realization_00,dropout_realization_00,2.0,40,20,0.5,0.575,0.01875,,False,,False
18,dropout,dropout_realization_00,dropout_realization_00,4.0,40,20,0.5,0.575,0.01875,,False,,False
18,dropout,dropout_realization_00,dropout_realization_00,8.0,40,20,0.5,0.525,0.00625,,False,,False
18,dropout,dropout_realization_00,dropout_realization_00,16.0,40,20,0.5,0.475,-0.00625,,False,,False
18,dropout,dropout_realization_00,dropout_realization_00,32.0,40,20,0.5,0.525,0.003125,,False,,False
18,dropout,dropout_realization_00,dropout_realization_00,64.0,40,20,0.5,0.5,0.003125,,False,,False
18,dropout,dropout_realization_00,dropout_realization_00,128.0,40,20,0.5,0.55,0.01875,,False,,False
18,dropout,dropout_realization_00,dropout_realization_00,256.0,40,20,0.5,0.5,-0.00625,,False,,False
18,dropout,dropout_realization_00,dropout_realization_00,512.0,40,20,0.5,0.425,0.021875,,False,,False
18,dropout,dropout_realization_00,dropout_realization_00,1024.0,40,20,0.5,0.5625,0.07265625,,False,,False
18,dropout,dropout_realization_00,dropout_realization_00,2048.0,40,20,0.5,0.45,-0.059375,,False,,False
18,dropout,dropout_realization_00,dropout_realization_00,4096.0,40,20,0.5,0.525,-0.003125,,False,,False
18,dropout,dropout_realization_00,dropout_realization_00,8192.0,40,20,0.5,0.55,-0.003125,,False,,False
18,dropout,dropout_realization_01,dropout_realization_01,0.0625,40,20,0.5,0.5,0.0,,False,,False
18,dropout,dropout_realization_01,dropout_realization_01,0.125,40,20,0.5,0.4875,-0.003125,,False,,False
18,dropout,dropout_realization_01,dropout_realization_01,0.25,40,20,0.5,0.525,0.00625,,False,,False
18,dropout,dropout_realization_01,dropout_realization_01,0.5,40,20,0.5,0.475,-0.00625,,False,,False
18,dropout,dropout_realization_01,dropout_realization_01,1.0,40,20,0.5,0.5125,0.003125,,False,,False
18,dropout,dropout_realization_01,dropout_realization_01,2.0,40,20,0.5,0.475,-0.00625,,False,,False
18,dropout,dropout_realization_01,dropout_realization_01,4.0,40,20,0.5,0.4625,-0.009375,,False,,False
18,dropout,dropout_realization_01,dropout_realization_01,8.0,40,20,0.5,0.5,0.0,,False,,False
18,dropout,dropout_realization_01,dropout_realization_01,16.0,40,20,0.5,0.5125,0.003125,,False,,False
18,dropout,dropout_realization_01,dropout_realization_01,32.0,40,20,0.5,0.55,0.0125,,False,,False
18,dropout,dropout_realization_01,dropout_realization_01,64.0,40,20,0.5,0.4875,-0.003125,,False,,False
18,dropout,dropout_realization_01,dropout_realization_01,128.0,40,20,0.5,0.4625,-0.0125,,False,,False
18,dropout,dropout_realization_01,dropout_realization_01,256.0,40,20,0.5,0.625,0.040625,,False,,False
18,dropout,dropout_realization_01,dropout_realization_01,512.0,40,20,0.5,0.5,0.040625,,False,,False
18,dropout,dropout_realization_01,dropout_realization_01,1024.0,40,20,0.525,0.525,0.078125,,False,,False
18,dropout,dropout_realization_01,dropout_realization_01,2048.0,40,20,0.5,0.575,0.1078125,,False,,False
18,dropout,dropout_realization_01,dropout_realization_01,4096.0,40,20,0.5,0.5375,0.003125,,False,,False
18,dropout,dropout_realization_01,dropout_realization_01,8192.0,40,20,0.5,0.3875,-0.009375,,False,,False
18,noise,noise_realization_00,noise_realization_00,0.0625,40,20,0.5,0.475,-0.00625,,False,,False
18,noise,noise_realization_00,noise_realization_00,0.125,40,20,0.5,0.5125,0.003125,,False,,False
18,noise,noise_realization_00,noise_realization_00,0.25,40,20,0.5,0.475,-0.00625,,False,,False
18,noise,noise_realization_00,noise_realization_00,0.5,40,20,0.5,0.5375,0.009375,,False,,False
18,noise,noise_realization_00,noise_realization_00,1.0,40,20,0.5,0.4875,-0.003125,,False,,False
18,noise,noise_realization_00,noise_realization_00,2.0,40,20,0.5,0.4875,-0.003125,,False,,False
18,noise,noise_realization_00,noise_realization_00,4.0,40,20,0.5,0.5,0.0,,False,,False
18,noise,noise_realization_00,noise_realization_00,8.0,40,20,0.5,0.55,0.0125,,False,,False
18,noise,noise_realization_00,noise_realization_00,16.0,40,20,0.5,0.5125,0.003125,,False,,False
18,noise,noise_realization_00,noise_realization_00,32.0,40,20,0.5,0.4625,-0.009375,,False,,False
18,noise,noise_realization_00,noise_realization_00,64.0,40,20,0.5,0.5125,0.003125,,False,,False
18,noise,noise_realization_00,noise_realization_00,128.0,40,20,0.5,0.425,-0.01875,,False,,False
18,noise,noise_realization_00,noise_realization_00,256.0,40,20,0.5,0.5625,0.015625,,False,,False
18,noise,noise_realization_00,noise_realization_00,512.0,40,20,0.5,0.575,0.015625,,False,,False
18,noise,noise_realization_00,noise_realization_00,1024.0,40,20,0.5,0.4625,-0.0125,,False,,False
18,noise,noise_realization_00,noise_realization_00,2048.0,40,20,0.5,0.5,0.034375,,False,,False
18,noise,noise_realization_00,noise_realization_00,4096.0,40,20,0.5,0.375,-0.04375,,False,,False
18,noise,noise_realization_00,noise_realization_00,8192.0,40,20,0.5125,0.4875,0.009375,,False,,False
18,noise,noise_realization_01,noise_realization_01,0.0625,40,20,0.5,0.5,0.0,,False,,False
18,noise,noise_realization_01,noise_realization_01,0.125,40,20,0.5,0.475,-0.00625,,False,,False
18,noise,noise_realization_01,noise_realization_01,0.25,40,20,0.5,0.5,0.0,,False,,False
18,noise,noise_realization_01,noise_realization_01,0.5,40,20,0.5,0.4875,-0.003125,,False,,False
18,noise,noise_realization_01,noise_realization_01,1.0,40,20,0.5,0.5,0.0,,False,,False
18,noise,noise_realization_01,noise_realization_01,2.0,40,20,0.5,0.45,-0.0125,,False,,False
18,noise,noise_realization_01,noise_realization_01,4.0,40,20,0.5,0.5,0.0,,False,,False
18,noise,noise_realization_01,noise_realization_01,8.0,40,20,0.5,0.475,-0.00625,,False,,False
18,noise,noise_realization_01,noise_realization_01,16.0,40,20,0.5,0.425,-0.01875,,False,,False
18,noise,noise_realization_01,noise_realization_01,32.0,40,20,0.5,0.425,-0.01875,,False,,False
18,noise,noise_realization_01,noise_realization_01,64.0,40,20,0.5,0.4875,-0.003125,,False,,False
18,noise,noise_realization_01,noise_realization_01,128.0,40,20,0.5,0.4,-0.025,,False,,False
18,noise,noise_realization_01,noise_realization_01,256.0,40,20,0.5,0.5,0.003125,,False,,False
18,noise,noise_realization_01,noise_realization_01,512.0,40,20,0.5,0.6375,0.053125,,False,,False
18,noise,noise_realization_01,noise_realization_01,1024.0,40,20,0.5,0.4375,-0.034375,,False,,False
18,noise,noise_realization_01,noise_realization_01,2048.0,40,20,0.5,0.5125,0.028125,,False,,False
18,noise,noise_realization_01,noise_realization_01,4096.0,40,20,0.5,0.4875,0.0,,False,,False
18,noise,noise_realization_01,noise_realization_01,8192.0,40,20,0.5,0.6125,0.040625,,False,,False
18,random,fixed_random__block_18__0000,0000,0.0625,40,20,0.5,0.5375,0.009375,,False,,False
18,random,fixed_random__block_18__0000,0000,0.125,40,20,0.5,0.4875,-0.003125,,False,,False
18,random,fixed_random__block_18__0000,0000,0.25,40,20,0.5,0.525,0.00625,,False,,False
18,random,fixed_random__block_18__0000,0000,0.5,40,20,0.5,0.5,0.0,,False,,False
18,random,fixed_random__block_18__0000,0000,1.0,40,20,0.5,0.5125,0.003125,,False,,False
18,random,fixed_random__block_18__0000,0000,2.0,40,20,0.5,0.5,0.0,,False,,False
18,random,fixed_random__block_18__0000,0000,4.0,40,20,0.5,0.55,0.0125,,False,,False
18,random,fixed_random__block_18__0000,0000,8.0,40,20,0.5,0.5,0.0,,False,,False
18,random,fixed_random__block_18__0000,0000,16.0,40,20,0.5,0.525,0.00625,,False,,False
18,random,fixed_random__block_18__0000,0000,32.0,40,20,0.5,0.5,0.0,,False,,False
18,random,fixed_random__block_18__0000,0000,64.0,40,20,0.5,0.5,0.0,,False,,False
18,random,fixed_random__block_18__0000,0000,128.0,40,20,0.5,0.45,-0.0125,,False,,False
18,random,fixed_random__block_18__0000,0000,256.0,40,20,0.5,0.4625,-0.009375,,False,,False
18,random,fixed_random__block_18__0000,0000,512.0,40,20,0.5,0.4125,-0.025,,False,,False
18,random,fixed_random__block_18__0000,0000,1024.0,40,20,0.5,0.5,-0.0125,,False,,False
18,random,fixed_random__block_18__0000,0000,2048.0,40,20,0.5,0.4875,-0.003125,,False,,False
18,random,fixed_random__block_18__0000,0000,4096.0,40,20,0.5,0.5,-0.015625,,False,,False
18,random,fixed_random__block_18__0000,0000,8192.0,40,20,0.5,0.5,-0.015625,,False,,False
18,random,fixed_random__block_18__0001,0001,0.0625,40,20,0.5,0.4875,-0.003125,,False,,False
18,random,fixed_random__block_18__0001,0001,0.125,40,20,0.5,0.4625,-0.009375,,False,,False
18,random,fixed_random__block_18__0001,0001,0.25,40,20,0.5,0.45,-0.0125,,False,,False
18,random,fixed_random__block_18__0001,0001,0.5,40,20,0.5,0.5,0.0,,False,,False
18,random,fixed_random__block_18__0001,0001,1.0,40,20,0.5,0.5125,0.003125,,False,,False
18,random,fixed_random__block_18__0001,0001,2.0,40,20,0.5,0.525,0.00625,,False,,False
18,random,fixed_random__block_18__0001,0001,4.0,40,20,0.5,0.5125,0.003125,,False,,False
18,random,fixed_random__block_18__0001,0001,8.0,40,20,0.5,0.5,0.0,,False,,False
18,random,fixed_random__block_18__0001,0001,16.0,40,20,0.5,0.4875,-0.003125,,False,,False
18,random,fixed_random__block_18__0001,0001,32.0,40,20,0.5,0.525,0.00625,,False,,False
18,random,fixed_random__block_18__0001,0001,64.0,40,20,0.5,0.4125,-0.021875,,False,,False
18,random,fixed_random__block_18__0001,0001,128.0,40,20,0.5,0.375,-0.034375,,False,,False
18,random,fixed_random__block_18__0001,0001,256.0,40,20,0.5,0.3625,-0.04375,,False,,False
18,random,fixed_random__block_18__0001,0001,512.0,40,20,0.5,0.575,0.021875,,False,,False
18,random,fixed_random__block_18__0001,0001,1024.0,40,20,0.5,0.5,0.0125,,False,,False
18,random,fixed_random__block_18__0001,0001,2048.0,40,20,0.5,0.5,0.015625,,False,,False
18,random,fixed_random__block_18__0001,0001,4096.0,40,20,0.5,0.5,0.028125,,False,,False
18,random,fixed_random__block_18__0001,0001,8192.0,40,20,0.5,0.5,0.04375,,False,,False
18,random,fixed_random__block_18__0002,0002,0.0625,40,20,0.5,0.4875,-0.003125,,False,,False
18,random,fixed_random__block_18__0002,0002,0.125,40,20,0.5,0.525,0.00625,,False,,False
18,random,fixed_random__block_18__0002,0002,0.25,40,20,0.5,0.5125,0.003125,,False,,False
18,random,fixed_random__block_18__0002,0002,0.5,40,20,0.5,0.4625,-0.009375,,False,,False
18,random,fixed_random__block_18__0002,0002,1.0,40,20,0.5,0.4875,-0.003125,,False,,False
18,random,fixed_random__block_18__0002,0002,2.0,40,20,0.5,0.4875,-0.003125,,False,,False
18,random,fixed_random__block_18__0002,0002,4.0,40,20,0.5,0.5125,0.003125,,False,,False
18,random,fixed_random__block_18__0002,0002,8.0,40,20,0.5,0.525,0.00625,,False,,False
18,random,fixed_random__block_18__0002,0002,16.0,40,20,0.5,0.5,0.0,,False,,False
18,random,fixed_random__block_18__0002,0002,32.0,40,20,0.5,0.525,0.009375,,False,,False
18,random,fixed_random__block_18__0002,0002,64.0,40,20,0.5,0.5125,0.003125,,False,,False
18,random,fixed_random__block_18__0002,0002,128.0,40,20,0.5,0.525,0.00625,,False,,False
18,random,fixed_random__block_18__0002,0002,256.0,40,20,0.5,0.625,0.03125,,False,,False
18,random,fixed_random__block_18__0002,0002,512.0,40,20,0.5,0.625,0.04375,,False,,False
18,random,fixed_random__block_18__0002,0002,1024.0,40,20,0.5,0.5375,0.01875,,False,,False
18,random,fixed_random__block_18__0002,0002,2048.0,40,20,0.5,0.5,0.025,,False,,False
18,random,fixed_random__block_18__0002,0002,4096.0,40,20,0.5,0.5,0.015625,,False,,False
18,random,fixed_random__block_18__0002,0002,8192.0,40,20,0.5,0.5,0.040625,,False,,False
19,concept,concept__block_19__Dust,Dust,0.0625,40,20,0.5,0.5,0.0,,False,,False
19,concept,concept__block_19__Dust,Dust,0.125,40,20,0.5,0.5,0.0,,False,,False
19,concept,concept__block_19__Dust,Dust,0.25,40,20,0.5,0.5375,0.009375,,False,,False
19,concept,concept__block_19__Dust,Dust,0.5,40,20,0.5,0.5125,0.003125,,False,,False
19,concept,concept__block_19__Dust,Dust,1.0,40,20,0.5,0.55,0.0125,,False,,False
19,concept,concept__block_19__Dust,Dust,2.0,40,20,0.5,0.5625,0.015625,,False,,False
19,concept,concept__block_19__Dust,Dust,4.0,40,20,0.5,0.525,0.00625,,False,,False
19,concept,concept__block_19__Dust,Dust,8.0,40,20,0.5,0.525,0.00625,,False,,False
19,concept,concept__block_19__Dust,Dust,16.0,40,20,0.5,0.5875,0.021875,,False,,False
19,concept,concept__block_19__Dust,Dust,32.0,40,20,0.5,0.6375,0.0375,,False,,False
19,concept,concept__block_19__Dust,Dust,64.0,40,20,0.5,0.6625,0.075,,False,,False
19,concept,concept__block_19__Dust,Dust,128.0,40,20,0.5,0.6875,0.096875,,False,,False
19,concept,concept__block_19__Dust,Dust,256.0,40,20,0.5,0.5,0.1046875,,False,,False
19,concept,concept__block_19__Dust,Dust,512.0,40,20,0.5,0.5,0.0890625,,False,,False
19,concept,concept__block_19__Dust,Dust,1024.0,40,20,0.5,0.5,0.1046875,,False,,False
19,concept,concept__block_19__Dust,Dust,2048.0,40,20,0.5,0.5,0.12265625,,False,,False
19,concept,concept__block_19__Dust,Dust,4096.0,40,20,0.5,0.5,0.12421875,,False,,False
19,concept,concept__block_19__Dust,Dust,8192.0,40,20,0.5,0.5,0.13203125,,False,,False
19,concept,concept__block_19__Satellites,Satellites,0.0625,40,20,0.5,0.5625,0.015625,,False,,False
19,concept,concept__block_19__Satellites,Satellites,0.125,40,20,0.5,0.4625,-0.009375,,False,,False
19,concept,concept__block_19__Satellites,Satellites,0.25,40,20,0.5,0.5,0.0,,False,,False
19,concept,concept__block_19__Satellites,Satellites,0.5,40,20,0.5,0.4625,-0.009375,,False,,False
19,concept,concept__block_19__Satellites,Satellites,1.0,40,20,0.5,0.4875,-0.003125,,False,,False
19,concept,concept__block_19__Satellites,Satellites,2.0,40,20,0.5,0.475,-0.00625,,False,,False
19,concept,concept__block_19__Satellites,Satellites,4.0,40,20,0.5,0.5125,0.003125,,False,,False
19,concept,concept__block_19__Satellites,Satellites,8.0,40,20,0.5,0.5,0.0,,False,,False
19,concept,concept__block_19__Satellites,Satellites,16.0,40,20,0.5,0.4625,-0.009375,,False,,False
19,concept,concept__block_19__Satellites,Satellites,32.0,40,20,0.5,0.5,0.0,,False,,False
19,concept,concept__block_19__Satellites,Satellites,64.0,40,20,0.5,0.5,0.0,,False,,False
19,concept,concept__block_19__Satellites,Satellites,128.0,40,20,0.5,0.55,0.0375,,False,,False
19,concept,concept__block_19__Satellites,Satellites,256.0,40,20,0.5,0.5,0.028125,,False,,False
19,concept,concept__block_19__Satellites,Satellites,512.0,40,20,0.5,0.5,0.04375,,False,,False
19,concept,concept__block_19__Satellites,Satellites,1024.0,40,20,0.5,0.5,0.03125,,False,,False
19,concept,concept__block_19__Satellites,Satellites,2048.0,40,20,0.5,0.5,0.034375,,False,,False
19,concept,concept__block_19__Satellites,Satellites,4096.0,40,20,0.5,0.5,0.028125,,False,,False
19,concept,concept__block_19__Satellites,Satellites,8192.0,40,20,0.5,0.5,0.0359375,,False,,False
19,concept,concept__block_19__recursion,recursion,0.0625,40,20,0.5,0.5375,0.009375,,False,,False
19,concept,concept__block_19__recursion,recursion,0.125,40,20,0.5,0.5125,0.00625,,False,,False
19,concept,concept__block_19__recursion,recursion,0.25,40,20,0.5,0.5625,0.0125,,False,,False
19,concept,concept__block_19__recursion,recursion,0.5,40,20,0.5,0.5,0.0,,False,,False
19,concept,concept__block_19__recursion,recursion,1.0,40,20,0.5,0.4625,-0.009375,,False,,False
19,concept,concept__block_19__recursion,recursion,2.0,40,20,0.5,0.4625,-0.009375,,False,,False
19,concept,concept__block_19__recursion,recursion,4.0,40,20,0.5,0.5625,0.015625,,False,,False
19,concept,concept__block_19__recursion,recursion,8.0,40,20,0.5,0.4625,-0.009375,,False,,False
19,concept,concept__block_19__recursion,recursion,16.0,40,20,0.5,0.4875,-0.003125,,False,,False
19,concept,concept__block_19__recursion,recursion,32.0,40,20,0.5,0.45,-0.0125,,False,,False
19,concept,concept__block_19__recursion,recursion,64.0,40,20,0.5,0.375,-0.03125,,False,,False
19,concept,concept__block_19__recursion,recursion,128.0,40,20,0.5,0.3875,-0.028125,,False,,False
19,concept,concept__block_19__recursion,recursion,256.0,40,20,0.5,0.3625,-0.034375,,False,,False
19,concept,concept__block_19__recursion,recursion,512.0,40,20,0.5,0.425,-0.021875,,False,,False
19,concept,concept__block_19__recursion,recursion,1024.0,40,20,0.5,0.4625,-0.0125,,False,,False
19,concept,concept__block_19__recursion,recursion,2048.0,40,20,0.5,0.4125,-0.034375,,False,,False
19,concept,concept__block_19__recursion,recursion,4096.0,40,20,0.5,0.375,-0.034375,,False,,False
19,concept,concept__block_19__recursion,recursion,8192.0,40,20,0.5,0.425,-0.028125,,False,,False
19,concept,concept__block_19__shutdown,shutdown,0.0625,40,20,0.5,0.4875,-0.003125,,False,,False
19,concept,concept__block_19__shutdown,shutdown,0.125,40,20,0.5,0.475,-0.00625,,False,,False
19,concept,concept__block_19__shutdown,shutdown,0.25,40,20,0.5,0.5625,0.015625,,False,,False
19,concept,concept__block_19__shutdown,shutdown,0.5,40,20,0.5,0.475,-0.00625,,False,,False
19,concept,concept__block_19__shutdown,shutdown,1.0,40,20,0.5,0.4875,-0.003125,,False,,False
19,concept,concept__block_19__shutdown,shutdown,2.0,40,20,0.5,0.55,0.0125,,False,,False
19,concept,concept__block_19__shutdown,shutdown,4.0,40,20,0.5,0.425,-0.01875,,False,,False
19,concept,concept__block_19__shutdown,shutdown,8.0,40,20,0.5,0.5,0.0,,False,,False
19,concept,concept__block_19__shutdown,shutdown,16.0,40,20,0.5,0.4625,-0.009375,,False,,False
19,concept,concept__block_19__shutdown,shutdown,32.0,40,20,0.5,0.4875,-0.003125,,False,,False
19,concept,concept__block_19__shutdown,shutdown,64.0,40,20,0.5,0.475,-0.00625,,False,,False
19,concept,concept__block_19__shutdown,shutdown,128.0,40,20,0.5,0.45,-0.015625,,False,,False
19,concept,concept__block_19__shutdown,shutdown,256.0,40,20,0.5,0.3625,-0.034375,,False,,False
19,concept,concept__block_19__shutdown,shutdown,512.0,40,20,0.5,0.4375,-0.021875,,False,,False
19,concept,concept__block_19__shutdown,shutdown,1024.0,40,20,0.5,0.45,-0.028125,,False,,False
19,concept,concept__block_19__shutdown,shutdown,2048.0,40,20,0.5,0.4625,-0.028125,,False,,False
19,concept,concept__block_19__shutdown,shutdown,4096.0,40,20,0.5,0.475,-0.021875,,False,,False
19,concept,concept__block_19__shutdown,shutdown,8192.0,40,20,0.5,0.4625,-0.028125,,False,,False
19,dropout,dropout_realization_00,dropout_realization_00,0.0625,40,20,0.5,0.4875,-0.003125,,False,,False
19,dropout,dropout_realization_00,dropout_realization_00,0.125,40,20,0.5,0.475,-0.00625,,False,,False
19,dropout,dropout_realization_00,dropout_realization_00,0.25,40,20,0.5,0.5125,0.003125,,False,,False
19,dropout,dropout_realization_00,dropout_realization_00,0.5,40,20,0.5,0.45,-0.0125,,False,,False
19,dropout,dropout_realization_00,dropout_realization_00,1.0,40,20,0.5,0.475,-0.00625,,False,,False
19,dropout,dropout_realization_00,dropout_realization_00,2.0,40,20,0.5,0.525,0.009375,,False,,False
19,dropout,dropout_realization_00,dropout_realization_00,4.0,40,20,0.5,0.4875,-0.003125,,False,,False
19,dropout,dropout_realization_00,dropout_realization_00,8.0,40,20,0.5,0.475,-0.00625,,False,,False
19,dropout,dropout_realization_00,dropout_realization_00,16.0,40,20,0.5,0.525,0.00625,,False,,False
19,dropout,dropout_realization_00,dropout_realization_00,32.0,40,20,0.5,0.5,0.0,,False,,False
19,dropout,dropout_realization_00,dropout_realization_00,64.0,40,20,0.5,0.4625,-0.00625,,False,,False
19,dropout,dropout_realization_00,dropout_realization_00,128.0,40,20,0.5,0.5875,0.03125,,False,,False
19,dropout,dropout_realization_00,dropout_realization_00,256.0,40,20,0.5,0.575,0.05,,False,,False
19,dropout,dropout_realization_00,dropout_realization_00,512.0,40,20,0.5,0.6375,0.125,,False,,False
19,dropout,dropout_realization_00,dropout_realization_00,1024.0,40,20,0.5,0.5125,0.04375,,False,,False
19,dropout,dropout_realization_00,dropout_realization_00,2048.0,40,20,0.5,0.4125,0.021875,,False,,False
19,dropout,dropout_realization_00,dropout_realization_00,4096.0,40,20,0.525,0.425,-0.06875,,False,,False
19,dropout,dropout_realization_00,dropout_realization_00,8192.0,40,20,0.5,0.35,-0.078125,,False,,False
19,dropout,dropout_realization_01,dropout_realization_01,0.0625,40,20,0.5,0.5,0.0,,False,,False
19,dropout,dropout_realization_01,dropout_realization_01,0.125,40,20,0.5,0.5,0.0,,False,,False
19,dropout,dropout_realization_01,dropout_realization_01,0.25,40,20,0.5,0.5125,0.003125,,False,,False
19,dropout,dropout_realization_01,dropout_realization_01,0.5,40,20,0.5,0.5125,0.003125,,False,,False
19,dropout,dropout_realization_01,dropout_realization_01,1.0,40,20,0.5,0.3875,-0.028125,,False,,False
19,dropout,dropout_realization_01,dropout_realization_01,2.0,40,20,0.5,0.4875,-0.003125,,False,,False
19,dropout,dropout_realization_01,dropout_realization_01,4.0,40,20,0.5,0.5125,0.003125,,False,,False
19,dropout,dropout_realization_01,dropout_realization_01,8.0,40,20,0.5,0.5375,0.009375,,False,,False
19,dropout,dropout_realization_01,dropout_realization_01,16.0,40,20,0.5,0.5,0.0,,False,,False
19,dropout,dropout_realization_01,dropout_realization_01,32.0,40,20,0.5,0.5,0.0,,False,,False
19,dropout,dropout_realization_01,dropout_realization_01,64.0,40,20,0.5,0.55,0.0125,,False,,False
19,dropout,dropout_realization_01,dropout_realization_01,128.0,40,20,0.5,0.5375,0.009375,,False,,False
19,dropout,dropout_realization_01,dropout_realization_01,256.0,40,20,0.5,0.575,0.021875,,False,,False
19,dropout,dropout_realization_01,dropout_realization_01,512.0,40,20,0.5,0.525,0.059375,,False,,False
19,dropout,dropout_realization_01,dropout_realization_01,1024.0,40,20,0.5,0.45,-0.0515625,,False,,False
19,dropout,dropout_realization_01,dropout_realization_01,2048.0,40,20,0.5,0.475,-0.090625,,False,,False
19,dropout,dropout_realization_01,dropout_realization_01,4096.0,40,20,0.5,0.5875,0.1015625,,False,,False
19,dropout,dropout_realization_01,dropout_realization_01,8192.0,40,20,0.5,0.4125,-0.028125,,False,,False
19,noise,noise_realization_00,noise_realization_00,0.0625,40,20,0.5,0.525,0.00625,,False,,False
19,noise,noise_realization_00,noise_realization_00,0.125,40,20,0.5,0.5,0.0,,False,,False
19,noise,noise_realization_00,noise_realization_00,0.25,40,20,0.5,0.5125,0.003125,,False,,False
19,noise,noise_realization_00,noise_realization_00,0.5,40,20,0.5,0.575,0.021875,,False,,False
19,noise,noise_realization_00,noise_realization_00,1.0,40,20,0.5,0.4625,-0.009375,,False,,False
19,noise,noise_realization_00,noise_realization_00,2.0,40,20,0.5,0.5,0.0,,False,,False
19,noise,noise_realization_00,noise_realization_00,4.0,40,20,0.5,0.5125,0.003125,,False,,False
19,noise,noise_realization_00,noise_realization_00,8.0,40,20,0.5,0.475,-0.009375,,False,,False
19,noise,noise_realization_00,noise_realization_00,16.0,40,20,0.5,0.5375,0.009375,,False,,False
19,noise,noise_realization_00,noise_realization_00,32.0,40,20,0.5,0.5375,0.009375,,False,,False
19,noise,noise_realization_00,noise_realization_00,64.0,40,20,0.5,0.5375,0.009375,,False,,False
19,noise,noise_realization_00,noise_realization_00,128.0,40,20,0.5,0.425,-0.01875,,False,,False
19,noise,noise_realization_00,noise_realization_00,256.0,40,20,0.5,0.5125,0.0125,,False,,False
19,noise,noise_realization_00,noise_realization_00,512.0,40,20,0.5,0.5625,0.053125,,False,,False
19,noise,noise_realization_00,noise_realization_00,1024.0,40,20,0.5,0.5375,0.021875,,False,,False
19,noise,noise_realization_00,noise_realization_00,2048.0,40,20,0.5,0.5,-0.05,,False,,False
19,noise,noise_realization_00,noise_realization_00,4096.0,40,20,0.5,0.475,0.009375,,False,,False
19,noise,noise_realization_00,noise_realization_00,8192.0,40,20,0.5,0.5375,0.0125,,False,,False
19,noise,noise_realization_01,noise_realization_01,0.0625,40,20,0.5,0.5,0.0,,False,,False
19,noise,noise_realization_01,noise_realization_01,0.125,40,20,0.5,0.475,-0.00625,,False,,False
19,noise,noise_realization_01,noise_realization_01,0.25,40,20,0.5,0.575,0.01875,,False,,False
19,noise,noise_realization_01,noise_realization_01,0.5,40,20,0.5,0.4625,-0.009375,,False,,False
19,noise,noise_realization_01,noise_realization_01,1.0,40,20,0.5,0.4875,-0.003125,,False,,False
19,noise,noise_realization_01,noise_realization_01,2.0,40,20,0.5,0.5375,0.009375,,False,,False
19,noise,noise_realization_01,noise_realization_01,4.0,40,20,0.5,0.4875,-0.003125,,False,,False
19,noise,noise_realization_01,noise_realization_01,8.0,40,20,0.5,0.475,-0.00625,,False,,False
19,noise,noise_realization_01,noise_realization_01,16.0,40,20,0.5,0.5,0.0,,False,,False
19,noise,noise_realization_01,noise_realization_01,32.0,40,20,0.5,0.4625,-0.009375,,False,,False
19,noise,noise_realization_01,noise_realization_01,64.0,40,20,0.5,0.5375,0.009375,,False,,False
19,noise,noise_realization_01,noise_realization_01,128.0,40,20,0.5,0.4875,0.0,,False,,False
19,noise,noise_realization_01,noise_realization_01,256.0,40,20,0.5,0.5125,0.0125,,False,,False
19,noise,noise_realization_01,noise_realization_01,512.0,40,20,0.5,0.4625,0.00625,,False,,False
19,noise,noise_realization_01,noise_realization_01,1024.0,40,20,0.5,0.525,-0.021875,,False,,False
19,noise,noise_realization_01,noise_realization_01,2048.0,40,20,0.5,0.4,-0.034375,,False,,False
19,noise,noise_realization_01,noise_realization_01,4096.0,40,20,0.5,0.35,-0.075,,False,,False
19,noise,noise_realization_01,noise_realization_01,8192.0,40,20,0.5,0.5625,0.059375,,False,,False
19,random,fixed_random__block_19__0000,0000,0.0625,40,20,0.5,0.475,-0.00625,,False,,False
19,random,fixed_random__block_19__0000,0000,0.125,40,20,0.5,0.5375,0.009375,,False,,False
19,random,fixed_random__block_19__0000,0000,0.25,40,20,0.5,0.4625,-0.009375,,False,,False
19,random,fixed_random__block_19__0000,0000,0.5,40,20,0.5,0.5,0.0,,False,,False
19,random,fixed_random__block_19__0000,0000,1.0,40,20,0.5,0.4625,-0.009375,,False,,False
19,random,fixed_random__block_19__0000,0000,2.0,40,20,0.5,0.5125,0.003125,,False,,False
19,random,fixed_random__block_19__0000,0000,4.0,40,20,0.5,0.55,0.0125,,False,,False
19,random,fixed_random__block_19__0000,0000,8.0,40,20,0.5,0.55,0.0125,,False,,False
19,random,fixed_random__block_19__0000,0000,16.0,40,20,0.5,0.5,0.0,,False,,False
19,random,fixed_random__block_19__0000,0000,32.0,40,20,0.5,0.4875,-0.003125,,False,,False
19,random,fixed_random__block_19__0000,0000,64.0,40,20,0.5,0.4375,-0.015625,,False,,False
19,random,fixed_random__block_19__0000,0000,128.0,40,20,0.5,0.55,0.0125,,False,,False
19,random,fixed_random__block_19__0000,0000,256.0,40,20,0.5,0.5,0.003125,,False,,False
19,random,fixed_random__block_19__0000,0000,512.0,40,20,0.5,0.575,0.0125,,False,,False
19,random,fixed_random__block_19__0000,0000,1024.0,40,20,0.5,0.45,0.009375,,False,,False
19,random,fixed_random__block_19__0000,0000,2048.0,40,20,0.5,0.4875,0.015625,,False,,False
19,random,fixed_random__block_19__0000,0000,4096.0,40,20,0.5,0.525,0.01875,,False,,False
19,random,fixed_random__block_19__0000,0000,8192.0,40,20,0.5,0.6125,0.028125,,False,,False
19,random,fixed_random__block_19__0001,0001,0.0625,40,20,0.5,0.55,0.0125,,False,,False
19,random,fixed_random__block_19__0001,0001,0.125,40,20,0.5,0.45,-0.0125,,False,,False
19,random,fixed_random__block_19__0001,0001,0.25,40,20,0.5,0.475,-0.00625,,False,,False
19,random,fixed_random__block_19__0001,0001,0.5,40,20,0.5,0.4875,-0.003125,,False,,False
19,random,fixed_random__block_19__0001,0001,1.0,40,20,0.5,0.5625,0.015625,,False,,False
19,random,fixed_random__block_19__0001,0001,2.0,40,20,0.5,0.4875,-0.003125,,False,,False
19,random,fixed_random__block_19__0001,0001,4.0,40,20,0.5,0.5125,0.003125,,False,,False
19,random,fixed_random__block_19__0001,0001,8.0,40,20,0.5,0.5125,0.003125,,False,,False
19,random,fixed_random__block_19__0001,0001,16.0,40,20,0.5,0.475,-0.00625,,False,,False
19,random,fixed_random__block_19__0001,0001,32.0,40,20,0.5,0.4625,-0.009375,,False,,False
19,random,fixed_random__block_19__0001,0001,64.0,40,20,0.5,0.5375,0.009375,,False,,False
19,random,fixed_random__block_19__0001,0001,128.0,40,20,0.5,0.475,-0.00625,,False,,False
19,random,fixed_random__block_19__0001,0001,256.0,40,20,0.5,0.4625,-0.009375,,False,,False
19,random,fixed_random__block_19__0001,0001,512.0,40,20,0.5,0.5125,0.003125,,False,,False
19,random,fixed_random__block_19__0001,0001,1024.0,40,20,0.5,0.5,-0.00625,,False,,False
19,random,fixed_random__block_19__0001,0001,2048.0,40,20,0.5,0.55,0.01875,,False,,False
19,random,fixed_random__block_19__0001,0001,4096.0,40,20,0.5,0.525,0.003125,,False,,False
19,random,fixed_random__block_19__0001,0001,8192.0,40,20,0.5,0.55,0.015625,,False,,False
19,random,fixed_random__block_19__0002,0002,0.0625,40,20,0.5,0.5125,0.003125,,False,,False
19,random,fixed_random__block_19__0002,0002,0.125,40,20,0.5,0.5,0.0,,False,,False
19,random,fixed_random__block_19__0002,0002,0.25,40,20,0.5,0.475,-0.00625,,False,,False
19,random,fixed_random__block_19__0002,0002,0.5,40,20,0.5,0.525,0.00625,,False,,False
19,random,fixed_random__block_19__0002,0002,1.0,40,20,0.5,0.5,-0.003125,,False,,False
19,random,fixed_random__block_19__0002,0002,2.0,40,20,0.5,0.5125,0.003125,,False,,False
19,random,fixed_random__block_19__0002,0002,4.0,40,20,0.5,0.525,0.00625,,False,,False
19,random,fixed_random__block_19__0002,0002,8.0,40,20,0.5,0.55,0.0125,,False,,False
19,random,fixed_random__block_19__0002,0002,16.0,40,20,0.5,0.425,-0.01875,,False,,False
19,random,fixed_random__block_19__0002,0002,32.0,40,20,0.5,0.525,0.00625,,False,,False
19,random,fixed_random__block_19__0002,0002,64.0,40,20,0.5,0.5625,0.01875,,False,,False
19,random,fixed_random__block_19__0002,0002,128.0,40,20,0.5,0.625,0.034375,,False,,False
19,random,fixed_random__block_19__0002,0002,256.0,40,20,0.5,0.6125,0.034375,,False,,False
19,random,fixed_random__block_19__0002,0002,512.0,40,20,0.5,0.5,0.025,,False,,False
19,random,fixed_random__block_19__0002,0002,1024.0,40,20,0.5,0.5,0.0,,False,,False
19,random,fixed_random__block_19__0002,0002,2048.0,40,20,0.5,0.5,-0.00625,,False,,False
19,random,fixed_random__block_19__0002,0002,4096.0,40,20,0.5125,0.5,-0.003125,,False,,False
19,random,fixed_random__block_19__0002,0002,8192.0,40,20,0.5,0.5,0.009375,,False,,False
20,concept,concept__block_20__Dust,Dust,0.0625,40,20,0.5,0.4625,-0.009375,,False,,False
20,concept,concept__block_20__Dust,Dust,0.125,40,20,0.5,0.5375,0.009375,,False,,False
20,concept,concept__block_20__Dust,Dust,0.25,40,20,0.5,0.4625,-0.009375,,False,,False
20,concept,concept__block_20__Dust,Dust,0.5,40,20,0.5,0.475,-0.00625,,False,,False
20,concept,concept__block_20__Dust,Dust,1.0,40,20,0.5,0.5125,0.003125,,False,,False
20,concept,concept__block_20__Dust,Dust,2.0,40,20,0.5,0.55,0.0125,,False,,False
20,concept,concept__block_20__Dust,Dust,4.0,40,20,0.5,0.4875,-0.003125,,False,,False
20,concept,concept__block_20__Dust,Dust,8.0,40,20,0.5,0.475,-0.00625,,False,,False
20,concept,concept__block_20__Dust,Dust,16.0,40,20,0.5,0.4875,-0.003125,,False,,False
20,concept,concept__block_20__Dust,Dust,32.0,40,20,0.5,0.525,0.00625,,False,,False
20,concept,concept__block_20__Dust,Dust,64.0,40,20,0.5,0.55,0.028125,,False,,False
20,concept,concept__block_20__Dust,Dust,128.0,40,20,0.5,0.6125,0.053125,,False,,False
20,concept,concept__block_20__Dust,Dust,256.0,40,20,0.5,0.55,0.0453125,,False,,False
20,concept,concept__block_20__Dust,Dust,512.0,40,20,0.5,0.5125,0.075,,False,,False
20,concept,concept__block_20__Dust,Dust,1024.0,40,20,0.5,0.5125,0.0734375,,False,,False
20,concept,concept__block_20__Dust,Dust,2048.0,40,20,0.5,0.5,0.0890625,,False,,False
20,concept,concept__block_20__Dust,Dust,4096.0,40,20,0.5,0.5,0.0859375,,False,,False
20,concept,concept__block_20__Dust,Dust,8192.0,40,20,0.5,0.5,0.096875,,False,,False
20,concept,concept__block_20__Satellites,Satellites,0.0625,40,20,0.5,0.5375,0.009375,,False,,False
20,concept,concept__block_20__Satellites,Satellites,0.125,40,20,0.5,0.5125,0.003125,,False,,False
20,concept,concept__block_20__Satellites,Satellites,0.25,40,20,0.5,0.45,-0.0125,,False,,False
20,concept,concept__block_20__Satellites,Satellites,0.5,40,20,0.5,0.525,0.00625,,False,,False
20,concept,concept__block_20__Satellites,Satellites,1.0,40,20,0.5,0.5125,0.003125,,False,,False
20,concept,concept__block_20__Satellites,Satellites,2.0,40,20,0.5,0.475,-0.009375,,False,,False
20,concept,concept__block_20__Satellites,Satellites,4.0,40,20,0.5,0.475,-0.00625,,False,,False
20,concept,concept__block_20__Satellites,Satellites,8.0,40,20,0.5,0.525,0.003125,,False,,False
20,concept,concept__block_20__Satellites,Satellites,16.0,40,20,0.5,0.525,0.00625,,False,,False
20,concept,concept__block_20__Satellites,Satellites,32.0,40,20,0.5,0.45,-0.0125,,False,,False
20,concept,concept__block_20__Satellites,Satellites,64.0,40,20,0.5,0.4625,-0.0125,,False,,False
20,concept,concept__block_20__Satellites,Satellites,128.0,40,20,0.5,0.575,0.01875,,False,,False
20,concept,concept__block_20__Satellites,Satellites,256.0,40,20,0.5,0.5,0.01875,,False,,False
20,concept,concept__block_20__Satellites,Satellites,512.0,40,20,0.5,0.5,0.01875,,False,,False
20,concept,concept__block_20__Satellites,Satellites,1024.0,40,20,0.5,0.5,0.034375,,False,,False
20,concept,concept__block_20__Satellites,Satellites,2048.0,40,20,0.5,0.5,0.021875,,False,,False
20,concept,concept__block_20__Satellites,Satellites,4096.0,40,20,0.5,0.5,0.021875,,False,,False
20,concept,concept__block_20__Satellites,Satellites,8192.0,40,20,0.5,0.5,0.028125,,False,,False
20,concept,concept__block_20__recursion,recursion,0.0625,40,20,0.5,0.5125,0.003125,,False,,False
20,concept,concept__block_20__recursion,recursion,0.125,40,20,0.5,0.475,-0.00625,,False,,False
20,concept,concept__block_20__recursion,recursion,0.25,40,20,0.5,0.5,0.0,,False,,False
20,concept,concept__block_20__recursion,recursion,0.5,40,20,0.5,0.5,0.0,,False,,False
20,concept,concept__block_20__recursion,recursion,1.0,40,20,0.5,0.5375,0.009375,,False,,False
20,concept,concept__block_20__recursion,recursion,2.0,40,20,0.5,0.525,0.00625,,False,,False
20,concept,concept__block_20__recursion,recursion,4.0,40,20,0.5,0.5125,0.003125,,False,,False
20,concept,concept__block_20__recursion,recursion,8.0,40,20,0.5,0.5,0.0,,False,,False
20,concept,concept__block_20__recursion,recursion,16.0,40,20,0.5,0.45,-0.0125,,False,,False
20,concept,concept__block_20__recursion,recursion,32.0,40,20,0.5,0.5125,0.003125,,False,,False
20,concept,concept__block_20__recursion,recursion,64.0,40,20,0.5,0.45,-0.015625,,False,,False
20,concept,concept__block_20__recursion,recursion,128.0,40,20,0.5,0.4125,-0.021875,,False,,False
20,concept,concept__block_20__recursion,recursion,256.0,40,20,0.5,0.425,-0.01875,,False,,False
20,concept,concept__block_20__recursion,recursion,512.0,40,20,0.5,0.45,-0.01875,,False,,False
20,concept,concept__block_20__recursion,recursion,1024.0,40,20,0.5,0.475,-0.0125,,False,,False
20,concept,concept__block_20__recursion,recursion,2048.0,40,20,0.5,0.4875,-0.00625,,False,,False
20,concept,concept__block_20__recursion,recursion,4096.0,40,20,0.5,0.4125,-0.028125,,False,,False
20,concept,concept__block_20__recursion,recursion,8192.0,40,20,0.5,0.4125,-0.021875,,False,,False
20,concept,concept__block_20__shutdown,shutdown,0.0625,40,20,0.5,0.5125,0.003125,,False,,False
20,concept,concept__block_20__shutdown,shutdown,0.125,40,20,0.5,0.4625,-0.009375,,False,,False
20,concept,concept__block_20__shutdown,shutdown,0.25,40,20,0.5,0.475,-0.00625,,False,,False
20,concept,concept__block_20__shutdown,shutdown,0.5,40,20,0.5,0.4875,-0.003125,,False,,False
20,concept,concept__block_20__shutdown,shutdown,1.0,40,20,0.5,0.525,0.00625,,False,,False
20,concept,concept__block_20__shutdown,shutdown,2.0,40,20,0.5,0.525,0.00625,,False,,False
20,concept,concept__block_20__shutdown,shutdown,4.0,40,20,0.5,0.5375,0.009375,,False,,False
20,concept,concept__block_20__shutdown,shutdown,8.0,40,20,0.5,0.475,-0.00625,,False,,False
20,concept,concept__block_20__shutdown,shutdown,16.0,40,20,0.5,0.4375,-0.015625,,False,,False
20,concept,concept__block_20__shutdown,shutdown,32.0,40,20,0.5,0.475,-0.00625,,False,,False
20,concept,concept__block_20__shutdown,shutdown,64.0,40,20,0.5,0.4,-0.025,,False,,False
20,concept,concept__block_20__shutdown,shutdown,128.0,40,20,0.5,0.4,-0.028125,,False,,False
20,concept,concept__block_20__shutdown,shutdown,256.0,40,20,0.5,0.525,0.00625,,False,,False
20,concept,concept__block_20__shutdown,shutdown,512.0,40,20,0.5,0.425,-0.01875,,False,,False
20,concept,concept__block_20__shutdown,shutdown,1024.0,40,20,0.5,0.4625,-0.015625,,False,,False
20,concept,concept__block_20__shutdown,shutdown,2048.0,40,20,0.5,0.45,-0.021875,,False,,False
20,concept,concept__block_20__shutdown,shutdown,4096.0,40,20,0.5,0.4625,-0.015625,,False,,False
20,concept,concept__block_20__shutdown,shutdown,8192.0,40,20,0.5,0.45,-0.015625,,False,,False
20,dropout,dropout_realization_00,dropout_realization_00,0.0625,40,20,0.5,0.5,0.0,,False,,False
20,dropout,dropout_realization_00,dropout_realization_00,0.125,40,20,0.5,0.5,0.0,,False,,False
20,dropout,dropout_realization_00,dropout_realization_00,0.25,40,20,0.5,0.5125,0.003125,,False,,False
20,dropout,dropout_realization_00,dropout_realization_00,0.5,40,20,0.5,0.5625,0.015625,,False,,False
20,dropout,dropout_realization_00,dropout_realization_00,1.0,40,20,0.5,0.5125,0.003125,,False,,False
20,dropout,dropout_realization_00,dropout_realization_00,2.0,40,20,0.5,0.5,0.0,,False,,False
20,dropout,dropout_realization_00,dropout_realization_00,4.0,40,20,0.5,0.5,0.0,,False,,False
20,dropout,dropout_realization_00,dropout_realization_00,8.0,40,20,0.5,0.4375,-0.015625,,False,,False
20,dropout,dropout_realization_00,dropout_realization_00,16.0,40,20,0.5,0.4625,-0.009375,,False,,False
20,dropout,dropout_realization_00,dropout_realization_00,32.0,40,20,0.5,0.45,-0.0125,,False,,False
20,dropout,dropout_realization_00,dropout_realization_00,64.0,40,20,0.5,0.4875,-0.003125,,False,,False
20,dropout,dropout_realization_00,dropout_realization_00,128.0,40,20,0.5,0.4375,-0.015625,,False,,False
20,dropout,dropout_realization_00,dropout_realization_00,256.0,40,20,0.5,0.425,-0.009375,,False,,False
20,dropout,dropout_realization_00,dropout_realization_00,512.0,40,20,0.5,0.55,-0.00625,,False,,False
20,dropout,dropout_realization_00,dropout_realization_00,1024.0,40,20,0.5,0.625,0.0984375,,False,,False
20,dropout,dropout_realization_00,dropout_realization_00,2048.0,40,20,0.5,0.4125,-0.1859375,,False,,False
20,dropout,dropout_realization_00,dropout_realization_00,4096.0,40,20,0.475,0.4625,-0.128125,,False,,False
20,dropout,dropout_realization_00,dropout_realization_00,8192.0,40,20,0.5,0.475,-0.03125,,False,,False
20,dropout,dropout_realization_01,dropout_realization_01,0.0625,40,20,0.5,0.5,0.0,,False,,False
20,dropout,dropout_realization_01,dropout_realization_01,0.125,40,20,0.5,0.5125,0.003125,,False,,False
20,dropout,dropout_realization_01,dropout_realization_01,0.25,40,20,0.5,0.525,0.00625,,False,,False
20,dropout,dropout_realization_01,dropout_realization_01,0.5,40,20,0.5,0.525,0.00625,,False,,False
20,dropout,dropout_realization_01,dropout_realization_01,1.0,40,20,0.5,0.4625,-0.009375,,False,,False
20,dropout,dropout_realization_01,dropout_realization_01,2.0,40,20,0.5,0.5,0.0,,False,,False
20,dropout,dropout_realization_01,dropout_realization_01,4.0,40,20,0.5,0.4875,-0.003125,,False,,False
20,dropout,dropout_realization_01,dropout_realization_01,8.0,40,20,0.5,0.4625,-0.009375,,False,,False
20,dropout,dropout_realization_01,dropout_realization_01,16.0,40,20,0.5,0.4625,-0.009375,,False,,False
20,dropout,dropout_realization_01,dropout_realization_01,32.0,40,20,0.5,0.45,-0.0125,,False,,False
20,dropout,dropout_realization_01,dropout_realization_01,64.0,40,20,0.5,0.525,0.00625,,False,,False
20,dropout,dropout_realization_01,dropout_realization_01,128.0,40,20,0.5,0.4375,-0.00625,,False,,False
20,dropout,dropout_realization_01,dropout_realization_01,256.0,40,20,0.5,0.55,0.00625,,False,,False
20,dropout,dropout_realization_01,dropout_realization_01,512.0,40,20,0.5,0.4625,0.05625,,False,,False
20,dropout,dropout_realization_01,dropout_realization_01,1024.0,40,20,0.5,0.425,-0.065625,,False,,False
20,dropout,dropout_realization_01,dropout_realization_01,2048.0,40,20,0.5,0.6,0.1328125,,False,,False
20,dropout,dropout_realization_01,dropout_realization_01,4096.0,40,20,0.5,0.4875,0.025,,False,,False
20,dropout,dropout_realization_01,dropout_realization_01,8192.0,40,20,0.5,0.475,-0.021875,,False,,False
20,noise,noise_realization_00,noise_realization_00,0.0625,40,20,0.5,0.5,0.0,,False,,False
20,noise,noise_realization_00,noise_realization_00,0.125,40,20,0.5,0.4375,-0.015625,,False,,False
20,noise,noise_realization_00,noise_realization_00,0.25,40,20,0.5,0.525,0.00625,,False,,False
20,noise,noise_realization_00,noise_realization_00,0.5,40,20,0.5,0.4375,-0.015625,,False,,False
20,noise,noise_realization_00,noise_realization_00,1.0,40,20,0.5,0.525,0.00625,,False,,False
20,noise,noise_realization_00,noise_realization_00,2.0,40,20,0.5,0.5125,0.003125,,False,,False
20,noise,noise_realization_00,noise_realization_00,4.0,40,20,0.5,0.45,-0.0125,,False,,False
20,noise,noise_realization_00,noise_realization_00,8.0,40,20,0.5,0.475,-0.00625,,False,,False
20,noise,noise_realization_00,noise_realization_00,16.0,40,20,0.5,0.475,-0.00625,,False,,False
20,noise,noise_realization_00,noise_realization_00,32.0,40,20,0.5,0.4875,-0.003125,,False,,False
20,noise,noise_realization_00,noise_realization_00,64.0,40,20,0.5,0.525,0.00625,,False,,False
20,noise,noise_realization_00,noise_realization_00,128.0,40,20,0.5,0.5,0.0,,False,,False
20,noise,noise_realization_00,noise_realization_00,256.0,40,20,0.5,0.525,0.009375,,False,,False
20,noise,noise_realization_00,noise_realization_00,512.0,40,20,0.5,0.4375,-0.021875,,False,,False
20,noise,noise_realization_00,noise_realization_00,1024.0,40,20,0.5125,0.4,-0.05625,,False,,False
20,noise,noise_realization_00,noise_realization_00,2048.0,40,20,0.5,0.5,-0.021875,,False,,False
20,noise,noise_realization_00,noise_realization_00,4096.0,40,20,0.5,0.5875,0.01875,,False,,False
20,noise,noise_realization_00,noise_realization_00,8192.0,40,20,0.5,0.45,-0.00625,,False,,False
20,noise,noise_realization_01,noise_realization_01,0.0625,40,20,0.5,0.5125,0.003125,,False,,False
20,noise,noise_realization_01,noise_realization_01,0.125,40,20,0.5,0.525,0.00625,,False,,False
20,noise,noise_realization_01,noise_realization_01,0.25,40,20,0.5,0.5375,0.009375,,False,,False
20,noise,noise_realization_01,noise_realization_01,0.5,40,20,0.5,0.45,-0.015625,,False,,False
20,noise,noise_realization_01,noise_realization_01,1.0,40,20,0.5,0.475,-0.00625,,False,,False
20,noise,noise_realization_01,noise_realization_01,2.0,40,20,0.5,0.525,0.00625,,False,,False
20,noise,noise_realization_01,noise_realization_01,4.0,40,20,0.5,0.5,0.0,,False,,False
20,noise,noise_realization_01,noise_realization_01,8.0,40,20,0.5,0.475,-0.00625,,False,,False
20,noise,noise_realization_01,noise_realization_01,16.0,40,20,0.5,0.5,0.0,,False,,False
20,noise,noise_realization_01,noise_realization_01,32.0,40,20,0.5,0.4875,-0.003125,,False,,False
20,noise,noise_realization_01,noise_realization_01,64.0,40,20,0.5,0.45,-0.015625,,False,,False
20,noise,noise_realization_01,noise_realization_01,128.0,40,20,0.5,0.5,0.0,,False,,False
20,noise,noise_realization_01,noise_realization_01,256.0,40,20,0.5,0.5125,0.00625,,False,,False
20,noise,noise_realization_01,noise_realization_01,512.0,40,20,0.5,0.5125,-0.021875,,False,,False
20,noise,noise_realization_01,noise_realization_01,1024.0,40,20,0.5,0.4,-0.0625,,False,,False
20,noise,noise_realization_01,noise_realization_01,2048.0,40,20,0.5,0.5,-0.0125,,False,,False
20,noise,noise_realization_01,noise_realization_01,4096.0,40,20,0.5,0.4125,-0.05,,False,,False
20,noise,noise_realization_01,noise_realization_01,8192.0,40,20,0.5,0.4875,0.025,,False,,False
20,random,fixed_random__block_20__0000,0000,0.0625,40,20,0.5,0.5,0.0,,False,,False
20,random,fixed_random__block_20__0000,0000,0.125,40,20,0.5,0.5,0.0,,False,,False
20,random,fixed_random__block_20__0000,0000,0.25,40,20,0.5,0.5125,0.003125,,False,,False
20,random,fixed_random__block_20__0000,0000,0.5,40,20,0.5,0.5,0.0,,False,,False
20,random,fixed_random__block_20__0000,0000,1.0,40,20,0.5,0.5125,0.003125,,False,,False
20,random,fixed_random__block_20__0000,0000,2.0,40,20,0.5,0.475,-0.00625,,False,,False
20,random,fixed_random__block_20__0000,0000,4.0,40,20,0.5,0.4875,-0.003125,,False,,False
20,random,fixed_random__block_20__0000,0000,8.0,40,20,0.5,0.5,0.0,,False,,False
20,random,fixed_random__block_20__0000,0000,16.0,40,20,0.5,0.5125,0.003125,,False,,False
20,random,fixed_random__block_20__0000,0000,32.0,40,20,0.5,0.4875,-0.003125,,False,,False
20,random,fixed_random__block_20__0000,0000,64.0,40,20,0.5,0.4625,-0.009375,,False,,False
20,random,fixed_random__block_20__0000,0000,128.0,40,20,0.5,0.5,-0.003125,,False,,False
20,random,fixed_random__block_20__0000,0000,256.0,40,20,0.5,0.525,-0.00625,,False,,False
20,random,fixed_random__block_20__0000,0000,512.0,40,20,0.5,0.5,-0.01875,,False,,False
20,random,fixed_random__block_20__0000,0000,1024.0,40,20,0.5,0.5,-0.03125,,False,,False
20,random,fixed_random__block_20__0000,0000,2048.0,40,20,0.5,0.5,-0.028125,,False,,False
20,random,fixed_random__block_20__0000,0000,4096.0,40,20,0.5,0.5,-0.0375,,False,,False
20,random,fixed_random__block_20__0000,0000,8192.0,40,20,0.5,0.5,-0.0375,,False,,False
20,random,fixed_random__block_20__0001,0001,0.0625,40,20,0.5,0.475,-0.00625,,False,,False
20,random,fixed_random__block_20__0001,0001,0.125,40,20,0.5,0.525,0.00625,,False,,False
20,random,fixed_random__block_20__0001,0001,0.25,40,20,0.5,0.5125,0.003125,,False,,False
20,random,fixed_random__block_20__0001,0001,0.5,40,20,0.5,0.4875,-0.003125,,False,,False
20,random,fixed_random__block_20__0001,0001,1.0,40,20,0.5,0.5,0.0,,False,,False
20,random,fixed_random__block_20__0001,0001,2.0,40,20,0.5,0.4875,-0.003125,,False,,False
20,random,fixed_random__block_20__0001,0001,4.0,40,20,0.5,0.5125,0.003125,,False,,False
20,random,fixed_random__block_20__0001,0001,8.0,40,20,0.5,0.5125,0.003125,,False,,False
20,random,fixed_random__block_20__0001,0001,16.0,40,20,0.5,0.4625,-0.00625,,False,,False
20,random,fixed_random__block_20__0001,0001,32.0,40,20,0.5,0.4625,-0.009375,,False,,False
20,random,fixed_random__block_20__0001,0001,64.0,40,20,0.5,0.4375,-0.015625,,False,,False
20,random,fixed_random__block_20__0001,0001,128.0,40,20,0.5,0.4875,-0.003125,,False,,False
20,random,fixed_random__block_20__0001,0001,256.0,40,20,0.5,0.4875,-0.01875,,False,,False
20,random,fixed_random__block_20__0001,0001,512.0,40,20,0.5,0.4875,0.0,,False,,False
20,random,fixed_random__block_20__0001,0001,1024.0,40,20,0.5,0.5,-0.00625,,False,,False
20,random,fixed_random__block_20__0001,0001,2048.0,40,20,0.5,0.5,-0.003125,,False,,False
20,random,fixed_random__block_20__0001,0001,4096.0,40,20,0.5,0.5,0.003125,,False,,False
20,random,fixed_random__block_20__0001,0001,8192.0,40,20,0.5,0.5,0.0125,,False,,False
20,random,fixed_random__block_20__0002,0002,0.0625,40,20,0.5,0.475,-0.009375,,False,,False
20,random,fixed_random__block_20__0002,0002,0.125,40,20,0.5,0.5125,0.003125,,False,,False
20,random,fixed_random__block_20__0002,0002,0.25,40,20,0.5,0.45,-0.0125,,False,,False
20,random,fixed_random__block_20__0002,0002,0.5,40,20,0.5,0.5,0.0,,False,,False
20,random,fixed_random__block_20__0002,0002,1.0,40,20,0.5,0.4875,-0.003125,,False,,False
20,random,fixed_random__block_20__0002,0002,2.0,40,20,0.5,0.575,0.01875,,False,,False
20,random,fixed_random__block_20__0002,0002,4.0,40,20,0.5,0.45,-0.0125,,False,,False
20,random,fixed_random__block_20__0002,0002,8.0,40,20,0.5,0.5625,0.015625,,False,,False
20,random,fixed_random__block_20__0002,0002,16.0,40,20,0.5,0.525,0.00625,,False,,False
20,random,fixed_random__block_20__0002,0002,32.0,40,20,0.5,0.475,-0.00625,,False,,False
20,random,fixed_random__block_20__0002,0002,64.0,40,20,0.5,0.5,0.0,,False,,False
20,random,fixed_random__block_20__0002,0002,128.0,40,20,0.5,0.425,-0.01875,,False,,False
20,random,fixed_random__block_20__0002,0002,256.0,40,20,0.5,0.45,-0.0125,,False,,False
20,random,fixed_random__block_20__0002,0002,512.0,40,20,0.5,0.5125,-0.003125,,False,,False
20,random,fixed_random__block_20__0002,0002,1024.0,40,20,0.5,0.5125,0.0,,False,,False
20,random,fixed_random__block_20__0002,0002,2048.0,40,20,0.5,0.5125,-0.0125,,False,,False
20,random,fixed_random__block_20__0002,0002,4096.0,40,20,0.5,0.525,-0.003125,,False,,False
20,random,fixed_random__block_20__0002,0002,8192.0,40,20,0.5,0.4875,-0.021875,,False,,False
21,concept,concept__block_21__Dust,Dust,0.0625,40,20,0.5,0.575,0.01875,,False,,False
21,concept,concept__block_21__Dust,Dust,0.125,40,20,0.5,0.475,-0.003125,,False,,False
21,concept,concept__block_21__Dust,Dust,0.25,40,20,0.5,0.5125,0.003125,,False,,False
21,concept,concept__block_21__Dust,Dust,0.5,40,20,0.5,0.525,0.00625,,False,,False
21,concept,concept__block_21__Dust,Dust,1.0,40,20,0.5,0.525,0.009375,,False,,False
21,concept,concept__block_21__Dust,Dust,2.0,40,20,0.5,0.5125,0.003125,,False,,False
21,concept,concept__block_21__Dust,Dust,4.0,40,20,0.5,0.5625,0.015625,,False,,False
21,concept,concept__block_21__Dust,Dust,8.0,40,20,0.5,0.525,0.00625,,False,,False
21,concept,concept__block_21__Dust,Dust,16.0,40,20,0.5,0.5625,0.015625,,False,,False
21,concept,concept__block_21__Dust,Dust,32.0,40,20,0.5,0.5125,0.003125,,False,,False
21,concept,concept__block_21__Dust,Dust,64.0,40,20,0.5,0.5,0.0,,False,,False
21,concept,concept__block_21__Dust,Dust,128.0,40,20,0.525,0.5125,0.034375,,False,,False
21,concept,concept__block_21__Dust,Dust,256.0,40,20,0.5,0.6375,0.034375,,False,,False
21,concept,concept__block_21__Dust,Dust,512.0,40,20,0.5,0.6125,0.05,,False,,False
21,concept,concept__block_21__Dust,Dust,1024.0,40,20,0.5,0.55,0.0328125,,False,,False
21,concept,concept__block_21__Dust,Dust,2048.0,40,20,0.5,0.5125,0.040625,,False,,False
21,concept,concept__block_21__Dust,Dust,4096.0,40,20,0.5,0.5125,0.0296875,,False,,False
21,concept,concept__block_21__Dust,Dust,8192.0,40,20,0.5,0.525,0.0390625,,False,,False
21,concept,concept__block_21__Satellites,Satellites,0.0625,40,20,0.5,0.4625,-0.009375,,False,,False
21,concept,concept__block_21__Satellites,Satellites,0.125,40,20,0.5,0.55,0.0125,,False,,False
21,concept,concept__block_21__Satellites,Satellites,0.25,40,20,0.5,0.5125,0.003125,,False,,False
21,concept,concept__block_21__Satellites,Satellites,0.5,40,20,0.5,0.5125,0.003125,,False,,False
21,concept,concept__block_21__Satellites,Satellites,1.0,40,20,0.5,0.525,0.00625,,False,,False
21,concept,concept__block_21__Satellites,Satellites,2.0,40,20,0.5,0.5,0.0,,False,,False
21,concept,concept__block_21__Satellites,Satellites,4.0,40,20,0.5,0.525,0.009375,,False,,False
21,concept,concept__block_21__Satellites,Satellites,8.0,40,20,0.5,0.4875,-0.003125,,False,,False
21,concept,concept__block_21__Satellites,Satellites,16.0,40,20,0.5,0.5,0.0,,False,,False
21,concept,concept__block_21__Satellites,Satellites,32.0,40,20,0.5,0.4375,-0.015625,,False,,False
21,concept,concept__block_21__Satellites,Satellites,64.0,40,20,0.5,0.5,0.0,,False,,False
21,concept,concept__block_21__Satellites,Satellites,128.0,40,20,0.5,0.5625,0.0125,,False,,False
21,concept,concept__block_21__Satellites,Satellites,256.0,40,20,0.5,0.5,0.009375,,False,,False
21,concept,concept__block_21__Satellites,Satellites,512.0,40,20,0.5,0.5,0.025,,False,,False
21,concept,concept__block_21__Satellites,Satellites,1024.0,40,20,0.5,0.5,0.009375,,False,,False
21,concept,concept__block_21__Satellites,Satellites,2048.0,40,20,0.5,0.5,0.025,,False,,False
21,concept,concept__block_21__Satellites,Satellites,4096.0,40,20,0.5,0.5,0.025,,False,,False
21,concept,concept__block_21__Satellites,Satellites,8192.0,40,20,0.5,0.5,0.025,,False,,False
21,concept,concept__block_21__recursion,recursion,0.0625,40,20,0.5,0.4625,-0.009375,,False,,False
21,concept,concept__block_21__recursion,recursion,0.125,40,20,0.5,0.475,-0.003125,,False,,False
21,concept,concept__block_21__recursion,recursion,0.25,40,20,0.5,0.4875,-0.003125,,False,,False
21,concept,concept__block_21__recursion,recursion,0.5,40,20,0.5,0.55,0.0125,,False,,False
21,concept,concept__block_21__recursion,recursion,1.0,40,20,0.5,0.5625,0.015625,,False,,False
21,concept,concept__block_21__recursion,recursion,2.0,40,20,0.5,0.4625,-0.009375,,False,,False
21,concept,concept__block_21__recursion,recursion,4.0,40,20,0.5,0.5,0.0,,False,,False
21,concept,concept__block_21__recursion,recursion,8.0,40,20,0.5,0.4375,-0.015625,,False,,False
21,concept,concept__block_21__recursion,recursion,16.0,40,20,0.5,0.5125,0.0,,False,,False
21,concept,concept__block_21__recursion,recursion,32.0,40,20,0.5,0.475,-0.00625,,False,,False
21,concept,concept__block_21__recursion,recursion,64.0,40,20,0.5,0.425,-0.01875,,False,,False
21,concept,concept__block_21__recursion,recursion,128.0,40,20,0.5,0.45,-0.0125,,False,,False
21,concept,concept__block_21__recursion,recursion,256.0,40,20,0.5,0.425,-0.01875,,False,,False
21,concept,concept__block_21__recursion,recursion,512.0,40,20,0.5,0.5,-0.0125,,False,,False
21,concept,concept__block_21__recursion,recursion,1024.0,40,20,0.5,0.475,-0.025,,False,,False
21,concept,concept__block_21__recursion,recursion,2048.0,40,20,0.5,0.5125,-0.003125,,False,,False
21,concept,concept__block_21__recursion,recursion,4096.0,40,20,0.5,0.4875,-0.0125,,False,,False
21,concept,concept__block_21__recursion,recursion,8192.0,40,20,0.5,0.4625,-0.015625,,False,,False
21,concept,concept__block_21__shutdown,shutdown,0.0625,40,20,0.5,0.55,0.0125,,False,,False
21,concept,concept__block_21__shutdown,shutdown,0.125,40,20,0.5,0.5,0.0,,False,,False
21,concept,concept__block_21__shutdown,shutdown,0.25,40,20,0.5,0.475,-0.00625,,False,,False
21,concept,concept__block_21__shutdown,shutdown,0.5,40,20,0.5,0.4875,-0.003125,,False,,False
21,concept,concept__block_21__shutdown,shutdown,1.0,40,20,0.5,0.525,0.00625,,False,,False
21,concept,concept__block_21__shutdown,shutdown,2.0,40,20,0.5,0.5125,0.003125,,False,,False
21,concept,concept__block_21__shutdown,shutdown,4.0,40,20,0.5,0.45,-0.0125,,False,,False
21,concept,concept__block_21__shutdown,shutdown,8.0,40,20,0.5,0.475,-0.00625,,False,,False
21,concept,concept__block_21__shutdown,shutdown,16.0,40,20,0.5,0.475,-0.00625,,False,,False
21,concept,concept__block_21__shutdown,shutdown,32.0,40,20,0.5,0.4125,-0.021875,,False,,False
21,concept,concept__block_21__shutdown,shutdown,64.0,40,20,0.5,0.4875,-0.003125,,False,,False
21,concept,concept__block_21__shutdown,shutdown,128.0,40,20,0.5,0.4,-0.025,,False,,False
21,concept,concept__block_21__shutdown,shutdown,256.0,40,20,0.5,0.45,-0.0125,,False,,False
21,concept,concept__block_21__shutdown,shutdown,512.0,40,20,0.5,0.45,-0.009375,,False,,False
21,concept,concept__block_21__shutdown,shutdown,1024.0,40,20,0.5,0.475,-0.0125,,False,,False
21,concept,concept__block_21__shutdown,shutdown,2048.0,40,20,0.5,0.55,0.009375,,False,,False
21,concept,concept__block_21__shutdown,shutdown,4096.0,40,20,0.5,0.4875,-0.0125,,False,,False
21,concept,concept__block_21__shutdown,shutdown,8192.0,40,20,0.5,0.5125,0.009375,,False,,False
21,dropout,dropout_realization_00,dropout_realization_00,0.0625,40,20,0.5,0.5,0.0,,False,,False
21,dropout,dropout_realization_00,dropout_realization_00,0.125,40,20,0.5,0.5125,0.003125,,False,,False
21,dropout,dropout_realization_00,dropout_realization_00,0.25,40,20,0.5,0.5125,0.003125,,False,,False
21,dropout,dropout_realization_00,dropout_realization_00,0.5,40,20,0.5,0.55,0.0125,,False,,False
21,dropout,dropout_realization_00,dropout_realization_00,1.0,40,20,0.5,0.5,0.0,,False,,False
21,dropout,dropout_realization_00,dropout_realization_00,2.0,40,20,0.5,0.5,0.0,,False,,False
21,dropout,dropout_realization_00,dropout_realization_00,4.0,40,20,0.5,0.4875,-0.003125,,False,,False
21,dropout,dropout_realization_00,dropout_realization_00,8.0,40,20,0.5,0.525,0.00625,,False,,False
21,dropout,dropout_realization_00,dropout_realization_00,16.0,40,20,0.5,0.5125,0.003125,,False,,False
21,dropout,dropout_realization_00,dropout_realization_00,32.0,40,20,0.5,0.5,0.0,,False,,False
21,dropout,dropout_realization_00,dropout_realization_00,64.0,40,20,0.5,0.5,0.003125,,False,,False
21,dropout,dropout_realization_00,dropout_realization_00,128.0,40,20,0.5,0.5125,-0.003125,,False,,False
21,dropout,dropout_realization_00,dropout_realization_00,256.0,40,20,0.5,0.6,0.05625,,False,,False
21,dropout,dropout_realization_00,dropout_realization_00,512.0,40,20,0.5125,0.525,0.0875,,False,,False
21,dropout,dropout_realization_00,dropout_realization_00,1024.0,40,20,0.5,0.55,0.03125,,False,,False
21,dropout,dropout_realization_00,dropout_realization_00,2048.0,40,20,0.5,0.4,-0.103125,,False,,False
21,dropout,dropout_realization_00,dropout_realization_00,4096.0,40,20,0.4875,0.525,-0.00625,,False,,False
21,dropout,dropout_realization_00,dropout_realization_00,8192.0,40,20,0.5,0.5125,-0.00625,,False,,False
21,dropout,dropout_realization_01,dropout_realization_01,0.0625,40,20,0.5,0.5,0.0,,False,,False
21,dropout,dropout_realization_01,dropout_realization_01,0.125,40,20,0.5,0.4875,-0.003125,,False,,False
21,dropout,dropout_realization_01,dropout_realization_01,0.25,40,20,0.5,0.4875,-0.003125,,False,,False
21,dropout,dropout_realization_01,dropout_realization_01,0.5,40,20,0.5,0.4875,-0.003125,,False,,False
21,dropout,dropout_realization_01,dropout_realization_01,1.0,40,20,0.5,0.5375,0.009375,,False,,False
21,dropout,dropout_realization_01,dropout_realization_01,2.0,40,20,0.5,0.5,0.0,,False,,False
21,dropout,dropout_realization_01,dropout_realization_01,4.0,40,20,0.5,0.575,0.01875,,False,,False
21,dropout,dropout_realization_01,dropout_realization_01,8.0,40,20,0.5,0.4875,-0.003125,,False,,False
21,dropout,dropout_realization_01,dropout_realization_01,16.0,40,20,0.5,0.525,0.00625,,False,,False
21,dropout,dropout_realization_01,dropout_realization_01,32.0,40,20,0.5,0.4875,-0.003125,,False,,False
21,dropout,dropout_realization_01,dropout_realization_01,64.0,40,20,0.5,0.525,0.009375,,False,,False
21,dropout,dropout_realization_01,dropout_realization_01,128.0,40,20,0.5,0.5,0.0125,,False,,False
21,dropout,dropout_realization_01,dropout_realization_01,256.0,40,20,0.5,0.4375,-0.04375,,False,,False
21,dropout,dropout_realization_01,dropout_realization_01,512.0,40,20,0.5125,0.5375,-0.025,,False,,False
21,dropout,dropout_realization_01,dropout_realization_01,1024.0,40,20,0.5,0.4875,0.003125,,False,,False
21,dropout,dropout_realization_01,dropout_realization_01,2048.0,40,20,0.5,0.475,-0.06875,,False,,False
21,dropout,dropout_realization_01,dropout_realization_01,4096.0,40,20,0.5,0.3875,-0.0390625,,False,,False
21,dropout,dropout_realization_01,dropout_realization_01,8192.0,40,20,0.5,0.4875,-0.009375,,False,,False
21,noise,noise_realization_00,noise_realization_00,0.0625,40,20,0.5,0.475,-0.00625,,False,,False
21,noise,noise_realization_00,noise_realization_00,0.125,40,20,0.5,0.45,-0.0125,,False,,False
21,noise,noise_realization_00,noise_realization_00,0.25,40,20,0.5,0.5,0.0,,False,,False
21,noise,noise_realization_00,noise_realization_00,0.5,40,20,0.5,0.5375,0.009375,,False,,False
21,noise,noise_realization_00,noise_realization_00,1.0,40,20,0.5,0.4625,-0.009375,,False,,False
21,noise,noise_realization_00,noise_realization_00,2.0,40,20,0.5,0.5125,0.003125,,False,,False
21,noise,noise_realization_00,noise_realization_00,4.0,40,20,0.5,0.525,0.00625,,False,,False
21,noise,noise_realization_00,noise_realization_00,8.0,40,20,0.5,0.525,0.00625,,False,,False
21,noise,noise_realization_00,noise_realization_00,16.0,40,20,0.5,0.5,0.0,,False,,False
21,noise,noise_realization_00,noise_realization_00,32.0,40,20,0.5,0.5125,0.003125,,False,,False
21,noise,noise_realization_00,noise_realization_00,64.0,40,20,0.5,0.525,0.00625,,False,,False
21,noise,noise_realization_00,noise_realization_00,128.0,40,20,0.5,0.55,0.0125,,False,,False
21,noise,noise_realization_00,noise_realization_00,256.0,40,20,0.5,0.5375,0.009375,,False,,False
21,noise,noise_realization_00,noise_realization_00,512.0,40,20,0.5,0.55,0.015625,,False,,False
21,noise,noise_realization_00,noise_realization_00,1024.0,40,20,0.5,0.525,-0.015625,,False,,False
21,noise,noise_realization_00,noise_realization_00,2048.0,40,20,0.5,0.5125,-0.028125,,False,,False
21,noise,noise_realization_00,noise_realization_00,4096.0,40,20,0.5,0.475,-0.015625,,False,,False
21,noise,noise_realization_00,noise_realization_00,8192.0,40,20,0.5,0.4375,-0.03125,,False,,False
21,noise,noise_realization_01,noise_realization_01,0.0625,40,20,0.5,0.475,-0.00625,,False,,False
21,noise,noise_realization_01,noise_realization_01,0.125,40,20,0.5,0.525,0.00625,,False,,False
21,noise,noise_realization_01,noise_realization_01,0.25,40,20,0.5,0.575,0.01875,,False,,False
21,noise,noise_realization_01,noise_realization_01,0.5,40,20,0.5,0.4875,-0.003125,,False,,False
21,noise,noise_realization_01,noise_realization_01,1.0,40,20,0.5,0.475,-0.00625,,False,,False
21,noise,noise_realization_01,noise_realization_01,2.0,40,20,0.5,0.5375,0.009375,,False,,False
21,noise,noise_realization_01,noise_realization_01,4.0,40,20,0.5,0.4875,-0.003125,,False,,False
21,noise,noise_realization_01,noise_realization_01,8.0,40,20,0.5,0.4625,-0.009375,,False,,False
21,noise,noise_realization_01,noise_realization_01,16.0,40,20,0.5,0.475,-0.00625,,False,,False
21,noise,noise_realization_01,noise_realization_01,32.0,40,20,0.5,0.45,-0.0125,,False,,False
21,noise,noise_realization_01,noise_realization_01,64.0,40,20,0.5,0.4375,-0.015625,,False,,False
21,noise,noise_realization_01,noise_realization_01,128.0,40,20,0.5,0.525,0.00625,,False,,False
21,noise,noise_realization_01,noise_realization_01,256.0,40,20,0.5,0.475,-0.00625,,False,,False
21,noise,noise_realization_01,noise_realization_01,512.0,40,20,0.5,0.65,0.065625,,False,,False
21,noise,noise_realization_01,noise_realization_01,1024.0,40,20,0.5,0.55,0.00625,,False,,False
21,noise,noise_realization_01,noise_realization_01,2048.0,40,20,0.5,0.3625,-0.03125,,False,,False
21,noise,noise_realization_01,noise_realization_01,4096.0,40,20,0.5,0.4,-0.034375,,False,,False
21,noise,noise_realization_01,noise_realization_01,8192.0,40,20,0.5,0.4875,0.01875,,False,,False
21,random,fixed_random__block_21__0000,0000,0.0625,40,20,0.5,0.4875,-0.003125,,False,,False
21,random,fixed_random__block_21__0000,0000,0.125,40,20,0.5,0.5625,0.015625,,False,,False
21,random,fixed_random__block_21__0000,0000,0.25,40,20,0.5,0.475,-0.00625,,False,,False
21,random,fixed_random__block_21__0000,0000,0.5,40,20,0.5,0.5,0.003125,,False,,False
21,random,fixed_random__block_21__0000,0000,1.0,40,20,0.5,0.5125,0.003125,,False,,False
21,random,fixed_random__block_21__0000,0000,2.0,40,20,0.5,0.55,0.0125,,False,,False
21,random,fixed_random__block_21__0000,0000,4.0,40,20,0.5,0.525,0.00625,,False,,False
21,random,fixed_random__block_21__0000,0000,8.0,40,20,0.5,0.5375,0.009375,,False,,False
21,random,fixed_random__block_21__0000,0000,16.0,40,20,0.5,0.55,0.0125,,False,,False
21,random,fixed_random__block_21__0000,0000,32.0,40,20,0.5,0.5,0.0,,False,,False
21,random,fixed_random__block_21__0000,0000,64.0,40,20,0.5,0.5,0.0,,False,,False
21,random,fixed_random__block_21__0000,0000,128.0,40,20,0.5,0.45,-0.0125,,False,,False
21,random,fixed_random__block_21__0000,0000,256.0,40,20,0.5,0.4875,-0.00625,,False,,False
21,random,fixed_random__block_21__0000,0000,512.0,40,20,0.5,0.4875,-0.00625,,False,,False
21,random,fixed_random__block_21__0000,0000,1024.0,40,20,0.4875,0.5,0.003125,,False,,False
21,random,fixed_random__block_21__0000,0000,2048.0,40,20,0.4875,0.5,-0.009375,,False,,False
21,random,fixed_random__block_21__0000,0000,4096.0,40,20,0.475,0.5,-0.015625,,False,,False
21,random,fixed_random__block_21__0000,0000,8192.0,40,20,0.4875,0.5,0.00625,,False,,False
21,random,fixed_random__block_21__0001,0001,0.0625,40,20,0.5,0.475,-0.00625,,False,,False
21,random,fixed_random__block_21__0001,0001,0.125,40,20,0.5,0.4875,-0.003125,,False,,False
21,random,fixed_random__block_21__0001,0001,0.25,40,20,0.5,0.5125,0.003125,,False,,False
21,random,fixed_random__block_21__0001,0001,0.5,40,20,0.5,0.525,0.00625,,False,,False
21,random,fixed_random__block_21__0001,0001,1.0,40,20,0.5,0.55,0.0125,,False,,False
21,random,fixed_random__block_21__0001,0001,2.0,40,20,0.5,0.5,0.0,,False,,False
21,random,fixed_random__block_21__0001,0001,4.0,40,20,0.5,0.4875,-0.003125,,False,,False
21,random,fixed_random__block_21__0001,0001,8.0,40,20,0.5,0.4875,-0.003125,,False,,False
21,random,fixed_random__block_21__0001,0001,16.0,40,20,0.5,0.45,-0.0125,,False,,False
21,random,fixed_random__block_21__0001,0001,32.0,40,20,0.5,0.4875,-0.003125,,False,,False
21,random,fixed_random__block_21__0001,0001,64.0,40,20,0.5,0.475,-0.00625,,False,,False
21,random,fixed_random__block_21__0001,0001,128.0,40,20,0.5,0.45,-0.0125,,False,,False
21,random,fixed_random__block_21__0001,0001,256.0,40,20,0.5,0.4625,-0.009375,,False,,False
21,random,fixed_random__block_21__0001,0001,512.0,40,20,0.5,0.525,0.00625,,False,,False
21,random,fixed_random__block_21__0001,0001,1024.0,40,20,0.5,0.525,0.009375,,False,,False
21,random,fixed_random__block_21__0001,0001,2048.0,40,20,0.5,0.5125,0.0125,,False,,False
21,random,fixed_random__block_21__0001,0001,4096.0,40,20,0.5,0.5125,0.015625,,False,,False
21,random,fixed_random__block_21__0001,0001,8192.0,40,20,0.5,0.5,0.00625,,False,,False
21,random,fixed_random__block_21__0002,0002,0.0625,40,20,0.5,0.5125,0.003125,,False,,False
21,random,fixed_random__block_21__0002,0002,0.125,40,20,0.5,0.525,0.00625,,False,,False
21,random,fixed_random__block_21__0002,0002,0.25,40,20,0.5,0.5125,0.003125,,False,,False
21,random,fixed_random__block_21__0002,0002,0.5,40,20,0.5,0.5375,0.009375,,False,,False
21,random,fixed_random__block_21__0002,0002,1.0,40,20,0.5,0.5,0.0,,False,,False
21,random,fixed_random__block_21__0002,0002,2.0,40,20,0.5,0.55,0.0125,,False,,False
21,random,fixed_random__block_21__0002,0002,4.0,40,20,0.5,0.5625,0.015625,,False,,False
21,random,fixed_random__block_21__0002,0002,8.0,40,20,0.5,0.475,-0.00625,,False,,False
21,random,fixed_random__block_21__0002,0002,16.0,40,20,0.5,0.5,0.0,,False,,False
21,random,fixed_random__block_21__0002,0002,32.0,40,20,0.5,0.5125,0.003125,,False,,False
21,random,fixed_random__block_21__0002,0002,64.0,40,20,0.5,0.45,-0.0125,,False,,False
21,random,fixed_random__block_21__0002,0002,128.0,40,20,0.5,0.4375,-0.015625,,False,,False
21,random,fixed_random__block_21__0002,0002,256.0,40,20,0.5,0.5,-0.009375,,False,,False
21,random,fixed_random__block_21__0002,0002,512.0,40,20,0.5,0.475,-0.015625,,False,,False
21,random,fixed_random__block_21__0002,0002,1024.0,40,20,0.5,0.5,-0.021875,,False,,False
21,random,fixed_random__block_21__0002,0002,2048.0,40,20,0.5,0.5,-0.034375,,False,,False
21,random,fixed_random__block_21__0002,0002,4096.0,40,20,0.4875,0.5,-0.03125,,False,,False
21,random,fixed_random__block_21__0002,0002,8192.0,40,20,0.4875,0.5,-0.040625,,False,,False
22,concept,concept__block_22__Dust,Dust,0.0625,40,20,0.5,0.5375,0.009375,,False,,False
22,concept,concept__block_22__Dust,Dust,0.125,40,20,0.5,0.4875,-0.003125,,False,,False
22,concept,concept__block_22__Dust,Dust,0.25,40,20,0.5,0.4125,-0.021875,,False,,False
22,concept,concept__block_22__Dust,Dust,0.5,40,20,0.5,0.4875,-0.003125,,False,,False
22,concept,concept__block_22__Dust,Dust,1.0,40,20,0.5,0.5125,0.0,,False,,False
22,concept,concept__block_22__Dust,Dust,2.0,40,20,0.5,0.425,-0.015625,,False,,False
22,concept,concept__block_22__Dust,Dust,4.0,40,20,0.5,0.525,0.00625,,False,,False
22,concept,concept__block_22__Dust,Dust,8.0,40,20,0.5,0.5125,0.003125,,False,,False
22,concept,concept__block_22__Dust,Dust,16.0,40,20,0.5,0.5125,0.003125,,False,,False
22,concept,concept__block_22__Dust,Dust,32.0,40,20,0.5,0.5,0.0,,False,,False
22,concept,concept__block_22__Dust,Dust,64.0,40,20,0.5,0.475,-0.009375,,False,,False
22,concept,concept__block_22__Dust,Dust,128.0,40,20,0.5125,0.5,0.015625,,False,,False
22,concept,concept__block_22__Dust,Dust,256.0,40,20,0.5,0.5625,0.025,,False,,False
22,concept,concept__block_22__Dust,Dust,512.0,40,20,0.5125,0.5625,0.01875,,False,,False
22,concept,concept__block_22__Dust,Dust,1024.0,40,20,0.5125,0.525,0.0109375,,False,,False
22,concept,concept__block_22__Dust,Dust,2048.0,40,20,0.5125,0.55,0.0203125,,False,,False
22,concept,concept__block_22__Dust,Dust,4096.0,40,20,0.5125,0.55,0.0140625,,False,,False
22,concept,concept__block_22__Dust,Dust,8192.0,40,20,0.525,0.55,0.028125,,False,,False
22,concept,concept__block_22__Satellites,Satellites,0.0625,40,20,0.5,0.45,-0.0125,,False,,False
22,concept,concept__block_22__Satellites,Satellites,0.125,40,20,0.5,0.4875,-0.003125,,False,,False
22,concept,concept__block_22__Satellites,Satellites,0.25,40,20,0.5,0.4625,-0.009375,,False,,False
22,concept,concept__block_22__Satellites,Satellites,0.5,40,20,0.5,0.45,-0.0125,,False,,False
22,concept,concept__block_22__Satellites,Satellites,1.0,40,20,0.5,0.475,-0.00625,,False,,False
22,concept,concept__block_22__Satellites,Satellites,2.0,40,20,0.5,0.4875,-0.003125,,False,,False
22,concept,concept__block_22__Satellites,Satellites,4.0,40,20,0.5,0.4625,-0.009375,,False,,False
22,concept,concept__block_22__Satellites,Satellites,8.0,40,20,0.5,0.475,-0.00625,,False,,False
22,concept,concept__block_22__Satellites,Satellites,16.0,40,20,0.5,0.5,-0.003125,,False,,False
22,concept,concept__block_22__Satellites,Satellites,32.0,40,20,0.5,0.475,-0.00625,,False,,False
22,concept,concept__block_22__Satellites,Satellites,64.0,40,20,0.5,0.5125,0.003125,,False,,False
22,concept,concept__block_22__Satellites,Satellites,128.0,40,20,0.5,0.4625,-0.009375,,False,,False
22,concept,concept__block_22__Satellites,Satellites,256.0,40,20,0.5,0.5,0.003125,,False,,False
22,concept,concept__block_22__Satellites,Satellites,512.0,40,20,0.5,0.5,0.003125,,False,,False
22,concept,concept__block_22__Satellites,Satellites,1024.0,40,20,0.5,0.5,-0.003125,,False,,False
22,concept,concept__block_22__Satellites,Satellites,2048.0,40,20,0.5,0.5,0.015625,,False,,False
22,concept,concept__block_22__Satellites,Satellites,4096.0,40,20,0.5,0.5,0.0125,,False,,False
22,concept,concept__block_22__Satellites,Satellites,8192.0,40,20,0.5,0.5,0.0,,False,,False
22,concept,concept__block_22__recursion,recursion,0.0625,40,20,0.5,0.45,-0.0125,,False,,False
22,concept,concept__block_22__recursion,recursion,0.125,40,20,0.5,0.5,0.0,,False,,False
22,concept,concept__block_22__recursion,recursion,0.25,40,20,0.5,0.5125,0.003125,,False,,False
22,concept,concept__block_22__recursion,recursion,0.5,40,20,0.5,0.5125,0.003125,,False,,False
22,concept,concept__block_22__recursion,recursion,1.0,40,20,0.5,0.55,0.0125,,False,,False
22,concept,concept__block_22__recursion,recursion,2.0,40,20,0.5,0.5375,0.009375,,False,,False
22,concept,concept__block_22__recursion,recursion,4.0,40,20,0.5,0.525,0.00625,,False,,False
22,concept,concept__block_22__recursion,recursion,8.0,40,20,0.5,0.5,0.0,,False,,False
22,concept,concept__block_22__recursion,recursion,16.0,40,20,0.5,0.4625,-0.009375,,False,,False
22,concept,concept__block_22__recursion,recursion,32.0,40,20,0.5,0.5,0.0,,False,,False
22,concept,concept__block_22__recursion,recursion,64.0,40,20,0.5,0.45,-0.0125,,False,,False
22,concept,concept__block_22__recursion,recursion,128.0,40,20,0.5,0.425,-0.01875,,False,,False
22,concept,concept__block_22__recursion,recursion,256.0,40,20,0.5,0.475,-0.00625,,False,,False
22,concept,concept__block_22__recursion,recursion,512.0,40,20,0.5,0.475,-0.009375,,False,,False
22,concept,concept__block_22__recursion,recursion,1024.0,40,20,0.5,0.4875,-0.0125,,False,,False
22,concept,concept__block_22__recursion,recursion,2048.0,40,20,0.5,0.4625,-0.0125,,False,,False
22,concept,concept__block_22__recursion,recursion,4096.0,40,20,0.5,0.475,-0.0125,,False,,False
22,concept,concept__block_22__recursion,recursion,8192.0,40,20,0.5,0.4375,-0.025,,False,,False
22,concept,concept__block_22__shutdown,shutdown,0.0625,40,20,0.5,0.4875,-0.003125,,False,,False
22,concept,concept__block_22__shutdown,shutdown,0.125,40,20,0.5,0.4625,-0.009375,,False,,False
22,concept,concept__block_22__shutdown,shutdown,0.25,40,20,0.5,0.5125,0.003125,,False,,False
22,concept,concept__block_22__shutdown,shutdown,0.5,40,20,0.5,0.5125,0.003125,,False,,False
22,concept,concept__block_22__shutdown,shutdown,1.0,40,20,0.5,0.475,-0.00625,,False,,False
22,concept,concept__block_22__shutdown,shutdown,2.0,40,20,0.5,0.5,0.0,,False,,False
22,concept,concept__block_22__shutdown,shutdown,4.0,40,20,0.5,0.45,-0.0125,,False,,False
22,concept,concept__block_22__shutdown,shutdown,8.0,40,20,0.5,0.475,-0.00625,,False,,False
22,concept,concept__block_22__shutdown,shutdown,16.0,40,20,0.5,0.5,0.0,,False,,False
22,concept,concept__block_22__shutdown,shutdown,32.0,40,20,0.5,0.45,-0.0125,,False,,False
22,concept,concept__block_22__shutdown,shutdown,64.0,40,20,0.5,0.475,-0.00625,,False,,False
22,concept,concept__block_22__shutdown,shutdown,128.0,40,20,0.5,0.3875,-0.028125,,False,,False
22,concept,concept__block_22__shutdown,shutdown,256.0,40,20,0.5,0.4625,0.0,,False,,False
22,concept,concept__block_22__shutdown,shutdown,512.0,40,20,0.5,0.4875,0.0,,False,,False
22,concept,concept__block_22__shutdown,shutdown,1024.0,40,20,0.5,0.525,0.0125,,False,,False
22,concept,concept__block_22__shutdown,shutdown,2048.0,40,20,0.5,0.55,0.01875,,False,,False
22,concept,concept__block_22__shutdown,shutdown,4096.0,40,20,0.5,0.525,0.0,,False,,False
22,concept,concept__block_22__shutdown,shutdown,8192.0,40,20,0.5,0.5,-0.009375,,False,,False
22,dropout,dropout_realization_00,dropout_realization_00,0.0625,40,20,0.5,0.5125,0.003125,,False,,False
22,dropout,dropout_realization_00,dropout_realization_00,0.125,40,20,0.5,0.5,0.0,,False,,False
22,dropout,dropout_realization_00,dropout_realization_00,0.25,40,20,0.5,0.525,0.00625,,False,,False
22,dropout,dropout_realization_00,dropout_realization_00,0.5,40,20,0.5,0.5375,0.009375,,False,,False
22,dropout,dropout_realization_00,dropout_realization_00,1.0,40,20,0.5,0.525,0.00625,,False,,False
22,dropout,dropout_realization_00,dropout_realization_00,2.0,40,20,0.5,0.4625,-0.0125,,False,,False
22,dropout,dropout_realization_00,dropout_realization_00,4.0,40,20,0.5,0.525,0.00625,,False,,False
22,dropout,dropout_realization_00,dropout_realization_00,8.0,40,20,0.5,0.475,-0.00625,,False,,False
22,dropout,dropout_realization_00,dropout_realization_00,16.0,40,20,0.5,0.5125,0.003125,,False,,False
22,dropout,dropout_realization_00,dropout_realization_00,32.0,40,20,0.5,0.525,0.00625,,False,,False
22,dropout,dropout_realization_00,dropout_realization_00,64.0,40,20,0.5,0.5125,0.003125,,False,,False
22,dropout,dropout_realization_00,dropout_realization_00,128.0,40,20,0.5,0.5125,0.009375,,False,,False
22,dropout,dropout_realization_00,dropout_realization_00,256.0,40,20,0.5,0.5875,0.065625,,False,,False
22,dropout,dropout_realization_00,dropout_realization_00,512.0,40,20,0.525,0.4125,-0.053125,,False,,False
22,dropout,dropout_realization_00,dropout_realization_00,1024.0,40,20,0.5,0.4625,-0.046875,,False,,False
22,dropout,dropout_realization_00,dropout_realization_00,2048.0,40,20,0.525,0.4625,-0.0640625,,False,,False
22,dropout,dropout_realization_00,dropout_realization_00,4096.0,40,20,0.5,0.4375,0.015625,,False,,False
22,dropout,dropout_realization_00,dropout_realization_00,8192.0,40,20,0.5,0.4125,-0.06875,,False,,False
22,dropout,dropout_realization_01,dropout_realization_01,0.0625,40,20,0.5,0.5,0.0,,False,,False
22,dropout,dropout_realization_01,dropout_realization_01,0.125,40,20,0.5,0.5125,0.003125,,False,,False
22,dropout,dropout_realization_01,dropout_realization_01,0.25,40,20,0.5,0.4875,-0.003125,,False,,False
22,dropout,dropout_realization_01,dropout_realization_01,0.5,40,20,0.5,0.425,-0.01875,,False,,False
22,dropout,dropout_realization_01,dropout_realization_01,1.0,40,20,0.5,0.4875,-0.003125,,False,,False
22,dropout,dropout_realization_01,dropout_realization_01,2.0,40,20,0.5,0.4875,-0.003125,,False,,False
22,dropout,dropout_realization_01,dropout_realization_01,4.0,40,20,0.5,0.5125,0.0,,False,,False
22,dropout,dropout_realization_01,dropout_realization_01,8.0,40,20,0.5,0.5,0.0,,False,,False
22,dropout,dropout_realization_01,dropout_realization_01,16.0,40,20,0.5,0.45,-0.0125,,False,,False
22,dropout,dropout_realization_01,dropout_realization_01,32.0,40,20,0.5,0.475,-0.00625,,False,,False
22,dropout,dropout_realization_01,dropout_realization_01,64.0,40,20,0.5,0.5625,0.015625,,False,,False
22,dropout,dropout_realization_01,dropout_realization_01,128.0,40,20,0.5,0.475,-0.00625,,False,,False
22,dropout,dropout_realization_01,dropout_realization_01,256.0,40,20,0.5,0.6125,0.003125,,False,,False
22,dropout,dropout_realization_01,dropout_realization_01,512.0,40,20,0.5,0.5125,-0.034375,,False,,False
22,dropout,dropout_realization_01,dropout_realization_01,1024.0,40,20,0.5,0.5375,0.0640625,,False,,False
22,dropout,dropout_realization_01,dropout_realization_01,2048.0,40,20,0.5,0.55,0.05,,False,,False
22,dropout,dropout_realization_01,dropout_realization_01,4096.0,40,20,0.5,0.5,-0.0046875,,False,,False
22,dropout,dropout_realization_01,dropout_realization_01,8192.0,40,20,0.5,0.4625,-0.028125,,False,,False
22,noise,noise_realization_00,noise_realization_00,0.0625,40,20,0.5,0.5,0.0,,False,,False
22,noise,noise_realization_00,noise_realization_00,0.125,40,20,0.5,0.525,0.00625,,False,,False
22,noise,noise_realization_00,noise_realization_00,0.25,40,20,0.5,0.4875,-0.003125,,False,,False
22,noise,noise_realization_00,noise_realization_00,0.5,40,20,0.5,0.55,0.0125,,False,,False
22,noise,noise_realization_00,noise_realization_00,1.0,40,20,0.5,0.55,0.0125,,False,,False
22,noise,noise_realization_00,noise_realization_00,2.0,40,20,0.5,0.5,0.0,,False,,False
22,noise,noise_realization_00,noise_realization_00,4.0,40,20,0.5,0.475,-0.00625,,False,,False
22,noise,noise_realization_00,noise_realization_00,8.0,40,20,0.5,0.5125,0.003125,,False,,False
22,noise,noise_realization_00,noise_realization_00,16.0,40,20,0.5,0.4625,-0.009375,,False,,False
22,noise,noise_realization_00,noise_realization_00,32.0,40,20,0.5,0.5,0.0,,False,,False
22,noise,noise_realization_00,noise_realization_00,64.0,40,20,0.5,0.5125,0.003125,,False,,False
22,noise,noise_realization_00,noise_realization_00,128.0,40,20,0.5,0.4875,-0.003125,,False,,False
22,noise,noise_realization_00,noise_realization_00,256.0,40,20,0.5,0.5625,0.025,,False,,False
22,noise,noise_realization_00,noise_realization_00,512.0,40,20,0.5,0.6125,0.059375,,False,,False
22,noise,noise_realization_00,noise_realization_00,1024.0,40,20,0.5,0.45,-0.01875,,False,,False
22,noise,noise_realization_00,noise_realization_00,2048.0,40,20,0.5,0.625,0.05625,,False,,False
22,noise,noise_realization_00,noise_realization_00,4096.0,40,20,0.5,0.4375,-0.034375,,False,,False
22,noise,noise_realization_00,noise_realization_00,8192.0,40,20,0.5,0.4875,-0.00625,,False,,False
22,noise,noise_realization_01,noise_realization_01,0.0625,40,20,0.5,0.45,-0.0125,,False,,False
22,noise,noise_realization_01,noise_realization_01,0.125,40,20,0.5,0.5125,0.003125,,False,,False
22,noise,noise_realization_01,noise_realization_01,0.25,40,20,0.5,0.45,-0.0125,,False,,False
22,noise,noise_realization_01,noise_realization_01,0.5,40,20,0.5,0.4875,-0.003125,,False,,False
22,noise,noise_realization_01,noise_realization_01,1.0,40,20,0.5,0.475,-0.00625,,False,,False
22,noise,noise_realization_01,noise_realization_01,2.0,40,20,0.5,0.525,0.00625,,False,,False
22,noise,noise_realization_01,noise_realization_01,4.0,40,20,0.5,0.45,-0.0125,,False,,False
22,noise,noise_realization_01,noise_realization_01,8.0,40,20,0.5,0.525,0.00625,,False,,False
22,noise,noise_realization_01,noise_realization_01,16.0,40,20,0.5,0.55,0.0125,,False,,False
22,noise,noise_realization_01,noise_realization_01,32.0,40,20,0.5,0.5125,0.003125,,False,,False
22,noise,noise_realization_01,noise_realization_01,64.0,40,20,0.5,0.4875,-0.003125,,False,,False
22,noise,noise_realization_01,noise_realization_01,128.0,40,20,0.5,0.475,-0.00625,,False,,False
22,noise,noise_realization_01,noise_realization_01,256.0,40,20,0.5,0.6125,0.034375,,False,,False
22,noise,noise_realization_01,noise_realization_01,512.0,40,20,0.5,0.4625,-0.00625,,False,,False
22,noise,noise_realization_01,noise_realization_01,1024.0,40,20,0.5,0.4875,-0.015625,,False,,False
22,noise,noise_realization_01,noise_realization_01,2048.0,40,20,0.5,0.6,0.034375,,False,,False
22,noise,noise_realization_01,noise_realization_01,4096.0,40,20,0.5,0.4875,-0.015625,,False,,False
22,noise,noise_realization_01,noise_realization_01,8192.0,40,20,0.5,0.525,0.003125,,False,,False
22,random,fixed_random__block_22__0000,0000,0.0625,40,20,0.5,0.525,0.00625,,False,,False
22,random,fixed_random__block_22__0000,0000,0.125,40,20,0.5,0.525,0.00625,,False,,False
22,random,fixed_random__block_22__0000,0000,0.25,40,20,0.5,0.525,0.00625,,False,,False
22,random,fixed_random__block_22__0000,0000,0.5,40,20,0.5,0.4875,-0.00625,,False,,False
22,random,fixed_random__block_22__0000,0000,1.0,40,20,0.5,0.45,-0.0125,,False,,False
22,random,fixed_random__block_22__0000,0000,2.0,40,20,0.5,0.4875,-0.003125,,False,,False
22,random,fixed_random__block_22__0000,0000,4.0,40,20,0.5,0.4625,-0.009375,,False,,False
22,random,fixed_random__block_22__0000,0000,8.0,40,20,0.5,0.575,0.01875,,False,,False
22,random,fixed_random__block_22__0000,0000,16.0,40,20,0.5,0.4875,-0.003125,,False,,False
22,random,fixed_random__block_22__0000,0000,32.0,40,20,0.5,0.475,-0.009375,,False,,False
22,random,fixed_random__block_22__0000,0000,64.0,40,20,0.5,0.5,-0.003125,,False,,False
22,random,fixed_random__block_22__0000,0000,128.0,40,20,0.5,0.4125,-0.021875,,False,,False
22,random,fixed_random__block_22__0000,0000,256.0,40,20,0.5,0.4375,-0.01875,,False,,False
22,random,fixed_random__block_22__0000,0000,512.0,40,20,0.4875,0.5,0.003125,,False,,False
22,random,fixed_random__block_22__0000,0000,1024.0,40,20,0.4875,0.5,-0.00625,,False,,False
22,random,fixed_random__block_22__0000,0000,2048.0,40,20,0.5,0.5,-0.01875,,False,,False
22,random,fixed_random__block_22__0000,0000,4096.0,40,20,0.4875,0.5,-0.009375,,False,,False
22,random,fixed_random__block_22__0000,0000,8192.0,40,20,0.5125,0.4875,0.0125,,False,,False
22,random,fixed_random__block_22__0001,0001,0.0625,40,20,0.5,0.5625,0.015625,,False,,False
22,random,fixed_random__block_22__0001,0001,0.125,40,20,0.5,0.4625,-0.009375,,False,,False
22,random,fixed_random__block_22__0001,0001,0.25,40,20,0.5,0.525,0.00625,,False,,False
22,random,fixed_random__block_22__0001,0001,0.5,40,20,0.5,0.475,-0.00625,,False,,False
22,random,fixed_random__block_22__0001,0001,1.0,40,20,0.5,0.4875,-0.00625,,False,,False
22,random,fixed_random__block_22__0001,0001,2.0,40,20,0.5,0.475,-0.003125,,False,,False
22,random,fixed_random__block_22__0001,0001,4.0,40,20,0.5,0.5,0.0,,False,,False
22,random,fixed_random__block_22__0001,0001,8.0,40,20,0.5,0.4,-0.025,,False,,False
22,random,fixed_random__block_22__0001,0001,16.0,40,20,0.5,0.4875,-0.003125,,False,,False
22,random,fixed_random__block_22__0001,0001,32.0,40,20,0.5,0.4875,-0.003125,,False,,False
22,random,fixed_random__block_22__0001,0001,64.0,40,20,0.5,0.4375,-0.015625,,False,,False
22,random,fixed_random__block_22__0001,0001,128.0,40,20,0.5,0.525,0.00625,,False,,False
22,random,fixed_random__block_22__0001,0001,256.0,40,20,0.5,0.5,0.003125,,False,,False
22,random,fixed_random__block_22__0001,0001,512.0,40,20,0.5,0.4375,-0.0125,,False,,False
22,random,fixed_random__block_22__0001,0001,1024.0,40,20,0.5,0.4875,-0.00625,,False,,False
22,random,fixed_random__block_22__0001,0001,2048.0,40,20,0.5,0.4875,-0.003125,,False,,False
22,random,fixed_random__block_22__0001,0001,4096.0,40,20,0.5,0.475,0.0,,False,,False
22,random,fixed_random__block_22__0001,0001,8192.0,40,20,0.5,0.475,-0.015625,,False,,False
22,random,fixed_random__block_22__0002,0002,0.0625,40,20,0.5,0.5375,0.009375,,False,,False
22,random,fixed_random__block_22__0002,0002,0.125,40,20,0.5,0.475,-0.00625,,False,,False
22,random,fixed_random__block_22__0002,0002,0.25,40,20,0.5,0.5,0.0,,False,,False
22,random,fixed_random__block_22__0002,0002,0.5,40,20,0.5,0.5125,0.003125,,False,,False
22,random,fixed_random__block_22__0002,0002,1.0,40,20,0.5,0.4875,-0.003125,,False,,False
22,random,fixed_random__block_22__0002,0002,2.0,40,20,0.5,0.475,-0.00625,,False,,False
22,random,fixed_random__block_22__0002,0002,4.0,40,20,0.5,0.55,0.0125,,False,,False
22,random,fixed_random__block_22__0002,0002,8.0,40,20,0.5,0.5125,0.003125,,False,,False
22,random,fixed_random__block_22__0002,0002,16.0,40,20,0.5,0.5375,0.009375,,False,,False
22,random,fixed_random__block_22__0002,0002,32.0,40,20,0.5,0.475,-0.00625,,False,,False
22,random,fixed_random__block_22__0002,0002,64.0,40,20,0.5,0.45,-0.0125,,False,,False
22,random,fixed_random__block_22__0002,0002,128.0,40,20,0.5,0.5125,0.003125,,False,,False
22,random,fixed_random__block_22__0002,0002,256.0,40,20,0.5,0.5125,0.0125,,False,,False
22,random,fixed_random__block_22__0002,0002,512.0,40,20,0.5,0.5,0.003125,,False,,False
22,random,fixed_random__block_22__0002,0002,1024.0,40,20,0.5,0.5,-0.003125,,False,,False
22,random,fixed_random__block_22__0002,0002,2048.0,40,20,0.5,0.5,-0.003125,,False,,False
22,random,fixed_random__block_22__0002,0002,4096.0,40,20,0.5,0.5,0.0,,False,,False
22,random,fixed_random__block_22__0002,0002,8192.0,40,20,0.5,0.5,0.0,,False,,False
23,concept,concept__block_23__Dust,Dust,0.0625,40,20,0.5,0.4625,-0.009375,,False,,False
23,concept,concept__block_23__Dust,Dust,0.125,40,20,0.5,0.5,0.0,,False,,False
23,concept,concept__block_23__Dust,Dust,0.25,40,20,0.5,0.5125,0.003125,,False,,False
23,concept,concept__block_23__Dust,Dust,0.5,40,20,0.5,0.5625,0.015625,,False,,False
23,concept,concept__block_23__Dust,Dust,1.0,40,20,0.5,0.525,0.00625,,False,,False
23,concept,concept__block_23__Dust,Dust,2.0,40,20,0.5,0.4875,-0.003125,,False,,False
23,concept,concept__block_23__Dust,Dust,4.0,40,20,0.5,0.5375,0.009375,,False,,False
23,concept,concept__block_23__Dust,Dust,8.0,40,20,0.5,0.5375,0.009375,,False,,False
23,concept,concept__block_23__Dust,Dust,16.0,40,20,0.5,0.4625,-0.009375,,False,,False
23,concept,concept__block_23__Dust,Dust,32.0,40,20,0.5,0.55,0.0125,,False,,False
23,concept,concept__block_23__Dust,Dust,64.0,40,20,0.5,0.5,0.0,,False,,False
23,concept,concept__block_23__Dust,Dust,128.0,40,20,0.525,0.5,0.01875,,False,,False
23,concept,concept__block_23__Dust,Dust,256.0,40,20,0.5,0.5,0.003125,,False,,False
23,concept,concept__block_23__Dust,Dust,512.0,40,20,0.5125,0.5,-0.003125,,False,,False
23,concept,concept__block_23__Dust,Dust,1024.0,40,20,0.4875,0.5,-0.003125,,False,,False
23,concept,concept__block_23__Dust,Dust,2048.0,40,20,0.4875,0.5,-0.009375,,False,,False
23,concept,concept__block_23__Dust,Dust,4096.0,40,20,0.5,0.5,-0.009375,,False,,False
23,concept,concept__block_23__Dust,Dust,8192.0,40,20,0.5,0.5,-0.015625,,False,,False
23,concept,concept__block_23__Satellites,Satellites,0.0625,40,20,0.5,0.475,-0.00625,,False,,False
23,concept,concept__block_23__Satellites,Satellites,0.125,40,20,0.5,0.525,0.00625,,False,,False
23,concept,concept__block_23__Satellites,Satellites,0.25,40,20,0.5,0.4875,-0.003125,,False,,False
23,concept,concept__block_23__Satellites,Satellites,0.5,40,20,0.5,0.6125,0.025,,False,,False
23,concept,concept__block_23__Satellites,Satellites,1.0,40,20,0.5,0.525,0.00625,,False,,False
23,concept,concept__block_23__Satellites,Satellites,2.0,40,20,0.5,0.4375,-0.015625,,False,,False
23,concept,concept__block_23__Satellites,Satellites,4.0,40,20,0.5,0.525,0.009375,,False,,False
23,concept,concept__block_23__Satellites,Satellites,8.0,40,20,0.5,0.55,0.0125,,False,,False
23,concept,concept__block_23__Satellites,Satellites,16.0,40,20,0.5,0.525,0.009375,,False,,False
23,concept,concept__block_23__Satellites,Satellites,32.0,40,20,0.5,0.55,0.0125,,False,,False
23,concept,concept__block_23__Satellites,Satellites,64.0,40,20,0.5,0.4625,-0.009375,,False,,False
23,concept,concept__block_23__Satellites,Satellites,128.0,40,20,0.5,0.475,-0.009375,,False,,False
23,concept,concept__block_23__Satellites,Satellites,256.0,40,20,0.5,0.5125,0.009375,,False,,False
23,concept,concept__block_23__Satellites,Satellites,512.0,40,20,0.5,0.5,0.009375,,False,,False
23,concept,concept__block_23__Satellites,Satellites,1024.0,40,20,0.5,0.5,0.01875,,False,,False
23,concept,concept__block_23__Satellites,Satellites,2048.0,40,20,0.5,0.5,0.015625,,False,,False
23,concept,concept__block_23__Satellites,Satellites,4096.0,40,20,0.5,0.5,0.009375,,False,,False
23,concept,concept__block_23__Satellites,Satellites,8192.0,40,20,0.5,0.5,0.00625,,False,,False
23,concept,concept__block_23__recursion,recursion,0.0625,40,20,0.5,0.475,-0.00625,,False,,False
23,concept,concept__block_23__recursion,recursion,0.125,40,20,0.5,0.5,0.0,,False,,False
23,concept,concept__block_23__recursion,recursion,0.25,40,20,0.5,0.5125,0.003125,,False,,False
23,concept,concept__block_23__recursion,recursion,0.5,40,20,0.5,0.5,0.0,,False,,False
23,concept,concept__block_23__recursion,recursion,1.0,40,20,0.5,0.4875,-0.003125,,False,,False
23,concept,concept__block_23__recursion,recursion,2.0,40,20,0.5,0.5,-0.003125,,False,,False
23,concept,concept__block_23__recursion,recursion,4.0,40,20,0.5,0.5,0.0,,False,,False
23,concept,concept__block_23__recursion,recursion,8.0,40,20,0.5,0.5375,0.009375,,False,,False
23,concept,concept__block_23__recursion,recursion,16.0,40,20,0.5,0.4625,-0.009375,,False,,False
23,concept,concept__block_23__recursion,recursion,32.0,40,20,0.5,0.425,-0.01875,,False,,False
23,concept,concept__block_23__recursion,recursion,64.0,40,20,0.5,0.425,-0.01875,,False,,False
23,concept,concept__block_23__recursion,recursion,128.0,40,20,0.5,0.45,-0.0125,,False,,False
23,concept,concept__block_23__recursion,recursion,256.0,40,20,0.5,0.525,0.0,,False,,False
23,concept,concept__block_23__recursion,recursion,512.0,40,20,0.5,0.5125,-0.009375,,False,,False
23,concept,concept__block_23__recursion,recursion,1024.0,40,20,0.5,0.5,-0.0125,,False,,False
23,concept,concept__block_23__recursion,recursion,2048.0,40,20,0.5,0.4875,-0.015625,,False,,False
23,concept,concept__block_23__recursion,recursion,4096.0,40,20,0.5,0.525,0.0,,False,,False
23,concept,concept__block_23__recursion,recursion,8192.0,40,20,0.5,0.5125,-0.003125,,False,,False
23,concept,concept__block_23__shutdown,shutdown,0.0625,40,20,0.5,0.525,0.00625,,False,,False
23,concept,concept__block_23__shutdown,shutdown,0.125,40,20,0.5,0.475,-0.00625,,False,,False
23,concept,concept__block_23__shutdown,shutdown,0.25,40,20,0.5,0.5,0.0,,False,,False
23,concept,concept__block_23__shutdown,shutdown,0.5,40,20,0.5,0.5125,0.003125,,False,,False
23,concept,concept__block_23__shutdown,shutdown,1.0,40,20,0.5,0.5125,0.003125,,False,,False
23,concept,concept__block_23__shutdown,shutdown,2.0,40,20,0.5,0.5375,0.009375,,False,,False
23,concept,concept__block_23__shutdown,shutdown,4.0,40,20,0.5,0.45,-0.0125,,False,,False
23,concept,concept__block_23__shutdown,shutdown,8.0,40,20,0.5,0.5,0.0,,False,,False
23,concept,concept__block_23__shutdown,shutdown,16.0,40,20,0.5,0.4625,-0.009375,,False,,False
23,concept,concept__block_23__shutdown,shutdown,32.0,40,20,0.5,0.4375,-0.015625,,False,,False
23,concept,concept__block_23__shutdown,shutdown,64.0,40,20,0.5,0.4375,-0.015625,,False,,False
23,concept,concept__block_23__shutdown,shutdown,128.0,40,20,0.5,0.4625,-0.009375,,False,,False
23,concept,concept__block_23__shutdown,shutdown,256.0,40,20,0.5,0.5125,0.0,,False,,False
23,concept,concept__block_23__shutdown,shutdown,512.0,40,20,0.5,0.4375,-0.021875,,False,,False
23,concept,concept__block_23__shutdown,shutdown,1024.0,40,20,0.5,0.5125,0.0,,False,,False
23,concept,concept__block_23__shutdown,shutdown,2048.0,40,20,0.5,0.525,0.0,,False,,False
23,concept,concept__block_23__shutdown,shutdown,4096.0,40,20,0.5,0.5125,-0.003125,,False,,False
23,concept,concept__block_23__shutdown,shutdown,8192.0,40,20,0.5,0.5125,0.003125,,False,,False
23,dropout,dropout_realization_00,dropout_realization_00,0.0625,40,20,0.5,0.5,0.0,,False,,False
23,dropout,dropout_realization_00,dropout_realization_00,0.125,40,20,0.5,0.5125,0.003125,,False,,False
23,dropout,dropout_realization_00,dropout_realization_00,0.25,40,20,0.5,0.5125,0.003125,,False,,False
23,dropout,dropout_realization_00,dropout_realization_00,0.5,40,20,0.5,0.475,-0.00625,,False,,False
23,dropout,dropout_realization_00,dropout_realization_00,1.0,40,20,0.5,0.475,-0.00625,,False,,False
23,dropout,dropout_realization_00,dropout_realization_00,2.0,40,20,0.5,0.4875,-0.003125,,False,,False
23,dropout,dropout_realization_00,dropout_realization_00,4.0,40,20,0.5,0.5375,0.009375,,False,,False
23,dropout,dropout_realization_00,dropout_realization_00,8.0,40,20,0.5,0.4625,-0.0125,,False,,False
23,dropout,dropout_realization_00,dropout_realization_00,16.0,40,20,0.5,0.475,-0.00625,,False,,False
23,dropout,dropout_realization_00,dropout_realization_00,32.0,40,20,0.5,0.5375,0.009375,,False,,False
23,dropout,dropout_realization_00,dropout_realization_00,64.0,40,20,0.5,0.5125,0.003125,,False,,False
23,dropout,dropout_realization_00,dropout_realization_00,128.0,40,20,0.5,0.55,0.015625,,False,,False
23,dropout,dropout_realization_00,dropout_realization_00,256.0,40,20,0.5,0.425,-0.046875,,False,,False
23,dropout,dropout_realization_00,dropout_realization_00,512.0,40,20,0.5,0.5,0.065625,,False,,False
23,dropout,dropout_realization_00,dropout_realization_00,1024.0,40,20,0.5,0.55,0.103125,,False,,False
23,dropout,dropout_realization_00,dropout_realization_00,2048.0,40,20,0.5,0.45,-0.04375,,False,,False
23,dropout,dropout_realization_00,dropout_realization_00,4096.0,40,20,0.5,0.4625,0.003125,,False,,False
23,dropout,dropout_realization_00,dropout_realization_00,8192.0,40,20,0.5,0.6,0.025,,False,,False
23,dropout,dropout_realization_01,dropout_realization_01,0.0625,40,20,0.5,0.4875,-0.003125,,False,,False
23,dropout,dropout_realization_01,dropout_realization_01,0.125,40,20,0.5,0.5,0.0,,False,,False
23,dropout,dropout_realization_01,dropout_realization_01,0.25,40,20,0.5,0.5125,0.003125,,False,,False
23,dropout,dropout_realization_01,dropout_realization_01,0.5,40,20,0.5,0.4875,-0.003125,,False,,False
23,dropout,dropout_realization_01,dropout_realization_01,1.0,40,20,0.5,0.4375,-0.015625,,False,,False
23,dropout,dropout_realization_01,dropout_realization_01,2.0,40,20,0.5,0.45,-0.015625,,False,,False
23,dropout,dropout_realization_01,dropout_realization_01,4.0,40,20,0.5,0.4375,-0.015625,,False,,False
23,dropout,dropout_realization_01,dropout_realization_01,8.0,40,20,0.5,0.5125,0.003125,,False,,False
23,dropout,dropout_realization_01,dropout_realization_01,16.0,40,20,0.5,0.55,0.0125,,False,,False
23,dropout,dropout_realization_01,dropout_realization_01,32.0,40,20,0.5,0.4875,-0.003125,,False,,False
23,dropout,dropout_realization_01,dropout_realization_01,64.0,40,20,0.5,0.525,0.003125,,False,,False
23,dropout,dropout_realization_01,dropout_realization_01,128.0,40,20,0.5,0.5625,0.015625,,False,,False
23,dropout,dropout_realization_01,dropout_realization_01,256.0,40,20,0.5,0.5,-0.025,,False,,False
23,dropout,dropout_realization_01,dropout_realization_01,512.0,40,20,0.5,0.525,-0.0140625,,False,,False
23,dropout,dropout_realization_01,dropout_realization_01,1024.0,40,20,0.5,0.35,0.015625,,False,,False
23,dropout,dropout_realization_01,dropout_realization_01,2048.0,40,20,0.5,0.35,-0.0921875,,False,,False
23,dropout,dropout_realization_01,dropout_realization_01,4096.0,40,20,0.5,0.4375,0.034375,,False,,False
23,dropout,dropout_realization_01,dropout_realization_01,8192.0,40,20,0.5,0.575,-0.0125,,False,,False
23,noise,noise_realization_00,noise_realization_00,0.0625,40,20,0.5,0.5375,0.009375,,False,,False
23,noise,noise_realization_00,noise_realization_00,0.125,40,20,0.5,0.525,0.00625,,False,,False
23,noise,noise_realization_00,noise_realization_00,0.25,40,20,0.5,0.4875,-0.003125,,False,,False
23,noise,noise_realization_00,noise_realization_00,0.5,40,20,0.5,0.475,-0.00625,,False,,False
23,noise,noise_realization_00,noise_realization_00,1.0,40,20,0.5,0.475,-0.00625,,False,,False
23,noise,noise_realization_00,noise_realization_00,2.0,40,20,0.5,0.5125,0.003125,,False,,False
23,noise,noise_realization_00,noise_realization_00,4.0,40,20,0.5,0.55,0.0125,,False,,False
23,noise,noise_realization_00,noise_realization_00,8.0,40,20,0.5,0.45,-0.0125,,False,,False
23,noise,noise_realization_00,noise_realization_00,16.0,40,20,0.5,0.5375,0.009375,,False,,False
23,noise,noise_realization_00,noise_realization_00,32.0,40,20,0.5,0.525,0.00625,,False,,False
23,noise,noise_realization_00,noise_realization_00,64.0,40,20,0.5,0.5,-0.003125,,False,,False
23,noise,noise_realization_00,noise_realization_00,128.0,40,20,0.5,0.4375,-0.015625,,False,,False
23,noise,noise_realization_00,noise_realization_00,256.0,40,20,0.5,0.5625,0.00625,,False,,False
23,noise,noise_realization_00,noise_realization_00,512.0,40,20,0.5,0.4375,-0.040625,,False,,False
23,noise,noise_realization_00,noise_realization_00,1024.0,40,20,0.5,0.45,-0.025,,False,,False
23,noise,noise_realization_00,noise_realization_00,2048.0,40,20,0.5,0.55,0.034375,,False,,False
23,noise,noise_realization_00,noise_realization_00,4096.0,40,20,0.5,0.4375,-0.028125,,False,,False
23,noise,noise_realization_00,noise_realization_00,8192.0,40,20,0.5,0.4625,0.009375,,False,,False
23,noise,noise_realization_01,noise_realization_01,0.0625,40,20,0.5,0.55,0.0125,,False,,False
23,noise,noise_realization_01,noise_realization_01,0.125,40,20,0.5,0.5375,0.009375,,False,,False
23,noise,noise_realization_01,noise_realization_01,0.25,40,20,0.5,0.5375,0.0125,,False,,False
23,noise,noise_realization_01,noise_realization_01,0.5,40,20,0.5,0.5,0.0,,False,,False
23,noise,noise_realization_01,noise_realization_01,1.0,40,20,0.5,0.525,0.00625,,False,,False
23,noise,noise_realization_01,noise_realization_01,2.0,40,20,0.5,0.5,0.0,,False,,False
23,noise,noise_realization_01,noise_realization_01,4.0,40,20,0.5,0.4875,-0.003125,,False,,False
23,noise,noise_realization_01,noise_realization_01,8.0,40,20,0.5,0.45,-0.0125,,False,,False
23,noise,noise_realization_01,noise_realization_01,16.0,40,20,0.5,0.55,0.0125,,False,,False
23,noise,noise_realization_01,noise_realization_01,32.0,40,20,0.5,0.4875,-0.003125,,False,,False
23,noise,noise_realization_01,noise_realization_01,64.0,40,20,0.5,0.475,-0.00625,,False,,False
23,noise,noise_realization_01,noise_realization_01,128.0,40,20,0.5,0.5125,0.003125,,False,,False
23,noise,noise_realization_01,noise_realization_01,256.0,40,20,0.5,0.5,-0.00625,,False,,False
23,noise,noise_realization_01,noise_realization_01,512.0,40,20,0.5,0.55,0.025,,False,,False
23,noise,noise_realization_01,noise_realization_01,1024.0,40,20,0.5,0.5125,0.021875,,False,,False
23,noise,noise_realization_01,noise_realization_01,2048.0,40,20,0.5,0.525,0.0125,,False,,False
23,noise,noise_realization_01,noise_realization_01,4096.0,40,20,0.5,0.55,0.00625,,False,,False
23,noise,noise_realization_01,noise_realization_01,8192.0,40,20,0.5,0.5125,0.009375,,False,,False
23,random,fixed_random__block_23__0000,0000,0.0625,40,20,0.5,0.5125,0.003125,,False,,False
23,random,fixed_random__block_23__0000,0000,0.125,40,20,0.5,0.4625,-0.009375,,False,,False
23,random,fixed_random__block_23__0000,0000,0.25,40,20,0.5,0.55,0.0125,,False,,False
23,random,fixed_random__block_23__0000,0000,0.5,40,20,0.5,0.5875,0.021875,,False,,False
23,random,fixed_random__block_23__0000,0000,1.0,40,20,0.5,0.5,0.0,,False,,False
23,random,fixed_random__block_23__0000,0000,2.0,40,20,0.5,0.5375,0.009375,,False,,False
23,random,fixed_random__block_23__0000,0000,4.0,40,20,0.5,0.5125,0.003125,,False,,False
23,random,fixed_random__block_23__0000,0000,8.0,40,20,0.5,0.525,0.00625,,False,,False
23,random,fixed_random__block_23__0000,0000,16.0,40,20,0.5,0.5375,0.009375,,False,,False
23,random,fixed_random__block_23__0000,0000,32.0,40,20,0.5,0.525,0.00625,,False,,False
23,random,fixed_random__block_23__0000,0000,64.0,40,20,0.5,0.55,0.0125,,False,,False
23,random,fixed_random__block_23__0000,0000,128.0,40,20,0.5,0.5875,0.025,,False,,False
23,random,fixed_random__block_23__0000,0000,256.0,40,20,0.5,0.65,0.0625,,False,,False
23,random,fixed_random__block_23__0000,0000,512.0,40,20,0.5,0.575,0.040625,,False,,False
23,random,fixed_random__block_23__0000,0000,1024.0,40,20,0.5,0.5125,0.021875,,False,,False
23,random,fixed_random__block_23__0000,0000,2048.0,40,20,0.5,0.5,0.003125,,False,,False
23,random,fixed_random__block_23__0000,0000,4096.0,40,20,0.5,0.5,0.00625,,False,,False
23,random,fixed_random__block_23__0000,0000,8192.0,40,20,0.5,0.5,0.003125,,False,,False
23,random,fixed_random__block_23__0001,0001,0.0625,40,20,0.5,0.4375,-0.015625,,False,,False
23,random,fixed_random__block_23__0001,0001,0.125,40,20,0.5,0.475,-0.00625,,False,,False
23,random,fixed_random__block_23__0001,0001,0.25,40,20,0.5,0.425,-0.01875,,False,,False
23,random,fixed_random__block_23__0001,0001,0.5,40,20,0.5,0.45,-0.0125,,False,,False
23,random,fixed_random__block_23__0001,0001,1.0,40,20,0.5,0.4625,-0.009375,,False,,False
23,random,fixed_random__block_23__0001,0001,2.0,40,20,0.5,0.475,-0.00625,,False,,False
23,random,fixed_random__block_23__0001,0001,4.0,40,20,0.5,0.5125,0.003125,,False,,False
23,random,fixed_random__block_23__0001,0001,8.0,40,20,0.5,0.55,0.015625,,False,,False
23,random,fixed_random__block_23__0001,0001,16.0,40,20,0.5,0.525,0.009375,,False,,False
23,random,fixed_random__block_23__0001,0001,32.0,40,20,0.5,0.5125,0.003125,,False,,False
23,random,fixed_random__block_23__0001,0001,64.0,40,20,0.5,0.5375,0.015625,,False,,False
23,random,fixed_random__block_23__0001,0001,128.0,40,20,0.5,0.5375,0.009375,,False,,False
23,random,fixed_random__block_23__0001,0001,256.0,40,20,0.5,0.5,0.059375,,False,,False
23,random,fixed_random__block_23__0001,0001,512.0,40,20,0.5,0.5,0.0375,,False,,False
23,random,fixed_random__block_23__0001,0001,1024.0,40,20,0.5,0.5,0.0125,,False,,False
23,random,fixed_random__block_23__0001,0001,2048.0,40,20,0.5,0.4875,0.0,,False,,False
23,random,fixed_random__block_23__0001,0001,4096.0,40,20,0.5,0.4875,-0.00625,,False,,False
23,random,fixed_random__block_23__0001,0001,8192.0,40,20,0.5,0.475,-0.015625,,False,,False
23,random,fixed_random__block_23__0002,0002,0.0625,40,20,0.5,0.525,0.00625,,False,,False
23,random,fixed_random__block_23__0002,0002,0.125,40,20,0.5,0.525,0.00625,,False,,False
23,random,fixed_random__block_23__0002,0002,0.25,40,20,0.5,0.55,0.0125,,False,,False
23,random,fixed_random__block_23__0002,0002,0.5,40,20,0.5,0.5125,0.00625,,False,,False
23,random,fixed_random__block_23__0002,0002,1.0,40,20,0.5,0.5,0.0,,False,,False
23,random,fixed_random__block_23__0002,0002,2.0,40,20,0.5,0.4875,-0.003125,,False,,False
23,random,fixed_random__block_23__0002,0002,4.0,40,20,0.5,0.5125,0.003125,,False,,False
23,random,fixed_random__block_23__0002,0002,8.0,40,20,0.5,0.525,0.009375,,False,,False
23,random,fixed_random__block_23__0002,0002,16.0,40,20,0.5,0.5,0.0,,False,,False
23,random,fixed_random__block_23__0002,0002,32.0,40,20,0.5,0.5375,0.009375,,False,,False
23,random,fixed_random__block_23__0002,0002,64.0,40,20,0.5,0.55,0.0125,,False,,False
23,random,fixed_random__block_23__0002,0002,128.0,40,20,0.5,0.5125,0.003125,,False,,False
23,random,fixed_random__block_23__0002,0002,256.0,40,20,0.5,0.5375,0.028125,,False,,False
23,random,fixed_random__block_23__0002,0002,512.0,40,20,0.5,0.5,0.015625,,False,,False
23,random,fixed_random__block_23__0002,0002,1024.0,40,20,0.5,0.5,-0.003125,,False,,False
23,random,fixed_random__block_23__0002,0002,2048.0,40,20,0.5,0.5,-0.01875,,False,,False
23,random,fixed_random__block_23__0002,0002,4096.0,40,20,0.5,0.5,-0.025,,False,,False
23,random,fixed_random__block_23__0002,0002,8192.0,40,20,0.5,0.5,-0.025,,False,,False
24,concept,concept__block_24__Dust,Dust,0.0625,40,20,0.5,0.5,0.0,,False,,False
24,concept,concept__block_24__Dust,Dust,0.125,40,20,0.5,0.525,0.00625,,False,,False
24,concept,concept__block_24__Dust,Dust,0.25,40,20,0.5,0.525,0.00625,,False,,False
24,concept,concept__block_24__Dust,Dust,0.5,40,20,0.5,0.4875,-0.003125,,False,,False
24,concept,concept__block_24__Dust,Dust,1.0,40,20,0.5,0.475,-0.00625,,False,,False
24,concept,concept__block_24__Dust,Dust,2.0,40,20,0.5,0.5125,0.003125,,False,,False
24,concept,concept__block_24__Dust,Dust,4.0,40,20,0.5,0.55,0.0125,,False,,False
24,concept,concept__block_24__Dust,Dust,8.0,40,20,0.5,0.525,0.00625,,False,,False
24,concept,concept__block_24__Dust,Dust,16.0,40,20,0.5,0.525,0.00625,,False,,False
24,concept,concept__block_24__Dust,Dust,32.0,40,20,0.5,0.575,0.015625,,False,,False
24,concept,concept__block_24__Dust,Dust,64.0,40,20,0.5,0.575,0.01875,,False,,False
24,concept,concept__block_24__Dust,Dust,128.0,40,20,0.5,0.5875,0.025,,False,,False
24,concept,concept__block_24__Dust,Dust,256.0,40,20,0.5,0.5125,0.021875,,False,,False
24,concept,concept__block_24__Dust,Dust,512.0,40,20,0.5,0.5,0.015625,,False,,False
24,concept,concept__block_24__Dust,Dust,1024.0,40,20,0.4875,0.5,0.015625,,False,,False
24,concept,concept__block_24__Dust,Dust,2048.0,40,20,0.4875,0.5,0.0125,,False,,False
24,concept,concept__block_24__Dust,Dust,4096.0,40,20,0.5,0.5,0.015625,,False,,False
24,concept,concept__block_24__Dust,Dust,8192.0,40,20,0.5,0.5,0.0,,False,,False
24,concept,concept__block_24__Satellites,Satellites,0.0625,40,20,0.5,0.525,0.00625,,False,,False
24,concept,concept__block_24__Satellites,Satellites,0.125,40,20,0.5,0.5125,0.003125,,False,,False
24,concept,concept__block_24__Satellites,Satellites,0.25,40,20,0.5,0.5375,0.009375,,False,,False
24,concept,concept__block_24__Satellites,Satellites,0.5,40,20,0.5,0.525,0.00625,,False,,False
24,concept,concept__block_24__Satellites,Satellites,1.0,40,20,0.5,0.475,-0.00625,,False,,False
24,concept,concept__block_24__Satellites,Satellites,2.0,40,20,0.5,0.525,0.00625,,False,,False
24,concept,concept__block_24__Satellites,Satellites,4.0,40,20,0.5,0.4875,-0.003125,,False,,False
24,concept,concept__block_24__Satellites,Satellites,8.0,40,20,0.5,0.475,-0.00625,,False,,False
24,concept,concept__block_24__Satellites,Satellites,16.0,40,20,0.5,0.5,0.0,,False,,False
24,concept,concept__block_24__Satellites,Satellites,32.0,40,20,0.5,0.5,0.0,,False,,False
24,concept,concept__block_24__Satellites,Satellites,64.0,40,20,0.5,0.4375,-0.015625,,False,,False
24,concept,concept__block_24__Satellites,Satellites,128.0,40,20,0.5,0.4875,-0.003125,,False,,False
24,concept,concept__block_24__Satellites,Satellites,256.0,40,20,0.5,0.575,0.009375,,False,,False
24,concept,concept__block_24__Satellites,Satellites,512.0,40,20,0.5,0.5125,0.015625,,False,,False
24,concept,concept__block_24__Satellites,Satellites,1024.0,40,20,0.5,0.5,0.015625,,False,,False
24,concept,concept__block_24__Satellites,Satellites,2048.0,40,20,0.5,0.5,0.021875,,False,,False
24,concept,concept__block_24__Satellites,Satellites,4096.0,40,20,0.5,0.5,0.0125,,False,,False
24,concept,concept__block_24__Satellites,Satellites,8192.0,40,20,0.5,0.5,0.009375,,False,,False
24,concept,concept__block_24__recursion,recursion,0.0625,40,20,0.5,0.475,-0.00625,,False,,False
24,concept,concept__block_24__recursion,recursion,0.125,40,20,0.5,0.5,0.0,,False,,False
24,concept,concept__block_24__recursion,recursion,0.25,40,20,0.5,0.4875,0.0,,False,,False
24,concept,concept__block_24__recursion,recursion,0.5,40,20,0.5,0.5125,0.003125,,False,,False
24,concept,concept__block_24__recursion,recursion,1.0,40,20,0.5,0.45,-0.015625,,False,,False
24,concept,concept__block_24__recursion,recursion,2.0,40,20,0.5,0.525,0.00625,,False,,False
24,concept,concept__block_24__recursion,recursion,4.0,40,20,0.5,0.4625,-0.009375,,False,,False
24,concept,concept__block_24__recursion,recursion,8.0,40,20,0.5,0.475,-0.00625,,False,,False
24,concept,concept__block_24__recursion,recursion,16.0,40,20,0.5,0.4875,-0.003125,,False,,False
24,concept,concept__block_24__recursion,recursion,32.0,40,20,0.5,0.4875,-0.003125,,False,,False
24,concept,concept__block_24__recursion,recursion,64.0,40,20,0.5,0.45,-0.0125,,False,,False
24,concept,concept__block_24__recursion,recursion,128.0,40,20,0.5,0.4625,-0.009375,,False,,False
24,concept,concept__block_24__recursion,recursion,256.0,40,20,0.5,0.4625,-0.00625,,False,,False
24,concept,concept__block_24__recursion,recursion,512.0,40,20,0.5,0.5125,-0.0125,,False,,False
24,concept,concept__block_24__recursion,recursion,1024.0,40,20,0.5,0.5,-0.015625,,False,,False
24,concept,concept__block_24__recursion,recursion,2048.0,40,20,0.5,0.5,-0.01875,,False,,False
24,concept,concept__block_24__recursion,recursion,4096.0,40,20,0.5,0.5,-0.00625,,False,,False
24,concept,concept__block_24__recursion,recursion,8192.0,40,20,0.5,0.4875,-0.021875,,False,,False
24,concept,concept__block_24__shutdown,shutdown,0.0625,40,20,0.5,0.4875,-0.003125,,False,,False
24,concept,concept__block_24__shutdown,shutdown,0.125,40,20,0.5,0.5125,0.003125,,False,,False
24,concept,concept__block_24__shutdown,shutdown,0.25,40,20,0.5,0.475,-0.00625,,False,,False
24,concept,concept__block_24__shutdown,shutdown,0.5,40,20,0.5,0.55,0.0125,,False,,False
24,concept,concept__block_24__shutdown,shutdown,1.0,40,20,0.5,0.475,-0.00625,,False,,False
24,concept,concept__block_24__shutdown,shutdown,2.0,40,20,0.5,0.4875,-0.003125,,False,,False
24,concept,concept__block_24__shutdown,shutdown,4.0,40,20,0.5,0.525,0.00625,,False,,False
24,concept,concept__block_24__shutdown,shutdown,8.0,40,20,0.5,0.4875,-0.003125,,False,,False
24,concept,concept__block_24__shutdown,shutdown,16.0,40,20,0.5,0.5125,0.003125,,False,,False
24,concept,concept__block_24__shutdown,shutdown,32.0,40,20,0.5,0.475,-0.00625,,False,,False
24,concept,concept__block_24__shutdown,shutdown,64.0,40,20,0.5,0.5125,0.003125,,False,,False
24,concept,concept__block_24__shutdown,shutdown,128.0,40,20,0.5,0.5375,0.009375,,False,,False
24,concept,concept__block_24__shutdown,shutdown,256.0,40,20,0.5,0.45,-0.0125,,False,,False
24,concept,concept__block_24__shutdown,shutdown,512.0,40,20,0.5,0.5125,0.0,,False,,False
24,concept,concept__block_24__shutdown,shutdown,1024.0,40,20,0.5,0.475,-0.00625,,False,,False
24,concept,concept__block_24__shutdown,shutdown,2048.0,40,20,0.5,0.4875,-0.00625,,False,,False
24,concept,concept__block_24__shutdown,shutdown,4096.0,40,20,0.5,0.55,0.0125,,False,,False
24,concept,concept__block_24__shutdown,shutdown,8192.0,40,20,0.5,0.5,0.003125,,False,,False
24,dropout,dropout_realization_00,dropout_realization_00,0.0625,40,20,0.5,0.5,0.0,,False,,False
24,dropout,dropout_realization_00,dropout_realization_00,0.125,40,20,0.5,0.4875,-0.003125,,False,,False
24,dropout,dropout_realization_00,dropout_realization_00,0.25,40,20,0.5,0.5125,0.003125,,False,,False
24,dropout,dropout_realization_00,dropout_realization_00,0.5,40,20,0.5,0.5125,0.003125,,False,,False
24,dropout,dropout_realization_00,dropout_realization_00,1.0,40,20,0.5,0.5125,0.003125,,False,,False
24,dropout,dropout_realization_00,dropout_realization_00,2.0,40,20,0.5,0.525,0.00625,,False,,False
24,dropout,dropout_realization_00,dropout_realization_00,4.0,40,20,0.5,0.5375,0.009375,,False,,False
24,dropout,dropout_realization_00,dropout_realization_00,8.0,40,20,0.5,0.5125,0.003125,,False,,False
24,dropout,dropout_realization_00,dropout_realization_00,16.0,40,20,0.5,0.475,-0.00625,,False,,False
24,dropout,dropout_realization_00,dropout_realization_00,32.0,40,20,0.5,0.4875,0.0,,False,,False
24,dropout,dropout_realization_00,dropout_realization_00,64.0,40,20,0.5,0.5125,0.003125,,False,,False
24,dropout,dropout_realization_00,dropout_realization_00,128.0,40,20,0.5,0.5,-0.003125,,False,,False
24,dropout,dropout_realization_00,dropout_realization_00,256.0,40,20,0.5,0.65,0.065625,,False,,False
24,dropout,dropout_realization_00,dropout_realization_00,512.0,40,20,0.5,0.5375,0.0125,,False,,False
24,dropout,dropout_realization_00,dropout_realization_00,1024.0,40,20,0.5,0.3625,-0.103125,,False,,False
24,dropout,dropout_realization_00,dropout_realization_00,2048.0,40,20,0.5,0.525,0.13125,,False,,False
24,dropout,dropout_realization_00,dropout_realization_00,4096.0,40,20,0.5,0.4125,-0.034375,,False,,False
24,dropout,dropout_realization_00,dropout_realization_00,8192.0,40,20,0.5,0.5375,0.028125,,False,,False
24,dropout,dropout_realization_01,dropout_realization_01,0.0625,40,20,0.5,0.5,0.0,,False,,False
24,dropout,dropout_realization_01,dropout_realization_01,0.125,40,20,0.5,0.475,-0.00625,,False,,False
24,dropout,dropout_realization_01,dropout_realization_01,0.25,40,20,0.5,0.4625,-0.009375,,False,,False
24,dropout,dropout_realization_01,dropout_realization_01,0.5,40,20,0.5,0.4875,-0.003125,,False,,False
24,dropout,dropout_realization_01,dropout_realization_01,1.0,40,20,0.5,0.525,0.00625,,False,,False
24,dropout,dropout_realization_01,dropout_realization_01,2.0,40,20,0.5,0.5125,0.003125,,False,,False
24,dropout,dropout_realization_01,dropout_realization_01,4.0,40,20,0.5,0.4875,-0.003125,,False,,False
24,dropout,dropout_realization_01,dropout_realization_01,8.0,40,20,0.5,0.4875,-0.003125,,False,,False
24,dropout,dropout_realization_01,dropout_realization_01,16.0,40,20,0.5,0.5,0.0,,False,,False
24,dropout,dropout_realization_01,dropout_realization_01,32.0,40,20,0.5,0.525,0.00625,,False,,False
24,dropout,dropout_realization_01,dropout_realization_01,64.0,40,20,0.5,0.5,0.003125,,False,,False
24,dropout,dropout_realization_01,dropout_realization_01,128.0,40,20,0.5,0.4625,-0.009375,,False,,False
24,dropout,dropout_realization_01,dropout_realization_01,256.0,40,20,0.5,0.5,-0.00625,,False,,False
24,dropout,dropout_realization_01,dropout_realization_01,512.0,40,20,0.5,0.5625,0.078125,,False,,False
24,dropout,dropout_realization_01,dropout_realization_01,1024.0,40,20,0.5,0.5125,0.034375,,False,,False
24,dropout,dropout_realization_01,dropout_realization_01,2048.0,40,20,0.4875,0.4,-0.1125,,False,,False
24,dropout,dropout_realization_01,dropout_realization_01,4096.0,40,20,0.5,0.575,-0.009375,,False,,False
24,dropout,dropout_realization_01,dropout_realization_01,8192.0,40,20,0.5,0.475,-0.040625,,False,,False
24,noise,noise_realization_00,noise_realization_00,0.0625,40,20,0.5,0.425,-0.01875,,False,,False
24,noise,noise_realization_00,noise_realization_00,0.125,40,20,0.5,0.5125,0.003125,,False,,False
24,noise,noise_realization_00,noise_realization_00,0.25,40,20,0.5,0.4875,-0.003125,,False,,False
24,noise,noise_realization_00,noise_realization_00,0.5,40,20,0.5,0.5125,0.0,,False,,False
24,noise,noise_realization_00,noise_realization_00,1.0,40,20,0.5,0.55,0.0125,,False,,False
24,noise,noise_realization_00,noise_realization_00,2.0,40,20,0.5,0.5375,0.009375,,False,,False
24,noise,noise_realization_00,noise_realization_00,4.0,40,20,0.5,0.45,-0.0125,,False,,False
24,noise,noise_realization_00,noise_realization_00,8.0,40,20,0.5,0.5,0.0,,False,,False
24,noise,noise_realization_00,noise_realization_00,16.0,40,20,0.5,0.5125,0.003125,,False,,False
24,noise,noise_realization_00,noise_realization_00,32.0,40,20,0.5,0.5,0.0,,False,,False
24,noise,noise_realization_00,noise_realization_00,64.0,40,20,0.5,0.4875,-0.003125,,False,,False
24,noise,noise_realization_00,noise_realization_00,128.0,40,20,0.5,0.4875,-0.003125,,False,,False
24,noise,noise_realization_00,noise_realization_00,256.0,40,20,0.5,0.5125,0.0,,False,,False
24,noise,noise_realization_00,noise_realization_00,512.0,40,20,0.5,0.4375,-0.025,,False,,False
24,noise,noise_realization_00,noise_realization_00,1024.0,40,20,0.5,0.575,0.021875,,False,,False
24,noise,noise_realization_00,noise_realization_00,2048.0,40,20,0.5,0.4625,-0.021875,,False,,False
24,noise,noise_realization_00,noise_realization_00,4096.0,40,20,0.5,0.4,-0.05625,,False,,False
24,noise,noise_realization_00,noise_realization_00,8192.0,40,20,0.5,0.375,-0.078125,,False,,False
24,noise,noise_realization_01,noise_realization_01,0.0625,40,20,0.5,0.4625,-0.009375,,False,,False
24,noise,noise_realization_01,noise_realization_01,0.125,40,20,0.5,0.525,0.00625,,False,,False
24,noise,noise_realization_01,noise_realization_01,0.25,40,20,0.5,0.5,0.0,,False,,False
24,noise,noise_realization_01,noise_realization_01,0.5,40,20,0.5,0.4875,-0.003125,,False,,False
24,noise,noise_realization_01,noise_realization_01,1.0,40,20,0.5,0.475,-0.00625,,False,,False
24,noise,noise_realization_01,noise_realization_01,2.0,40,20,0.5,0.475,-0.00625,,False,,False
24,noise,noise_realization_01,noise_realization_01,4.0,40,20,0.5,0.4875,-0.003125,,False,,False
24,noise,noise_realization_01,noise_realization_01,8.0,40,20,0.5,0.5125,0.003125,,False,,False
24,noise,noise_realization_01,noise_realization_01,16.0,40,20,0.5,0.5125,0.003125,,False,,False
24,noise,noise_realization_01,noise_realization_01,32.0,40,20,0.5,0.4125,-0.021875,,False,,False
24,noise,noise_realization_01,noise_realization_01,64.0,40,20,0.5,0.4625,-0.009375,,False,,False
24,noise,noise_realization_01,noise_realization_01,128.0,40,20,0.5,0.5,0.0,,False,,False
24,noise,noise_realization_01,noise_realization_01,256.0,40,20,0.5,0.5375,0.015625,,False,,False
24,noise,noise_realization_01,noise_realization_01,512.0,40,20,0.5,0.4125,-0.025,,False,,False
24,noise,noise_realization_01,noise_realization_01,1024.0,40,20,0.5,0.525,-0.00625,,False,,False
24,noise,noise_realization_01,noise_realization_01,2048.0,40,20,0.5,0.5625,0.046875,,False,,False
24,noise,noise_realization_01,noise_realization_01,4096.0,40,20,0.5,0.45,-0.0625,,False,,False
24,noise,noise_realization_01,noise_realization_01,8192.0,40,20,0.5,0.55,0.03125,,False,,False
24,random,fixed_random__block_24__0000,0000,0.0625,40,20,0.5,0.5125,0.003125,,False,,False
24,random,fixed_random__block_24__0000,0000,0.125,40,20,0.5,0.4875,-0.003125,,False,,False
24,random,fixed_random__block_24__0000,0000,0.25,40,20,0.5,0.4875,-0.003125,,False,,False
24,random,fixed_random__block_24__0000,0000,0.5,40,20,0.5,0.4875,-0.003125,,False,,False
24,random,fixed_random__block_24__0000,0000,1.0,40,20,0.5,0.5125,0.003125,,False,,False
24,random,fixed_random__block_24__0000,0000,2.0,40,20,0.5,0.55,0.015625,,False,,False
24,random,fixed_random__block_24__0000,0000,4.0,40,20,0.5,0.5,0.0,,False,,False
24,random,fixed_random__block_24__0000,0000,8.0,40,20,0.5,0.5125,0.003125,,False,,False
24,random,fixed_random__block_24__0000,0000,16.0,40,20,0.5,0.5375,0.009375,,False,,False
24,random,fixed_random__block_24__0000,0000,32.0,40,20,0.5,0.5,0.0,,False,,False
24,random,fixed_random__block_24__0000,0000,64.0,40,20,0.5,0.475,-0.00625,,False,,False
24,random,fixed_random__block_24__0000,0000,128.0,40,20,0.5,0.475,-0.00625,,False,,False
24,random,fixed_random__block_24__0000,0000,256.0,40,20,0.5,0.5,0.0,,False,,False
24,random,fixed_random__block_24__0000,0000,512.0,40,20,0.5,0.4875,-0.003125,,False,,False
24,random,fixed_random__block_24__0000,0000,1024.0,40,20,0.5,0.4875,-0.003125,,False,,False
24,random,fixed_random__block_24__0000,0000,2048.0,40,20,0.5,0.475,-0.00625,,False,,False
24,random,fixed_random__block_24__0000,0000,4096.0,40,20,0.5,0.4875,-0.003125,,False,,False
24,random,fixed_random__block_24__0000,0000,8192.0,40,20,0.5,0.4875,-0.003125,,False,,False
24,random,fixed_random__block_24__0001,0001,0.0625,40,20,0.5,0.475,-0.00625,,False,,False
24,random,fixed_random__block_24__0001,0001,0.125,40,20,0.5,0.475,-0.00625,,False,,False
24,random,fixed_random__block_24__0001,0001,0.25,40,20,0.5,0.525,0.00625,,False,,False
24,random,fixed_random__block_24__0001,0001,0.5,40,20,0.5,0.525,0.009375,,False,,False
24,random,fixed_random__block_24__0001,0001,1.0,40,20,0.5,0.4875,-0.003125,,False,,False
24,random,fixed_random__block_24__0001,0001,2.0,40,20,0.5,0.45,-0.015625,,False,,False
24,random,fixed_random__block_24__0001,0001,4.0,40,20,0.5,0.5125,0.003125,,False,,False
24,random,fixed_random__block_24__0001,0001,8.0,40,20,0.5,0.5,0.0,,False,,False
24,random,fixed_random__block_24__0001,0001,16.0,40,20,0.5,0.4875,-0.003125,,False,,False
24,random,fixed_random__block_24__0001,0001,32.0,40,20,0.5,0.4625,-0.009375,,False,,False
24,random,fixed_random__block_24__0001,0001,64.0,40,20,0.5,0.4625,-0.009375,,False,,False
24,random,fixed_random__block_24__0001,0001,128.0,40,20,0.5,0.5125,0.003125,,False,,False
24,random,fixed_random__block_24__0001,0001,256.0,40,20,0.5,0.5375,0.0125,,False,,False
24,random,fixed_random__block_24__0001,0001,512.0,40,20,0.5,0.4875,0.009375,,False,,False
24,random,fixed_random__block_24__0001,0001,1024.0,40,20,0.5,0.4875,-0.003125,,False,,False
24,random,fixed_random__block_24__0001,0001,2048.0,40,20,0.5,0.5,0.003125,,False,,False
24,random,fixed_random__block_24__0001,0001,4096.0,40,20,0.5,0.5,-0.0125,,False,,False
24,random,fixed_random__block_24__0001,0001,8192.0,40,20,0.5,0.5,-0.0125,,False,,False
24,random,fixed_random__block_24__0002,0002,0.0625,40,20,0.5,0.5,-0.003125,,False,,False
24,random,fixed_random__block_24__0002,0002,0.125,40,20,0.5,0.475,-0.009375,,False,,False
24,random,fixed_random__block_24__0002,0002,0.25,40,20,0.5,0.475,-0.00625,,False,,False
24,random,fixed_random__block_24__0002,0002,0.5,40,20,0.5,0.5375,0.009375,,False,,False
24,random,fixed_random__block_24__0002,0002,1.0,40,20,0.5,0.5125,0.003125,,False,,False
24,random,fixed_random__block_24__0002,0002,2.0,40,20,0.5,0.5125,0.003125,,False,,False
24,random,fixed_random__block_24__0002,0002,4.0,40,20,0.5,0.475,-0.00625,,False,,False
24,random,fixed_random__block_24__0002,0002,8.0,40,20,0.5,0.4875,0.0,,False,,False
24,random,fixed_random__block_24__0002,0002,16.0,40,20,0.5,0.4875,-0.003125,,False,,False
24,random,fixed_random__block_24__0002,0002,32.0,40,20,0.5,0.525,0.00625,,False,,False
24,random,fixed_random__block_24__0002,0002,64.0,40,20,0.5,0.4625,-0.009375,,False,,False
24,random,fixed_random__block_24__0002,0002,128.0,40,20,0.5,0.55,0.0125,,False,,False
24,random,fixed_random__block_24__0002,0002,256.0,40,20,0.5,0.5,0.0,,False,,False
24,random,fixed_random__block_24__0002,0002,512.0,40,20,0.5,0.525,0.003125,,False,,False
24,random,fixed_random__block_24__0002,0002,1024.0,40,20,0.5,0.475,-0.0125,,False,,False
24,random,fixed_random__block_24__0002,0002,2048.0,40,20,0.5,0.475,-0.0125,,False,,False
24,random,fixed_random__block_24__0002,0002,4096.0,40,20,0.5,0.4375,-0.025,,False,,False
24,random,fixed_random__block_24__0002,0002,8192.0,40,20,0.5,0.475,-0.015625,,False,,False
25,concept,concept__block_25__Dust,Dust,0.0625,40,20,0.5,0.475,-0.00625,,False,,False
25,concept,concept__block_25__Dust,Dust,0.125,40,20,0.5,0.4875,-0.003125,,False,,False
25,concept,concept__block_25__Dust,Dust,0.25,40,20,0.5,0.5125,0.003125,,False,,False
25,concept,concept__block_25__Dust,Dust,0.5,40,20,0.5,0.4875,-0.003125,,False,,False
25,concept,concept__block_25__Dust,Dust,1.0,40,20,0.5,0.525,0.00625,,False,,False
25,concept,concept__block_25__Dust,Dust,2.0,40,20,0.5,0.5,0.0,,False,,False
25,concept,concept__block_25__Dust,Dust,4.0,40,20,0.5,0.525,0.00625,,False,,False
25,concept,concept__block_25__Dust,Dust,8.0,40,20,0.5,0.5125,0.003125,,False,,False
25,concept,concept__block_25__Dust,Dust,16.0,40,20,0.5,0.55,0.0125,,False,,False
25,concept,concept__block_25__Dust,Dust,32.0,40,20,0.5,0.55,0.0125,,False,,False
25,concept,concept__block_25__Dust,Dust,64.0,40,20,0.5,0.5375,0.0125,,False,,False
25,concept,concept__block_25__Dust,Dust,128.0,40,20,0.5,0.5375,0.0375,,False,,False
25,concept,concept__block_25__Dust,Dust,256.0,40,20,0.5,0.5,0.025,,False,,False
25,concept,concept__block_25__Dust,Dust,512.0,40,20,0.4875,0.5,0.0,,False,,False
25,concept,concept__block_25__Dust,Dust,1024.0,40,20,0.5,0.5,0.0125,,False,,False
25,concept,concept__block_25__Dust,Dust,2048.0,40,20,0.5,0.5,0.0,,False,,False
25,concept,concept__block_25__Dust,Dust,4096.0,40,20,0.5,0.5,-0.0015625,,False,,False
25,concept,concept__block_25__Dust,Dust,8192.0,40,20,0.5,0.5,0.00625,,False,,False
25,concept,concept__block_25__Satellites,Satellites,0.0625,40,20,0.5,0.5,0.0,,False,,False
25,concept,concept__block_25__Satellites,Satellites,0.125,40,20,0.5,0.525,0.00625,,False,,False
25,concept,concept__block_25__Satellites,Satellites,0.25,40,20,0.5,0.5,0.0,,False,,False
25,concept,concept__block_25__Satellites,Satellites,0.5,40,20,0.5,0.5375,0.009375,,False,,False
25,concept,concept__block_25__Satellites,Satellites,1.0,40,20,0.5,0.5,0.0,,False,,False
25,concept,concept__block_25__Satellites,Satellites,2.0,40,20,0.5,0.5125,0.003125,,False,,False
25,concept,concept__block_25__Satellites,Satellites,4.0,40,20,0.5,0.475,-0.00625,,False,,False
25,concept,concept__block_25__Satellites,Satellites,8.0,40,20,0.5,0.475,-0.00625,,False,,False
25,concept,concept__block_25__Satellites,Satellites,16.0,40,20,0.5,0.525,0.00625,,False,,False
25,concept,concept__block_25__Satellites,Satellites,32.0,40,20,0.5,0.4625,-0.009375,,False,,False
25,concept,concept__block_25__Satellites,Satellites,64.0,40,20,0.5,0.5625,0.01875,,False,,False
25,concept,concept__block_25__Satellites,Satellites,128.0,40,20,0.5,0.4625,-0.003125,,False,,False
25,concept,concept__block_25__Satellites,Satellites,256.0,40,20,0.5,0.5375,0.03125,,False,,False
25,concept,concept__block_25__Satellites,Satellites,512.0,40,20,0.5,0.5,0.01875,,False,,False
25,concept,concept__block_25__Satellites,Satellites,1024.0,40,20,0.5,0.5,0.0,,False,,False
25,concept,concept__block_25__Satellites,Satellites,2048.0,40,20,0.5,0.5,0.0125,,False,,False
25,concept,concept__block_25__Satellites,Satellites,4096.0,40,20,0.5,0.5,0.009375,,False,,False
25,concept,concept__block_25__Satellites,Satellites,8192.0,40,20,0.5,0.5,0.009375,,False,,False
25,concept,concept__block_25__recursion,recursion,0.0625,40,20,0.5,0.5,0.0,,False,,False
25,concept,concept__block_25__recursion,recursion,0.125,40,20,0.5,0.5625,0.015625,,False,,False
25,concept,concept__block_25__recursion,recursion,0.25,40,20,0.5,0.5125,0.0,,False,,False
25,concept,concept__block_25__recursion,recursion,0.5,40,20,0.5,0.5,0.0,,False,,False
25,concept,concept__block_25__recursion,recursion,1.0,40,20,0.5,0.4875,-0.003125,,False,,False
25,concept,concept__block_25__recursion,recursion,2.0,40,20,0.5,0.525,0.00625,,False,,False
25,concept,concept__block_25__recursion,recursion,4.0,40,20,0.5,0.5125,0.003125,,False,,False
25,concept,concept__block_25__recursion,recursion,8.0,40,20,0.5,0.5125,0.003125,,False,,False
25,concept,concept__block_25__recursion,recursion,16.0,40,20,0.5,0.5,0.0,,False,,False
25,concept,concept__block_25__recursion,recursion,32.0,40,20,0.5,0.4625,-0.009375,,False,,False
25,concept,concept__block_25__recursion,recursion,64.0,40,20,0.5,0.425,-0.01875,,False,,False
25,concept,concept__block_25__recursion,recursion,128.0,40,20,0.5,0.5125,0.003125,,False,,False
25,concept,concept__block_25__recursion,recursion,256.0,40,20,0.5,0.5,0.00625,,False,,False
25,concept,concept__block_25__recursion,recursion,512.0,40,20,0.5,0.5,-0.00625,,False,,False
25,concept,concept__block_25__recursion,recursion,1024.0,40,20,0.5,0.4875,-0.00625,,False,,False
25,concept,concept__block_25__recursion,recursion,2048.0,40,20,0.5,0.5,-0.009375,,False,,False
25,concept,concept__block_25__recursion,recursion,4096.0,40,20,0.5,0.5,-0.009375,,False,,False
25,concept,concept__block_25__recursion,recursion,8192.0,40,20,0.5,0.4875,-0.00625,,False,,False
25,concept,concept__block_25__shutdown,shutdown,0.0625,40,20,0.5,0.5125,0.003125,,False,,False
25,concept,concept__block_25__shutdown,shutdown,0.125,40,20,0.5,0.5125,0.003125,,False,,False
25,concept,concept__block_25__shutdown,shutdown,0.25,40,20,0.5,0.5,0.0,,False,,False
25,concept,concept__block_25__shutdown,shutdown,0.5,40,20,0.5,0.5125,0.003125,,False,,False
25,concept,concept__block_25__shutdown,shutdown,1.0,40,20,0.5,0.525,0.00625,,False,,False
25,concept,concept__block_25__shutdown,shutdown,2.0,40,20,0.5,0.5,0.0,,False,,False
25,concept,concept__block_25__shutdown,shutdown,4.0,40,20,0.5,0.4875,-0.003125,,False,,False
25,concept,concept__block_25__shutdown,shutdown,8.0,40,20,0.5,0.4125,-0.021875,,False,,False
25,concept,concept__block_25__shutdown,shutdown,16.0,40,20,0.5,0.475,-0.00625,,False,,False
25,concept,concept__block_25__shutdown,shutdown,32.0,40,20,0.5,0.425,-0.01875,,False,,False
25,concept,concept__block_25__shutdown,shutdown,64.0,40,20,0.5,0.525,0.003125,,False,,False
25,concept,concept__block_25__shutdown,shutdown,128.0,40,20,0.5,0.475,-0.00625,,False,,False
25,concept,concept__block_25__shutdown,shutdown,256.0,40,20,0.5,0.5125,0.003125,,False,,False
25,concept,concept__block_25__shutdown,shutdown,512.0,40,20,0.5,0.4375,-0.015625,,False,,False
25,concept,concept__block_25__shutdown,shutdown,1024.0,40,20,0.5,0.5,0.0,,False,,False
25,concept,concept__block_25__shutdown,shutdown,2048.0,40,20,0.5,0.55,0.01875,,False,,False
25,concept,concept__block_25__shutdown,shutdown,4096.0,40,20,0.5,0.5,0.009375,,False,,False
25,concept,concept__block_25__shutdown,shutdown,8192.0,40,20,0.5,0.5,-0.003125,,False,,False
25,dropout,dropout_realization_00,dropout_realization_00,0.0625,40,20,0.5,0.4875,-0.003125,,False,,False
25,dropout,dropout_realization_00,dropout_realization_00,0.125,40,20,0.5,0.5,0.0,,False,,False
25,dropout,dropout_realization_00,dropout_realization_00,0.25,40,20,0.5,0.475,-0.00625,,False,,False
25,dropout,dropout_realization_00,dropout_realization_00,0.5,40,20,0.5,0.4875,-0.003125,,False,,False
25,dropout,dropout_realization_00,dropout_realization_00,1.0,40,20,0.5,0.5,0.0,,False,,False
25,dropout,dropout_realization_00,dropout_realization_00,2.0,40,20,0.5,0.45,-0.0125,,False,,False
25,dropout,dropout_realization_00,dropout_realization_00,4.0,40,20,0.5,0.5,0.0,,False,,False
25,dropout,dropout_realization_00,dropout_realization_00,8.0,40,20,0.5,0.55,0.0125,,False,,False
25,dropout,dropout_realization_00,dropout_realization_00,16.0,40,20,0.5,0.5125,0.003125,,False,,False
25,dropout,dropout_realization_00,dropout_realization_00,32.0,40,20,0.5,0.475,-0.00625,,False,,False
25,dropout,dropout_realization_00,dropout_realization_00,64.0,40,20,0.5,0.5375,0.009375,,False,,False
25,dropout,dropout_realization_00,dropout_realization_00,128.0,40,20,0.5,0.5375,0.01875,,False,,False
25,dropout,dropout_realization_00,dropout_realization_00,256.0,40,20,0.5,0.4875,-0.009375,,False,,False
25,dropout,dropout_realization_00,dropout_realization_00,512.0,40,20,0.5,0.5125,0.034375,,False,,False
25,dropout,dropout_realization_00,dropout_realization_00,1024.0,40,20,0.5,0.575,0.08125,,False,,False
25,dropout,dropout_realization_00,dropout_realization_00,2048.0,40,20,0.5,0.4875,0.034375,,False,,False
25,dropout,dropout_realization_00,dropout_realization_00,4096.0,40,20,0.5125,0.55,0.0375,,False,,False
25,dropout,dropout_realization_00,dropout_realization_00,8192.0,40,20,0.5,0.4125,-0.021875,,False,,False
25,dropout,dropout_realization_01,dropout_realization_01,0.0625,40,20,0.5,0.5,0.0,,False,,False
25,dropout,dropout_realization_01,dropout_realization_01,0.125,40,20,0.5,0.5,0.0,,False,,False
25,dropout,dropout_realization_01,dropout_realization_01,0.25,40,20,0.5,0.525,0.00625,,False,,False
25,dropout,dropout_realization_01,dropout_realization_01,0.5,40,20,0.5,0.5,0.0,,False,,False
25,dropout,dropout_realization_01,dropout_realization_01,1.0,40,20,0.5,0.5,0.0,,False,,False
25,dropout,dropout_realization_01,dropout_realization_01,2.0,40,20,0.5,0.5,0.0,,False,,False
25,dropout,dropout_realization_01,dropout_realization_01,4.0,40,20,0.5,0.525,0.00625,,False,,False
25,dropout,dropout_realization_01,dropout_realization_01,8.0,40,20,0.5,0.5,0.0,,False,,False
25,dropout,dropout_realization_01,dropout_realization_01,16.0,40,20,0.5,0.55,0.0125,,False,,False
25,dropout,dropout_realization_01,dropout_realization_01,32.0,40,20,0.5,0.4375,-0.0125,,False,,False
25,dropout,dropout_realization_01,dropout_realization_01,64.0,40,20,0.5,0.525,0.00625,,False,,False
25,dropout,dropout_realization_01,dropout_realization_01,128.0,40,20,0.5,0.5125,0.0,,False,,False
25,dropout,dropout_realization_01,dropout_realization_01,256.0,40,20,0.5,0.5125,0.00625,,False,,False
25,dropout,dropout_realization_01,dropout_realization_01,512.0,40,20,0.5,0.425,-0.075,,False,,False
25,dropout,dropout_realization_01,dropout_realization_01,1024.0,40,20,0.5,0.4,-0.1125,,False,,False
25,dropout,dropout_realization_01,dropout_realization_01,2048.0,40,20,0.5125,0.55,0.1015625,,False,,False
25,dropout,dropout_realization_01,dropout_realization_01,4096.0,40,20,0.5,0.55,0.003125,,False,,False
25,dropout,dropout_realization_01,dropout_realization_01,8192.0,40,20,0.5,0.525,0.01875,,False,,False
25,noise,noise_realization_00,noise_realization_00,0.0625,40,20,0.5,0.425,-0.01875,,False,,False
25,noise,noise_realization_00,noise_realization_00,0.125,40,20,0.5,0.4875,-0.00625,,False,,False
25,noise,noise_realization_00,noise_realization_00,0.25,40,20,0.5,0.475,-0.00625,,False,,False
25,noise,noise_realization_00,noise_realization_00,0.5,40,20,0.5,0.4625,-0.009375,,False,,False
25,noise,noise_realization_00,noise_realization_00,1.0,40,20,0.5,0.5125,0.003125,,False,,False
25,noise,noise_realization_00,noise_realization_00,2.0,40,20,0.5,0.5125,0.003125,,False,,False
25,noise,noise_realization_00,noise_realization_00,4.0,40,20,0.5,0.4625,-0.009375,,False,,False
25,noise,noise_realization_00,noise_realization_00,8.0,40,20,0.5,0.5,0.0,,False,,False
25,noise,noise_realization_00,noise_realization_00,16.0,40,20,0.5,0.475,-0.00625,,False,,False
25,noise,noise_realization_00,noise_realization_00,32.0,40,20,0.5,0.4375,-0.015625,,False,,False
25,noise,noise_realization_00,noise_realization_00,64.0,40,20,0.5,0.525,0.00625,,False,,False
25,noise,noise_realization_00,noise_realization_00,128.0,40,20,0.5,0.3875,-0.028125,,False,,False
25,noise,noise_realization_00,noise_realization_00,256.0,40,20,0.5,0.525,0.009375,,False,,False
25,noise,noise_realization_00,noise_realization_00,512.0,40,20,0.5,0.5875,0.034375,,False,,False
25,noise,noise_realization_00,noise_realization_00,1024.0,40,20,0.5,0.45,-0.003125,,False,,False
25,noise,noise_realization_00,noise_realization_00,2048.0,40,20,0.5,0.5125,-0.003125,,False,,False
25,noise,noise_realization_00,noise_realization_00,4096.0,40,20,0.5,0.4875,-0.0125,,False,,False
25,noise,noise_realization_00,noise_realization_00,8192.0,40,20,0.5,0.4625,-0.065625,,False,,False
25,noise,noise_realization_01,noise_realization_01,0.0625,40,20,0.5,0.525,0.00625,,False,,False
25,noise,noise_realization_01,noise_realization_01,0.125,40,20,0.5,0.4875,-0.003125,,False,,False
25,noise,noise_realization_01,noise_realization_01,0.25,40,20,0.5,0.525,0.00625,,False,,False
25,noise,noise_realization_01,noise_realization_01,0.5,40,20,0.5,0.575,0.01875,,False,,False
25,noise,noise_realization_01,noise_realization_01,1.0,40,20,0.5,0.55,0.0125,,False,,False
25,noise,noise_realization_01,noise_realization_01,2.0,40,20,0.5,0.5125,0.003125,,False,,False
25,noise,noise_realization_01,noise_realization_01,4.0,40,20,0.5,0.575,0.015625,,False,,False
25,noise,noise_realization_01,noise_realization_01,8.0,40,20,0.5,0.425,-0.01875,,False,,False
25,noise,noise_realization_01,noise_realization_01,16.0,40,20,0.5,0.475,-0.00625,,False,,False
25,noise,noise_realization_01,noise_realization_01,32.0,40,20,0.5,0.525,0.00625,,False,,False
25,noise,noise_realization_01,noise_realization_01,64.0,40,20,0.5,0.525,0.00625,,False,,False
25,noise,noise_realization_01,noise_realization_01,128.0,40,20,0.5,0.5125,0.003125,,False,,False
25,noise,noise_realization_01,noise_realization_01,256.0,40,20,0.5,0.575,0.034375,,False,,False
25,noise,noise_realization_01,noise_realization_01,512.0,40,20,0.5,0.4875,-0.01875,,False,,False
25,noise,noise_realization_01,noise_realization_01,1024.0,40,20,0.5,0.575,0.040625,,False,,False
25,noise,noise_realization_01,noise_realization_01,2048.0,40,20,0.5,0.6625,0.040625,,False,,False
25,noise,noise_realization_01,noise_realization_01,4096.0,40,20,0.5,0.4875,-0.00625,,False,,False
25,noise,noise_realization_01,noise_realization_01,8192.0,40,20,0.5,0.425,-0.034375,,False,,False
25,random,fixed_random__block_25__0000,0000,0.0625,40,20,0.5,0.5125,0.003125,,False,,False
25,random,fixed_random__block_25__0000,0000,0.125,40,20,0.5,0.525,0.00625,,False,,False
25,random,fixed_random__block_25__0000,0000,0.25,40,20,0.5,0.475,-0.00625,,False,,False
25,random,fixed_random__block_25__0000,0000,0.5,40,20,0.5,0.4625,-0.009375,,False,,False
25,random,fixed_random__block_25__0000,0000,1.0,40,20,0.5,0.475,-0.00625,,False,,False
25,random,fixed_random__block_25__0000,0000,2.0,40,20,0.5,0.475,-0.00625,,False,,False
25,random,fixed_random__block_25__0000,0000,4.0,40,20,0.5,0.4875,-0.003125,,False,,False
25,random,fixed_random__block_25__0000,0000,8.0,40,20,0.5,0.45,-0.0125,,False,,False
25,random,fixed_random__block_25__0000,0000,16.0,40,20,0.5,0.5625,0.015625,,False,,False
25,random,fixed_random__block_25__0000,0000,32.0,40,20,0.5,0.5,0.0,,False,,False
25,random,fixed_random__block_25__0000,0000,64.0,40,20,0.5,0.5375,0.009375,,False,,False
25,random,fixed_random__block_25__0000,0000,128.0,40,20,0.5,0.525,0.00625,,False,,False
25,random,fixed_random__block_25__0000,0000,256.0,40,20,0.5,0.5375,0.021875,,False,,False
25,random,fixed_random__block_25__0000,0000,512.0,40,20,0.5,0.5,0.025,,False,,False
25,random,fixed_random__block_25__0000,0000,1024.0,40,20,0.5,0.4875,-0.003125,,False,,False
25,random,fixed_random__block_25__0000,0000,2048.0,40,20,0.5,0.4875,0.003125,,False,,False
25,random,fixed_random__block_25__0000,0000,4096.0,40,20,0.5,0.5,0.003125,,False,,False
25,random,fixed_random__block_25__0000,0000,8192.0,40,20,0.5,0.525,-0.00625,,False,,False
25,random,fixed_random__block_25__0001,0001,0.0625,40,20,0.5,0.4875,-0.003125,,False,,False
25,random,fixed_random__block_25__0001,0001,0.125,40,20,0.5,0.525,0.00625,,False,,False
25,random,fixed_random__block_25__0001,0001,0.25,40,20,0.5,0.5,-0.003125,,False,,False
25,random,fixed_random__block_25__0001,0001,0.5,40,20,0.5,0.4875,-0.003125,,False,,False
25,random,fixed_random__block_25__0001,0001,1.0,40,20,0.5,0.475,-0.00625,,False,,False
25,random,fixed_random__block_25__0001,0001,2.0,40,20,0.5,0.45,-0.0125,,False,,False
25,random,fixed_random__block_25__0001,0001,4.0,40,20,0.5,0.5,0.0,,False,,False
25,random,fixed_random__block_25__0001,0001,8.0,40,20,0.5,0.4875,-0.003125,,False,,False
25,random,fixed_random__block_25__0001,0001,16.0,40,20,0.5,0.5375,0.009375,,False,,False
25,random,fixed_random__block_25__0001,0001,32.0,40,20,0.5,0.55,0.0125,,False,,False
25,random,fixed_random__block_25__0001,0001,64.0,40,20,0.5,0.425,-0.01875,,False,,False
25,random,fixed_random__block_25__0001,0001,128.0,40,20,0.5,0.45,-0.0125,,False,,False
25,random,fixed_random__block_25__0001,0001,256.0,40,20,0.5,0.4375,-0.01875,,False,,False
25,random,fixed_random__block_25__0001,0001,512.0,40,20,0.5,0.5,-0.003125,,False,,False
25,random,fixed_random__block_25__0001,0001,1024.0,40,20,0.5,0.4125,-0.03125,,False,,False
25,random,fixed_random__block_25__0001,0001,2048.0,40,20,0.5,0.4625,-0.009375,,False,,False
25,random,fixed_random__block_25__0001,0001,4096.0,40,20,0.5,0.4625,-0.015625,,False,,False
25,random,fixed_random__block_25__0001,0001,8192.0,40,20,0.5,0.4625,-0.01875,,False,,False
25,random,fixed_random__block_25__0002,0002,0.0625,40,20,0.5,0.55,0.0125,,False,,False
25,random,fixed_random__block_25__0002,0002,0.125,40,20,0.5,0.525,0.00625,,False,,False
25,random,fixed_random__block_25__0002,0002,0.25,40,20,0.5,0.5125,0.003125,,False,,False
25,random,fixed_random__block_25__0002,0002,0.5,40,20,0.5,0.5375,0.009375,,False,,False
25,random,fixed_random__block_25__0002,0002,1.0,40,20,0.5,0.5125,0.003125,,False,,False
25,random,fixed_random__block_25__0002,0002,2.0,40,20,0.5,0.5125,0.003125,,False,,False
25,random,fixed_random__block_25__0002,0002,4.0,40,20,0.5,0.5,0.0,,False,,False
25,random,fixed_random__block_25__0002,0002,8.0,40,20,0.5,0.4875,-0.003125,,False,,False
25,random,fixed_random__block_25__0002,0002,16.0,40,20,0.5,0.4125,-0.021875,,False,,False
25,random,fixed_random__block_25__0002,0002,32.0,40,20,0.5,0.55,0.0125,,False,,False
25,random,fixed_random__block_25__0002,0002,64.0,40,20,0.5,0.475,-0.00625,,False,,False
25,random,fixed_random__block_25__0002,0002,128.0,40,20,0.5,0.525,0.00625,,False,,False
25,random,fixed_random__block_25__0002,0002,256.0,40,20,0.5,0.6,0.028125,,False,,False
25,random,fixed_random__block_25__0002,0002,512.0,40,20,0.5,0.55,0.0125,,False,,False
25,random,fixed_random__block_25__0002,0002,1024.0,40,20,0.5,0.5,-0.003125,,False,,False
25,random,fixed_random__block_25__0002,0002,2048.0,40,20,0.5,0.5,-0.00625,,False,,False
25,random,fixed_random__block_25__0002,0002,4096.0,40,20,0.5,0.5,-0.015625,,False,,False
25,random,fixed_random__block_25__0002,0002,8192.0,40,20,0.5,0.5,0.003125,,False,,False
26,concept,concept__block_26__Dust,Dust,0.0625,40,20,0.5,0.5,0.0,,False,,False
26,concept,concept__block_26__Dust,Dust,0.125,40,20,0.5,0.4875,-0.00625,,False,,False
26,concept,concept__block_26__Dust,Dust,0.25,40,20,0.5,0.5125,0.003125,,False,,False
26,concept,concept__block_26__Dust,Dust,0.5,40,20,0.5,0.55,0.0125,,False,,False
26,concept,concept__block_26__Dust,Dust,1.0,40,20,0.5,0.4875,-0.003125,,False,,False
26,concept,concept__block_26__Dust,Dust,2.0,40,20,0.5,0.525,0.00625,,False,,False
26,concept,concept__block_26__Dust,Dust,4.0,40,20,0.5,0.475,-0.00625,,False,,False
26,concept,concept__block_26__Dust,Dust,8.0,40,20,0.5,0.5125,0.003125,,False,,False
26,concept,concept__block_26__Dust,Dust,16.0,40,20,0.5,0.5375,0.009375,,False,,False
26,concept,concept__block_26__Dust,Dust,32.0,40,20,0.5,0.5375,0.009375,,False,,False
26,concept,concept__block_26__Dust,Dust,64.0,40,20,0.5,0.625,0.034375,,False,,False
26,concept,concept__block_26__Dust,Dust,128.0,40,20,0.5,0.55,0.03125,,False,,False
26,concept,concept__block_26__Dust,Dust,256.0,40,20,0.5,0.5125,0.0375,,False,,False
26,concept,concept__block_26__Dust,Dust,512.0,40,20,0.5,0.4875,0.0,,False,,False
26,concept,concept__block_26__Dust,Dust,1024.0,40,20,0.5,0.4875,-0.003125,,False,,False
26,concept,concept__block_26__Dust,Dust,2048.0,40,20,0.5,0.5,0.0125,,False,,False
26,concept,concept__block_26__Dust,Dust,4096.0,40,20,0.5,0.4875,0.00625,,False,,False
26,concept,concept__block_26__Dust,Dust,8192.0,40,20,0.5,0.475,0.0,,False,,False
26,concept,concept__block_26__Satellites,Satellites,0.0625,40,20,0.5,0.4625,-0.009375,,False,,False
26,concept,concept__block_26__Satellites,Satellites,0.125,40,20,0.5,0.55,0.0125,,False,,False
26,concept,concept__block_26__Satellites,Satellites,0.25,40,20,0.5,0.45,-0.0125,,False,,False
26,concept,concept__block_26__Satellites,Satellites,0.5,40,20,0.5,0.575,0.01875,,False,,False
26,concept,concept__block_26__Satellites,Satellites,1.0,40,20,0.5,0.55,0.0125,,False,,False
26,concept,concept__block_26__Satellites,Satellites,2.0,40,20,0.5,0.5125,0.003125,,False,,False
26,concept,concept__block_26__Satellites,Satellites,4.0,40,20,0.5,0.4875,-0.003125,,False,,False
26,concept,concept__block_26__Satellites,Satellites,8.0,40,20,0.5,0.5,0.0,,False,,False
26,concept,concept__block_26__Satellites,Satellites,16.0,40,20,0.5,0.4625,-0.009375,,False,,False
26,concept,concept__block_26__Satellites,Satellites,32.0,40,20,0.5,0.4875,-0.003125,,False,,False
26,concept,concept__block_26__Satellites,Satellites,64.0,40,20,0.5,0.5125,0.003125,,False,,False
26,concept,concept__block_26__Satellites,Satellites,128.0,40,20,0.5,0.5875,0.025,,False,,False
26,concept,concept__block_26__Satellites,Satellites,256.0,40,20,0.5,0.5,0.00625,,False,,False
26,concept,concept__block_26__Satellites,Satellites,512.0,40,20,0.5,0.5,0.009375,,False,,False
26,concept,concept__block_26__Satellites,Satellites,1024.0,40,20,0.5,0.5,0.0125,,False,,False
26,concept,concept__block_26__Satellites,Satellites,2048.0,40,20,0.5,0.5,0.00625,,False,,False
26,concept,concept__block_26__Satellites,Satellites,4096.0,40,20,0.5,0.5,0.009375,,False,,False
26,concept,concept__block_26__Satellites,Satellites,8192.0,40,20,0.5,0.5,-0.0125,,False,,False
26,concept,concept__block_26__recursion,recursion,0.0625,40,20,0.5,0.5125,0.003125,,False,,False
26,concept,concept__block_26__recursion,recursion,0.125,40,20,0.5,0.475,-0.00625,,False,,False
26,concept,concept__block_26__recursion,recursion,0.25,40,20,0.5,0.475,-0.00625,,False,,False
26,concept,concept__block_26__recursion,recursion,0.5,40,20,0.5,0.4625,-0.009375,,False,,False
26,concept,concept__block_26__recursion,recursion,1.0,40,20,0.5,0.5375,0.009375,,False,,False
26,concept,concept__block_26__recursion,recursion,2.0,40,20,0.5,0.5125,0.003125,,False,,False
26,concept,concept__block_26__recursion,recursion,4.0,40,20,0.5,0.4625,-0.009375,,False,,False
26,concept,concept__block_26__recursion,recursion,8.0,40,20,0.5,0.4875,-0.003125,,False,,False
26,concept,concept__block_26__recursion,recursion,16.0,40,20,0.5,0.5125,0.003125,,False,,False
26,concept,concept__block_26__recursion,recursion,32.0,40,20,0.5,0.4,-0.025,,False,,False
26,concept,concept__block_26__recursion,recursion,64.0,40,20,0.5,0.4125,-0.021875,,False,,False
26,concept,concept__block_26__recursion,recursion,128.0,40,20,0.5,0.45,-0.0125,,False,,False
26,concept,concept__block_26__recursion,recursion,256.0,40,20,0.5,0.5375,0.003125,,False,,False
26,concept,concept__block_26__recursion,recursion,512.0,40,20,0.5,0.4625,-0.025,,False,,False
26,concept,concept__block_26__recursion,recursion,1024.0,40,20,0.5,0.4875,0.0,,False,,False
26,concept,concept__block_26__recursion,recursion,2048.0,40,20,0.5,0.4875,-0.01875,,False,,False
26,concept,concept__block_26__recursion,recursion,4096.0,40,20,0.5,0.5,-0.015625,,False,,False
26,concept,concept__block_26__recursion,recursion,8192.0,40,20,0.5,0.5,0.00625,,False,,False
26,concept,concept__block_26__shutdown,shutdown,0.0625,40,20,0.5,0.4875,-0.003125,,False,,False
26,concept,concept__block_26__shutdown,shutdown,0.125,40,20,0.5,0.4875,-0.003125,,False,,False
26,concept,concept__block_26__shutdown,shutdown,0.25,40,20,0.5,0.4625,-0.009375,,False,,False
26,concept,concept__block_26__shutdown,shutdown,0.5,40,20,0.5,0.525,0.00625,,False,,False
26,concept,concept__block_26__shutdown,shutdown,1.0,40,20,0.5,0.4875,-0.003125,,False,,False
26,concept,concept__block_26__shutdown,shutdown,2.0,40,20,0.5,0.5,0.0,,False,,False
26,concept,concept__block_26__shutdown,shutdown,4.0,40,20,0.5,0.5,0.0,,False,,False
26,concept,concept__block_26__shutdown,shutdown,8.0,40,20,0.5,0.5,0.0,,False,,False
26,concept,concept__block_26__shutdown,shutdown,16.0,40,20,0.5,0.4875,-0.003125,,False,,False
26,concept,concept__block_26__shutdown,shutdown,32.0,40,20,0.5,0.5,0.0,,False,,False
26,concept,concept__block_26__shutdown,shutdown,64.0,40,20,0.5,0.525,0.00625,,False,,False
26,concept,concept__block_26__shutdown,shutdown,128.0,40,20,0.5,0.4625,-0.009375,,False,,False
26,concept,concept__block_26__shutdown,shutdown,256.0,40,20,0.5,0.5625,0.01875,,False,,False
26,concept,concept__block_26__shutdown,shutdown,512.0,40,20,0.5,0.5375,0.009375,,False,,False
26,concept,concept__block_26__shutdown,shutdown,1024.0,40,20,0.5,0.5,-0.003125,,False,,False
26,concept,concept__block_26__shutdown,shutdown,2048.0,40,20,0.5,0.425,-0.01875,,False,,False
26,concept,concept__block_26__shutdown,shutdown,4096.0,40,20,0.5,0.55,0.021875,,False,,False
26,concept,concept__block_26__shutdown,shutdown,8192.0,40,20,0.5,0.5125,0.00625,,False,,False
26,dropout,dropout_realization_00,dropout_realization_00,0.0625,40,20,0.5,0.5,0.0,,False,,False
26,dropout,dropout_realization_00,dropout_realization_00,0.125,40,20,0.5,0.5,0.0,,False,,False
26,dropout,dropout_realization_00,dropout_realization_00,0.25,40,20,0.5,0.5,0.0,,False,,False
26,dropout,dropout_realization_00,dropout_realization_00,0.5,40,20,0.5,0.525,0.00625,,False,,False
26,dropout,dropout_realization_00,dropout_realization_00,1.0,40,20,0.5,0.5125,0.003125,,False,,False
26,dropout,dropout_realization_00,dropout_realization_00,2.0,40,20,0.5,0.5125,0.003125,,False,,False
26,dropout,dropout_realization_00,dropout_realization_00,4.0,40,20,0.5,0.5,0.0,,False,,False
26,dropout,dropout_realization_00,dropout_realization_00,8.0,40,20,0.5,0.525,0.00625,,False,,False
26,dropout,dropout_realization_00,dropout_realization_00,16.0,40,20,0.5,0.4625,-0.009375,,False,,False
26,dropout,dropout_realization_00,dropout_realization_00,32.0,40,20,0.5,0.525,0.00625,,False,,False
26,dropout,dropout_realization_00,dropout_realization_00,64.0,40,20,0.5,0.5,0.0,,False,,False
26,dropout,dropout_realization_00,dropout_realization_00,128.0,40,20,0.5,0.4875,-0.009375,,False,,False
26,dropout,dropout_realization_00,dropout_realization_00,256.0,40,20,0.5,0.5125,-0.003125,,False,,False
26,dropout,dropout_realization_00,dropout_realization_00,512.0,40,20,0.5,0.4375,-0.040625,,False,,False
26,dropout,dropout_realization_00,dropout_realization_00,1024.0,40,20,0.5,0.3875,-0.03125,,False,,False
26,dropout,dropout_realization_00,dropout_realization_00,2048.0,40,20,0.5,0.45,0.028125,,False,,False
26,dropout,dropout_realization_00,dropout_realization_00,4096.0,40,20,0.5,0.4375,-0.028125,,False,,False
26,dropout,dropout_realization_00,dropout_realization_00,8192.0,40,20,0.5,0.5,0.01875,,False,,False
26,dropout,dropout_realization_01,dropout_realization_01,0.0625,40,20,0.5,0.5,0.0,,False,,False
26,dropout,dropout_realization_01,dropout_realization_01,0.125,40,20,0.5,0.5,0.0,,False,,False
26,dropout,dropout_realization_01,dropout_realization_01,0.25,40,20,0.5,0.4875,-0.003125,,False,,False
26,dropout,dropout_realization_01,dropout_realization_01,0.5,40,20,0.5,0.5,0.0,,False,,False
26,dropout,dropout_realization_01,dropout_realization_01,1.0,40,20,0.5,0.4875,-0.003125,,False,,False
26,dropout,dropout_realization_01,dropout_realization_01,2.0,40,20,0.5,0.45,-0.0125,,False,,False
26,dropout,dropout_realization_01,dropout_realization_01,4.0,40,20,0.5,0.4875,-0.003125,,False,,False
26,dropout,dropout_realization_01,dropout_realization_01,8.0,40,20,0.5,0.4625,-0.009375,,False,,False
26,dropout,dropout_realization_01,dropout_realization_01,16.0,40,20,0.5,0.4375,-0.015625,,False,,False
26,dropout,dropout_realization_01,dropout_realization_01,32.0,40,20,0.5,0.5,-0.003125,,False,,False
26,dropout,dropout_realization_01,dropout_realization_01,64.0,40,20,0.5,0.5875,0.025,,False,,False
26,dropout,dropout_realization_01,dropout_realization_01,128.0,40,20,0.5,0.5875,0.015625,,False,,False
26,dropout,dropout_realization_01,dropout_realization_01,256.0,40,20,0.5,0.525,0.00625,,False,,False
26,dropout,dropout_realization_01,dropout_realization_01,512.0,40,20,0.5,0.6375,0.0875,,False,,False
26,dropout,dropout_realization_01,dropout_realization_01,1024.0,40,20,0.5125,0.4625,0.0125,,False,,False
26,dropout,dropout_realization_01,dropout_realization_01,2048.0,40,20,0.5,0.4,-0.0234375,,False,,False
26,dropout,dropout_realization_01,dropout_realization_01,4096.0,40,20,0.5,0.5125,-0.0125,,False,,False
26,dropout,dropout_realization_01,dropout_realization_01,8192.0,40,20,0.5,0.425,-0.04375,,False,,False
26,noise,noise_realization_00,noise_realization_00,0.0625,40,20,0.5,0.5,0.0,,False,,False
26,noise,noise_realization_00,noise_realization_00,0.125,40,20,0.5,0.4875,-0.003125,,False,,False
26,noise,noise_realization_00,noise_realization_00,0.25,40,20,0.5,0.4875,-0.003125,,False,,False
26,noise,noise_realization_00,noise_realization_00,0.5,40,20,0.5,0.525,0.00625,,False,,False
26,noise,noise_realization_00,noise_realization_00,1.0,40,20,0.5,0.5,0.0,,False,,False
26,noise,noise_realization_00,noise_realization_00,2.0,40,20,0.5,0.475,-0.00625,,False,,False
26,noise,noise_realization_00,noise_realization_00,4.0,40,20,0.5,0.4875,-0.003125,,False,,False
26,noise,noise_realization_00,noise_realization_00,8.0,40,20,0.5,0.55,0.0125,,False,,False
26,noise,noise_realization_00,noise_realization_00,16.0,40,20,0.5,0.5125,0.0,,False,,False
26,noise,noise_realization_00,noise_realization_00,32.0,40,20,0.5,0.55,0.0125,,False,,False
26,noise,noise_realization_00,noise_realization_00,64.0,40,20,0.5,0.5375,0.009375,,False,,False
26,noise,noise_realization_00,noise_realization_00,128.0,40,20,0.5,0.475,-0.00625,,False,,False
26,noise,noise_realization_00,noise_realization_00,256.0,40,20,0.5,0.5125,0.01875,,False,,False
26,noise,noise_realization_00,noise_realization_00,512.0,40,20,0.5,0.6,0.0375,,False,,False
26,noise,noise_realization_00,noise_realization_00,1024.0,40,20,0.5,0.3125,-0.06875,,False,,False
26,noise,noise_realization_00,noise_realization_00,2048.0,40,20,0.5,0.4875,-0.028125,,False,,False
26,noise,noise_realization_00,noise_realization_00,4096.0,40,20,0.5,0.45,-0.05,,False,,False
26,noise,noise_realization_00,noise_realization_00,8192.0,40,20,0.5,0.575,0.021875,,False,,False
26,noise,noise_realization_01,noise_realization_01,0.0625,40,20,0.5,0.5,0.0,,False,,False
26,noise,noise_realization_01,noise_realization_01,0.125,40,20,0.5,0.5125,0.003125,,False,,False
26,noise,noise_realization_01,noise_realization_01,0.25,40,20,0.5,0.525,0.00625,,False,,False
26,noise,noise_realization_01,noise_realization_01,0.5,40,20,0.5,0.5375,0.009375,,False,,False
26,noise,noise_realization_01,noise_realization_01,1.0,40,20,0.5,0.5125,0.00625,,False,,False
26,noise,noise_realization_01,noise_realization_01,2.0,40,20,0.5,0.4625,-0.009375,,False,,False
26,noise,noise_realization_01,noise_realization_01,4.0,40,20,0.5,0.4875,-0.003125,,False,,False
26,noise,noise_realization_01,noise_realization_01,8.0,40,20,0.5,0.5,0.0,,False,,False
26,noise,noise_realization_01,noise_realization_01,16.0,40,20,0.5,0.5125,0.003125,,False,,False
26,noise,noise_realization_01,noise_realization_01,32.0,40,20,0.5,0.5,0.0,,False,,False
26,noise,noise_realization_01,noise_realization_01,64.0,40,20,0.5,0.4625,-0.0125,,False,,False
26,noise,noise_realization_01,noise_realization_01,128.0,40,20,0.5,0.525,0.00625,,False,,False
26,noise,noise_realization_01,noise_realization_01,256.0,40,20,0.5,0.55,0.021875,,False,,False
26,noise,noise_realization_01,noise_realization_01,512.0,40,20,0.5,0.55,0.01875,,False,,False
26,noise,noise_realization_01,noise_realization_01,1024.0,40,20,0.5,0.5,0.003125,,False,,False
26,noise,noise_realization_01,noise_realization_01,2048.0,40,20,0.5,0.4,-0.040625,,False,,False
26,noise,noise_realization_01,noise_realization_01,4096.0,40,20,0.5,0.55,0.00625,,False,,False
26,noise,noise_realization_01,noise_realization_01,8192.0,40,20,0.5,0.3875,-0.059375,,False,,False
26,random,fixed_random__block_26__0000,0000,0.0625,40,20,0.5,0.5125,0.003125,,False,,False
26,random,fixed_random__block_26__0000,0000,0.125,40,20,0.5,0.5,0.0,,False,,False
26,random,fixed_random__block_26__0000,0000,0.25,40,20,0.5,0.4875,-0.003125,,False,,False
26,random,fixed_random__block_26__0000,0000,0.5,40,20,0.5,0.4625,-0.009375,,False,,False
26,random,fixed_random__block_26__0000,0000,1.0,40,20,0.5,0.525,0.00625,,False,,False
26,random,fixed_random__block_26__0000,0000,2.0,40,20,0.5,0.5125,0.003125,,False,,False
26,random,fixed_random__block_26__0000,0000,4.0,40,20,0.5,0.5125,0.003125,,False,,False
26,random,fixed_random__block_26__0000,0000,8.0,40,20,0.5,0.5125,0.003125,,False,,False
26,random,fixed_random__block_26__0000,0000,16.0,40,20,0.5,0.475,-0.00625,,False,,False
26,random,fixed_random__block_26__0000,0000,32.0,40,20,0.5,0.45,-0.0125,,False,,False
26,random,fixed_random__block_26__0000,0000,64.0,40,20,0.5,0.5125,0.003125,,False,,False
26,random,fixed_random__block_26__0000,0000,128.0,40,20,0.5,0.525,0.00625,,False,,False
26,random,fixed_random__block_26__0000,0000,256.0,40,20,0.5,0.5625,0.01875,,False,,False
26,random,fixed_random__block_26__0000,0000,512.0,40,20,0.5,0.575,0.021875,,False,,False
26,random,fixed_random__block_26__0000,0000,1024.0,40,20,0.5,0.525,0.0,,False,,False
26,random,fixed_random__block_26__0000,0000,2048.0,40,20,0.5,0.525,0.009375,,False,,False
26,random,fixed_random__block_26__0000,0000,4096.0,40,20,0.5,0.4875,0.0,,False,,False
26,random,fixed_random__block_26__0000,0000,8192.0,40,20,0.5,0.5125,0.0,,False,,False
26,random,fixed_random__block_26__0001,0001,0.0625,40,20,0.5,0.4875,-0.003125,,False,,False
26,random,fixed_random__block_26__0001,0001,0.125,40,20,0.5,0.5,0.0,,False,,False
26,random,fixed_random__block_26__0001,0001,0.25,40,20,0.5,0.5125,0.003125,,False,,False
26,random,fixed_random__block_26__0001,0001,0.5,40,20,0.5,0.4875,-0.003125,,False,,False
26,random,fixed_random__block_26__0001,0001,1.0,40,20,0.5,0.5,0.0,,False,,False
26,random,fixed_random__block_26__0001,0001,2.0,40,20,0.5,0.45,-0.0125,,False,,False
26,random,fixed_random__block_26__0001,0001,4.0,40,20,0.5,0.4875,-0.003125,,False,,False
26,random,fixed_random__block_26__0001,0001,8.0,40,20,0.5,0.5,0.0,,False,,False
26,random,fixed_random__block_26__0001,0001,16.0,40,20,0.5,0.4625,-0.009375,,False,,False
26,random,fixed_random__block_26__0001,0001,32.0,40,20,0.5,0.4875,-0.003125,,False,,False
26,random,fixed_random__block_26__0001,0001,64.0,40,20,0.5,0.5,0.0,,False,,False
26,random,fixed_random__block_26__0001,0001,128.0,40,20,0.5,0.525,0.00625,,False,,False
26,random,fixed_random__block_26__0001,0001,256.0,40,20,0.5,0.5625,0.015625,,False,,False
26,random,fixed_random__block_26__0001,0001,512.0,40,20,0.5,0.475,-0.003125,,False,,False
26,random,fixed_random__block_26__0001,0001,1024.0,40,20,0.5,0.5125,0.003125,,False,,False
26,random,fixed_random__block_26__0001,0001,2048.0,40,20,0.5,0.4875,-0.003125,,False,,False
26,random,fixed_random__block_26__0001,0001,4096.0,40,20,0.5,0.4875,0.0,,False,,False
26,random,fixed_random__block_26__0001,0001,8192.0,40,20,0.5,0.525,0.009375,,False,,False
26,random,fixed_random__block_26__0002,0002,0.0625,40,20,0.5,0.5625,0.015625,,False,,False
26,random,fixed_random__block_26__0002,0002,0.125,40,20,0.5,0.525,0.00625,,False,,False
26,random,fixed_random__block_26__0002,0002,0.25,40,20,0.5,0.475,-0.00625,,False,,False
26,random,fixed_random__block_26__0002,0002,0.5,40,20,0.5,0.5,0.0,,False,,False
26,random,fixed_random__block_26__0002,0002,1.0,40,20,0.5,0.525,0.00625,,False,,False
26,random,fixed_random__block_26__0002,0002,2.0,40,20,0.5,0.5,0.0,,False,,False
26,random,fixed_random__block_26__0002,0002,4.0,40,20,0.5,0.5125,0.003125,,False,,False
26,random,fixed_random__block_26__0002,0002,8.0,40,20,0.5,0.4875,0.0,,False,,False
26,random,fixed_random__block_26__0002,0002,16.0,40,20,0.5,0.475,-0.003125,,False,,False
26,random,fixed_random__block_26__0002,0002,32.0,40,20,0.5,0.5,0.0,,False,,False
26,random,fixed_random__block_26__0002,0002,64.0,40,20,0.5,0.55,0.0125,,False,,False
26,random,fixed_random__block_26__0002,0002,128.0,40,20,0.5,0.5625,0.021875,,False,,False
26,random,fixed_random__block_26__0002,0002,256.0,40,20,0.5,0.6625,0.053125,,False,,False
26,random,fixed_random__block_26__0002,0002,512.0,40,20,0.5,0.575,0.034375,,False,,False
26,random,fixed_random__block_26__0002,0002,1024.0,40,20,0.4875,0.5125,0.021875,,False,,False
26,random,fixed_random__block_26__0002,0002,2048.0,40,20,0.5,0.5,0.009375,,False,,False
26,random,fixed_random__block_26__0002,0002,4096.0,40,20,0.4875,0.5,0.009375,,False,,False
26,random,fixed_random__block_26__0002,0002,8192.0,40,20,0.5,0.4875,-0.003125,,False,,False
27,concept,concept__block_27__Dust,Dust,0.0625,40,20,0.5,0.5,0.003125,,False,,False
27,concept,concept__block_27__Dust,Dust,0.125,40,20,0.5,0.5125,0.003125,,False,,False
27,concept,concept__block_27__Dust,Dust,0.25,40,20,0.5,0.475,-0.00625,,False,,False
27,concept,concept__block_27__Dust,Dust,0.5,40,20,0.5,0.525,0.00625,,False,,False
27,concept,concept__block_27__Dust,Dust,1.0,40,20,0.5,0.5,0.0,,False,,False
27,concept,concept__block_27__Dust,Dust,2.0,40,20,0.5,0.5,0.0,,False,,False
27,concept,concept__block_27__Dust,Dust,4.0,40,20,0.5,0.5375,0.009375,,False,,False
27,concept,concept__block_27__Dust,Dust,8.0,40,20,0.5,0.5125,0.003125,,False,,False
27,concept,concept__block_27__Dust,Dust,16.0,40,20,0.5,0.475,-0.00625,,False,,False
27,concept,concept__block_27__Dust,Dust,32.0,40,20,0.5,0.525,0.00625,,False,,False
27,concept,concept__block_27__Dust,Dust,64.0,40,20,0.5,0.5625,0.015625,,False,,False
27,concept,concept__block_27__Dust,Dust,128.0,40,20,0.5,0.5875,0.025,,False,,False
27,concept,concept__block_27__Dust,Dust,256.0,40,20,0.5,0.5,0.0125,,False,,False
27,concept,concept__block_27__Dust,Dust,512.0,40,20,0.5,0.5,0.0,,False,,False
27,concept,concept__block_27__Dust,Dust,1024.0,40,20,0.5,0.4875,-0.00625,,False,,False
27,concept,concept__block_27__Dust,Dust,2048.0,40,20,0.5,0.4875,0.0,,False,,False
27,concept,concept__block_27__Dust,Dust,4096.0,40,20,0.5,0.4875,-0.01875,,False,,False
27,concept,concept__block_27__Dust,Dust,8192.0,40,20,0.5,0.4875,-0.015625,,False,,False
27,concept,concept__block_27__Satellites,Satellites,0.0625,40,20,0.5,0.45,-0.0125,,False,,False
27,concept,concept__block_27__Satellites,Satellites,0.125,40,20,0.5,0.475,-0.00625,,False,,False
27,concept,concept__block_27__Satellites,Satellites,0.25,40,20,0.5,0.5,0.0,,False,,False
27,concept,concept__block_27__Satellites,Satellites,0.5,40,20,0.5,0.4875,-0.003125,,False,,False
27,concept,concept__block_27__Satellites,Satellites,1.0,40,20,0.5,0.5375,0.009375,,False,,False
27,concept,concept__block_27__Satellites,Satellites,2.0,40,20,0.5,0.475,-0.00625,,False,,False
27,concept,concept__block_27__Satellites,Satellites,4.0,40,20,0.5,0.4875,-0.003125,,False,,False
27,concept,concept__block_27__Satellites,Satellites,8.0,40,20,0.5,0.4875,-0.003125,,False,,False
27,concept,concept__block_27__Satellites,Satellites,16.0,40,20,0.5,0.4875,-0.003125,,False,,False
27,concept,concept__block_27__Satellites,Satellites,32.0,40,20,0.5,0.5,0.0,,False,,False
27,concept,concept__block_27__Satellites,Satellites,64.0,40,20,0.5,0.525,0.00625,,False,,False
27,concept,concept__block_27__Satellites,Satellites,128.0,40,20,0.5,0.55,0.009375,,False,,False
27,concept,concept__block_27__Satellites,Satellites,256.0,40,20,0.5,0.5375,0.01875,,False,,False
27,concept,concept__block_27__Satellites,Satellites,512.0,40,20,0.5,0.5375,0.009375,,False,,False
27,concept,concept__block_27__Satellites,Satellites,1024.0,40,20,0.5,0.5,0.0,,False,,False
27,concept,concept__block_27__Satellites,Satellites,2048.0,40,20,0.5,0.5,0.00625,,False,,False
27,concept,concept__block_27__Satellites,Satellites,4096.0,40,20,0.5,0.5,0.003125,,False,,False
27,concept,concept__block_27__Satellites,Satellites,8192.0,40,20,0.5,0.5,-0.00625,,False,,False
27,concept,concept__block_27__recursion,recursion,0.0625,40,20,0.5,0.4625,-0.009375,,False,,False
27,concept,concept__block_27__recursion,recursion,0.125,40,20,0.5,0.5,0.0,,False,,False
27,concept,concept__block_27__recursion,recursion,0.25,40,20,0.5,0.575,0.01875,,False,,False
27,concept,concept__block_27__recursion,recursion,0.5,40,20,0.5,0.4875,-0.003125,,False,,False
27,concept,concept__block_27__recursion,recursion,1.0,40,20,0.5,0.4875,-0.003125,,False,,False
27,concept,concept__block_27__recursion,recursion,2.0,40,20,0.5,0.4875,-0.003125,,False,,False
27,concept,concept__block_27__recursion,recursion,4.0,40,20,0.5,0.4875,-0.003125,,False,,False
27,concept,concept__block_27__recursion,recursion,8.0,40,20,0.5,0.5125,0.003125,,False,,False
27,concept,concept__block_27__recursion,recursion,16.0,40,20,0.5,0.5125,0.003125,,False,,False
27,concept,concept__block_27__recursion,recursion,32.0,40,20,0.5,0.475,-0.00625,,False,,False
27,concept,concept__block_27__recursion,recursion,64.0,40,20,0.5,0.4375,-0.015625,,False,,False
27,concept,concept__block_27__recursion,recursion,128.0,40,20,0.5,0.5125,0.003125,,False,,False
27,concept,concept__block_27__recursion,recursion,256.0,40,20,0.5,0.5375,0.00625,,False,,False
27,concept,concept__block_27__recursion,recursion,512.0,40,20,0.5,0.475,-0.009375,,False,,False
27,concept,concept__block_27__recursion,recursion,1024.0,40,20,0.5,0.5,-0.003125,,False,,False
27,concept,concept__block_27__recursion,recursion,2048.0,40,20,0.5,0.525,0.021875,,False,,False
27,concept,concept__block_27__recursion,recursion,4096.0,40,20,0.5,0.4875,-0.009375,,False,,False
27,concept,concept__block_27__recursion,recursion,8192.0,40,20,0.5,0.525,0.015625,,False,,False
27,concept,concept__block_27__shutdown,shutdown,0.0625,40,20,0.5,0.4875,-0.003125,,False,,False
27,concept,concept__block_27__shutdown,shutdown,0.125,40,20,0.5,0.4875,-0.003125,,False,,False
27,concept,concept__block_27__shutdown,shutdown,0.25,40,20,0.5,0.45,-0.0125,,False,,False
27,concept,concept__block_27__shutdown,shutdown,0.5,40,20,0.5,0.5375,0.009375,,False,,False
27,concept,concept__block_27__shutdown,shutdown,1.0,40,20,0.5,0.45,-0.0125,,False,,False
27,concept,concept__block_27__shutdown,shutdown,2.0,40,20,0.5,0.525,0.00625,,False,,False
27,concept,concept__block_27__shutdown,shutdown,4.0,40,20,0.5,0.4875,-0.003125,,False,,False
27,concept,concept__block_27__shutdown,shutdown,8.0,40,20,0.5,0.5125,0.003125,,False,,False
27,concept,concept__block_27__shutdown,shutdown,16.0,40,20,0.5,0.4875,-0.003125,,False,,False
27,concept,concept__block_27__shutdown,shutdown,32.0,40,20,0.5,0.4875,-0.003125,,False,,False
27,concept,concept__block_27__shutdown,shutdown,64.0,40,20,0.5,0.5125,0.003125,,False,,False
27,concept,concept__block_27__shutdown,shutdown,128.0,40,20,0.5,0.5125,0.003125,,False,,False
27,concept,concept__block_27__shutdown,shutdown,256.0,40,20,0.5,0.5,0.0,,False,,False
27,concept,concept__block_27__shutdown,shutdown,512.0,40,20,0.5,0.4875,-0.00625,,False,,False
27,concept,concept__block_27__shutdown,shutdown,1024.0,40,20,0.5,0.5,-0.003125,,False,,False
27,concept,concept__block_27__shutdown,shutdown,2048.0,40,20,0.5,0.5375,0.015625,,False,,False
27,concept,concept__block_27__shutdown,shutdown,4096.0,40,20,0.5,0.55,0.003125,,False,,False
27,concept,concept__block_27__shutdown,shutdown,8192.0,40,20,0.5,0.5,0.0,,False,,False
27,dropout,dropout_realization_00,dropout_realization_00,0.0625,40,20,0.5,0.5,0.0,,False,,False
27,dropout,dropout_realization_00,dropout_realization_00,0.125,40,20,0.5,0.5,0.0,,False,,False
27,dropout,dropout_realization_00,dropout_realization_00,0.25,40,20,0.5,0.5,-0.003125,,False,,False
27,dropout,dropout_realization_00,dropout_realization_00,0.5,40,20,0.5,0.4875,-0.003125,,False,,False
27,dropout,dropout_realization_00,dropout_realization_00,1.0,40,20,0.5,0.5125,0.003125,,False,,False
27,dropout,dropout_realization_00,dropout_realization_00,2.0,40,20,0.5,0.4625,-0.009375,,False,,False
27,dropout,dropout_realization_00,dropout_realization_00,4.0,40,20,0.5,0.5,0.0,,False,,False
27,dropout,dropout_realization_00,dropout_realization_00,8.0,40,20,0.5,0.475,-0.00625,,False,,False
27,dropout,dropout_realization_00,dropout_realization_00,16.0,40,20,0.5,0.5375,0.009375,,False,,False
27,dropout,dropout_realization_00,dropout_realization_00,32.0,40,20,0.5,0.525,0.00625,,False,,False
27,dropout,dropout_realization_00,dropout_realization_00,64.0,40,20,0.5,0.5375,0.009375,,False,,False
27,dropout,dropout_realization_00,dropout_realization_00,128.0,40,20,0.5,0.6,0.025,,False,,False
27,dropout,dropout_realization_00,dropout_realization_00,256.0,40,20,0.5,0.5,0.034375,,False,,False
27,dropout,dropout_realization_00,dropout_realization_00,512.0,40,20,0.5,0.525,0.0,,False,,False
27,dropout,dropout_realization_00,dropout_realization_00,1024.0,40,20,0.5,0.3875,-0.01875,,False,,False
27,dropout,dropout_realization_00,dropout_realization_00,2048.0,40,20,0.5,0.525,0.009375,,False,,False
27,dropout,dropout_realization_00,dropout_realization_00,4096.0,40,20,0.5,0.475,0.0,,False,,False
27,dropout,dropout_realization_00,dropout_realization_00,8192.0,40,20,0.5,0.45,-0.009375,,False,,False
27,dropout,dropout_realization_01,dropout_realization_01,0.0625,40,20,0.5,0.5,0.0,,False,,False
27,dropout,dropout_realization_01,dropout_realization_01,0.125,40,20,0.5,0.5,0.0,,False,,False
27,dropout,dropout_realization_01,dropout_realization_01,0.25,40,20,0.5,0.5125,0.003125,,False,,False
27,dropout,dropout_realization_01,dropout_realization_01,0.5,40,20,0.5,0.575,0.01875,,False,,False
27,dropout,dropout_realization_01,dropout_realization_01,1.0,40,20,0.5,0.525,0.00625,,False,,False
27,dropout,dropout_realization_01,dropout_realization_01,2.0,40,20,0.5,0.55,0.0125,,False,,False
27,dropout,dropout_realization_01,dropout_realization_01,4.0,40,20,0.5,0.5125,0.00625,,False,,False
27,dropout,dropout_realization_01,dropout_realization_01,8.0,40,20,0.5,0.4625,-0.009375,,False,,False
27,dropout,dropout_realization_01,dropout_realization_01,16.0,40,20,0.5,0.5125,0.003125,,False,,False
27,dropout,dropout_realization_01,dropout_realization_01,32.0,40,20,0.5,0.4875,-0.003125,,False,,False
27,dropout,dropout_realization_01,dropout_realization_01,64.0,40,20,0.5,0.4875,0.0,,False,,False
27,dropout,dropout_realization_01,dropout_realization_01,128.0,40,20,0.5,0.5125,0.003125,,False,,False
27,dropout,dropout_realization_01,dropout_realization_01,256.0,40,20,0.5,0.4875,0.0375,,False,,False
27,dropout,dropout_realization_01,dropout_realization_01,512.0,40,20,0.5,0.45,-0.021875,,False,,False
27,dropout,dropout_realization_01,dropout_realization_01,1024.0,40,20,0.5,0.625,0.0625,,False,,False
27,dropout,dropout_realization_01,dropout_realization_01,2048.0,40,20,0.5,0.5125,0.03125,,False,,False
27,dropout,dropout_realization_01,dropout_realization_01,4096.0,40,20,0.5,0.4375,-0.01875,,False,,False
27,dropout,dropout_realization_01,dropout_realization_01,8192.0,40,20,0.5,0.45,-0.028125,,False,,False
27,noise,noise_realization_00,noise_realization_00,0.0625,40,20,0.5,0.5,0.0,,False,,False
27,noise,noise_realization_00,noise_realization_00,0.125,40,20,0.5,0.525,0.00625,,False,,False
27,noise,noise_realization_00,noise_realization_00,0.25,40,20,0.5,0.5,0.0,,False,,False
27,noise,noise_realization_00,noise_realization_00,0.5,40,20,0.5,0.5125,0.003125,,False,,False
27,noise,noise_realization_00,noise_realization_00,1.0,40,20,0.5,0.525,0.00625,,False,,False
27,noise,noise_realization_00,noise_realization_00,2.0,40,20,0.5,0.475,-0.00625,,False,,False
27,noise,noise_realization_00,noise_realization_00,4.0,40,20,0.5,0.475,-0.00625,,False,,False
27,noise,noise_realization_00,noise_realization_00,8.0,40,20,0.5,0.55,0.0125,,False,,False
27,noise,noise_realization_00,noise_realization_00,16.0,40,20,0.5,0.5,0.0,,False,,False
27,noise,noise_realization_00,noise_realization_00,32.0,40,20,0.5,0.5125,0.003125,,False,,False
27,noise,noise_realization_00,noise_realization_00,64.0,40,20,0.5,0.5,0.0,,False,,False
27,noise,noise_realization_00,noise_realization_00,128.0,40,20,0.5,0.475,-0.00625,,False,,False
27,noise,noise_realization_00,noise_realization_00,256.0,40,20,0.5,0.525,0.028125,,False,,False
27,noise,noise_realization_00,noise_realization_00,512.0,40,20,0.5,0.5625,0.0125,,False,,False
27,noise,noise_realization_00,noise_realization_00,1024.0,40,20,0.5,0.5125,0.015625,,False,,False
27,noise,noise_realization_00,noise_realization_00,2048.0,40,20,0.5,0.575,0.025,,False,,False
27,noise,noise_realization_00,noise_realization_00,4096.0,40,20,0.5,0.425,-0.00625,,False,,False
27,noise,noise_realization_00,noise_realization_00,8192.0,40,20,0.5,0.4625,0.00625,,False,,False
27,noise,noise_realization_01,noise_realization_01,0.0625,40,20,0.5,0.5125,0.00625,,False,,False
27,noise,noise_realization_01,noise_realization_01,0.125,40,20,0.5,0.45,-0.0125,,False,,False
27,noise,noise_realization_01,noise_realization_01,0.25,40,20,0.5,0.475,-0.00625,,False,,False
27,noise,noise_realization_01,noise_realization_01,0.5,40,20,0.5,0.5125,0.00625,,False,,False
27,noise,noise_realization_01,noise_realization_01,1.0,40,20,0.5,0.5125,0.003125,,False,,False
27,noise,noise_realization_01,noise_realization_01,2.0,40,20,0.5,0.5625,0.015625,,False,,False
27,noise,noise_realization_01,noise_realization_01,4.0,40,20,0.5,0.4875,-0.003125,,False,,False
27,noise,noise_realization_01,noise_realization_01,8.0,40,20,0.5,0.4875,-0.003125,,False,,False
27,noise,noise_realization_01,noise_realization_01,16.0,40,20,0.5,0.55,0.0125,,False,,False
27,noise,noise_realization_01,noise_realization_01,32.0,40,20,0.5,0.4875,-0.003125,,False,,False
27,noise,noise_realization_01,noise_realization_01,64.0,40,20,0.5,0.4875,-0.003125,,False,,False
27,noise,noise_realization_01,noise_realization_01,128.0,40,20,0.5,0.525,0.00625,,False,,False
27,noise,noise_realization_01,noise_realization_01,256.0,40,20,0.5,0.5125,0.003125,,False,,False
27,noise,noise_realization_01,noise_realization_01,512.0,40,20,0.5,0.45,0.009375,,False,,False
27,noise,noise_realization_01,noise_realization_01,1024.0,40,20,0.5,0.5875,0.034375,,False,,False
27,noise,noise_realization_01,noise_realization_01,2048.0,40,20,0.5,0.425,-0.025,,False,,False
27,noise,noise_realization_01,noise_realization_01,4096.0,40,20,0.5,0.4625,-0.015625,,False,,False
27,noise,noise_realization_01,noise_realization_01,8192.0,40,20,0.5,0.475,-0.025,,False,,False
27,random,fixed_random__block_27__0000,0000,0.0625,40,20,0.5,0.475,-0.00625,,False,,False
27,random,fixed_random__block_27__0000,0000,0.125,40,20,0.5,0.5375,0.009375,,False,,False
27,random,fixed_random__block_27__0000,0000,0.25,40,20,0.5,0.5125,0.003125,,False,,False
27,random,fixed_random__block_27__0000,0000,0.5,40,20,0.5,0.5,0.0,,False,,False
27,random,fixed_random__block_27__0000,0000,1.0,40,20,0.5,0.4875,-0.003125,,False,,False
27,random,fixed_random__block_27__0000,0000,2.0,40,20,0.5,0.5375,0.009375,,False,,False
27,random,fixed_random__block_27__0000,0000,4.0,40,20,0.5,0.45,-0.0125,,False,,False
27,random,fixed_random__block_27__0000,0000,8.0,40,20,0.5,0.5375,0.009375,,False,,False
27,random,fixed_random__block_27__0000,0000,16.0,40,20,0.5,0.5125,0.003125,,False,,False
27,random,fixed_random__block_27__0000,0000,32.0,40,20,0.5,0.55,0.0125,,False,,False
27,random,fixed_random__block_27__0000,0000,64.0,40,20,0.5,0.525,0.00625,,False,,False
27,random,fixed_random__block_27__0000,0000,128.0,40,20,0.5,0.4875,-0.003125,,False,,False
27,random,fixed_random__block_27__0000,0000,256.0,40,20,0.5,0.4875,-0.003125,,False,,False
27,random,fixed_random__block_27__0000,0000,512.0,40,20,0.5,0.5125,0.0125,,False,,False
27,random,fixed_random__block_27__0000,0000,1024.0,40,20,0.5,0.5,0.015625,,False,,False
27,random,fixed_random__block_27__0000,0000,2048.0,40,20,0.5,0.4875,-0.009375,,False,,False
27,random,fixed_random__block_27__0000,0000,4096.0,40,20,0.5,0.5,-0.009375,,False,,False
27,random,fixed_random__block_27__0000,0000,8192.0,40,20,0.5,0.5125,0.0,,False,,False
27,random,fixed_random__block_27__0001,0001,0.0625,40,20,0.5,0.5,0.0,,False,,False
27,random,fixed_random__block_27__0001,0001,0.125,40,20,0.5,0.5,0.0,,False,,False
27,random,fixed_random__block_27__0001,0001,0.25,40,20,0.5,0.5,0.0,,False,,False
27,random,fixed_random__block_27__0001,0001,0.5,40,20,0.5,0.5,0.0,,False,,False
27,random,fixed_random__block_27__0001,0001,1.0,40,20,0.5,0.475,-0.00625,,False,,False
27,random,fixed_random__block_27__0001,0001,2.0,40,20,0.5,0.5125,0.003125,,False,,False
27,random,fixed_random__block_27__0001,0001,4.0,40,20,0.5,0.525,0.00625,,False,,False
27,random,fixed_random__block_27__0001,0001,8.0,40,20,0.5,0.5125,0.003125,,False,,False
27,random,fixed_random__block_27__0001,0001,16.0,40,20,0.5,0.4375,-0.015625,,False,,False
27,random,fixed_random__block_27__0001,0001,32.0,40,20,0.5,0.5,0.0,,False,,False
27,random,fixed_random__block_27__0001,0001,64.0,40,20,0.5,0.55,0.0125,,False,,False
27,random,fixed_random__block_27__0001,0001,128.0,40,20,0.5,0.5125,0.003125,,False,,False
27,random,fixed_random__block_27__0001,0001,256.0,40,20,0.5,0.5375,0.0125,,False,,False
27,random,fixed_random__block_27__0001,0001,512.0,40,20,0.5,0.55,0.01875,,False,,False
27,random,fixed_random__block_27__0001,0001,1024.0,40,20,0.5,0.5,0.00625,,False,,False
27,random,fixed_random__block_27__0001,0001,2048.0,40,20,0.5,0.5,0.003125,,False,,False
27,random,fixed_random__block_27__0001,0001,4096.0,40,20,0.5,0.525,0.009375,,False,,False
27,random,fixed_random__block_27__0001,0001,8192.0,40,20,0.5,0.4625,-0.009375,,False,,False
27,random,fixed_random__block_27__0002,0002,0.0625,40,20,0.5,0.4875,-0.003125,,False,,False
27,random,fixed_random__block_27__0002,0002,0.125,40,20,0.5,0.4625,-0.009375,,False,,False
27,random,fixed_random__block_27__0002,0002,0.25,40,20,0.5,0.5,0.003125,,False,,False
27,random,fixed_random__block_27__0002,0002,0.5,40,20,0.5,0.525,0.00625,,False,,False
27,random,fixed_random__block_27__0002,0002,1.0,40,20,0.5,0.5125,0.003125,,False,,False
27,random,fixed_random__block_27__0002,0002,2.0,40,20,0.5,0.525,0.00625,,False,,False
27,random,fixed_random__block_27__0002,0002,4.0,40,20,0.5,0.475,-0.00625,,False,,False
27,random,fixed_random__block_27__0002,0002,8.0,40,20,0.5,0.4875,-0.003125,,False,,False
27,random,fixed_random__block_27__0002,0002,16.0,40,20,0.5,0.5,0.0,,False,,False
27,random,fixed_random__block_27__0002,0002,32.0,40,20,0.5,0.5,0.0,,False,,False
27,random,fixed_random__block_27__0002,0002,64.0,40,20,0.5,0.45,-0.0125,,False,,False
27,random,fixed_random__block_27__0002,0002,128.0,40,20,0.5,0.525,0.00625,,False,,False
27,random,fixed_random__block_27__0002,0002,256.0,40,20,0.5,0.55,0.021875,,False,,False
27,random,fixed_random__block_27__0002,0002,512.0,40,20,0.5,0.5125,0.021875,,False,,False
27,random,fixed_random__block_27__0002,0002,1024.0,40,20,0.5,0.5,0.00625,,False,,False
27,random,fixed_random__block_27__0002,0002,2048.0,40,20,0.5,0.4875,0.003125,,False,,False
27,random,fixed_random__block_27__0002,0002,4096.0,40,20,0.5,0.5,0.003125,,False,,False
27,random,fixed_random__block_27__0002,0002,8192.0,40,20,0.5,0.5,0.003125,,False,,False
28,concept,concept__block_28__Dust,Dust,0.0625,40,20,0.5,0.5375,0.009375,,False,,False
28,concept,concept__block_28__Dust,Dust,0.125,40,20,0.5,0.5125,0.003125,,False,,False
28,concept,concept__block_28__Dust,Dust,0.25,40,20,0.5,0.5625,0.015625,,False,,False
28,concept,concept__block_28__Dust,Dust,0.5,40,20,0.5,0.5625,0.015625,,False,,False
28,concept,concept__block_28__Dust,Dust,1.0,40,20,0.5,0.4625,-0.009375,,False,,False
28,concept,concept__block_28__Dust,Dust,2.0,40,20,0.5,0.4875,-0.003125,,False,,False
28,concept,concept__block_28__Dust,Dust,4.0,40,20,0.5,0.4875,-0.003125,,False,,False
28,concept,concept__block_28__Dust,Dust,8.0,40,20,0.5,0.475,-0.00625,,False,,False
28,concept,concept__block_28__Dust,Dust,16.0,40,20,0.5,0.5,0.0,,False,,False
28,concept,concept__block_28__Dust,Dust,32.0,40,20,0.5,0.525,0.00625,,False,,False
28,concept,concept__block_28__Dust,Dust,64.0,40,20,0.5,0.5875,0.021875,,False,,False
28,concept,concept__block_28__Dust,Dust,128.0,40,20,0.5,0.575,0.021875,,False,,False
28,concept,concept__block_28__Dust,Dust,256.0,40,20,0.5,0.525,0.015625,,False,,False
28,concept,concept__block_28__Dust,Dust,512.0,40,20,0.5,0.5,-0.00625,,False,,False
28,concept,concept__block_28__Dust,Dust,1024.0,40,20,0.5,0.5,-0.01875,,False,,False
28,concept,concept__block_28__Dust,Dust,2048.0,40,20,0.5,0.5,-0.01875,,False,,False
28,concept,concept__block_28__Dust,Dust,4096.0,40,20,0.5,0.5,0.0,,False,,False
28,concept,concept__block_28__Dust,Dust,8192.0,40,20,0.5,0.5,-0.003125,,False,,False
28,concept,concept__block_28__Satellites,Satellites,0.0625,40,20,0.5,0.5,0.0,,False,,False
28,concept,concept__block_28__Satellites,Satellites,0.125,40,20,0.5,0.45,-0.0125,,False,,False
28,concept,concept__block_28__Satellites,Satellites,0.25,40,20,0.5,0.5,0.0,,False,,False
28,concept,concept__block_28__Satellites,Satellites,0.5,40,20,0.5,0.5125,0.003125,,False,,False
28,concept,concept__block_28__Satellites,Satellites,1.0,40,20,0.5,0.5,0.0,,False,,False
28,concept,concept__block_28__Satellites,Satellites,2.0,40,20,0.5,0.475,-0.00625,,False,,False
28,concept,concept__block_28__Satellites,Satellites,4.0,40,20,0.5,0.4875,-0.003125,,False,,False
28,concept,concept__block_28__Satellites,Satellites,8.0,40,20,0.5,0.5375,0.009375,,False,,False
28,concept,concept__block_28__Satellites,Satellites,16.0,40,20,0.5,0.4875,-0.003125,,False,,False
28,concept,concept__block_28__Satellites,Satellites,32.0,40,20,0.5,0.5,0.0,,False,,False
28,concept,concept__block_28__Satellites,Satellites,64.0,40,20,0.5,0.475,-0.00625,,False,,False
28,concept,concept__block_28__Satellites,Satellites,128.0,40,20,0.5,0.6,0.025,,False,,False
28,concept,concept__block_28__Satellites,Satellites,256.0,40,20,0.5,0.55,0.0125,,False,,False
28,concept,concept__block_28__Satellites,Satellites,512.0,40,20,0.5,0.55,0.0125,,False,,False
28,concept,concept__block_28__Satellites,Satellites,1024.0,40,20,0.5,0.5,0.0,,False,,False
28,concept,concept__block_28__Satellites,Satellites,2048.0,40,20,0.5,0.4375,-0.021875,,False,,False
28,concept,concept__block_28__Satellites,Satellites,4096.0,40,20,0.5,0.425,-0.01875,,False,,False
28,concept,concept__block_28__Satellites,Satellites,8192.0,40,20,0.5,0.4375,-0.0125,,False,,False
28,concept,concept__block_28__recursion,recursion,0.0625,40,20,0.5,0.525,0.00625,,False,,False
28,concept,concept__block_28__recursion,recursion,0.125,40,20,0.5,0.5375,0.009375,,False,,False
28,concept,concept__block_28__recursion,recursion,0.25,40,20,0.5,0.55,0.0125,,False,,False
28,concept,concept__block_28__recursion,recursion,0.5,40,20,0.5,0.4875,-0.003125,,False,,False
28,concept,concept__block_28__recursion,recursion,1.0,40,20,0.5,0.5,0.0,,False,,False
28,concept,concept__block_28__recursion,recursion,2.0,40,20,0.5,0.45,-0.015625,,False,,False
28,concept,concept__block_28__recursion,recursion,4.0,40,20,0.5,0.475,-0.00625,,False,,False
28,concept,concept__block_28__recursion,recursion,8.0,40,20,0.5,0.4875,-0.003125,,False,,False
28,concept,concept__block_28__recursion,recursion,16.0,40,20,0.5,0.5,0.0,,False,,False
28,concept,concept__block_28__recursion,recursion,32.0,40,20,0.5,0.525,0.00625,,False,,False
28,concept,concept__block_28__recursion,recursion,64.0,40,20,0.5,0.4375,-0.015625,,False,,False
28,concept,concept__block_28__recursion,recursion,128.0,40,20,0.5,0.475,-0.00625,,False,,False
28,concept,concept__block_28__recursion,recursion,256.0,40,20,0.5,0.45,-0.0125,,False,,False
28,concept,concept__block_28__recursion,recursion,512.0,40,20,0.5,0.4875,-0.003125,,False,,False
28,concept,concept__block_28__recursion,recursion,1024.0,40,20,0.5,0.4875,0.0,,False,,False
28,concept,concept__block_28__recursion,recursion,2048.0,40,20,0.5,0.475,-0.015625,,False,,False
28,concept,concept__block_28__recursion,recursion,4096.0,40,20,0.5,0.525,-0.00625,,False,,False
28,concept,concept__block_28__recursion,recursion,8192.0,40,20,0.5,0.5125,0.009375,,False,,False
28,concept,concept__block_28__shutdown,shutdown,0.0625,40,20,0.5,0.475,-0.00625,,False,,False
28,concept,concept__block_28__shutdown,shutdown,0.125,40,20,0.5,0.5,0.0,,False,,False
28,concept,concept__block_28__shutdown,shutdown,0.25,40,20,0.5,0.475,-0.00625,,False,,False
28,concept,concept__block_28__shutdown,shutdown,0.5,40,20,0.5,0.5125,0.003125,,False,,False
28,concept,concept__block_28__shutdown,shutdown,1.0,40,20,0.5,0.5,0.0,,False,,False
28,concept,concept__block_28__shutdown,shutdown,2.0,40,20,0.5,0.5,0.0,,False,,False
28,concept,concept__block_28__shutdown,shutdown,4.0,40,20,0.5,0.5625,0.015625,,False,,False
28,concept,concept__block_28__shutdown,shutdown,8.0,40,20,0.5,0.4875,-0.003125,,False,,False
28,concept,concept__block_28__shutdown,shutdown,16.0,40,20,0.5,0.5125,0.003125,,False,,False
28,concept,concept__block_28__shutdown,shutdown,32.0,40,20,0.5,0.5,0.0,,False,,False
28,concept,concept__block_28__shutdown,shutdown,64.0,40,20,0.5,0.4875,-0.003125,,False,,False
28,concept,concept__block_28__shutdown,shutdown,128.0,40,20,0.5,0.5,0.003125,,False,,False
28,concept,concept__block_28__shutdown,shutdown,256.0,40,20,0.5,0.4875,-0.009375,,False,,False
28,concept,concept__block_28__shutdown,shutdown,512.0,40,20,0.5,0.4625,-0.015625,,False,,False
28,concept,concept__block_28__shutdown,shutdown,1024.0,40,20,0.5,0.475,-0.009375,,False,,False
28,concept,concept__block_28__shutdown,shutdown,2048.0,40,20,0.5,0.4625,-0.015625,,False,,False
28,concept,concept__block_28__shutdown,shutdown,4096.0,40,20,0.5,0.5125,0.003125,,False,,False
28,concept,concept__block_28__shutdown,shutdown,8192.0,40,20,0.5,0.475,-0.00625,,False,,False
28,dropout,dropout_realization_00,dropout_realization_00,0.0625,40,20,0.5,0.5,0.0,,False,,False
28,dropout,dropout_realization_00,dropout_realization_00,0.125,40,20,0.5,0.5,0.0,,False,,False
28,dropout,dropout_realization_00,dropout_realization_00,0.25,40,20,0.5,0.5,0.0,,False,,False
28,dropout,dropout_realization_00,dropout_realization_00,0.5,40,20,0.5,0.5375,0.009375,,False,,False
28,dropout,dropout_realization_00,dropout_realization_00,1.0,40,20,0.5,0.525,0.00625,,False,,False
28,dropout,dropout_realization_00,dropout_realization_00,2.0,40,20,0.5,0.4875,-0.003125,,False,,False
28,dropout,dropout_realization_00,dropout_realization_00,4.0,40,20,0.5,0.5375,0.009375,,False,,False
28,dropout,dropout_realization_00,dropout_realization_00,8.0,40,20,0.5,0.5,0.0,,False,,False
28,dropout,dropout_realization_00,dropout_realization_00,16.0,40,20,0.5,0.525,0.00625,,False,,False
28,dropout,dropout_realization_00,dropout_realization_00,32.0,40,20,0.5,0.5125,0.003125,,False,,False
28,dropout,dropout_realization_00,dropout_realization_00,64.0,40,20,0.5,0.525,0.00625,,False,,False
28,dropout,dropout_realization_00,dropout_realization_00,128.0,40,20,0.5,0.5375,0.009375,,False,,False
28,dropout,dropout_realization_00,dropout_realization_00,256.0,40,20,0.5,0.5625,0.059375,,False,,False
28,dropout,dropout_realization_00,dropout_realization_00,512.0,40,20,0.5,0.5375,0.015625,,False,,False
28,dropout,dropout_realization_00,dropout_realization_00,1024.0,40,20,0.5,0.5125,-0.01875,,False,,False
28,dropout,dropout_realization_00,dropout_realization_00,2048.0,40,20,0.5,0.6,0.059375,,False,,False
28,dropout,dropout_realization_00,dropout_realization_00,4096.0,40,20,0.5,0.5125,-0.0375,,False,,False
28,dropout,dropout_realization_00,dropout_realization_00,8192.0,40,20,0.5,0.5,0.003125,,False,,False
28,dropout,dropout_realization_01,dropout_realization_01,0.0625,40,20,0.5,0.4875,-0.003125,,False,,False
28,dropout,dropout_realization_01,dropout_realization_01,0.125,40,20,0.5,0.5,0.0,,False,,False
28,dropout,dropout_realization_01,dropout_realization_01,0.25,40,20,0.5,0.5375,0.009375,,False,,False
28,dropout,dropout_realization_01,dropout_realization_01,0.5,40,20,0.5,0.4875,-0.003125,,False,,False
28,dropout,dropout_realization_01,dropout_realization_01,1.0,40,20,0.5,0.525,0.00625,,False,,False
28,dropout,dropout_realization_01,dropout_realization_01,2.0,40,20,0.5,0.5,0.0,,False,,False
28,dropout,dropout_realization_01,dropout_realization_01,4.0,40,20,0.5,0.525,0.00625,,False,,False
28,dropout,dropout_realization_01,dropout_realization_01,8.0,40,20,0.5,0.5125,0.003125,,False,,False
28,dropout,dropout_realization_01,dropout_realization_01,16.0,40,20,0.5,0.525,0.00625,,False,,False
28,dropout,dropout_realization_01,dropout_realization_01,32.0,40,20,0.5,0.5375,0.009375,,False,,False
28,dropout,dropout_realization_01,dropout_realization_01,64.0,40,20,0.5,0.55,0.009375,,False,,False
28,dropout,dropout_realization_01,dropout_realization_01,128.0,40,20,0.5,0.5125,0.0,,False,,False
28,dropout,dropout_realization_01,dropout_realization_01,256.0,40,20,0.5,0.4875,0.0,,False,,False
28,dropout,dropout_realization_01,dropout_realization_01,512.0,40,20,0.5,0.4375,-0.05,,False,,False
28,dropout,dropout_realization_01,dropout_realization_01,1024.0,40,20,0.5,0.5125,0.040625,,False,,False
28,dropout,dropout_realization_01,dropout_realization_01,2048.0,40,20,0.5,0.4875,0.05,,False,,False
28,dropout,dropout_realization_01,dropout_realization_01,4096.0,40,20,0.5,0.475,0.025,,False,,False
28,dropout,dropout_realization_01,dropout_realization_01,8192.0,40,20,0.5,0.525,0.009375,,False,,False
28,noise,noise_realization_00,noise_realization_00,0.0625,40,20,0.5,0.525,0.00625,,False,,False
28,noise,noise_realization_00,noise_realization_00,0.125,40,20,0.5,0.5125,0.003125,,False,,False
28,noise,noise_realization_00,noise_realization_00,0.25,40,20,0.5,0.4625,-0.009375,,False,,False
28,noise,noise_realization_00,noise_realization_00,0.5,40,20,0.5,0.475,-0.00625,,False,,False
28,noise,noise_realization_00,noise_realization_00,1.0,40,20,0.5,0.5125,0.003125,,False,,False
28,noise,noise_realization_00,noise_realization_00,2.0,40,20,0.5,0.475,-0.00625,,False,,False
28,noise,noise_realization_00,noise_realization_00,4.0,40,20,0.5,0.4875,-0.003125,,False,,False
28,noise,noise_realization_00,noise_realization_00,8.0,40,20,0.5,0.525,0.00625,,False,,False
28,noise,noise_realization_00,noise_realization_00,16.0,40,20,0.5,0.55,0.0125,,False,,False
28,noise,noise_realization_00,noise_realization_00,32.0,40,20,0.5,0.525,0.00625,,False,,False
28,noise,noise_realization_00,noise_realization_00,64.0,40,20,0.5,0.5625,0.0125,,False,,False
28,noise,noise_realization_00,noise_realization_00,128.0,40,20,0.5,0.4875,-0.00625,,False,,False
28,noise,noise_realization_00,noise_realization_00,256.0,40,20,0.5,0.5625,0.0125,,False,,False
28,noise,noise_realization_00,noise_realization_00,512.0,40,20,0.5,0.4625,0.003125,,False,,False
28,noise,noise_realization_00,noise_realization_00,1024.0,40,20,0.5,0.45,-0.00625,,False,,False
28,noise,noise_realization_00,noise_realization_00,2048.0,40,20,0.5,0.3875,-0.0375,,False,,False
28,noise,noise_realization_00,noise_realization_00,4096.0,40,20,0.5,0.4875,-0.0125,,False,,False
28,noise,noise_realization_00,noise_realization_00,8192.0,40,20,0.5,0.425,-0.04375,,False,,False
28,noise,noise_realization_01,noise_realization_01,0.0625,40,20,0.5,0.4875,-0.003125,,False,,False
28,noise,noise_realization_01,noise_realization_01,0.125,40,20,0.5,0.5125,0.003125,,False,,False
28,noise,noise_realization_01,noise_realization_01,0.25,40,20,0.5,0.5125,0.003125,,False,,False
28,noise,noise_realization_01,noise_realization_01,0.5,40,20,0.5,0.5,0.0,,False,,False
28,noise,noise_realization_01,noise_realization_01,1.0,40,20,0.5,0.5,0.0,,False,,False
28,noise,noise_realization_01,noise_realization_01,2.0,40,20,0.5,0.4875,-0.003125,,False,,False
28,noise,noise_realization_01,noise_realization_01,4.0,40,20,0.5,0.5,0.0,,False,,False
28,noise,noise_realization_01,noise_realization_01,8.0,40,20,0.5,0.5,0.0,,False,,False
28,noise,noise_realization_01,noise_realization_01,16.0,40,20,0.5,0.5,0.0,,False,,False
28,noise,noise_realization_01,noise_realization_01,32.0,40,20,0.5,0.5,0.0,,False,,False
28,noise,noise_realization_01,noise_realization_01,64.0,40,20,0.5,0.5,0.0,,False,,False
28,noise,noise_realization_01,noise_realization_01,128.0,40,20,0.5,0.4875,0.0,,False,,False
28,noise,noise_realization_01,noise_realization_01,256.0,40,20,0.5,0.575,0.021875,,False,,False
28,noise,noise_realization_01,noise_realization_01,512.0,40,20,0.5,0.6375,0.04375,,False,,False
28,noise,noise_realization_01,noise_realization_01,1024.0,40,20,0.5,0.4625,-0.003125,,False,,False
28,noise,noise_realization_01,noise_realization_01,2048.0,40,20,0.5,0.5,0.003125,,False,,False
28,noise,noise_realization_01,noise_realization_01,4096.0,40,20,0.5,0.4625,-0.015625,,False,,False
28,noise,noise_realization_01,noise_realization_01,8192.0,40,20,0.5,0.3875,-0.05,,False,,False
28,random,fixed_random__block_28__0000,0000,0.0625,40,20,0.5,0.5375,0.009375,,False,,False
28,random,fixed_random__block_28__0000,0000,0.125,40,20,0.5,0.5,0.0,,False,,False
28,random,fixed_random__block_28__0000,0000,0.25,40,20,0.5,0.5125,0.003125,,False,,False
28,random,fixed_random__block_28__0000,0000,0.5,40,20,0.5,0.4875,-0.003125,,False,,False
28,random,fixed_random__block_28__0000,0000,1.0,40,20,0.5,0.4875,-0.003125,,False,,False
28,random,fixed_random__block_28__0000,0000,2.0,40,20,0.5,0.5,0.0,,False,,False
28,random,fixed_random__block_28__0000,0000,4.0,40,20,0.5,0.525,0.00625,,False,,False
28,random,fixed_random__block_28__0000,0000,8.0,40,20,0.5,0.5375,0.009375,,False,,False
28,random,fixed_random__block_28__0000,0000,16.0,40,20,0.5,0.5,0.0,,False,,False
28,random,fixed_random__block_28__0000,0000,32.0,40,20,0.5,0.5125,0.003125,,False,,False
28,random,fixed_random__block_28__0000,0000,64.0,40,20,0.5,0.425,-0.01875,,False,,False
28,random,fixed_random__block_28__0000,0000,128.0,40,20,0.5,0.475,-0.0125,,False,,False
28,random,fixed_random__block_28__0000,0000,256.0,40,20,0.5,0.5,0.009375,,False,,False
28,random,fixed_random__block_28__0000,0000,512.0,40,20,0.5,0.5,0.003125,,False,,False
28,random,fixed_random__block_28__0000,0000,1024.0,40,20,0.5,0.5,-0.0125,,False,,False
28,random,fixed_random__block_28__0000,0000,2048.0,40,20,0.5,0.475,-0.00625,,False,,False
28,random,fixed_random__block_28__0000,0000,4096.0,40,20,0.5,0.4625,-0.025,,False,,False
28,random,fixed_random__block_28__0000,0000,8192.0,40,20,0.5,0.4625,-0.009375,,False,,False
28,random,fixed_random__block_28__0001,0001,0.0625,40,20,0.5,0.525,0.00625,,False,,False
28,random,fixed_random__block_28__0001,0001,0.125,40,20,0.5,0.525,0.00625,,False,,False
28,random,fixed_random__block_28__0001,0001,0.25,40,20,0.5,0.5125,0.003125,,False,,False
28,random,fixed_random__block_28__0001,0001,0.5,40,20,0.5,0.4625,-0.009375,,False,,False
28,random,fixed_random__block_28__0001,0001,1.0,40,20,0.5,0.525,0.00625,,False,,False
28,random,fixed_random__block_28__0001,0001,2.0,40,20,0.5,0.5,0.0,,False,,False
28,random,fixed_random__block_28__0001,0001,4.0,40,20,0.5,0.475,-0.00625,,False,,False
28,random,fixed_random__block_28__0001,0001,8.0,40,20,0.5,0.475,-0.00625,,False,,False
28,random,fixed_random__block_28__0001,0001,16.0,40,20,0.5,0.475,-0.00625,,False,,False
28,random,fixed_random__block_28__0001,0001,32.0,40,20,0.5,0.4875,-0.003125,,False,,False
28,random,fixed_random__block_28__0001,0001,64.0,40,20,0.5,0.4625,-0.009375,,False,,False
28,random,fixed_random__block_28__0001,0001,128.0,40,20,0.5,0.4875,-0.003125,,False,,False
28,random,fixed_random__block_28__0001,0001,256.0,40,20,0.5,0.55,0.01875,,False,,False
28,random,fixed_random__block_28__0001,0001,512.0,40,20,0.5,0.5125,0.015625,,False,,False
28,random,fixed_random__block_28__0001,0001,1024.0,40,20,0.5,0.5125,0.003125,,False,,False
28,random,fixed_random__block_28__0001,0001,2048.0,40,20,0.5,0.5,0.0,,False,,False
28,random,fixed_random__block_28__0001,0001,4096.0,40,20,0.5,0.5,0.0,,False,,False
28,random,fixed_random__block_28__0001,0001,8192.0,40,20,0.5,0.5125,0.00625,,False,,False
28,random,fixed_random__block_28__0002,0002,0.0625,40,20,0.5,0.45,-0.0125,,False,,False
28,random,fixed_random__block_28__0002,0002,0.125,40,20,0.5,0.4875,-0.003125,,False,,False
28,random,fixed_random__block_28__0002,0002,0.25,40,20,0.5,0.525,0.00625,,False,,False
28,random,fixed_random__block_28__0002,0002,0.5,40,20,0.5,0.525,0.00625,,False,,False
28,random,fixed_random__block_28__0002,0002,1.0,40,20,0.5,0.525,0.00625,,False,,False
28,random,fixed_random__block_28__0002,0002,2.0,40,20,0.5,0.55,0.0125,,False,,False
28,random,fixed_random__block_28__0002,0002,4.0,40,20,0.5,0.5625,0.015625,,False,,False
28,random,fixed_random__block_28__0002,0002,8.0,40,20,0.5,0.4875,-0.003125,,False,,False
28,random,fixed_random__block_28__0002,0002,16.0,40,20,0.5,0.5125,0.003125,,False,,False
28,random,fixed_random__block_28__0002,0002,32.0,40,20,0.5,0.525,0.00625,,False,,False
28,random,fixed_random__block_28__0002,0002,64.0,40,20,0.5,0.475,-0.00625,,False,,False
28,random,fixed_random__block_28__0002,0002,128.0,40,20,0.5,0.5375,0.009375,,False,,False
28,random,fixed_random__block_28__0002,0002,256.0,40,20,0.5,0.5375,0.0125,,False,,False
28,random,fixed_random__block_28__0002,0002,512.0,40,20,0.5,0.5,0.00625,,False,,False
28,random,fixed_random__block_28__0002,0002,1024.0,40,20,0.5,0.5,-0.003125,,False,,False
28,random,fixed_random__block_28__0002,0002,2048.0,40,20,0.5,0.55,0.015625,,False,,False
28,random,fixed_random__block_28__0002,0002,4096.0,40,20,0.5,0.5,0.003125,,False,,False
28,random,fixed_random__block_28__0002,0002,8192.0,40,20,0.5,0.4375,-0.015625,,False,,False
29,concept,concept__block_29__Dust,Dust,0.0625,40,20,0.5,0.5,0.0,,False,,False
29,concept,concept__block_29__Dust,Dust,0.125,40,20,0.5,0.475,-0.00625,,False,,False
29,concept,concept__block_29__Dust,Dust,0.25,40,20,0.5,0.4625,-0.009375,,False,,False
29,concept,concept__block_29__Dust,Dust,0.5,40,20,0.5,0.4875,-0.003125,,False,,False
29,concept,concept__block_29__Dust,Dust,1.0,40,20,0.5,0.5,0.0,,False,,False
29,concept,concept__block_29__Dust,Dust,2.0,40,20,0.5,0.5,0.0,,False,,False
29,concept,concept__block_29__Dust,Dust,4.0,40,20,0.5,0.4875,-0.003125,,False,,False
29,concept,concept__block_29__Dust,Dust,8.0,40,20,0.5,0.5125,0.003125,,False,,False
29,concept,concept__block_29__Dust,Dust,16.0,40,20,0.5,0.5125,0.003125,,False,,False
29,concept,concept__block_29__Dust,Dust,32.0,40,20,0.5,0.5125,0.003125,,False,,False
29,concept,concept__block_29__Dust,Dust,64.0,40,20,0.5,0.5375,0.009375,,False,,False
29,concept,concept__block_29__Dust,Dust,128.0,40,20,0.5,0.4875,0.003125,,False,,False
29,concept,concept__block_29__Dust,Dust,256.0,40,20,0.5,0.5,0.00625,,False,,False
29,concept,concept__block_29__Dust,Dust,512.0,40,20,0.5,0.5,0.0,,False,,False
29,concept,concept__block_29__Dust,Dust,1024.0,40,20,0.5,0.5,0.003125,,False,,False
29,concept,concept__block_29__Dust,Dust,2048.0,40,20,0.5,0.5,0.00625,,False,,False
29,concept,concept__block_29__Dust,Dust,4096.0,40,20,0.5,0.4875,-0.0125,,False,,False
29,concept,concept__block_29__Dust,Dust,8192.0,40,20,0.5,0.5,0.0,,False,,False
29,concept,concept__block_29__Satellites,Satellites,0.0625,40,20,0.5,0.5,0.0,,False,,False
29,concept,concept__block_29__Satellites,Satellites,0.125,40,20,0.5,0.5,0.0,,False,,False
29,concept,concept__block_29__Satellites,Satellites,0.25,40,20,0.5,0.525,0.00625,,False,,False
29,concept,concept__block_29__Satellites,Satellites,0.5,40,20,0.5,0.4875,-0.003125,,False,,False
29,concept,concept__block_29__Satellites,Satellites,1.0,40,20,0.5,0.5,0.0,,False,,False
29,concept,concept__block_29__Satellites,Satellites,2.0,40,20,0.5,0.45,-0.0125,,False,,False
29,concept,concept__block_29__Satellites,Satellites,4.0,40,20,0.5,0.475,-0.00625,,False,,False
29,concept,concept__block_29__Satellites,Satellites,8.0,40,20,0.5,0.5125,0.003125,,False,,False
29,concept,concept__block_29__Satellites,Satellites,16.0,40,20,0.5,0.4875,-0.003125,,False,,False
29,concept,concept__block_29__Satellites,Satellites,32.0,40,20,0.5,0.5125,0.003125,,False,,False
29,concept,concept__block_29__Satellites,Satellites,64.0,40,20,0.5,0.4875,-0.003125,,False,,False
29,concept,concept__block_29__Satellites,Satellites,128.0,40,20,0.5,0.5625,0.015625,,False,,False
29,concept,concept__block_29__Satellites,Satellites,256.0,40,20,0.5,0.5625,0.021875,,False,,False
29,concept,concept__block_29__Satellites,Satellites,512.0,40,20,0.5,0.5125,0.00625,,False,,False
29,concept,concept__block_29__Satellites,Satellites,1024.0,40,20,0.5,0.525,0.0,,False,,False
29,concept,concept__block_29__Satellites,Satellites,2048.0,40,20,0.5,0.5,-0.00625,,False,,False
29,concept,concept__block_29__Satellites,Satellites,4096.0,40,20,0.5,0.5,-0.01875,,False,,False
29,concept,concept__block_29__Satellites,Satellites,8192.0,40,20,0.5,0.475,-0.0125,,False,,False
29,concept,concept__block_29__recursion,recursion,0.0625,40,20,0.5,0.5125,0.003125,,False,,False
29,concept,concept__block_29__recursion,recursion,0.125,40,20,0.5,0.5,0.0,,False,,False
29,concept,concept__block_29__recursion,recursion,0.25,40,20,0.5,0.4875,-0.003125,,False,,False
29,concept,concept__block_29__recursion,recursion,0.5,40,20,0.5,0.475,-0.00625,,False,,False
29,concept,concept__block_29__recursion,recursion,1.0,40,20,0.5,0.4875,-0.003125,,False,,False
29,concept,concept__block_29__recursion,recursion,2.0,40,20,0.5,0.475,-0.00625,,False,,False
29,concept,concept__block_29__recursion,recursion,4.0,40,20,0.5,0.4875,-0.003125,,False,,False
29,concept,concept__block_29__recursion,recursion,8.0,40,20,0.5,0.4625,-0.009375,,False,,False
29,concept,concept__block_29__recursion,recursion,16.0,40,20,0.5,0.475,-0.00625,,False,,False
29,concept,concept__block_29__recursion,recursion,32.0,40,20,0.5,0.4875,-0.003125,,False,,False
29,concept,concept__block_29__recursion,recursion,64.0,40,20,0.5,0.4625,-0.009375,,False,,False
29,concept,concept__block_29__recursion,recursion,128.0,40,20,0.5,0.4625,-0.0125,,False,,False
29,concept,concept__block_29__recursion,recursion,256.0,40,20,0.5,0.475,-0.00625,,False,,False
29,concept,concept__block_29__recursion,recursion,512.0,40,20,0.5,0.475,-0.009375,,False,,False
29,concept,concept__block_29__recursion,recursion,1024.0,40,20,0.5,0.4875,-0.00625,,False,,False
29,concept,concept__block_29__recursion,recursion,2048.0,40,20,0.5,0.5125,0.003125,,False,,False
29,concept,concept__block_29__recursion,recursion,4096.0,40,20,0.5,0.5,-0.00625,,False,,False
29,concept,concept__block_29__recursion,recursion,8192.0,40,20,0.5,0.475,-0.015625,,False,,False
29,concept,concept__block_29__shutdown,shutdown,0.0625,40,20,0.5,0.525,0.00625,,False,,False
29,concept,concept__block_29__shutdown,shutdown,0.125,40,20,0.5,0.5375,0.009375,,False,,False
29,concept,concept__block_29__shutdown,shutdown,0.25,40,20,0.5,0.5,0.0,,False,,False
29,concept,concept__block_29__shutdown,shutdown,0.5,40,20,0.5,0.45,-0.0125,,False,,False
29,concept,concept__block_29__shutdown,shutdown,1.0,40,20,0.5,0.4625,-0.009375,,False,,False
29,concept,concept__block_29__shutdown,shutdown,2.0,40,20,0.5,0.525,0.00625,,False,,False
29,concept,concept__block_29__shutdown,shutdown,4.0,40,20,0.5,0.5125,0.003125,,False,,False
29,concept,concept__block_29__shutdown,shutdown,8.0,40,20,0.5,0.5,0.0,,False,,False
29,concept,concept__block_29__shutdown,shutdown,16.0,40,20,0.5,0.475,-0.00625,,False,,False
29,concept,concept__block_29__shutdown,shutdown,32.0,40,20,0.5,0.525,0.00625,,False,,False
29,concept,concept__block_29__shutdown,shutdown,64.0,40,20,0.5,0.4375,-0.0125,,False,,False
29,concept,concept__block_29__shutdown,shutdown,128.0,40,20,0.5,0.4625,-0.009375,,False,,False
29,concept,concept__block_29__shutdown,shutdown,256.0,40,20,0.5,0.5,0.0,,False,,False
29,concept,concept__block_29__shutdown,shutdown,512.0,40,20,0.5,0.475,-0.00625,,False,,False
29,concept,concept__block_29__shutdown,shutdown,1024.0,40,20,0.5,0.4875,-0.00625,,False,,False
29,concept,concept__block_29__shutdown,shutdown,2048.0,40,20,0.5,0.5,-0.003125,,False,,False
29,concept,concept__block_29__shutdown,shutdown,4096.0,40,20,0.5,0.4625,-0.015625,,False,,False
29,concept,concept__block_29__shutdown,shutdown,8192.0,40,20,0.5,0.475,-0.0125,,False,,False
29,dropout,dropout_realization_00,dropout_realization_00,0.0625,40,20,0.5,0.5,0.0,,False,,False
29,dropout,dropout_realization_00,dropout_realization_00,0.125,40,20,0.5,0.5125,0.003125,,False,,False
29,dropout,dropout_realization_00,dropout_realization_00,0.25,40,20,0.5,0.5,0.0,,False,,False
29,dropout,dropout_realization_00,dropout_realization_00,0.5,40,20,0.5,0.525,0.00625,,False,,False
29,dropout,dropout_realization_00,dropout_realization_00,1.0,40,20,0.5,0.4625,-0.009375,,False,,False
29,dropout,dropout_realization_00,dropout_realization_00,2.0,40,20,0.5,0.4375,-0.015625,,False,,False
29,dropout,dropout_realization_00,dropout_realization_00,4.0,40,20,0.5,0.5,0.0,,False,,False
29,dropout,dropout_realization_00,dropout_realization_00,8.0,40,20,0.5,0.5625,0.015625,,False,,False
29,dropout,dropout_realization_00,dropout_realization_00,16.0,40,20,0.5,0.4875,-0.003125,,False,,False
29,dropout,dropout_realization_00,dropout_realization_00,32.0,40,20,0.5,0.5125,0.00625,,False,,False
29,dropout,dropout_realization_00,dropout_realization_00,64.0,40,20,0.5,0.475,-0.00625,,False,,False
29,dropout,dropout_realization_00,dropout_realization_00,128.0,40,20,0.5,0.45,-0.0125,,False,,False
29,dropout,dropout_realization_00,dropout_realization_00,256.0,40,20,0.5,0.5,-0.00625,,False,,False
29,dropout,dropout_realization_00,dropout_realization_00,512.0,40,20,0.5,0.4625,-0.00625,,False,,False
29,dropout,dropout_realization_00,dropout_realization_00,1024.0,40,20,0.5,0.5,-0.00625,,False,,False
29,dropout,dropout_realization_00,dropout_realization_00,2048.0,40,20,0.5,0.5375,0.00625,,False,,False
29,dropout,dropout_realization_00,dropout_realization_00,4096.0,40,20,0.5,0.5375,0.071875,,False,,False
29,dropout,dropout_realization_00,dropout_realization_00,8192.0,40,20,0.5,0.55,0.021875,,False,,False
29,dropout,dropout_realization_01,dropout_realization_01,0.0625,40,20,0.5,0.5125,0.003125,,False,,False
29,dropout,dropout_realization_01,dropout_realization_01,0.125,40,20,0.5,0.5125,0.003125,,False,,False
29,dropout,dropout_realization_01,dropout_realization_01,0.25,40,20,0.5,0.5125,0.003125,,False,,False
29,dropout,dropout_realization_01,dropout_realization_01,0.5,40,20,0.5,0.5125,0.003125,,False,,False
29,dropout,dropout_realization_01,dropout_realization_01,1.0,40,20,0.5,0.4875,-0.003125,,False,,False
29,dropout,dropout_realization_01,dropout_realization_01,2.0,40,20,0.5,0.5125,0.003125,,False,,False
29,dropout,dropout_realization_01,dropout_realization_01,4.0,40,20,0.5,0.5,0.0,,False,,False
29,dropout,dropout_realization_01,dropout_realization_01,8.0,40,20,0.5,0.525,0.00625,,False,,False
29,dropout,dropout_realization_01,dropout_realization_01,16.0,40,20,0.5,0.5375,0.009375,,False,,False
29,dropout,dropout_realization_01,dropout_realization_01,32.0,40,20,0.5,0.5125,0.003125,,False,,False
29,dropout,dropout_realization_01,dropout_realization_01,64.0,40,20,0.5,0.575,0.01875,,False,,False
29,dropout,dropout_realization_01,dropout_realization_01,128.0,40,20,0.5,0.55,0.025,,False,,False
29,dropout,dropout_realization_01,dropout_realization_01,256.0,40,20,0.5,0.525,0.003125,,False,,False
29,dropout,dropout_realization_01,dropout_realization_01,512.0,40,20,0.5,0.4625,-0.015625,,False,,False
29,dropout,dropout_realization_01,dropout_realization_01,1024.0,40,20,0.5,0.4625,-0.0375,,False,,False
29,dropout,dropout_realization_01,dropout_realization_01,2048.0,40,20,0.5,0.5375,0.06875,,False,,False
29,dropout,dropout_realization_01,dropout_realization_01,4096.0,40,20,0.5,0.4375,-0.084375,,False,,False
29,dropout,dropout_realization_01,dropout_realization_01,8192.0,40,20,0.5,0.525,0.009375,,False,,False
29,noise,noise_realization_00,noise_realization_00,0.0625,40,20,0.5,0.475,-0.00625,,False,,False
29,noise,noise_realization_00,noise_realization_00,0.125,40,20,0.5,0.4875,-0.003125,,False,,False
29,noise,noise_realization_00,noise_realization_00,0.25,40,20,0.5,0.5125,0.003125,,False,,False
29,noise,noise_realization_00,noise_realization_00,0.5,40,20,0.5,0.5375,0.009375,,False,,False
29,noise,noise_realization_00,noise_realization_00,1.0,40,20,0.5,0.5125,0.003125,,False,,False
29,noise,noise_realization_00,noise_realization_00,2.0,40,20,0.5,0.475,-0.00625,,False,,False
29,noise,noise_realization_00,noise_realization_00,4.0,40,20,0.5,0.5,0.0,,False,,False
29,noise,noise_realization_00,noise_realization_00,8.0,40,20,0.5,0.4875,-0.003125,,False,,False
29,noise,noise_realization_00,noise_realization_00,16.0,40,20,0.5,0.5125,0.003125,,False,,False
29,noise,noise_realization_00,noise_realization_00,32.0,40,20,0.5,0.4875,-0.003125,,False,,False
29,noise,noise_realization_00,noise_realization_00,64.0,40,20,0.5,0.525,0.00625,,False,,False
29,noise,noise_realization_00,noise_realization_00,128.0,40,20,0.5,0.475,-0.00625,,False,,False
29,noise,noise_realization_00,noise_realization_00,256.0,40,20,0.5,0.6125,0.034375,,False,,False
29,noise,noise_realization_00,noise_realization_00,512.0,40,20,0.5,0.5875,0.021875,,False,,False
29,noise,noise_realization_00,noise_realization_00,1024.0,40,20,0.5,0.5,-0.00625,,False,,False
29,noise,noise_realization_00,noise_realization_00,2048.0,40,20,0.5,0.4625,-0.00625,,False,,False
29,noise,noise_realization_00,noise_realization_00,4096.0,40,20,0.5,0.5125,0.009375,,False,,False
29,noise,noise_realization_00,noise_realization_00,8192.0,40,20,0.5,0.5125,-0.0125,,False,,False
29,noise,noise_realization_01,noise_realization_01,0.0625,40,20,0.5,0.45,-0.0125,,False,,False
29,noise,noise_realization_01,noise_realization_01,0.125,40,20,0.5,0.4875,-0.003125,,False,,False
29,noise,noise_realization_01,noise_realization_01,0.25,40,20,0.5,0.4625,-0.009375,,False,,False
29,noise,noise_realization_01,noise_realization_01,0.5,40,20,0.5,0.5,0.0,,False,,False
29,noise,noise_realization_01,noise_realization_01,1.0,40,20,0.5,0.4875,-0.003125,,False,,False
29,noise,noise_realization_01,noise_realization_01,2.0,40,20,0.5,0.5,0.0,,False,,False
29,noise,noise_realization_01,noise_realization_01,4.0,40,20,0.5,0.5,0.0,,False,,False
29,noise,noise_realization_01,noise_realization_01,8.0,40,20,0.5,0.5375,0.009375,,False,,False
29,noise,noise_realization_01,noise_realization_01,16.0,40,20,0.5,0.5375,0.009375,,False,,False
29,noise,noise_realization_01,noise_realization_01,32.0,40,20,0.5,0.5125,0.003125,,False,,False
29,noise,noise_realization_01,noise_realization_01,64.0,40,20,0.5,0.525,0.00625,,False,,False
29,noise,noise_realization_01,noise_realization_01,128.0,40,20,0.5,0.525,0.00625,,False,,False
29,noise,noise_realization_01,noise_realization_01,256.0,40,20,0.5,0.55,0.015625,,False,,False
29,noise,noise_realization_01,noise_realization_01,512.0,40,20,0.5,0.5125,0.003125,,False,,False
29,noise,noise_realization_01,noise_realization_01,1024.0,40,20,0.5,0.55,0.00625,,False,,False
29,noise,noise_realization_01,noise_realization_01,2048.0,40,20,0.5,0.5375,0.00625,,False,,False
29,noise,noise_realization_01,noise_realization_01,4096.0,40,20,0.5,0.5125,0.01875,,False,,False
29,noise,noise_realization_01,noise_realization_01,8192.0,40,20,0.5,0.4875,-0.003125,,False,,False
29,random,fixed_random__block_29__0000,0000,0.0625,40,20,0.5,0.475,-0.00625,,False,,False
29,random,fixed_random__block_29__0000,0000,0.125,40,20,0.5,0.4625,-0.009375,,False,,False
29,random,fixed_random__block_29__0000,0000,0.25,40,20,0.5,0.5125,0.003125,,False,,False
29,random,fixed_random__block_29__0000,0000,0.5,40,20,0.5,0.5,0.0,,False,,False
29,random,fixed_random__block_29__0000,0000,1.0,40,20,0.5,0.5,0.0,,False,,False
29,random,fixed_random__block_29__0000,0000,2.0,40,20,0.5,0.5,0.0,,False,,False
29,random,fixed_random__block_29__0000,0000,4.0,40,20,0.5,0.5125,0.003125,,False,,False
29,random,fixed_random__block_29__0000,0000,8.0,40,20,0.5,0.525,0.00625,,False,,False
29,random,fixed_random__block_29__0000,0000,16.0,40,20,0.5,0.525,0.00625,,False,,False
29,random,fixed_random__block_29__0000,0000,32.0,40,20,0.5,0.55,0.0125,,False,,False
29,random,fixed_random__block_29__0000,0000,64.0,40,20,0.5,0.525,0.00625,,False,,False
29,random,fixed_random__block_29__0000,0000,128.0,40,20,0.5,0.525,0.00625,,False,,False
29,random,fixed_random__block_29__0000,0000,256.0,40,20,0.5,0.55,0.0125,,False,,False
29,random,fixed_random__block_29__0000,0000,512.0,40,20,0.5,0.525,0.00625,,False,,False
29,random,fixed_random__block_29__0000,0000,1024.0,40,20,0.5,0.5,0.0,,False,,False
29,random,fixed_random__block_29__0000,0000,2048.0,40,20,0.5,0.5125,0.00625,,False,,False
29,random,fixed_random__block_29__0000,0000,4096.0,40,20,0.5,0.4875,-0.003125,,False,,False
29,random,fixed_random__block_29__0000,0000,8192.0,40,20,0.5,0.5125,-0.003125,,False,,False
29,random,fixed_random__block_29__0001,0001,0.0625,40,20,0.5,0.5,0.0,,False,,False
29,random,fixed_random__block_29__0001,0001,0.125,40,20,0.5,0.5,0.0,,False,,False
29,random,fixed_random__block_29__0001,0001,0.25,40,20,0.5,0.5125,0.003125,,False,,False
29,random,fixed_random__block_29__0001,0001,0.5,40,20,0.5,0.475,-0.00625,,False,,False
29,random,fixed_random__block_29__0001,0001,1.0,40,20,0.5,0.5125,0.003125,,False,,False
29,random,fixed_random__block_29__0001,0001,2.0,40,20,0.5,0.5,0.0,,False,,False
29,random,fixed_random__block_29__0001,0001,4.0,40,20,0.5,0.5,0.0,,False,,False
29,random,fixed_random__block_29__0001,0001,8.0,40,20,0.5,0.4875,-0.003125,,False,,False
29,random,fixed_random__block_29__0001,0001,16.0,40,20,0.5,0.5,0.0,,False,,False
29,random,fixed_random__block_29__0001,0001,32.0,40,20,0.5,0.475,-0.00625,,False,,False
29,random,fixed_random__block_29__0001,0001,64.0,40,20,0.5,0.5125,0.003125,,False,,False
29,random,fixed_random__block_29__0001,0001,128.0,40,20,0.5,0.475,-0.00625,,False,,False
29,random,fixed_random__block_29__0001,0001,256.0,40,20,0.5,0.525,0.00625,,False,,False
29,random,fixed_random__block_29__0001,0001,512.0,40,20,0.5,0.475,-0.003125,,False,,False
29,random,fixed_random__block_29__0001,0001,1024.0,40,20,0.5,0.5,0.00625,,False,,False
29,random,fixed_random__block_29__0001,0001,2048.0,40,20,0.5,0.45,-0.003125,,False,,False
29,random,fixed_random__block_29__0001,0001,4096.0,40,20,0.5,0.45,-0.015625,,False,,False
29,random,fixed_random__block_29__0001,0001,8192.0,40,20,0.5,0.4875,-0.003125,,False,,False
29,random,fixed_random__block_29__0002,0002,0.0625,40,20,0.5,0.4875,-0.003125,,False,,False
29,random,fixed_random__block_29__0002,0002,0.125,40,20,0.5,0.4875,-0.003125,,False,,False
29,random,fixed_random__block_29__0002,0002,0.25,40,20,0.5,0.5,0.0,,False,,False
29,random,fixed_random__block_29__0002,0002,0.5,40,20,0.5,0.475,-0.00625,,False,,False
29,random,fixed_random__block_29__0002,0002,1.0,40,20,0.5,0.575,0.01875,,False,,False
29,random,fixed_random__block_29__0002,0002,2.0,40,20,0.5,0.4625,-0.009375,,False,,False
29,random,fixed_random__block_29__0002,0002,4.0,40,20,0.5,0.5375,0.009375,,False,,False
29,random,fixed_random__block_29__0002,0002,8.0,40,20,0.5,0.45,-0.0125,,False,,False
29,random,fixed_random__block_29__0002,0002,16.0,40,20,0.5,0.5375,0.009375,,False,,False
29,random,fixed_random__block_29__0002,0002,32.0,40,20,0.5,0.475,-0.00625,,False,,False
29,random,fixed_random__block_29__0002,0002,64.0,40,20,0.5,0.525,0.00625,,False,,False
29,random,fixed_random__block_29__0002,0002,128.0,40,20,0.5,0.5,0.0,,False,,False
29,random,fixed_random__block_29__0002,0002,256.0,40,20,0.5,0.5375,0.009375,,False,,False
29,random,fixed_random__block_29__0002,0002,512.0,40,20,0.5,0.5375,0.009375,,False,,False
29,random,fixed_random__block_29__0002,0002,1024.0,40,20,0.5,0.5125,0.0125,,False,,False
29,random,fixed_random__block_29__0002,0002,2048.0,40,20,0.5,0.5125,-0.0125,,False,,False
29,random,fixed_random__block_29__0002,0002,4096.0,40,20,0.5,0.5,0.0,,False,,False
29,random,fixed_random__block_29__0002,0002,8192.0,40,20,0.5,0.4875,-0.009375,,False,,False
30,concept,concept__block_30__Dust,Dust,0.0625,40,20,0.5,0.5125,0.003125,,False,,False
30,concept,concept__block_30__Dust,Dust,0.125,40,20,0.5,0.5125,0.003125,,False,,False
30,concept,concept__block_30__Dust,Dust,0.25,40,20,0.5,0.525,0.00625,,False,,False
30,concept,concept__block_30__Dust,Dust,0.5,40,20,0.5,0.5,0.0,,False,,False
30,concept,concept__block_30__Dust,Dust,1.0,40,20,0.5,0.5,0.0,,False,,False
30,concept,concept__block_30__Dust,Dust,2.0,40,20,0.5,0.5125,0.003125,,False,,False
30,concept,concept__block_30__Dust,Dust,4.0,40,20,0.5,0.4625,-0.009375,,False,,False
30,concept,concept__block_30__Dust,Dust,8.0,40,20,0.5,0.525,0.00625,,False,,False
30,concept,concept__block_30__Dust,Dust,16.0,40,20,0.5,0.475,-0.00625,,False,,False
30,concept,concept__block_30__Dust,Dust,32.0,40,20,0.5,0.525,0.00625,,False,,False
30,concept,concept__block_30__Dust,Dust,64.0,40,20,0.5,0.4875,-0.003125,,False,,False
30,concept,concept__block_30__Dust,Dust,128.0,40,20,0.5,0.5125,0.003125,,False,,False
30,concept,concept__block_30__Dust,Dust,256.0,40,20,0.5,0.525,0.009375,,False,,False
30,concept,concept__block_30__Dust,Dust,512.0,40,20,0.5,0.5,0.0,,False,,False
30,concept,concept__block_30__Dust,Dust,1024.0,40,20,0.5,0.5125,0.003125,,False,,False
30,concept,concept__block_30__Dust,Dust,2048.0,40,20,0.5,0.475,-0.00625,,False,,False
30,concept,concept__block_30__Dust,Dust,4096.0,40,20,0.5,0.5,0.0,,False,,False
30,concept,concept__block_30__Dust,Dust,8192.0,40,20,0.5,0.4875,0.0,,False,,False
30,concept,concept__block_30__Satellites,Satellites,0.0625,40,20,0.5,0.5,0.0,,False,,False
30,concept,concept__block_30__Satellites,Satellites,0.125,40,20,0.5,0.4875,-0.003125,,False,,False
30,concept,concept__block_30__Satellites,Satellites,0.25,40,20,0.5,0.5,0.0,,False,,False
30,concept,concept__block_30__Satellites,Satellites,0.5,40,20,0.5,0.5125,0.003125,,False,,False
30,concept,concept__block_30__Satellites,Satellites,1.0,40,20,0.5,0.5125,0.003125,,False,,False
30,concept,concept__block_30__Satellites,Satellites,2.0,40,20,0.5,0.525,0.00625,,False,,False
30,concept,concept__block_30__Satellites,Satellites,4.0,40,20,0.5,0.5,0.0,,False,,False
30,concept,concept__block_30__Satellites,Satellites,8.0,40,20,0.5,0.5,0.0,,False,,False
30,concept,concept__block_30__Satellites,Satellites,16.0,40,20,0.5,0.4875,-0.003125,,False,,False
30,concept,concept__block_30__Satellites,Satellites,32.0,40,20,0.5,0.5,0.0,,False,,False
30,concept,concept__block_30__Satellites,Satellites,64.0,40,20,0.5,0.5375,0.009375,,False,,False
30,concept,concept__block_30__Satellites,Satellites,128.0,40,20,0.5,0.5125,0.00625,,False,,False
30,concept,concept__block_30__Satellites,Satellites,256.0,40,20,0.5,0.525,0.009375,,False,,False
30,concept,concept__block_30__Satellites,Satellites,512.0,40,20,0.5,0.4875,-0.003125,,False,,False
30,concept,concept__block_30__Satellites,Satellites,1024.0,40,20,0.5,0.5,-0.00625,,False,,False
30,concept,concept__block_30__Satellites,Satellites,2048.0,40,20,0.5,0.5,0.00625,,False,,False
30,concept,concept__block_30__Satellites,Satellites,4096.0,40,20,0.5,0.5,0.0125,,False,,False
30,concept,concept__block_30__Satellites,Satellites,8192.0,40,20,0.5,0.5,0.00625,,False,,False
30,concept,concept__block_30__recursion,recursion,0.0625,40,20,0.5,0.5,0.0,,False,,False
30,concept,concept__block_30__recursion,recursion,0.125,40,20,0.5,0.5375,0.009375,,False,,False
30,concept,concept__block_30__recursion,recursion,0.25,40,20,0.5,0.4875,-0.003125,,False,,False
30,concept,concept__block_30__recursion,recursion,0.5,40,20,0.5,0.5,0.0,,False,,False
30,concept,concept__block_30__recursion,recursion,1.0,40,20,0.5,0.475,-0.00625,,False,,False
30,concept,concept__block_30__recursion,recursion,2.0,40,20,0.5,0.5375,0.009375,,False,,False
30,concept,concept__block_30__recursion,recursion,4.0,40,20,0.5,0.475,-0.00625,,False,,False
30,concept,concept__block_30__recursion,recursion,8.0,40,20,0.5,0.5125,0.003125,,False,,False
30,concept,concept__block_30__recursion,recursion,16.0,40,20,0.5,0.4875,-0.003125,,False,,False
30,concept,concept__block_30__recursion,recursion,32.0,40,20,0.5,0.4875,-0.003125,,False,,False
30,concept,concept__block_30__recursion,recursion,64.0,40,20,0.5,0.4625,-0.009375,,False,,False
30,concept,concept__block_30__recursion,recursion,128.0,40,20,0.5,0.4875,-0.003125,,False,,False
30,concept,concept__block_30__recursion,recursion,256.0,40,20,0.5,0.5,0.0,,False,,False
30,concept,concept__block_30__recursion,recursion,512.0,40,20,0.5,0.5,0.0125,,False,,False
30,concept,concept__block_30__recursion,recursion,1024.0,40,20,0.5,0.5,0.009375,,False,,False
30,concept,concept__block_30__recursion,recursion,2048.0,40,20,0.5,0.5,-0.009375,,False,,False
30,concept,concept__block_30__recursion,recursion,4096.0,40,20,0.5,0.5125,0.009375,,False,,False
30,concept,concept__block_30__recursion,recursion,8192.0,40,20,0.5,0.5125,0.00625,,False,,False
30,concept,concept__block_30__shutdown,shutdown,0.0625,40,20,0.5,0.4875,-0.003125,,False,,False
30,concept,concept__block_30__shutdown,shutdown,0.125,40,20,0.5,0.5125,0.003125,,False,,False
30,concept,concept__block_30__shutdown,shutdown,0.25,40,20,0.5,0.4875,-0.003125,,False,,False
30,concept,concept__block_30__shutdown,shutdown,0.5,40,20,0.5,0.5125,0.003125,,False,,False
30,concept,concept__block_30__shutdown,shutdown,1.0,40,20,0.5,0.4625,-0.009375,,False,,False
30,concept,concept__block_30__shutdown,shutdown,2.0,40,20,0.5,0.4875,-0.003125,,False,,False
30,concept,concept__block_30__shutdown,shutdown,4.0,40,20,0.5,0.525,0.00625,,False,,False
30,concept,concept__block_30__shutdown,shutdown,8.0,40,20,0.5,0.5,0.0,,False,,False
30,concept,concept__block_30__shutdown,shutdown,16.0,40,20,0.5,0.475,-0.00625,,False,,False
30,concept,concept__block_30__shutdown,shutdown,32.0,40,20,0.5,0.5,0.0,,False,,False
30,concept,concept__block_30__shutdown,shutdown,64.0,40,20,0.5,0.5,0.0,,False,,False
30,concept,concept__block_30__shutdown,shutdown,128.0,40,20,0.5,0.5125,0.003125,,False,,False
30,concept,concept__block_30__shutdown,shutdown,256.0,40,20,0.5,0.4625,-0.0125,,False,,False
30,concept,concept__block_30__shutdown,shutdown,512.0,40,20,0.5,0.4875,0.0,,False,,False
30,concept,concept__block_30__shutdown,shutdown,1024.0,40,20,0.5,0.45,-0.0125,,False,,False
30,concept,concept__block_30__shutdown,shutdown,2048.0,40,20,0.5,0.525,0.009375,,False,,False
30,concept,concept__block_30__shutdown,shutdown,4096.0,40,20,0.5,0.5375,0.009375,,False,,False
30,concept,concept__block_30__shutdown,shutdown,8192.0,40,20,0.5,0.5,0.003125,,False,,False
30,dropout,dropout_realization_00,dropout_realization_00,0.0625,40,20,0.5,0.5,0.0,,False,,False
30,dropout,dropout_realization_00,dropout_realization_00,0.125,40,20,0.5,0.5,0.0,,False,,False
30,dropout,dropout_realization_00,dropout_realization_00,0.25,40,20,0.5,0.5,0.0,,False,,False
30,dropout,dropout_realization_00,dropout_realization_00,0.5,40,20,0.5,0.4875,-0.003125,,False,,False
30,dropout,dropout_realization_00,dropout_realization_00,1.0,40,20,0.5,0.5,0.0,,False,,False
30,dropout,dropout_realization_00,dropout_realization_00,2.0,40,20,0.5,0.5125,0.003125,,False,,False
30,dropout,dropout_realization_00,dropout_realization_00,4.0,40,20,0.5,0.4875,-0.003125,,False,,False
30,dropout,dropout_realization_00,dropout_realization_00,8.0,40,20,0.5,0.475,-0.00625,,False,,False
30,dropout,dropout_realization_00,dropout_realization_00,16.0,40,20,0.5,0.475,-0.00625,,False,,False
30,dropout,dropout_realization_00,dropout_realization_00,32.0,40,20,0.5,0.55,0.0125,,False,,False
30,dropout,dropout_realization_00,dropout_realization_00,64.0,40,20,0.5,0.5375,0.009375,,False,,False
30,dropout,dropout_realization_00,dropout_realization_00,128.0,40,20,0.5,0.5125,0.003125,,False,,False
30,dropout,dropout_realization_00,dropout_realization_00,256.0,40,20,0.5,0.5,0.0,,False,,False
30,dropout,dropout_realization_00,dropout_realization_00,512.0,40,20,0.5,0.5375,0.009375,,False,,False
30,dropout,dropout_realization_00,dropout_realization_00,1024.0,40,20,0.5,0.6,0.028125,,False,,False
30,dropout,dropout_realization_00,dropout_realization_00,2048.0,40,20,0.5,0.4,-0.03125,,False,,False
30,dropout,dropout_realization_00,dropout_realization_00,4096.0,40,20,0.5,0.5,0.00625,,False,,False
30,dropout,dropout_realization_00,dropout_realization_00,8192.0,40,20,0.5,0.475,-0.0125,,False,,False
30,dropout,dropout_realization_01,dropout_realization_01,0.0625,40,20,0.5,0.5,0.0,,False,,False
30,dropout,dropout_realization_01,dropout_realization_01,0.125,40,20,0.5,0.5,0.0,,False,,False
30,dropout,dropout_realization_01,dropout_realization_01,0.25,40,20,0.5,0.5,0.0,,False,,False
30,dropout,dropout_realization_01,dropout_realization_01,0.5,40,20,0.5,0.4875,-0.003125,,False,,False
30,dropout,dropout_realization_01,dropout_realization_01,1.0,40,20,0.5,0.4875,-0.003125,,False,,False
30,dropout,dropout_realization_01,dropout_realization_01,2.0,40,20,0.5,0.5,0.0,,False,,False
30,dropout,dropout_realization_01,dropout_realization_01,4.0,40,20,0.5,0.5375,0.009375,,False,,False
30,dropout,dropout_realization_01,dropout_realization_01,8.0,40,20,0.5,0.5125,0.003125,,False,,False
30,dropout,dropout_realization_01,dropout_realization_01,16.0,40,20,0.5,0.475,-0.00625,,False,,False
30,dropout,dropout_realization_01,dropout_realization_01,32.0,40,20,0.5,0.525,0.00625,,False,,False
30,dropout,dropout_realization_01,dropout_realization_01,64.0,40,20,0.5,0.5,0.0,,False,,False
30,dropout,dropout_realization_01,dropout_realization_01,128.0,40,20,0.5,0.4875,-0.003125,,False,,False
30,dropout,dropout_realization_01,dropout_realization_01,256.0,40,20,0.5,0.5125,0.003125,,False,,False
30,dropout,dropout_realization_01,dropout_realization_01,512.0,40,20,0.5,0.55,0.01875,,False,,False
30,dropout,dropout_realization_01,dropout_realization_01,1024.0,40,20,0.5,0.4875,-0.00625,,False,,False
30,dropout,dropout_realization_01,dropout_realization_01,2048.0,40,20,0.5,0.475,0.003125,,False,,False
30,dropout,dropout_realization_01,dropout_realization_01,4096.0,40,20,0.5,0.5875,0.0375,,False,,False
30,dropout,dropout_realization_01,dropout_realization_01,8192.0,40,20,0.5,0.5625,0.015625,,False,,False
30,noise,noise_realization_00,noise_realization_00,0.0625,40,20,0.5,0.5,0.0,,False,,False
30,noise,noise_realization_00,noise_realization_00,0.125,40,20,0.5,0.4875,-0.003125,,False,,False
30,noise,noise_realization_00,noise_realization_00,0.25,40,20,0.5,0.5125,0.003125,,False,,False
30,noise,noise_realization_00,noise_realization_00,0.5,40,20,0.5,0.5,0.0,,False,,False
30,noise,noise_realization_00,noise_realization_00,1.0,40,20,0.5,0.5125,0.003125,,False,,False
30,noise,noise_realization_00,noise_realization_00,2.0,40,20,0.5,0.5625,0.015625,,False,,False
30,noise,noise_realization_00,noise_realization_00,4.0,40,20,0.5,0.5375,0.009375,,False,,False
30,noise,noise_realization_00,noise_realization_00,8.0,40,20,0.5,0.4875,-0.003125,,False,,False
30,noise,noise_realization_00,noise_realization_00,16.0,40,20,0.5,0.4875,-0.003125,,False,,False
30,noise,noise_realization_00,noise_realization_00,32.0,40,20,0.5,0.525,0.00625,,False,,False
30,noise,noise_realization_00,noise_realization_00,64.0,40,20,0.5,0.5125,0.003125,,False,,False
30,noise,noise_realization_00,noise_realization_00,128.0,40,20,0.5,0.525,0.00625,,False,,False
30,noise,noise_realization_00,noise_realization_00,256.0,40,20,0.5,0.525,0.00625,,False,,False
30,noise,noise_realization_00,noise_realization_00,512.0,40,20,0.5,0.525,0.0125,,False,,False
30,noise,noise_realization_00,noise_realization_00,1024.0,40,20,0.5,0.45,-0.015625,,False,,False
30,noise,noise_realization_00,noise_realization_00,2048.0,40,20,0.5,0.5875,0.025,,False,,False
30,noise,noise_realization_00,noise_realization_00,4096.0,40,20,0.5,0.45,-0.009375,,False,,False
30,noise,noise_realization_00,noise_realization_00,8192.0,40,20,0.5,0.5375,0.009375,,False,,False
30,noise,noise_realization_01,noise_realization_01,0.0625,40,20,0.5,0.5125,0.003125,,False,,False
30,noise,noise_realization_01,noise_realization_01,0.125,40,20,0.5,0.4875,-0.003125,,False,,False
30,noise,noise_realization_01,noise_realization_01,0.25,40,20,0.5,0.4875,-0.003125,,False,,False
30,noise,noise_realization_01,noise_realization_01,0.5,40,20,0.5,0.4875,-0.003125,,False,,False
30,noise,noise_realization_01,noise_realization_01,1.0,40,20,0.5,0.4875,-0.003125,,False,,False
30,noise,noise_realization_01,noise_realization_01,2.0,40,20,0.5,0.5125,0.003125,,False,,False
30,noise,noise_realization_01,noise_realization_01,4.0,40,20,0.5,0.5,0.0,,False,,False
30,noise,noise_realization_01,noise_realization_01,8.0,40,20,0.5,0.4875,-0.003125,,False,,False
30,noise,noise_realization_01,noise_realization_01,16.0,40,20,0.5,0.5125,0.003125,,False,,False
30,noise,noise_realization_01,noise_realization_01,32.0,40,20,0.5,0.525,0.00625,,False,,False
30,noise,noise_realization_01,noise_realization_01,64.0,40,20,0.5,0.525,0.00625,,False,,False
30,noise,noise_realization_01,noise_realization_01,128.0,40,20,0.5,0.5,0.0,,False,,False
30,noise,noise_realization_01,noise_realization_01,256.0,40,20,0.5,0.4875,-0.003125,,False,,False
30,noise,noise_realization_01,noise_realization_01,512.0,40,20,0.5,0.575,0.01875,,False,,False
30,noise,noise_realization_01,noise_realization_01,1024.0,40,20,0.5,0.45,-0.015625,,False,,False
30,noise,noise_realization_01,noise_realization_01,2048.0,40,20,0.5,0.5,-0.003125,,False,,False
30,noise,noise_realization_01,noise_realization_01,4096.0,40,20,0.5,0.5125,0.003125,,False,,False
30,noise,noise_realization_01,noise_realization_01,8192.0,40,20,0.5,0.5375,0.0125,,False,,False
30,random,fixed_random__block_30__0000,0000,0.0625,40,20,0.5,0.5375,0.009375,,False,,False
30,random,fixed_random__block_30__0000,0000,0.125,40,20,0.5,0.475,-0.00625,,False,,False
30,random,fixed_random__block_30__0000,0000,0.25,40,20,0.5,0.5375,0.009375,,False,,False
30,random,fixed_random__block_30__0000,0000,0.5,40,20,0.5,0.4875,-0.003125,,False,,False
30,random,fixed_random__block_30__0000,0000,1.0,40,20,0.5,0.4625,-0.009375,,False,,False
30,random,fixed_random__block_30__0000,0000,2.0,40,20,0.5,0.525,0.00625,,False,,False
30,random,fixed_random__block_30__0000,0000,4.0,40,20,0.5,0.475,-0.00625,,False,,False
30,random,fixed_random__block_30__0000,0000,8.0,40,20,0.5,0.4875,-0.003125,,False,,False
30,random,fixed_random__block_30__0000,0000,16.0,40,20,0.5,0.5,0.0,,False,,False
30,random,fixed_random__block_30__0000,0000,32.0,40,20,0.5,0.5,0.0,,False,,False
30,random,fixed_random__block_30__0000,0000,64.0,40,20,0.5,0.525,0.00625,,False,,False
30,random,fixed_random__block_30__0000,0000,128.0,40,20,0.5,0.45,-0.0125,,False,,False
30,random,fixed_random__block_30__0000,0000,256.0,40,20,0.5,0.55,0.009375,,False,,False
30,random,fixed_random__block_30__0000,0000,512.0,40,20,0.5,0.525,0.0125,,False,,False
30,random,fixed_random__block_30__0000,0000,1024.0,40,20,0.5,0.4875,-0.003125,,False,,False
30,random,fixed_random__block_30__0000,0000,2048.0,40,20,0.5,0.4875,0.003125,,False,,False
30,random,fixed_random__block_30__0000,0000,4096.0,40,20,0.5,0.45,-0.0125,,False,,False
30,random,fixed_random__block_30__0000,0000,8192.0,40,20,0.5,0.4875,-0.003125,,False,,False
30,random,fixed_random__block_30__0001,0001,0.0625,40,20,0.5,0.525,0.00625,,False,,False
30,random,fixed_random__block_30__0001,0001,0.125,40,20,0.5,0.4625,-0.009375,,False,,False
30,random,fixed_random__block_30__0001,0001,0.25,40,20,0.5,0.5375,0.009375,,False,,False
30,random,fixed_random__block_30__0001,0001,0.5,40,20,0.5,0.525,0.00625,,False,,False
30,random,fixed_random__block_30__0001,0001,1.0,40,20,0.5,0.5,0.0,,False,,False
30,random,fixed_random__block_30__0001,0001,2.0,40,20,0.5,0.5,0.0,,False,,False
30,random,fixed_random__block_30__0001,0001,4.0,40,20,0.5,0.4875,-0.003125,,False,,False
30,random,fixed_random__block_30__0001,0001,8.0,40,20,0.5,0.475,-0.00625,,False,,False
30,random,fixed_random__block_30__0001,0001,16.0,40,20,0.5,0.5,0.0,,False,,False
30,random,fixed_random__block_30__0001,0001,32.0,40,20,0.5,0.475,-0.00625,,False,,False
30,random,fixed_random__block_30__0001,0001,64.0,40,20,0.5,0.55,0.0125,,False,,False
30,random,fixed_random__block_30__0001,0001,128.0,40,20,0.5,0.4625,-0.009375,,False,,False
30,random,fixed_random__block_30__0001,0001,256.0,40,20,0.5,0.45,-0.0125,,False,,False
30,random,fixed_random__block_30__0001,0001,512.0,40,20,0.5,0.575,0.021875,,False,,False
30,random,fixed_random__block_30__0001,0001,1024.0,40,20,0.5,0.5,-0.00625,,False,,False
30,random,fixed_random__block_30__0001,0001,2048.0,40,20,0.5,0.5125,0.003125,,False,,False
30,random,fixed_random__block_30__0001,0001,4096.0,40,20,0.5,0.45,-0.009375,,False,,False
30,random,fixed_random__block_30__0001,0001,8192.0,40,20,0.5,0.475,0.0,,False,,False
30,random,fixed_random__block_30__0002,0002,0.0625,40,20,0.5,0.4875,-0.003125,,False,,False
30,random,fixed_random__block_30__0002,0002,0.125,40,20,0.5,0.5,0.0,,False,,False
30,random,fixed_random__block_30__0002,0002,0.25,40,20,0.5,0.4875,-0.003125,,False,,False
30,random,fixed_random__block_30__0002,0002,0.5,40,20,0.5,0.4875,-0.003125,,False,,False
30,random,fixed_random__block_30__0002,0002,1.0,40,20,0.5,0.5125,0.003125,,False,,False
30,random,fixed_random__block_30__0002,0002,2.0,40,20,0.5,0.4625,-0.009375,,False,,False
30,random,fixed_random__block_30__0002,0002,4.0,40,20,0.5,0.525,0.00625,,False,,False
30,random,fixed_random__block_30__0002,0002,8.0,40,20,0.5,0.4625,-0.009375,,False,,False
30,random,fixed_random__block_30__0002,0002,16.0,40,20,0.5,0.525,0.00625,,False,,False
30,random,fixed_random__block_30__0002,0002,32.0,40,20,0.5,0.4875,-0.003125,,False,,False
30,random,fixed_random__block_30__0002,0002,64.0,40,20,0.5,0.4875,-0.003125,,False,,False
30,random,fixed_random__block_30__0002,0002,128.0,40,20,0.5,0.4625,-0.009375,,False,,False
30,random,fixed_random__block_30__0002,0002,256.0,40,20,0.5,0.525,0.00625,,False,,False
30,random,fixed_random__block_30__0002,0002,512.0,40,20,0.5,0.525,0.00625,,False,,False
30,random,fixed_random__block_30__0002,0002,1024.0,40,20,0.5,0.4875,-0.00625,,False,,False
30,random,fixed_random__block_30__0002,0002,2048.0,40,20,0.5,0.5,0.0,,False,,False
30,random,fixed_random__block_30__0002,0002,4096.0,40,20,0.5,0.475,-0.00625,,False,,False
30,random,fixed_random__block_30__0002,0002,8192.0,40,20,0.5,0.5375,0.009375,,False,,False
31,concept,concept__block_31__Dust,Dust,0.0625,40,20,0.5,0.5,0.0,,False,,False
31,concept,concept__block_31__Dust,Dust,0.125,40,20,0.5,0.5,0.0,,False,,False
31,concept,concept__block_31__Dust,Dust,0.25,40,20,0.5,0.5,0.0,,False,,False
31,concept,concept__block_31__Dust,Dust,0.5,40,20,0.5,0.5,0.0,,False,,False
31,concept,concept__block_31__Dust,Dust,1.0,40,20,0.5,0.5,0.0,,False,,False
31,concept,concept__block_31__Dust,Dust,2.0,40,20,0.5,0.5,0.0,,False,,False
31,concept,concept__block_31__Dust,Dust,4.0,40,20,0.5,0.5,0.0,,False,,False
31,concept,concept__block_31__Dust,Dust,8.0,40,20,0.5,0.5,0.0,,False,,False
31,concept,concept__block_31__Dust,Dust,16.0,40,20,0.5,0.5,0.0,,False,,False
31,concept,concept__block_31__Dust,Dust,32.0,40,20,0.5,0.5,0.0,,False,,False
31,concept,concept__block_31__Dust,Dust,64.0,40,20,0.5,0.5,0.0,,False,,False
31,concept,concept__block_31__Dust,Dust,128.0,40,20,0.5,0.5,0.0,,False,,False
31,concept,concept__block_31__Dust,Dust,256.0,40,20,0.5,0.5,0.0,,False,,False
31,concept,concept__block_31__Dust,Dust,512.0,40,20,0.5,0.5,0.0,,False,,False
31,concept,concept__block_31__Dust,Dust,1024.0,40,20,0.5,0.5,0.0,,False,,False
31,concept,concept__block_31__Dust,Dust,2048.0,40,20,0.5,0.5,0.0,,False,,False
31,concept,concept__block_31__Dust,Dust,4096.0,40,20,0.5,0.5,0.0,,False,,False
31,concept,concept__block_31__Dust,Dust,8192.0,40,20,0.5,0.5,0.0,,False,,False
31,concept,concept__block_31__Satellites,Satellites,0.0625,40,20,0.5,0.5,0.0,,False,,False
31,concept,concept__block_31__Satellites,Satellites,0.125,40,20,0.5,0.5,0.0,,False,,False
31,concept,concept__block_31__Satellites,Satellites,0.25,40,20,0.5,0.5,0.0,,False,,False
31,concept,concept__block_31__Satellites,Satellites,0.5,40,20,0.5,0.5,0.0,,False,,False
31,concept,concept__block_31__Satellites,Satellites,1.0,40,20,0.5,0.5,0.0,,False,,False
31,concept,concept__block_31__Satellites,Satellites,2.0,40,20,0.5,0.5,0.0,,False,,False
31,concept,concept__block_31__Satellites,Satellites,4.0,40,20,0.5,0.5,0.0,,False,,False
31,concept,concept__block_31__Satellites,Satellites,8.0,40,20,0.5,0.5,0.0,,False,,False
31,concept,concept__block_31__Satellites,Satellites,16.0,40,20,0.5,0.5,0.0,,False,,False
31,concept,concept__block_31__Satellites,Satellites,32.0,40,20,0.5,0.5,0.0,,False,,False
31,concept,concept__block_31__Satellites,Satellites,64.0,40,20,0.5,0.5,0.0,,False,,False
31,concept,concept__block_31__Satellites,Satellites,128.0,40,20,0.5,0.5,0.0,,False,,False
31,concept,concept__block_31__Satellites,Satellites,256.0,40,20,0.5,0.5,0.0,,False,,False
31,concept,concept__block_31__Satellites,Satellites,512.0,40,20,0.5,0.5,0.0,,False,,False
31,concept,concept__block_31__Satellites,Satellites,1024.0,40,20,0.5,0.5,0.0,,False,,False
31,concept,concept__block_31__Satellites,Satellites,2048.0,40,20,0.5,0.5,0.0,,False,,False
31,concept,concept__block_31__Satellites,Satellites,4096.0,40,20,0.5,0.5,0.0,,False,,False
31,concept,concept__block_31__Satellites,Satellites,8192.0,40,20,0.5,0.5,0.0,,False,,False
31,concept,concept__block_31__recursion,recursion,0.0625,40,20,0.5,0.5,0.0,,False,,False
31,concept,concept__block_31__recursion,recursion,0.125,40,20,0.5,0.5,0.0,,False,,False
31,concept,concept__block_31__recursion,recursion,0.25,40,20,0.5,0.5,0.0,,False,,False
31,concept,concept__block_31__recursion,recursion,0.5,40,20,0.5,0.5,0.0,,False,,False
31,concept,concept__block_31__recursion,recursion,1.0,40,20,0.5,0.5,0.0,,False,,False
31,concept,concept__block_31__recursion,recursion,2.0,40,20,0.5,0.5,0.0,,False,,False
31,concept,concept__block_31__recursion,recursion,4.0,40,20,0.5,0.5,0.0,,False,,False
31,concept,concept__block_31__recursion,recursion,8.0,40,20,0.5,0.5,0.0,,False,,False
31,concept,concept__block_31__recursion,recursion,16.0,40,20,0.5,0.5,0.0,,False,,False
31,concept,concept__block_31__recursion,recursion,32.0,40,20,0.5,0.5,0.0,,False,,False
31,concept,concept__block_31__recursion,recursion,64.0,40,20,0.5,0.5,0.0,,False,,False
31,concept,concept__block_31__recursion,recursion,128.0,40,20,0.5,0.5,0.0,,False,,False
31,concept,concept__block_31__recursion,recursion,256.0,40,20,0.5,0.5,0.0,,False,,False
31,concept,concept__block_31__recursion,recursion,512.0,40,20,0.5,0.5,0.0,,False,,False
31,concept,concept__block_31__recursion,recursion,1024.0,40,20,0.5,0.5,0.0,,False,,False
31,concept,concept__block_31__recursion,recursion,2048.0,40,20,0.5,0.5,0.0,,False,,False
31,concept,concept__block_31__recursion,recursion,4096.0,40,20,0.5,0.5,0.0,,False,,False
31,concept,concept__block_31__recursion,recursion,8192.0,40,20,0.5,0.5,0.0,,False,,False
31,concept,concept__block_31__shutdown,shutdown,0.0625,40,20,0.5,0.5,0.0,,False,,False
31,concept,concept__block_31__shutdown,shutdown,0.125,40,20,0.5,0.5,0.0,,False,,False
31,concept,concept__block_31__shutdown,shutdown,0.25,40,20,0.5,0.5,0.0,,False,,False
31,concept,concept__block_31__shutdown,shutdown,0.5,40,20,0.5,0.5,0.0,,False,,False
31,concept,concept__block_31__shutdown,shutdown,1.0,40,20,0.5,0.5,0.0,,False,,False
31,concept,concept__block_31__shutdown,shutdown,2.0,40,20,0.5,0.5,0.0,,False,,False
31,concept,concept__block_31__shutdown,shutdown,4.0,40,20,0.5,0.5,0.0,,False,,False
31,concept,concept__block_31__shutdown,shutdown,8.0,40,20,0.5,0.5,0.0,,False,,False
31,concept,concept__block_31__shutdown,shutdown,16.0,40,20,0.5,0.5,0.0,,False,,False
31,concept,concept__block_31__shutdown,shutdown,32.0,40,20,0.5,0.5,0.0,,False,,False
31,concept,concept__block_31__shutdown,shutdown,64.0,40,20,0.5,0.5,0.0,,False,,False
31,concept,concept__block_31__shutdown,shutdown,128.0,40,20,0.5,0.5,0.0,,False,,False
31,concept,concept__block_31__shutdown,shutdown,256.0,40,20,0.5,0.5,0.0,,False,,False
31,concept,concept__block_31__shutdown,shutdown,512.0,40,20,0.5,0.5,0.0,,False,,False
31,concept,concept__block_31__shutdown,shutdown,1024.0,40,20,0.5,0.5,0.0,,False,,False
31,concept,concept__block_31__shutdown,shutdown,2048.0,40,20,0.5,0.5,0.0,,False,,False
31,concept,concept__block_31__shutdown,shutdown,4096.0,40,20,0.5,0.5,0.0,,False,,False
31,concept,concept__block_31__shutdown,shutdown,8192.0,40,20,0.5,0.5,0.0,,False,,False
31,dropout,dropout_realization_00,dropout_realization_00,0.0625,40,20,0.5,0.5,0.0,,False,,False
31,dropout,dropout_realization_00,dropout_realization_00,0.125,40,20,0.5,0.5,0.0,,False,,False
31,dropout,dropout_realization_00,dropout_realization_00,0.25,40,20,0.5,0.5,0.0,,False,,False
31,dropout,dropout_realization_00,dropout_realization_00,0.5,40,20,0.5,0.5,0.0,,False,,False
31,dropout,dropout_realization_00,dropout_realization_00,1.0,40,20,0.5,0.5,0.0,,False,,False
31,dropout,dropout_realization_00,dropout_realization_00,2.0,40,20,0.5,0.5,0.0,,False,,False
31,dropout,dropout_realization_00,dropout_realization_00,4.0,40,20,0.5,0.5,0.0,,False,,False
31,dropout,dropout_realization_00,dropout_realization_00,8.0,40,20,0.5,0.5,0.0,,False,,False
31,dropout,dropout_realization_00,dropout_realization_00,16.0,40,20,0.5,0.5,0.0,,False,,False
31,dropout,dropout_realization_00,dropout_realization_00,32.0,40,20,0.5,0.5,0.0,,False,,False
31,dropout,dropout_realization_00,dropout_realization_00,64.0,40,20,0.5,0.5,0.0,,False,,False
31,dropout,dropout_realization_00,dropout_realization_00,128.0,40,20,0.5,0.5,0.0,,False,,False
31,dropout,dropout_realization_00,dropout_realization_00,256.0,40,20,0.5,0.5,0.0,,False,,False
31,dropout,dropout_realization_00,dropout_realization_00,512.0,40,20,0.5,0.5,0.0,,False,,False
31,dropout,dropout_realization_00,dropout_realization_00,1024.0,40,20,0.5,0.5,0.0,,False,,False
31,dropout,dropout_realization_00,dropout_realization_00,2048.0,40,20,0.5,0.5,0.0,,False,,False
31,dropout,dropout_realization_00,dropout_realization_00,4096.0,40,20,0.5,0.5,0.0,,False,,False
31,dropout,dropout_realization_00,dropout_realization_00,8192.0,40,20,0.5,0.5,0.0,,False,,False
31,dropout,dropout_realization_01,dropout_realization_01,0.0625,40,20,0.5,0.5,0.0,,False,,False
31,dropout,dropout_realization_01,dropout_realization_01,0.125,40,20,0.5,0.5,0.0,,False,,False
31,dropout,dropout_realization_01,dropout_realization_01,0.25,40,20,0.5,0.5,0.0,,False,,False
31,dropout,dropout_realization_01,dropout_realization_01,0.5,40,20,0.5,0.5,0.0,,False,,False
31,dropout,dropout_realization_01,dropout_realization_01,1.0,40,20,0.5,0.5,0.0,,False,,False
31,dropout,dropout_realization_01,dropout_realization_01,2.0,40,20,0.5,0.5,0.0,,False,,False
31,dropout,dropout_realization_01,dropout_realization_01,4.0,40,20,0.5,0.5,0.0,,False,,False
31,dropout,dropout_realization_01,dropout_realization_01,8.0,40,20,0.5,0.5,0.0,,False,,False
31,dropout,dropout_realization_01,dropout_realization_01,16.0,40,20,0.5,0.5,0.0,,False,,False
31,dropout,dropout_realization_01,dropout_realization_01,32.0,40,20,0.5,0.5,0.0,,False,,False
31,dropout,dropout_realization_01,dropout_realization_01,64.0,40,20,0.5,0.5,0.0,,False,,False
31,dropout,dropout_realization_01,dropout_realization_01,128.0,40,20,0.5,0.5,0.0,,False,,False
31,dropout,dropout_realization_01,dropout_realization_01,256.0,40,20,0.5,0.5,0.0,,False,,False
31,dropout,dropout_realization_01,dropout_realization_01,512.0,40,20,0.5,0.5,0.0,,False,,False
31,dropout,dropout_realization_01,dropout_realization_01,1024.0,40,20,0.5,0.5,0.0,,False,,False
31,dropout,dropout_realization_01,dropout_realization_01,2048.0,40,20,0.5,0.5,0.0,,False,,False
31,dropout,dropout_realization_01,dropout_realization_01,4096.0,40,20,0.5,0.5,0.0,,False,,False
31,dropout,dropout_realization_01,dropout_realization_01,8192.0,40,20,0.5,0.5,0.0,,False,,False
31,noise,noise_realization_00,noise_realization_00,0.0625,40,20,0.5,0.5,0.0,,False,,False
31,noise,noise_realization_00,noise_realization_00,0.125,40,20,0.5,0.5,0.0,,False,,False
31,noise,noise_realization_00,noise_realization_00,0.25,40,20,0.5,0.5,0.0,,False,,False
31,noise,noise_realization_00,noise_realization_00,0.5,40,20,0.5,0.5,0.0,,False,,False
31,noise,noise_realization_00,noise_realization_00,1.0,40,20,0.5,0.5,0.0,,False,,False
31,noise,noise_realization_00,noise_realization_00,2.0,40,20,0.5,0.5,0.0,,False,,False
31,noise,noise_realization_00,noise_realization_00,4.0,40,20,0.5,0.5,0.0,,False,,False
31,noise,noise_realization_00,noise_realization_00,8.0,40,20,0.5,0.5,0.0,,False,,False
31,noise,noise_realization_00,noise_realization_00,16.0,40,20,0.5,0.5,0.0,,False,,False
31,noise,noise_realization_00,noise_realization_00,32.0,40,20,0.5,0.5,0.0,,False,,False
31,noise,noise_realization_00,noise_realization_00,64.0,40,20,0.5,0.5,0.0,,False,,False
31,noise,noise_realization_00,noise_realization_00,128.0,40,20,0.5,0.5,0.0,,False,,False
31,noise,noise_realization_00,noise_realization_00,256.0,40,20,0.5,0.5,0.0,,False,,False
31,noise,noise_realization_00,noise_realization_00,512.0,40,20,0.5,0.5,0.0,,False,,False
31,noise,noise_realization_00,noise_realization_00,1024.0,40,20,0.5,0.5,0.0,,False,,False
31,noise,noise_realization_00,noise_realization_00,2048.0,40,20,0.5,0.5,0.0,,False,,False
31,noise,noise_realization_00,noise_realization_00,4096.0,40,20,0.5,0.5,0.0,,False,,False
31,noise,noise_realization_00,noise_realization_00,8192.0,40,20,0.5,0.5,0.0,,False,,False
31,noise,noise_realization_01,noise_realization_01,0.0625,40,20,0.5,0.5,0.0,,False,,False
31,noise,noise_realization_01,noise_realization_01,0.125,40,20,0.5,0.5,0.0,,False,,False
31,noise,noise_realization_01,noise_realization_01,0.25,40,20,0.5,0.5,0.0,,False,,False
31,noise,noise_realization_01,noise_realization_01,0.5,40,20,0.5,0.5,0.0,,False,,False
31,noise,noise_realization_01,noise_realization_01,1.0,40,20,0.5,0.5,0.0,,False,,False
31,noise,noise_realization_01,noise_realization_01,2.0,40,20,0.5,0.5,0.0,,False,,False
31,noise,noise_realization_01,noise_realization_01,4.0,40,20,0.5,0.5,0.0,,False,,False
31,noise,noise_realization_01,noise_realization_01,8.0,40,20,0.5,0.5,0.0,,False,,False
31,noise,noise_realization_01,noise_realization_01,16.0,40,20,0.5,0.5,0.0,,False,,False
31,noise,noise_realization_01,noise_realization_01,32.0,40,20,0.5,0.5,0.0,,False,,False
31,noise,noise_realization_01,noise_realization_01,64.0,40,20,0.5,0.5,0.0,,False,,False
31,noise,noise_realization_01,noise_realization_01,128.0,40,20,0.5,0.5,0.0,,False,,False
31,noise,noise_realization_01,noise_realization_01,256.0,40,20,0.5,0.5,0.0,,False,,False
31,noise,noise_realization_01,noise_realization_01,512.0,40,20,0.5,0.5,0.0,,False,,False
31,noise,noise_realization_01,noise_realization_01,1024.0,40,20,0.5,0.5,0.0,,False,,False
31,noise,noise_realization_01,noise_realization_01,2048.0,40,20,0.5,0.5,0.0,,False,,False
31,noise,noise_realization_01,noise_realization_01,4096.0,40,20,0.5,0.5,0.0,,False,,False
31,noise,noise_realization_01,noise_realization_01,8192.0,40,20,0.5,0.5,0.0,,False,,False
31,random,fixed_random__block_31__0000,0000,0.0625,40,20,0.5,0.5,0.0,,False,,False
31,random,fixed_random__block_31__0000,0000,0.125,40,20,0.5,0.5,0.0,,False,,False
31,random,fixed_random__block_31__0000,0000,0.25,40,20,0.5,0.5,0.0,,False,,False
31,random,fixed_random__block_31__0000,0000,0.5,40,20,0.5,0.5,0.0,,False,,False
31,random,fixed_random__block_31__0000,0000,1.0,40,20,0.5,0.5,0.0,,False,,False
31,random,fixed_random__block_31__0000,0000,2.0,40,20,0.5,0.5,0.0,,False,,False
31,random,fixed_random__block_31__0000,0000,4.0,40,20,0.5,0.5,0.0,,False,,False
31,random,fixed_random__block_31__0000,0000,8.0,40,20,0.5,0.5,0.0,,False,,False
31,random,fixed_random__block_31__0000,0000,16.0,40,20,0.5,0.5,0.0,,False,,False
31,random,fixed_random__block_31__0000,0000,32.0,40,20,0.5,0.5,0.0,,False,,False
31,random,fixed_random__block_31__0000,0000,64.0,40,20,0.5,0.5,0.0,,False,,False
31,random,fixed_random__block_31__0000,0000,128.0,40,20,0.5,0.5,0.0,,False,,False
31,random,fixed_random__block_31__0000,0000,256.0,40,20,0.5,0.5,0.0,,False,,False
31,random,fixed_random__block_31__0000,0000,512.0,40,20,0.5,0.5,0.0,,False,,False
31,random,fixed_random__block_31__0000,0000,1024.0,40,20,0.5,0.5,0.0,,False,,False
31,random,fixed_random__block_31__0000,0000,2048.0,40,20,0.5,0.5,0.0,,False,,False
31,random,fixed_random__block_31__0000,0000,4096.0,40,20,0.5,0.5,0.0,,False,,False
31,random,fixed_random__block_31__0000,0000,8192.0,40,20,0.5,0.5,0.0,,False,,False
31,random,fixed_random__block_31__0001,0001,0.0625,40,20,0.5,0.5,0.0,,False,,False
31,random,fixed_random__block_31__0001,0001,0.125,40,20,0.5,0.5,0.0,,False,,False
31,random,fixed_random__block_31__0001,0001,0.25,40,20,0.5,0.5,0.0,,False,,False
31,random,fixed_random__block_31__0001,0001,0.5,40,20,0.5,0.5,0.0,,False,,False
31,random,fixed_random__block_31__0001,0001,1.0,40,20,0.5,0.5,0.0,,False,,False
31,random,fixed_random__block_31__0001,0001,2.0,40,20,0.5,0.5,0.0,,False,,False
31,random,fixed_random__block_31__0001,0001,4.0,40,20,0.5,0.5,0.0,,False,,False
31,random,fixed_random__block_31__0001,0001,8.0,40,20,0.5,0.5,0.0,,False,,False
31,random,fixed_random__block_31__0001,0001,16.0,40,20,0.5,0.5,0.0,,False,,False
31,random,fixed_random__block_31__0001,0001,32.0,40,20,0.5,0.5,0.0,,False,,False
31,random,fixed_random__block_31__0001,0001,64.0,40,20,0.5,0.5,0.0,,False,,False
31,random,fixed_random__block_31__0001,0001,128.0,40,20,0.5,0.5,0.0,,False,,False
31,random,fixed_random__block_31__0001,0001,256.0,40,20,0.5,0.5,0.0,,False,,False
31,random,fixed_random__block_31__0001,0001,512.0,40,20,0.5,0.5,0.0,,False,,False
31,random,fixed_random__block_31__0001,0001,1024.0,40,20,0.5,0.5,0.0,,False,,False
31,random,fixed_random__block_31__0001,0001,2048.0,40,20,0.5,0.5,0.0,,False,,False
31,random,fixed_random__block_31__0001,0001,4096.0,40,20,0.5,0.5,0.0,,False,,False
31,random,fixed_random__block_31__0001,0001,8192.0,40,20,0.5,0.5,0.0,,False,,False
31,random,fixed_random__block_31__0002,0002,0.0625,40,20,0.5,0.5,0.0,,False,,False
31,random,fixed_random__block_31__0002,0002,0.125,40,20,0.5,0.5,0.0,,False,,False
31,random,fixed_random__block_31__0002,0002,0.25,40,20,0.5,0.5,0.0,,False,,False
31,random,fixed_random__block_31__0002,0002,0.5,40,20,0.5,0.5,0.0,,False,,False
31,random,fixed_random__block_31__0002,0002,1.0,40,20,0.5,0.5,0.0,,False,,False
31,random,fixed_random__block_31__0002,0002,2.0,40,20,0.5,0.5,0.0,,False,,False
31,random,fixed_random__block_31__0002,0002,4.0,40,20,0.5,0.5,0.0,,False,,False
31,random,fixed_random__block_31__0002,0002,8.0,40,20,0.5,0.5,0.0,,False,,False
31,random,fixed_random__block_31__0002,0002,16.0,40,20,0.5,0.5,0.0,,False,,False
31,random,fixed_random__block_31__0002,0002,32.0,40,20,0.5,0.5,0.0,,False,,False
31,random,fixed_random__block_31__0002,0002,64.0,40,20,0.5,0.5,0.0,,False,,False
31,random,fixed_random__block_31__0002,0002,128.0,40,20,0.5,0.5,0.0,,False,,False
31,random,fixed_random__block_31__0002,0002,256.0,40,20,0.5,0.5,0.0,,False,,False
31,random,fixed_random__block_31__0002,0002,512.0,40,20,0.5,0.5,0.0,,False,,False
31,random,fixed_random__block_31__0002,0002,1024.0,40,20,0.5,0.5,0.0,,False,,False
31,random,fixed_random__block_31__0002,0002,2048.0,40,20,0.5,0.5,0.0,,False,,False
31,random,fixed_random__block_31__0002,0002,4096.0,40,20,0.5,0.5,0.0,,False,,False
31,random,fixed_random__block_31__0002,0002,8192.0,40,20,0.5,0.5,0.0,,False,,False
